CASE_ID,ACCIDENT_YEAR,PROC_DATE,JURIS,COLLISION_DATE,COLLISION_TIME,OFFICER_ID,REPORTING_DISTRICT,DAY_OF_WEEK,CHP_SHIFT,POPULATION,CNTY_CITY_LOC,SPECIAL_COND,BEAT_TYPE,CHP_BEAT_TYPE,CITY_DIVISION_LAPD,CHP_BEAT_CLASS,BEAT_NUMBER,PRIMARY_RD,SECONDARY_RD,DISTANCE,DIRECTION,INTERSECTION,WEATHER_1,WEATHER_2,STATE_HWY_IND,CALTRANS_COUNTY,CALTRANS_DISTRICT,STATE_ROUTE,ROUTE_SUFFIX,POSTMILE_PREFIX,POSTMILE,LOCATION_TYPE,RAMP_INTERSECTION,SIDE_OF_HWY,TOW_AWAY,COLLISION_SEVERITY,NUMBER_KILLED,NUMBER_INJURED,PARTY_COUNT,PRIMARY_COLL_FACTOR,PCF_CODE_OF_VIOL,PCF_VIOL_CATEGORY,PCF_VIOLATION,PCF_VIOL_SUBSECTION,HIT_AND_RUN,TYPE_OF_COLLISION,MVIW,PED_ACTION,ROAD_SURFACE,ROAD_COND_1,ROAD_COND_2,LIGHTING,CONTROL_DEVICE,CHP_ROAD_TYPE,PEDESTRIAN_ACCIDENT,BICYCLE_ACCIDENT,MOTORCYCLE_ACCIDENT,TRUCK_ACCIDENT,NOT_PRIVATE_PROPERTY,ALCOHOL_INVOLVED,STWD_VEHTYPE_AT_FAULT,CHP_VEHTYPE_AT_FAULT,COUNT_SEVERE_INJ,COUNT_VISIBLE_INJ,COUNT_COMPLAINT_PAIN,COUNT_PED_KILLED,COUNT_PED_INJURED,COUNT_BICYCLIST_KILLED,COUNT_BICYCLIST_INJURED,COUNT_MC_KILLED,COUNT_MC_INJURED,PRIMARY_RAMP,SECONDARY_RAMP,LATITUDE,LONGITUDE,COUNTY,CITY,POINT_X,POINT_Y
6290481,2014,2015-12-30,9160,2014-04-10,1740,17692,,4,2,9,1100,0,1,1,,2,006,"RT 5","RT 32",0.00,N,N,A,-,Y,GLE,3,5,-,R,25.530,H,-,N,Y,1,10,39,3,-,-,"- ",,,N,B,C,A,A,H,-,A,D,1,,,,Y,Y,,-,"- ",8,28,3,0,0,0,0,0,0,"- ","- ",39.756619999999998,-122.20537,GLENN,UNINCORPORATED,-122.20537658000001,39.750639249999999
6291619,2014,2014-11-14,9160,2014-09-20,1504,17692,,6,2,9,1100,0,2,4,,2,016,"COUNTY ROAD 99","COUNTY ROAD 40",585.00,S,N,A,-,N,,,,,,,,,,Y,1,1,0,1,A,-,08,22107,,N,F,A,A,A,H,-,A,D,0,,,,,Y,Y,A,01,0,0,0,0,0,0,0,0,0,"- ","- ",39.57479,-122.19372,GLENN,UNINCORPORATED,-122.19372,39.57479
6335106,2014,2014-06-02,9160,2014-01-09,1335,017577,,4,1,9,1100,0,3,5,,2,007,"COUNTY ROAD WW","COUNTY ROAD 34",797.00,N,N,A,-,N,,,,,,,,,,Y,2,0,2,1,A,-,08,22107,,N,E,I,A,A,H,-,A,D,0,,,,,Y,,D,22,1,1,0,0,0,0,0,0,0,"- ","- ",,,GLENN,UNINCORPORATED,-122.03686909,39.618348660000002
6338344,2014,2016-02-22,9160,2014-01-11,1205,17577,,6,1,9,1100,0,1,3,,1,010,"RT 45","RT 162",1188.00,S,N,B,-,Y,GLE,3,45,-,-,7.300,H,-,N,Y,4,0,1,1,A,-,08,22107,,N,E,I,A,A,H,-,A,D,0,,,,,Y,,E,22,0,0,1,0,0,0,0,0,0,"- ","- ",,,GLENN,UNINCORPORATED,-122.01535036999999,39.518658119999998
6352190,2014,2015-11-14,9160,2014-01-19,1547,14761,,7,2,9,1100,0,1,1,,2,004,"RT 5","COUNTY RD 39",5808.00,S,N,A,-,Y,GLE,3,5,-,R,12.410,H,-,N,Y,3,0,1,1,A,-,08,22107,,N,E,I,A,A,H,-,A,D,1,,,,,Y,,A,07,0,1,0,0,0,0,0,0,0,"- ","- ",39.561399999999999,-122.21348,GLENN,UNINCORPORATED,-122.21363947,39.560960979999997
6363410,2014,2014-06-12,1101,2014-01-26,1508,SJ,ORLAN,7,5,2,1101,0,0,0,,0,CITY,"4TH ST","SUISUN ST",460.00,N,N,A,-,N,,,,,,,,,,Y,2,0,1,1,A,-,03,22350,,N,E,I,A,A,H,-,A,D,0,,,,,Y,,D,22,1,0,0,0,0,0,0,0,0,"- ","- ",,,GLENN,ORLAND,-122.19410972,39.754493199999999
6363418,2014,2014-06-03,1101,2014-01-01,0629,506,ORLAN,3,5,2,1101,0,0,0,,0,ORLAND,"NEWVILLE RD","COUNTY ROAD HH",0.00,,Y,A,-,N,,,,,,,,,,,2,0,1,2,A,-,09,21801,A,N,D,C,A,A,H,-,D,D,0,,,,,Y,,D,22,1,0,0,0,0,0,0,0,0,"- ","- ",,,GLENN,ORLAND,-122.21569061,39.754762239999998
6363825,2014,2015-01-12,1101,2014-01-20,1929,505,ORLAN,1,5,2,1101,0,0,0,,0,CITY,"6TH ST","COLUSA ST",0.00,,Y,-,-,N,,,,,,,,,,N,3,0,1,2,A,-,01,23152,B,M,D,C,A,A,H,-,C,A,0,,,,,Y,Y,A,01,0,1,0,0,0,0,0,0,0,"- ","- ",,,GLENN,ORLAND,-122.19755992,39.746290000000002
6371737,2014,2015-11-14,9160,2014-01-22,0010,013178,,3,3,9,1100,0,1,1,,2,004,"RT 5","COUNTY RD 39",460.00,N,N,A,-,Y,GLE,3,5,-,R,13.920,H,-,S,Y,3,0,1,1,A,-,08,22107,,N,E,J,A,A,H,-,D,D,1,,,,Y,Y,,G,25,0,1,0,0,0,0,0,0,0,"- ","- ",39.583829999999999,-122.21044000000001,GLENN,UNINCORPORATED,-122.21052859,39.582710630000001
6375827,2014,2015-02-09,9160,2014-02-06,1740,17692,,4,2,9,1100,0,2,4,,2,016,"COUNTY ROAD 99W","HAMBRIGHT CREEK",325.00,N,N,B,-,N,,,,,,,,,,Y,2,0,2,2,A,-,01,23152,A,N,A,C,A,A,H,-,D,D,0,,,,,Y,Y,A,01,2,0,0,0,0,0,0,0,0,"- ","- ",39.762039999999999,-122.19694,GLENN,UNINCORPORATED,-122.19694,39.762039999999999
6384642,2014,2015-11-14,9160,2014-02-07,0430,17873,,5,3,9,1100,0,1,1,,2,002,"RT 5","COLUSA CO LINE",3168.00,N,N,B,-,Y,GLE,3,5,-,R,0.600,H,-,S,Y,4,0,1,1,A,-,08,22107,,N,E,I,A,A,H,-,D,D,1,,,,Y,Y,,G,26,0,0,1,0,0,0,0,0,0,"- ","- ",39.393549999999998,-122.19316999999999,GLENN,UNINCORPORATED,-122.19331158,39.394000660000003
6392684,2014,2015-11-14,9160,2014-02-26,0115,13382,,3,3,9,1100,0,1,1,,2,002,"RT 5","COUNTY RD 57",4752.00,N,N,A,-,Y,GLE,3,5,-,R,8.700,H,-,N,Y,4,0,1,3,A,-,08,22107,,N,B,C,E,A,H,-,D,D,1,Y,,,,Y,,E,22,0,0,1,0,1,0,0,0,0,"- ","- ",39.507710000000003,-122.20518,GLENN,UNINCORPORATED,-122.20637244,39.509008270000002
6392688,2014,2014-06-24,9160,2014-02-28,1855,17692,,5,2,9,1100,0,3,5,,2,003,"COUNTY ROAD 200","COUNTY ROAD HH",0.00,,Y,C,-,N,,,,,,,,,,Y,4,0,1,2,A,-,03,22350,,N,C,C,A,B,H,-,D,D,0,,,,,Y,,A,01,0,0,1,0,0,0,0,0,0,"- ","- ",,,GLENN,UNINCORPORATED,-122.20892997,39.752049970000002
6393666,2014,2015-11-14,9160,2014-02-22,1026,107577,,6,1,9,1100,0,1,1,,2,006,"RT 5","COUNTY RD 16",528.00,N,N,A,-,Y,GLE,3,5,-,R,24.920,H,-,S,Y,2,0,1,1,A,-,03,22350,,N,F,A,A,A,H,-,A,D,1,,,Y,,Y,,C,02,1,0,0,0,0,0,0,0,1,TO,"- ",,,GLENN,UNINCORPORATED,-122.20580298,39.741874690000003
6405011,2014,2015-11-14,9160,2014-03-06,0540,017577,,4,3,9,1100,0,1,1,,2,006,"RT 5","COUNTY RD 16",1584.00,S,N,A,-,Y,GLE,3,5,-,R,24.520,H,-,S,Y,4,0,1,2,A,-,03,22350,,N,C,C,A,A,H,-,D,D,1,,,,Y,Y,,A,01,0,0,1,0,0,0,0,0,0,"- ","- ",39.734670000000001,-122.25749999999999,GLENN,UNINCORPORATED,-122.20590023,39.736067069999997
6405023,2014,2016-02-22,9160,2014-03-14,1650,017692,,5,2,9,1100,0,1,3,,1,010,"RT 45","COUNTY ROAD 59",0.00,,Y,A,-,Y,GLE,3,45,-,-,4.720,I,5,S,Y,4,0,1,2,A,-,05,21460,A,N,D,C,A,A,H,-,A,A,0,,,,,Y,,A,01,0,0,1,0,0,0,0,0,0,"- ","- ",,,GLENN,UNINCORPORATED,-122.01941237,39.481027109999999
6405027,2014,2014-06-27,9160,2014-03-11,1300,017250,,2,1,9,1100,0,3,5,,2,003,"COUNTY RD 306","CO RD 315",5808.00,N,N,A,-,N,,,,,,,,,,Y,3,0,1,1,A,-,01,23152,A,N,E,I,A,A,H,-,A,D,0,,,,,Y,Y,D,22,0,1,0,0,0,0,0,0,0,"- ","- ",39.77178,-122.52222999999999,GLENN,UNINCORPORATED,-122.5495365,39.729535749999997
6413838,2014,2015-11-14,9160,2014-02-23,1452,014761,,7,2,9,1100,0,1,1,,2,002,"RT 5","COUNTY RD 60",8976.00,S,N,A,-,Y,GLE,3,5,-,R,3.830,H,-,S,Y,3,0,1,1,A,-,08,22107,,N,F,A,A,A,H,-,A,D,1,,,,,Y,,A,01,0,1,0,0,0,0,0,0,0,"- ","- ",39.439830000000001,-122.19354,GLENN,UNINCORPORATED,-122.19357853,39.440547500000001
6435221,2014,2014-07-07,1101,2014-03-30,2135,505,ORLAN,7,5,2,1101,0,0,0,,0,CITY,"CO RD 200","RT 5",473.00,W,N,A,-,N,,,,,,,,,,Y,4,0,1,2,A,-,01,23153,B,N,C,C,A,A,H,-,C,D,0,,,,,Y,Y,A,01,0,0,1,0,0,0,0,0,0,"- ","- ",,,GLENN,ORLAND,-122.20717191999999,39.751330899999999
6435799,2014,2016-02-22,9160,2014-03-18,0800,017250,,2,1,9,1100,0,1,3,,2,014,"RT 162","COUNTY ROAD 302",6336.00,W,N,A,-,Y,GLE,3,162,-,-,55.560,H,-,E,Y,3,0,1,1,A,-,08,22107,,N,F,A,A,A,H,-,A,D,0,,,,,Y,,A,01,0,1,0,0,0,0,0,0,0,"- ","- ",39.570219999999999,-122.37589,GLENN,UNINCORPORATED,-122.37202238,39.567858819999998
6466562,2014,2014-07-07,9160,2014-03-27,1615,018540,,4,2,9,1100,0,3,5,,2,007,"COUNTY ROAD 69","COUNTY ROAD Y",1056.00,W,N,A,-,N,,,,,,,,,,Y,4,0,1,1,A,-,08,22107,,N,F,A,A,A,H,-,A,D,0,,,,,Y,,D,22,0,0,1,0,0,0,0,0,0,"- ","- ",39.401969999999999,-121.96993000000001,GLENN,UNINCORPORATED,-121.97033795,39.401966969999997
6466570,2014,2016-03-24,9160,2014-04-03,0350,18128,,4,3,9,1100,0,1,1,,2,002,"RT 5","COUNTY RD 68",2112.00,S,N,A,-,Y,GLE,3,5,-,R,1.120,H,-,N,Y,4,0,1,2,A,-,03,22350,,N,C,C,A,A,H,-,C,D,1,,,,,Y,,A,01,0,0,1,0,0,0,0,0,0,"- ","- ",39.402259999999998,-122.19466,GLENN,UNINCORPORATED,-122.19458028,39.401436519999997
6466574,2014,2016-03-26,9160,2014-04-06,1830,014761,,7,2,9,1100,0,1,3,,1,008,"RT 32","SACRAMENTO AV",140.00,W,N,A,-,Y,GLE,3,32,-,-,10.150,H,-,W,Y,4,0,3,2,A,-,09,21804,A,N,D,C,A,A,H,-,A,D,0,,,,,Y,,D,22,0,0,3,0,0,0,0,0,0,"- ","- ",39.747480000000003,-122.00912,GLENN,UNINCORPORATED,-122.00977136,39.74726192
6472737,2014,2015-02-19,1101,2014-03-13,1720,GC,ORLAN,4,5,2,1101,0,0,0,,0,ORLAND,"EAST MILL ST","PAPST AV",318.00,W,-,A,-,N,,,,,,,,,,N,3,0,1,2,A,-,09,21804,A,N,D,G,A,A,H,-,A,D,0,,Y,,,Y,,L,04,0,1,0,0,0,0,1,0,0,"- ","- ",,,GLENN,ORLAND,-122.17932119,39.745458460000002
6473104,2014,2014-07-18,9160,2014-04-25,0930,017540,,5,1,9,1100,0,2,4,,2,016,"COUNTY ROAD 99W","COUNTY ROAD 25",0.00,,Y,B,-,N,,,,,,,,,,Y,4,0,1,2,A,-,09,21801,A,N,D,C,A,A,H,-,A,D,0,,,,,Y,,D,22,0,0,1,0,0,0,0,0,0,"- ","- ",39.696849999999998,-122.19627,GLENN,UNINCORPORATED,-122.19643996000001,39.696909980000001
6475261,2014,2014-07-07,1101,2014-03-23,1707,505,ORLAN,7,5,2,1101,0,0,0,,0,CITY,"BRYANT ST","JAMES DR",290.00,W,N,A,-,N,,,,,,,,,,N,2,0,1,2,A,-,05,21650,1,N,A,G,A,A,-,-,A,D,0,,Y,Y,,Y,Y,L,04,1,0,0,0,0,0,1,0,0,"- ","- ",,,GLENN,ORLAND,-122.17668166999999,39.750917880000003
6475315,2014,2016-03-26,1101,2014-04-23,1608,SJ,ORLAN,3,5,2,1101,0,0,0,,0,CITY,"EAST WALKER ST","EAST ST",30.00,E,N,A,-,Y,GLE,3,32,-,-,0.560,H,-,W,N,4,0,1,2,A,-,03,22350,,N,C,C,A,A,H,-,A,A,0,,,,,Y,,A,01,0,0,1,0,0,0,0,0,0,"- ","- ",,,GLENN,ORLAND,-122.18703617,39.747396729999998
6475319,2014,2016-06-30,1101,2014-04-20,2021,BS,,7,5,2,1101,0,0,0,,0,,"RT 32","TEHAMA ST",0.00,,Y,A,-,Y,GLE,3,32,-,R,0.210,I,5,W,N,2,0,2,2,A,-,08,22107,,N,A,C,A,A,H,-,B,D,0,,,Y,,Y,,D,22,1,1,0,0,0,0,0,0,2,"- ","- ",,,GLENN,ORLAND,-122.20215847,39.749393830000002
6475736,2014,2014-07-14,9160,2014-04-16,0840,016355,,3,1,9,1100,0,3,5,,2,005,"6TH AV","CAPAY AV",220.00,N,N,A,-,N,,,,,,,,,,Y,4,0,1,1,A,-,08,22107,,N,E,I,A,A,H,-,A,D,0,,,,,Y,,A,01,0,0,1,0,0,0,0,0,0,"- ","- ",39.229129999999998,-122.34326,GLENN,UNINCORPORATED,-122.01730911,39.745055950000001
6484851,2014,2016-03-26,1101,2014-05-23,1421,505,ORLAN,5,5,2,1101,0,0,0,,0,CITY,"EAST WALKER ST","PAPST AV",132.00,E,N,A,-,Y,GLE,3,32,-,-,1.000,H,-,E,N,4,0,2,2,A,-,03,22350,,N,C,C,A,A,H,-,A,A,0,,,,,Y,,D,22,0,0,2,0,0,0,0,0,0,"- ","- ",,,GLENN,ORLAND,-122.17880743000001,39.747259120000002
6484855,2014,2014-07-25,1101,2014-05-24,1542,505,ORLAN,6,5,2,1101,0,0,0,,0,CITY,"6TH ST","TEHAMA ST",0.00,,Y,A,-,N,,,,,,,,,,Y,3,0,2,2,A,-,01,23152,B,F,D,C,A,A,H,-,A,A,0,,,,,Y,Y,A,01,0,2,0,0,0,0,0,0,0,"- ","- ",,,GLENN,ORLAND,-122.19741993,39.749579939999997
6488828,2014,2014-07-30,9160,2014-05-03,0615,17577,,6,1,9,1100,0,3,5,,2,005,"COUNTY RD 24","COUNTY RD P",0.00,E,N,A,-,N,,,,,,,,,,Y,3,0,1,1,A,-,08,22107,,N,E,I,A,A,H,-,A,D,0,,,,,Y,,A,01,0,1,0,0,0,0,0,0,0,"- ","- ",,,GLENN,UNINCORPORATED,-122.13243996999999,39.71060997
6491459,2014,2014-07-28,9160,2014-05-05,0035,15118,,1,3,9,1100,0,2,4,,2,016,"CO RD 99W","CO RD 31",726.00,N,N,A,-,N,,,,,,,,,,Y,3,0,1,1,A,-,08,22107,,N,F,A,A,A,H,-,D,D,0,,,,,Y,,A,07,0,1,0,0,0,0,0,0,0,"- ","- ",39.639629999999997,-122.19722,GLENN,UNINCORPORATED,-122.19723509000001,39.64080371
6497107,2014,2014-08-01,1101,2014-05-25,0954,503,ORLAN,7,5,2,1101,0,0,0,,0,CITY,"SOUTH ST","RAILROAD AV",0.00,,Y,A,-,N,,,,,,,,,,Y,3,0,2,2,A,-,09,21802,A,N,D,C,A,A,H,-,A,A,0,,,,,Y,,A,01,0,1,1,0,0,0,0,0,0,"- ","- ",,,GLENN,ORLAND,-122.19516993000001,39.740209999999998
6498329,2014,2014-08-08,9160,2014-06-01,1450,018174,,7,2,9,1100,0,3,5,,2,007,"CO RD 39","CO RD VV",528.00,E,N,A,-,N,,,,,,,,,,Y,2,0,3,1,A,-,08,22107,,N,E,I,A,A,H,-,A,D,0,,,,,Y,,D,22,1,2,0,0,0,0,0,0,0,"- ","- ",39.582520000000002,-122.05325999999999,GLENN,UNINCORPORATED,-122.05387831,39.58252289
6505987,2014,2014-07-25,9160,2014-05-29,1440,17692,,4,2,9,1100,0,3,5,,2,005,"4TH AV","CAPAY AV",140.00,N,N,A,-,N,,,,,,,,,,Y,4,0,1,1,A,-,08,22107,,N,E,I,A,A,H,-,A,D,0,,,,,Y,,A,01,0,0,1,0,0,0,0,0,0,"- ","- ",39.782870000000003,-122.08528,GLENN,UNINCORPORATED,-122.08532734000001,39.782864449999998
6508827,2014,2016-03-24,9160,2014-05-26,1115,018294,,1,1,9,1100,0,1,1,,2,004,"RT 5","COUNTY RD 33",1584.00,S,N,A,-,Y,GLE,3,5,-,R,16.350,H,-,S,Y,3,0,2,1,A,-,08,22107,,N,F,A,A,A,H,-,A,D,1,,,,,Y,,A,07,0,2,0,0,0,0,0,0,0,"- ","- ",39.619250000000001,-122.20627,GLENN,UNINCORPORATED,-122.20643566,39.617767430000001
6508831,2014,2016-03-28,9160,2014-05-25,0645,013178,,7,1,9,1100,0,1,3,,2,012,"RT 162","COUNTY ROAD ZZ",4224.00,E,N,A,-,Y,GLE,3,162,-,-,83.910,H,-,W,Y,3,0,1,1,A,-,08,22107,,N,E,I,A,A,H,-,A,D,0,,,,,Y,,A,01,0,1,0,0,0,0,0,0,0,"- ","- ",39.27843,-122.52943999999999,GLENN,UNINCORPORATED,-121.88293674000001,39.464035590000002
6508835,2014,2016-03-24,9160,2014-05-07,1828,017692,,3,2,9,1100,0,1,1,,2,006,"RT 5","RT 32",2534.00,N,N,A,-,Y,GLE,3,5,-,R,26.030,H,-,S,Y,3,0,1,1,A,-,01,23152,A,N,F,A,A,A,H,-,A,D,1,,,,,Y,Y,A,07,0,1,0,0,0,0,0,0,0,"- ","- ",,,GLENN,UNINCORPORATED,-122.20552536,39.758014459999998
6515770,2014,2014-08-08,9160,2014-06-10,0330,017873,,2,3,9,1100,0,3,5,,2,007,"CO RD 69","COUNTY ROAD Y",0.00,,Y,A,-,N,,,,,,,,,,Y,4,0,1,1,A,-,08,22107,,N,E,I,A,A,H,-,C,D,0,,,,,Y,,A,01,0,0,1,0,0,0,0,0,0,"- ","- ",39.401960000000003,-121.9663,GLENN,UNINCORPORATED,-121.96659989,39.401959959999999
6515940,2014,2016-03-24,9160,2014-06-30,1720,18128,,1,2,9,1100,0,1,1,,2,006,"RT 5","COUNTY RD 7",1056.00,N,N,A,-,Y,GLE,3,5,-,R,27.930,H,-,N,N,3,0,1,1,A,-,08,22107,,N,E,I,A,A,H,-,A,D,1,,,,,Y,,A,01,0,1,0,0,0,0,0,0,0,"- ","- ",39.787010000000002,-122.20395000000001,GLENN,UNINCORPORATED,-122.20416568,39.785467099999998
6518444,2014,2016-03-28,9160,2014-06-02,0520,015118,,1,3,9,1100,0,1,3,,2,014,"RT 162","CO RD 303",455.00,W,N,A,-,Y,GLE,3,162,-,-,50.920,H,-,W,Y,3,0,1,1,A,-,08,22107,,N,E,I,A,A,H,-,B,D,0,,,,,Y,,A,08,0,1,0,0,0,0,0,0,0,"- ","- ",39.588009999999997,-122.44923,GLENN,UNINCORPORATED,-122.44856118,39.587637370000003
6545602,2014,2014-08-19,9160,2014-06-19,1520,18895,,4,2,9,1100,0,3,5,,2,007,"BUTTE ST","GREEN ST",0.00,,Y,A,-,N,,,,,,,,,,Y,3,0,1,2,A,-,09,21802,A,N,D,C,A,A,H,-,A,A,0,,,,,Y,,A,01,0,1,0,0,0,0,0,0,0,"- ","- ",39.528759999999998,-122.19551,GLENN,UNINCORPORATED,-122.19544987,39.529029970000003
6545618,2014,2016-03-28,9160,2014-06-23,0025,18174,,1,3,9,1100,0,1,3,,2,014,"RT 162","COUNTY ROAD B",5280.00,W,N,A,-,Y,GLE,3,162,-,-,60.670,H,-,W,Y,3,0,1,1,A,-,01,23152,A,N,E,J,A,A,H,-,D,D,0,,,,,Y,Y,A,01,0,1,0,0,0,0,0,0,0,"- ","- ",39.524940000000001,-122.30685,GLENN,UNINCORPORATED,-122.30548002,39.524299190000001
6545622,2014,2016-03-28,9160,2014-06-13,1245,17540,,5,1,9,1100,0,1,3,,2,012,"RT 162","COUNTY ROAD P",0.00,,Y,A,-,Y,GLE,3,162,-,-,69.692,I,5,E,Y,4,0,1,2,A,-,03,22350,,N,D,C,A,A,H,-,A,D,0,,,,,Y,,A,01,0,0,1,0,0,0,0,0,0,"- ","- ",39.524320000000003,-122.13691,GLENN,UNINCORPORATED,-122.1366865,39.524110909999997
6547291,2014,2016-03-24,9160,2014-06-16,1430,14761,,1,2,9,1100,0,1,1,,2,006,"RT 5","COUNTY RD 33",1584.00,N,N,A,-,Y,GLE,3,5,-,R,17.100,H,-,S,Y,4,0,1,2,A,-,04,21703,,N,C,C,A,A,H,-,A,D,1,,,,Y,Y,,A,07,0,0,1,0,0,0,0,0,0,"- ","- ",39.630429999999997,-122.2045,GLENN,UNINCORPORATED,-122.20465754999999,39.628585989999998
6550417,2014,2014-08-25,9160,2014-07-03,0800,017577,,4,1,9,1100,0,3,5,,2,007,"COUNTY ROAD 51","COUNTY ROAD KK",397.00,W,N,A,-,N,,,,,,,,,,Y,4,0,1,1,A,-,08,22107,,N,E,I,A,A,H,-,A,D,0,,,,,Y,,A,07,0,0,1,0,0,0,0,0,0,"- ","- ",,,GLENN,UNINCORPORATED,-122.18777762000001,39.516864550000001
6558016,2014,2016-05-05,9160,2014-07-07,1215,14761,,1,1,9,1100,0,1,1,,2,002,"RT 5","COUNTY RD 60",579.00,S,N,A,-,Y,GLE,3,5,-,R,5.370,H,-,N,Y,3,0,2,1,A,-,08,22107,,N,F,A,A,A,H,-,A,D,1,,,,,Y,,D,22,0,2,0,0,0,0,0,0,0,"- ","- ",39.463610000000003,-122.19557,GLENN,UNINCORPORATED,-122.19528261000001,39.462660679999999
6558667,2014,2016-05-05,9160,2014-07-04,1400,018174,,5,2,9,1100,0,1,1,,2,004,"RT 5","COUNTY RD 48",1584.00,N,N,A,-,Y,GLE,3,5,-,R,11.080,H,-,S,Y,2,0,2,1,A,-,08,22107,,N,F,A,A,A,H,-,A,D,1,,,Y,,Y,,C,02,1,1,0,0,0,0,0,0,2,"- ","- ",,,GLENN,UNINCORPORATED,-122.2149424,39.541747260000001
6569699,2014,2016-05-05,9160,2014-07-14,1634,014761,,1,2,9,1100,0,1,1,,2,006,"RT 5","COUNTY RD 20",905.00,S,N,A,-,Y,GLE,3,5,-,R,23.630,H,-,N,Y,3,0,1,1,A,-,08,22107,,N,F,A,A,A,H,-,A,D,1,,,,Y,Y,,G,26,0,1,0,0,0,0,0,0,0,"- ","- ",39.725169999999999,-122.2058,GLENN,UNINCORPORATED,-122.20581540000001,39.723161189999999
6569707,2014,2014-08-27,9160,2014-07-16,1650,018540,,3,2,9,1100,0,3,5,,2,005,"COUNTY ROAD 203","COUNTY ROAD 9",2640.00,S,N,A,-,N,,,,,,,,,,Y,2,0,1,1,A,-,08,22107,,N,E,I,A,A,H,-,A,A,0,,,,,Y,,D,22,1,0,0,0,0,0,0,0,0,"- ","- ",,,GLENN,UNINCORPORATED,-122.02684188000001,39.759907920000003
6575350,2014,2014-08-19,9160,2014-07-27,1245,018128,,7,1,9,1100,0,2,4,,2,016,"COUNTY ROAD 99W","COUNTY ROAD 42",200.00,S,N,B,-,N,,,,,,,,,,N,3,0,1,3,A,-,05,21460,A,N,B,C,A,A,H,-,A,D,0,,,,,Y,,D,22,0,1,0,0,0,0,0,0,0,"- ","- ",39.572670000000002,-122.19374999999999,GLENN,UNINCORPORATED,-122.19374619,39.572740760000002
6580816,2014,2015-04-16,9160,2014-07-17,1355,017692,,4,1,9,1100,0,3,5,,2,005,"COUNTY RD 99W","COUNTY ROAD 7",0.00,,Y,A,-,N,,,,,,,,,,Y,3,0,1,1,A,-,08,22107,,M,E,I,A,A,H,-,A,D,0,,,,,Y,,A,07,0,1,0,0,0,0,0,0,0,"- ","- ",39.784260000000003,-122.19883,GLENN,UNINCORPORATED,-122.1976499,39.783659989999997
6581099,2014,2016-05-05,9160,2014-07-27,2110,15118,,7,2,9,1100,0,1,1,,2,004,"RT 5","CO RD 39",7392.00,N,N,A,-,Y,GLE,3,5,-,R,15.290,H,-,S,Y,4,0,1,1,A,-,08,22107,,N,F,A,A,A,H,-,D,D,1,,,,,Y,,A,07,0,0,1,0,0,0,0,0,0,"- ","- ",39.603900000000003,-122.20878,GLENN,UNINCORPORATED,-122.20879521000001,39.602525069999999
6581104,2014,2016-05-05,9160,2014-07-24,1325,18540,,4,1,9,1100,0,1,1,,2,006,"RT 5","RT 32",528.00,S,N,A,-,Y,GLE,3,5,-,R,25.430,H,-,N,Y,4,0,2,1,A,-,08,22107,,N,E,I,A,-,A,H,A,D,1,,,,,Y,,A,07,0,0,2,0,0,0,0,0,0,"- ","- ",39.747929999999997,-122.20519,GLENN,UNINCORPORATED,-122.20539832999999,39.749211940000002
6582365,2014,2016-04-25,1101,2014-07-24,1447,TR,GCSC,4,5,2,1101,0,0,0,,0,OPD,"EAST WALKER ST","CO RD M",380.00,E,N,A,-,Y,GLE,3,32,-,-,1.370,H,-,W,Y,3,0,2,2,A,-,09,21804,A,N,F,C,A,A,H,-,A,D,0,,,,,Y,,A,08,0,1,1,0,0,0,0,0,0,"- ","- ",,,GLENN,ORLAND,-122.17174496,39.747254560000002
6590753,2014,2016-05-05,9160,2014-08-01,1630,018174,,5,2,9,1100,0,1,1,,2,002,"RT 5","COUNTY RD 68",1056.00,N,N,A,-,Y,GLE,3,5,-,R,1.720,H,-,S,Y,3,0,1,2,A,-,03,22350,,N,C,C,A,A,H,-,A,D,1,,,,Y,Y,,A,01,0,1,0,0,0,0,0,0,0,"- ","- ",39.410870000000003,-122.19546,GLENN,UNINCORPORATED,-122.19558286,39.410049549999997
6590757,2014,2016-05-05,9160,2014-08-07,1732,018174,,4,2,9,1100,0,1,1,,2,002,"RT 5","COUNTY RD 57",2640.00,S,N,A,-,Y,GLE,3,5,-,R,7.170,H,-,S,Y,2,0,2,2,A,-,07,21658,A,F,B,C,A,A,H,-,A,D,1,,,,Y,Y,,G,25,1,1,0,0,0,0,0,0,0,"- ","- ",39.487560000000002,-122.19601,GLENN,UNINCORPORATED,-122.19610991,39.488775619999998
6590761,2014,2016-05-04,9160,2014-08-02,1822,018174,,6,2,2,1101,0,1,1,,2,006,"RT 5","RT 32",272.00,N,N,A,-,Y,GLE,3,5,-,R,25.636,R,2,N,Y,3,0,1,1,A,-,08,22107,,N,E,J,A,A,H,-,A,A,1,,,,,Y,,D,22,0,1,0,0,0,0,0,0,0,FR,"- ",39.75197,-122.20514,GLENN,ORLAND,-122.20534966,39.752192379999997
6601494,2014,2014-09-19,1101,2014-08-16,1150,TR,ORLAN,6,5,2,1101,0,0,0,,0,OPD,"6TH ST","ALMOND ST",0.00,,Y,A,-,N,,,,,,,,,,N,4,0,1,2,A,-,01,21200,5,N,G,G,A,A,H,-,A,D,0,,Y,,,Y,Y,L,04,0,0,1,0,0,0,1,0,0,"- ","- ",,,GLENN,ORLAND,-122.19698993,39.75471993
6603747,2014,2014-09-09,9160,2014-08-10,1700,018294,,7,2,9,1100,0,3,5,,2,005,"2ND ST","BROADWAY AV",0.00,,Y,A,-,N,,,,,,,,,,N,2,0,1,1,A,-,03,22350,,N,F,A,A,A,H,-,A,A,0,,,Y,,Y,,C,02,1,0,0,0,0,0,0,0,1,"- ","- ",,,GLENN,UNINCORPORATED,-122.01255994,39.739729949999997
6606193,2014,2014-10-02,9160,2014-06-28,1520,17540,,6,2,9,1100,0,1,1,,2,004,"RT 5","COUNTY ROAD 57",6336.00,N,N,A,-,Y,GLE,3,5,-,R,8.700,H,-,N,Y,1,1,3,1,A,-,08,22107,,N,F,A,A,A,H,-,A,D,1,,,,,Y,,A,07,0,3,0,0,0,0,0,0,0,"- ","- ",39.507469999999998,-122.20495,GLENN,UNINCORPORATED,-122.20637244,39.509008270000002
6629853,2014,2016-01-15,9160,2014-08-30,0300,019041,,6,3,9,1100,0,3,5,,2,007,"COUNTY RD P","RT 162",380.00,S,N,A,-,N,,,,,,,,,,Y,4,0,1,1,A,-,01,23152,A,N,E,I,A,A,H,-,D,A,0,,,,,Y,Y,A,01,0,0,1,0,0,0,0,0,0,"- ","- ",39.524099999999997,-122.13681,GLENN,UNINCORPORATED,-122.13682553,39.523056439999998
6632808,2014,2016-05-07,9160,2014-09-07,0659,013178,,7,1,9,1100,0,1,3,,2,012,"RT 162","COUNTY RD W W",1444.00,W,N,A,-,Y,GLE,3,162,-,-,74.760,H,-,W,Y,2,0,1,1,A,-,08,22107,,N,E,I,A,A,H,-,A,D,0,,,,,Y,,A,01,1,0,0,0,0,0,0,0,0,"- ","- ",39.521050000000002,-122.04907,GLENN,UNINCORPORATED,-122.04331993,39.521837120000001
6638934,2014,2016-04-25,9160,2014-09-12,1620,018174,,5,2,9,1100,0,1,3,,1,008,"RT 32","RT 45",2112.00,W,N,A,-,Y,GLE,3,32,-,-,9.230,H,-,E,Y,4,0,1,2,A,-,03,22350,,N,C,C,A,A,H,-,A,D,0,,,,,Y,,D,22,0,0,1,0,0,0,0,0,0,"- ","- ",39.744610000000002,-122.02229,GLENN,UNINCORPORATED,-122.02640291,39.744708860000003
6638938,2014,2014-11-13,9160,2014-09-17,1149,013178,,3,1,9,1100,0,3,5,,2,003,"COUNTY RD 200","COUNTY RD G",297.00,E,N,A,-,N,,,,,,,,,,Y,2,0,1,1,C,-,18,,,N,E,I,A,A,H,-,A,D,0,,,,,Y,,-,"- ",1,0,0,0,0,0,0,0,0,"- ","- ",39.756500000000003,-122.21962000000001,GLENN,UNINCORPORATED,-122.21939281,39.756348750000001
6645933,2014,2016-01-15,9160,2014-09-26,0610,017540,,5,1,9,1100,0,3,5,,2,005,"COUNTY ROAD 32","RT 45",1241.00,E,N,B,-,N,,,,,,,,,,Y,4,0,1,1,A,-,05,21650,,N,E,I,A,A,H,-,C,D,0,,,,,Y,,A,01,0,0,1,0,0,0,0,0,0,"- ","- ",39.630540000000003,-122.00299,GLENN,UNINCORPORATED,-122.00246303,39.630560000000003
6645937,2014,2015-12-21,9160,2014-09-20,2300,019041,,6,3,9,1100,0,3,5,,2,007,"COUNTY ROAD 39","RT 99",5280.00,E,N,A,-,N,,,,,,,,,,Y,3,0,1,1,A,-,08,22107,,N,E,I,A,A,H,-,D,D,0,,,,,Y,,A,01,0,1,0,0,0,0,0,0,0,"- ","- ",39.582299999999996,-122.17522,GLENN,UNINCORPORATED,-122.17522,39.582299999999996
6659938,2014,2016-05-05,9160,2014-09-29,0330,017873,,1,3,9,1100,0,1,1,,2,006,"RT 5","COUNTY RD 7",1584.00,S,N,A,-,Y,GLE,3,5,-,R,27.510,H,-,N,Y,3,0,1,1,A,-,01,23152,A,N,F,A,A,A,H,-,D,D,1,,,,,Y,Y,E,22,0,1,0,0,0,0,0,0,0,"- ","- ",39.778959999999998,-122.2045,GLENN,UNINCORPORATED,-122.20443578,39.779405250000003
6659946,2014,2014-11-07,9160,2014-09-29,1835,016473,,1,2,9,1100,0,3,5,,2,007,"COUNTY ROAD 39","COUNTY ROAD VV",10.00,W,N,A,-,N,,,,,,,,,,Y,4,0,2,2,A,-,05,21752,D,N,D,C,A,A,H,-,A,A,0,,,,,Y,,E,22,0,0,2,0,0,0,0,0,0,"- ","- ",39.58267,-122.05568,GLENN,UNINCORPORATED,-122.05578549000001,39.582569999999997
6666085,2014,2014-12-19,9160,2014-10-18,1217,017540,,6,1,9,1100,0,3,5,,2,005,"COUNTY RD P","COUNTY RD 200",0.00,,Y,A,-,N,,,,,,,,,,Y,4,0,3,2,A,-,09,21802,A,N,D,C,A,A,H,-,A,A,0,,,,,Y,,A,01,0,0,3,0,0,0,0,0,0,"- ","- ",39.724980000000002,-122.14100000000001,GLENN,UNINCORPORATED,-122.24772986000001,39.766789930000002
6666093,2014,2016-07-05,9160,2014-10-12,0915,017250,,7,1,9,1100,0,1,3,,1,010,"RT 45","COUNTY RD 29",1760.00,S,N,A,F,Y,GLE,3,45,-,-,16.840,H,-,S,Y,4,0,1,1,A,-,08,22107,,N,E,I,A,A,H,-,A,D,0,,,,,Y,,A,01,0,0,1,0,0,0,0,0,0,"- ","- ",39.655320000000003,-122.00782,GLENN,UNINCORPORATED,-122.00801443,39.65456022
6668094,2014,2016-06-23,9160,2014-10-03,1530,018704,,5,2,9,1100,0,1,1,,2,002,"RT 5","COUNTY ROAD 68",1584.00,S,N,A,-,Y,GLE,3,5,-,R,0.770,H,-,N,Y,3,0,2,2,A,-,01,23152,A,N,C,C,A,A,H,-,A,D,1,,,,Y,Y,Y,D,22,0,1,1,0,0,0,0,0,0,"- ","- ",39.401249999999997,-122.19441999999999,GLENN,UNINCORPORATED,-122.19340266,39.396443689999998
6668338,2014,2014-12-12,9160,2014-10-11,0955,017540,,6,1,9,1100,0,3,5,,2,005,"COUNTY RD P","COUNTY RD 200",0.00,,Y,A,-,N,,,,,,,,,,Y,4,0,4,2,A,-,09,21802,A,N,D,C,A,A,H,-,A,A,0,,,,,Y,,A,01,0,0,4,0,0,0,0,0,0,"- ","- ",39.725200000000001,-122.14098,GLENN,UNINCORPORATED,-122.24772986000001,39.766789930000002
6668339,2014,2016-07-05,9160,2014-10-07,0910,017250,,2,1,9,1100,0,1,3,,1,010,"RT 45","COUNTY RD 54",706.00,S,N,A,-,Y,GLE,3,45,-,-,6.160,H,-,N,Y,3,0,1,1,C,-,18,,,N,H,H,A,A,H,-,A,D,0,,,,,Y,,-,"- ",0,1,0,0,0,0,0,0,0,"- ","- ",39.50206,-122.01873000000001,GLENN,UNINCORPORATED,-122.01888372000001,39.50198176
6681923,2014,2016-07-05,9160,2014-10-20,1605,018174,,1,2,9,1100,0,1,3,,1,008,"RT 32","COUNTY RD Q",1215.00,E,N,B,-,Y,GLE,3,32,-,-,3.930,H,-,E,Y,2,0,3,3,A,-,03,22350,,N,C,C,A,A,H,-,A,D,0,,,,,Y,,D,22,1,2,0,0,0,0,0,0,0,"- ","- ",39.746749999999999,-122.12304,GLENN,UNINCORPORATED,-122.12768450999999,39.746842119999997
6681935,2014,2016-07-05,9160,2014-10-17,1435,018704,,5,2,9,1100,0,1,3,,2,012,"RT 162","RT 45",4752.00,E,N,B,-,Y,GLE,3,162,-,-,77.180,H,-,W,Y,3,0,2,2,A,-,06,21750,,F,C,C,A,A,H,-,A,D,0,,,,,Y,,D,22,0,1,1,0,0,0,0,0,0,"- ","- ",39.457000000000001,-121.99961999999999,GLENN,UNINCORPORATED,-122.00111217,39.456920369999999
6689754,2014,2014-11-19,9160,2014-10-24,1645,017540,,5,2,9,1100,0,2,4,,2,016,"COUNTY ROAD 99W","COUNTY ROAD 20",0.00,,Y,A,-,N,,,,,,,,,,Y,4,0,3,2,A,-,12,22450,A,N,D,C,A,A,H,-,A,A,0,,,,,Y,,D,22,0,0,3,0,0,0,0,0,0,"- ","- ",39.72607,-122.19683000000001,GLENN,UNINCORPORATED,-122.19691988,39.725709889999997
6689858,2014,2014-11-13,1101,2014-09-24,0743,505,ORLAN,3,5,2,1101,0,0,0,,0,OPD,"8TH ST","COLUSA ST",216.00,N,N,A,-,N,,,,,,,,,,N,3,0,1,3,A,-,21,22106,,N,D,C,E,A,H,-,A,D,0,Y,,,,Y,,A,01,0,1,0,0,1,0,0,0,0,"- ","- ",,,GLENN,ORLAND,-122.1994856,39.746933149999997
6691827,2014,2014-11-20,1101,2014-08-21,1857,TR,ORLAN,4,5,2,1101,0,0,0,,0,0NA,"6TH ST","WALKER ST",0.00,,Y,A,-,N,,,,,,,,,,N,3,0,1,2,A,-,06,21750,,N,D,G,A,A,H,-,A,A,0,,Y,,,Y,,A,01,0,1,0,0,0,0,1,0,0,"- ","- ",,,GLENN,ORLAND,-122.19755996000001,39.74740989
6695752,2014,2016-06-23,9160,2014-10-29,0910,016473,,3,1,9,1100,0,1,1,,2,004,"RT 5","COUNTY RD 39",4981.00,S,N,A,-,Y,GLE,3,5,-,R,12.960,H,-,N,Y,3,0,1,1,A,-,08,22107,,N,F,A,A,A,H,-,A,D,1,,,,,Y,,A,07,0,1,0,0,0,0,0,0,0,"- ","- ",39.570929999999997,-122.21195,GLENN,UNINCORPORATED,-122.21236063000001,39.568896520000003
6695753,2014,2015-01-06,9160,2014-10-31,0757,017540,,5,1,9,1100,0,3,5,,2,003,"COUNTY RD D","COUNTY RD 33",5808.00,N,N,B,-,N,,,,,,,,,,Y,4,0,1,1,A,-,08,22107,,N,E,I,A,A,H,-,A,D,0,,,,,Y,,A,01,0,0,1,0,0,0,0,0,0,"- ","- ",39.042990000000003,-122.25391999999999,GLENN,UNINCORPORATED,-122.25336957,39.64071929
6702006,2014,2014-11-25,9160,2014-10-23,1815,019055,,4,2,9,1100,0,3,5,,2,003,"COUNTY ROAD 200A","COUNTY ROAD 206",7920.00,S,N,B,-,N,,,,,,,,,,Y,4,0,1,1,A,-,03,22350,,N,F,A,A,B,H,-,B,D,0,,,,,Y,,D,22,0,0,1,0,0,0,0,0,0,"- ","- ",39.820860000000003,-122.35811,GLENN,UNINCORPORATED,-122.36273475,39.750821979999998
6702014,2014,2014-12-09,9160,2014-10-26,1440,18174,,7,2,9,1100,0,3,5,,2,003,"COUNTY RD HH","COUNTY RD 14",0.00,,Y,A,-,N,,,,,,,,,,N,4,0,1,1,A,-,03,22350,,M,E,I,A,A,H,-,A,A,0,,,,,Y,,D,22,0,0,1,0,0,0,0,0,0,"- ","- ",39.747579999999999,-122.20902,GLENN,UNINCORPORATED,-122.20893986,39.747409990000001
6702292,2014,2016-07-05,9160,2014-11-04,1650,16473,,2,2,9,1100,0,1,3,,1,008,"RT 32","CAPAY AV",1.00,E,N,A,-,Y,GLE,3,32,-,-,9.700,I,5,E,N,4,0,1,2,A,-,03,22350,,N,C,C,A,A,H,-,B,A,0,,,,,Y,,A,01,0,0,1,0,0,0,0,0,0,"- ","- ",39.74492,-122.01797000000001,GLENN,UNINCORPORATED,-122.01775212,39.744941949999998
6715175,2014,2016-07-05,9160,2014-11-07,1140,18704,,5,1,9,1100,0,1,3,,2,014,"RT 162","COUNTY RD D",0.00,,Y,A,-,Y,GLE,3,162,-,-,63.678,I,5,E,Y,3,0,2,2,A,-,09,21802,A,N,D,C,A,A,H,-,A,A,0,,,,,Y,,A,01,0,1,1,0,0,0,0,0,0,"- ","- ",39.524180000000001,-122.24891,GLENN,UNINCORPORATED,-122.24925813999999,39.524157010000003
6715179,2014,2015-01-12,9160,2014-11-13,0420,15118,,4,3,9,1100,0,3,5,,2,005,"CO RD 20","CO RD L",180.00,W,N,B,-,N,,,,,,,,,,Y,4,0,1,1,A,-,08,22107,,N,E,I,A,B,H,-,D,D,0,,,,,Y,,A,01,0,0,1,0,0,0,0,0,0,"- ","- ",39.725490000000001,-122.18351,GLENN,UNINCORPORATED,-122.18362006,39.725618220000001
6718387,2015,2017-04-04,9160,2015-01-05,0845,17912,,1,1,9,1100,0,3,5,,2,005,"COUNTY ROAD P","COUNTY RD 200",0.00,,Y,B,-,N,,,,,,,,,,Y,1,1,0,3,A,-,12,22450,A,N,D,C,A,A,H,-,A,A,0,,,,,Y,,A,01,0,0,0,0,0,0,0,0,0,"- ","- ",39.725279999999998,-122.1409,GLENN,UNINCORPORATED,-122.24772986000001,39.766789930000002
6727850,2014,2016-06-23,9160,2014-11-22,1909,018895,,6,2,9,1100,0,1,1,,2,002,"RT 5","RD 68",0.00,N,N,A,-,Y,GLE,3,5,-,R,5.000,H,-,S,Y,3,0,2,2,A,-,01,23152,A,N,A,C,A,A,H,-,D,D,1,,,,,Y,Y,A,01,0,2,0,0,0,0,0,0,0,"- ","- ",39.458779999999997,-122.19435,GLENN,UNINCORPORATED,-122.19387771,39.457539750000002
6727902,2014,2016-07-05,9160,2014-11-24,1540,016473,,1,2,9,1100,0,1,1,,2,004,"RT 5","COUNTY RD 39",0.00,,Y,A,-,Y,GLE,3,5,-,R,13.762,R,1,N,Y,4,0,1,1,A,-,03,22350,,N,E,I,A,A,H,-,A,D,1,,,,,Y,,A,01,0,0,1,0,0,0,0,0,0,"- ","- ",39.582419999999999,-122.20877,GLENN,UNINCORPORATED,-122.21058673,39.580434879999999
6729586,2014,2016-07-05,1101,2014-11-18,1115,SJ,ORLAN,2,5,2,1101,0,0,0,,0,CITY,"WALKER ST","EAST ST",0.00,,Y,B,-,Y,GLE,3,32,-,-,0.540,H,-,E,N,4,0,1,2,A,-,03,22350,,M,C,C,A,A,H,-,A,A,0,,,,,Y,,A,01,0,0,1,0,0,0,0,0,0,"- ","- ",,,GLENN,ORLAND,-122.18740711,39.74732642
6729611,2014,2016-04-25,1101,2014-09-03,2034,509,1101,3,5,2,1101,0,0,0,,0,CITY,"RT 32","PAPST AV",241.00,E,N,A,-,Y,GLE,3,32,-,-,1.070,H,-,E,Y,4,0,2,2,A,-,09,21801,A,N,A,C,A,A,H,-,C,D,0,,,,,Y,,D,22,0,0,2,0,0,0,0,0,0,"- ","- ",,,GLENN,ORLAND,-122.17745782999999,39.747247379999997
6738645,2014,2016-07-05,9160,2014-12-01,1745,017873,,1,2,9,1100,0,1,3,,1,008,"RT 32","SACRAMENTO AV",50.00,W,N,A,-,Y,GLE,3,32,-,-,10.170,H,-,W,Y,4,0,3,2,A,-,09,21801,A,N,A,D,A,A,H,-,D,D,0,,,,,Y,,A,07,0,0,3,0,0,0,0,0,0,"- ","- ",39.747399999999999,-122.0094,GLENN,UNINCORPORATED,-122.00942182999999,39.747362389999999
6743180,2014,2016-06-24,9160,2014-11-28,0305,019041,,5,3,9,1100,0,1,1,,2,006,"RT 5","COUNTY RD 25",278.00,N,N,B,-,Y,GLE,3,5,-,R,21.840,H,-,N,Y,3,0,1,1,A,-,08,22107,,N,F,A,A,A,H,-,C,D,1,,,,,Y,,D,22,0,1,0,0,0,0,0,0,0,"- ","- ",39.698700000000002,-122.20504,GLENN,UNINCORPORATED,-122.20523550999999,39.697220559999998
6743181,2014,2015-01-29,9160,2014-12-01,0745,018128,,1,1,9,1100,0,2,4,,2,016,"COUNTY ROAD 20","COUNTY ROAD 99W",0.00,,Y,B,-,N,,,,,,,,,,Y,4,0,1,2,A,-,09,21802,A,N,D,C,A,B,H,-,A,A,0,,,,,Y,,D,22,0,0,1,0,0,0,0,0,0,"- ","- ",39.725740000000002,-122.19689,GLENN,UNINCORPORATED,-122.19691988,39.725709889999997
6743344,2014,2016-06-23,9160,2014-11-24,2015,18174,,1,2,9,1100,0,1,1,,2,006,"RT 5","COUNTY RD 16",35.00,S,N,A,-,Y,GLE,3,5,-,R,24.810,H,-,S,Y,4,0,1,1,A,-,01,23152,E,N,E,I,A,A,H,-,D,D,1,,,,,Y,,A,07,0,0,1,0,0,0,0,0,0,"- ","- ",39.740220000000001,-122.20569999999999,GLENN,UNINCORPORATED,-122.20583202,39.740270889999998
6755481,2014,2015-02-17,9160,2014-12-25,1153,018737,,4,1,9,1100,0,2,4,,2,016,"COUNTY RD 99W","COUNTY RD 9",1125.00,N,N,A,-,N,,,,,,,,,,Y,4,0,1,2,A,-,17,22109,,N,C,C,A,A,H,-,A,D,0,,,,,Y,,D,22,0,0,1,0,0,0,0,0,0,"- ","- ",39.772109999999998,-122.19676,GLENN,UNINCORPORATED,-122.19684684000001,39.772136629999999
6755485,2014,2015-02-17,9160,2014-12-23,1400,018128,,2,2,9,1100,0,2,4,,2,016,"COUNTY ROAD 99W","COUNTY ROAD 21",1624.00,S,N,A,-,N,,,,,,,,,,Y,3,0,1,1,A,-,01,23152,A,N,E,I,A,A,H,-,A,D,0,,,,,Y,Y,D,22,0,1,0,0,0,0,0,0,0,"- ","- ",39.717910000000003,-122.19712,GLENN,UNINCORPORATED,-122.19704661,39.717640490000001
6755661,2014,2016-07-05,9160,2014-12-23,1405,012379,,2,2,9,1100,0,1,3,,1,010,"RT 45","COUNTY ROAD 24",1056.00,S,N,A,-,Y,GLE,3,45,-,-,20.180,H,-,N,Y,3,0,2,1,A,-,08,22107,,N,F,A,A,A,H,-,A,D,0,,,,,Y,,A,07,0,1,1,0,0,0,0,0,0,"- ","- ",,,GLENN,UNINCORPORATED,-122.00366854000001,39.701875999999999
6764154,2014,2016-06-23,9160,2014-12-02,1310,013178,,2,1,9,1100,0,1,1,,2,006,"RT 5","COUNTY ROAD 7",5602.00,S,N,B,-,Y,GLE,3,5,-,R,26.750,H,-,S,Y,4,0,3,2,A,-,01,23152,A,N,C,C,A,B,H,-,A,D,1,,,,,Y,Y,A,01,0,0,3,0,0,0,0,0,0,"- ","- ",39.768520000000002,-122.20526,GLENN,UNINCORPORATED,-122.20519683000001,39.768382699999997
6787244,2015,2016-09-02,9160,2015-01-03,1442,018737,,6,2,9,1100,0,1,1,,2,006,"RT 5","COUNTY ROAD 7",947.00,N,N,A,-,Y,GLE,3,5,-,R,28.010,H,-,N,Y,3,0,1,1,A,-,08,22107,,N,E,I,A,A,H,-,A,D,1,,,,,Y,,A,01,0,1,0,0,0,0,0,0,0,"- ","- ",39.7866,-122.20390999999999,GLENN,UNINCORPORATED,-122.20403373000001,39.786622039999997
6798080,2015,2016-09-06,9160,2015-01-17,1215,017577,,6,1,9,1100,0,1,3,,2,014,"RT 162","COUNTY ROAD 303",5280.00,W,N,B,-,Y,GLE,3,162,-,-,49.840,H,-,E,Y,4,0,1,1,A,-,08,22107,,N,E,I,A,A,H,-,A,D,0,,,Y,,Y,,C,02,0,0,1,0,0,0,0,0,1,"- ","- ",,,GLENN,UNINCORPORATED,-122.46406275,39.595253849999999
6798122,2015,2015-03-04,9160,2015-01-20,1545,018128,,2,2,9,1100,0,3,5,,2,003,"COUNTY ROAD HH","COUNTY RD 16",675.00,S,N,A,-,N,,,,,,,,,,Y,3,0,1,1,A,-,03,22350,,N,E,I,A,A,H,-,A,D,0,,,,,Y,,D,22,0,1,0,0,0,0,0,0,0,"- ","- ",39.73845,-122.20726999999999,GLENN,UNINCORPORATED,-122.20727276,39.738581740000001
6798130,2015,2016-09-02,9160,2015-01-10,1346,017577,,6,1,9,1100,0,1,1,,2,004,"RT 5","WILSON CREEK BR",18.00,N,N,B,-,Y,GLE,3,5,-,R,12.600,H,-,S,Y,4,0,2,2,A,-,07,21658,A,N,E,I,A,A,H,-,A,D,1,,,,Y,Y,,G,25,0,0,2,0,0,0,0,0,0,"- ","- ",39.550609999999999,-122.21491,GLENN,UNINCORPORATED,-122.21351711,39.563687090000002
6801921,2015,2015-02-18,9160,2015-01-09,1730,17692,,5,2,9,1100,0,3,5,,2,005,"COUNTY ROAD 20","JACEY LN",129.00,E,N,A,-,N,,,,,,,,,,Y,2,0,1,2,A,-,03,22350,,N,G,B,E,A,H,-,D,D,0,Y,,,,Y,,A,07,1,0,0,0,1,0,0,0,0,"- ","- ",39.725459999999998,-122.1726,GLENN,UNINCORPORATED,-122.17228126000001,39.725446050000002
6801989,2015,2016-09-06,9160,2015-01-28,0925,18750,,3,1,9,1100,0,1,3,,1,008,"RT 32","6TH AV",5280.00,E,N,A,-,Y,GLE,3,32,-,-,6.650,H,-,E,Y,3,0,2,1,C,-,18,,,N,E,I,A,A,H,-,A,D,0,,,,,Y,,-,"- ",0,1,1,0,0,0,0,0,0,"- ","- ",39.74494,-122.07308999999999,GLENN,UNINCORPORATED,-122.07859151,39.744875729999997
6804370,2014,2015-02-17,1101,2014-11-23,0950,TR,,7,5,2,1101,0,0,0,,0,,"6TH ST","SACRAMENTO ST",0.00,,Y,A,-,N,,,,,,,,,,Y,3,0,1,2,A,-,09,21801,A,N,A,C,A,A,H,-,A,D,0,,,,,Y,,A,01,0,1,0,0,0,0,0,0,0,"- ","- ",,,GLENN,ORLAND,-122.19757998,39.742979929999997
6807537,2015,2016-09-07,9160,2015-01-31,0607,017577,,6,1,9,1100,0,1,3,,1,010,"RT 45","COUNTY ROAD 39",830.00,S,N,A,-,Y,GLE,3,45,-,-,11.720,H,-,N,Y,4,0,1,1,A,-,08,22107,,N,E,I,A,A,H,-,C,D,0,,,,,Y,,A,01,0,0,1,0,0,0,0,0,0,"- ","- ",39.580100000000002,-122.00649,GLENN,UNINCORPORATED,-122.00640678000001,39.580639750000003
6814902,2015,2015-04-20,9160,2015-03-26,1750,17692,,4,2,9,1100,0,3,5,,2,005,"COUNTY RD 203","RT 32",1690.00,N,N,A,-,N,,,,,,,,,,Y,4,0,2,2,A,-,09,21804,A,N,D,C,A,A,H,-,A,D,0,,,,,Y,,A,01,0,0,2,0,0,0,0,0,0,"- ","- ",39.74635,-122.02021000000001,GLENN,UNINCORPORATED,-122.02145806999999,39.74886721
6817465,2015,2016-09-06,9160,2015-02-06,1900,017692,,5,2,9,1100,0,1,3,,1,008,"RT 32","COUNTY RD RR",1056.00,W,N,C,-,Y,GLE,3,32,-,R,4.390,H,-,W,N,3,0,1,2,A,-,08,22107,,F,B,G,A,B,H,-,D,D,0,,Y,,,Y,,-,,0,1,0,0,0,0,1,0,0,"- ","- ",39.746690000000001,-122.11402,GLENN,UNINCORPORATED,-122.1232473,39.746827340000003
6834351,2015,2016-09-06,1101,2015-02-11,0830,GC,ORLAN,3,5,2,1101,0,0,0,,0,CITY,"EAST WALKER ST","PAPST AV",295.00,W,N,A,-,Y,GLE,3,32,-,-,0.960,H,-,E,N,4,0,1,2,A,-,04,21703,,N,C,C,A,A,H,-,A,D,0,,,,,Y,,A,01,0,0,1,0,0,0,0,0,0,"- ","- ",,,GLENN,ORLAND,-122.17955078,39.747266330000002
6846739,2015,2016-09-07,9160,2015-02-20,1645,18737,,5,2,9,1100,0,1,3,,1,010,"RT 45","RT 162",1214.00,S,N,A,-,Y,GLE,3,45,-,-,7.290,H,-,S,Y,3,0,1,1,A,-,08,22107,,N,F,A,A,A,H,-,A,D,0,,,,,Y,,D,22,0,1,0,0,0,0,0,0,0,"- ","- ",39.516280000000002,-122.01587000000001,GLENN,UNINCORPORATED,-122.01541681,39.518513939999998
6847112,2015,2015-03-19,9160,2015-02-16,1510,018128,,1,2,9,1100,0,3,5,,2,005,"COUNTY RD V","COUNTY ROAD 34",3684.00,N,N,A,-,N,,,,,,,,,,Y,3,0,4,1,A,-,08,22107,,N,F,A,A,A,H,-,A,D,0,,,,,Y,,A,07,0,1,3,0,0,0,0,0,0,"- ","- ",39.624229999999997,-122.06501,GLENN,UNINCORPORATED,-122.06498548,39.626296670000002
6847120,2015,2016-09-02,9160,2015-02-16,1152,019055,,1,1,9,1100,0,1,1,,2,006,"RT 5","COUNTY ROAD 7",528.00,N,N,A,-,Y,GLE,3,5,-,R,27.970,H,-,N,Y,4,0,1,1,A,-,08,22107,,N,E,I,A,A,H,-,A,D,1,,,,,Y,,A,01,0,0,1,0,0,0,0,0,0,"- ","- ",39.786969999999997,-122.20388,GLENN,UNINCORPORATED,-122.20412222,39.78604601
6854712,2015,2017-04-04,9160,2015-05-02,0734,17577,,6,1,9,1100,0,3,5,,2,001,"COUNTY RD 306","SPRINGS RD",1584.00,S,N,A,-,N,,,,,,,,,,Y,1,1,0,1,A,-,01,23152,A,N,E,I,A,A,H,-,B,D,0,,,,,Y,Y,A,01,0,0,0,0,0,0,0,0,0,"- ","- ",39.403739999999999,-122.55159,GLENN,UNINCORPORATED,-122.55158901,39.382378039999999
6855147,2015,2015-09-15,9160,2015-03-10,0920,19055,,2,1,9,1100,0,3,5,,2,003,"COUNTY ROAD 200","HAMBRIGHT CREEK",403.00,E,N,A,-,N,,,,,,,,,,Y,4,0,1,2,A,-,03,22350,,N,C,C,A,A,H,-,A,D,0,,,,,Y,,A,07,0,0,1,0,0,0,0,0,0,"- ","- ",39.781529999999997,-122.29284,GLENN,UNINCORPORATED,-122.16756672,39.735801739999999
6855151,2015,2015-03-26,9160,2015-03-05,1544,018777,,4,2,9,1100,0,3,5,,2,005,"CO RD 9","CO RD PP",0.00,,Y,A,-,N,,,,,,,,,,Y,3,0,1,2,A,-,03,22350,,N,C,C,A,A,H,-,A,D,0,,,,,Y,,A,01,0,1,0,0,0,0,0,0,0,"- ","- ",39.768450000000001,-122.13202,GLENN,UNINCORPORATED,-122.1320295,39.768579000000003
6866004,2015,2016-09-02,9160,2015-03-19,1530,017692,,4,2,9,1100,0,1,1,,2,004,"RT 5","COUNTY ROAD 35",1584.00,S,N,A,-,Y,GLE,3,5,-,R,15.610,H,-,N,Y,3,0,1,2,A,-,07,21658,A,N,C,C,A,A,H,-,A,D,1,,,,Y,Y,,A,01,0,1,0,0,0,0,0,0,0,"- ","- ",39.607410000000002,-122.20771999999999,GLENN,UNINCORPORATED,-122.20787803,39.60712152
6870962,2015,2016-09-28,9160,2015-03-23,1615,018128,,1,2,9,1100,0,1,1,,2,006,"RT 5","RT 32",1660.00,N,N,A,-,Y,GLE,3,5,-,R,25.930,H,-,S,Y,3,0,2,2,A,-,08,22107,,F,B,C,A,A,H,-,A,D,1,,,,Y,Y,,A,01,0,2,0,0,0,0,0,0,0,"- ","- ",39.754710000000003,-122.20565999999999,GLENN,UNINCORPORATED,-122.20554923,39.756565299999998
6875775,2015,2015-04-14,9160,2015-03-11,1515,13178,,3,2,9,1100,0,2,4,,2,016,"COUNTY ROAD 99W","COUNTY ROAD 7",0.00,,Y,A,-,N,,,,,,,,,,Y,4,0,2,2,A,-,09,21801,A,N,D,C,A,A,H,-,A,D,0,,,,,Y,,A,01,0,0,2,0,0,0,0,0,0,"- ","- ",39.471600000000002,-122.11512999999999,GLENN,UNINCORPORATED,-122.1976499,39.783659989999997
6875779,2015,2016-04-06,9160,2015-03-15,0200,18895,,7,3,9,1100,0,2,4,,2,016,"OLD HWY 99","COUNTY ROAD 7",132.00,S,N,B,-,N,,,,,,,,,,Y,2,0,1,1,A,-,01,23152,A,N,E,I,A,A,H,-,D,D,0,,,,,Y,Y,A,01,1,0,0,0,0,0,0,0,0,"- ","- ",39.782299999999999,-122.19756,GLENN,UNINCORPORATED,-122.19761252000001,39.783187939999998
6881288,2015,2015-04-24,9160,2015-03-10,1310,019055,,2,1,9,1100,0,2,4,,2,016,"COUNTY ROAD 99W","COUNTY ROAD 33",843.00,N,N,B,-,N,,,,,,,,,,Y,3,0,2,1,A,-,08,22107,,N,E,I,A,A,H,-,A,D,0,,,,,Y,,A,07,0,1,1,0,0,0,0,0,0,"- ","- ",39.655189999999997,-122.19729,GLENN,UNINCORPORATED,-122.19687704,39.626172250000003
6881351,2015,2016-09-28,9160,2015-03-29,0030,019041,,7,3,9,1100,0,1,1,,2,006,"RT 5","COUNTY RD 7",800.00,N,N,A,-,Y,GLE,3,5,-,R,27.970,H,-,N,Y,3,0,1,1,A,-,01,23152,A,N,E,I,A,A,H,-,D,D,1,,,,,Y,Y,A,01,0,1,0,0,0,0,0,0,0,"- ","- ",39.787350000000004,-122.20372999999999,GLENN,UNINCORPORATED,-122.20412222,39.78604601
6893539,2015,2016-12-17,9160,2015-04-21,0755,18174,,2,1,9,1100,0,1,3,,1,008,"RT 32","RT 45",528.00,W,N,A,-,Y,GLE,3,32,-,-,9.530,H,-,E,Y,4,0,1,2,A,-,03,22350,,N,C,C,A,A,H,-,A,A,0,,,,,Y,,A,01,0,0,1,0,0,0,0,0,0,"- ","- ",39.744430000000001,-122.02128999999999,GLENN,UNINCORPORATED,-122.02073969999999,39.7445004
6895700,2015,2016-11-01,9160,2015-04-19,1450,018128,,7,2,9,1100,0,1,3,,2,014,"RT 162","TEHAMA/COLUSA CANAL",10032.00,W,N,A,-,Y,GLE,3,162,-,-,58.860,H,-,W,N,4,0,1,1,A,-,08,22107,,N,F,A,A,A,H,-,A,D,0,,,,,Y,,A,01,0,0,1,0,0,0,0,0,0,"- ","- ",,,GLENN,UNINCORPORATED,-122.33393026,39.532046190000003
6895762,2015,2016-11-07,9160,2015-04-12,1828,013178,,7,2,9,1100,0,1,1,,2,002,"RT 5","COUNTY RD 57",61.00,S,N,A,-,Y,GLE,3,5,-,R,7.600,H,-,S,Y,2,0,4,1,A,-,08,22107,,N,E,J,A,A,H,-,A,D,1,,,,,Y,,A,01,1,3,0,0,0,0,0,0,0,"- ","- ",39.493760000000002,-122.19681,GLENN,UNINCORPORATED,-122.19710404,39.494877799999998
6895770,2015,2015-05-28,9160,2015-04-17,2325,019041,,5,3,9,1100,0,3,5,,2,005,"COUNTY ROAD WW","COUNTY RD 32",0.00,,Y,A,-,N,,,,,,,,,,Y,2,0,1,1,A,-,01,23152,A,N,E,I,A,A,H,-,D,D,0,,,,,Y,Y,A,01,1,0,0,0,0,0,0,0,0,"- ","- ",39.630659999999999,-122.03667,GLENN,UNINCORPORATED,-122.03684991,39.630669900000001
6895778,2015,2015-05-15,9160,2015-04-08,1035,018750,,3,1,9,1100,0,3,5,,2,003,"COUNTY RD H","COUNTY RD 200",0.00,,Y,B,-,N,,,,,,,,,,Y,2,0,1,1,A,-,01,23152,E,N,E,I,A,A,H,-,A,A,0,,,,,Y,,A,07,1,0,0,0,0,0,0,0,0,"- ","- ",39.754809999999999,-122.21568000000001,GLENN,UNINCORPORATED,-122.21565991,39.754769940000003
6906195,2015,2015-05-14,9160,2015-04-21,0530,17873,,2,3,9,1100,0,3,5,,2,005,"COUNTY ROAD 25","COUNTY ROAD 99W",0.00,,Y,A,-,N,,,,,,,,,,Y,4,0,1,2,A,-,09,21802,A,N,D,C,A,A,H,-,B,A,0,,,,,Y,,A,07,0,0,1,0,0,0,0,0,0,"- ","- ",39.697000000000003,-122.19651,GLENN,UNINCORPORATED,-122.19643996000001,39.696909980000001
6906197,2015,2016-11-02,9160,2015-04-22,1100,18737,,3,1,9,1100,0,1,1,,2,004,"RT 5","COUNTY ROAD 35",1584.00,N,N,A,-,Y,GLE,3,5,-,R,16.260,H,-,N,Y,4,0,1,1,A,-,08,22107,,N,E,I,A,A,H,-,A,D,1,,,,,Y,,A,01,0,0,1,0,0,0,0,0,0,"- ","- ",39.372,-122.1223,GLENN,UNINCORPORATED,-122.20634434,39.616468609999998
6916625,2015,2015-05-28,9160,2015-04-30,1440,017692,,4,2,9,1100,0,2,4,,2,016,"COUNTY RD 99W","COUNTY RD 27",2640.00,S,N,A,-,N,,,,,,,,,,Y,3,0,1,1,A,-,01,23152,A,N,F,A,A,A,H,-,A,D,0,,,,,Y,Y,A,07,0,1,0,0,0,0,0,0,0,"- ","- ",,,GLENN,UNINCORPORATED,-122.19690617000001,39.675080199999996
6916629,2015,2016-11-07,9160,2015-04-30,1231,018704,,4,1,9,1100,0,1,1,,2,006,"RT 5","COUNTY RD 33",3168.00,N,N,A,-,Y,GLE,3,5,-,R,17.310,H,-,N,Y,3,0,2,1,A,-,08,22107,,N,E,I,A,A,H,-,A,D,1,,,,,Y,,A,01,0,1,1,0,0,0,0,0,0,"- ","- ",,,GLENN,UNINCORPORATED,-122.20403401,39.631514529999997
6923849,2015,2015-06-24,9160,2015-05-10,1515,018128,,7,2,9,1100,0,3,5,,2,005,"COUNTY RD P","COUNTY RD 12",250.00,S,N,A,-,N,,,,,,,,,,N,4,0,2,2,A,-,03,22350,,N,C,C,A,A,H,-,A,D,0,,,,,Y,,D,22,0,0,2,0,0,0,0,0,0,"- ","- ",39.75338,-122.14100999999999,GLENN,UNINCORPORATED,-122.24790398,39.754483469999997
6923853,2015,2015-06-08,9160,2015-05-07,1905,018737,,4,2,9,1100,0,3,5,,2,007,"COUNTY ROAD P","COUNTY ROAD 57",325.00,S,N,B,-,N,,,,,,,,,,Y,2,0,1,1,A,-,01,23152,A,N,E,I,A,A,D,-,A,D,0,,,,,Y,Y,D,23,1,0,0,0,0,0,0,0,0,"- ","- ",39.494,-122.13688999999999,GLENN,UNINCORPORATED,-122.12629144,39.493234600000001
6931792,2015,2016-11-01,9160,2015-04-18,1805,17692,,6,2,9,1100,0,1,3,,2,014,"RT 162","THUNDER HILL RACE WY",1056.00,E,N,A,-,Y,GLE,3,162,-,-,59.220,H,-,E,Y,2,0,2,1,A,-,01,23152,A,N,E,I,A,A,H,-,A,D,0,,,,,Y,Y,A,01,1,1,0,0,0,0,0,0,0,"- ","- ",39.530990000000003,-122.32684,GLENN,UNINCORPORATED,-122.32784837,39.531067630000003
6932453,2015,2015-06-02,9160,2015-05-04,0640,18750,,1,1,9,1100,0,3,5,,2,005,"COUNTY RD N","COUNTY RD 200",0.00,,Y,A,-,N,,,,,,,,,,Y,4,0,1,2,A,-,08,22107,,N,A,C,A,A,H,-,A,A,0,,,,,Y,,A,01,0,0,1,0,0,0,0,0,0,"- ","- ",39.733449999999998,-122.16083999999999,GLENN,UNINCORPORATED,-122.16096994,39.733159929999999
6936404,2015,2016-11-07,9160,2015-05-20,1317,18174,,3,1,9,1100,0,1,1,,2,006,"RT 5","HAMBRIGHT CRK",54.00,N,N,A,-,Y,GLE,3,5,-,R,26.500,H,-,S,Y,4,0,2,2,A,-,03,22350,,N,C,C,A,A,H,-,A,D,1,,,,Y,Y,,D,22,0,0,2,0,0,0,0,0,0,"- ","- ",39.765099999999997,-122.20538999999999,GLENN,UNINCORPORATED,-122.20535569,39.764823739999997
6936479,2015,2015-06-17,9160,2015-05-25,1220,18750,,1,1,9,1100,0,3,5,,2,007,"OLD HWY 99","COUNTY RD 42",50.00,N,N,A,-,N,,,,,,,,,,N,3,0,1,1,A,-,08,22107,,N,E,I,A,A,H,-,A,D,0,,,,,Y,,D,22,0,1,0,0,0,0,0,0,0,"- ","- ",39.573430000000002,-122.19374000000001,GLENN,UNINCORPORATED,-122.19374000000001,39.573430000000002
6941965,2015,2016-11-01,1101,2015-05-09,1854,503,ORLAN,6,5,2,1101,0,0,0,,0,CITY,"WALKER ST","EAST ST",250.00,W,N,A,-,Y,GLE,3,32,-,-,0.500,H,-,E,Y,3,0,2,2,A,-,04,21703,,N,C,C,A,A,H,-,A,A,0,,,,,Y,,A,01,0,1,1,0,0,0,0,0,0,"- ","- ",,,GLENN,ORLAND,-122.188151,39.747332759999999
6950259,2015,2016-11-07,9160,2015-05-23,1435,018737,,6,2,9,1100,0,1,1,,2,006,"RT 5","COUNTY RD 28",7920.00,N,N,B,-,Y,GLE,3,5,-,R,18.300,H,-,N,Y,4,0,1,2,A,-,07,21658,A,N,C,C,A,A,H,-,A,D,1,,,,Y,Y,,A,01,0,0,1,0,0,0,0,0,0,"- ","- ",39.646000000000001,-122.20404000000001,GLENN,UNINCORPORATED,-122.20413717,39.645862870000002
6950459,2015,2016-11-07,9160,2015-05-22,1230,015855,,5,1,9,1100,0,1,1,,2,006,"RT 5","COUNTY RD 3",452.00,S,N,A,-,Y,GLE,3,5,-,R,28.460,H,-,N,Y,3,0,1,1,A,-,08,22107,,N,E,I,A,A,H,-,A,D,1,,,,,Y,,A,07,0,1,0,0,0,0,0,0,0,"- ","- ",,,GLENN,UNINCORPORATED,-122.20223021,39.792996870000003
6950463,2015,2015-06-29,9160,2015-05-22,1840,018737,,5,2,9,1100,0,3,5,,2,001,"COUNTY RD 306","COUNTY RD 410",1056.00,N,N,B,-,N,,,,,,,,,,Y,4,0,2,2,A,-,05,21650,,N,B,C,A,A,H,-,A,D,0,,,,,Y,,A,01,0,0,2,0,0,0,0,0,0,"- ","- ",,,GLENN,UNINCORPORATED,-122.51873019999999,39.48680993
6971795,2015,2015-07-07,9160,2015-06-16,1230,018777,,2,1,9,1100,0,3,5,,2,005,"COUNTY ROAD 24","COUNTY ROAD V",1056.00,E,N,A,-,N,,,,,,,,,,Y,3,0,1,1,A,-,08,22107,,N,E,I,A,A,H,-,A,D,0,,,,,Y,,D,22,0,1,0,0,0,0,0,0,0,"- ","- ",39.709209999999999,-122.05965,GLENN,UNINCORPORATED,-122.06045570000001,39.709217670000001
6971811,2015,2015-07-16,9160,2015-06-08,1815,013178,,1,2,9,1100,0,3,5,,2,003,"COUNTY ROAD 200","COUNTY ROAD 206",4224.00,W,N,A,-,N,,,,,,,,,,Y,3,0,4,1,A,-,08,22107,,N,E,I,A,A,H,-,A,A,0,,,,,Y,Y,D,22,0,2,2,0,0,0,0,0,0,"- ","- ",39.78783,-122.30486999999999,GLENN,UNINCORPORATED,-122.30707427999999,39.788316719999997
6974451,2015,2015-07-09,9160,2015-06-02,1520,18128,,2,2,9,1100,0,3,5,,2,007,"COUNTY ROAD P","COUNTY ROAD 45",1798.00,N,N,A,-,N,,,,,,,,,,N,3,0,4,1,A,-,08,22107,,N,E,I,A,A,H,-,A,A,0,,,,,Y,,A,01,0,1,3,0,0,0,0,0,0,"- ","- ",39.558410000000002,-122.13703,GLENN,UNINCORPORATED,-122.13214545,39.558247569999999
6987572,2015,2016-11-07,9160,2015-06-23,1639,016473,,2,2,9,1100,0,1,1,,2,002,"RT 5","COUNTY RD 60",3696.00,S,N,A,-,Y,GLE,3,5,-,R,4.780,H,-,N,Y,3,0,1,3,A,-,01,23152,A,M,C,C,A,A,H,-,A,D,1,,,,Y,Y,Y,D,22,0,1,0,0,0,0,0,0,0,"- ","- ",39.453569999999999,-122.19329,GLENN,UNINCORPORATED,-122.19332924,39.454305929999997
6988076,2015,2015-07-17,9160,2015-06-29,0905,018777,,1,1,9,1100,0,3,5,,2,007,"COUNTY RD 61","COUNTY RD SS",1580.00,W,N,A,-,N,,,,,,,,,,Y,4,0,2,1,A,-,08,22107,,N,E,I,A,A,H,-,A,D,0,,,,,Y,,A,01,0,0,2,0,0,0,0,0,0,"- ","- ",39.463230000000003,-122.10014,GLENN,UNINCORPORATED,-122.09911108,39.462041229999997
6988086,2015,2015-07-18,9160,2015-06-25,1835,18256,,4,2,9,1100,0,1,1,,2,006,"ROAD 206","NEWVILLE RD",9240.00,W,N,A,-,N,,,,,,,,,,Y,3,0,1,1,A,-,08,22107,,N,E,J,A,A,H,-,A,D,0,,,,,Y,,A,01,0,1,0,0,0,0,0,0,0,"- ","- ",39.771889999999999,-122.32266,GLENN,UNINCORPORATED,-122.32297896999999,39.771273170000001
6988090,2015,2016-11-01,9160,2015-06-21,0230,18174,,7,3,9,1100,0,1,3,,2,012,"RT 162","COUNTY RD",528.00,E,N,A,-,Y,GLE,3,162,-,-,71.120,H,-,W,Y,3,0,1,1,A,-,08,22107,,M,E,J,A,A,H,-,D,D,0,,,,,Y,,A,01,0,1,0,0,0,0,0,0,0,"- ","- ",39.521279999999997,-122.1112,GLENN,UNINCORPORATED,-122.11040115,39.521857519999998
7012124,2015,2015-08-07,9160,2015-07-02,0345,18895,,4,3,9,1100,0,3,5,,2,005,"COUNTY ROAD 9","1ST AV",1056.00,W,N,B,-,N,,,,,,,,,,Y,3,0,1,1,A,-,08,22107,,N,E,I,A,A,H,-,D,D,0,,,,,Y,Y,A,01,0,1,0,0,0,0,0,0,0,"- ","- ",39.766530000000003,-122.05262999999999,GLENN,UNINCORPORATED,-122.05262999999999,39.766530000000003
7014156,2015,2015-08-18,1101,2015-07-03,1246,515,ORLAN,5,5,2,1101,0,0,0,,0,CITY,"NEWVILLE RD","COUNTY RD HH",0.00,,Y,A,-,N,,,,,,,,,,Y,2,0,1,2,A,-,09,21802,A,N,D,C,A,A,H,-,A,A,0,,,,,Y,,A,01,1,0,0,0,0,0,0,0,0,"- ","- ",,,GLENN,ORLAND,-122.238772,39.763612000000002
7096824,2015,2017-01-13,1101,2015-09-25,1624,JMC,ORLAN,5,5,2,1101,0,0,0,,0,CITY,"WALKER ST","A ST",89.00,W,N,A,-,Y,GLE,3,32,-,-,0.440,H,-,E,Y,4,0,1,4,A,-,04,21703,,N,C,C,A,A,H,-,A,A,0,,,,,Y,,D,22,0,0,1,0,0,0,0,0,0,"- ","- ",,,GLENN,ORLAND,-122.18926879999999,39.747335120000002
7114698,2015,2017-02-02,1101,2015-10-04,1115,JMC,ORLAN,7,5,2,1101,0,0,0,,0,CITY,"WALKER ST","6TH ST",35.00,E,N,A,-,Y,GLE,3,32,-,-,0.010,H,-,W,N,4,0,2,2,A,-,03,22350,,N,C,C,A,A,H,-,A,A,0,,,,,Y,,A,01,0,0,2,0,0,0,0,0,0,"- ","- ",,,GLENN,ORLAND,-122.19733583,39.747439159999999
7114856,2015,2015-11-14,1101,2015-10-07,1354,MLB,ORLAN,3,5,2,1101,0,0,0,,0,ORLAND,"6TH ST","TRINITY ST",143.00,N,N,A,-,N,,,,,,,,,,Y,4,0,1,2,A,-,09,21801,A,N,D,C,A,A,H,-,A,D,0,,,Y,,Y,,D,22,0,0,1,0,0,0,0,0,1,"- ","- ",,,GLENN,ORLAND,-122.19701829,39.752172590000001
7116714,2015,2016-01-23,1101,2015-09-20,1838,502,1101,7,5,2,1101,0,0,0,,0,,"E YOLO ST","WALNUT AV",0.00,,Y,A,-,N,,,,,,,,,,N,3,0,1,2,A,-,10,21950,A,N,G,B,D,A,H,-,B,D,0,Y,,,,Y,,-,,0,1,0,0,1,0,0,0,0,"- ","- ",,,GLENN,ORLAND,-122.18448988999999,39.74371
7128313,2015,2015-12-07,1101,2015-11-30,1326,GC,ORLAN,1,5,2,1101,0,0,0,,0,CITY,"6TH ST","TEHAMA ST",0.00,,Y,A,-,N,,,,,,,,,,Y,2,0,1,2,A,-,01,23152,B,N,D,C,A,A,H,-,A,A,0,,,,,Y,Y,A,01,1,0,0,0,0,0,0,0,0,"- ","- ",,,GLENN,ORLAND,-122.19741993,39.749579939999997
7149793,2015,2017-01-31,1101,2015-11-24,1510,503,1101,2,5,2,1101,0,0,0,,0,CITY,"WALKER ST","2ND ST",0.00,,Y,A,-,Y,GLE,3,32,-,-,0.330,I,5,E,Y,4,0,2,2,A,-,09,21802,A,N,D,C,A,A,H,-,A,A,0,,,,,Y,,A,08,0,0,2,0,0,0,0,0,0,"- ","- ",,,GLENN,ORLAND,-122.19133814,39.747345439999997
7157766,2015,2017-02-02,1102,2015-11-10,1853,416,,2,5,2,1102,0,0,0,,0,001,"W WOOD ST","N ENRIGHT AV",0.00,,Y,A,-,Y,GLE,3,162,-,-,65.913,I,5,E,Y,4,0,2,2,A,-,09,21801,A,N,D,C,A,A,H,-,C,D,0,,,,,Y,,A,01,0,0,2,0,0,0,0,0,0,"- ","- ",,,GLENN,WILLOWS,-122.207526,39.524168119999999
7157770,2015,2016-09-06,1102,2015-03-03,1445,404,,2,5,2,1102,0,0,0,,0,,"W WOOD ST","N ENRIGHT",0.00,,Y,A,-,Y,GLE,3,162,-,-,65.900,H,-,E,Y,4,0,2,2,A,-,03,22350,,N,C,C,A,A,H,-,A,A,0,,,,,Y,,A,,0,0,2,0,0,0,0,0,0,"- ","- ",,,GLENN,WILLOWS,-122.20776868999999,39.524168289999999
7157774,2015,2016-09-06,1102,2015-02-18,0820,0402,,3,5,2,1102,0,0,0,,0,,"N HUMBOLDT AV","W WOOD ST",39.00,N,N,B,E,Y,GLE,3,162,-,-,65.663,I,6,W,Y,3,0,2,1,A,-,01,23152,E,N,E,I,A,A,H,-,A,A,0,,,,,Y,,A,01,0,1,1,0,0,0,0,0,0,"- ","- ",,,GLENN,WILLOWS,-122.21218164,39.524253600000002
7157777,2015,2017-02-02,1102,2015-10-14,1553,SWI;;,WILLO,3,5,2,1102,0,0,0,,0,001,"E WOOD ST","N COLUSA ST",0.00,,Y,A,-,Y,GLE,3,162,-,-,66.722,I,5,W,Y,4,0,1,2,A,-,09,21802,A,N,D,C,A,A,H,-,A,A,0,,,Y,,Y,,A,01,0,0,1,0,0,0,0,0,1,"- ","- ",,,GLENN,WILLOWS,-122.19241137,39.524198660000003
7157779,2015,2016-01-25,1102,2015-08-11,2032,403,,2,5,2,1102,0,0,0,,0,,"W WOOD ST","N PLUMAS ST",0.00,,Y,A,-,N,,,,,,,,,,N,4,0,2,2,A,-,09,21802,A,M,D,C,A,A,H,-,D,D,0,,,,,Y,,A,01,0,0,2,0,0,0,0,0,0,"- ","- ",,,GLENN,WILLOWS,-122.19824996,39.524239970000004
7157781,2015,2017-02-02,1102,2015-10-09,1455,TALVES,WILLO,5,5,2,1102,0,0,0,,0,,"WOOD ST","MERRILL AV",0.00,,Y,A,-,Y,GLE,3,162,-,-,66.145,I,5,E,Y,4,0,1,2,A,-,12,21453,A,N,D,C,A,A,-,-,A,A,0,,,,,Y,,A,01,0,0,1,0,0,0,0,0,0,"- ","- ",,,GLENN,WILLOWS,-122.20321439999999,39.524187099999999
7157783,2015,2016-01-22,1102,2015-07-29,0729,0416,1102,3,5,2,1102,0,0,0,,0,CITY,"S BUTTE ST","W ASH ST",0.00,,Y,A,-,N,,,,,,,,,,N,2,0,1,2,A,-,09,21802,A,N,D,G,A,A,H,-,A,A,0,,Y,,,Y,,D,22,1,0,0,0,0,0,1,0,0,"- ","- ",,,GLENN,WILLOWS,-122.19533989,39.516769910000001
7157787,2015,2016-09-06,1102,2015-02-04,1659,0402,,3,5,2,1102,0,0,0,,0,,"W WOOD ST","PACIFIC AV",0.00,,Y,B,-,Y,GLE,3,162,-,-,65.913,I,5,W,N,4,0,1,2,A,-,09,21802,A,N,D,C,A,A,H,-,A,D,0,,,,,Y,,D,22,0,0,1,0,0,0,0,0,0,"- ","- ",,,GLENN,WILLOWS,-122.20752616999999,39.52424165
7157789,2015,2016-01-20,1102,2015-10-16,0809,TALVES,WILLO,5,5,2,1102,0,0,0,,0,,"LASSEN ST","SYCAMORE ST",0.00,,Y,A,-,N,,,,,,,,,,N,4,0,1,2,A,-,09,21802,A,N,D,C,A,A,H,-,A,D,0,,,,,Y,,-,,0,0,1,0,0,0,0,0,0,"- ","- ",,,GLENN,WILLOWS,-122.19963988000001,39.520529949999997
7157791,2015,2016-01-25,1102,2015-02-23,1715,403,,1,5,2,1102,0,0,0,,0,,"S TEHAMA ST","E LAUREL ST",0.00,,Y,A,-,N,,,,,,,,,,N,3,0,2,2,A,-,09,21802,A,F,D,C,A,A,H,-,A,A,0,,,,,Y,,D,22,0,1,1,0,0,0,0,0,0,"- ","- ",,,GLENN,WILLOWS,-122.19387985,39.51790991
7157793,2015,2016-01-20,1102,2015-10-30,1724,416,WILLO,5,5,2,1102,0,0,0,,0,001,"ELM ST","S BUTTE ST",0.00,,Y,A,-,N,,,,,,,,,,Y,4,0,1,2,A,-,09,21801,A,N,A,C,A,A,H,-,A,A,0,,,,,Y,,A,01,0,0,1,0,0,0,0,0,0,"- ","- ",,,GLENN,WILLOWS,-122.19531992,39.512819989999997
7157794,2015,2016-10-31,1102,2015-06-28,1200,ALVES,WILLO,7,5,2,1102,0,0,0,,0,CITY,"E WOOD ST","N COLUSA ST",0.00,,Y,A,-,Y,GLE,3,162,-,-,66.710,H,-,E,Y,4,0,1,1,A,-,03,22348,B,N,A,I,A,A,H,-,A,D,0,,,,,Y,Y,A,01,0,0,1,0,0,0,0,0,0,"- ","- ",,,GLENN,WILLOWS,-122.19263780999999,39.524206800000002
7157795,2015,2016-01-25,1102,2015-02-08,1040,TALVES,WILLO,7,5,2,1102,0,0,0,,0,,"LAUREL AV","SHASTA ST",0.00,,Y,C,-,N,,,,,,,,,,Y,4,0,1,2,A,-,12,22450,A,N,D,C,A,B,H,-,A,D,0,,,,,Y,,-,,0,0,1,0,0,0,0,0,0,"- ","- ",,,GLENN,WILLOWS,-122.19677996,39.51790999
7157797,2015,2016-01-20,1102,2015-09-15,0018,416,,2,5,2,1102,0,0,0,,0,,"COUNTY RD 99W","TEHAMA ST",94.00,S,N,A,-,N,,,,,,,,,,Y,3,0,1,1,A,-,05,21650,,M,E,I,A,A,H,-,D,D,0,,,,,Y,,A,01,0,1,0,0,0,0,0,0,0,"- ","- ",,,GLENN,WILLOWS,-122.1938224,39.509331930000002
7157798,2015,2016-09-06,1102,2015-02-20,1609,403,,5,5,2,1102,0,0,0,,0,,"W WOOD ST","N SHASTA ST",0.00,,Y,A,-,Y,GLE,3,162,-,-,66.490,H,-,W,N,3,0,1,2,A,-,11,21954,A,N,G,B,D,A,H,-,A,D,0,Y,,,,Y,,A,01,0,1,0,0,1,0,0,0,0,"- ","- ",,,GLENN,WILLOWS,-122.19676962,39.524268990000003
7157799,2015,2016-01-25,1102,2015-05-24,1255,403,,7,5,2,1102,0,0,0,,0,,"RT 99","COUNTY RD 57",0.00,,Y,A,-,N,,,,,,,,,,Y,2,0,2,2,A,-,12,22450,A,N,C,C,A,A,H,-,A,A,0,,,,,Y,Y,A,01,1,0,1,0,0,0,0,0,0,"- ","- ",,,GLENN,WILLOWS,-122.19307422999999,39.494975539999999
7161264,2014,2016-04-30,1102,2014-01-24,0947,411,,5,5,2,1102,0,0,0,,0,,"WOOD ST","HUMBOLDT AV",0.00,,Y,A,-,Y,GLE,3,162,-,-,65.663,I,5,E,N,4,0,1,2,A,-,10,21950,A,N,G,B,B,A,H,-,A,A,0,Y,,,,Y,,A,01,0,0,1,0,1,0,0,0,0,"- ","- ",,,GLENN,WILLOWS,-122.21218123,39.524179160000003
7161268,2014,2016-02-18,1102,2014-02-02,1309,411,WILLO,7,5,2,1102,0,0,0,,0,,"TEHAMA ST","LAUREL AV",0.00,,Y,A,-,N,,,,,,,,,,N,3,0,1,2,A,-,09,21801,A,N,D,C,A,A,H,-,A,D,0,,,,,Y,,A,01,0,1,0,0,0,0,0,0,0,"- ","- ",,,GLENN,WILLOWS,-122.19387985,39.51790991
8012171,2016,2017-02-10,1101,2016-03-15,2018,505,ORLAN,2,5,2,1101,0,0,0,,0,CITY,"NEWVILLE RD","TEHAMA ST",169.00,W,N,A,-,Y,GLE,3,32,-,R,0.210,H,-,W,Y,2,0,2,2,A,-,09,21804,A,N,D,C,A,A,H,-,C,D,0,,,,,Y,Y,D,22,1,1,0,0,0,0,0,0,0,"- ","- ",,,GLENN,ORLAND,-122.20215847,39.749393830000002
8034962,2016,2016-05-09,1101,2016-04-23,1255,508,,6,5,2,1101,0,0,0,,0,ORLAND,"SOUTH ST","RAILROAD AV",0.00,,Y,A,-,N,,,,,,,,,,Y,4,0,1,2,A,-,09,21802,A,N,D,D,A,A,H,-,A,A,0,,,,,Y,,D,22,0,0,1,0,0,0,0,0,0,"- ","- ",,,GLENN,ORLAND,-122.19516993000001,39.740209999999998
8034963,2016,2016-05-09,1101,2016-04-12,1542,SJ,ORLAN,2,5,2,1101,0,0,0,,0,CITY,"6TH ST","TEHAMA ST",0.00,,Y,B,-,N,,,,,,,,,,Y,4,0,1,2,A,-,09,21802,A,N,D,C,A,A,H,-,A,A,0,,,,,Y,,D,23,0,0,1,0,0,0,0,0,0,"- ","- ",,,GLENN,ORLAND,-122.19741993,39.749579939999997
8054408,2016,2016-06-15,1101,2016-05-05,1636,510,1101,4,5,2,1101,0,0,0,,0,CITY,"6TH ST","SOUTH ST",0.00,,Y,C,-,N,,,,,,,,,,Y,4,0,2,2,A,-,09,21800,A,N,D,C,A,B,H,-,A,A,0,,,,,Y,,D,22,0,0,2,0,0,0,0,0,0,"- ","- ",,,GLENN,ORLAND,-122.19728993,39.740269939999997
8054412,2016,2016-06-15,1101,2016-05-28,1214,508,,6,5,2,1101,0,0,0,,0,ORLAND,"HOFF WY","COMMERCE LN",0.00,,Y,A,-,N,,,,,,,,,,Y,3,0,1,2,A,-,01,23153,A,N,G,B,F,A,H,-,A,A,0,Y,,,,Y,,A,01,0,1,0,0,1,0,0,0,0,"- ","- ",,,GLENN,ORLAND,-122.208912,39.752586000000001
8100738,2016,2016-08-29,1102,2016-01-26,1711,402,,2,5,2,1102,0,0,0,,0,,"N BUTTE ST","W WILLOW ST",126.00,S,N,A,-,N,,,,,,,,,,Y,3,0,1,2,A,-,09,21804,A,N,B,C,A,A,H,-,B,D,0,,,,,Y,,A,01,0,1,0,0,0,0,0,0,0,"- ","- ",,,GLENN,WILLOWS,-122.19538738,39.522833980000001
8100766,2016,2016-08-22,1102,2016-05-24,1716,415,WILLO,2,5,2,1102,0,0,0,,0,001,"N TEHAMA ST","W SYCAMORE ST",0.00,,Y,A,-,N,,,,,,,,,,Y,3,0,1,2,A,-,12,21453,A,N,D,C,A,A,D,-,A,A,0,,,,,Y,,A,07,0,1,0,0,0,0,0,0,0,"- ","- ",,,GLENN,WILLOWS,-122.19389984999999,39.520529940000003
8100790,2016,2017-02-18,1102,2016-06-22,1335,402,,3,5,2,1102,0,0,0,,0,,"RT 162","N AIRPORT RD",0.00,,Y,A,-,Y,GLE,3,162,-,-,65.325,I,5,W,Y,4,0,2,2,A,-,12,21453,A,N,D,C,A,A,H,-,A,A,0,,,,,Y,,A,01,0,0,2,0,0,0,0,0,0,"- ","- ",,,GLENN,WILLOWS,-122.21847547,39.524270459999997
8100911,2016,2016-08-16,1102,2016-07-20,1657,402,,3,5,2,1102,0,0,0,,0,,"S VILLA AV","W SYCAMORE ST",338.00,S,N,A,-,N,,,,,,,,,,Y,3,0,1,1,A,-,05,21650,,N,B,I,A,A,H,-,A,D,0,,,,,Y,,-,,0,1,0,0,0,0,0,0,0,"- ","- ",,,GLENN,WILLOWS,-122.20888062,39.519551790000001
8100961,2016,2016-08-16,1102,2016-06-22,2324,402,,3,5,2,1102,0,0,0,,0,,"S MARSHALL AV","BIRCH ST",191.00,S,N,A,-,N,,,,,,,,,,Y,3,0,1,2,A,-,05,21650,,N,C,E,A,A,H,-,D,D,0,,,,,Y,,A,07,0,1,0,0,0,0,0,0,0,"- ","- ",,,GLENN,WILLOWS,-122.20177187,39.514895500000002
8104307,2016,2016-08-29,1102,2016-01-24,1800,402,,7,5,2,1102,0,0,0,,0,,"S BUTTE ST","W SYCAMORE ST",0.00,,Y,B,-,N,,,,,,,,,,N,4,0,1,2,A,-,10,21950,A,N,G,B,B,B,H,-,C,D,0,Y,,,,Y,,A,01,0,0,1,0,1,0,0,0,0,"- ","- ",,,GLENN,WILLOWS,-122.19536993,39.520539890000002
8107565,2016,2016-08-22,1102,2016-05-31,1015,415,1102,2,5,2,1102,0,0,0,,0,001,"SYCAMORE ST","S SACRAMENTO ST",0.00,,Y,A,-,N,,,,,,,,,,Y,3,0,3,2,A,-,09,21802,A,N,D,C,A,A,H,-,A,D,0,,,,,Y,,A,01,0,1,2,0,0,0,0,0,0,"- ","- ",,,GLENN,WILLOWS,-122.18943994,39.52058993
8107617,2016,2017-02-18,1102,2016-05-18,0942,TALVES,WILLO,3,5,2,1102,0,0,0,,0,,"W WOOD ST","BUTTE ST",76.00,W,N,A,-,Y,GLE,3,162,-,-,66.540,H,-,W,Y,4,0,1,2,A,-,03,22350,,N,C,C,A,A,H,-,A,D,0,,,,,Y,,A,01,0,0,1,0,0,0,0,0,0,"- ","- ",,,GLENN,WILLOWS,-122.19581533,39.524262219999997
8112697,2016,2016-11-03,1101,2016-08-25,0611,BS,,4,5,2,1101,0,0,0,,0,,"RT 99","ALMOND WY",0.00,,Y,A,-,N,,,,,,,,,,Y,4,0,1,3,A,-,03,22350,,N,C,C,A,A,H,-,B,D,0,,,,,Y,,A,01,0,0,1,0,0,0,0,0,0,"- ","- ",,,GLENN,ORLAND,,
8112833,2016,2017-02-24,1101,2016-08-02,1058,503,GLENN,2,5,2,1101,0,0,0,,0,CITY,"EAST WALKER ST","EAST ST",0.00,,Y,A,-,Y,GLE,3,32,-,-,0.550,I,5,W,Y,3,0,2,2,A,-,12,21453,A,N,D,C,A,A,H,-,A,A,0,,,,,Y,,A,08,0,1,1,0,0,0,0,0,0,"- ","- ",,,GLENN,ORLAND,-122.18722126,39.747396389999999
8112861,2016,2017-02-24,1101,2016-08-12,2211,505,OPD,5,5,2,1101,0,0,0,,0,CITY,"NEWVILLE RD","TEHAMA ST",65.00,W,N,A,-,Y,GLE,3,32,-,R,0.230,H,-,W,N,3,0,1,2,A,-,09,21804,A,N,F,I,A,A,H,-,C,D,0,,,Y,,Y,,A,01,0,1,0,0,0,0,0,0,1,"- ","- ",,,GLENN,ORLAND,-122.2018575,39.749270680000002
8142571,2016,2016-11-16,1101,2016-09-13,1602,511,1101,2,5,2,1101,0,0,0,,0,,"YOLO ST","4TH ST",0.00,,Y,A,-,N,,,,,,,,,,Y,4,0,1,2,A,-,08,22107,,N,D,D,A,A,H,-,A,A,0,,,,,Y,,A,01,0,0,1,0,0,0,0,0,0,"- ","- ",,,GLENN,ORLAND,-122.19415992,39.743899990000003
8164898,2016,2016-11-14,1101,2016-10-31,1807,508,,1,5,2,1101,0,0,0,,0,ORLAND,"NEWVILLE RD","8TH ST",0.00,,Y,C,-,N,,,,,,,,,,N,3,0,1,2,A,-,10,21950,A,N,G,B,B,B,H,-,B,A,0,Y,,,,Y,,D,22,0,1,0,0,1,0,0,0,0,"- ","- ",,,GLENN,ORLAND,-122.19942995,39.748039890000001
8165643,2016,2016-12-01,1102,2016-09-14,1714,402,,3,5,2,1102,0,0,0,,0,,"W WOOD ST","N ENRIGHT AV",0.00,,Y,A,-,N,,,,,,,,,,Y,3,0,1,2,A,-,09,21802,A,N,F,C,A,A,H,-,A,D,0,,,,,Y,,A,07,0,1,0,0,0,0,0,0,0,"- ","- ",,,GLENN,WILLOWS,-122.20748987,39.524219930000001
8166388,2016,2016-11-15,1102,2016-10-12,1424,402,,3,5,2,1102,0,0,0,,0,,"E WALNUT ST","N YOLO ST",0.00,,Y,A,-,N,,,,,,,,,,N,3,0,1,2,A,-,09,21800,B,N,D,C,A,A,H,-,A,D,0,,,,,Y,,A,07,0,1,0,0,0,0,0,0,0,"- ","- ",,,GLENN,WILLOWS,-122.19086994,39.521919949999997
8169524,2016,2017-03-06,1102,2016-08-15,1924,402,,1,5,2,1102,0,0,0,,0,,"W WOOD ST","N BUTTE ST",0.00,,Y,A,-,Y,GLE,3,162,-,-,66.540,H,-,E,N,2,0,1,2,A,-,10,21950,A,N,G,B,B,A,H,-,B,D,0,Y,,,,Y,,A,01,1,0,0,0,1,0,0,0,0,"- ","- ",,,GLENN,WILLOWS,-122.19581506999999,39.524183579999999
8320122,2017,2018-02-07,1101,2017-02-16,1902,SJ,ORLAN,4,5,2,1101,0,0,0,,0,CITY,"NEWVILLE RD","8TH ST",0.00,,Y,A,-,Y,GLE,3,32,-,R,0.409,I,5,W,N,2,0,1,2,A,-,11,21453,D,F,G,B,B,A,H,-,C,A,0,Y,,,,Y,,N,60,1,0,0,0,1,0,0,0,0,"- ","- ",,,GLENN,ORLAND,-122.19923077,39.747958449999999
8326056,2017,2017-04-21,1101,2017-02-10,0935,MLB,,5,5,2,1101,0,0,0,,0,,"EAST ST","ROOSEVELT AV",0.00,,Y,E,-,N,,,,,,,,,,Y,3,0,1,1,A,-,07,21658,A,N,E,I,A,B,H,-,A,D,0,,,,,Y,,D,22,0,1,0,0,0,0,0,0,0,"- ","- ",,,GLENN,ORLAND,-122.18753999,39.753039889999997
8331429,2017,2018-02-10,1101,2017-03-14,0756,502,ORLAN,2,5,2,1101,0,0,0,,0,,"RT 32","6TH ST",60.00,E,N,A,-,Y,GLE,3,32,-,-,0.020,H,-,E,Y,4,0,3,2,A,-,01,23152,F,N,C,C,A,A,H,-,A,A,0,,,,,Y,,D,22,0,0,3,0,0,0,0,0,0,"- ","- ",,,GLENN,ORLAND,-122.19716870000001,39.74737228
8371958,2017,2018-04-24,1101,2017-04-07,1953,503,ORLAN,5,5,2,1101,0,0,0,,0," CITY","WALKER ST","EAST ST",117.00,W,N,C,-,Y,GLE,3,32,-,-,0.510,H,-,W,Y,4,0,1,2,A,-,09,21804,A,N,D,C,A,B,H,-,C,D,0,,,,,Y,,A,07,0,0,1,0,0,0,0,0,0,"- ","- ",,,GLENN,ORLAND,-122.1879642,39.747404539999998
8373141,2017,2017-06-02,1101,2017-05-09,0811,503,ORLAN,2,5,2,1101,0,0,0,,0,CITY,"3RD ST","MONTEREY ST",0.00,,Y,A,-,N,,,,,,,,,,N,2,0,1,2,A,-,10,21950,A,N,G,B,B,A,H,-,A,D,0,Y,,,,Y,,D,22,1,0,0,0,1,0,0,0,0,"- ","- ",,,GLENN,ORLAND,-122.19276996000001,39.752119999999998
8376271,2017,2018-03-27,1101,2017-05-08,1652,503,ORLAN,1,5,2,1101,0,0,0,,0,CITY,"EAST WALKER ST","PAPST AV",386.00,W,N,A,-,Y,GLE,3,32,-,-,0.950,H,-,E,Y,2,0,2,3,A,-,04,21703,,F,C,C,A,A,H,-,A,D,0,,,,,Y,,A,01,1,1,0,0,0,0,0,0,0,"- ","- ",,,GLENN,ORLAND,-122.17974096,39.747267409999999
8416598,2017,2017-07-31,1101,2017-05-31,1952,TR,,3,5,2,1101,0,0,0,,0,,"WINTERPINE DR","WINTERPINE DR 996",0.00,,Y,A,-,N,,,,,,,,,,N,2,0,1,2,A,-,00,23103,A,N,H,A,A,A,H,-,B,D,0,,,,,Y,,A,01,1,0,0,0,0,0,0,0,0,"- ","- ",,,GLENN,ORLAND,-122.20308064,39.756376510000003
8420587,2017,2018-04-09,1101,2017-06-06,1637,SJ,ORLAN,2,5,2,1101,0,0,0,,0,CITY,"EAST WALKER ST","WOODWARD AV",586.00,W,N,A,-,Y,GLE,3,32,-,-,0.710,H,-,E,Y,3,0,2,2,A,-,09,21804,A,N,D,C,A,A,H,-,A,D,0,,,,,Y,,A,01,0,2,0,0,0,0,0,0,0,"- ","- ",,,GLENN,ORLAND,-122.18425236,39.747312710000003
8462926,2017,2017-10-30,1101,2017-09-26,1911,DM,ORLAN,2,5,2,1101,0,0,0,,0,ORLAND,"A ST","COLUSA ST",0.00,,Y,A,-,N,,,,,,,,,,N,2,0,2,3,A,-,12,22450,A,F,D,C,A,A,H,-,B,A,0,,,,,Y,,A,01,1,0,1,0,0,0,0,0,0,"- ","- ",,,GLENN,ORLAND,-122.18893995000001,39.74626997
8469494,2018,2018-08-01,1101,2018-02-03,1640,505,ORLAN,6,5,2,1101,0,0,0,,0,CITY,"WALKER ST","A ST",20.00,E,N,A,B,Y,GLE,3,32,-,-,0.046,I,6,E,Y,3,0,1,1,A,-,05,21650,,N,E,I,A,A,H,-,A,A,0,,,,,Y,,A,01,0,1,0,0,0,0,0,0,0,"- ","- ",,,GLENN,ORLAND,-122.19667816162109,39.747367858886719
8485763,2017,2018-07-09,1101,2017-10-21,1538,502,1101,6,5,2,1101,0,0,0,,0,,"RT 32","4TH ST",0.00,,Y,A,-,Y,GLE,3,32,-,R,8.560,I,5,E,Y,3,0,2,2,A,-,01,23153,B,N,D,C,A,A,H,-,A,A,0,,,,,Y,Y,A,01,0,1,1,0,0,0,0,0,0,"- ","- ",,,GLENN,ORLAND,-122.0353989,39.744765559999998
8486180,2017,2018-07-09,1101,2017-10-20,0920,502,1101,5,5,2,1101,0,0,0,,0,,"WALKER ST","4TH ST",0.00,,Y,A,-,Y,GLE,3,32,-,R,8.560,I,5,E,Y,3,0,2,2,A,-,09,21802,A,N,B,C,A,A,H,-,A,A,0,,,,,Y,,A,01,0,1,1,0,0,0,0,0,0,"- ","- ",,,GLENN,ORLAND,-122.0353989,39.744765559999998
8665197,2018,2018-10-26,1101,2018-08-04,1422,DM,,6,5,2,1101,0,0,0,,0,ORLAND,"WALKER ST","EAST ST",0.00,,Y,A,-,Y,GLE,3,32,-,-,0.550,I,5,E,Y,4,0,2,2,A,-,12,21453,A,N,D,C,A,A,H,-,A,A,0,,,,,Y,,A,01,0,0,2,0,0,0,0,0,0,"- ","- ",,,GLENN,ORLAND,-122.18722534179688,39.747325897216797
8691746,2018,2018-10-05,1101,2018-08-11,0033,KFF,1101,6,5,2,1101,0,0,0,,0,,"E YOLO ST","WALNUT AV",0.00,,Y,F,-,N,,,,,,,,,,Y,3,0,3,2,A,-,01,23153,B,N,D,C,A,A,H,-,C,D,0,,,,,Y,Y,A,01,0,2,1,0,0,0,0,0,0,"- ","- ",,,GLENN,ORLAND,-122.18448638916016,39.743709564208984
8695586,2018,2018-09-19,1101,2018-05-27,1110,TR,ORLAN,7,5,2,1101,0,0,0,,0,,"NEWVILLE RD","9TH ST",0.00,,Y,A,-,N,,,,,,,,,,Y,4,0,1,2,A,-,09,21804,A,N,A,C,A,A,H,-,A,A,0,,,,,Y,,A,01,0,0,1,0,0,0,0,0,0,"- ","- ",,,GLENN,ORLAND,-122.2021484375,39.74932861328125
8696184,2018,2018-10-18,1101,2018-06-26,1234,DM,1101,2,5,2,1101,0,0,0,,0,ORLAND,"EAST WALKER ST","PAPST AV",0.00,,Y,A,-,Y,GLE,3,32,-,-,1.020,I,5,E,Y,2,0,2,2,A,-,12,21453,A,N,D,C,A,A,H,-,A,A,0,,,,,Y,,A,01,1,0,1,0,0,0,0,0,0,"- ","- ",,,GLENN,ORLAND,-122.17841339111328,39.747257232666016
8696239,2018,2018-10-18,1101,2018-03-20,1123,TR,,2,5,2,1101,0,0,0,,0,,"WALKER ST","4TH ST",0.00,,Y,B,C,Y,GLE,3,32,-,-,0.160,H,-,W,N,3,0,1,2,A,-,17,22517,,N,B,C,A,B,H,-,A,D,0,,Y,,,Y,,D,22,0,1,0,0,0,0,1,0,0,"- ","- ",,,GLENN,ORLAND,-122.19451141357422,39.747425079345703
8735771,2019,2019-02-11,1101,2019-01-25,2110,BS,,5,5,2,1101,0,0,0,,0,,"SOUTH ST","COUNTY RD K 1/2",195.00,W,N,A,-,N,,,,,,,,,,Y,2,0,2,4,A,-,05,21650,,N,C,B,F,A,H,-,D,D,0,Y,,,,Y,Y,A,01,1,0,1,0,2,0,0,0,0,"- ","- ",,,GLENN,ORLAND,-122.1904296875,39.740135192871094
8779456,2018,2019-02-11,1101,2018-11-15,1035,SJ,ORLAN,4,5,2,1101,0,0,0,,0,,"6TH ST","YOLO ST",84.00,S,N,F,-,N,,,,,,,,,,Y,4,0,1,2,A,-,04,21703,,N,C,C,A,A,H,-,A,D,0,,,,,Y,,A,01,0,0,1,0,0,0,0,0,0,"- ","- ",,,GLENN,ORLAND,-122.19757843017578,39.743881225585938
8787004,2018,2019-02-11,1101,2018-12-12,1700,510,ORLAN,3,5,2,1101,0,0,0,,0,CITY,"6TH ST","W MONTEREY ST",121.00,N,N,A,-,N,,,,,,,,,,Y,2,0,1,2,A,-,01,21200,5,N,D,G,A,A,H,-,D,D,0,,Y,,,Y,Y,L,04,1,0,0,0,0,0,1,0,0,"- ","- ",,,GLENN,ORLAND,-122.19700622558594,39.753280639648438
8787016,2018,2019-02-11,1101,2018-12-07,1723,502,1101,5,5,2,1101,0,0,0,,0,,"SOUTH ST","6TH ST",123.00,E,N,A,-,N,,,,,,,,,,N,2,0,1,2,A,-,08,22107,,N,H,G,A,A,H,-,C,A,0,,Y,,,Y,,L,04,1,0,0,0,0,0,1,0,0,"- ","- ",,,GLENN,ORLAND,-122.19685363769531,39.740242004394531
8794208,2018,2019-02-22,1101,2018-12-06,1652,511,ORLAN,4,5,2,1101,0,0,0,,0,CITY,"WALKER ST","A ST",0.00,,Y,A,-,Y,GLE,3,32,-,-,0.460,I,5,E,Y,4,0,2,3,A,-,03,22350,,N,C,C,A,A,H,-,B,A,0,,,,,Y,,A,01,0,0,2,0,0,0,0,0,0,"- ","- ",,,GLENN,ORLAND,-122.18889617919922,39.747333526611328
8828851,2019,2019-04-17,1101,2019-03-05,2315,BS,,2,5,2,1101,0,0,0,,0,,"EAST SHASTA ST","WOODWARD AV",338.00,E,N,C,-,N,,,,,,,,,,Y,4,0,1,5,A,-,05,21650,,N,A,E,A,A,H,-,C,D,0,,,,,Y,,A,08,0,0,1,0,0,0,0,0,0,"- ","- ",,,GLENN,ORLAND,-122.18202972412109,39.750949859619141
8838334,2019,2019-05-22,1101,2019-03-14,1350,KEF,1101,4,5,2,1101,0,0,0,,0,,"NEWVILLE RD","6TH ST",34.00,W,N,A,-,Y,GLE,3,32,-,R,0.510,H,-,E,N,4,0,1,2,A,-,04,21703,,N,C,C,A,A,H,-,A,A,0,,,,,Y,Y,A,07,0,0,1,0,0,0,0,0,0,"- ","- ",,,GLENN,ORLAND,-122.19747161865234,39.74737548828125
90005109,2015,2015-10-19,9160,2015-07-08,0735,018256,,3,1,9,1100,0,1,3,,1,010,"HIGHWAY 45","COUNTY ROAD 26",3168.00,S,N,A,-,Y,,,,,,,,,,Y,3,0,1,1,A,-,08,22107,,N,F,A,A,A,H,-,A,D,0,,,,,Y,,A,01,0,1,0,0,0,0,0,0,0,"- ","- ",39.675330000000002,-122.00583,GLENN,UNINCORPORATED,-122.00568251,39.675426199999997
90006222,2015,2015-10-19,9160,2015-07-27,1515,018737,,1,2,9,1100,0,3,5,,2,007,"COUNTY ROAD 61","COUNTY ROAD SS",2112.00,W,N,A,-,N,,,,,,,,,,Y,3,0,1,1,A,-,08,22107,,N,E,I,A,A,H,-,A,D,0,,,,,Y,,D,23,0,1,0,0,0,0,0,0,0,"- ","- ",39.462940000000003,-122.09992,GLENN,UNINCORPORATED,-122.09987104,39.46297861
90006608,2015,2015-10-19,9160,2015-07-24,1158,017577,,5,1,9,1100,0,1,1,,2,004,"INTERSTATE 5 N/B","COUNTY ROAD 48 OVERCROSSING",1233.00,N,N,A,-,Y,,,5,,,,,,N,Y,3,0,1,1,A,-,08,22107,,N,F,A,A,A,H,-,A,D,0,,,,,Y,,D,22,0,1,0,0,0,0,0,0,0,"- ","- ",39.547510000000003,-122.21472,GLENN,UNINCORPORATED,-122.2146561,39.547510000000003
90006929,2015,2015-10-19,9160,2015-07-28,1541,018737,,2,2,9,1100,0,1,3,,1,008,SR-32,"IRVINE FINCH RIVER ACCESS RD.",430.00,W,N,A,-,Y,,,32,,,,,,,Y,3,0,2,2,A,-,09,21804,A,N,D,C,A,A,H,-,A,D,0,,,,,Y,,A,07,0,1,1,0,0,0,0,0,0,"- ","- ",39.749009999999998,-122.00342999999999,GLENN,UNINCORPORATED,-122.00345265,39.749089009999999
90008271,2015,2015-10-19,9160,2015-08-02,0010,019041,,7,3,9,1100,0,1,1,,2,006,"INTERSTATE 5 NB","COUNTY RD. 3",300.00,N,N,A,-,Y,,,5,,,,,,N,Y,3,0,1,1,A,-,01,23152,E,N,E,J,A,A,H,-,D,D,0,,,,,Y,,A,01,0,1,0,0,0,0,0,0,0,"- ","- ",39.79569,-122.20162000000001,GLENN,UNINCORPORATED,-122.2014427,39.795637319999997
90008313,2015,2015-10-19,9160,2015-07-25,1730,018895,,6,2,9,1100,0,1,1,,2,002,I-5,"COUNTY ROAD 68",528.00,S,N,A,-,Y,,,5,,,,,,,Y,3,0,1,1,A,-,08,22107,,N,E,I,A,A,H,-,A,D,0,,,,,Y,,A,07,0,1,0,0,0,0,0,0,0,"- ","- ",39.402830000000002,-122.19535,GLENN,UNINCORPORATED,-122.19526009,39.402850460000003
90008640,2015,2015-10-19,9160,2015-08-01,1247,017577,,6,1,9,1100,0,1,1,,2,006,"INTERSTATE 5 N/B","COUNTY ROAD 24 OVER CROSSING",40.00,N,N,A,-,Y,,,5,,,,,,N,Y,4,0,1,1,A,-,08,22107,,F,E,I,A,A,H,-,A,D,0,,,,,Y,,A,07,0,0,1,0,0,0,0,0,0,"- ","- ",39.711840000000002,-122.20589,GLENN,UNINCORPORATED,-122.20599605,39.71184161
90009045,2015,2015-10-19,9160,2015-08-10,1555,018174,,1,2,9,1100,0,3,5,,2,001,SR-32,"COUNTY ROAD P",0.00,,Y,A,-,Y,,,32,,,,,,,Y,4,0,1,2,A,-,09,21802,A,N,D,C,A,A,H,-,A,A,0,,,,,Y,,M,46,0,0,1,0,0,0,0,0,0,"- ","- ",39.746989999999997,-122.14122,GLENN,UNINCORPORATED,-122.14122014,39.746963729999997
90009068,2015,2015-10-19,9160,2015-08-16,1513,018737,,7,2,9,1100,0,1,3,,1,010,SR-45,"ORD FERRY RD.",0.00,,Y,A,-,Y,,,45,,,,,,,Y,4,0,1,2,A,-,09,21802,A,N,D,C,A,A,H,-,A,D,0,,,,,Y,,A,07,0,0,1,0,0,0,0,0,0,"- ","- ",39.630099999999999,-122.00694,GLENN,UNINCORPORATED,-122.00695028,39.630100380000002
90013325,2015,2015-10-19,9160,2015-08-21,2132,013178,,5,2,9,1100,0,1,1,,2,002,"INTERSTATE 5","COUNTY ROAD 60",504.00,S,N,A,-,Y,,,5,,,,,,,Y,3,0,2,1,A,-,08,22107,,N,F,A,A,A,H,-,D,D,0,,,,,Y,,A,08,0,1,1,0,0,0,0,0,0,"- ","- ",39.464030000000001,-122.19562000000001,GLENN,UNINCORPORATED,-122.19554271,39.464038340000002
90013824,2015,2015-10-19,9160,2015-08-22,1815,017692,,6,2,9,1100,0,3,5,,2,005,"1ST. AVE.","COUNTY ROAD 6",109.00,N,N,A,-,N,,,,,,,,,,Y,2,0,1,1,A,-,01,23152,A,F,F,A,A,A,H,-,A,D,0,,,,,Y,Y,A,07,1,0,0,0,0,0,0,0,0,"- ","- ",39.786819999999999,-122.05242,GLENN,UNINCORPORATED,-122.05238021,39.786630510000002
90016433,2015,2015-10-19,9160,2015-08-28,1515,017692,,5,2,9,1100,0,3,5,,2,003,"COUNTY ROAD 200","COUNTY ROAD 306",3168.00,E,N,A,-,N,,,,,,,,,,Y,2,0,1,1,A,-,08,22107,,N,F,A,A,A,H,-,A,D,0,,,,,Y,,D,22,1,0,0,0,0,0,0,0,0,"- ","- ",39.789839999999998,-122.50767,GLENN,UNINCORPORATED,-122.50954813,39.789997929999998
90023276,2015,2015-10-19,9160,2015-09-16,2010,015118,,3,2,9,1100,0,3,5,,2,007,"CO. RD. 60","CO. RD. 99W",3168.00,E,N,A,-,N,,,,,,,,,,Y,3,0,1,1,A,-,08,22107,,N,E,I,A,B,H,-,D,D,0,,,,,Y,,D,22,0,1,0,0,0,0,0,0,0,"- ","- ",39.46566,-122.18015,GLENN,UNINCORPORATED,-122.18174581,39.465640280000002
90023403,2015,2015-10-19,9160,2015-09-17,1630,017692,,4,2,9,1100,0,1,1,,2,006,"I-5 N/B","COUNTY ROAD 25",398.00,S,N,A,-,Y,,,5,,,,,,N,Y,3,0,1,1,C,-,18,,,N,E,I,A,A,H,-,A,D,0,,,,,Y,,-,"- ",0,1,0,0,0,0,0,0,0,"- ","- ",39.695630000000001,-122.20523,GLENN,UNINCORPORATED,-122.20514086999999,39.695635260000003
90025458,2015,2015-10-19,9160,2015-09-25,0730,018704,,5,1,9,1100,0,3,5,,2,005,CR-203,"COUNTY ROAD 9",555.00,S,N,A,-,Y,,,,,,,,,,Y,3,0,1,1,A,-,01,23152,A,N,E,I,A,A,H,-,A,D,0,,,,,Y,Y,A,01,0,1,0,0,0,0,0,0,0,"- ","- ",39.76473,-122.029,GLENN,UNINCORPORATED,-122.02977481000001,39.765146940000001
90028608,2015,2015-10-19,9160,2015-10-02,1320,018704,,5,1,9,1100,0,3,5,,2,001,"I-5 N/B","COUNTY ROAD 7",500.00,N,N,A,G,Y,,,5,,,,,,N,Y,4,0,1,1,A,-,08,22107,,N,E,I,A,A,H,-,A,D,0,,,,,Y,,A,08,0,0,1,0,0,0,0,0,0,"- ","- ",39.786749999999998,-122.20390999999999,GLENN,UNINCORPORATED,-122.20400297,39.786770500000003
90031019,2015,2015-10-19,9160,2015-09-30,1640,018128,,3,2,9,1100,0,3,5,,2,007,"COUNTY ROAD 60","COUNTY ROAD P",5280.00,E,N,A,B,N,,,,,,,,,,Y,2,0,1,2,A,-,03,22350,,N,D,C,A,A,H,-,A,D,0,,,,Y,Y,,A,01,1,0,0,0,0,0,0,0,0,"- ","- ",39.464579999999998,-122.11698,GLENN,UNINCORPORATED,-122.11809076999999,39.464570000000002
90031467,2015,2015-10-19,9160,2015-10-12,0750,017577,,1,1,9,1100,0,1,3,,2,012,"STATE ROUTE 162 W/B","COUNTY ROAD Y",4224.00,W,N,A,-,Y,,,162,,,,,,W,Y,4,0,1,1,C,-,18,,,N,E,H,A,A,H,-,A,D,0,,,,,Y,,-,"- ",0,0,1,0,0,0,0,0,0,"- ","- ",39.464469999999999,-121.98157,GLENN,UNINCORPORATED,-121.98157034,39.464396979999997
90035769,2015,2016-03-08,9160,2015-10-12,2306,018174,,1,3,9,1100,0,3,5,,2,001,"6TH AVE","COUNTY RD 9",23.00,S,N,A,-,N,,,,,,,,,,Y,3,0,1,1,A,-,03,22350,,M,E,J,A,A,H,-,D,A,0,,,,,Y,Y,D,22,0,1,0,0,0,0,0,0,0,"- ","- ",39.768160000000002,-122.10983,GLENN,UNINCORPORATED,-122.10995792999999,39.76845703
9003628,2019,2020-06-29,1101,2019-10-25,1603,511,ORLAN,5,5,2,1101,0,0,0,,0,CITY,"WALKER ST","EAST ST",183.00,E,N,A,-,Y,GLE,3,32,-,-,0.580,H,-,W,N,4,0,1,2,A,-,04,21703,,N,C,C,A,A,H,-,A,A,0,,,,,Y,,A,01,0,0,1,0,0,0,0,0,0,"- ","- ",,,GLENN,ORLAND,-122.18666839599609,39.747394561767578
90041840,2015,2015-10-30,9160,2015-10-26,0805,015855,,1,1,9,1100,1,3,5,,2,001,"COUNTY ROAD 306","COUNTY ROAD 308",3168.00,S,N,A,-,N,,,,,,,,,,N,4,0,1,1,C,-,18,,,N,E,H,A,A,H,-,A,D,0,,,,,Y,,-,"- ",0,0,1,0,0,0,0,0,0,"- ","- ",39.586370000000002,-122.53619,GLENN,UNINCORPORATED,-122.53681614,39.587086419999999
90042781,2015,2015-11-02,9160,2015-10-23,0700,017334,,5,1,9,1100,0,3,5,,2,001,"COUNTY ROAD D","COUNTY ROAD 57",7392.00,S,N,A,-,N,,,,,,,,,,Y,3,0,1,1,A,-,08,22107,,N,F,A,A,A,H,-,B,D,0,,,,,Y,,A,01,0,1,0,0,0,0,0,0,0,"- ","- ",39.47739,-122.24892,GLENN,UNINCORPORATED,-122.24894870999999,39.474539640000003
9004364,2019,2020-05-20,1101,2019-08-07,1811,503,ORL,3,5,2,1101,0,0,0,,0,CITY,"EAST WALKER ST","WOODWARD AV",116.00,W,N,A,-,Y,GLE,3,32,-,-,0.800,H,-,W,N,3,0,1,2,A,-,11,21954,A,N,G,B,D,A,H,-,A,A,0,Y,,,,Y,,N,60,0,1,0,0,1,0,0,0,0,"- ","- ",,,GLENN,ORLAND,-122.18257904052734,39.747371673583984
90050574,2015,2015-11-13,9160,2015-11-07,0540,017334,,6,3,9,1100,0,1,3,,1,010,SR-45,CR-54,1056.00,N,N,A,-,Y,,,45,,,,,,,Y,3,0,1,1,A,-,08,22107,,N,F,A,A,A,H,-,D,D,0,,,,,Y,,D,22,0,1,0,0,0,0,0,0,0,"- ","- ",39.507190000000001,-122.01783,GLENN,UNINCORPORATED,-122.01781561999999,39.50718706
90052289,2015,2015-11-17,9160,2015-11-09,0145,015118,,1,3,9,1100,0,3,5,,2,003,"CO. RD. H","CO. RD. 17",260.00,N,N,B,-,N,,,,,,,,,,Y,4,0,1,1,A,-,08,22107,,N,E,I,A,B,H,-,D,D,0,,,,,Y,,A,01,0,0,1,0,0,0,0,0,0,"- ","- ",,,GLENN,UNINCORPORATED,-122.21569598000001,39.73752133
90056375,2015,2015-11-20,9160,2015-11-08,1037,018174,,7,1,2,1102,0,1,1,,2,006,"I-5 S/B",SR-32,350.00,S,N,B,-,Y,,,,,,,,,,Y,2,0,3,2,A,-,08,22107,,N,B,C,A,B,H,-,A,D,0,,,,,Y,,A,07,1,0,2,0,0,0,0,0,0,"- ","- ",39.748930000000001,-122.20583000000001,GLENN,WILLOWS,-122.20569340999999,39.749809020000001
90059621,2015,2015-11-25,9160,2015-07-19,1740,018128,,7,2,9,1100,0,1,1,,2,002,"I-5 NB","COUNTY ROAD 60",4752.00,S,N,A,-,Y,,,5,,,,,,N,Y,1,1,5,1,A,-,08,22107,,N,E,I,A,A,H,-,A,D,0,,,,,Y,,A,07,2,3,0,0,0,0,0,0,0,"- ","- ",39.451880000000003,-122.19316000000001,GLENN,UNINCORPORATED,-122.19332857000001,39.451879949999999
90066709,2015,2015-12-07,9160,2015-11-11,1820,018174,,3,2,9,1100,0,3,5,,2,007,"COUNTY ROAD 48","COUNTY ROAD 47",200.00,E,N,A,-,N,,,,,,,,,,Y,4,0,1,2,D,-,00,,,N,B,C,A,A,H,-,D,A,0,,,,,Y,,-,"- ",0,0,1,0,0,0,0,0,0,"- ","- ",39.53884,-122.17421,GLENN,UNINCORPORATED,-122.17384319,39.53886
90066807,2015,2015-12-07,9160,2015-11-23,1830,016473,,1,2,9,1100,0,2,4,,2,016,"COUNTY ROAD 99W","COUNTY ROAD 39",207.00,S,N,A,-,N,,,,,,,,,,Y,3,0,1,1,A,-,08,22107,,N,F,A,A,A,H,-,D,D,0,,,Y,,Y,,C,02,0,1,0,0,0,0,0,0,1,"- ","- ",39.583120000000001,-122.19446000000001,GLENN,UNINCORPORATED,-122.19430808,39.582964259999997
90066856,2015,2015-12-07,9160,2015-11-26,0150,017873,,4,3,9,1100,0,3,5,,2,007,"COUNTY ROAD 39","COUNTY ROAD T",120.00,W,N,A,-,N,,,,,,,,,,Y,4,0,2,1,A,-,08,22107,,N,E,I,A,A,H,-,D,D,0,,,,,Y,,A,01,0,0,2,0,0,0,0,0,0,"- ","- ",39.58287,-122.08994,GLENN,UNINCORPORATED,-122.08429587000001,39.5827806
90071211,2015,2015-12-11,9160,2015-12-01,1645,016473,,2,2,9,1100,0,1,3,,1,008,"STATE ROUTE 32","COUNTY ROAD V V",100.00,W,N,A,B,Y,,,32,,,,,,,Y,4,0,1,2,A,-,03,22350,,N,C,C,A,A,H,-,B,D,0,,,,,Y,,D,22,0,0,1,0,0,0,0,0,0,"- ","- ",39.744840000000003,-122.05759999999999,GLENN,UNINCORPORATED,-122.05759998000001,39.744821729999998
90071520,2015,2015-12-11,9160,2015-12-09,0740,015855,,3,1,9,1100,0,3,5,,2,005,"COUNTY ROAD WW","COUNTY ROAD 32",0.00,,Y,B,C,N,,,,,,,,,,Y,4,0,1,1,A,-,03,22350,,N,E,I,A,B,H,-,A,D,0,,,,,Y,,A,01,0,0,1,0,0,0,0,0,0,"- ","- ",39.630600000000001,-122.03716,GLENN,UNINCORPORATED,-122.03684991,39.630669900000001
90076490,2015,2015-12-17,9160,2015-12-08,2112,018174,,2,2,9,1100,0,2,4,,2,016,CR-99W,CR-42,12.00,N,N,B,-,N,,,,,,,,,,Y,4,0,1,2,A,-,03,22350,,N,B,C,A,B,H,-,D,D,0,,,,Y,Y,,A,01,0,0,1,0,0,0,0,0,0,"- ","- ",39.573740000000001,-122.19387,GLENN,UNINCORPORATED,-122.19374999999999,39.573322949999998
90079105,2015,2015-12-21,9160,2015-09-26,0152,013178,,6,3,9,1100,0,2,4,,2,016,"COUNTY ROAD 99W","COUNTY ROAD 20",36.00,N,N,A,-,N,,,,,,,,,,Y,1,1,0,1,A,-,01,23152,A,N,E,I,A,A,H,-,D,D,0,,,,,Y,Y,A,07,0,0,0,0,0,0,0,0,0,"- ","- ",39.726320000000001,-122.19695,GLENN,UNINCORPORATED,-122.19691014,39.725808569999998
90084549,2015,2015-12-29,9160,2015-12-27,1303,017577,,7,1,9,1100,0,3,5,,2,007,"COUNTY ROAD 39 W/B","COUNTY ROAD S",2112.00,E,N,A,-,N,,,,,,,,,,Y,3,0,1,1,A,-,08,22107,,N,F,A,A,A,H,-,A,D,0,,,,,Y,,A,01,0,1,0,0,0,0,0,0,0,"- ","- ",39.5824,-122.10098000000001,GLENN,UNINCORPORATED,-122.10011597,39.582615320000002
90087789,2015,2016-01-06,9160,2015-12-31,0530,017334,,4,3,9,1100,0,3,5,,2,005,CR-P,CR-33,0.00,,Y,A,-,N,,,,,,,,,,Y,4,0,1,1,A,-,01,23152,A,N,E,I,A,A,H,-,D,A,0,,,,,Y,Y,A,01,0,0,1,0,0,0,0,0,0,"- ","- ",39.623780000000004,-122.14154000000001,GLENN,UNINCORPORATED,-122.14141986,39.623779970000001
90089379,2015,2016-01-06,9160,2015-12-31,1842,018737,,4,2,9,1100,0,1,3,,2,012,SR-162,"EUREKA ST.",1580.00,W,N,A,-,Y,,,162,,,,,,,Y,3,0,1,1,A,-,01,23152,A,N,E,I,A,A,H,-,D,D,0,,,,,Y,Y,A,07,0,1,0,0,0,0,0,0,0,"- ","- ",39.459519999999998,-121.99279,GLENN,UNINCORPORATED,-121.99270081,39.45952303
90094309,2015,2016-01-13,9160,2015-08-17,0230,017873,,1,3,9,1100,0,1,3,,2,012,SR-162,"SHASTA ST.",528.00,W,N,A,-,Y,,,162,,,,,,,Y,1,1,0,1,A,-,01,23152,A,N,E,I,A,A,H,-,D,A,0,,,,,Y,Y,A,01,0,0,0,0,0,0,0,0,0,"- ","- ",39.464889999999997,-121.99224,GLENN,UNINCORPORATED,-121.99175726,39.464296589999996
90094318,2015,2016-01-13,9160,2015-11-17,2500,018128,,2,4,9,1100,0,3,5,,2,005,"COUNTY ROAD 27","COUNTY ROAD QQ",0.00,,Y,A,-,N,,,,,,,,,,Y,1,1,0,1,A,-,03,22350,,N,F,A,A,A,H,-,D,A,0,,,Y,,Y,,C,02,0,0,0,0,0,0,0,1,0,"- ","- ",39.681640000000002,-122.12199,GLENN,UNINCORPORATED,-122.12215990999999,39.681669939999999
90098113,2016,2016-01-19,9160,2016-01-06,1325,013178,,3,1,9,1100,0,3,5,,2,005,"COUNTY ROAD M","COUNTY ROAD 20",0.00,,Y,B,-,N,,,,,,,,,,Y,4,0,2,2,A,-,09,21802,A,N,D,C,A,B,H,-,A,A,0,,,,,Y,,A,01,0,0,2,0,0,0,0,0,0,"- ","- ",39.433210000000003,-122.10415,GLENN,UNINCORPORATED,-122.16898987,39.725409929999998
90103700,2016,2016-01-27,9160,2016-01-21,0920,017577,,4,1,9,1100,0,1,3,,1,010,"STATE ROUTE 45","COUNTY ROAD 26",2640.00,S,N,B,E,Y,,,45,,,,,,,Y,4,0,1,2,A,-,03,22350,,N,C,C,A,A,H,-,A,D,0,,,,,Y,,A,07,0,0,1,0,0,0,0,0,0,"- ","- ",39.675780000000003,-122.00552,GLENN,UNINCORPORATED,-122.00563826,39.675807849999998
90104123,2016,2016-01-27,9160,2016-01-15,1015,015855,,5,1,9,1100,0,1,3,,1,010,"STATE HIGHWAY 45","COUNTY ROAD 60",1584.00,S,N,A,-,Y,,,45,,,,,,,Y,3,0,2,2,A,-,06,21750,,N,D,C,A,A,H,-,A,D,0,,,,,Y,,A,07,0,1,1,0,0,0,0,0,0,"- ","- ",39.453650000000003,-122.01694000000001,GLENN,UNINCORPORATED,-122.01734915999999,39.453656090000003
90107672,2016,2016-02-02,9160,2016-01-17,1031,018256,,7,1,9,1100,0,3,5,,2,007,"COUNTY ROAD M","COUNTY ROAD 33",0.00,,Y,C,-,N,,,,,,,,,,Y,4,0,1,1,A,-,03,22350,,N,E,I,A,B,H,-,A,D,0,,,,,Y,,A,01,0,0,1,0,0,0,0,0,0,"- ","- ",39.624020000000002,-122.17887,GLENN,UNINCORPORATED,-122.17877989999999,39.624049970000002
90108542,2016,2016-02-03,9160,2016-02-02,0650,018174,,2,1,9,1100,0,3,5,,2,005,"COUNTY ROAD 9","COUNTY ROAD P",0.00,,Y,B,-,N,,,,,,,,,,Y,4,0,2,2,A,-,03,22350,,N,D,C,A,B,H,-,D,A,0,,,,,Y,,A,01,0,0,2,0,0,0,0,0,0,"- ","- ",39.768509999999999,-122.14108,GLENN,UNINCORPORATED,-122.13202996,39.768579889999998
90111886,2016,2016-02-09,9160,2016-01-24,0100,018895,,7,3,9,1100,0,3,5,,2,001,"COUNTY ROAD 68",I-5,1056.00,W,N,E,-,N,,,,,,,,,,N,2,0,1,1,A,-,01,23152,A,N,F,A,A,A,H,-,D,D,0,,,Y,,Y,Y,C,06,1,0,0,0,0,0,0,0,1,"- ","- ",39.407029999999999,-122.20572,GLENN,UNINCORPORATED,-122.19970771,39.407150000000001
90112074,2016,2016-02-09,9160,2016-02-02,1235,018128,,2,1,9,1100,0,1,3,,2,012,SR-162,"COUNTY ROAD WW",0.00,,Y,B,-,N,,,162,,,,,,,Y,3,0,1,1,A,-,08,22107,,N,E,I,A,B,H,-,A,D,0,,,,,Y,,A,01,0,1,0,0,0,0,0,0,0,"- ","- ",39.521880000000003,-122.03707,GLENN,UNINCORPORATED,-122.03707008000001,39.521832740000001
90114418,2016,2016-02-12,9160,2016-02-08,0845,018128,,1,1,9,1100,0,1,3,,1,008,SR-32,"WALSH AVE",0.00,,Y,A,-,Y,,,32,,,,,,,N,4,0,1,3,A,-,03,22350,,N,C,C,A,A,H,-,A,D,0,,,,,Y,,A,01,0,0,1,0,0,0,0,0,0,"- ","- ",39.746189999999999,-122.0133,GLENN,UNINCORPORATED,-122.01331299,39.74623442
90114508,2016,2016-02-12,9160,2016-02-11,0650,017334,,4,1,9,1100,0,1,3,,1,008,SR-32,"TEHAMA COLUSA CANAL BRIDGE",120.00,W,N,A,-,Y,,,32,,,,,,,Y,3,0,1,2,A,-,09,21801,A,N,A,C,A,A,H,-,B,D,0,,,,,Y,,D,22,0,1,0,0,0,0,0,0,0,"- ","- ",39.746949999999998,-122.15697,GLENN,UNINCORPORATED,-122.15696929000001,39.747006059999997
90121160,2016,2016-02-22,9160,2016-02-15,0535,016473,,1,3,9,1100,0,1,1,,2,002,"I-5 N/B","COUNTY ROAD 68",5.00,N,N,A,-,Y,,,,,,,,,,Y,4,0,1,1,A,-,08,22107,,N,E,I,A,A,H,-,D,D,0,,,,,Y,,D,22,0,0,1,0,0,0,0,0,0,"- ","- ",39.422499999999999,-122.1144,GLENN,UNINCORPORATED,-122.19563961999999,39.407143730000001
90124193,2016,2016-02-25,9160,2016-02-20,2040,018812,,6,2,9,1100,0,3,5,,2,005,"COUNTY ROAD 6","COUNTY ROAD O",161.00,W,N,B,-,N,,,,,,,,,,Y,3,0,1,1,A,-,08,22107,,N,E,I,A,A,H,-,C,D,0,,,,,Y,,D,22,0,1,0,0,0,0,0,0,0,"- ","- ",39.780160000000002,-122.15564999999999,GLENN,UNINCORPORATED,-122.15091289999999,39.786851050000003
90126033,2016,2016-02-29,9160,2016-02-19,0615,017334,,5,1,9,1100,0,3,5,,2,003,"COUNTY ROAD 200","COUNTY ROAD DD",0.00,,N,B,-,N,,,,,,,,,,Y,2,0,1,1,A,-,08,22107,,N,F,A,A,A,H,-,B,D,0,,,,,Y,,A,01,1,0,0,0,0,0,0,0,0,"- ","- ",39.764569999999999,-122.24138000000001,GLENN,UNINCORPORATED,-122.24772986000001,39.766789930000002
90127582,2016,2016-03-02,9160,2016-02-26,0220,018895,,5,3,9,1100,0,3,5,,2,005,"COUNTY ROAD 9","COUNTY ROAD P",528.00,W,N,A,-,N,,,,,,,,,,Y,4,0,1,1,A,-,01,23152,A,N,E,I,A,A,H,-,D,D,0,,,,,Y,Y,A,07,0,0,1,0,0,0,0,0,0,"- ","- ",39.768770000000004,-122.14294,GLENN,UNINCORPORATED,-122.13390889999999,39.768576000000003
90128654,2016,2016-03-03,9160,2016-02-23,1745,016473,,2,2,9,1100,0,2,4,,2,016,"COUNTY ROAD 6","COUNTY ROAD 99W",0.00,,Y,A,B,N,,,,,,,,,,Y,4,0,1,2,A,-,01,23152,A,F,D,C,A,A,H,-,B,A,0,,,,,Y,Y,A,08,0,0,1,0,0,0,0,0,0,"- ","- ",39.787350000000004,-122.19753,GLENN,UNINCORPORATED,-122.19753999,39.787339950000003
90129347,2016,2016-03-04,9160,2016-02-24,1228,017334,,3,1,9,1100,0,1,3,,1,008,SR-32,BROADWAY,50.00,E,N,A,-,Y,,,32,,,,,,,N,4,0,1,2,A,-,03,22350,,N,C,A,A,A,H,-,A,D,0,,,,,Y,,A,01,0,0,1,0,0,0,0,0,0,"- ","- ",39.745820000000002,-122.0149,GLENN,UNINCORPORATED,-122.01488782,39.745777650000001
90131065,2016,2016-03-07,9160,2016-02-27,1701,018737,,6,2,9,1100,0,3,5,,2,005,"SIERRA AVE","5TH ST",86.00,S,N,A,-,N,,,,,,,,,,Y,4,0,1,2,C,-,18,,,N,C,C,A,A,H,-,A,D,0,,,,,Y,,-,"- ",0,0,1,0,0,0,0,0,0,"- ","- ",39.745280000000001,-122.00973,GLENN,UNINCORPORATED,-122.00984445,39.745308340000001
90132499,2016,2016-03-09,9160,2016-01-22,1300,017334,,5,1,9,1100,0,3,5,,2,005,"COUNTY ROAD 32",SR-45,3696.00,E,N,B,-,N,,,,,,,,,,Y,1,1,3,2,A,-,05,21460,A,N,A,C,A,B,H,-,A,D,0,,,,Y,Y,,A,01,2,1,0,0,0,0,0,0,0,"- ","- ",39.629309999999997,-121.99657999999999,GLENN,UNINCORPORATED,-121.99408280999999,39.629150000000003
90136338,2016,2016-03-14,9160,2016-03-06,1340,018128,,7,1,9,1100,0,3,5,,2,005,"7428 COUNTY ROAD 9","4TH AVE",2112.00,W,N,B,-,N,,,,,,,,,,N,4,0,1,1,A,-,08,22107,,N,E,I,A,A,H,-,A,D,0,,,,,Y,,A,01,0,0,1,0,0,0,0,0,0,"- ","- ",39.76661,-122.09332999999999,GLENN,UNINCORPORATED,-122.09389686999999,39.766572660000001
9013978,2019,2020-01-15,1101,2019-07-18,1815,509,,4,5,2,1101,0,0,0,,0,,"6TH ST","COLUSA ST",0.00,,Y,A,-,N,,,,,,,,,,N,4,0,2,2,A,-,04,21703,,N,C,C,A,A,H,-,A,A,0,,,,,Y,,A,01,0,0,2,0,0,0,0,0,0,"- ","- ",,,GLENN,ORLAND,-122.19756317138672,39.746288299560547
90145148,2016,2016-03-28,9160,2016-03-21,0905,018256,,1,1,9,1100,0,1,3,,1,010,"SR-45 N/B","COUNTY ROAD 39",5280.00,S,N,B,-,Y,,,45,,,,,,N,Y,3,0,1,1,A,-,08,22107,,N,F,A,A,B,H,-,A,D,0,,,,,Y,,D,22,0,1,0,0,0,0,0,0,0,"- ","- ",39.568390000000001,-122.00532,GLENN,UNINCORPORATED,-122.00540046,39.568402409999997
90145160,2016,2016-03-28,9160,2016-03-24,1300,017577,,4,1,9,1100,0,1,1,,2,006,"INTERSTATE 5 N/B","COUNTY ROAD 27 OVERCROSSING",2640.00,S,N,A,-,Y,,,5,,,,,,N,Y,4,0,1,2,A,-,03,22350,,N,C,C,A,A,H,-,A,D,0,,,,,Y,,A,07,0,0,1,0,0,0,0,0,0,"- ","- ",39.676990000000004,-122.20452,GLENN,UNINCORPORATED,-122.20448124000001,39.676990590000003
90147389,2016,2016-03-29,9160,2016-03-23,0010,015118,,3,3,9,1100,0,3,5,,2,001,"CO. RD. D","CO. RD. 57",5808.00,S,N,A,-,N,,,,,,,,,,Y,3,0,1,2,A,-,01,23152,A,N,B,C,A,A,H,-,D,D,0,,,,,Y,Y,A,01,0,1,0,0,0,0,0,0,0,"- ","- ",39.47842,-122.249,GLENN,UNINCORPORATED,-122.24882126,39.478771190000003
90147430,2016,2016-03-29,9160,2016-03-24,1150,015855,,4,1,9,1100,0,1,1,,2,006,"I-5 N/B","COUNTY ROAD 27",2112.00,N,N,A,-,Y,,,5,,,,,,N,Y,4,0,2,2,A,-,07,21658,A,N,B,C,A,A,H,-,A,D,0,,,,Y,Y,,A,01,0,0,2,0,0,0,0,0,0,"- ","- ",39.686959999999999,-122.20453000000001,GLENN,UNINCORPORATED,-122.20463538999999,39.686954049999997
90149073,2016,2016-04-01,9160,2016-03-27,0830,018174,,7,1,9,1100,0,1,1,,2,002,"I-5 N/B","COUNTY ROAD 60",4224.00,N,N,A,-,Y,,,5,,,,,,N,Y,2,0,1,2,A,-,08,22107,,N,C,C,A,A,H,-,A,D,0,,,,Y,Y,,A,01,1,0,0,0,0,0,0,0,0,"- ","- ",39.478850000000001,-122.19561,GLENN,UNINCORPORATED,-122.19570566,39.478849449999998
90149266,2016,2016-04-01,9160,2016-03-28,1020,018256,,1,1,9,1100,0,3,5,,2,005,"COUNTY ROAD S","COUNTY ROAD 33",3168.00,N,N,A,G,N,,,,,,,,,,N,4,0,1,1,A,-,08,22107,,N,E,I,A,A,H,-,A,D,0,,,,,Y,,A,01,0,0,1,0,0,0,0,0,0,"- ","- ",39.632489999999997,-122.10393000000001,GLENN,UNINCORPORATED,-122.10402107,39.632121079999997
90151252,2016,2016-04-05,9160,2016-04-01,0200,018895,,5,3,9,1100,0,3,5,,2,007,"COUNTY ROAD 39","COUNTY ROAD S",1056.00,E,N,A,-,N,,,,,,,,,,Y,3,0,1,1,A,-,01,23152,A,N,F,I,A,A,H,-,D,D,0,,,,,Y,Y,A,07,0,1,0,0,0,0,0,0,0,"- ","- ",39.582529999999998,-122.10079,GLENN,UNINCORPORATED,-122.10373251999999,39.582024949999997
9015499,2019,2020-01-14,1101,2019-04-08,2026,510,1101,1,5,2,1101,0,0,0,,0,CITY,"SOUTH ST","CORTINA DR",430.00,W,N,A,-,N,,,,,,,,,,Y,3,0,1,2,A,-,09,21801,A,N,A,C,A,A,H,-,C,D,0,,,,,Y,,A,01,0,1,0,0,0,0,0,0,0,"- ","- ",,,GLENN,ORLAND,-122.20307922363281,39.740383148193359
9015503,2019,2020-05-20,1101,2019-05-05,2219,511,ORLAN,7,5,2,1101,0,0,0,,0,CITY,"EAST WALKER ST","PAPST AV",0.00,,Y,A,-,Y,GLE,3,32,-,-,1.040,H,-,W,Y,4,0,4,2,A,-,03,22350,,N,C,C,A,A,H,-,C,A,0,,,,,Y,,D,22,0,0,4,0,0,0,0,0,0,"- ","- ",,,GLENN,ORLAND,-122.17803192138672,39.747325897216797
9015511,2019,2020-05-20,1101,2019-08-30,0951,504,,5,5,2,1101,0,0,0,,0,,"WALKER ST","3RD ST",162.00,W,N,A,-,Y,GLE,3,32,-,-,0.220,H,-,E,Y,4,0,1,2,A,-,04,21703,,N,C,C,A,A,H,-,A,D,0,,,,,Y,,D,22,0,0,1,0,0,0,0,0,0,"- ","- ",,,GLENN,ORLAND,-122.19340515136719,39.747348785400391
9015761,2019,2020-02-14,1101,2019-12-13,2155,508,ORLAN,5,5,2,1101,0,0,0,,0,ORLAND,"8TH ST","WEST MONTEREY ST",0.00,,Y,A,-,N,,,,,,,,,,Y,3,0,2,2,A,-,09,21802,A,N,D,C,A,A,H,-,D,A,0,,,,,Y,,A,01,0,1,1,0,0,0,0,0,0,"- ","- ",,,GLENN,ORLAND,-122.199462890625,39.75299072265625
90168154,2016,2016-04-28,9160,2016-04-24,2033,017873,,7,2,9,1100,0,2,4,,2,016,"COUNTY ROAD 99W","COUNTY ROAD 23",245.00,N,N,A,-,N,,,,,,,,,,Y,3,0,3,1,A,-,08,22107,,N,E,I,A,A,H,-,D,D,0,,,,,Y,,D,22,0,2,1,0,0,0,0,0,0,"- ","- ",39.716030000000003,-122.19710000000001,GLENN,UNINCORPORATED,-122.19706048,39.715532760000002
90168160,2016,2016-04-28,9160,2016-04-24,0755,018128,,7,1,9,1100,0,3,5,,2,005,"COUNTY ROAD 203","COUNTY ROAD 9",3696.00,S,N,A,-,N,,,,,,,,,,Y,3,0,1,1,A,-,08,22107,,N,E,I,A,A,H,-,A,D,0,,,,,Y,,A,01,0,1,0,0,0,0,0,0,0,"- ","- ",39.756700000000002,-122.02533,GLENN,UNINCORPORATED,-122.02554266,39.757186959999999
90171018,2016,2016-05-02,9160,2016-04-16,2120,018812,,6,2,9,1100,0,3,5,,2,005,"COUNTY ROAD 9","5TH AVE",1042.00,E,N,A,-,N,,,,,,,,,,Y,3,0,1,1,A,-,08,22107,,N,F,A,A,A,H,-,D,D,0,,,,,Y,,A,01,0,1,0,0,0,0,0,0,0,"- ","- ",39.767310000000002,-122.10057,GLENN,UNINCORPORATED,-122.1005854,39.767477739999997
90171842,2016,2016-05-03,9160,2016-04-23,2200,017692,,6,3,9,1100,0,1,1,,2,002,"I-5 S/B","COUNTY ROAD 68",28.00,S,N,A,-,Y,,,5,,,,,,S,Y,2,0,2,1,A,-,08,22107,,N,F,A,A,A,H,-,D,D,0,,,,,Y,,A,07,1,1,0,0,0,0,0,0,0,"- ","- ",39.406999999999996,-122.19593,GLENN,UNINCORPORATED,-122.19597544,39.40699935
90171914,2016,2016-05-03,9160,2016-04-29,2315,019041,,5,3,9,1100,0,3,5,,2,005,"COUNTY ROAD 9","3RD AVE",500.00,E,N,A,-,N,,,,,,,,,,Y,4,0,1,1,A,-,08,22107,,N,E,I,A,A,H,-,D,D,0,,,,,Y,,A,01,0,0,1,0,0,0,0,0,0,"- ","- ",39.766860000000001,-122.05879,GLENN,UNINCORPORATED,-122.06486464,39.76652318
90171934,2016,2016-05-03,9160,2016-05-01,2500,018128,,7,4,9,1100,0,2,4,,2,016,"COUNTY ROAD 99W","COUNTY ROAD 30",652.00,S,N,G,-,N,,,,,,,,,,N,3,0,1,1,A,-,08,22107,,N,E,I,A,A,H,-,D,D,0,,,,,Y,,D,22,0,1,0,0,0,0,0,0,0,"- ","- ",39.651800000000001,-122.19703,GLENN,UNINCORPORATED,-122.19713015000001,39.651469599999999
90172735,2016,2016-05-04,9160,2016-04-23,2155,018737,,6,2,9,1100,0,1,3,,2,014,SR-162,CR-303,10560.00,W,N,B,-,Y,,,162,,,,,,,Y,3,0,4,1,A,-,08,22107,,N,E,I,A,A,H,-,D,D,0,,,,,Y,,A,01,0,1,3,0,0,0,0,0,0,"- ","- ",39.59836,-122.47799000000001,GLENN,UNINCORPORATED,-122.47798371,39.598343020000002
90177609,2016,2016-05-11,9160,2016-05-06,1400,017692,,5,2,9,1100,0,2,4,,2,016,"COUNTY ROAD 99W","COUNTY ROAD 60",0.00,,Y,B,-,N,,,,,,,,,,N,4,0,1,2,A,-,09,21802,A,N,B,C,A,A,H,-,A,A,0,,,,Y,Y,,D,22,0,0,1,0,0,0,0,0,0,"- ","- ",,,GLENN,UNINCORPORATED,-122.19296998999999,39.46566997
90179126,2016,2016-05-13,9160,2016-05-10,1950,013178,,2,2,9,1100,0,1,1,,2,004,"INTERSTATE 5","SR-162 E/B",3168.00,S,N,A,-,Y,,,,,,,,,,Y,3,0,1,1,A,-,08,22107,,N,E,I,A,A,H,-,A,D,0,,,,,Y,,A,01,0,1,0,0,0,0,0,0,0,"- ","- ",39.315759999999997,-122.12536,GLENN,UNINCORPORATED,,
90190071,2016,2016-05-31,9160,2016-05-19,1825,018812,,4,2,9,1100,0,3,5,,2,005,"COUNTY ROAD 39","COUNTY ROAD S",1056.00,W,N,A,-,N,,,,,,,,,,Y,3,0,1,1,A,-,08,22107,,N,F,A,A,A,H,-,A,D,0,,,,,Y,,D,22,0,1,0,0,0,0,0,0,0,"- ","- ",39.582459999999998,-122.10082,GLENN,UNINCORPORATED,-122.11122742000001,39.582081629999998
90197289,2016,2016-06-08,9160,2016-06-05,0750,018128,,7,1,9,1100,0,1,1,,2,006,"I-5 S/B","COUNTY ROAD 33",1584.00,N,N,A,-,Y,,,,,,,,,,Y,3,0,2,1,A,-,08,22107,,N,E,I,A,A,H,-,A,D,0,,,,,Y,,A,01,0,1,1,0,0,0,0,0,0,"- ","- ",39.269240000000003,-122.20480000000001,GLENN,UNINCORPORATED,-122.20465751,39.628594929999998
90198790,2016,2016-06-10,9160,2016-05-29,1705,013882,,7,2,9,1100,0,3,5,,2,001,"COUNTY ROAD 401","COLUSA/GLENN COUNT LINE",6336.00,N,N,A,-,N,,,,,,,,,,Y,3,0,1,1,A,-,03,22350,,N,E,I,A,A,H,-,A,D,0,,,,,Y,,J,48,0,1,0,0,0,0,0,0,0,"- ","- ",39.39817,-122.47552,GLENN,UNINCORPORATED,-122.47549385000001,39.39820272
90199277,2016,2016-06-10,9160,2016-06-09,1419,018737,,4,2,9,1100,0,1,1,,2,006,"I-5 N/B","COUNTY ROAD 25 OVERCROSSING",153.00,S,N,A,-,Y,,,5,,,,,,N,Y,4,0,2,1,A,-,08,22107,,N,E,I,A,A,D,-,A,A,0,,,,,Y,,D,22,0,0,2,0,0,0,0,0,0,"- ","- ",39.696849999999998,-122.20513,GLENN,UNINCORPORATED,-122.20521171,39.696845609999997
90200151,2016,2016-06-13,9160,2016-06-07,1310,018174,,2,1,9,1100,0,1,1,,2,006,"I-5 N/B","COUNTY RD 20",30.00,S,N,A,-,Y,,,5,,,,,,N,Y,4,0,1,1,A,-,03,22350,,N,E,J,A,A,D,-,A,D,0,,,,,Y,,A,01,0,0,1,0,0,0,0,0,0,"- ","- ",39.725490000000001,-122.20568,GLENN,UNINCORPORATED,-122.20577966,39.725491599999998
90201537,2016,2016-06-14,9160,2016-06-05,1600,013178,,7,2,9,1100,0,3,5,,2,005,"6TH AVENUE","CUTLER AVENUE",93.00,S,N,A,-,N,,,,,,,,,,Y,3,0,1,2,A,-,08,22107,,N,A,C,A,A,H,-,A,A,0,,,Y,,Y,,A,01,0,1,0,0,0,0,0,0,1,"- ","- ",39.789450000000002,-122.1207,GLENN,UNINCORPORATED,-122.12074488,39.789441340000003
90204243,2016,2016-06-17,9160,2016-06-11,1230,017692,,6,1,9,1100,0,1,3,,2,014,SR-162,"COUNTY ROAD 302",2640.00,W,N,A,-,Y,,,162,,,,,,,Y,2,0,2,1,A,-,08,22107,,N,F,A,A,A,H,-,A,D,0,,,Y,,Y,,C,02,2,0,0,0,0,0,0,0,2,"- ","- ",39.557540000000003,-122.36323,GLENN,UNINCORPORATED,-122.36317141000001,39.557675670000002
90204260,2016,2016-06-17,9160,2016-06-11,1056,017577,,6,1,9,1100,0,1,1,,2,006,"INTERSTATE 5 N/B","COUNTY ROAD 20",0.00,,N,A,-,Y,,,5,,,,,,N,Y,4,0,1,2,A,-,03,22350,,N,C,C,A,A,H,-,A,A,0,,,,,Y,,A,01,0,0,1,0,0,0,0,0,0,"- ","- ",39.725729999999999,-122.20585,GLENN,UNINCORPORATED,-122.20577584999999,39.72572881
90204269,2016,2016-06-17,9160,2016-06-16,1517,018737,,4,2,9,1100,0,1,3,,1,008,SR-32,"MAIN ST.",25.00,W,N,B,-,Y,,,,,,,,,,Y,4,0,1,1,A,-,08,22107,,N,E,I,A,A,H,-,A,D,0,,,,,Y,,A,01,0,0,1,0,0,0,0,0,0,"- ","- ",39.745930000000001,-122.14306999999999,GLENN,UNINCORPORATED,,
90205431,2016,2016-06-20,9160,2016-06-16,1845,018737,,4,2,9,1100,0,1,1,,2,002,"I-5 N/B","COUNTY ROAD 68",75.00,N,N,B,-,Y,,,5,,,,,,N,Y,4,0,1,1,A,-,08,22107,,N,F,A,A,A,H,-,A,D,0,,,,,Y,,A,07,0,0,1,0,0,0,0,0,0,"- ","- ",39.407020000000003,-122.19565,GLENN,UNINCORPORATED,-122.19563952999999,39.407020180000004
90212489,2016,2016-06-29,9160,2016-06-19,1430,018812,,7,2,9,1100,0,1,1,,2,002,"I-5 S/B","COUNTY ROAD 68",1320.00,S,N,A,-,Y,,,5,,,,,,S,Y,3,0,2,2,A,-,17,21701,,N,E,I,A,A,H,-,A,D,0,,,,,Y,,A,01,0,1,1,0,0,0,0,0,0,"- ","- ",39.395290000000003,-122.19356000000001,GLENN,UNINCORPORATED,-122.19349206,39.395303310000003
90218340,2016,2016-07-07,9160,2016-06-30,0540,015855,,4,3,9,1100,0,1,1,,2,004,"I-5 S/B","COUNTY ROAD 57",3168.00,N,N,A,-,Y,,,5,,,,,,S,Y,3,0,2,1,A,-,08,22107,,N,E,I,A,A,H,-,B,D,0,,,,,Y,,A,01,0,2,0,0,0,0,0,0,0,"- ","- ",39.501510000000003,-122.20076,GLENN,UNINCORPORATED,-122.20062874,39.50158536
90219113,2016,2016-07-08,9160,2016-06-30,0025,018737,,4,3,9,1100,0,2,4,,2,016,"COUNTY ROAD 99W","COUNTY ROAD 27",833.00,S,N,A,-,N,,,,,,,,,,Y,3,0,1,1,A,-,01,23152,E,M,E,I,A,A,H,-,D,D,0,,,,,Y,,A,08,0,1,0,0,0,0,0,0,0,"- ","- ",39.679749999999999,-122.19687,GLENN,UNINCORPORATED,-122.19688103,39.680042489999998
90220918,2016,2016-07-26,9160,2016-07-02,1951,018737,,6,2,9,1100,0,3,5,,2,005,"COUNTY ROAD 24","COUNTY ROAD U",528.00,W,N,A,-,N,,,,,,,,,,Y,3,0,1,1,A,-,08,22107,,N,F,A,A,A,H,-,A,D,0,,,Y,,Y,,C,02,0,1,0,0,0,0,0,0,1,"- ","- ",39.710790000000003,-122.08136,GLENN,UNINCORPORATED,-122.0803555,39.710819999999998
90221121,2016,2016-07-12,9160,2016-07-11,1255,018174,,1,1,9,1100,0,1,1,,2,006,"I-5 N/B","COUNTY ROAD 24",2112.00,N,N,A,-,Y,,,5,,,,,,N,N,4,0,3,2,A,-,03,22350,,N,C,C,A,A,H,-,A,D,0,,,,,Y,,A,07,0,0,3,0,0,0,0,0,0,"- ","- ",39.713270000000001,-122.20608,GLENN,UNINCORPORATED,-122.20597442,39.713267739999999
90223209,2016,2016-07-14,9160,2016-07-11,1205,015118,,1,1,9,1100,0,1,3,,1,008,SR-32,"CO. RD. P",0.00,,Y,A,-,Y,,,32,,,,,,,Y,3,0,2,2,A,-,09,21802,A,N,D,C,A,A,H,-,A,A,0,,,,,Y,,A,01,0,1,1,0,0,0,0,0,0,"- ","- ",39.746780000000001,-122.1409,GLENN,UNINCORPORATED,-122.14089941,39.746898010000002
90225796,2016,2016-07-19,9160,2016-07-15,0517,018737,,5,3,9,1100,0,1,1,,2,004,"I-5 N/B","WILSON CREEK",450.00,N,N,A,-,Y,,,5,,,,,,N,Y,4,0,1,1,A,-,08,22107,,N,E,J,A,A,H,-,A,D,0,,,,,Y,,A,01,0,0,1,0,0,0,0,0,0,"- ","- ",39.567,-122.21277000000001,GLENN,UNINCORPORATED,-122.21269694,39.566988629999997
90226513,2016,2016-07-20,9160,2016-07-15,1725,017613,,5,2,9,1100,0,1,1,,2,006,"I-5 N/B","COUNTY ROAD 3",200.00,S,N,A,-,Y,,,5,,,,,,N,Y,4,0,1,1,A,-,08,22107,,N,E,J,A,A,D,-,A,D,0,,,,,Y,,A,01,0,0,1,0,0,0,0,0,0,"- ","- ",39.793880000000001,-122.20202,GLENN,UNINCORPORATED,-122.20197573,39.793867050000003
90231904,2016,2016-07-27,9160,2016-07-25,1105,018174,,1,1,9,1100,0,3,5,,2,007,"COUNTY ROAD Z","COUNTY ROAD 67",1584.00,S,N,A,-,N,,,,,,,,,,N,3,0,1,1,A,-,08,22107,,N,F,A,A,A,H,-,A,D,0,,,,,Y,,D,22,0,1,0,0,0,0,0,0,0,"- ","- ",39.416049999999998,-122.92948,GLENN,UNINCORPORATED,-121.92941651,39.415910359999998
90231915,2016,2016-07-27,9160,2016-07-24,1515,018174,,7,2,9,1100,0,1,1,,2,004,"I-5 S/B","COUNTY ROAD 57",7920.00,N,N,A,-,Y,,,5,,,,,,S,Y,2,0,1,1,A,-,08,22107,,N,E,J,A,A,H,-,A,D,0,,,,,Y,,A,01,1,0,0,0,0,0,0,0,0,"- ","- ",39.50197,-122.20079,GLENN,UNINCORPORATED,-122.20085156,39.501926079999997
90236721,2016,2016-08-03,9160,2016-07-21,2304,018777,,4,3,9,1100,0,1,3,,2,014,"SR-162 E/B","COUNTY ROAD D",5808.00,W,N,A,-,Y,,,162,,,,,,E,Y,3,0,1,1,A,-,08,22107,,N,F,A,A,A,H,-,D,D,0,,,,,Y,,D,22,0,1,0,0,0,0,0,0,0,"- ","- ",39.52402,-122.27037,GLENN,UNINCORPORATED,-122.27036991999999,39.524070989999998
90236730,2016,2016-08-03,9160,2016-07-22,1810,018256,,5,2,9,1100,0,3,5,,2,003,"COUNTY ROAD 12","COUNTY ROAD FF",263.00,W,N,A,-,N,,,,,,,,,,Y,4,0,1,1,A,-,08,22107,,N,E,I,A,A,H,-,A,D,0,,,,,Y,,D,22,0,0,1,0,0,0,0,0,0,"- ","- ",39.754989999999999,-122.23049,GLENN,UNINCORPORATED,-122.23072564,39.754949549999999
90239604,2016,2016-08-08,9160,2016-07-24,2325,018895,,7,3,9,1100,0,3,5,,2,005,"COUNTY ROAD 24","COUNTY ROAD VV",592.00,W,N,A,-,N,,,,,,,,,,Y,3,0,1,1,A,-,08,22107,,N,E,I,A,A,H,-,D,D,0,,,,,Y,,J,48,0,1,0,0,0,0,0,0,0,"- ","- ",39.709180000000003,-122.05714,GLENN,UNINCORPORATED,-122.05689481,39.709206600000002
9024022,2019,2020-01-16,1101,2019-09-24,2000,510,ORLAN,2,5,2,1101,0,0,0,,0,,"TEHAMA ST","5TH ST",0.00,,Y,A,-,N,,,,,,,,,,N,3,0,1,2,A,-,10,21950,A,N,G,B,B,A,H,-,C,A,0,Y,,,,Y,,A,01,0,1,0,0,1,0,0,0,0,"- ","- ",,,GLENN,ORLAND,-122.19545745849609,39.749629974365234
90240261,2016,2016-08-08,9160,2016-07-30,1555,017613,,6,2,9,1100,0,1,1,,2,006,"I-5 S/B","COUNTY ROAD 7",605.00,S,N,A,-,Y,,,5,,,,,,S,Y,4,0,1,1,A,-,08,22107,,N,E,I,A,A,D,-,A,D,0,,,,,Y,,A,01,0,0,1,0,0,0,0,0,0,"- ","- ",39.782069999999997,-122.20475,GLENN,UNINCORPORATED,-122.20461093,39.782067310000002
90240897,2016,2016-08-09,9160,2016-08-04,0805,015855,,4,1,9,1100,0,1,1,,2,006,"I-5 N/B","STATE HIGHWAY 32",5280.00,N,N,A,-,Y,,,,,,,,,,Y,4,0,1,2,A,-,03,22350,,N,C,C,A,A,H,-,A,D,0,,,,Y,Y,,D,22,0,0,1,0,0,0,0,0,0,"- ","- ",39.758879999999998,-122.20314,GLENN,UNINCORPORATED,-122.20502292,39.765146340000001
90241455,2016,2016-08-10,9160,2016-08-02,0845,018128,,2,1,9,1100,0,3,5,,2,007,"COUNTY ROAD 39","COUNTY ROAD P",17.00,W,N,A,-,N,,,,,,,,,,Y,4,0,1,1,A,-,08,22107,,N,E,I,A,A,H,-,A,A,0,,,,,Y,,D,22,0,0,1,0,0,0,0,0,0,"- ","- ",39.582279999999997,-122.1379,GLENN,UNINCORPORATED,-122.13717033,39.582239999999999
90246558,2016,2016-08-17,9160,2016-06-20,0200,016473,,1,3,9,1100,0,1,3,,2,014,"STATE ROUTE 162","COUNTY ROAD 302",2640.00,W,N,A,-,Y,,,162,,,,,,,Y,1,1,1,1,A,-,01,23152,E,N,E,I,A,A,H,-,D,D,0,,,,,Y,,A,01,0,1,0,0,0,0,0,0,0,"- ","- ",39.557920000000003,-122.36351000000001,GLENN,UNINCORPORATED,-122.36353008,39.557894849999997
90246703,2016,2016-08-17,9160,2016-08-14,2116,018895,,7,2,9,1100,0,1,1,,2,002,"I-5 S/B","COUNTY ROAD 57",250.00,S,N,A,-,Y,,,5,,,,,,S,Y,3,0,1,1,A,-,01,23152,A,N,F,A,A,A,H,-,D,D,0,,,,,Y,Y,D,22,0,1,0,0,0,0,0,0,0,"- ","- ",39.49371,-122.19652000000001,GLENN,UNINCORPORATED,-122.19663605,39.493670479999999
90246924,2016,2016-08-17,9160,2016-08-15,1515,017873,,1,2,9,1100,0,1,1,,2,004,"I-5 SB","COUNTY ROAD 48",200.00,N,N,A,-,Y,,,5,,,,,,S,Y,4,0,1,1,A,-,08,22107,,N,E,I,A,A,H,-,A,D,0,,,,,Y,,A,07,0,0,1,0,0,0,0,0,0,"- ","- ",39.539400000000001,-122.21482,GLENN,UNINCORPORATED,-122.21493602,39.539399709999998
90246936,2016,2016-08-17,9160,2016-08-14,0555,015118,,7,3,9,1100,0,1,1,,2,004,"I-5 (S/B)","CO. RD. 39",8448.00,N,N,A,-,Y,,,5,,,,,,,Y,2,0,3,1,A,-,08,22107,,N,E,I,A,A,H,-,B,D,0,,,,,Y,,A,01,1,1,1,0,0,0,0,0,0,"- ","- ",39.605460000000001,-122.20859,GLENN,UNINCORPORATED,-122.20845765,39.605438579999998
90247497,2016,2016-08-18,9160,2016-08-10,1250,015855,,3,1,9,1100,0,1,1,,2,004,"I-5 N/B","COUNTY ROAD 33",500.00,S,N,A,-,Y,,,5,,,,,,N,Y,4,0,1,1,A,-,05,21651,A,N,E,I,A,A,H,-,A,D,0,,,,,Y,,A,07,0,0,1,0,0,0,0,0,0,"- ","- ",39.623139999999999,-122.20591,GLENN,UNINCORPORATED,-122.20527117,39.623036249999998
90250110,2016,2016-08-22,9160,2016-08-10,1145,017577,,3,1,9,1100,0,1,1,,2,004,"INTERSTATE 5 S/B","CENTRAL IRRIGATION CANAL",2112.00,N,N,A,-,Y,,,5,,,,,,S,Y,2,0,2,1,A,-,08,22107,,N,F,A,A,A,H,-,A,D,0,,,,,Y,,D,22,1,1,0,0,0,0,0,0,0,"- ","- ",39.517319999999998,-122.21335000000001,GLENN,UNINCORPORATED,-122.21341923,39.517279100000003
90250116,2016,2016-08-22,9160,2016-08-13,1700,018256,,6,2,9,1100,0,1,1,,2,006,"I-5 S/B","COUNTY ROAD 25",1056.00,N,N,A,-,Y,,,,,,,,,,Y,3,0,2,1,A,-,08,22107,,N,E,I,A,A,H,-,A,D,0,,,,,Y,,A,01,0,2,0,0,0,0,0,0,0,"- ","- ",,,GLENN,UNINCORPORATED,-122.20565401,39.699877610000001
90251106,2016,2016-08-23,9160,2016-08-17,0300,013178,,3,3,9,1100,0,2,4,,2,016,"COUNTY ROAD 99W","COUNTY ROAD 30",145.00,S,N,A,-,N,,,,,,,,,,Y,2,0,1,1,A,-,08,22107,,N,E,I,A,A,H,-,D,D,0,,,,,Y,,A,07,1,0,0,0,0,0,0,0,0,"- ","- ",39.650939999999999,-122.19721,GLENN,UNINCORPORATED,-122.19711795000001,39.652861860000002
90251604,2016,2016-08-24,9160,2016-08-13,1600,018256,,6,2,9,1100,0,1,3,,1,008,"SR-32 E/B","SACRAMENTO AVE",1056.00,E,N,A,-,Y,,,32,,,,,,E,N,4,0,3,2,A,-,03,22350,,N,C,C,A,A,H,-,A,D,0,,,,,Y,,A,07,0,0,3,0,0,0,0,0,0,"- ","- ",39.7485,-122.00529,GLENN,UNINCORPORATED,-122.00530543000001,39.748552889999999
90261472,2016,2016-09-06,9160,2016-08-27,2040,018777,,6,2,9,1100,0,3,5,,2,007,"BUTTE STREET","GREEN STREET",150.00,N,N,A,-,Y,,,,,,,,,,N,3,0,1,2,A,-,08,22107,,F,G,B,E,A,H,-,D,D,0,Y,,,,Y,,A,01,0,1,0,0,1,0,0,0,0,"- ","- ",39.529580000000003,-122.19549000000001,GLENN,UNINCORPORATED,-122.19544999999999,39.529441939999998
90263405,2016,2016-09-07,9160,2016-08-30,2030,018174,,2,2,9,1100,0,3,5,,2,007,SR-45,"COUNTY RD 66",217.00,S,N,A,-,Y,,,45,,,,,,,Y,4,0,1,1,A,-,08,22107,,N,E,J,A,A,H,-,D,D,0,,,,,Y,,A,01,0,0,1,0,0,0,0,0,0,"- ","- ",39.42803,-122.01175000000001,GLENN,UNINCORPORATED,-122.01109889,39.427969429999997
90268696,2016,2016-09-15,9160,2016-09-04,1535,016473,,7,2,9,1100,0,1,3,,1,010,"STATE ROUTE 45","COUNTY ROAD 64",644.00,S,N,A,-,Y,,,45,,,,,,,Y,3,0,1,1,A,-,08,22107,,N,E,I,A,A,H,-,A,D,0,,,,,Y,,A,01,0,1,0,0,0,0,0,0,0,"- ","- ",39.441549999999999,-122.01278000000001,GLENN,UNINCORPORATED,-122.01284573,39.441495209999999
90270845,2016,2016-09-19,9160,2016-09-10,0645,017334,,6,1,9,1100,0,1,1,,2,006,"I-5 S/B","COUNTY ROAD 16",345.00,S,N,A,-,Y,,,5,,,,,,S,Y,3,0,1,1,A,-,08,22107,,N,F,A,A,A,H,-,B,D,0,,,,,Y,,D,22,0,1,0,0,0,0,0,0,0,"- ","- ",39.739260000000002,-122.20572,GLENN,UNINCORPORATED,-122.20584785,39.739262160000003
90274905,2016,2016-09-23,9160,2016-09-16,1009,017577,,5,1,9,1100,0,3,5,,2,007,"COUNTY ROAD Z","COUNTY ROAD 50",2112.00,S,N,A,-,N,,,,,,,,,,Y,4,0,1,1,A,-,08,22107,,N,E,I,A,A,H,-,A,D,0,,,,,Y,,A,01,0,0,1,0,0,0,0,0,0,"- ","- ",39.516689999999997,-121.92973000000001,GLENN,UNINCORPORATED,-121.92986136,39.516550219999999
90274910,2016,2016-09-23,9160,2016-09-16,1550,017613,,5,2,9,1100,0,2,4,,2,016,"COUNTY ROAD 20","HIGHWAY 99W",0.00,,Y,A,-,N,,,,,,,,,,Y,3,0,3,3,A,-,09,21802,A,N,D,C,A,A,H,-,A,A,0,,,,,Y,,A,07,0,2,1,0,0,0,0,0,0,"- ","- ",39.72513,-122.19689,GLENN,UNINCORPORATED,-122.19691988,39.725709889999997
90277387,2016,2016-09-27,9160,2016-09-15,1759,018256,,4,2,9,1100,0,3,5,,2,005,"COUTNY ROAD 24","COUNTY ROAD VV",2640.00,E,N,A,-,N,,,,,,,,,,Y,4,0,1,1,A,-,08,22107,,N,E,I,A,A,H,-,A,D,0,,,,,Y,,A,01,0,0,1,0,0,0,0,0,0,"- ","- ",39.70917,-122.04743000000001,GLENN,UNINCORPORATED,-122.04540609999999,39.709156559999997
90277393,2016,2016-09-27,9160,2016-09-19,1210,018174,,1,1,9,1100,0,1,3,,1,010,SR-45,CR-32,0.00,,Y,A,-,Y,,,45,,,,,,,Y,4,0,1,2,A,-,09,21802,A,N,D,C,A,A,H,-,A,A,0,,,,Y,Y,,A,01,0,0,1,0,0,0,0,0,0,"- ","- ",39.630420000000001,-122.00684,GLENN,UNINCORPORATED,-122.00693832,39.630423639999997
90278488,2016,2016-09-28,9160,2016-09-25,1355,018128,,7,1,2,1101,0,1,1,,2,006,"I-5 S/B","COUNTY ROAD 16",300.00,N,N,A,-,Y,,,5,,,,,,S,Y,3,0,1,1,A,-,08,22107,,N,F,A,A,A,H,-,A,D,0,,,Y,,Y,,C,02,0,1,0,0,0,0,0,0,1,"- ","- ",39.741340000000001,-122.20648,GLENN,ORLAND,-122.20581294999999,39.741327839999997
90278504,2016,2016-09-28,9160,2016-09-23,1435,017613,,5,2,9,1100,0,3,5,,2,005,"COUNTY ROAD 25","COUNTY ROAD S",7.00,E,N,A,-,N,,,,,,,,,,N,3,0,1,2,A,-,08,22107,,N,A,G,A,A,H,-,A,D,0,,Y,,,Y,,D,22,0,1,0,0,0,0,1,0,0,"- ","- ",39.695929999999997,-122.10303,GLENN,UNINCORPORATED,-122.10310512,39.695900190000003
90278633,2016,2016-09-28,9160,2016-09-25,1125,018174,,7,1,9,1100,0,3,5,,2,005,"ESPERANZA AVE (1300 BLOCK)","SACRAMENTO AVE",290.00,E,N,A,-,N,,,,,,,,,,N,2,0,1,2,A,-,21,22106,,N,B,C,A,A,H,-,A,D,0,,,Y,,Y,,C,06,1,0,0,0,0,0,0,0,1,"- ","- ",39.741030000000002,-122.00496,GLENN,UNINCORPORATED,-122.00556409000001,39.741745309999999
90285615,2016,2016-10-06,9160,2016-10-01,0445,017334,,6,3,9,1100,0,3,5,,2,005,"COUNTY ROAD 24","COUNTY ROAD VV",208.00,E,N,A,-,N,,,,,,,,,,Y,3,0,1,1,A,-,08,22107,,M,F,A,A,A,H,-,D,D,0,,,,,Y,Y,A,01,0,1,0,0,0,0,0,0,0,"- ","- ",39.708730000000003,-122.05477999999999,GLENN,UNINCORPORATED,-122.05405048,39.709196310000003
90286535,2016,2016-10-07,9160,2016-10-05,1435,018174,,3,2,9,1100,0,1,3,,1,008,"SR-32 W/B","GIANELLA RD",1584.00,W,N,A,-,Y,,,32,,,,,,W,Y,4,0,1,3,A,-,03,22350,,N,C,C,A,A,H,-,A,D,0,,,,,Y,,D,22,0,0,1,0,0,0,0,0,0,"- ","- ",39.751060000000003,-121.99665,GLENN,UNINCORPORATED,-121.99666394,39.751095190000001
90288249,2016,2016-10-10,9160,2016-10-09,1048,017613,,7,1,9,1100,0,2,4,,2,016,"COUNTY ROAD 33","HIGHWAY 99W",0.00,,Y,A,-,N,,,,,,,,,,Y,3,0,2,2,A,-,09,21802,A,N,D,C,A,A,H,-,A,A,0,,,,,Y,,A,01,0,1,1,0,0,0,0,0,0,"- ","- ",39.624130000000001,-122.1957,GLENN,UNINCORPORATED,-122.19539987,39.624169899999998
90294787,2016,2016-10-18,9160,2016-10-15,0335,018737,,6,3,9,1100,0,3,5,,2,005,"COUNTY ROAD P",CR-18,2640.00,N,N,B,-,N,,,,,,,,,,Y,3,0,1,1,A,-,08,22107,,N,E,I,A,A,H,-,D,D,0,,,,,Y,,A,01,0,1,0,0,0,0,0,0,0,"- ","- ",39.740400000000001,-122.14100000000001,GLENN,UNINCORPORATED,-122.14095754,39.739609770000001
90295942,2016,2016-10-19,9160,2016-10-18,1315,017613,,2,1,9,1100,0,2,4,,2,016,"COUNTY ROAD 68","HIGHWAY 99W",0.00,,Y,A,-,N,,,,,,,,,,Y,4,0,2,2,A,-,09,21802,A,N,D,C,A,A,H,-,A,A,0,,,,Y,Y,,G,25,0,0,2,0,0,0,0,0,0,"- ","- ",39.407130000000002,-122.19279,GLENN,UNINCORPORATED,-122.19281998,39.407119909999999
90299265,2016,2016-10-24,9160,2016-10-19,1649,017692,,3,2,9,1100,0,1,3,,1,008,"SR-32 W/B","LOS ROBLES AVE.",120.00,W,N,A,-,Y,,,32,,,,,,W,Y,4,0,2,3,A,-,03,22350,,N,C,C,A,A,H,-,B,A,0,,,,,Y,,A,01,0,0,2,0,0,0,0,0,0,"- ","- ",39.745080000000002,-122.01734999999999,GLENN,UNINCORPORATED,-122.01734442999999,39.745061030000002
90303432,2016,2016-10-27,9160,2016-10-21,2249,018895,,5,3,9,1100,0,1,1,,2,006,"I-5 N/B","COUNTY ROAD 7",5280.00,S,N,A,-,Y,,,5,,,,,,N,Y,3,0,1,1,C,-,18,,,N,E,H,A,A,H,-,D,D,0,,,,,Y,,-,"- ",0,1,0,0,0,0,0,0,0,"- ","- ",39.766120000000001,-122.20493999999999,GLENN,UNINCORPORATED,-122.20499079,39.766123469999997
90307858,2016,2016-10-31,9160,2016-10-26,0620,017873,,3,1,9,1100,0,1,1,,2,006,"I-5 S/B TO CR-33 OFFRAMP",CR-33,461.00,N,N,A,-,Y,,,5,,,,R,,S,Y,3,0,1,2,A,-,08,22107,,N,B,E,A,A,H,-,C,D,0,,,,Y,Y,,A,01,0,1,0,0,0,0,0,0,0,"- ","- ",39.625630000000001,-122.20558,GLENN,UNINCORPORATED,-122.20558,39.625630000000001
90313148,2016,2016-11-07,9160,2016-07-17,2342,015118,,7,3,9,1100,0,3,5,,2,001,"COUNTY ROAD 57","COUNTY ROAD D",0.00,,Y,A,-,N,,,,,,,,,,Y,1,1,1,1,A,-,01,23152,F,N,E,I,A,A,H,-,D,A,0,,,,,Y,Y,A,01,1,0,0,0,0,0,0,0,0,"- ","- ",39.494810000000001,-122.24909,GLENN,UNINCORPORATED,-122.24906995000001,39.494839919999997
90316706,2016,2016-11-10,9160,2016-11-07,0400,018895,,1,3,9,1100,0,3,5,,2,005,"COUNTY ROAD 203","COUNTY ROAD 9",2640.00,S,N,A,-,N,,,,,,,,,,Y,3,0,1,1,A,-,08,22107,,N,E,I,A,A,H,-,D,D,0,,,,,Y,,A,01,0,1,0,0,0,0,0,0,0,"- ","- ",39.76014,-122.0269,GLENN,UNINCORPORATED,-122.02684188000001,39.759907920000003
90319208,2016,2016-11-14,9160,2016-11-11,2318,018737,,5,3,9,1100,0,1,1,,2,006,"I-5 N/B","COUNTY ROAD 28 O/C",4224.00,S,N,B,-,Y,,,5,,,,,,N,Y,3,0,2,1,A,-,08,22107,,N,E,I,A,A,H,-,D,D,0,,,,,Y,,A,01,0,2,0,0,0,0,0,0,0,"- ","- ",39.657209999999999,-122.20417,GLENN,UNINCORPORATED,-122.2042489,39.657208449999999
90320873,2016,2016-11-16,9160,2016-11-12,0725,015855,,6,1,9,1100,0,1,3,,2,014,"STATE HIGHWAY 162","COUNTY ROAD 312",15840.00,W,N,A,-,Y,,,162,,,,,,,Y,3,0,1,1,A,-,01,23152,A,N,E,I,A,A,H,-,A,D,0,,,,,Y,Y,A,01,0,1,0,0,0,0,0,0,0,"- ","- ",39.582889999999999,-122.39465,GLENN,UNINCORPORATED,-122.39471116,39.582762500000001
90326496,2016,2016-11-21,9160,2016-11-11,1017,017577,,5,1,9,1100,0,3,5,,2,007,"COUNTY RD Z","SEVON MILE ROAD",2112.00,S,N,A,-,N,,,,,,,,,,Y,4,0,1,1,A,-,01,23152,A,N,F,A,A,A,H,-,A,D,0,,,,,Y,Y,A,07,0,0,1,0,0,0,0,0,0,"- ","- ",39.536360000000002,-121.92961,GLENN,UNINCORPORATED,-121.92991734,39.530227840000002
90327347,2016,2016-12-13,9160,2016-11-14,1105,018128,,1,1,9,1100,0,1,3,,1,010,"STATE HIGHWAY 45","COUNTY ROAD 64",200.00,S,N,A,-,Y,,,45,,,,,,,N,4,0,1,2,D,-,00,,,N,B,C,A,A,H,-,A,D,0,,,,Y,Y,,-,"- ",0,0,1,0,0,0,0,0,0,"- ","- ",39.442590000000003,-122.01384,GLENN,UNINCORPORATED,-122.01385796,39.442573039999999
90328994,2016,2016-11-23,9160,2016-11-21,1720,016473,,1,2,9,1100,0,1,3,,2,012,"STATE ROUTE 162","MCDOUGAL STREET",300.00,E,N,A,-,Y,,,,,,,,,,Y,4,0,1,2,A,-,04,21703,,N,C,C,A,A,H,-,D,D,0,,,,,Y,,A,01,0,0,1,0,0,0,0,0,0,"- ","- ",39.466619999999999,-121.98757999999999,GLENN,UNINCORPORATED,-121.98767727000001,39.46443704
90330858,2016,2016-11-28,9160,2016-11-23,1740,017613,,3,2,9,1100,0,1,3,,2,014,"STATE ROUTE 162","COUNTY ROAD FF",0.00,,Y,A,-,Y,,,162,,,,,,,Y,4,0,1,2,A,-,09,21801,A,N,D,C,A,A,H,-,C,D,0,,,,,Y,,D,22,0,0,1,0,0,0,0,0,0,"- ","- ",39.524149999999999,-122.22682,GLENN,UNINCORPORATED,-122.22682014999999,39.524219709999997
90333329,2016,2016-11-30,9160,2016-11-23,1635,016473,,3,2,9,1100,0,1,3,,1,008,"STATE ROUTE 32","COUNTY ROAD N",400.00,E,N,A,-,Y,,,32,,,,,,,Y,4,0,2,2,A,-,03,22350,,N,C,C,A,A,H,-,A,D,0,,,,,Y,,A,07,0,0,2,0,0,0,0,0,0,"- ","- ",39.746989999999997,-122.15841,GLENN,UNINCORPORATED,-122.15840992,39.746998419999997
90342448,2016,2016-12-12,9160,2016-12-04,1750,017873,,7,2,9,1100,0,1,1,,2,006,"I-5 NB","COUNTY ROAD 16",1584.00,S,N,A,-,Y,,,5,,,,,,N,Y,4,0,1,2,A,-,01,23152,A,N,C,C,A,A,H,-,D,D,0,,,,,Y,Y,A,01,0,0,1,0,0,0,0,0,0,"- ","- ",39.736359999999998,-122.20549,GLENN,UNINCORPORATED,-122.20560071,39.736361080000002
90347986,2016,2016-12-19,9160,2016-12-06,0650,018128,,2,1,9,1100,0,1,3,,1,010,"STATE ROUTE 45","1ST STREET",2112.00,S,N,A,-,Y,,,45,,,,,,,N,3,0,2,2,A,-,06,21750,,N,C,C,A,A,H,-,B,D,0,,,,,Y,,D,22,0,1,1,0,0,0,0,0,0,"- ","- ",39.731949999999998,-122.01322999999999,GLENN,UNINCORPORATED,-122.01328133,39.731927220000003
90348148,2016,2016-12-19,9160,2016-12-13,1920,017873,,2,2,9,1100,0,3,5,,2,005,"COUNTY ROAD 24","COUNTY ROAD 99W",528.00,W,N,C,-,N,,,,,,,,,,Y,3,0,1,1,A,-,08,22107,,N,E,I,A,B,H,-,E,D,0,,,,,Y,,A,01,0,1,0,0,0,0,0,0,0,"- ","- ",39.711190000000002,-122.20043,GLENN,UNINCORPORATED,-122.19897698,39.711229799999998
90350805,2016,2016-12-21,9160,2016-12-20,1700,018128,,2,2,9,1100,0,1,1,,2,004,"I-5 S/B","COUNTY ROAD 57",4224.00,N,N,A,-,Y,,,5,,,,,,S,Y,3,0,1,2,A,-,03,22350,,N,C,C,A,A,H,-,B,D,0,,,,,Y,,A,01,0,1,0,0,0,0,0,0,0,"- ","- ",39.505699999999997,-122.20406,GLENN,UNINCORPORATED,-122.20398985999999,39.505759550000001
90352222,2016,2016-12-27,9160,2016-11-23,2115,018174,,3,2,9,1100,0,3,5,,2,007,"S. SACRAMENTO ST.","LAUREL ST",305.00,S,N,A,-,N,,,,,,,,,,Y,1,1,0,1,A,-,08,22107,,N,E,J,A,A,H,-,C,D,0,,,,,Y,,A,01,0,0,0,0,0,0,0,0,0,"- ","- ",39.517139999999998,-122.18922000000001,GLENN,UNINCORPORATED,-122.18937768000001,39.517141989999999
90352280,2016,2016-12-27,9160,2016-11-13,1645,017613,,7,2,9,1100,0,1,3,,2,012,"STATE ROUTE 162","COUNTY ROAD P",211.00,E,N,A,-,Y,,,162,,,,,,,Y,1,2,2,1,A,-,08,22107,,N,F,A,A,A,H,-,A,D,0,,,,,Y,,D,22,0,0,2,0,0,0,0,0,0,"- ","- ",39.523980000000002,-122.13356,GLENN,UNINCORPORATED,-122.13356075999999,39.523932610000003
90353273,2016,2016-12-27,9160,2016-12-14,0455,016473,,3,3,9,1100,0,1,3,,1,010,"STATE ROUTE 45","COUNTY ROAD 28",1584.00,N,N,B,C,Y,,,45,,,,,,,Y,3,0,1,2,D,-,00,,,N,A,C,A,B,H,-,D,D,0,,,,,Y,,-,"- ",0,1,0,0,0,0,0,0,0,"- ","- ",39.671259999999997,-122.00839000000001,GLENN,UNINCORPORATED,-122.00839025000001,39.671260089999997
90361508,2016,2017-01-04,9160,2016-10-26,1300,015118,,3,1,9,1100,0,1,3,,2,012,SR-162,"COUNTY ROAD U",1871.00,W,N,A,-,Y,,,162,,,,,,,Y,1,3,1,2,A,-,08,22107,,N,A,C,A,A,H,-,A,D,0,,,,Y,Y,,A,01,0,1,0,0,0,0,0,0,0,"- ","- ",39.521599999999999,-122.08127,GLENN,UNINCORPORATED,-122.08126987,39.521614880000001
90364572,2017,2017-01-09,9160,2017-01-06,0200,017873,,5,3,9,1100,0,1,3,,1,010,"SR-45 N/B","COUNTY ROAD 65",480.00,S,N,A,-,Y,,,45,,,,,,N,Y,4,0,1,1,C,-,18,,,N,H,H,A,A,H,-,D,D,0,,,,,Y,,-,"- ",0,0,1,0,0,0,0,0,0,"- ","- ",39.435310000000001,-122.01092,GLENN,UNINCORPORATED,-122.0109743,39.43530397
90367296,2017,2017-01-11,9160,2017-01-03,2220,016473,,2,3,9,1100,0,1,1,,2,004,"INTERSTATE 5 NORTHBOUND","STATE ROUTE 162",2112.00,S,N,B,C,Y,,,5,,,,,,N,Y,4,0,1,1,A,-,01,23152,A,N,E,I,A,B,H,-,D,D,0,,,,,Y,Y,D,22,0,0,1,0,0,0,0,0,0,"- ","- ",39.518500000000003,-122.21427,GLENN,UNINCORPORATED,-122.21378953999999,39.518689019999997
90371072,2016,2017-01-17,9160,2016-11-18,0400,018777,,5,3,9,1100,0,1,1,,2,004,"I-5 S/B","WILSON CREEK NORTH EDGE BRIDGE RAIL",130.00,S,N,A,-,Y,,,5,,,,,,S,Y,2,0,1,2,A,-,05,21651,C,N,A,C,A,A,H,-,D,D,0,,,,,Y,,A,07,1,0,0,0,0,0,0,0,0,"- ","- ",39.563450000000003,-122.2136,GLENN,UNINCORPORATED,-122.21355739000001,39.563442969999997
90372014,2017,2017-01-18,9160,2017-01-17,0650,018128,,2,1,9,1100,0,3,5,,2,007,"I-5 S/B","COUNTY ROAD 60",6864.00,S,N,B,E,Y,,,5,,,,,,S,Y,3,0,1,2,A,-,03,22350,,N,C,C,A,B,H,-,B,D,0,,,,Y,Y,,D,22,0,1,0,0,0,0,0,0,0,"- ","- ",39.448349999999998,-122.19325000000001,GLENN,UNINCORPORATED,-122.19363799,39.448350830000003
90372772,2017,2017-01-19,9160,2017-01-09,1935,016473,,1,2,9,1100,0,1,3,,1,010,"STATE ROUTE 45","W. 1ST STREET",13.00,N,N,B,C,Y,,,45,,,,,,,Y,4,0,1,1,A,-,08,22107,,M,E,I,A,B,H,-,C,D,0,,,,,Y,,D,22,0,0,1,0,0,0,0,0,0,"- ","- ",39.737200000000001,-122.01564999999999,GLENN,UNINCORPORATED,-122.01579202000001,39.737129959999997
90373957,2017,2017-01-20,9160,2017-01-19,0620,015855,,4,1,9,1100,0,1,1,,2,004,"I-5 N/B","WILLOWS REST AREA",1056.00,N,N,B,-,Y,,,,,,,,,,Y,3,0,1,1,A,-,08,22107,,N,E,I,A,B,H,-,D,D,0,,,,Y,Y,,G,25,0,1,0,0,0,0,0,0,0,"- ","- ",39.457030000000003,-122.01145,GLENN,UNINCORPORATED,,
90375169,2016,2017-02-02,9160,2016-11-18,0401,018737,,5,3,9,1100,0,1,1,,2,004,"INTERSTATE 5 S/B","COUNTY ROAD 39",6864.00,S,N,A,-,Y,,,5,,,,,,S,Y,1,1,2,3,A,-,03,22350,,N,C,C,A,A,H,-,D,D,0,,,,Y,Y,,G,25,1,0,1,0,0,0,0,0,0,"- ","- ",39.563450000000003,-122.2136,GLENN,UNINCORPORATED,-122.21355739000001,39.563442969999997
90376442,2017,2017-01-24,9160,2017-01-17,0930,018128,,2,1,9,1100,0,3,5,,2,007,"COUNTY ROAD W","COUNTY ROAD 39",0.00,,Y,B,-,N,,,,,,,,,,Y,4,0,1,2,A,-,01,23152,E,N,D,C,A,A,H,-,A,A,0,,,,,Y,,A,01,0,0,1,0,0,0,0,0,0,"- ","- ",39.582500000000003,-122.04639,GLENN,UNINCORPORATED,-122.04636997,39.582519949999998
90382871,2017,2017-01-31,9160,2017-01-27,1517,018174,,5,2,9,1100,0,3,5,,2,005,"COUNTY ROAD 20","COUNTY ROAD M",0.00,,Y,A,-,N,,,,,,,,,,Y,4,0,3,2,A,-,09,21802,A,N,D,C,A,A,H,-,A,A,0,,,,,Y,,A,07,0,0,3,0,0,0,0,0,0,"- ","- ",39.72542,-122.17819,GLENN,UNINCORPORATED,-122.16898987,39.725409929999998
90393689,2017,2017-02-15,9160,2017-02-14,1200,017577,,2,1,9,1100,0,3,5,,2,007,"2ND STREET","GARDEN STREET",0.00,,Y,A,-,N,,,,,,,,,,N,3,0,1,2,D,-,00,,,N,D,G,A,A,H,-,A,A,0,,Y,,,Y,,-,"- ",0,1,0,0,0,0,1,0,0,"- ","- ",39.529040000000002,-122.18664,GLENN,UNINCORPORATED,-122.18667994,39.529089999999997
90395875,2017,2017-02-17,9160,2017-02-13,2100,017692,,1,2,9,1100,0,3,5,,2,001,"COUNTY ROAD 60","TEHAMA COLUSA CANAL",0.00,,Y,B,-,N,,,,,,,,,,Y,3,0,1,1,A,-,03,22350,,N,E,I,A,A,H,-,D,A,0,,,,,Y,,D,22,0,1,0,0,0,0,0,0,0,"- ","- ",39.465649999999997,-122.22109,GLENN,UNINCORPORATED,-122.22109,39.465649999999997
90402180,2017,2017-02-28,9160,2017-02-22,1630,019568,,3,2,9,1100,0,2,4,,2,016,"COUNTY ROAD 99W","COUNTY ROAD 3",0.00,,Y,A,-,N,,,,,,,,,,N,4,0,1,2,A,-,06,21755,,M,B,C,A,A,H,-,A,D,0,,,,,Y,,A,01,0,0,1,0,0,0,0,0,0,"- ","- ",39.794409999999999,-122.19757,GLENN,UNINCORPORATED,-122.19740992,39.794409940000001
90403369,2017,2017-03-01,9160,2017-02-21,2030,013178,,2,2,9,1100,0,3,5,,2,007,"COUNTY ROAD V","COUNTY ROAD 45",990.00,N,N,A,-,N,,,,,,,,,,Y,3,0,1,1,A,-,01,23152,A,N,F,A,A,A,H,-,D,D,0,,,,,Y,Y,A,07,0,1,0,0,0,0,0,0,0,"- ","- ",39.551920000000003,-122.06525999999999,GLENN,UNINCORPORATED,-122.06521169,39.553628680000003
90404946,2017,2017-03-02,9160,2017-02-18,2017,019568,,6,2,9,1100,0,1,1,,2,006,"I-5 N/B TO COUNTY ROAD 7","COUNTY ROAD 7",522.00,S,N,B,-,Y,,,5,,,,R,,N,Y,3,0,1,1,A,-,08,22107,,N,E,I,A,A,H,-,A,D,0,,,,,Y,Y,A,07,0,1,0,0,0,0,0,0,0,"- ","- ",39.783029999999997,-122.20310000000001,GLENN,UNINCORPORATED,-122.20310000000001,39.783029999999997
90406400,2017,2017-03-06,9160,2017-02-24,1247,017692,,5,1,9,1100,0,2,4,,2,016,"COUNTY ROAD 99W","COUNTY ROAD 39",4224.00,N,N,A,-,N,,,,,,,,,,Y,2,0,1,1,A,-,08,22107,,N,E,I,A,A,H,-,A,D,0,,,,,Y,,A,01,1,0,0,0,0,0,0,0,0,"- ","- ",39.594650000000001,-122.19459999999999,GLENN,UNINCORPORATED,-122.19442328,39.595111320000001
90414070,2017,2017-03-16,9160,2017-03-04,1220,017692,,6,1,9,1100,0,3,5,,2,005,"COUNTY ROAD M","COUNTY ROAD 200",2112.00,S,N,B,C,N,,,,,,,,,,Y,3,0,2,2,A,-,09,21804,A,N,D,C,A,B,H,-,A,D,0,,,,,Y,,D,22,0,1,1,0,0,0,0,0,0,"- ","- ",39.734020000000001,-122.17818,GLENN,UNINCORPORATED,-122.16883123,39.73051332
90416673,2017,2017-03-22,9160,2017-03-12,1300,018128,,7,1,9,1100,0,1,1,,2,006,"I-5 SOUTHBOUND","COUNTY ROAD 24",800.00,S,N,A,-,Y,,,5,,,,,,S,Y,3,0,1,1,A,-,08,22107,,N,E,I,A,A,H,-,A,D,0,,,,,Y,,A,01,0,1,0,0,0,0,0,0,0,"- ","- ",39.709220000000002,-122.2062,GLENN,UNINCORPORATED,-122.20623165000001,39.709218569999997
90416713,2017,2017-03-22,9160,2017-03-13,0730,018128,,1,1,9,1100,0,1,1,,2,004,"I-5 S/B","COUNTY ROAD 48",1584.00,N,N,A,-,Y,,,5,,,,,,S,N,3,0,1,2,A,-,08,22107,,N,B,C,A,A,H,-,A,D,0,,,,,Y,,A,01,0,1,0,0,0,0,0,0,0,"- ","- ",39.545389999999998,-122.21496999999999,GLENN,UNINCORPORATED,-122.21494914,39.545390359999999
90420428,2017,2017-03-24,9160,2017-03-16,1650,019568,,4,2,9,1100,0,3,5,,2,001,"COUNTY ROAD D","COUNTY ROAD 39",4752.00,N,N,A,-,N,,,,,,,,,,Y,3,0,1,1,A,-,08,22107,,N,E,I,A,A,H,-,A,D,0,,,,,Y,,A,01,0,1,0,0,0,0,0,0,0,"- ","- ",39.590769999999999,-122.24978,GLENN,UNINCORPORATED,-122.2497501,39.59540956
90420439,2017,2017-03-24,9160,2017-03-16,1620,019568,,4,2,9,1100,0,3,5,,2,007,"COUNTY ROAD 39","COUNTY ROAD V",0.00,,Y,A,-,N,,,,,,,,,,Y,4,0,1,2,A,-,12,22450,A,N,D,C,A,A,H,-,A,A,0,,,,,Y,,A,08,0,0,1,0,0,0,0,0,0,"- ","- ",39.582630000000002,-122.06562,GLENN,UNINCORPORATED,-122.06512991,39.582669940000002
90430036,2017,2017-04-07,9160,2017-04-05,1235,019568,,3,1,9,1100,0,3,5,,2,003,"COUNTY ROAD 203",SR-32,25.00,N,N,B,-,N,,,,,,,,,,N,4,0,2,2,A,-,03,22350,,N,C,C,A,A,H,-,A,A,0,,,,,Y,,D,22,0,0,2,0,0,0,0,0,0,"- ","- ",39.744570000000003,-122.01967,GLENN,UNINCORPORATED,-122.01935277,39.744593819999999
90433877,2017,2017-04-13,9160,2017-04-04,0700,018128,,2,1,9,1100,0,1,3,,2,014,SR-162,"TEHAMA/COLUSA CANAL",4752.00,W,N,B,-,Y,,,162,,,,,,,Y,4,0,1,1,A,-,08,22107,,N,E,I,A,A,H,-,A,D,0,,,,,Y,,D,22,0,0,1,0,0,0,0,0,0,"- ","- ",39.531509999999997,-122.31664000000001,GLENN,UNINCORPORATED,-122.31664087,39.531463299999999
90436726,2016,2017-04-26,9160,2016-06-07,1522,013178,,2,2,9,1100,0,1,1,,2,006,"INTERSTATE 5",CR-20,587.00,S,N,A,-,Y,,,5,,,,,,,Y,1,1,3,4,A,-,03,22350,,N,C,C,A,A,D,-,A,A,0,,,,,Y,,D,22,0,2,1,0,0,0,0,0,0,"- ","- ",39.724139999999998,-122.20593,GLENN,UNINCORPORATED,-122.2058014,39.724137929999998
90439165,2017,2017-04-20,9160,2017-04-12,0940,018128,,3,1,9,1100,0,1,3,,1,008,SR-32,"COUNTY ROAD S",0.00,,Y,B,C,Y,,,32,,,,,,,Y,4,0,2,2,A,-,03,22350,,N,D,C,A,B,H,-,A,A,0,,,,,Y,,A,01,0,0,2,0,0,0,0,0,0,"- ","- ",39.745919999999998,-122.10442999999999,GLENN,UNINCORPORATED,-122.10442998000001,39.745920259999998
90442403,2017,2017-04-26,9160,2017-04-18,1540,017613,,2,2,9,1100,0,1,1,,2,002,"I-5 S/B","COUNTY ROAD 68",4752.00,N,N,A,-,Y,,,5,,,,,,S,Y,4,0,1,2,A,-,08,22107,,N,B,C,A,A,H,-,A,D,0,,,,,Y,,D,22,0,0,1,0,0,0,0,0,0,"- ","- ",39.418439999999997,-122.19346,GLENN,UNINCORPORATED,-122.19365182,39.41848461
90447067,2017,2017-05-02,9160,2017-04-28,0805,017692,,5,1,9,1100,0,1,3,,2,012,SR-162,"COUNTY ROAD Y",1056.00,W,N,A,-,Y,,,162,,,,,,,Y,2,0,3,2,A,-,16,24002,A,N,H,J,A,A,H,-,A,D,0,,,,Y,Y,,G,25,1,1,1,0,0,0,0,0,0,"- ","- ",39.464390000000002,-121.97208999999999,GLENN,UNINCORPORATED,-121.97209042999999,39.46434095
90447190,2017,2017-05-02,9160,2017-04-23,1655,016473,,7,2,9,1100,0,3,5,,2,005,"COUNTY ROAD M","COUNTY ROAD 200",1584.00,S,N,A,-,N,,,,,,,,,,Y,3,0,3,4,A,-,06,21750,,N,C,C,F,A,H,-,A,D,0,Y,,,,Y,,A,01,0,2,1,0,0,0,0,0,0,"- ","- ",39.735570000000003,-122.17811,GLENN,UNINCORPORATED,-122.16884632,39.731963239999999
90449229,2017,2017-05-04,9160,2017-04-26,0600,018256,,3,1,9,1100,0,3,5,,2,005,"COUNTY ROAD M","COUNTY ROAD 33",5280.00,N,N,B,-,N,,,,,,,,,,Y,4,0,1,1,A,-,08,22107,,N,E,I,A,A,H,-,B,D,0,,,,,Y,,D,22,0,0,1,0,0,0,0,0,0,"- ","- ",39.637639999999998,-122.1786,GLENN,UNINCORPORATED,-122.17859584,39.638548610000001
90450977,2017,2017-05-08,9160,2017-04-22,0245,017873,,6,3,9,1100,0,1,3,,2,012,"STATE ROUTE 162",FIRSTSTREET,282.00,E,N,A,-,Y,,,162,,,,,,,Y,2,0,2,1,A,-,08,22107,,N,E,I,A,A,H,-,D,D,0,,,,,Y,,A,01,1,1,0,0,0,0,0,0,0,"- ","- ",39.524239999999999,-122.18413,GLENN,UNINCORPORATED,-122.18413031999999,39.524181890000001
90453894,2017,2017-05-11,9160,2017-05-03,1635,017613,,3,2,9,1100,0,1,1,,2,004,"I-5 N/B","COUNTY ROAD 35",4752.00,S,N,A,-,Y,,,5,,,,,,N,Y,2,0,1,1,A,-,08,22107,,N,F,A,A,A,H,-,A,D,0,,,Y,,Y,,C,02,1,0,0,0,0,0,0,0,1,"- ","- ",39.602620000000002,-122.20851999999999,GLENN,UNINCORPORATED,-122.20848822000001,39.602617729999999
90454043,2017,2017-05-11,9160,2017-05-08,1315,018256,,1,1,9,1100,0,1,3,,1,010,SR-45,"COUNTY ROAD 39",0.00,,Y,A,-,Y,,,45,,,,,,,Y,4,0,1,2,A,-,09,21802,A,N,A,C,A,A,H,-,A,D,0,,,,Y,Y,,A,01,0,0,1,0,0,0,0,0,0,"- ","- ",39.5824,-122.00757,GLENN,UNINCORPORATED,-122.00753733000001,39.582416690000002
90454102,2017,2017-05-11,9160,2017-05-04,2105,015118,,4,2,9,1100,0,1,1,,2,002,"I-5 (N/B)","CO. RD. 68",1584.00,S,N,A,-,Y,,,5,,,,,,,Y,4,0,1,2,A,-,04,21703,,N,C,C,A,A,D,-,D,D,0,,,,,Y,,A,07,0,0,1,0,0,0,0,0,0,"- ","- ",39.403100000000002,-122.19493,GLENN,UNINCORPORATED,-122.19497457,39.403088959999998
90454709,2017,2017-05-12,9160,2017-05-08,2140,013178,,1,2,9,1100,0,3,5,,2,005,"6TH AVE","COUNTY ROAD 9",27.00,N,N,A,-,N,,,,,,,,,,Y,3,0,1,1,A,-,12,22450,A,N,E,I,A,A,H,-,D,A,0,,,,,Y,,A,01,0,1,0,0,0,0,0,0,0,"- ","- ",39.768639999999998,-122.11002000000001,GLENN,UNINCORPORATED,-122.1099633,39.768634329999998
90455721,2017,2017-05-15,9160,2017-05-03,0810,018128,,3,1,9,1100,0,1,3,,1,010,"COUNTY ROAD 203","STATE HIGHWAY 32",385.00,N,N,A,-,N,,,,,,,,,,Y,4,0,2,2,A,-,03,22350,,N,C,C,A,A,H,-,A,D,0,,,,,Y,,A,01,0,0,2,0,0,0,0,0,0,"- ","- ",39.745699999999999,-122.01987,GLENN,UNINCORPORATED,-122.01982468999999,39.745512830000003
90456016,2017,2017-05-15,9160,2017-05-12,0110,017873,,5,3,9,1100,0,1,3,,1,008,"SR-32 W/B","COUNTY ROAD O",0.00,,Y,A,-,Y,,,32,,,,,,W,Y,2,0,1,1,A,-,01,23152,A,N,E,I,A,A,H,-,D,D,0,,,,,Y,Y,A,01,1,0,0,0,0,0,0,0,0,"- ","- ",39.747100000000003,-122.15114,GLENN,UNINCORPORATED,-122.15114053000001,39.74701683
90459328,2017,2017-05-19,9160,2017-05-18,1655,018174,,4,2,9,1100,0,3,5,,2,005,"ORD FERRY RD",SR-45,2112.00,E,N,A,-,N,,,,,,,,,,Y,4,0,2,3,A,-,03,22350,,N,C,C,A,A,H,-,A,D,0,,,,,Y,,D,22,0,0,2,0,0,0,0,0,0,"- ","- ",39.63015,-121.99866,GLENN,UNINCORPORATED,-122.00703621,39.624961880000001
90462143,2017,2017-05-23,9160,2017-05-12,0926,017577,,5,1,9,1100,0,1,3,,1,010,"STATE HIGHWAY 45","ORD FERRY RD",0.00,,Y,A,-,Y,,,45,,,,,,,Y,2,0,2,2,A,-,08,22107,,N,A,C,A,A,H,-,A,D,0,,,,,Y,,D,22,1,1,0,0,0,0,0,0,0,"- ","- ",39.630600000000001,-122.00655999999999,GLENN,UNINCORPORATED,-122.00693197,39.630606749999998
90465456,2017,2017-05-26,9160,2017-04-01,2005,015118,,6,2,9,1100,0,3,5,,2,001,"COUNTY ROAD 308","COUNTY ROAD 306",19008.00,W,N,A,-,N,,,,,,,,,,Y,1,1,0,1,A,-,01,23152,A,N,E,I,A,A,H,-,D,D,0,,,,,Y,Y,D,22,0,0,0,0,0,0,0,0,0,"- ","- ",39.579920000000001,-122.59881,GLENN,UNINCORPORATED,-122.59895003,39.579865339999998
90465468,2017,2017-05-26,9160,2017-05-15,1520,016473,,1,2,9,1100,0,2,4,,2,016,"COUNTY ROAD 99W","COUNTY ROAD 20",84.00,S,N,A,-,N,,,,,,,,,,Y,4,0,2,2,A,-,03,22350,,N,C,C,A,A,H,-,A,D,0,,,,,Y,,A,01,0,0,2,0,0,0,0,0,0,"- ","- ",39.725580000000001,-122.19692999999999,GLENN,UNINCORPORATED,-122.19694884,39.725480410000003
90465540,2017,2017-06-15,9160,2017-05-18,1535,018174,,4,2,9,1100,0,2,4,,2,016,"COUNTY ROAD 99W","COUNTY ROAD 68",0.00,,Y,A,-,N,,,,,,,,,,Y,4,0,2,2,A,-,12,22450,A,N,D,C,A,A,H,-,A,A,0,,,,,Y,Y,D,22,0,0,2,0,0,0,0,0,0,"- ","- ",39.407060000000001,-122.19259,GLENN,UNINCORPORATED,-122.19281998,39.407119909999999
90466320,2017,2017-05-29,9160,2017-05-10,1605,018256,,3,2,9,1100,0,2,4,,2,016,"HWY 99W","COUNTY ROAD 43",1400.00,S,N,A,-,N,,,,,,,,,,Y,2,0,3,2,A,-,08,22107,,N,A,C,A,A,H,-,A,D,0,,,,,Y,,A,08,1,0,2,0,0,0,0,0,0,"- ","- ",39.564050000000002,-122.19374000000001,GLENN,UNINCORPORATED,-122.19367209000001,39.563995339999998
90468546,2017,2017-05-31,9160,2017-05-21,1438,016473,,7,2,9,1100,0,3,5,,2,005,"RAILROAD AVE","COUNTY ROAD 18",0.00,,Y,A,-,N,,,,,,,,,,Y,4,0,1,1,A,-,03,22350,,N,E,I,A,A,H,-,A,D,0,,,,,Y,,A,01,0,0,1,0,0,0,0,0,0,"- ","- ",39.752839999999999,-122.19516,GLENN,UNINCORPORATED,-122.19518985000001,39.733039990000002
90468569,2017,2017-05-31,9160,2017-05-23,1635,016473,,2,2,9,1100,0,1,1,,2,002,"INTERSTATE 5 NORTHBOUND","COUNTY ROAD 68",13728.00,N,N,A,-,Y,,,5,,,,,,N,N,4,0,4,2,A,-,03,22350,,N,C,C,A,A,D,-,A,D,0,,,,,Y,,A,01,0,0,4,0,0,0,0,0,0,"- ","- ",39.444870000000002,-122.19395,GLENN,UNINCORPORATED,-122.19326853,39.44487436
90468582,2017,2017-05-31,9160,2017-05-23,0258,018737,,2,3,9,1100,0,1,3,,2,012,SR-162,"COUNTY ROAD Y",2112.00,W,N,A,-,Y,,,,,,,,,,Y,3,0,1,2,A,-,05,21650,,N,B,C,A,A,H,-,D,D,0,,,,Y,Y,,G,25,0,1,0,0,0,0,0,0,0,"- ","- ",39.464329999999997,-122.97609,GLENN,UNINCORPORATED,-121.97532218000001,39.464359090000002
90469882,2017,2017-10-16,9160,2017-05-19,2125,015118,,5,2,9,1100,0,1,3,,1,010,SR-45,"CO. RD. 64",235.00,S,N,A,-,Y,,,45,,,,,,,Y,3,0,1,1,A,-,01,23152,A,N,E,I,A,A,H,-,D,D,0,,,,,Y,Y,D,22,0,1,0,0,0,0,0,0,0,"- ","- ",39.442439999999998,-122.0138,GLENN,UNINCORPORATED,-122.01376423000001,39.44247378
90471764,2017,2017-06-06,9160,2017-05-25,0845,017577,,4,1,2,1102,0,1,1,,2,004,"INTERSTATE 5","COUNTY 39 OVER CROSSING",10032.00,S,N,A,-,Y,,,,,,,,,,Y,4,0,1,1,A,-,08,22107,,N,E,I,A,A,H,-,A,D,0,,,,,Y,,A,01,0,0,1,0,0,0,0,0,0,"- ","- ",39.55527,-122.21462,GLENN,WILLOWS,-122.21500397,39.554088929999999
90471805,2017,2017-06-06,9160,2017-05-28,0619,017613,,7,1,9,1100,0,1,3,,1,010,"STATE ROUTE 45","COUNTY ROAD 44",1242.00,N,N,A,-,Y,,,45,,,,,,,Y,1,1,0,1,A,-,08,22107,,N,E,I,A,A,H,-,A,D,0,,,,,Y,,A,01,0,0,0,0,0,0,0,0,0,"- ","- ",39.560429999999997,-122.00506,GLENN,UNINCORPORATED,-122.0051921,39.560364110000002
90472071,2017,2017-06-06,9160,2017-06-01,0605,017577,,4,1,9,1100,0,3,5,,2,005,"COUNTY ROAD MM","COUNTY ROAD 9",2640.00,N,N,A,-,N,,,,,,,,,,N,3,0,1,2,D,-,00,,,N,D,C,A,A,H,-,A,D,0,,,,,Y,,-,"- ",0,1,0,0,0,0,0,0,0,"- ","- ",39.776670000000003,-122.16898999999999,GLENN,UNINCORPORATED,-122.16894000000001,39.776109550000001
90474885,2017,2017-06-09,9160,2017-06-06,0915,018128,,2,1,9,1100,0,1,1,,2,004,"I-5 N/B","COUNTY ROAD 39",250.00,S,N,A,-,Y,,,5,,,,,,N,Y,4,0,1,1,A,-,08,22107,,N,E,I,A,A,H,-,A,D,0,,,,,Y,,A,07,0,0,1,0,0,0,0,0,0,"- ","- ",39.580410000000001,-122.21065,GLENN,UNINCORPORATED,-122.21059199,39.580400990000001
90478949,2017,2017-06-15,9160,2017-06-06,2110,018737,,2,2,9,1100,0,2,4,,2,016,"COUNTY ROAD 99W","COUNTY ROAD 6",0.00,,Y,B,-,N,,,,,,,,,,Y,3,0,1,1,A,-,01,23152,A,N,E,I,A,A,H,-,D,A,0,,,,,Y,Y,D,22,0,1,0,0,0,0,0,0,0,"- ","- ",39.787799999999997,-122.19766,GLENN,UNINCORPORATED,-122.19753999,39.787339950000003
90479274,2017,2017-06-15,9160,2017-06-11,0920,018256,,7,1,9,1100,0,1,1,,2,004,"I-5 S/B","COUNTY ROAD 39",3696.00,S,N,B,-,Y,,,5,,,,,,S,Y,4,0,1,1,A,-,08,22107,,N,E,I,A,A,H,-,A,D,0,,,,,Y,,A,01,0,0,1,0,0,0,0,0,0,"- ","- ",39.572209999999998,-122.21223999999999,GLENN,UNINCORPORATED,-122.21218014,39.572200469999999
90479909,2017,2017-06-16,9160,2017-06-11,1643,018737,,7,2,9,1100,0,1,1,,2,004,"I-5 S/B","COUNTY ROAD 39",1056.00,S,N,B,-,Y,,,5,,,,,,S,Y,3,0,1,1,A,-,01,23152,A,N,F,A,A,A,H,-,A,D,0,,,,,Y,Y,A,01,0,1,0,0,0,0,0,0,0,"- ","- ",39.57846,-122.21146,GLENN,UNINCORPORATED,-122.2112051,39.578419240000002
90490106,2017,2017-06-28,9160,2017-06-19,2010,016473,,1,2,9,1100,0,1,1,,2,006,"INTERSTATE 5 SOUTHBOUND","COUNTY ROAD 23",680.00,N,N,A,-,Y,,,5,,,,,,S,Y,3,0,3,1,A,-,08,22107,,N,E,I,A,A,H,-,A,D,0,,,,,Y,,A,01,0,1,2,0,0,0,0,0,0,"- ","- ",39.71678,-122.2063,GLENN,UNINCORPORATED,-122.2062155,39.716778230000003
90490130,2017,2017-06-28,9160,2017-06-26,1745,016473,,1,2,9,1100,0,1,1,,2,006,"INTERSTATE 5 SOUTHBOUND","COUNTY ROAD 7",1056.00,N,N,A,-,Y,,,5,,,,,,S,N,3,0,1,1,C,-,18,,,N,H,H,A,A,H,-,A,D,0,,,,,Y,,-,"- ",0,1,0,0,0,0,0,0,0,"- ","- ",39.787129999999998,-122.20417999999999,GLENN,UNINCORPORATED,-122.20422609000001,39.787141390000002
90490670,2017,2017-06-29,9160,2017-06-23,1845,019568,,5,2,9,1100,0,1,1,,2,002,"I-5 S/B","COUNTY ROAD 57",4224.00,S,N,A,-,Y,,,,,,,,,,Y,4,0,2,1,A,-,08,22107,,N,E,I,A,A,D,-,A,D,0,,,,,Y,,A,01,0,0,2,0,0,0,0,0,0,"- ","- ",38.483640000000001,-122.19617,GLENN,UNINCORPORATED,-122.19609208999999,39.483451330000001
90491080,2017,2017-06-29,9160,2017-06-14,1150,015855,,3,1,9,1100,0,1,1,,2,004,"I-5 N/B","CENTRAL IRRIGATION CANAL",1009.00,S,N,A,-,Y,,,5,,,,,,N,N,4,0,1,2,A,-,03,22350,,N,C,C,A,A,H,-,A,D,0,,,,Y,Y,,G,25,0,0,1,0,0,0,0,0,0,"- ","- ",39.507759999999998,-122.20546,GLENN,UNINCORPORATED,-122.20537019,39.507836159999997
90496053,2017,2017-07-07,9160,2017-06-30,1252,017577,,5,1,9,1100,0,1,1,,2,006,"INTERSTATE 5","STATE ROUTE 32",1924.00,S,N,A,-,Y,,,5,,,,,,,Y,3,0,2,2,A,-,08,22107,,N,E,I,A,A,H,-,A,D,0,,,,,Y,,D,22,0,2,0,0,0,0,0,0,0,"- ","- ",39.746549999999999,-122.20583999999999,GLENN,UNINCORPORATED,-122.20572833,39.746548349999998
90496086,2017,2017-07-07,9160,2017-07-01,1301,017692,,6,1,9,1100,0,1,1,,2,004,"I-5 N/B","COUNTY ROAD 57",100.00,N,N,A,-,Y,,,5,,,,,,N,N,4,0,1,2,A,-,07,21658,A,N,B,C,A,A,D,-,A,D,0,,,,,Y,,A,01,0,0,1,0,0,0,0,0,0,"- ","- ",39.495350000000002,-122.19705,GLENN,UNINCORPORATED,-122.19701301000001,39.495368890000002
90496104,2017,2017-07-07,9160,2017-06-29,0050,017873,,4,3,9,1100,0,1,1,,2,004,"I-5 S/B",SR-162,2112.00,N,N,A,-,Y,,,5,,,,,,S,Y,2,0,1,1,A,-,08,22107,,N,E,I,A,A,D,H,D,D,0,,,,,Y,,D,22,1,0,0,0,0,0,0,0,0,"- ","- ",39.529170000000001,-122.21494,GLENN,UNINCORPORATED,-122.21490271,39.529170360000002
90496148,2017,2017-07-07,9160,2017-07-03,1025,018256,,1,1,9,1100,0,1,1,,2,004,"I-5 S/B","COUNTY ROAD 33",3168.00,S,N,A,-,Y,,,5,,,,,,S,Y,4,0,2,2,A,-,08,22107,,N,E,E,A,A,D,-,A,D,0,,,,,Y,,D,22,0,0,2,0,0,0,0,0,0,"- ","- ",39.615650000000002,-122.20687,GLENN,UNINCORPORATED,-122.20678571000001,39.615636160000001
90499020,2017,2017-07-12,9160,2017-07-04,0040,013178,,2,3,9,1100,0,1,1,,2,004,"INTERSTATE 5","COUNTY ROAD 57",3400.00,N,N,A,-,Y,,,5,,,,,,,Y,3,0,1,1,A,-,08,22107,,N,E,J,A,A,D,-,D,A,0,,,,,Y,,A,01,0,1,0,0,0,0,0,0,0,"- ","- ",39.507680000000001,-122.20537,GLENN,UNINCORPORATED,-122.20529308,39.507745219999997
90499383,2017,2017-07-12,9160,2017-07-07,1645,019568,,5,2,9,1100,0,3,5,,2,007,"COUNTY ROAD P","COUNTY ROAD 33",3168.00,S,N,A,-,N,,,,,,,,,,N,4,0,1,1,A,-,08,22107,,N,E,I,A,A,H,-,A,D,0,,,,,Y,,D,22,0,0,1,0,0,0,0,0,0,"- ","- ",39.615720000000003,-122.13751999999999,GLENN,UNINCORPORATED,-122.14142,39.623780000000004
90501171,2017,2017-07-20,9160,2017-07-02,0145,015118,,7,3,9,1100,0,2,4,,2,016,"CO. RD. 99W","CO. RD. 8",1056.00,S,N,A,-,N,,,,,,,,,,N,3,0,1,2,A,-,01,23153,A,F,D,G,A,A,H,-,D,D,0,,Y,,,Y,Y,A,01,0,1,0,0,0,0,1,0,0,"- ","- ",39.776589999999999,-122.19707,GLENN,UNINCORPORATED,-122.19720341999999,39.777164620000001
90505611,2017,2017-07-21,9160,2017-07-13,0510,017873,,4,3,9,1100,0,1,1,,2,002,I-5,"COUNTY ROAD 68",3696.00,S,N,A,-,Y,,,5,,,,,,,Y,2,0,3,2,A,-,03,22350,,N,D,C,A,A,D,-,B,A,0,,,,Y,Y,,G,25,3,0,0,0,0,0,0,0,0,"- ","- ",39.397010000000002,-122.19365000000001,GLENN,UNINCORPORATED,-122.19354259000001,39.3970354
90505613,2017,2017-07-21,9160,2017-07-13,0509,017873,,4,3,9,1100,0,1,1,,2,002,I-5,"COUNTY ROAD 68",3696.00,S,N,A,-,Y,,,5,,,,,,,Y,2,0,3,1,A,-,08,22107,,N,F,A,A,A,D,-,B,A,0,,,,,Y,,A,01,3,0,0,0,0,0,0,0,0,"- ","- ",39.397010000000002,-122.19365000000001,GLENN,UNINCORPORATED,-122.19354259000001,39.3970354
90505659,2017,2017-07-21,9160,2017-07-19,1615,018174,,3,2,9,1100,0,1,3,,1,010,SR-45,"5TH ST",100.00,N,N,A,-,Y,,,45,,,,,,,N,4,0,1,2,A,-,03,22350,,N,C,C,A,A,H,-,A,A,0,,,,,Y,,A,01,0,0,1,0,0,0,0,0,0,"- ","- ",39.743600000000001,-122.01884,GLENN,UNINCORPORATED,-122.01891827999999,39.743562619999999
90506768,2017,2017-07-24,9160,2017-07-20,1300,015855,,4,1,9,1100,0,3,5,,2,005,"COUNTY ROAD P","COUNTY ROAD 30",1584.00,N,N,A,-,N,,,,,,,,,,Y,3,0,1,1,A,-,08,22107,,N,F,A,A,A,H,-,A,D,0,,,,,Y,,A,01,0,1,0,0,0,0,0,0,0,"- ","- ",39.656039999999997,-122.14079,GLENN,UNINCORPORATED,-122.14072994999999,39.657019490000003
90509962,2017,2017-07-27,9160,2017-07-20,1036,017577,,4,1,9,1100,0,1,3,,1,008,"STATE ROUTE 32","6TH AVE",2640.00,E,N,A,-,Y,,,32,,,,,,,N,4,0,1,2,A,-,03,22350,,N,C,C,A,A,H,-,A,D,0,,,,,Y,,A,01,0,0,1,0,0,0,0,0,0,"- ","- ",39.744819999999997,-122.08344,GLENN,UNINCORPORATED,-122.08343985,39.744887460000001
90511625,2017,2017-07-28,9160,2017-07-22,0554,017577,,6,3,2,1101,0,1,1,,2,004,"INTERSTATE 5","COUNTY ROAD 48",2112.00,N,N,A,-,Y,,,,,,,,,,Y,3,0,3,2,A,-,17,21658,,N,B,C,A,A,H,-,A,A,0,,,,,Y,Y,A,01,0,2,1,0,0,0,0,0,0,"- ","- ",39.333069999999999,-122.1288,GLENN,ORLAND,-122.21493,39.544620019999996
90512058,2017,2017-07-28,9160,2017-07-27,1136,017577,,4,1,9,1100,0,3,5,,2,003,"COUNTY ROAD 206","COUNTY ROAD 200",9240.00,S,N,A,-,Y,,,,,,,,,,Y,4,0,2,1,A,-,08,22107,,N,F,A,A,A,H,-,A,D,0,,,,,Y,,A,07,0,0,2,0,0,0,0,0,0,"- ","- ",39.771659999999997,-122.32268999999999,GLENN,UNINCORPORATED,-122.32281728,39.771541599999999
90513285,2017,2017-08-08,9160,2017-07-15,2125,015118,,6,2,9,1100,0,1,3,,1,010,SR-45,"CO. RD. 48",2112.00,N,N,A,-,Y,,,45,,,,,,,Y,3,0,1,2,A,-,03,22350,,N,C,C,A,A,H,-,D,D,0,,,,,Y,,D,22,0,1,0,0,0,0,0,0,0,"- ","- ",39.541460000000001,-122.00743,GLENN,UNINCORPORATED,-122.00737530000001,39.541439539999999
90513328,2017,2017-07-31,9160,2017-07-27,1703,017577,,4,2,9,1100,0,1,3,,1,008,"STATE ROUTE 32","COUNTY ROAD Q",2640.00,E,N,A,-,Y,,,32,,,,,,,Y,3,0,1,2,A,-,03,22350,,N,C,C,A,A,H,-,A,D,0,,,,,Y,,D,22,0,1,0,0,0,0,0,0,0,"- ","- ",39.746769999999998,-122.12294,GLENN,UNINCORPORATED,-122.12293955,39.74682482
90517032,2017,2017-08-08,9160,2017-07-23,0420,015118,,7,3,9,1100,0,1,1,,2,002,"I-5 (N/B)","CO. RD. 60",165.00,S,N,A,-,Y,,,5,,,,,,,Y,2,0,3,1,A,-,08,22107,,N,E,I,A,A,D,-,D,D,0,,,,,Y,,A,01,1,2,0,0,0,0,0,0,0,"- ","- ",39.465960000000003,-122.19557,GLENN,UNINCORPORATED,-122.19562993,39.46595954
90518822,2017,2017-08-08,9160,2017-07-31,1750,016473,,1,2,9,1100,0,1,1,,2,006,"INTERSTATE 5 SOUTHBOUND","COUNTY ROAD 33",6336.00,N,N,A,-,Y,,,5,,,,,,S,Y,3,0,1,1,A,-,08,22107,,N,F,A,A,A,D,-,A,D,0,,,,,Y,,A,01,0,1,0,0,0,0,0,0,0,"- ","- ",39.640630000000002,-122.20459,GLENN,UNINCORPORATED,-122.20441593,39.640631579999997
90518827,2017,2017-08-08,9160,2017-08-05,0317,017577,,6,3,9,1100,0,1,3,,1,008,"STATE ROUTE 32","MAIN STREET",150.00,W,N,A,-,Y,,,32,,,,,,,N,4,0,1,1,A,-,08,22107,,N,E,I,A,A,H,-,C,D,0,,,,,Y,,A,07,0,0,1,0,0,0,0,0,0,"- ","- ",39.745719999999999,-122.01401,GLENN,UNINCORPORATED,-122.01409368,39.74600607
90523468,2017,2017-10-26,9160,2017-08-03,1650,019164,,4,2,9,1100,0,1,3,,1,010,SR-45,"COUNTY ROAD 39",1056.00,S,N,A,-,Y,,,45,,,,,,,Y,2,0,1,1,A,-,01,23152,A,N,F,J,A,A,H,-,A,D,0,,,,,Y,Y,A,01,1,0,0,0,0,0,0,0,0,"- ","- ",39.580359999999999,-122.00617,GLENN,UNINCORPORATED,-122.00620111000001,39.580338740000002
90523697,2017,2017-08-15,9160,2017-08-14,1654,013178,,1,2,9,1100,0,3,5,,2,005,"COUNTY ROAD S","COUNTY ROAD 16",540.00,S,N,A,-,N,,,,,,,,,,Y,3,0,1,1,A,-,08,22107,,N,E,J,A,A,H,-,A,D,0,,,,,Y,,A,01,0,1,0,0,0,0,0,0,0,"- ","- ",39.735869999999998,-122.10414,GLENN,UNINCORPORATED,-122.104236,39.737867110000003
90525674,2017,2017-08-17,9160,2017-08-10,1354,019164,,4,1,9,1100,0,3,5,,2,005,"COUNTY ROAD 9","CO. RD. MM",30.00,E,N,A,-,N,,,,,,,,,,Y,3,0,1,1,A,-,08,22107,,N,E,I,A,A,H,-,A,D,0,,,,,Y,,A,01,0,1,0,0,0,0,0,0,0,"- ","- ",39.768859999999997,-122.16896,GLENN,UNINCORPORATED,-122.16840327,39.768877600000003
90525801,2017,2017-08-17,9160,2017-01-22,1657,018737,,7,2,9,1100,0,1,3,,1,008,"STATE ROUTE 32","COUNTY ROAD VV",3696.00,W,N,B,-,Y,,,32,,,,,,,Y,1,1,3,2,A,-,01,23152,F,N,A,C,A,B,H,-,A,D,0,,,,,Y,,A,01,3,0,0,0,0,0,0,0,0,"- ","- ",39.74483,-122.07144,GLENN,UNINCORPORATED,-122.07143992,39.744854519999997
90527451,2017,2017-08-21,9160,2017-08-20,1120,018128,,7,1,9,1100,0,1,1,,2,002,"I-5 N/B","COUNTY ROAD 60",7920.00,S,N,A,-,Y,,,5,,,,,,N,N,4,0,1,2,A,-,03,22350,,N,C,C,A,A,H,-,A,D,0,,,,,Y,,A,01,0,0,1,0,0,0,0,0,0,"- ","- ",39.4435,-122.19332,GLENN,UNINCORPORATED,-122.19325584000001,39.443500870000001
90527469,2017,2017-08-21,9160,2017-08-20,0808,017613,,7,1,9,1100,0,1,3,,1,010,"STATE ROUTE 45","COUNTY ROAD 61",1223.00,N,N,A,-,Y,,,,,,,,,,Y,2,0,2,1,A,-,01,23152,A,N,E,I,A,A,H,-,A,D,0,,,,,Y,Y,A,01,1,1,0,0,0,0,0,0,0,"- ","- ",39.273800000000001,-122.01049999999999,GLENN,UNINCORPORATED,-122.01824348,39.460580620000002
90535121,2017,2017-08-28,9160,2017-08-16,2305,018895,,3,3,9,1100,0,1,3,,1,008,SR-32,SR-45,20.00,E,N,A,-,Y,,,32,,,,,,,Y,3,0,1,3,A,-,01,23152,A,N,C,E,A,A,H,-,C,A,0,,,,,Y,Y,A,01,0,1,0,0,0,0,0,0,0,"- ","- ",39.744489999999999,-122.01889,GLENN,UNINCORPORATED,-122.01891736,39.744623959999998
90538976,2017,2017-09-01,9160,2017-08-25,2000,015855,,5,2,9,1100,0,3,5,,2,005,"COUNTY ROAD 9","COUNTY ROAD 203",0.00,,Y,A,-,N,,,,,,,,,,Y,3,0,1,1,A,-,12,22450,A,N,E,I,A,A,H,-,D,A,0,,,,,Y,,A,07,0,1,0,0,0,0,0,0,0,"- ","- ",39.765900000000002,-122.03051000000001,GLENN,UNINCORPORATED,-122.03087985000001,39.766409969999998
90538979,2017,2017-09-01,9160,2017-08-24,0607,017692,,4,1,9,1100,0,3,5,,2,005,"COUNTY ROAD MM","COUNTY ROAD 6",0.00,,Y,A,-,N,,,,,,,,,,Y,2,0,1,2,A,-,12,22450,A,N,D,C,A,A,H,-,A,A,0,,,,,Y,,D,22,1,0,0,0,0,0,0,0,0,"- ","- ",39.78707,-122.16903000000001,GLENN,UNINCORPORATED,-122.16901999,39.787069989999999
90541767,2017,2017-09-06,9160,2017-08-27,0345,015118,,7,3,9,1100,0,3,5,,2,005,"CAPAY AVE.","FIFTH ST.",262.00,S,N,A,-,N,,,,,,,,,,Y,3,0,2,5,A,-,01,23152,A,N,E,I,E,A,H,-,D,D,0,Y,,,,Y,Y,A,01,0,2,0,0,1,0,0,0,0,"- ","- ",39.742559999999997,-122.01683,GLENN,UNINCORPORATED,-122.01705996,39.742761510000001
90543620,2017,2017-09-08,9160,2017-08-29,1630,016473,,2,2,9,1100,0,3,5,,2,005,"MALTON SWITCH RD","COUNTY ROAD L",0.00,,Y,A,-,N,,,,,,,,,,Y,3,0,1,1,A,-,03,22350,,N,E,I,A,A,B,-,A,D,0,,,,,Y,,D,22,0,1,0,0,0,0,0,0,0,"- ","- ",39.79759,-122.17937000000001,GLENN,UNINCORPORATED,-122.17926998999999,39.797849960000001
90543658,2017,2017-09-08,9160,2017-09-06,1059,017577,,3,1,9,1100,0,1,3,,1,008,"STATE HIGHWAY 32","COUNTY ROAD O",204.00,E,N,A,-,Y,,,32,,,,,,,Y,4,0,1,1,A,-,08,22107,,N,E,I,A,A,H,-,A,D,0,,,,,Y,,D,22,0,0,1,0,0,0,0,0,0,"- ","- ",39.74691,-122.14897000000001,GLENN,UNINCORPORATED,-122.14896965,39.746949319999999
90552490,2017,2017-09-20,9160,2017-09-11,0815,018128,,1,1,9,1100,0,3,5,,2,005,"COUNTY ROAD 32","STATE ROUTE 45",0.00,,Y,A,-,Y,,,,,,,,,,Y,4,0,1,2,A,-,09,21802,B,N,D,C,A,A,H,-,A,D,0,,,,,Y,,A,07,0,0,1,0,0,0,0,0,0,"- ","- ",39.630589999999998,-122.00686,GLENN,UNINCORPORATED,-122.00686992,39.630589960000002
90553385,2017,2017-09-21,9160,2017-09-16,0030,015118,,6,3,9,1100,0,1,3,,2,014,SR-162,"CO. RD. 304",12144.00,E,N,A,-,Y,,,162,,,,,,,Y,3,0,1,1,A,-,01,23152,A,N,E,I,A,A,H,-,D,D,0,,,,,Y,Y,D,22,0,1,0,0,0,0,0,0,0,"- ","- ",39.598410000000001,-122.50214,GLENN,UNINCORPORATED,-122.50213979,39.598423519999997
90554214,2017,2017-09-22,9160,2017-09-14,0700,017577,,4,1,9,1100,0,3,5,,2,005,"COUNTY ROAD 24","COUNTY ROAD P",5808.00,E,N,A,-,N,,,,,,,,,,Y,3,0,1,1,A,-,08,22107,,N,E,I,A,A,H,-,A,D,0,,,,,Y,,A,01,0,1,0,0,0,0,0,0,0,"- ","- ",39.710549999999998,-122.12314000000001,GLENN,UNINCORPORATED,-122.11179082,39.71042972
90554233,2017,2017-09-22,9160,2017-09-15,1440,019539,,5,2,9,1100,0,1,1,,2,006,"COUNTY ROAD 99W","3RD ST",677.00,N,N,A,-,N,,,,,,,,,,Y,4,0,1,1,A,-,08,22107,,N,E,I,A,A,H,-,A,D,0,,,,,Y,,A,01,0,0,1,0,0,0,0,0,0,"- ","- ",39.623600000000003,-122.19504999999999,GLENN,UNINCORPORATED,-122.19482784,39.623471690000002
90554284,2017,2017-09-22,9160,2017-09-20,0740,017692,,3,1,9,1100,0,1,3,,1,008,SR-32,"BUTTE/GLENN COUNTY LINE",2112.00,W,N,B,-,Y,,,32,,,,,,,Y,4,0,1,2,A,-,03,22350,,N,C,C,A,A,H,-,A,D,0,,,,,Y,,A,01,0,0,1,0,0,0,0,0,0,"- ","- ",39.74879,-122.00441000000001,GLENN,UNINCORPORATED,-122.00441647,39.748812190000002
90554288,2017,2017-09-22,9160,2017-09-15,0610,017692,,5,1,2,1102,0,1,1,,2,004,"I-5 S/B","SR-162 W/B ON RAMP",0.00,,Y,A,-,Y,,,5,,,,,,S,N,3,0,1,1,A,-,08,22107,,M,E,I,A,A,H,-,B,D,0,,,,,Y,,D,22,0,1,0,0,0,0,0,0,0,"- ","- ",39.524740000000001,-122.215,GLENN,WILLOWS,-122.21490858,39.524740000000001
90555020,2017,2017-09-25,9160,2017-09-20,0715,017577,,3,1,2,1101,0,1,3,,2,014,"STATE HIGHWAY 162","162 GLE 58.71",71.00,E,N,A,-,Y,,,,,,,,,,Y,3,0,1,1,A,-,08,22107,,N,E,I,A,A,H,-,A,D,0,,,,,Y,,A,01,0,1,0,0,0,0,0,0,0,"- ","- ",39.531750000000002,-122.33739,GLENN,ORLAND,,
90555036,2017,2017-09-25,9160,2017-09-22,1245,019164,,5,1,9,1100,0,2,4,,2,016,"HIGHWAY 99W","COUNTY ROAD 33",0.00,,Y,A,-,Y,,,,,,,,,,Y,4,0,1,2,A,-,09,21802,A,N,D,C,A,A,H,-,A,A,0,,,,,Y,,A,08,0,0,1,0,0,0,0,0,0,"- ","- ",39.623869999999997,-122.19544999999999,GLENN,UNINCORPORATED,-122.19539987,39.624169899999998
90560292,2017,2017-09-29,9160,2017-09-19,2500,019164,,2,4,9,1100,0,3,5,,2,003,"FOREST ROUTE 20N59","FOREST ROUTE 20N01",26400.00,N,N,A,-,N,,,,,,,,,,Y,4,0,1,1,C,-,18,,,N,F,A,A,A,B,G,D,D,0,,,,,Y,,-,"- ",0,0,1,0,0,0,0,0,0,"- ","- ",39.609360000000002,-122.70543000000001,GLENN,UNINCORPORATED,-122.70543000000001,39.609360000000002
90560310,2017,2017-09-29,9160,2017-09-25,1747,017613,,1,2,9,1100,0,2,4,,2,016,"COUNTY ROAD 99W","COUNTY ROAD 35",2590.00,S,N,A,-,N,,,,,,,,,,Y,3,0,2,3,A,-,06,21750,A,N,B,C,A,A,H,-,A,D,0,,,,,Y,,A,01,0,1,1,0,0,0,0,0,0,"- ","- ",39.604109999999999,-122.19404,GLENN,UNINCORPORATED,-122.19400074000001,39.604267649999997
90560315,2017,2017-09-29,9160,2017-09-25,0805,016473,,1,1,9,1100,0,3,5,,2,005,"COUNTY ROAD 30","COUNTY ROAD S",480.00,E,N,A,-,N,,,,,,,,,,Y,4,0,1,2,A,-,03,22350,,N,C,C,A,A,H,-,A,D,0,,,,,Y,,D,22,0,0,1,0,0,0,0,0,0,"- ","- ",39.652419999999999,-122.10187000000001,GLENN,UNINCORPORATED,-122.10194482,39.652450090000002
90561330,2017,2017-10-02,9160,2017-10-01,1440,017613,,7,2,9,1100,0,1,3,,2,014,"STATE ROUTE 162","COUNTY ROAD 302",10032.00,E,N,A,-,Y,,,162,,,,,,,Y,3,0,1,1,A,-,08,22107,,N,E,I,A,A,H,-,A,D,0,,,,,Y,,A,01,0,1,0,0,0,0,0,0,0,"- ","- ",39.531869999999998,-122.33723999999999,GLENN,UNINCORPORATED,-122.33722985999999,39.531805519999999
90561345,2017,2017-10-06,9160,2017-09-28,0600,017692,,4,1,9,1100,0,3,5,,2,005,"6TH AVE.","CUTLER AVE",0.00,,Y,A,-,N,,,,,,,,,,Y,4,0,2,2,A,-,03,22350,,N,C,C,A,A,H,-,D,D,0,,,,,Y,,A,08,0,0,2,0,0,0,0,0,0,"- ","- ",39.789749999999998,-122.12093,GLENN,UNINCORPORATED,-122.1208965,39.789755999999997
90571312,2017,2017-10-16,9160,2017-10-08,1050,018128,,7,1,9,1100,0,2,4,,2,016,"COUNTY ROAD 99W","COUNTY ROAD 9",975.00,N,N,A,-,N,,,,,,,,,,Y,4,0,2,2,A,-,03,22350,,N,C,C,A,A,H,-,A,D,0,,,,,Y,,D,22,0,0,2,0,0,0,0,0,0,"- ","- ",39.771720000000002,-122.19686,GLENN,UNINCORPORATED,-122.19681753,39.771725349999997
90573386,2017,2017-10-18,9160,2017-10-10,1120,018128,,2,1,9,1100,0,3,5,,2,005,"COUNTY ROAD 16","COUNTY ROAD 203",80.00,E,N,A,-,N,,,,,,,,,,Y,4,0,1,1,A,-,08,22107,,N,E,I,A,A,H,-,A,D,0,,,,,Y,,A,01,0,0,1,0,0,0,0,0,0,"- ","- ",39.737439999999999,-122.0167,GLENN,UNINCORPORATED,-122.01676229,39.737457880000001
90576112,2017,2017-10-23,9160,2017-10-13,1130,017692,,5,1,9,1100,0,1,3,,1,010,SR-45,"COUNTY ROAD 39",5280.00,N,N,A,-,Y,,,45,,,,,,,Y,2,0,2,1,A,-,08,22107,,N,F,A,A,A,H,-,A,D,0,,,,,Y,,A,01,1,0,1,0,0,0,0,0,0,"- ","- ",39.596890000000002,-122.00783,GLENN,UNINCORPORATED,-122.00770872,39.596892930000003
90577653,2017,2017-10-24,9160,2017-07-21,0931,015855,,5,1,9,1100,0,1,1,,2,006,"I-5 S/B","COUNTY ROAD 25",1056.00,S,N,A,-,Y,,,5,,,,,,S,Y,1,1,1,2,C,-,18,,,N,E,I,A,A,H,-,A,D,0,,,,,Y,,-,"- ",0,1,0,0,0,0,0,0,0,"- ","- ",39.693129999999996,-122.20517,GLENN,UNINCORPORATED,-122.20528422,39.693123319999998
90578239,2017,2017-10-25,9160,2017-10-21,1930,019164,,6,2,9,1100,0,3,5,,2,003,"COUNTY ROAD 33","COUNTY ROAD D",0.00,,Y,A,-,N,,,,,,,,,,N,4,0,1,1,A,-,12,22450,A,N,E,J,A,A,H,-,D,A,0,,,,,Y,,D,22,0,0,1,0,0,0,0,0,0,"- ","- ",39.624749999999999,-122.24981,GLENN,UNINCORPORATED,-122.25355992,39.624769989999997
90578297,2017,2017-10-25,9160,2017-10-23,1028,017613,,1,1,9,1100,0,2,4,,2,016,"COUNTY ROAD 99W","COUNTY ROAD 18",1584.00,N,N,A,-,N,,,,,,,,,,N,4,0,2,2,A,-,03,22350,,N,C,C,A,A,H,-,A,D,0,,,,,Y,,D,22,0,0,2,0,0,0,0,0,0,"- ","- ",39.737070000000003,-122.19705,GLENN,UNINCORPORATED,-122.19695826,39.737306930000003
90581172,2017,2017-10-27,9160,2017-10-20,1755,019568,,5,2,9,1100,0,3,5,,2,005,"COUNTY ROAD M","COUNTY ROAD 33",1584.00,N,N,A,-,N,,,,,,,,,,Y,4,0,1,1,A,-,08,22107,,N,E,I,A,A,H,-,A,D,0,,,,,Y,,A,01,0,0,1,0,0,0,0,0,0,"- ","- ",39.628349999999998,-122.17868,GLENN,UNINCORPORATED,-122.1787394,39.628399369999997
90581394,2017,2017-10-27,9160,2017-10-21,2105,019568,,6,2,9,1100,0,1,3,,1,008,SR-32,"COUNTY ROAD Q",528.00,E,N,A,-,Y,,,32,,,,,,,Y,4,0,1,2,A,-,03,22350,,N,C,C,A,A,H,-,D,D,0,,,,,Y,,A,01,0,0,1,0,0,0,0,0,0,"- ","- ",39.7468,-122.12492,GLENN,UNINCORPORATED,-122.12491971,39.746818820000001
90581557,2017,2017-10-27,9160,2017-10-22,0330,019164,,7,3,9,1100,0,3,5,,2,007,"COUNTY RD Z","COUNTY ROAD 70",0.00,,Y,A,-,N,,,,,,,,,,Y,2,0,1,1,A,-,01,23152,A,N,E,J,A,A,H,-,D,A,0,,,,,Y,Y,D,22,1,0,0,0,0,0,0,0,0,"- ","- ",39.391129999999997,-121.92939,GLENN,UNINCORPORATED,-121.92943991999999,39.39107997
90583566,2017,2017-10-31,9160,2017-10-20,1328,018895,,5,1,9,1100,0,1,1,,2,004,"I-5 S/B",SR-162,1036.00,N,N,B,-,Y,,,,,,,,,,Y,2,0,2,2,A,-,03,22350,,N,C,C,A,A,H,-,A,D,0,,,,Y,Y,Y,G,25,2,0,0,0,0,0,0,0,0,"- ","- ",39.52617,-122.21516,GLENN,UNINCORPORATED,-122.21491329,39.527084969999997
90583743,2017,2017-10-31,9160,2017-09-24,0120,017873,,7,3,9,1100,0,3,5,,2,003,"COUNTY ROAD 200","WACKERMAN ROAD",2112.00,E,N,A,-,N,,,,,,,,,,Y,1,1,0,1,A,-,08,22107,,N,E,I,A,A,H,-,D,D,0,,,,,Y,,A,01,0,0,0,0,0,0,0,0,0,"- ","- ",39.794840000000001,-122.31432,GLENN,UNINCORPORATED,-122.31412777,39.79469452
90584747,2017,2017-11-01,9160,2017-06-18,1719,016473,,7,2,9,1100,0,1,1,,2,006,"INTERSTATE 5 SOUTHBOUND","COUNTY ROAD 28",300.00,N,N,A,-,Y,,,5,,,,,,S,Y,1,1,0,1,A,-,01,23152,A,N,E,I,A,A,D,-,A,D,0,,,,Y,Y,Y,G,25,0,0,0,0,0,0,0,0,0,"- ","- ",39.669049999999999,-122.20484,GLENN,UNINCORPORATED,-122.20469718,39.669051029999999
90588407,2017,2017-12-15,9160,2017-10-27,0845,016473,,5,1,9,1100,0,3,5,,2,005,"COUNTY ROAD P","COUNTY ROAD 24",75.00,N,N,A,-,N,,,,,,,,,,Y,4,0,1,2,A,-,03,22350,,N,C,C,A,A,H,-,A,D,0,,,,,Y,,D,22,0,0,1,0,0,0,0,0,0,"- ","- ",39.710769999999997,-122.14100000000001,GLENN,UNINCORPORATED,-122.13244,39.710815959999998
90588417,2017,2017-11-06,9160,2017-10-28,1240,016473,,6,1,9,1100,0,1,1,,2,004,"INTERSTATE 5 SOUTHBOUND","COUNTY ROAD 48",2112.00,N,N,A,-,Y,,,5,,,,,,S,N,4,0,1,2,A,-,08,22107,,N,B,C,A,A,H,-,A,D,0,,,,,Y,,A,01,0,0,1,0,0,0,0,0,0,"- ","- ",39.545389999999998,-122.21499,GLENN,UNINCORPORATED,-122.21494915,39.54539071
90595264,2017,2017-11-15,9160,2017-11-02,1800,019164,,4,2,9,1100,0,3,5,,2,001,"COUNTY ROAD 306","COUNTY RD 305",930.00,S,N,B,-,N,,,,,,,,,,Y,3,0,1,1,A,-,08,22107,,M,E,I,A,A,H,-,D,D,0,,,,,Y,Y,A,01,0,1,0,0,0,0,0,0,0,"- ","- ",39.678550000000001,-122.52955,GLENN,UNINCORPORATED,-122.52911321000001,39.678512470000001
90595789,2017,2017-11-16,9160,2017-09-15,1217,017692,,5,1,9,1100,0,1,3,,1,010,"STATE ROUTE 45","COUNTY ROAD 48",143.00,S,N,A,-,Y,,,45,,,,,,,Y,1,1,1,1,A,-,01,23152,F,N,E,I,A,A,H,-,A,D,0,,,,,Y,,D,22,0,1,0,0,0,0,0,0,0,"- ","- ",39.536960000000001,-122.00917,GLENN,UNINCORPORATED,-122.00907537000001,39.53692564
90600645,2017,2017-11-22,9160,2017-11-20,0625,017613,,1,1,9,1100,0,3,5,,2,005,"COUNTY ROAD 9","CANAL RD",0.00,,Y,C,-,N,,,,,,,,,,Y,3,0,1,1,A,-,03,22350,,N,E,I,A,B,H,-,D,A,0,,,,Y,Y,,G,26,0,1,0,0,0,0,0,0,0,"- ","- ",39.766329999999996,-122.03073000000001,GLENN,UNINCORPORATED,-122.03073000000001,39.766330000000004
90604174,2017,2017-11-28,9160,2017-11-23,0900,017692,,4,1,9,1100,0,1,1,,2,006,"I-5 N/B","WALKER CREEK",4752.00,N,N,B,-,Y,,,5,,,,,,N,Y,4,0,3,2,A,-,07,21658,A,N,C,C,A,B,H,-,A,D,0,,,,Y,Y,,A,07,0,0,3,0,0,0,0,0,0,"- ","- ",39.647599999999997,-122.20435000000001,GLENN,UNINCORPORATED,-122.20414924000001,39.647603750000002
90604181,2017,2017-11-28,9160,2017-11-25,1110,017692,,6,1,9,1100,0,1,3,,1,008,"STATE HIGHWAY 32","COUNTY ROAD P",300.00,E,N,A,-,Y,,,32,,,,,,,N,4,0,1,2,A,-,03,22350,,N,C,C,A,A,H,-,A,D,0,,,,,Y,,E,22,0,0,1,0,0,0,0,0,0,"- ","- ",39.746899999999997,-122.14015000000001,GLENN,UNINCORPORATED,-122.14015003,39.746894279999999
90613396,2017,2017-12-08,9160,2017-12-03,0305,019164,,7,3,9,1100,0,1,1,,2,004,"I-5 S/B","COUNTY ROAD 33",1620.00,S,N,A,-,Y,,,5,,,,,,S,Y,4,0,2,1,A,-,08,22107,,N,E,I,A,A,H,-,D,D,0,,,,,Y,,A,01,0,0,2,0,0,0,0,0,0,"- ","- ",39.619059999999998,-122.20602,GLENN,UNINCORPORATED,-122.20621819,39.619087960000002
90617965,2017,2017-12-14,9160,2017-11-28,1540,018256,,2,2,9,1100,0,1,3,,1,008,"SR-32 E/B","SACRAMENTO AVE.",1542.00,E,N,A,-,Y,,,32,,,,,,E,Y,4,0,1,3,A,-,03,22350,,N,C,C,A,A,H,-,A,D,0,,,,,Y,,A,01,0,0,1,0,0,0,0,0,0,"- ","- ",39.749270000000003,-122.00252999999999,GLENN,UNINCORPORATED,-122.00255276,39.749350700000001
90618600,2017,2017-12-15,9160,2017-12-08,1020,017577,,5,1,9,1100,0,1,3,,2,014,"STATE HIGHWAY 162","THUNDERHILL PARK",2640.00,W,N,A,-,Y,,,162,,,,,,,Y,2,0,1,1,A,-,08,22107,,N,F,A,A,A,H,-,A,D,0,,,Y,,Y,,C,02,1,0,0,0,0,0,0,0,1,"- ","- ",39.537860000000002,-122.34357,GLENN,UNINCORPORATED,-122.34362356,39.537854179999997
90618634,2017,2017-12-15,9160,2017-12-12,1830,017873,,2,2,9,1100,0,1,3,,2,014,SR-162,"COUNTY ROAD 302",15840.00,W,N,A,-,Y,,,162,,,,,,,Y,4,0,1,1,A,-,08,22107,,N,F,A,A,A,H,-,D,D,0,,,,,Y,,A,01,0,0,1,0,0,0,0,0,0,"- ","- ",39.582819999999998,-122.39472000000001,GLENN,UNINCORPORATED,-122.39474077,39.582776699999997
90619343,2017,2017-12-18,9160,2017-12-08,1440,018895,,5,2,9,1100,0,1,3,,2,014,SR-162,"COUNTY ROAD 302",11616.00,W,N,A,-,Y,,,162,,,,,,,Y,2,0,1,1,A,-,01,23152,A,N,E,I,A,A,H,-,A,D,0,,,,,Y,Y,A,01,1,0,0,0,0,0,0,0,0,"- ","- ",39.57949,-122.38703,GLENN,UNINCORPORATED,-122.38694927,39.579617489999997
90619364,2017,2017-12-18,9160,2017-12-09,0119,019164,,6,3,9,1100,0,1,3,,2,012,SR-162,"SHASTA ST",325.00,W,N,A,-,Y,,,162,,,,,,,Y,3,0,1,1,A,-,01,23152,A,N,E,I,A,A,H,-,D,D,0,,,,,Y,Y,A,01,0,1,0,0,0,0,0,0,0,"- ","- ",39.464320000000001,-121.99187000000001,GLENN,UNINCORPORATED,-121.99180895000001,39.464250909999997
90620975,2017,2017-12-19,9160,2017-12-05,0745,018128,,2,1,9,1100,0,3,5,,2,001,"COUNTY ROAD D","COUNTY ROAD 35",1300.00,N,N,A,-,N,,,,,,,,,,Y,4,0,1,2,A,-,08,22107,,N,D,C,A,A,H,-,A,D,0,,,,,Y,,M,46,0,0,1,0,0,0,0,0,0,"- ","- ",39.37003,-122.14591,GLENN,UNINCORPORATED,-122.24994275,39.615140009999998
90636638,2018,2018-01-09,9160,2018-01-01,1215,016473,,1,1,9,1100,0,1,3,,1,010,"STATE ROUTE 45","COUNTY ROAD 64",0.00,,Y,A,-,Y,,,45,,,,,,,N,2,0,2,1,A,-,08,22107,,N,F,A,A,A,H,-,A,D,0,,,Y,,Y,,C,02,1,1,0,0,0,0,0,0,2,"- ","- ",39.442890167236328,-122.01415252685547,GLENN,UNINCORPORATED,-122.01413726806641,39.442897796630859
90639783,2018,2018-01-15,9160,2018-01-11,1850,019164,,4,2,9,1100,0,3,5,,2,007,"COUNTY ROAD V",SR-162,528.00,N,N,B,-,N,,,,,,,,,,Y,4,0,1,1,A,-,08,22107,,N,E,I,A,A,H,-,D,D,0,,,,,Y,,A,01,0,0,1,0,0,0,0,0,0,"- ","- ",39.523441314697266,-122.0650634765625,GLENN,UNINCORPORATED,-122.06527709960938,39.522998809814453
90649120,2018,2018-01-26,9160,2018-01-19,1910,019164,,5,2,9,1100,0,3,5,,2,005,"COUNTY ROAD 203","COUNTY ROAD 9",0.00,,Y,A,-,N,,,,,,,,,,Y,2,0,1,1,A,-,03,22350,,N,E,I,A,A,H,-,D,A,0,,,Y,,Y,,C,02,1,0,0,0,0,0,0,0,1,"- ","- ",39.766361236572266,-122.03079986572266,GLENN,UNINCORPORATED,-122.03087615966797,39.766410827636719
90651085,2018,2018-01-30,9160,2018-01-23,2335,015118,,2,3,9,1100,0,3,5,,2,005,"CO. RD. 9","CO. RD. MM",528.00,W,N,B,-,N,,,,,,,,,,Y,4,0,1,1,A,-,08,22107,,N,F,A,A,A,H,-,D,D,0,,,,Y,Y,,F,27,0,0,1,0,0,0,0,0,0,"- ","- ",39.768878936767578,-122.17170715332031,GLENN,UNINCORPORATED,-122.17071533203125,39.768833160400391
90654987,2018,2018-02-05,9160,2018-01-30,0710,016473,,2,1,9,1100,0,1,3,,1,010,"STATE ROUTE 45","COUNTY ROAD 24",0.00,,Y,A,E,Y,,,45,,,,,,,Y,4,0,2,2,A,-,09,21802,A,N,D,C,A,A,H,-,A,A,0,,,,,Y,,A,07,0,0,2,0,0,0,0,0,0,"- ","- ",39.708518981933594,-122.00376129150391,GLENN,UNINCORPORATED,-122.00376129150391,39.708518981933594
90656327,2018,2018-02-06,9160,2018-02-01,0220,017873,,4,3,9,1100,0,1,1,,2,002,"INTERSTATE 5 SOUTHBOUND","COUNTY ROAD 60",1584.00,S,N,A,-,Y,,,5,,,,,,S,Y,2,0,1,1,A,-,08,22107,,N,F,A,A,A,H,-,D,D,0,,,,Y,Y,,G,25,1,0,0,0,0,0,0,0,0,"- ","- ",39.459499359130859,-122.19435882568359,GLENN,UNINCORPORATED,-122.19444274902344,39.459465026855469
90658157,2018,2018-02-09,9160,2018-02-01,1730,020558,,4,2,9,1100,0,3,5,,2,001,"COUNTY ROAD 306","COUNTY ROAD 410",1584.00,S,N,A,-,N,,,,,,,,,,Y,2,0,1,1,A,-,08,22107,,N,E,I,A,A,H,-,B,D,0,,,,,Y,,A,01,1,0,0,0,0,0,0,0,0,"- ","- ",39.478790283203125,-122.51471710205078,GLENN,UNINCORPORATED,-122.51506805419922,39.480209350585938
90659690,2018,2018-02-12,9160,2018-02-02,0850,018895,,5,1,9,1100,0,1,1,,2,002,"I-5 S/B","COUNTY ROAD 57",3696.00,S,N,A,-,Y,,,5,,,,,,S,Y,4,0,2,2,A,-,03,22350,,F,C,C,A,A,H,-,A,D,0,,,,Y,Y,Y,A,01,0,0,2,0,0,0,0,0,0,"- ","- ",39.477989196777344,-122.19612884521484,GLENN,UNINCORPORATED,-122.19603729248047,39.477989196777344
90663304,2018,2018-02-16,9160,2018-02-10,0552,018895,,6,3,9,1100,0,1,1,,2,006,"I-5 S/B","COUNTY ROAD 16",528.00,S,N,A,-,Y,,,5,,,,,,S,Y,3,0,2,1,A,-,08,22107,,N,F,A,A,A,H,-,D,D,0,,,,,Y,,A,07,0,1,1,0,0,0,0,0,0,"- ","- ",39.737098693847656,-122.20594787597656,GLENN,UNINCORPORATED,-122.20588684082031,39.737098693847656
90664019,2017,2018-02-19,9160,2017-03-12,0841,017613,,7,1,9,1100,0,1,1,,2,004,"INTERSTATE 5 SOUTHBOUND","COUNTY ROAD 57",2387.00,N,N,A,-,Y,,,5,,,,,,S,Y,1,2,8,4,A,-,01,23152,A,N,C,C,A,A,H,-,A,D,0,,,,,Y,Y,A,01,2,4,2,0,0,0,0,0,0,"- ","- ",39.500529999999998,-122.20005999999999,GLENN,UNINCORPORATED,-122.20004122,39.500540129999997
90664045,2018,2018-02-19,9160,2018-02-14,1950,015118,,3,2,9,1100,0,1,3,,1,010,SR-45,"CO. RD. 34",4224.00,S,N,A,-,Y,,,45,,,,,,,Y,4,0,1,1,A,-,08,22107,,N,F,A,A,A,H,-,D,D,0,,,,,Y,,A,01,0,0,1,0,0,0,0,0,0,"- ","- ",39.601810455322266,-122.0078125,GLENN,UNINCORPORATED,-122.0078125,39.601810455322266
90664684,2018,2018-02-20,9160,2018-02-18,1005,017613,,7,1,9,1100,0,2,4,,2,016,"COUNTY ROAD 24","COUNTY ROAD 99W",0.00,,Y,A,-,N,,,,,,,,,,Y,3,0,1,2,A,-,09,21802,A,N,D,C,A,A,H,-,A,D,0,,,,,Y,,A,01,0,1,0,0,0,0,0,0,0,"- ","- ",39.711219787597656,-122.19712066650391,GLENN,UNINCORPORATED,-122.19709777832031,39.711200714111328
90664706,2018,2018-02-20,9160,2018-02-19,0140,017873,,1,3,9,1100,0,2,4,,2,016,"COUNTY ROAD 99W","COUNTY ROAD 400",539.00,S,N,A,-,N,,,,,,,,,,Y,2,0,1,1,C,-,18,,,N,H,H,A,A,H,-,D,D,0,,,,,Y,,-,"- ",1,0,0,0,0,0,0,0,0,"- ","- ",39.575439453125,-122.19373321533203,GLENN,UNINCORPORATED,-122.19373321533203,39.575439453125
90664717,2018,2018-02-20,9160,2018-02-18,1717,017613,,7,2,9,1100,0,1,1,,2,004,"INTERSTATE 5 SOUTHBOUND","COUNTY ROAD 48",315.00,N,N,A,-,Y,,,5,,,,,,S,Y,3,0,2,2,A,-,08,22107,,N,E,J,A,A,H,-,A,D,0,,,,,Y,,A,07,0,2,0,0,0,0,0,0,0,"- ","- ",39.539440155029297,-122.21479034423828,GLENN,UNINCORPORATED,-122.21493530273438,39.539440155029297
90666637,2018,2018-02-22,9160,2018-02-14,1635,018128,,3,2,9,1100,0,3,5,,2,003,"COUNTY ROAD 15","COUNTY ROAD H",16.00,E,N,A,-,N,,,,,,,,,,Y,4,0,1,1,A,-,01,23152,A,N,E,I,A,A,H,-,A,A,0,,,,,Y,Y,A,07,0,0,1,0,0,0,0,0,0,"- ","- ",39.443851470947266,-122.12558746337891,GLENN,UNINCORPORATED,-122.21561431884766,39.743930816650391
90671217,2018,2018-02-27,9160,2018-02-18,1400,016473,,7,2,9,1100,0,3,5,,2,007,"COUNTY ROAD 39","COUNTY ROAD X",2640.00,E,N,A,-,N,,,,,,,,,,Y,3,0,1,1,A,-,08,22107,,N,E,I,A,A,H,-,A,D,0,,,,,Y,,A,01,0,1,0,0,0,0,0,0,0,"- ","- ",39.582420349121094,-122.01796722412109,GLENN,UNINCORPORATED,-122.01823425292969,39.582481384277344
90671931,2018,2018-02-28,9160,2018-02-18,1013,016473,,7,1,9,1100,0,3,5,,2,003,"COUNTY ROAD 16","I-5 SOUTHBOUND TO COUNTY ROAD 16",0.00,,Y,A,-,Y,,,,,,,,,,Y,4,0,2,3,A,-,03,22350,,N,D,C,A,A,H,-,A,D,0,,,,,Y,,A,01,0,0,2,0,0,0,0,0,0,"- ","- ",39.740421295166016,-122.20736694335938,GLENN,UNINCORPORATED,,
90685442,2018,2018-03-20,9160,2018-02-28,1825,018256,,3,2,9,1100,0,3,5,,2,007,"COUNTY ROAD 39","COUNTY ROAD P",0.00,,Y,B,-,N,,,,,,,,,,Y,3,0,1,2,A,-,12,22450,A,N,D,C,A,A,H,-,C,A,0,,,,,Y,,A,07,0,1,0,0,0,0,0,0,0,"- ","- ",39.588230133056641,-122.13619995117188,GLENN,UNINCORPORATED,-122.13710784912109,39.582241058349609
90686782,2018,2018-03-21,9160,2018-03-12,0655,018128,,1,1,9,1100,0,1,3,,2,012,"STATE ROUTE 162","COUNTY ROAD P",294.00,W,N,A,B,Y,,,162,,,,,,,Y,4,0,2,2,A,-,09,21804,A,N,D,C,A,A,H,-,B,D,0,,,,,Y,,A,01,0,0,2,0,0,0,0,0,0,"- ","- ",39.524219512939453,-122.13786315917969,GLENN,UNINCORPORATED,-122.13786315917969,39.524154663085938
90691704,2018,2018-03-28,9160,2018-03-26,2330,017873,,1,3,9,1100,0,3,5,,2,007,"COUNTY ROAD Z",SR-162,1584.00,N,N,A,-,N,,,,,,,,,,Y,2,0,1,1,A,-,08,22107,,N,F,A,A,A,H,-,D,D,0,,,,,Y,,D,22,1,0,0,0,0,0,0,0,0,"- ","- ",39.469268798828125,-121.93000793457031,GLENN,UNINCORPORATED,-121.93003845214844,39.468490600585938
90695804,2018,2018-03-30,9160,2018-03-24,2500,017577,,6,4,9,1100,0,3,5,,2,003,"COUNTY ROAD 27","INTERSTATE 5",2640.00,W,N,A,-,N,,,,,,,,,,Y,2,0,1,1,A,-,08,22107,,N,E,I,A,A,H,-,D,D,0,,,,,Y,Y,D,22,1,0,0,0,0,0,0,0,0,"- ","- ",39.682701110839844,-122.21420288085938,GLENN,UNINCORPORATED,-122.21417999267578,39.682460784912109
90695810,2018,2018-03-30,9160,2018-03-19,1520,018256,,1,2,9,1100,0,1,1,,2,002,"I-5 N/B","COUNTY ROAD 68",6336.00,S,N,B,-,Y,,,5,,,,,,N,Y,4,0,1,1,A,-,08,22107,,N,E,I,A,A,H,-,A,D,0,,,,,Y,,A,01,0,0,1,0,0,0,0,0,0,"- ","- ",39.401321411132812,-122.1944580078125,GLENN,UNINCORPORATED,-122.19454956054688,39.401298522949219
90698913,2018,2018-04-04,9160,2018-03-25,1747,014900,,7,2,9,1100,0,3,5,,2,007,"COUNTY ROAD 48","I-5 N/B",324.00,E,N,B,-,Y,,,,,,,,,,Y,2,0,2,2,A,-,08,22107,,N,E,I,A,A,H,-,A,D,0,,,,,Y,,A,01,1,1,0,0,0,0,0,0,0,"- ","- ",39.538749694824219,-122.21337890625,GLENN,UNINCORPORATED,-122.21342468261719,39.538780212402344
90698917,2018,2018-04-04,9160,2018-04-01,2040,019043,,7,2,9,1100,0,3,5,,2,005,"5TH AVE","CO RD 9",0.00,,Y,A,-,N,,,,,,,,,,Y,4,0,1,1,A,-,12,22450,A,N,E,I,A,A,H,-,D,A,0,,,,,Y,,A,01,0,0,1,0,0,0,0,0,0,"- ","- ",39.767990112304688,-122.10430145263672,GLENN,UNINCORPORATED,-122.10424041748047,39.768039703369141
90700395,2018,2018-04-06,9160,2018-04-01,0237,020558,,7,3,9,1100,0,1,1,,2,004,"INTERSTATE 5","COUNTY ROAD 48",3168.00,N,N,A,-,Y,,,5,,,,,,,N,4,0,1,2,A,-,09,21804,A,N,C,C,A,A,H,-,D,D,0,,,,,Y,,A,08,0,0,1,0,0,0,0,0,0,"- ","- ",39.546989440917969,-122.21510314941406,GLENN,UNINCORPORATED,-122.21495819091797,39.546989440917969
90702421,2018,2018-04-10,9160,2018-04-09,1655,016473,,1,2,9,1100,0,1,1,,2,002,"INTERSTATE 5 SOUTHBOUND","COUNTY ROAD 57",700.00,S,N,A,-,Y,,,5,,,,,,S,Y,4,0,1,1,A,-,08,22107,,N,E,I,A,A,H,-,A,D,0,,,,,Y,,A,01,0,0,1,0,0,0,0,0,0,"- ","- ",39.493190765380859,-122.19635009765625,GLENN,UNINCORPORATED,-122.19647216796875,39.493152618408203
90702464,2018,2018-04-10,9160,2018-04-06,0350,019164,,5,3,9,1100,0,3,5,,2,003,"COUNTY ROAD 14","COUNTY ROAD E",333.00,W,N,B,C,N,,,,,,,,,,Y,3,0,1,1,A,-,03,22350,,N,E,I,A,B,H,-,D,D,0,,,,,Y,,D,22,0,1,0,0,0,0,0,0,0,"- ","- ",39.747730255126953,-122.24044036865234,GLENN,UNINCORPORATED,-122.24010467529297,39.747783660888672
90707834,2018,2018-04-18,9160,2018-04-08,2010,017613,,7,2,9,1100,0,1,1,,2,006,"I-5 N/B","COUNTY ROAD 7",150.00,S,N,A,-,Y,,,5,,,,,,N,Y,3,0,1,1,A,-,08,22107,,N,E,I,A,A,H,-,C,D,0,,,,,Y,,A,01,0,1,0,0,0,0,0,0,0,"- ","- ",39.783481597900391,-122.20430755615234,GLENN,UNINCORPORATED,-122.20425415039062,39.783477783203125
90711372,2018,2018-04-23,9160,2018-04-11,1635,014900,,3,2,9,1100,0,3,5,,2,005,"COUNTY ROAD 9","COUNTY ROAD 203",1937.00,W,N,A,-,N,,,,,,,,,,Y,4,0,1,1,A,-,01,23152,A,N,E,I,A,A,H,-,A,D,0,,,,,Y,Y,A,01,0,0,1,0,0,0,0,0,0,"- ","- ",39.766498565673828,-122.03766632080078,GLENN,UNINCORPORATED,-122.03776550292969,39.766498565673828
90714048,2018,2018-04-26,9160,2018-04-20,1102,017577,,5,1,9,1100,0,2,4,,2,016,"HIGHWAY 99W","COUNTY ROAD 35",100.00,S,N,A,-,N,,,,,,,,,,N,4,0,2,2,A,-,03,22350,,N,C,C,A,A,H,-,A,D,0,,,,,Y,,D,22,0,0,2,0,0,0,0,0,0,"- ","- ",39.610889434814453,-122.19402313232422,GLENN,UNINCORPORATED,-122.19406127929688,39.611106872558594
90717098,2018,2018-05-01,9160,2018-04-14,0520,019164,,6,3,9,1100,0,3,5,,2,005,"ORD FERRY ROAD",SR-45,1584.00,E,N,A,-,N,,,,,,,,,,Y,2,0,1,1,A,-,01,23152,A,N,E,I,A,A,H,-,D,D,0,,,,,Y,Y,A,07,1,0,0,0,0,0,0,0,0,"- ","- ",39.629291534423828,-121.99635314941406,GLENN,UNINCORPORATED,-122.00115966796875,39.630516052246094
90717617,2018,2018-05-01,9160,2018-04-22,1430,014900,,7,2,9,1100,0,3,5,,2,007,"COUNTY ROAD 57","COUNTY ROAD P",0.00,,Y,A,-,N,,,,,,,,,,N,3,0,1,1,A,-,01,23152,A,M,E,I,A,A,H,-,A,A,0,,,,,Y,Y,A,01,0,1,0,0,0,0,0,0,0,"- ","- ",39.494529724121094,-122.13667297363281,GLENN,UNINCORPORATED,-122.13688659667969,39.494049072265625
90719238,2018,2018-05-18,9160,2018-04-27,0415,019164,,5,3,9,1100,0,3,5,,2,005,"COUNTY ROAD 20","COUNTY ROAD S",4224.00,W,N,A,-,N,,,,,,,,,,Y,3,0,1,1,C,-,18,,,N,E,H,A,A,H,-,D,D,0,,,,,Y,,-,"- ",0,1,0,0,0,0,0,0,0,"- ","- ",39.724918365478516,-122.1171875,GLENN,UNINCORPORATED,-122.11931610107422,39.725017547607422
90719930,2018,2018-05-04,9160,2018-04-28,1821,019164,,6,2,9,1100,0,1,1,,2,002,"I-5 S/B","COUNTY ROAD 57",5808.00,S,N,A,-,Y,,,,,,,,,,Y,2,0,2,2,A,-,03,22350,,N,C,C,A,A,H,-,A,D,0,,,,,Y,,A,01,1,1,0,0,0,0,0,0,0,"- ","- ",39.478118896484375,-122.14605712890625,GLENN,UNINCORPORATED,-122.19606781005859,39.479103088378906
90720867,2018,2018-05-07,9160,2018-04-26,0245,019043,,4,3,9,1100,0,3,5,,2,003,"COUNTY RD E","COUNTY ROAD 15",333.00,N,N,A,-,N,,,,,,,,,,Y,3,0,1,1,A,-,01,23152,A,N,E,I,A,A,H,-,D,D,0,,,,,Y,Y,A,01,0,1,0,0,0,0,0,0,0,"- ","- ",39.744430541992188,-122.23893737792969,GLENN,UNINCORPORATED,-122.23896789550781,39.745113372802734
90731097,2018,2018-05-22,9160,2018-05-11,1635,018895,,5,2,9,1100,0,3,5,,2,005,"COUNTY ROAD 9","COUNTY ROAD P",0.00,,Y,A,-,N,,,,,,,,,,Y,3,0,3,2,A,-,03,22350,,N,B,C,A,A,H,-,A,D,0,,,,,Y,Y,A,01,0,2,1,0,0,0,0,0,0,"- ","- ",39.768619537353516,-122.14066314697266,GLENN,UNINCORPORATED,-122.13202667236328,39.768581390380859
90735173,2018,2018-06-14,9160,2018-05-19,1445,018128,,6,2,9,1100,0,1,3,,2,014,SR-162,"COUNTY ROAD 303",7656.00,W,N,A,-,Y,,,,,,,,,,Y,3,0,1,1,A,-,08,22107,,N,E,J,A,A,H,-,A,D,0,,,,,Y,,A,01,0,1,0,0,0,0,0,0,0,"- ","- ",39.355499267578125,-122.28029632568359,GLENN,UNINCORPORATED,-122.46775054931641,39.598770141601562
90735564,2018,2018-05-28,9160,2018-05-20,0100,019164,,7,3,9,1100,0,1,3,,1,010,SR-45,"COUNTY RD 56",528.00,S,N,A,-,Y,,,45,,,,,,,Y,3,0,1,1,A,-,01,23152,A,N,E,I,A,A,H,-,D,D,0,,,,,Y,Y,A,01,0,1,0,0,0,0,0,0,0,"- ","- ",39.496601104736328,-122.01969909667969,GLENN,UNINCORPORATED,-122.019775390625,39.496612548828125
90736995,2018,2018-05-30,9160,2018-05-25,0851,017577,,5,1,9,1100,0,3,5,,2,003,"COUNTY ROAD H","STONERIDGE DR.",500.00,N,N,B,C,N,,,,,,,,,,Y,4,0,1,1,A,-,08,22107,,N,E,I,A,B,H,-,A,D,0,,,,,Y,,A,01,0,0,1,0,0,0,0,0,0,"- ","- ",39.454299926757812,-122.12560272216797,GLENN,UNINCORPORATED,-122.21553039550781,39.762653350830078
90737632,2018,2018-05-30,9160,2018-04-25,0545,015118,,3,3,9,1100,0,3,5,,2,005,"COUNTY ROAD 9 (WYO AVENUE)","SIXTH AVENUE (COUNTY ROAD 202)",3.00,E,N,A,-,N,,,,,,,,,,Y,1,1,0,2,A,-,09,21802,A,N,D,C,A,A,H,-,B,A,0,,,,,Y,,D,22,0,0,0,0,0,0,0,0,0,"- ","- ",39.768589019775391,-122.10977172851562,GLENN,UNINCORPORATED,-122.10994720458984,39.768562316894531
90738147,2018,2018-05-31,9160,2018-05-26,0310,019164,,6,3,9,1100,0,3,5,,2,005,"COUNTY ROAD 9","1ST AVE",528.00,W,N,B,-,N,,,,,,,,,,Y,4,0,1,1,A,-,08,22107,,N,E,I,A,B,H,-,D,D,0,,,,,Y,Y,A,01,0,0,1,0,0,0,0,0,0,"- ","- ",39.766498565673828,-122.04889678955078,GLENN,UNINCORPORATED,-122.04954528808594,39.766441345214844
90739546,2018,2018-06-01,9160,2018-05-26,0340,018895,,6,3,9,1100,0,3,5,,2,001,"COUNTY ROAD 306","COUNTY ROAD 308",2640.00,S,N,B,C,N,,,,,,,,,,Y,3,0,1,1,A,-,01,23152,A,N,E,I,A,B,H,-,D,D,0,,,,,Y,Y,A,01,0,1,0,0,0,0,0,0,0,"- ","- ",39.58837890625,-122.53858184814453,GLENN,UNINCORPORATED,-122.53818511962891,39.588077545166016
90747780,2018,2018-06-13,9160,2018-06-05,1545,017613,,2,2,9,1100,0,3,5,,2,005,"COUNTY ROAD 200","COUNTY ROAD P",0.00,,Y,A,-,N,,,,,,,,,,Y,3,0,2,2,A,-,09,21802,A,N,D,C,A,A,H,-,A,A,0,,,,,Y,,D,22,0,2,0,0,0,0,0,0,0,"- ","- ",39.725151062011719,-122.14096832275391,GLENN,UNINCORPORATED,-122.24772644042969,39.766788482666016
90748379,2018,2018-06-14,9160,2018-06-05,1726,014900,,2,2,9,1100,0,2,4,,2,016,"COUNTY ROAD 99W",CR-45,3696.00,N,N,A,-,N,,,,,,,,,,Y,4,0,1,1,A,-,08,22107,,N,E,I,A,A,H,-,A,D,0,,,,,Y,,A,07,0,0,1,0,0,0,0,0,0,"- ","- ",39.563468933105469,-122.19362640380859,GLENN,UNINCORPORATED,-122.19366455078125,39.563510894775391
90749227,2018,2018-06-15,9160,2018-06-14,0720,019043,,4,1,9,1100,0,1,3,,2,012,SR-162,"COUNTY ROAD YY",1056.00,W,N,A,-,Y,,,162,,,,,,,Y,4,0,1,1,A,-,08,22107,,N,E,I,A,A,H,-,A,D,0,,,,,Y,,A,01,0,0,1,0,0,0,0,0,0,"- ","- ",39.464378356933594,-121.97238922119141,GLENN,UNINCORPORATED,-121.97238922119141,39.464344024658203
90751046,2018,2018-06-19,9160,2018-06-17,1745,017613,,7,2,2,1101,0,1,1,,2,006,"I-5 NORTHBOUND FROM SR-32 WESTBOUND","9TH ST",370.00,W,N,A,-,Y,,,5,,,,R,,N,N,3,0,1,2,A,-,09,21804,A,N,D,G,A,A,H,-,A,D,0,,Y,,,Y,,L,04,0,1,0,0,0,0,1,0,0,"- ","- ",39.749900817871094,-122.20329284667969,GLENN,ORLAND,-122.20329284667969,39.749900817871094
90752796,2018,2018-06-21,9160,2018-06-13,1700,019043,,3,2,9,1100,0,3,5,,2,005,"COUNTY RD 24","COUNTY ROAD M",0.00,,Y,A,-,N,,,,,,,,,,Y,4,0,1,2,A,-,09,21802,A,N,D,C,A,A,H,-,A,A,0,,,,,Y,,A,07,0,0,1,0,0,0,0,0,0,"- ","- ",39.711360931396484,-122.17848205566406,GLENN,UNINCORPORATED,-122.178466796875,39.711029052734375
90753368,2018,2018-06-21,9160,2018-06-19,1820,017873,,2,2,9,1100,0,1,3,,1,010,SR-45,"COUNTY ROAD 30 1/2",77.00,S,N,A,-,Y,,,45,,,,,,,Y,3,0,1,1,A,-,08,22107,,N,E,I,A,A,H,-,A,D,0,,,,,Y,,A,01,0,1,0,0,0,0,0,0,0,"- ","- ",39.645820617675781,-122.00753784179688,GLENN,UNINCORPORATED,-122.00766754150391,39.645816802978516
90755282,2018,2018-06-25,9160,2018-03-19,0739,017613,,1,1,9,1100,0,1,1,,2,006,"INTERSTATE 5 NORTHBOUND","COUNTY ROAD 7",1584.00,N,N,A,-,Y,,,5,,,,,,N,Y,1,1,0,1,A,-,08,22107,,N,F,A,A,A,H,-,A,D,0,,,,,Y,,A,07,0,0,0,0,0,0,0,0,0,"- ","- ",39.788368225097656,-122.20345306396484,GLENN,UNINCORPORATED,-122.20359039306641,39.788414001464844
90758414,2018,2018-06-28,9160,2018-06-18,1650,014900,,1,2,2,1102,0,1,1,,2,002,"I-5 N/B TO COUNTY ROAD 57","COUNTY ROAD 57",320.00,S,N,A,-,Y,,,5,,,,R,,N,Y,2,0,1,1,A,-,08,22107,,N,E,I,A,A,H,-,A,D,0,,,,,Y,,E,22,1,0,0,0,0,0,0,0,0,"- ","- ",39.49420166015625,-122.19539642333984,GLENN,WILLOWS,-122.19539642333984,39.49420166015625
90765648,2018,2018-07-09,9160,2018-07-03,1130,014900,,2,1,9,1100,0,1,1,,2,006,"I-5 N/B",SR-32,2640.00,N,N,A,-,Y,,,5,,,,,,N,Y,3,0,3,2,A,-,03,22350,,N,C,C,A,A,H,-,A,D,0,,,,,Y,,A,07,0,3,0,0,0,0,0,0,0,"- ","- ",39.758449554443359,-122.20516204833984,GLENN,UNINCORPORATED,-122.20524597167969,39.758449554443359
90766615,2018,2018-07-10,9160,2018-07-02,1700,019043,,1,2,9,1100,0,3,5,,2,007,"1ST AVE.","N. BUTTE ST.",0.00,,Y,A,-,N,,,,,,,,,,Y,4,0,2,2,A,-,09,21802,A,N,D,C,A,A,H,-,A,A,0,,,,,Y,,A,01,0,0,2,0,0,0,0,0,0,"- ","- ",39.533271789550781,-122.19542694091797,GLENN,UNINCORPORATED,-122.19548034667969,39.533428192138672
90775500,2018,2018-07-24,9160,2018-05-10,1635,018737,,4,2,9,1100,0,1,3,,1,010,"STATE ROUTE 45","COUNTY ROAD 62",185.00,S,N,B,-,Y,,,45,,,,,,,Y,2,0,2,1,A,-,08,22107,,N,E,I,A,A,H,-,A,D,0,,,,,Y,,D,22,2,0,0,0,0,0,0,0,0,"- ","- ",39.449600219726562,-122.01731872558594,GLENN,UNINCORPORATED,-122.01740264892578,39.449600219726562
90776653,2018,2018-07-25,9160,2018-07-19,1833,019742,,4,2,9,1100,0,3,5,,2,007,"COUNTY ROAD W","COUNTY ROAD 34",0.00,,Y,A,-,N,,,,,,,,,,Y,4,0,1,2,A,-,12,22450,A,N,D,C,A,A,H,-,A,A,0,,,,,Y,,A,01,0,0,1,0,0,0,0,0,0,"- ","- ",39.616100311279297,-122.04653167724609,GLENN,UNINCORPORATED,-122.04627227783203,39.616161346435547
90787936,2018,2018-08-09,9160,2018-08-04,0200,017873,,6,3,9,1100,0,3,5,,2,005,"COUNTY ROAD P","COUNTY ROAD 20",528.00,S,N,A,-,N,,,,,,,,,,Y,3,0,1,1,A,-,08,22107,,N,F,A,A,A,H,-,D,D,0,,,,,Y,Y,A,07,0,1,0,0,0,0,0,0,0,"- ","- ",39.722881317138672,-122.14086151123047,GLENN,UNINCORPORATED,-122.24980926513672,39.726188659667969
90787948,2018,2018-08-09,9160,2018-08-05,0300,015118,,7,3,9,1100,0,2,4,,2,016,"CO. RD. 99W","CO. RD. 39",4224.00,N,N,A,-,N,,,,,,,,,,Y,3,0,1,1,A,-,01,23152,A,N,E,I,A,A,H,-,D,D,0,,,,,Y,Y,D,22,0,1,0,0,0,0,0,0,0,"- ","- ",39.594409942626953,-122.19448089599609,GLENN,UNINCORPORATED,-122.19441986083984,39.595111846923828
90791132,2018,2018-08-15,9160,2018-07-24,1140,018128,,2,1,9,1100,0,3,5,,2,005,"COUNTY ROAD 20","COUNTY ROAD 99W",0.00,,Y,A,-,N,,,,,,,,,,Y,3,0,2,2,A,-,09,21802,A,N,D,C,A,A,H,-,A,A,0,,,,,Y,,D,22,0,1,1,0,0,0,0,0,0,"- ","- ",39.433261871337891,-122.11489868164062,GLENN,UNINCORPORATED,-122.19692230224609,39.7257080078125
90791587,2018,2018-08-15,9160,2018-08-06,1450,018256,,1,2,9,1100,0,1,3,,1,008,"SR-32 W/B","COUNTY ROAD P",1320.00,W,N,A,-,Y,,,32,,,,,,W,Y,3,0,1,2,A,-,01,23152,A,N,C,C,A,A,H,-,A,D,0,,,,,Y,Y,A,01,0,1,0,0,0,0,0,0,0,"- ","- ",39.746849060058594,-122.14649963378906,GLENN,UNINCORPORATED,-122.14649963378906,39.746944427490234
90793279,2018,2018-08-17,9160,2018-08-08,1139,019568,,3,1,9,1100,0,1,1,,2,006,"I-5 S/B","WALKER CREEK",1806.00,S,N,A,-,Y,,,5,,,,,,S,Y,3,0,4,1,A,-,08,22107,,N,E,I,A,A,H,-,A,D,0,,,,,Y,,A,01,0,4,0,0,0,0,0,0,0,"- ","- ",39.629138946533203,-122.20471954345703,GLENN,UNINCORPORATED,-122.20457458496094,39.629116058349609
90798637,2018,2018-08-27,9160,2018-08-15,1304,017577,,3,1,9,1100,0,1,3,,1,010,"STATE ROUTE 45","COUNTY ROAD 39",1584.00,S,N,A,-,Y,,,45,,,,,,,N,4,0,1,3,A,-,03,22350,,N,C,C,A,A,H,-,A,D,0,,,,,Y,,A,01,0,0,1,0,0,0,0,0,0,"- ","- ",39.57794189453125,-122.00517272949219,GLENN,UNINCORPORATED,-122.00527191162109,39.577922821044922
90799161,2018,2018-08-27,9160,2018-08-16,1410,019742,,4,2,9,1100,0,1,1,,2,006,"I-5 N/B","COUNTY ROAD 25",1138.00,N,N,A,-,Y,,,5,,,,,,N,Y,3,0,2,4,A,-,07,21658,A,F,A,C,A,A,H,-,A,D,0,,,,Y,Y,,-,99,0,2,0,0,0,0,0,0,0,"- ","- ",39.698879241943359,-122.20561218261719,GLENN,UNINCORPORATED,-122.20532989501953,39.698894500732422
90799947,2018,2018-08-28,9160,2018-08-19,1310,014900,,7,1,9,1100,0,3,5,,2,005,"COUNTY ROAD 24","COUNTY ROAD U",324.00,W,N,A,-,N,,,,,,,,,,Y,3,0,1,1,A,-,08,22107,,N,E,I,A,A,H,-,A,A,0,,,,,Y,,D,22,0,1,0,0,0,0,0,0,0,"- ","- ",39.710319519042969,-122.07881164550781,GLENN,UNINCORPORATED,-122.07963562011719,39.710781097412109
90803802,2018,2018-08-31,9160,2018-08-22,1100,018128,,3,1,9,1100,0,2,4,,2,016,"COUNTY ROAD 99W","1ST AVE",621.00,S,N,A,-,N,,,,,,,,,,Y,2,0,2,2,A,-,05,21460,A,N,A,C,A,A,H,-,A,D,0,,,,,Y,,A,07,1,1,0,0,0,0,0,0,0,"- ","- ",39.31549072265625,-122.11363983154297,GLENN,UNINCORPORATED,,
90806086,2018,2018-09-05,9160,2018-08-31,0649,017577,,5,1,9,1100,0,1,3,,2,014,"STATE HIGHWAY 162","COUNTY ROAD D",0.00,,Y,A,-,Y,,,,,,,,,,Y,4,0,1,2,A,-,12,22450,A,N,D,C,A,A,H,-,A,A,0,,,,,Y,,A,01,0,0,1,0,0,0,0,0,0,"- ","- ",39.3125,-122.14569854736328,GLENN,UNINCORPORATED,-122.24925994873047,39.524150848388672
90809807,2018,2018-09-11,9160,2018-09-03,0431,020558,,1,3,9,1100,0,1,1,,2,002,"INTERSTATE 5 S/B","COUNTY ROAD 68",4224.00,N,N,A,-,Y,,,5,,,,,,S,Y,3,0,1,1,A,-,08,22107,,N,E,I,A,A,H,-,D,D,0,,,,,Y,,A,01,0,1,0,0,0,0,0,0,0,"- ","- ",39.418380737304688,-122.19387817382812,GLENN,UNINCORPORATED,-122.19368743896484,39.4183349609375
90814477,2018,2018-09-17,9160,2018-09-09,1730,020318,,7,2,9,1100,0,3,5,,2,005,"COUNTY RD S","COUNTY RD 16",1025.00,S,N,A,-,N,,,,,,,,,,Y,3,0,1,1,A,-,01,23152,A,M,E,I,A,A,H,-,A,D,0,,,,,Y,Y,D,22,0,1,0,0,0,0,0,0,0,"- ","- ",39.739700317382812,-122.10295104980469,GLENN,UNINCORPORATED,-122.10424041748047,39.736534118652344
90816187,2018,2018-09-19,9160,2018-09-09,0545,014900,,7,3,9,1100,0,3,5,,2,007,"COUNTY ROAD P","COUNTY ROAD 60",528.00,N,N,A,-,N,,,,,,,,,,N,4,0,1,1,A,-,08,22107,,N,E,I,A,A,H,-,D,D,0,,,,,Y,,A,01,0,0,1,0,0,0,0,0,0,"- ","- ",39.467609405517578,-122.13655090332031,GLENN,UNINCORPORATED,-122.13654327392578,39.466663360595703
90816255,2018,2018-09-19,9160,2018-09-13,1134,017577,,4,1,9,1100,0,1,3,,1,010,"STATE HIGHWAY 45","COUNTY ROAD 39",8976.00,N,N,A,-,Y,,,45,,,,,,,Y,4,0,1,1,A,-,08,22107,,N,E,I,A,A,H,-,A,D,0,,,,,Y,,A,01,0,0,1,0,0,0,0,0,0,"- ","- ",39.601459503173828,-122.00746917724609,GLENN,UNINCORPORATED,-122.00780487060547,39.601451873779297
90816844,2018,2018-10-18,9160,2018-04-04,1637,018737,,3,2,9,1100,0,1,3,,1,010,"STATE ROUTE 45","COUNTY ROAD 23",325.00,N,N,B,-,Y,,,45,,,,,,,Y,1,2,1,1,A,-,01,23152,F,N,E,I,A,A,H,-,A,D,0,,,,,Y,,A,07,1,0,0,0,0,0,0,0,0,"- ","- ",39.713520050048828,-122.00514221191406,GLENN,UNINCORPORATED,-122.00529479980469,39.713455200195312
90817042,2018,2018-09-19,9160,2018-09-13,0923,017577,,4,1,9,1100,0,3,5,,2,007,"COUNTY ROAD Z","STATE HIGHWAY 162",680.00,N,N,A,-,N,,,,,,,,,,Y,2,0,1,2,A,-,03,22350,,N,B,D,A,A,C,-,A,A,0,,,Y,,Y,,C,02,1,0,0,0,0,0,0,0,1,"- ","- ",39.465850830078125,-121.93016052246094,GLENN,UNINCORPORATED,-121.93006896972656,39.466007232666016
90818060,2018,2018-09-20,9160,2018-09-10,1025,014900,,1,1,9,1100,0,1,1,,2,006,"I-5 S/B","COUNTY ROAD 7",4752.00,S,N,A,-,Y,,,5,,,,,,S,Y,2,0,2,1,C,-,18,,,N,F,A,A,A,H,-,A,D,0,,,Y,,Y,,-,"- ",2,0,0,0,0,0,0,0,2,"- ","- ",39.770099639892578,-122.20509338378906,GLENN,UNINCORPORATED,-122.20512390136719,39.770099639892578
90831081,2018,2018-10-08,9160,2018-10-02,0815,017613,,2,1,9,1100,0,3,5,,2,005,"LOS ROBLES AVE","4TH ST",0.00,,Y,C,-,N,,,,,,,,,,Y,3,0,2,2,A,-,09,21802,A,N,D,C,A,B,H,-,A,A,0,,,,,Y,,A,07,0,1,1,0,0,0,0,0,0,"- ","- ",39.742450714111328,-122.01547241210938,GLENN,UNINCORPORATED,-122.01534271240234,39.742340087890625
90833187,2018,2018-10-10,9160,2018-10-09,0807,017613,,2,1,2,1101,0,1,1,,2,006,"I-5 N/B","COUNTY ROAD 16",528.00,N,N,A,-,Y,,,5,,,,,,N,Y,3,0,1,1,A,-,08,22107,,N,F,A,A,A,H,-,A,D,0,,,,,Y,,A,07,0,1,0,0,0,0,0,0,0,"- ","- ",39.743148803710938,-122.20545196533203,GLENN,ORLAND,-122.20548248291016,39.743148803710938
90838384,2018,2018-10-17,9160,2018-10-15,1005,017613,,1,1,9,1100,0,1,3,,1,010,"STATE ROUTE 45","COUNTY ROAD 34",900.00,S,N,A,-,Y,,,45,,,,,,,Y,2,0,1,2,A,-,03,22350,,N,C,C,A,A,H,-,A,D,0,,,,Y,Y,,A,01,1,0,0,0,0,0,0,0,0,"- ","- ",39.613540649414062,-122.00747680664062,GLENN,UNINCORPORATED,-122.00748443603516,39.613540649414062
90839204,2018,2018-10-18,9160,2018-10-08,0545,018256,,1,3,9,1100,0,3,5,,2,005,"COUNTY ROAD 9","6TH AVE",0.00,,Y,A,-,N,,,,,,,,,,Y,4,0,1,2,A,-,09,21802,A,N,D,C,A,A,H,-,D,A,0,,,,Y,Y,,G,25,0,0,1,0,0,0,0,0,0,"- ","- ",39.768508911132812,-122.11022186279297,GLENN,UNINCORPORATED,-122.10993999999999,39.768560000000001
90842898,2018,2018-11-21,9160,2018-04-28,1230,018128,,6,1,9,1100,0,1,1,,2,002,"INTERSTATE 5 SOUTHBOUND","COUNTY ROAD 60",3168.00,N,N,A,-,Y,,,5,,,,,,S,Y,1,1,1,2,A,-,08,22107,,N,A,C,A,A,H,-,A,D,0,,,,Y,Y,,G,25,0,1,0,0,0,0,0,0,0,"- ","- ",39.478801727294922,-122.19570159912109,GLENN,UNINCORPORATED,-122.19603729248047,39.478797912597656
90843790,2018,2018-10-24,9160,2018-10-22,0810,017613,,1,1,9,1100,0,1,3,,1,008,"STATE ROUTE 32","STATE ROUTE 45",2640.00,W,N,A,-,Y,,,32,,,,,,,Y,4,0,1,2,A,-,03,22350,,N,C,C,A,A,H,-,A,D,0,,,,,Y,,D,22,0,0,1,0,0,0,0,0,0,"- ","- ",39.744770050048828,-122.02861785888672,GLENN,UNINCORPORATED,-122.02861785888672,39.7447509765625
90844835,2018,2018-10-25,9160,2018-10-19,2040,019164,,5,2,9,1100,0,1,3,,1,010,SR-45,CR-56,361.00,S,N,A,-,Y,,,45,,,,,,,Y,2,0,1,1,A,-,08,22107,,N,E,I,A,A,H,-,D,D,0,,,,,Y,,A,01,1,0,0,0,0,0,0,0,0,"- ","- ",39.4989013671875,-122.0194091796875,GLENN,UNINCORPORATED,-122.01945495605469,39.498905181884766
90849942,2018,2018-10-31,9160,2018-10-27,2230,019164,,6,3,9,1100,0,3,5,,2,001,"FOREST HWY 7",CR-306,22176.00,W,N,A,B,N,,,,,,,,,,Y,4,0,1,1,C,-,18,,,N,E,H,A,A,H,-,D,D,0,,,,,Y,,-,"- ",0,0,1,0,0,0,0,0,0,"- ","- ",39.650211334228516,-122.59393310546875,GLENN,UNINCORPORATED,,
90850087,2018,2018-10-31,9160,2018-10-27,1545,019742,,6,2,9,1100,0,3,5,,2,007,"COUNTY ROAD 68","COUNTY ROAD 99W",0.00,,Y,A,-,N,,,,,,,,,,Y,4,0,2,2,A,-,09,21802,A,N,D,C,A,A,H,-,A,A,0,,,,Y,Y,,A,07,0,0,2,0,0,0,0,0,0,"- ","- ",39.402088165283203,-122.19280242919922,GLENN,UNINCORPORATED,-122.19281768798828,39.407119750976562
90852948,2018,2018-11-05,9160,2018-10-27,1310,017613,,6,1,9,1100,0,1,3,,1,008,"STATE ROUTE 32","COUNTY ROAD Q",1584.00,E,N,A,-,Y,,,32,,,,,,,Y,3,0,3,2,A,-,03,22350,,N,C,C,A,A,H,-,A,D,0,,,,,Y,,A,07,0,3,0,0,0,0,0,0,0,"- ","- ",39.746849060058594,-122.12277984619141,GLENN,UNINCORPORATED,-122.12277984619141,39.746822357177734
90855657,2018,2018-11-07,9160,2018-10-28,0217,019164,,7,3,9,1100,0,3,5,,2,005,"COUNTY ROAD 24","COUNTY ROAD O",275.00,E,N,A,-,N,,,,,,,,,,Y,2,0,1,1,A,-,01,23152,F,N,E,I,A,A,H,-,D,D,0,,,,,Y,,D,22,1,0,0,0,0,0,0,0,0,"- ","- ",39.710720062255859,-122.14434051513672,GLENN,UNINCORPORATED,-122.14472198486328,39.710712432861328
90858010,2018,2018-11-12,9160,2018-11-01,1000,019164,,4,1,9,1100,0,1,3,,1,010,SR-45,"ORD FERRY RD",1056.00,N,N,A,-,Y,,,45,,,,,,,Y,4,0,1,2,A,-,06,21750,A,N,D,C,A,A,H,-,A,D,0,,,,,Y,,A,01,0,0,1,0,0,0,0,0,0,"- ","- ",39.633640289306641,-122.00698089599609,GLENN,UNINCORPORATED,-122.00698089599609,39.633640289306641
90860656,2018,2018-11-15,9160,2018-11-11,2150,015118,,7,2,9,1100,0,1,1,,2,006,"I-5 (N/B)","CO. RD. 16",1584.00,S,N,A,-,Y,,,5,,,,,,,Y,3,0,2,1,A,-,08,22107,,N,E,I,A,A,H,-,D,D,0,,,,,Y,,A,01,0,1,1,0,0,0,0,0,0,"- ","- ",39.735500335693359,-122.20543670654297,GLENN,UNINCORPORATED,-122.20561218261719,39.735500335693359
90862054,2018,2018-11-16,9160,2018-11-12,1414,019164,,1,2,9,1100,0,3,5,,2,003,"COUNTY ROAD 200","COUNTY ROAD FF",0.00,,Y,A,-,N,,,,,,,,,,Y,4,0,2,2,A,-,09,21802,A,N,D,C,A,A,H,-,A,A,0,,,,,Y,,D,22,0,0,2,0,0,0,0,0,0,"- ","- ",39.760631561279297,-122.22979736328125,GLENN,UNINCORPORATED,-122.22975921630859,39.760459899902344
90862842,2018,2018-11-19,9160,2018-11-10,2000,017873,,6,2,9,1100,0,3,5,,2,007,"COUNTY ROAD 48","COUNTY ROAD P",1584.00,W,N,A,-,N,,,,,,,,,,Y,3,0,1,1,A,-,08,22107,,M,E,I,A,A,H,-,D,D,0,,,,,Y,,A,01,0,1,0,0,0,0,0,0,0,"- ","- ",39.53887939453125,-122.14148712158203,GLENN,UNINCORPORATED,-122.14246368408203,39.538936614990234
90864121,2018,2018-11-20,9160,2018-11-08,1100,019043,,4,1,9,1100,0,1,3,,1,010,SR-45,"ORD FERRY RD",0.00,,Y,A,-,Y,,,45,,,,,,,Y,4,0,1,2,A,-,09,21801,A,N,A,C,A,A,H,-,A,A,0,,,,,Y,,A,01,0,0,1,0,0,0,0,0,0,"- ","- ",39.630771636962891,-122.00681304931641,GLENN,UNINCORPORATED,-122.00692749023438,39.630771636962891
90867228,2018,2018-11-26,9160,2018-11-18,2245,019742,,7,3,9,1100,0,1,3,,1,010,SR-45,"COUNTY ROAD 52",100.00,N,N,A,-,Y,,,45,,,,,,,Y,4,0,1,1,A,-,01,23152,A,N,E,I,A,A,H,-,D,D,0,,,,,Y,Y,A,01,0,0,1,0,0,0,0,0,0,"- ","- ",39.529899597167969,-122.01238250732422,GLENN,UNINCORPORATED,-122.01219177246094,39.529899597167969
90869387,2018,2018-11-28,9160,2018-11-18,1210,014900,,7,1,9,1100,0,3,5,,2,007,"COUNTY ROAD 68","COUNTY ROAD 99W",0.00,,Y,A,-,Y,,,,,,,,,,Y,4,0,1,2,A,-,09,21802,A,N,D,C,A,A,H,-,A,A,0,,,,,Y,,D,22,0,0,1,0,0,0,0,0,0,"- ","- ",39.407260894775391,-122.19288635253906,GLENN,UNINCORPORATED,-122.19281768798828,39.407119750976562
90870496,2018,2018-11-29,9160,2018-11-22,1640,019043,,4,2,9,1100,0,1,1,,2,006,I-5,"STONY CREEK BRIDGE",134.00,N,N,B,C,Y,,,5,,,,,,,Y,2,0,2,2,A,-,08,22107,,N,A,C,A,B,H,-,B,D,0,,,,Y,Y,,A,01,1,0,1,0,0,0,0,0,0,"- ","- ",39.773860931396484,-122.20487213134766,GLENN,UNINCORPORATED,-122.20494079589844,39.77386474609375
90876050,2018,2018-12-05,9160,2018-11-18,0815,014900,,7,1,9,1100,0,1,3,,1,010,SR-45,"COUNTY ROAD 44",2112.00,N,N,A,-,Y,,,45,,,,,,,Y,3,0,1,1,A,-,08,22107,,N,E,I,A,A,H,-,A,D,0,,,,,Y,,A,01,0,1,0,0,0,0,0,0,0,"- ","- ",39.563400268554688,-122.00582122802734,GLENN,UNINCORPORATED,-122.00572967529297,39.563404083251953
90878037,2018,2018-12-07,9160,2018-11-29,1600,019043,,4,2,9,1100,0,1,3,,1,008,SR-32,"WALSH AVE",150.00,E,N,B,-,Y,,,32,,,,,,,N,4,0,1,4,A,-,03,22350,,N,C,C,A,B,H,-,A,D,0,,,,,Y,,A,01,0,0,1,0,0,0,0,0,0,"- ","- ",39.746440887451172,-122.0128173828125,GLENN,UNINCORPORATED,-122.01280212402344,39.746383666992188
90879151,2018,2018-12-10,9160,2018-11-29,0400,017873,,4,3,9,1100,0,1,1,,2,004,"INTERSTATE 5 N/B","COUNTY ROAD 48",5280.00,N,N,C,-,Y,,,5,,,,,,N,Y,2,0,1,1,A,-,08,22107,,N,E,I,A,B,H,-,D,D,0,,,,Y,Y,,F,26,1,0,0,0,0,0,0,0,0,"- ","- ",39.555671691894531,-122.21456909179688,GLENN,UNINCORPORATED,-122.21446990966797,39.555656433105469
90879360,2018,2018-12-10,9160,2018-11-28,0750,014900,,3,1,9,1100,0,2,4,,2,016,"COUNTY ROAD 99W","COUNTY ROAD 27",0.00,,Y,B,E,N,,,,,,,,,,Y,3,0,1,2,A,-,09,21801,A,N,D,C,A,B,H,-,A,D,0,,,,,Y,,E,22,0,1,0,0,0,0,0,0,0,"- ","- ",39.682201385498047,-122.19676208496094,GLENN,UNINCORPORATED,-122.19686126708984,39.682331085205078
90882479,2018,2018-12-13,9160,2018-12-08,0330,017873,,6,3,9,1100,0,3,5,,2,005,"COUNTY ROAD 9","3RD AVE",270.00,E,N,A,-,N,,,,,,,,,,Y,2,0,1,1,C,-,18,,,N,E,H,A,A,H,-,D,D,0,,,,,Y,,-,"- ",1,0,0,0,0,0,0,0,0,"- ","- ",39.766559600830078,-122.06484985351562,GLENN,UNINCORPORATED,-122.06549835205078,39.766532897949219
90882732,2018,2018-12-13,9160,2018-12-06,0545,018128,,4,3,9,1100,0,3,5,,2,007,"COUNTY ROAD 68","COUNTY ROAD 99W",0.00,,Y,A,-,N,,,,,,,,,,Y,4,0,1,2,A,-,12,22450,A,N,D,C,A,A,H,-,D,A,0,,,,,Y,,D,22,0,0,1,0,0,0,0,0,0,"- ","- ",39.406768798828125,-122.19271087646484,GLENN,UNINCORPORATED,-122.19281768798828,39.407119750976562
90884785,2018,2018-12-17,9160,2018-12-06,1050,014900,,4,1,9,1100,0,1,3,,1,010,SR-45,"COUNTY ROAD 32",0.00,,Y,A,-,Y,,,45,,,,,,,Y,4,0,1,2,A,-,09,21802,A,N,D,C,A,A,H,-,A,A,0,,,,Y,Y,,A,01,0,0,1,0,0,0,0,0,0,"- ","- ",39.630649566650391,-122.00653839111328,GLENN,UNINCORPORATED,-122.00692749023438,39.630657196044922
90885046,2018,2018-12-18,9160,2018-12-10,1845,019568,,1,2,9,1100,0,1,1,,2,006,"INTERSTATE 5 NB","COUNTY ROAD 25",1584.00,S,N,A,-,Y,,,5,,,,,,N,Y,4,0,1,2,A,-,03,22350,,N,C,C,A,A,H,-,D,D,0,,,,Y,Y,,G,25,0,0,1,0,0,0,0,0,0,"- ","- ",39.696979522705078,-122.20523071289062,GLENN,UNINCORPORATED,-122.20521545410156,39.696979522705078
90885086,2018,2018-12-18,9160,2018-12-12,0815,017613,,3,1,9,1100,0,1,3,,1,008,"STATE ROUTE 32","COUNTY ROAD P",0.00,,Y,A,-,Y,,,32,,,,,,,Y,4,0,1,2,A,-,09,21802,A,N,D,C,A,A,H,-,A,D,0,,,,,Y,,A,01,0,0,1,0,0,0,0,0,0,"- ","- ",39.746829986572266,-122.14106750488281,GLENN,UNINCORPORATED,-122.14106750488281,39.746898651123047
90885601,2018,2018-12-18,9160,2018-12-13,0750,017613,,4,1,9,1100,0,1,1,,2,004,"I-5 N/B","COUNTY ROAD 39",55.00,N,N,A,-,Y,,,5,,,,,,N,Y,4,0,1,1,A,-,08,22107,,N,E,I,A,A,H,-,A,D,0,,,,,Y,,A,01,0,0,1,0,0,0,0,0,0,"- ","- ",39.582370758056641,-122.21038055419922,GLENN,UNINCORPORATED,-122.21028137207031,39.582355499267578
90887987,2018,2018-12-21,9160,2018-12-14,0752,018981,,5,1,9,1100,0,3,5,,2,005,"COUNTY ROAD 20","RD. KK",0.00,,Y,B,-,N,,,,,,,,,,Y,4,0,1,2,A,-,09,21802,A,N,D,C,A,A,H,-,A,A,0,,,,,Y,,A,07,0,0,1,0,0,0,0,0,0,"- ","- ",39.725620269775391,-122.18763732910156,GLENN,UNINCORPORATED,-122.187659,39.725662
90891184,2018,2018-12-27,9160,2018-12-15,1903,019164,,6,2,9,1100,0,3,5,,2,003,"COUNTY ROAD C","COUNTY ROAD 200",3696.00,N,N,B,-,N,,,,,,,,,,N,2,0,1,1,A,-,01,23152,A,N,E,I,A,B,E,H,D,D,0,,,,,Y,Y,A,01,1,0,0,0,0,0,0,0,0,"- ","- ",39.784160614013672,-122.27208709716797,GLENN,UNINCORPORATED,-122.27220916748047,39.784641265869141
90893939,2018,2018-12-31,9160,2018-12-24,1345,018895,,1,1,9,1100,0,1,3,,2,012,"SR-162 E/B","COUNTY ROAD TT",1790.00,E,N,B,C,Y,,,162,,,,,,E,Y,3,0,1,1,A,-,01,23152,A,N,E,I,A,B,H,-,A,D,0,,,,,Y,Y,A,01,0,1,0,0,0,0,0,0,0,"- ","- ",39.521690368652344,-122.08210754394531,GLENN,UNINCORPORATED,-122.08210754394531,39.521625518798828
90893940,2018,2018-12-31,9160,2018-12-27,1105,017613,,4,1,9,1100,0,2,4,,2,016,"COUNTY ROAD 99W","COUNTY ROAD 7",0.00,,Y,A,-,N,,,,,,,,,,Y,4,0,1,2,A,-,03,22350,,N,D,C,A,A,H,-,A,D,0,,,,Y,Y,,A,07,0,0,1,0,0,0,0,0,0,"- ","- ",39.78369140625,-122.19766998291016,GLENN,UNINCORPORATED,-122.19764709472656,39.783660888671875
90893991,2018,2018-12-31,9160,2018-12-28,1050,018737,,5,1,9,1100,0,3,5,,2,005,"COUNTY ROAD 9","6TH AVE",0.00,,Y,A,-,N,,,,,,,,,,Y,2,0,4,2,A,-,09,21802,A,N,D,C,A,A,H,-,A,A,0,,,,,Y,,A,07,2,0,2,0,0,0,0,0,0,"- ","- ",39.768539428710938,-122.10999298095703,GLENN,UNINCORPORATED,-122.109993,39.768538999999997
90898717,2018,2019-01-07,9160,2018-12-29,1910,019043,,6,2,9,1100,0,1,3,,1,010,"SR -45","ORD FERRY RD",0.00,,Y,A,-,Y,,,45,,,,,,,Y,2,0,1,2,A,-,09,21802,A,N,D,C,A,A,H,-,C,D,0,,,,,Y,Y,A,01,1,0,0,0,0,0,0,0,0,"- ","- ",39.630390167236328,-122.00682067871094,GLENN,UNINCORPORATED,-122.00694274902344,39.630393981933594
90906276,2019,2019-01-17,9160,2019-01-16,0640,017065,,3,1,9,1100,0,2,A,,2,850,"COUNTY ROAD 9","1ST AVENUE",100.00,W,N,C,-,N,,,,,,,,,,N,4,0,2,2,A,-,03,22350,,N,C,C,A,B,H,-,D,D,0,,,,,Y,,A,01,0,0,2,0,0,0,0,0,0,"- ","- ",39.766498565673828,-121.04799652099609,GLENN,UNINCORPORATED,-122.04815673828125,39.766513824462891
90906901,2019,2019-01-17,9160,2019-01-13,0045,017873,,7,3,9,1100,0,1,3,,1,008,SR-32,"COUNTY ROAD P",0.00,,Y,B,-,Y,,,32,,,,,,,Y,3,0,4,2,A,-,01,23152,A,N,D,C,A,B,H,-,C,A,0,,,,,Y,Y,D,22,0,3,1,0,0,0,0,0,0,"- ","- ",39.746910095214844,-122.14093780517578,GLENN,UNINCORPORATED,-122.14093780517578,39.746898651123047
90916042,2018,2019-01-30,9160,2018-07-06,1606,018895,,5,2,9,1100,0,1,1,,2,006,"I-5 N/B","COUNTY ROAD 24",345.00,N,N,B,-,Y,,,5,,,,,,N,Y,1,2,3,1,A,-,08,22107,,N,F,A,A,A,H,-,A,D,0,,,,,Y,,A,07,0,3,0,0,0,0,0,0,0,"- ","- ",39.712661743164062,-122.20594024658203,GLENN,UNINCORPORATED,-122.20598602294922,39.712661743164062
90916044,2019,2019-01-30,9160,2019-01-22,1743,018895,,2,2,9,1100,0,1,3,,1,008,SR-32,"SACRAMENTO AVE",5280.00,E,N,A,-,Y,,,32,,,,,,,Y,4,0,1,3,A,-,03,22350,,N,C,C,A,A,H,-,D,D,0,,,,,Y,,A,08,0,0,1,0,0,0,0,0,0,"- ","- ",39.751010894775391,-121.99677276611328,GLENN,UNINCORPORATED,-121.99678802490234,39.751041412353516
90916541,2018,2019-04-08,9160,2018-09-26,1947,019568,,3,2,9,1100,0,1,1,,2,002,"INTERSTATE 5 SOUTHBOUND","COUNTY ROAD 68",5280.00,N,N,A,-,Y,,,5,,,,,,S,N,1,1,0,2,A,-,11,21954,A,N,G,B,E,A,H,-,D,D,0,Y,,,,Y,Y,N,60,0,0,0,1,0,0,0,0,0,"- ","- ",39.429309844970703,-122.19355773925781,GLENN,UNINCORPORATED,-122.19352722167969,39.429309844970703
90920709,2018,2019-04-08,9160,2018-09-27,1745,019742,,4,2,9,1100,0,3,5,,2,001,"FOREST HIGHWAY 20N01","COUNTY ROAD 308",5280.00,W,N,A,-,N,,,,,,,,,,Y,1,1,0,1,A,-,08,22107,,N,E,I,A,A,H,-,A,D,0,,,,,Y,,D,22,0,0,0,0,0,0,0,0,0,"- ","- ",39.570610046386719,-122.64108276367188,GLENN,UNINCORPORATED,-122.64129638671875,39.569690704345703
90921787,2019,2019-02-07,9160,2019-01-28,0320,020318,,1,3,9,1100,0,3,5,,2,007,"COUNTY ROAD 39","HWY 45",2112.00,W,N,B,-,N,,,,,,,,,,Y,3,0,1,1,A,-,08,22107,,N,E,I,A,A,H,-,D,D,0,,,,,Y,,D,22,0,1,0,0,0,0,0,0,0,"- ","- ",39.58251953125,-122.0147705078125,GLENN,UNINCORPORATED,-122.01499176025391,39.582496643066406
90929481,2019,2019-02-20,9160,2019-02-12,1718,019568,,2,2,9,1100,0,1,3,,1,008,"STATE ROUTE 32","MAIN STREET",100.00,W,N,C,-,Y,,,32,,,,,,,N,4,0,1,2,A,-,03,22350,,N,C,C,A,B,H,-,A,D,0,,,,,Y,,A,08,0,0,1,0,0,0,0,0,0,"- ","- ",39.745670318603516,-122.01461791992188,GLENN,UNINCORPORATED,-122.01467132568359,39.745841979980469
90932146,2019,2019-02-22,9160,2019-02-14,2140,015118,,4,2,9,1100,0,3,5,,2,005,"CO. RD. XX","CO. RD. 28",37.00,S,N,B,G,N,,,,,,,,,,Y,4,0,1,1,A,-,08,22107,,N,E,I,A,B,H,-,D,A,0,,,,,Y,,A,01,0,0,1,0,0,0,0,0,0,"- ","- ",39.666820526123047,-122.01795959472656,GLENN,UNINCORPORATED,-122.01792144775391,39.666805267333984
90932219,2019,2019-02-22,9160,2019-02-14,0810,018128,,4,1,9,1100,0,1,3,,1,008,"STATE ROUTE 32","CANAL ROAD",4224.00,W,N,B,-,Y,,,32,,,,,,,Y,4,0,5,3,A,-,03,22350,,N,C,C,A,B,H,-,A,D,0,,,,,Y,,A,07,0,0,5,0,0,0,0,0,0,"- ","- ",39.744701385498047,-122.03431701660156,GLENN,UNINCORPORATED,-122.03431701660156,39.744762420654297
90948906,2019,2019-03-19,9160,2019-03-09,0325,017873,,6,3,9,1100,0,1,1,,2,006,"INTERSTATE 5 NB","COUNTY ROAD 25",528.00,N,N,B,-,Y,,,5,,,,,,N,Y,2,0,1,1,A,-,01,23152,A,N,F,A,A,A,H,-,D,D,0,,,,,Y,Y,A,01,1,0,0,0,0,0,0,0,0,"- ","- ",39.699470520019531,-122.20526123046875,GLENN,UNINCORPORATED,-122.20536804199219,39.699462890625
90949293,2019,2019-03-19,9160,2019-03-11,0745,019164,,1,1,9,1100,0,3,5,,2,005,"COUNTY ROAD 24","COUNTY ROAD S",2640.00,W,N,A,-,N,,,,,,,,,,Y,3,0,2,2,A,-,03,22350,,N,C,C,A,A,H,-,A,D,0,,,,,Y,,A,01,0,1,1,0,0,0,0,0,0,"- ","- ",39.710468292236328,-122.11328887939453,GLENN,UNINCORPORATED,-122.11362457275391,39.71044921875
90951728,2019,2019-03-22,9160,2019-03-14,0245,017873,,4,3,9,1100,0,1,1,,2,006,"INTERSTATE 5 NB",SR-32,4752.00,N,N,A,-,Y,,,5,,,,,,N,Y,3,0,1,1,A,-,08,22107,,N,E,I,A,A,H,-,D,D,0,,,,,Y,,A,01,0,1,0,0,0,0,0,0,0,"- ","- ",39.764720916748047,-122.20500183105469,GLENN,UNINCORPORATED,-122.20506286621094,39.764720916748047
90951730,2019,2019-03-22,9160,2019-03-14,0246,017873,,4,3,9,1100,0,1,1,,2,006,"INTERSTATE 5 NB",SR-32,5280.00,N,N,A,-,Y,,,5,,,,,,N,Y,2,0,2,2,C,-,18,,,N,C,C,A,A,H,-,C,D,0,,,,,Y,,-,"- ",1,1,0,0,0,0,0,0,0,"- ","- ",39.764720916748047,-122.20500183105469,GLENN,UNINCORPORATED,-122.20506286621094,39.764720916748047
90954059,2019,2019-03-26,9160,2019-03-15,0540,018128,,5,3,9,1100,0,3,5,,2,007,"COUNTY ROAD Z","COUNTY ROAD 50",2112.00,S,N,A,-,N,,,,,,,,,,Y,2,0,2,2,A,-,01,23152,A,N,A,C,A,A,H,-,D,D,0,,,,,Y,Y,A,01,2,0,0,0,0,0,0,0,0,"- ","- ",39.516319274902344,-121.92984008789062,GLENN,UNINCORPORATED,-121.92986297607422,39.516551971435547
90954988,2019,2019-03-27,9160,2019-03-16,2115,019742,,6,2,9,1100,0,1,1,,2,006,"I-5 SOUTHBOUND TO COUNTY ROAD 33","COUNTY ROAD 33",557.00,N,N,A,-,Y,,,,,,,,,,Y,3,0,1,1,A,-,01,23152,A,N,F,A,A,A,H,-,D,D,0,,,,,Y,Y,A,07,0,1,0,0,0,0,0,0,0,"- ","- ",39.625270843505859,-122.20960235595703,GLENN,UNINCORPORATED,-122.20511627197266,39.625797271728516
90962386,2019,2019-04-05,9160,2019-04-01,0445,015118,,1,3,9,1100,0,1,3,,2,014,SR-162,"CO. RD. 302",10032.00,E,N,B,-,Y,,,162,,,,,,,Y,3,0,1,1,A,-,08,22107,,N,E,I,A,A,H,-,D,D,0,,,,,Y,,A,01,0,1,0,0,0,0,0,0,0,"- ","- ",39.531681060791016,-122.33791351318359,GLENN,UNINCORPORATED,-122.33791351318359,39.531711578369141
90969935,2019,2019-04-17,9160,2019-04-05,1640,019043,,5,2,9,1100,0,1,3,,1,010,SR-45,SR-162,33.00,S,N,A,-,Y,,,45,,,,,,,Y,4,0,1,1,A,-,03,22350,,N,E,I,A,A,H,-,A,A,0,,,,,Y,,A,01,0,0,1,0,0,0,0,0,0,"- ","- ",39.521438598632812,-122.01405334472656,GLENN,UNINCORPORATED,-122.01413726806641,39.521465301513672
90975405,2019,2019-04-25,9160,2019-04-17,0718,019164,,3,1,9,1100,0,3,5,,2,007,"COUNTY ROAD V","COUNTY ROAD 39",0.00,,Y,A,F,N,,,,,,,,,,Y,2,0,3,2,A,-,09,21802,A,N,D,C,A,A,H,-,B,A,0,,,,,Y,,A,01,1,2,0,0,0,0,0,0,0,"- ","- ",39.582611083984375,-122.06535339355469,GLENN,UNINCORPORATED,-122.06513214111328,39.582668304443359
90982394,2019,2019-05-06,9160,2019-04-28,2215,015118,,7,3,9,1100,0,1,1,,2,002,I-5(S/B),"CO. RD. 68",3696.00,N,N,A,-,Y,,,5,,,,,,,Y,3,0,1,1,A,-,08,22107,,N,F,A,A,A,H,-,D,D,0,,,,,Y,,A,07,0,1,0,0,0,0,0,0,0,"- ","- ",39.419338226318359,-122.1934814453125,GLENN,UNINCORPORATED,-122.19351196289062,39.419345855712891
90982520,2019,2019-05-06,9160,2019-04-27,1919,018895,,6,2,9,1100,0,1,3,,2,014,SR-162,"COUNTY ROAD 304",25.00,E,N,A,-,Y,,,162,,,,,,,N,4,0,1,2,A,-,03,22350,,N,C,C,A,A,H,-,A,D,0,,,,,Y,,D,22,0,0,1,0,0,0,0,0,0,"- ","- ",39.611629486083984,-122.52525329589844,GLENN,UNINCORPORATED,-122.52524566650391,39.611610412597656
90982685,2019,2019-05-06,9160,2019-04-28,0200,019568,,7,3,9,1100,0,1,3,,2,014,SR-162,"COUNTY ROAD 302",25344.00,W,N,A,-,Y,,,162,,,,,,,Y,4,0,1,1,A,-,01,23152,A,M,E,I,A,A,H,-,D,D,0,,,,,Y,Y,D,22,0,0,1,0,0,0,0,0,0,"- ","- ",39.588321685791016,-122.43602752685547,GLENN,UNINCORPORATED,-122.43602752685547,39.588275909423828
90982977,2019,2019-05-06,9160,2019-04-29,0525,014900,,1,3,9,1100,0,3,5,,2,005,"COUNTY ROAD 33","COUNTY ROAD R",3168.00,E,N,A,-,N,,,,,,,,,,Y,3,0,1,1,A,-,03,22350,,N,E,I,A,A,H,-,D,A,0,,,,,Y,,D,22,0,1,0,0,0,0,0,0,0,"- ","- ",39.623538970947266,-122.10460662841797,GLENN,UNINCORPORATED,-122.10577392578125,39.623470306396484
90985208,2019,2019-05-09,9160,2019-04-29,0750,014900,,1,1,9,1100,0,1,3,,1,010,SR-45,"COUNTY ROAD 65",0.00,,Y,A,-,Y,,,45,,,,,,,Y,3,0,1,2,A,-,09,21802,A,N,D,C,A,A,H,-,A,A,0,,,,,Y,,A,07,0,1,0,0,0,0,0,0,0,"- ","- ",39.43524169921875,-122.01091003417969,GLENN,UNINCORPORATED,-122.01097106933594,39.435237884521484
90990194,2019,2019-05-16,9160,2019-05-09,0430,015118,,4,3,9,1100,0,3,5,,2,007,"CO. RD. R","CO. RD. 39",1584.00,N,N,A,-,N,,,,,,,,,,Y,2,0,2,1,A,-,08,22107,,N,E,I,A,A,H,-,D,A,0,,,,,Y,,A,07,1,1,0,0,0,0,0,0,0,"- ","- ",39.586528778076172,-122.11676788330078,GLENN,UNINCORPORATED,-122.11682891845703,39.586524963378906
90993457,2019,2019-05-21,9160,2019-05-09,0100,017873,,4,3,9,1100,0,1,1,,2,004,"I-5 N/B","COUNTY ROAD 57",2112.00,N,N,A,-,Y,,,5,,,,,,N,Y,3,0,1,1,A,-,08,22107,,N,E,J,A,A,H,-,D,D,0,,,,Y,Y,,F,26,0,1,0,0,0,0,0,0,0,"- ","- ",39.500560760498047,-122.19960784912109,GLENN,UNINCORPORATED,-122.19966888427734,39.500534057617188
90993462,2019,2019-05-21,9160,2019-05-12,1300,019164,,7,1,9,1100,0,2,4,,2,016,"COUNTY ROAD 18","HIGHWAY 99W",0.00,,Y,A,-,N,,,,,,,,,,Y,2,0,4,2,A,-,09,21802,A,N,D,C,A,A,H,-,A,A,0,,,,,Y,,D,22,1,3,0,0,0,0,0,0,0,"- ","- ",39.733089447021484,-122.19664764404297,GLENN,UNINCORPORATED,-122.19676208496094,39.732959747314453
90994867,2019,2019-05-23,9160,2019-05-14,1617,019742,,2,2,9,1100,0,3,5,,2,005,"COUNTY ROAD 24","COUNTY ROAD P",0.00,,Y,B,-,N,,,,,,,,,,Y,3,0,2,2,A,-,09,21802,A,N,D,C,A,A,H,-,A,A,0,,,,,Y,,E,22,0,2,0,0,0,0,0,0,0,"- ","- ",39.710659027099609,-122.14099884033203,GLENN,UNINCORPORATED,-122.13243865966797,39.710609436035156
90995978,2019,2019-05-24,9160,2019-05-14,0640,014900,,2,1,9,1100,0,3,5,,2,005,"COUNTY ROAD 9","COUNTY ROAD QQ",200.00,E,N,B,-,N,,,,,,,,,,Y,3,0,2,2,A,-,08,22107,,N,E,I,A,A,H,-,A,A,0,,,,,Y,,A,07,0,2,0,0,0,0,0,0,0,"- ","- ",39.768600463867188,-122.12066650390625,GLENN,UNINCORPORATED,-122.12197113037109,39.768569946289062
90998254,2019,2019-05-29,9160,2019-05-18,1155,018128,,6,1,9,1100,0,3,5,,2,005,"COUNTY ROAD M","COUNTY ROAD 20",30.00,N,N,B,C,N,,,,,,,,,,Y,4,0,2,2,A,-,08,22107,,N,B,C,A,B,H,-,A,D,0,,,,,Y,,D,22,0,0,2,0,0,0,0,0,0,"- ","- ",39.725379943847656,-122.17816925048828,GLENN,UNINCORPORATED,-122.16899108886719,39.725490570068359
90998622,2019,2019-05-29,9160,2019-05-20,1435,019742,,1,2,9,1100,0,1,1,,2,004,"I-5 NORTHBOUND","COUNTY ROAD 35",500.00,N,N,A,-,Y,,,5,,,,,,N,Y,3,0,1,2,A,-,03,22350,,N,C,C,A,A,H,-,A,D,0,,,,Y,Y,,A,07,0,1,0,0,0,0,0,0,0,"- ","- ",39.612930297851562,-122.20702362060547,GLENN,UNINCORPORATED,-122.20692443847656,39.6129150390625
90998631,2019,2019-05-29,9160,2019-05-20,1900,019742,,1,2,9,1100,0,1,1,,2,006,"I-5 NORTHBOUND","COUNTY ROAD 20",2112.00,N,N,A,-,Y,,,5,,,,,,N,N,3,0,1,1,A,-,08,22107,,N,E,I,A,A,H,-,A,D,0,,,,,Y,,A,08,0,1,0,0,0,0,0,0,0,"- ","- ",39.732711791992188,-122.20572662353516,GLENN,UNINCORPORATED,-122.20565032958984,39.732707977294922
91002576,2019,2019-06-03,9160,2019-05-24,1525,020318,,5,2,9,1100,0,2,4,,2,016,"COUNTY ROAD 20","HIGHWAY 99W",0.00,,Y,A,-,N,,,,,,,,,,Y,2,0,1,2,A,-,09,21802,A,N,D,C,A,A,H,-,A,A,0,,,,,Y,,A,01,1,0,0,0,0,0,0,0,0,"- ","- ",39.725711822509766,-122.19693756103516,GLENN,UNINCORPORATED,-122.19692230224609,39.7257080078125
91002594,2019,2019-06-03,9160,2019-05-24,0722,017577,,5,1,9,1100,0,1,3,,1,010,"STATE ROUTE 45","COUNTY ROAD 32",0.00,,Y,A,-,Y,,,45,,,,,,,Y,3,0,1,3,A,-,09,21801,A,N,A,C,A,A,H,-,A,A,0,,,,Y,Y,,G,25,0,1,0,0,0,0,0,0,0,"- ","- ",39.630458831787109,-122.00679016113281,GLENN,UNINCORPORATED,-122.00693511962891,39.630466461181641
91004400,2019,2019-06-06,9160,2019-05-25,2055,019718,,6,2,9,1100,0,1,1,,2,004,"I-5 N/B","COUNTY ROAD 35",955.00,N,N,A,-,Y,,,5,,,,,,N,Y,4,0,1,2,A,-,03,22350,,N,C,C,A,A,H,-,D,D,0,,,,,Y,,A,01,0,0,1,0,0,0,0,0,0,"- ","- ",39.608688354492188,-122.20752716064453,GLENN,UNINCORPORATED,-122.20761871337891,39.60870361328125
91004401,2019,2019-06-06,9160,2019-05-26,2055,019742,,7,2,9,1100,0,1,1,,2,002,"I-5 NORTHBOUND","COUNTY ROAD 68",5808.00,S,N,A,-,Y,,,,,,,,,,Y,3,0,1,2,A,-,01,23152,A,M,C,C,A,A,H,-,D,D,0,,,,,Y,Y,A,01,0,1,0,0,0,0,0,0,0,"- ","- ",39.686958312988281,-122.19284057617188,GLENN,UNINCORPORATED,-122.19293212890625,39.391357421875
91004680,2019,2019-06-06,9160,2019-05-28,0650,019164,,2,1,9,1100,0,1,1,,2,006,"I-5 N/B","COUNTY ROAD 25",2112.00,N,N,A,-,Y,,,5,,,,,,N,Y,4,0,1,2,A,-,08,22107,,N,C,E,A,A,H,-,A,D,0,,,,Y,Y,,A,01,0,0,1,0,0,0,0,0,0,"- ","- ",39.703510284423828,-122.20552825927734,GLENN,UNINCORPORATED,-122.20559692382812,39.703506469726562
91005099,2019,2019-06-06,9160,2019-05-30,1813,020318,,4,2,9,1100,0,1,3,,1,008,"STATE ROUTE 32","COUNTY ROAD S",0.00,,Y,B,C,Y,,,32,,,,,,,Y,4,0,2,2,A,-,09,21801,A,N,A,C,A,B,H,-,A,A,0,,,,,Y,,A,07,0,0,2,0,0,0,0,0,0,"- ","- ",39.74591064453125,-122.10455322265625,GLENN,UNINCORPORATED,-122.10454559326172,39.745933532714844
91008088,2019,2019-06-11,9160,2019-06-02,1730,020318,,7,2,9,1100,0,1,3,,2,014,"STATE ROUTE 162","COUNTY ROAD 303",528.00,E,N,A,-,Y,,,,,,,,,,Y,3,0,1,1,A,-,08,22107,,N,E,I,A,A,H,-,A,D,0,,,,,Y,,A,01,0,1,0,0,0,0,0,0,0,"- ","- ",39.581489562988281,-122.42691040039062,GLENN,UNINCORPORATED,-122.44461822509766,39.586887359619141
91008984,2019,2019-06-12,9160,2019-06-07,2255,017873,,5,3,9,1100,0,3,5,,2,007,"COUNTY ROAD 39","INTERSTATE 5",3696.00,E,N,A,-,N,,,,,,,,,,Y,3,0,1,1,A,-,08,22107,,N,E,I,A,A,H,-,D,D,0,,,,,Y,,D,22,0,1,0,0,0,0,0,0,0,"- ","- ",39.582321166992188,-122.19840240478516,GLENN,UNINCORPORATED,-122.21018218994141,39.582340240478516
91011759,2019,2019-06-17,9160,2019-06-06,1552,018895,,4,2,9,1100,0,2,4,,2,016,"COUNTY ROAD 99W","COUNTY ROAD 9",388.00,N,N,A,-,N,,,,,,,,,,N,4,0,1,2,A,-,08,22107,,N,D,C,A,A,B,D,A,D,0,,,,,Y,,A,01,0,0,1,0,0,0,0,0,0,"- ","- ",39.770111083984375,-122.19673919677734,GLENN,UNINCORPORATED,-122.19671630859375,39.770114898681641
91011823,2019,2019-06-17,9160,2019-06-09,0530,014900,,7,3,9,1100,0,3,5,,2,005,"COUNTY ROAD 203","COUNTY ROAD 9",165.00,S,N,A,-,N,,,,,,,,,,Y,4,0,1,1,C,-,18,,,N,F,A,A,A,H,-,B,D,0,,,Y,,Y,,-,"- ",0,0,1,0,0,0,0,0,1,"- ","- ",39.766159057617188,-122.03070831298828,GLENN,UNINCORPORATED,-122.03054809570312,39.766033172607422
91013717,2019,2019-06-20,9160,2019-06-17,0430,015118,,1,3,9,1100,0,1,1,,2,002,"I-5 N/B","CO. RD. 60",2640.00,S,N,A,-,Y,,,5,,,,,,N,Y,3,0,1,1,A,-,08,22107,,N,E,I,A,A,H,-,D,D,0,,,,,Y,,D,22,0,1,0,0,0,0,0,0,0,"- ","- ",39.458381652832031,-122.19365692138672,GLENN,UNINCORPORATED,-122.1937255859375,39.458366394042969
91017762,2019,2019-06-26,9160,2019-06-25,0740,020318,,2,1,9,1100,0,1,3,,1,010,"STATE HIGHWAY 45","COUNTY ROAD 48",1250.00,N,N,A,-,Y,,,45,,,,,,,Y,4,0,1,2,A,-,03,22350,,N,C,C,A,A,H,-,A,D,0,,,,,Y,,D,22,0,0,1,0,0,0,0,0,0,"- ","- ",39.538639068603516,-122.00845336914062,GLENN,UNINCORPORATED,-122.00845336914062,39.538639068603516
91023302,2019,2019-07-02,9160,2019-06-22,1432,019742,,6,2,9,1100,0,1,3,,2,014,SR-162,"COUNTY ROAD 304",16368.00,E,N,A,-,Y,,,162,,,,,,,Y,2,0,1,1,A,-,01,23152,A,N,E,I,A,A,H,-,A,D,0,,,,,Y,Y,A,01,1,0,0,0,0,0,0,0,0,"- ","- ",39.596839904785156,-122.48677062988281,GLENN,UNINCORPORATED,-122.48677062988281,39.596839904785156
91025280,2019,2019-07-05,9160,2019-06-27,1555,019718,,4,2,9,1100,0,1,3,,1,010,SR-45,"COUNTY ROAD 30 1/2",0.00,,Y,A,-,Y,,,45,,,,,,,Y,4,0,1,2,A,-,05,21460,C,N,D,C,A,A,H,-,A,D,0,,,,,Y,,A,07,0,0,1,0,0,0,0,0,0,"- ","- ",39.64508056640625,-122.00762176513672,GLENN,UNINCORPORATED,-122.00764465332031,39.64508056640625
91026262,2019,2019-07-08,9160,2019-06-30,1605,020318,,7,2,9,1100,0,3,5,,2,005,"COUNTY ROAD 9","COUNTY ROAD KK",265.00,W,N,A,-,N,,,,,,,,,,Y,4,0,1,1,A,-,01,23152,A,N,F,A,A,A,H,-,A,D,0,,,,,Y,Y,D,22,0,0,1,0,0,0,0,0,0,"- ","- ",39.768939971923828,-122.18464660644531,GLENN,UNINCORPORATED,-122.18801116943359,39.768970489501953
91027132,2019,2019-07-09,9160,2019-06-30,2350,020558,,7,3,9,1100,0,2,4,,2,016,"COUNTY ROAD 99W","COUNTY ROAD 9",3168.00,N,N,A,-,N,,,,,,,,,,Y,3,0,1,1,A,-,01,23152,A,N,E,I,A,A,H,-,D,D,0,,,,,Y,Y,A,01,0,1,0,0,0,0,0,0,0,"- ","- ",39.778068542480469,-122.19732666015625,GLENN,UNINCORPORATED,-122.19723510742188,39.777740478515625
91034006,2019,2019-07-19,9160,2019-07-06,1517,019742,,6,2,9,1100,0,2,4,,2,016,"COUNTY ROAD 99W","COUNTY ROAD 5",528.00,N,N,A,-,N,,,,,,,,,,Y,3,0,1,1,A,-,08,22107,,N,E,I,A,A,H,-,A,D,0,,,,,Y,,A,01,0,1,0,0,0,0,0,0,0,"- ","- ",39.790729522705078,-122.19759368896484,GLENN,UNINCORPORATED,-122.197509765625,39.790618896484375
91037956,2019,2019-07-25,9160,2019-07-22,0712,018294,,1,1,9,1100,0,1,3,,1,008,SR-32,"COUNTY ROAD RR",528.00,W,N,A,-,Y,,,,,,,,,,Y,4,0,1,2,A,-,03,22350,,N,C,C,A,A,H,-,A,D,0,,,,,Y,,A,01,0,0,1,0,0,0,0,0,0,"- ","- ",39.745590209960938,-122.11869049072266,GLENN,UNINCORPORATED,,
91045472,2019,2019-08-05,9160,2019-04-27,0819,019164,,6,1,9,1100,0,1,1,,2,006,"I-5 N/B","COUNTY ROAD 20",618.00,S,N,A,-,Y,,,5,,,,,,N,Y,1,1,1,2,A,-,03,22350,,N,C,C,A,A,H,-,A,D,0,,,,,Y,,A,07,0,0,1,0,0,0,0,0,0,"- ","- ",39.724330902099609,-122.20571136474609,GLENN,UNINCORPORATED,-122.20579528808594,39.724330902099609
91048561,2019,2019-08-09,9160,2019-08-01,1345,019043,,4,1,9,1100,0,2,4,,2,016,"CO RD 99W","CO RD 39",6.00,S,N,A,-,N,,,,,,,,,,N,4,0,1,2,A,-,03,22350,,N,C,C,A,A,H,-,A,D,0,,,,,Y,,D,22,0,0,1,0,0,0,0,0,0,"- ","- ",39.582408905029297,-122.19415283203125,GLENN,UNINCORPORATED,-122.19438171386719,39.583515167236328
91051476,2019,2019-08-13,9160,2019-08-01,0800,018128,,4,1,9,1100,0,3,5,,2,005,"COUNTY ROAD 24","COUNTY ROAD M",0.00,,Y,A,-,N,,,,,,,,,,Y,2,0,5,2,A,-,12,22450,A,N,D,C,A,A,H,-,A,A,0,,,,,Y,,A,01,2,3,0,0,0,0,0,0,0,"- ","- ",39.711101531982422,-122.17787170410156,GLENN,UNINCORPORATED,-122.178466796875,39.711029052734375
91055311,2019,2019-08-20,9160,2019-08-09,1730,019718,,5,2,9,1100,0,3,5,,2,007,"COUNTY ROAD 39","COUNTY ROAD W",450.00,W,N,A,-,N,,,,,,,,,,Y,3,0,1,2,A,-,03,22350,,N,C,C,A,A,H,-,A,D,0,,,,,Y,,D,22,0,1,0,0,0,0,0,0,0,"- ","- ",39.582500457763672,-122.04821014404297,GLENN,UNINCORPORATED,-122.04796600341797,39.582527160644531
91055869,2019,2019-08-20,9160,2019-08-11,1346,019742,,7,1,9,1100,0,2,4,,2,016,"COUNTY ROAD 99W","COUNTY ROAD 25",120.00,S,N,A,-,N,,,,,,,,,,Y,3,0,2,2,A,-,03,22350,,N,C,C,A,A,H,-,A,D,0,,,,,Y,,A,07,0,1,1,0,0,0,0,0,0,"- ","- ",39.696659088134766,-122.19642639160156,GLENN,UNINCORPORATED,-122.19644165039062,39.696578979492188
91056571,2019,2019-08-21,9160,2019-08-15,0730,018128,,4,1,9,1100,0,1,3,,1,008,"STATE ROUTE 32","GLENN-COLUSA CANAL",1584.00,W,N,A,-,Y,,,32,,,,,,,Y,4,0,1,3,A,-,03,22350,,N,C,C,A,A,H,-,A,D,0,,,,,Y,,A,01,0,0,1,0,0,0,0,0,0,"- ","- ",39.744579315185547,-122.02496337890625,GLENN,UNINCORPORATED,-122.02495574951172,39.744674682617188
91059826,2019,2019-08-26,9160,2019-08-16,0235,015118,,5,3,9,1100,0,3,5,,2,007,"CO. RD. 45","CO. RD. P",5280.00,W,N,A,-,N,,,,,,,,,,Y,2,0,1,1,A,-,01,23152,F,N,E,I,A,A,H,-,D,D,0,,,,,Y,,A,01,1,0,0,0,0,0,0,0,0,"- ","- ",39.553298950195312,-122.14321136474609,GLENN,UNINCORPORATED,-122.15560913085938,39.553340911865234
91060220,2019,2019-08-27,9160,2019-08-22,0445,017873,,4,3,9,1100,0,3,5,,2,007,"COUNTY ROAD 48 EB","COUNTY ROAD K K",2.00,E,N,A,-,N,,,,,,,,,,N,4,0,1,1,A,-,08,22107,,N,E,I,A,A,H,-,D,D,0,,,,,Y,,A,01,0,0,1,0,0,0,0,0,0,"- ","- ",39.538909912109375,-122.18869018554688,GLENN,UNINCORPORATED,-122.188720703125,39.53887939453125
91069640,2019,2019-09-06,9160,2019-08-13,0300,020558,,2,3,9,1100,0,1,1,,2,004,"INTERSTATE 5 N/B","STATE ROUTE 162",528.00,S,N,A,-,Y,,,5,,,,,,N,N,4,0,1,2,A,-,07,21658,A,N,C,C,A,A,H,-,D,D,0,,,,Y,Y,,-,"- ",0,0,1,0,0,0,0,0,0,"- ","- ",39.495189666748047,-122.19692230224609,GLENN,UNINCORPORATED,-122.19692230224609,39.495185852050781
91071811,2019,2019-09-10,9160,2019-09-01,1022,018895,,7,1,9,1100,0,3,5,,2,005,"COUNTY ROAD 16","COUNTY ROAD VV",0.00,,Y,A,-,N,,,,,,,,,,Y,2,0,1,2,A,-,01,23152,A,N,D,C,A,A,H,-,A,A,0,,,,Y,Y,Y,A,01,1,0,0,0,0,0,0,0,0,"- ","- ",39.737628936767578,-122.05718994140625,GLENN,UNINCORPORATED,-122.05729675292969,39.737518310546875
91072136,2019,2019-09-11,9160,2019-08-31,0803,018128,,6,1,9,1100,0,1,1,,2,006,"I-5 S/B","COUNTY ROAD 28",10.00,S,N,A,-,Y,,,5,,,,,,S,Y,4,0,1,3,A,-,08,22107,,N,C,C,A,A,H,-,A,D,0,,,,Y,Y,,A,07,0,0,1,0,0,0,0,0,0,"- ","- ",39.696918487548828,-122.20549011230469,GLENN,UNINCORPORATED,-122.20550537109375,39.696918487548828
91075306,2019,2019-10-01,9160,2019-09-04,1230,018128,,3,1,9,1100,0,1,1,,2,004,"I-5 N/B",SR-162,2640.00,S,N,B,-,Y,,,5,,,,,,N,Y,4,0,2,1,A,-,08,22107,,N,F,A,A,A,H,-,A,D,0,,,,,Y,,E,22,0,0,2,0,0,0,0,0,0,"- ","- ",39.519279479980469,-122.21398162841797,GLENN,UNINCORPORATED,-122.21401214599609,39.519268035888672
91075436,2019,2019-09-16,9160,2019-09-05,1118,016148,,4,1,9,1100,0,3,5,,2,001,"COUNTY ROAD 306","INDIAN SPRINGS ROAD",8976.00,N,N,A,-,N,,,,,,,,,,Y,4,0,1,1,A,-,08,22107,,N,E,I,A,A,H,-,A,D,0,,,,,Y,,A,01,0,0,1,0,0,0,0,0,0,"- ","- ",39.411540985107422,-122.54515838623047,GLENN,UNINCORPORATED,-122.54578399658203,39.409633636474609
91077424,2019,2019-09-18,9160,2019-09-11,0730,016148,,3,1,9,1100,0,1,3,,1,008,SR-32,SR-45,528.00,W,N,A,-,Y,,,32,,,,,,,N,4,0,1,3,A,-,03,22350,,N,C,C,A,A,H,-,A,D,0,,,,,Y,,A,01,0,0,1,0,0,0,0,0,0,"- ","- ",39.744548797607422,-122.02277374267578,GLENN,UNINCORPORATED,-122.02276611328125,39.744586944580078
91083296,2019,2019-09-25,9160,2019-09-14,0835,018128,,6,1,9,1100,0,3,5,,2,001,"COUNTY ROAD D","STATE ROUTE 162",2640.00,S,N,A,-,N,,,,,,,,,,Y,2,0,2,1,A,-,08,22107,,N,E,I,A,A,H,-,A,D,0,,,,,Y,,A,01,2,0,0,0,0,0,0,0,0,"- ","- ",39.514049530029297,-122.24916076660156,GLENN,UNINCORPORATED,-122.24919891357422,39.516899108886719
91084199,2019,2019-09-26,9160,2019-09-18,1750,019043,,3,2,9,1100,0,1,3,,1,008,SR-32,"COUNTY ROAD P",0.00,,Y,C,-,Y,,,32,,,,,,,Y,4,0,1,2,A,-,09,21802,A,N,D,C,A,B,H,-,A,A,0,,,,,Y,,A,01,0,0,1,0,0,0,0,0,0,"- ","- ",39.746669769287109,-122.14089965820312,GLENN,UNINCORPORATED,-122.14089965820312,39.746898651123047
91084214,2019,2019-09-26,9160,2019-09-19,0445,017873,,4,3,9,1100,0,1,1,,2,006,"INTERSTATE 5 SB",SR-32,220.00,S,N,A,-,Y,,,5,,,,,,S,Y,2,0,2,2,A,-,08,22107,,N,E,I,A,A,H,-,D,D,0,,,,,Y,,A,07,1,0,1,0,0,0,0,0,0,"- ","- ",39.750091552734375,-122.20558929443359,GLENN,UNINCORPORATED,-122.20568084716797,39.750091552734375
91086958,2019,2019-09-30,9160,2019-09-19,1143,014900,,4,1,9,1100,0,1,1,,2,002,"I-5 S/B","COUNTY ROAD 60",2112.00,N,N,A,-,Y,,,5,,,,,,S,Y,3,0,1,1,A,-,08,22107,,N,F,A,A,A,H,-,A,D,0,,,Y,,Y,,C,02,0,1,0,0,0,0,0,0,1,"- ","- ",39.470188140869141,-122.19606018066406,GLENN,UNINCORPORATED,-122.19599151611328,39.470191955566406
91088249,2019,2019-10-01,9160,2019-09-22,0345,017873,,7,3,9,1100,0,1,1,,2,004,"INTERSTATE 5 SB","COUNTY ROAD 35",3168.00,S,N,A,-,Y,,,5,,,,,,S,Y,3,0,2,1,A,-,08,22107,,N,E,I,A,A,H,-,D,D,0,,,,,Y,,A,07,0,2,0,0,0,0,0,0,0,"- ","- ",39.601089477539062,-122.20886993408203,GLENN,UNINCORPORATED,-122.20889282226562,39.601093292236328
91089330,2019,2019-10-02,9160,2019-09-22,2145,020735,,7,2,9,1100,0,1,3,,1,010,SR-45,"COUNTY ROAD 64",1584.00,N,N,A,-,Y,,,45,,,,,,,Y,4,0,1,2,C,-,18,,,N,A,C,A,A,H,-,D,D,0,,,,,Y,,-,"- ",0,0,1,0,0,0,0,0,0,"- ","- ",39.446601867675781,-122.01606750488281,GLENN,UNINCORPORATED,-122.01609802246094,39.446586608886719
91093166,2019,2019-10-08,9160,2019-09-28,1735,019043,,6,2,9,1100,0,3,5,,2,007,"CO RD P","CO RD 39",0.00,,Y,C,-,N,,,,,,,,,,Y,3,0,1,2,A,-,12,22450,A,N,D,C,A,B,H,-,A,A,0,,,,,Y,,D,22,0,1,0,0,0,0,0,0,0,"- ","- ",39.582481384277344,-122.13713836669922,GLENN,UNINCORPORATED,-122.13710784912109,39.582241058349609
91095045,2019,2019-10-10,9160,2019-10-01,2014,018895,,2,2,9,1100,0,1,1,,2,004,"I-5 N/B","WILSON CREEK",103.00,N,N,A,-,Y,,,5,,,,,,N,Y,2,0,1,1,A,-,08,22107,,N,F,A,A,A,H,-,D,D,0,,,,Y,Y,,G,25,1,0,0,0,0,0,0,0,0,"- ","- ",39.563980102539062,-122.21305847167969,GLENN,UNINCORPORATED,-122.21316528320312,39.563995361328125
91100028,2019,2019-10-17,9160,2019-10-07,1610,019718,,1,2,9,1100,0,3,5,,2,005,"COUNTY ROAD P","COUNTY ROAD 27",2550.00,N,N,A,-,N,,,,,,,,,,Y,2,0,1,1,A,-,01,23152,A,N,F,A,A,A,H,-,A,D,0,,,,,Y,Y,D,22,1,0,0,0,0,0,0,0,0,"- ","- ",39.688491821289062,-122.14025115966797,GLENN,UNINCORPORATED,-122.14019775390625,39.688552856445312
91101862,2019,2019-10-21,9160,2019-10-09,1640,019718,,3,2,9,1100,0,1,1,,2,006,"I-5 S/B","COUNTY ROAD 16",2112.00,S,N,A,-,Y,,,5,,,,,,S,Y,4,0,1,1,C,-,18,,,N,H,H,A,A,H,-,A,D,0,,,,,Y,,-,"- ",0,0,1,0,0,0,0,0,0,"- ","- ",39.735019683837891,-122.20584869384766,GLENN,UNINCORPORATED,-122.20591735839844,39.735019683837891
91104526,2019,2019-10-24,9160,2019-10-15,0936,018895,,2,1,9,1100,0,1,3,,1,008,SR-32,"WALSH AVE",179.00,E,N,A,-,Y,,,32,,,,,,,N,4,0,1,2,A,-,03,22350,,N,C,C,A,A,H,-,A,D,0,,,,,Y,,A,01,0,0,1,0,0,0,0,0,0,"- ","- ",39.746349334716797,-122.01255035400391,GLENN,UNINCORPORATED,-122.01258087158203,39.746448516845703
91108301,2019,2019-10-28,9160,2019-10-20,1840,020558,,7,2,9,1100,0,1,1,,2,006,"INTERSTATE 5","COUNTY ROAD 20",11.00,N,N,A,-,Y,,,5,,,,,,,Y,2,0,2,1,A,-,08,22107,,N,E,I,A,A,H,-,D,D,0,,,,,Y,,A,01,1,1,0,0,0,0,0,0,0,"- ","- ",39.725730895996094,-122.20610809326172,GLENN,UNINCORPORATED,-122.20606231689453,39.725730895996094
91110275,2019,2019-10-30,9160,2019-10-24,1155,014900,,4,1,9,1100,0,1,1,,2,006,"I-5 S/B",SR-32,3168.00,N,N,A,-,Y,,,5,,,,,,S,Y,3,0,1,2,A,-,03,22350,,N,C,C,A,A,H,-,A,D,0,,,,Y,Y,,A,07,0,1,0,0,0,0,0,0,0,"- ","- ",39.760501861572266,-122.20555877685547,GLENN,UNINCORPORATED,-122.20549774169922,39.760498046875
91113418,2019,2019-11-05,9160,2019-10-24,1455,019718,,4,2,9,1100,0,3,5,,2,001,"COUNTY ROAD 303",SR-162,1455.00,S,N,A,-,N,,,,,,,,,,Y,2,0,5,1,A,-,08,22107,,N,E,I,A,A,H,-,A,D,0,,,,,Y,,A,07,2,0,3,0,0,0,0,0,0,"- ","- ",39.583370208740234,-122.44789123535156,GLENN,UNINCORPORATED,-122.44783020019531,39.583358764648438
91116435,2019,2019-11-08,9160,2019-10-31,0920,017577,,4,1,9,1100,0,1,3,,1,010,"STATE ROUTE 45","COUNTY ROAD 32",0.00,,Y,A,-,Y,,,45,,,,,,,Y,3,0,1,2,A,-,09,21802,A,N,D,C,A,A,H,-,A,A,0,,,,Y,Y,,G,26,0,1,0,0,0,0,0,0,0,"- ","- ",39.630561828613281,-122.00685882568359,GLENN,UNINCORPORATED,-122.00693511962891,39.630561828613281
91118520,2019,2020-02-11,9160,2019-05-01,1415,019568,,3,2,9,1100,0,3,5,,2,005,"COUNTY ROAD 203","COUNTY ROAD 9",528.00,S,N,A,-,N,,,,,,,,,,Y,1,1,0,2,A,-,08,22107,,N,H,G,A,A,H,-,A,D,0,,Y,,,Y,,A,01,0,0,0,0,0,1,0,0,0,"- ","- ",39.764671325683594,-122.02924346923828,GLENN,UNINCORPORATED,-122.02983093261719,39.765209197998047
91119177,2019,2019-11-13,9160,2019-11-04,1625,020558,,1,2,9,1100,0,3,5,,2,005,"COUNTY ROAD 9","CO RD T",58.00,W,N,A,-,N,,,,,,,,,,Y,4,0,4,2,A,-,03,22350,,N,C,C,A,A,H,-,A,D,0,,,,,Y,,A,07,0,0,4,0,0,0,0,0,0,"- ","- ",39.7664794921875,-122.0855712890625,GLENN,UNINCORPORATED,-122.08564758300781,39.766532897949219
91119776,2019,2019-11-13,9160,2019-11-01,1445,019718,,5,2,9,1100,0,3,5,,2,007,"COUNTY ROAD 39","COUNTY ROAD P",0.00,,Y,A,-,N,,,,,,,,,,Y,2,0,4,2,A,-,12,22450,A,N,D,C,A,A,H,-,A,A,0,,,,,Y,,A,01,2,2,0,0,0,0,0,0,0,"- ","- ",39.582229614257812,-122.13715362548828,GLENN,UNINCORPORATED,-122.13710784912109,39.582241058349609
91120525,2019,2019-11-14,9160,2019-11-11,0640,016148,,1,1,9,1100,0,3,5,,2,005,"COUNTY ROAD P","COUNTY ROAD 200",169.00,S,N,A,-,N,,,,,,,,,,Y,3,0,2,3,A,-,03,22350,,N,C,C,A,A,H,-,A,A,0,,,,,Y,,A,07,0,1,1,0,0,0,0,0,0,"- ","- ",39.724338531494141,-122.14095306396484,GLENN,UNINCORPORATED,-122.247802734375,39.766334533691406
91122928,2019,2019-11-18,9160,2019-11-07,1150,014900,,4,1,9,1100,0,1,1,,2,006,"I-5 S/B","COUNTY ROAD 27",1886.00,S,N,A,-,Y,,,5,,,,,,S,Y,3,0,1,1,A,-,08,22107,,N,E,I,A,A,H,-,A,D,0,,,,,Y,,A,01,0,1,0,0,0,0,0,0,0,"- ","- ",39.677291870117188,-122.20485687255859,GLENN,UNINCORPORATED,-122.20476531982422,39.677291870117188
91123087,2019,2019-11-18,9160,2019-11-11,0220,020810,,1,3,9,1100,0,1,3,,2,012,SR-162,"COUNTY ROAD X",80.00,W,N,A,-,Y,,,162,,,,,,,Y,3,0,1,1,C,-,18,,,N,H,H,A,A,H,-,D,D,0,,,,,Y,,-,"- ",0,1,0,0,0,0,0,0,0,"- ","- ",39.521820068359375,-122.03317260742188,GLENN,UNINCORPORATED,-122.03317260742188,39.521823883056641
91124150,2019,2019-11-19,9160,2019-11-12,1705,019043,,2,2,9,1100,0,1,3,,1,008,SR-32,"CO RD RR",1584.00,W,N,A,-,Y,,,32,,,,,,,N,4,0,1,2,A,-,03,22350,,N,C,C,A,A,H,-,A,D,0,,,Y,,Y,,C,02,0,0,1,0,0,0,0,0,1,"- ","- ",39.746791839599609,-122.11911010742188,GLENN,UNINCORPORATED,-122.11911010742188,39.746772766113281
91126044,2019,2019-11-21,9160,2019-11-11,0520,014900,,1,3,9,1100,0,3,5,,2,005,"COUNTY ROAD 200","COUNTY ROAD P",0.00,,Y,A,-,N,,,,,,,,,,Y,3,0,2,2,A,-,09,21802,A,N,D,C,A,A,H,-,D,A,0,,,,,Y,,D,22,0,2,0,0,0,0,0,0,0,"- ","- ",39.725028991699219,-122.14108276367188,GLENN,UNINCORPORATED,-122.24772644042969,39.766788482666016
91130045,2019,2019-11-26,9160,2019-11-21,0923,014900,,4,1,9,1100,0,3,5,,2,005,"COUNTY ROAD P",SR-32,26.00,N,N,A,-,Y,,,,,,,,,,Y,3,0,2,2,A,-,03,22350,,N,C,C,A,A,H,-,A,A,0,,,,,Y,,A,01,0,2,0,0,0,0,0,0,0,"- ","- ",39.747180938720703,-122.1409912109375,GLENN,UNINCORPORATED,-122.14093780517578,39.746990203857422
91134946,2019,2019-12-03,9160,2019-11-24,1315,016148,,7,1,9,1100,0,3,5,,2,003,"COUNTY ROAD 200","COUNTY ROAD 206",1056.00,W,N,A,-,N,,,,,,,,,,Y,3,0,1,1,A,-,08,22107,,N,E,I,A,A,H,-,A,D,0,,,,,Y,,A,01,0,1,0,0,0,0,0,0,0,"- ","- ",39.783599853515625,-122.29737091064453,GLENN,UNINCORPORATED,-122.29776763916016,39.783882141113281
91139466,2019,2019-12-10,9160,2019-11-27,1740,019164,,3,2,9,1100,0,1,3,,1,008,SR-32,"6TH AVE",0.00,,Y,B,-,Y,,,32,,,,,,,Y,4,0,1,2,A,-,01,23152,A,N,D,C,A,A,H,-,C,D,0,,,,,Y,Y,E,22,0,0,1,0,0,0,0,0,0,"- ","- ",39.744949340820312,-122.09352111816406,GLENN,UNINCORPORATED,-122.09352111816406,39.744953155517578
91143441,2019,2019-12-13,9160,2019-12-04,1706,019164,,3,2,9,1100,0,2,4,,2,016,"HIGHWAY 99W","SOUTH ST",1056.00,S,N,B,-,N,,,,,,,,,,Y,3,0,2,2,A,-,03,22350,,N,C,C,A,B,H,-,D,D,0,,,,,Y,,A,01,0,1,1,0,0,0,0,0,0,"- ","- ",39.737171173095703,-122.19716644287109,GLENN,UNINCORPORATED,-122.19696044921875,39.7371826171875
91147422,2019,2019-12-19,9160,2019-12-05,1400,016473,,4,2,9,1100,0,3,5,,2,005,"COUNTY ROAD M","COUNTY ROAD 21",700.00,S,N,A,-,N,,,,,,,,,,N,4,0,1,2,A,-,08,22107,,F,G,B,E,A,C,-,A,D,0,Y,,,,Y,,-,99,0,0,1,0,1,0,0,0,0,"- ","- ",39.719940185546875,-122.17833709716797,GLENN,UNINCORPORATED,-122.16905975341797,39.718120574951172
91149170,2019,2019-12-20,9160,2019-12-14,0805,017577,,6,1,9,1100,0,1,1,,2,002,"INTERSTATE 5 NORTHBOUND","COUNTY ROAD 68",1056.00,S,N,B,-,Y,,,5,,,,,,N,Y,3,0,1,1,A,-,08,22107,,N,E,I,A,A,H,-,A,D,0,,,,,Y,,D,22,0,1,0,0,0,0,0,0,0,"- ","- ",39.403018951416016,-122.19487762451172,GLENN,UNINCORPORATED,-122.19495391845703,39.403003692626953
91154323,2019,2019-12-27,9160,2019-12-16,1435,019043,,1,2,9,1100,0,3,5,,2,005,"CO RD 9","CO RD L",187.00,E,N,A,-,N,,,,,,,,,,Y,4,0,1,1,A,-,08,22107,,N,E,I,A,A,H,-,A,D,0,,,,,Y,Y,A,01,0,0,1,0,0,0,0,0,0,"- ","- ",39.769001007080078,-122.18289184570312,GLENN,UNINCORPORATED,-122.18229675292969,39.768928527832031
91156779,2019,2019-12-31,9160,2019-12-22,2110,017873,,7,2,9,1100,0,1,3,,2,012,SR-162,"EUREKA ST",300.00,N,N,B,-,Y,,,162,,,,,,,N,2,0,2,1,A,-,08,22107,,N,E,I,A,B,H,-,C,A,0,,,,,Y,,A,01,2,0,0,0,0,0,0,0,0,"- ","- ",39.464218139648438,-121.99195861816406,GLENN,UNINCORPORATED,-121.99187469482422,39.464176177978516
91156792,2019,2019-12-31,9160,2019-12-23,1715,019043,,1,2,9,1100,0,3,5,,2,005,"6TH AVE",SR-32,3696.00,N,N,A,-,N,,,,,,,,,,Y,4,0,1,1,A,-,08,22107,,N,E,I,A,A,H,-,D,D,0,,,,,Y,,A,01,0,0,1,0,0,0,0,0,0,"- ","- ",39.251628875732422,-122.10089111328125,GLENN,UNINCORPORATED,-122.00698852539062,39.748043060302734
91157868,2019,2020-01-02,9160,2019-12-24,0620,014900,,2,1,9,1100,0,1,3,,2,014,SR-162,"COUNTY ROAD 302",4752.00,W,N,B,-,Y,,,162,,,,,,,Y,4,0,1,1,A,-,08,22107,,N,F,A,A,A,H,-,D,D,0,,,,,Y,,D,22,0,0,1,0,0,0,0,0,0,"- ","- ",39.564838409423828,-122.36814880371094,GLENN,UNINCORPORATED,-122.36810302734375,39.564872741699219
91158931,2019,2020-01-03,9160,2019-12-29,0815,018737,,7,1,9,1100,0,1,3,,2,014,SR-162,CR-302,13728.00,W,N,B,-,Y,,,162,,,,,,,Y,2,0,1,1,A,-,08,22107,,N,E,I,A,A,H,-,B,D,0,,,,,Y,,A,01,1,0,0,0,0,0,0,0,0,"- ","- ",39.580329895019531,-122.38829803466797,GLENN,UNINCORPORATED,-122.3883056640625,39.580307006835938
91166264,2020,2020-01-15,9160,2020-01-05,1710,019043,,7,2,9,1100,0,2,4,,2,016,"HWY 99W","CO RD 57",4800.00,S,N,A,-,N,,,,,,,,,,Y,3,0,1,1,A,-,01,23152,A,N,F,I,A,A,H,-,B,D,0,,,,,Y,Y,D,22,0,1,0,0,0,0,0,0,0,"- ","- ",39.48175048828125,-122.19316101074219,GLENN,UNINCORPORATED,-122.19313049316406,39.4818115234375
91171365,2020,2020-01-23,9160,2020-01-12,0015,020735,,7,3,9,1100,0,1,1,,2,006,"I-5 S/B","COUNTY ROAD 25",1056.00,N,N,A,-,Y,,,5,,,,,,S,Y,4,0,1,1,A,-,08,22107,,N,F,A,A,A,H,-,D,D,0,,,,,Y,,D,22,0,0,1,0,0,0,0,0,0,"- ","- ",39.698299407958984,-122.20539855957031,GLENN,UNINCORPORATED,-122.20558166503906,39.698287963867188
91173430,2020,2020-01-24,9160,2020-01-11,1738,018750,,6,2,9,1100,0,3,5,,2,005,"COUNTY ROAD M","COUNTY ROAD 30",3168.00,S,N,A,-,N,,,,,,,,,,Y,3,0,1,1,A,-,01,23152,A,N,F,A,A,A,H,-,D,D,0,,,,,Y,Y,D,22,0,1,0,0,0,0,0,0,0,"- ","- ",39.645099639892578,-122.178466796875,GLENN,UNINCORPORATED,-122.17853546142578,39.64447021484375
91173431,2020,2020-01-24,9160,2020-01-17,1620,018750,,5,2,9,1100,0,2,4,,2,016,"COUNTY ROAD 99W","COUNTY ROAD 35",0.00,,Y,A,-,N,,,,,,,,,,Y,4,0,3,2,A,-,03,22350,,N,C,C,A,A,H,-,A,D,0,,,,,Y,,D,22,0,0,3,0,0,0,0,0,0,"- ","- ",39.611400604248047,-122.1939697265625,GLENN,UNINCORPORATED,-122.19406890869141,39.611381530761719
91180142,2020,2020-08-05,9160,2020-01-24,2300,017577,,5,3,9,1100,0,3,5,,2,005,"COUNTY ROAD M","COUNTY ROAD 24",0.00,,Y,A,-,N,,,,,,,,,,N,3,0,2,2,A,-,12,22450,A,N,D,C,A,A,H,-,D,A,0,,,,,Y,,-,99,0,2,0,0,0,0,0,0,0,"- ","- ",39.711048126220703,-122.17822265625,GLENN,UNINCORPORATED,-122.178466796875,39.711029052734375
91181995,2020,2020-02-06,9160,2020-01-28,1138,014900,,2,1,9,1100,0,2,4,,2,016,"COUNTY ROAD 99W","COUNTY ROAD 45",1584.00,N,N,B,-,N,,,,,,,,,,Y,3,0,1,1,A,-,08,22107,,N,E,I,A,A,H,-,A,D,0,,,,,Y,,A,07,0,1,0,0,0,0,0,0,0,"- ","- ",39.558998107910156,-122.19357299804688,GLENN,UNINCORPORATED,-122.19361114501953,39.557708740234375
91182023,2020,2020-02-06,9160,2020-01-28,1300,016148,,2,1,9,1100,0,1,3,,2,012,SR-162,"WALKER CREEK BRIDGE",60.00,E,N,A,-,Y,,,162,,,,,,,Y,4,0,2,2,A,-,03,22350,,N,C,C,A,A,H,-,A,D,0,,,,,Y,,D,22,0,0,2,0,0,0,0,0,0,"- ","- ",39.524120330810547,-122.16493988037109,GLENN,UNINCORPORATED,-122.16493988037109,39.524131774902344
91184802,2019,2020-02-14,9160,2019-08-23,0035,017873,,5,3,9,1100,0,1,1,,2,002,"INTERSTATE 5 NB","COUNTY ROAD 57",4752.00,S,N,A,-,Y,,,5,,,,,,N,Y,1,3,0,2,A,-,01,23152,F,N,D,C,A,A,H,-,D,D,0,,,,,Y,,A,01,0,0,0,0,0,0,0,0,0,"- ","- ",39.480270385742188,-122.19484710693359,GLENN,UNINCORPORATED,-122.19570922851562,39.480278015136719
91186062,2020,2020-02-13,9160,2020-02-04,1400,019164,,2,2,9,1100,0,1,3,,1,008,SR-32,"COUNTY ROAD P",0.00,,Y,A,-,Y,,,32,,,,,,,Y,3,0,2,2,A,-,09,21801,A,N,D,C,A,A,H,-,A,D,0,,,,,Y,,A,07,0,2,0,0,0,0,0,0,0,"- ","- ",39.746849060058594,-122.14077758789062,GLENN,UNINCORPORATED,-122.14077758789062,39.746898651123047
91190913,2020,2020-02-21,9160,2020-02-20,0250,017873,,4,3,9,1100,0,2,4,,2,016,"COUNTY ROAD 99W","COUNTY ROAD 18",1056.00,S,N,A,-,N,,,,,,,,,,Y,4,0,1,1,A,-,08,22107,,N,E,J,A,A,H,-,D,D,0,,,,,Y,,A,01,0,0,1,0,0,0,0,0,0,"- ","- ",39.730789184570312,-122.19674682617188,GLENN,UNINCORPORATED,-122.19661712646484,39.730060577392578
91193220,2019,2020-02-25,9160,2019-01-17,1756,019568,,4,2,9,1100,0,1,3,,1,008,SR-32,"COUNTY ROAD P",0.00,,Y,A,-,Y,,,32,,,,,,,N,1,1,0,3,A,-,03,22350,,F,G,B,E,A,H,-,D,D,0,Y,,,,Y,,-,99,0,0,0,1,0,0,0,0,0,"- ","- ",39.746959686279297,-122.14098358154297,GLENN,UNINCORPORATED,-122.14098358154297,39.746963500976562
91196213,2019,2020-02-27,9160,2019-10-04,2125,017873,,5,2,9,1100,0,1,3,,2,014,SR-162,"COUNTY ROAD 305",15840.00,E,N,A,-,Y,,,162,,,,,,,Y,1,1,0,1,A,-,01,23152,A,N,E,I,A,A,H,-,D,D,0,,,,,Y,Y,A,01,0,0,0,0,0,0,0,0,0,"- ","- ",39.641361236572266,-122.52314758300781,GLENN,UNINCORPORATED,-122.52322387695312,39.641338348388672
91200203,2020,2020-03-02,9160,2020-02-20,0738,016148,,4,1,9,1100,0,1,1,,2,002,"I-5 N/B","COUNTY ROAD 60",528.00,S,N,A,-,Y,,,,,,,,,,Y,4,0,1,1,A,-,08,22107,,N,F,A,A,A,H,-,A,D,0,,,,,Y,,A,07,0,0,1,0,0,0,0,0,0,"- ","- ",39.463588714599609,-122.19358062744141,GLENN,UNINCORPORATED,-122.19554901123047,39.464202880859375
91201999,2020,2020-03-04,9160,2020-02-24,1150,019164,,1,1,9,1100,0,1,3,,2,014,"SR-162 W/B","COUNTY ROAD F",500.00,W,N,A,-,Y,,,162,,,,,,W,N,4,0,1,2,A,-,03,22350,,N,C,C,A,A,H,-,A,D,0,,,,,Y,,D,22,0,0,1,0,0,0,0,0,0,"- ","- ",39.524238586425781,-122.22940063476562,GLENN,UNINCORPORATED,-122.22940063476562,39.524215698242188
91203556,2020,2020-03-06,9160,2020-02-26,1155,017577,,3,1,9,1100,0,3,5,,2,001,"COUNTY ROAD D","COUNTY ROAD 60",925.00,N,N,A,-,N,,,,,,,,,,Y,3,0,1,1,A,-,08,22107,,N,F,A,A,A,H,-,A,D,0,,,,,Y,,A,01,0,1,0,0,0,0,0,0,0,"- ","- ",39.468090057373047,-122.24897003173828,GLENN,UNINCORPORATED,-122.2489013671875,39.468109130859375
91204306,2020,2020-03-09,9160,2020-02-26,1640,019164,,3,2,9,1100,0,1,3,,1,008,"SR-32 W/B","CAPAY AVE",151.00,E,N,A,-,Y,,,32,,,,,,W,Y,4,0,3,4,A,-,03,22350,,N,C,C,A,A,H,-,A,A,0,,,,,Y,,D,22,0,0,3,0,0,0,0,0,0,"- ","- ",39.745071411132812,-122.01746368408203,GLENN,UNINCORPORATED,-122.01744842529297,39.745029449462891
91207849,2020,2020-03-13,9160,2020-03-04,1445,019718,,3,2,9,1100,0,3,5,,2,003,"COUNTY ROAD 8","COUNTY ROAD FF",460.00,W,N,A,-,N,,,,,,,,,,N,4,0,1,1,A,-,08,22107,,N,E,I,A,A,H,-,A,D,0,,,,,Y,,D,22,0,0,1,0,0,0,0,0,0,"- ","- ",39.776790618896484,-122.23126983642578,GLENN,UNINCORPORATED,-122.23117828369141,39.776821136474609
91208657,2020,2020-03-16,9160,2020-03-04,1030,016148,,3,1,9,1100,0,1,3,,1,008,SR-32,"COUNTY ROAD Q",1056.00,E,N,A,-,Y,,,32,,,,,,,Y,4,0,3,2,A,-,09,21801,A,N,B,C,A,A,H,-,A,D,0,,,,,Y,,D,22,0,0,3,0,0,0,0,0,0,"- ","- ",39.746768951416016,-122.11869049072266,GLENN,UNINCORPORATED,-122.11869049072266,39.74676513671875
91209266,2020,2020-03-16,9160,2020-03-04,1230,018128,,3,1,9,1100,0,1,3,,2,014,"STATE HIGHWAY 162","COUNTY ROAD FF",1056.00,W,N,A,-,Y,,,,,,,,,,Y,3,0,2,2,A,-,01,23152,F,N,B,C,A,A,H,-,A,D,0,,,,,Y,,A,01,0,2,0,0,0,0,0,0,0,"- ","- ",39.312728881835938,-122.13465881347656,GLENN,UNINCORPORATED,-122.23050689697266,39.524219512939453
91211392,2020,2020-03-18,9160,2020-03-06,0805,018128,,5,1,9,1100,0,1,3,,1,008,"STATE ROUTE 32","COUNTY ROAD S",0.00,,Y,A,-,Y,,,32,,,,,,,N,3,0,1,2,A,-,09,21802,A,N,E,I,A,A,H,-,A,A,0,,,,,Y,,D,22,0,1,0,0,0,0,0,0,0,"- ","- ",39.745639801025391,-122.1043701171875,GLENN,UNINCORPORATED,-122.10434722900391,39.74591064453125
91213203,2020,2020-03-20,9160,2020-03-10,1430,018750,,2,2,9,1100,0,1,3,,2,012,SR-162,"SHASTA ST",236.00,W,N,A,-,Y,,,162,,,,,,,Y,3,0,1,2,A,-,03,22350,,N,F,A,A,A,H,-,A,D,0,,,,,Y,,E,22,0,1,0,0,0,0,0,0,0,"- ","- ",39.464481353759766,-121.99146270751953,GLENN,UNINCORPORATED,-121.99144744873047,39.464424133300781
91214180,2020,2020-03-23,9160,2020-03-12,1013,017577,,4,1,9,1100,0,3,5,,2,007,"COUNTY ROAD Z","COUNTY ROAD 50",5280.00,S,N,A,-,N,,,,,,,,,,Y,2,0,1,1,A,-,08,22107,,N,F,A,A,A,H,-,A,D,0,,,,,Y,,A,01,1,0,0,0,0,0,0,0,0,"- ","- ",39.507179260253906,-122.92983245849609,GLENN,UNINCORPORATED,-121.92982482910156,39.507850646972656
91214323,2020,2020-03-23,9160,2020-03-04,0820,014900,,3,1,9,1100,0,3,5,,2,003,"COUNTY ROAD 200","HUGGINS RD.",75.00,W,N,A,-,N,,,,,,,,,,N,3,0,3,3,A,-,04,21703,,N,C,C,A,A,H,-,A,D,0,,,,,Y,,A,01,0,3,0,0,0,0,0,0,0,"- ","- ",39.7587890625,-122.22516632080078,GLENN,UNINCORPORATED,-122.22501373291016,39.758743286132812
91214677,2019,2020-03-24,9160,2019-10-20,1136,014900,,7,1,9,1100,0,1,3,,2,014,SR-162,"COUNTY ROAD 303",18480.00,W,N,A,-,Y,,,162,,,,,,,Y,2,0,1,2,A,-,05,21460,A,F,E,I,A,A,H,-,A,A,0,,,Y,,Y,,-,99,1,0,0,0,0,0,0,0,1,"- ","- ",39.598220825195312,-122.50559234619141,GLENN,UNINCORPORATED,-122.50559234619141,39.598217010498047
91215816,2020,2020-03-25,9160,2020-03-16,0737,018737,,1,1,9,1100,0,2,4,,2,016,"COUNTY ROAD 99W","COUNTY ROAD 20",110.00,N,N,B,-,N,,,,,,,,,,Y,2,0,2,2,A,-,05,21460,A,N,A,C,A,B,H,-,A,D,0,,,,,Y,,A,01,1,0,1,0,0,0,0,0,0,"- ","- ",39.725948333740234,-122.19692993164062,GLENN,UNINCORPORATED,-122.19689178466797,39.726009368896484
91217712,2020,2020-03-27,9160,2020-03-22,1330,019043,,7,1,9,1100,0,3,5,,2,003,"CO RD 306","CO RD 315",16368.00,N,N,A,-,N,,,,,,,,,,Y,2,0,1,1,A,-,03,22350,,N,E,I,A,A,H,-,A,D,0,,,Y,,Y,,C,02,1,0,0,0,0,0,0,0,1,"- ","- ",39.750099182128906,-122.52834320068359,GLENN,UNINCORPORATED,-122.52744293212891,39.750141143798828
91220496,2020,2020-04-03,9160,2020-03-24,0640,014900,,2,1,9,1100,0,3,5,,2,005,"COUNTY ROAD 20","COUNTY ROAD S",0.00,,Y,B,-,N,,,,,,,,,,Y,3,0,2,2,A,-,09,21802,A,N,D,C,A,A,H,-,B,A,0,,,,,Y,,D,22,0,2,0,0,0,0,0,0,0,"- ","- ",39.724880218505859,-122.10463714599609,GLENN,UNINCORPORATED,-122.10430145263672,39.724819183349609
91221260,2020,2020-04-06,9160,2020-03-25,0735,014900,,3,1,9,1100,0,1,3,,2,012,SR-162,SR-45,6864.00,E,N,E,-,Y,,,,,,,,,,Y,3,0,1,1,A,-,03,22350,,N,F,A,A,A,H,-,B,D,0,,,,Y,Y,,G,25,0,1,0,0,0,0,0,0,0,"- ","- ",39.724880218505859,-121.10463714599609,GLENN,UNINCORPORATED,-121.99375152587891,39.457351684570312
91222432,2020,2020-04-07,9160,2020-03-29,2120,020558,,7,2,9,1100,0,3,5,,2,003,"COUNTY ROAD H","COUNTY ROAD 18",661.00,S,N,A,-,N,,,,,,,,,,Y,2,0,2,1,A,-,01,23152,A,N,E,I,A,A,H,-,D,D,0,,,,,Y,Y,A,01,1,1,0,0,0,0,0,0,0,"- ","- ",39.731948852539062,-122.21568298339844,GLENN,UNINCORPORATED,-122.21573638916016,39.731334686279297
91222560,2020,2020-04-07,9160,2020-03-29,1059,014900,,7,1,9,1100,0,3,5,,2,003,"COUNTY ROAD FF","COUNTY ROAD 200",0.00,,Y,B,-,N,,,,,,,,,,Y,3,0,1,2,A,-,09,21802,A,N,D,C,A,A,H,-,A,A,0,,,,,Y,,A,01,0,1,0,0,0,0,0,0,0,"- ","- ",39.760520935058594,-122.22963714599609,GLENN,UNINCORPORATED,-122.22975921630859,39.760459899902344
91223497,2020,2020-04-09,9160,2020-03-30,1630,020558,,1,2,9,1100,0,3,5,,2,005,"CAPAY AVE","2ND ST",0.00,,Y,A,-,N,,,,,,,,,,Y,2,0,2,2,A,-,01,23152,A,N,D,C,A,A,H,-,A,A,0,,,,,Y,Y,A,01,1,0,1,0,0,0,0,0,0,"- ","- ",39.738719940185547,-122.01521301269531,GLENN,UNINCORPORATED,-122.01524353027344,39.738960266113281
91225309,2020,2020-04-14,9160,2020-04-02,0752,017577,,4,1,9,1100,0,2,4,,2,016,"COUNTY ROAD 99W","COUNTY ROAD 68",0.00,,Y,A,-,Y,,,,,,,,,,Y,4,0,1,2,A,-,09,21802,A,N,D,C,A,A,H,-,A,A,0,,,,,Y,,D,22,0,0,1,0,0,0,0,0,0,"- ","- ",39.407051086425781,-122.19309997558594,GLENN,UNINCORPORATED,-122.19281768798828,39.407119750976562
91228052,2020,2020-04-21,9160,2020-04-12,0225,020810,,7,3,9,1100,0,3,5,,2,007,"COUNTY ROAD 46","COUNTY ROAD KK",0.00,,Y,A,-,N,,,,,,,,,,N,4,0,1,1,A,-,01,23152,A,M,E,I,A,A,H,-,D,D,0,,,,,Y,Y,A,01,0,0,1,0,0,0,0,0,0,"- ","- ",39.547840118408203,-122.18604278564453,GLENN,UNINCORPORATED,-122.18608856201172,39.548011779785156
91228897,2020,2020-04-23,9160,2020-04-17,1538,019164,,5,2,9,1100,0,3,5,,2,005,"COUNTY ROAD 29","COUNTY ROAD V",1584.00,E,N,A,-,N,,,,,,,,,,Y,3,0,1,1,A,-,08,22107,,N,E,I,A,A,H,-,A,D,0,,,,,Y,,A,07,0,1,0,0,0,0,0,0,0,"- ","- ",39.659641265869141,-122.05393981933594,GLENN,UNINCORPORATED,-122.0579833984375,39.659687042236328
91233262,2020,2020-05-04,9160,2020-04-28,0130,020810,,2,3,9,1100,0,1,1,,2,006,"I-5 N/B FROM SR-32",SR-32,268.00,N,N,A,-,Y,,,5,,,,R,,N,Y,3,0,1,1,A,-,08,22107,,N,F,A,A,A,H,-,C,D,0,,,,,Y,,A,08,0,1,0,0,0,0,0,0,0,"- ","- ",39.751678466796875,-122.20510101318359,GLENN,UNINCORPORATED,-122.20510101318359,39.751678466796875
91235521,2020,2020-05-08,9160,2020-05-03,0657,014900,,7,1,9,1100,0,1,1,,2,006,"I-5 S/B","COUNTY ROAD 28",2640.00,S,N,A,-,Y,,,5,,,,,,S,Y,3,0,2,1,A,-,08,22107,,N,E,I,A,A,H,-,A,D,0,,,,,Y,,A,01,0,2,0,0,0,0,0,0,0,"- ","- ",39.658618927001953,-122.20436096191406,GLENN,UNINCORPORATED,-122.20455169677734,39.658618927001953
91240529,2020,2020-05-20,9160,2020-05-08,0757,018737,,5,1,9,1100,0,1,1,,2,002,"I-5 N/B","COUNTY ROAD 68",537.00,S,N,A,-,Y,,,5,,,,,,N,Y,2,0,2,1,A,-,08,22107,,N,F,A,A,A,H,-,A,D,0,,,,,Y,,D,22,2,0,0,0,0,0,0,0,0,"- ","- ",39.405208587646484,-122.19548034667969,GLENN,UNINCORPORATED,-122.19544982910156,39.405216217041016
91241105,2020,2020-05-21,9160,2020-05-11,1240,016148,,1,1,9,1100,0,2,4,,2,016,"COUNTY ROAD 99W","COUNTY ROAD 6",188.00,S,N,B,-,N,,,,,,,,,,Y,4,0,3,2,A,-,03,22350,,N,D,C,A,B,H,-,A,D,0,,,,,Y,,A,01,0,0,3,0,0,0,0,0,0,"- ","- ",39.786518096923828,-122.19763946533203,GLENN,UNINCORPORATED,-122.19755554199219,39.786823272705078
91246894,2020,2020-06-03,9160,2020-05-27,1457,019164,,3,2,9,1100,0,1,1,,2,006,"I-5 S/B","COUNTY ROAD 25",1056.00,N,N,A,-,Y,,,5,,,,,,S,Y,3,0,1,1,A,-,08,22107,,N,E,I,A,A,H,-,A,D,0,,,,,Y,,A,01,0,1,0,0,0,0,0,0,0,"- ","- ",39.700080871582031,-122.20525360107422,GLENN,UNINCORPORATED,-122.2056884765625,39.700054168701172
91246910,2020,2020-06-03,9160,2020-05-23,1230,018128,,6,1,9,1100,0,2,4,,2,016,"COUNTY ROAD 99W","COUNTY ROAD 25",2112.00,N,N,A,-,N,,,,,,,,,,Y,4,0,1,1,A,-,08,22107,,N,E,I,A,A,H,-,A,D,0,,,,,Y,,A,01,0,0,1,0,0,0,0,0,0,"- ","- ",39.702239990234375,-122.19664764404297,GLENN,UNINCORPORATED,-122.19670104980469,39.702705383300781
91248469,2020,2020-06-08,9160,2020-05-27,1310,019043,,3,1,9,1100,0,3,5,,2,005,"CO RD L","CO RD 7",25.00,S,N,A,-,N,,,,,,,,,,Y,2,0,1,1,A,-,08,22107,,N,E,I,A,A,H,-,A,D,0,,,,,Y,,A,01,1,0,0,0,0,0,0,0,0,"- ","- ",39.783538818359375,-122.18267059326172,GLENN,UNINCORPORATED,-122.18292236328125,39.783481597900391
91248540,2020,2020-06-08,9160,2020-05-31,0430,017873,,7,3,9,1100,0,1,3,,1,010,SR-45,"COUNTY ROAD 48",3168.00,N,N,A,-,Y,,,,,,,,,,Y,4,0,1,1,A,-,08,22107,,N,E,I,A,A,H,-,D,D,0,,,,,Y,,A,01,0,0,1,0,0,0,0,0,0,"- ","- ",39.543449401855469,-122.00554656982422,GLENN,UNINCORPORATED,-122.00688171386719,39.542694091796875
91249378,2020,2020-06-08,9160,2020-06-02,1830,015118,,2,2,9,1100,0,3,5,,2,005,"CO. RD. S","CO. RD. 21",1056.00,N,N,A,-,N,,,,,,,,,,Y,3,0,1,1,A,-,01,23152,A,M,E,I,A,A,H,-,A,D,0,,,,,Y,Y,A,07,0,1,0,0,0,0,0,0,0,"- ","- ",39.72296142578125,-122.10437774658203,GLENN,UNINCORPORATED,-122.104367,39.724091000000001
91249937,2020,2020-06-09,9160,2020-05-30,2315,015118,,6,3,9,1100,0,3,5,,2,007,"CO. RD. 39","CO. RD. 99W",5808.00,E,N,A,-,N,,,,,,,,,,Y,3,0,2,3,D,-,00,,,N,B,C,A,A,H,-,D,D,0,,,,,Y,,-,"- ",0,1,1,0,0,0,0,0,0,"- ","- ",39.582378387451172,-122.17340850830078,GLENN,UNINCORPORATED,-122.17424011230469,39.582298278808594
91250525,2020,2020-06-10,9160,2020-05-28,1230,018128,,4,1,9,1100,0,3,5,,2,001,"COUNTY ROAD D","COUNTY ROAD 53",1584.00,S,N,A,-,N,,,,,,,,,,Y,3,0,1,1,A,-,08,22107,,N,F,A,A,A,H,-,A,D,0,,,,,Y,,D,22,0,1,0,0,0,0,0,0,0,"- ","- ",39.505531311035156,-122.24913024902344,GLENN,UNINCORPORATED,-122.24913787841797,39.505191802978516
91252595,2020,2020-06-16,9160,2020-06-01,1740,017065,,1,2,9,1100,0,1,3,,1,008,"STATE ROUTE 32","COUNTY ROAD P",0.00,,Y,A,-,Y,,,32,,,,,,,Y,2,0,2,3,A,-,12,22450,A,N,D,C,A,A,H,-,A,A,0,,,,,Y,,A,01,1,1,0,0,0,0,0,0,0,"- ","- ",39.746879577636719,-122.14092254638672,GLENN,UNINCORPORATED,-122.14092254638672,39.746898651123047
91252912,2020,2020-06-16,9160,2020-06-04,0755,014900,,4,1,9,1100,0,1,1,,2,006,"I-5 S/B",SR-32,3168.00,N,N,A,-,Y,,,5,,,,,,S,Y,3,0,1,2,A,-,01,23152,F,N,B,C,A,A,H,-,A,D,0,,,,,Y,,A,01,0,1,0,0,0,0,0,0,0,"- ","- ",39.759429931640625,-122.20548248291016,GLENN,UNINCORPORATED,-122.20551300048828,39.759429931640625
91252921,2020,2020-06-16,9160,2020-06-04,1652,019164,,4,2,9,1100,0,3,5,,2,005,"COUNTY ROAD 30","COUNTY ROAD M",4224.00,E,N,A,-,N,,,,,,,,,,N,2,0,1,1,A,-,01,23152,A,N,E,I,A,A,H,-,A,D,0,,,,,Y,Y,A,01,1,0,0,0,0,0,0,0,0,"- ","- ",39.652999877929688,-122.16259765625,GLENN,UNINCORPORATED,-122.16346740722656,39.653007507324219
91253287,2020,2020-06-17,9160,2020-06-09,1703,018737,,2,2,9,1100,0,2,4,,2,016,"COUNTY ROAD 99W","GARDEN ST.",65.00,N,N,A,-,N,,,,,,,,,,Y,4,0,1,4,A,-,03,22350,,N,C,C,A,A,H,-,A,D,0,,,,,Y,,A,01,0,0,1,0,0,0,0,0,0,"- ","- ",39.529090881347656,-122.19342041015625,GLENN,UNINCORPORATED,-122.193375,39.529200000000003
91253525,2020,2020-06-17,9160,2020-06-10,0345,017873,,3,3,9,1100,0,2,4,,2,016,"COUNTY ROAD 99W","COUNTY ROAD 45",528.00,S,N,A,-,N,,,,,,,,,,N,3,0,1,1,C,-,18,,,N,H,H,A,A,H,-,D,D,0,,,,,Y,,-,"- ",0,1,0,0,0,0,0,0,0,"- ","- ",39.551788330078125,-122.19361877441406,GLENN,UNINCORPORATED,-122.19357299804688,39.551910400390625
91257733,2020,2020-06-25,9160,2020-06-15,1210,016148,,1,1,9,1100,0,2,4,,2,016,"COUNTY ROAD 99W","COUNTY ROAD 8013",719.00,S,N,A,-,Y,,,,,,,,,,Y,4,0,1,1,A,-,01,23152,F,N,F,A,A,A,H,-,A,D,0,,,,,Y,,A,01,0,0,1,0,0,0,0,0,0,"- ","- ",39.425968170166016,-122.19229888916016,GLENN,UNINCORPORATED,-122.19269561767578,39.428054809570312
91261470,2020,2020-07-01,9160,2020-06-20,2245,017873,,6,3,9,1100,0,3,5,,2,007,"COUNTY ROAD Y Y","COUNTY ROAD 70",220.00,S,N,A,-,N,,,,,,,,,,Y,3,0,2,1,A,-,08,22107,,N,E,I,A,A,H,-,D,D,0,,,,,Y,,A,01,0,2,0,0,0,0,0,0,0,"- ","- ",39.390731811523438,-121.93681335449219,GLENN,UNINCORPORATED,-121.93670654296875,39.390529632568359
91261549,2020,2020-07-01,9160,2020-06-22,1030,014900,,1,1,9,1100,0,1,1,,2,004,"I-5 S/B","COUNTY ROAD 48",4752.00,N,N,A,-,Y,,,5,,,,,,S,Y,2,0,1,2,A,-,08,22107,,F,B,C,A,A,H,-,A,D,0,,,,,Y,,-,99,1,0,0,0,0,0,0,0,0,"- ","- ",39.551399230957031,-122.21513366699219,GLENN,UNINCORPORATED,-122.2149658203125,39.551399230957031
91261710,2020,2020-07-01,9160,2020-06-23,0706,016148,,2,1,9,1100,0,1,1,,2,002,"COUNTY ROAD 39","COUNTY ROAD TT",3168.00,W,N,A,-,N,,,,,,,,,,Y,4,0,1,1,A,-,08,22107,,N,F,A,A,A,H,-,A,D,0,,,,,Y,,A,07,0,0,1,0,0,0,0,0,0,"- ","- ",39.58245849609375,-122.10054779052734,GLENN,UNINCORPORATED,-122.09511566162109,39.582820892333984
91262183,2020,2020-07-02,9160,2020-06-22,0855,018737,,1,1,9,1100,0,3,5,,2,003,"COUNTY ROAD 200","WACKERMAN RD.",1584.00,E,N,A,-,N,,,,,,,,,,Y,2,0,1,1,A,-,03,22350,,N,F,A,A,A,C,-,A,D,0,,,,,Y,,A,01,1,0,0,0,0,0,0,0,0,"- ","- ",39.796089172363281,-122.31582641601562,GLENN,UNINCORPORATED,-122.3153076171875,39.795818328857422
91263180,2020,2020-07-03,9160,2020-06-26,1500,019164,,5,2,9,1100,0,1,3,,1,010,SR-45,"COUNTY ROAD 39",5280.00,N,N,A,-,Y,,,45,,,,,,,Y,3,0,1,1,A,-,08,22107,,N,E,I,A,A,H,-,A,D,0,,,,,Y,,A,01,0,1,0,0,0,0,0,0,0,"- ","- ",39.596908569335938,-122.00771331787109,GLENN,UNINCORPORATED,-122.00770568847656,39.596908569335938
91263770,2020,2020-07-06,9160,2020-06-29,0900,014900,,1,1,9,1100,0,1,3,,2,014,"SR-162 E/B","COUNTY ROAD 306",16368.00,W,N,A,-,Y,,,162,,,,,,E,Y,3,0,1,1,A,-,03,22350,,N,E,I,A,A,H,-,A,D,0,,,,,Y,,A,01,0,1,0,0,0,0,0,0,0,"- ","- ",39.655529022216797,-122.58033752441406,GLENN,UNINCORPORATED,-122.58029937744141,39.655452728271484
91265573,2020,2020-07-08,9160,2020-06-27,1305,019718,,6,1,9,1100,0,3,5,,2,001,"COUNTY ROAD 49 1/2","COUNTY ROAD D",1560.00,W,N,A,-,N,,,,,,,,,,Y,4,0,1,1,C,-,18,,,N,E,I,A,A,D,-,A,D,0,,,,Y,Y,,-,"- ",0,0,1,0,0,0,0,0,0,"- ","- ",39.531749725341797,-122.25492095947266,GLENN,UNINCORPORATED,-122.25482100000001,39.531708999999999
91265885,2020,2020-07-09,9160,2020-07-03,1209,018737,,5,1,9,1100,0,1,1,,2,006,"I-5 N/B","COUNTY ROAD 28",1037.00,S,N,A,-,Y,,,5,,,,,,N,Y,4,0,1,3,C,-,18,,,N,B,C,A,A,H,-,A,D,0,,,,Y,Y,,-,"- ",0,0,1,0,0,0,0,0,0,"- ","- ",39.665618896484375,-122.20423126220703,GLENN,UNINCORPORATED,-122.20433807373047,39.665618896484375
91273414,2020,2020-07-23,9160,2020-07-13,1635,020558,,1,2,9,1100,0,1,3,,2,014,"STATE HIGHWAY 162","COUNTY ROAD 302",10560.00,E,N,A,-,Y,,,162,,,,,,,Y,3,0,1,1,A,-,08,22107,,N,F,A,A,A,H,-,A,D,0,,,,,Y,,A,07,0,1,0,0,0,0,0,0,0,"- ","- ",39.531669616699219,-122.33844757080078,GLENN,UNINCORPORATED,-122.33844757080078,39.53167724609375
91274292,2020,2020-07-27,9160,2020-05-22,2348,020810,,5,3,9,1100,0,3,5,,2,007,"FRONT ST","3RD ST",238.00,N,N,A,-,N,,,,,,,,,,Y,2,0,3,2,A,-,01,23152,G,F,D,C,A,A,H,-,D,A,0,,,,,Y,Y,A,01,2,0,1,0,0,0,0,0,0,"- ","- ",39.622398376464844,-122.19419097900391,GLENN,UNINCORPORATED,-122.19416046142578,39.624141693115234
91285060,2020,2020-08-12,9160,2020-08-05,1548,019718,,3,2,9,1100,0,1,3,,1,010,SR-45,"COUNTY ROAD 26",450.00,S,N,A,-,Y,,,45,,,,,,,Y,3,0,1,1,A,-,08,22107,,N,E,I,A,A,H,-,A,D,0,,,,,Y,,D,22,0,1,0,0,0,0,0,0,0,"- ","- ",39.682991027832031,-122.00491333007812,GLENN,UNINCORPORATED,-122.00505828857422,39.683002471923828
91285955,2020,2020-08-13,9160,2020-04-17,0730,019718,,5,1,9,1100,0,3,5,,2,007,"COUNTY ROAD 41","COUNTY ROAD U",1077.00,E,N,B,-,N,,,,,,,,,,Y,1,1,0,1,A,-,08,22107,,N,E,I,A,A,H,-,A,D,0,,,,,Y,,D,22,0,0,0,0,0,0,0,0,0,"- ","- ",39.572608947753906,-122.07061004638672,GLENN,UNINCORPORATED,-122.07070922851562,39.572654724121094
91287643,2020,2020-08-17,9160,2020-08-05,1345,019043,,3,1,9,1100,0,3,5,,2,007,"CO RD 44","CO RD S",1056.00,E,N,A,-,N,,,,,,,,,,N,2,0,1,1,C,-,18,,,N,F,A,A,A,H,-,A,D,0,,,Y,,Y,,-,"- ",1,0,0,0,0,0,0,0,1,"- ","- ",39.558170318603516,-122.09642028808594,GLENN,UNINCORPORATED,-122.103927,39.558490999999997
91287965,2020,2020-08-18,9160,2020-08-09,2030,020735,,7,2,9,1100,0,3,5,,2,003,"COUNTY ROAD 200","COUNTY ROAD 206",2500.00,E,N,A,-,N,,,,,,,,,,Y,3,0,1,1,A,-,08,22107,,N,E,I,A,A,H,-,D,D,0,,,,,Y,,A,07,0,1,0,0,0,0,0,0,0,"- ","- ",39.779350280761719,-122.28643798828125,GLENN,UNINCORPORATED,-122.28665924072266,39.779449462890625
91288334,2020,2020-08-18,9160,2020-07-05,0240,020810,,7,3,9,1100,0,2,4,,2,016,"COUNTY ROAD 99W","COUNTY ROAD 48",325.00,S,N,A,-,N,,,,,,,,,,N,2,0,1,2,A,-,01,23152,A,F,G,B,E,A,H,-,D,D,0,Y,,,,Y,Y,A,01,1,0,0,0,1,0,0,0,0,"- ","- ",39.537910461425781,-122.19349670410156,GLENN,UNINCORPORATED,-122.19345855712891,39.537967681884766
91290522,2020,2020-08-21,9160,2020-08-11,1755,019043,,2,2,9,1100,0,3,5,,2,001,"CO RD 48","CO RD B",1056.00,E,N,A,-,N,,,,,,,,,,Y,2,0,2,1,A,-,08,22107,,N,E,I,A,A,H,-,A,C,0,,,,,Y,,A,01,1,1,0,0,0,0,0,0,0,"- ","- ",39.538768768310547,-122.28070831298828,GLENN,UNINCORPORATED,-122.28319549560547,39.538734436035156
91291692,2020,2020-08-24,9160,2020-08-17,2230,020810,,1,3,9,1100,0,1,1,,2,004,"I-5 S/B","COUNTY ROAD 57",2640.00,N,N,A,-,Y,,,5,,,,,,S,Y,2,0,1,1,A,-,08,22107,,N,E,I,A,A,H,-,D,D,0,,,,,Y,,A,01,1,0,0,0,0,0,0,0,0,"- ","- ",39.500350952148438,-122.19992828369141,GLENN,UNINCORPORATED,-122.19993591308594,39.500347137451172
91294026,2020,2020-08-27,9160,2020-08-18,1155,014900,,2,1,9,1100,0,2,4,,2,016,"COUNTY ROAD 99W","COUNTY ROAD 27",2112.00,S,N,A,-,N,,,,,,,,,,Y,3,0,1,1,A,-,01,23152,F,N,E,I,A,A,H,-,A,D,0,,,,,Y,,D,22,0,1,0,0,0,0,0,0,0,"- ","- ",39.674758911132812,-122.19685363769531,GLENN,UNINCORPORATED,-122.19689178466797,39.676528930664062
91297614,2020,2020-09-02,9160,2020-08-22,0530,019164,,6,3,9,1100,0,3,5,,2,005,"COUNTY ROAD 9","6TH AVE",1584.00,W,N,A,-,N,,,,,,,,,,Y,3,0,1,1,A,-,01,23152,A,N,E,I,A,A,H,-,B,D,0,,,,,Y,Y,A,01,0,1,0,0,0,0,0,0,0,"- ","- ",39.768569946289062,-122.11653137207031,GLENN,UNINCORPORATED,-122.115599,39.768568000000002
91298048,2020,2020-09-02,9160,2020-08-24,0820,019164,,1,1,9,1100,0,3,5,,2,005,"COUNTY ROAD 9","1ST AVENUE",0.00,,Y,A,-,N,,,,,,,,,,Y,3,0,2,2,A,-,03,22350,,N,C,C,A,A,H,-,A,D,0,,,,,Y,,D,22,0,1,1,0,0,0,0,0,0,"- ","- ",39.766559600830078,-122.04768371582031,GLENN,UNINCORPORATED,-122.04771,39.766509999999997
91300995,2020,2020-09-08,9160,2020-08-26,0515,020558,,3,3,9,1100,0,1,3,,2,012,"STATE HIGHWAY 162","COUNTY ROAD P",637.00,W,N,B,-,Y,,,162,,,,,,,Y,2,0,1,1,A,-,01,23152,A,F,E,I,A,A,H,-,D,D,0,,,,,Y,Y,A,07,1,0,0,0,0,0,0,0,0,"- ","- ",39.524280548095703,-122.13748931884766,GLENN,UNINCORPORATED,-122.13749694824219,39.524143218994141
91301112,2020,2020-09-09,9160,2020-08-29,2200,020810,,6,3,9,1100,0,3,5,,2,005,"4TH AVE","COUNTY ROAD 9",10.00,S,N,A,-,N,,,,,,,,,,Y,4,0,1,1,A,-,03,22350,,N,E,I,A,A,H,-,D,A,0,,,,,Y,,A,01,0,0,1,0,0,0,0,0,0,"- ","- ",39.766731262207031,-122.08541107177734,GLENN,UNINCORPORATED,-122.08541107177734,39.766548156738281
91301490,2020,2020-09-09,9160,2020-08-28,1920,019718,,5,2,9,1100,0,1,1,,2,006,"I-5 N/B TO COUNTY ROAD 16","COUNTY ROAD 16",530.00,S,N,A,-,Y,,,5,,,,R,,N,Y,3,0,1,1,A,-,08,22107,,N,E,I,A,A,H,-,D,D,0,,,Y,,Y,,C,02,0,1,0,0,0,0,0,0,1,"- ","- ",39.739208221435547,-122.20497894287109,GLENN,UNINCORPORATED,-122.20497894287109,39.739208221435547
91304650,2020,2020-09-15,9160,2020-09-06,2345,020810,,7,3,9,1100,0,1,3,,2,014,"SR-162 (COUNTY ROAD 306)",SR-162,10560.00,N,N,A,-,Y,,,162,,,,,,,Y,2,0,3,1,A,-,08,22107,,N,E,I,A,A,H,-,D,D,0,,,,Y,Y,,F,26,1,0,2,0,0,0,0,0,0,"- ","- ",39.637588500976562,-122.52304077148438,GLENN,UNINCORPORATED,-122.52306365966797,39.637596130371094
91304674,2020,2020-09-15,9160,2020-09-06,1230,018737,,7,1,9,1100,0,3,5,,2,003,"COUNTY ROAD 200","COUNTY ROAD FF",0.00,,Y,A,-,N,,,,,,,,,,Y,3,0,5,2,A,-,09,21802,A,N,D,C,A,A,H,-,A,A,0,,,,,Y,,D,22,0,1,4,0,0,0,0,0,0,"- ","- ",39.760440826416016,-122.22968292236328,GLENN,UNINCORPORATED,-122.22975921630859,39.760459899902344
91305034,2020,2020-09-15,9160,2020-09-05,0115,017873,,6,3,9,1100,0,1,3,,2,012,SR-162,"COUNTY ROAD Y",528.00,E,N,A,-,Y,,,162,,,,,,,Y,3,0,2,3,A,-,03,22350,,N,C,E,E,A,H,-,D,A,0,Y,,,,Y,,A,01,0,1,1,0,1,0,0,0,0,"- ","- ",39.464351654052734,-121.96504974365234,GLENN,UNINCORPORATED,-121.96504974365234,39.464305877685547
91309135,2020,2020-09-22,9160,2020-04-30,0752,016148,,4,1,9,1100,0,1,1,,2,002,"INTERSTATE 5 SOUTHBOUND","COUNTY ROAD 35",350.00,N,N,A,-,Y,,,5,,,,,,S,Y,1,1,0,1,A,-,08,22107,,N,E,I,A,A,H,-,A,D,0,,,,Y,Y,,G,25,0,0,0,0,0,0,0,0,0,"- ","- ",39.612358093261719,-122.20735168457031,GLENN,UNINCORPORATED,-122.20732116699219,39.612354278564453
91310568,2020,2020-09-24,9160,2020-09-18,2235,017873,,5,3,9,1100,0,1,1,,2,002,"INTERSTATE 5","COUNTY ROAD 68",528.00,S,N,A,-,Y,,,5,,,,,,,Y,3,0,1,1,A,-,08,22107,,N,F,A,A,A,H,-,D,D,0,,,,,Y,,A,07,0,1,0,0,0,0,0,0,0,"- ","- ",39.406761169433594,-122.19547271728516,GLENN,UNINCORPORATED,-122.19563293457031,39.406749725341797
91312992,2020,2020-09-28,9160,2020-09-21,2330,020810,,1,3,9,1100,0,1,3,,1,008,SR-32,"SACRAMENTO AVE",1056.00,E,N,A,-,Y,,,32,,,,,,,Y,4,0,1,2,A,-,08,22107,,N,C,E,A,A,H,-,D,D,0,,,,,Y,,A,01,0,0,1,0,0,0,0,0,0,"- ","- ",39.748809814453125,-122.00462341308594,GLENN,UNINCORPORATED,-122.00460815429688,39.748756408691406
91319729,2020,2020-10-07,9160,2020-09-25,0729,018128,,5,1,9,1100,0,1,3,,2,014,SR-162,"COUNTY ROAD BB",0.00,,Y,A,-,Y,,,162,,,,,,,Y,2,0,1,2,A,-,09,21801,A,N,D,C,A,A,H,-,A,D,0,,,,Y,Y,,G,25,1,0,0,0,0,0,0,0,0,"- ","- ",39.524078369140625,-122.27739715576172,GLENN,UNINCORPORATED,-122.27739715576172,39.524105072021484
91320499,2020,2020-10-08,9160,2020-09-29,2115,018750,,2,2,9,1100,0,2,4,,2,016,"COUNTY ROAD 99W","COUNTY ROAD 28",528.00,S,N,A,-,N,,,,,,,,,,Y,2,0,2,1,A,-,01,23152,A,N,F,A,A,A,H,-,D,D,0,,,,,Y,Y,A,07,1,1,0,0,0,0,0,0,0,"- ","- ",39.664161682128906,-122.19699096679688,GLENN,UNINCORPORATED,-122.19696044921875,39.666339874267578
91321185,2020,2020-10-09,9160,2020-10-02,0700,019718,,5,1,9,1100,0,1,3,,1,010,SR-45,"COUNTY ROAD 39",432.00,S,N,A,-,Y,,,45,,,,,,,Y,2,0,1,1,A,-,08,22107,,N,F,A,A,A,H,-,B,D,0,,,,,Y,,A,07,1,0,0,0,0,0,0,0,0,"- ","- ",39.582218170166016,-122.00753021240234,GLENN,UNINCORPORATED,-122.00745391845703,39.582256317138672
91323167,2020,2020-10-13,9160,2020-10-05,0655,016148,,1,1,9,1100,0,3,5,,2,005,"6TH AVE","LINDSAY AVE",154.00,S,N,A,-,N,,,,,,,,,,Y,2,0,1,1,A,-,08,22107,,N,E,I,A,A,H,-,A,D,0,,,,,Y,,A,07,1,0,0,0,0,0,0,0,0,"- ","- ",39.775169372558594,-122.11353302001953,GLENN,UNINCORPORATED,-122.113544,39.775328000000002
91323343,2020,2020-10-14,9160,2020-10-04,0450,020810,,7,3,9,1100,0,1,3,,1,010,SR-45,CR-48,5280.00,N,N,A,-,Y,,,45,,,,,,,Y,2,0,2,2,A,-,08,22107,,N,A,C,A,A,H,-,D,D,0,,,,,Y,,A,01,1,1,0,0,0,0,0,0,0,"- ","- ",39.55120849609375,-122.00392913818359,GLENN,UNINCORPORATED,-122.00395202636719,39.551219940185547
91324702,2020,2020-10-15,9160,2020-09-22,1653,020558,,2,2,9,1100,0,3,5,,2,007,"COUNTY ROAD Y","COUNTY ROAD 67",4224.00,S,N,A,-,N,,,,,,,,,,Y,2,0,2,1,A,-,08,22107,,N,F,A,A,A,H,-,A,D,0,,,,,Y,,A,01,1,1,0,0,0,0,0,0,0,"- ","- ",39.407131195068359,-121.96656799316406,GLENN,UNINCORPORATED,-121.96660614013672,39.408481597900391
91327686,2020,2020-10-20,9160,2020-10-07,1940,019043,,3,2,9,1100,0,3,5,,2,005,"CO RD M","CO RD 24",0.00,,Y,A,-,N,,,,,,,,,,Y,4,0,1,2,A,-,12,22450,A,F,D,C,A,A,H,-,D,A,0,,,,,Y,,A,01,0,0,1,0,0,0,0,0,0,"- ","- ",39.711250305175781,-122.17848205566406,GLENN,UNINCORPORATED,-122.178466796875,39.711029052734375
91330889,2020,2020-10-26,9160,2020-10-16,1920,020558,,5,2,9,1100,0,3,5,,2,001,"FOREST ROUTE 18N06","LODOGA STONYFORD RD",79200.00,W,N,A,-,N,,,,,,,,,,Y,2,0,3,1,A,-,08,22107,,N,F,A,A,A,A,B,D,D,0,,,,,Y,,A,07,2,1,0,0,0,0,0,0,0,"- ","- ",39.410999298095703,-122.67366790771484,GLENN,UNINCORPORATED,-122.67366800000001,39.410992
91331693,2020,2020-10-26,9160,2020-10-15,1845,020218,,4,2,9,1100,0,1,3,,2,012,"STATE ROUTE 162","COUNTY ROAD V",0.00,,Y,A,-,Y,,,162,,,,,,,Y,2,0,1,2,C,-,18,,,N,A,C,A,A,H,-,B,D,0,,,Y,,Y,,-,"- ",1,0,0,0,0,0,0,0,1,"- ","- ",39.521629333496094,-122.06513977050781,GLENN,UNINCORPORATED,-122.06513977050781,39.521575927734375
91333570,2020,2020-10-28,9160,2020-10-18,0710,016148,,7,1,9,1100,0,1,3,,1,010,SR-45,"COUNTY ROAD 28",675.00,S,N,A,-,Y,,,45,,,,,,,Y,3,0,1,1,A,-,08,22107,,N,F,A,A,A,H,-,A,D,0,,,,,Y,,A,07,0,1,0,0,0,0,0,0,0,"- ","- ",39.664970397949219,-122.00845336914062,GLENN,UNINCORPORATED,-122.00844573974609,39.664970397949219
91333572,2020,2020-10-28,9160,2020-10-16,1553,020558,,5,2,9,1100,0,1,3,,1,010,"STATE ROUTE 45","COUNTY ROAD 44",2112.00,S,N,A,-,Y,,,45,,,,,,,Y,2,0,2,2,A,-,05,21460,A,N,A,C,A,A,H,-,A,D,0,,,,,Y,,A,01,1,1,0,0,0,0,0,0,0,"- ","- ",39.552818298339844,-122.00308990478516,GLENN,UNINCORPORATED,-122.00313568115234,39.552833557128906
91337153,2020,2020-11-02,9160,2020-10-24,1700,019043,,6,2,9,1100,0,3,5,,2,005,"CO RD MM","CO RD 13",56.00,N,N,A,-,N,,,,,,,,,,Y,3,0,1,1,A,-,01,23152,A,N,E,I,A,A,H,-,A,D,0,,,,,Y,Y,D,22,0,1,0,0,0,0,0,0,0,"- ","- ",39.751628875732422,-122.16914367675781,GLENN,UNINCORPORATED,-122.169192,39.750909999999998
91341280,2020,2020-11-06,9160,2020-10-28,0645,018128,,3,1,9,1100,0,3,5,,2,005,"COUNTY ROAD 24","COUNTY ROAD P",0.00,,Y,A,-,N,,,,,,,,,,Y,3,0,1,2,A,-,09,21802,A,N,D,C,A,A,H,-,D,A,0,,,,,Y,,D,22,0,1,0,0,0,0,0,0,0,"- ","- ",39.710651397705078,-122.14098358154297,GLENN,UNINCORPORATED,-122.13243865966797,39.710609436035156
91342448,2020,2020-11-09,9160,2020-05-26,0637,014900,,2,1,9,1100,0,3,5,,2,001,"COUNTY ROAD D","COUNTY ROAD 57",509.00,N,N,A,-,N,,,,,,,,,,Y,1,1,1,1,A,-,01,23152,F,N,E,I,A,A,H,-,A,D,0,,,,,Y,,A,07,1,0,0,0,0,0,0,0,0,"- ","- ",39.496250152587891,-122.24903106689453,GLENN,UNINCORPORATED,-122.24908447265625,39.496238708496094
91346660,2020,2020-11-17,9160,2020-11-11,0240,015118,,3,3,9,1100,0,1,1,,2,004,"I-5 N/B","CO. RD. 39",1584.00,S,N,A,-,Y,,,5,,,,,,N,Y,4,0,1,1,A,-,08,22107,,N,F,A,A,A,H,-,D,D,0,,,,,Y,,D,22,0,0,1,0,0,0,0,0,0,"- ","- ",39.577251434326172,-122.2109375,GLENN,UNINCORPORATED,-122.21103668212891,39.577259063720703
91347098,2020,2020-11-17,9160,2020-11-08,1248,014900,,7,1,9,1100,0,3,5,,2,007,"COUNTY ROAD VV","COUNTY ROAD 36",1056.00,N,N,B,-,N,,,,,,,,,,N,2,0,1,1,A,-,08,22107,,N,H,A,A,A,H,-,A,D,0,,,Y,,Y,,C,06,1,0,0,0,0,0,0,0,1,"- ","- ",39.605110168457031,-122.05570220947266,GLENN,UNINCORPORATED,-122.05568695068359,39.604560852050781
91348116,2020,2020-11-18,9160,2020-11-08,2250,017873,,7,3,9,1100,0,2,4,,2,016,"COUNTY ROAD 99W","COUNTY ROAD 20",287.00,S,N,A,-,N,,,,,,,,,,Y,3,0,1,1,A,-,01,23152,A,N,E,I,A,A,H,-,D,D,0,,,,,Y,Y,A,01,0,1,0,0,0,0,0,0,0,"- ","- ",39.724338531494141,-122.19703674316406,GLENN,UNINCORPORATED,-122.19697570800781,39.724922180175781
91348871,2020,2020-11-19,9160,2020-11-11,1705,019164,,3,2,9,1100,0,3,5,,2,005,"COUNTY ROAD 200","COUNTY ROAD P",0.00,,Y,A,-,N,,,,,,,,,,Y,2,0,3,2,A,-,09,21802,A,N,D,C,A,A,H,-,B,A,0,,,,,Y,,A,01,2,1,0,0,0,0,0,0,0,"- ","- ",39.725139617919922,-122.14098358154297,GLENN,UNINCORPORATED,-122.24772644042969,39.766788482666016
91353499,2020,2020-11-25,9160,2020-11-13,2350,020735,,5,3,9,1100,0,3,5,,2,007,"COUNTY ROAD X","COUNTY ROAD 40",5.00,N,N,B,-,N,,,,,,,,,,Y,4,0,1,1,A,-,01,23152,A,N,F,A,A,A,H,-,D,D,0,,,,,Y,Y,D,22,0,0,1,0,0,0,0,0,0,"- ","- ",39.579868316650391,-122.02763366699219,GLENN,UNINCORPORATED,-122.02761077880859,39.57989501953125
91357638,2020,2020-12-02,9160,2020-11-20,1240,018128,,5,1,9,1100,0,1,1,,2,006,"I-5 N/B","COUNTY ROAD 20",1056.00,S,N,A,-,Y,,,5,,,,,,N,Y,4,0,1,1,A,-,01,23152,A,N,E,I,A,A,H,-,A,D,0,,,,,Y,Y,D,22,0,0,1,0,0,0,0,0,0,"- ","- ",39.7239990234375,-122.20561981201172,GLENN,UNINCORPORATED,-122.20580291748047,39.724002838134766
91357800,2020,2020-12-02,9160,2020-11-20,1720,020558,,5,2,9,1100,0,1,3,,1,008,"STATE HIGHWAY 32","COUNTY ROAD P",0.00,,Y,B,-,Y,,,32,,,,,,,Y,4,0,2,3,A,-,09,21802,A,N,D,C,A,A,H,-,D,A,0,,,,,Y,,A,01,0,0,2,0,0,0,0,0,0,"- ","- ",39.746868133544922,-122.14096832275391,GLENN,UNINCORPORATED,-122.14096832275391,39.746898651123047
91357807,2020,2020-12-02,9160,2020-11-21,1050,019718,,6,1,9,1100,0,3,5,,2,005,"COUNTY ROAD P","COUNTY ROAD 24",0.00,,Y,A,-,N,,,,,,,,,,Y,2,0,2,2,A,-,09,21802,A,N,D,C,A,A,H,-,A,A,0,,,,,Y,,A,01,1,1,0,0,0,0,0,0,0,"- ","- ",39.716560363769531,-122.14099884033203,GLENN,UNINCORPORATED,-122.13243865966797,39.710609436035156
91362309,2020,2020-12-09,9160,2020-12-01,0635,018128,,2,1,9,1100,0,1,3,,1,008,"STATE ROUTE 32","COUNTY ROAD Q",1584.00,W,N,A,-,Y,,,32,,,,,,,Y,4,0,1,1,C,-,18,,,N,H,H,A,A,H,-,D,D,0,,,,,Y,,-,"- ",0,0,1,0,0,0,0,0,0,"- ","- ",39.746849060058594,-122.13361358642578,GLENN,UNINCORPORATED,-122.13361358642578,39.746875762939453
91362421,2020,2020-12-09,9160,2020-11-29,0245,020810,,7,3,9,1100,0,1,1,,2,002,"I-5 S/B",CR-57,4752.00,S,N,A,-,Y,,,5,,,,,,S,Y,2,0,1,1,A,-,01,23152,A,N,F,A,A,A,H,-,D,D,0,,,,,Y,Y,A,01,1,0,0,0,0,0,0,0,0,"- ","- ",39.482200622558594,-122.19624328613281,GLENN,UNINCORPORATED,-122.19606781005859,39.482200622558594
91367670,2020,2020-12-15,9160,2020-12-05,1650,019164,,6,2,9,1100,0,3,5,,2,003,"COUNTY ROAD 12","COUNTY ROAD FF",0.00,,Y,A,-,N,,,,,,,,,,Y,4,0,2,2,A,-,09,21802,A,N,D,C,A,A,H,-,B,A,0,,,,,Y,,A,07,0,0,2,0,0,0,0,0,0,"- ","- ",39.754928588867188,-122.22978210449219,GLENN,UNINCORPORATED,-122.22978973388672,39.754940032958984
91376672,2020,2020-12-29,9160,2020-12-21,2305,017873,,1,3,9,1100,0,1,1,,2,002,"INTERSTATE 5 NB","COUNTY ROAD 68",2112.00,S,N,E,-,Y,,,5,,,,,,N,Y,2,0,1,1,A,-,08,22107,,N,E,I,A,B,H,-,D,D,0,,,,,Y,,A,07,1,0,0,0,0,0,0,0,0,"- ","- ",39.401069641113281,-122.1944580078125,GLENN,UNINCORPORATED,-122.19449615478516,39.40106201171875
91376950,2020,2020-12-29,9160,2020-12-21,1740,020218,,1,2,9,1100,0,3,5,,2,005,"6TH AVE","COUNTY ROAD 9",550.00,N,N,A,-,N,,,,,,,,,,Y,4,0,1,1,A,-,08,22107,,N,E,I,A,A,H,-,D,D,0,,,,,Y,,A,07,0,0,1,0,0,0,0,0,0,"- ","- ",39.769519805908203,-122.11038208007812,GLENN,UNINCORPORATED,-122.110653,39.769959999999998
91377114,2020,2020-12-29,9160,2020-12-25,1438,020218,,5,2,9,1100,0,1,3,,2,012,"STATE ROUTE 162","LEVEE RD",695.00,E,N,B,-,Y,,,162,,,,,,,Y,3,0,1,1,A,-,03,22350,,N,F,A,A,B,H,-,A,D,0,,,,,Y,,A,01,0,1,0,0,0,0,0,0,0,"- ","- ",39.458499908447266,-121.9923095703125,GLENN,UNINCORPORATED,-121.99239349365234,39.458473205566406
91378643,2020,2020-12-31,9160,2020-12-23,1710,019718,,3,2,9,1100,0,3,5,,2,001,"COUNTY ROAD 306","INDIAN SPRINGS RD",2965.00,N,N,A,-,N,,,,,,,,,,N,2,0,1,1,A,-,08,22107,,N,E,I,A,A,H,-,D,D,0,,,,,Y,,A,07,1,0,0,0,0,0,0,0,0,"- ","- ",39.394748687744141,-122.55180358886719,GLENN,UNINCORPORATED,-122.55185699462891,39.394748687744141
91378737,2020,2020-12-31,9160,2020-12-12,2315,020735,,6,3,9,1100,0,3,5,,2,005,"5TH ST","SHASTA AVE",63.00,E,N,B,-,N,,,,,,,,,,N,3,0,1,2,A,-,21,22106,,N,H,G,A,A,H,-,D,D,0,,Y,,,Y,,A,01,0,1,0,0,0,0,1,0,0,"- ","- ",39.745208740234375,-122.01103210449219,GLENN,UNINCORPORATED,-122.01103973388672,39.745227813720703
91380948,2020,2021-01-05,9160,2020-12-26,1554,020218,,6,2,9,1100,0,1,3,,1,010,"STATE ROUTE 45","COUNTY ROAD 61",1041.00,S,N,A,-,Y,,,,,,,,,,Y,2,0,1,1,A,-,08,22107,,N,E,I,A,A,H,-,A,D,0,,,,,Y,,A,01,1,0,0,0,0,0,0,0,0,"- ","- ",39.526321411132812,-122.21169281005859,GLENN,UNINCORPORATED,-122.01728057861328,39.454452514648438
91392070,2020,2021-01-22,9160,2020-07-11,0004,017873,,6,3,9,1100,0,1,1,,2,002,"INTERSTATE 5 NB","COUNTY ROAD 60",3168.00,S,N,A,-,Y,,,5,,,,,,N,Y,3,0,1,1,A,-,08,22107,,N,F,A,A,A,H,-,D,D,0,,,,Y,Y,,G,25,0,1,0,0,0,0,0,0,0,"- ","- ",39.463920593261719,-122.19554138183594,GLENN,UNINCORPORATED,-122.19552612304688,39.463920593261719
91392233,2020,2021-01-21,9160,2020-07-11,0005,017873,,6,3,9,1100,0,1,1,,2,002,"INTERSTATE 5 NB","COUNTY ROAD 60",2640.00,S,N,A,F,Y,,,5,,,,,,N,Y,1,1,2,2,A,-,01,23152,A,N,D,C,A,A,H,-,D,D,0,,,,Y,Y,Y,D,22,2,0,0,0,0,0,0,0,0,"- ","- ",39.463920593261719,-122.19554138183594,GLENN,UNINCORPORATED,-122.19552612304688,39.463920593261719
91394220,2020,2021-01-26,9160,2020-12-25,1944,019718,,5,2,9,1100,0,1,1,,2,004,"I-5 SOUTHBOUND","COUNTY ROAD 48",1580.00,N,N,B,C,Y,,,5,,,,,,S,N,2,0,1,2,A,-,11,21954,A,F,G,B,E,B,H,-,D,D,0,Y,,,,Y,,N,60,1,0,0,0,1,0,0,0,0,"- ","- ",39.543258666992188,-122.21498107910156,GLENN,UNINCORPORATED,-122.21495056152344,39.543258666992188
91394266,2021,2021-01-26,9160,2021-01-14,2340,020735,,4,3,9,1100,0,1,3,,2,012,SR-162,"COUNTY ROAD ZZ",4000.00,W,N,A,-,Y,,,162,,,,,,,Y,4,0,1,2,A,-,08,22107,,M,B,C,A,A,H,-,D,D,0,,,,,Y,,A,01,0,0,1,0,0,0,0,0,0,"- ","- ",39.46392822265625,-121.91213989257812,GLENN,UNINCORPORATED,-121.91213989257812,39.463920593261719
91394373,2021,2021-01-26,9160,2021-01-14,0702,018737,,4,1,9,1100,0,3,5,,2,003,"COUNTY ROAD 25","COUNTY ROAD D",0.00,,Y,A,-,N,,,,,,,,,,Y,2,0,2,2,A,-,03,22350,,N,D,C,A,A,H,-,B,D,0,,,,Y,Y,,A,07,2,0,0,0,0,0,0,0,0,"- ","- ",39.697238922119141,-122.25296020507812,GLENN,UNINCORPORATED,-122.25290679931641,39.697261810302734
91394492,2021,2021-01-26,9160,2021-01-15,1645,019043,,5,2,9,1100,0,1,3,,2,012,SR-162,"3RD ST",5.00,W,N,A,-,Y,,,,,,,,,,N,4,0,1,2,A,-,03,22350,,N,C,C,A,A,H,-,A,D,0,,,,,Y,,E,22,0,0,1,0,0,0,0,0,0,"- ","- ",39.312271118164062,-122.11170196533203,GLENN,UNINCORPORATED,-122.18805694580078,39.524181365966797
91394684,2021,2021-01-26,9160,2021-01-15,1735,019043,,5,2,9,1100,0,2,4,,2,016,"COUNTY ROAD 99W","COUNTY ROAD 23",0.00,,Y,A,-,N,,,,,,,,,,Y,3,0,3,2,A,-,09,21801,A,N,D,C,A,A,H,-,D,D,0,,,,,Y,,A,01,0,1,2,0,0,0,0,0,0,"- ","- ",39.714641571044922,-122.19706726074219,GLENN,UNINCORPORATED,-122.19706726074219,39.714859008789062
91395812,2021,2021-01-28,9160,2021-01-21,1525,020218,,4,2,9,1100,0,1,3,,2,014,SR-162,"COUNTY ROAD D",0.00,,Y,A,-,Y,,,162,,,,,,,Y,4,0,1,2,A,-,09,21802,A,N,D,C,A,A,H,-,A,A,0,,,,,Y,,D,22,0,0,1,0,0,0,0,0,0,"- ","- ",39.524169921875,-122.24913024902344,GLENN,UNINCORPORATED,-122.24913024902344,39.524154663085938
91400766,2020,2021-02-02,9160,2020-10-18,1130,019718,,7,1,9,1100,0,3,5,,2,001,"COUNTY ROAD 48","COUNTY ROAD H",580.00,E,N,A,-,N,,,,,,,,,,N,3,0,1,3,A,-,21,22106,,N,G,B,E,A,H,-,A,D,0,Y,,,,Y,,A,01,0,1,0,0,1,0,0,0,0,"- ","- ",39.538829803466797,-122.21485137939453,GLENN,UNINCORPORATED,,
91407210,2021,2021-02-11,9160,2021-02-02,0530,016148,,2,3,9,1100,0,1,3,,1,010,"SR-45 S/B","COUNTY ROAD 28",1056.00,N,N,B,-,Y,,,45,,,,,,S,Y,2,0,1,1,A,-,08,22107,,N,E,I,A,B,H,-,D,D,0,,,,,Y,,A,01,1,0,0,0,0,0,0,0,0,"- ","- ",39.669689178466797,-122.00869750976562,GLENN,UNINCORPORATED,-122.00864410400391,39.669692993164062
91407884,2021,2021-02-12,9160,2021-02-11,1735,020735,,4,2,9,1100,0,1,3,,2,012,SR-162,"COUNTY ROAD Z",0.00,,Y,B,-,Y,,,162,,,,,,,Y,4,0,1,2,A,-,05,21460,C,N,C,C,A,B,H,-,B,D,0,,,,,Y,,A,01,0,0,1,0,0,0,0,0,0,"- ","- ",39.464149475097656,-121.93013763427734,GLENN,UNINCORPORATED,-121.93013763427734,39.464160919189453
91411101,2021,2021-02-18,9160,2021-02-08,1600,018750,,1,2,9,1100,0,3,5,,2,003,"I-5 S/B TO COUNTY ROAD 16","COUNTY ROAD 16",0.00,,Y,A,-,Y,,,5,,,,R,,S,Y,4,0,2,2,A,-,09,21802,A,N,D,C,A,A,H,-,A,A,0,,,,,Y,,A,07,0,0,2,0,0,0,0,0,0,"- ","- ",39.740409851074219,-122.20733642578125,GLENN,UNINCORPORATED,-122.20733642578125,39.740409851074219
91412926,2021,2021-02-23,9160,2021-02-12,1145,018128,,5,1,9,1100,0,3,5,,2,005,"COUNTY ROAD M","COUNTY ROAD 24",0.00,,Y,A,-,N,,,,,,,,,,Y,4,0,1,2,A,-,09,21801,A,N,A,C,A,A,H,-,A,D,0,,,,Y,Y,,D,22,0,0,1,0,0,0,0,0,0,"- ","- ",39.711021423339844,-122.17845153808594,GLENN,UNINCORPORATED,-122.178466796875,39.711032867431641
91413976,2021,2021-02-23,9160,2021-02-15,1910,018750,,1,2,9,1100,0,3,5,,2,005,"COUNTY ROAD 16","COUNTY ROAD VV",3696.00,E,N,B,-,N,,,,,,,,,,Y,3,0,2,1,A,-,08,22107,,N,E,I,A,B,H,-,D,D,0,,,,,Y,,D,22,0,2,0,0,0,0,0,0,0,"- ","- ",39.737430572509766,-122.03826904296875,GLENN,UNINCORPORATED,-122.04415130615234,39.737480163574219
91420711,2021,2021-03-04,9160,2021-02-20,0920,018128,,6,1,9,1100,0,1,1,,2,004,"I-5 S/B","BOYD OVERFLOW",104.00,S,N,A,-,Y,,,5,,,,,,S,Y,2,0,1,1,A,-,08,22107,,N,E,I,A,A,H,-,A,D,0,,,,,Y,,A,01,1,0,0,0,0,0,0,0,0,"- ","- ",39.554939270019531,-122.21494293212891,GLENN,UNINCORPORATED,-122.21488189697266,39.554931640625
91422360,2021,2021-03-08,9160,2021-02-26,0840,017577,,5,1,9,1100,0,1,1,,2,002,"INTERSTATE 5 S/B","COUNTY ROAD 60",3168.00,S,N,A,-,Y,,,5,,,,,,S,Y,4,0,1,1,A,-,08,22107,,N,F,A,A,A,H,-,A,D,0,,,,,Y,,A,07,0,0,1,0,0,0,0,0,0,"- ","- ",39.456699371337891,-122.19387054443359,GLENN,UNINCORPORATED,-122.19376373291016,39.456714630126953
91428430,2021,2021-03-16,9160,2021-03-07,2300,014900,,7,3,9,1100,0,3,5,,2,005,"COUNTY ROAD 25","COUNTY ROAD S",1584.00,E,N,A,-,N,,,,,,,,,,Y,3,0,1,2,A,-,05,21650,,N,B,C,A,A,H,-,D,D,0,,,,,Y,,-,"- ",0,1,0,0,0,0,0,0,0,"- ","- ",39.695888519287109,-122.09648132324219,GLENN,UNINCORPORATED,-122.09751892089844,39.695938110351562
91429386,2021,2021-03-17,9160,2021-03-05,0915,018128,,5,1,9,1100,0,2,4,,2,016,"COUNTY ROAD 33","COUNTY ROAD 99W",0.00,,Y,A,-,N,,,,,,,,,,Y,4,0,3,2,A,-,09,21802,A,N,D,C,A,A,H,-,A,A,0,,,,,Y,,D,22,0,0,3,0,0,0,0,0,0,"- ","- ",39.624179840087891,-122.19539642333984,GLENN,UNINCORPORATED,-122.19541168212891,39.624156951904297
91435268,2021,2021-03-25,9160,2021-03-15,1310,016148,,1,1,9,1100,0,3,5,,2,005,"COUNTY ROAD MM","COUNTY ROAD 19",401.00,N,N,A,-,N,,,,,,,,,,Y,4,0,1,1,A,-,08,22107,,N,E,I,A,A,H,-,A,D,0,,,,,Y,,D,22,0,0,1,0,0,0,0,0,0,"- ","- ",39.730239868164062,-122.16890716552734,GLENN,UNINCORPORATED,-122.1688232421875,39.730129241943359
91439210,2021,2021-03-30,9160,2021-03-19,1535,020218,,5,2,9,1100,0,2,4,,2,016,"COUNTY ROAD 99W","COUNTY ROAD 39",3168.00,N,N,B,-,N,,,,,,,,,,Y,3,0,3,2,A,-,08,22107,,N,D,C,A,A,H,-,A,D,0,,,,,Y,,A,01,0,3,0,0,0,0,0,0,0,"- ","- ",39.953998565673828,-122.19473266601562,GLENN,UNINCORPORATED,-122.19461059570312,39.59222412109375
91439631,2021,2021-03-30,9160,2021-03-21,0325,020810,,7,3,9,1100,0,1,1,,2,006,"I-5 NB TO COUNTY ROAD 7","COUNTY ROAD 7",320.00,S,N,A,-,Y,,,5,,,,R,,N,Y,2,0,1,1,A,-,08,22107,,N,F,A,A,A,H,-,D,A,0,,,,,Y,,A,01,1,0,0,0,0,0,0,0,0,"- ","- ",39.782859802246094,-122.20368957519531,GLENN,UNINCORPORATED,-122.20368957519531,39.782859802246094
91440197,2021,2021-03-31,9160,2021-03-20,0220,020735,,6,3,9,1100,0,1,1,,2,004,"I-5 S/B","COUNTY ROAD 57",2000.00,N,N,A,-,Y,,,5,,,,,,S,Y,3,0,1,1,A,-,01,23152,A,N,E,I,A,A,H,-,C,D,0,,,,,Y,Y,A,01,0,1,0,0,0,0,0,0,0,"- ","- ",39.500141143798828,-122.19966125488281,GLENN,UNINCORPORATED,-122.19979095458984,39.500072479248047
91440304,2021,2021-03-31,9160,2021-03-22,1248,014900,,1,1,9,1100,0,2,4,,2,016,"COUNTY ROAD 99W","COUNTY ROAD 28",2640.00,S,N,B,-,N,,,,,,,,,,N,3,0,1,2,A,-,17,23114,A,F,H,C,A,A,H,-,A,D,0,,,,,Y,,D,22,0,1,0,0,0,0,0,0,0,"- ","- ",39.659488677978516,-122.19699859619141,GLENN,UNINCORPORATED,-122.19702911376953,39.660541534423828
9144198,2020,2020-11-03,1101,2020-05-25,1318,502,ORLAN,1,5,2,1101,0,0,0,,0,CITY,"6TH ST","MONTEREY ST",2.00,S,N,A,-,N,,,,,,,,,,Y,3,0,2,2,A,-,09,21801,A,N,D,C,A,A,H,-,A,D,0,,,,,Y,,D,22,0,2,0,0,0,0,0,0,0,"- ","- ",,,GLENN,ORLAND,-122.197021484375,39.752094268798828
9144324,2020,2020-10-07,1101,2020-08-06,1748,508,1101,4,5,2,1101,0,0,0,,0,,"6TH ST","SOUTH ST",0.00,,Y,A,-,N,,,,,,,,,,Y,3,0,1,2,A,-,09,21800,C,N,D,C,A,A,H,-,A,A,0,,,,,Y,,A,01,0,1,0,0,0,0,0,0,0,"- ","- ",,,GLENN,ORLAND,-122.19728851318359,39.740268707275391
91443946,2021,2021-04-06,9160,2021-03-27,0942,016148,,6,1,9,1100,0,1,3,,1,010,"SR-45 S/B","COUNTY ROAD 59",1056.00,S,N,A,-,Y,,,45,,,,,,S,Y,2,0,3,1,A,-,08,22107,,N,E,I,A,A,H,-,A,D,0,,,,,Y,,A,01,1,0,2,0,0,0,0,0,0,"- ","- ",39.474048614501953,-122.01876831054688,GLENN,UNINCORPORATED,-122.01898193359375,39.474067687988281
91450578,2021,2021-04-14,9160,2021-04-09,1235,018737,,5,1,9,1100,0,3,5,,2,001,"COUNTY ROAD 306",CR-303,2640.00,S,N,A,-,N,,,,,,,,,,Y,3,0,2,1,A,-,08,22107,,N,E,I,A,A,H,-,A,D,0,,,,,Y,,D,22,0,2,0,0,0,0,0,0,0,"- ","- ",39.428878784179688,-122.51130676269531,GLENN,UNINCORPORATED,-122.51138305664062,39.428657531738281
91451520,2021,2021-04-15,9160,2021-04-02,2243,019718,,5,3,9,1100,0,1,1,,2,006,"I-5 SOUTHBOUND",SR-32,3110.00,N,N,A,-,Y,,,5,,,,,,S,Y,3,0,1,3,A,-,01,23152,F,F,B,C,A,A,H,-,D,D,0,,,,,Y,,A,01,0,1,0,0,0,0,0,0,0,"- ","- ",39.758018493652344,-122.20549011230469,GLENN,UNINCORPORATED,-122.20552825927734,39.758022308349609
91454680,2021,2021-04-20,9160,2021-04-11,2050,019043,,7,2,9,1100,0,1,1,,2,002,"I-5 S/B","COUNTY ROAD 57",68.00,S,N,A,-,Y,,,,,,,,,,Y,2,0,1,1,A,-,08,22107,,N,E,I,A,A,H,-,C,D,0,,,,,Y,,D,22,1,0,0,0,0,0,0,0,0,"- ","- ",39.293899536132812,-122.11479949951172,GLENN,UNINCORPORATED,-122.19705200195312,39.494789123535156
91455571,2021,2021-04-21,9160,2021-03-15,1715,018750,,1,2,2,1102,0,3,5,,2,001,"COUNTY ROAD H","COUNTY ROAD 48",500.00,N,N,B,-,N,,,,,,,,,,Y,3,0,1,1,A,-,08,22107,,N,F,A,A,A,H,-,A,D,0,,,,,Y,,D,22,0,1,0,0,0,0,0,0,0,"- ","- ",39.540508270263672,-122.21524047851562,GLENN,WILLOWS,,
91458767,2021,2021-05-27,9160,2021-04-18,1750,018750,,7,2,9,1100,0,1,3,,1,010,"RT 45","COUNTY ROAD 34",20.00,S,N,A,-,Y,,,45,,,,,,,Y,3,0,1,2,A,-,03,22350,,N,C,C,A,A,H,-,A,D,0,,,,,Y,,A,01,0,1,0,0,0,0,0,0,0,"- ","- ",39.616218566894531,-122.00733184814453,GLENN,UNINCORPORATED,-122.00739288330078,39.616222381591797
91459832,2021,2021-05-27,9160,2021-04-17,0205,020218,,6,3,9,1100,0,1,3,,2,012,"STATE ROUTE 162","COUNTY ROAD R",295.00,W,N,A,-,Y,,,162,,,,,,,Y,3,0,1,1,A,-,01,23152,A,N,E,8,A,A,H,-,D,D,0,,,,,Y,Y,A,01,0,1,0,0,0,0,0,0,0,"- ","- ",39.523529052734375,-122.11911010742188,GLENN,UNINCORPORATED,-122.11911010742188,39.523532867431641
91460831,2021,2021-05-27,9160,2021-04-18,0335,014900,,7,3,9,1100,0,3,5,,2,007,"COUNTY RD. 60","COUNTY RD. P",2640.00,E,N,A,-,N,,,,,,,,,,Y,3,0,1,1,A,-,08,22107,,M,E,I,A,A,H,-,D,D,0,,,,,Y,,D,23,0,1,0,0,0,0,0,0,0,"- ","- ",39.464599609375,-122.1275634765625,GLENN,UNINCORPORATED,-122.12744140625,39.464618682861328
91462773,2021,2021-05-27,9160,2021-04-18,0305,018128,,7,3,9,1100,0,1,1,,2,004,"I-5 SB","COUNTY ROAD 57",3168.00,N,N,A,-,Y,,,5,,,,,,S,Y,4,0,2,2,A,-,01,23152,A,N,C,2,A,A,H,-,D,D,0,,,,,Y,Y,A,01,0,0,2,0,0,0,0,0,0,"- ","- ",39.503681182861328,-122.20223999023438,GLENN,UNINCORPORATED,-122.20223999023438,39.503677368164062
91466878,2021,2021-05-27,9160,2021-04-28,0515,015118,,3,3,9,1100,0,1,3,,1,008,SR-32,"CO. RD. N",528.00,E,N,A,-,Y,,,32,,,,,,,Y,4,0,1,2,A,-,03,22350,,N,C,C,A,A,H,-,B,D,0,,,,,Y,,A,01,0,0,1,0,0,0,0,0,0,"- ","- ",39.747051239013672,-122.15688323974609,GLENN,UNINCORPORATED,-122.15688323974609,39.747005462646484
91468171,2021,2021-06-09,9160,2021-04-22,1833,019718,,4,2,9,1100,0,1,1,,2,006,"I-5 SOUTHBOUND TO COUNTY ROAD 16","COUNTY ROAD 16",207.00,N,N,A,-,Y,,,5,,,,R,,S,N,3,0,1,1,A,-,01,23152,A,N,E,I,A,A,H,-,A,D,0,,,,,Y,Y,A,01,0,1,0,0,0,0,0,0,0,"- ","- ",39.741008758544922,-122.20732879638672,GLENN,UNINCORPORATED,-122.20732879638672,39.741008758544922
91469168,2021,2021-05-27,9160,2021-05-03,1645,020218,,1,2,9,1100,0,1,3,,1,010,"STATE ROUTE 45","STATE ROUTE 162",2640.00,N,N,A,-,Y,,,45,,,,,,,N,4,0,1,1,C,-,18,,,N,E,8,A,A,H,-,A,D,0,,,,,Y,,-,"- ",0,0,1,0,0,0,0,0,0,"- ","- ",39.530338287353516,-122.01213836669922,GLENN,UNINCORPORATED,-122.01219177246094,39.530338287353516
91470570,2021,2021-05-27,9160,2021-05-02,1024,014900,,7,1,9,1100,0,3,5,,2,003,"COUNTY ROAD 33","I-5 S/B FROM COUNTY ROAD 33",0.00,,Y,A,G,Y,,,,,,,,,,Y,2,0,4,2,A,-,03,22350,,N,D,C,A,A,H,-,A,D,0,,,,,Y,,A,07,1,3,0,0,0,0,0,0,0,"- ","- ",39.624378204345703,-122.20747375488281,GLENN,UNINCORPORATED,-122.20536804199219,39.624282836914062
91472880,2021,2021-05-27,9160,2021-05-01,1320,019718,,6,1,9,1100,0,3,5,,2,001,"COUNTY ROAD 306","COUNTY ROAD 308",3380.00,S,N,A,-,N,,,,,,,,,,Y,3,0,1,1,A,-,01,23152,A,N,E,I,A,A,H,-,A,D,0,,,,,Y,Y,D,22,0,1,0,0,0,0,0,0,0,"- ","- ",39.586589813232422,-122.5364990234375,GLENN,UNINCORPORATED,-122.53640747070312,39.586601257324219
91473963,2021,2021-05-27,9160,2021-05-07,2340,020558,,5,3,9,1100,0,3,5,,2,007,"COUNTY ROAD Z","COUNTY ROAD 50",2640.00,N,N,A,-,N,,,,,,,,,,Y,4,0,1,3,A,-,09,21804,A,N,C,C,A,A,H,-,D,D,0,,,,,Y,,A,01,0,0,1,0,0,0,0,0,0,"- ","- ",39.535179138183594,-121.92990875244141,GLENN,UNINCORPORATED,-121.92994689941406,39.529598236083984
91473993,2021,2021-05-27,9160,2021-05-13,0552,017577,,4,3,9,1100,0,1,1,,2,002,"INTERSTATE 5 S/B","COUNTY ROAD 68",7392.00,N,N,A,-,Y,,,5,,,,,,S,Y,4,0,2,2,A,-,03,22350,,N,C,C,A,A,H,-,A,D,0,,,,Y,Y,,D,22,0,0,2,0,0,0,0,0,0,"- ","- ",39.426910400390625,-122.19357299804688,GLENN,UNINCORPORATED,-122.19350433349609,39.426910400390625
91475531,2021,2021-05-27,9160,2021-05-12,1322,017577,,3,1,2,1101,0,1,1,,2,006,"INTERSTATE 5 N/B","STATE ROUTE 32",326.00,N,N,A,-,Y,,,5,,,,,,N,Y,4,0,2,1,A,-,08,22107,,N,E,I,A,A,H,-,A,D,0,,,,,Y,,A,01,0,0,2,0,0,0,0,0,0,"- ","- ",39.752120971679688,-122.20545959472656,GLENN,ORLAND,-122.20535278320312,39.752117156982422
91478409,2021,2021-05-27,9160,2021-05-13,1443,019164,,4,2,9,1100,0,3,5,,2,003,"COUNTY ROAD 200","WACKERMAN ROAD",3168.00,E,N,A,-,N,,,,,,,,,,N,3,0,1,1,A,-,08,22107,,N,E,I,A,A,H,-,A,D,0,,,,,Y,,D,22,0,1,0,0,0,0,0,0,0,"- ","- ",39.792739868164062,-122.31214904785156,GLENN,UNINCORPORATED,-122.31183624267578,39.792404174804688
91480184,2021,2021-05-27,9160,2021-05-12,2335,015118,,3,3,9,1100,0,1,1,,2,004,"I-5 S/B","CO. RD. 48",528.00,N,N,A,-,Y,,,5,,,,,,S,Y,3,0,1,1,A,-,01,23152,F,N,F,A,A,A,H,-,D,D,0,,,,,Y,,A,01,0,1,0,0,0,0,0,0,0,"- ","- ",39.540298461914062,-122.21482086181641,GLENN,UNINCORPORATED,-122.21493530273438,39.540298461914062
91482921,2021,2021-06-02,9160,2021-05-15,0230,020735,,6,3,9,1100,0,3,5,,2,001,"COUNTY RD B","COUNTY RD 48",60.00,N,N,B,-,N,,,,,,,,,,Y,3,0,1,1,A,-,03,22350,,M,E,I,A,A,B,-,D,D,0,,,,,Y,,A,07,0,1,0,0,0,0,0,0,0,"- ","- ",39.538799285888672,-122.28684997558594,GLENN,UNINCORPORATED,-122.28691101074219,39.538902282714844
91486962,2021,2021-06-01,9160,2021-05-19,1512,019718,,3,2,9,1100,0,1,3,,1,008,SR-32,"CAPAY AVENUE",0.00,,Y,A,-,Y,,,32,,,,,,,N,3,0,2,2,A,-,21,22106,,N,C,C,A,A,H,-,A,A,0,,,,,Y,,A,01,0,2,0,0,0,0,0,0,0,"- ","- ",39.744899749755859,-122.01796722412109,GLENN,UNINCORPORATED,-122.01796722412109,39.744880676269531
91487010,2021,2021-06-01,9160,2021-05-23,0030,014900,,7,3,9,1100,0,3,5,,2,007,"COUNTY ROAD 60","COUNTY ROAD P",9504.00,E,N,A,-,N,,,,,,,,,,Y,3,0,1,1,A,-,03,22350,,N,E,I,A,A,H,-,D,D,0,,,,,Y,,D,22,0,1,0,0,0,0,0,0,0,"- ","- ",39.464511871337891,-122.10240936279297,GLENN,UNINCORPORATED,-122.10312652587891,39.464427947998047
91494527,2021,2021-06-10,9160,2021-06-04,1640,019164,,5,2,9,1100,0,1,3,,1,010,SR-45,"COUNTY ROAD 44",1584.00,S,N,A,-,Y,,,45,,,,,,,N,3,0,1,2,A,-,05,21460,A,N,B,C,A,A,H,-,A,D,0,,,,,Y,,A,07,0,1,0,0,0,0,0,0,0,"- ","- ",39.552810668945312,-122.00335693359375,GLENN,UNINCORPORATED,-122.00315856933594,39.552753448486328
9149583,2020,2020-11-19,1101,2020-08-08,0809,504,ORLAN,6,5,2,1101,0,0,0,,0,CITY,"NEWVILLE RD","8TH ST",243.00,W,N,A,-,Y,GLE,3,32,-,R,0.360,H,-,W,N,2,0,1,2,A,-,08,22107,,N,D,G,A,A,H,-,A,D,0,,Y,,,Y,,L,04,1,0,0,0,0,0,1,0,0,"- ","- ",,,GLENN,ORLAND,-122.19989776611328,39.748435974121094
91496318,2021,2021-06-14,9160,2021-06-02,0555,016148,,3,3,9,1100,0,1,3,,1,010,SR-45,SR-162,528.00,S,N,A,-,Y,,,45,,,,,,,Y,3,0,1,1,A,-,01,23152,A,N,E,I,A,A,H,-,A,D,0,,,,,Y,Y,A,01,0,1,0,0,0,0,0,0,0,"- ","- ",39.455600738525391,-122.01737213134766,GLENN,UNINCORPORATED,-122.01731872558594,39.455600738525391
91496513,2021,2021-06-14,9160,2021-06-03,2025,019718,,4,2,9,1100,0,3,5,,2,001,"COUNTY ROAD 48","COUNTY ROAD B",3250.00,E,N,A,-,N,,,,,,,,,,Y,3,0,2,1,A,-,03,22350,,N,E,I,A,A,H,-,B,D,0,,,,,Y,,D,22,0,2,0,0,0,0,0,0,0,"- ","- ",39.538749694824219,-122.27532196044922,GLENN,UNINCORPORATED,-122.27541351318359,39.538761138916016
91496669,2021,2021-06-14,9160,2021-05-25,1230,014900,,2,1,9,1100,0,3,5,,2,001,"COUNTY ROAD 62","COUNTY ROAD F",0.00,,Y,A,-,N,,,,,,,,,,Y,2,0,1,1,C,-,18,,,N,E,I,A,A,H,-,A,A,0,,,,,Y,,-,"- ",1,0,0,0,0,0,0,0,0,"- ","- ",39.450931549072266,-122.23049926757812,GLENN,UNINCORPORATED,-122.23049163818359,39.4521484375
91498363,2021,2021-06-16,9160,2021-06-06,0815,016148,,7,1,9,1100,0,2,4,,2,016,"COUNTY ROAD 99W","COUNTY ROAD 7",0.00,,Y,A,-,Y,,,,,,,,,,Y,2,0,1,2,A,-,09,21801,A,N,A,C,A,A,H,-,A,D,0,,,,,Y,,A,01,1,0,0,0,0,0,0,0,0,"- ","- ",39.783668518066406,-122.19766235351562,GLENN,UNINCORPORATED,-122.19764709472656,39.783664703369141
91498804,2021,2021-06-16,9160,2021-06-07,2035,019043,,1,2,9,1100,0,1,1,,2,006,"INTERSTATE 5 S/B","CO RD 33",1584.00,N,N,A,-,Y,,,5,,,,,,S,Y,4,0,1,1,A,-,08,22107,,N,E,I,A,A,H,-,B,D,0,,,,,Y,,A,01,0,0,1,0,0,0,0,0,0,"- ","- ",39.628780364990234,-122.20465087890625,GLENN,UNINCORPORATED,-122.20462799072266,39.628776550292969
91499862,2021,2021-06-17,9160,2021-06-07,0633,014900,,1,1,9,1100,0,1,3,,1,008,SR-32,"COUNTY ROAD P",0.00,,Y,A,-,Y,,,32,,,,,,,Y,3,0,4,2,A,-,12,22450,A,N,D,C,A,A,H,-,A,A,0,,,,,Y,,A,01,0,4,0,0,0,0,0,0,0,"- ","- ",39.747039794921875,-122.14096832275391,GLENN,UNINCORPORATED,-122.14096832275391,39.746963500976562
9150027,2020,2020-11-19,1101,2020-01-02,1315,507,1101,4,5,2,1101,0,0,0,,0,PATROL,"6TH ST","WALKER ST",0.00,,Y,A,-,Y,GLE,3,32,-,-,0.000,I,5,W,N,3,0,1,2,A,-,10,21950,,N,G,B,B,A,H,-,A,A,0,Y,,,,Y,,A,07,0,1,0,0,1,0,0,0,0,"- ","- ",,,GLENN,ORLAND,-122.19752502441406,39.747440338134766
9150031,2020,2020-11-19,1101,2020-01-06,1517,511,ORLAN,1,5,2,1101,0,0,0,,0,,"WALKER ST","A ST",66.00,W,N,A,-,Y,GLE,3,32,-,-,0.450,H,-,E,N,4,0,4,3,A,-,04,21703,,N,C,C,A,A,H,-,A,D,0,,,,,Y,,A,01,0,0,4,0,0,0,0,0,0,"- ","- ",,,GLENN,ORLAND,-122.18907928466797,39.747333526611328
91506067,2021,2021-06-24,9160,2021-06-22,0515,020558,,2,3,9,1100,0,1,1,,2,004,"INTERSTATE 5 SOUTH","COUNTY RD 48",4752.00,N,N,A,-,Y,,,5,,,,,,,Y,3,0,1,1,A,-,08,22107,,N,E,I,A,A,H,-,B,D,0,,,,Y,Y,,G,25,0,1,0,0,0,0,0,0,0,"- ","- ",39.552440643310547,-122.21499633789062,GLENN,UNINCORPORATED,-122.21495819091797,39.552440643310547
91509231,2020,2021-06-29,9160,2020-11-01,1844,018750,,7,2,2,1102,0,1,1,,2,004,"INTERSTATE 5 NORTHBOUND","STATE ROUTE 162",2640.00,S,N,A,-,Y,,,5,,,,,,N,Y,1,1,0,1,A,-,01,23152,F,N,F,A,A,A,H,-,D,D,0,,,,,Y,,A,07,0,0,0,0,0,0,0,0,0,"- ","- ",39.517589569091797,-122.21312713623047,GLENN,WILLOWS,-122.21324157714844,39.517528533935547
91510882,2021,2021-07-01,9160,2021-06-27,1350,020218,,7,1,9,1100,0,3,5,,2,005,"COUNTY ROAD M","COUNTY ROAD 30",0.00,,Y,A,-,N,,,,,,,,,,Y,4,0,1,2,A,-,09,21802,A,N,D,C,A,A,H,-,A,A,0,,,,,Y,,A,01,0,0,1,0,0,0,0,0,0,"- ","- ",39.65325927734375,-122.17852783203125,GLENN,UNINCORPORATED,-122.178466796875,39.653171539306641
9151090,2020,2020-09-21,1101,2020-05-12,1358,502,ORLAN,2,5,2,1101,0,0,0,,0,CITY,"SOUTH ST","GLEN ORO DR",336.00,W,N,B,-,N,,,,,,,,,,Y,2,0,4,2,A,-,08,22103,,N,D,C,A,A,H,-,A,D,0,,,,,Y,,A,07,1,3,0,0,0,0,0,0,0,"- ","- ",,,GLENN,ORLAND,-122.19007873535156,39.740127563476562
91513790,2021,2021-07-06,9160,2021-06-25,0821,017577,,5,1,9,1100,0,1,1,,2,006,"INTERSTATE 5 N/B","NORTH OF COUNTY ROAD 24",130.00,N,N,A,-,Y,,,,,,,,,,Y,4,0,1,1,A,-,08,22107,,N,E,I,A,A,H,-,A,D,0,,,,,Y,,A,01,0,0,1,0,0,0,0,0,0,"- ","- ",39.712371826171875,-122.2069091796875,GLENN,UNINCORPORATED,-122.20563507080078,39.704505920410156
91513826,2021,2021-07-06,9160,2021-06-25,2150,020810,,5,2,9,1100,0,2,4,,2,016,"COUNTY ROAD 99W","COUNTY ROAD 25",0.00,,Y,A,-,N,,,,,,,,,,Y,4,0,1,2,A,-,01,23152,A,N,D,C,A,A,H,-,D,D,0,,,,,Y,Y,E,22,0,0,1,0,0,0,0,0,0,"- ","- ",39.696861267089844,-122.1964111328125,GLENN,UNINCORPORATED,-122.19644165039062,39.696910858154297
91515805,2021,2021-07-08,9160,2021-06-29,0850,016148,,2,1,9,1100,0,1,1,,2,002,"I-5 S/B","COUNTY ROAD 48",1584.00,S,N,A,-,Y,,,5,,,,,,S,Y,2,0,1,1,A,-,08,22107,,N,F,A,A,A,H,-,A,D,0,,,,,Y,,D,22,1,0,0,0,0,0,0,0,0,"- ","- ",39.533439636230469,-122.21475219726562,GLENN,UNINCORPORATED,-122.21492004394531,39.533439636230469
91518496,2021,2021-07-12,9160,2021-06-30,1225,016148,,3,1,9,1100,0,1,1,,2,006,"I-5 S/B",SR-32,3696.00,N,N,A,-,Y,,,5,,,,,,S,Y,2,0,7,2,A,-,07,21658,A,N,B,C,A,A,H,-,A,D,0,,,,,Y,,A,01,1,0,6,0,0,0,0,0,0,"- ","- ",39.758411407470703,-122.20539855957031,GLENN,UNINCORPORATED,-122.20552062988281,39.758411407470703
91521509,2021,2021-07-15,9160,2021-07-06,1013,018737,,2,1,9,1100,0,1,1,,2,004,"I-5 S/B","COUNTY ROAD 57",3696.00,N,N,A,-,Y,,,5,,,,,,S,Y,2,0,1,1,A,-,08,22107,,N,E,I,A,A,H,-,A,D,0,,,,,Y,,D,22,1,0,0,0,0,0,0,0,0,"- ","- ",39.503189086914062,-122.20182037353516,GLENN,UNINCORPORATED,-122.20182800292969,39.503185272216797
91521523,2021,2021-07-15,9160,2021-07-06,2200,015118,,2,3,9,1100,0,1,1,,2,004,"I-5 SOUTHBOUND TO SR-162",SR-162,528.00,N,N,A,-,Y,,,5,,,,R,,S,Y,4,0,1,1,A,-,08,22107,,N,F,A,A,A,H,-,D,D,0,,,,,Y,,D,22,0,0,1,0,0,0,0,0,0,"- ","- ",39.525711059570312,-122.21518707275391,GLENN,UNINCORPORATED,-122.21518707275391,39.525711059570312
91523366,2021,2021-07-19,9160,2021-07-09,0220,020810,,5,3,9,1100,0,3,5,,2,007,"COUNTY RD Z","STATE ROUTE 162",570.00,S,N,A,-,N,,,,,,,,,,Y,2,0,2,2,A,-,08,22107,,N,A,C,A,A,H,-,D,D,0,,,,,Y,,D,22,2,0,0,0,0,0,0,0,0,"- ","- ",39.462810516357422,-122.93006896972656,GLENN,UNINCORPORATED,-121.93016052246094,39.462577819824219
91526926,2021,2021-07-22,9160,2021-07-11,0105,020810,,7,3,9,1100,0,1,3,,1,008,"STATE ROUTE 32","COUNTY ROAD RR",5.00,E,N,A,-,N,,,32,,,,,,,Y,4,0,1,2,A,-,01,23152,A,N,C,C,A,A,H,-,D,D,0,,,,,Y,Y,A,01,0,0,1,0,0,0,0,0,0,"- ","- ",39.746650695800781,-122.11363983154297,GLENN,UNINCORPORATED,-122.11363983154297,39.746692657470703
91527555,2021,2021-07-23,9160,2021-07-15,0821,017577,,4,1,9,1100,0,3,5,,2,005,"COUNTY ROAD M S/B","COUNTY ROAD 33",0.00,,Y,A,-,N,,,,,,,,,,Y,4,0,1,2,A,-,09,21802,A,N,C,C,A,A,H,-,A,A,0,,,,,Y,,A,01,0,0,1,0,0,0,0,0,0,"- ","- ",39.624141693115234,-122.17890930175781,GLENN,UNINCORPORATED,-122.25356292724609,39.624767303466797
91527562,2021,2021-07-23,9160,2021-07-14,0545,017577,,3,3,9,1100,0,1,1,,2,006,"INTERSTATE 5 S/B","COUNTY ROAD 20",1056.00,S,N,A,-,Y,,,5,,,,,,S,Y,4,0,1,2,A,-,08,22107,,N,B,C,A,A,H,-,A,D,0,,,,Y,Y,,A,01,0,0,1,0,0,0,0,0,0,"- ","- ",39.724208831787109,-122.20600128173828,GLENN,UNINCORPORATED,-122.20608520507812,39.724212646484375
91528303,2021,2021-07-26,9160,2021-07-14,1855,020218,,3,2,9,1100,0,1,3,,2,014,"STATE ROUTE 162","THUNDERHILL RACEWAY ENTRANCE",3168.00,W,N,A,-,Y,,,162,,,,,,,N,3,0,1,1,A,-,08,22107,,N,E,I,A,A,H,-,A,D,0,,,,,Y,,D,22,0,1,0,0,0,0,0,0,0,"- ","- ",39.535289764404297,-122.34310150146484,GLENN,UNINCORPORATED,-122.34303283691406,39.535327911376953
91528309,2021,2021-07-26,9160,2021-07-15,1140,018128,,4,1,9,1100,0,1,3,,2,014,SR-162,"COUNTY ROAD 302",5280.00,E,N,A,-,Y,,,162,,,,,,,Y,3,0,1,1,A,-,08,22107,,N,E,I,A,A,H,-,A,D,0,,,,,Y,,A,01,0,1,0,0,0,0,0,0,0,"- ","- ",39.541019439697266,-122.34538269042969,GLENN,UNINCORPORATED,-122.34544372558594,39.540973663330078
91528314,2021,2021-07-26,9160,2021-07-15,2305,020558,,4,3,9,1100,0,1,1,,2,006,"INTERSTATE 5 S/B","COUNTY ROAD 27 OVER-CROSSING",2112.00,N,N,A,-,Y,,,5,,,,,,S,Y,4,0,1,2,A,-,03,22350,,N,C,C,A,A,H,-,D,D,0,,,,Y,Y,,G,25,0,0,1,0,0,0,0,0,0,"- ","- ",39.688499450683594,-122.20497894287109,GLENN,UNINCORPORATED,-122.20500946044922,39.688499450683594
91528319,2021,2021-07-26,9160,2021-07-17,1230,019718,,6,1,9,1100,0,3,5,,2,003,"COUNTY ROAD 17","COUNTY ROAD H",5000.00,W,N,A,-,N,,,,,,,,,,Y,4,0,1,1,A,-,08,22107,,N,E,I,A,A,H,-,A,D,0,,,,,Y,,A,01,0,0,1,0,0,0,0,0,0,"- ","- ",39.736919403076172,-122.234130859375,GLENN,UNINCORPORATED,-122.23350524902344,39.736968994140625
91532168,2021,2021-07-29,9160,2021-07-17,1715,019164,,6,2,9,1100,0,1,3,,2,012,SR-162,"COUNTY ROAD S",528.00,E,N,A,-,Y,,,162,,,,,,,N,4,0,1,1,A,-,08,22107,,N,E,I,A,A,H,-,A,D,0,,,,,Y,,A,01,0,0,1,0,0,0,0,0,0,"- ","- ",39.521678924560547,-122.10040283203125,GLENN,UNINCORPORATED,-122.10040283203125,39.521774291992188
91540577,2021,2021-08-09,9160,2021-07-31,2040,019164,,6,2,9,1100,0,1,3,,1,010,SR-45,"COUNTY ROAD 24",342.00,N,N,A,-,Y,,,45,,,,,,,N,2,0,1,1,C,-,18,,,N,E,H,A,A,H,-,D,D,0,,,Y,,Y,,-,"- ",1,0,0,0,0,0,0,0,1,"- ","- ",39.708789825439453,-122.00369262695312,GLENN,UNINCORPORATED,-122.00382995605469,39.708747863769531
91542546,2021,2021-08-11,9160,2021-07-30,1235,018128,,5,1,9,1100,0,3,5,,2,005,"COUNTY ROAD 25","COUNTY ROAD S",1450.00,E,N,A,-,N,,,,,,,,,,Y,2,0,1,1,A,-,01,23152,A,N,E,I,A,A,H,-,A,D,0,,,,,Y,Y,A,07,1,0,0,0,0,0,0,0,0,"- ","- ",39.69586181640625,-122.09795379638672,GLENN,UNINCORPORATED,-122.09799957275391,39.695934295654297
91548839,2021,2021-08-19,9160,2021-08-09,1245,019718,,1,1,9,1100,0,1,3,,1,010,SR-45,"COUNTY ROAD 26",1300.00,S,N,A,-,Y,,,45,,,,,,,Y,3,0,1,1,A,-,08,22107,,N,F,A,A,A,H,-,A,D,0,,,,,Y,,A,01,0,1,0,0,0,0,0,0,0,"- ","- ",39.680320739746094,-122.00543975830078,GLENN,UNINCORPORATED,-122.00526428222656,39.680305480957031
91550539,2021,2021-08-20,9160,2021-08-14,2125,020735,,6,2,9,1100,0,3,5,,2,007,"COUNTY ROAD 39","COUNTY ROAD 99W",0.00,,Y,A,-,N,,,,,,,,,,Y,4,0,1,1,A,-,03,22350,,N,E,I,A,A,H,-,C,D,0,,,,,Y,,A,01,0,0,1,0,0,0,0,0,0,"- ","- ",39.582160949707031,-122.193603515625,GLENN,UNINCORPORATED,-122.19439697265625,39.583530426025391
91550765,2021,2021-08-23,9160,2021-08-11,1457,019164,,3,2,9,1100,0,1,3,,1,010,SR-45,"COUNTY ROAD 59",1056.00,N,N,A,-,Y,,,45,,,,,,,Y,2,0,1,1,A,-,08,22107,,N,F,A,A,A,H,-,A,D,0,,,,,Y,,D,22,1,0,0,0,0,0,0,0,0,"- ","- ",39.483669281005859,-122.01972961425781,GLENN,UNINCORPORATED,-122.01983642578125,39.483654022216797
91550849,2021,2021-08-23,9160,2021-08-13,0549,017577,,5,3,9,1100,0,1,1,,2,004,"INTERSTATE 5","BOYD OVERFLOW BRIDGE",64.00,S,N,A,-,Y,,,5,,,,,,,Y,4,0,1,1,A,-,08,22107,,N,E,I,A,A,H,-,D,D,0,,,,,Y,,A,07,0,0,1,0,0,0,0,0,0,"- ","- ",39.555801391601562,-122.21430206298828,GLENN,UNINCORPORATED,-122.21444702148438,39.555824279785156
91550852,2021,2021-08-23,9160,2021-08-13,2145,020558,,5,2,9,1100,0,3,5,,2,003,"COUNTY ROAD 200","COUNTY ROAD H",0.00,,Y,A,-,N,,,,,,,,,,Y,4,0,1,1,A,-,01,23152,A,N,E,I,A,A,H,-,D,D,0,,,,,Y,Y,A,01,0,0,1,0,0,0,0,0,0,"- ","- ",39.754718780517578,-122.21566009521484,GLENN,UNINCORPORATED,-122.21566009521484,39.754772186279297
91550857,2021,2021-08-23,9160,2021-08-18,2057,020218,,3,2,9,1100,0,3,5,,2,005,"COUNTY ROAD 25","COUNTY ROAD 99W",1584.00,E,N,A,-,N,,,,,,,,,,Y,3,0,1,1,A,-,08,22107,,N,E,I,A,A,H,-,D,D,0,,,,,Y,,A,07,0,1,0,0,0,0,0,0,0,"- ","- ",39.696769714355469,-122.19143676757812,GLENN,UNINCORPORATED,-122.19081115722656,39.696823120117188
91555074,2021,2021-08-26,9160,2021-08-17,2244,020558,,2,3,9,1100,0,1,1,,2,004,"INTERSTATE 5 SOUTH","COUNTY ROAD 48",6336.00,N,N,A,-,Y,,,5,,,,,,,Y,3,0,2,2,A,-,03,22350,,N,C,2,A,A,H,-,D,D,0,,,,,Y,,A,01,0,2,0,0,0,0,0,0,0,"- ","- ",39.556110382080078,-122.21465301513672,GLENN,UNINCORPORATED,-122.21469879150391,39.556118011474609
91555424,2021,2021-08-26,9160,2021-08-18,1510,016148,,3,2,9,1100,0,3,5,,2,007,"COUNTY ROAD 33","COUNTY ROAD M",0.00,,Y,A,-,N,,,,,,,,,,Y,4,0,1,2,A,-,09,21804,A,N,D,C,A,A,A,-,A,A,0,,,,,Y,,A,07,0,0,1,0,0,0,0,0,0,"- ","- ",39.624050140380859,-122.17875671386719,GLENN,UNINCORPORATED,-122.17877197265625,39.624038696289062
91557413,2021,2021-08-27,9160,2021-02-28,1536,020558,,7,2,9,1100,0,3,5,,2,001,"COUNTY ROAD 306","BLACK DIAMOND ROAD",2112.00,N,N,A,-,N,,,,,,,,,,Y,1,1,0,1,A,-,01,23152,A,N,E,I,A,A,H,-,A,D,0,,,Y,,Y,Y,C,02,0,0,0,0,0,0,0,1,0,"- ","- ",39.411331176757812,-122.54511260986328,GLENN,UNINCORPORATED,-122.54510498046875,39.411426544189453
91560737,2021,2021-09-01,9160,2021-08-25,1550,020735,,3,2,9,1100,0,3,5,,2,005,"CUTLER AVE","4TH AVE",700.00,E,N,A,-,N,,,,,,,,,,Y,3,0,1,1,A,-,08,22107,,N,E,I,A,A,H,-,A,D,0,,,,,Y,,A,01,0,1,0,0,0,0,0,0,0,"- ","- ",39.789649963378906,-122.08287048339844,GLENN,UNINCORPORATED,-122.08277893066406,39.789703369140625
91564751,2021,2021-09-07,9160,2021-08-25,1540,016148,,3,2,2,1101,0,1,1,,2,006,"I-5 N/B TO SR-32",SR-32,369.00,S,N,A,-,Y,,,5,,,,R,,N,Y,3,0,1,1,C,-,18,,,N,F,A,A,A,H,-,A,D,0,,,,,Y,,-,"- ",0,1,0,0,0,0,0,0,0,"- ","- ",39.749691009521484,-122.2039794921875,GLENN,ORLAND,-122.2039794921875,39.749691009521484
91566471,2021,2021-09-09,9160,2021-09-04,1828,019164,,6,2,9,1100,0,3,5,,2,005,"COUNTY ROAD 24","COUNTY ROAD P",2112.00,E,N,A,-,N,,,,,,,,,,Y,3,0,1,1,A,-,08,22107,,N,E,I,A,A,H,-,A,D,0,,,,,Y,,D,22,0,1,0,0,0,0,0,0,0,"- ","- ",39.710651397705078,-122.13303375244141,GLENN,UNINCORPORATED,-122.13346099853516,39.710620880126953
91566865,2021,2021-09-09,9160,2021-08-29,0700,016148,,7,1,9,1100,0,3,5,,2,005,"COUNTY ROAD P","COUNTY ROAD 12",1056.00,N,N,A,-,N,,,,,,,,,,Y,3,0,2,1,A,-,01,23152,A,N,E,I,A,A,H,-,A,D,0,,,,,Y,Y,A,01,0,2,0,0,0,0,0,0,0,"- ","- ",39.758399963378906,-122.140869140625,GLENN,UNINCORPORATED,-122.14095306396484,39.757011413574219
91567725,2021,2021-09-13,9160,2021-09-02,2120,020810,,4,2,9,1100,0,1,3,,2,014,"STATE ROUTE 162","COUNTY ROAD BB",1200.00,E,N,A,-,Y,,,162,,,,,,,Y,2,0,1,1,A,-,01,23152,A,N,E,I,A,A,H,-,D,D,0,,,,,Y,Y,D,22,1,0,0,0,0,0,0,0,0,"- ","- ",39.524009704589844,-122.27294158935547,GLENN,UNINCORPORATED,-122.27294158935547,39.524070739746094
91570260,2021,2021-09-14,9160,2021-09-05,2200,015118,,7,3,9,1100,0,3,5,,2,005,"CO. RD. 7","CO. RD. 99W",0.00,,Y,A,-,N,,,,,,,,,,Y,3,0,1,1,A,-,01,23152,A,N,E,I,A,A,H,-,C,A,0,,,,,Y,Y,A,07,0,1,0,0,0,0,0,0,0,"- ","- ",39.783660888671875,-122.19766235351562,GLENN,UNINCORPORATED,-122.19764709472656,39.783664703369141
91573508,2021,2021-09-17,9160,2021-08-30,1518,018750,,1,2,9,1100,0,1,3,,1,008,"SR-32 E/B","LOS ROBLES",150.00,W,N,A,-,Y,,,,,,,,,,N,4,0,1,2,A,-,03,22350,,N,C,C,A,A,H,-,A,D,0,,,,,Y,,A,01,0,0,1,0,0,0,0,0,0,"- ","- ",,,GLENN,UNINCORPORATED,-122.0172119140625,39.74505615234375
91596647,2021,2021-10-14,9160,2021-10-07,1900,017319,,4,2,9,1100,0,3,5,,2,001,"CO RD 7","CO RD DD",267.00,W,N,A,-,N,,,,,,,,,,Y,2,0,1,1,A,-,01,23152,A,N,E,I,A,A,H,-,D,D,0,,,,,Y,Y,A,01,1,0,0,0,0,0,0,0,0,"- ","- ",39.784141540527344,-122.24858856201172,GLENN,UNINCORPORATED,-122.24855041503906,39.784133911132812
91596923,2021,2021-10-14,9160,2021-10-02,0940,018128,,6,1,9,1100,0,1,1,,2,006,"I-5 N/B","STATE HIGHWAY 32",1584.00,N,N,A,-,Y,,,5,,,,,,N,Y,3,0,1,1,A,-,08,22107,,N,E,8,A,A,H,-,A,D,0,,,,,Y,,D,22,0,1,0,0,0,0,0,0,0,"- ","- ",39.75537109375,-122.20506286621094,GLENN,UNINCORPORATED,-122.20529937744141,39.755374908447266
91598094,2021,2021-10-15,9160,2021-10-05,0500,020810,,2,3,9,1100,0,3,5,,2,007,"COUNTY ROAD 45","COUNTY ROAD N",2112.00,E,N,A,-,N,,,,,,,,,,N,3,0,1,1,A,-,08,22107,,N,E,I,A,A,H,-,D,D,0,,,,,Y,,A,07,0,1,0,0,0,0,0,0,0,"- ","- ",39.553409576416016,-122.14766693115234,GLENN,UNINCORPORATED,-122.14827728271484,39.553340911865234
91598685,2021,2021-10-18,9160,2021-09-25,1153,019718,,6,1,9,1100,0,1,1,,2,006,"INTERSTATE 5","COUNTY ROAD 48",6283.00,N,N,A,-,Y,,,5,,,,,,,Y,2,0,1,2,A,-,07,21658,A,N,C,C,A,A,H,-,A,D,0,,,,Y,Y,,A,01,1,0,0,0,0,0,0,0,0,"- ","- ",39.556049346923828,-122.21443939208984,GLENN,UNINCORPORATED,-122.21440887451172,39.556045532226562
91601960,2021,2021-10-20,9160,2021-10-12,1940,017319,,2,2,9,1100,0,3,5,,2,007,"CO RD Z","CO RD 70",0.00,,Y,A,-,N,,,,,,,,,,Y,2,0,2,1,A,-,01,23152,A,N,E,I,A,A,H,-,D,D,0,,,,,Y,Y,D,22,2,0,0,0,0,0,0,0,0,"- ","- ",39.391391754150391,-121.92933654785156,GLENN,UNINCORPORATED,-121.92943572998047,39.391082763671875
91601975,2021,2021-10-21,9160,2021-10-15,1515,020558,,5,2,9,1100,0,1,1,,2,006,"INTERSTATE 5 SOUTHBOUND","COUNTY ROAD 33",4224.00,N,N,A,-,Y,,,5,,,,,,S,Y,2,0,1,1,A,-,08,22107,,N,E,I,A,A,H,-,A,D,0,,,,,Y,,A,01,1,0,0,0,0,0,0,0,0,"- ","- ",39.635738372802734,-122.20432281494141,GLENN,UNINCORPORATED,-122.20436859130859,39.635738372802734
91603024,2021,2021-10-21,9160,2021-10-19,0937,016148,,2,1,9,1100,0,1,3,,1,008,SR-162,"COUNTY ROAD P",0.00,,Y,A,-,Y,,,162,,,,,,,Y,4,0,1,2,A,-,03,22350,,N,C,C,A,A,H,-,A,A,0,,,,,Y,,M,44,0,0,1,0,0,0,0,0,0,"- ","- ",39.524120330810547,-122.13657379150391,GLENN,UNINCORPORATED,-122.13657379150391,39.524105072021484
91605924,2021,2021-10-25,9160,2021-10-13,1950,019043,,3,2,9,1100,0,3,5,,2,003,"COUNTY ROAD H","COUNTY ROAD 20",0.00,,Y,A,-,N,,,,,,,,,,Y,4,0,1,1,A,-,01,23152,A,N,E,I,A,A,H,-,D,A,0,,,,,Y,Y,A,01,0,0,1,0,0,0,0,0,0,"- ","- ",39.725921630859375,-122.21578216552734,GLENN,UNINCORPORATED,-122.21581268310547,39.725910186767578
91612757,2021,2021-11-01,9160,2021-10-20,0713,017577,,3,1,9,1100,0,2,4,,2,016,"COUNTY ROAD 39","COUNTY ROAD V",0.00,,Y,B,-,N,,,,,,,,,,Y,4,0,2,2,A,-,12,22450,A,N,D,C,A,B,H,-,B,A,0,,,,,Y,,D,22,0,0,2,0,0,0,0,0,0,"- ","- ",39.582691192626953,-122.06513214111328,GLENN,UNINCORPORATED,-122.06512451171875,39.582664489746094
91613506,2021,2021-11-02,9160,2021-10-21,0210,015118,,4,3,9,1100,0,1,1,,2,006,"I-5 (S/B)","CO. RD. 3",240.00,S,N,B,C,Y,,,5,,,,,,,Y,2,0,1,1,A,-,08,22107,,N,F,A,A,B,H,-,D,D,0,,,,,Y,,A,07,1,0,0,0,0,0,0,0,0,"- ","- ",39.793758392333984,-122.20224761962891,GLENN,UNINCORPORATED,-122.20229339599609,39.793773651123047
91622033,2021,2021-11-10,9160,2021-11-02,0030,019718,,2,3,9,1100,0,3,5,,2,007,"COUNTY ROAD 39","COUNTY ROAD S",1515.00,E,N,B,-,N,,,,,,,,,,Y,2,0,1,1,A,-,08,22107,,N,E,I,A,A,H,-,D,D,0,,,,,Y,,D,22,1,0,0,0,0,0,0,0,0,"- ","- ",39.581680297851562,-122.10202789306641,GLENN,UNINCORPORATED,-122.10210418701172,39.582061767578125
91623516,2021,2021-11-12,9160,2021-09-14,1700,018750,,2,2,9,1100,0,1,1,,2,002,"I-5 S/B","COUNTY ROAD 57",500.00,S,N,A,-,Y,,,5,,,,,,S,Y,2,0,2,1,A,-,08,22107,,N,F,0,A,A,H,-,A,D,0,,,,,Y,,D,22,1,0,1,0,0,0,0,0,0,"- ","- ",39.493980407714844,-122.19689178466797,GLENN,UNINCORPORATED,-122.19674682617188,39.494037628173828
91625220,2021,2021-12-14,9160,2021-11-04,1420,020558,,4,2,9,1100,0,2,4,,2,016,"COUNTY ROAD 99W","GARDEN STREET",430.00,S,N,A,-,N,,,,,,,,,,N,4,0,1,2,A,-,03,22350,,N,C,C,A,A,H,-,A,D,0,,,,,Y,,A,07,0,0,1,0,0,0,0,0,0,"- ","- ",39.527870178222656,-122.19361114501953,GLENN,UNINCORPORATED,-122.193613,39.527849000000003
91626499,2021,2021-11-16,9160,2021-11-15,1645,018750,,1,2,9,1100,0,3,5,,2,003,"COUNTY ROAD E","COUNTY ROAD 200",2640.00,N,N,B,-,N,,,,,,,,,,Y,2,0,1,1,A,-,08,22107,,N,E,I,A,A,H,-,D,D,0,,,,,Y,,A,01,1,0,0,0,0,0,0,0,0,"- ","- ",39.770671844482422,-122.23867797851562,GLENN,UNINCORPORATED,-122.23866271972656,39.7708740234375
91627438,2021,2021-11-17,9160,2021-10-22,0110,020735,,5,3,9,1100,0,1,1,,2,004,"I-5 N/B","WILSON CREEK BRIDGE",49.00,N,N,B,C,Y,,,5,,,,,,N,Y,3,0,1,2,A,-,01,23152,A,N,C,2,A,B,H,-,D,D,0,,,,,Y,Y,A,01,0,1,0,0,0,0,0,0,0,"- ","- ",39.563739776611328,-122.21315765380859,GLENN,UNINCORPORATED,-122.21320343017578,39.563747406005859
91633187,2021,2021-11-23,9160,2021-11-09,0855,019718,,2,1,9,1100,0,3,5,,2,007,"COUNTY ROAD 39","COUNTY ROAD P",6547.00,W,N,B,-,N,,,,,,,,,,N,3,0,1,2,A,-,09,21804,A,N,D,C,A,B,H,-,A,D,0,,,,Y,Y,,F,24,0,1,0,0,0,0,0,0,0,"- ","- ",39.582271575927734,-122.16046905517578,GLENN,UNINCORPORATED,-122.16034698486328,39.582283020019531
91633463,2021,2021-11-23,9160,2021-10-15,1527,020558,,5,2,9,1100,0,1,1,,2,006,"INTERSTATE 5 SOUTH","COUNTY ROAD 33",4752.00,N,N,A,-,Y,,,5,,,,,,,Y,3,0,2,2,A,-,03,22350,,N,C,C,A,A,H,-,A,D,0,,,,,Y,,A,01,0,2,0,0,0,0,0,0,0,"- ","- ",39.636558532714844,-122.20435333251953,GLENN,UNINCORPORATED,-122.20436859130859,39.636558532714844
91637512,2021,2021-11-29,9160,2021-11-15,0820,018128,,1,1,9,1100,0,3,5,,2,005,"COUNTY ROAD 6","COUNTY ROAD N",25.00,E,N,E,-,N,,,,,,,,,,Y,4,0,1,2,A,-,08,22107,,N,D,C,A,B,H,-,A,D,0,,,,,Y,,A,01,0,0,1,0,0,0,0,0,0,"- ","- ",39.786991119384766,-122.15956878662109,GLENN,UNINCORPORATED,-122.15962982177734,39.786968231201172
91638698,2021,2021-11-30,9160,2021-11-19,1940,020558,,5,2,9,1100,0,3,5,,2,005,"COUNTY ROAD 9","COUNTY ROAD S",2112.00,E,N,A,-,N,,,,,,,,,,Y,2,0,1,1,A,-,01,23152,A,N,E,I,A,A,H,-,D,D,0,,,,,Y,Y,A,01,1,0,0,0,0,0,0,0,0,"- ","- ",39.766971588134766,-122.09709930419922,GLENN,UNINCORPORATED,-122.09686279296875,39.766921997070312
91639808,2021,2021-12-01,9160,2021-11-18,2145,017873,,4,2,9,1100,0,3,5,,2,005,"COUNTY ROAD 24","COUNTY ROAD U",150.00,E,N,B,-,N,,,,,,,,,,Y,2,0,1,1,A,-,01,23152,A,N,F,A,A,A,H,-,D,D,0,,,,,Y,Y,D,22,1,0,0,0,0,0,0,0,0,"- ","- ",39.710018157958984,-122.0784912109375,GLENN,UNINCORPORATED,-122.07823944091797,39.7100830078125
91639957,2021,2021-12-01,9160,2021-11-19,2111,015855,,5,2,9,1100,0,1,1,,2,006,"INTERSTATE 5 N/B","COUNTY ROAD 24",2640.00,N,N,A,-,Y,,,5,,,,,,N,N,3,0,1,1,A,-,08,22107,,N,E,I,A,A,H,-,D,D,0,,,,,Y,,D,22,0,1,0,0,0,0,0,0,0,"- ","- ",39.715938568115234,-122.20581817626953,GLENN,UNINCORPORATED,-122.20591735839844,39.7159423828125
91639967,2021,2021-12-01,9160,2021-11-19,1045,018737,,5,1,9,1100,0,3,5,,2,005,"5TH AVE","CUTLER AVE.",0.00,,Y,B,-,N,,,,,,,,,,Y,3,0,2,2,A,-,09,21802,A,N,D,C,A,A,H,-,A,A,0,,,,,Y,,A,01,0,2,0,0,0,0,0,0,0,"- ","- ",39.789840698242188,-122.10401916503906,GLENN,UNINCORPORATED,-122.10409545898438,39.789737701416016
91640107,2021,2021-12-01,9160,2021-09-12,0838,016148,,7,1,9,1100,0,1,1,,2,002,"I-5 N/B","COUNTY ROAD 68",1056.00,S,N,A,-,Y,,,5,,,,,,N,Y,3,0,2,1,A,-,08,22107,,N,F,A,A,A,H,-,A,D,0,,,,Y,Y,,G,25,0,1,1,0,0,0,0,0,0,"- ","- ",39.397441864013672,-122.19387817382812,GLENN,UNINCORPORATED,-122.19364929199219,39.397495269775391
91642460,2021,2021-12-03,9160,2021-11-26,1334,017577,,5,1,9,1100,0,3,5,,2,005,"COUNTY ROAD 30","COUNTY ROAD M",1056.00,E,N,A,-,N,,,,,,,,,,Y,2,0,1,1,A,-,01,23152,A,N,E,I,A,A,H,-,A,D,0,,,,,Y,Y,A,01,1,0,0,0,0,0,0,0,0,"- ","- ",39.653129577636719,-122.17465972900391,GLENN,UNINCORPORATED,-122.17472076416016,39.653129577636719
91644967,2021,2021-12-07,9160,2021-12-02,1224,017577,,4,1,9,1100,0,1,3,,2,014,"STATE HIGHWAY 162","COUNTY ROAD 302",3696.00,E,N,A,-,Y,,,162,,,,,,,Y,3,0,1,1,A,-,08,22107,,N,E,I,A,A,H,-,A,D,0,,,,,Y,,D,22,0,1,0,0,0,0,0,0,0,"- ","- ",39.544841766357422,-122.34877777099609,GLENN,UNINCORPORATED,-122.34877777099609,39.544841766357422
91648951,2021,2021-12-10,9160,2021-09-19,1140,016148,,7,1,9,1100,0,3,5,,2,007,"COUNTY ROAD R","COUNTY ROAD 41",1584.00,S,N,A,-,N,,,,,,,,,,N,2,0,2,1,A,-,08,22107,,N,F,A,A,A,H,-,A,D,0,,,Y,,Y,,C,06,1,0,1,0,0,0,0,0,2,"- ","- ",39.570720672607422,-122.11714172363281,GLENN,UNINCORPORATED,-122.11700439453125,39.570518493652344
91650235,2021,2021-12-13,9160,2021-12-03,2300,020810,,5,3,9,1100,0,3,5,,2,003,"COUNTY ROAD 20","COUNTY ROAD HH",1000.00,E,N,E,-,N,,,,,,,,,,Y,4,0,1,1,A,-,08,22107,,N,E,I,A,A,H,-,D,D,0,,,,,Y,,A,01,0,0,1,0,0,0,0,0,0,"- ","- ",39.725910186767578,-122.20744323730469,GLENN,UNINCORPORATED,-122.20758056640625,39.725830078125
91654634,2021,2021-12-16,9160,2021-12-06,1019,016148,,1,1,9,1100,0,3,5,,2,005,"COUNTY ROAD 19","COUNTY ROAD 200",312.00,W,N,B,E,N,,,,,,,,,,Y,4,0,1,1,A,-,08,22107,,N,E,I,A,B,H,-,A,D,0,,,,,Y,,A,01,0,0,1,0,0,0,0,0,0,"- ","- ",39.728809356689453,-122.15180969238281,GLENN,UNINCORPORATED,-122.15135192871094,39.728870391845703
91676832,2022,2022-01-12,9160,2022-01-04,1845,018750,,2,2,9,1100,0,2,4,,2,016,"COUNTY ROAD 99W","COUNTY ROAD J",0.00,,Y,B,-,N,,,,,,,,,,Y,3,0,2,2,A,-,09,21801,A,N,A,C,A,A,H,-,D,D,0,,,,,Y,,A,01,0,2,0,0,0,0,0,0,0,"- ","- ",39.5855712890625,-122.194580078125,GLENN,UNINCORPORATED,-122.23873901367188,39.763629913330078
91682904,2022,2022-01-21,9160,2022-01-19,0713,018737,,3,1,9,1100,0,2,4,,2,016,"COUNTY ROAD 99W","COUNTY ROAD 25",2112.00,N,N,A,-,N,,,,,,,,,,Y,3,0,1,1,A,-,08,22107,,N,E,I,A,A,H,-,B,D,0,,,,,Y,,A,01,0,1,0,0,0,0,0,0,0,"- ","- ",39.702911376953125,-122.19667053222656,GLENN,UNINCORPORATED,-122.19670104980469,39.702705383300781
91684146,2022,2022-01-24,9160,2022-01-13,1730,018750,,4,2,9,1100,0,1,3,,1,008,SR-32,"LOS ROBLES AVE.",50.00,W,N,A,-,Y,GLE,,32,,,9.753,H,,R,N,3,0,1,2,A,-,03,22350,,N,C,C,A,A,H,-,B,D,0,,,,,Y,,D,22,0,1,0,0,0,0,0,0,0,"- ","- ",39.745140075683594,-122.01701354980469,GLENN,UNINCORPORATED,-122.01699829101562,39.7451171875
91686680,2022,2022-01-27,9160,2022-01-24,0955,018128,,1,1,9,1100,0,1,3,,1,010,SR-45,"COUNTY ROAD 64",750.00,N,N,A,-,Y,GLE,,45,,,2.172,H,,R,Y,3,0,1,1,A,-,08,22107,,N,F,A,A,A,H,-,A,D,0,,,,,Y,,A,01,0,1,0,0,0,0,0,0,0,"- ","- ",39.444831848144531,-122.01512145996094,GLENN,UNINCORPORATED,-122.01519012451172,39.444808959960938
91686742,2022,2022-01-27,9160,2022-01-24,2255,015118,,1,3,9,1100,0,3,5,,2,005,"CO. RD. 32","CO. RD. W",641.00,E,N,A,-,N,,,,,,,,,,Y,4,0,1,1,A,-,08,22107,,N,E,I,A,A,H,-,D,A,0,,,,,Y,,A,01,0,0,1,0,0,0,0,0,0,"- ","- ",39.630718231201172,-122.04399871826172,GLENN,UNINCORPORATED,-122.0440673828125,39.630634307861328
91688742,2022,2022-01-28,9160,2022-01-20,0610,017577,,4,1,9,1100,0,1,3,,1,008,"STATE ROUTE 32","COUNTY ROAD VV",1584.00,W,N,A,-,Y,GLE,,32,,,7.271,H,,R,Y,3,0,1,1,A,-,06,21751,,N,E,I,A,A,H,-,D,D,0,,,,,Y,,A,01,0,1,0,0,0,0,0,0,0,"- ","- ",39.744869232177734,-122.06343841552734,GLENN,UNINCORPORATED,-122.06343841552734,39.744831085205078
91692115,2022,2022-02-02,9160,2022-01-24,1830,018750,,1,2,9,1100,0,2,4,,2,016,"COUNTY ROAD 99W","COUNTY ROAD 9",1978.00,S,N,A,-,N,,,,,,,,,,Y,2,0,2,2,A,-,09,21804,A,N,H,G,A,A,H,-,D,D,0,,Y,Y,,Y,,L,04,2,0,0,0,0,0,1,0,1,"- ","- ",39.764011383056641,-122.19680023193359,GLENN,UNINCORPORATED,-122.19680023193359,39.763618469238281
91692939,2022,2022-02-03,9160,2022-02-02,0900,019164,,3,1,9,1100,0,1,1,,2,004,"I-5 S/B","COUNTY ROAD 35",1584.00,S,N,A,-,Y,GLE,,5,,R,15.509,H,,L,Y,4,0,1,1,A,-,08,22107,,N,E,I,A,A,H,-,A,D,0,,,,,Y,,A,01,0,0,1,0,0,0,0,0,0,"- ","- ",39.605659484863281,-122.20834350585938,GLENN,UNINCORPORATED,-122.20841979980469,39.605667114257812
91696235,2022,2022-02-08,9160,2022-01-30,0942,016148,,7,1,9,1100,0,3,5,,2,007,"COUNTY ROAD 68","NORMAN ROAD",5808.00,W,N,A,-,N,,,,,,,,,,Y,4,0,1,1,A,-,08,22107,,N,F,A,A,A,H,-,A,D,0,,,,,Y,,A,01,0,0,1,0,0,0,0,0,0,"- ","- ",39.407329559326172,-122.15203857421875,GLENN,UNINCORPORATED,-122.15690612792969,39.407314300537109
91699030,2022,2022-02-11,9160,2022-02-02,0415,015118,,3,3,9,1100,0,1,1,,2,004,"I-5 S/B","BOYD OVERFLOW U/C",292.00,N,N,A,-,Y,GLE,,5,,R,11.995,H,,L,Y,2,0,1,1,A,-,08,22107,,N,E,I,A,A,H,-,D,D,0,,,,,Y,,D,22,1,0,0,0,0,0,0,0,0,"- ","- ",39.555038452148438,-122.21492004394531,GLENN,UNINCORPORATED,-122.21486663818359,39.555034637451172
91701554,2022,2022-02-15,9160,2022-02-05,0530,020810,,6,3,9,1100,0,1,3,,1,008,"STATE ROUTE 32","SIERRA AVE",0.00,,Y,A,-,Y,GLE,,32,,,10.103,H,,R,Y,4,0,6,2,A,-,08,22107,,N,A,C,A,A,H,-,C,D,0,,,,,Y,,A,07,0,0,6,0,0,0,0,0,0,"- ","- ",39.7469482421875,-122.01058959960938,GLENN,UNINCORPORATED,-122.01061248779297,39.746990203857422
91703228,2022,2022-02-17,9160,2022-02-06,1012,016148,,7,1,9,1100,0,1,3,,2,014,SR-162,"COUNTY ROAD 302",2112.00,W,N,A,-,Y,GLE,,162,,,56.445,H,,R,Y,2,0,1,1,A,-,08,22107,,N,E,I,A,A,H,-,A,D,0,,,,,Y,,A,07,1,0,0,0,0,0,0,0,0,"- ","- ",39.5572509765625,-122.36203765869141,GLENN,UNINCORPORATED,-122.36201477050781,39.557315826416016
91703529,2022,2022-02-17,9160,2022-02-04,1327,017319,,5,1,9,1100,0,1,1,,2,006,"I-5 S/B","CO RD 20",1055.00,N,N,A,-,Y,,,,,,,,,,Y,3,0,1,2,A,-,03,22350,,N,C,C,A,A,H,-,A,D,0,,,,Y,Y,,G,25,0,1,0,0,0,0,0,0,0,"- ","- ",39.738529205322266,-122.20493316650391,GLENN,UNINCORPORATED,-122.20594787597656,39.733058929443359
91703639,2022,2022-02-17,9160,2022-02-11,2050,020558,,5,2,9,1100,0,3,5,,2,005,"RAILROAD AVENUE","COUNTY ROAD 18",0.00,,Y,A,-,N,,,,,,,,,,Y,2,0,1,1,A,-,01,23152,A,N,E,I,A,A,H,-,C,D,0,,,,,Y,Y,D,22,1,0,0,0,0,0,0,0,0,"- ","- ",39.732929229736328,-122.19528198242188,GLENN,UNINCORPORATED,-122.1951904296875,39.733039855957031
91705577,2022,2022-02-22,9160,2022-02-11,1020,019718,,5,1,9,1100,0,1,1,,2,006,"I-5 NORTHBOUND","COUNTY ROAD 7",1100.00,N,N,A,-,Y,GLE,,5,,R,28.025,H,,R,Y,2,0,1,1,A,-,01,23152,A,N,E,I,A,A,H,-,A,D,0,,,,,Y,Y,A,01,1,0,0,0,0,0,0,0,0,"- ","- ",39.786838531494141,-122.20394897460938,GLENN,UNINCORPORATED,-122.20398712158203,39.786842346191406
91707009,2021,2022-02-23,9160,2021-05-22,1905,019164,,6,2,2,1101,0,1,1,,2,006,"I-5 SOUTHBOUND TO NEWVILLE ROAD","NEWVILLE ROAD",0.00,,Y,A,-,Y,,,5,,,,R,,S,Y,1,1,0,1,A,-,03,22350,,N,E,8,A,A,H,-,A,A,0,,,,,Y,,A,01,0,0,0,0,0,0,0,0,0,"- ","- ",39.751319885253906,-122.20748901367188,GLENN,ORLAND,-122.20748901367188,39.751319885253906
91708259,2022,2022-02-24,9160,2022-02-17,1900,020558,,4,2,9,1100,0,1,3,,1,008,"STATE HIGHWAY 32","STATE HIGHWAY 45",8976.00,W,N,A,-,Y,GLE,,32,,,8.988,H,,R,Y,3,0,1,2,A,-,03,22350,,N,A,C,A,A,H,-,D,D,0,,,,,Y,,D,22,0,1,0,0,0,0,0,0,0,"- ","- ",39.744731903076172,-122.03125762939453,GLENN,UNINCORPORATED,-122.03125762939453,39.744754791259766
91711599,2022,2022-02-28,9160,2022-02-18,2140,020810,,5,2,9,1100,0,1,1,,2,006,"INTERSTATE 5 SOUTHBOUND","COUNTY ROAD 33",11616.00,N,N,A,-,Y,GLE,,5,,R,19.087,H,,L,Y,4,0,1,1,A,-,08,22107,,N,E,8,A,A,H,-,D,D,0,,,,,Y,,D,22,0,0,1,0,0,0,0,0,0,"- ","- ",39.657360076904297,-122.20469665527344,GLENN,UNINCORPORATED,-122.20453643798828,39.657360076904297
91711672,2022,2022-02-28,9160,2022-02-19,0848,018737,,6,1,9,1100,0,1,1,,2,006,"I-5 S/B","COUNTY ROAD 33",8448.00,N,N,A,-,Y,GLE,,5,,R,18.339,H,,L,Y,4,0,3,2,A,-,03,22350,,N,C,2,A,A,H,-,A,D,0,,,,Y,Y,,A,01,0,0,3,0,0,0,0,0,0,"- ","- ",39.646549224853516,-122.20458221435547,GLENN,UNINCORPORATED,-122.20443725585938,39.646549224853516
91715470,2022,2022-03-04,9160,2022-02-21,0730,016148,,1,1,9,1100,0,1,3,,1,010,SR-45,"COUNTY ROAD 64",454.00,S,N,A,-,Y,GLE,,45,,,1.935,H,,R,Y,2,0,1,1,A,-,08,22107,,N,E,I,A,A,H,-,A,D,0,,,,,Y,,A,01,1,0,0,0,0,0,0,0,0,"- ","- ",39.441780090332031,-122.01326751708984,GLENN,UNINCORPORATED,-122.01316833496094,39.441837310791016
91718757,2022,2022-03-09,9160,2022-03-06,1120,018128,,7,1,9,1100,0,3,5,,2,005,"COUNTY ROAD 19","COUNTY ROAD MM",225.00,E,N,A,-,N,,,,,,,,,,N,3,0,1,1,A,-,08,22107,,N,E,I,A,A,H,-,A,D,0,,,,,Y,,-,"- ",0,1,0,0,0,0,0,0,0,"- ","- ",39.728958129882812,-122.16802215576172,GLENN,UNINCORPORATED,-122.16803741455078,39.729019165039062
91720815,2022,2022-03-11,9160,2022-03-10,0110,017873,,4,3,9,1100,0,2,4,,2,016,"COUNTY ROAD 99W","COUNTY ROAD 3",528.00,N,N,A,-,N,,,,,,,,,,Y,2,0,1,1,A,-,08,22107,,N,E,I,A,A,H,-,D,D,0,,,,,Y,,A,01,1,0,0,0,0,0,0,0,0,"- ","- ",39.795791625976562,-122.19744873046875,GLENN,UNINCORPORATED,-122.19738006591797,39.795860290527344
91731298,2022,2022-03-24,9160,2022-03-08,0524,017577,,2,3,9,1100,0,2,4,,2,016,"COUNTY ROAD 99W","COUNTY ROAD 9",528.00,S,N,A,-,N,,,,,,,,,,Y,2,0,1,2,A,-,05,21460,A,F,A,C,A,A,H,-,C,D,0,,,,,Y,,-,99,1,0,0,0,0,0,0,0,0,"- ","- ",39.767349243164062,-122.19673919677734,GLENN,UNINCORPORATED,-122.19673919677734,39.767601013183594
91740606,2022,2022-04-04,9160,2022-03-26,2225,020735,,6,3,9,1100,0,1,3,,1,008,SR-32,"SACRAMENTO AVE",1400.00,E,N,A,-,Y,GLE,,32,,,10.461,H,,R,Y,3,0,1,1,A,-,01,23152,A,N,E,I,A,A,H,-,C,D,0,,,,,Y,Y,A,07,0,1,0,0,0,0,0,0,0,"- ","- ",39.748760223388672,-122.00469970703125,GLENN,UNINCORPORATED,-122.00468444824219,39.748729705810547
91741036,2022,2022-04-05,9160,2022-03-26,0115,017873,,6,3,9,1100,0,3,5,,2,005,"COUNTY ROAD 9","5TH AVE",2112.00,E,N,A,-,N,,,,,,,,,,Y,3,0,1,1,A,-,01,23152,A,N,F,A,A,A,H,-,D,A,0,,,,,Y,Y,A,01,0,1,0,0,0,0,0,0,0,"- ","- ",39.766609191894531,-122.09467315673828,GLENN,UNINCORPORATED,-122.09686279296875,39.766921997070312
91741144,2022,2022-04-05,9160,2022-03-30,2227,020558,,3,3,9,1100,0,3,5,,2,005,"COUNTY ROAD P","MALTON SWITCH ROAD",0.00,,Y,A,-,N,,,,,,,,,,Y,3,0,1,2,A,-,09,21802,A,F,D,C,A,A,H,-,D,A,0,,,,,Y,,A,07,0,1,0,0,0,0,0,0,0,"- ","- ",39.797630310058594,-122.14098358154297,GLENN,UNINCORPORATED,-122.1409912109375,39.797622680664062
91750586,2022,2022-04-18,9160,2022-04-07,1039,018737,,4,1,9,1100,0,2,4,,2,016,"COUNTY ROAD 99W","COUNTY ROAD 33",0.00,,Y,A,-,N,,,,,,,,,,Y,3,0,1,3,A,-,09,21802,A,N,D,C,A,A,H,-,A,A,0,,,,,Y,,D,22,0,1,0,0,0,0,0,0,0,"- ","- ",39.624198913574219,-122.19544219970703,GLENN,UNINCORPORATED,-122.19541168212891,39.624156951904297
91750594,2022,2022-04-18,9160,2022-04-07,1705,018750,,4,2,9,1100,0,3,5,,2,005,"ORD FERRY RD",SR-45,1380.00,E,N,A,-,N,,,,,,,,,,Y,3,0,1,1,A,-,08,22107,,N,E,I,A,A,H,-,A,D,0,,,,,Y,,A,07,0,1,0,0,0,0,0,0,0,"- ","- ",39.630481719970703,-122.00192260742188,GLENN,UNINCORPORATED,-122.001924,39.630552000000002
91750609,2022,2022-04-18,9160,2022-04-10,1505,020558,,7,2,9,1100,0,1,3,,1,010,"STATE ROUTE 45","COUNTY ROAD 59",1056.00,S,N,A,G,Y,GLE,,45,,,4.503,H,,R,Y,3,0,1,1,A,-,01,23152,A,N,E,I,A,A,H,-,A,D,0,,,,,Y,Y,A,07,0,1,0,0,0,0,0,0,0,"- ","- ",39.477951049804688,-122.01885223388672,GLENN,UNINCORPORATED,-122.01891326904297,39.477943420410156
91750621,2022,2022-04-18,9160,2022-04-12,0035,020810,,2,3,9,1100,0,1,1,,2,002,"INTERSTATE 5 NORTHBOUND","COUNTY ROAD 60",2000.00,N,N,A,-,Y,,,,,,,,,,Y,4,0,1,1,A,-,08,22107,,N,F,A,A,A,H,-,D,D,0,,,,Y,Y,,G,25,0,0,1,0,0,0,0,0,0,"- ","- ",39.471988677978516,-121.19557952880859,GLENN,UNINCORPORATED,-122.19563293457031,39.466178894042969
91753755,2022,2022-04-21,9160,2022-04-12,1900,018750,,2,2,9,1100,0,1,1,,2,002,"I-5 S/B","COUNTY ROAD 68",4500.00,N,N,B,-,Y,,,,,,,,,,Y,2,0,1,1,A,-,08,22107,,N,E,8,A,A,H,-,A,D,0,,,,,Y,,A,01,1,0,0,0,0,0,0,0,0,"- ","- ",39.419578552246094,-122.19454193115234,GLENN,UNINCORPORATED,-122.19403076171875,39.417003631591797
91753810,2022,2022-04-21,9160,2022-04-12,1610,019043,,2,2,9,1100,0,1,3,,1,008,SR-32,"STATE ROUTE 45",556.00,W,N,A,-,Y,,,,,,,,,,Y,4,0,1,1,A,-,08,22107,,N,E,8,A,A,H,-,A,D,0,,,,,Y,,D,22,0,0,1,0,0,0,0,0,0,"- ","- ",39.743099212646484,-122.02052307128906,GLENN,UNINCORPORATED,-122.02128601074219,39.744480133056641
91758794,2022,2022-04-28,9160,2022-04-16,1246,017577,,6,1,9,1100,0,3,5,,2,003,"COUNTY ROAD 200","COUNTY ROAD DD",0.00,,Y,B,-,N,,,,,,,,,,Y,4,0,1,2,A,-,09,21802,B,N,D,C,A,A,H,-,A,A,0,,,,,Y,,D,22,0,0,1,0,0,0,0,0,0,"- ","- ",39.766700744628906,-122.24774169921875,GLENN,UNINCORPORATED,-122.24772644042969,39.766788482666016
91759086,2022,2022-04-28,9160,2022-04-20,1835,018750,,3,2,9,1100,0,3,5,,2,005,"COUNTY ROAD M","COUNTY ROAD 27",0.00,,Y,B,-,N,,,,,,,,,,Y,4,0,1,1,A,-,08,22107,,N,F,A,A,A,H,-,A,D,0,,,,,Y,,D,22,0,0,1,0,0,0,0,0,0,"- ","- ",39.682159423828125,-122.17762756347656,GLENN,UNINCORPORATED,-122.17811584472656,39.682144165039062
91759462,2022,2022-04-28,9160,2022-04-20,0718,017577,,3,1,9,1100,0,1,3,,2,014,"STATE ROUTE 162","COUNTY ROAD 302",1056.00,E,N,A,-,Y,GLE,,162,,,57.129,H,,R,N,4,0,1,1,A,-,08,22107,,N,F,0,A,A,H,-,B,D,0,,,,,Y,,-,"- ",0,0,1,0,0,0,0,0,0,"- ","- ",39.549568176269531,-122.35494995117188,GLENN,UNINCORPORATED,-122.35491180419922,39.549606323242188
91762634,2022,2022-05-02,9160,2022-03-28,1748,018750,,1,2,9,1100,0,1,1,,2,002,I-5,"COUNTY ROAD 68",1325.00,N,N,B,-,Y,GLE,,5,,R,1.767,H,,L,Y,2,0,1,2,A,-,08,22107,,N,D,D,A,A,H,-,A,D,0,,,,Y,Y,,D,22,1,0,0,0,0,0,0,0,0,"- ","- ",39.410720825195312,-122.19545745849609,GLENN,UNINCORPORATED,-122.19540405273438,39.410713195800781
91762638,2022,2022-05-02,9160,2022-04-20,2119,018750,,3,2,9,1100,0,3,5,,2,005,"6TH AVE","COUNTY ROAD 9",0.00,,Y,B,-,N,,,,,,,,,,Y,3,0,1,1,A,-,12,22450,A,N,E,I,A,A,H,-,D,A,0,,,,,Y,,D,22,0,1,0,0,0,0,0,0,0,"- ","- ",39.768619537353516,-122.11013793945312,GLENN,UNINCORPORATED,-122.109978,39.768543999999999
91763732,2022,2022-05-03,9160,2022-04-24,1910,018750,,7,2,9,1100,0,1,3,,2,012,"8282 MAIN STREET, BUTTE CITY CA","EUREKA STREET",1100.00,S,N,A,-,N,,,,,,,,,,Y,3,0,2,1,B,-,22,,,N,E,I,A,A,H,-,A,D,0,,,,,Y,,-,"- ",0,2,0,0,0,0,0,0,0,"- ","- ",39.459980010986328,-122.99269104003906,GLENN,UNINCORPORATED,,
91763741,2022,2022-05-03,9160,2022-04-23,0040,017873,,6,3,9,1100,0,2,4,,2,016,"COUNTY ROAD 99W","COUNTY ROAD 33",450.00,S,N,A,-,N,,,,,,,,,,Y,2,0,2,1,A,-,01,23152,A,N,E,I,A,A,H,-,D,D,0,,,,,Y,Y,A,01,2,0,0,0,0,0,0,0,0,"- ","- ",39.622970581054688,-122.1944580078125,GLENN,UNINCORPORATED,-122.19459533691406,39.623100280761719
91766650,2022,2022-05-06,9160,2022-04-27,1320,017577,,3,1,9,1100,0,3,5,,2,007,"COUNTY ROAD P","COUNTY ROAD 39",3696.00,N,N,A,-,N,,,,,,,,,,Y,3,0,1,2,A,-,03,22350,,N,C,C,A,A,H,-,A,D,0,,,,,Y,,-,"- ",0,1,0,0,0,0,0,0,0,"- ","- ",39.593410491943359,-122.13719940185547,GLENN,UNINCORPORATED,-122.13720703125,39.592388153076172
91768735,2022,2022-05-10,9160,2022-05-01,1845,020810,,7,2,9,1100,0,1,3,,2,014,"STATE ROUTE 162 / COUNTY ROAD 306","STATE ROOUTE 162 / FOREST ROAD 7 CUT-OFF",300.00,S,N,A,-,Y,GLE,,162,,,41.433,H,,R,Y,2,0,1,1,A,-,01,23152,A,N,E,8,A,A,H,-,D,D,0,,,,,Y,Y,A,01,1,0,0,0,0,0,0,0,0,"- ","- ",39.662628173828125,-122.52571868896484,GLENN,UNINCORPORATED,-122.52585601806641,39.662666320800781
91771098,2022,2022-05-12,9160,2022-04-30,1233,017577,,6,1,9,1100,0,3,5,,2,005,"COUNTY ROAD 9","1ST AVE",1584.00,E,N,A,-,N,,,,,,,,,,N,3,0,2,2,A,-,09,21801,A,N,A,C,A,A,G,-,A,D,0,,,,,Y,,D,22,0,2,0,0,0,0,0,0,0,"- ","- ",39.766490936279297,-122.04296875,GLENN,UNINCORPORATED,-122.04207611083984,39.766506195068359
91775418,2022,2022-05-18,9160,2022-05-06,1725,020810,,5,2,9,1100,0,2,4,,2,016,"COUNTY ROAD 99W","COUNTY ROAD 5",100.00,N,N,B,-,N,,,,,,,,,,Y,4,0,3,2,A,-,09,21804,A,N,D,C,A,A,H,-,A,D,0,,,,,Y,,A,01,0,0,3,0,0,0,0,0,0,"- ","- ",39.78948974609375,-122.19750213623047,GLENN,UNINCORPORATED,-122.19753265380859,39.789443969726562
91775435,2022,2022-05-18,9160,2022-05-06,2350,020735,,5,3,9,1100,0,3,5,,2,007,"COUNTY ROAD 35","COUNTY ROAD JJ",5280.00,E,N,A,-,N,,,,,,,,,,N,4,0,1,1,A,-,03,22350,,N,E,I,A,A,H,-,D,D,0,,,,,Y,Y,D,22,0,0,1,0,0,0,0,0,0,"- ","- ",39.611240386962891,-122.17521667480469,GLENN,UNINCORPORATED,-122.17366790771484,39.61126708984375
91778432,2022,2022-05-23,9160,2022-05-14,0345,017873,,6,3,9,1100,0,3,5,,2,005,"COUNTY ROAD 24","COUNTY ROAD VV",3168.00,E,N,A,-,N,,,,,,,,,,N,3,0,1,1,A,-,08,22107,,N,E,I,A,A,H,-,D,D,0,,,,,Y,,A,01,0,1,0,0,0,0,0,0,0,"- ","- ",39.709079742431641,-122.04251098632812,GLENN,UNINCORPORATED,-122.04352569580078,39.709156036376953
91779562,2022,2022-05-24,9160,2022-05-12,1625,018750,,4,2,9,1100,0,3,5,,2,005,"IRVINE FINCH RIVER ACCESS ROAD",SR-32,100.00,S,N,A,-,N,,,,,,,,,,N,3,0,1,2,A,-,05,21460,A,N,A,C,A,A,H,-,A,D,0,,,Y,,Y,,A,01,0,1,0,0,0,0,0,0,1,"- ","- ",39.749168395996094,-122.00103759765625,GLENN,UNINCORPORATED,-122.001287,39.749305999999997
91786331,2022,2022-06-01,9160,2022-05-24,1850,019043,,2,2,9,1100,0,3,5,,2,005,"CO RD 33","CO RD P",32.00,E,N,A,-,N,,,,,,,,,,N,2,0,1,1,A,-,01,23152,A,N,E,I,A,A,H,-,A,D,0,,,,,Y,Y,D,22,1,0,0,0,0,0,0,0,0,"- ","- ",38.567699432373047,-121.44010162353516,GLENN,UNINCORPORATED,-122.14130401611328,39.623779296875
91789448,2022,2022-06-06,9160,2022-05-24,1305,016148,,2,1,9,1100,0,1,3,,1,010,SR-45,"ORD FERRY ROAD",204.00,S,N,A,-,Y,GLE,,45,,,15.146,H,,R,Y,3,0,1,2,A,-,05,21460,C,N,B,C,A,A,H,-,A,D,0,,,,,Y,,A,01,0,1,0,0,0,0,0,0,0,"- ","- ",39.630031585693359,-122.00688171386719,GLENN,UNINCORPORATED,-122.00690460205078,39.630031585693359
91790394,2022,2022-06-07,9160,2022-05-27,0909,018737,,5,1,9,1100,0,1,1,,2,006,"I-5 N/B","COUNTY ROAD 7",1056.00,N,N,B,-,Y,GLE,,5,,R,28.045,H,,R,Y,2,0,1,1,A,-,08,22107,,N,F,A,A,A,H,-,A,D,0,,,Y,,Y,,C,02,1,0,0,0,0,0,0,0,1,"- ","- ",39.787128448486328,-122.20395660400391,GLENN,UNINCORPORATED,-122.20394134521484,39.787128448486328
91791974,2022,2022-06-09,9160,2022-05-27,1206,018737,,5,1,9,1100,0,1,1,,2,006,"I-5 N/B TO COUNTY ROAD 7","COUNTY ROAD 7",150.00,S,N,B,-,Y,,,,,,,,,,Y,3,0,3,1,A,-,08,22107,,N,E,J,A,A,H,-,A,D,0,,,,,Y,,A,01,0,2,1,0,0,0,0,0,0,"- ","- ",39.783088684082031,-122.20278930664062,GLENN,UNINCORPORATED,-122.20278930664062,39.783088684082031
91792188,2021,2022-06-09,9160,2021-08-23,0612,017577,,1,1,9,1100,0,1,3,,1,010,"STATE ROUTE 45","COUNTY ROAD 56",1978.00,S,N,A,-,Y,,,45,,,,,,,Y,1,2,3,2,A,-,01,23152,F,N,A,C,A,A,H,-,B,D,0,,,,,Y,,D,22,3,0,0,0,0,0,0,0,0,"- ","- ",39.490261077880859,-122.02088165283203,GLENN,UNINCORPORATED,-122.0208740234375,39.490261077880859
91792217,2022,2022-06-09,9160,2022-05-29,1010,018128,,7,1,9,1100,0,1,3,,1,010,SR-45,"COUNTY ROAD 26",2112.00,N,N,A,-,Y,GLE,,45,,,19.341,H,,R,Y,2,0,1,1,A,-,08,22107,,N,F,A,A,A,H,-,A,D,0,,,,,Y,,D,22,1,0,0,0,0,0,0,0,0,"- ","- ",39.689479827880859,-122.00444030761719,GLENN,UNINCORPORATED,-122.00452423095703,39.689483642578125
91792219,2022,2022-06-10,9160,2022-05-29,1340,020810,,7,1,9,1100,0,3,5,,2,003,"COUNTY ROAD E","COUNTY ROAD 8",1800.00,N,N,A,-,N,,,,,,,,,,N,2,0,1,1,C,-,18,,,N,H,A,A,A,H,-,A,D,0,,,Y,,Y,,-,"- ",1,0,0,0,0,0,0,0,1,"- ","- ",39.781848907470703,-122.23857116699219,GLENN,UNINCORPORATED,-122.23854827880859,39.781780242919922
91792914,2022,2022-06-10,9160,2022-05-28,1800,017319,,6,2,9,1100,0,3,5,,2,005,"CO RD 23",SR-45,13728.00,E,N,A,-,N,,,,,,,,,,N,3,0,1,1,A,-,01,23152,A,N,F,A,A,A,H,-,A,D,0,,,,,Y,Y,D,22,0,1,0,0,0,0,0,0,0,"- ","- ",39.712699890136719,-121.95346069335938,GLENN,UNINCORPORATED,-121.95630645751953,39.713020324707031
91794262,2022,2022-06-13,9160,2022-06-02,0400,017873,,4,3,9,1100,0,1,1,,2,002,"INTERSTATE 5 SB","COUNTY ROAD 60",2112.00,S,N,A,-,Y,GLE,,5,,R,5.129,H,,L,Y,3,0,3,1,A,-,08,22107,,N,E,I,A,A,H,-,B,D,0,,,,,Y,,A,08,0,3,0,0,0,0,0,0,0,"- ","- ",39.459251403808594,-122.19450378417969,GLENN,UNINCORPORATED,-122.19437408447266,39.459278106689453
91795857,2022,2022-06-15,9160,2022-06-05,2015,020558,,7,2,9,1100,0,1,3,,2,014,"STATE HIGHWAY 162","COUNTY ROAD 302",2640.00,W,N,B,-,Y,GLE,,162,,,56.407,H,,R,Y,3,0,2,1,A,-,01,23152,A,N,E,I,A,A,H,-,A,D,0,,,,,Y,Y,A,01,0,2,0,0,0,0,0,0,0,"- ","- ",39.557491302490234,-122.36270904541016,GLENN,UNINCORPORATED,-122.36270904541016,39.557491302490234
91796180,2022,2022-06-15,9160,2022-06-05,0835,016148,,7,1,9,1100,0,3,5,,2,003,"COUNTY ROAD 306","COUNTY ROAD 314",2640.00,S,N,B,-,N,,,,,,,,,,Y,3,0,1,1,A,-,08,22107,,N,E,I,A,A,H,-,A,D,0,,,,,Y,,D,22,0,1,0,0,0,0,0,0,0,"- ","- ",39.684490203857422,-122.53890228271484,GLENN,UNINCORPORATED,-122.53911590576172,39.68511962890625
91796587,2022,2022-06-16,9160,2022-06-04,2310,017873,,6,3,9,1100,0,3,5,,2,005,"COUNTY ROAD 9","5TH AVE",1056.00,E,N,C,-,N,,,,,,,,,,Y,4,0,1,1,A,-,01,23152,A,M,E,I,A,B,H,-,D,D,0,,,,,Y,Y,A,01,0,0,1,0,0,0,0,0,0,"- ","- ",39.766780853271484,-122.09629058837891,GLENN,UNINCORPORATED,-122.10053253173828,39.767467498779297
91796880,2022,2022-06-16,9160,2022-05-13,1850,017319,,5,2,9,1100,0,1,3,,1,010,SR-45,"CO RD 66",154.00,S,N,A,-,Y,GLE,,45,,,0.906,H,,R,Y,3,0,1,1,A,-,01,23152,A,N,E,I,A,A,H,-,A,D,0,,,,,Y,Y,D,22,0,1,0,0,0,0,0,0,0,"- ","- ",39.427131652832031,-122.01119232177734,GLENN,UNINCORPORATED,-122.01118469238281,39.427127838134766
91797032,2022,2022-06-16,9160,2022-06-09,1325,019164,,4,1,9,1100,0,2,4,,2,016,"HWY 99W","COUNTY ROAD 8",528.00,S,N,A,-,N,,,,,,,,,,Y,4,0,1,2,A,-,03,22350,,N,C,C,A,A,H,-,A,D,0,,,,,Y,,M,47,0,0,1,0,0,0,0,0,0,"- ","- ",39.77880859375,-122.19735717773438,GLENN,UNINCORPORATED,-122.19727399999999,39.778588999999997
91801301,2022,2022-06-22,9160,2022-06-13,2118,020558,,1,2,9,1100,0,1,1,,2,002,"INTERSTATE 5 SOUTH","COUNTY ROAD 57",205.00,S,N,A,-,Y,GLE,,5,,R,7.600,H,,R,Y,3,0,1,1,A,-,08,22107,,N,F,A,A,A,H,-,D,D,0,,,,,Y,,A,01,0,1,0,0,0,0,0,0,0,"- ","- ",39.494831085205078,-122.19699096679688,GLENN,UNINCORPORATED,-122.19678497314453,39.494873046875
91801725,2022,2022-06-23,9160,2022-06-15,1520,019164,,3,2,9,1100,0,1,3,,2,014,SR-162,"COUNTY ROAD 303",3696.00,W,N,A,-,Y,GLE,,162,,,50.301,H,,R,Y,3,0,1,1,A,-,08,22107,,N,E,I,A,A,H,-,A,D,0,,,,,Y,,A,07,0,1,0,0,0,0,0,0,0,"- ","- ",39.591579437255859,-122.45886993408203,GLENN,UNINCORPORATED,-122.45890045166016,39.591548919677734
91801928,2022,2022-06-23,9160,2022-06-16,0553,017577,,4,3,9,1100,0,1,1,,2,006,"INTERSTATE 5 N/B","STATE ROUTE 32",2112.00,N,N,A,-,Y,GLE,,5,,R,25.978,H,,R,Y,3,0,2,1,A,-,08,22107,,N,E,8,A,A,H,-,A,D,0,,,,,Y,,A,07,0,1,1,0,0,0,0,0,0,"- ","- ",39.757091522216797,-122.2052001953125,GLENN,UNINCORPORATED,-122.20526885986328,39.757091522216797
91802359,2022,2022-06-23,9160,2022-06-14,1520,018750,,2,2,9,1100,0,1,3,,1,010,SR-45,"ORD FERRY RD",0.00,,Y,A,-,Y,GLE,,45,,,15.188,H,,R,Y,3,0,1,2,A,-,09,21802,A,N,D,C,A,A,H,-,A,A,0,,,,,Y,,A,07,0,1,0,0,0,0,0,0,0,"- ","- ",39.630638122558594,-122.00675964355469,GLENN,UNINCORPORATED,-122.00688171386719,39.630641937255859
91804038,2022,2022-06-27,9160,2022-06-18,0740,019164,,6,1,9,1100,0,3,5,,2,005,"COUNTY ROAD KK","COUNTY ROAD 20",3168.00,N,N,A,-,N,,,,,,,,,,Y,3,0,1,1,A,-,01,23152,A,N,E,I,A,A,H,-,A,D,0,,,,,Y,Y,A,01,0,1,0,0,0,0,0,0,0,"- ","- ",39.734050750732422,-122.18746948242188,GLENN,UNINCORPORATED,-122.1875,39.734367370605469
91804925,2022,2022-06-28,9160,2022-06-19,1615,020810,,7,2,9,1100,0,3,5,,2,007,"STATE ROUTE 45","COUNTY ROAD 59",1162.00,N,N,A,-,N,,,,,,,,,,Y,4,0,3,1,C,-,18,,,N,F,A,A,A,H,-,A,D,0,,,,,Y,,-,"- ",0,0,3,0,0,0,0,0,0,"- ","- ",39.484199523925781,-122.01998901367188,GLENN,UNINCORPORATED,-122.01992797851562,39.484210968017578
91805278,2022,2022-06-28,9160,2022-06-18,1825,017319,,6,2,9,1100,0,3,5,,2,003,"CO RD 16","CO RD HH",125.00,W,N,A,-,N,,,,,,,,,,N,4,0,1,2,A,-,09,21804,A,N,D,C,A,A,H,-,A,D,0,,,,,Y,,A,01,0,0,1,0,0,0,0,0,0,"- ","- ",39.740398406982422,-122.208251953125,GLENN,UNINCORPORATED,-122.20783233642578,39.740402221679688
91805369,2022,2022-06-28,9160,2022-06-17,1552,019164,,5,2,9,1100,0,1,1,,2,004,"I-5 N/B TO CR-39","COUNTY ROAD 39",425.00,S,N,B,-,Y,,,,,,,,,,Y,3,0,1,1,A,-,03,22350,,N,E,I,A,A,H,-,A,D,0,,,Y,,Y,,C,02,0,1,0,0,0,0,0,0,1,"- ","- ",39.581100463867188,-122.21005249023438,GLENN,UNINCORPORATED,-122.21005249023438,39.581100463867188
91810678,2022,2022-07-05,9160,2022-06-21,1020,019718,,2,1,9,1100,0,1,1,,2,006,"I-5 NORTHBOUND","COUNTY ROAD 16",866.00,S,N,A,-,Y,GLE,,5,,R,24.650,H,,R,Y,3,0,2,2,A,-,07,21658,A,N,B,C,A,A,H,-,A,D,0,,,,,Y,,A,08,0,2,0,0,0,0,0,0,0,"- ","- ",39.737960815429688,-122.20554351806641,GLENN,UNINCORPORATED,-122.20557403564453,39.737960815429688
91810721,2022,2022-07-05,9160,2022-06-22,2245,015118,,3,3,9,1100,0,3,5,,2,007,"CO. RD. 39","CO. RD. X",1056.00,E,N,A,-,N,,,,,,,,,,Y,3,0,1,2,A,-,01,23152,A,N,C,C,A,A,D,-,D,D,0,,,,,Y,Y,A,01,0,1,0,0,0,0,0,0,0,"- ","- ",39.582420349121094,-122.02239227294922,GLENN,UNINCORPORATED,-122.02384948730469,39.582481384277344
91812334,2022,2022-07-07,9160,2022-06-29,1454,019164,,3,2,9,1100,0,2,4,,2,016,"HWY 99W","COUNTY ROAD 9",0.00,,Y,A,-,N,,,,,,,,,,Y,4,0,2,2,A,-,03,22350,,N,C,C,A,A,H,-,A,D,0,,,,,Y,,A,01,0,0,2,0,0,0,0,0,0,"- ","- ",39.769008636474609,-122.19673919677734,GLENN,UNINCORPORATED,-122.196709,39.769027000000001
91813311,2022,2022-07-08,9160,2022-07-08,0654,018737,,5,1,9,1100,0,3,5,,2,007,"COUNTY ROAD V","COUNTY ROAD 36",604.00,S,N,A,-,N,,,,,,,,,,Y,4,0,1,1,A,-,08,22107,,N,E,I,A,A,H,-,A,D,0,,,,,Y,,A,01,0,0,1,0,0,0,0,0,0,"- ","- ",39.600311279296875,-121.06507873535156,GLENN,UNINCORPORATED,-122.06507110595703,39.600002288818359
91819340,2022,2022-07-18,9160,2022-07-09,2035,019718,,6,2,9,1100,0,2,4,,2,016,"COUNTY ROAD 99W","COUNTY ROAD 60",1754.00,S,N,A,-,N,,,,,,,,,,Y,3,0,1,1,A,-,01,23152,A,N,F,A,A,A,H,-,B,D,0,,,,,Y,Y,A,07,0,1,0,0,0,0,0,0,0,"- ","- ",39.460861206054688,-122.19284820556641,GLENN,UNINCORPORATED,-122.19294738769531,39.460853576660156
91820276,2022,2022-07-19,9160,2022-07-11,0115,018750,,1,3,9,1100,0,1,1,,2,002,"I-5 S/B","COUNTY ROAD 57",4752.00,S,N,A,-,Y,,,,,,,,,,Y,2,0,2,1,A,-,01,23152,A,N,E,I,A,A,H,-,D,D,0,,,,,Y,Y,D,22,2,0,0,0,0,0,0,0,0,"- ","- ",39.492710113525391,-122.19506072998047,GLENN,UNINCORPORATED,-122.19705200195312,39.494789123535156
91824553,2022,2022-07-25,9160,2022-07-13,1235,018737,,3,1,9,1100,0,1,1,,2,002,"I-5 N/B","COUNTY ROAD 68",528.00,S,N,A,-,Y,GLE,,5,,R,1.474,H,,R,Y,4,0,1,1,A,-,08,22107,,N,F,A,A,A,H,-,A,D,0,,,,,Y,,A,07,0,0,1,0,0,0,0,0,0,"- ","- ",39.406509399414062,-122.19551849365234,GLENN,UNINCORPORATED,-122.19561767578125,39.406505584716797
91824567,2022,2022-07-25,9160,2022-07-15,2300,020735,,5,3,9,1100,0,3,5,,2,005,"COUNTY ROAD 20","COUNTY ROAD K",110.00,W,N,A,-,N,,,,,,,,,,Y,3,0,1,1,A,-,01,23152,A,N,E,I,A,A,H,-,D,D,0,,,,,Y,Y,D,22,0,1,0,0,0,0,0,0,0,"- ","- ",39.725730895996094,-122.19281005859375,GLENN,UNINCORPORATED,-122.19274139404297,39.725704193115234
91824584,2022,2022-07-25,9160,2022-07-15,0619,018737,,5,1,9,1100,0,1,1,,2,006,"I-5 S/B","COUNTY ROAD 20",315.00,S,N,A,-,Y,GLE,,5,,R,23.752,H,,L,Y,3,0,7,2,A,-,03,22350,,N,C,C,A,A,H,-,A,D,0,,,,Y,Y,,A,01,0,2,5,0,0,0,0,0,0,"- ","- ",39.724941253662109,-122.20613098144531,GLENN,UNINCORPORATED,-122.20607757568359,39.724941253662109
91829166,2022,2022-07-29,9160,2022-07-21,0900,018737,,4,1,9,1100,0,1,3,,1,010,"STATE ROUTE 45","COUNTY ROAD 28",1584.00,N,N,A,-,Y,GLE,,45,,,18.022,H,,R,Y,4,0,1,2,A,-,03,22350,,N,D,C,A,A,H,-,A,D,0,,,,,Y,,D,22,0,0,1,0,0,0,0,0,0,"- ","- ",39.671398162841797,-122.00839233398438,GLENN,UNINCORPORATED,-122.00830078125,39.671382904052734
91829935,2022,2022-08-01,9160,2022-07-22,0641,017577,,5,1,9,1100,0,1,3,,1,010,"STATE ROUTE 45","COUNTY ROAD 29",0.00,,Y,A,-,Y,GLE,,45,,,17.188,H,,R,Y,4,0,1,2,A,-,09,21802,A,N,D,C,A,A,H,-,A,A,0,,,,,Y,,A,01,0,0,1,0,0,0,0,0,0,"- ","- ",39.659591674804688,-122.00791931152344,GLENN,UNINCORPORATED,-122.00817108154297,39.659584045410156
91832557,2022,2022-08-03,9160,2022-07-30,2130,019164,,6,2,9,1100,0,1,3,,1,010,SR-45,"COUNTY ROAD 59",1584.00,S,N,A,-,Y,GLE,,45,,,4.378,H,,R,Y,4,0,1,1,C,-,18,,,N,H,H,A,A,H,-,D,D,0,,,,,Y,,-,"- ",0,0,1,0,0,0,0,0,0,"- ","- ",39.476139068603516,-122.01873016357422,GLENN,UNINCORPORATED,-122.01874542236328,39.476142883300781
91837599,2022,2022-08-10,9160,2022-07-29,0617,018737,,5,1,9,1100,0,1,1,,2,002,"I-5 N/B","COUNTY ROAD 60",2640.00,S,N,A,-,Y,GLE,,5,,R,5.221,H,,R,Y,3,0,1,2,A,-,03,22350,,N,C,C,A,A,H,-,A,D,0,,,,,Y,,D,22,0,1,0,0,0,0,0,0,0,"- ","- ",39.460498809814453,-122.19448852539062,GLENN,UNINCORPORATED,-122.19449615478516,39.460498809814453
91838520,2022,2022-08-11,9160,2022-07-30,0155,020558,,6,3,9,1100,0,2,4,,2,016,"COUNTY ROAD 99W","COUNTY ROAD 7",280.00,S,N,A,-,N,,,,,,,,,,Y,3,0,2,1,A,-,01,23152,A,N,E,I,A,A,H,-,D,D,0,,,,,Y,Y,A,01,0,2,0,0,0,0,0,0,0,"- ","- ",39.782871246337891,-122.19767761230469,GLENN,UNINCORPORATED,-122.19759368896484,39.782894134521484
91841310,2022,2022-08-16,9160,2022-07-17,0030,020558,,7,3,9,1100,0,3,5,,2,007,"COUNTY ROAD 60","COUNTY ROAD P",4752.00,W,N,A,-,N,,,,,,,,,,Y,3,0,1,1,A,-,01,23152,A,N,E,I,A,A,H,-,D,D,0,,,,,Y,Y,A,01,0,1,0,0,0,0,0,0,0,"- ","- ",39.465599060058594,-122.15479278564453,GLENN,UNINCORPORATED,-122.15341949462891,39.465633392333984
91841425,2022,2022-08-16,9160,2022-08-06,2230,021168,,6,3,9,1100,0,3,5,,2,003,"COUNTY ROAD F","COUNTY ROAD 23",1056.00,S,N,A,-,N,,,,,,,,,,Y,4,0,1,2,A,-,08,22107,,N,B,E,A,A,H,-,D,D,0,,,,,Y,,A,01,0,0,1,0,0,0,0,0,0,"- ","- ",39.715141296386719,-122.23441314697266,GLENN,UNINCORPORATED,-122.23475646972656,39.712261199951172
91841504,2022,2022-08-16,9160,2022-08-08,1945,020558,,1,2,9,1100,0,1,1,,2,004,"INTERSTATE 5 NORTH","COUNTY ROAD 57",1848.00,N,N,A,-,Y,GLE,,5,,R,7.974,H,,R,Y,3,0,1,2,A,-,03,22350,,N,C,2,A,A,H,-,A,D,0,,,,,Y,,D,22,0,1,0,0,0,0,0,0,0,"- ","- ",39.499908447265625,-122.19937896728516,GLENN,UNINCORPORATED,-122.19935607910156,39.499919891357422
91855723,2022,2022-09-01,9160,2022-08-06,0530,019718,,6,3,9,1100,0,1,3,,1,010,SR-45,"450 FEET SOUTH OF COUNTY ROAD 64",0.00,,Y,A,-,Y,GLE,,45,,,1.943,H,,R,Y,2,0,1,1,A,-,01,23152,A,N,E,I,A,A,H,-,D,D,0,,,,,Y,Y,D,22,1,0,0,0,0,0,0,0,0,"- ","- ",39.441871643066406,-122.01334381103516,GLENN,UNINCORPORATED,-122.01324462890625,39.441925048828125
91863548,2022,2022-09-13,9160,2022-07-13,1022,016148,,3,1,9,1100,0,3,5,,2,007,"COUNTY ROAD 36","COUNTY ROAD U",17.00,W,N,A,-,N,,,,,,,,,,N,2,0,1,1,A,-,21,22106,,N,F,A,A,A,H,-,A,D,0,,,Y,,Y,,C,06,1,0,0,0,0,0,0,0,1,"- ","- ",39.601768493652344,-122.07456207275391,GLENN,UNINCORPORATED,-122.07450103759766,39.601661682128906
91870785,2022,2022-09-22,9160,2022-09-10,1110,017577,,6,1,9,1100,0,3,5,,2,005,"COUNTY ROAD 9","COUNTY ROAD QQ",1056.00,E,N,A,-,N,,,,,,,,,,Y,2,0,1,1,A,-,08,22107,,N,E,I,A,A,H,-,A,D,0,,,,,Y,,A,01,1,0,0,0,0,0,0,0,0,"- ","- ",39.768581390380859,-122.11505889892578,GLENN,UNINCORPORATED,-122.11891937255859,39.768569946289062
91876721,2022,2022-09-29,9160,2022-09-23,2150,017873,,5,2,9,1100,0,1,1,,2,002,"INTERSTATE 5","COUNTY ROAD 62",10.00,N,N,A,-,Y,GLE,,5,,R,4.607,H,,L,Y,2,0,2,1,A,-,08,22107,,N,E,I,A,A,H,-,D,D,0,,,,,Y,,A,07,1,1,0,0,0,0,0,0,0,"- ","- ",39.451759338378906,-122.19380950927734,GLENN,UNINCORPORATED,-122.19366455078125,39.451759338378906
91879195,2022,2022-09-30,9160,2022-09-29,1650,019043,,4,2,9,1100,0,1,3,,1,008,SR-32,"SACRAMENTO AVE",450.00,E,N,A,-,Y,,,,,,,,,,N,4,0,1,2,A,-,03,22350,,N,C,C,A,A,H,-,A,D,0,,,,,Y,,A,01,0,0,1,0,0,0,0,0,0,"- ","- ",39.476799011230469,-122.00807189941406,GLENN,UNINCORPORATED,-122.00777435302734,39.747798919677734
91883408,2022,2022-10-05,9160,2022-09-23,1940,017319,,5,2,9,1100,0,1,3,,1,010,"SR-45 N/B","CO RD 34",163.00,S,N,A,-,Y,GLE,,45,,,14.169,H,,R,Y,2,0,1,2,A,-,06,21751,,N,B,C,A,A,H,-,D,D,0,,,Y,,Y,,A,01,1,0,0,0,0,0,0,0,1,"- ","- ",39.615829467773438,-122.00733947753906,GLENN,UNINCORPORATED,-122.00735473632812,39.615829467773438
91884433,2022,2022-10-06,9160,2022-09-28,0630,016148,,3,1,9,1100,0,3,5,,2,007,"COUNTY ROAD 60","COUNTY ROAD P",397.00,E,N,A,-,N,,,,,,,,,,Y,4,0,1,1,A,-,08,22107,,N,E,I,A,A,H,-,D,D,0,,,,,Y,,A,01,0,0,1,0,0,0,0,0,0,"- ","- ",39.464881896972656,-122.13543701171875,GLENN,UNINCORPORATED,-122.13538360595703,39.464786529541016
91886563,2022,2022-10-10,9160,2022-09-30,0300,017873,,5,3,9,1100,0,3,5,,2,005,"6TH AVE","CUTLER AVE",709.00,N,N,A,-,N,,,,,,,,,,Y,3,0,1,1,A,-,08,22107,,N,E,I,A,A,H,-,D,D,0,,,,,Y,,A,01,0,1,0,0,0,0,0,0,0,"- ","- ",39.791030883789062,-122.12148284912109,GLENN,UNINCORPORATED,-122.12181091308594,39.791553497314453
91894658,2022,2022-10-19,9160,2022-10-12,2250,015118,,3,3,9,1100,0,3,5,,2,007,"CO. RD. X","CO. RD. 34",593.00,N,N,A,-,N,,,,,,,,,,Y,3,0,1,1,A,-,08,22107,,N,E,I,A,A,H,-,D,A,0,,,,,Y,,D,22,0,1,0,0,0,0,0,0,0,"- ","- ",39.617431640625,-122.02747344970703,GLENN,UNINCORPORATED,-122.02748870849609,39.617519378662109
91895636,2022,2022-10-20,9160,2022-10-09,1055,019718,,7,1,9,1100,0,2,4,,2,016,"COUNTY ROAD 99W","COUNTY ROAD 68",0.00,,Y,A,-,N,,,,,,,,,,Y,2,0,1,3,A,-,09,21802,A,N,D,C,A,A,H,-,A,A,0,,,Y,Y,Y,,D,22,1,0,0,0,0,0,0,0,1,"- ","- ",39.407138824462891,-122.19281005859375,GLENN,UNINCORPORATED,-122.19281768798828,39.407119750976562
91898138,2022,2022-10-24,9160,2022-10-01,1750,021168,,6,2,9,1100,0,2,4,,2,016,"COUNTY ROAD 99W","COUNTY ROAD 24",145.00,S,N,A,-,N,,,,,,,,,,N,3,0,2,2,A,-,03,22350,,F,B,C,A,A,H,-,A,D,0,,,,,Y,,A,01,0,2,0,0,0,0,0,0,0,"- ","- ",39.710208892822266,-122.19708251953125,GLENN,UNINCORPORATED,-122.19709014892578,39.710800170898438
91899255,2022,2022-10-25,9160,2022-10-13,1340,017319,,4,1,9,1100,0,1,3,,2,014,SR-162,"CO RD 306",12672.00,E,N,A,-,Y,GLE,,162,,,47.466,H,,R,Y,3,0,1,1,A,-,08,22107,,N,E,I,A,A,H,-,A,D,0,,,Y,,Y,,C,02,0,1,0,0,0,0,0,0,1,"- ","- ",39.598320007324219,-122.50630187988281,GLENN,UNINCORPORATED,-122.50630187988281,39.598323822021484
91904166,2022,2022-10-28,9160,2022-10-19,0445,017873,,3,3,9,1100,0,2,4,,2,016,"COUNTY ROAD 99W","COUNTY ROAD 30",1056.00,N,N,A,-,N,,,,,,,,,,Y,2,0,1,2,A,-,06,21751,,N,B,C,A,A,H,-,D,D,0,,,Y,,Y,,A,01,1,0,0,0,0,0,0,0,1,"- ","- ",39.655559539794922,-122.19715118408203,GLENN,UNINCORPORATED,-122.19708251953125,39.656158447265625
91904261,2022,2022-10-28,9160,2022-10-18,1410,019043,,2,2,9,1100,0,1,3,,2,014,SR-162,"COUNTY ROAD D",0.00,,Y,A,-,Y,GLE,,162,,,63.681,H,,R,Y,4,0,1,2,A,-,09,21802,A,N,D,C,A,D,H,-,A,A,0,,,,Y,Y,,G,25,0,0,1,0,0,0,0,0,0,"- ","- ",39.524219512939453,-122.24915313720703,GLENN,UNINCORPORATED,-122.24915313720703,39.524154663085938
91904541,2022,2022-10-28,9160,2022-10-20,1915,020735,,4,2,9,1100,0,3,5,,2,005,"COUNTY ROAD M","COUNTY ROAD 33",6864.00,N,N,A,-,N,,,,,,,,,,Y,2,0,1,1,A,-,08,22107,,N,E,I,A,A,H,-,D,D,0,,,,,Y,,A,01,1,0,0,0,0,0,0,0,0,"- ","- ",39.642658233642578,-122.17845153808594,GLENN,UNINCORPORATED,-122.17855072021484,39.642887115478516
91907064,2022,2022-11-01,9160,2022-10-21,0215,017873,,5,3,9,1100,0,3,5,,2,005,"6TH AVE","COUNTY ROAD 9",0.00,,Y,A,-,N,,,,,,,,,,Y,3,0,1,1,A,-,03,22350,,N,E,I,A,A,H,-,D,A,0,,,,,Y,,A,01,0,1,0,0,0,0,0,0,0,"- ","- ",39.768749237060547,-122.10990905761719,GLENN,UNINCORPORATED,-122.109976,39.768540999999999
91907109,2022,2022-11-01,9160,2022-10-21,2203,019164,,5,3,9,1100,0,1,1,,2,006,"I-5 S/B","COUNTY ROAD 33",6864.00,N,N,B,-,Y,GLE,,5,,R,18.401,H,,L,Y,4,0,1,2,A,-,03,22350,,N,C,C,A,A,H,-,D,D,0,,,,,Y,,A,01,0,0,1,0,0,0,0,0,0,"- ","- ",39.647449493408203,-122.20451354980469,GLENN,UNINCORPORATED,-122.20444488525391,39.647449493408203
91908935,2022,2022-11-03,9160,2022-10-25,1515,021168,,2,2,9,1100,0,3,5,,2,003,"COUNTY ROAD 200","COUNTY ROAD 12",130.00,E,N,A,-,N,,,,,,,,,,Y,2,0,1,2,A,-,09,21801,A,N,D,C,A,A,H,-,A,D,0,,,Y,,Y,,A,01,1,0,0,0,0,0,0,0,1,"- ","- ",39.754550933837891,-122.21514892578125,GLENN,UNINCORPORATED,-122.2149658203125,39.754493713378906
91909219,2022,2022-11-03,9160,2022-10-25,1820,018750,,2,2,9,1100,0,1,1,,2,002,I-5,"COUNTY ROAD 60",537.00,S,N,A,-,Y,GLE,,5,,R,5.482,H,,L,Y,3,0,1,1,A,-,08,22107,,N,F,0,A,A,H,-,B,D,0,,,,,Y,,A,01,0,1,0,0,0,0,0,0,0,"- ","- ",39.464218139648438,-122.19618988037109,GLENN,UNINCORPORATED,-122.19589996337891,39.4642333984375
91912601,2022,2022-11-08,9160,2022-11-01,1100,019718,,2,1,9,1100,0,2,4,,2,016,"COUNTY ROAD 99W","COUNTY ROAD 42",840.00,S,N,B,C,N,,,,,,,,,,Y,3,0,1,1,A,-,08,22107,,N,E,I,A,B,H,-,A,D,0,,,,,Y,,A,01,0,1,0,0,0,0,0,0,0,"- ","- ",39.570880889892578,-122.19383239746094,GLENN,UNINCORPORATED,-122.19373321533203,39.57098388671875
91912618,2022,2022-11-08,9160,2022-11-02,2030,021168,,3,2,9,1100,0,3,5,,2,007,"COUNTY ROAD 60","CR 60 AT CR P",0.00,,Y,B,-,N,,,,,,,,,,N,3,0,1,1,A,-,03,22350,,N,E,I,A,B,H,-,D,D,0,,,,,Y,,A,01,0,1,0,0,0,0,0,0,0,"- ","- ",39.465190887451172,-122.13671875,GLENN,UNINCORPORATED,-122.136708,39.465210999999996
91912721,2022,2022-11-08,9160,2022-10-04,1600,019718,,2,2,9,1100,0,1,1,,2,002,I-5,"COUNTY ROAD 57",5333.00,S,N,A,-,Y,GLE,,5,,R,6.593,H,,R,Y,3,0,1,3,A,-,03,22350,,N,B,2,A,A,H,-,A,D,0,,,,Y,Y,,G,25,0,1,0,0,0,0,0,0,0,"- ","- ",39.480350494384766,-122.19577026367188,GLENN,UNINCORPORATED,-122.19570922851562,39.480350494384766
91914231,2022,2022-11-09,9160,2022-11-03,0640,016148,,4,1,9,1100,0,3,5,,2,005,"COUNTY ROAD 24","COUNTY RD V",528.00,W,N,A,-,N,,,,,,,,,,Y,3,0,1,2,A,-,09,21801,A,N,D,C,A,A,H,-,A,D,0,,,,,Y,,D,22,0,1,0,0,0,0,0,0,0,"- ","- ",39.709259033203125,-122.06745910644531,GLENN,UNINCORPORATED,-122.06608581542969,39.709255218505859
91917571,2022,2022-11-14,9160,2022-11-06,0157,020558,,7,3,9,1100,0,2,4,,2,016,"COUNTY ROAD 99W","COUNTY ROAD 45",2640.00,N,N,A,-,N,,,,,,,,,,Y,2,0,3,1,A,-,08,22107,,N,E,I,A,B,H,-,D,D,0,,,,,Y,,D,22,1,2,0,0,0,0,0,0,0,"- ","- ",39.560398101806641,-122.19368743896484,GLENN,UNINCORPORATED,-122.19364166259766,39.560611724853516
91919260,2022,2022-11-16,9160,2022-11-04,1527,021168,,5,2,9,1100,0,1,1,,2,006,"SOUTHBOUND I-5","CR 3 OVERCROSSING",2112.00,S,N,A,-,Y,GLE,,5,,R,28.137,H,,L,Y,3,0,1,2,A,-,01,23152,A,N,B,C,A,A,H,-,A,D,0,,,,Y,Y,Y,D,22,0,1,0,0,0,0,0,0,0,"- ","- ",39.788471221923828,-122.20408630371094,GLENN,UNINCORPORATED,-122.20388031005859,39.788433074951172
91920292,2022,2022-11-17,9160,2022-11-07,1205,016148,,1,1,9,1100,0,3,5,,2,005,"COUNTY ROAD 25","COUNTY ROAD M",0.00,,Y,A,-,N,,,,,,,,,,Y,3,0,1,2,A,-,12,22450,A,N,D,C,A,A,H,-,A,D,0,,,,,Y,,A,01,0,1,0,0,0,0,0,0,0,"- ","- ",39.696670532226562,-122.17788696289062,GLENN,UNINCORPORATED,-122.17788696289062,39.696659088134766
91923685,2022,2022-11-21,9160,2022-11-12,1812,019164,,6,2,9,1100,0,1,3,,1,008,SR-32,"COUNTY ROAD P",0.00,,Y,A,-,Y,GLE,,32,,,3.001,H,,R,Y,4,0,2,2,A,-,09,21801,A,N,D,C,A,A,H,-,C,D,0,,,,,Y,,A,08,0,0,2,0,0,0,0,0,0,"- ","- ",39.746891021728516,-122.14092254638672,GLENN,UNINCORPORATED,-122.14092254638672,39.746917724609375
91924174,2022,2022-11-22,9160,2022-11-14,2224,021168,,1,3,9,1100,0,1,1,,2,004,"I-5 S/B TO SR 162","RT 162",527.00,N,N,A,-,Y,,,,,,,,,,Y,3,0,1,1,A,-,01,23152,A,M,E,I,A,A,H,-,D,D,0,,,,,Y,Y,A,01,0,1,0,0,0,0,0,0,0,"- ","- ",39.52532958984375,-122.21530914306641,GLENN,UNINCORPORATED,-122.21530914306641,39.52532958984375
91924665,2022,2022-11-22,9160,2022-11-14,1020,016148,,1,1,9,1100,0,1,3,,1,010,SR-45,"COUNTY ROAD 61",0.00,,Y,A,-,Y,GLE,,45,,,3.066,H,,R,Y,3,0,2,2,A,-,03,22350,,N,C,C,A,A,H,-,A,D,0,,,Y,,Y,,C,02,0,2,0,0,0,0,0,0,2,"- ","- ",39.457420349121094,-122.01731109619141,GLENN,UNINCORPORATED,-122.01731872558594,39.457420349121094
91931975,2022,2022-12-02,9160,2022-11-18,1450,017319,,5,2,9,1100,0,3,5,,2,007,"CO RD P","CO RD 45",0.00,,Y,A,-,N,,,,,,,,,,Y,2,0,3,2,A,-,12,22450,A,N,D,C,A,A,H,-,A,A,0,,,,,Y,,A,08,2,0,1,0,0,0,0,0,0,"- ","- ",39.553329467773438,-122.13687896728516,GLENN,UNINCORPORATED,-122.13687896728516,39.553352355957031
91931984,2022,2022-12-02,9160,2022-11-20,0525,021168,,7,3,9,1100,0,2,4,,2,016,"COUNTY ROAD 99W","COUNTY ROAD 8",1056.00,S,N,A,-,N,,,,,,,,,,N,3,0,1,1,A,-,01,23152,A,N,E,I,A,A,H,-,D,D,0,,,,,Y,Y,A,01,0,1,0,0,0,0,0,0,0,"- ","- ",39.77655029296875,-122.19718170166016,GLENN,UNINCORPORATED,-122.19720458984375,39.777164459228516
91939582,2022,2022-12-12,9160,2022-12-02,1730,019718,,5,2,9,1100,0,1,3,,2,012,SR-162,SR-45,697.00,E,N,A,-,Y,GLE,,162,,,76.413,H,,R,Y,2,0,1,1,B,-,22,,,N,F,A,A,A,H,-,C,D,0,,,Y,,Y,,C,02,1,0,0,0,0,0,0,0,1,"- ","- ",39.457168579101562,-122.01473999023438,GLENN,UNINCORPORATED,-122.01473999023438,39.457149505615234
91943842,2022,2022-12-15,9160,2022-12-04,0720,016148,,7,1,9,1100,0,1,3,,2,014,SR-162,"COUNTY ROAD 304",9504.00,E,N,C,-,Y,GLE,,162,,,47.151,H,,R,N,3,0,1,1,A,-,03,22350,,N,F,0,A,B,H,-,D,D,0,,,,,Y,,A,01,0,1,0,0,0,0,0,0,0,"- ","- ",39.602218627929688,-122.50807952880859,GLENN,UNINCORPORATED,-122.50794219970703,39.602176666259766
91945711,2022,2022-12-19,9160,2022-12-13,1528,019164,,2,2,9,1100,0,1,3,,1,008,SR-32,SR-45,0.00,,Y,A,-,Y,GLE,,32,,,9.634,H,,R,N,4,0,1,2,A,-,10,21950,A,N,G,B,B,A,H,-,A,A,0,Y,,,,Y,,D,22,0,0,1,0,1,0,0,0,0,"- ","- ",39.744598388671875,-122.01924133300781,GLENN,UNINCORPORATED,-122.01922607421875,39.7445068359375
91948567,2022,2022-12-21,9160,2022-12-11,2500,018128,,7,4,9,1100,0,3,5,,2,005,"COUNTY ROAD 16","I-5 NORTHBOUND",85.00,E,N,A,-,Y,,,,,,,,,,Y,4,0,1,1,A,-,08,22107,,N,E,I,A,B,H,-,C,D,0,,,,,Y,,A,01,0,0,1,0,0,0,0,0,0,"- ","- ",39.740329742431641,-122.20519256591797,GLENN,UNINCORPORATED,-122.20518493652344,39.740348815917969
91949687,2022,2022-12-22,9160,2022-12-12,0825,018128,,1,1,9,1100,0,1,3,,2,012,SR-162,"COUNTY ROAD RR",312.00,W,N,A,-,Y,GLE,,162,,,70.970,H,,R,N,3,0,1,1,A,-,08,22107,,N,E,I,A,B,H,-,A,D,0,,,,,Y,,A,07,0,1,0,0,0,0,0,0,0,"- ","- ",39.521808624267578,-122.11335754394531,GLENN,UNINCORPORATED,-122.11333465576172,39.521926879882812
91951702,2022,2022-12-23,9160,2022-12-19,1900,018750,,1,2,9,1100,0,3,5,,2,005,"COUNTY ROAD 20","COUNTY ROAD K",40.00,W,N,A,-,N,,,,,,,,,,Y,4,0,1,1,A,-,01,23152,F,N,E,I,A,A,H,-,D,D,0,,,,,Y,,A,01,0,0,1,0,0,0,0,0,0,"- ","- ",39.725730895996094,-122.19249725341797,GLENN,UNINCORPORATED,-122.19248962402344,39.725700378417969
91957102,2022,2023-01-02,9160,2022-12-27,1430,018750,,2,2,9,1100,0,1,3,,1,010,"SR-45 S/B","COUNTY ROAD 39",845.00,S,N,B,-,Y,GLE,,45,,,11.708,H,,L,Y,3,0,1,1,A,-,08,22107,,N,E,I,A,A,H,-,A,D,0,,,,,Y,,A,07,0,1,0,0,0,0,0,0,0,"- ","- ",39.580429077148438,-122.00640869140625,GLENN,UNINCORPORATED,-122.00627136230469,39.580486297607422
91963509,2022,2023-01-09,9160,2022-11-05,1830,017319,,6,2,9,1100,0,3,5,,2,003,"CO RD 200","CO RD D D",2640.00,W,N,B,-,N,,,,,,,,,,Y,3,0,1,1,A,-,01,23152,A,N,F,A,A,B,H,-,D,D,0,,,,,Y,Y,-,"- ",0,1,0,0,0,0,0,0,0,"- ","- ",39.769859313964844,-122.25756072998047,GLENN,UNINCORPORATED,-122.25634002685547,39.769668579101562
91967228,2023,2023-01-12,9160,2023-01-07,1800,019718,,6,2,9,1100,0,3,5,,2,007,"COUNTY ROAD 39","COUNTY ROAD T",630.00,E,N,B,C,N,,,,,,,,,,Y,3,0,1,1,A,-,08,22107,,N,F,A,A,B,H,-,D,D,0,,,,,Y,,A,01,0,1,0,0,0,0,0,0,0,"- ","- ",39.582740783691406,-122.08627319335938,GLENN,UNINCORPORATED,-122.08633422851562,39.582790374755859
91982102,2021,2023-01-30,9160,2021-08-26,1325,019718,,4,1,9,1100,0,1,1,,2,004,"INTERSTATE 5","COUNTY ROAD 48",2760.00,N,N,A,-,Y,,,5,,,,,,,Y,1,1,0,1,A,-,08,22107,,N,E,I,A,A,H,-,A,D,0,,,,,Y,,D,22,0,0,0,0,0,0,0,0,0,"- ","- ",39.546550750732422,-122.21484375,GLENN,UNINCORPORATED,-122.21495819091797,39.546550750732422
91982412,2023,2023-01-30,9160,2023-01-18,2040,020735,,3,2,9,1100,0,3,5,,2,005,"COUNTY ROAD P","COUNTY ROAD 20",0.00,,Y,B,-,N,,,,,,,,,,Y,4,0,2,1,A,-,01,23152,A,N,E,I,A,B,H,-,C,D,0,,,,,Y,Y,D,22,0,0,2,0,0,0,0,0,0,"- ","- ",39.725009918212891,-122.14083099365234,GLENN,UNINCORPORATED,-122.1409912109375,39.725162506103516
91987851,2021,2023-02-06,9160,2021-08-08,2500,019718,,7,4,9,1100,0,1,1,,2,004,"I-5 SOUTHBOUND","COUNTY ROAD 39",1418.00,N,N,A,-,Y,,,5,,,,,,S,N,1,2,0,1,A,-,01,23152,F,N,F,I,A,A,H,-,D,D,0,,,,,Y,,A,01,0,0,0,0,0,0,0,0,0,"- ","- ",39.585330963134766,-122.21016693115234,GLENN,UNINCORPORATED,-122.21012115478516,39.585323333740234
91988620,2023,2023-02-07,9160,2023-01-22,1903,019043,,7,2,9,1100,0,2,4,,2,016,"HIGHWAY 99W","COUNTY ROAD 31",508.00,S,N,A,-,N,,,,,,,,,,Y,3,0,1,1,C,-,18,,,N,H,H,A,A,H,-,D,D,0,,,,,Y,,-,"- ",0,1,0,0,0,0,0,0,0,"- ","- ",39.637378692626953,-122.19728851318359,GLENN,UNINCORPORATED,-122.19726900000001,39.637442
91989065,2023,2023-02-07,9160,2023-01-31,2345,015118,,2,3,9,1100,0,1,1,,2,006,"I-5 N/B",SR-32,528.00,N,N,A,-,Y,GLE,,5," ",R,25.715,H,,R,Y,4,0,1,2,A,-,08,22107,,N,B,C,A,A,H,-,D,D,0,,,,Y,Y,,G,25,0,0,1,0,0,0,0,0,0,"- ","- ",39.753311157226562,-122.20523834228516,GLENN,UNINCORPORATED,-122.20532989501953,39.753311157226562
91991073,2023,2023-02-09,9160,2023-01-22,1904,019043,,7,2,9,1100,0,2,4,,2,016,"HIGHWAY 99W","COUNTY ROAD 31",528.00,S,N,A,-,Y,,,,,,,,,,N,3,0,1,1,C,-,18,,,N,H,H,A,A,C,-,D,D,0,,,,,Y,,-,"- ",0,1,0,0,0,0,0,0,0,"- ","- ",39.637508392333984,-122.19724273681641,GLENN,UNINCORPORATED,,
91994315,2023,2023-02-14,9160,2023-02-06,"745 ",018128,,1,1,9,1100,0,1,3,,2,012,SR-162,"COUNTY ROAD V",0.00,,Y,A,-,Y,GLE,,162," "," ",73.550,H,,R,Y,2,0,2,2,A,-,09,21801,A,N,A,C,A,A,H,-,A,D,0,,,,,Y,,A,01,1,0,1,0,0,0,0,0,0,"- ","- ",39.521591186523438,-122.06523132324219,GLENN,UNINCORPORATED,-122.06523132324219,39.521568298339844
91995436,2022,2023-02-15,9160,2022-01-30,0200,017873,,7,3,9,1100,0,3,5,,2,005,"COUNTY ROAD 9","5TH AVE",3168.00,E,N,A,-,N,,,,,,,,,,Y,1,1,0,1,A,-,01,23152,A,N,E,I,A,A,H,-,D,D,0,,,,,Y,Y,A,01,0,0,0,0,0,0,0,0,0,"- ","- ",39.766609191894531,-122.09265899658203,GLENN,UNINCORPORATED,-122.09315490722656,39.766571044921875
92000454,2023,2023-02-22,9160,2023-02-13,1620,020735,,1,2,9,1100,0,1,3,,1,010,SR-45,"ORD FERRY RD.",0.00,,Y,A,-,Y,GLE,,45," "," ",15.185,H,,R,Y,4,0,1,3,A,-,09,21801,A,N,D,C,A,A,H,-,A,D,0,,,,,Y,,A,07,0,0,1,0,0,0,0,0,0,"- ","- ",39.630599975585938,-122.00682067871094,GLENN,UNINCORPORATED,-122.00688171386719,39.630599975585938
92004096,2023,2023-02-27,9160,2023-02-14,2009,019043,,2,2,9,1100,0,1,1,,2,002,"I-5 S/B","COUNTY ROAD 68",5808.00,N,N,A,-,Y,GLE,,5," ",R,2.662,H,,L,N,2,0,1,1,A,-,01,23152,A,N,F,A,A,A,H,-,D,D,0,,,,,Y,Y,A,07,1,0,0,0,0,0,0,0,0,"- ","- ",39.423568725585938,-122.19344329833984,GLENN,UNINCORPORATED,-122.19345855712891,39.423568725585938
92005345,2023,2023-02-28,9160,2023-02-15,1135,018128,,3,1,9,1100,0,3,5,,2,007,"COUNTY ROAD 61","COUNTY ROAD U",990.00,W,N,A,-,N,,,,,,,,,,N,2,0,1,1,A,-,08,22107,,N,F,A,A,A,H,-,A,D,0,,,,,Y,,-,"- ",1,0,0,0,0,0,0,0,0,"- ","- ",39.457950592041016,-122.07697296142578,GLENN,UNINCORPORATED,-122.07689666748047,39.45794677734375
92007338,2023,2023-03-01,9160,2023-02-16,1745,017319,,4,2,9,1100,0,3,5,,2,007,"CO RD P","CO RD 48",2640.00,S,N,A,-,N,,,,,,,,,,N,2,0,1,1,A,-,08,22107,,N,E,I,A,A,H,-,D,D,0,,,,,Y,,D,22,1,0,0,0,0,0,0,0,0,"- ","- ",39.536540985107422,-122.13687133789062,GLENN,UNINCORPORATED,-122.13684844970703,39.531669616699219
92008409,2023,2023-03-02,9160,2023-02-21,1418,019043,,2,2,9,1100,0,3,5,,2,005,"CO RD 9","CO RD P",0.00,,Y,A,G,N,,,,,,,,,,Y,3,0,1,2,A,-,12,22450,A,N,D,2,A,A,H,-,A,A,0,,,,,Y,,A,07,0,1,0,0,0,0,0,0,0,"- ","- ",39.768589019775391,-122.14090728759766,GLENN,UNINCORPORATED,-122.14088439941406,39.768543243408203
92009463,2023,2023-03-03,9160,2023-02-25,2120,017873,,6,2,9,1100,0,3,5,,2,005,"COUNTY ROAD M","COUNTY ROAD 24",1584.00,N,N,B,-,N,,,,,,,,,,Y,3,0,1,1,A,-,01,23152,A,N,E,8,A,A,H,-,D,D,0,,,,,Y,Y,A,01,0,1,0,0,0,0,0,0,0,"- ","- ",39.714759826660156,-122.178466796875,GLENN,UNINCORPORATED,-122.17839813232422,39.715377807617188
92013052,2022,2023-03-08,9160,2022-03-14,0600,018128,,1,1,9,1100,0,2,4,,2,016,"COUNTY ROAD 99W","COUNTY ROAD 7",0.00,,Y,A,-,N,,,,,,,,,,Y,1,1,0,2,A,-,09,21801,A,N,D,C,A,A,H,-,C,D,0,,,,Y,Y,,G,25,0,0,0,0,0,0,0,0,0,"- ","- ",39.783668518066406,-122.19767761230469,GLENN,UNINCORPORATED,-122.19764709472656,39.783664703369141
92016367,2023,2023-03-13,9160,2023-02-23,2500,018750,,4,4,9,1100,0,3,5,,2,003,"COUNTY ROAD 306","COUNTY ROAD 303",6336.00,S,N,F,-,N,,,,,,,,,,Y,1,1,0,1,A,-,08,22107,,N,E,I,A,A,G,-,A,D,0,,,Y,,Y,,C,02,0,0,0,0,0,0,0,1,0,"- ","- ",39.425178527832031,-122.52223205566406,GLENN,UNINCORPORATED,-122.5228271484375,39.425308227539062
92022494,2023,2023-03-20,9160,2023-03-10,1217,019164,,5,1,9,1100,0,1,3,,1,010,SR-45,"ORD FERRY RD",0.00,,Y,A,-,Y,GLE,,45," "," ",15.185,H,,R,Y,4,0,2,2,A,-,09,21802,A,N,D,2,A,A,H,-,A,A,0,,,,,Y,,B,07,0,0,2,0,0,0,0,0,0,"- ","- ",39.630599975585938,-122.00689697265625,GLENN,UNINCORPORATED,-122.00688171386719,39.630599975585938
92022653,2022,2023-03-20,9160,2022-06-06,2305,020735,,1,3,9,1100,0,3,5,,2,007,"COUNTY ROAD 39","COUNTY ROAD S",1928.00,E,N,A,-,N,,,,,,,,,,Y,1,1,0,1,A,-,08,22107,,N,E,I,A,A,H,-,D,D,0,,,,,Y,,A,01,0,0,0,0,0,0,0,0,0,"- ","- ",39.582359313964844,-122.10064697265625,GLENN,UNINCORPORATED,-122.10072326660156,39.582431793212891
92025290,2022,2023-03-22,9160,2022-04-09,1400,019043,,6,2,9,1100,0,1,3,,2,014,SR-45,SR-162,3696.00,N,N,A,G,Y,GLE,,45,,,3.726,H,,R,Y,1,1,0,1,A,-,08,22107,,N,E,8,A,A,H,-,A,D,0,,,,,Y,,D,22,0,0,0,0,0,0,0,0,0,"- ","- ",39.466789245605469,-122.01930999755859,GLENN,UNINCORPORATED,-122.01939392089844,39.466781616210938
92039637,2023,2023-04-07,9160,2023-01-22,"605 ",018128,,7,1,9,1100,0,1,1,,2,004,"I-5 N/B","COUNTY ROAD 35",1584.00,S,N,A,-,Y,GLE,,5," ",R,15.591,H,,R,Y,1,1,1,1,A,-,08,22107,,N,F,A,A,A,H,-,D,D,0,,,,,Y,,A,08,1,0,0,0,0,0,0,0,0,"- ","- ",39.606849670410156,-122.20790100097656,GLENN,UNINCORPORATED,-122.20792388916016,39.606853485107422
92039667,2022,2023-04-07,9160,2022-08-03,1240,017577,,3,1,9,1100,0,1,3,,1,008,"INTERSTATE 5 NORTHBOUND","COUNTY ROAD 24 OVER CROSSING",100.00,S,N,A,-,Y,GLE,,5,,R,22.794,H,,R,Y,1,1,1,1,A,-,08,22107,,N,F,A,A,A,H,-,A,D,0,,,,,Y,,A,07,0,0,1,0,0,0,0,0,0,"- ","- ",39.711029052734375,-122.20603942871094,GLENN,UNINCORPORATED,-122.20600128173828,39.711029052734375
92043264,2023,2023-04-12,9160,2023-04-08,"735 ",018737,,6,1,9,1100,0,1,1,,2,002,"I-5 N/B","COUNTY ROAD 68",230.00,S,N,B,-,Y,GLE,,5," ",R,1.471,H,,R,Y,3,0,2,2,A,-,08,22107,,N,D,C,A,A,H,-,A,D,0,,,,,Y,,D,22,0,2,0,0,0,0,0,0,0,"- ","- ",39.406459808349609,-122.19566345214844,GLENN,UNINCORPORATED,-122.19561767578125,39.406459808349609
92048802,2023,2023-04-19,9160,2023-04-07,1040,017577,,5,1,9,1100,0,1,1,,2,004,"INTERSTATE 5","COUNTY ROAD 39",731.00,N,N,A,-,Y,GLE,,5," ",R,14.016,H,,R,Y,3,0,1,1,A,-,08,22107,,N,E,I,A,B,H,-,A,D,0,,,,Y,Y,,-,"- ",0,1,0,0,0,0,0,0,0,"- ","- ",39.584068298339844,-122.20993041992188,GLENN,UNINCORPORATED,-122.21001434326172,39.584075927734375
92050445,2023,2023-04-21,9160,2023-04-20,1124,019164,,4,1,9,1100,0,1,3,,1,008,SR-32,"COUNTY ROAD VV",8.00,E,N,A,-,Y,GLE,,32," "," ",7.602,H,,R,Y,4,0,1,2,A,-,03,22350,,N,C,C,A,A,H,-,A,D,0,,,,,Y,,A,01,0,0,1,0,0,0,0,0,0,"- ","- ",39.744838714599609,-122.05715942382812,GLENN,UNINCORPORATED,-122.05715942382812,39.744819641113281
92054699,2023,2023-04-27,9160,2023-04-16,1532,021168,,7,2,9,1100,0,2,4,,2,016,"COUNTY ROAD 99W","COUNTY ROAD 27",1584.00,S,N,A,-,N,,,,,,,,,,Y,3,0,2,2,A,-,06,21751,,N,A,C,A,A,H,-,A,D,0,,,,,Y,,A,07,0,2,0,0,0,0,0,0,0,"- ","- ",39.677059173583984,-122.19698333740234,GLENN,UNINCORPORATED,-122.19689178466797,39.677978515625
92063819,2023,2023-05-08,9160,2023-04-23,"140 ",017873,,7,3,9,1100,0,1,1,,2,006,"INTERSTATE 5","COUNTY ROAD 20",7.00,S,N,A,-,Y,GLE,,5," ",R,23.815,H,,R,Y,3,0,1,1,A,-,08,22107,,N,E,I,A,A,H,-,D,D,0,,,,,Y,,A,01,0,1,0,0,0,0,0,0,0,"- ","- ",39.725841522216797,-122.20612335205078,GLENN,UNINCORPORATED,-122.20577239990234,39.725837707519531
92064140,2022,2023-05-08,9160,2022-06-30,0515,015118,,4,3,9,1100,0,3,5,,2,007,"COUNTY ROAD 60","COUNTY ROAD P",372.00,E,N,A,-,N,,,,,,,,,,Y,1,1,0,1,A,-,01,23152,F,N,F,A,A,A,H,-,B,A,0,,,,,Y,,D,22,0,0,0,0,0,0,0,0,0,"- ","- ",39.465438842773438,-122.13706207275391,GLENN,UNINCORPORATED,-122.13546752929688,39.464809417724609
92066748,2023,2023-05-11,9160,2023-05-01,"225 ",015118,,1,3,9,1100,0,1,1,,2,002,"I-5 N/B","CO. RD. 60",5280.00,S,N,A,-,Y,GLE,,5," ",R,4.544,H,,R,Y,3,0,3,1,A,-,08,22107,,N,E,I,A,A,H,-,D,D,0,,,,,Y,,A,01,0,2,1,0,0,0,0,0,0,"- ","- ",39.450759887695312,-122.19326019287109,GLENN,UNINCORPORATED,-122.19332885742188,39.450759887695312
92069960,2023,2023-05-16,9160,2023-04-25,"20  ",020558,,2,3,9,1100,0,3,5,,2,007,"COUNTY ROAD 39","COUNTY ROAD S",1584.00,E,N,A,-,N,,,,,,,,,,Y,3,0,2,1,A,-,03,22350,,N,E,I,A,A,H,-,D,D,0,,,,,Y,,A,01,0,2,0,0,0,0,0,0,0,"- ","- ",39.582408905029297,-122.10095977783203,GLENN,UNINCORPORATED,-122.10186767578125,39.582107543945312
92072008,2023,2023-05-18,9160,2023-05-08,1520,019043,,1,2,9,1100,0,1,3,,2,012,SR-162,"BIG BUTTE CREEK OF(084.11 26)",68.00,E,N,A,-,Y,GLE,,162," "," ",84.156,H,,R,N,4,0,2,2,A,-,09,21804,A,N,D,2,A,A,H,-,A,D,0,,,,Y,Y,,F,26,0,0,2,0,0,0,0,0,0,"- ","- ",39.464118957519531,-121.87816619873047,GLENN,UNINCORPORATED,-121.87816619873047,39.464065551757812
92073255,2022,2023-05-19,9160,2022-02-04,1240,019718,,5,1,9,1100,0,1,1,,2,006,"I-5 SOUTHBOUND","COUNTY ROAD 20",2020.00,S,N,A,-,Y,GLE,,5,,R,23.397,H,,L,Y,1,1,0,1,A,-,08,22107,,N,E,I,A,A,H,-,A,D,0,,,,,Y,,D,22,0,0,0,0,0,0,0,0,0,"- ","- ",39.719779968261719,-122.2059326171875,GLENN,UNINCORPORATED,-122.20614624023438,39.719783782958984
92074577,2023,2023-05-22,9160,2023-05-14,"525 ",017873,,7,3,9,1100,0,1,1,,2,002,"INTERSTATE 5","COUNTY ROAD 57",5280.00,S,N,A,-,Y,GLE,,5," ",R,6.644,H,,R,Y,2,0,1,1,A,-,08,22107,,N,F,A,A,A,H,-,B,D,0,,,,,Y,,D,22,1,0,0,0,0,0,0,0,0,"- ","- ",39.481098175048828,-122.19587707519531,GLENN,UNINCORPORATED,-122.19571685791016,39.481101989746094
92077795,2023,2023-05-25,9160,2023-05-16,1005,018128,,2,1,9,1100,0,3,5,,2,005,"COUNTY ROAD 24","COUNTY ROAD M",0.00,,Y,A,-,N,,,,,,,,,,N,4,0,2,2,A,-,09,21802,A,N,D,C,A,A,H,-,A,A,0,,,,,Y,,M,47,0,0,2,0,0,0,0,0,0,"- ","- ",39.711029052734375,-122.17845916748047,GLENN,UNINCORPORATED,-122.178466796875,39.711032867431641
92077802,2023,2023-05-25,9160,2023-05-18,"220 ",017873,,4,3,9,1100,0,3,5,,2,005,"COUNTY ROAD P","COUNTY ROAD 30",528.00,N,N,A,-,N,,,,,,,,,,Y,3,0,1,1,A,-,08,22107,,N,F,0,A,A,H,-,D,D,0,,,,,Y,,A,01,0,1,0,0,0,0,0,0,0,"- ","- ",39.655258178710938,-122.14067077636719,GLENN,UNINCORPORATED,-122.14078521728516,39.654121398925781
92077806,2023,2023-05-25,9160,2023-05-17,1345,019043,,3,1,9,1100,0,3,5,,2,007,"CO RD V JNO CO RD 44","CO RD 44",90.00,N,N,A,-,N,,,,,,,,,,N,3,0,1,1,A,-,01,23152,A,N,E,I,A,A,H,-,A,D,0,,,,,Y,Y,A,01,0,1,0,0,0,0,0,0,0,"- ","- ",39.558158874511719,-122.06520080566406,GLENN,UNINCORPORATED,-122.23879241943359,39.763874053955078
92079686,2023,2023-06-28,9160,2023-05-16,"817 ",017577,,2,1,9,1100,0,1,3,,2,014,"STATE HIGHWAY 162","162 GLE 50.37",354.00,W,N,A,-,Y,GLE,,162," "," ",50.302,H,,R,Y,2,0,2,2,A,-,08,22107,,F,A,3,A,A,H,-,A,D,0,,,,,Y,,A,07,2,0,0,0,0,0,0,0,0,"- ","- ",39.591499328613281,-122.45892333984375,GLENN,UNINCORPORATED,-122.45888519287109,39.591541290283203
92082674,2023,2023-05-31,9160,2023-05-15,1445,019043,,1,2,9,1100,0,1,1,,2,006,"I-5 FROM SR-32 E/B",SR-32,290.00,S,N,A,-,Y,GLE,,5," ",R,25.466,H,,R,Y,4,0,1,1,A,-,08,22107,,N,F,A,A,A,H,-,A,D,0,,,,Y,Y,,G,25,0,0,1,0,0,0,0,0,0,"- ","- ",39.749740600585938,-122.20533752441406,GLENN,UNINCORPORATED,-122.20539093017578,39.749740600585938
92083672,2023,2023-06-01,9160,2023-05-25,1610,021168,,4,2,9,1100,0,1,1,,2,006,"I-5 S/B","COUNTY ROAD 7",528.00,S,N,A,-,Y,GLE,,5," ",R,27.503,H,,L,N,4,0,1,2,A,-,07,21658,A,N,C,C,A,A,H,-,A,D,0,,,,Y,Y,,D,22,0,0,1,0,0,0,0,0,0,"- ","- ",39.779270172119141,-122.20480346679688,GLENN,UNINCORPORATED,-122.20472717285156,39.779266357421875
92084721,2023,2023-06-02,9160,2023-05-24,1520,019043,,3,2,9,1100,0,3,5,,2,007,"COUNTY ROAD 45","COUNTY RD MM",1500.00,E,N,A,-,N,,,,,,,,,,N,2,0,1,1,A,-,08,22107,,N,F,8,A,A,H,-,A,D,0,,,,,Y,,D,22,1,0,0,0,0,0,0,0,0,"- ","- ",39.553298950195312,-122.15978240966797,GLENN,UNINCORPORATED,-122.15965270996094,39.553348541259766
92084870,2023,2023-06-02,9160,2023-05-29,"750 ",019164,,1,1,9,1100,0,2,4,,2,016,"HWY 99W","COUNTY RD 3",0.00,,Y,A,-,N,,,,,,,,,,Y,4,0,2,2,A,-,03,22350,,N,C,C,A,A,H,-,A,D,0,,,,,Y,,D,22,0,0,2,0,0,0,0,0,0,"- ","- ",39.794349670410156,-122.1973876953125,GLENN,UNINCORPORATED,-122.197391,39.794407
92091624,2023,2023-06-12,9160,2023-06-01,1530,021168,,4,2,9,1100,0,1,3,,1,008,"RT 32","CANAL ROAD",1056.00,W,N,A,-,Y,GLE,,32," "," ",9.268,H,,R,N,3,0,1,1,A,-,06,21751,,N,F,A,A,A,H,-,A,D,0,,,,,Y,,A,01,0,1,0,0,0,0,0,0,0,"- ","- ",39.744640350341797,-122.02603149414062,GLENN,UNINCORPORATED,-122.02602386474609,39.744701385498047
92091758,2023,2023-06-12,9160,2023-06-02,1435,021168,,5,2,9,1100,0,3,5,,2,005,"COUNTY ROAD 99W","COUNTY ROAD 33",0.00,,Y,A,-,N,,,,,,,,,,N,3,0,1,2,A,-,09,21802,A,N,D,C,A,A,H,-,A,D,0,,,,,Y,,D,22,0,1,0,0,0,0,0,0,0,"- ","- ",39.624420166015625,-122.19557189941406,GLENN,UNINCORPORATED,-122.19541168212891,39.624156951904297
92092962,2023,2023-06-13,9160,2023-06-06,1155,017577,,2,1,9,1100,0,3,5,,2,005,"COUNTY ROAD 24","COUNTY ROAD VV",2640.00,E,N,A,-,N,,,,,,,,,,N,4,0,1,1,A,-,08,22107,,N,E,I,A,A,H,-,A,D,0,,,,,Y,,A,01,0,0,1,0,0,0,0,0,0,"- ","- ",39.710769653320312,-122.08663177490234,GLENN,UNINCORPORATED,-122.04540252685547,39.709152221679688
92097751,2023,2023-06-20,9160,2023-06-14,"945 ",018737,,3,1,9,1100,0,3,5,,2,005,"CAPAY AVENUE","5TH AVENUE",48.00,W,N,A,-,N,,,,,,,,,,Y,3,0,1,1,A,-,03,22350,,N,E,I,A,A,H,-,A,A,0,,,,,Y,,M,46,0,1,0,0,0,0,0,0,0,"- ","- ",39.782470703125,-122.10440826416016,GLENN,UNINCORPORATED,-122.10430145263672,39.782501220703125
92110710,2023,2023-07-18,9160,2023-06-27,"945 ",017577,,2,1,9,1100,0,3,5,,2,005,"COUNTY ROAD P","HAIGH RD.",0.00,,Y,A,-,N,,,,,,,,,,Y,4,0,2,2,A,-,09,21802,A,N,A,C,A,A,H,-,A,A,0,,,,,Y,,D,22,0,0,2,0,0,0,0,0,0,"- ","- ",39.717971801757812,-122.14105224609375,GLENN,UNINCORPORATED,-122.1409912109375,39.717952728271484
92114453,2023,2023-07-11,9160,2023-07-01,"930 ",019164,,6,1,9,1100,0,1,3,,2,012,SR-162,"EUREKA ST",2112.00,W,N,A,-,Y,GLE,,162," "," ",77.632,H,,R,Y,2,0,1,1,A,-,01,23152,A,N,E,8,A,A,H,-,A,D,0,,,,,Y,Y,A,07,1,0,0,0,0,0,0,0,0,"- ","- ",39.457908630371094,-121.99234008789062,GLENN,UNINCORPORATED,-121.99240112304688,39.457927703857422
92121813,2023,2023-07-20,9160,2023-07-11,"825 ",017577,,2,1,9,1100,0,1,1,,2,006,"INTERSTATE 5 SOUTHBOUND","NORTH OF COUNTY ROAD 24",1056.00,N,N,A,-,Y,GLE,,5," ",R,24.015,H,,L,N,4,0,1,2,A,-,08,22107,,N,E,I,A,A,H,-,A,D,0,,,,,Y,,A,07,0,0,1,0,0,0,0,0,0,"- ","- ",39.728748321533203,-122.20600128173828,GLENN,UNINCORPORATED,-122.20600891113281,39.728748321533203
92123109,2023,2023-07-21,9160,2023-07-14,2200,021204,,5,3,9,1100,0,1,3,,1,008,SR-32,"CAPAY AVE",50.00,E,N,A,-,Y,GLE,,32," "," ",9.721,H,,R,N,3,0,1,1,A,-,08,22107,,N,F,I,A,A,H,-,C,D,0,,,Y,,Y,,C,02,0,1,0,0,0,0,0,0,1,"- ","- ",39.744991302490234,-122.01766967773438,GLENN,UNINCORPORATED,-122.01763153076172,39.744915008544922
92123342,2023,2023-07-21,9160,2023-07-21,"940 ",018737,,5,1,9,1100,0,1,1,,2,004,"I-5 N/B","COUNTY ROAD 48",5808.00,N,N,A,-,Y,GLE,,5," ",R,11.919,H,,R,Y,3,0,1,1,A,-,08,22107,,N,E,8,A,A,H,-,A,D,0,,,,,Y,,A,01,0,1,0,0,0,0,0,0,0,"- ","- ",39.553939819335938,-122.21469116210938,GLENN,UNINCORPORATED,-122.21466064453125,39.553939819335938
92125598,2023,2023-07-25,9160,2023-07-14,"935 ",019164,,5,1,9,1100,0,1,3,,1,010,SR-45,"COUNTY ROAD 48",25.00,S,N,A,-,Y,GLE,,45," "," ",8.565,H,,R,Y,3,0,2,2,A,-,05,21460,A,N,D,C,A,A,H,-,A,D,0,,,,,Y,,A,01,0,1,1,0,0,0,0,0,0,"- ","- ",39.536170959472656,-122.00939178466797,GLENN,UNINCORPORATED,-122.00937652587891,39.536167144775391
92128050,2023,2023-07-27,9160,2023-07-18,1210,016148,,2,1,9,1100,0,3,5,,2,007,"COUNTY ROAD V  (THE BOULEVARD ROAD)","COUNTY ROAD 39  (BAYLISS BLUE GUM ROAD)",0.00,,Y,A,-,N,,,,,,,,,,Y,4,0,1,2,A,-,09,21802,A,N,D,2,A,A,H,-,A,A,0,,,,,Y,,A,01,0,0,1,0,0,0,0,0,0,"- ","- ",39.582668304443359,-122.06513214111328,GLENN,UNINCORPORATED,-122.06512451171875,39.582664489746094
92128062,2023,2023-07-27,9160,2023-07-17,1428,018895,,1,2,9,1100,0,3,5,,2,003,SR162,"COUNTY ROAD 307",1584.00,E,N,A,-,Y,,,,,,,,,,Y,3,0,6,1,A,-,08,22107,,N,E,8,A,A,H,-,A,D,0,,,,,Y,,D,22,0,6,0,0,0,0,0,0,0,"- ","- ",39.652660369873047,-122.73313903808594,GLENN,UNINCORPORATED,-122.66437530517578,39.664714813232422
92132832,2023,2023-08-01,9160,2023-07-27,"215 ",021204,,4,3,9,1100,0,3,5,,2,005,CR-M,CR-27,3168.00,N,N,A,-,N,,,,,,,,,,Y,4,0,1,1,A,-,08,22107,,N,E,8,A,A,H,-,D,D,0,,,,,Y,,A,07,0,0,1,0,0,0,0,0,0,"- ","- ",39.691200256347656,-122.1778564453125,GLENN,UNINCORPORATED,-122.177931,39.690809000000002
92138523,2023,2023-08-08,9160,2023-07-27,1627,018895,,4,2,9,1100,0,1,3,,2,012,SR-162,"MCDOUGAL STREET",2128.00,E,N,A,-,Y,,,,,,,,,,Y,2,0,1,1,A,-,08,22107,,N,E,J,A,A,H,-,A,D,0,,,,,Y,,A,01,1,0,0,0,0,0,0,0,0,"- ","- ",39.464820861816406,-121.981201171875,GLENN,UNINCORPORATED,-121.981201171875,39.464401245117188
92138543,2023,2023-08-08,9160,2023-08-02,1618,021168,,3,2,9,1100,0,2,4,,2,016,"COUNTY ROAD 99W","COUNTY ROAD 27",1056.00,S,N,A,-,N,,,,,,,,,,N,3,0,1,1,A,-,08,22107,,N,F,A,A,A,H,-,A,D,0,,,,,Y,,D,22,0,1,0,0,0,0,0,0,0,"- ","- ",39.678779602050781,-122.19686889648438,GLENN,UNINCORPORATED,-122.19688415527344,39.679431915283203
92139051,2023,2023-08-08,9160,2023-08-02,"830 ",018128,,3,1,9,1100,0,1,3,,1,008,"STATE ROUTE 32","COUNTY ROAD N",1030.00,E,N,A,-,Y,GLE,,32," "," ",2.202,H,,R,N,4,0,1,2,A,-,09,21804,A,N,D,C,A,A,H,-,A,D,0,,,,,Y,,D,22,0,0,1,0,0,0,0,0,0,"- ","- ",39.74700927734375,-122.15599822998047,GLENN,UNINCORPORATED,-122.15599822998047,39.746994018554688
92145776,2023,2023-08-16,9160,2023-08-04,"928 ",017577,,5,1,9,1100,0,1,1,,2,006,"INTERSTATE 5 N/B","COUNTY ROAD 25 OVERCROSSING",332.00,N,N,A,-,Y,GLE,,5," ",R,21.894,H,,R,Y,2,0,1,1,A,-,08,22107,,N,F,A,A,A,H,-,A,D,0,,,,,Y,,D,22,1,0,0,0,0,0,0,0,0,"- ","- ",39.697990417480469,-122.20533752441406,GLENN,UNINCORPORATED,-122.20528411865234,39.697990417480469
92151241,2023,2023-08-23,9160,2023-08-14,1435,018895,,1,2,9,1100,0,1,3,,1,010,SR-45,"ORD FERRY ROAD",0.00,,Y,A,-,Y,GLE,,45," "," ",15.184,H,,R,Y,2,0,1,2,A,-,09,21802,A,N,D,2,A,A,H,-,A,A,0,,,,,Y,,A,08,1,0,0,0,0,0,0,0,0,"- ","- ",39.630588531494141,-122.00689697265625,GLENN,UNINCORPORATED,-122.00688171386719,39.630588531494141
92151762,2023,2023-08-23,9160,2023-08-20,1226,019164,,7,1,9,1100,0,1,3,,1,010,SR-45,"COUNTY ROAD 32",0.00,,Y,B,-,Y,GLE,,45," "," ",15.183,H,,R,Y,4,0,1,2,A,-,05,21460,C,N,D,C,A,A,H,-,A,D,0,,,,,Y,,A,01,0,0,1,0,0,0,0,0,0,"- ","- ",39.630569458007812,-122.00689697265625,GLENN,UNINCORPORATED,-122.00688171386719,39.630569458007812
92151769,2023,2023-08-23,9160,2023-08-21,1515,021168,,1,2,9,1100,0,1,3,,2,012,"RT 162","COUNTY ROAD Q",200.00,E,N,B,-,Y,GLE,,162," "," ",70.305,H,,R,N,3,0,1,1,A,-,08,22107,,N,E,I,A,A,H,-,A,D,0,,,,,Y,,A,01,0,1,0,0,0,0,0,0,0,"- ","- ",39.523891448974609,-122.12529754638672,GLENN,UNINCORPORATED,-122.12529754638672,39.523857116699219
92154675,2023,2023-08-25,9160,2023-04-26,1933,019718,,3,2,9,1100,0,3,5,,2,005,"COUNTY ROAD P","COUNTY ROAD 24",0.00,,Y,A,-,N,,,,,,,,,,Y,1,1,0,2,A,-,12,22450,A,N,D,C,A,A,H,-,A,A,0,,,,,Y,,D,22,0,0,0,0,0,0,0,0,0,"- ","- ",39.710670471191406,-122.14095306396484,GLENN,UNINCORPORATED,-122.14096832275391,39.710681915283203
92158874,2023,2023-08-30,9160,2023-08-24,1107,018737,,4,1,9,1100,0,1,1,,2,004,"I-5 N/B","STATE ROUTE 162",5280.00,S,N,A,-,Y,GLE,,5," ",R,8.861,H,,R,Y,3,0,1,3,A,-,04,21703,,N,C,C,A,A,D,-,A,A,0,,,,,Y,,A,07,0,1,0,0,0,0,0,0,0,"- ","- ",39.510879516601562,-122.20799255371094,GLENN,UNINCORPORATED,-122.20797729492188,39.510887145996094
92161087,2023,2023-09-01,9160,2023-08-24,1508,021168,,4,2,9,1100,0,1,1,,2,004,"I-5 S/B","COUNTY ROAD 33",1056.00,S,N,A,-,Y,GLE,,5," ",R,16.322,H,,L,Y,2,0,1,2,A,-,03,22350,,N,C,C,A,A,H,-,A,D,0,,,,Y,Y,,G,25,1,0,0,0,0,0,0,0,0,"- ","- ",39.61737060546875,-122.20655059814453,GLENN,UNINCORPORATED,-122.20650482177734,39.617366790771484
92161819,2023,2023-09-04,9160,2023-08-24,1655,021168,,4,2,9,1100,0,2,4,,2,016,"COUNTY ROAD 99W","COUNTY ROAD 48",0.00,,Y,A,-,N,,,,,,,,,,N,3,0,1,2,A,-,01,23152,A,N,D,C,A,A,H,-,A,D,0,,,,,Y,Y,D,22,0,1,0,0,0,0,0,0,0,"- ","- ",39.538871765136719,-122.19348907470703,GLENN,UNINCORPORATED,-122.19345855712891,39.538864135742188
92162054,2023,2023-09-05,9160,2023-08-27,1750,021204,,7,2,9,1100,0,3,5,,2,005,CR-9,"6TH AVE",0.00,,Y,A,-,N,,,,,,,,,,Y,4,0,1,2,A,-,09,21802,A,N,D,2,A,A,H,-,A,A,0,,,,,Y,Y,D,22,0,0,1,0,0,0,0,0,0,"- ","- ",39.768550872802734,-122.10994720458984,GLENN,UNINCORPORATED,-122.109973,39.768540999999999
92165093,2023,2023-09-07,9160,2023-08-31,1500,019718,,4,2,9,1100,0,3,5,,2,005,"COUNTY ROAD 9","4TH AVENUE",0.00,,Y,B,-,N,,,,,,,,,,N,4,0,1,2,A,-,09,21802,A,N,D,C,A,A,H,-,A,A,0,,,,,Y,,A,07,0,0,1,0,0,0,0,0,0,"- ","- ",39.766559600830078,-122.08540344238281,GLENN,UNINCORPORATED,-122.08541107177734,39.766555786132812
92165930,2023,2023-09-08,9160,2023-08-29,1329,021168,,2,1,9,1100,0,1,1,,2,006,"I-5 N/B","COUNTY ROAD 28",5808.00,S,N,A,-,Y,GLE,,5," ",R,18.722,H,,R,Y,3,0,1,3,A,-,03,22350,,N,C,C,A,A,H,-,A,D,0,,,,Y,Y,,G,25,0,1,0,0,0,0,0,0,0,"- ","- ",39.652011871337891,-122.20420837402344,GLENN,UNINCORPORATED,-122.20420074462891,39.652011871337891
92170947,2023,2023-09-15,9160,2023-09-07,2055,021168,,4,2,9,1100,0,1,3,,1,008,"RT 32","CR RR",528.00,W,N,A,-,Y,GLE,,32," ",R,4.294,H,,R,N,4,0,1,2,C,-,18,,,N,H,C,A,A,H,-,D,D,0,,,,,Y,,-,"- ",0,0,1,0,0,0,0,0,0,"- ","- ",39.746711730957031,-122.11917877197266,GLENN,UNINCORPORATED,-122.11917877197266,39.746768951416016
92179032,2023,2023-10-13,9160,2023-09-13,1142,016148,,3,1,9,1100,0,1,3,,1,010,SR-45,"1ST AVE",2640.00,S,N,A,-,Y,GLE,,45," "," ",22.111,H,,R,Y,3,0,2,2,A,-,03,22350,,N,C,2,A,A,D,-,A,A,0,,,,,Y,,A,08,0,1,1,0,0,0,0,0,0,"- ","- ",39.729339599609375,-122.01210021972656,GLENN,UNINCORPORATED,-122.01213073730469,39.729331970214844
92184971,2023,2023-10-02,9160,2023-09-16,2230,018128,,6,3,9,1100,0,3,5,,2,005,"COUNTY ROAD S","COUNTY ROAD 33",86.00,N,N,A,-,N,,,,,,,,,,N,2,0,2,1,A,-,03,22350,,N,E,I,A,A,H,-,D,A,0,,,,,Y,,A,01,1,0,1,0,0,0,0,0,0,"- ","- ",39.623729705810547,-122.10401916503906,GLENN,UNINCORPORATED,-122.10422515869141,39.623672485351562
92189535,2023,2023-10-03,9160,2023-09-23,2305,017873,,6,3,9,1100,0,1,1,,2,002,"INTERSTATE 5 NB","COUNTY ROAD 68",5280.00,N,N,A,-,Y,GLE,,5," ",R,2.534,H,,R,Y,2,0,3,1,A,-,01,23152,A,N,F,A,A,A,H,-,D,D,0,,,,,Y,Y,A,07,1,2,0,0,0,0,0,0,0,"- ","- ",39.421680450439453,-122.19306945800781,GLENN,UNINCORPORATED,-122.19309997558594,39.421680450439453
92190123,2023,2023-10-04,9160,2023-09-22,2230,017873,,5,3,9,1100,0,1,3,,2,014,"RT 162","COUNTY ROAD D",0.00,,Y,A,-,Y,GLE,,162," "," ",63.654,H,,R,Y,3,0,1,2,A,-,12,22450,A,N,D,C,A,A,H,-,D,A,0,,,,,Y,,D,22,0,1,0,0,0,0,0,0,0,"- ","- ",39.524181365966797,-122.24971008300781,GLENN,UNINCORPORATED,-122.24971008300781,39.524154663085938
92194479,2023,2023-10-09,9160,2023-06-21,"505 ",017577,,3,3,9,1100,0,3,5,,2,007,"COUNTY ROAD P","COUNTY ROAD 60",0.00,,Y,A,-,N,,,,,,,,,,Y,1,1,0,1,A,-,01,23152,A,N,E,I,A,A,H,-,B,D,0,,,,,Y,Y,D,22,0,0,0,0,0,0,0,0,0,"- ","- ",39.46514892578125,-122.13664245605469,GLENN,UNINCORPORATED,-122.13666534423828,39.465217590332031
92202422,2023,2023-10-18,9160,2023-10-09,2300,016148,,1,3,9,1100,0,1,1,,2,002,"COUNTY ROAD P",SR-162,5280.00,S,N,A,-,N,,,,,,,,,,N,3,0,1,1,A,-,08,22107,,N,E,I,A,A,H,-,D,A,0,,,,,Y,,D,22,0,1,0,0,0,0,0,0,0,"- ","- ",39.509918212890625,-122.13674163818359,GLENN,UNINCORPORATED,-122.13676452636719,39.509601593017578
92203640,2023,2023-10-19,9160,2023-10-06,1930,021168,,5,2,9,1100,0,2,4,,2,016,"COUNTY ROAD 99W","COUNTY ROAD 30",160.00,S,N,A,-,N,,,,,,,,,,N,3,0,2,1,A,-,08,22107,,N,F,A,A,A,H,-,D,D,0,,,,,Y,,A,01,0,1,1,0,0,0,0,0,0,"- ","- ",39.652679443359375,-122.19706726074219,GLENN,UNINCORPORATED,-122.19712066650391,39.652820587158203
92229136,2023,2023-11-06,9160,2023-10-22,1910,019043,,7,2,9,1100,0,3,5,,2,003,"CO RD 200","MORRISON BRYAN RD",8976.00,W,N,B,C,N,,,,,,,,,,N,4,0,1,1,A,-,08,22107,,N,E,8,A,B,H,-,D,D,0,,,,,Y,,-,"- ",0,0,1,0,0,0,0,0,0,"- ","- ",39.788619995117188,-122.45757293701172,GLENN,UNINCORPORATED,-122.45735168457031,39.788749694824219
92230162,2023,2023-11-07,9160,2023-10-28,"550 ",018737,,6,3,9,1100,0,1,3,,1,010,SR-45,"COUNTY ROAD 33",965.00,N,N,A,-,Y,GLE,,45," "," ",14.870,H,,R,Y,3,0,2,1,A,-,08,22107,,N,F,A,A,A,H,-,D,D,0,,,,,Y,,A,07,0,2,0,0,0,0,0,0,0,"- ","- ",39.625999450683594,-122.00704956054688,GLENN,UNINCORPORATED,-122.00702667236328,39.625999450683594
92231408,2023,2023-11-08,9160,2023-10-06,1225,019718,,5,1,9,1100,0,3,5,,2,005,"6TH AVENUE",SR-32,250.00,N,N,A,-,N,,,,,,,,,,Y,3,0,1,1,A,-,08,22107,,N,E,I,A,A,H,-,A,D,0,,,,,Y,,A,01,0,1,0,0,0,0,0,0,0,"- ","- ",39.745540618896484,-122.09358215332031,GLENN,UNINCORPORATED,-122.19754028320312,39.748096466064453
92232252,2023,2023-11-29,9160,2023-10-26,1735,021168,,4,2,9,1100,0,2,4,,2,016,"COUNTY ROAD 99W","COUNTY ROAD 3",0.00,,Y,A,-,N,,,,,,,,,,N,2,0,5,2,A,-,03,22350,,N,C,C,A,A,H,-,A,D,0,,,,,Y,Y,A,01,1,3,1,0,0,0,0,0,0,"- ","- ",39.794399261474609,-122.19741821289062,GLENN,UNINCORPORATED,-122.19741058349609,39.794410705566406
92233096,2023,2023-11-13,9160,2023-11-04,1210,018737,,6,1,9,1100,0,1,1,,2,002,"I-5 S/B","COUNTY ROAD 68",8976.00,N,N,B,-,Y,GLE,,5," ",R,3.238,H,,L,N,4,0,1,2,A,-,07,21658,A,N,B,C,A,A,H,-,A,D,0,,,,,Y,,A,01,0,0,1,0,0,0,0,0,0,"- ","- ",39.431919097900391,-122.19355773925781,GLENN,UNINCORPORATED,-122.19353485107422,39.431919097900391
92234309,2023,2023-11-13,9160,2023-11-01,"35  ",015118,,3,3,9,1100,0,1,1,,2,004,"I-5 S/B","CO. RD. 39",2112.00,N,N,A,-,Y,GLE,,5," ",R,14.321,H,,L,Y,4,0,1,2,A,-,03,22350,,N,C,C,A,A,H,-,D,D,0,,,,Y,Y,,G,25,0,0,1,0,0,0,0,0,0,"- ","- ",39.588489532470703,-122.20987701416016,GLENN,UNINCORPORATED,-122.20980072021484,39.588485717773438
92237923,2023,2023-11-16,9160,2023-11-04,1315,021580,,6,1,9,1100,0,2,4,,2,016,"COUNTY ROAD 99W","COUNTY ROAD 30",0.00,,Y,A,-,Y,,,,,,,,,,Y,3,0,1,2,A,-,03,22350,,N,C,C,A,A,H,-,A,D,0,,,,,Y,,D,22,0,1,0,0,0,0,0,0,0,"- ","- ",39.653301239013672,-122.19715118408203,GLENN,UNINCORPORATED,-122.19710540771484,39.653263092041016
92238406,2023,2023-11-16,9160,2023-11-04,1355,021204,,6,1,9,1100,0,3,5,,2,005,CR-9,CR-P,0.00,,Y,A,-,N,,,,,,,,,,Y,3,0,3,2,A,-,12,22450,A,N,D,2,A,A,H,-,A,A,0,,,,,Y,,A,01,0,2,1,0,0,0,0,0,0,"- ","- ",39.768569946289062,-122.14087677001953,GLENN,UNINCORPORATED,-122.14089300000001,39.768583
92241062,2023,2023-11-20,9160,2023-11-08,"802 ",016148,,3,1,9,1100,0,1,1,,2,002,"COUNTY ROAD 39","COUNTY ROAD 99W",1056.00,E,N,A,-,N,,,,,,,,,,Y,3,0,3,2,A,-,03,22350,,N,C,C,A,A,H,-,A,A,0,,,,,Y,,D,22,0,3,0,0,0,0,0,0,0,"- ","- ",39.583869934082031,-122.19075775146484,GLENN,UNINCORPORATED,-122.19068145751953,39.583873748779297
92241126,2023,2023-11-20,9160,2023-10-19,1254,017577,,4,1,9,1100,0,1,1,,2,002,"INTERSTATE 5 N/B","COUNTY ROAD 60",3168.00,N,N,A,-,Y,GLE,,5," ",R,6.185,H,,R,N,3,0,1,1,A,-,08,22107,,N,F,A,A,A,H,-,A,D,0,,,Y,,Y,,C,02,0,1,0,0,0,0,0,0,1,"- ","- ",39.474441528320312,-122.19574737548828,GLENN,UNINCORPORATED,-122.19567108154297,39.474441528320312
92242188,2023,2023-11-21,9160,2023-11-09,1705,019043,,4,2,9,1100,0,1,3,,1,010,SR-45,SR-162,0.00,,Y,A,-,Y,GLE,,45," "," ",7.527,H,,R,N,3,0,1,2,A,-,12,22450,A,N,D,C,A,A,H,-,A,A,0,,,,,Y,,A,07,0,1,0,0,0,0,0,0,0,"- ","- ",39.521770477294922,-122.01392364501953,GLENN,UNINCORPORATED,-122.01404571533203,39.52178955078125
92242201,2023,2023-11-21,9160,2023-09-28,2325,015118,,4,3,9,1100,0,1,1,,2,004,"I-5 N/B","CO. RD. 39",719.00,N,N,A,-,Y,GLE,,5," ",R,14.033,H,,R,Y,3,0,14,2,A,-,03,22350,,N,B,2,A,A,H,-,D,D,0,,,,Y,Y,,G,25,0,14,0,0,0,0,0,0,0,"- ","- ",39.584331512451172,-122.20990753173828,GLENN,UNINCORPORATED,-122.20997619628906,39.584335327148438
92247958,2023,2023-11-29,9160,2023-11-20,1522,018750,,1,2,2,1101,0,1,1,,2,006,"I-5 N/B",SR-32,1500.00,S,N,G,-,Y,GLE,,5," ",R,25.206,H,,R,Y,3,0,2,1,A,-,08,22107,,N,F,A,A,A,H,-,A,D,0,,,,,Y,,E,22,0,2,0,0,0,0,0,0,0,"- ","- ",39.745979309082031,-122.20543670654297,GLENN,ORLAND,-122.2054443359375,39.745979309082031
92259180,2023,2023-12-11,9160,2023-06-16,1602,019718,,5,2,9,1100,0,1,1,,2,002,"INTERSTATE 5 SOUTHBOUND","COUNTY ROAD 57",563.00,S,N,A,-,Y,GLE,,5," ",R,7.747,H,,L,Y,1,3,1,2,A,-,08,22107,,N,H,A,A,A,H,-,A,D,0,,,,,Y,,A,08,0,1,0,0,0,0,0,0,0,"- ","- ",39.496860504150391,-122.19803619384766,GLENN,UNINCORPORATED,-122.19810485839844,39.496841430664062
92265334,2023,2023-12-21,9160,2023-12-06,1510,019043,,3,2,9,1100,0,1,3,,1,008,SR-32,"CO RD P",0.00,,Y,B,C,Y,GLE,,32," "," ",3.000,H,,R,N,4,0,2,4,A,-,01,23152,A,N,D,C,A,B,H,-,A,A,0,,,,,Y,Y,A,01,0,0,2,0,0,0,0,0,0,"- ","- ",39.7469482421875,-122.14095306396484,GLENN,UNINCORPORATED,-122.14095306396484,39.746917724609375
92266214,2023,2023-12-19,9160,2023-12-10,1642,021580,,7,2,9,1100,0,2,4,,2,016,"COUNTY ROAD 99W","COUNTY ROAD 20",836.00,N,N,A,-,Y,,,,,,,,,,N,4,0,2,2,A,-,01,23152,A,N,C,C,A,A,H,-,B,D,0,,,,,Y,Y,D,22,0,0,2,0,0,0,0,0,0,"- ","- ",39.727989196777344,-122.19654846191406,GLENN,UNINCORPORATED,-122.19654846191406,39.727985382080078
92268624,2023,2023-12-21,9160,2023-12-11,1715,019043,,1,2,9,1100,0,1,3,,1,010,SR-45,"1ST ST",2640.00,S,N,A,-,Y,GLE,,45," "," ",22.229,H,,R,N,4,0,2,2,A,-,09,21801,A,N,D,C,A,A,H,-,D,D,0,,,,,Y,,A,01,0,0,2,0,0,0,0,0,0,"- ","- ",39.730968475341797,-122.01275634765625,GLENN,UNINCORPORATED,-122.01280975341797,39.73095703125
92268631,2023,2023-12-21,9160,2023-12-14,1932,021580,,4,2,9,1100,0,2,4,,2,016,"COUNTY ROAD 99W","COUNTY ROAD 20",0.00,,Y,A,-,Y,,,,,,,,,,Y,3,0,2,2,A,-,03,22350,,N,C,C,A,A,H,-,D,D,0,,,,,Y,,A,07,0,1,1,0,0,0,0,0,0,"- ","- ",39.725749969482422,-122.19693756103516,GLENN,UNINCORPORATED,-122.19692230224609,39.725711822509766
92269155,2023,2023-12-22,9160,2023-12-15,1750,019043,,5,2,9,1100,0,2,4,,2,016,"HWY 99W","CO RD 18",40.00,N,N,A,-,N,,,,,,,,,,N,4,0,2,2,A,-,03,22350,,N,C,C,A,A,H,-,D,D,0,,,,,Y,,-,"- ",0,0,2,0,0,0,0,0,0,"- ","- ",39.733058929443359,-122.19682312011719,GLENN,UNINCORPORATED,-122.19676699999999,39.733066000000001
92272223,2023,2023-12-27,9160,2023-12-21,1443,021580,,4,2,9,1100,0,3,5,,2,005,"COUNTY ROAD 13","COUNTY ROAD MM",8.00,E,N,A,-,N,,,,,,,,,,Y,3,0,1,1,A,-,01,23152,A,N,E,8,A,A,H,-,A,D,0,,,,,Y,Y,A,07,0,1,0,0,0,0,0,0,0,"- ","- ",39.750831604003906,-122.16908264160156,GLENN,UNINCORPORATED,-122.1693115234375,39.750770568847656
92278491,2023,2024-01-03,9160,2023-12-27,1100,018128,,3,1,9,1100,0,1,1,,2,004,"I-5 NB","BOYD OVERFLOW 11.98 11 0063R 1966",345.00,N,N,C,-,Y,GLE,,5," ",R,12.041,H,,R,N,3,0,1,1,A,-,03,22350,,N,E,I,A,B,H,-,A,D,0,,,,,Y,,A,01,0,1,0,0,0,0,0,0,0,"- ","- ",39.555709838867188,-122.21463775634766,GLENN,UNINCORPORATED,-122.21446228027344,39.555694580078125
92278506,2023,2024-01-03,9160,2023-12-27,1020,018737,,3,1,9,1100,0,1,3,,2,014,"STATE ROUTE 162","COUNTY ROAD 306",4752.00,E,N,B,C,Y,GLE,,162," "," ",46.092,H,,R,Y,3,0,1,1,A,-,01,23152,A,N,E,8,A,B,H,-,A,D,0,,,,,Y,Y,A,07,0,1,0,0,0,0,0,0,0,"- ","- ",39.615501403808594,-122.51332855224609,GLENN,UNINCORPORATED,-122.51333618164062,39.615486145019531
92281970,2024,2024-01-08,9160,2024-01-04,1709,021580,,4,2,9,1100,0,1,3,,1,008,SR-32,"COUNTY ROAD P",1758.00,E,N,A,-,Y,GLE,,32," "," ",3.371,H,,R,Y,3,0,3,2,A,-,03,22350,,N,C,2,A,A,H,-,D,D,0,,,,,Y,,A,01,0,1,2,0,0,0,0,0,0,"- ","- ",39.746860504150391,-122.13461303710938,GLENN,UNINCORPORATED,-122.13461303710938,39.746883392333984
92282892,2023,2024-01-09,9160,2023-12-29,1230,018737,,5,1,9,1100,0,1,3,,1,010,"STATE ROUTE 45","COUNTY ROAD 59",1584.00,S,N,B,-,Y,GLE,,45," "," ",4.351,H,,R,N,3,0,1,1,A,-,08,22107,,N,E,8,A,B,H,-,A,D,0,,,,,Y,,D,22,0,1,0,0,0,0,0,0,0,"- ","- ",39.475761413574219,-122.01872253417969,GLENN,UNINCORPORATED,-122.01879119873047,39.475765228271484
92283054,2024,2024-01-09,9160,2024-01-07,2230,015118,,7,3,9,1100,0,3,5,,2,005,"CO. RD. V","CO. RD. 31",2640.00,S,N,A,-,N,,,,,,,,,,Y,4,0,1,1,A,-,08,22107,,N,E,8,A,A,H,-,D,D,0,,,,,Y,,A,01,0,0,1,0,0,0,0,0,0,"- ","- ",39.629138946533203,-122.06491851806641,GLENN,UNINCORPORATED,-122.06497955322266,39.630722045898438
92294101,2024,2024-01-22,9160,2024-01-21,1910,017873,,7,2,9,1100,0,1,1,,2,006,"INTERSTATE 5 NB","COUNTY ROAD 33",2112.00,N,N,C,-,Y,GLE,,5," ",R,17.274,H,,R,Y,4,0,1,1,A,-,03,22350,,N,E,I,A,B,H,-,D,D,0,,,,,Y,,A,01,0,0,1,0,0,0,0,0,0,"- ","- ",39.631000518798828,-122.20401000976562,GLENN,UNINCORPORATED,-122.20404052734375,39.631000518798828
92300105,2024,2024-04-17,9160,2024-01-18,"408 ",021168,,4,3,9,1100,0,1,1,,2,002,"I-5 N/B","COUNTY ROAD 60",2640.00,N,N,A,-,Y,GLE,,5," ",R,6.044,H,,R,Y,4,0,2,1,A,-,08,22107,,N,E,8,A,A,H,-,D,D,0,,,,Y,Y,,G,25,0,0,2,0,0,0,0,0,0,"- ","- ",39.472389221191406,-122.19564056396484,GLENN,UNINCORPORATED,-122.19565582275391,39.472389221191406
92302326,2024,2024-02-09,9160,2024-01-25,"648 ",017577,,4,1,9,1100,0,1,3,,1,008,"STATE HIGHWAY 32","COUNTY ROAD P",0.00,,Y,B,-,Y,GLE,,32," "," ",3.006,H,,R,Y,4,0,1,2,A,-,03,22350,,N,D,C,A,B,C,-,B,D,0,,,,,Y,,A,01,0,0,1,0,0,0,0,0,0,"- ","- ",39.746891021728516,-122.14083862304688,GLENN,UNINCORPORATED,-122.14083862304688,39.746917724609375
92302328,2024,2024-02-09,9160,2024-01-25,"743 ",017577,,4,1,9,1100,0,1,3,,1,008,"STATE HIGHWAY 32","COUNTY ROAD P",0.00,,Y,B,-,Y,GLE,,32," "," ",3.002,H,,R,Y,4,0,2,2,A,-,09,21801,A,N,D,C,A,B,H,-,B,D,0,,,,,Y,,A,07,0,0,2,0,0,0,0,0,0,"- ","- ",39.746898651123047,-122.14089965820312,GLENN,UNINCORPORATED,-122.14089965820312,39.746917724609375
92303843,2024,2024-02-02,9160,2024-01-24,"655 ",018895,,3,1,9,1100,0,1,1,,2,004,"I-5 NORTHBOUND",SR-162,4224.00,S,N,B,C,Y,GLE,,5," ",R,8.944,H,,R,Y,4,0,1,2,D,-,00,,,N,B,C,A,B,H,-,D,D,0,,,,,Y,,-,"- ",0,0,1,0,0,0,0,0,0,"- ","- ",39.511890411376953,-122.20883941650391,GLENN,UNINCORPORATED,-122.20882415771484,39.511898040771484
92306805,2024,2024-02-06,9160,2024-01-26,"849 ",021580,,5,1,9,1100,0,1,1,,2,004,"I-5 S/B","COUNTY ROAD 33",200.00,S,N,A,-,Y,GLE,,5," ",R,16.762,H,,L,Y,4,0,3,2,A,-,07,21658,A,N,D,C,A,A,H,-,A,D,0,,,,Y,Y,,G,25,0,0,3,0,0,0,0,0,0,"- ","- ",39.623691558837891,-122.20543670654297,GLENN,UNINCORPORATED,-122.20546722412109,39.623691558837891
92309640,2024,2024-02-08,9160,2024-01-28,"425 ",021204,,7,3,9,1100,0,3,5,,2,003,"CR 200 (NEWVILLE ROAD)","COUNTY ROAD 206",330.00,E,N,B,-,Y,,,,,,,,,,N,3,0,1,1,A,-,08,22107,,N,E,8,A,A,H,-,D,D,0,,,,,Y,,A,01,0,1,0,0,0,0,0,0,0,"- ","- ",39.781631469726562,-122.29377746582031,GLENN,UNINCORPORATED,-122.29383087158203,39.781597137451172
92310457,2024,2024-02-09,9160,2024-01-31,1713,017577,,3,2,9,1100,0,1,3,,1,010,"STATE ROUTE 45","STATE ROUTE 162",0.00,,Y,B,C,Y,GLE,,45," "," ",7.527,H,,R,N,4,0,2,2,A,-,03,22350,,N,D,C,A,B,H,-,B,A,0,,,,,Y,,A,07,0,0,2,0,0,0,0,0,0,"- ","- ",39.521778106689453,-122.01394653320312,GLENN,UNINCORPORATED,-122.01404571533203,39.521797180175781
92313150,2023,2024-02-13,9160,2023-10-13,"340 ",017873,,5,3,9,1100,0,1,1,,2,004,"INTERSTATE 5 SOUTHBOUND","COUNTY ROAD 57",2112.00,N,N,A,-,Y,GLE,,5," ",R,8.090,H,,L,Y,1,1,5,1,A,-,08,22107,,N,F,A,A,A,H,-,D,D,0,,,,,Y,,A,07,3,1,1,0,0,0,0,0,0,"- ","- ",39.501388549804688,-122.20066070556641,GLENN,UNINCORPORATED,-122.20053863525391,39.501430511474609
92314007,2023,2024-02-14,9160,2023-12-17,"130 ",021204,,7,3,9,1100,0,1,1,,2,006,"I-5 N/B",CR-7,4752.00,S,N,A,-,Y,GLE,,5," ",R,26.967,H,,R,N,1,1,0,2,A,-,11,21954,A,F,G,B,E,A,H,-,D,D,0,Y,,,,Y,,N,60,0,0,0,1,0,0,0,0,0,"- ","- ",39.771369934082031,-122.20474243164062,GLENN,UNINCORPORATED,-122.20476531982422,39.771369934082031
92320907,2024,2024-04-18,9160,2024-02-11,1324,016148,,7,1,9,1100,0,1,1,,2,002,"I-5 N/B","COUNTY ROAD 60",3696.00,S,N,A,-,Y,GLE,,5," ",R,4.911,H,,R,Y,2,0,1,1,A,-,08,22107,,N,E,I,A,A,H,-,A,D,0,,,,,Y,,A,01,1,0,0,0,0,0,0,0,0,"- ","- ",39.456081390380859,-122.19333648681641,GLENN,UNINCORPORATED,-122.19337463378906,39.456077575683594
92326981,2024,2024-02-29,9160,2024-02-17,1249,021580,,6,1,9,1100,0,3,5,,2,005,"COUNTY ROAD 9","COUNTY ROAD P",0.00,,Y,B,C,N,,,,,,,,,,Y,3,0,1,2,A,-,09,21802,A,N,D,2,A,B,H,-,A,A,0,,,,,Y,,D,22,0,1,0,0,0,0,0,0,0,"- ","- ",39.768581390380859,-122.140869140625,GLENN,UNINCORPORATED,-122.14088439941406,39.768543243408203
92343267,2024,2024-03-20,9160,2024-03-11,2015,017873,,1,2,9,1100,0,1,3,,1,008,SR-32,"COUNTY ROAD P",528.00,W,N,C,-,Y,GLE,,32," "," ",2.905,H,,R,Y,3,0,2,2,A,-,09,21804,A,F,A,C,A,B,H,-,D,D,0,,,,,Y,,A,07,0,2,0,0,0,0,0,0,0,"- ","- ",39.746791839599609,-122.14273834228516,GLENN,UNINCORPORATED,-122.14273834228516,39.746929168701172
92345013,2024,2024-03-22,9160,2024-03-14,"740 ",022188,,4,1,9,1100,0,3,5,,2,005,"COUNTY ROAD 24","COUNTY ROAD PP",41.00,E,N,A,-,N,,,,,,,,,,N,4,0,5,2,A,-,03,22350,,N,C,C,A,A,H,-,A,D,0,,,,,Y,,A,07,0,0,5,0,0,0,0,0,0,"- ","- ",39.710578918457031,-122.13224029541016,GLENN,UNINCORPORATED,-122.13230133056641,39.710601806640625
92346654,2024,2024-03-25,9160,2024-03-13,"745 ",019043,,3,1,9,1100,0,3,5,,2,005,"5TH AVE","CO RD 9",0.00,,Y,A,-,N,,,,,,,,,,Y,2,0,1,2,A,-,09,21802,A,N,D,C,A,A,H,-,A,A,0,,,,,Y,,A,01,1,0,0,0,0,0,0,0,0,"- ","- ",39.768020629882812,-122.10417938232422,GLENN,UNINCORPORATED,-122.10424041748047,39.768039703369141
92349978,2024,2024-03-28,9160,2024-03-18,2500,018128,,1,4,9,1100,0,1,1,,2,006,"I-5 N/B","STONY CREEK",178.00,S,N,A,-,Y,GLE,,5," ",R,26.846,H,,R,Y,2,0,1,1,A,-,08,22107,,N,E,I,A,A,H,-,B,D,0,,,,,Y,,D,22,1,0,0,0,0,0,0,0,0,"- ","- ",39.769588470458984,-122.20488739013672,GLENN,UNINCORPORATED,-122.20484924316406,39.769588470458984
92349984,2024,2024-03-29,9160,2024-03-18,"630 ",016148,,1,1,9,1100,0,1,3,,1,008,SR-32,"SACRAMENTO AVE.",0.00,,Y,A,-,Y,GLE,,32," "," ",10.184,H,,R,N,3,0,1,2,A,-,01,23152,A,M,D,C,A,A,H,-,D,A,0,,,,,Y,Y,D,22,0,1,0,0,0,0,0,0,0,"- ","- ",39.747348785400391,-122.00921630859375,GLENN,UNINCORPORATED,-122.00923919677734,39.747402191162109
92351838,2024,2024-04-01,9160,2024-03-20,1338,016148,,3,1,9,1100,0,1,3,,1,008,SR-32,SR-45,1056.00,W,N,A,-,Y,GLE,,32," "," ",9.404,H,,R,Y,4,0,2,2,A,-,09,21804,A,N,B,C,A,A,H,-,A,D,0,,,,,Y,,A,07,0,0,2,0,0,0,0,0,0,"- ","- ",39.744609832763672,-122.02349090576172,GLENN,UNINCORPORATED,-122.02349090576172,39.744617462158203
92351839,2024,2024-04-02,9160,2024-03-21,2040,021168,,4,2,9,1100,0,3,5,,2,007,"COUNTY ROAD 61","COUNTY ROAD 60",3696.00,E,N,A,-,N,,,,,,,,,,N,4,0,2,1,A,-,08,22107,,N,E,I,A,A,H,-,D,D,0,,,,,Y,,D,22,0,0,2,0,0,0,0,0,0,"- ","- ",39.458061218261719,-122.08595275878906,GLENN,UNINCORPORATED,-122.08305358886719,39.457996368408203
92357668,2024,2024-04-05,9160,2024-03-28,1107,017577,,4,1,9,1100,0,1,1,,2,006,"INTERSTATE 5 N/B TO STATE ROUTE 32","STATE ROUTE 32",45.00,S,N,A,-,Y,GLE,,32," ",L,0.109,H,,R,Y,3,0,1,1,A,-,03,22350,,N,F,A,A,A,H,-,A,A,0,,,Y,,Y,,C,02,0,1,0,0,0,0,0,0,1,"- ","- ",39.749801635742188,-122.20381164550781,GLENN,UNINCORPORATED,-122.20369720458984,39.749965667724609
92357669,2024,2024-04-05,9160,2024-03-02,"648 ",018895,,6,1,9,1100,0,3,5,,2,001,"COUNTY ROAD 48","COUNTY ROAD G",1309.00,W,N,B,-,N,,,,,,,,,,Y,3,0,1,1,A,-,08,22107,,N,E,I,A,A,H,-,A,D,0,,,,,Y,,A,01,0,1,0,0,0,0,0,0,0,"- ","- ",39.538848876953125,-122.22142028808594,GLENN,UNINCORPORATED,-122.22159576416016,39.538818359375
92360135,2023,2024-04-09,9160,2023-10-21,2027,019718,,6,2,9,1100,0,1,3,,1,008,"STATE ROUTE 32","COUNTY ROAD Q",1584.00,E,N,A,-,Y,GLE,,32," "," ",3.979,H,,R,Y,1,1,0,2,A,-,03,22350,,N,D,C,A,A,H,-,D,D,0,,,Y,,Y,,C,02,0,0,0,0,0,0,0,1,0,"- ","- ",39.746780395507812,-122.12245941162109,GLENN,UNINCORPORATED,-122.12245941162109,39.746822357177734
92361164,2024,2024-04-10,9160,2024-04-01,1540,018128,,1,2,9,1100,0,2,4,,2,016,"COUNTY ROAD 99W","COUNTY ROAD 24",560.00,N,N,A,-,N,,,,,,,,,,N,3,0,1,3,A,-,03,22350,,N,C,C,A,A,C,-,A,D,0,,,,,Y,,D,22,0,1,0,0,0,0,0,0,0,"- ","- ",39.712799072265625,-122.19709777832031,GLENN,UNINCORPORATED,-122.19709777832031,39.712738037109375
92361228,2024,2024-04-10,9160,2024-03-29,1021,021580,,5,1,9,1100,0,1,1,,2,006,"I-5 N/B","COUNTY ROAD 27",2200.00,N,N,B,C,Y,GLE,,5," ",R,21.243,H,,R,Y,3,0,2,1,A,-,08,22107,,N,E,8,A,B,H,-,A,D,0,,,,,Y,,D,22,0,2,0,0,0,0,0,0,0,"- ","- ",39.688579559326172,-122.20467376708984,GLENN,UNINCORPORATED,-122.20472717285156,39.688579559326172
92362569,2024,2024-04-11,9160,2024-04-01,1345,019043,,1,1,9,1100,0,1,1,,2,004,"I-5 N/B","CO RD 48",1550.00,S,N,A,-,Y,GLE,,5," ",R,10.593,H,,R,N,4,0,1,1,A,-,08,22107,,N,E,I,A,A,H,-,A,D,0,,,,,Y,,A,01,0,0,1,0,0,0,0,0,0,"- ","- ",39.534690856933594,-122.21456909179688,GLENN,UNINCORPORATED,-122.21463012695312,39.534690856933594
92363029,2024,2024-04-12,9160,2024-04-11,1040,021580,,4,1,9,1100,0,2,4,,2,016,"COUNTY ROAD 99W","COUNTY ROAD 35",4752.00,S,N,A,-,N,,,,,,,,,,Y,3,0,1,1,C,-,18,,,N,H,H,A,A,H,-,A,D,0,,,,,Y,,-,"- ",0,1,0,0,0,0,0,0,0,"- ","- ",39.597469329833984,-122.19396209716797,GLENN,UNINCORPORATED,-122.19393920898438,39.598331451416016
92365512,2024,2024-04-16,9160,2024-03-10,1940,015118,,7,2,9,1100,0,1,1,,2,004,"I-5 N/B",SR-162,1584.00,S,N,B,C,Y,,,,,,,,,,N,1,1,0,2,A,-,11,21954,A,F,G,B,E,B,H,-,D,D,0,Y,,,,Y,,N,60,0,0,0,1,0,0,0,0,0,"- ","- ",39.514949798583984,-122.21389770507812,GLENN,UNINCORPORATED,-122.21459197998047,39.523571014404297
92366955,2024,2024-04-17,9160,2024-04-09,1942,020558,,2,2,9,1100,0,3,5,,2,001,"COUNTY ROAD FF","STATE HIGHWAY 162",2112.00,S,N,A,-,N,,,,,,,,,,Y,3,0,1,1,A,-,01,23152,A,N,E,I,A,A,H,-,A,D,0,,,,,Y,Y,D,22,0,1,0,0,0,0,0,0,0,"- ","- ",39.51837158203125,-122.22679138183594,GLENN,UNINCORPORATED,-122.22673797607422,39.518428802490234
92367049,2024,2024-04-17,9160,2024-04-05,1852,022188,,5,2,9,1100,0,3,5,,2,001,"COUNTY ROAD D","COUNTY ROAD 39",7603.00,N,N,A,-,N,,,,,,,,,,Y,3,0,1,1,A,-,08,22107,,N,F,A,A,A,H,-,A,D,0,,,,,Y,,D,22,0,1,0,0,0,0,0,0,0,"- ","- ",39.559761047363281,-122.24968719482422,GLENN,UNINCORPORATED,-122.24982452392578,39.603237152099609
92375409,2024,2024-04-25,9160,2024-04-15,1355,016148,,1,1,9,1100,0,1,1,,2,002,"I-5 N/B","COUNTY ROAD 68",230.00,S,N,A,-,Y,GLE,,5," ",R,1.468,H,,R,N,4,0,1,1,A,-,08,22107,,N,E,I,A,A,H,-,A,D,0,,,,,Y,,A,01,0,0,1,0,0,0,0,0,0,"- ","- ",39.406421661376953,-122.19566345214844,GLENN,UNINCORPORATED,-122.19561767578125,39.406421661376953
92376377,2024,2024-04-26,9160,2024-04-18,1158,018895,,4,1,9,1100,0,1,3,,2,012,"RT 162","COUNTY ROAD RR",880.00,E,N,A,-,Y,GLE,,162," "," ",71.204,H,,R,Y,3,0,1,2,A,-,03,22350,,N,C,C,A,A,H,-,A,D,0,,,,,Y,,D,22,0,1,0,0,0,0,0,0,0,"- ","- ",39.521831512451172,-122.10891723632812,GLENN,UNINCORPORATED,-122.10891723632812,39.5218505859375
92377488,2024,2024-04-29,9160,2024-04-20,1815,022791,,6,2,9,1100,0,1,3,,2,012,"SR-162 E/B",CR-V,0.00,,Y,A,-,Y,GLE,,162," "," ",73.572,H,,R,Y,3,0,1,1,A,-,08,22107,,N,E,I,A,A,H,-,A,A,0,,,,,Y,,A,01,0,1,0,0,0,0,0,0,0,"- ","- ",39.521511077880859,-122.06479644775391,GLENN,UNINCORPORATED,-122.06481170654297,39.521595001220703
92381409,2024,2024-05-03,9160,2024-04-30,2145,020558,,2,2,9,1100,0,1,3,,1,010,"STATE HIGHWAY 45","COUNTY ROAD 44",3168.00,N,N,A,-,Y,GLE,,45," "," ",10.739,H,,R,Y,4,0,1,1,A,-,08,22107,,N,E,I,A,A,H,-,D,D,0,,,,,Y,,A,01,0,0,1,0,0,0,0,0,0,"- ","- ",39.566738128662109,-122.00569152832031,GLENN,UNINCORPORATED,-122.00565338134766,39.566738128662109
92385072,2024,2024-05-08,9160,2024-04-29,"810 ",016148,,1,1,9,1100,0,1,1,,2,006,"I-5 S/B","COUNTY ROAD 16",1584.00,S,N,A,-,Y,GLE,,5," ",R,24.660,H,,L,N,4,0,1,1,C,-,18,,,N,H,H,A,A,H,-,A,D,0,,,Y,,Y,,-,"- ",0,0,1,0,0,0,0,0,1,"- ","- ",39.73809814453125,-122.20587921142578,GLENN,UNINCORPORATED,-122.20587158203125,39.73809814453125
92392090,2024,2024-05-16,9160,2024-05-05,"710 ",016148,,7,1,9,1100,0,1,1,,2,002,"I-5 S/B","COUNTY ROAD 39",528.00,S,N,A,-,Y,GLE,,5," ",R,13.834,H,,L,N,3,0,1,1,A,-,08,22107,,N,E,I,A,A,H,-,A,D,0,,,,,Y,,A,01,0,1,0,0,0,0,0,0,0,"- ","- ",39.581470489501953,-122.21067047119141,GLENN,UNINCORPORATED,-122.21072387695312,39.581474304199219
92392094,2024,2024-05-16,9160,2024-05-04,"138 ",022188,,6,3,2,1101,0,3,5,,2,005,"COUNTY ROAD 9","COUNTY ROAD V",1162.00,W,N,A,-,N,,,,,,,,,,Y,4,0,1,1,A,-,01,23152,A,N,E,I,A,A,H,-,D,D,0,,,,,Y,Y,A,07,0,0,1,0,0,0,0,0,0,"- ","- ",39.766471862792969,-122.07061767578125,GLENN,ORLAND,-122.18709564208984,39.768959045410156
92393008,2024,2024-05-17,9160,2024-05-07,"700 ",016148,,2,1,9,1100,0,3,5,,2,007,"COUNTY ROAD 59","COUNTY ROAD VV",2640.00,E,N,A,-,N,,,,,,,,,,N,3,0,1,1,A,-,08,22107,,N,E,I,A,A,H,-,A,D,0,,,,,Y,,A,01,0,1,0,0,0,0,0,0,0,"- ","- ",39.481250762939453,-122.04718780517578,GLENN,UNINCORPORATED,-122.04656982421875,39.481273651123047
92404589,2024,2024-06-03,9160,2024-05-24,2025,022188,,5,2,9,1100,0,1,3,,1,008,"STATE ROUTE 32","COUNTY ROAD S",0.00,,Y,A,-,Y,GLE,,32," ",R,5.099,H,,R,Y,4,0,1,2,A,-,12,22450,A,N,D,C,A,A,H,-,B,A,0,,,,,Y,Y,A,07,0,0,1,0,0,0,0,0,0,"- ","- ",39.745941162109375,-122.10433197021484,GLENN,UNINCORPORATED,-122.10433197021484,39.74591064453125
92405569,2023,2024-06-04,9160,2023-05-22,1550,021204,,1,2,9,1100,0,1,3,,1,008,"COUNTY ROAD 200","COUNTY ROAD H",0.00,,Y,A,-,N,,,,,,,,,,N,1,1,0,2,A,-,03,22350,,N,G,B,D,A,H,-,A,D,0,Y,,,,Y,,A,01,0,0,0,1,0,0,0,0,0,"- ","- ",39.754779815673828,-122.21568298339844,GLENN,UNINCORPORATED,-122.21566009521484,39.754772186279297
92407882,2024,2024-06-06,9160,2024-05-25,"235 ",021204,,6,3,9,1100,0,1,1,,2,004,"I-5 S/B",CR-39,3696.00,S,N,A,-,Y,GLE,,5," ",R,13.158,H,,L,Y,3,0,1,2,A,-,01,23152,A,N,C,C,A,A,H,-,D,D,0,,,,Y,Y,Y,D,22,0,1,0,0,0,0,0,0,0,"- ","- ",39.571769714355469,-122.21227264404297,GLENN,UNINCORPORATED,-122.21224975585938,39.571769714355469
92416607,2024,2024-06-17,9160,2024-06-05,"520 ",022303,,3,3,9,1100,0,1,1,,2,002,"I-5 S/B",CR-57,198.00,S,N,A,-,Y,GLE,,5," ",R,7.575,H,,L,N,4,0,1,1,A,-,08,22107,,N,E,I,A,A,H,-,B,D,0,,,,,Y,,A,07,0,0,1,0,0,0,0,0,0,"- ","- ",39.494518280029297,-122.1968994140625,GLENN,UNINCORPORATED,-122.19694519042969,39.4945068359375
92416621,2024,2024-06-17,9160,2024-06-06,1412,018895,,4,2,9,1100,0,1,3,,1,010,SR-45,"COUNTY ROAD 44",1900.00,N,N,A,-,Y,GLE,,45," "," ",10.513,H,,R,Y,3,0,1,1,A,-,03,22350,,N,E,I,A,A,B,-,A,D,0,,,,,Y,,A,01,0,1,0,0,0,0,0,0,0,"- ","- ",39.563480377197266,-122.00575256347656,GLENN,UNINCORPORATED,-122.0057373046875,39.563480377197266
92417242,2024,2024-06-18,9160,2024-06-07,"538 ",018895,,5,3,9,1100,0,1,3,,1,008,SR-32,"COUNTY ROAD 203",0.00,,Y,A,-,Y,GLE,,32," "," ",9.624,H,,R,Y,4,0,1,2,A,-,12,21453,A,N,D,C,A,A,H,-,A,A,0,,,,,Y,,A,07,0,0,1,0,0,0,0,0,0,"- ","- ",39.744548797607422,-122.0194091796875,GLENN,UNINCORPORATED,-122.01940155029297,39.744495391845703
92417830,2024,2024-06-18,9160,2024-06-09,2245,015118,,7,3,9,1100,0,1,3,,2,014,"SR-162 (CO. RD. 306)","SR-162 (WEST)",2640.00,S,N,A,-,Y,GLE,,162," "," ",41.895,H,,R,N,2,0,1,1,A,-,13,22515,A,N,G,B,A,A,H,-,D,D,0,,,,,Y,,A,01,1,0,0,0,0,0,0,0,0,"- ","- ",39.656028747558594,-122.52594757080078,GLENN,UNINCORPORATED,-122.52597045898438,39.656028747558594
92424475,2024,2024-06-27,9160,2024-06-14,1652,022303,,5,2,9,1100,0,1,1,,2,006,"I-5 N/B",CR-28,765.00,S,N,A,-,Y,GLE,,5," ",R,19.664,H,,R,N,3,0,1,1,A,-,01,23152,A,N,E,I,A,A,H,-,A,D,0,,,,,Y,Y,A,01,0,1,0,0,0,0,0,0,0,"- ","- ",39.66571044921875,-122.20439910888672,GLENN,UNINCORPORATED,-122.20433807373047,39.66571044921875
92425487,2024,2024-06-28,9160,2024-06-17,2018,020558,,1,2,9,1100,0,1,1,,2,006,"INTERSTATE 5 NORTH","COUNTY ROAD 7",792.00,N,N,A,-,Y,GLE,,5," ",R,27.983,H,,R,N,4,0,2,2,A,-,08,22107,,N,B,C,A,A,H,-,A,D,0,,,,Y,Y,,A,01,0,0,2,0,0,0,0,0,0,"- ","- ",39.786239624023438,-122.20413208007812,GLENN,UNINCORPORATED,-122.20409393310547,39.786235809326172
92426148,2024,2024-06-28,9160,2024-06-03,1934,020558,,1,2,9,1100,0,2,4,,2,016,"COUNTY ROAD 99W","COUNTY ROAD 45",1056.00,S,N,A,-,N,,,,,,,,,,Y,3,0,1,1,A,-,01,23152,A,N,E,I,A,A,H,-,A,D,0,,,,,Y,Y,A,01,0,1,0,0,0,0,0,0,0,"- ","- ",39.549728393554688,-122.19362640380859,GLENN,UNINCORPORATED,-122.19355773925781,39.550460815429688
92426398,2024,2024-06-28,9160,2024-06-19,"445 ",015118,,3,3,9,1100,0,1,1,,2,004,"I-5 N/B","CO. RD. 57",1584.00,N,N,A,-,Y,GLE,,5," ",R,7.887,H,,R,Y,2,0,1,1,A,-,08,22107,,N,F,A,A,A,H,-,B,D,0,,,,Y,Y,,G,25,1,0,0,0,0,0,0,0,0,"- ","- ",39.498760223388672,-122.19870758056641,GLENN,UNINCORPORATED,-122.19876861572266,39.498741149902344
92430928,2024,2024-07-04,9160,2024-06-22,"450 ",022791,,6,3,9,1100,0,3,5,,2,005,"COUNTY ROAD 9","COUNTY ROAD L",50.00,E,N,A,-,N,,,,,,,,,,Y,4,0,1,1,A,-,08,22107,,N,E,I,A,A,H,-,D,A,0,,,,,Y,,D,22,0,0,1,0,0,0,0,0,0,"- ","- ",39.768901824951172,-122.18296051025391,GLENN,UNINCORPORATED,-122.18278503417969,39.768928527832031
92433881,2024,2024-07-09,9160,2024-06-26,2215,015118,,3,3,9,1100,0,1,3,,1,008,SR-32,"TEHAMA-COLUSA CANAL",196.00,W,N,A,-,Y,GLE,,32," "," ",2.197,H,,R,Y,4,0,1,1,C,-,18,,,N,H,H,A,A,H,-,D,D,0,,,,,Y,,-,"- ",0,0,1,0,0,0,0,0,0,"- ","- ",39.746959686279297,-122.15609741210938,GLENN,UNINCORPORATED,-122.15609741210938,39.746994018554688
92439198,2024,2024-07-15,9160,2024-07-03,1010,019043,,3,1,9,1100,0,1,1,,2,004,"I-5 NB SOUTH OF CO RD 39","COUNTY ROAD 39",3168.00,S,N,A,-,Y,GLE,,5," ",R,13.259,H,,R,N,4,0,4,1,A,-,08,22107,,N,E,I,A,A,H,-,A,D,0,,,,,Y,,A,01,0,0,4,0,0,0,0,0,0,"- ","- ",39.573200225830078,-122.21159362792969,GLENN,UNINCORPORATED,-122.211669921875,39.573207855224609
92441914,2024,2024-07-17,9160,2024-07-09,2252,020558,,2,3,9,1100,0,1,1,,2,006,"INTERSTATE 5 S/B","COUNTY ROAD 7",2112.00,N,N,A,-,Y,GLE,,5," ",R,28.205,H,,L,Y,4,0,2,2,A,-,08,22107,,N,C,C,A,A,H,-,D,D,0,,,,Y,Y,,A,01,0,0,2,0,0,0,0,0,0,"- ","- ",39.789398193359375,-122.20365142822266,GLENN,UNINCORPORATED,-122.20359802246094,39.789390563964844
92441970,2024,2024-07-17,9160,2024-07-05,1050,017577,,5,1,9,1100,0,3,5,,2,003,"NEWVILLE ROAD","COUNTY ROAD DD",5280.00,W,N,A,-,N,,,,,,,,,,N,3,0,1,1,B,-,22,,,N,E,I,A,A,H,-,A,D,0,,Y,,,Y,,L,04,0,1,0,0,0,0,1,0,0,"- ","- ",39.771350860595703,-122.26197052001953,GLENN,UNINCORPORATED,-122.26498413085938,39.772468566894531
92442985,2024,2024-08-14,9160,2024-07-08,1835,020558,,1,2,9,1100,0,2,4,,2,016,"COUNTY ROAD 99W","COUNTY ROAD 43",528.00,N,N,A,-,N,,,,,,,,,,Y,2,0,1,1,A,-,08,22107,,N,E,I,A,A,H,-,A,D,0,,,,,Y,,A,01,1,0,0,0,0,0,0,0,0,"- ","- ",39.569950103759766,-122.19384002685547,GLENN,UNINCORPORATED,-122.19371795654297,39.569290161132812
92481083,2024,2024-07-22,9160,2024-07-14,1940,023166,,7,2,9,1100,0,1,1,,2,006,"COUNTY ROAD P","MALTON SWITCH ROAD",0.00,,Y,A,-,N,,,,,,,,,,Y,3,0,1,2,A,-,09,21802,A,N,D,C,A,A,H,-,A,A,0,,,,,Y,,A,01,0,1,0,0,0,0,0,0,0,"- ","- ",39.797641754150391,-122.14099884033203,GLENN,UNINCORPORATED,-122.1409912109375,39.797622680664062
9254881,2021,2021-05-03,1101,2021-04-02,1055,510,ORLAN,5,5,2,1101,0,0,0,,0,ORLAND,"6TH ST","W MONTEREY ST",0.00,,Y,A,-,N,,,,,,,,,,Y,2,0,1,2,A,-,08,22107,,N,D,G,A,A,H,-,A,D,0,,Y,,,Y,,L,04,1,0,0,0,0,0,1,0,0,"- ","- ",,,GLENN,ORLAND,-122.19699859619141,39.752944946289062
9254899,2020,2021-05-06,1101,2020-12-29,0923,502,ORLAN,2,5,2,1101,0,0,0,,0,CITY,"6TH ST","WALKER ST",0.00,,Y,A,-,Y,GLE,3,32,-,-,0.000,I,5,E,Y,3,0,1,2,A,-,12,21453,,N,D,C,A,A,H,-,A,A,0,,,,,Y,,D,22,0,1,0,0,0,0,0,0,0,"- ","- ",,,GLENN,ORLAND,-122.19754791259766,39.74737548828125
9254915,2021,2021-05-12,1101,2021-04-22,1757,502,ORLAN,4,5,2,1101,0,0,0,,0,CITY,"WALKER ST","EAST ST",0.00,,Y,A,-,Y,GLE,3,32,-,-,0.550,I,5,E,N,2,0,1,2,A,-,12,21453,A,N,G,B,B,A,H,-,A,A,0,Y,,,,Y,,D,22,1,0,0,0,1,0,0,0,0,"- ","- ",,,GLENN,ORLAND,-122.18722534179688,39.747325897216797
9254942,2020,2021-05-06,1101,2020-10-28,1147,508,ORLAN,3,5,2,1101,0,0,0,,0,,"WALKER ST","2ND ST",0.00,,Y,A,-,Y,GLE,3,32,-,-,0.310,H,-,E,Y,3,0,2,3,A,-,04,21703,,N,C,C,A,A,H,-,A,A,0,,,,,Y,,A,07,0,2,0,0,0,0,0,0,0,"- ","- ",,,GLENN,ORLAND,-122.19171142578125,39.747344970703125
92596314,2024,2024-07-24,9160,2024-07-15,2138,023166,,1,2,9,1100,0,1,3,,2,014,SR-162,"RD 304",2112.00,E,N,A,-,N,,,,,,,,,,Y,2,0,1,2,A,-,03,22350,,N,E,J,A,A,C,-,D,D,0,,,,,Y,,D,22,1,0,0,0,0,0,0,0,0,"- ","- ",39.614429473876953,-122.51796722412109,GLENN,UNINCORPORATED,-122.51894378662109,39.614120483398438
92596515,2024,2024-07-24,9160,2024-07-16,"544 ",019164,,2,3,9,1100,0,2,4,,2,016,"COUNTY ROAD 68","HWY 99W",0.00,,Y,A,-,N,,,,,,,,,,Y,3,0,3,2,A,-,12,22450,A,N,D,C,A,A,H,-,A,A,0,,,,,Y,,A,07,0,3,0,0,0,0,0,0,0,"- ","- ",39.407131195068359,-122.19281768798828,GLENN,UNINCORPORATED,,
92602121,2024,2024-07-25,9160,2024-07-17,1811,020558,,3,2,9,1100,0,3,5,,2,003,"COUNTY ROAD G","COUNTY ROAD 9",1320.00,S,N,A,-,N,,,,,,,,,,Y,3,0,2,2,A,-,09,21804,A,N,D,C,A,A,H,-,A,D,0,,,,,Y,,D,22,0,2,0,0,0,0,0,0,0,"- ","- ",39.765708923339844,-122.22022247314453,GLENN,UNINCORPORATED,-122.22022247314453,39.7657470703125
9261171,2021,2021-05-05,1101,2021-01-14,1602,507,ORLAN,4,5,2,1101,0,0,0,,0,1101,"EAST ST","E SWIFT ST",0.00,,Y,A,-,N,,,,,,,,,,N,3,0,1,2,A,-,10,21950,,N,D,B,B,A,H,-,A,A,0,Y,,,,Y,,A,01,0,1,0,0,1,0,0,0,0,"- ","- ",,,GLENN,ORLAND,-122.18749237060547,39.748489379882812
9261579,2020,2021-05-03,1101,2020-11-02,1130,502,ORLAN,1,5,2,1101,0,0,0,,0,CITY,"E YOLO ST","WOODWARD AV",0.00,,Y,A,-,N,,,,,,,,,,Y,3,0,1,2,A,-,12,22450,,F,D,C,A,A,H,-,A,A,0,,,,,Y,Y,A,01,0,1,0,0,0,0,0,0,0,"- ","- ",,,GLENN,ORLAND,-122.18224334716797,39.743698120117188
93097150,2024,2024-07-31,9160,2024-07-19,1647,022303,,5,2,9,1100,0,3,5,,2,005,"COUNTY ROAD 200","COUNTY ROAD P",521.00,W,N,A,-,N,,,,,,,,,,Y,4,0,1,2,A,-,01,23152,A,N,C,C,A,A,H,-,A,D,0,,,,,Y,Y,A,08,0,0,1,0,0,0,0,0,0,"- ","- ",39.725669860839844,-122.14234161376953,GLENN,UNINCORPORATED,-122.14263153076172,39.725826263427734
9318548,2021,2021-09-13,1101,2021-06-09,0614,508,ORLAN,3,5,2,1101,0,0,0,,0,,"6TH ST","SOUTH ST",0.00,,Y,A,-,N,,,,,,,,,,Y,3,0,1,1,A,-,03,22350,,N,E,I,A,A,H,-,A,A,0,,,,,Y,,A,01,0,1,0,0,0,0,0,0,0,"- ","- ",,,GLENN,ORLAND,-122.19728851318359,39.740272521972656
9319867,2021,2021-09-16,1101,2021-07-12,1803,510,ORLAN,1,5,2,1101,0,0,0,,0,ORLAND,"EAST ST","EAST WALKER ST",0.00,,Y,A,-,Y,GLE,3,32,-,-,0.550,I,5,E,Y,4,0,1,2,A,-,01,23153,B,N,D,C,A,A,H,-,A,A,0,,,,,Y,Y,D,22,0,0,1,0,0,0,0,0,0,"- ","- ",,,GLENN,ORLAND,-122.18722534179688,39.747325897216797
9319871,2021,2021-09-14,1101,2021-06-08,0743,502,ORLAN,2,5,2,1101,0,0,0,,0,,"EAST ST","TEHAMA ST",0.00,,Y,A,-,N,,,,,,,,,,Y,3,0,1,3,A,-,09,21802,A,N,D,C,B,A,H,-,A,A,0,Y,,,,Y,,D,22,0,1,0,0,1,0,0,0,0,"- ","- ",,,GLENN,ORLAND,-122.18747711181641,39.749561309814453
9322174,2021,2021-09-16,1101,2021-08-25,0728,502,ORLAN,3,5,2,1101,0,0,0,,0,CITY,"EAST WALKER ST","WOODWARD AV",0.00,,Y,A,-,Y,GLE,3,32,-,-,0.822,I,5,E,Y,2,0,1,2,A,-,09,21802,A,N,D,C,A,A,H,-,A,A,0,,,Y,,Y,,C,03,1,0,0,0,0,0,0,0,1,"- ","- ",,,GLENN,ORLAND,-122.18217468261719,39.747291564941406
93457625,2024,2024-08-02,9160,2024-07-22,1050,019164,,1,1,9,1100,0,3,5,,2,007,"COUNTY ROAD P","COUNTY ROAD 57",1584.00,S,N,A,-,N,,,,,,,,,,Y,2,0,1,1,A,-,08,22107,,N,E,I,A,A,H,-,A,D,0,,,,,Y,,-,"- ",1,0,0,0,0,0,0,0,0,"- ","- ",39.490009307861328,-122.13687133789062,GLENN,UNINCORPORATED,-122.13682556152344,39.489700317382812
9355951,2021,2021-11-15,1101,2021-08-23,1326,512,ORLAN,1,5,2,1101,0,0,0,,0,,"WALKER ST","EAST ST",0.00,,Y,A,-,Y,GLE,3,32,-,-,0.550,I,5,E,Y,3,0,2,2,A,-,12,21453,A,N,D,C,A,A,H,-,A,A,0,,,,,Y,,A,01,0,1,1,0,0,0,0,0,0,"- ","- ",,,GLENN,ORLAND,-122.18722534179688,39.747325897216797
9355959,2021,2021-11-10,1101,2021-09-14,2043,509,ORLAN,2,5,2,1101,0,0,0,,0,ORLAND,"NEWVILLE RD","COMMERCE LN",600.00,E,N,A,-,Y,GLE,3,5,-,R,25.701,R,4,S,Y,4,0,1,2,A,-,01,23152,B,N,D,C,A,A,H,-,C,A,0,,,,Y,Y,Y,A,01,0,0,1,0,0,0,0,0,0,"- ","- ",,,GLENN,ORLAND,-122.20561981201172,39.753250122070312
9357236,2021,2021-11-09,1101,2021-07-17,2015,510,ORLAN,6,5,2,1101,0,0,0,,0,ORLAND,"PAPST AV","E SWIFT ST",95.00,S,N,A,-,N,,,,,,,,,,Y,4,0,1,2,A,-,08,22107,,N,E,J,A,A,H,-,B,D,0,,,,,Y,,D,22,0,0,1,0,0,0,0,0,0,"- ","- ",,,GLENN,ORLAND,-122.17812347412109,39.747947692871094
9357336,2021,2021-12-06,1101,2021-10-05,1741,512,ORLAN,2,5,2,1101,0,0,0,,0,210651,"EAST ST","WALKER ST",89.00,S,-,A,-,N,,,,,,,,,,N,3,0,1,2,A,-,05,21202,,N,D,G,A,A,H,-,A,D,0,,Y,,,Y,,L,04,0,1,0,0,0,0,1,0,0,"- ","- ",,,GLENN,ORLAND,-122.18745422363281,39.747116088867188
93768513,2024,2024-08-07,9160,2024-08-06,1930,017873,,2,2,9,1100,0,1,1,,2,002,"INTERSTATE 5","COUNTY ROAD 60",528.00,S,N,A,-,Y,GLE,,5," ",R,5.492,H,,R,Y,4,0,1,1,A,-,08,22107,,N,E,I,A,A,H,-,A,D,0,,,,,Y,,-,"- ",0,0,1,0,0,0,0,0,0,"- ","- ",39.464378356933594,-122.19548034667969,GLENN,UNINCORPORATED,-122.19557952880859,39.464374542236328
9378446,2021,2021-12-09,1101,2021-11-28,1727,502,ORLAN,7,5,2,1101,0,0,0,,0,CITY,"NEWVILLE RD","9TH ST",375.00,E,N,A,-,Y,GLE,3,32,-,R,0.310,H,-,W,N,2,0,1,2,A,-,11,21954,A,N,G,B,D,A,H,-,C,D,0,Y,,,,Y,,N,60,1,0,0,0,1,0,0,0,0,"- ","- ",,,GLENN,ORLAND,-122.20064544677734,39.748775482177734
93982881,2024,2024-08-09,9160,2024-07-25,1451,017577,,4,2,9,1100,0,1,1,,2,006,"INTERSTATE 5","COUNTY ROAD 25",380.00,S,N,A,-,Y,GLE,,5," ",R,21.749,H,,R,Y,3,0,2,1,A,-,08,22107,,N,E,I,A,A,H,-,A,D,0,,,,,Y,,A,01,0,2,0,0,0,0,0,0,0,"- ","- ",39.695888519287109,-122.20538330078125,GLENN,UNINCORPORATED,-122.20515441894531,39.695896148681641
9433657,2022,2022-11-03,1101,2022-09-18,2113,506,PATRO,7,5,2,1101,0,0,0,,0,1101,"SOUTH ST","PAPST AV",3.00,W,N,C,-,N,,,,,,,,,,Y,3,0,1,1,A,-,01,23152,A,N,A,I,A,B,H,-,C,A,0,,,,,Y,Y,A,01,0,1,0,0,0,0,0,0,0,"- ","- ",,,GLENN,ORLAND,-122.17810821533203,39.740020751953125
94357094,2024,2024-08-16,9160,2024-08-08,1521,018895,,4,2,9,1100,0,1,1,,2,006,"INTERSTATE 5","WALKER CREEK",470.00,N,N,A,-,Y,GLE,,5," ",R,17.619,H,,R,Y,4,0,1,1,A,-,08,22107,,N,E,I,A,A,H,-,A,D,0,,,,,Y,,-,"- ",0,0,1,0,0,0,0,0,0,"- ","- ",39.635978698730469,-122.20401763916016,GLENN,UNINCORPORATED,-122.20407104492188,39.635978698730469
94359464,2024,2024-08-19,9160,2024-08-07,1245,019164,,3,1,9,1100,0,3,5,,2,007,"COUNTY ROAD WW","COUNTY ROAD 35",0.00,,Y,A,-,N,,,,,,,,,,Y,4,0,1,2,A,-,09,21802,A,N,E,I,A,A,H,-,A,A,0,,,,,Y,,A,08,0,0,1,0,0,0,0,0,0,"- ","- ",39.608741760253906,-122.03682708740234,GLENN,UNINCORPORATED,-122.03691101074219,39.608890533447266
94359693,2024,2024-08-19,9160,2024-08-07,"700 ",023166,,3,1,9,1100,0,1,1,,2,002,"COUNTY ROAD 33","I-5 N/B TO COUNTY ROAD 33",0.00,,Y,A,-,N,,,,,,,,,,Y,3,0,2,2,A,-,09,21801,A,N,D,C,A,A,H,-,A,D,0,,,,,Y,,-,"- ",0,1,1,0,0,0,0,0,0,"- ","- ",39.624248504638672,-122.20359802246094,GLENN,UNINCORPORATED,-122.20500946044922,39.624282836914062
94360863,2024,2024-08-19,9160,2024-08-12,"620 ",019164,,1,1,9,1100,0,1,3,,1,010,SR-45,"COUNTY ROAD 66",500.00,N,N,A,-,Y,GLE,,45," "," ",1.079,H,,R,N,4,0,2,1,C,-,18,,,N,H,H,A,A,H,-,B,D,0,,,,,Y,,-,"- ",0,0,2,0,0,0,0,0,0,"- ","- ",39.429691314697266,-122.01094055175781,GLENN,UNINCORPORATED,-122.01097869873047,39.429691314697266
94368272,2024,2024-08-23,9160,2024-08-14,"642 ",022303,,3,1,9,1100,0,3,5,,2,005,"COUNTY ROAD 99W","COUNTY ROAD 30",0.00,,Y,A,-,N,,,,,,,,,,Y,3,0,2,2,A,-,03,22350,,N,C,C,A,A,H,-,A,D,0,,,,,Y,,D,22,0,2,0,0,0,0,0,0,0,"- ","- ",39.653358459472656,-122.19715881347656,GLENN,UNINCORPORATED,-122.19710540771484,39.653263092041016
94368276,2024,2024-08-27,9160,2024-08-13,1125,016148,,2,1,9,1100,0,1,1,,2,002,"I-5 S/B","COUNTY ROAD 28",1056.00,N,N,A,-,Y,GLE,,5," ",R,20.053,H,,L,N,3,0,1,1,C,-,18,,,N,H,J,A,A,H,-,A,D,0,,,Y,,Y,,-,"- ",0,1,0,0,0,0,0,0,1,"- ","- ",39.671348571777344,-122.2047119140625,GLENN,UNINCORPORATED,-122.20471954345703,39.671348571777344
94372397,2024,2024-08-27,9160,2024-08-15,1450,017577,,4,2,9,1100,0,1,3,,1,008,"STATE ROUTE 32",BROADWAY,0.00,,Y,A,-,Y,GLE,,32," "," ",9.853,H,,R,Y,3,0,3,2,A,-,09,21802,A,M,D,C,A,A,H,-,A,A,0,,,,,Y,,A,01,0,1,2,0,0,0,0,0,0,"- ","- ",39.745620727539062,-122.01535034179688,GLENN,UNINCORPORATED,-122.01535797119141,39.745635986328125
94374226,2024,2024-08-30,9160,2024-08-16,1721,022188,,5,2,9,1100,0,1,3,,1,008,"SR-32 E/B","COUNTY ROAD S",0.00,,Y,A,-,Y,GLE,,32," ",R,5.091,H,,R,Y,2,0,1,2,A,-,09,21801,A,N,A,C,A,A,H,-,A,D,0,,,,,Y,,D,22,1,0,0,0,0,0,0,0,0,"- ","- ",39.745918273925781,-122.10447692871094,GLENN,UNINCORPORATED,-122.10447692871094,39.745925903320312
94376022,2024,2024-08-30,9160,2024-08-20,"810 ",016148,,2,1,9,1100,0,1,3,,1,008,SR-32,SR-45,528.00,W,N,A,-,Y,GLE,,32," "," ",9.503,H,,R,Y,2,0,1,3,A,-,03,22350,,M,C,C,A,A,H,-,A,D,0,,,,,Y,,A,01,1,0,0,0,0,0,0,0,0,"- ","- ",39.744518280029297,-122.02163696289062,GLENN,UNINCORPORATED,-122.02163696289062,39.744537353515625
94384873,2024,2024-09-06,9160,2024-08-26,1530,023166,,1,2,9,1100,0,2,4,,2,016,"COUNTY ROAD 99W","JACUELYN DR.",950.00,N,N,A,-,N,,,,,,,,,,Y,3,0,1,2,A,-,03,22350,,N,C,C,A,A,H,-,A,D,0,,,,,Y,,A,01,0,1,0,0,0,0,0,0,0,"- ","- ",39.762619018554688,-122.19680023193359,GLENN,UNINCORPORATED,-122.19682312011719,39.762588500976562
9438535,2022,2022-05-03,1101,2022-01-20,1520,502,ORLAN,4,5,2,1101,0,0,0,,0,,"EAST WALKER ST","EAST ST",49.00,E,N,A,-,Y,GLE,3,32,-,-,0.550,I,5,E,Y,4,0,1,1,A,-,03,22350,,N,E,I,A,A,H,-,A,A,0,,,Y,,Y,,C,02,0,0,1,0,0,0,0,0,1,"- ","- ",,,GLENN,ORLAND,-122.18745422363281,39.747325897216797
9438556,2022,2022-05-04,1101,2022-02-18,0701,506,ORLAN,5,5,2,1101,0,0,0,,0,PATROL,"SOUTH ST","PAPST ST",0.00,,Y,A,-,N,,,,,,,,,,N,4,0,1,2,A,-,09,21800,A,N,D,G,A,A,H,-,A,A,0,,Y,,,Y,,A,01,0,0,1,0,0,0,1,0,0,"- ","- ",,,GLENN,ORLAND,-122.1781005859375,39.740020751953125
94392445,2024,2024-09-13,9160,2024-09-05,"619 ",017577,,4,1,9,1100,0,1,3,,2,012,"STATE ROUTE 162",CR-ZZ,2640.00,E,N,A,-,Y,GLE,,162," "," ",83.538,H,,R,Y,3,0,1,1,A,-,01,23152,A,N,E,I,A,A,H,-,A,D,0,,,,,Y,Y,A,01,0,1,0,0,0,0,0,0,0,"- ","- ",39.46405029296875,-121.88983917236328,GLENN,UNINCORPORATED,-121.88983917236328,39.464027404785156
94392479,2024,2025-01-23,9160,2024-08-30,1616,017577,,5,2,9,1100,0,1,1,,2,006,"INTERSTATE 5","COUNTY ROAD 28",2640.00,S,N,A,-,Y,GLE,,5," ",R,19.268,H,,R,N,3,0,1,3,A,-,08,22107,,F,B,C,A,A,H,-,A,D,0,,,,,Y,,D,22,0,1,0,0,0,0,0,0,0,"- ","- ",39.659950256347656,-122.20429229736328,GLENN,UNINCORPORATED,-122.20427703857422,39.659950256347656
94393038,2024,2024-09-13,9160,2024-09-06,1158,022303,,5,1,9,1100,0,1,1,,2,002,"I-5 N/B","COUNTY ROAD 68",1901.00,S,N,A,-,Y,GLE,,5," ",R,1.155,H,,R,N,4,0,1,2,A,-,08,22107,,M,B,C,A,A,H,-,A,D,0,,,,,Y,,-,"- ",0,0,1,0,0,0,0,0,0,"- ","- ",39.401939392089844,-122.19467163085938,GLENN,UNINCORPORATED,-122.19469451904297,39.401935577392578
94405074,2024,2024-09-23,9160,2024-09-11,1855,022791,,3,2,9,1100,0,3,5,,2,005,"COUNTY ROAD 6","HIGHWAY 99W",0.00,,Y,A,-,N,,,,,,,,,,Y,2,0,1,1,A,-,03,22350,,N,E,I,A,A,H,-,B,A,0,,,,,Y,,A,01,1,0,0,0,0,0,0,0,0,"- ","- ",39.787361145019531,-122.19776153564453,GLENN,UNINCORPORATED,,
94406818,2024,2024-09-24,9160,2024-09-12,1315,022303,,4,1,9,1100,0,1,3,,1,010,SR-45,"COUNTY ROAD 33",1584.00,S,N,A,-,Y,GLE,,45," "," ",14.399,H,,R,N,4,0,1,1,A,-,08,22107,,N,E,I,A,A,H,-,A,D,0,,,,,Y,,A,01,0,0,1,0,0,0,0,0,0,"- ","- ",39.619159698486328,-122.00730133056641,GLENN,UNINCORPORATED,-122.00724792480469,39.619159698486328
94406828,2024,2024-09-24,9160,2024-09-12,2200,022791,,4,3,9,1100,0,1,1,,2,004,"I-5 N/B","COUNTY ROAD 39",5280.00,N,N,A,-,Y,GLE,,5," ",R,14.858,H,,R,Y,4,0,1,1,A,-,01,23152,F,N,E,I,A,A,H,-,C,D,0,,,,,Y,,A,01,0,0,1,0,0,0,0,0,0,"- ","- ",39.596248626708984,-122.20887756347656,GLENN,UNINCORPORATED,-122.20894622802734,39.59625244140625
94415263,2024,2024-10-01,9160,2024-09-20,"855 ",017577,,5,1,9,1100,0,3,5,,2,005,"COUNTY ROAD M","COUNTY ROAD 24",1056.00,S,N,A,-,N,,,,,,,,,,Y,3,0,1,1,A,-,08,22107,,N,E,I,A,A,H,-,A,D,0,,,,,Y,,A,01,0,1,0,0,0,0,0,0,0,"- ","- ",39.708480834960938,-122.17848968505859,GLENN,UNINCORPORATED,-122.17835998535156,39.7081298828125
94418110,2024,2024-10-03,9160,2024-09-30,1810,015118,,1,2,9,1100,0,2,4,,2,016,"CO. RD. 99W","CO. RD. 30",122.00,N,N,F,-,N,,,,,,,,,,Y,4,0,1,2,A,-,03,22350,,N,C,C,A,A,H,-,A,D,0,,,,,Y,,A,01,0,0,1,0,0,0,0,0,0,"- ","- ",39.653678894042969,-122.19712066650391,GLENN,UNINCORPORATED,-122.19711303710938,39.653594970703125
94422668,2024,2024-10-08,9160,2024-09-27,1350,017577,,5,1,9,1100,0,3,5,,2,007,"COUNTY ROAD 39","COUNTY ROAD P",0.00,,Y,A,-,N,,,,,,,,,,Y,2,0,2,2,A,-,12,22450,A,N,D,2,A,A,H,-,A,A,0,,,,,Y,,A,01,1,1,0,0,0,0,0,0,0,"- ","- ",39.582241058349609,-122.13710784912109,GLENN,UNINCORPORATED,-122.13710784912109,39.582244873046875
94423005,2024,2024-10-08,9160,2024-09-08,1535,018128,,7,2,9,1100,0,1,3,,1,008,SR-32,"TEHAMA-COLUSA CANAL",500.00,E,N,A,-,Y,GLE,,32," "," ",2.338,H,,R,N,4,0,1,2,A,-,17,23114,A,N,H,C,A,A,H,-,A,D,0,,,,Y,Y,,G,25,0,0,1,0,0,0,0,0,0,"- ","- ",39.746971130371094,-122.15341186523438,GLENN,UNINCORPORATED,-122.15341186523438,39.746986389160156
94423658,2024,2024-10-08,9160,2024-09-30,"830 ",023166,,1,1,9,1100,0,1,3,,1,010,SR-45,"COUNTY ROAD 32",495.00,S,N,A,-,N,,,,,,,,,,Y,3,0,1,1,A,-,08,22107,,N,E,I,A,A,H,-,A,D,0,,,,,Y,,D,22,0,1,0,0,0,0,0,0,0,"- ","- ",39.628948211669922,-122.0069580078125,GLENN,UNINCORPORATED,-122.00690460205078,39.629230499267578
94430171,2024,2024-10-14,9160,2024-09-03,"700 ",016148,,2,1,9,1100,0,1,3,,1,008,"COUNTY ROAD 9","5TH AVE",2112.00,E,N,A,-,N,,,,,,,,,,Y,3,0,2,3,A,-,06,21750,A,N,C,C,A,A,H,-,A,D,0,,,,,Y,,A,01,0,1,1,0,0,0,0,0,0,"- ","- ",39.766948699951172,-122.09716796875,GLENN,UNINCORPORATED,-122.09686279296875,39.766921997070312
94430456,2024,2024-10-14,9160,2024-09-03,"730 ",018128,,2,1,9,1100,0,1,3,,1,008,SR-32,"CANAL RD",2640.00,W,N,A,-,Y,GLE,,32," "," ",9.141,H,,R,N,3,0,1,3,A,-,03,22350,,N,C,C,A,A,H,-,A,D,0,,,,,Y,,A,01,0,1,0,0,0,0,0,0,0,"- ","- ",39.744709014892578,-122.02839660644531,GLENN,UNINCORPORATED,-122.02839660644531,39.7447509765625
94431736,2024,2024-10-15,9160,2024-10-07,"615 ",019043,,1,1,9,1100,0,3,5,,2,007,"CO RD 30","CO RD P",0.00,,Y,A,-,N,,,,,,,,,,N,3,0,5,2,A,-,12,22450,A,N,D,C,A,A,H,-,D,A,0,,,,,Y,,A,08,0,5,0,0,0,0,0,0,0,"- ","- ",39.652671813964844,-122.14079284667969,GLENN,UNINCORPORATED,-122.14080810546875,39.652667999267578
9443221,2021,2022-04-28,1101,2021-01-01,0331,502,ORLAN,5,5,2,1101,0,0,0,,0,,"PAPST AV","E YOLO ST",0.00,,Y,A,-,N,,,,,,,,,,Y,3,0,1,1,A,-,01,23152,B,M,E,I,A,A,H,-,C,D,0,,,,,Y,Y,A,01,0,1,0,0,0,0,0,0,0,"- ","- ",,,GLENN,ORLAND,-122.17819213867188,39.743656158447266
94432218,2024,2024-10-15,9160,2024-10-08,2025,015118,,2,2,9,1100,0,1,3,,1,008,SR-32,"CO. RD. P",0.00,,Y,A,-,Y,GLE,,32," "," ",2.999,H,,R,Y,2,0,3,2,A,-,09,21802,A,F,D,C,A,A,H,-,C,A,0,,,,,Y,,A,01,1,1,1,0,0,0,0,0,0,"- ","- ",39.746879577636719,-122.14096832275391,GLENN,UNINCORPORATED,-122.14096832275391,39.746917724609375
94433833,2024,2024-10-16,9160,2024-10-04,1115,024063,,5,1,9,1100,0,3,5,,2,007,"COUNTY ROAD MM","COUNTY ROAD 45",0.00,,Y,A,-,N,,,,,,,,,,N,2,0,1,1,A,-,08,22107,,N,E,I,A,A,H,-,A,D,0,,,Y,,Y,,C,02,1,0,0,0,0,0,0,0,1,"- ","- ",39.553329467773438,-122.16468811035156,GLENN,UNINCORPORATED,-122.16493988037109,39.553199768066406
94433846,2024,2024-10-16,9160,2024-10-04,1942,023166,,5,2,9,1100,0,1,1,,2,002,"I-5 S/B","COUNTY ROAD 57 OVERCROSSING",183.00,S,N,A,-,Y,GLE,,5," ",R,7.569,H,,L,Y,4,0,1,2,A,-,08,22107,,N,B,C,A,A,H,-,C,D,0,,,,Y,Y,,G,27,0,0,1,0,0,0,0,0,0,"- ","- ",39.494430541992188,-122.1968994140625,GLENN,UNINCORPORATED,-122.19691467285156,39.494426727294922
94433951,2024,2024-10-16,9160,2024-10-04,1750,022188,,5,2,9,1100,0,3,5,,2,007,"COUNTY ROAD Z","STATE HIGHWAY 162",12514.00,N,N,A,-,N,,,,,,,,,,Y,3,0,3,2,D,-,00,,,N,B,C,A,A,H,-,A,D,0,,,,Y,Y,,-,"- ",0,1,2,0,0,0,0,0,0,"- ","- ",39.498569488525391,-121.92986297607422,GLENN,UNINCORPORATED,-121.92989349365234,39.498504638671875
94435702,2024,2024-10-17,9160,2024-10-05,1910,022188,,6,2,9,1100,0,1,3,,1,008,SR-32,SR-45,0.00,,Y,A,-,Y,GLE,,32," "," ",9.632,H,,R,N,4,0,2,2,A,-,08,22107,,N,A,C,A,A,H,-,B,A,0,,,,,Y,,D,22,0,0,2,0,0,0,0,0,0,"- ","- ",39.744388580322266,-122.01924896240234,GLENN,UNINCORPORATED,-122.01926422119141,39.744503021240234
94442314,2024,2024-10-23,9160,2024-10-14,1245,019043,,1,1,9,1100,0,1,1,,2,002,"I-5 N/B","COUNTY ROAD 68",2500.00,N,N,A,-,Y,GLE,,5," ",R,1.966,H,,R,N,3,0,1,1,A,-,08,22107,,N,F,A,A,A,H,-,A,D,0,,,Y,,Y,,C,02,0,1,0,0,0,0,0,0,1,"- ","- ",39.413551330566406,-122.19439697265625,GLENN,UNINCORPORATED,-122.19442749023438,39.413555145263672
94450423,2024,2024-10-30,9160,2024-10-23,"500 ",017873,,3,3,9,1100,0,1,1,,2,002,"INTERSTATE 5 SOUTHBOUND","COUNTY ROAD 60",3168.00,N,N,A,-,Y,GLE,,5," ",R,6.250,H,,L,Y,4,0,1,1,A,-,08,22107,,N,E,I,A,A,H,-,D,D,0,,,,,Y,,A,01,0,0,1,0,0,0,0,0,0,"- ","- ",39.475368499755859,-122.19608306884766,GLENN,UNINCORPORATED,-122.19602203369141,39.475368499755859
94450731,2024,2024-10-30,9160,2024-10-18,"635 ",024063,,5,1,9,1100,0,2,4,,2,016,"COUNTY ROAD 99 W","COUNTY ROAD 25",0.00,,Y,A,-,N,,,,,,,,,,Y,3,0,1,2,A,-,09,21801,A,N,D,C,A,A,H,-,D,D,0,,,,,Y,,D,22,0,1,0,0,0,0,0,0,0,"- ","- ",39.696910858154297,-122.19480133056641,GLENN,UNINCORPORATED,-122.19644165039062,39.696910858154297
94451206,2024,2024-10-30,9160,2024-10-21,"610 ",019043,,1,1,9,1100,0,3,5,,2,007,"COUNTY ROAD 33","COUNTY ROAD S",0.00,,Y,A,-,N,,,,,,,,,,N,4,0,1,1,A,-,03,22350,,N,E,I,A,A,H,-,D,D,0,,,,,Y,,-,"- ",0,0,1,0,0,0,0,0,0,"- ","- ",39.623600006103516,-122.10411834716797,GLENN,UNINCORPORATED,-122.10443878173828,39.623508453369141
94470244,2024,2024-11-15,9160,2024-11-04,1825,017873,,1,2,9,1100,0,3,5,,2,005,"COUNTY ROAD 9","COUNTY ROAD P",0.00,,Y,A,-,N,,,,,,,,,,Y,3,0,2,2,A,-,12,22450,A,N,D,3,A,A,H,-,D,A,0,,,,,Y,,D,22,0,2,0,0,0,0,0,0,0,"- ","- ",39.768589019775391,-122.14084625244141,GLENN,UNINCORPORATED,-122.14088439941406,39.768543243408203
94470247,2024,2024-11-15,9160,2024-11-04,"517 ",020558,,1,3,9,1100,0,1,1,,2,002,"INTERSTATE 5","COUNTY ROAD 60",3168.00,S,N,A,-,Y,GLE,,5," ",R,5.457,H,,R,Y,2,0,3,1,A,-,08,22107,,N,E,8,A,A,H,-,D,D,0,,,,,Y,,A,01,2,1,0,0,0,0,0,0,0,"- ","- ",39.463840484619141,-122.19583129882812,GLENN,UNINCORPORATED,-122.19551849365234,39.4638671875
94479107,2024,2024-11-21,9160,2024-11-14,"700 ",021588,,4,1,9,1100,0,3,5,,2,005,"THIRD AVENUE","LINDSAY AVENUE",528.00,S,N,E,-,N,,,,,,,,,,N,4,0,1,1,A,-,08,22107,,N,E,I,A,B,H,-,B,D,0,,,,,Y,,D,22,0,0,1,0,0,0,0,0,0,"- ","- ",39.772800445556641,-122.0665283203125,GLENN,UNINCORPORATED,-122.06658172607422,39.774200439453125
94486823,2024,2024-11-27,9160,2024-11-15,1520,024063,,5,2,9,1100,0,1,3,,1,008,"STATE ROUTE 32","6TH AVENUE",1000.00,W,N,B,-,Y,GLE,,32," ",R,5.479,H,,R,Y,3,0,1,2,A,-,08,22107,,N,A,C,A,A,H,-,A,D,0,,,,,Y,,E,22,0,1,0,0,0,0,0,0,0,"- ","- ",39.745258331298828,-122.09709167480469,GLENN,UNINCORPORATED,-122.09709167480469,39.745231628417969
94486831,2024,2024-11-28,9160,2024-11-15,1332,017577,,5,1,9,1100,0,3,5,,2,007,"COUNTY ROAD 39","COUNTY ROAD T",2112.00,W,N,A,-,N,,,,,,,,,,Y,3,0,1,2,A,-,08,22107,,N,B,C,A,A,H,-,A,D,0,,,,Y,Y,,G,26,0,1,0,0,0,0,0,0,0,"- ","- ",39.582889556884766,-122.09618377685547,GLENN,UNINCORPORATED,-122.09606170654297,39.582828521728516
94497621,2024,2024-12-13,9160,2024-11-26,1040,018128,,2,1,9,1100,0,1,3,,1,010,SR-45,"COUNTY ROAD 48",1584.00,S,N,B,-,Y,GLE,,45," "," ",8.160,H,,R,N,3,0,1,1,A,-,08,22107,,N,F,A,A,A,H,-,A,D,0,,,,,Y,,A,01,0,1,0,0,0,0,0,0,0,"- ","- ",39.530471801757812,-122.01216125488281,GLENN,UNINCORPORATED,-122.01219940185547,39.530467987060547
94508497,2024,2024-12-18,9160,2024-12-07,2120,024063,,6,2,9,1100,0,1,3,,1,010,"STATE ROUTE 45","COUNTY ROAD 52",408.00,S,N,A,-,Y,GLE,,45," "," ",7.976,H,,R,Y,2,0,1,1,A,-,08,22107,,N,E,8,A,A,H,-,D,D,0,,,,,Y,,A,07,1,0,0,0,0,0,0,0,0,"- ","- ",39.527931213378906,-122.01242065429688,GLENN,UNINCORPORATED,-122.01239013671875,39.527923583984375
94510116,2024,2024-12-19,9160,2024-12-10,"650 ",019043,,2,1,9,1100,0,1,3,,1,008,"SR-32 W/B","BROADWAY ST",65.00,W,N,A,-,Y,GLE,,32," "," ",9.834,H,,L,N,4,0,1,2,A,-,08,22107,,N,B,C,A,A,H,-,A,D,0,,,,,Y,,A,01,0,0,1,0,0,0,0,0,0,"- ","- ",39.745540618896484,-122.01567077636719,GLENN,UNINCORPORATED,-122.01569366455078,39.745590209960938
94510250,2024,2024-12-19,9160,2024-12-10,2045,020558,,2,2,9,1100,0,1,3,,1,008,"STATE ROUTE 32","SHASTA AVE",71.00,W,N,A,-,Y,GLE,,32," "," ",10.058,H,,R,Y,4,0,1,2,A,-,03,22350,,N,C,C,A,A,H,-,C,D,0,,,,,Y,,A,07,0,0,1,0,0,0,0,0,0,"- ","- ",39.746711730957031,-122.01167297363281,GLENN,UNINCORPORATED,-122.01165771484375,39.746688842773438
94510907,2024,2024-12-20,9160,2024-12-13,1420,021588,,5,2,9,1100,0,3,5,,2,005,"COUNTY ROAD 202","COUNTY ROAD 9",0.00,,Y,B,-,N,,,,,,,,,,Y,3,0,1,1,A,-,03,22350,,N,E,I,A,B,H,-,A,A,0,,,,,Y,,A,01,0,1,0,0,0,0,0,0,0,"- ","- ",39.768589019775391,-122.11003112792969,GLENN,UNINCORPORATED,-122.10993957519531,39.768516540527344
94522531,2024,2025-01-01,9160,2024-12-19,"26  ",022303,,4,3,9,1100,0,1,1,,2,004,"I-5 N/B","COUNTY RD 35",1056.00,S,N,E,-,Y,GLE,,5," ",R,15.690,H,,R,Y,3,0,2,2,A,-,08,22107,,N,E,8,A,B,H,-,D,D,0,,,,Y,Y,,D,22,0,2,0,0,0,0,0,0,0,"- ","- ",39.608291625976562,-122.20783233642578,GLENN,UNINCORPORATED,-122.20768737792969,39.6082763671875
94535060,2025,2025-01-13,9160,2025-01-01,"335 ",020558,,3,3,9,1100,0,1,3,,1,008,"STATE HIGHWAY 32","COUNTY ROAD PP",1285.00,E,N,A,-,Y,GLE,,32," "," ",3.422,H,,R,Y,3,0,1,1,A,-,01,23152,A,N,E,8,A,A,H,-,D,D,0,,,,,Y,Y,A,01,0,1,0,0,0,0,0,0,0,"- ","- ",39.746810913085938,-122.13352203369141,GLENN,UNINCORPORATED,-122.13352203369141,39.746875762939453
94548085,2025,2025-01-24,9160,2025-01-10,1500,021588,,5,2,9,1100,0,1,1,,2,006,"HIGHWAY 99W","COUNTY ROAD 33",1056.00,N,N,A,-,Y,,,,,,,,,,Y,3,0,1,1,A,-,01,23152,G,N,E,I,A,A,H,-,A,D,0,,,,,Y,Y,A,01,0,1,0,0,0,0,0,0,0,"- ","- ",39.626888275146484,-122.19719696044922,GLENN,UNINCORPORATED,,
94554244,2025,2025-01-29,9160,2025-01-16,1740,022188,,4,2,9,1100,0,1,1,,2,006,"I-5 N/B","COUNTY ROAD 27",2429.00,S,N,A,-,Y,GLE,,5," ",R,20.356,H,,R,Y,4,0,1,2,A,-,03,22350,,N,C,C,A,A,H,-,B,D,0,,,,,Y,,A,08,0,0,1,0,0,0,0,0,0,"- ","- ",39.675731658935547,-122.20443725585938,GLENN,UNINCORPORATED,-122.20446014404297,39.675731658935547
94566631,2025,2025-02-05,9160,2025-01-28,1545,022228,,2,2,9,1100,0,1,3,,1,008,SR-32,SR-45,200.00,E,N,A,-,Y,GLE,,32," "," ",9.672,H,,R,N,3,0,1,2,A,-,05,21460,,N,B,C,A,A,H,-,A,D,0,,,,,Y,,A,01,0,1,0,0,0,0,0,0,0,"- ","- ",39.744678497314453,-122.01856231689453,GLENN,UNINCORPORATED,-122.01854705810547,39.744636535644531
94569375,2025,2025-02-06,9160,2025-01-27,"741 ",019043,,1,1,9,1100,0,1,3,,1,010,S-45,"COUNTY ROAD 48",1584.00,S,N,A,-,Y,GLE,,45," "," ",8.063,H,,R,N,2,0,1,1,A,-,08,22107,,N,E,8,A,D,H,-,A,D,0,,,,,Y,,A,07,1,0,0,0,0,0,0,0,0,"- ","- ",39.529121398925781,-122.01210784912109,GLENN,UNINCORPORATED,-122.01219940185547,39.529121398925781
94585254,2025,2025-02-20,9160,2025-02-11,1505,024286,,2,2,9,1100,0,1,3,,1,010,"RT 45",SR-162,0.00,,Y,A,-,Y,GLE,,45," "," ",3.059,H,,R,N,4,0,1,2,A,-,12,22450,A,N,A,C,A,A,H,-,A,A,0,,,,Y,Y,,A,01,0,0,1,0,0,0,0,0,0,"- ","- ",39.457321166992188,-122.01722717285156,GLENN,UNINCORPORATED,-122.01730346679688,39.457317352294922
94590697,2024,2025-02-26,9160,2024-07-16,2130,020558,,2,2,9,1100,0,3,5,,2,007,"COUNTY ROAD X","COUNTY ROAD 34",0.00,,Y,A,-,N,,,,,,,,,,Y,1,2,0,1,A,-,01,23152,G,N,E,I,A,A,H,-,D,A,0,,,,,Y,,D,22,0,0,0,0,0,0,0,0,0,"- ","- ",39.61614990234375,-122.02745056152344,GLENN,UNINCORPORATED,-122.02751159667969,39.616127014160156
94604490,2025,2025-03-18,9160,2025-02-28,1716,022188,,5,2,9,1100,0,1,3,,1,010,"STATE ROUTE 45","ORD BEND ROAD",2640.00,N,N,A,-,Y,GLE,,45," "," ",15.713,H,,R,Y,3,0,1,2,A,-,03,22350,,N,C,C,A,A,H,-,A,D,0,,,,,Y,,D,22,0,1,0,0,0,0,0,0,0,"- ","- ",39.638240814208984,-122.00730895996094,GLENN,UNINCORPORATED,-122.00730895996094,39.638240814208984
94609793,2023,2025-03-18,9160,2023-12-21,"739 ",017577,,4,1,9,1100,0,3,5,,2,007,"NORTH HUMBOLDT AVE.","COUNTY ROAD 48",39.00,N,N,A,-,N,,,,,,,,,,Y,1,1,0,1,D,-,00,,,N,E,I,A,B,H,-,B,D,0,,,,,Y,,-,"- ",0,0,0,0,0,0,0,0,0,"- ","- ",39.538978576660156,-122.21221160888672,GLENN,UNINCORPORATED,-122.212158203125,39.538841247558594
94613108,2025,2025-03-24,9160,2025-03-11,1705,019164,,2,2,9,1100,0,3,5,,2,005,"4TH AVE","LINDSAY AVE",80.00,S,N,A,-,N,,,,,,,,,,Y,3,0,1,1,A,-,08,22107,,N,E,I,A,D,H,-,A,D,0,,,,,Y,,A,01,0,1,0,0,0,0,0,0,0,"- ","- ",39.775341033935547,-122.08541870117188,GLENN,UNINCORPORATED,-122.08537292480469,39.775470733642578
94627195,2025,2025-03-26,9160,2025-03-23,1905,017873,,7,2,9,1100,0,3,5,,2,005,"COUNTY ROAD 16","INTERSTATE 5 NORTHBOUND ONRAMP FROM COUNTY ROAD 16",0.00,,Y,A,-,N,,,,,,,,,,Y,3,0,3,2,A,-,09,21801,A,N,A,C,A,A,H,-,A,D,0,,,,,Y,,A,01,0,2,1,0,0,0,0,0,0,"- ","- ",39.740329742431641,-122.20400238037109,GLENN,UNINCORPORATED,-122.20547485351562,39.740390777587891
94627224,2025,2025-03-26,9160,2025-03-19,2015,015118,,3,2,9,1100,0,3,5,,2,003,"CO. RD. 16","I-5 S/B ONRAMP",0.00,,Y,B,-,N,,,,,,,,,,Y,3,0,3,2,A,-,09,21801,A,N,A,C,A,A,H,-,C,A,0,,,,,Y,,A,01,0,3,0,0,0,0,0,0,0,"- ","- ",39.740421295166016,-122.20736694335938,GLENN,UNINCORPORATED,-122.20582580566406,39.740398406982422
94628911,2025,2025-03-27,9160,2025-03-17,1630,019043,,1,2,9,1100,0,2,4,,2,016,"COUNTY ROAD 99W","CO RD 9",1056.00,N,N,C,F,N,,,,,,,,,,N,4,0,1,1,A,-,03,22350,,N,F,A,A,B,H,-,A,D,0,,,,,Y,,D,22,0,0,1,0,0,0,0,0,0,"- ","- ",39.777370452880859,-122.19715881347656,GLENN,UNINCORPORATED,-122.19683837890625,39.771945953369141
94629394,2025,2025-03-27,9160,2025-03-17,1648,016148,,1,2,9,1100,0,3,5,,2,005,"COUNTY ROAD P","COUNTY ROAD 27",1584.00,S,N,C,F,N,,,,,,,,,,N,3,0,1,1,A,-,03,22350,,N,F,A,A,C,H,-,A,D,0,,,,,Y,,D,22,0,1,0,0,0,0,0,0,0,"- ","- ",39.677509307861328,-122.14041137695312,GLENN,UNINCORPORATED,-122.14038848876953,39.677200317382812
94631971,2025,2025-03-31,9160,2025-03-19,"610 ",019043,,3,1,9,1100,0,1,3,,2,012,SR-162,"SHASTA ST",285.00,W,N,A,-,Y,GLE,,162," "," ",78.096,H,,R,Y,4,0,1,1,A,-,03,22350,,N,E,I,A,A,H,-,C,D,0,,,,,Y,,D,22,0,0,1,0,0,0,0,0,0,"- ","- ",39.464431762695312,-121.99163055419922,GLENN,UNINCORPORATED,-121.99161529541016,39.464408874511719
94645325,2025,2025-04-11,9160,2025-03-31,2010,015118,,1,2,9,1100,0,1,3,,1,010,SR-45,"CO. RD. 32",0.00,,Y,B,-,Y,GLE,,45," "," ",15.185,H,,R,Y,4,0,1,2,A,-,01,23152,A,N,D,C,A,A,H,-,C,A,0,,,,,Y,Y,A,01,0,0,1,0,0,0,0,0,0,"- ","- ",39.630599975585938,-122.00688171386719,GLENN,UNINCORPORATED,-122.00688171386719,39.630599975585938
94649028,2025,2025-04-14,9160,2025-03-26,2006,024286,,3,2,9,1100,0,3,5,,2,005,"COUNTY ROAD 39","COUNTY ROAD T",1454.00,W,N,A,-,N,,,,,,,,,,Y,3,0,1,1,A,-,01,23152,A,N,E,I,A,A,H,-,D,D,0,,,,,Y,Y,A,01,0,1,0,0,0,0,0,0,0,"- ","- ",39.582809448242188,-122.09401702880859,GLENN,UNINCORPORATED,-122.09372711181641,39.582809448242188
94649085,2025,2025-04-14,9160,2025-04-02,1200,019043,,3,1,9,1100,0,1,3,,1,010,SR-45,"ORD FERRY RD",0.00,,Y,A,-,Y,GLE,,45," "," ",15.184,H,,R,N,3,0,1,2,A,-,09,21802,A,N,D,2,A,A,H,-,A,A,0,,,,Y,Y,,A,01,0,1,0,0,0,0,0,0,0,"- ","- ",39.630588531494141,-122.00685882568359,GLENN,UNINCORPORATED,-122.00688171386719,39.630592346191406
94658951,2025,2025-04-22,9160,2025-03-25,1620,018128,,2,2,9,1100,0,1,1,,2,002,"I-5 S/B","COUNTY ROAD 57",250.00,S,N,A,-,Y,GLE,,5," ",R,7.554,H,,L,N,3,0,1,1,A,-,08,22107,,N,F,A,A,A,H,-,A,D,0,,,,,Y,,D,22,0,1,0,0,0,0,0,0,0,"- ","- ",39.49420166015625,-122.19689178466797,GLENN,UNINCORPORATED,-122.19682312011719,39.494216918945312
94669234,2025,2025-04-29,9160,2025-04-21,1930,017873,,1,2,9,1100,0,3,5,,2,005,"COUNTY ROAD 20","COUNTY ROAD K",528.00,E,N,A,-,N,,,,,,,,,,N,3,0,1,2,A,-,03,22350,,N,G,B,E,A,H,-,A,D,0,Y,,,,Y,,D,22,0,1,0,0,1,0,0,0,0,"- ","- ",39.725681304931641,-122.19017791748047,GLENN,UNINCORPORATED,-122.19047546386719,39.725688934326172
94672369,2025,2025-05-01,9160,2025-04-20,1315,019043,,7,1,9,1100,0,2,4,,2,016,"COUNTY ROAD 99W","COUNTY ROAD 27",722.00,S,N,A,-,N,,,,,,,,,,N,3,0,1,1,A,-,08,22107,,N,E,8,A,A,H,-,A,D,0,,,,,Y,,E,22,0,1,0,0,0,0,0,0,0,"- ","- ",39.680168151855469,-122.19685363769531,GLENN,UNINCORPORATED,-122.19687652587891,39.680347442626953
94673445,2025,2025-05-02,9160,2025-03-26,2037,024286,,3,2,9,1100,0,1,3,,1,008,"STATE ROUTE 32","6TH AVENUE",3168.00,E,N,A,-,Y,GLE,,32," "," ",6.268,H,,R,N,4,0,1,1,C,-,18,,,N,H,H,A,A,H,-,D,D,0,,,,,Y,,-,"- ",0,0,1,0,0,0,0,0,0,"- ","- ",39.744899749755859,-122.08242034912109,GLENN,UNINCORPORATED,-122.08242034912109,39.744884490966797
94677584,2025,2025-05-06,9160,2025-04-28,1515,019043,,1,2,9,1100,0,3,5,,2,003,"COUNTY ROAD 305","COUNTY ROAD 306",8448.00,S,N,A,-,N,,,,,,,,,,N,4,0,1,2,A,-,03,22350,,N,G,B,E,A,H,-,A,D,0,Y,,,,Y,,D,22,0,0,1,0,1,0,0,0,0,"- ","- ",39.673458099365234,-122.52390289306641,GLENN,UNINCORPORATED,-122.53163146972656,39.680019378662109
94677590,2025,2025-05-06,9160,2025-05-04,"600 ",018128,,7,1,9,1100,0,2,4,,2,016,"COUNTY ROAD 33","COUNTY ROAD 99W",0.00,,Y,A,-,N,,,,,,,,,,N,4,0,2,2,A,-,09,21802,A,N,D,C,A,A,H,-,B,D,0,,,,,Y,,A,08,0,0,2,0,0,0,0,0,0,"- ","- ",39.624160766601562,-122.19538116455078,GLENN,UNINCORPORATED,-122.19541168212891,39.624156951904297
94680628,2025,2025-05-08,9160,2025-04-26,1410,024286,,6,2,9,1100,0,1,3,,1,008,"STATE ROUTE 32","COUNTY ROAD N",1056.00,E,N,B,C,Y,GLE,,32," "," ",2.200,H,,R,Y,3,0,1,2,A,-,03,22350,,N,C,2,A,B,H,-,A,D,0,,,,,Y,,A,01,0,1,0,0,0,0,0,0,0,"- ","- ",39.746959686279297,-122.15603637695312,GLENN,UNINCORPORATED,-122.15603637695312,39.746994018554688
94680909,2025,2025-05-09,9160,2025-04-29,"734 ",018128,,2,1,2,1101,0,1,1,,2,004,"I-5 N/B","COUNTY ROAD 48",2300.00,N,N,A,-,Y,GLE,,5," ",R,11.334,H,,R,Y,2,0,1,1,A,-,08,22107,,N,F,0,A,A,H,-,A,D,0,,,,,Y,,D,22,1,0,0,0,0,0,0,0,0,"- ","- ",39.545440673828125,-122.21453094482422,GLENN,ORLAND,-122.21465301513672,39.545440673828125
94685950,2025,2025-05-13,9160,2025-02-08,2500,022730,,6,4,9,1100,0,3,5,,2,003,"NEWVILLE ROAD","COUNTY ROAD 206",2640.00,W,N,A,-,Y,,,,,,,,,,Y,3,0,1,2,A,-,05,21460,,M,B,C,A,A,H,-,D,D,0,,,,,Y,,A,01,0,1,0,0,0,0,0,0,0,"- ","- ",39.786701202392578,-122.30171966552734,GLENN,UNINCORPORATED,-122.30191040039062,39.786827087402344
94689481,2025,2025-05-16,9160,2025-05-03,"327 ",023166,,6,3,9,1100,0,1,1,,2,002,"I-5 SB","COUNTY ROAD 57",2640.00,N,N,A,-,Y,GLE,,5," ",R,8.101,H,,L,Y,4,0,3,1,A,-,08,22107,,N,E,8,A,A,H,-,C,D,0,,,,,Y,,D,22,0,0,3,0,0,0,0,0,0,"- ","- ",39.501571655273438,-122.20066833496094,GLENN,UNINCORPORATED,-122.20063018798828,39.501583099365234
94695467,2025,2025-05-21,9160,2025-05-14,"130 ",015118,,3,3,9,1100,0,1,1,,2,002,"I-5 N/B","CO. RD. 60",4118.00,S,N,A,-,Y,GLE,,5," ",R,4.764,H,,R,Y,4,0,1,2,A,-,03,22350,,N,C,C,A,A,H,-,D,D,0,,,,Y,Y,,A,01,0,0,1,0,0,0,0,0,0,"- ","- ",39.453948974609375,-122.193359375,GLENN,UNINCORPORATED,-122.19332885742188,39.453948974609375
94697853,2025,2025-05-22,9160,2025-05-14,"610 ",016473,,3,1,9,1100,0,3,5,,2,007,"COUNTY ROAD V","COUNTY ROAD 39",0.00,,Y,A,-,N,,,,,,,,,,Y,4,0,1,2,A,-,09,21802,A,N,D,C,A,A,H,-,A,A,0,,,,,Y,,A,07,0,0,1,0,0,0,0,0,0,"- ","- ",39.582691192626953,-122.06510925292969,GLENN,UNINCORPORATED,-122.06512451171875,39.582664489746094
94697934,2025,2025-05-22,9160,2025-05-10,2115,024063,,6,2,9,1100,0,1,1,,2,006,"I-5 N/B",CR-28,4752.00,S,N,A,-,Y,GLE,,5," ",R,18.903,H,,R,Y,3,0,1,1,A,-,03,22350,,N,F,A,A,A,H,-,D,D,0,,,,,Y,,A,01,0,1,0,0,0,0,0,0,0,"- ","- ",39.654640197753906,-122.20429229736328,GLENN,UNINCORPORATED,-122.2042236328125,39.654640197753906
94697936,2025,2025-05-22,9160,2025-05-11,"359 ",023166,,7,3,2,1101,0,1,3,,1,008,"COUNTY ROAD P",SR-32,0.00,,Y,A,-,N,,,,,,,,,,Y,4,0,1,2,A,-,01,23152,A,N,D,C,A,A,H,-,D,D,0,,,,,Y,Y,A,01,0,0,1,0,0,0,0,0,0,"- ","- ",39.7469482421875,-122.14098358154297,GLENN,ORLAND,-122.15980529785156,39.747032165527344
94697954,2025,2025-05-23,9160,2025-05-10,2319,023166,,6,3,9,1100,0,1,1,,2,002,"I-5 N/B",SR-162,2112.00,S,N,A,-,Y,GLE,,5," ",R,9.392,H,,R,Y,3,0,1,1,A,-,08,22107,,N,F,A,A,A,H,-,D,D,0,,,,Y,Y,,G,25,0,1,0,0,0,0,0,0,0,"- ","- ",39.517410278320312,-122.21321105957031,GLENN,UNINCORPORATED,-122.21318817138672,39.517417907714844
94701908,2024,2025-05-27,9160,2024-07-29,2335,020558,,1,3,9,1100,0,1,1,,2,004,"INTERSTATE 5 SOUTHBOUND","WILSON CREEK BRIDGE",7.00,S,N,A,-,Y,GLE,,5," ",R,12.559,H,,L,Y,1,1,1,4,A,-,11,21954,A,N,G,B,E,A,H,-,D,D,0,Y,,,Y,Y,,N,60,1,0,0,1,0,0,0,0,0,"- ","- ",39.563159942626953,-122.21357727050781,GLENN,UNINCORPORATED,-122.21360015869141,39.563163757324219
94705309,2025,2025-05-29,9160,2025-05-17,"957 ",018895,,6,1,9,1100,0,1,3,,2,012,SR162,SR45,165.00,W,N,A,-,Y,GLE,,162," "," ",76.222,H,,R,Y,4,0,1,1,A,-,08,22107,,N,E,I,A,A,H,-,A,D,0,,,,,Y,,A,01,0,0,1,0,0,0,0,0,0,"- ","- ",39.521770477294922,-122.01493835449219,GLENN,UNINCORPORATED,-122.01493835449219,39.521800994873047
94718994,2025,2025-06-10,9160,2025-05-28,"655 ",018128,,3,1,9,1100,0,1,1,,2,004,"I-5 N/B","COUNTY ROAD 48",4752.00,N,N,A,-,Y,GLE,,5," ",R,11.787,H,,R,N,4,0,2,2,A,-,08,22107,,N,C,C,A,A,H,-,A,D,0,,,,Y,Y,,A,07,0,0,2,0,0,0,0,0,0,"- ","- ",39.552021026611328,-122.21462249755859,GLENN,UNINCORPORATED,-122.21466064453125,39.552021026611328
94722411,2025,2025-06-12,9160,2025-06-02,"630 ",018128,,1,1,9,1100,0,3,5,,2,005,"COUNTY ROAD P","COUNTY ROAD 9",0.00,,Y,A,-,N,,,,,,,,,,N,4,0,1,2,A,-,12,22450,A,N,D,C,A,A,H,-,B,A,0,,,,,Y,,A,01,0,0,1,0,0,0,0,0,0,"- ","- ",39.768558502197266,-122.14086151123047,GLENN,UNINCORPORATED,-122.14088439941406,39.768543243408203
94723404,2025,2025-06-12,9160,2025-06-03,1224,016932,,2,1,9,1100,0,1,1,,2,004,"I-5 N/B","COUNTY RD 48",3480.00,N,N,A,-,Y,GLE,,5," ",R,11.534,H,,R,Y,3,0,1,2,A,-,07,21658,,N,B,C,A,A,H,-,A,D,0,,,,Y,Y,,G,25,0,1,0,0,0,0,0,0,0,"- ","- ",39.54833984375,-122.21463012695312,GLENN,UNINCORPORATED,-122.21465301513672,39.54833984375
94725342,2025,2025-06-13,9160,2025-06-03,1605,019164,,2,2,9,1100,0,2,4,,2,016,"COUNTY ROAD 99W","COUNTY ROAD 25",276.00,S,N,A,-,N,,,,,,,,,,Y,3,0,1,2,A,-,09,21804,A,N,D,C,A,A,H,-,A,D,0,,,,,Y,,A,01,0,1,0,0,0,0,0,0,0,"- ","- ",39.696239471435547,-122.19650268554688,GLENN,UNINCORPORATED,-122.19644927978516,39.696151733398438
94727808,2025,2025-06-16,9160,2025-06-10,1517,019164,,2,2,9,1100,0,3,5,,2,005,"COUNTY ROAD 24","COUNTY ROAD P",0.00,,Y,A,-,N,,,,,,,,,,Y,3,0,3,2,A,-,12,22450,A,N,D,C,A,A,H,-,A,A,0,,,,,Y,,A,01,0,1,2,0,0,0,0,0,0,"- ","- ",39.710670471191406,-122.14096069335938,GLENN,UNINCORPORATED,-122.14096832275391,39.710681915283203
94727818,2025,2025-06-16,9160,2025-06-05,2103,023166,,4,2,9,1100,0,3,5,,2,003,"COUNTY ROAD 200","COUNTY ROAD FF",0.00,,Y,A,-,N,,,,,,,,,,Y,4,0,4,2,A,-,09,21801,A,N,D,C,A,A,H,-,C,D,0,,,,,Y,,A,07,0,0,4,0,0,0,0,0,0,"- ","- ",39.760349273681641,-122.22959136962891,GLENN,UNINCORPORATED,-122.22975921630859,39.760459899902344
94729500,2025,2025-06-17,9160,2025-06-09,"945 ",019164,,1,1,9,1100,0,3,5,,2,003,"COUNTY ROAD 200A","COUNTY ROAD 206",7920.00,S,N,A,-,N,,,,,,,,,,Y,2,0,1,1,A,-,08,22107,,N,E,8,A,A,H,-,A,D,0,,,,,Y,,D,22,1,0,0,0,0,0,0,0,0,"- ","- ",39.751251220703125,-122.36248016357422,GLENN,UNINCORPORATED,-122.36273193359375,39.750820159912109
94731044,2024,2025-06-18,9160,2024-10-26,1800,022188,,6,2,9,1100,0,3,5,,2,005,"COUNTY ROAD M","COUNTY ROAD 27",315.00,S,N,A,-,N,,,,,,,,,,Y,1,1,3,1,A,-,01,23152,A,N,E,I,A,A,H,-,A,D,0,,,,,Y,Y,A,07,0,3,0,0,0,0,0,0,0,"- ","- ",39.681228637695312,-122.17813873291016,GLENN,UNINCORPORATED,-122.17812347412109,39.6812744140625
94731181,2025,2025-06-18,9160,2025-05-26,1523,019164,,1,2,9,1100,0,1,1,,2,004,"I-5 S/B","COUNTY ROAD 48",2500.00,N,N,A,-,Y,GLE,,5," ",R,11.550,H,,L,Y,3,0,1,1,A,-,08,22107,,N,F,A,A,A,H,-,A,D,0,,,,,Y,,E,22,0,1,0,0,0,0,0,0,0,"- ","- ",39.548580169677734,-122.21485137939453,GLENN,UNINCORPORATED,-122.21495819091797,39.548580169677734
94731198,2025,2025-06-19,9160,2025-06-07,"345 ",024063,,6,3,9,1100,0,1,3,,2,014,"STATE ROUTE 162","COUNTY ROAD 303",6600.00,W,N,A,-,Y,GLE,,162," "," ",49.733,H,,R,Y,2,0,4,1,A,-,01,23152,A,N,E,I,A,A,H,-,D,D,0,,,,,Y,Y,A,01,3,0,1,0,0,0,0,0,0,"- ","- ",39.597011566162109,-122.46650695800781,GLENN,UNINCORPORATED,-122.46649932861328,39.597015380859375
94731202,2025,2025-06-19,9160,2025-06-07,2000,023166,,6,2,9,1100,0,3,5,,2,005,"N HUMBOLDT AVE","1ST AVE",321.00,N,N,A,-,N,,,,,,,,,,Y,4,0,1,1,A,-,01,23152,F,N,E,I,A,A,H,-,D,D,0,,,,,Y,,A,01,0,0,1,0,0,0,0,0,0,"- ","- ",39.534309387207031,-122.21205902099609,GLENN,UNINCORPORATED,-122.21211242675781,39.5343017578125
94758888,2025,2025-07-14,9160,2025-06-28,"6   ",023166,,6,3,9,1100,0,1,3,,2,012,SR-162,"COUNTY ROAD U",1600.00,W,N,A,-,N,,,,,,,,,,N,3,0,1,1,A,-,08,22107,,N,F,A,A,A,H,-,D,D,0,,,,,Y,,D,22,0,1,0,0,0,0,0,0,0,"- ","- ",39.521671295166016,-122.08032989501953,GLENN,UNINCORPORATED,-122.08031463623047,39.521598815917969
94758891,2025,2025-07-14,9160,2025-06-28,1745,024063,,6,2,9,1100,0,3,5,,2,007,"COUNTY ROAD 34","COUNTY ROAD WW",0.00,,Y,A,-,N,,,,,,,,,,Y,3,0,4,2,A,-,09,21802,A,N,D,2,A,A,H,-,A,A,0,,,,,Y,,A,01,0,1,3,0,0,0,0,0,0,"- ","- ",39.6160888671875,-122.03688049316406,GLENN,UNINCORPORATED,-122.03688049316406,39.616165161132812
94762790,2025,2025-07-16,9160,2025-07-06,1700,020558,,7,2,9,1100,0,3,5,,2,005,"6TH AVE","MALTON SWITCH",40.00,S,N,A,-,N,,,,,,,,,,N,4,0,1,1,A,-,08,22107,,N,E,8,A,A,H,-,A,D,0,,,,,Y,,A,01,0,0,1,0,0,0,0,0,0,"- ","- ",39.797271728515625,-122.12464904785156,GLENN,UNINCORPORATED,-122.124755859375,39.797374725341797
94774877,2025,2025-07-24,9160,2025-07-20,1600,024510,,7,2,9,1100,0,3,5,,2,003,"ROAD 307","ALDER SPRINGS RD",2112.00,W,N,A,-,N,,,,,,,,,,Y,3,0,3,1,A,-,08,22107,,N,F,0,A,A,H,-,A,D,0,,,,,Y,,D,22,0,3,0,0,0,0,0,0,0,"- ","- ",39.674808502197266,-122.69899749755859,GLENN,UNINCORPORATED,-122.60064697265625,39.657669067382812
9478025,2022,2022-09-06,1101,2022-04-15,1610,503,ORLAN,5,5,2,1101,0,0,0,,0,CITY,"RAILROAD AV","LASSEN ST",0.00,,Y,B,-,N,,,,,,,,,,N,3,0,1,2,A,-,00,22804,A,N,D,G,A,A,H,-,A,A,0,,Y,,,Y,,D,22,0,1,0,0,0,0,1,0,0,"- ","- ",,,GLENN,ORLAND,-122.19515228271484,39.736591339111328
94781850,2025,2025-07-30,9160,2025-07-17,2110,022188,,4,2,9,1100,0,3,5,,2,005,"WEST 4TH STREET","MAIN ST",0.00,,Y,A,-,N,,,,,,,,,,N,4,0,1,2,A,-,01,23152,A,M,D,C,A,A,H,-,C,D,0,,,,,Y,Y,A,01,0,0,1,0,0,0,0,0,0,"- ","- ",39.743061065673828,-122.01270294189453,GLENN,UNINCORPORATED,-122.01263427734375,39.743091583251953
94798100,2025,2025-08-12,9160,2025-07-30,"825 ",019043,,3,1,9,1100,0,1,1,,2,004,"I-5 N/B","SOUTH FORK WILLOW CREEK",14.00,S,N,A,-,Y,GLE,,5," ",R,12.402,H,,R,N,2,0,1,1,A,-,08,22107,,N,E,I,A,A,C,-,A,D,0,,,Y,,Y,,C,02,1,0,0,0,0,0,0,0,1,"- ","- ",39.560909271240234,-122.21366119384766,GLENN,UNINCORPORATED,-122.21364593505859,39.560909271240234
94800045,2025,2025-08-12,9160,2025-07-31,1645,022730,,4,2,9,1100,0,1,3,,1,008,SR-32,"6TH AVENUE",1901.00,E,N,A,-,Y,GLE,,32," "," ",6.051,H,,R,N,4,0,1,1,C,-,18,,,N,E,8,A,A,H,-,A,D,0,,,,,Y,,-,"- ",0,0,1,0,0,0,0,0,0,"- ","- ",39.744918823242188,-122.08651733398438,GLENN,UNINCORPORATED,-122.08651733398438,39.744892120361328
94801198,2025,2025-08-13,9160,2025-08-11,1409,019164,,1,2,9,1100,0,1,1,,2,004,"I-5 NORTHBOUND","COUNTY ROAD 48",5808.00,N,N,A,-,Y,GLE,,5," ",R,11.974,H,,R,N,4,0,1,1,A,-,08,22107,,N,E,I,A,A,H,-,A,D,0,,,,,Y,,A,08,0,0,1,0,0,0,0,0,0,"- ","- ",39.554740905761719,-122.21465301513672,GLENN,UNINCORPORATED,-122.214599609375,39.554737091064453
94801699,2025,2025-08-13,9160,2025-08-01,1238,024286,,5,1,9,1100,0,1,3,,1,010,"STATE ROUTE 45","COUNTY ROAD 28",637.00,S,N,A,-,Y,GLE,,45," "," ",17.585,H,,R,Y,2,0,1,1,A,-,08,22107,,N,F,A,A,A,H,-,A,D,0,,,,,Y,,A,01,1,0,0,0,0,0,0,0,0,"- ","- ",39.665328979492188,-122.00849151611328,GLENN,UNINCORPORATED,-122.00841522216797,39.665332794189453
94816170,2025,2025-08-25,9160,2025-05-18,2005,017873,,7,2,9,1100,0,2,4,,2,016,"COUNTY ROAD 99W","COUNTY ROAD 21",658.00,S,N,A,-,N,,,,,,,,,,Y,1,1,0,1,A,-,08,22107,,N,E,I,A,A,H,-,A,D,0,,,,,Y,,D,22,0,0,0,0,0,0,0,0,0,"- ","- ",39.720211029052734,-122.19699096679688,GLENN,UNINCORPORATED,-122.19701385498047,39.720294952392578
94822484,2025,2025-08-28,9160,2025-08-18,"920 ",018128,,1,1,9,1100,0,3,5,,2,005,"COUNTY ROAD P","COUNTY ROAD 21",140.00,S,N,A,-,N,,,,,,,,,,N,4,0,1,1,A,-,01,23152,A,N,E,I,A,A,H,-,A,D,0,,,,,Y,Y,D,22,0,0,1,0,0,0,0,0,0,"- ","- ",39.720851898193359,-122.14099884033203,GLENN,UNINCORPORATED,-122.14098358154297,39.721076965332031
94822492,2025,2025-12-18,9160,2025-08-19,1410,018128,,2,2,9,1100,0,1,1,,2,004,"I-5 N/B","COUNTY ROAD 48",559.00,N,N,A,-,Y,GLE,,5," ",R,10.981,H,,R,Y,2,0,2,4,A,-,03,22350,,N,C,C,A,A,D,-,A,A,0,,,,,Y,,D,22,1,0,1,0,0,0,0,0,0,"- ","- ",39.540309906005859,-122.21466827392578,GLENN,UNINCORPORATED,-122.21463775634766,39.540309906005859
94828835,2025,2025-09-03,9160,2025-08-31,1605,024510,,7,2,9,1100,0,1,1,,2,004,"INTERSTATE 5 SOUTHBOUND","STATE ROUTE 162",1478.00,S,N,A,-,Y,GLE,,5," ",R,9.542,H,,L,Y,3,0,1,2,A,-,07,21658,A,M,F,A,A,A,H,-,A,D,0,,,,,Y,,-,99,0,1,0,0,0,0,0,0,0,"- ","- ",39.519458770751953,-122.2144775390625,GLENN,UNINCORPORATED,-122.21435546875,39.519481658935547
94841391,2025,2025-09-11,9160,2025-08-28,"648 ",024505,,4,1,9,1100,0,1,3,,1,010,"STATE ROUTE 45","COUNTY ROAD 34",628.00,S,N,A,-,Y,GLE,,45," "," ",14.064,H,,R,N,4,0,1,2,A,-,03,22350,,N,C,C,A,A,H,-,A,D,0,,,,,Y,,D,22,0,0,1,0,0,0,0,0,0,"- ","- ",39.61431884765625,-122.00739288330078,GLENN,UNINCORPORATED,-122.00740814208984,39.61431884765625
94851961,2025,2025-09-19,9160,2025-09-03,"925 ",024510,,3,1,9,1100,0,1,1,,2,004,"INTERSTATE 5 NORTHBOUND","COUNTY ROAD 33",1109.00,S,N,A,-,Y,GLE,,5," ",R,16.582,H,,R,Y,3,0,1,1,A,-,08,22107,,N,F,A,A,A,H,-,A,D,0,,,,,Y,,D,22,0,1,0,0,0,0,0,0,0,"- ","- ",39.621078491210938,-122.20545959472656,GLENN,UNINCORPORATED,-122.20558929443359,39.62109375
94866541,2025,2025-09-30,9160,2025-09-15,"643 ",024510,,1,1,9,1100,0,1,3,,1,010,"STATE ROUTE 45","COUNTY ROAD 32",0.00,,Y,A,-,Y,GLE,,45," "," ",15.184,H,,R,Y,3,0,1,2,A,-,09,21801,A,N,D,C,A,A,H,-,B,D,0,,,,,Y,,A,01,0,1,0,0,0,0,0,0,0,"- ","- ",39.630588531494141,-122.00686645507812,GLENN,UNINCORPORATED,-122.00688171386719,39.630588531494141
94886210,2025,2025-10-14,9160,2025-09-24,1110,024286,,3,1,9,1100,0,3,5,,2,007,"COUNTY ROAD 45","COUNTY ROAD N",20.00,E,N,A,-,N,,,,,,,,,,Y,3,0,1,2,A,-,03,22350,,N,C,C,A,A,H,-,A,D,0,,,,Y,Y,,D,22,0,1,0,0,0,0,0,0,0,"- ","- ",39.553379058837891,-122.1556396484375,GLENN,UNINCORPORATED,-122.15570068359375,39.553340911865234
94894809,2025,2025-10-21,9160,2025-09-09,1945,024733,,2,2,9,1100,0,3,5,,2,003,"COUNTY ROAD 16","COUNTY ROAD HH",263.00,W,N,B,-,N,,,,,,,,,,N,2,0,4,5,D,-,00,,,N,H,J,A,A,H,-,D,D,0,,,,,Y,Y,-,"- ",4,0,0,0,0,0,0,0,0,"- ","- ",39.740421295166016,-122.20842742919922,GLENN,UNINCORPORATED,-122.20828247070312,39.740409851074219
94931479,2025,2025-11-14,9160,2025-11-03,1925,017873,,1,2,9,1100,0,3,5,,2,005,"COUNTY ROAD 9","COUNTY ROAD 203",25.00,E,N,B,-,N,,,,,,,,,,Y,4,0,1,1,A,-,12,22450,A,N,E,J,A,A,H,-,C,A,0,,,,,Y,,A,01,0,0,1,0,0,0,0,0,0,"- ","- ",39.766399383544922,-122.03077697753906,GLENN,UNINCORPORATED,-122.0308837890625,39.766410827636719
94941196,2025,2025-11-21,9160,2025-09-17,1440,024505,,3,2,9,1100,0,1,3,,2,012,"STATE ROUTE 162","COUNTY ROAD U",200.00,W,N,A,-,Y,GLE,,162," "," ",73.027,H,,R,Y,3,0,1,1,A,-,08,22107,,N,E,J,A,A,H,-,A,D,0,,,,,Y,,A,01,0,1,0,0,0,0,0,0,0,"- ","- ",39.521629333496094,-122.07560729980469,GLENN,UNINCORPORATED,-122.07560729980469,39.521568298339844
94943198,2025,2025-11-21,9160,2025-10-24,1145,024733,,5,1,9,1100,0,1,1,,2,004,"INTERSTATE 5 N/B TO COUNTY ROAD 39","COUNTY ROAD 39",0.00,,Y,A,-,Y,,,,,,,,,,N,3,0,2,2,A,-,12,22450,A,N,D,2,A,A,H,-,A,A,0,,,,,Y,,A,08,0,2,0,0,0,0,0,0,0,"- ","- ",39.582351684570312,-122.20874786376953,GLENN,UNINCORPORATED,-122.21025085449219,39.582340240478516
94949508,2025,2025-11-26,9160,2025-11-07,1240,017170,,5,1,9,1100,0,1,3,,1,008,SR-32,SR-45,3696.00,W,N,A,-,Y,GLE,,32," "," ",8.866,H,,R,Y,4,0,1,1,C,-,18,,,N,H,H,A,A,H,-,A,D,0,,,,,Y,,-,"- ",0,0,1,0,0,0,0,0,0,"- ","- ",39.744781494140625,-122.03353881835938,GLENN,UNINCORPORATED,-122.03353881835938,39.744758605957031
94953234,2025,2025-12-01,9160,2025-08-09,1505,022730,,6,2,9,1100,0,1,1,,2,004,"INTERSTATE 5 NORTHBOUND","COUNTY ROAD 33",1584.00,S,N,A,-,Y,GLE,,5," ",R,16.546,H,,R,Y,1,1,0,1,A,-,08,22107,,N,E,8,A,A,H,-,A,D,0,,,,,Y,,A,01,0,0,0,0,0,0,0,0,0,"- ","- ",39.620578765869141,-122.20571136474609,GLENN,UNINCORPORATED,-122.20567321777344,39.620574951171875
94956405,2025,2025-12-03,9160,2025-11-21,"645 ",023526,,5,1,9,1100,0,1,1,,2,004,"I-5 NB",CR-35,1290.00,S,N,A,-,Y,GLE,,5," ",R,15.718,H,,R,N,3,0,1,1,A,-,08,22107,,N,E,I,A,A,H,-,A,D,0,,,,,Y,,A,01,0,1,0,0,0,0,0,0,0,"- ","- ",39.608680725097656,-122.20765686035156,GLENN,UNINCORPORATED,-122.20761871337891,39.608676910400391
94956648,2025,2025-12-03,9160,2025-11-10,"754 ",024705,,1,1,9,1100,0,3,5,,2,005,"COUNTY ROAD 24","COUNTY ROAD 99W",1531.00,E,N,A,-,N,,,,,,,,,,Y,3,0,1,1,A,-,08,22107,,N,F,A,A,A,H,-,A,D,0,,,,,Y,,A,07,0,1,0,0,0,0,0,0,0,"- ","- ",39.711090087890625,-122.19171142578125,GLENN,UNINCORPORATED,-122.19165802001953,39.711154937744141
94958078,2025,2025-12-04,9160,2025-11-07,1310,024323,,5,1,9,1100,0,1,3,,2,012,SR-162,"COUNTY ROAD WW",800.00,E,N,A,-,Y,GLE,,162," "," ",75.188,H,,R,Y,3,0,1,1,A,-,08,22107,,N,E,I,A,A,H,-,A,D,0,,,,,Y,,A,07,0,1,0,0,0,0,0,0,0,"- ","- ",39.52178955078125,-122.03436279296875,GLENN,UNINCORPORATED,-122.03436279296875,39.521827697753906
94964308,2025,2025-12-09,9160,2025-11-10,"627 ",024705,,1,1,9,1100,0,1,3,,2,014,"STATE HIGHWAY 162","MCCARTHY LANE",845.00,W,N,A,-,Y,GLE,,162," "," ",58.847,H,,R,Y,2,0,2,2,A,-,08,22107,,N,D,C,A,A,H,-,A,D,0,,,,,Y,,A,01,1,1,0,0,0,0,0,0,0,"- ","- ",39.532009124755859,-122.33601379394531,GLENN,UNINCORPORATED,-122.33600616455078,39.531982421875
94966793,2025,2025-12-10,9160,2025-11-20,"831 ",018895,,4,1,9,1100,0,1,3,,2,014,SR-162,"MPM 162 GLE 46.00",350.00,E,N,B,-,Y,GLE,,162," "," ",46.094,H,,R,Y,4,0,1,1,A,-,01,23152,A,N,E,8,A,A,H,-,A,D,0,,,,,Y,Y,D,22,0,0,1,0,0,0,0,0,0,"- ","- ",39.615528106689453,-122.51328277587891,GLENN,UNINCORPORATED,-122.51329803466797,39.615478515625
94975062,2025,2025-12-16,9160,2025-12-04,"830 ",023526,,4,1,9,1100,0,1,3,,2,012,"SR-162 E/B","ROAD U",0.00,,Y,B,-,Y,GLE,,162," "," ",73.091,H,,R,N,3,0,1,1,A,-,03,22350,,N,E,I,A,A,H,-,A,D,0,,,,,Y,,A,01,0,1,0,0,0,0,0,0,0,"- ","- ",39.521659851074219,-122.07444763183594,GLENN,UNINCORPORATED,-122.07445526123047,39.521556854248047
94977416,2025,2025-12-18,9160,2025-12-06,1625,023526,,6,2,2,1101,0,1,S,,2,901,"COUNTY ROAD 16","I-5 NB",0.00,,Y,B,-,Y,,,,,,,,,,N,4,0,1,2,A,-,09,21802,A,N,D,C,A,A,H,-,A,A,0,,,,,Y,,D,22,0,0,1,0,0,0,0,0,0,"- ","- ",39.740318298339844,-122.20395660400391,GLENN,ORLAND,-122.20547485351562,39.740390777587891
94977518,2024,2025-12-18,9160,2024-12-31,2035,017873,,2,2,9,1100,0,1,1,,2,002,"INTERSTATE 5 NB","COUNTY ROAD 68",150.00,S,N,A,-,Y,GLE,,5," ",R,1.618,H,,R,Y,1,2,2,2,A,-,08,22107,,N,A,C,A,A,H,-,D,D,0,,,,,Y,,D,22,2,0,0,0,0,0,0,0,0,"- ","- ",39.408611297607422,-122.19583892822266,GLENN,UNINCORPORATED,-122.19554138183594,39.408580780029297
94977671,2025,2025-12-18,9160,2025-12-14,1830,020558,,7,2,9,1100,0,1,1,,2,006,"INTERSTATE 5 NORTHBOUND","COUNTY ROAD 28",6864.00,S,N,E,-,Y,GLE,,5," ",R,18.487,H,,R,Y,2,0,2,1,A,-,01,23152,A,N,F,0,A,B,H,-,D,D,0,,,,,Y,Y,D,22,2,0,0,0,0,0,0,0,0,"- ","- ",39.648601531982422,-122.20429992675781,GLENN,UNINCORPORATED,-122.20416259765625,39.648601531982422
94977939,2025,2025-12-18,9160,2025-12-10,1725,017873,,3,2,9,1100,0,1,3,,2,014,"COUNTY ROAD D","RT 162",0.00,,Y,A,-,N,,,,,,,,,,Y,3,0,1,2,A,-,12,22450,A,N,D,D,A,A,H,-,C,A,0,,,,,Y,,D,22,0,1,0,0,0,0,0,0,0,"- ","- ",39.524181365966797,-122.24932098388672,GLENN,UNINCORPORATED,-122.24925994873047,39.524147033691406
94985986,2025,2025-12-24,9160,2025-12-17,1450,019164,,3,2,9,1100,0,3,5,,2,005,"COUNTY RD 9","COUNTY RD P",0.00,,Y,B,E,N,,,,,,,,,,Y,2,0,2,2,A,-,09,21802,A,N,D,2,A,B,H,-,A,A,0,,,,,Y,,A,01,1,0,1,0,0,0,0,0,0,"- ","- ",39.768550872802734,-122.14090728759766,GLENN,UNINCORPORATED,-122.14088439941406,39.768543243408203
94986086,2025,2025-12-24,9160,2025-12-23,1143,019164,,2,1,9,1100,0,1,1,,2,004,"SOUTHBOUND I-5","COUNTY ROAD 48",1584.00,N,N,B,-,Y,GLE,,5," ",R,11.236,H,,R,N,4,0,1,1,A,-,08,22107,,N,E,I,A,A,H,-,A,D,0,,,,,Y,,D,22,0,0,1,0,0,0,0,0,0,"- ","- ",39.544010162353516,-122.21497344970703,GLENN,UNINCORPORATED,-122.21464538574219,39.544010162353516
94987594,2025,2025-12-26,9160,2025-09-21,1240,024510,,7,1,9,1100,0,1,3,,2,014,"STATE ROUTE 162","162 GLE 56.14",528.00,W,N,A,-,Y,GLE,,162," "," ",56.324,H,,R,Y,2,0,1,1,A,-,01,23152,A,N,F,I,A,A,H,-,A,D,0,,,,,Y,Y,D,22,1,0,0,0,0,0,0,0,0,"- ","- ",39.558238983154297,-122.36396789550781,GLENN,UNINCORPORATED,-122.36392974853516,39.558258056640625
94995256,2025,2026-01-01,9160,2025-11-25,1244,024705,,2,1,9,1100,0,1,1,,2,004,"I-5 SOUTHBOUND","STATE ROUTE 162",5280.00,S,N,A,-,Y,GLE,,5," ",R,8.893,H,,L,N,3,0,1,2,A,-,03,22350,,N,C,C,A,A,D,E,A,A,0,,,,Y,Y,,G,25,0,1,0,0,0,0,0,0,0,"- ","- ",39.511260986328125,-122.20861053466797,GLENN,UNINCORPORATED,-122.20864105224609,39.511245727539062
94995260,2025,2026-01-01,9160,2025-11-19,"820 ",024705,,3,1,9,1100,0,3,5,,2,003,"COUNTY ROAD 306","COUNTY ROAD 200",7392.00,S,N,B,-,N,,,,,,,,,,N,3,0,1,1,A,-,08,22107,,N,E,8,A,A,H,-,A,D,0,,,,,Y,,A,01,0,1,0,0,0,0,0,0,0,"- ","- ",39.771228790283203,-122.52224731445312,GLENN,UNINCORPORATED,-122.52215576171875,39.771945953369141
94995263,2025,2026-01-01,9160,2025-10-31,1830,024286,,5,2,9,1100,0,1,3,,2,012,"STATE ROUTE 162","COUNTY ROAD YY 1/2",581.00,W,N,A,-,Y,GLE,,162," "," ",80.747,H,,R,Y,3,0,2,2,A,-,03,22350,,N,C,C,A,A,H,-,A,D,0,,,,,Y,,A,07,0,2,0,0,0,0,0,0,0,"- ","- ",39.464179992675781,-121.94194793701172,GLENN,UNINCORPORATED,-121.94194793701172,39.464210510253906
94995264,2025,2026-01-01,9160,2025-12-19,2000,024705,,5,2,9,1100,0,3,5,,2,005,"4TH STREET","SIERRA AVENUE",60.50,E,N,E,-,N,,,,,,,,,,N,3,0,1,2,A,-,08,22107,,N,C,E,A,B,H,-,D,D,0,,,,,Y,,A,07,0,1,0,0,0,0,0,0,0,"- ","- ",39.744121551513672,-122.00894165039062,GLENN,UNINCORPORATED,-122.00904846191406,39.744117736816406
94995269,2025,2026-01-01,9160,2025-10-30,1850,024063,,4,2,9,1100,0,3,5,,2,003,"COUNTY ROAD F","COUNTY ROAD 21",275.00,S,N,B,-,N,,,,,,,,,,N,3,0,1,2,A,-,08,22107,,F,G,B,E,A,H,-,D,D,0,Y,,,,Y,Y,-,99,0,1,0,0,1,0,0,0,0,"- ","- ",39.721599578857422,-122.23462677001953,GLENN,UNINCORPORATED,-122.23915100097656,39.733299255371094
94995271,2025,2026-01-01,9160,2025-11-19,1738,024705,,3,2,9,1100,0,3,5,,2,005,"COUNTY ROAD P","COUNTY ROAD 27",3168.00,S,N,A,-,N,,,,,,,,,,Y,2,0,2,2,A,-,01,23152,A,N,C,C,A,A,H,-,B,D,0,,,,,Y,Y,D,22,1,1,0,0,0,0,0,0,0,"- ","- ",39.672771453857422,-122.14042663574219,GLENN,UNINCORPORATED,-122.14046478271484,39.6728515625
94995288,2025,2026-01-01,9160,2025-10-13,"806 ",024705,,1,1,9,1100,0,1,1,,2,004,"INTERSTATE 5 SOUTHBOUND","COUNTY ROAD 48",61.00,N,N,A,-,Y,GLE,,5," ",R,10.892,H,,L,Y,3,0,2,1,A,-,08,22107,,N,F,A,A,A,H,-,A,D,0,,,,,Y,,D,22,0,2,0,0,0,0,0,0,0,"- ","- ",39.539028167724609,-122.21488189697266,GLENN,UNINCORPORATED,-122.21493530273438,39.539028167724609
94996070,2025,2026-01-02,9160,2025-10-14,1352,024510,,2,1,9,1100,0,1,3,,1,008,"STATE ROUTE 32","SACRAMENTO AVE",223.00,W,N,B,-,Y,GLE,,32," "," ",10.120,H,,R,Y,2,0,1,1,A,-,08,22107,,N,E,8,A,A,H,-,A,D,0,,,,,Y,,D,22,1,0,0,0,0,0,0,0,0,"- ","- ",39.74713134765625,-122.01033782958984,GLENN,UNINCORPORATED,-122.01031494140625,39.747077941894531
94998662,2025,2026-01-05,9160,2025-12-28,1158,024705,,7,1,9,1100,0,1,3,,1,010,"STATE ROUTE 45","COUNTY ROAD 39",3168.00,S,N,A,-,Y,GLE,,45," "," ",11.248,H,,R,N,2,0,2,1,A,-,08,22107,,N,F,A,A,A,H,-,A,D,0,,,Y,,Y,,C,02,2,0,0,0,0,0,0,0,2,"- ","- ",39.574031829833984,-122.00456237792969,GLENN,UNINCORPORATED,-122.00465393066406,39.574024200439453
94998824,2025,2026-01-05,9160,2025-12-25,2057,024733,,4,2,9,1100,0,1,3,,2,012,"STATE HIGHWAY 162","COUNTY ROAD ZZ",686.00,W,N,C,-,Y,GLE,,162," "," ",82.970,H,,R,Y,3,0,1,2,A,-,03,22350,,N,D,C,A,B,F,-,D,D,0,,,,,Y,,A,07,0,1,0,0,0,0,0,0,0,"- ","- ",39.463958740234375,-121.90065765380859,GLENN,UNINCORPORATED,-121.90065765380859,39.463977813720703
94999167,2025,2026-01-05,9160,2025-12-29,2124,024733,,1,2,9,1100,0,1,1,,2,002,"INTERSTATE 5 NORTHBOUND","COUNTY ROAD 57",31.00,S,N,A,-,Y,GLE,,5," ",R,7.595,H,,R,Y,3,0,1,2,A,-,03,22350,,N,C,C,A,A,H,-,C,D,0,,,,Y,Y,,A,07,0,1,0,0,0,0,0,0,0,"- ","- ",39.494819641113281,-122.19673919677734,GLENN,UNINCORPORATED,-122.19676208496094,39.494815826416016
95000888,2025,2026-01-21,9160,2025-10-01,2215,017873,,3,3,9,1100,0,3,5,,2,005,"COUNTY ROAD 9","5TH AVE",1584.00,E,N,A,-,N,,,,,,,,,,Y,2,0,1,1,A,-,08,22107,,N,E,I,A,A,H,-,D,D,0,,,,,Y,,A,01,1,0,0,0,0,0,0,0,0,"- ","- ",39.766860961914062,-122.09677124023438,GLENN,UNINCORPORATED,-122.09870910644531,39.767196655273438
95001049,2025,2026-01-06,9160,2025-09-27,2208,019714,,6,3,9,1100,0,3,5,,2,005,"COUNTY ROAD 3","COUNTY ROAD H",1366.00,W,N,A,-,N,,,,,,,,,,N,4,0,1,1,A,-,08,22107,,N,F,A,A,A,H,-,D,D,0,,,Y,,Y,,C,02,0,0,1,0,0,0,0,0,1,"- ","- ",39.79473876953125,-122.22068786621094,GLENN,UNINCORPORATED,-122.22065734863281,39.794754028320312
95004317,2025,2026-01-08,9160,2025-12-17,"750 ",024705,,3,1,9,1100,0,1,3,,2,012,SR-162,"COUNTY ROAD ZZ",3907.00,E,N,B,-,Y,GLE,,162," "," ",83.829,H,,R,Y,3,0,1,2,A,-,08,22107,,N,B,C,A,B,H,-,A,D,0,,,,,Y,,A,01,0,1,0,0,0,0,0,0,0,"- ","- ",39.464031219482422,-121.88430786132812,GLENN,UNINCORPORATED,-121.88430786132812,39.464035034179688
95010044,2025,2026-01-12,9160,2025-12-19,2050,024323,,5,2,9,1100,0,3,5,,2,001,"COUNTY ROAD 309","CHURCH STREET",5280.00,W,N,B,-,N,,,,,,,,,,N,3,0,1,1,A,-,01,23152,A,N,H,A,A,B,H,-,D,D,0,,,,,Y,Y,A,07,0,1,0,0,0,0,0,0,0,"- ","- ",39.605571746826172,-122.55844879150391,GLENN,UNINCORPORATED,-122.55836486816406,39.605609893798828
95011299,2025,2026-01-13,9160,2025-09-26,"545 ",024505,,5,3,2,1102,0,1,3,,1,008,"STATE ROUTE 32","COUNTY ROAD VV",661.00,E,N,A,-,Y,GLE,,32," "," ",7.722,H,,R,Y,2,0,1,2,A,-,03,22350,,N,C,C,A,A,H,-,D,D,0,,,,,Y,,A,01,1,0,0,0,0,0,0,0,0,"- ","- ",39.744800567626953,-122.054931640625,GLENN,WILLOWS,-122.054931640625,39.744815826416016
95011417,2025,2026-01-13,9160,2025-10-29,1533,024705,,3,2,2,1101,0,2,4,,2,016,"OLD HIGHWAY 99W","COUNTY RD 18",0.00,,Y,A,-,N,,,,,,,,,,N,3,0,3,2,A,-,09,21802,A,N,D,C,A,A,H,-,A,B,0,,,,,Y,,A,01,0,3,0,0,0,0,0,0,0,"- ","- ",39.732929229736328,-122.19679260253906,GLENN,ORLAND,,
95019190,2025,2026-01-19,9160,2025-10-09,"515 ",024733,,4,3,9,1100,0,1,1,,2,004,"INTERSTATE 5 SOUTBOUND","COUNTY ROAD 39",3168.00,N,N,A,-,Y,GLE,,5," ",R,14.478,H,,L,N,3,0,1,2,A,-,07,21658,A,N,B,C,A,A,H,-,C,A,0,,,,Y,Y,,G,25,0,1,0,0,0,0,0,0,0,"- ","- ",39.59075927734375,-122.20966339111328,GLENN,UNINCORPORATED,-122.20964050292969,39.59075927734375
95021153,2025,2026-01-20,9160,2025-10-11,1622,024733,,6,2,9,1100,0,1,1,,2,004,"INTERSTATE 5 SOUTHBOUND","STATE ROUTE 162",898.00,S,N,A,-,Y,GLE,,5," ",R,9.689,H,,L,Y,2,0,1,2,A,-,08,22107,,N,E,8,A,A,H,-,A,A,0,,,,,Y,,D,22,1,0,0,0,0,0,0,0,0,"- ","- ",39.521560668945312,-122.21494293212891,GLENN,UNINCORPORATED,-122.21483612060547,39.521564483642578
95024428,2025,2026-01-22,9160,2025-09-06,1103,024505,,6,1,9,1100,0,1,3,,2,012,"STATE ROUTE 162","COUNTY ROAD QQ",3.00,E,N,A,-,Y,GLE,,162," "," ",70.505,H,,R,Y,2,0,1,2,A,-,03,22350,,N,C,C,A,A,H,-,A,D,0,,,,,Y,,A,01,1,0,0,0,0,0,0,0,0,"- ","- ",39.523899078369141,-122.12155151367188,GLENN,UNINCORPORATED,-122.12155914306641,39.523815155029297
95043284,2025,2026-02-09,9160,2025-03-02,1830,017873,,7,2,9,1100,0,1,3,,1,008,"RT 32","SACRAMENTO AVE",0.00,,Y,A,-,Y,GLE,,32," "," ",10.180,H,,R,Y,1,1,0,2,A,-,09,21801,A,N,B,C,A,A,H,-,B,D,0,,,Y,,Y,,A,01,0,0,0,0,0,0,0,1,0,"- ","- ",39.747318267822266,-122.00927734375,GLENN,UNINCORPORATED,-122.00931549072266,39.747383117675781
95069519,2024,2026-02-24,9160,2024-07-19,2500,022303,,5,4,9,1100,0,3,5,,2,005,"COUNTY ROAD 203","COUNTY ROAD 9",873.00,S,N,A,-,N,,,,,,,,,,Y,1,2,0,1,A,-,08,22107,,N,E,8,A,A,H,-,A,D,0,,,,,Y,,A,07,0,0,0,0,0,0,0,0,0,"- ","- ",39.764739990234375,-122.02926635742188,GLENN,UNINCORPORATED,-122.02915191650391,39.764419555664062
95078077,2024,2026-03-02,9160,2024-06-24,"834 ",016148,,1,1,9,1100,0,3,5,,2,005,"COUNTY ROAD M","COUNTY ROAD 24",0.00,,Y,A,-,N,,,,,,,,,,Y,1,1,1,2,A,-,09,21802,A,N,D,C,A,A,H,-,A,A,0,,,,,Y,,A,01,1,0,0,0,0,0,0,0,0,"- ","- ",39.711009979248047,-122.178466796875,GLENN,UNINCORPORATED,-122.178466796875,39.711032867431641
95078104,2025,2026-03-02,9160,2025-10-02,1455,023526,,4,2,9,1100,0,3,5,,2,005,"COUNTY ROAD 99W","HAMBRIGHT CREEK BRIDGE",120.00,N,N,B,-,N,,,,,,,,,,Y,1,1,1,2,A,-,03,22350,,N,C,2,A,A,H,-,A,D,0,,,,,Y,Y,A,07,0,1,0,0,0,0,0,0,0,"- ","- ",39.761310577392578,-122.19687652587891,GLENN,UNINCORPORATED,,
95083615,2025,2026-03-05,9160,2025-03-30,"640 ",019043,,7,1,9,1100,0,2,4,,2,016,"COUNTY ROAD 99W","COUNTY ROAD 27",1056.00,N,N,B,C,N,,,,,,,,,,Y,1,1,0,1,A,-,01,23152,A,N,E,8,A,B,H,-,B,D,0,,,,,Y,Y,D,22,0,0,0,0,0,0,0,0,0,"- ","- ",39.686260223388672,-122.19674682617188,GLENN,UNINCORPORATED,-122.19680786132812,39.685230255126953
9511997,2022,2023-01-27,1101,2022-11-25,1630,510,ORLAN,5,5,2,1101,0,0,0,,0,ORLAND,"EAST ST","TEHAMA ST",0.00,,Y,A,-,N,,,,,,,,,,Y,2,0,1,2,A,-,09,21802,A,N,D,C,A,A,H,-,A,A,0,,,,,Y,,D,22,1,0,0,0,0,0,0,0,0,"- ","- ",,,GLENN,ORLAND,-122.18747711181641,39.749561309814453
9550901,2023,2023-05-02,1101,2023-02-07,"625 ",513,ORLAN,2,5,2,1101,0,0,0,,0,,"SOUTH ST","RAILROAD AV",0.00,,Y,A,-,N,,,,,,,,,,Y,3,0,1,2,A,-,09,21801,A,N,A,C,A,A,H,-,B,D,0,,,,,Y,,A,01,0,1,0,0,0,0,0,0,0,"- ","- ",,,GLENN,ORLAND,-122.19516754150391,39.740211486816406
9554978,2023,2023-03-24,1101,2023-01-15,1754,510,ORLAN,7,5,2,1101,0,0,0,,0,ORLAND,"EAST WALKER ST","PAPST AV",625.00,E,N,A,-,Y,GLE,3,32,-,-,1.140,H,-,W,Y,3,0,1,2,A,-,03,22350,,N,C,C,A,A,H,-,C,A,0,,,,,Y,,A,01,0,1,0,0,0,0,0,0,0,"- ","- ",,,GLENN,ORLAND,-122.17600250244141,39.747291564941406
9555002,2023,2023-03-24,1101,2023-02-28,"806 ",508,ORLAN,2,5,2,1101,0,0,0,,0,CITY,"WALKER ST","3RD ST",114.00,W,N,B,C,Y,GLE,3,32,-,-,0.220,H,-,W,Y,3,0,1,2,A,-,07,21658,A,N,C,E,A,B,H,-,A,D,0,,,,,Y,,A,07,0,1,0,0,0,0,0,0,0,"- ","- ",,,GLENN,ORLAND,-122.19337463378906,39.747417449951172
9559290,2022,2023-03-29,1101,2022-12-19,0908,510,ORLAN,1,5,2,1101,0,0,0,,0,ORLAND,"8TH ST","NEWVILLE RD",0.00,,Y,B,G,Y,GLE,3,32,-,R,0.409,I,5,W,Y,4,0,1,2,A,-,12,21453,A,N,D,C,A,A,H,-,A,A,0,,,,,Y,,I,11,0,0,1,0,0,0,0,0,0,"- ","- ",,,GLENN,ORLAND,-122.19930267333984,39.747970581054688
9559298,2023,2023-03-20,1101,2023-02-03,"744 ",510,ORLAN,5,5,2,1101,0,0,0,,0,ORLAND,"HWY 99W","JACQUELYN DR",0.00,,Y,B,-,N,,,,,,,,,,Y,3,0,1,2,A,-,09,21801,A,N,A,C,A,B,H,-,A,D,0,,,,,Y,,D,22,0,1,0,0,0,0,0,0,0,"- ","- ",,,GLENN,ORLAND,-122.19689200000001,39.759932999999997
9597649,2023,2023-08-01,1101,2023-03-04,1748,510,OLAND,6,5,2,1101,0,0,0,,0,ORLAND,"6TH ST","TEHAMA ST",0.00,,Y,B,-,N,,,,,,,,,,Y,2,0,2,2,A,-,"- ",,,N,D,C,A,A,H,-,B,A,0,,,,,Y,,D,23,1,1,0,0,0,0,0,0,0,"- ","- ",,,GLENN,ORLAND,-122.19741821289062,39.749580383300781
9631564,2023,2023-12-12,1101,2023-07-31,1349,513,ORLAN,1,5,2,1101,0,0,0,,0,ORLAND,"SOUTH ST","RD K 1/2",0.00,,Y,A,-,N,,,,,,,,,,N,4,0,1,2,A,-,07,21658,A,N,C,E,A,A,H,-,A,D,0,,,,,Y,,A,01,0,0,1,0,0,0,0,0,0,"- ","- ",,,GLENN,ORLAND,-122.18974304199219,39.740119934082031
9640029,2023,2023-12-11,1101,2023-01-12,1943,505,,4,5,2,1101,0,0,0,,0,,"RT 32","PAPST AV",0.00,,Y,A,-,Y,GLE,3,32,-,-,1.020,I,5,E,Y,1,1,1,3,A,-,12,21453,A,N,D,-,A,A,H,-,C,A,0,,,Y,,Y,,C,02,1,0,0,0,0,0,0,1,0,"- ","- ",,,GLENN,ORLAND,-122.17812347412109,39.74725341796875
9718116,2023,2024-08-02,1101,2023-09-28,"757 ",512,NORTH,4,5,2,1101,0,0,0,,0,,"WALKER ST","1ST ST",122.00,W,N,A,-,Y,GLE,3,32,-,-,0.380,H,-,W,N,3,0,1,2,A,-,03,22350,,N,C,C,A,A,H,-,A,D,0,,,,,Y,,A,01,0,1,0,0,0,0,0,0,0,"- ","- ",,,GLENN,ORLAND,-122.1905517578125,39.747417449951172
9718120,2024,2024-08-07,1101,2024-05-30,1628,510,ORLAN,4,5,2,1101,0,0,0,,0,ORLAND,"WALKER ST","3RD ST",85.00,E,N,A,-,Y,GLE,3,32,-,-,0.270,H,-,E,Y,3,0,1,2,A,-,08,22107,,N,D,C,A,A,H,-,A,D,0,,,,,Y,,A,07,0,1,0,0,0,0,0,0,0,"- ","- ",,,GLENN,ORLAND,-122.19246673583984,39.747344970703125
9718128,2024,2024-08-07,1101,2024-06-16,2346,503,ORLAN,7,5,2,1101,0,0,0,,0,CITY,"9TH ST","NEWVILLE RD",24.00,S,N,A,-,Y,GLE,3,32,-,R,0.238,I,5,E,N,3,0,2,2,A,-,01,23153,B,N,D,C,A,A,H,-,C,A,0,,,,,Y,Y,A,01,0,1,1,0,0,0,0,0,0,"- ","- ",,,GLENN,ORLAND,-122.20177459716797,39.749126434326172
9723723,2024,2024-10-14,1101,2024-06-25,1012,508,ORLAN,2,5,2,1101,0,0,0,,0,1101,"BRYANT ST","JAMES ST",247.00,W,N,A,-,N,,,,,,,,,,Y,3,0,1,3,A,-,08,22107,,N,D,E,A,A,H,-,A,D,0,,,,,Y,,A,01,0,1,0,0,0,0,0,0,0,"- ","- ",,,GLENN,ORLAND,-122.17652893066406,39.75091552734375
9767698,2024,2024-12-20,1101,2024-10-21,1606,512,ORLAN,1,5,2,1101,0,0,0,,0,ORLAND,"SOUTH ST","MARIN ST",0.00,,Y,A,-,N,,,,,,,,,,N,4,0,1,2,A,-,12,22450,A,N,C,C,A,A,H,-,A,A,0,,,,,Y,,A,01,0,0,1,0,0,0,0,0,0,"- ","- ",,,GLENN,ORLAND,-122.19218444824219,39.740165710449219
9767793,2024,2024-12-18,1101,2024-11-12,"653 ",507,ORLAN,2,5,2,1101,0,0,0,,0,ORLAND,"6TH ST","TEHAMA ST",0.00,,Y,A,-,N,,,,,,,,,,Y,3,0,1,2,A,-,09,21800,A,N,D,C,A,A,H,-,A,A,0,,,,,Y,,A,01,0,1,0,0,0,0,0,0,0,"- ","- ",,,GLENN,ORLAND,-122.19741821289062,39.749580383300781
9769468,2024,2024-12-26,1101,2024-10-23,1000,508,ORLAN,3,5,2,1101,0,0,0,,0,CITY,"WALKER ST","PAPST AV",281.00,W,N,A,-,Y,GLE,3,32,-,-,0.970,H,-,E,Y,3,0,3,2,A,-,05,21650,,N,A,C,A,A,H,-,A,A,0,,,,,Y,,A,07,0,3,0,0,0,0,0,0,0,"- ","- ",,,GLENN,ORLAND,-122.17913818359375,39.747264862060547
9770458,2024,2024-12-31,1101,2024-09-15,1211,511,ORLAN,7,5,2,1101,0,0,0,,0,CITY,"6TH ST","ALMOND WY",0.00,,Y,A,-,N,,,,,,,,,,N,4,0,1,2,A,-,03,22350,,N,C,C,A,A,H,-,A,A,0,,,,,Y,,A,01,0,0,1,0,0,0,0,0,0,"- ","- ",,,GLENN,ORLAND,-122.19699096679688,39.754718780517578
9790812,2025,2025-05-09,1101,2025-01-30,1450,512,ORLAN,4,5,2,1101,0,0,0,,0,ORLAND,"WALKER ST","EAST ST",0.00,,Y,A,-,Y,GLE,3,32,-,-,0.610,H,-,W,Y,3,0,5,3,A,-,09,21804,A,N,H,C,A,A,H,-,A,D,0,,,,,Y,,A,01,0,2,3,0,0,0,0,0,0,"- ","- ",,,GLENN,ORLAND,-122.18628692626953,39.747394561767578
9799875,2025,2025-05-02,1101,2025-01-28,1354,505,ORLAN,2,5,2,1101,0,0,0,,0,ORLAND,"NEWVILLE RD","RT 5 OVERPASS",0.00,,Y,A,-,Y,GLE,3,5,-,R,25.701,R,4,S,N,4,0,1,2,A,-,03,22350,,N,C,C,A,A,H,-,A,A,0,,,,Y,Y,,F,25,0,0,1,0,0,0,0,0,0,"- ","- ",,,GLENN,ORLAND,-122.20561981201172,39.75323486328125
9817126,2025,2025-07-09,1101,2025-04-04,1103,509,ORLAN,5,5,2,1101,0,0,0,,0,ORLAND,"EAST WALKER ST","EAST ST",311.00,E,N,A,-,Y,GLE,3,32,-,-,0.610,H,-,W,Y,4,0,1,2,A,-,04,21703,,N,C,C,A,A,H,-,A,A,0,,,,,Y,,A,01,0,0,1,0,0,0,0,0,0,"- ","- ",,,GLENN,ORLAND,-122.18628692626953,39.747394561767578
9826290,2025,2025-07-14,1101,2025-04-03,1005,511,ORLAN,4,5,2,1101,0,0,0,,0,CITY,"WALKER ST","EAST ST",0.00,,Y,A,-,Y,GLE,3,32,-,-,0.550,I,5,E,Y,4,0,1,2,A,-,12,21453,A,N,D,C,A,A,H,-,A,A,0,,,,,Y,,A,01,0,0,1,0,0,0,0,0,0,"- ","- ",,,GLENN,ORLAND,-122.18745422363281,39.747325897216797
9826291,2025,2025-07-14,1101,2025-03-14,1214,511,,5,5,2,1101,0,0,0,,0,,"EAST WALKER ST","LINWOOD DR",0.00,,Y,B,-,Y,GLE,3,32,-,-,1.310,H,-,E,Y,3,0,1,2,A,-,09,21801,A,N,D,C,A,B,H,-,A,A,0,,,,Y,Y,,F,26,0,1,0,0,0,0,0,0,0,"- ","- ",,,GLENN,ORLAND,-122.17299652099609,39.747196197509766
9879380,2025,2025-10-29,1101,2025-06-15,2012,507,ORLAN,7,5,2,1101,0,0,0,,0,CITY,"IDE ST","COMMERCE LN",181.00,E,N,A,-,N,,,,,,,,,,Y,3,0,1,1,A,-,03,22350,,N,E,I,A,A,H,-,A,A,0,,,,,Y,Y,A,01,0,1,0,0,0,0,0,0,0,"- ","- ",,,GLENN,ORLAND,,
9879386,2025,2025-10-29,1101,2025-03-06,1502,512,ORLAN,4,5,2,1101,0,0,0,,0,,"MAPLEWOOD DR","LINWOOD DR",0.00,,Y,A,-,N,,,,,,,,,,N,4,0,1,1,B,-,22,,,N,E,I,A,A,H,-,A,D,0,,,,,Y,,A,01,0,0,1,0,0,0,0,0,0,"- ","- ",,,GLENN,ORLAND,-122.17108154296875,39.745998382568359
9902575,2025,2026-01-15,1101,2025-10-12,1224,510,ORLAN,7,5,2,1101,0,0,0,,0,ORLAND,"SOUTH ST","EIGHTH STREET",0.00,,Y,A,G,N,,,,,,,,,,Y,3,0,2,2,A,-,01,23152,B,N,D,C,A,A,H,-,A,A,0,,,,,Y,Y,A,01,0,2,0,0,0,0,0,0,0,"- ","- ",39.740291595458984,-122.19956970214844,GLENN,ORLAND,-122.19953918457031,39.740329742431641
