CASE_ID,ACCIDENT_YEAR,PROC_DATE,JURIS,COLLISION_DATE,COLLISION_TIME,OFFICER_ID,REPORTING_DISTRICT,DAY_OF_WEEK,CHP_SHIFT,POPULATION,CNTY_CITY_LOC,SPECIAL_COND,BEAT_TYPE,CHP_BEAT_TYPE,CITY_DIVISION_LAPD,CHP_BEAT_CLASS,BEAT_NUMBER,PRIMARY_RD,SECONDARY_RD,DISTANCE,DIRECTION,INTERSECTION,WEATHER_1,WEATHER_2,STATE_HWY_IND,CALTRANS_COUNTY,CALTRANS_DISTRICT,STATE_ROUTE,ROUTE_SUFFIX,POSTMILE_PREFIX,POSTMILE,LOCATION_TYPE,RAMP_INTERSECTION,SIDE_OF_HWY,TOW_AWAY,COLLISION_SEVERITY,NUMBER_KILLED,NUMBER_INJURED,PARTY_COUNT,PRIMARY_COLL_FACTOR,PCF_CODE_OF_VIOL,PCF_VIOL_CATEGORY,PCF_VIOLATION,PCF_VIOL_SUBSECTION,HIT_AND_RUN,TYPE_OF_COLLISION,MVIW,PED_ACTION,ROAD_SURFACE,ROAD_COND_1,ROAD_COND_2,LIGHTING,CONTROL_DEVICE,CHP_ROAD_TYPE,PEDESTRIAN_ACCIDENT,BICYCLE_ACCIDENT,MOTORCYCLE_ACCIDENT,TRUCK_ACCIDENT,NOT_PRIVATE_PROPERTY,ALCOHOL_INVOLVED,STWD_VEHTYPE_AT_FAULT,CHP_VEHTYPE_AT_FAULT,COUNT_SEVERE_INJ,COUNT_VISIBLE_INJ,COUNT_COMPLAINT_PAIN,COUNT_PED_KILLED,COUNT_PED_INJURED,COUNT_BICYCLIST_KILLED,COUNT_BICYCLIST_INJURED,COUNT_MC_KILLED,COUNT_MC_INJURED,PRIMARY_RAMP,SECONDARY_RAMP,LATITUDE,LONGITUDE,COUNTY,CITY,POINT_X,POINT_Y
6290416,2014,2014-05-02,9820,2014-01-14,1220,19627,,2,1,9,2600,0,1,2,,1,022,"RT 395","GREEN CREEK RD",5280.00,N,N,A,-,Y,MNO,9,395,-,-,72.990,H,-,N,Y,1,1,1,2,A,-,05,21460,A,N,A,C,A,A,H,-,A,A,0,,,,,Y,,A,01,0,0,1,0,0,0,0,0,0,"- ","- ",38.208930000000002,-119.23018,MONO,UNINCORPORATED,-119.22974634000001,38.208442609999999
6290490,2014,2014-05-14,9820,2014-03-05,0515,20259,,3,3,9,2600,0,3,5,,2,040,"LUNDY LAKE RD","RT 395",28.00,W,N,B,-,Y,MNO,9,395,-,-,58.240,I,6,S,Y,1,1,1,1,A,-,03,22350,,N,E,I,A,A,H,-,B,D,0,,,,,Y,,A,01,0,1,0,0,0,0,0,0,0,"- ","- ",38.045290000000001,-119.16091,MONO,UNINCORPORATED,-119.16079773,38.045301209999998
6291421,2014,2014-12-09,9820,2014-08-03,1110,19763,,7,1,9,2600,0,1,2,,1,041,"RT 395","PICNIC GROUNDS RD",4.00,S,N,B,-,Y,MNO,9,395,-,-,53.070,H,-,S,Y,1,1,1,2,A,-,09,21801,A,N,D,C,A,A,H,-,A,D,0,,,Y,,Y,,A,01,0,1,0,0,0,0,0,1,0,"- ","- ",37.97672,-119.1357,MONO,UNINCORPORATED,-119.13557272,37.976681200000002
6291697,2014,2014-12-16,9820,2014-09-11,1305,18674,,4,1,9,2600,0,1,3,,1,014,"RT 108","WALKER RV BR #47-20",597.00,W,N,A,-,Y,MNO,9,108,-,-,12.780,H,-,W,Y,1,1,0,1,A,-,03,22350,,N,E,I,A,A,H,-,A,D,0,,,Y,,Y,,C,02,0,0,0,0,0,0,0,1,0,"- ","- ",38.365989999999996,-119.4843,MONO,UNINCORPORATED,-119.48447075999999,38.365889000000003
6364473,2014,2014-06-18,2601,2014-02-01,2303,0045,NORTH,6,5,2,2601,0,0,0,,0,4422,"FOREST TRL","HILLSIDE DR",0.00,,Y,A,-,N,,,,,,,,,,N,4,0,1,2,A,-,11,21954,A,N,G,B,D,C,H,-,D,D,0,Y,,,,Y,Y,N,60,0,0,1,0,1,0,0,0,0,"- ","- ",,,MONO,"MAMMOTH LAKES",-118.9931801,37.651119989999998
6377909,2014,2015-01-21,2601,2014-01-31,1930,0014,,5,5,2,2601,0,0,0,,0,4413,"MINARET RD","RT 203",528.00,S,N,D,-,N,,,,,,,,,,Y,4,0,1,1,A,-,03,22350,,N,B,I,A,C,H,-,D,D,0,,,,,Y,,-,"- ",0,0,1,0,0,0,0,0,0,"- ","- ",,,MONO,"MAMMOTH LAKES",-118.99436,37.655839999999998
6378232,2014,2016-01-23,9820,2014-01-10,1710,20390,,5,2,9,2600,0,1,2,,1,012,"RT 395","RT 108",1.10,N,N,A,-,Y,MNO,9,395,-,-,94.700,H,-,S,Y,4,0,1,1,A,-,08,22107,,N,E,I,A,A,H,-,D,D,0,,,,,Y,,A,01,0,0,1,0,0,0,0,0,0,"- ","- ",38.362000000000002,-119.4439,MONO,UNINCORPORATED,-119.44355441,38.361005120000002
6388712,2014,2016-01-23,9820,2014-01-30,1823,020486,,4,2,9,2600,0,1,2,,1,051,"RT 395","RT 203",11616.00,N,N,D,-,Y,MNO,9,395,-,-,27.950,H,-,N,Y,4,0,4,1,A,-,03,22350,,N,E,I,A,C,H,-,D,D,0,,,,,Y,,A,07,0,0,4,0,0,0,0,0,0,"- ","- ",37.669759999999997,-118.93499,MONO,UNINCORPORATED,-118.9352164,37.670846900000001
6388716,2014,2016-01-23,9820,2014-01-27,0843,020309,,1,1,9,2600,0,1,2,,1,022,"RT 395","SOUTH LANDING RD",5280.00,S,N,A,-,Y,MNO,9,395,-,R,12.930,H,-,S,Y,3,0,1,1,A,-,08,22107,,N,E,I,A,A,H,-,A,D,0,,,,,Y,,A,01,0,1,0,0,0,0,0,0,0,"- ","- ",37.570309999999999,-118.70390999999999,MONO,UNINCORPORATED,-118.7212,37.575045000000003
6405611,2014,2016-01-23,9820,2014-02-15,1540,19933,820,6,2,9,2600,0,1,2,,1,022,"RT 395","RT 167",1056.00,N,N,B,F,Y,MNO,9,395,-,-,58.470,H,-,N,Y,4,0,1,1,C,-,18,,,N,F,J,A,A,H,-,A,A,0,,,,Y,Y,,-,"- ",0,0,1,0,0,0,0,0,0,"- ","- ",38.04853,-119.16282,MONO,UNINCORPORATED,-119.16279215,38.048429919999997
6405619,2014,2016-01-23,9820,2014-03-01,0840,20432,,6,1,9,2600,0,1,2,,1,042,"RT 395","RT 158",528.00,S,N,B,D,Y,MNO,9,395,-,-,40.240,H,-,N,Y,3,0,1,2,A,-,03,22350,,N,A,D,A,C,H,-,A,A,0,,,,Y,Y,,D,22,0,1,0,0,0,0,0,0,0,"- ","- ",37.811219999999999,-119.05181,MONO,UNINCORPORATED,-119.05232936,37.811803810000001
6427082,2014,2016-01-23,9820,2014-03-05,1240,19627,,3,1,9,2600,0,1,3,,1,014,"RT 108","RT 395",51216.00,W,N,A,-,Y,MNO,9,108,-,-,5.450,H,-,E,Y,3,0,1,1,C,-,18,,,N,F,A,A,A,H,-,A,D,0,,,Y,,Y,,-,"- ",0,1,0,0,0,0,0,0,1,"- ","- ",38.347560000000001,-119.54035,MONO,UNINCORPORATED,-119.57051537,38.316799670000002
6435454,2014,2014-06-11,9820,2014-01-16,2315,020486,,4,3,9,2600,0,3,5,,2,055,"BENTON CROSSING RD","LAYTON SPRINGS RD",3696.00,E,N,A,-,N,,,,,,,,,,N,2,0,1,1,A,-,08,22107,,N,E,I,A,A,H,-,D,D,0,,,,,Y,,A,08,1,0,0,0,0,0,0,0,0,"- ","- ",37.64396,-118.70943,MONO,UNINCORPORATED,-118.71039577000001,37.643597079999999
6444274,2014,2016-01-23,9820,2014-03-28,1238,19766,,5,1,9,2600,0,1,2,,1,011,"RT 395","HACKNEY DR",575.00,S,N,A,-,Y,MNO,9,395,-,-,107.400,H,-,N,Y,3,0,1,1,A,-,08,22107,,N,E,I,A,A,H,-,A,D,0,,,,,Y,,A,01,0,1,0,0,0,0,0,0,0,"- ","- ",38.515300000000003,-119.47620000000001,MONO,UNINCORPORATED,-119.4760094,38.51513782
6444278,2014,2016-01-23,9820,2014-03-16,1155,14841,,7,1,9,2600,0,1,3,,1,023,"RT 182","MASONIC RD",23760.00,N,N,A,-,Y,MNO,9,182,-,-,8.400,H,-,S,Y,2,0,1,1,A,-,03,22350,,N,E,I,A,A,H,-,A,A,0,,,Y,,Y,,C,02,1,0,0,0,0,0,0,0,1,"- ","- ",38.369030000000002,-119.19889000000001,MONO,UNINCORPORATED,-119.19779312,38.369257589999997
6468306,2014,2016-03-29,9820,2014-04-18,1315,17567,,5,1,9,2600,0,1,3,,1,023,"RT 182","CALIFORNIA/NEVADA BORDER",21648.00,S,N,B,-,Y,MNO,9,182,-,-,8.550,H,-,S,Y,2,0,1,2,A,-,08,22107,,N,B,C,A,A,H,-,A,A,0,,,Y,,Y,,C,02,1,0,0,0,0,0,0,0,1,"- ","- ",,,MONO,UNINCORPORATED,-119.19587002,38.370590319999998
6497776,2014,2016-01-23,9820,2014-03-13,0440,020241,,4,3,9,2600,0,1,2,,1,011,"RT 395","RT 89",5280.00,N,N,A,-,Y,MNO,9,395,-,-,117.970,H,-,S,Y,4,0,1,2,A,-,08,22107,,N,C,E,A,A,H,-,D,D,0,,,,Y,Y,,G,25,0,0,1,0,0,0,0,0,0,"- ","- ",38.65343,-119.53613,MONO,UNINCORPORATED,-119.53700713000001,38.654525110000002
6497780,2014,2016-03-29,9820,2014-05-05,0735,17567,,1,1,9,2600,0,1,2,,1,021,"RT 395","BUCKEYE RD",6864.00,N,N,B,-,Y,MNO,9,395,-,-,81.920,H,-,N,Y,3,0,1,2,C,-,18,,,N,H,H,A,A,H,-,A,D,0,,,Y,,Y,,-,"- ",0,1,0,0,0,0,0,0,1,"- ","- ",,,MONO,UNINCORPORATED,-119.3064067,38.289261070000002
6500504,2014,2016-03-29,9820,2014-05-18,0727,019766,,7,1,9,2600,0,1,2,,1,051,"RT 395","RT 203",4224.00,N,N,A,-,Y,MNO,9,395,-,R,26.600,H,-,S,Y,2,0,2,1,A,-,08,22107,,N,F,A,A,A,H,-,A,D,0,,,,,Y,,A,01,1,1,0,0,0,0,0,0,0,"- ","- ",37.65099,-118.92455,MONO,UNINCORPORATED,-118.92426326,37.648071559999998
6500508,2014,2016-03-29,9820,2014-05-09,2029,02486,,5,2,9,2600,0,1,2,,1,041,"RT 395","PICNIC GROUNDS RD",4752.00,N,N,A,-,Y,MNO,9,395,-,R,53.900,H,-,S,Y,3,0,1,1,C,-,18,,,N,H,H,A,A,H,-,D,D,0,,,,,Y,,-,"- ",0,1,0,0,0,0,0,0,0,"- ","- ",,,MONO,UNINCORPORATED,-119.14063258,37.988141669999997
6504175,2014,2016-03-29,9820,2014-05-05,0800,020309,,1,1,9,2600,0,1,2,,1,052,"RT 395","MILE POST MARKER 395 MNO 25.",792.00,N,N,A,-,Y,MNO,9,395,-,R,25.150,H,-,S,Y,4,0,1,1,C,-,18,,,N,H,H,A,A,H,-,A,A,0,,,,,Y,,-,"- ",0,0,1,0,0,0,0,0,0,"- ","- ",37.638539999999999,-118.91118,MONO,UNINCORPORATED,-118.90481798,37.637901720000002
6515883,2014,2014-08-14,2601,2014-06-09,0818,0022,,1,5,2,2601,0,0,0,,0,,"OLD MAMMOTH RD","SIERRA NEVADA RD",272.00,N,N,A,-,N,,,,,,,,,,N,4,0,1,2,A,-,21,22106,,N,D,C,A,A,H,-,A,D,0,,,,,Y,,A,01,0,0,1,0,0,0,0,0,0,"- ","- ",,,MONO,"MAMMOTH LAKES",-118.96620050999999,37.642955440000001
6515887,2014,2014-08-15,2601,2014-06-30,0945,0014,4413,1,5,2,2601,0,0,0,,0,,"OLD MAMMOTH RD","SHERWIN ST",78.00,E,N,A,-,N,,,,,,,,,,Y,4,0,1,1,A,-,03,22350,,N,E,I,A,A,H,-,A,D,0,,,,,Y,,A,01,0,0,1,0,0,0,0,0,0,"- ","- ",,,MONO,"MAMMOTH LAKES",-118.98864192000001,37.628607870000003
6517230,2014,2014-08-08,9820,2014-06-07,1020,19766,,6,1,9,2600,0,3,5,,2,055,"BENTON CROSSING RD","WHITMORE TUBS RD",6864.00,E,N,A,-,N,,,,,,,,,,N,3,0,2,2,A,-,03,22350,,N,H,G,A,A,H,-,A,D,0,,Y,,,Y,,L,04,0,2,0,0,0,0,2,0,0,"- ","- ",37.647150000000003,-118.79612,MONO,UNINCORPORATED,-118.79606812999999,37.647311160000001
6536735,2014,2016-03-29,9820,2014-05-24,0421,020486,,6,3,9,2600,0,1,2,,1,052,"RT 395","INDUSTRIAL CIR",375.00,S,N,A,-,Y,MNO,9,395,-,-,22.640,H,-,S,Y,3,0,1,1,A,-,03,22350,,N,E,I,A,A,H,-,D,D,0,,,,,Y,,A,01,0,1,0,0,0,0,0,0,0,"- ","- ",37.628790000000002,-118.86256,MONO,UNINCORPORATED,-118.86256327,37.628847319999998
6536739,2014,2016-03-29,9820,2014-05-30,1035,019763,,5,1,9,2600,0,1,3,,1,044,"RT 120","POOLE POWER PLANT RD",10560.00,W,N,A,-,Y,MNO,9,120,-,R,5.460,H,-,E,Y,3,0,1,1,A,-,08,22107,,N,F,A,A,A,H,-,A,D,0,,,Y,,Y,,C,02,0,1,0,0,0,0,0,0,1,"- ","- ",37.94903,-119.21205,MONO,UNINCORPORATED,-119.20938559,37.950177179999997
6536743,2014,2016-03-29,9820,2014-05-23,1248,020259,,5,1,9,2600,0,1,2,,1,041,"RT 395","OIL PLANT RD",3168.00,N,N,A,-,Y,MNO,9,395,-,-,48.800,H,-,S,Y,4,0,1,1,A,-,08,22107,,N,E,I,A,A,H,-,A,D,0,,,,,Y,,A,01,0,0,1,0,0,0,0,0,0,"- ","- ",37.926589999999997,-119.09909,MONO,UNINCORPORATED,-119.09893871,37.926718200000003
6541023,2014,2016-04-28,9820,2014-07-12,1409,018674,,6,2,9,2600,0,1,3,,1,014,"RT 108","RT 395",41184.00,W,N,A,-,Y,MNO,9,108,-,-,7.350,H,-,W,Y,4,0,1,2,A,-,03,22350,,N,A,C,A,A,H,-,A,D,0,,,Y,,Y,,C,02,0,0,1,0,0,0,0,0,1,"- ","- ",38.322450000000003,-119.55652000000001,MONO,UNINCORPORATED,-119.55272665,38.325976500000003
6555739,2014,2016-04-28,9825,2014-08-19,1447,11906,,2,2,9,2600,0,1,2,,1,009,"RT 6","BROWN SUBDIVISION RD",16368.00,N,N,A,-,Y,MNO,9,6,-,-,7.830,H,-,S,Y,4,0,1,2,A,-,08,22107,,N,D,C,A,A,H,-,A,D,0,,,,,Y,,J,48,0,0,1,0,0,0,0,0,0,"- ","- ",37.573720000000002,-118.38187000000001,MONO,UNINCORPORATED,-118.38184201999999,37.573359340000003
6556822,2014,2016-03-29,9820,2014-06-18,1715,020426,,3,2,9,2600,0,1,3,,2,047,"RT 120","120 MNO 25.50",3168.00,E,N,A,-,Y,MNO,9,120,-,-,26.100,H,-,E,N,4,0,1,1,A,-,08,22107,,N,F,A,A,A,H,-,A,D,0,,,Y,,Y,,C,02,0,0,1,0,0,0,0,0,1,"- ","- ",37.864750000000001,-118.90573000000001,MONO,UNINCORPORATED,-118.90642028000001,37.864203529999997
6556823,2014,2016-03-29,9820,2014-06-28,1550,014841,,6,2,9,2600,0,1,2,,1,012,"RT 395","EASTSIDE LN",2112.00,S,N,A,-,Y,MNO,9,395,-,-,106.080,H,-,N,Y,3,0,1,1,A,-,03,22350,,N,E,I,A,A,H,-,A,D,0,,,Y,,Y,,C,02,0,1,0,0,0,0,0,0,1,"- ","- ",38.513269999999999,-119.45125,MONO,UNINCORPORATED,-119.45311340000001,38.513930639999998
6556824,2014,2016-03-29,9820,2014-06-23,1315,017567,,1,1,9,2600,0,1,3,,1,014,"RT 108","RT 395",32208.00,W,N,A,F,Y,MNO,9,108,-,-,8.990,H,-,E,Y,3,0,1,1,A,-,08,22107,,N,F,A,A,A,G,-,A,D,0,,,Y,,Y,,C,02,0,1,0,0,0,0,0,0,1,"- ","- ",38.346939999999996,-119.54118,MONO,UNINCORPORATED,-119.54247418,38.346287420000003
6561452,2014,2015-04-28,9820,2014-06-13,1150,14841,,5,1,9,2600,0,1,2,,1,012,"RT 395","EASTSIDE LN",19536.00,S,N,A,-,Y,MNO,9,395,-,-,102.800,H,-,N,Y,2,0,2,1,A,-,03,22350,,N,E,I,A,A,H,-,A,D,0,,,Y,,Y,,C,02,1,0,1,0,0,0,0,0,2,"- ","- ",38.45729,-119.459,MONO,UNINCORPORATED,-119.46219693,38.473026709999999
6561456,2014,2014-08-06,9820,2014-06-04,1910,20486,,3,2,9,2600,0,3,5,,2,040,"UNNAMED DIRT GRAVEL RD","KNOLL AV",77.00,W,N,A,-,N,,,,,,,,,,N,2,0,1,1,B,-,22,,,N,H,A,A,A,G,-,A,D,0,,Y,,,Y,,L,04,1,0,0,0,0,0,1,0,0,"- ","- ",37.780659999999997,-119.0784,MONO,UNINCORPORATED,,
6569750,2014,2016-04-28,9820,2014-07-12,1130,019763,,6,1,9,2600,0,1,2,,1,052,"RT 395","HOT CREEK RD",950.00,S,N,A,-,Y,MNO,9,395,-,-,22.560,H,-,N,N,3,0,1,3,A,-,03,22350,,N,H,G,A,A,H,-,A,D,0,,Y,,,Y,,L,04,0,1,0,0,0,0,1,0,0,"- ","- ",,,MONO,UNINCORPORATED,-118.86104598,37.628803069999996
6592241,2014,2016-04-28,9820,2014-07-20,0001,019915,,7,3,9,2600,0,1,2,,1,011,"RT 395","RT 89",8448.00,N,N,A,-,Y,MNO,9,395,-,-,11.570,H,-,S,Y,3,0,1,1,A,-,01,23152,A,N,E,I,A,A,H,-,D,D,0,,,,,Y,Y,A,01,0,1,0,0,0,0,0,0,0,"- ","- ",38.663089999999997,-119.54113,MONO,UNINCORPORATED,-118.69478608,37.570279380000002
6592245,2014,2016-04-28,9820,2014-07-27,2335,020390,,7,3,9,2600,0,1,2,,1,012,"RT 395","RT 108",3696.00,N,N,A,-,Y,MNO,9,395,-,-,94.400,H,-,N,Y,3,0,1,1,A,-,08,22107,,N,F,A,A,A,H,-,D,D,0,,,,,Y,,A,01,0,1,0,0,0,0,0,0,0,"- ","- ",38.359499999999997,-119.4436,MONO,UNINCORPORATED,-119.44521173,38.356974520000001
6592253,2014,2016-04-28,9820,2014-07-14,0945,018227,,1,1,9,2600,0,1,2,,1,041,"RT 395","PICNIC GROUNDS RD",200.00,N,N,A,-,Y,MNO,9,395,-,-,53.120,H,-,N,N,2,0,1,1,A,-,08,22107,,N,H,A,A,A,H,-,A,D,0,,Y,,,Y,,L,04,1,0,0,0,0,0,1,0,0,"- ","- ",37.977460000000001,-119.13603999999999,MONO,UNINCORPORATED,-119.13604436999999,37.977333000000002
6592261,2014,2016-04-28,9820,2014-07-19,0800,018227,,6,1,9,2600,0,1,2,,1,021,"RT 395","HAYES ST",75.00,N,N,A,-,Y,MNO,9,395,-,-,76.430,H,-,S,N,4,0,1,2,A,-,03,22350,,N,C,C,A,A,H,-,A,D,0,,,Y,,Y,,C,02,0,0,1,0,0,0,0,0,1,"- ","- ",38.256100000000004,-119.22532,MONO,UNINCORPORATED,-119.22489408,38.256181130000002
6592273,2014,2016-04-28,9820,2014-07-27,1100,014841,,7,1,9,2600,0,1,2,,1,012,"RT 395","RT 108",4752.00,S,N,B,-,Y,MNO,9,395,-,-,94.600,H,-,N,Y,2,0,1,1,C,-,18,,,N,H,H,A,A,H,-,A,D,0,,,Y,,Y,,-,"- ",1,0,0,0,0,0,0,0,1,"- ","- ",,,MONO,UNINCORPORATED,-119.44354779,38.359557359999997
6592285,2014,2014-09-02,9820,2014-07-09,0900,019933,,3,1,9,2600,0,3,5,,2,015,"EASTSIDE LN","LARSON LN",528.00,S,N,A,-,N,,,,,,,,,,Y,3,0,1,1,A,-,08,22107,,N,E,I,A,A,H,-,A,D,0,,,,,Y,,A,07,0,1,0,0,0,0,0,0,0,"- ","- ",38.544499999999999,-119.46125000000001,MONO,UNINCORPORATED,-119.46136869999999,38.544492079999998
6602121,2014,2016-04-28,9820,2014-08-11,1215,020241,,1,1,9,2600,0,1,2,,1,012,"RT 395","EASTSIDE LN",13200.00,S,N,B,-,Y,MNO,9,395,-,-,104.010,H,-,N,Y,3,0,1,1,A,-,08,22107,,N,E,I,A,A,H,-,A,D,0,,,,,Y,,D,22,0,1,0,0,0,0,0,0,0,"- ","- ",38.4863,-119.45744999999999,MONO,UNINCORPORATED,-119.45668046999999,38.487454839999998
6602801,2014,2016-04-28,9820,2014-08-07,2040,020309,,4,2,9,2600,0,1,3,,2,047,"RT 120","FORESTRY RD 1S04A",40.00,E,N,A,-,Y,MNO,9,120,-,-,26.290,H,-,W,Y,3,0,1,1,C,-,18,,,N,H,H,A,A,H,-,D,D,0,,,,,Y,,-,"- ",0,1,0,0,0,0,0,0,0,"- ","- ",,,MONO,UNINCORPORATED,-118.90412486,37.866277029999999
6602805,2014,2016-04-28,9820,2014-08-12,0144,020390,,2,3,9,2600,0,1,2,,1,011,"RT 395","CA/NV STATELINE",3242.00,S,N,B,-,Y,MNO,9,395,-,-,12.009,H,-,S,Y,2,0,1,1,A,-,08,22107,,N,E,I,A,A,H,-,C,D,0,,,,,Y,,A,01,1,0,0,0,0,0,0,0,0,"- ","- ",38.682040000000001,-119.54853,MONO,UNINCORPORATED,-118.70192028,37.571900929999998
6602809,2014,2016-04-28,9820,2014-08-16,1320,014841,,6,1,9,2600,0,1,2,,1,012,"RT 395","RT 108",14784.00,N,N,A,-,Y,MNO,9,395,-,-,96.510,H,-,N,Y,4,0,1,1,A,-,05,21460,A,N,F,A,A,A,H,-,A,D,0,,,Y,,Y,,C,02,0,0,1,0,0,0,0,0,1,"- ","- ",,,MONO,UNINCORPORATED,-119.45317887,38.38571443
6606110,2014,2014-09-25,9825,2014-05-24,0555,18925,,6,3,9,2600,0,1,2,,1,023,"RT 395","LOWER ROCK CREEK RD",26928.00,S,N,A,-,Y,MNO,9,395,-,R,4.230,H,-,S,Y,1,1,0,1,A,-,01,23152,A,N,E,I,A,A,H,-,B,D,1,,,,,Y,Y,D,23,0,0,0,0,0,0,0,0,0,"- ","- ",37.515549999999998,-118.58969999999999,MONO,UNINCORPORATED,-118.60036594,37.518738759999998
6620070,2014,2016-04-28,9820,2014-08-25,0001,020486,,1,3,9,2600,0,1,2,,1,052,"RT 395","SHERWIN CREEK RD",4224.00,S,N,A,-,Y,MNO,9,395,-,-,23.640,H,-,N,Y,3,0,1,1,C,-,18,,,N,H,H,A,A,H,-,D,D,0,,,,,Y,,-,"- ",0,1,0,0,0,0,0,0,0,"- ","- ",,,MONO,UNINCORPORATED,-118.88020093,37.63403211
6620074,2014,2016-04-28,9820,2014-08-24,1325,014841,,7,1,9,2600,0,1,3,,1,013,"RT 89","RT 395",9504.00,N,N,A,-,Y,MNO,9,395,-,-,1.660,H,-,S,Y,3,0,1,1,A,-,03,22350,,N,E,J,A,A,B,-,A,D,0,,,Y,,Y,,C,02,0,1,0,0,0,0,0,0,1,"- ","- ",38.385739999999998,-118.33365999999999,MONO,UNINCORPORATED,-118.58185684999999,37.479939100000003
6635009,2014,2014-10-06,9820,2014-08-24,1035,018674,,7,1,9,2600,0,3,5,,2,015,"BRIDGEPORT RESERVOIR LAKE BED","STATION LINE",279.00,S,N,A,-,N,,,,,,,,,,N,2,0,1,1,A,-,03,38305,,N,F,A,A,A,G,-,A,D,0,,,Y,,Y,,C,06,1,0,0,0,0,0,0,0,1,"- ","- ",38.289209999999997,-119.21904000000001,MONO,UNINCORPORATED,,
6635010,2014,2016-04-28,9820,2014-08-25,1705,017567,,1,2,9,2600,0,1,3,,2,043,"RT 167","DOBIE MEADOWS RD",0.00,,Y,A,-,Y,MNO,9,167,-,-,16.580,H,-,W,Y,2,0,4,1,A,-,08,22107,,N,F,A,A,A,H,-,A,D,0,,,,,Y,Y,A,01,2,2,0,0,0,0,0,0,0,"- ","- ",,,MONO,UNINCORPORATED,-118.87827783,38.134543039999997
6661667,2014,2016-04-28,9820,2014-09-18,0918,020600,,4,1,9,2600,0,1,2,,1,052,"RT 395","SOUTH LANDING RD",5808.00,S,N,A,-,Y,MNO,9,395,-,R,12.770,H,-,S,Y,4,0,1,1,A,-,08,22107,,N,E,I,A,A,H,-,A,D,0,,,,,Y,,A,08,0,0,1,0,0,0,0,0,0,"- ","- ",37.575069999999997,-118.72013,MONO,UNINCORPORATED,-118.71838902,37.57460914
6661671,2014,2016-04-28,9820,2014-09-13,1110,019933,,6,1,9,2600,0,1,3,,1,023,"RT 182","RT 395",44880.00,N,N,A,-,Y,MNO,9,182,-,-,8.500,H,-,S,Y,3,0,2,1,A,-,08,22107,,N,F,A,A,A,H,-,A,D,0,,,Y,,Y,,C,02,0,2,0,0,0,0,0,0,2,"- ","- ",38.369320000000002,-119.19759999999999,MONO,UNINCORPORATED,-119.19629315,38.369962710000003
6663556,2014,2016-04-28,9820,2014-09-06,1438,018674,,6,2,9,2600,0,1,3,,1,014,"RT 108","RT 395",11.60,W,N,A,-,Y,MNO,9,108,-,-,3.560,H,-,E,Y,3,0,1,1,A,-,03,22350,,N,F,A,A,A,B,-,A,A,0,,,Y,,Y,,C,02,0,1,0,0,0,0,0,0,1,"- ","- ",38.311399999999999,-119.59829999999999,MONO,UNINCORPORATED,-119.59349168999999,38.308425739999997
6663557,2014,2016-04-28,9820,2014-09-10,0648,018674,,3,1,9,2600,0,1,2,,1,012,"RT 395","RT 108",10032.00,N,N,A,-,Y,MNO,9,395,-,-,95.600,H,-,N,Y,2,0,1,1,C,-,18,,,N,H,H,A,A,H,-,B,A,0,,,Y,,Y,,-,"- ",1,0,0,0,0,0,0,0,1,"- ","- ",38.375839999999997,-119.44880999999999,MONO,UNINCORPORATED,-119.44704563000001,38.373562010000001
6663558,2014,2016-04-28,9820,2014-09-12,1220,019933,,5,1,9,2600,0,1,3,,1,014,"RT 108","RT 395",24816.00,W,N,A,-,Y,MNO,9,108,-,-,4.300,H,-,E,Y,3,0,1,1,A,-,08,22107,,N,E,I,A,A,G,-,A,D,0,,,Y,,Y,,C,02,0,1,0,0,0,0,0,0,1,"- ","- ",38.308079999999997,-119.58686,MONO,UNINCORPORATED,-119.58694829,38.308130980000001
6663559,2014,2014-10-23,9820,2014-09-11,0630,018674,,4,1,9,2600,0,3,5,,2,020,"TWIN LAKES RD","HUNEWILL RANCH RD",3696.00,W,N,A,-,N,,,,,,,,,,Y,4,0,1,1,A,-,03,22350,,N,E,I,A,A,H,-,B,D,0,,,,,Y,,A,07,0,0,1,0,0,0,0,0,0,"- ","- ",38.221130000000002,-119.2812,MONO,UNINCORPORATED,-119.2812301,38.221155789999997
6686066,2014,2014-12-30,9820,2014-10-13,1215,020426,,1,1,9,2600,0,1,3,,1,044,"RT 120","RT 395",0.00,,Y,A,-,Y,,,,,,,,,,Y,4,0,1,3,A,-,09,21801,A,N,A,C,A,A,H,-,A,A,0,,,,,Y,,A,07,0,0,1,0,0,0,0,0,0,"- ","- ",,,MONO,UNINCORPORATED,-119.11307992,37.950399920000002
6690809,2014,2014-12-29,9820,2014-10-16,1447,020486,,4,2,9,2600,0,1,3,,2,047,"RT 120","MPM 120 MNO 22.50",528.00,W,N,A,-,Y,,,120,,,,,,,Y,3,0,1,1,A,-,08,22107,,N,F,A,A,A,H,-,A,D,0,,,Y,,Y,,C,02,0,1,0,0,0,0,0,0,1,"- ","- ",37.889060000000001,-118.96289,MONO,UNINCORPORATED,-118.96292405,37.888997689999997
6693546,2014,2014-12-05,9820,2014-10-17,0812,019766,,5,1,9,2600,0,1,2,,1,012,"RT 395","RT 108",10032.00,N,N,A,-,Y,,,395,,,,,,,Y,3,0,1,1,A,-,01,23152,A,N,E,I,A,A,H,-,A,D,0,,,,,Y,Y,D,22,0,1,0,0,0,0,0,0,0,"- ","- ",38.374180000000003,-119.44768999999999,MONO,UNINCORPORATED,-119.44772259,38.3741421
6705904,2014,2015-01-08,9825,2014-11-09,0630,018521,,7,1,9,2600,0,1,2,,1,009,"RT 6","DAWSON RANCH RD",716.00,S,N,A,-,Y,,,6,,,,,,,Y,3,0,3,1,A,-,01,23152,E,N,E,I,A,A,H,-,B,D,0,,,,,Y,,A,01,0,2,1,0,0,0,0,0,0,"- ","- ",37.667720000000003,-118.40251000000001,MONO,UNINCORPORATED,-118.40253276999999,37.66771602
6718325,2015,2015-03-16,9820,2015-01-08,1727,17567,,4,2,9,2600,0,3,5,,2,020,"TWIN LAKES RD","RT 395",16368.00,W,N,A,-,N,,,,,,,,,,Y,1,1,0,1,A,-,01,23152,A,N,F,A,A,A,H,-,B,A,0,,,,,Y,Y,A,08,0,0,0,0,0,0,0,0,0,"- ","- ",38.224939999999997,-119.25124,MONO,UNINCORPORATED,-119.25216435999999,38.224723910000002
6737655,2014,2015-01-28,9820,2014-12-06,0915,017694,,6,1,9,2600,0,1,2,,1,021,"RT 395","DEVILS GATE",2640.00,N,N,A,-,Y,,,,,,,,,,Y,4,0,1,1,A,-,08,22107,,N,F,A,A,A,H,-,A,D,0,,,,,Y,,D,22,0,0,1,0,0,0,0,0,0,"- ","- ",38.84986,-119.38858,MONO,UNINCORPORATED,,
6737663,2014,2015-01-23,9820,2014-11-22,1050,018674,,6,1,9,2600,0,1,2,,1,021,"RT 395","BUCKEYE RD",8448.00,N,N,B,-,Y,,,395,,,,,,,Y,3,0,2,1,A,-,08,22107,,N,E,I,A,A,H,-,A,D,0,,,,,Y,,A,08,0,1,1,0,0,0,0,0,0,"- ","- ",38.29222,-119.30875,MONO,UNINCORPORATED,-119.30879023999999,38.292188760000002
6737857,2014,2015-01-30,9820,2014-12-02,1045,020426,,2,1,9,2600,0,1,2,,1,042,"RT 395","PUMICE MINE RD",528.00,N,N,D,-,Y,,,395,,,,,,,Y,3,0,1,1,A,-,03,22350,,N,F,A,A,C,H,-,A,A,0,,,,,Y,,A,07,0,1,0,0,0,0,0,0,0,"- ","- ",37.809600000000003,-119.04949999999999,MONO,UNINCORPORATED,-119.04950298,37.809596159999998
6766479,2014,2015-02-10,9820,2014-12-13,0820,19766,,6,1,9,2600,0,1,2,,1,051,"RT 395","DEADMAN CR RD",550.00,S,N,B,-,Y,,,395,,,,,,,Y,4,0,2,1,A,-,03,22350,,N,E,I,A,C,H,-,A,A,0,,,,,Y,,D,22,0,0,2,0,0,0,0,0,0,"- ","- ",37.745190000000001,-118.97833,MONO,UNINCORPORATED,-118.97827964,37.745248910000001
6768095,2014,2015-01-27,2601,2014-11-29,1620,18ML,MLPD,6,5,2,2601,0,0,0,,0,,"FOREST TRAIL",MINARET,0.00,,Y,B,-,Y,,,,,,,,,,Y,4,0,1,2,A,-,12,22450,,N,D,C,A,A,H,-,A,D,0,,,,,Y,,A,01,0,0,1,0,0,0,0,0,0,"- ","- ",,,MONO,"MAMMOTH LAKES",-118.9850101,37.65210999
6770538,2015,2016-04-26,9820,2015-01-02,2321,020600,,5,3,9,2600,0,3,5,,2,045,"PICNIC GROUNDS RD","RT 395",1584.00,E,N,A,-,N,,,,,,,,,,Y,2,0,1,1,A,-,01,23152,A,N,F,A,A,A,H,-,D,D,0,,,,,Y,Y,D,22,1,0,0,0,0,0,0,0,0,"- ","- ",37.971060000000001,-119.12963999999999,MONO,UNINCORPORATED,-119.12963366,37.971035239999999
6770655,2014,2015-02-09,9820,2014-12-25,1110,020426,,4,1,9,2600,0,1,3,,2,054,"RT 203","RT 395",2640.00,W,N,B,D,Y,,,203,,,,,,,Y,3,0,2,1,A,-,03,22350,,N,E,I,A,C,H,-,A,A,0,,,,,Y,,A,07,0,1,1,0,0,0,0,0,0,"- ","- ",37.639499999999998,-118.93519999999999,MONO,UNINCORPORATED,-118.93520015999999,37.639538459999997
6774944,2015,2016-09-13,9820,2015-01-01,1339,20426,,4,1,9,2600,0,1,2,,1,041,"RT 395","UTILITY RD",0.00,,Y,A,-,Y,MNO,9,395,-,-,51.007,I,5,N,Y,3,0,1,2,A,-,09,21802,A,N,D,C,A,A,H,-,A,A,0,,,,,Y,,A,01,0,1,0,0,0,0,0,0,0,"- ","- ",37.575699999999998,-119.0707,MONO,UNINCORPORATED,-119.11698676,37.951463650000001
6799554,2015,2016-09-13,9820,2015-01-11,0047,018674,,7,3,9,2600,0,1,2,,1,051,"RT 395","RT 203",8448.00,N,N,B,-,Y,MNO,9,395,-,R,27.350,H,-,N,Y,3,0,1,1,A,-,03,22350,,N,E,I,A,C,H,-,D,D,0,,,,,Y,,D,22,0,1,0,0,0,0,0,0,0,"- ","- ",37.661999999999999,-118.92864,MONO,UNINCORPORATED,-118.92671236,37.659332190000001
6828630,2015,2016-09-13,9820,2015-02-06,1145,15013,,5,1,9,2600,0,1,2,,1,022,"RT 395","RT 167",4224.00,N,N,F,-,Y,MNO,9,395,-,-,59.040,H,-,N,N,3,0,1,1,C,-,18,,,N,H,A,A,A,H,-,A,D,0,,,,,Y,,-,"- ",0,1,0,0,0,0,0,0,0,"- ","- ",,,MONO,UNINCORPORATED,-119.16624902,38.056693160000002
6828634,2015,2016-09-13,9820,2015-02-06,1730,19766,,5,2,9,2600,0,1,2,,1,052,"RT 395","SOUTH LANDING RD",5300.00,N,N,B,G,Y,MNO,9,395,-,-,14.950,H,-,S,Y,3,0,1,1,A,-,08,22107,,N,E,I,A,A,H,-,D,D,0,,,,Y,Y,,G,25,0,1,0,0,0,0,0,0,0,"- ","- ",37.575580000000002,-118.75518,MONO,UNINCORPORATED,-118.75128103999999,37.574986269999997
6828638,2015,2016-09-13,9820,2015-02-06,1145,19766,,5,1,9,2600,0,1,2,,1,022,"RT 395","RT 167",3168.00,N,N,A,G,Y,MNO,9,395,-,-,58.800,H,-,S,Y,3,0,1,1,C,-,18,,,N,E,I,A,A,H,-,A,D,0,,,,,Y,,-,"- ",0,1,0,0,0,0,0,0,0,"- ","- ",38.053739999999998,-119.16521,MONO,UNINCORPORATED,-119.16513517999999,38.053081939999998
6829078,2015,2016-09-13,9825,2015-02-19,1440,011906,,4,2,9,2600,0,1,2,,1,009,"RT 6","FALLS CREEK RD",1056.00,N,N,A,-,Y,MNO,9,6,-,R,17.130,H,-,N,Y,3,0,1,1,A,-,08,22107,,N,E,I,A,A,H,-,A,D,0,,,,,Y,,D,22,0,1,0,0,0,0,0,0,0,"- ","- ",37.702860000000001,-118.42955000000001,MONO,UNINCORPORATED,-118.42307793000001,37.702265629999999
6846805,2015,2015-03-24,9820,2015-03-02,1730,020871,,1,2,9,2600,0,3,5,,2,055,"ANTELOPE SPRINGS RD","OWENS RIVER RD",14256.00,W,N,A,-,N,,,,,,,,,,Y,3,0,1,1,A,-,03,22350,,N,E,I,A,C,G,-,D,D,0,,,,,Y,Y,D,22,0,1,0,0,0,0,0,0,0,"- ","- ",37.686779999999999,-118.85549,MONO,UNINCORPORATED,-118.85379413,37.686694260000003
6846809,2015,2016-09-13,9820,2015-03-01,1610,020600,,7,2,9,2600,0,1,2,,1,051,"RT 395","RT 203",7920.00,N,N,D,-,Y,MNO,9,395,-,-,27.290,H,-,S,Y,4,0,1,1,A,-,03,22350,,N,F,A,A,C,H,-,A,A,0,,,,,Y,,D,22,0,0,1,0,0,0,0,0,0,"- ","- ",37.659990000000001,-118.92726999999999,MONO,UNINCORPORATED,-118.92996023000001,37.662091080000003
6847113,2015,2016-04-26,9820,2015-02-20,2015,020426,,5,2,9,2600,0,3,5,,2,050,"MAMMOTH SCENIC LOOP","RT 203",3745.00,E,N,A,-,N,,,,,,,,,,Y,3,0,1,1,A,-,03,22350,,N,E,I,A,A,H,-,D,D,0,,,,,Y,,A,01,0,1,0,0,0,0,0,0,0,"- ","- ",37.664209999999997,-118.98783,MONO,UNINCORPORATED,-118.99436,37.655839999999998
6854735,2015,2017-04-04,9820,2015-06-02,2500,14841,,2,4,9,2600,0,1,3,,1,013,"RT 89","RT 395",34848.00,N,N,F,-,Y,MNO,9,89,-,-,6.600,H,-,S,Y,1,1,0,1,A,-,08,22107,,N,E,I,A,A,G,-,A,D,0,,,,,Y,Y,A,01,0,0,0,0,0,0,0,0,0,"- ","- ",38.667389999999997,-119.58561,MONO,UNINCORPORATED,-119.58542161,38.667736310000002
6869629,2015,2016-09-13,9820,2015-03-30,1400,018227,,1,2,9,2600,0,1,3,,1,023,"RT 182","E WALKER RV",500.00,S,N,A,-,Y,MNO,9,182,-,R,6.110,H,-,N,Y,2,0,1,1,C,-,18,,,N,H,H,A,A,H,-,A,D,0,,,Y,,Y,,-,"- ",1,0,0,0,0,0,0,0,1,"- ","- ",,,MONO,UNINCORPORATED,-119.20798837,38.340955919999999
6876697,2014,2015-04-23,2601,2014-12-26,1014,0045,NORTH,5,5,2,2601,0,0,0,,0,44D1,"MAIN ST","ACCESS RD",200.00,E,N,A,-,N,,,,,,,,,,Y,3,0,1,2,A,-,05,21650,,N,D,C,A,C,G,-,A,D,0,,,,,Y,,A,07,0,1,0,0,0,0,0,0,0,"- ",FR,,,MONO,"MAMMOTH LAKES",,
6879551,2015,2016-12-19,9820,2015-04-07,1520,020309,,2,2,9,2600,0,1,2,,1,051,"RT 395","CRESTVIEW REST AREA",2640.00,S,N,D,E,Y,MNO,9,395,-,-,31.920,H,-,N,Y,3,0,6,2,A,-,03,22350,,N,C,C,A,C,H,-,A,A,0,,,,,Y,,D,22,0,2,4,0,0,0,0,0,0,"- ","- ",,,MONO,UNINCORPORATED,-118.96291497999999,37.725580950000001
6879555,2015,2016-09-13,9820,2015-03-29,1118,019933,,7,1,9,2600,0,1,2,,1,021,"RT 395","SWAGGER CREEK RD",8448.00,N,N,A,-,Y,MNO,9,395,-,-,88.570,H,-,N,Y,3,0,1,1,A,-,08,22107,,N,E,A,A,A,H,-,A,D,0,,,,,Y,,D,22,0,1,0,0,0,0,0,0,0,"- ","- ",38.349139999999998,-119.37313,MONO,UNINCORPORATED,-119.37203834,38.348999239999998
6908306,2015,2016-12-19,9820,2015-04-17,1530,018674,,5,2,9,2600,0,1,2,,1,011,"RT 395","RT 89",5808.00,N,N,A,-,Y,MNO,9,395,-,-,118.070,H,-,N,Y,2,0,2,2,A,-,08,22107,,N,B,C,A,A,H,-,A,D,0,,,Y,,Y,,C,02,1,0,1,0,0,0,0,0,1,"- ","- ",38.657040000000002,-119.53751,MONO,UNINCORPORATED,-119.5374504,38.655888480000002
6917227,2015,2016-12-19,9820,2015-05-12,1030,019763,,2,1,9,2600,0,1,3,,2,043,"RT 167","COTTONWOOD CANYON RD",15840.00,E,N,A,-,Y,MNO,9,167,-,-,9.900,H,-,E,Y,2,0,1,2,A,-,03,22350,,N,C,C,A,A,H,-,A,D,0,,,Y,,Y,,C,02,1,0,0,0,0,0,0,0,1,"- ","- ",38.097839999999998,-118.99156000000001,MONO,UNINCORPORATED,-118.99161694,38.097826339999997
6919806,2015,2016-12-19,9825,2015-05-09,0955,18960,,6,1,9,2600,0,1,2,,1,009,"RT 6","DAWSON RANCH RD",10032.00,S,N,B,-,Y,MNO,9,6,-,R,12.700,H,-,N,Y,4,0,1,1,A,-,08,22107,,N,F,I,A,A,H,-,A,D,0,,,,,Y,,A,07,0,0,1,0,0,0,0,0,0,"- ","- ",37.642150000000001,-118.39838,MONO,UNINCORPORATED,-118.39838721,37.642640839999999
6928922,2015,2016-12-19,9820,2015-05-11,1250,20309,,1,1,9,2600,0,1,3,,2,043,"RT 167","COTTONWOOD CANYON RD",1320.00,E,N,A,-,Y,MNO,9,167,-,-,7.260,H,-,E,Y,3,0,1,1,A,-,08,22107,,N,F,A,A,A,H,-,A,D,0,,,,,Y,,A,07,0,1,0,0,0,0,0,0,0,"- ","- ",39.003360000000001,-119.03612,MONO,UNINCORPORATED,-119.03617731999999,38.083391489999997
6928925,2015,2016-12-19,9820,2015-05-07,1440,20237,,4,2,9,2600,0,1,2,,1,012,"RT 395","CHRIS FLAT CAMP GROUND",22440.00,N,N,D,-,Y,MNO,9,395,-,-,101.350,H,-,N,N,4,0,2,2,A,-,03,22350,,N,C,C,A,C,H,-,A,D,0,,,,,Y,,A,01,0,0,2,0,0,0,0,0,0,"- ","- ",38.442450000000001,-119.45338,MONO,UNINCORPORATED,-119.45985451999999,38.45403589
6935966,2015,2016-12-19,9825,2015-05-28,0030,16119,,4,3,9,2600,0,1,2,,1,009,"RT 6","FALLS CREEK RD",23760.00,N,N,A,-,Y,MNO,9,6,-,-,21.580,H,-,S,Y,2,0,1,1,A,-,08,22107,,N,F,A,A,A,H,-,D,D,0,,,,,Y,,D,22,1,0,0,0,0,0,0,0,0,"- ","- ",37.773580000000003,-118.46272,MONO,UNINCORPORATED,-118.45762558,37.759571229999999
6938030,2015,2016-01-19,2601,2015-09-08,1254,0052,MLPD,2,5,2,2601,0,0,0,,0,0ML,"CHATEAU RD","OLD MAMMOTH RD",9.00,E,N,-,-,N,,,,,,,,,,N,4,0,1,2,A,-,09,21802,A,N,-,-,A,-,-,-,-,-,0,,,,,Y,,A,08,0,0,1,0,0,0,0,0,0,"- ","- ",,,MONO,"MAMMOTH LAKES",-118.96648896000001,37.637290200000002
6954194,2015,2016-05-20,9820,2015-06-09,1840,14841,,2,2,9,2600,0,3,5,,2,015,"EASTSIDE LN","RT 395",3168.00,N,N,B,-,N,,,,,,,,,,Y,4,0,1,1,A,-,03,22350,,N,E,I,A,A,H,-,A,D,0,,,,,Y,,A,08,0,0,1,0,0,0,0,0,0,"- ","- ",38.52084,-119.45631,MONO,UNINCORPORATED,-119.45637988999999,38.520742200000001
6957719,2015,2016-12-19,9820,2015-05-31,0130,18674,,7,3,9,2600,0,1,2,,1,012,"RT 395","EASTSIDE LN",15840.00,S,N,A,-,Y,MNO,9,395,-,-,103.530,H,-,N,Y,3,0,1,1,A,-,08,22107,,N,E,I,A,A,H,-,D,D,0,,,,,Y,,A,01,0,1,0,0,0,0,0,0,0,"- ","- ",38.480240000000002,-119.46029,MONO,UNINCORPORATED,-119.46199385,38.483022490000003
6958420,2015,2016-12-19,9820,2015-06-08,1450,019627,,1,2,9,2600,0,1,2,,1,012,"RT 395","EASTSIDE LN",18480.00,S,N,A,-,Y,MNO,9,395,-,-,102.840,H,-,S,Y,3,0,2,1,A,-,08,22107,,N,E,I,A,A,H,-,A,D,0,,,,,Y,Y,D,22,0,1,1,0,0,0,0,0,0,"- ","- ",38.472790000000003,-119.46212,MONO,UNINCORPORATED,-119.46213926,38.473593819999998
6958424,2015,2016-12-19,9820,2015-06-05,1442,20426,,5,2,9,2600,0,1,2,,1,052,"RT 395","HOT CREEK HATCHERY RD",3696.00,N,N,A,-,Y,MNO,9,395,-,-,23.440,H,-,N,Y,3,0,1,1,A,-,08,22107,,N,E,I,A,A,H,-,A,D,0,,,,,Y,,D,22,0,1,0,0,0,0,0,0,0,"- ","- ",37.633119999999998,-118.87708000000001,MONO,UNINCORPORATED,-118.87665,37.633022680000003
6964248,2015,2016-12-19,9820,2015-06-01,0810,19763,,1,1,9,2600,0,1,2,,1,052,"RT 395","S LANDING",8976.00,N,N,A,-,Y,MNO,9,395,-,R,15.630,H,-,S,Y,3,0,1,1,A,-,08,22107,,N,E,I,A,A,H,-,A,D,0,,,,,Y,,A,01,0,1,0,0,0,0,0,0,0,"- ","- ",37.580440000000003,-118.76792,MONO,UNINCORPORATED,-118.76814318,37.580486649999997
6965307,2015,2016-12-19,9820,2015-06-10,1715,20871,,3,2,9,2600,0,1,2,,1,052,"RT 395","SHERWIN CREEK RD",2640.00,N,N,B,-,Y,MNO,9,395,-,-,24.890,H,-,N,Y,3,0,1,1,A,-,08,22107,,N,E,I,A,A,H,-,A,D,0,,,,,Y,,A,01,0,1,0,0,0,0,0,0,0,"- ","- ",37.637819999999998,-118.90185,MONO,UNINCORPORATED,-118.90317319,37.638043189999998
6969660,2015,2015-07-22,2601,2015-06-13,1939,0049,MLPD,6,5,2,2601,0,0,0,,0,0ML,"MERIDIAN BL","AZIMUTH DR",404.00,W,N,A,-,N,,,,,,,,,,Y,3,0,2,1,A,-,01,23152,A,N,E,I,A,A,H,-,A,D,0,,,,,Y,Y,-,,0,2,0,0,0,0,0,0,0,"- ","- ",,,MONO,"MAMMOTH LAKES",-118.97240358000001,37.640140000000002
6970503,2015,2015-07-22,9820,2015-06-23,1810,020871,,2,2,9,2600,0,3,5,,2,055,"AIRPORT RD","HOT CREEK HATCHERY RD",411.00,E,N,A,-,N,,,,,,,,,,Y,4,0,1,1,A,-,01,23152,E,N,F,A,A,A,H,-,A,D,0,,,,,Y,,D,22,0,0,1,0,0,0,0,0,0,"- ","- ",37.634030000000003,-118.8626,MONO,UNINCORPORATED,-118.86264368000001,37.633994309999999
6978118,2015,2017-01-11,2601,2015-05-18,1710,0049,,1,5,2,2601,0,0,0,,0,MLPD,"MINARET RD","LAKE MARY RD",0.00,,Y,B,C,Y,MNO,9,203,-,-,4.782,I,5,E,N,4,0,1,2,A,-,01,23152,,M,B,C,A,B,H,-,B,A,0,,,,,Y,Y,D,22,0,0,1,0,0,0,0,0,0,"- ","- ",,,MONO,"MAMMOTH LAKES",-119.05780956,37.653941449999998
6978122,2015,2015-07-13,2601,2015-05-17,1710,0038,,7,5,2,2601,0,0,0,,0,MLPD,"MINARET RD","W BEAR LAKE RD",254.00,N,N,C,D,N,,,,,,,,,,Y,3,0,1,2,A,-,01,23152,,M,E,I,A,B,H,-,B,D,0,,,,,Y,Y,D,22,0,1,0,0,0,0,0,0,0,"- ","- ",,,MONO,"MAMMOTH LAKES",-118.98233608,37.643308730000001
6988131,2015,2016-12-19,9820,2015-06-24,1150,019627,,3,1,9,2600,0,1,2,,1,022,"RT 395","RT 270",5280.00,N,N,A,-,Y,MNO,9,395,-,-,70.850,H,-,N,Y,3,0,1,2,A,-,03,22350,,N,C,C,A,A,H,-,A,D,0,,,Y,,Y,,C,02,0,1,0,0,0,0,0,0,1,"- ","- ",38.187159999999999,-119.20374,MONO,UNINCORPORATED,-119.20401741000001,38.187466090000001
6988135,2015,2016-12-19,9820,2015-06-25,1430,019763,,4,2,9,2600,0,1,2,,1,041,"RT 395","RT 120",0.00,,Y,A,-,Y,MNO,9,395,-,-,50.744,I,5,S,Y,3,0,2,2,A,-,09,21801,A,N,D,C,A,A,H,-,A,A,0,,,Y,,Y,,A,01,0,1,1,0,0,0,0,0,2,"- ","- ",37.950569999999999,-119.11326,MONO,UNINCORPORATED,-119.1129234,37.950333710000002
6988139,2015,2016-12-19,9820,2015-06-27,0500,019766,,6,3,9,2600,0,1,2,,1,042,"RT 395","WEST PORTAL RD",2376.00,S,N,A,-,Y,MNO,9,395,-,R,43.920,H,-,N,Y,4,0,1,1,C,-,18,,,N,H,H,A,A,H,-,B,D,0,,,,,Y,,-,"- ",0,0,1,0,0,0,0,0,0,"- ","- ",37.836120000000001,-119.06972,MONO,UNINCORPORATED,-119.08378586000001,37.856954199999997
6991474,2015,2015-11-17,2601,2015-07-13,1445,0014,4413,1,5,2,2601,0,0,0,,0,0ML,"OLD MAMMOTH RD","SIERRA NEVADA RD",162.00,S,N,A,B,N,,,,,,,,,,N,4,0,1,2,A,-,09,21804,A,N,D,C,A,A,H,-,A,D,0,,,,,Y,,-,,0,0,1,0,0,0,0,0,0,"- ","- ",,,MONO,"MAMMOTH LAKES",-118.96631109,37.641769240000002
7003316,2015,2017-01-31,9820,2015-07-06,1435,015992,,1,2,9,2600,0,1,2,,1,021,"RT 395","BURCHAM FLAT RD",6336.00,S,N,B,-,Y,MNO,9,395,-,-,90.400,H,-,S,Y,3,0,2,1,C,-,18,,,N,H,H,A,A,H,-,A,D,0,,,,,Y,,-,"- ",0,1,1,0,0,0,0,0,0,"- ","- ",38.352460000000001,-119.40388,MONO,UNINCORPORATED,-119.40432196,38.352590970000001
7003356,2015,2017-01-31,9820,2015-07-08,1245,020426,,3,1,9,2600,0,1,2,,1,051,"RT 395","MAMMOTH SCENIC LOOP",528.00,N,N,B,C,Y,MNO,9,395,-,-,30.760,H,-,S,Y,3,0,1,1,A,-,03,22350,,N,F,A,A,B,H,-,A,D,0,,,,,Y,,A,07,0,1,0,0,0,0,0,0,0,"- ","- ",37.710729999999998,-118.95365,MONO,UNINCORPORATED,-118.95341805,37.710446509999997
7003360,2015,2017-01-30,9820,2015-07-03,1410,018674,,5,2,9,2600,0,1,3,,1,014,"RT 108","RT 395",76560.00,W,N,B,-,Y,MNO,9,108,-,-,0.650,H,-,E,N,3,0,1,1,A,-,03,22350,,N,E,A,A,A,B,-,A,D,0,,Y,,,Y,,L,04,0,1,0,0,0,0,1,0,0,"- ","- ",38.32882,-119.63245000000001,MONO,UNINCORPORATED,-119.62736845000001,38.326892010000002
7006005,2015,2015-07-28,9820,2015-06-09,1012,15992,,2,1,9,2600,0,1,2,,1,021,"RT 395","TWIN LAKES RD",2640.00,N,N,B,-,Y,MNO,9,395,-,-,77.280,H,-,S,Y,1,1,3,3,A,-,08,22107,,N,A,C,A,A,H,-,A,D,0,,,,Y,Y,,A,01,2,0,1,0,0,0,0,0,0,"- ","- ",38.259839999999997,-119.25807,MONO,UNINCORPORATED,-119.23981185,38.257369410000003
7006020,2015,2017-03-28,9820,2015-06-20,0838,19766,,6,1,9,2600,0,1,2,,1,052,"RT 395","CROWLEY LAKE DR",1577.00,N,N,A,-,Y,MNO,9,395,-,R,18.340,H,-,S,Y,1,2,1,1,A,-,08,22107,,N,E,I,A,A,H,-,A,D,0,,,,,Y,,D,22,1,0,0,0,0,0,0,0,0,"- ","- ",37.605020000000003,-118.80553,MONO,UNINCORPORATED,-118.80555552,37.605199910000003
7014470,2015,2017-01-30,2601,2015-07-11,1055,0051,4,6,5,2,2601,0,0,0,,0,0ML,"MAIN ST","SIERRA PARK RD",0.00,,Y,A,-,Y,MNO,9,203,-,-,5.250,I,5,E,Y,2,0,4,2,A,-,09,21803,A,N,D,C,A,A,H,-,A,D,0,,,,,Y,,A,01,1,1,2,0,0,0,0,0,0,"- ","- ",,,MONO,"MAMMOTH LAKES",-119.05780485,37.653939520000002
7016531,2015,2016-07-19,9820,2015-07-07,1550,020309,,2,2,9,2600,0,3,5,,2,050,"ROCK CREEK RD","CROWLEY LAKE DR",6336.00,W,N,C,-,N,,,,,,,,,,Y,3,0,1,1,A,-,03,22350,,N,F,A,A,D,D,-,A,A,0,,,,,Y,,D,22,0,1,0,0,0,0,0,0,0,"- ","- ",37.547539999999998,-118.6079,MONO,UNINCORPORATED,-118.67773,37.561010000000003
7016539,2015,2017-01-31,9820,2015-07-08,0835,15992,,3,1,9,2600,0,1,2,,1,012,"RT 395","EAST SIDE LN",13200.00,S,N,B,-,Y,MNO,9,395,-,-,104.000,H,-,S,Y,2,0,4,2,A,-,05,21460,A,N,A,C,A,A,H,-,A,D,0,,,,,Y,,D,22,2,2,0,0,0,0,0,0,0,"- ","- ",38.485289999999999,-119.45001999999999,MONO,UNINCORPORATED,-119.45674663,38.48732021
7016559,2015,2017-01-31,9820,2015-07-30,1140,017567,,4,1,9,2600,0,1,2,,1,022,"RT 395","MILL CREEK RD",729.00,N,N,A,-,Y,MNO,9,395,-,-,58.710,H,-,N,Y,3,0,1,2,A,-,08,22107,,N,B,C,A,A,H,-,A,D,0,,,,,Y,,D,22,0,1,0,0,0,0,0,0,0,"- ","- ",,,MONO,UNINCORPORATED,-119.16468104,38.051761919999997
7016710,2015,2017-01-30,9820,2015-07-10,2208,020390,,5,3,9,2600,0,1,2,,1,021,"RT 395","BUCKEYE RD",6864.00,S,N,A,-,Y,MNO,9,395,-,-,79.250,H,-,N,Y,3,0,1,2,A,-,03,22350,,N,C,A,A,A,H,-,D,D,0,,,,,Y,,A,01,0,1,0,0,0,0,0,0,0,"- ","- ",38.261130000000001,-119.27469000000001,MONO,UNINCORPORATED,-119.27306003,38.259346749999999
7018889,2015,2017-01-30,9820,2015-07-09,1433,19766,,4,2,9,2600,0,1,3,,1,044,"RT 120","RT 395",0.00,W,N,C,-,Y,MNO,9,120,-,R,6.670,H,-,E,Y,3,0,1,2,A,-,03,22350,,N,A,C,A,B,H,-,A,D,0,,,,,Y,,A,01,0,1,0,0,0,0,0,0,0,"- ","- ",37.947560000000003,-119.18904999999999,MONO,UNINCORPORATED,-119.18901581,37.947612710000001
7033067,2015,2017-01-31,9820,2015-08-02,2200,020600,,7,3,9,2600,0,1,2,,1,052,"RT 395","CROWLEY LAKE DR",3168.00,S,N,A,-,Y,MNO,9,395,-,R,9.660,H,-,S,Y,3,0,1,1,C,-,18,,,N,H,H,A,A,H,-,D,D,0,,,Y,,Y,,-,"- ",0,1,0,0,0,0,0,0,1,"- ","- ",,,MONO,UNINCORPORATED,-118.66615029,37.560228680000002
7044049,2015,2015-09-15,2601,2015-08-22,1544,0051,MLPD,6,5,2,2601,0,0,0,,0,0ML,"JOAQUIN RD","DORRANCE DR",110.00,N,N,A,-,N,,,,,,,,,,Y,4,0,1,1,A,-,01,23152,A,N,E,I,A,A,H,-,A,D,0,,,,,Y,Y,A,07,0,0,1,0,0,0,0,0,0,"- ","- ",,,MONO,"MAMMOTH LAKES",-118.97694076000001,37.644489190000002
7056097,2015,2017-01-30,2601,2015-09-16,1216,0052,4448,3,5,2,2601,0,0,0,,0,MLPD,"RT 203","3S89 RD",24.00,E,N,A,B,Y,MNO,9,203,-,R,2.400,H,-,W,N,2,0,1,1,A,-,05,21650,,N,E,I,A,A,H,-,A,D,0,,,,,Y,,A,01,1,0,0,0,0,0,0,0,0,"- ","- ",,,MONO,"MAMMOTH LAKES",-119.01009946000001,37.650679539999999
7064637,2015,2017-01-20,9820,2015-08-22,1624,18674,,6,2,9,2600,0,1,3,,1,014,"RT 108","RT 395",60192.00,W,N,B,-,Y,MNO,9,108,-,-,3.750,H,-,E,Y,3,0,1,1,A,-,08,22107,,N,E,I,A,A,H,-,A,D,0,,,Y,,Y,,C,02,0,1,0,0,0,0,0,0,1,"- ","- ",38.182200000000002,-119.35299999999999,MONO,UNINCORPORATED,-119.59359418,38.30570041
7064639,2015,2017-01-30,9820,2015-08-19,1145,15992,,3,1,9,2600,0,1,3,,1,044,"RT 120","SADDLEBAG LAKE RD",1584.00,E,N,A,-,Y,MNO,9,120,-,R,2.440,H,-,W,Y,2,0,3,2,A,-,05,21460,A,N,A,C,A,A,H,-,A,D,0,,,,,Y,,A,01,1,2,0,0,0,0,0,0,0,"- ","- ",37.93938,-119.24366000000001,MONO,UNINCORPORATED,-119.24392324,37.93910794
7064966,2015,2017-01-31,9825,2015-09-03,0015,20444,,4,3,9,2600,0,1,2,,1,023,"RT 395","LOWER ROCK CREEK RD",528.00,N,N,A,-,Y,MNO,9,395,-,T,9.570,H,-,N,Y,3,0,1,1,A,-,08,22107,,N,E,I,A,A,H,-,C,A,1,,,,,Y,,A,07,0,1,0,0,0,0,0,0,0,"- ","- ",37.559899999999999,-118.66435,MONO,UNINCORPORATED,-118.66428919000001,37.55996304
7065245,2015,2017-01-31,9820,2015-08-26,1955,18674,,3,2,9,2600,0,1,2,,1,021,"RT 395","BURCHAM FLAT RD",1056.00,S,N,A,-,Y,MNO,9,395,-,-,91.420,H,-,S,Y,3,0,2,1,A,-,08,22107,,N,F,I,A,A,A,-,A,D,0,,,,,Y,,D,22,0,2,0,0,0,0,0,0,0,"- ","- ",38.355319999999999,-119.42188,MONO,UNINCORPORATED,-119.42229734999999,38.355097520000001
7066415,2015,2017-01-30,9820,2015-09-08,1515,020309,,2,2,9,2600,0,1,3,,1,044,"RT 120","SADDLEBAG LAKE RD",2640.00,W,N,A,-,Y,MNO,9,120,-,R,1.640,H,-,E,Y,4,0,3,1,A,-,08,22107,,N,E,I,A,A,H,-,A,D,0,,,,,Y,,A,07,0,0,3,0,0,0,0,0,0,"- ","- ",37.930770000000003,-119.25051999999999,MONO,UNINCORPORATED,-119.24980674,37.93181019
7072539,2015,2017-01-20,2601,2015-08-28,2010,0051,,5,5,2,2601,0,0,0,,0,,"MAIN ST","SIERRA BL",0.00,,Y,A,-,Y,MNO,9,203,-,-,5.250,I,5,E,Y,4,0,2,2,A,-,09,21802,A,N,A,C,A,A,H,-,C,D,0,,,,,Y,,A,01,0,0,2,0,0,0,0,0,0,"- ","- ",,,MONO,"MAMMOTH LAKES",-119.05780485,37.653939520000002
7078452,2015,2017-01-31,9820,2015-08-18,1530,14841,,2,2,9,2600,0,1,2,,1,011,"RT 395","RT 89",6864.00,S,N,A,-,Y,MNO,9,395,-,-,118.300,H,-,S,Y,4,0,2,2,A,-,16,29003,A,N,B,C,A,A,H,-,A,D,0,,,,,Y,,M,47,0,0,2,0,0,0,0,0,0,"- ","- ",38.658090000000001,-119.53798999999999,MONO,UNINCORPORATED,-119.53874482000001,38.658979289999998
7154460,2015,2016-01-14,2601,2015-12-31,1309,0052,MLPD,4,5,2,2601,0,0,0,,0,0ML,"MAIN ST","FOREST TRL",0.00,,Y,-,-,N,,,,,,,,,,N,4,0,2,2,A,-,09,21802,A,N,-,-,A,-,-,-,-,-,0,,,,,Y,,D,22,0,0,2,0,0,0,0,0,0,"- ","- ",,,MONO,"MAMMOTH LAKES",-118.96854002000001,37.647189939999997
7169169,2016,2016-01-26,2601,2016-01-03,1620,0014,4413,7,5,2,2601,0,0,0,,0,MLPD,"LAURAL MTN RD","TAVERN RD",0.00,,Y,D,G,N,,,,,,,,,,N,4,0,1,2,A,-,12,22450,A,N,B,C,A,C,H,-,A,A,0,,,,,Y,,A,01,0,0,1,0,0,0,0,0,0,"- ","- ",,,MONO,"MAMMOTH LAKES",-118.9680001,37.645129969999999
7169173,2016,2016-01-26,2601,2016-01-16,1822,0052,,6,5,2,2601,0,0,0,,0,0ML,"CANYON BL","CANYON PL",30.00,W,N,A,-,N,,,,,,,,,,N,4,0,1,2,A,-,03,22350,,N,C,C,A,C,H,-,C,D,0,,,,,Y,Y,A,01,0,0,1,0,0,0,0,0,0,"- ","- ",,,MONO,"MAMMOTH LAKES",-118.99590942,37.648128560000004
7178671,2016,2016-02-16,2601,2016-01-31,1020,0051,MLPD,7,5,2,2601,0,0,0,,0,0ML,"MERIDIAN BL","MINARET RD",56.00,W,N,D,-,N,,,,,,,,,,N,2,0,2,2,A,-,03,22350,,N,C,C,A,C,A,H,A,A,0,,,,,Y,,A,07,1,0,1,0,0,0,0,0,0,"- ","- ",,,MONO,"MAMMOTH LAKES",-118.9797492,37.639792659999998
7183136,2016,2017-02-08,2601,2016-03-04,0820,0041,MLPD,5,5,2,2601,0,0,0,,0,0ML,"RT 203","SIERRA PARK RD",0.00,,Y,B,-,Y,MNO,9,203,-,-,5.860,I,5,E,Y,3,0,1,2,A,-,09,21802,A,N,D,C,A,A,H,-,A,A,0,,,,,Y,,D,82,0,1,0,0,0,0,0,0,0,"- ","- ",,,MONO,"MAMMOTH LAKES",-119.05779871,37.653936999999999
7190434,2016,2016-10-04,2601,2016-08-04,2054,0062,,4,5,2,2601,0,0,0,,0,0ML,"MAIN ST","MOUNTAIN BL",302.00,W,N,A,-,Y,MNO,9,203,-,-,5.030,H,-,W,N,1,1,0,2,A,-,11,21954,A,F,G,B,D,A,H,-,C,D,0,Y,,,,Y,Y,N,60,0,0,0,1,0,0,0,0,0,"- ","- ",,,MONO,"MAMMOTH LAKES",-119.05780707,37.653940429999999
7198469,2016,2016-03-14,2601,2016-02-25,0725,0014,,4,5,2,2601,0,0,0,,0,0ML,"OLD MAMMOTH RD","SIERRA NEVADA RD",0.00,,Y,A,-,N,,,,,,,,,,Y,2,0,2,2,A,-,12,22450,A,N,D,C,A,A,H,-,A,A,0,,,,,Y,,-,,1,0,1,0,0,0,0,0,0,"- ","- ",,,MONO,"MAMMOTH LAKES",-118.96624009999999,37.642209940000001
8026427,2016,2016-04-27,2601,2016-04-08,1517,0045,SOUTH,5,5,2,2601,0,0,0,,0,44D1,"CHATEAU RD","MINARET RD",300.00,E,N,A,-,N,,,,,,,,,,Y,2,0,1,1,A,-,03,22350,,N,E,J,A,A,H,-,A,D,0,,,,,Y,,D,22,1,0,0,0,0,0,0,0,0,"- ","- ",,,MONO,"MAMMOTH LAKES",-118.97328,37.63608
8051500,2016,2016-06-09,2601,2016-05-11,1050,0045,44D1,3,5,2,2601,0,0,0,,0,MLPD,"OLD MAMMOTH RD","SKI TRL",0.00,,Y,A,-,N,,,,,,,,,,Y,4,0,1,2,A,-,09,21801,A,N,D,C,A,A,H,-,A,A,0,,,,,Y,,D,22,0,0,1,0,0,0,0,0,0,"- ","- ",,,MONO,"MAMMOTH LAKES",-118.97840014000001,37.629399939999999
8051508,2016,2017-02-08,2601,2016-05-23,0730,0011,,1,5,2,2601,0,0,0,,0,0ML,"RT 203","MERIDIAN BL",0.00,,Y,A,-,Y,MNO,9,203,-,-,6.866,I,5,W,Y,4,0,2,2,A,-,09,21802,A,N,D,C,A,A,H,-,A,A,0,,,,,Y,,A,01,0,0,2,0,0,0,0,0,0,"- ","- ",,,MONO,"MAMMOTH LAKES",-119.05778859,37.653932849999997
8057515,2016,2017-02-07,2601,2016-06-07,1630,14,4413,2,5,2,2601,0,0,0,,0,MLPD,"RT 203","MOUNTAIN BL",0.00,,Y,A,-,Y,MNO,9,203,-,-,5.090,I,5,E,Y,4,0,3,2,A,-,03,22350,,N,C,C,A,A,H,-,A,D,0,,,,,Y,,D,22,0,0,3,0,0,0,0,0,0,"- ","- ",,,MONO,"MAMMOTH LAKES",-119.05780645999999,37.653940179999999
8081329,2016,2016-08-30,2601,2016-07-28,0700,0045,NORTH,4,5,2,2601,0,0,0,,0,44D1,"SIERRA PARK RD","TAVERN RD",36.00,N,N,A,-,N,,,,,,,,,,Y,3,0,2,1,D,-,00,,,N,E,I,A,A,H,-,A,D,0,,,,,Y,,-,"- ",0,2,0,0,0,0,0,0,0,"- ","- ",,,MONO,"MAMMOTH LAKES",-118.96397834,37.644938740000001
8116705,2016,2016-09-06,2601,2016-08-28,1417,0062,,7,5,2,2601,0,0,0,,0,0ML,"LAKE MARY RD","TWIN LAKES RD",412.00,N,N,A,-,N,,,,,,,,,,Y,3,0,2,2,A,-,03,22350,,N,C,C,A,A,H,-,A,D,0,,,,,Y,,A,01,0,1,1,0,0,0,0,0,0,"- ","- ",,,MONO,"MAMMOTH LAKES",-119.00599434999999,37.623821040000003
8207225,2016,2017-03-01,2601,2016-12-28,1300,0022,,3,5,2,2601,0,0,0,,0,0ML,"MINARET RD","SCENIC LOOP RD",1320.00,W,N,A,-,Y,MNO,9,203,-,R,4.530,H,-,W,Y,3,0,3,2,A,-,03,22350,,N,A,C,A,C,H,-,A,D,0,,,,,Y,,D,22,0,1,2,0,0,0,0,0,0,"- ","- ",,,MONO,"MAMMOTH LAKES",-118.98493461,37.651276840000001
8289227,2017,2018-02-17,2601,2017-01-13,0758,0045,NORTH,5,5,2,2601,0,0,0,,0,44D1,"RT 203","MINARET BLVD",0.00,,Y,D,-,Y,MNO,9,203,-,-,4.782,I,5,E,N,4,0,1,2,A,-,04,21703,,N,C,C,A,C,G,-,A,D,0,,,,,Y,,A,01,0,0,1,0,0,0,0,0,0,"- ","- ",,,MONO,"MAMMOTH LAKES",-119.05780956,37.653941449999998
8304613,2017,2017-03-14,2601,2017-01-03,1652,0061,MLPD,2,5,2,2601,0,0,0,,0,0ML,"DAVISON RD","JOHN MUIR RD",0.00,,Y,D,-,N,,,,,,,,,,N,3,0,1,2,A,-,03,22350,,N,D,E,A,C,G,-,D,D,0,,,,,Y,,A,01,0,1,0,0,0,0,0,0,0,"- ","- ",,,MONO,"MAMMOTH LAKES",-118.99708002,37.643459929999999
8313728,2017,2018-02-08,2601,2017-02-16,1040,0062,,4,5,2,2601,0,0,0,,0,,"RT 203","MERIDIAN BL",0.00,,Y,D,-,Y,MNO,9,203,-,-,6.850,H,-,E,Y,4,0,2,2,A,-,03,22350,,N,C,C,A,C,G,-,A,D,0,,,,Y,Y,,D,22,0,0,2,0,0,0,0,0,0,"- ","- ",,,MONO,"MAMMOTH LAKES",-119.05778875,37.653932920000003
8325870,2017,2018-02-17,2601,2017-03-02,1359,0062,,4,5,2,2601,0,0,0,,0,0ML,"RT 203","MAMMOTH SCENIC LOOP",931.00,W,N,A,-,Y,MNO,9,203,-,R,3.620,H,-,W,N,4,0,1,2,A,-,03,22350,,N,D,C,A,C,H,-,A,D,0,,,,,Y,,A,07,0,0,1,0,0,0,0,0,0,"- ","- ",,,MONO,"MAMMOTH LAKES",-118.9963247,37.654759230000003
8349337,2017,2018-05-21,2601,2017-04-07,2141,0038,,5,5,2,2601,0,0,0,,0,0ML,"RT 203","VIEW POINT RD",0.00,,N,D,-,Y,MNO,9,203,-,-,4.840,H,-,W,Y,3,0,1,2,A,-,03,22350,,N,B,C,A,C,H,-,D,D,0,,,,,Y,,D,82,0,1,0,0,0,0,0,0,0,"- ","- ",37.649250000000002,-118.98626,MONO,"MAMMOTH LAKES",-119.05780898,37.653941209999999
8351065,2017,2017-05-02,2601,2017-04-13,2117,0066,MLPD,4,5,2,2601,0,0,0,,0,0ML,"TAVERN RD","LAUREL MTN RD",0.00,,Y,A,-,N,,,,,,,,,,Y,4,0,1,2,A,-,09,21802,A,N,D,C,A,A,H,-,A,A,0,,,,,Y,,A,07,0,0,1,0,0,0,0,0,0,"- ","- ",37.645310000000002,-118.96796000000001,MONO,"MAMMOTH LAKES",-118.9680001,37.645129969999999
8410625,2017,2017-07-28,2601,2017-07-12,0430,0033,,3,5,2,2601,0,0,0,,0,,"LAKE MARY LOOP","LAKE MARY RD",84.00,S,N,A,-,N,,,,,,,,,,Y,3,0,1,1,A,-,01,23152,A,N,A,J,A,A,H,-,A,D,0,,,,,Y,Y,A,01,0,1,0,0,0,0,0,0,0,"- ","- ",,,MONO,"MAMMOTH LAKES",-119.02123094,37.61303238
8445740,2017,2017-09-25,2601,2017-08-18,1851,0038,,5,5,2,2601,0,0,0,,0,0ML,"MERIDIAN BL","OLD MAMMOTH RD",0.00,,Y,B,-,N,,,,,,,,,,N,3,0,1,2,A,-,10,21950,A,N,G,B,B,A,H,-,B,A,0,Y,,,,Y,,D,22,0,1,0,0,1,0,0,0,0,"- ","- ",,,MONO,"MAMMOTH LAKES",-118.96658013,37.640109940000002
8451014,2017,2017-10-13,2601,2017-09-25,1708,0068,MLPD,1,5,2,2601,0,0,0,,0,0ML,"OLD MAMMOTH RD","CHATEAU RD",213.00,S,N,A,-,N,,,,,,,,,,Y,3,0,1,2,A,-,01,23152,A,N,C,C,A,A,H,-,A,D,0,,,,,Y,Y,A,07,0,1,0,0,0,0,0,0,0,"- ","- ",,,MONO,"MAMMOTH LAKES",-118.96646932,37.636707129999998
8481739,2017,2018-05-09,2601,2017-09-11,0930,0066,MLPD,1,5,2,2601,0,0,0,,0,4413,"MINARET RD","EARTHQUAKE FAULT ACCESS RD",403.00,E,N,A,-,Y,MNO,9,203,-,R,3.170,H,-,W,N,2,0,1,2,A,-,03,22350,,N,H,C,A,A,H,-,A,D,0,,,Y,,Y,,C,02,1,0,0,0,0,0,0,0,1,"- ","- ",,,MONO,"MAMMOTH LAKES",-118.99781047,37.650055989999998
8494570,2017,2018-06-25,2601,2017-11-08,0000,0014,MLPD,3,5,2,2601,0,0,0,,0,4413,"RT 203","MERIDIAN BL",0.00,,Y,A,B,Y,MNO,9,203,-,-,6.866,I,5,E,Y,3,0,2,2,A,-,21,22106,,N,H,C,A,A,H,-,A,D,0,,,,,Y,,D,22,0,1,1,0,0,0,0,0,0,"- ","- ",,,MONO,"MAMMOTH LAKES",-119.05778859,37.653932849999997
8669774,2018,2018-08-14,2601,2018-06-13,0843,0014,MLPD,3,5,2,2601,0,0,0,,0,4413,"OLD MAMMOTH RD","SIERRA NEVADA RD",0.00,,Y,A,-,N,,,,,,,,,,N,2,0,1,3,A,-,09,21802,A,N,A,G,A,A,H,-,A,A,0,,Y,,,Y,,D,22,1,0,0,0,0,0,1,0,0,"- ","- ",37.6380615234375,-118.961669921875,MONO,"MAMMOTH LAKES",-118.96623992919922,37.642208099365234
8669782,2018,2018-08-14,2601,2018-06-18,1703,0071,MLPD,1,5,2,2601,0,0,0,,0,0ML,"CANYON BL","CONVICT DR",0.00,,Y,A,-,N,,,,,,,,,,N,3,0,1,2,A,-,09,21801,A,N,H,G,A,A,H,-,A,D,0,,Y,,,Y,,D,22,0,1,0,0,0,0,1,0,0,"- ","- ",,,MONO,"MAMMOTH LAKES",-118.99175262451172,37.648700714111328
8670145,2018,2018-08-10,2601,2018-01-20,0128,0071,,6,5,2,2601,0,0,0,,0,0ML,"JOAQUIN RD","DORRANCE AV",101.00,N,N,D,-,N,,,,,,,,,,Y,3,0,1,1,A,-,01,23152,A,N,E,I,A,C,H,-,D,D,0,,,,,Y,Y,A,01,0,1,0,0,0,0,0,0,0,"- ","- ",37.636928558349609,-119.0177001953125,MONO,"MAMMOTH LAKES",-118.97693634033203,37.644466400146484
8674449,2018,2018-08-17,2601,2018-06-04,1636,0071,MLPD,1,5,2,2601,0,0,0,,0,0ML,"MAIN ST","MANZANITA RD",32.00,E,N,A,-,Y,MNO,9,203,-,-,5.290,H,-,W,N,3,0,1,2,A,-,09,21801,A,N,D,C,A,A,H,-,A,D,0,,,Y,,Y,,C,02,0,1,0,0,0,0,0,0,1,"- ","- ",37.649028778076172,-118.97255706787109,MONO,"MAMMOTH LAKES",-119.05780792236328,37.653938293457031
8674453,2018,2018-08-17,2601,2018-06-07,1341,0038,MLPD,4,5,2,2601,0,0,0,,0,0ML,"MINARET RD","MAIN ST",0.00,,Y,A,-,Y,MNO,9,203,-,R,4.782,I,5,W,N,3,0,1,2,A,-,08,22107,,N,H,G,A,A,H,-,A,A,0,,Y,,,Y,,L,04,0,1,0,0,0,0,1,0,0,"- ","- ",37.648578643798828,-118.98390197753906,MONO,"MAMMOTH LAKES",-118.98273468017578,37.648525238037109
8676253,2018,2018-08-17,2601,2018-01-27,1416,0066,,6,5,2,2601,0,0,0,,0,0ML,"MINARET RD","FOREST TRAIL",0.00,,Y,A,-,Y,MNO,9,203,-,R,4.470,I,5,W,Y,3,0,2,2,A,-,09,21802,A,N,B,C,A,A,H,-,A,A,0,,,,,Y,,A,07,0,2,0,0,0,0,0,0,0,"- ","- ",,,MONO,"MAMMOTH LAKES",-118.98497009277344,37.652149200439453
8676257,2018,2018-08-17,2601,2018-01-31,1657,0062,MLPD,3,5,2,2601,0,0,0,,0,,"RT 203","MANZANITA RD",8.00,E,N,A,-,Y,MNO,9,203,-,-,5.300,I,5,E,Y,3,0,3,2,A,-,09,21801,A,N,D,C,A,A,H,-,A,D,0,,,,,Y,,D,72,0,3,0,0,0,0,0,0,0,"- ","- ",37.647979736328125,-118.97335815429688,MONO,"MAMMOTH LAKES",-119.05780792236328,37.653938293457031
8676261,2018,2018-08-17,2601,2018-01-02,1615,0068,MLPD,2,5,2,2601,0,0,0,,0,0ML,"MAIN ST","CENTER ST",1415.00,W,N,A,-,Y,MNO,9,203,-,-,5.250,I,5,W,N,3,0,1,2,A,-,10,21950,A,N,G,B,C,A,H,-,A,D,0,Y,,,,Y,,A,07,0,1,0,0,1,0,0,0,0,"- ","- ",,,MONO,"MAMMOTH LAKES",-119.05780792236328,37.653938293457031
8676273,2018,2018-08-17,2601,2018-04-14,1455,0068,MLPD,6,5,2,2601,0,0,0,,0,44E7,"RT 203","SCENIC LOOP",2112.00,W,N,A,-,Y,MNO,9,203,-,R,3.400,H,-,E,N,3,0,4,1,A,-,03,22350,,N,F,A,A,A,H,-,A,D,0,,,,,Y,,A,01,0,4,0,0,0,0,0,0,0,"- ","- ",,,MONO,"MAMMOTH LAKES",-118.9959716796875,37.652931213378906
8676309,2018,2018-08-17,2601,2018-05-19,1340,0068,MLPD,6,5,2,2601,0,0,0,,0,0ML,"MAIN ST","FOREST TRL",0.00,,Y,A,-,Y,MNO,9,203,-,-,5.610,I,5,W,N,3,0,2,3,A,-,09,21802,A,N,D,C,A,A,H,-,A,D,0,,,,,Y,,A,01,0,1,1,0,0,0,0,0,0,"- ","- ",,,MONO,"MAMMOTH LAKES",-119.05780029296875,37.653938293457031
8809528,2018,2019-03-26,2601,2018-11-28,0915,0038,MLPD,3,5,2,2601,0,0,0,,0,0ML,"CANYON BL","CANYON BL 502",0.00,,N,D,-,N,,,,,,,,,,Y,4,0,2,2,A,-,03,22350,,N,B,C,A,C,H,-,A,D,0,,,,,Y,,-,,0,0,2,0,0,0,0,0,0,"- ","- ",,,MONO,"MAMMOTH LAKES",-118.993151,37.649386999999997
8819541,2019,2019-05-17,2601,2019-01-29,1058,45,NORTH,2,5,2,2601,0,0,0,,0,44E3,"MINARET RD","MNO R300",0.00,,-,A,-,Y,MNO,9,203,-,R,3.200,H,-,E,N,3,0,4,1,A,-,03,22350,,N,E,I,A,A,H,-,A,D,0,,,,,Y,,D,22,0,2,2,0,0,0,0,0,0,"- ","- ",37.643970489501953,-119.03668212890625,MONO,"MAMMOTH LAKES",-118.99740600585938,37.650363922119141
8819565,2019,2019-08-22,2601,2019-03-01,0845,77,MLPD,5,5,2,2601,0,0,0,,0,0ML,"MINARET RD","WOLLYS TUBE PARK RD",213.00,W,N,A,-,Y,MNO,9,203,-,R,2.480,H,-,W,N,3,0,1,2,A,-,03,22350,,N,D,C,A,C,H,-,A,D,0,,,,,Y,,D,22,0,1,0,0,0,0,0,0,0,"- ","- ",36.651119232177734,-119.00180816650391,MONO,"MAMMOTH LAKES",-119.00864410400391,37.650806427001953
90018187,2015,2015-10-19,9820,2015-09-12,1406,015992,,6,2,9,2600,0,3,5,,2,020,"GREEN CREEK RD",US-395,19536.00,W,N,A,-,N,,,,,,,,,,Y,3,0,1,1,A,-,08,38314,,N,E,I,A,A,H,-,A,D,0,,,,,Y,,A,01,0,1,0,0,0,0,0,0,0,"- ","- ",38.157299999999999,-119.22,MONO,UNINCORPORATED,-119.22036193,38.154965259999997
90022452,2015,2015-10-19,9820,2015-09-13,2305,020390,,7,3,9,2600,0,1,2,,1,041,"US-395 NORTHBOUND","OIL PLANT RD.",528.00,N,N,B,-,Y,,,395,,,,,,N,Y,2,0,1,1,A,-,01,23152,A,N,F,I,A,A,H,-,D,D,0,,,,,Y,Y,A,01,1,0,0,0,0,0,0,0,0,"- ","- ",37.919519999999999,-119.09681,MONO,UNINCORPORATED,-119.09707023,37.919468430000002
90023070,2015,2015-10-19,9820,2015-09-18,1015,019766,,5,1,9,2600,0,1,3,,1,039,SR-158,"NORTHSHORE DRIVE",899.00,S,N,A,-,Y,,,158,,,,,,,N,2,0,1,2,A,-,03,22350,,N,C,G,A,A,H,-,A,D,0,,Y,,,Y,,D,22,1,0,0,0,0,0,1,0,0,"- ","- ",37.771169999999998,-119.08741000000001,MONO,UNINCORPORATED,-119.08739927000001,37.771142009999998
90027813,2015,2015-10-19,9820,2015-09-27,1450,018441,,7,2,9,2600,0,3,5,,2,045,SR-120,"DOBIE MEADOWS",979.00,W,N,A,-,Y,,,120,,,,,,,Y,2,0,1,1,A,-,03,22350,,N,F,A,A,A,H,-,A,D,0,,,Y,,Y,,C,02,1,0,0,0,0,0,0,0,1,"- ","- ",37.921430000000001,-118.70502999999999,MONO,UNINCORPORATED,-118.70503886,37.921360399999998
90029406,2015,2015-10-19,9825,2015-10-11,0835,018960,,7,1,9,2600,0,1,2,,1,023,US-395,"LOWER ROCK CREEK RD.",5808.00,S,N,A,-,Y,,,395,,,,,,,Y,2,0,1,1,A,-,08,22107,,N,F,I,A,A,H,-,A,D,0,,,Y,,Y,,C,02,1,0,0,0,0,0,0,0,1,"- ","- ",37.551389999999998,-118.64129,MONO,UNINCORPORATED,-118.64132023000001,37.551342380000001
90029742,2015,2015-10-19,9820,2015-10-08,1142,019766,,4,1,9,2600,0,1,2,,1,051,"US-395 SOUTHBOUND","MAMMOTH SCENIC LOOP",577.00,N,N,A,-,Y,,,395,,,,,,S,Y,2,0,2,1,C,-,18,,,N,H,H,A,A,H,-,A,D,0,,,Y,,Y,,-,"- ",2,0,0,0,0,0,0,0,2,"- ","- ",37.71067,-118.95341999999999,MONO,UNINCORPORATED,-118.95347049999999,37.710657439999999
90031022,2015,2015-11-25,9820,2015-10-04,2030,020241,,7,2,9,2600,0,1,2,,1,021,US-395,"BURCHAM FLAT RD",528.00,S,N,B,-,Y,,,395,,,,,,,Y,2,0,4,2,A,-,05,21460,A,N,A,C,A,A,H,-,D,A,0,,,,,Y,,A,01,2,0,2,0,0,0,0,0,0,"- ","- ",38.354239999999997,-119.42371,MONO,UNINCORPORATED,-119.42374264999999,38.354274920000002
90032419,2015,2015-10-19,9820,2015-10-12,0635,020309,,1,1,9,2600,0,1,3,,1,044,SR-120,"SADDLEBAG LAKE RD",1584.00,W,N,A,-,Y,,,120,,,,,,,Y,2,0,3,1,A,-,03,22350,,N,E,I,A,A,H,-,D,D,0,,,,,Y,,A,08,1,1,1,0,0,0,0,0,0,"- ","- ",37.934620000000002,-119.24823000000001,MONO,UNINCORPORATED,-119.24833304000001,37.93463903
90034086,2015,2015-10-19,9820,2015-09-29,1620,020600,,2,2,9,2600,0,1,2,,1,052,"US-395 SOUTHBOUND","CONVICT LAKE ROAD",0.00,,Y,B,-,Y,,,395,,,,,,S,Y,3,0,1,2,A,-,09,21802,A,N,D,C,A,A,D,-,A,A,0,,,,Y,Y,,A,07,0,1,0,0,0,0,0,0,0,"- ","- ",37.62274,-118.83983000000001,MONO,UNINCORPORATED,-118.83986224,37.622615930000002
90034119,2015,2015-10-19,9820,2015-10-11,1650,018654,,7,2,9,2600,0,3,5,,2,025,"BURCHAM FLAT RD.","CAMP ANTELOPE RD",42240.00,S,N,A,-,N,,,,,,,,,,N,3,0,1,1,A,-,08,38314,,N,F,I,A,A,G,-,A,D,0,,,Y,,Y,,C,06,0,1,0,0,0,0,0,0,1,"- ","- ",38.434150000000002,-119.43199,MONO,UNINCORPORATED,-119.43250363999999,38.435824420000003
90037162,2015,2015-10-23,9820,2015-09-17,1430,014841,,4,2,9,2600,0,1,2,,1,021,US-395,"SWAGGER CREEK RD.",11088.00,S,N,A,-,Y,,,,,,,,,,Y,1,1,0,1,A,-,08,22107,,N,E,I,A,A,H,-,A,D,0,,,,,Y,,A,07,0,0,0,0,0,0,0,0,0,"- ","- ",38.331119999999999,-119.31019999999999,MONO,UNINCORPORATED,-119.31811764,38.331129830000002
90038665,2015,2015-10-27,9820,2015-10-14,1526,020600,,3,2,9,2600,0,1,3,,1,044,"SR-120 WEST","POOLE POWER PLANT ROAD",4604.00,W,N,A,-,Y,,,120,,,,,,,Y,3,0,2,1,A,-,03,22350,,N,E,I,A,A,H,-,A,D,0,,,,,Y,,A,08,0,2,0,0,0,0,0,0,0,"- ","- ",37.935040000000001,-119.17855,MONO,UNINCORPORATED,-119.17815407000001,37.935203629999997
90041349,2015,2015-11-02,9820,2015-10-24,1230,020309,,6,1,9,2600,0,3,5,,2,050,"CROWLEY LAKE DRIVE","GREGORY LANE",3696.00,S,N,A,-,N,,,,,,,,,,N,3,0,1,2,D,-,00,,,F,B,G,A,A,H,-,A,D,0,,Y,,,Y,,-,"- ",0,1,0,0,0,0,1,0,0,"- ","- ",37.578240000000001,-118.76955,MONO,UNINCORPORATED,-118.77055787,37.578880060000003
90042090,2015,2015-11-02,9820,2015-11-01,0630,018230,,7,1,9,2600,0,1,2,,1,022,US-395,"CONWAY RANCH ROAD",528.00,S,N,A,-,Y,,,395,,,,,,,Y,4,0,1,1,C,-,18,,,N,H,H,A,A,H,-,B,D,0,,,,,Y,,-,"- ",0,0,1,0,0,0,0,0,0,"- ","- ",38.064419999999998,-119.16867999999999,MONO,UNINCORPORATED,-119.16861287,38.06444226
90043883,2015,2015-11-03,9820,2015-10-26,1437,018654,,1,2,9,2600,0,1,2,,1,021,"US-395 S/B","MPM 80.50",2640.00,N,N,A,-,Y,,,395,,,,,,S,N,3,0,1,1,A,-,03,22350,,N,H,H,A,A,H,-,A,D,0,,,Y,,Y,,C,02,0,1,0,0,0,0,0,0,1,"- ","- ",38.280900000000003,-119.29607,MONO,UNINCORPORATED,-119.29614623000001,38.280749210000003
90045570,2015,2015-11-05,9820,2015-10-31,1030,019766,,6,1,9,2600,0,1,3,,1,044,"SR-120 (WEST)","POOLE POWER PLANT RD",10560.00,W,N,A,-,Y,,,120,,,,,,,Y,3,0,2,2,A,-,08,22107,,N,F,A,A,A,H,-,A,D,0,,,Y,,Y,,A,01,0,2,0,0,0,0,0,0,2,"- ","- ",37.94764,-119.19087,MONO,UNINCORPORATED,-119.19089459,37.947805019999997
90047591,2015,2015-11-10,9820,2015-10-31,1215,015992,,6,1,9,2600,0,3,5,,2,020,"TWIN LAKES RD","HACKAMORE PL",528.00,W,N,A,-,N,,,,,,,,,,Y,3,0,2,1,A,-,08,22107,,N,E,I,A,A,H,-,A,D,0,,,,,Y,,D,22,0,2,0,0,0,0,0,0,0,"- ","- ",38.210369999999998,-119.31565999999999,MONO,UNINCORPORATED,-119.31563140999999,38.21024955
90049926,2015,2015-11-12,9820,2015-11-10,0930,020309,,2,1,9,2600,0,1,2,,1,052,"US 395 N/B","CONVICT LAKE RD",2112.00,N,N,B,-,Y,,,,,,,,,,Y,4,0,1,1,A,-,03,22350,,N,F,A,A,C,H,-,A,A,0,,,,,Y,,D,22,0,0,1,0,0,0,0,0,0,"- ","- ",37.625030000000002,-118.84699999999999,MONO,UNINCORPORATED,-118.84648845,37.62482052
90052820,2015,2015-11-17,9820,2015-11-16,1845,020426,,1,2,9,2600,0,3,5,,2,010,"US 395 NORTHBOUND","MAMMOTH SCENIC LOOP",3696.00,S,N,A,-,Y,,,,,,,,,,Y,4,0,1,1,A,-,03,22350,,N,F,A,A,A,H,-,D,D,0,,,,,Y,,A,01,0,0,1,0,0,0,0,0,0,"- ","- ",37.699480000000001,-118.94929,MONO,UNINCORPORATED,-118.94913685,37.699346230000003
90052837,2015,2015-11-17,9820,2015-11-10,1605,017567,,2,2,9,2600,0,1,2,,1,021,"US-395 S/B","SR-182 S/B",0.00,,Y,A,-,Y,,,395,,,,,,S,N,4,0,1,2,A,-,12,22450,A,N,D,C,A,A,H,-,A,A,0,,,,,Y,,D,22,0,0,1,0,0,0,0,0,0,"- ","- ",38.254710000000003,-119.22279,MONO,UNINCORPORATED,-119.22289373,38.254662770000003
90052934,2015,2015-11-17,9820,2015-11-16,1400,020426,,1,2,9,2600,0,1,2,,1,052,"US 395 NORTHBOUND","SOUTH LANDING ROAD",6864.00,N,N,A,-,Y,,,,,,,,,,Y,3,0,1,1,A,-,08,22107,,N,F,A,A,A,H,-,A,D,0,,,,,Y,,A,07,0,1,0,0,0,0,0,0,0,"- ","- ",37.577170000000002,-118.75754999999999,MONO,UNINCORPORATED,-118.71582506,37.57384948
90053069,2015,2015-11-18,9820,2015-11-13,0535,018674,,5,3,9,2600,0,3,5,,2,010,"SEQUOIA ROAD","TOIYABE ROAD",184.00,W,N,A,-,N,,,,,,,,,,Y,4,0,1,1,A,-,03,22350,,N,E,I,A,A,H,-,C,D,0,,,,,Y,,A,01,0,0,1,0,0,0,0,0,0,"- ","- ",38.358759999999997,-119.51206999999999,MONO,UNINCORPORATED,-119.51181828999999,38.358798120000003
90061266,2015,2015-11-30,9825,2015-11-26,1745,020810,,4,2,9,2600,0,1,2,,1,009,"US-6 N/B","WALKER PLAZA",328.00,N,N,A,-,Y,,,6,,,,,,N,Y,2,0,1,1,A,-,01,23153,A,N,F,I,A,A,H,-,B,A,0,,,,,Y,Y,A,07,1,0,0,0,0,0,0,0,0,"- ","- ",37.806449999999998,-118.47257999999999,MONO,UNINCORPORATED,-118.47235435,37.806540830000003
90064291,2015,2015-12-02,9820,2015-11-27,1930,020871,,5,2,9,2600,0,1,2,,1,041,"US 395 S/B","SR-120 E/B",1380.00,S,N,D,-,Y,,,,,,,,,,Y,3,0,1,1,A,-,03,22350,,N,F,A,A,C,H,-,D,D,0,,,,,Y,,A,07,0,1,0,0,0,0,0,0,0,"- ","- ",37.882510000000003,-119.09044,MONO,UNINCORPORATED,,
90064295,2015,2015-12-02,9820,2015-11-28,1255,017567,,6,1,9,2600,0,1,2,,1,021,"US-395 NORTHBOUND","BURCHAM FLAT RD",5808.00,S,N,A,-,Y,,,395,,,,,,N,Y,4,0,1,1,C,-,18,,,N,H,H,A,A,H,-,A,D,0,,,,,Y,,-,"- ",0,0,1,0,0,0,0,0,0,"- ","- ",38.353200000000001,-119.40769,MONO,UNINCORPORATED,-119.40767561,38.35326929
90069634,2015,2015-12-10,9825,2015-12-09,2018,019230,,3,2,9,2600,0,1,2,,1,023,US-395,"LOWER ROCK CREEK RD",2112.00,S,N,B,-,Y,,,,,,,,,,Y,4,0,1,1,C,-,18,,,N,H,H,A,A,H,-,D,D,0,,,,,Y,,-,"- ",0,0,1,0,0,0,0,0,0,"- ","- ",37.657330000000002,-118.65260000000001,MONO,UNINCORPORATED,-118.65310667,37.557630860000003
90072200,2015,2015-12-14,9820,2015-12-06,1341,020390,,7,1,9,2600,0,1,2,,1,021,US-395,"EMIGRANT ST.",528.00,S,N,A,-,Y,,,395,,,,,,,Y,3,0,2,2,A,-,08,22107,,N,B,C,A,A,H,-,A,D,0,,,,,Y,,A,07,0,2,0,0,0,0,0,0,0,"- ","- ",38.25712,-119.23555,MONO,UNINCORPORATED,-119.23558683,38.257002579999998
90076421,2015,2015-12-17,9820,2015-12-15,0938,017567,,2,1,9,2600,0,3,5,,2,010,US-395,SR-203,300.00,S,N,A,-,Y,,,,,,,,,,Y,4,0,1,1,A,-,03,22350,,N,F,A,A,C,H,-,A,A,0,,,,,Y,,A,07,0,0,1,0,0,0,0,0,0,"- ","- ",37.641759999999998,-118.91493,MONO,UNINCORPORATED,-118.9162025,37.640715909999997
90078034,2015,2015-12-18,9825,2015-12-13,1523,018960,,7,2,9,2600,0,1,2,,1,023,US-395,"LOWER ROCK CREEK RD",2112.00,S,N,D,-,Y,,,395,,,,,,,Y,4,0,1,1,A,-,03,22350,,N,F,I,A,C,G,-,A,A,0,,,,,Y,,A,01,0,0,1,0,0,0,0,0,0,"- ","- ",37.557110000000002,-118.65192999999999,MONO,UNINCORPORATED,-118.65194396,37.557084609999997
90080580,2015,2015-12-22,9820,2015-12-14,2230,020241,,1,3,9,2600,0,1,3,,1,014,SR-108,US-395,10560.00,W,N,A,-,Y,,,108,,,,,,,Y,3,0,1,1,A,-,03,22350,,N,F,I,A,C,G,-,D,A,0,,,,,Y,,D,22,0,1,0,0,0,0,0,0,0,"- ","- ",38.365850000000002,-119.48065,MONO,UNINCORPORATED,-119.48065908,38.36578652
90082180,2015,2015-12-24,9820,2015-12-11,2330,014841,,5,3,9,2600,0,1,2,,1,011,US-395,"MILL CANYON RD.",4752.00,S,N,B,-,Y,,,395,,,,,,,Y,3,0,1,1,A,-,01,23152,A,N,F,A,A,B,H,-,D,D,0,,,,,Y,Y,A,01,0,1,0,0,0,0,0,0,0,"- ","- ",38.52252,-119.48685999999999,MONO,UNINCORPORATED,-119.48683533000001,38.522536719999998
90085787,2015,2015-12-31,9820,2015-12-28,2244,020426,,1,3,9,2600,0,1,2,,1,042,"US 395 NORTHBOUND","SR 158 SOUTH JUNCTION",1056.00,S,N,D,-,Y,,,,,,,,,,Y,3,0,1,1,A,-,03,22350,,N,E,I,A,C,H,-,D,A,0,,,,,Y,,D,22,0,1,0,0,0,0,0,0,0,"- ","- ",37.810960000000001,-119.05115000000001,MONO,UNINCORPORATED,,
90085992,2015,2015-12-31,9820,2015-12-24,1205,018230,,4,1,9,2600,0,3,5,,2,010,"US-395 SOUTHBOUND","VIRGINIA LAKES ROAD",2640.00,S,N,B,D,Y,,,395,,,,,,S,Y,4,0,1,2,A,-,02,22400,A,N,C,C,A,C,H,-,A,D,0,,,,Y,Y,,G,25,0,0,1,0,0,0,0,0,0,"- ","- ",38.080579999999998,-119.17834000000001,MONO,UNINCORPORATED,-119.17832855,38.080578629999998
90086236,2015,2015-12-31,9820,2015-12-24,1350,015992,,4,1,9,2600,0,1,2,,1,021,US-395,"BUCKEYE RD",8448.00,N,N,B,D,Y,,,,,,,,,,Y,4,0,1,2,A,-,03,22350,,N,C,C,A,C,H,-,A,A,0,,,,,Y,,M,47,0,0,1,0,0,0,0,0,0,"- ","- ",,,MONO,UNINCORPORATED,-119.30913201,38.292602700000003
90087145,2016,2016-01-04,9820,2016-01-02,1003,019766,,6,1,9,2600,0,1,2,,1,042,"US-395 SOUTHBOUND","SR-158 (SOUTH JUNCTION)",2376.00,S,N,B,-,Y,,,395,,,,,,S,Y,4,0,3,1,A,-,03,22350,,N,E,I,A,C,H,-,A,D,0,,,,,Y,,D,22,0,0,3,0,0,0,0,0,0,"- ","- ",37.808010000000003,-119.04772,MONO,UNINCORPORATED,-119.04768597,37.808056819999997
90092162,2016,2016-01-11,9820,2016-01-05,1330,020871,,2,1,9,2600,0,1,2,,1,042,"US 395 S/B","BALD MOUNTAIN RD",5280.00,S,N,B,-,Y,,,,,,,,,,Y,4,0,4,3,B,-,22,,,N,E,J,F,C,H,-,A,A,0,Y,,,,Y,,M,50,0,0,4,0,1,0,0,0,0,"- ","- ",37.765349999999998,-119.00076,MONO,UNINCORPORATED,,
90092175,2016,2016-01-11,9820,2016-01-06,1758,020390,,3,2,9,2600,0,1,2,,1,022,US-395,"VIRGINIA LAKES RD",11616.00,N,N,D,-,Y,,,395,,,,,,,Y,4,0,1,1,A,-,03,22350,,N,E,I,A,C,H,-,D,D,0,,,,,Y,,A,08,0,0,1,0,0,0,0,0,0,"- ","- ",38.111499999999999,-119.1776,MONO,UNINCORPORATED,-119.17768642,38.111487349999997
90092425,2016,2016-01-11,9820,2016-01-09,1543,019766,,6,2,9,2600,0,1,2,,1,051,"US-395 SOUTHBOUND","DEADMAN CREEK ROAD",1850.00,S,N,A,-,Y,,,395,,,,,,S,Y,3,0,1,1,A,-,08,22107,,N,E,I,A,A,H,-,A,D,0,,,,,Y,,A,07,0,1,0,0,0,0,0,0,0,"- ","- ",37.741509999999998,-118.97511,MONO,UNINCORPORATED,-118.97534960999999,37.741329720000003
90097409,2016,2016-01-19,9820,2016-01-14,0315,019766,,4,3,9,2600,0,1,2,,1,041,US-395,"CEMETERY ROAD",2059.00,S,N,B,-,Y,,,395,,,,,,,Y,3,0,1,1,A,-,08,22107,,N,E,I,A,A,H,-,D,D,0,,,,,Y,,A,07,0,1,0,0,0,0,0,0,0,"- ","- ",38.005099999999999,-119.15401,MONO,UNINCORPORATED,-119.15395924000001,38.005118209999999
90097435,2016,2016-01-19,9820,2016-01-15,0023,020600,,5,3,9,2600,0,1,2,,1,052,"US-395 NORTHBOUND","STATE ROUTE 203",1584.00,S,N,D,G,Y,,,395,,,,,,N,Y,4,0,1,1,A,-,03,22350,,N,F,A,A,C,H,-,D,A,0,,,,,Y,,A,07,0,0,1,0,0,0,0,0,0,"- ","- ",37.639000000000003,-118.91004,MONO,UNINCORPORATED,-118.91005233999999,37.638911090000001
90097480,2016,2016-01-19,9820,2016-01-16,0820,015992,,6,1,9,2600,0,1,2,,1,041,"US-395 SOUTHBOUND","SR-120 E/B",2640.00,S,N,C,-,Y,,,395,,,,,,S,Y,4,0,1,1,A,-,03,22350,,N,F,A,A,C,H,-,A,D,0,,,,,Y,,A,01,0,0,1,0,0,0,0,0,0,"- ","- ",37.881360000000001,-119.09031,MONO,UNINCORPORATED,-119.09024913,37.881371729999998
90097510,2016,2016-01-19,9820,2016-01-16,0815,019766,,6,1,9,2600,0,1,2,,1,042,"US-395 SOUTHBOUND","SR-120 (EAST)",5129.00,S,N,B,-,Y,,,395,,,,,,S,Y,4,0,1,1,A,-,03,22350,,N,E,I,A,C,H,-,A,D,0,,,,,Y,,D,22,0,0,1,0,0,0,0,0,0,"- ","- ",37.872929999999997,-119.08855,MONO,UNINCORPORATED,-119.08862443,37.872917299999997
90099231,2016,2016-02-02,9820,2016-01-18,0905,020871,,1,1,9,2600,0,1,2,,1,052,"US 395 S/B TO SR-203",SR-203,0.00,,Y,B,-,Y,,,,,,,,,,Y,3,0,3,2,A,-,03,22350,,N,D,C,A,C,H,-,A,A,0,,,,,Y,,A,07,0,1,2,0,0,0,0,0,0,"- ","- ",37.640940000000001,-118.91808,MONO,UNINCORPORATED,,
90102329,2016,2016-01-26,9820,2016-01-18,1300,017567,,1,1,9,2600,0,1,2,,1,021,US-395,"SWAUGER CREEK",10032.00,N,N,A,-,Y,,,395,,,,,,,Y,3,0,1,3,A,-,03,22350,,N,A,C,A,C,H,-,A,D,0,,,,,Y,,D,22,0,1,0,0,0,0,0,0,0,"- ","- ",38.349249999999998,-119.37835,MONO,UNINCORPORATED,-119.37834966,38.349277309999998
90133936,2016,2016-03-10,9820,2016-03-03,2225,020390,,4,3,9,2600,0,1,2,,1,012,US-395,SR-108,15312.00,N,N,B,-,Y,,,395,,,,,,,Y,3,0,1,1,A,-,01,23152,A,N,E,I,A,A,H,-,D,D,0,,,,,Y,Y,D,22,0,1,0,0,0,0,0,0,0,"- ","- ",38.386220000000002,-119.45341999999999,MONO,UNINCORPORATED,-119.45343185,38.386210140000003
90139246,2016,2016-03-18,9820,2016-03-16,0730,015992,,3,1,9,2600,0,1,2,,1,021,US-395,"BUCKEYE RD",1584.00,S,N,A,-,Y,,,395,,,,,,,Y,3,0,1,2,A,-,06,21751,,N,A,C,A,A,H,-,A,D,0,,,,,Y,,D,22,0,1,0,0,0,0,0,0,0,"- ","- ",38.271569999999997,-119.28467999999999,MONO,UNINCORPORATED,-119.28471669,38.27153586
90145677,2016,2016-03-28,9820,2016-03-21,2000,018654,,1,2,9,2600,0,1,2,,1,021,"US-395 N/B","BURCHAM FLAT RD",792.00,S,N,D,-,Y,,,395,,,,,,N,Y,3,0,1,1,A,-,01,23152,A,N,E,I,A,B,H,-,D,A,0,,,,,Y,Y,A,01,0,1,0,0,0,0,0,0,0,"- ","- ",38.355170000000001,-119.42237,MONO,UNINCORPORATED,-119.42233979,38.355082809999999
90146476,2016,2016-03-28,9820,2016-03-25,0007,020390,,5,3,9,2600,0,1,2,,1,041,US-395,"CEMETERY RD.",7392.00,S,N,A,-,Y,,,395,,,,,,,Y,3,0,1,1,A,-,01,23152,A,N,E,I,A,A,H,-,D,D,0,,,,,Y,Y,A,01,0,1,0,0,0,0,0,0,0,"- ","- ",37.992849999999997,-119.14418999999999,MONO,UNINCORPORATED,-119.1442462,37.992801999999998
90149734,2016,2016-04-04,9820,2016-03-30,0001,019766,,3,3,9,2600,0,1,3,,1,039,SR-158,"LYLE TERRACE ROAD",3.00,N,N,D,-,Y,,,158,,,,,,,Y,3,0,1,1,A,-,03,22350,,N,E,I,A,C,H,-,D,D,0,,,,,Y,,A,07,0,1,0,0,0,0,0,0,0,"- ","- ",37.774180000000001,-119.07943,MONO,UNINCORPORATED,-119.07945169,37.774206190000001
90150867,2016,2016-04-05,9820,2016-03-25,1949,020390,,5,2,9,2600,0,1,2,,1,022,US-395,"GREEN CREEK RD",1056.00,N,N,A,-,Y,,,395,,,,,,,Y,3,0,1,1,A,-,01,23152,A,N,E,I,A,A,H,-,D,D,0,,,,,Y,Y,A,07,0,1,0,0,0,0,0,0,0,"- ","- ",37.992849999999997,-119.14418999999999,MONO,UNINCORPORATED,-119.1442462,37.992801999999998
90154111,2016,2016-04-11,9820,2016-03-31,1710,020426,,4,2,9,2600,0,3,5,,2,045,"BALD MOUNTAIN ROAD","RT 395",32736.00,E,N,A,-,N,,,,,,,,,,N,2,0,2,1,A,-,03,38305,,N,F,A,A,C,H,-,A,D,0,,,Y,,Y,,C,06,1,1,0,0,0,0,0,0,2,"- ","- ",37.807560000000002,-118.94168000000001,MONO,UNINCORPORATED,-118.9425213,37.807525460000001
90156386,2016,2016-04-12,9820,2016-04-07,1550,020871,,4,2,9,2600,0,1,2,,1,041,"US 395 S/B","WEST PORTAL ROAD",1000.00,S,N,A,-,Y,,,,,,,,,,Y,3,0,1,1,C,-,18,,,N,H,H,A,A,H,-,A,D,0,,,,,Y,,-,"- ",0,1,0,0,0,0,0,0,0,"- ","- ",37.833309999999997,-119.07289,MONO,UNINCORPORATED,,
90165028,2016,2016-04-25,9825,2016-04-22,1750,018441,,5,2,9,2600,0,1,2,,1,023,"S/B US-395","GORGE ROAD",26928.00,N,N,C,-,Y,,,395,,,,,,,Y,4,0,1,2,A,-,03,22350,,N,C,C,A,B,H,-,A,D,0,,,,Y,Y,,A,07,0,0,1,0,0,0,0,0,0,"- ","- ",37.516919999999999,-118.59256999999999,MONO,UNINCORPORATED,-118.59254292999999,37.516979650000003
90169951,2016,2016-05-02,9820,2016-04-21,1305,018674,,4,1,9,2600,0,1,2,,1,021,"US HIGHWAY 395","BUCKEYE ROAD",8448.00,N,N,B,G,Y,,,395,,,,,,,Y,3,0,1,1,A,-,03,22350,,N,E,I,A,A,H,-,A,D,0,,,,,Y,,A,01,0,1,0,0,0,0,0,0,0,"- ","- ",38.291519999999998,-119.30840000000001,MONO,UNINCORPORATED,-119.30831958,38.291582429999998
90170307,2016,2016-05-02,9820,2016-04-30,1825,020600,,6,2,9,2600,0,3,5,,2,010,"US-395 NORTHBOUND","MT. MORRISON",600.00,S,N,B,-,Y,,,395,,,,,,N,Y,4,0,1,1,C,-,18,,,N,H,H,A,A,H,-,A,D,0,,,,,Y,,-,"- ",0,0,1,0,0,0,0,0,0,"- ","- ",37.614820000000002,-118.81166,MONO,UNINCORPORATED,-118.81169208,37.614773700000001
90170659,2016,2016-05-02,9820,2016-04-21,2240,020600,,4,3,9,2600,0,1,2,,1,052,"US-395 NORTHBOUND","SOUTH LANDING ROAD",707.00,N,N,A,-,Y,,,395,,,,,,N,Y,4,0,1,1,A,-,01,23152,E,N,E,I,A,A,H,-,C,D,0,,,,,Y,,A,01,0,0,1,0,0,0,0,0,0,"- ","- ",37.573729999999998,-118.74185,MONO,UNINCORPORATED,-118.74186426,37.573653559999997
90175077,2016,2016-05-09,9820,2016-05-06,0455,015992,,5,3,9,2600,0,1,2,,1,022,US-395,SR-270,12672.00,S,N,B,D,Y,,,395,,,,,,,Y,4,0,1,1,A,-,03,22350,,N,E,A,A,C,H,-,D,D,0,,,,,Y,,E,22,0,0,1,0,0,0,0,0,0,"- ","- ",38.137929999999997,-119.18389999999999,MONO,UNINCORPORATED,-119.18385685,38.137945479999999
90179724,2016,2016-05-16,9820,2016-05-13,1120,018674,,5,1,9,2600,0,1,2,,1,012,"US HIGHWAY 395","STATE HIGHWAY 108",15840.00,N,N,A,-,Y,,,,,,,,,,Y,3,0,1,2,A,-,05,21460,A,F,F,A,A,A,H,-,A,D,0,,,,,Y,,-,99,0,1,0,0,0,0,0,0,0,"- ","- ",,,MONO,UNINCORPORATED,-119.45462614,38.387852950000003
90184814,2016,2016-05-23,9820,2016-05-22,0430,018230,,7,3,9,2600,0,1,2,,1,021,US-395,BUCKEYE,1320.00,N,N,A,-,Y,,,395,,,,,,,Y,4,0,1,1,A,-,08,22107,,N,F,A,A,A,H,-,D,D,0,,,,,Y,,D,22,0,0,1,0,0,0,0,0,0,"- ","- ",38.279470000000003,-119.29340000000001,MONO,UNINCORPORATED,-119.29344909,38.279378999999999
90187042,2016,2016-05-25,9820,2016-05-20,1100,019766,,5,1,9,2600,0,3,5,,2,055,"BENTON CROSSING ROAD","INF (INYO NATIONAL FOREST) 2S84E",88.00,E,N,G,-,N,,,,,,,,,,N,3,0,1,1,A,-,03,22350,,N,E,I,A,A,B,-,A,D,0,,,Y,,Y,,C,02,0,1,0,0,0,0,0,0,1,"- ","- ",37.755009999999999,-118.59429,MONO,UNINCORPORATED,-118.59415054,37.754999550000001
90191821,2016,2016-05-31,9820,2016-05-26,2330,018230,,4,3,9,2600,0,1,2,,1,052,"US-395 S/B","CROWLEY LAKE DR",2640.00,S,N,A,-,Y,,,395,,,,,,S,N,4,0,1,1,C,-,18,,,N,H,H,A,A,H,-,D,D,0,,,,,Y,,-,"- ",0,0,1,0,0,0,0,0,0,"- ","- ",37.59525,-118.79600000000001,MONO,UNINCORPORATED,-118.79599589999999,37.595254079999997
90194744,2016,2016-06-06,9820,2016-05-21,1545,020926,,6,2,9,2600,0,1,2,,1,052,"US-395 SOUTHBOUND","S. LANDING RD.",7392.00,S,N,A,-,Y,,,395,,,,,,S,Y,2,0,2,1,A,-,08,22107,,N,E,I,A,A,H,-,A,D,0,,,,,Y,,A,07,1,0,1,0,0,0,0,0,0,"- ","- ",37.573560000000001,-118.71586000000001,MONO,UNINCORPORATED,-118.71583492000001,37.573607459999998
90194779,2016,2016-06-06,9820,2016-06-03,1500,018230,,5,2,9,2600,0,1,2,,1,022,SR-167,"COTTONWOOD CANYON RD",32736.00,E,N,A,-,Y,,,,,,,,,,Y,3,0,1,1,A,-,08,22107,,N,E,I,A,A,H,-,A,D,0,,,,,Y,,A,08,0,1,0,0,0,0,0,0,0,"- ","- ",38.115160000000003,-118.93334,MONO,UNINCORPORATED,-118.93522618,38.116042419999999
90195028,2016,2016-06-06,9820,2016-05-15,1420,018674,,7,2,9,2600,0,1,2,,1,012,"US HIGHWAY 395","CHRIS FLAT CAMPGROUND",511.00,N,N,B,-,Y,,,395,,,,,,,Y,2,0,2,3,A,-,05,21460,A,N,A,C,A,A,H,-,A,D,0,,,,,Y,,A,01,2,0,0,0,0,0,0,0,0,"- ","- ",38.39676,-119.45292999999999,MONO,UNINCORPORATED,-119.45294330999999,38.396760710000002
90197140,2016,2016-06-08,9820,2016-06-07,1130,020309,,2,1,9,2600,0,3,5,,2,055,"WHITMORE TUBS RD","BENTON CROSSING RD",11088.00,N,N,A,-,N,,,,,,,,,,Y,3,0,2,1,A,-,03,22350,,N,F,A,A,A,H,-,A,D,0,,,,,Y,,A,07,0,2,0,0,0,0,0,0,0,"- ","- ",37.662390000000002,-118.81225000000001,MONO,UNINCORPORATED,-118.80915186,37.661073080000001
90204344,2016,2016-06-17,9820,2016-06-11,1530,018674,,6,2,9,2600,0,3,5,,2,025,"AURORA CANYON RD","SAGEBRUSH DRIVE",34320.00,E,N,A,-,N,,,,,,,,,,N,4,0,1,1,A,-,03,22350,,N,F,A,A,A,B,-,A,D,0,,,Y,,Y,,C,06,0,0,1,0,0,0,0,0,1,"- ","- ",38.163499999999999,-119.62,MONO,UNINCORPORATED,-119.10941361,38.273716479999997
90209225,2016,2016-06-24,9820,2016-06-15,1512,020600,,3,2,9,2600,0,1,2,,1,041,US-395,"PICNIC GROUNDS RD",448.00,S,N,A,-,Y,,,395,,,,,,,Y,2,0,2,3,A,-,08,22107,,N,B,C,A,A,H,-,A,D,0,,,Y,,Y,,D,22,1,0,1,0,0,0,0,0,2,"- ","- ",37.97287,-119.13372,MONO,UNINCORPORATED,-119.1335839,37.972900289999998
90209923,2016,2016-06-27,9820,2016-06-18,1115,018230,,6,1,9,2600,0,1,3,,2,047,SR-120,"TEST STATION RD",14784.00,E,N,A,-,Y,,,120,,,,,,,N,3,0,1,2,A,-,03,22350,,N,C,C,A,A,H,-,A,D,0,,,Y,,Y,,C,02,0,1,0,0,0,0,0,0,1,"- ","- ",37.901440000000001,-118.98341000000001,MONO,UNINCORPORATED,-118.98342676999999,37.90141328
90214631,2016,2016-07-01,9825,2016-06-26,1055,019891,,7,1,9,2600,0,1,2,,1,023,US-395,"GORGE RD",31152.00,N,N,A,-,Y,,,395,,,,,,,Y,4,0,1,2,A,-,08,22107,,N,C,C,A,A,H,-,A,D,0,,,,Y,Y,,A,01,0,0,1,0,0,0,0,0,0,"- ","- ",37.520690000000002,-118.60214999999999,MONO,UNINCORPORATED,-118.60214397,37.52072063
90215038,2016,2016-07-01,9820,2016-06-25,1110,018674,,6,1,9,2600,0,1,2,,1,021,US-395,"BURCHAM FLAT RD",5808.00,S,N,A,-,Y,,,,,,,,,,Y,3,0,1,1,A,-,08,22107,,N,F,A,A,A,H,-,A,D,0,,,,,Y,,B,07,0,1,0,0,0,0,0,0,0,"- ","- ",,,MONO,UNINCORPORATED,-119.43975351,38.343266759999999
90215041,2016,2016-07-01,9820,2016-06-25,1530,018674,,6,2,9,2600,0,1,3,,1,014,SR-108,"WOLF CREEK BRIDGE # 47-16",27984.00,E,N,A,-,Y,,,,,,,,,,Y,3,0,1,1,A,-,03,22350,,N,F,A,A,A,H,-,A,D,0,,,Y,,Y,,C,02,0,1,0,0,0,0,0,0,1,"- ","- ",38.181699999999999,-119.3535,MONO,UNINCORPORATED,,
90217311,2016,2016-07-07,9820,2016-07-04,0430,019766,,1,3,9,2600,0,1,3,,1,039,SR-158,US-395,13200.00,S,N,A,-,Y,,,158,,,,,,,Y,4,0,1,1,A,-,08,22107,,N,E,I,A,A,H,-,D,D,0,,,,,Y,,A,07,0,0,1,0,0,0,0,0,0,"- ","- ",37.861620000000002,-119.10925,MONO,UNINCORPORATED,-119.10929960999999,37.861633840000003
90218478,2016,2016-07-07,9820,2016-07-02,1300,015992,,6,1,9,2600,0,3,5,,2,025,"BODIE MASONIC RD","COUNTY RD 270 BYPASS",17424.00,W,N,B,-,N,,,,,,,,,,N,2,0,1,1,A,-,03,22350,,N,E,J,A,A,H,-,A,D,0,,,Y,,Y,,C,06,1,0,0,0,0,0,0,0,1,"- ","- ",38.239870000000003,-119.05976,MONO,UNINCORPORATED,-119.05768365,38.239430800000001
90219711,2016,2016-07-11,9820,2016-07-02,0607,020426,,6,1,9,2600,0,1,2,,1,051,"US-395 N/B","CRESTVIEW REST AREA",1584.00,S,N,A,-,Y,,,395,,,,,,N,Y,2,0,4,1,A,-,08,22107,,N,F,A,A,A,H,-,A,D,0,,,,,Y,,A,07,1,1,2,0,0,0,0,0,0,"- ","- ",37.72616,-118.96332,MONO,UNINCORPORATED,-118.96333997000001,37.726144570000002
90220670,2016,2016-07-12,9820,2016-07-09,0915,019627,,6,1,9,2600,0,1,3,,1,039,SR-158,"NEVADA ST",682.00,S,N,A,-,Y,,,158,,,,,,,N,3,0,1,1,A,-,03,22350,,N,F,A,A,A,H,-,A,D,0,,Y,,,Y,,L,04,0,1,0,0,0,0,1,0,0,"- ","- ",37.762729999999998,-119.11301,MONO,UNINCORPORATED,-119.11303208,37.762688760000003
90225376,2016,2016-07-19,9820,2016-07-14,1331,020600,,4,1,9,2600,0,1,3,,1,039,SR-158,"IOWA ST.",528.00,N,N,A,-,Y,,,158,,,,,,,N,3,0,1,1,B,-,22,,,N,F,A,A,A,H,-,A,D,0,,Y,,,Y,,L,04,0,1,0,0,0,0,1,0,0,"- ","- ",37.762810000000002,-119.1131,MONO,UNINCORPORATED,-119.11313532,37.762744040000001
90227423,2016,2016-07-21,9820,2016-07-17,1305,019627,,7,1,9,2600,0,1,2,,1,012,US-395,"EASTSIDE LN",18480.00,S,N,A,G,Y,,,395,,,,,,,Y,3,0,1,1,A,-,08,22107,,N,E,I,A,A,H,-,A,D,0,,,Y,,Y,,C,02,0,1,0,0,0,0,0,0,1,"- ","- ",38.470779999999998,-119.46138999999999,MONO,UNINCORPORATED,-119.46145229,38.47076491
90227463,2016,2016-07-21,9820,2016-07-19,1210,014991,,2,1,9,2600,0,1,3,,1,014,"SR-108 E/B",US-395,12144.00,W,N,A,-,Y,,,,,,,,,,Y,3,0,2,1,A,-,08,22107,,N,E,I,A,A,H,-,A,D,0,,,,Y,Y,,G,27,0,1,1,0,0,0,0,0,0,"- ","- ",38.215699999999998,-119.2902,MONO,UNINCORPORATED,-119.48528881,38.365693909999997
90227787,2016,2016-07-21,9820,2016-07-19,1615,019627,,2,2,9,2600,0,1,2,,1,021,US-395,"SWAGGER CREEK RD",9504.00,S,N,A,-,Y,,,395,,,,,,,Y,4,0,1,1,A,-,08,22107,,N,F,A,A,A,H,-,A,D,0,,,,,Y,,E,22,0,0,1,0,0,0,0,0,0,"- ","- ",38.3352,-119.32002,MONO,UNINCORPORATED,-119.31994996,38.335231569999998
90230344,2016,2016-07-26,9820,2016-07-24,0912,019766,,7,1,9,2600,0,1,3,,2,047,SR-120,"DOBIE MEADOWS ROAD",13200.00,W,N,A,-,Y,,,120,,,,,,,Y,3,0,2,1,A,-,03,22350,,N,E,I,A,A,H,-,A,D,0,,,,,Y,,A,07,0,2,0,0,0,0,0,0,0,"- ","- ",37.921259999999997,-118.70585,MONO,UNINCORPORATED,-118.70583238,37.921230379999997
90240832,2016,2016-08-09,9820,2016-08-04,1330,019766,,4,1,9,2600,0,1,3,,2,024,SR-270,"COTTONWOOD CANYON RD",3696.00,W,N,A,-,Y,,,,,,,,,,N,3,0,1,1,A,-,03,22350,,N,F,A,A,A,H,-,A,D,0,,,Y,,Y,,C,02,0,1,0,0,0,0,0,0,1,"- ","- ",38.200780000000002,-119.02565,MONO,UNINCORPORATED,,
90242333,2016,2016-08-10,9820,2016-08-06,1056,020390,,6,1,9,2600,0,1,3,,1,014,SR-108,US-395,41184.00,W,N,A,-,Y,,,108,,,,,,,Y,3,0,2,1,A,-,08,22107,,N,E,I,A,A,H,-,A,D,0,,,,,Y,,A,01,0,2,0,0,0,0,0,0,0,"- ","- ",38.325780000000002,-119.5528,MONO,UNINCORPORATED,-119.55281491,38.325789460000003
90242336,2016,2016-08-10,9820,2016-08-08,1748,020426,,1,2,9,2600,0,3,5,,2,055,"INYO NATIONAL FOREST ROAD 3S12A","RT 395",42240.00,E,N,A,-,N,,,,,,,,,,N,3,0,1,2,A,-,03,38305,,N,C,C,A,A,G,-,A,D,0,,,Y,,Y,,C,06,0,1,0,0,0,0,0,0,1,"- ","- ",37.714509999999997,-118.90598,MONO,UNINCORPORATED,,
90242802,2016,2016-08-11,9820,2016-08-06,0505,019766,,6,3,9,2600,0,1,2,,1,051,"US-395 NORTHBOUND",SR-203,10032.00,N,N,A,-,Y,,,395,,,,,,N,Y,3,0,1,1,A,-,08,22107,,N,E,I,A,A,H,-,D,D,0,,,,,Y,,D,22,0,1,0,0,0,0,0,0,0,"- ","- ",37.665529999999997,-118.93221,MONO,UNINCORPORATED,-118.93222378,37.665521169999998
90242910,2016,2016-08-15,9820,2016-08-08,0300,020309,,1,3,9,2600,0,1,2,,1,042,"US 395 N/B","GLASS CREEK RD",1584.00,N,N,A,-,Y,,,,,,,,,,Y,2,0,1,1,A,-,01,23152,A,N,E,I,A,A,H,-,D,D,0,,,,,Y,Y,A,07,1,0,0,0,0,0,0,0,0,"- ","- ",37.556600000000003,-118.9853,MONO,UNINCORPORATED,-118.98571045,37.756026310000003
90245050,2016,2016-09-14,9820,2016-08-06,1700,014841,,6,2,9,2600,0,1,2,,1,022,US-395,"VIRGINIA LAKES RD",0.00,,Y,A,-,Y,,,395,,,,,,,Y,3,0,4,2,A,-,09,21802,A,N,D,C,A,A,H,-,A,A,0,,,,,Y,,A,07,0,3,1,0,0,0,0,0,0,"- ","- ",38.087890000000002,-119.18234,MONO,UNINCORPORATED,-119.18227656000001,38.087893549999997
90245724,2016,2016-08-16,9820,2016-08-15,1330,014991,,1,1,9,2600,0,1,3,,1,023,"SR-182 S/B","EAST WALKER RIVER BRIDGE",11088.00,N,N,A,-,Y,,,,,,,,,,N,3,0,1,1,A,-,08,22107,,N,F,I,A,A,H,-,A,D,0,,,Y,,Y,,C,02,0,1,0,0,0,0,0,0,1,"- ","- ",38.220599999999997,-119.1157,MONO,UNINCORPORATED,,
90249429,2016,2016-08-22,9820,2016-08-19,0200,019766,,5,3,9,2600,0,1,2,,1,052,"US-395 NORTHBOUND","MCGEE CREEK ROAD",2562.00,S,N,A,-,Y,,,395,,,,,,N,Y,3,0,1,1,A,-,08,22107,,N,E,I,A,A,H,-,D,D,0,,,,,Y,Y,A,01,0,1,0,0,0,0,0,0,0,"- ","- ",37.58464,-118.7766,MONO,UNINCORPORATED,-118.77661481,37.584607490000003
90249779,2016,2016-08-22,9825,2016-08-14,2010,020190,,7,2,9,2600,0,3,5,,2,030,"LOWER ROCK CREEK RD","BOUNDARY RD",750.00,N,N,A,-,N,,,,,,,,,,Y,3,0,1,1,A,-,01,23152,A,N,F,I,A,A,H,-,A,D,0,,,,,Y,Y,D,22,0,1,0,0,0,0,0,0,0,"- ","- ",37.275460000000002,-118.35354,MONO,UNINCORPORATED,-118.59315723,37.46534097
90250635,2016,2016-08-23,9820,2016-08-21,2105,018654,,7,2,9,2600,0,1,2,,1,011,"US-395 S/B","MILL CANYON RD",532.00,N,N,B,-,Y,,,395,,,,,,S,Y,3,0,1,1,C,-,18,,,N,H,H,A,A,H,-,D,D,0,,,,,Y,,-,"- ",0,1,0,0,0,0,0,0,0,"- ","- ",38.537179999999999,-119.49484,MONO,UNINCORPORATED,-119.49488522999999,38.537145029999998
90260172,2016,2016-09-02,9820,2016-08-25,1544,020600,,4,2,9,2600,0,1,2,,1,051,"US-395 S/B","CRESTVIEW REST AREA ACCESS ROAD",0.00,,Y,A,-,Y,,,395,,,,,,S,Y,4,0,1,2,A,-,03,22350,,N,D,C,A,A,H,-,A,A,0,,,,Y,Y,,A,01,0,0,1,0,0,0,0,0,0,"- ","- ",37.731470000000002,-118.96784,MONO,UNINCORPORATED,-118.96788015,37.731440460000002
90260231,2016,2016-09-02,9820,2016-08-28,0630,020309,,7,1,9,2600,0,1,2,,1,042,"US 395 SOUTHBOUND","OBSIDIAN DOME RD",4752.00,N,N,A,-,Y,,,,,,,,,,Y,3,0,1,1,A,-,08,22107,,N,E,I,A,A,H,-,B,D,0,,,,,Y,,E,22,0,1,0,0,0,0,0,0,0,"- ","- ",37.78595,-118.02285999999999,MONO,UNINCORPORATED,,
90260246,2016,2016-09-02,9820,2016-08-25,0733,020600,,4,1,9,2600,0,3,5,,2,050,"SHERWIN CREEK RD",US-395,2112.00,W,N,A,-,N,,,,,,,,,,Y,4,0,1,1,A,-,03,22350,,N,E,I,A,A,H,-,A,D,0,,,,,Y,Y,A,07,0,0,1,0,0,0,0,0,0,"- ","- ",37.633519999999997,-118.89371,MONO,UNINCORPORATED,-118.89359,37.63644
90261527,2016,2016-09-14,9820,2016-08-30,0810,020309,,2,1,9,2600,0,1,2,,1,041,"RT 395","PICNIC GROUNDS ROAD",3696.00,N,N,A,-,Y,,,395,,,,,,,Y,2,0,3,4,A,-,03,22350,,N,C,C,A,A,H,-,A,A,0,,,,,Y,,A,07,1,1,1,0,0,0,0,0,0,"- ","- ",37.987099999999998,-119.14018,MONO,UNINCORPORATED,-119.14012543,37.987128079999998
90261647,2016,2016-09-06,9825,2016-09-01,2300,020444,,4,3,9,2600,0,1,2,,1,009,"US-6 N/B N/OF BRAMLETT RANCH RD","BRAMLETT RANCH RD",1056.00,N,N,A,-,Y,,,6,,,,R,,N,Y,4,0,1,1,A,-,08,22107,,N,F,A,A,A,H,-,D,A,0,,,,,Y,,A,07,0,0,1,0,0,0,0,0,0,"- ","- ",37.86777,-118.47109,MONO,UNINCORPORATED,-118.47109,37.86777
90261703,2016,2016-09-06,9825,2016-09-01,1855,020530,,4,2,9,2600,0,1,2,,1,009,US-6,"BRAMLETT RANCH RD",5280.00,N,N,A,-,Y,,,6,,,,,,,Y,3,0,1,1,A,-,08,22107,,N,F,A,A,A,H,-,A,D,0,,,,,Y,,A,01,0,1,0,0,0,0,0,0,0,"- ","- ",37.874690000000001,-118.46853,MONO,UNINCORPORATED,-118.46844600999999,37.874628899999998
90265027,2016,2016-09-09,9820,2016-09-01,1933,019933,,4,2,9,2600,0,1,2,,1,011,"RT 395","LARSON LN",1320.00,N,N,B,-,Y,,,395,,,,,,,Y,4,0,1,1,A,-,08,22107,,N,E,I,A,A,H,-,B,D,0,,,,,Y,,A,01,0,0,1,0,0,0,0,0,0,"- ","- ",38.54815,-119.50104,MONO,UNINCORPORATED,-119.50095035,38.548182830000002
90265036,2016,2016-09-09,9820,2016-09-02,1225,021336,,5,1,9,2600,0,1,2,,1,022,"US HIGHWAY 395","GREEN CREEK RD",2482.00,N,N,A,-,Y,,,395,,,,,,,Y,3,0,2,1,C,-,18,,,N,H,H,A,A,H,-,A,D,0,,,,,Y,,-,"- ",0,2,0,0,0,0,0,0,0,"- ","- ",38.203400000000002,-119.22401000000001,MONO,UNINCORPORATED,-119.22404527,38.203368169999997
90265038,2016,2016-09-09,9820,2016-09-03,1205,021336,,6,1,9,2600,0,1,2,,1,041,"US HIGHWAY 395","SR-120 W/B",63.00,N,N,A,-,Y,,,,,,,,,,Y,4,0,1,1,A,-,03,22350,,N,F,A,A,A,H,-,A,D,0,,,Y,,Y,,C,02,0,0,1,0,0,0,0,0,1,"- ","- ",37.570999999999998,-119.648,MONO,UNINCORPORATED,,
90269227,2016,2016-09-16,9820,2016-09-11,1313,021336,,7,1,9,2600,0,1,2,,1,011,SR-89,"US HIGHWAY 395",34.00,W,N,B,-,Y,,,89,,,,,,,N,4,0,2,2,A,-,21,22106,,N,C,C,A,A,H,-,A,D,0,,,,,Y,,A,01,0,0,2,0,0,0,0,0,0,"- ","- ",38.642609999999998,-119.52776,MONO,UNINCORPORATED,-119.52776432,38.64263751
90270891,2016,2016-09-19,9820,2016-09-17,1420,021404,,6,2,9,2600,0,1,3,,1,014,"RT 108",US-395,55968.00,W,N,A,-,Y,,,108,,,,,,,Y,4,0,1,1,A,-,03,22350,,N,F,A,A,A,H,-,A,D,0,,,Y,,Y,,C,02,0,0,1,0,0,0,0,0,1,"- ","- ",38.304989999999997,-119.59256000000001,MONO,UNINCORPORATED,-119.59253766,38.304970410000003
90271734,2016,2016-09-20,9825,2016-09-18,1730,020444,,7,2,9,2600,0,1,2,,1,009,"US-6 N/B","GOOLSBY RANCH RD",12144.00,S,N,A,-,Y,,,,,,,,,,N,4,0,1,1,A,-,08,22107,,N,E,I,A,A,H,-,A,A,0,,,,,Y,,A,07,0,0,1,0,0,0,0,0,0,"- ","- ",37.779089999999997,-118.40416,MONO,UNINCORPORATED,-118.46420818999999,37.778909509999998
90273640,2016,2016-09-22,9820,2016-09-14,1330,021335,,3,1,9,2600,0,1,3,,2,047,"SR-120 E/B","CATTLE DRIVE RD",328.00,E,N,A,-,Y,,,120,,,,,,E,Y,4,0,4,1,A,-,08,22107,,N,E,I,A,A,H,-,A,D,0,,,,,Y,,A,07,0,0,4,0,0,0,0,0,0,"- ","- ",37.785539999999997,-118.54219999999999,MONO,UNINCORPORATED,-118.5421516,37.785439629999999
90273727,2016,2016-09-22,9820,2016-09-15,1115,021336,,4,1,9,2600,0,1,2,,1,011,"US HIGHWAY 395","HACKNEY DR",161.00,N,N,A,-,Y,,,395,,,,,,,Y,3,0,2,2,A,-,08,22107,,N,D,C,A,A,H,-,A,D,0,,,,,Y,,D,22,0,1,1,0,0,0,0,0,0,"- ","- ",38.515889999999999,-119.47835000000001,MONO,UNINCORPORATED,-119.47832895000001,38.515953609999997
90279642,2016,2016-09-29,9820,2016-09-23,1350,021336,,5,1,9,2600,0,1,2,,1,021,"US HWY 395","SWAGGER CREEK RD",5808.00,S,N,A,-,Y,,,,,,,,,,Y,3,0,1,1,A,-,08,22107,,N,E,I,A,A,H,-,A,D,0,,,,,Y,,A,01,0,1,0,0,0,0,0,0,0,"- ","- ",,,MONO,UNINCORPORATED,-119.32456995,38.344669949999997
90281297,2016,2016-09-30,9820,2016-09-30,0950,021336,,5,1,9,2600,0,1,2,,1,022,"US HIGHWAY 395","GREEN CREEK RD",4224.00,S,N,A,-,Y,,,,,,,,,,Y,4,0,2,3,A,-,03,22350,,N,C,C,A,A,D,-,A,D,0,,,,,Y,,A,08,0,0,2,0,0,0,0,0,0,"- ","- ",,,MONO,UNINCORPORATED,-119.2068338,38.190235270000002
90282642,2016,2016-10-03,9820,2016-09-27,1645,021335,,2,2,9,2600,0,1,2,,1,012,US-395,"EASTSIDE LN",15312.00,S,N,A,-,Y,,,395,,,,,,,Y,3,0,1,1,A,-,08,22107,,N,E,I,A,A,H,-,A,D,0,,,,,Y,,A,01,0,1,0,0,0,0,0,0,0,"- ","- ",38.479500000000002,-119.46008999999999,MONO,UNINCORPORATED,-119.46020249,38.479513079999997
90283829,2016,2016-10-04,9820,2016-09-26,2020,021335,,1,2,9,2600,0,1,2,,1,012,US-395,"EASTSIDE LN",22704.00,S,N,A,-,Y,,,395,,,,,,,Y,4,0,1,1,A,-,08,22107,,N,E,I,A,A,H,-,D,A,0,,,,Y,Y,,G,25,0,0,1,0,0,0,0,0,0,"- ","- ",38.461410000000001,-119.45959000000001,MONO,UNINCORPORATED,-119.45962942,38.46136662
90294259,2016,2016-10-18,9820,2016-10-09,0440,020241,,7,3,9,2600,0,1,3,,1,013,SR-89,US-395,3168.00,N,N,A,-,Y,,,,,,,,,,Y,2,0,1,1,A,-,08,22107,,N,F,A,A,A,H,-,D,D,0,,,,Y,Y,,G,25,1,0,0,0,0,0,0,0,0,"- ","- ",38.383600000000001,-119.3215,MONO,UNINCORPORATED,-119.52764000000001,38.642629999999997
90305738,2016,2016-10-28,9825,2016-10-23,1535,018960,,7,2,9,2600,0,1,2,,1,009,US-6,"DAWSON RANCH RD.",1584.00,S,N,G,-,Y,,,6,,,,,,,Y,4,0,2,2,A,-,08,22107,,N,B,C,A,A,H,-,A,D,0,,,,Y,Y,,A,01,0,0,2,0,0,0,0,0,0,"- ","- ",37.664580000000001,-118.40206999999999,MONO,UNINCORPORATED,-118.40201417,37.66458926
90307237,2016,2016-10-31,9820,2016-10-22,1105,018674,,6,1,9,2600,0,3,5,,2,020,"TWIN LAKES ROAD","KINGSLEY STREET",27456.00,W,N,B,-,N,,,,,,,,,,N,4,0,1,2,A,-,03,22350,,N,C,C,A,A,H,-,A,D,0,,,,,Y,,E,22,0,0,1,0,0,0,0,0,0,"- ","- ",38.221139999999998,-119.27961000000001,MONO,UNINCORPORATED,-119.23139999999999,38.254530000000003
90316097,2016,2016-11-10,9825,2016-11-07,0740,015522,,1,1,9,2600,0,1,2,,1,009,US-6,"WALKER PL",9504.00,S,N,A,-,Y,,,,,,,,,,Y,2,0,1,1,A,-,08,22107,,N,E,I,A,A,H,-,A,D,0,,,,Y,Y,,F,26,1,0,0,0,0,0,0,0,0,"- ","- ",37.799770000000002,-118.46454,MONO,UNINCORPORATED,-118.46422834000001,37.778980410000003
90329569,2016,2016-11-25,9820,2016-11-17,1740,018674,,4,2,9,2600,0,1,2,,1,011,"US HIGHWAY 395","LARSON LANE",328.00,S,N,A,-,Y,,,395,,,,,,,Y,3,0,1,1,C,-,18,,,N,H,H,A,A,H,-,C,D,0,,,,,Y,,-,"- ",0,1,0,0,0,0,0,0,0,"- ","- ",38.545560000000002,-119.50011000000001,MONO,UNINCORPORATED,-119.50010205,38.545563049999998
90333952,2016,2016-11-30,9820,2016-11-27,1335,020309,,7,1,9,2600,0,1,2,,1,042,"US-395 S/B","MPM 395 MNO 42.00",2112.00,S,N,A,-,Y,,,395,,,,,,S,Y,2,0,1,1,A,-,03,22350,,N,E,I,A,C,H,-,A,A,0,,,,,Y,,D,22,1,0,0,0,0,0,0,0,0,"- ","- ",37.828180000000003,-119.06665,MONO,UNINCORPORATED,-119.06663974999999,37.828194699999997
90347924,2016,2016-12-19,9820,2016-12-14,1505,021335,,3,2,9,2600,0,1,2,,1,022,"US-395 S/B","MILL CREEK POWERHOUSE RD",2112.00,N,N,B,G,Y,,,395,,,,,,S,Y,3,0,2,1,C,-,18,,,N,F,A,A,A,H,-,A,A,0,,,,Y,Y,,-,"- ",0,1,1,0,0,0,0,0,0,"- ","- ",38.054740000000002,-119.16558000000001,MONO,UNINCORPORATED,-119.16564926,38.054717279999998
90349119,2016,2016-12-20,9825,2016-12-10,0655,017565,,6,1,9,2600,0,1,2,,1,023,"US 395 (SOUTHBOUND)","LOWER ROCK CREEK RD",682.00,N,N,A,-,Y,,,,,,,,,,Y,4,0,1,1,A,-,08,22107,,N,F,I,A,A,H,-,A,D,0,,,,,Y,,A,01,0,0,1,0,0,0,0,0,0,"- ","- ",37.558929999999997,-118.66222999999999,MONO,UNINCORPORATED,-118.66220163,37.558921120000001
90353876,2016,2016-12-27,9820,2016-12-17,0830,021336,,6,1,9,2600,0,1,3,,2,024,"SR-270 EASTBOUND",US-395,45408.00,E,N,A,-,Y,,,,,,,,,,N,4,0,1,1,A,-,03,22350,,N,E,I,A,C,H,-,A,D,0,,,,,Y,,A,07,0,0,1,0,0,0,0,0,0,"- ","- ",,,MONO,UNINCORPORATED,,
90354516,2016,2016-12-27,9825,2016-12-18,1521,018925,,7,2,9,2600,0,1,2,,1,023,US-395,"GORGE RD.",6336.00,N,N,A,-,Y,,,395,,,,,,,Y,4,0,1,2,A,-,03,22350,,N,C,C,A,A,H,-,A,D,0,,,,Y,Y,,A,07,0,0,1,0,0,0,0,0,0,"- ","- ",37.462989999999998,-118.57871,MONO,UNINCORPORATED,-118.57875946,37.462967460000002
90355240,2016,2016-12-27,9825,2016-12-24,0535,018925,,6,3,9,2600,0,1,2,,1,023,US-395,"LOWER ROCK CREEK RD",20592.00,S,N,B,-,Y,,,395,,,,,,,Y,4,0,1,1,A,-,03,22350,,N,E,I,A,C,G,-,D,D,0,,,,,Y,,A,07,0,0,1,0,0,0,0,0,0,"- ","- ",37.52319,-118.61838,MONO,UNINCORPORATED,-118.61839813,37.523148130000003
90358753,2016,2016-12-30,9820,2016-12-25,1030,018674,,7,1,9,2600,0,1,2,,1,012,"US HIGHWAY 395","EASTSIDE LANE",18480.00,S,N,A,-,Y,,,395,,,,,,,Y,4,0,1,1,A,-,03,22350,,N,F,A,A,C,G,-,A,A,0,,,,,Y,,D,22,0,0,1,0,0,0,0,0,0,"- ","- ",38.471670000000003,-119.46165000000001,MONO,UNINCORPORATED,-119.46179891,38.471605089999997
90360144,2016,2017-01-03,9825,2016-12-24,0900,021400,,6,1,9,2600,0,1,2,,1,009,"US-6 S/B","SIPES RANCH RD",4224.00,S,N,A,-,Y,,,6,,,,,,S,Y,4,0,1,1,A,-,03,22350,,N,E,J,A,C,H,-,A,A,0,,,,,Y,,A,07,0,0,1,0,0,0,0,0,0,"- ","- ",37.841470000000001,-118.47862000000001,MONO,UNINCORPORATED,-118.47841465,37.841405399999999
90360375,2016,2017-01-03,9820,2016-12-25,0250,018654,,7,3,9,2600,0,1,2,,1,011,"US-395 S/B","CUNNINGHAM LN",2640.00,S,N,D,-,Y,,,395,,,,,,S,Y,3,0,1,1,A,-,03,22350,,N,E,I,A,C,H,-,C,D,0,,,,,Y,,D,22,0,1,0,0,0,0,0,0,0,"- ","- ",38.569809999999997,-119.50879999999999,MONO,UNINCORPORATED,-119.50901598999999,38.569730270000001
90360402,2016,2017-01-03,9820,2016-12-26,1100,021404,,1,1,9,2600,0,1,2,,1,051,"US-395 S/B","OWENS RIVER RD",422.00,S,N,B,-,Y,,,395,,,,,,S,Y,3,0,2,1,A,-,03,22350,,N,E,I,A,C,H,-,A,A,0,,,,,Y,,A,07,0,2,0,0,0,0,0,0,0,"- ","- ",37.724640000000001,-118.96339999999999,MONO,UNINCORPORATED,-118.96334587,37.724676600000002
90363731,2017,2017-01-09,9820,2017-01-04,2340,020926,,3,3,9,2600,0,1,2,,1,051,"US-395 N/B",SR-203,2112.00,N,N,D,-,Y,,,395,,,,,,N,Y,2,0,2,2,A,-,01,23152,E,N,C,C,A,C,H,-,D,D,0,,,,,Y,,A,01,2,0,0,0,0,0,0,0,0,"- ","- ",37.65652,-118.92486,MONO,UNINCORPORATED,-118.92487321,37.656513240000002
90369535,2017,2017-03-31,9820,2017-01-05,1445,020926,,4,2,9,2600,0,1,2,,1,042,"US-395 S/B","WEST PORTAL RD",3696.00,S,N,A,-,Y,,,395,,,,,,S,Y,4,0,2,1,A,-,03,22350,,N,E,I,A,C,H,-,A,A,0,,,,,Y,,D,22,0,0,2,0,0,0,0,0,0,"- ","- ",37.827950000000001,-119.06629,MONO,UNINCORPORATED,-119.0662909,37.827948839999998
90369955,2017,2017-01-16,9825,2017-01-13,0742,021400,,5,1,9,2600,0,1,2,,1,009,US-6,"WHITE MOUNTAIN RANCH RD",4224.00,N,N,B,-,Y,,,6,,,,,,,Y,4,0,1,2,A,-,03,22350,,N,D,C,A,C,H,-,A,A,0,,,,Y,Y,,-,32,0,0,1,0,0,0,0,0,0,"- ","- ",37.626829999999998,-118.39566000000001,MONO,UNINCORPORATED,-118.39578288,37.626807929999998
90371179,2017,2017-01-17,9820,2017-01-10,1332,020600,,2,1,9,2600,0,1,2,,1,052,"US-395 N/B","MCGEE CREEK RD",106.00,N,N,D,G,Y,,,395,,,,,,N,Y,2,0,2,2,A,-,03,22350,,N,C,E,A,C,H,-,A,D,0,,,,,Y,,D,22,2,0,0,0,0,0,0,0,0,"- ","- ",37.590380000000003,-118.78955000000001,MONO,UNINCORPORATED,-118.78956368999999,37.590354480000002
90373973,2017,2017-01-20,9825,2017-01-12,0900,016631,,4,1,9,2600,0,1,2,,1,023,"US-395 N/B","LOWER ROCK CREEK ROAD",19536.00,S,N,D,-,Y,,,395,,,,,,N,Y,2,0,1,2,A,-,03,22350,,N,D,C,A,C,H,-,A,D,0,,,,,Y,,-,"- ",1,0,0,0,0,0,0,0,0,"- ","- ",37.522799999999997,-118.6172,MONO,UNINCORPORATED,-118.61722604000001,37.522722129999998
90377550,2017,2017-03-30,9825,2017-01-24,1640,018960,,2,2,9,2600,0,1,2,,1,023,US-395,"GORGE RD.",31680.00,N,N,A,-,Y,,,395,,,,,,,Y,3,0,1,1,A,-,03,22350,,N,E,J,A,C,H,-,B,D,0,,,,,Y,,A,07,0,1,0,0,0,0,0,0,0,"- ","- ",37.520710000000001,-118.60586000000001,MONO,UNINCORPORATED,-118.60585557,37.520684610000004
90380135,2017,2017-01-27,9825,2017-01-21,2320,020125,,6,3,9,2600,0,1,2,,1,023,"US-395 N/B","GORGE RD",7920.00,N,N,B,-,Y,,,,,,,,,,Y,3,0,1,1,A,-,03,22350,,N,F,A,A,C,H,-,D,A,0,,,,,Y,,D,22,0,1,0,0,0,0,0,0,0,"- ","- ",37.281390000000002,-118.34426000000001,MONO,UNINCORPORATED,,
90381629,2017,2017-04-03,9820,2017-01-26,1555,019766,,4,2,9,2600,0,3,5,,2,055,"INYO NATIONAL FOREST (INF) 3S13",US-395,5702.00,E,N,A,-,N,,,,,,,,,,N,2,0,2,1,A,-,08,38314,,N,E,I,A,C,H,-,A,D,0,,,,,Y,,M,96,1,0,1,0,0,0,0,0,0,"- ","- ",37.678199999999997,-118.91867999999999,MONO,UNINCORPORATED,,
90381661,2017,2017-01-30,9820,2017-01-27,1115,019766,,5,1,9,2600,0,3,5,,2,055,"INF (INYO NATIONAL FOREST) 2S85",US-395,2534.00,E,N,A,-,N,,,,,,,,,,N,4,0,2,2,A,-,03,38305,,N,C,C,A,C,H,-,A,D,0,,,,,Y,,M,96,0,0,2,0,0,0,0,0,0,"- ","- ",37.729230000000001,-118.95867,MONO,UNINCORPORATED,-118.95658493000001,37.725296700000001
90381784,2017,2017-01-30,9820,2017-01-27,1033,019766,,5,1,9,2600,0,1,2,,1,041,US-395,"CEMETERY ROAD",1200.00,S,N,A,-,Y,,,395,,,,,,,Y,4,0,3,2,A,-,03,22350,,N,A,C,A,C,H,-,A,D,0,,,,,Y,,D,22,0,0,3,0,0,0,0,0,0,"- ","- ",38.007550000000002,-119.15457000000001,MONO,UNINCORPORATED,-119.1545234,38.00756063
90386573,2017,2017-02-06,9820,2017-01-28,0415,018674,,6,3,9,2600,0,1,2,,1,011,"US HIGHWAY 395","STATE ROUTE 89",5808.00,S,N,E,-,Y,,,395,,,,,,,Y,4,0,2,1,A,-,08,22107,,N,E,I,A,A,H,-,D,D,0,,,,,Y,,D,22,0,0,2,0,0,0,0,0,0,"- ","- ",38.627200000000002,-119.52409,MONO,UNINCORPORATED,-119.52402800999999,38.62721277
90386761,2017,2017-02-06,9820,2017-02-03,1537,019766,,5,2,9,2600,0,1,2,,1,051,"US-395 SOUTHBOUND",SR-203,8448.00,N,N,B,-,Y,,,395,,,,,,S,Y,3,0,4,1,A,-,03,22350,,N,E,I,A,C,H,-,A,A,0,,,,,Y,,A,07,0,1,3,0,0,0,0,0,0,"- ","- ",37.662089999999999,-118.9298,MONO,UNINCORPORATED,-118.92988020999999,37.662010420000001
90387054,2017,2017-02-07,9820,2017-01-29,1435,020600,,7,2,9,2600,0,3,5,,2,050,"FOREST RD 3S08","US-395 S/B",20.00,W,N,A,-,N,,,,,,,,,,N,4,0,1,1,A,-,01,23152,A,N,E,I,A,C,H,-,A,D,0,,,,,Y,Y,M,96,0,0,1,0,0,0,0,0,0,"- ","- ",37.702019999999997,-118.95099999999999,MONO,UNINCORPORATED,-118.95080835,37.701679200000001
90391067,2017,2017-02-13,9820,2017-02-06,1240,020600,,1,1,9,2600,0,1,2,,1,052,"US-395 S/B","SHERWIN CREEK RD",1584.00,S,N,D,G,Y,,,395,,,,,,S,Y,4,0,1,2,A,-,01,23152,A,N,C,C,A,C,G,-,A,D,0,,,,,Y,Y,A,01,0,0,1,0,0,0,0,0,0,"- ","- ",37.635730000000002,-118.88831999999999,MONO,UNINCORPORATED,-118.88832316,37.635711460000003
90391386,2017,2017-02-13,9820,2017-02-06,1220,020309,,1,1,9,2600,0,1,2,,1,041,"RT 395","THOMPSON RD",1584.00,N,N,G,-,Y,,,395,,,,,,,Y,2,0,1,1,C,-,18,,,N,F,A,A,B,H,-,A,A,0,,,,Y,Y,,-,"- ",1,0,0,0,0,0,0,0,0,"- ","- ",38.02581,-119.15572,MONO,UNINCORPORATED,-119.15575401,38.025819720000001
90391606,2017,2017-02-13,9820,2017-02-09,0948,019766,,4,1,9,2600,0,1,2,,1,052,"US-395 SOUTHBOUND","HOT CREEK HATCHERY ROAD",1816.00,S,N,B,G,Y,,,395,,,,,,S,Y,3,0,2,1,A,-,03,22350,,N,F,A,A,A,H,-,A,A,0,,,,Y,Y,,G,25,0,1,1,0,0,0,0,0,0,"- ","- ",37.62764,-118.85796999999999,MONO,UNINCORPORATED,-118.85798828,37.62757225
90392480,2017,2017-02-14,9820,2017-02-03,1926,020125,,5,2,9,2600,0,1,2,,1,052,"US-395 N/B","ROCK CREEK RD.",830.00,N,N,B,-,Y,,,,,,,,,,Y,3,0,3,1,A,-,03,22350,,N,F,J,A,C,G,-,D,A,0,,,,,Y,,D,22,0,1,2,0,0,0,0,0,0,"- ","- ",37.334609999999998,-118.40475000000001,MONO,UNINCORPORATED,-118.67982782,37.562867320000002
90395816,2017,2017-02-17,9820,2017-02-12,1055,018674,,7,1,9,2600,0,1,3,,1,013,"US HIGHWAY 395","STATE ROUTE 89",7920.00,S,N,A,-,Y,,,395,,,,,,,Y,4,0,7,4,C,-,18,,,N,C,C,A,A,D,-,A,A,0,,,,,Y,,-,"- ",0,0,7,0,0,0,0,0,0,"- ","- ",38.621510000000001,-119.5211,MONO,UNINCORPORATED,-119.52113835999999,38.621482479999997
90397296,2017,2017-02-21,9820,2017-02-17,0845,019766,,5,1,9,2600,0,1,3,,2,054,SR-203,"US-395 SOUTHBOUND TO SR-203",0.00,,Y,B,D,Y,,,203,,,,,,,Y,3,0,3,2,A,-,03,22350,,N,D,C,A,C,H,-,A,A,0,,,,,Y,,A,07,0,2,1,0,0,0,0,0,0,"- ","- ",37.640979999999999,-118.91822999999999,MONO,UNINCORPORATED,-118.91822614,37.640959610000003
90398977,2017,2017-02-23,9820,2017-02-17,0647,019766,,5,1,9,2600,0,1,3,,2,054,SR-203,"US-395 SOUTHBOUND TO SR-203",0.00,,Y,B,D,Y,,,203,,,,,,,Y,4,0,2,2,A,-,03,22350,,N,D,C,A,C,H,-,A,A,0,,,,,Y,,A,01,0,0,2,0,0,0,0,0,0,"- ","- ",37.640979999999999,-118.91821,MONO,UNINCORPORATED,-118.91820683,37.64096327
90399083,2017,2017-02-23,9820,2017-02-21,0730,020309,,2,1,9,2600,0,1,3,,2,054,SR-203,"US-395 S/B",2112.00,W,N,B,-,Y,,,203,,,,,,,Y,2,0,1,2,A,-,03,22350,,N,D,C,A,C,H,-,A,A,0,,,,Y,Y,,A,07,1,0,0,0,0,0,0,0,0,"- ","- ",37.639920000000004,-118.92357,MONO,UNINCORPORATED,-118.92355750999999,37.639829630000001
90400723,2017,2017-02-27,9820,2017-02-22,0946,019766,,3,1,9,2600,0,3,5,,2,055,"BENTON CROSSING ROAD","PIT ROAD",6125.00,W,N,A,-,N,,,,,,,,,,Y,3,0,1,1,A,-,03,22350,,N,E,I,A,A,H,-,A,D,0,,,,,Y,,A,07,0,1,0,0,0,0,0,0,0,"- ","- ",37.659680000000002,-118.78554,MONO,UNINCORPORATED,-118.78547051,37.659770999999999
90401526,2017,2017-02-28,9820,2017-02-26,2045,018230,,7,2,9,2600,0,1,2,,1,022,US-395,SR-166,1056.00,N,N,D,G,Y,,,395,,,,,,,N,4,0,1,1,A,-,03,22350,,N,E,J,A,C,H,-,D,D,0,,,,,Y,,A,01,0,0,1,0,0,0,0,0,0,"- ","- ",38.048870000000001,-119.1631,MONO,UNINCORPORATED,-119.16307925,38.048883150000002
90401895,2017,2017-03-06,9825,2017-02-23,0820,017035,,4,1,9,2600,0,1,2,,1,023,US-395,"LOWER ROCK CREEK RD",423.00,S,N,A,-,Y,,,395,,,,,,,Y,2,0,3,2,A,-,03,22350,,N,D,C,A,C,G,H,A,D,0,,,,,Y,,A,01,2,0,1,0,0,0,0,0,0,"- ","- ",37.557870000000001,-118.65693,MONO,UNINCORPORATED,-118.65692605,37.557847529999997
90405867,2017,2017-03-06,9820,2017-02-28,1601,020600,,2,2,9,2600,0,1,3,,2,054,SR-203,"US-395 N/B",275.00,E,N,A,-,Y,,,203,,,,,,,Y,3,0,1,2,A,-,09,21802,A,N,D,C,A,A,H,-,A,A,0,,,,,Y,Y,A,01,0,1,0,0,0,0,0,0,0,"- ","- ",37.641559999999998,-118.91548,MONO,UNINCORPORATED,-118.915477,37.64154834
90413146,2017,2017-03-15,9820,2017-03-09,1513,014841,,4,2,9,2600,0,1,2,,1,022,US-395,"JACK SAWYER RD.",0.00,,Y,B,-,Y,,,395,,,,,,,Y,3,0,1,1,A,-,08,22107,,N,E,I,A,A,H,-,A,D,0,,,,,Y,,A,07,0,1,0,0,0,0,0,0,0,"- ","- ",38.250219999999999,-119.22127,MONO,UNINCORPORATED,-119.22137202,38.25018601
90413891,2017,2017-03-16,9820,2017-03-14,1545,020926,,2,2,9,2600,0,3,5,,2,050,"INYO NATIONAL FOREST/DRY CREEK RD SPUR","MAMMOTH SCENIC LOOP",10560.00,N,N,A,-,N,,,,,,,,,,Y,4,0,2,1,B,-,22,,,N,E,I,A,C,H,-,A,D,0,,,,,Y,,M,96,0,0,2,0,0,0,0,0,0,"- ","- ",37.701540000000001,-118.99269,MONO,UNINCORPORATED,-119.00591344,37.686065390000003
90414094,2017,2017-03-16,9820,2017-03-12,0515,018674,,7,3,9,2600,0,1,2,,1,012,"US HIGHWAY 395","EASTSIDE LANE",12144.00,S,N,A,-,Y,,,395,,,,,,,Y,3,0,1,1,A,-,08,22107,,N,E,I,A,A,H,-,D,D,0,,,,,Y,,A,01,0,1,0,0,0,0,0,0,0,"- ","- ",38.48574,-119.45792,MONO,UNINCORPORATED,-119.45797924999999,38.485798840000001
90415474,2017,2017-03-20,9825,2017-03-18,0640,017565,,6,1,9,2600,0,1,2,,1,023,"US 395 (SOUTHBOUND)","GORGE RD",20064.00,N,N,A,-,Y,,,,,,,,,,Y,3,0,1,1,A,-,08,22107,,N,E,I,A,A,H,-,B,D,0,,,,,Y,,A,01,0,1,0,0,0,0,0,0,0,"- ","- ",37.501849999999997,-118.58336,MONO,UNINCORPORATED,,
90417082,2017,2017-03-22,9820,2017-03-12,1945,021404,,7,2,9,2600,0,1,2,,1,052,"US-395 S/B","HOT CREEK HATCHERY RD",0.00,,Y,A,-,Y,,,395,,,,,,S,Y,3,0,1,1,A,-,01,23152,A,N,E,I,A,A,H,-,C,D,0,,,,,Y,Y,A,01,0,1,0,0,0,0,0,0,0,"- ","- ",37.629339999999999,-118.86413,MONO,UNINCORPORATED,-118.8641442,37.629289210000003
90420080,2017,2017-03-24,9825,2017-03-19,0520,020183,,7,3,9,2600,0,1,2,,1,009,US-6,"PEDRO RANCH RD",281.00,W,N,B,-,Y,,,6,,,,,,,Y,3,0,2,1,A,-,08,22107,,N,F,J,A,A,H,-,D,D,0,,,,,Y,,A,01,0,1,1,0,0,0,0,0,0,"- ","- ",37.859119999999997,-118.47342999999999,MONO,UNINCORPORATED,-118.4734643,37.859129709999998
90424160,2017,2017-03-30,9820,2017-03-25,0700,018674,,6,1,9,2600,0,1,2,,1,022,"US HIGHWAY 395","GREEN CREEK RD",824.00,N,N,B,-,Y,,,395,,,,,,,Y,4,0,1,1,A,-,08,22107,,N,E,I,A,A,H,-,A,D,0,,,,,Y,,A,07,0,0,1,0,0,0,0,0,0,"- ","- ",38.19773,-119.21988,MONO,UNINCORPORATED,-119.21993715000001,38.197667920000001
90424531,2017,2017-03-30,9825,2017-03-25,0530,017565,,6,3,9,2600,0,1,2,,1,009,US-6,"NEVADA STATE LINE",5280.00,S,N,A,-,Y,,,6,,,,,,,Y,1,1,4,1,A,-,08,22107,,N,E,I,A,A,H,-,D,D,0,,,,,Y,,B,07,0,1,3,0,0,0,0,0,0,"- ","- ",37.890180000000001,-118.44964,MONO,UNINCORPORATED,-118.44961431,37.890147259999999
90429036,2017,2017-04-06,9820,2017-04-01,0405,019766,,6,3,9,2600,0,1,2,,1,042,"US-395 NORTHBOUND","SR-158 (SOUTH JUNCTION)",7823.00,N,N,A,-,Y,,,395,,,,,,N,Y,2,0,6,1,A,-,08,22107,,N,E,I,A,A,H,-,D,D,0,,,,,Y,,A,08,2,2,2,0,0,0,0,0,0,"- ","- ",37.831060000000001,-119.06809,MONO,UNINCORPORATED,-119.0681484,37.831020760000001
90431206,2017,2017-04-10,9820,2017-04-06,1215,019766,,4,1,9,2600,0,1,2,,1,041,US-395,"THOMPSON ROAD",4224.00,N,N,B,G,Y,,,395,,,,,,,Y,3,0,1,1,C,-,18,,,N,F,A,A,A,H,-,A,D,0,,,,Y,Y,,-,"- ",0,1,0,0,0,0,0,0,0,"- ","- ",38.032690000000002,-119.15678,MONO,UNINCORPORATED,-119.15681916,38.032680650000003
90440479,2017,2017-04-24,9820,2017-04-17,1615,021335,,1,2,9,2600,0,1,2,,1,021,US-395,"BUCKEYE RD",2640.00,N,N,B,-,Y,,,395,,,,,,,Y,3,0,1,1,A,-,08,22107,,N,E,I,A,A,H,-,A,D,0,,,,,Y,,A,07,0,1,0,0,0,0,0,0,0,"- ","- ",38.280900000000003,-119.29627000000001,MONO,UNINCORPORATED,-119.29630552,38.280829740000001
90443477,2017,2017-04-27,9820,2017-04-26,1325,018230,,3,1,9,2600,0,1,2,,1,022,US-395,"GREEN CREEK RD",6336.00,N,N,B,G,Y,,,395,,,,,,,Y,4,0,1,1,A,-,03,22350,,N,E,I,A,A,H,-,A,D,0,,,Y,,Y,,C,02,0,0,1,0,0,0,0,0,1,"- ","- ",38.212179999999996,-119.23151,MONO,UNINCORPORATED,-119.23139303000001,38.212208369999999
90447274,2017,2017-05-02,9820,2017-04-28,1520,021335,,5,2,9,2600,0,1,2,,1,041,"US-395 N/B","SR-120 E/B",5280.00,S,N,A,-,Y,,,395,,,,,,N,Y,2,0,2,1,A,-,08,22107,,N,F,A,A,A,H,-,A,D,0,,,,,Y,,A,07,2,0,0,0,0,0,0,0,0,"- ","- ",37.872250000000001,-119.08811,MONO,UNINCORPORATED,-119.08805323999999,37.872260750000002
90452913,2017,2017-05-10,9820,2017-05-07,1935,020390,,7,2,9,2600,0,3,5,,2,020,"BUCKEYE RD.",US-395,8448.00,W,N,A,-,N,,,,,,,,,,Y,3,0,3,1,A,-,01,23152,A,N,E,I,A,B,H,-,B,D,0,,,,,Y,Y,D,22,0,2,1,0,0,0,0,0,0,"- ","- ",38.266240000000003,-119.29861,MONO,UNINCORPORATED,-119.30499,38.268970000000003
90453174,2017,2017-05-10,9820,2017-05-08,2323,020600,,1,3,9,2600,0,1,2,,1,052,"US-395 S/B","MT MORRISON RD",1653.00,S,N,B,-,Y,,,395,,,,,,S,Y,2,0,2,1,A,-,01,23152,A,N,E,I,A,A,H,-,D,D,0,,,,,Y,Y,D,22,1,1,0,0,0,0,0,0,0,"- ","- ",37.613169999999997,-118.80991,MONO,UNINCORPORATED,-118.81014439,37.612992470000002
90454923,2017,2017-05-12,9820,2017-05-02,2016,020390,,2,2,9,2600,0,1,3,,1,039,SR-158,"RAINBOW RD.",135.00,E,N,A,-,Y,,,158,,,,,,,Y,3,0,1,1,A,-,01,23152,A,N,E,I,A,A,H,-,B,D,0,,,,,Y,Y,A,01,0,1,0,0,0,0,0,0,0,"- ","- ",37.766800000000003,-119.1006,MONO,UNINCORPORATED,-119.10060300000001,37.766779499999998
90456206,2017,2017-05-15,9820,2017-05-08,0952,020600,,1,1,9,2600,0,1,2,,1,051,"US-395 N/B",SR-203,5280.00,N,N,B,-,Y,,,395,,,,,,N,Y,3,0,1,1,A,-,08,22107,,N,F,A,A,A,H,-,A,D,0,,,,,Y,,A,07,0,1,0,0,0,0,0,0,0,"- ","- ",37.650219999999997,-118.92404999999999,MONO,UNINCORPORATED,-118.92403926,37.650220109999999
90456238,2017,2017-05-15,9820,2017-05-09,1746,020600,,2,2,9,2600,0,1,3,,2,054,"SR-203 E/B","US-395 N/B",6336.00,E,N,A,-,Y,,,203,,,,,,E,Y,3,0,1,1,A,-,08,22107,,N,E,I,A,A,H,-,A,D,0,,,,,Y,,A,07,0,1,0,0,0,0,0,0,0,"- ","- ",37.639760000000003,-118.93831,MONO,UNINCORPORATED,-118.93826271,37.639926420000002
90458590,2017,2017-05-18,9820,2017-05-11,1640,021404,,4,2,9,2600,0,1,2,,1,042,"US-395 N/B","WEST PORTAL RD",1004.00,S,N,A,-,Y,,,395,,,,,,N,Y,4,0,1,1,C,-,18,,,N,E,I,A,A,H,-,A,D,0,,,,,Y,,-,"- ",0,0,1,0,0,0,0,0,0,"- ","- ",37.84113,-119.07131,MONO,UNINCORPORATED,-119.07130207,37.84113421
90458895,2017,2017-05-18,9820,2017-05-18,0803,019766,,4,1,9,2600,0,1,2,,1,052,"US-395 NORTHBOUND","HOT CREEK HATCHERY ROAD",1500.00,S,N,A,-,Y,,,395,,,,,,N,Y,4,0,1,1,C,-,18,,,N,H,H,A,A,H,-,A,D,0,,,,,Y,,-,"- ",0,0,1,0,0,0,0,0,0,"- ","- ",37.628300000000003,-118.85894,MONO,UNINCORPORATED,-118.85896210999999,37.628220859999999
90460631,2017,2017-05-22,9820,2017-05-17,1900,021404,,3,2,9,2600,0,3,5,,2,050,"ROCK CREEK RD","US-395 S/B",5280.00,W,N,A,-,N,,,,,,,,,,N,3,0,1,2,A,-,11,21956,A,F,G,B,E,A,H,-,B,D,0,Y,,,,Y,Y,N,60,0,1,0,0,1,0,0,0,0,"- ","- ",37.549680000000002,-118.68234,MONO,UNINCORPORATED,-118.68375152,37.549025469999997
90462635,2017,2017-05-24,9825,2017-05-22,0905,020125,,1,1,9,2600,0,1,2,,1,023,"US-395 S/B","LOWER ROCK CREEK RD",225.00,N,N,A,-,Y,,,,,,,,,,Y,3,0,1,1,A,-,08,22107,,N,F,A,A,A,H,-,A,A,0,,,,,Y,,A,01,0,1,0,0,0,0,0,0,0,"- ","- ",37.332839999999997,-118.39391000000001,MONO,UNINCORPORATED,,
90463799,2017,2017-05-25,9820,2017-05-24,1153,019766,,3,1,9,2600,0,1,2,,1,042,"US-395 NORTHBOUND","WEST PORTAL ROAD (NORTH)",3800.00,S,N,B,G,Y,,,395,,,,,,N,N,2,0,1,1,A,-,03,22350,,N,F,A,A,A,H,-,A,D,0,,Y,,,Y,,L,04,1,0,0,0,0,0,1,0,0,"- ","- ",37.861069999999998,-119.0857,MONO,UNINCORPORATED,-119.08575906999999,37.861050220000003
90474072,2017,2017-06-08,9820,2017-06-06,1038,019766,,2,1,9,2600,0,1,2,,1,051,"US-395 SOUTHBOUND",SR-203,8448.00,N,N,A,-,Y,,,395,,,,,,S,Y,3,0,1,1,C,-,18,,,N,E,I,A,A,H,-,A,D,0,,,,,Y,,-,"- ",0,1,0,0,0,0,0,0,0,"- ","- ",37.661760000000001,-118.92975,MONO,UNINCORPORATED,-118.92969112,37.661816690000002
90481610,2017,2017-11-29,9820,2017-06-14,1125,015992,,3,1,9,2600,0,1,2,,1,012,US-395,"SHINGLE MILL CAMP GROUND",4224.00,S,N,A,-,Y,,,,,,,,,,Y,3,0,1,2,A,-,03,22350,,N,F,C,A,B,H,-,A,D,0,,,Y,,Y,,C,02,0,1,0,0,0,0,0,0,1,"- ","- ",39.662399999999998,-117.04052,MONO,UNINCORPORATED,,
90487280,2017,2017-06-26,9820,2017-06-20,1540,019627,,2,2,9,2600,0,1,3,,1,014,SR-108,US-395,39600.00,W,N,A,-,Y,,,108,,,,,,,Y,3,0,1,1,A,-,03,22350,,N,F,A,A,A,B,G,A,D,0,,,Y,,Y,,C,02,0,1,0,0,0,0,0,0,1,"- ","- ",38.32649,-119.55779,MONO,UNINCORPORATED,-119.55778904,38.326494269999998
90487421,2017,2017-06-26,9825,2017-06-17,2255,020183,,6,3,9,2600,0,1,2,,1,009,US-6,"FALLS CREEK RD",6336.00,W,N,A,-,Y,,,6,,,,,,,Y,4,0,1,3,A,-,01,23152,A,N,B,C,A,A,H,-,D,D,0,,,,Y,Y,Y,A,01,0,0,1,0,0,0,0,0,0,"- ","- ",37.71575,-118.43122,MONO,UNINCORPORATED,-118.43130839,37.71569349
90495943,2017,2017-07-07,9825,2017-06-30,1430,018925,,5,2,9,2600,0,1,2,,1,023,US-395,"GORGE RD.",11616.00,N,N,A,-,Y,,,395,,,,,,,Y,4,0,1,2,A,-,07,21658,A,N,E,I,A,A,H,-,A,D,0,,,,,Y,,-,99,0,0,1,0,0,0,0,0,0,"- ","- ",37.479939999999999,-118.58187,MONO,UNINCORPORATED,-118.58185697,37.479940859999999
90497145,2017,2017-07-10,9820,2017-07-06,1015,019766,,4,1,9,2600,0,1,2,,1,051,"US-395 SOUTHBOUND",SR-203,7392.00,N,N,A,-,Y,,,395,,,,,,S,N,2,0,1,1,A,-,08,22107,,N,F,A,A,A,H,-,A,D,0,,Y,,,Y,,L,04,1,0,0,0,0,0,1,0,0,"- ","- ",37.65887,-118.92683,MONO,UNINCORPORATED,-118.92682291,37.658875500000001
90498732,2017,2017-07-12,9820,2017-07-04,2149,021336,,2,2,9,2600,0,1,3,,1,023,SR-182,"SIERRA STREET",321.00,S,N,A,-,Y,,,182,,,,,,,Y,4,0,2,2,A,-,09,21801,A,N,D,C,A,A,H,-,D,D,0,,,,,Y,,D,22,0,0,2,0,0,0,0,0,0,"- ","- ",38.262830000000001,-119.22199999999999,MONO,UNINCORPORATED,-119.22207537,38.262826480000001
90499688,2017,2017-07-13,9820,2017-07-09,2109,019933,,7,2,9,2600,0,1,2,,1,021,"RT 395","BURCHAM FLAT RD",5808.00,S,N,B,-,Y,,,395,,,,,,,N,4,0,1,1,C,-,18,,,N,H,H,A,A,H,-,D,D,0,,,,,Y,,-,"- ",0,0,1,0,0,0,0,0,0,"- ","- ",38.352469999999997,-119.40394000000001,MONO,UNINCORPORATED,-119.40393095,38.352512500000003
90502710,2017,2017-07-18,9820,2017-07-09,2226,021336,,7,3,9,2600,0,1,3,,1,039,SR-158,"LOS ANGELES ST",242.00,N,N,A,-,Y,,,,,,,,,,Y,3,0,1,1,A,-,01,23152,A,N,E,I,A,A,H,-,D,D,0,,,,,Y,Y,A,07,0,1,0,0,0,0,0,0,0,"- ","- ",37.466000000000001,-119.63800000000001,MONO,UNINCORPORATED,-119.10769049,37.76368488
90502801,2017,2018-01-10,9825,2017-07-11,1455,016631,,2,2,9,2600,0,1,2,,1,023,"US-395 SOUTHBOUND","GORGE ROAD",11088.00,N,N,A,-,Y,,,395,,,,,,S,Y,2,0,1,2,C,-,18,,,N,C,C,A,A,H,-,A,D,0,,,,Y,Y,,-,"- ",1,0,0,0,0,0,0,0,0,"- ","- ",37.475760000000001,-118.58166,MONO,UNINCORPORATED,-118.58157402000001,37.475766630000003
90507059,2017,2017-07-24,9820,2017-07-23,1432,020600,,7,2,9,2600,0,1,2,,1,022,US-395,"VIRGINIA LAKES RD",8448.00,S,N,A,-,Y,,,395,,,,,,,Y,3,0,1,1,A,-,08,22107,,N,E,I,A,A,H,-,A,D,0,,,,,Y,,A,01,0,1,0,0,0,0,0,0,0,"- ","- ",38.07873,-119.16989,MONO,UNINCORPORATED,-119.1698907,38.078730540000002
90510202,2017,2017-07-27,9820,2017-07-21,1300,018674,,5,1,9,2600,0,1,2,,1,011,"US HIGHWAY 395","115777 US HIGHWAY 395",503.00,N,N,A,-,Y,,,,,,,,,,Y,2,0,4,2,C,-,18,,,N,C,C,A,A,D,-,A,A,0,,,,,Y,,-,"- ",1,0,3,0,0,0,0,0,0,"- ","- ",38.3735,-119.3125,MONO,UNINCORPORATED,,
90512936,2017,2017-07-31,9820,2017-07-23,1344,018674,,7,1,9,2600,0,1,2,,1,012,"US HIGHWAY 395","EASTSIDE LN",1584.00,S,N,B,-,Y,,,395,,,,,,,Y,3,0,1,1,A,-,01,23152,A,N,E,I,A,A,H,-,A,A,0,,,,,Y,Y,A,01,0,1,0,0,0,0,0,0,0,"- ","- ",38.512650000000001,-119.45052,MONO,UNINCORPORATED,-119.45044249,38.512735669999998
90513082,2017,2017-07-31,9820,2017-07-14,1350,015992,,5,1,9,2600,0,1,3,,2,043,SR-167,"COTTONWOOD CANYON RD",36432.00,E,N,A,-,Y,,,167,,,,,,,Y,3,0,1,1,A,-,08,22107,,N,F,A,A,A,H,-,A,D,0,,,,,Y,,J,48,0,1,0,0,0,0,0,0,0,"- ","- ",38.120719999999999,-118.92100000000001,MONO,UNINCORPORATED,-118.92100196,38.12072603
90515577,2017,2017-08-03,9820,2017-07-28,1434,021335,,5,2,9,2600,0,1,2,,1,012,US-395,"SHINGLE MILL",3168.00,N,N,A,-,Y,,,395,,,,,,,Y,3,0,1,1,A,-,08,22107,,N,F,A,A,A,H,-,A,D,0,,,Y,,Y,Y,C,02,0,1,0,0,0,0,0,0,1,"- ","- ",38.45682,-119.45946000000001,MONO,UNINCORPORATED,-119.45946908000001,38.456825799999997
90517821,2017,2017-08-07,9820,2017-07-28,2020,020926,,5,2,9,2600,0,1,3,,1,039,"SR-158 S/B","LOS ANGELES ST",0.00,,Y,A,-,Y,,,158,,,,,,S,Y,3,0,2,3,A,-,03,22350,,N,C,C,A,A,H,-,D,D,0,,,,,Y,,A,01,0,1,1,0,0,0,0,0,0,"- ","- ",37.76352,-119.10874,MONO,UNINCORPORATED,-119.10855169,37.763265179999998
90519268,2017,2017-08-08,9820,2017-08-04,1027,019760,,5,1,9,2600,0,1,2,,1,041,US-395,"SR-120 W/B",0.00,,Y,A,-,Y,,,395,,,,,,,Y,4,0,3,3,A,-,09,21801,A,N,D,C,A,A,H,-,A,D,0,,,,,Y,,A,07,0,0,3,0,0,0,0,0,0,"- ","- ",37.950099999999999,-119.11299,MONO,UNINCORPORATED,-119.11294803,37.950338049999999
90522523,2017,2017-08-14,9820,2017-08-10,2000,020926,,4,2,9,2600,0,3,5,,2,050,"CROWLEY LAKE DR.","HILTON CREEK HOSTEL RD.",1056.00,N,N,A,-,N,,,,,,,,,,Y,3,0,1,1,A,-,08,22107,,N,F,A,A,A,H,-,D,D,0,,,,,Y,,A,01,0,1,0,0,0,0,0,0,0,"- ","- ",37.572139999999997,-118.75803000000001,MONO,UNINCORPORATED,-118.75756919,37.571771339999998
90523047,2017,2017-08-14,9825,2017-08-06,0626,017565,,7,1,9,2600,0,1,2,,1,009,"RT 6","DAWSON RANCH RD",216.00,S,N,A,-,Y,,,6,,,,,,,Y,2,0,1,2,A,-,05,21460,A,N,A,C,A,A,H,-,B,D,0,,,,,Y,Y,A,07,1,0,0,0,0,0,0,0,0,"- ","- ",37.668689999999998,-118.4028,MONO,UNINCORPORATED,-118.40277847999999,37.668698050000003
90525714,2017,2017-08-17,9825,2017-08-14,0420,020530,,1,3,9,2600,0,1,3,,1,014,"SR-266 S/B",SR-168,5280.00,N,N,A,-,Y,,,266,,,,,,S,Y,3,0,3,1,A,-,08,22107,,N,F,A,A,A,H,-,D,D,0,,,,Y,Y,,F,26,0,1,2,0,0,0,0,0,0,"- ","- ",37.487160000000003,-117.92209,MONO,UNINCORPORATED,-117.92204906000001,37.48723236
90529677,2017,2017-08-23,9820,2017-08-15,0932,020309,,2,1,9,2600,0,1,3,,1,039,SR-158,"HILLSIDE ROAD",825.00,S,N,A,-,Y,,,158,,,,,,,Y,4,0,1,2,A,-,01,23152,E,N,E,I,A,A,H,-,A,D,0,,,,,Y,,A,01,0,0,1,0,0,0,0,0,0,"- ","- ",37.784750000000003,-119.07107999999999,MONO,UNINCORPORATED,-119.07099463,37.784617699999998
90534621,2017,2017-08-28,9820,2017-08-20,2250,020934,,7,3,9,2600,0,3,5,,2,050,"CROWLEY LAKE DR","ROCK CREEK RD",910.00,S,N,A,-,N,,,,,,,,,,Y,4,0,1,1,A,-,01,23152,A,N,E,I,A,A,G,-,D,D,0,,,,,Y,Y,A,07,0,0,1,0,0,0,0,0,0,"- ","- ",37.560740000000003,-118.67458999999999,MONO,UNINCORPORATED,-118.67773,37.561010000000003
90535008,2017,2017-08-28,9820,2017-08-14,1315,020309,,1,1,9,2600,0,1,2,,1,052,"US-395 S/B","ROCK CREEK RD",0.00,,Y,A,-,Y,,,395,,,,,,S,Y,4,0,1,2,A,-,09,21801,A,N,D,C,A,A,H,-,A,D,0,,,,,Y,,D,22,0,0,1,0,0,0,0,0,0,"- ","- ",37.562649999999998,-118.6781,MONO,UNINCORPORATED,-118.67827079,37.562146939999998
90536534,2017,2017-08-29,9820,2017-08-22,2130,020237,,2,2,9,2600,0,3,5,,2,020,"BUCKEYE ROAD","TWIN LAKES ROAD",13728.00,N,N,B,-,N,,,,,,,,,,Y,3,0,2,1,A,-,08,22107,,N,E,I,A,A,H,-,D,D,0,,,,,Y,,A,07,0,2,0,0,0,0,0,0,0,"- ","- ",38.238399999999999,-119.3317,MONO,UNINCORPORATED,-119.32998273,38.23851063
90537461,2017,2017-08-30,9820,2017-08-26,1745,021404,,6,2,9,2600,0,1,3,,1,039,SR-158,"RUSH CREEK SUBSTATION RD",422.00,N,N,A,-,Y,,,158,,,,,,,Y,2,0,1,1,A,-,03,22350,,N,F,A,A,A,H,-,A,D,0,,,Y,,Y,,C,02,1,0,0,0,0,0,0,0,1,"- ","- ",37.778779999999998,-119.12949999999999,MONO,UNINCORPORATED,-119.12951227000001,37.778779649999997
90538325,2017,2017-08-31,9820,2017-08-19,0830,018674,,6,1,9,2600,0,1,2,,1,012,"US HIGHWAY 395","STATE ROUTE 108",118.00,N,N,B,-,Y,,,395,,,,,,,Y,3,0,1,3,D,-,00,,,N,C,C,A,A,H,-,A,D,0,,,Y,Y,Y,,-,"- ",0,1,0,0,0,0,0,0,1,"- ","- ",38.34881,-119.45184999999999,MONO,UNINCORPORATED,-119.45192611,38.348873920000003
90540850,2017,2017-09-05,9820,2017-09-02,1315,021404,,6,1,9,2600,0,1,3,,2,054,SR-203,"US-395 N/B TO SR-203 OFF-RAMP",0.00,,Y,A,-,Y,,,203,,,,,,,N,4,0,1,2,A,-,09,21802,A,N,D,C,A,A,H,-,A,A,0,,,,,Y,,D,22,0,0,1,0,0,0,0,0,0,"- ","- ",37.641559999999998,-118.91547,MONO,UNINCORPORATED,-118.91546762,37.64155075
90540924,2017,2017-09-05,9820,2017-08-29,1525,020926,,2,2,9,2600,0,1,2,,1,041,"US-395 S/B","LEE VINING AVE",50.00,N,N,A,-,Y,,,395,,,,,,S,Y,3,0,1,2,A,-,09,21804,A,N,D,C,A,A,H,-,A,D,0,,,,,Y,,A,01,0,1,0,0,0,0,0,0,0,"- ","- ",37.955620000000003,-119.11875999999999,MONO,UNINCORPORATED,-119.11876784,37.955616059999997
90541708,2017,2017-09-06,9825,2017-09-01,1315,015522,,5,1,9,2600,0,3,5,,2,030,"WHITE MOUNTAIN RD","WYMAN CANYON ROAD",2640.00,N,N,A,-,N,,,,,,,,,,Y,2,0,1,1,A,-,03,22350,,N,E,I,A,A,H,-,A,D,0,,,Y,,Y,,C,02,1,0,0,0,0,0,0,0,1,"- ","- ",37.506880000000002,-118.20311,MONO,UNINCORPORATED,-118.19379777,37.46369103
90545525,2017,2017-09-12,9820,2017-08-08,0927,020309,,2,1,9,2600,0,1,2,,1,051,"RT 395","OWENS RIVER ROAD",2640.00,S,N,A,-,Y,,,395,,,,,,,Y,2,0,2,1,C,-,18,,,N,E,I,A,A,H,-,A,D,0,,,,,Y,,-,"- ",1,0,1,0,0,0,0,0,0,"- ","- ",37.729500000000002,-118.9658,MONO,UNINCORPORATED,-118.96584788,37.729463719999998
90550019,2017,2017-09-18,9820,2017-09-09,1512,021335,,6,2,9,2600,0,1,3,,1,014,SR-108,"LEAVITT FALLS VISTA POINT",1056.00,E,N,B,-,Y,,,108,,,,,,,Y,2,0,1,1,A,-,03,22350,,N,F,I,A,A,H,-,A,D,0,,,Y,,Y,,C,02,1,0,0,0,0,0,0,0,1,"- ","- ",38.32591,-119.55964,MONO,UNINCORPORATED,-119.55963565,38.325903140000001
90553471,2017,2017-09-21,9820,2017-09-17,2023,016150,,7,2,9,2600,0,1,2,,1,042,"US-395 S/B","OBSIDIAN DOME RD",5808.00,S,N,B,-,Y,,,395,,,,,,S,Y,4,0,1,2,A,-,03,22350,,N,C,C,A,A,H,-,C,D,0,,,,,Y,,A,07,0,0,1,0,0,0,0,0,0,"- ","- ",37.763959999999997,-118.99911,MONO,UNINCORPORATED,-118.99913843,37.763919729999998
90557933,2017,2017-09-28,9820,2017-09-23,1205,018230,,6,1,9,2600,0,1,3,,1,044,"SR-120 WEST","SADDLEBAG LAKE RD",528.00,W,N,A,-,Y,,,120,,,,,,,N,3,0,1,1,A,-,08,22107,,N,F,A,A,A,H,-,A,D,0,,,Y,,Y,,C,02,0,1,0,0,0,0,0,0,1,"- ","- ",37.938139999999997,-119.24898,MONO,UNINCORPORATED,-119.24894566,37.938087289999999
90562035,2017,2017-10-03,9820,2017-09-07,1740,014841,,4,2,9,2600,0,1,2,,1,011,US-395,SR-89,4752.00,S,N,B,-,Y,,,395,,,,,,,Y,1,1,1,2,A,-,01,23152,A,N,A,C,A,A,H,-,A,D,0,,,,,Y,Y,D,22,1,0,0,0,0,0,0,0,0,"- ","- ",38.628689999999999,-119.52433000000001,MONO,UNINCORPORATED,-119.52429136000001,38.628689020000003
90562311,2017,2017-10-03,9820,2017-09-26,1610,020934,,2,2,9,2600,0,3,5,,2,055,"BENTON CROSSING RD","PIT RD",6864.00,W,N,A,-,Y,,,,,,,,,,Y,3,0,1,1,A,-,08,22107,,N,E,I,A,A,H,-,A,D,0,,,,,Y,,A,01,0,1,0,0,0,0,0,0,0,"- ","- ",37.657809999999998,-118.78721,MONO,UNINCORPORATED,-118.78695295999999,37.658122089999999
90562344,2017,2017-10-03,9820,2017-09-28,1545,019760,,4,2,9,2600,0,1,2,,1,041,US-395,"UTILITY RD",164.00,S,N,A,-,Y,,,395,,,,,,,Y,2,0,1,2,A,-,09,21801,A,N,D,C,A,A,H,-,A,D,0,,,Y,,Y,,D,22,1,0,0,0,0,0,0,0,1,"- ","- ",37.95102,-119.11617,MONO,UNINCORPORATED,-119.11616526,37.951030359999997
90569185,2017,2017-10-12,9820,2017-10-04,1615,014841,,3,2,9,2600,0,1,2,,1,012,US-395,"EASTSIDE LN.",1584.00,S,N,A,-,Y,,,395,,,,,,,Y,3,0,1,1,A,-,03,22350,,N,F,A,A,A,D,-,A,A,0,,,Y,,Y,,C,02,0,1,0,0,0,0,0,0,1,"- ","- ",38.513309999999997,-119.45149000000001,MONO,UNINCORPORATED,-119.45148291,38.513327060000002
90571055,2017,2017-10-16,9820,2017-10-13,1040,021404,,5,1,9,2600,0,1,2,,1,042,"US-395 N/B","SR-158 (SOUTH JUNCTION)",5280.00,N,N,A,-,Y,,,395,,,,,,N,N,3,0,1,1,C,-,18,,,N,H,H,A,A,H,-,A,D,0,,,Y,,Y,,-,"- ",0,1,0,0,0,0,0,0,1,"- ","- ",37.8249,-119.06331,MONO,UNINCORPORATED,-119.06336674000001,37.824869030000002
90576504,2017,2017-10-23,9820,2017-10-20,1000,018674,,5,1,9,2600,0,3,5,,2,010,"GOLDEN GATE RD",US-395,29040.00,W,N,B,-,N,,,,,,,,,,Y,4,0,2,1,A,-,08,22107,,N,E,I,A,C,H,-,A,D,0,,,,,Y,,D,22,0,0,2,0,0,0,0,0,0,"- ","- ",38.525840000000002,-119.55021000000001,MONO,UNINCORPORATED,-119.55192447,38.523872590000003
90582496,2017,2017-10-30,9820,2017-10-23,2000,020934,,1,2,9,2600,0,1,2,,1,052,"SOUTHBOUND US-395","MAMMOTH CREEK",100.00,N,N,A,-,Y,,,395,,,,,,,Y,4,0,1,1,C,-,18,,,N,H,H,A,A,H,-,D,D,0,,,,,Y,,-,"- ",0,0,1,0,0,0,0,0,0,"- ","- ",37.637650000000001,-118.90347,MONO,UNINCORPORATED,-118.90346003000001,37.637727959999999
90595920,2017,2017-11-16,9820,2017-11-13,1105,020309,,1,1,9,2600,0,1,2,,1,012,US-395,"MPM 395 MNO 98.00",1660.00,N,N,A,-,Y,,,395,,,,,,,Y,3,0,1,1,A,-,08,22107,,N,E,I,A,A,H,-,A,D,0,,,,,Y,,A,07,0,1,0,0,0,0,0,0,0,"- ","- ",38.410069999999997,-119.45043,MONO,UNINCORPORATED,-119.45044967,38.410075200000001
90600641,2017,2017-11-22,9820,2017-11-17,0655,019766,,5,1,9,2600,0,1,3,,1,039,SR-158,US-395,16896.00,S,N,B,-,Y,,,158,,,,,,,Y,3,0,1,1,A,-,08,22107,,N,E,I,A,B,H,-,A,D,0,,,,,Y,,A,01,0,1,0,0,0,0,0,0,0,"- ","- ",37.851140000000001,-119.11462,MONO,UNINCORPORATED,-119.11460005000001,37.851126360000002
90603622,2017,2017-11-28,9820,2017-11-22,1457,016150,,3,2,9,2600,0,1,2,,1,021,US-395,"SWAUGER CREEK",334.00,S,N,A,-,Y,,,395,,,,,,,Y,2,0,1,1,A,-,08,22107,,N,F,A,A,A,H,-,A,D,0,,,,,Y,,A,07,1,0,0,0,0,0,0,0,0,"- ","- ",38.31758,-119.31397,MONO,UNINCORPORATED,-119.31398170999999,38.317578210000001
90605332,2017,2017-11-29,9820,2017-11-23,1519,018230,,4,2,9,2600,0,1,2,,1,022,US-395,"MILL CREEK POWERHOUSE RD",250.00,N,N,A,-,Y,,,395,,,,,,,Y,4,0,1,1,A,-,08,22107,,N,E,I,A,A,H,-,A,D,0,,,,,Y,,A,01,0,0,1,0,0,0,0,0,0,"- ","- ",38.055570000000003,-119.16582,MONO,UNINCORPORATED,-119.16590813000001,38.05554412
90613154,2017,2017-12-08,9825,2017-12-03,0600,019814,,7,1,9,2600,0,1,2,,1,009,US-6,"TRUMAN MEADOWS RD",5280.00,S,N,A,-,Y,,,6,,,,,,,Y,4,0,1,1,A,-,08,22107,,N,F,A,A,A,H,-,D,D,0,,,,,Y,,A,07,0,0,1,0,0,0,0,0,0,"- ","- ",37.876240000000003,-118.46701,MONO,UNINCORPORATED,-118.46709822,37.876323149999997
90619379,2017,2017-12-18,9820,2017-12-15,1608,019766,,5,2,9,2600,0,1,2,,1,052,"US-395 SOUTHBOUND","ROCK CREEK ROAD",2012.00,N,N,A,-,Y,,,395,,,,,,S,Y,4,0,1,1,A,-,08,22107,,N,E,I,A,A,H,-,A,D,0,,,,,Y,,A,01,0,0,1,0,0,0,0,0,0,"- ","- ",37.563980000000001,-118.68391,MONO,UNINCORPORATED,-118.68388732,37.564043249999997
90621500,2017,2017-12-20,9820,2017-12-18,1250,019627,,1,1,9,2600,0,1,2,,1,012,US-395,"EASTSIDE LN",15312.00,S,N,A,-,Y,,,395,,,,,,,Y,4,0,1,1,A,-,08,22107,,N,E,I,A,A,H,-,A,D,0,,,,,Y,,A,07,0,0,1,0,0,0,0,0,0,"- ","- ",38.47972,-119.46026000000001,MONO,UNINCORPORATED,-119.46017953,38.479710650000001
90626120,2017,2017-12-26,9820,2017-12-15,1615,015992,,5,2,9,2600,0,1,2,,1,011,US-395,SR-89,12672.00,N,N,B,-,Y,,,,,,,,,,Y,2,0,1,1,A,-,03,22350,,N,F,I,A,A,H,-,A,D,0,,,,,Y,,A,01,1,0,0,0,0,0,0,0,0,"- ","- ",,,MONO,UNINCORPORATED,-119.52957000000001,38.64705
90626225,2017,2017-12-26,9820,2017-12-20,1540,020934,,3,2,9,2600,0,1,2,,1,051,"NORTHBOUND US-395",SR-203,11088.00,N,N,A,-,Y,,,395,,,,,,,Y,4,0,2,1,A,-,03,22350,,N,E,I,A,C,H,-,A,D,0,,,,,Y,,A,07,0,0,2,0,0,0,0,0,0,"- ","- ",37.66854,-118.93377,MONO,UNINCORPORATED,-118.93367782999999,37.668590170000002
90626308,2017,2017-12-26,9820,2017-12-21,0209,019760,,4,3,9,2600,0,1,2,,1,051,"US-395 S/B","OWENS RIVER RD",1584.00,S,N,B,-,Y,,,395,,,,,,S,Y,3,0,1,1,A,-,03,22350,,N,E,I,A,C,H,-,C,D,0,,,,,Y,,A,07,0,1,0,0,0,0,0,0,0,"- ","- ",37.730870000000003,-118.96744,MONO,UNINCORPORATED,-118.96745326999999,37.730860229999998
90626355,2017,2017-12-26,9820,2017-12-23,0806,019766,,6,1,9,2600,0,1,2,,1,042,"US-395 NORTHBOUND","WEST PORTAL ROAD",3500.00,S,N,B,-,Y,,,395,,,,,,N,N,3,0,2,1,C,-,18,,,N,H,H,A,A,H,-,A,D,0,,,,,Y,,-,"- ",0,1,1,0,0,0,0,0,0,"- ","- ",37.832949999999997,-119.06910999999999,MONO,UNINCORPORATED,-119.0690558,37.832969040000002
90637633,2018,2018-01-10,9820,2018-01-07,1745,021404,,7,2,9,2600,0,1,2,,1,052,"US-395 N/B","SHERWIN CREEK RD",3168.00,S,N,A,-,Y,,,395,,,,,,N,Y,2,0,1,1,C,-,18,,,N,H,H,A,A,H,-,D,D,0,,,,,Y,,-,"- ",1,0,0,0,0,0,0,0,0,"- ","- ",37.634529113769531,-118.88182067871094,MONO,UNINCORPORATED,-118.8818359375,37.634483337402344
90640638,2018,2018-01-16,9820,2018-01-13,0658,019766,,6,1,9,2600,0,1,2,,1,051,"US-395 SOUTHBOUND",SR-203,5297.00,N,N,A,-,Y,,,395,,,,,,S,Y,2,0,1,1,A,-,08,22107,,N,E,I,A,A,H,-,A,D,0,,,,Y,Y,,G,25,1,0,0,0,0,0,0,0,0,"- ","- ",37.653480529785156,-118.92443084716797,MONO,UNINCORPORATED,-118.92449951171875,37.653476715087891
90642526,2017,2018-01-29,9820,2017-12-13,1630,016150,,3,2,9,2600,0,1,2,,1,022,US-395,SR-270,3696.00,S,N,A,-,Y,,,395,,,,,,,Y,1,2,1,2,A,-,08,22107,,N,A,C,A,A,H,-,D,D,0,,,,,Y,Y,D,22,0,1,0,0,0,0,0,0,0,"- ","- ",38.166460000000001,-119.19277,MONO,UNINCORPORATED,-119.19278994,38.166450449999999
90650574,2018,2018-01-29,9820,2018-01-25,1004,015992,,4,1,9,2600,0,1,2,,1,021,"US-395 N/B","MIDDLE BRANCH BUCKEYE CREEK (BRD 47-36)",327.00,S,N,B,-,Y,,,,,,,,,,Y,3,0,2,1,A,-,03,22350,,N,F,A,A,C,H,-,A,A,0,,,,,Y,,D,22,0,2,0,0,0,0,0,0,0,"- ","- ",,,MONO,UNINCORPORATED,,
90650622,2018,2018-01-29,9820,2018-01-25,0220,019933,,4,3,9,2600,0,1,2,,1,012,"RT 395","RT 108",1056.00,N,N,D,-,Y,,,395,,,,,,,Y,4,0,1,1,A,-,03,22350,,N,F,A,A,C,H,-,D,A,0,,,,,Y,,D,22,0,0,1,0,0,0,0,0,0,"- ","- ",38.351039886474609,-119.45024871826172,MONO,UNINCORPORATED,-119.45015716552734,38.350963592529297
90650669,2018,2018-01-29,9820,2018-01-27,2130,019766,,6,2,9,2600,0,1,3,,1,039,SR-158,"NORTH SHORE DRIVE",3696.00,N,N,A,-,Y,,,158,,,,,,,Y,3,0,1,1,A,-,08,22107,,N,F,A,A,A,H,-,D,D,0,,,,,Y,,A,07,0,1,0,0,0,0,0,0,0,"- ","- ",37.789459228515625,-119.06593322753906,MONO,UNINCORPORATED,-119.06587982177734,37.7894287109375
90655232,2018,2018-03-12,9820,2018-01-20,1534,021335,,6,2,9,2600,0,1,2,,1,011,US-395,"PENFIELD ST",4752.00,S,N,A,-,Y,,,395,,,,,,,Y,1,1,1,2,A,-,08,22107,,N,A,C,A,C,H,-,A,D,0,,,,,Y,,D,22,1,0,0,0,0,0,0,0,0,"- ","- ",38.667701721191406,-119.54514312744141,MONO,UNINCORPORATED,-119.54513549804688,38.667713165283203
90659589,2018,2018-03-12,9820,2018-01-24,1930,020934,,3,2,9,2600,0,1,2,,1,042,"NORTHBOUND US-395","MNO 395 R46.00",2475.00,S,N,B,-,Y,,,395,,,,,,,Y,1,1,0,1,A,-,08,22107,,N,F,A,A,A,H,-,D,D,0,,,,,Y,,A,01,0,0,0,0,0,0,0,0,0,"- ","- ",37.881420135498047,-119.089599609375,MONO,UNINCORPORATED,-119.08967590332031,37.88140869140625
90663843,2018,2018-02-19,9820,2018-02-12,1027,020600,,1,1,9,2600,0,3,5,,2,050,"SHERWIN CREEK RD",4S23,1584.00,E,N,D,-,N,,,,,,,,,,Y,4,0,1,1,A,-,03,22350,,N,E,I,A,C,H,-,A,D,0,,,,,Y,,D,22,0,0,1,0,0,0,0,0,0,"- ","- ",37.629810333251953,-118.94007110595703,MONO,UNINCORPORATED,,
90664393,2018,2018-02-20,9820,2018-02-17,1515,020926,,6,2,9,2600,0,3,5,,2,050,"INF 3S107","MAMMOTH SCENIC LOOP",2112.00,N,N,A,-,N,,,,,,,,,,Y,3,0,1,1,A,-,01,23152,A,N,E,I,A,C,H,-,A,D,0,,,,,Y,Y,D,22,0,1,0,0,0,0,0,0,0,"- ","- ",37.690799713134766,-118.99559783935547,MONO,UNINCORPORATED,,
90665043,2018,2018-02-20,9820,2018-02-19,2138,020237,,1,2,9,2600,0,1,2,,1,011,US-395,SR-89,15840.00,N,N,A,-,Y,,,395,,,,,,,Y,4,0,1,2,A,-,05,21650,,N,B,C,A,A,H,-,C,D,0,,,,,Y,,A,07,0,0,1,0,0,0,0,0,0,"- ","- ",38.687400817871094,-119.54859924316406,MONO,UNINCORPORATED,-119.54856872558594,38.687404632568359
90670696,2018,2018-02-27,9820,2018-02-21,0111,020237,,3,3,2,2601,0,3,5,,2,050,"SHERWIN CREEK RD","OLD MAMMOTH RD",8976.00,E,N,B,-,N,,,,,,,,,,Y,3,0,2,1,A,-,03,22350,,N,E,I,A,C,H,-,D,D,0,,,,,Y,Y,A,01,0,2,0,0,0,0,0,0,0,"- ","- ",37.629600524902344,-118.93990325927734,MONO,"MAMMOTH LAKES",-118.94146728515625,37.629707336425781
90676171,2018,2018-03-06,9820,2018-03-01,1650,020934,,4,2,9,2600,0,1,3,,2,054,"WB SR-203",US-395,1056.00,W,N,D,-,Y,,,203,,,,,,,N,4,0,1,1,A,-,03,22350,,N,F,I,A,C,H,-,A,A,0,,,,,Y,,D,22,0,0,1,0,0,0,0,0,0,"- ","- ",37.639839172363281,-118.92436981201172,MONO,UNINCORPORATED,-118.92436218261719,37.639747619628906
90676782,2018,2018-03-12,9820,2018-02-23,0710,020309,,5,1,9,2600,0,1,2,,1,022,US-395,"GREEN CREEK RD",663.00,S,N,B,-,Y,,,395,,,,,,,Y,1,1,2,1,A,-,03,22350,,N,E,I,A,C,H,-,A,A,0,,,,,Y,,D,22,0,2,0,0,0,0,0,0,0,"- ","- ",38.194000244140625,-119.21381378173828,MONO,UNINCORPORATED,-119.21379852294922,38.194026947021484
90680644,2018,2018-03-13,9820,2018-03-10,1650,021404,,6,2,9,2600,0,1,3,,2,047,"SR-120 E/B","TEST STATION RD",1056.00,E,N,A,-,Y,,,120,,,,,,E,Y,3,0,2,1,A,-,03,22350,,N,E,I,A,A,H,-,A,A,0,,,,,Y,,A,07,0,1,1,0,0,0,0,0,0,"- ","- ",37.923629760742188,-119.01821136474609,MONO,UNINCORPORATED,-119.01824951171875,37.923572540283203
90681278,2018,2018-03-13,9820,2018-03-09,1046,019760,,5,1,9,2600,0,1,2,,1,022,US-395,"BODIE RD",10032.00,S,N,A,-,Y,,,395,,,,,,,Y,4,0,1,1,C,-,18,,,N,E,I,A,A,H,-,A,D,0,,,,,Y,,-,"- ",0,0,1,0,0,0,0,0,0,"- ","- ",38.147071838378906,-119.18528747558594,MONO,UNINCORPORATED,-119.18522644042969,38.147083282470703
90691234,2018,2018-03-27,9825,2018-03-21,1525,017565,,3,2,9,2600,0,3,5,,2,030,"FISH SLOUGH RD","CHIDAGO CANYON RD",8976.00,N,N,B,C,N,,,,,,,,,,Y,2,0,2,2,A,-,03,22350,,N,A,C,A,B,B,-,A,D,0,,,,,Y,Y,D,22,1,0,1,0,0,0,0,0,0,"- ","- ",37.6793212890625,-118.45337677001953,MONO,UNINCORPORATED,-118.45417785644531,37.678306579589844
90692119,2018,2018-03-28,9820,2018-03-23,0745,018674,,5,1,9,2600,0,1,2,,1,021,"US HIGHWAY 395","BUCKEYE RD",12672.00,N,N,A,-,Y,,,395,,,,,,,Y,4,0,1,1,A,-,03,22350,,N,E,J,A,C,H,-,A,A,0,,,,,Y,,A,01,0,0,1,0,0,0,0,0,0,"- ","- ",38.304500579833984,-119.31372833251953,MONO,UNINCORPORATED,-119.31349182128906,38.304584503173828
90692242,2018,2018-03-28,9820,2018-03-23,0802,019760,,5,1,9,2600,0,1,2,,1,052,"US-395 N/B","CROWLEY LAKE DR",1584.00,N,N,A,B,Y,,,395,,,,,,N,Y,3,0,2,1,A,-,03,22350,,N,F,I,A,C,H,-,A,D,0,,,,,Y,,D,22,0,1,1,0,0,0,0,0,0,"- ","- ",37.605438232421875,-118.80549621582031,MONO,UNINCORPORATED,-118.80541229248047,37.605495452880859
90697100,2018,2018-04-02,9820,2018-03-24,1930,021404,,6,2,9,2600,0,1,3,,1,039,SR-158,"NORTHSHORE DR",1088.00,N,N,D,-,Y,,,158,,,,,,,Y,3,0,1,1,A,-,01,23152,A,N,E,I,A,B,H,-,D,D,0,,,,,Y,Y,A,01,0,1,0,0,0,0,0,0,0,"- ","- ",37.796379089355469,-119.06413269042969,MONO,UNINCORPORATED,-119.06407928466797,37.796367645263672
90697974,2018,2018-04-03,9825,2018-03-26,2000,017035,,1,2,9,2600,0,3,5,,2,030,"LOWER ROCK CREEK RD",US-395,6864.00,S,N,A,-,N,,,,,,,,,,Y,3,0,1,1,A,-,08,22107,,N,F,A,A,A,H,-,D,D,0,,,,,Y,,A,07,0,1,0,0,0,0,0,0,0,"- ","- ",37.538639068603516,-118.64450073242188,MONO,UNINCORPORATED,-118.64738464355469,37.543941497802734
90716071,2018,2018-04-30,9820,2018-04-26,1640,020934,,4,2,9,2600,0,3,5,,2,055,"BENTON CROSSING RD","PIT RD",6336.00,W,N,A,-,N,,,,,,,,,,Y,4,0,3,2,A,-,08,22100,B,N,D,C,A,A,H,-,A,D,0,,,,,Y,,A,07,0,0,3,0,0,0,0,0,0,"- ","- ",37.660881042480469,-118.78452301025391,MONO,UNINCORPORATED,-118.78589630126953,37.6593017578125
90716089,2018,2018-04-30,9820,2018-04-29,0208,021335,,7,3,9,2600,0,1,2,,1,021,US-395,"BUCKEYE RD",528.00,S,N,A,-,Y,,,395,,,,,,,Y,3,0,4,1,C,-,18,,,N,H,H,A,A,H,-,D,D,0,,,,,Y,,-,"- ",0,4,0,0,0,0,0,0,0,"- ","- ",38.273860931396484,-119.28684997558594,MONO,UNINCORPORATED,-119.28689575195312,38.273815155029297
90716227,2018,2018-04-30,9820,2018-04-21,1430,015992,,6,2,9,2600,0,1,3,,1,013,SR-89,"ALPINE COUNTY LINE",2640.00,E,N,A,-,Y,,,,,,,,,,N,2,0,1,2,A,-,05,21460,A,N,B,C,A,A,H,-,A,D,0,,,Y,,Y,,C,02,1,0,0,0,0,0,0,0,1,"- ","- ",,,MONO,UNINCORPORATED,,
90720828,2017,2018-05-07,9820,2017-10-19,1343,019766,,4,1,9,2600,0,1,2,,1,051,"US-395 SOUTHBOUND",SR-203,12144.00,N,N,A,-,Y,,,395,,,,,,S,Y,1,1,0,1,A,-,01,23152,A,N,E,I,A,A,H,-,A,D,0,,,,,Y,Y,D,22,0,0,0,0,0,0,0,0,0,"- ","- ",37.670569999999998,-118.93697,MONO,UNINCORPORATED,-118.93678842,37.670644279999998
90723262,2018,2018-05-09,9825,2018-04-28,1615,018960,Bento,6,2,9,2600,0,3,5,,2,030,"UTU UTU LANE","YELLOW JACKET RD.",207.00,S,N,A,-,N,,,,,,,,,,N,4,0,1,2,B,-,22,,,N,A,C,A,A,H,-,A,D,0,,,Y,,Y,,C,06,0,0,1,0,0,0,0,0,1,"- ","- ",37.794498443603516,-118.52456665039062,MONO,UNINCORPORATED,-118.5245361328125,37.794498443603516
90724172,2018,2018-05-10,9820,2018-05-06,1610,018230,,7,2,9,2600,0,1,3,,1,013,SR-89,US-395,8448.00,W,N,A,-,Y,,,89,,,,,,,Y,2,0,1,1,A,-,03,22350,,N,F,A,A,A,H,-,A,D,0,,,,Y,Y,,F,26,1,0,0,0,0,0,0,0,0,"- ","- ",38.642910003662109,-119.55654907226562,MONO,UNINCORPORATED,-119.55654907226562,38.642932891845703
90732252,2018,2018-05-23,9820,2018-05-14,2300,015992,,1,3,9,2600,0,3,5,,2,020,"BUCKEYE RD","TWIN LAKES RD",3696.00,N,N,B,-,N,,,,,,,,,,Y,3,0,1,1,A,-,03,22350,,N,F,A,A,A,H,-,D,D,0,,,,,Y,,D,22,0,1,0,0,0,0,0,0,0,"- ","- ",38.222389221191406,-119.32383728027344,MONO,UNINCORPORATED,-119.32334136962891,38.217632293701172
90739240,2018,2018-06-01,9820,2018-05-30,1500,014991,,3,2,9,2600,0,1,2,,1,021,"US-395 S/B","SCHOOL ST",114.00,S,N,A,-,Y,,,,,,,,,,Y,4,0,1,2,A,-,03,22350,,N,C,C,A,A,H,-,A,D,0,,,,,Y,,A,01,0,0,1,0,0,0,0,0,0,"- ","- ",38.152198791503906,-119.13330078125,MONO,UNINCORPORATED,,
90741141,2018,2018-06-05,9825,2018-06-01,1530,014450,,5,2,9,2600,0,3,5,,2,030,"DEER PEAK TRAIL","LOWER ROCK CREEK ROAD",110.00,S,N,A,-,N,,,,,,,,,,N,2,0,1,1,A,-,03,22350,,N,F,A,A,A,H,-,A,D,0,,Y,,,Y,Y,L,04,1,0,0,0,0,0,1,0,0,"- ","- ",37.287681579589844,-118.36461639404297,MONO,UNINCORPORATED,-118.60771179199219,37.479751586914062
90747650,2018,2018-06-13,9820,2018-06-06,0945,019627,,3,1,9,2600,0,1,3,,1,014,SR-108,US-395,53328.00,W,N,A,-,Y,,,108,,,,,,,Y,4,0,1,1,A,-,08,22107,,N,F,A,A,A,H,-,A,A,0,,,Y,,Y,,C,02,0,0,1,0,0,0,0,0,1,"- ","- ",38.309391021728516,-119.58334350585938,MONO,UNINCORPORATED,-119.58335113525391,38.309410095214844
90752444,2018,2018-06-20,9820,2018-06-14,1325,020926,,4,1,9,2600,0,1,3,,1,039,"SR-158 S/B","DREAM MOUNTAIN DR",6336.00,N,N,A,-,Y,,,158,,,,,,S,N,3,0,1,1,A,-,08,22107,,N,A,I,A,A,H,-,A,D,0,,,Y,,Y,,C,02,0,1,0,0,0,0,0,0,1,"- ","- ",37.779041290283203,-119.12954711914062,MONO,UNINCORPORATED,-119.12946319580078,37.778999328613281
90759454,2018,2018-06-28,9820,2018-06-22,1820,020926,,5,2,9,2600,0,1,2,,1,042,"US-395 N/B","SR-120 EAST",15.00,N,N,A,-,Y,,,395,,,,,,N,Y,3,0,1,2,A,-,09,21802,A,F,F,C,A,A,H,-,A,A,0,,,,,Y,,A,01,0,1,0,0,0,0,0,0,0,"- ","- ",37.887439727783203,-119.09066772460938,MONO,UNINCORPORATED,-119.09074401855469,37.887424468994141
90759575,2018,2018-06-29,9825,2018-06-25,1000,015522,,1,1,9,2600,0,1,3,,1,014,SR-266,SR-168,26400.00,N,N,A,-,Y,,,266,,,,,,,Y,2,0,1,1,A,-,08,22107,,N,F,I,A,A,H,-,A,D,0,,,Y,,Y,,C,02,1,0,0,0,0,0,0,0,1,"- ","- ",37.487060546875,-117.92196655273438,MONO,UNINCORPORATED,-117.92191314697266,37.487155914306641
90761201,2018,2018-07-03,9820,2018-06-23,0154,020309,,6,3,9,2600,0,1,2,,1,021,US-395,"BURCHAM FLAT RD",4976.00,S,N,A,-,Y,,,395,,,,,,,Y,3,0,1,3,A,-,08,22107,,N,D,C,A,A,H,-,D,D,0,,,,Y,Y,Y,A,01,0,1,0,0,0,0,0,0,0,"- ","- ",38.353240966796875,-119.40727996826172,MONO,UNINCORPORATED,-119.40728759765625,38.353187561035156
90761236,2018,2018-07-02,9820,2018-06-26,1745,020934,,2,2,9,2600,0,1,2,,1,042,"SOUTHBOUND US-395","OBSIDIAN DOME RD",4224.00,N,N,A,-,Y,,,395,,,,,,,Y,3,0,1,1,C,-,18,,,N,F,A,A,A,H,-,A,D,0,,,Y,,Y,,-,"- ",0,1,0,0,0,0,0,0,1,"- ","- ",37.783290863037109,-119.0216064453125,MONO,UNINCORPORATED,-119.02149200439453,37.783313751220703
90762335,2018,2018-07-03,9820,2018-06-30,1820,018230,,6,2,9,2600,0,3,5,,2,020,"TWIN LAKES ROAD","SOUTH TWIN RD",4752.00,E,N,A,-,N,,,,,,,,,,N,2,0,2,1,A,-,03,22350,,N,H,A,A,A,H,-,A,D,0,,,,,Y,,D,22,2,0,0,0,0,0,0,0,0,"- ","- ",38.186279296875,-119.32241821289062,MONO,UNINCORPORATED,-119.32804107666016,38.172901153564453
90763177,2018,2018-07-05,9820,2018-07-03,1640,018230,,2,2,9,2600,0,3,5,,2,020,"TWIN LAKES ROAD","KINGSLEY STREET",8448.00,W,N,A,-,N,,,,,,,,,,Y,3,0,1,1,A,-,03,22350,,N,F,A,A,A,H,-,A,D,0,,,Y,,Y,,C,02,0,1,0,0,0,0,0,0,1,"- ","- ",38.242679595947266,-119.24933624267578,MONO,UNINCORPORATED,-119.23139953613281,38.254531860351562
90764216,2018,2018-07-06,9820,2018-07-05,0750,020390,,4,1,9,2600,0,1,2,,1,021,US-395,"BUCKEYE RD.",35376.00,N,N,A,-,Y,,,395,,,,,,,Y,3,0,2,1,C,-,18,,,N,H,H,A,A,H,-,A,D,0,,,,,Y,,-,"- ",0,2,0,0,0,0,0,0,0,"- ","- ",38.341400146484375,-119.32289886474609,MONO,UNINCORPORATED,-119.32276916503906,38.341464996337891
90769886,2018,2018-07-16,9820,2018-07-08,1810,020600,,7,2,9,2600,0,1,2,,1,041,"US-395 N/B","ROCK PLANT ROAD",528.00,S,N,A,-,Y,,,395,,,,,,N,Y,3,0,1,1,A,-,01,23152,A,N,F,A,A,A,H,-,A,D,0,,,,,Y,Y,A,01,0,1,0,0,0,0,0,0,0,"- ","- ",37.898269653320312,-119.0927734375,MONO,UNINCORPORATED,-119.09287261962891,37.898250579833984
90772125,2018,2018-07-18,9820,2018-07-14,1405,021335,,6,2,9,2600,0,3,5,,2,025,"BODIE MASONIC RD","BYPASS RD",6864.00,W,N,B,-,N,,,,,,,,,,Y,2,0,1,1,A,-,03,22350,,N,F,A,A,A,H,-,A,D,0,,,Y,,Y,,C,02,1,0,0,0,0,0,0,0,1,"- ","- ",38.222370147705078,-119.03836059570312,MONO,UNINCORPORATED,-119.03632354736328,38.221897125244141
90774832,2018,2018-07-23,9820,2018-07-19,1750,020600,,4,2,9,2600,0,1,2,,1,052,"US-395 S/B","S. LANDING ROAD",1433.00,N,N,A,-,Y,,,395,,,,,,S,Y,3,0,1,1,A,-,08,22107,,N,E,J,A,A,H,-,A,D,0,,,,,Y,,A,01,0,1,0,0,0,0,0,0,0,"- ","- ",37.573810577392578,-118.74436950683594,MONO,UNINCORPORATED,-118.74436187744141,37.573844909667969
90774864,2018,2018-07-23,9820,2018-07-21,1830,018230,,6,2,9,2600,0,3,5,,2,020,"BUCKEYE ROAD","TWIN LAKES ROAD",8976.00,N,N,B,C,N,,,,,,,,,,N,2,0,1,1,A,-,03,22350,,N,F,A,A,D,H,-,A,D,0,,,,,Y,Y,D,22,1,0,0,0,0,0,0,0,0,"- ","- ",38.23065185546875,-119.32138061523438,MONO,UNINCORPORATED,-119.32112121582031,38.230384826660156
90775297,2018,2018-07-24,9820,2018-03-30,1716,020390,,5,2,9,2600,0,1,2,,1,022,US-395,"GREEN CREEK RD",528.00,N,N,A,-,Y,,,395,,,,,,,Y,1,4,0,2,A,-,08,22107,,N,A,C,A,A,H,-,A,D,0,,,,,Y,,A,01,0,0,0,0,0,0,0,0,0,"- ","- ",38.198478698730469,-119.22064971923828,MONO,UNINCORPORATED,-119.22067260742188,38.198463439941406
90777204,2018,2018-07-26,9820,2018-07-21,1442,021335,,6,2,9,2600,0,1,2,,1,021,US-395,"SINCLAIR ST",60.00,N,N,B,C,Y,,,395,,,,,,,Y,4,0,2,3,A,-,03,22350,,N,C,C,A,A,H,-,A,D,0,,,,,Y,,A,01,0,0,2,0,0,0,0,0,0,"- ","- ",38.255638122558594,-119.22760772705078,MONO,UNINCORPORATED,-119.22764587402344,38.255912780761719
90779843,2018,2018-07-30,9820,2018-07-27,0555,018674,,5,3,9,2600,0,1,2,,1,022,"US HIGHWAY 395","MT PATTERSON DR",7392.00,S,N,A,-,Y,,,395,,,,,,,Y,4,0,2,1,A,-,08,22107,,N,E,I,A,A,H,-,B,D,0,,,,,Y,,A,01,0,0,2,0,0,0,0,0,0,"- ","- ",38.214260101318359,-119.23110198974609,MONO,UNINCORPORATED,-119.23113250732422,38.214271545410156
90780164,2018,2018-07-30,9820,2018-07-28,1430,018230,,6,2,9,2600,0,1,2,,1,022,"US-395 N/B",SR-270,1584.00,N,N,A,-,Y,,,395,,,,,,N,N,3,0,1,2,A,-,03,22350,,N,F,A,A,A,H,-,A,D,0,,,Y,,Y,,C,02,0,1,0,0,0,0,0,0,1,"- ","- ",38.179561614990234,-119.19612121582031,MONO,UNINCORPORATED,-119.19618225097656,38.179553985595703
90784848,2018,2018-08-06,9820,2018-08-04,0750,018674,,6,1,9,2600,0,1,2,,1,022,"US HIGHWAY 395","STATE ROUTE 270",1584.00,N,N,A,-,Y,,,395,,,,,,,Y,4,0,1,1,A,-,08,22107,,N,E,I,A,A,H,-,A,D,0,,,,,Y,,A,01,0,0,1,0,0,0,0,0,0,"- ","- ",38.179840087890625,-119.19625854492188,MONO,UNINCORPORATED,-119.19620513916016,38.179843902587891
90786397,2018,2018-08-08,9820,2018-08-02,0410,016150,,4,3,9,2600,0,1,2,,1,021,US-395,"BUCKEYE RD",3168.00,S,N,F,-,Y,,,395,,,,,,,Y,3,0,2,1,C,-,18,,,N,H,H,A,A,H,-,D,D,0,,,,,Y,,-,"- ",0,2,0,0,0,0,0,0,0,"- ","- ",38.268730163574219,-119.28202819824219,MONO,UNINCORPORATED,-119.28203582763672,38.268722534179688
90792052,2018,2018-08-22,9820,2018-08-03,0730,015992,,5,1,9,2600,0,1,2,,1,022,US-395,"CONWAY RANCH RD",1584.00,S,N,A,-,Y,,,395,,,,,,,Y,1,1,0,1,C,-,18,,,N,F,A,A,A,H,-,A,D,0,,,,Y,Y,,-,"- ",0,0,0,0,0,0,0,0,0,"- ","- ",38.064731597900391,-119.16858673095703,MONO,UNINCORPORATED,-119.16869354248047,38.064693450927734
90792271,2018,2018-08-16,9820,2018-08-15,2020,020934,,3,2,9,2600,0,1,2,,1,042,"NORTHBOUND US-395","NORTHWEST PORTAL RD",100.00,N,N,A,-,Y,,,395,,,,,,,Y,4,0,1,1,C,-,18,,,N,H,H,A,A,H,-,D,D,0,,,,,Y,,-,"- ",0,0,1,0,0,0,0,0,0,"- ","- ",37.875049591064453,-119.0882568359375,MONO,UNINCORPORATED,-119.08859252929688,37.874984741210938
90797064,2018,2018-10-16,9820,2018-08-21,2015,014991,,2,2,9,2600,0,1,2,,1,022,US-395,SR-270,5808.00,N,N,A,-,N,,,,,,,,,,N,3,0,1,3,A,-,08,22107,,N,E,J,F,A,H,-,D,D,0,Y,,,,Y,,A,01,0,1,0,0,1,0,0,0,0,"- ","- ",38.152198791503906,-119.13330078125,MONO,UNINCORPORATED,-119.20477294921875,38.188243865966797
90805316,2018,2018-09-04,9825,2018-08-31,0400,021400,,5,3,9,2600,0,1,2,,1,023,"US- 395 N/O VISTA POINT","VISTA POINT",11088.00,N,N,A,-,Y,,,395,,,,,,,Y,2,0,1,2,A,-,03,22350,,N,C,C,A,A,H,-,D,D,0,,,,Y,Y,,A,01,1,0,0,0,0,0,0,0,0,"- ","- ",37.527999877929688,-118.62509918212891,MONO,UNINCORPORATED,-118.62509155273438,37.52801513671875
90807096,2018,2018-09-06,9820,2018-08-27,2050,016150,,1,2,9,2600,0,1,2,,1,022,US-395,"VIRGINIA LAKES RD",5808.00,N,N,A,-,Y,,,395,,,,,,,Y,2,0,1,1,A,-,01,23152,A,N,F,A,A,A,H,-,D,D,0,,,Y,,Y,Y,C,02,1,0,0,0,0,0,0,0,1,"- ","- ",38.074459075927734,-119.17439270019531,MONO,UNINCORPORATED,-119.17438507080078,38.074451446533203
90810103,2018,2018-09-11,9820,2018-09-10,1130,020934,,1,1,9,2600,0,1,3,,2,024,"HIGHWAY 270",US-395,2640.00,E,N,A,-,Y,,,,,,,,,,N,3,0,2,1,A,-,08,22107,,N,F,A,A,A,H,-,A,D,0,,,Y,,Y,,C,02,0,2,0,0,0,0,0,0,2,"- ","- ",38.175868988037109,-119.18473815917969,MONO,UNINCORPORATED,,
90814746,2018,2018-09-17,9820,2018-09-12,0955,019627,,3,1,9,2600,0,1,2,,1,022,US-395,"CONWAY RANCH RD",6336.00,N,N,A,-,Y,,,395,,,,,,,Y,4,0,1,2,A,-,08,22107,,N,B,C,A,A,H,-,A,D,0,,,,,Y,,A,01,0,0,1,0,0,0,0,0,0,"- ","- ",38.084320068359375,-119.15965270996094,MONO,UNINCORPORATED,-119.15967559814453,38.084274291992188
90815709,2018,2018-09-18,9820,2018-09-08,0815,021026,,6,1,9,2600,0,3,5,,2,045,"SR-120 (EAST)","GRANITE CONSTRUCTION COMPANY ROAD",0.00,,Y,A,-,Y,,,120,,,,,,,N,2,0,1,2,A,-,08,22107,,N,C,G,A,A,H,-,A,D,0,,Y,,,Y,,L,04,1,0,0,0,0,0,1,0,0,"- ","- ",37.897850036621094,-119.07102203369141,MONO,UNINCORPORATED,-119.07101440429688,37.897846221923828
90817049,2018,2018-09-19,9820,2018-09-09,1335,021026,,7,1,9,2600,0,1,2,,1,052,"FOREST ROAD 3S59","OWENS RIVER ROAD",17635.00,S,N,A,-,N,,,,,,,,,,N,2,0,1,1,A,-,08,38314,,N,F,I,A,A,H,-,D,D,0,,,Y,,Y,,C,06,1,0,0,0,0,0,0,0,1,"- ","- ",37.705448150634766,-118.92809295654297,MONO,UNINCORPORATED,,
90817055,2018,2018-09-19,9825,2018-09-13,1800,018441,,4,2,9,2600,0,1,3,,1,008,SR-120,"FOOTHILL RD",3168.00,W,N,A,-,Y,,,120,,,,,,,Y,3,0,1,1,A,-,01,23152,A,N,E,I,A,A,H,-,A,D,0,,,,,Y,Y,A,01,0,1,0,0,0,0,0,0,0,"- ","- ",37.815441131591797,-118.51894378662109,MONO,UNINCORPORATED,-118.51890563964844,37.815395355224609
90819889,2018,2018-09-24,9820,2018-09-19,1857,020600,,3,2,9,2600,0,1,2,,1,051,"US-395 N/B","MAMMOTH SCENIC LOOP",5280.00,N,N,A,-,Y,,,395,,,,,,N,Y,2,0,1,1,C,-,18,,,N,H,H,A,A,H,-,B,D,0,,,Y,,Y,,-,"- ",1,0,0,0,0,0,0,0,1,"- ","- ",37.722671508789062,-118.96076965332031,MONO,UNINCORPORATED,-118.96078491210938,37.722660064697266
90820706,2018,2018-09-25,9730,2018-09-18,1440,019529,,2,2,9,2600,0,1,3,,1,068,"STATE ROUTE 68","CORRAL DE TIERRA RD.",20.00,E,N,A,-,Y,,,,,,,,,,N,4,0,2,2,A,-,03,22350,,N,C,C,A,A,H,-,A,D,0,,,,,Y,,A,08,0,0,2,0,0,0,0,0,0,"- ","- ",36.578639984130859,-121.72641754150391,MONO,UNINCORPORATED,,
90821214,2018,2018-09-25,9820,2018-09-23,1630,018230,,7,2,9,2600,0,3,5,,2,040,"UN-NAMED DIRT ROAD WEST OF US-395","VISITOR CENTER DR",528.00,S,N,A,-,N,,,,,,,,,,N,2,0,2,2,A,-,03,38305,,N,A,C,A,A,B,-,A,D,0,,,Y,,Y,,-,"- ",2,0,0,0,0,0,0,0,2,"- ","- ",37.960258483886719,-119.12628936767578,MONO,UNINCORPORATED,-119.12587738037109,37.963043212890625
90825405,2018,2018-10-01,9820,2018-08-27,1201,020390,,1,1,9,2600,0,3,5,,2,020,"BUCKEYE ROAD",US-395,15840.00,W,N,A,-,N,,,,,,,,,,Y,1,1,0,1,A,-,08,22107,,N,F,A,A,A,H,-,A,D,0,,,Y,,Y,,C,06,0,0,0,0,0,0,0,1,0,"- ","- ",38.252658843994141,-119.30632781982422,MONO,UNINCORPORATED,-119.30499267578125,38.268970489501953
90829758,2018,2018-10-05,9820,2018-09-28,2305,020241,,5,3,9,2600,0,3,5,,2,020,"BUCKEYE RD","TWIN LAKES RD",8448.00,W,N,A,-,N,,,,,,,,,,Y,2,0,1,1,A,-,03,22350,,N,F,A,A,A,G,-,D,D,0,,,,,Y,,D,22,1,0,0,0,0,0,0,0,0,"- ","- ",38.230251312255859,-119.32090759277344,MONO,UNINCORPORATED,-119.32150268554688,38.229171752929688
90829988,2018,2018-10-05,9820,2018-09-26,1800,021336,,3,2,9,2600,0,1,3,,1,023,SR-182,"MASONIC RD",43296.00,N,N,A,-,Y,,,182,,,,,,,Y,3,0,1,1,A,-,08,22107,,N,F,A,A,A,H,-,A,D,0,,,,Y,Y,,G,75,0,1,0,0,0,0,0,0,0,"- ","- ",38.414268493652344,-119.16963195800781,MONO,UNINCORPORATED,-119.16966247558594,38.414321899414062
90841552,2018,2018-11-05,9820,2018-09-29,1630,014841,,6,2,9,2600,0,3,5,,2,010,"GOLDEN GATE RD.","MILL CANYON RD.",14784.00,W,N,A,-,N,,,,,,,,,,Y,1,1,0,2,A,-,03,22350,,N,F,A,A,A,H,-,A,D,0,,,Y,,Y,Y,C,06,0,0,0,0,0,0,0,1,0,"- ","- ",38.512641906738281,-119.53383636474609,MONO,UNINCORPORATED,-119.53324890136719,38.513088226318359
90841779,2018,2018-10-22,9820,2018-10-16,2250,021336,,2,3,9,2600,0,1,3,,2,047,SR-120,"WET MEADOW RD",528.00,W,N,A,-,Y,,,120,,,,,,,Y,3,0,2,1,C,-,18,,,N,H,H,A,A,H,-,D,D,0,,,,,Y,,-,"- ",0,2,0,0,0,0,0,0,0,"- ","- ",37.874130249023438,-118.89549255371094,MONO,UNINCORPORATED,-118.89546203613281,37.874103546142578
90853033,2018,2018-11-05,9820,2018-10-25,2025,020241,,4,2,9,2600,0,1,2,,1,011,"US-395 S/B S/OF STATELINE",SR-89,5280.00,N,N,A,-,Y,,,395,,,,R,,S,Y,4,0,1,1,A,-,01,23152,A,N,F,A,A,A,H,-,D,D,0,,,,,Y,Y,A,07,0,0,1,0,0,0,0,0,0,"- ","- ",38.654689788818359,-119.53697967529297,MONO,UNINCORPORATED,-119.53697967529297,38.654689788818359
90858584,2018,2018-11-13,9820,2018-11-04,0135,020309,,7,3,9,2600,0,3,5,,2,040,"NORTHSHORE DRIVE","SR 158",83.00,N,N,A,-,Y,,,,,,,,,,Y,2,0,1,1,A,-,01,23152,A,N,E,I,A,A,H,-,D,D,0,,,,,Y,Y,A,01,1,0,0,0,0,0,0,0,0,"- ","- ",37.799510955810547,-119.06346893310547,MONO,UNINCORPORATED,-119.06315612792969,37.799343109130859
90863922,2018,2018-11-20,9820,2018-11-14,1655,020390,,3,2,9,2600,0,3,5,,2,015,"TOPAZ LANE",US-395,7920.00,E,N,A,-,N,,,,,,,,,,Y,2,0,1,1,A,-,08,22107,,N,E,I,A,A,H,-,B,D,0,,,,,Y,,D,22,1,0,0,0,0,0,0,0,0,"- ","- ",38.604301452636719,-119.49530029296875,MONO,UNINCORPORATED,-119.49534606933594,38.604316711425781
90868286,2018,2018-11-27,9820,2018-11-21,2340,020309,,3,3,9,2600,0,1,2,,1,021,"RT 395","BURCHAM FLAT RD",2640.00,S,N,D,-,Y,,,395,,,,,,,Y,3,0,1,3,A,-,08,22107,,N,A,C,A,C,H,-,D,D,0,,,,Y,Y,,A,07,0,1,0,0,0,0,0,0,0,"- ","- ",38.353351593017578,-119.40821838378906,MONO,UNINCORPORATED,-119.40821838378906,38.353374481201172
90868342,2018,2018-11-27,9820,2018-11-21,1000,020600,,3,1,9,2600,0,3,5,,2,045,"FOREST ROAD 1S160","SAGE HEN MEADOWS RD",310.00,S,N,B,-,N,,,,,,,,,,N,2,0,2,2,A,-,16,38330,,N,H,C,A,A,H,-,A,A,0,,,,,Y,,D,22,2,0,0,0,0,0,0,0,0,"- ","- ",37.870208740234375,-118.86778259277344,MONO,UNINCORPORATED,,
90868384,2018,2018-11-27,9820,2018-11-21,2045,021208,,3,2,9,2600,0,1,2,,1,051,"US-395 S/B","PUMICE MINE RD",7920.00,S,N,D,-,Y,,,395,,,,,,S,Y,3,0,2,1,A,-,03,22350,,N,F,I,A,C,H,-,D,D,0,,,,,Y,,D,22,0,2,0,0,0,0,0,0,0,"- ","- ",37.79010009765625,-119.03053283691406,MONO,UNINCORPORATED,-119.03050231933594,37.790149688720703
90868535,2018,2018-11-27,9825,2018-11-24,0540,017565,,6,3,9,2600,0,1,2,,1,009,"RT 6","CHIDAGO CANYON RD",0.00,,Y,A,-,Y,,,6,,,,,,,Y,3,0,1,1,A,-,08,22107,,N,H,J,A,A,H,-,D,D,0,,,,Y,Y,,G,26,0,1,0,0,0,0,0,0,0,"- ","- ",37.614990234375,-118.39395141601562,MONO,UNINCORPORATED,-118.39382934570312,37.615013122558594
90874173,2018,2018-12-03,9820,2018-11-27,0159,016150,,2,3,2,2601,0,3,5,,2,050,"MERIDIAN BLVD","SR-203 E/B",112.00,S,N,A,-,Y,,,,,,,,,,Y,2,0,1,1,A,-,01,23152,A,N,E,I,A,A,H,-,C,D,0,,,,,Y,Y,A,07,1,0,0,0,0,0,0,0,0,"- ","- ",37.642971038818359,-118.94635772705078,MONO,"MAMMOTH LAKES",,
90875884,2018,2018-12-05,9820,2018-12-01,0500,018230,,6,3,9,2600,0,1,2,,1,022,US-395,SR-270,17424.00,S,N,B,-,Y,,,395,,,,,,,Y,2,0,2,1,A,-,08,22107,,N,F,A,A,A,H,-,D,D,0,,,,,Y,,A,01,1,1,0,0,0,0,0,0,0,"- ","- ",38.128520965576172,-119.18267059326172,MONO,UNINCORPORATED,-119.18247985839844,38.128505706787109
90878584,2018,2018-12-10,9820,2018-12-02,0810,021026,,7,1,9,2600,0,1,2,,1,052,"CONVICT LAKE ROAD",US-395,4752.00,W,N,B,-,N,,,,,,,,,,Y,2,0,1,1,A,-,03,22350,,N,F,I,A,C,H,-,A,D,0,,,,,Y,,D,22,1,0,0,0,0,0,0,0,0,"- ","- ",37.611690521240234,-118.84893035888672,MONO,UNINCORPORATED,-118.84868621826172,37.611949920654297
90889302,2018,2018-12-24,9825,2018-12-24,0640,017057,,1,1,9,2600,0,3,5,,2,030,"LOWER ROCK CREEK RD","BOUNDARY RD",1584.00,N,N,A,-,N,,,,,,,,,,Y,4,0,1,1,C,-,18,,,N,D,H,A,A,H,-,B,D,0,,,,,Y,,-,"- ",0,0,1,0,0,0,0,0,0,"- ","- ",37.467948913574219,-118.59381103515625,MONO,UNINCORPORATED,-118.59346771240234,37.467555999755859
90889575,2018,2018-12-25,9820,2018-12-17,1030,020600,,1,1,9,2600,0,1,3,,1,039,SR-158,"DREAM MOUNTAIN DR",1056.00,N,N,A,-,Y,,,158,,,,,,,Y,3,0,1,1,A,-,01,23152,A,N,E,I,A,A,C,H,D,A,0,,,,,Y,Y,A,01,0,1,0,0,0,0,0,0,0,"- ","- ",37.767749786376953,-119.12309265136719,MONO,UNINCORPORATED,-119.12311553955078,37.767723083496094
90895304,2018,2019-01-02,9820,2018-12-31,0600,020241,,1,1,9,2600,0,1,2,,1,022,US-395,"GREEN CREEK ROAD",5280.00,N,N,B,-,Y,,,395,,,,,,,Y,3,0,1,1,C,-,18,,,N,H,H,A,A,H,-,D,D,0,,,,,Y,,-,"- ",0,1,0,0,0,0,0,0,0,"- ","- ",38.209918975830078,-119.23050689697266,MONO,UNINCORPORATED,-119.23052215576172,38.209915161132812
90898642,2018,2019-01-07,9825,2018-12-29,1330,017057,,6,1,9,2600,0,1,2,,1,023,"US-395 N/B","INYO-MONO COUNTY LINE",14256.00,N,N,A,-,Y,,,395,,,,,,N,Y,4,0,1,1,C,-,18,,,N,E,H,A,A,H,-,A,D,0,,,,,Y,,-,"- ",0,0,1,0,0,0,0,0,0,"- ","- ",37.503940582275391,-118.58248138427734,MONO,UNINCORPORATED,-118.58268737792969,37.503925323486328
90901041,2018,2019-01-09,9820,2018-12-26,1545,016150,,3,2,9,2600,0,1,2,,1,041,US-395,"CEMETARY RD",6336.00,S,N,A,-,Y,,,395,,,,,,,Y,2,0,8,2,C,-,18,,,N,H,H,A,A,H,-,A,D,0,,,,,Y,,-,"- ",1,2,5,0,0,0,0,0,0,"- ","- ",37.995281219482422,-119.14510345458984,MONO,UNINCORPORATED,-119.14511108398438,37.995281219482422
90901752,2019,2019-01-10,9820,2019-01-09,1847,020934,,3,2,9,2600,0,1,2,,1,042,"SB US-395","WEST PORTAL RD",2000.00,S,N,B,-,Y,,,395,,,,,,,N,4,0,1,1,A,-,03,22350,,N,F,A,A,C,H,-,D,A,0,,,,,Y,,A,07,0,0,1,0,0,0,0,0,0,"- ","- ",37.830551147460938,-119.07147216796875,MONO,UNINCORPORATED,-119.07144165039062,37.830585479736328
90913610,2019,2019-01-28,9820,2019-01-21,0055,020241,,1,3,9,2600,0,1,2,,1,041,"US-395 S/B","UTILITY ROAD",100.00,S,N,D,G,Y,,,395,,,,,,S,Y,2,0,2,1,A,-,03,22350,,N,E,I,A,C,G,-,D,A,0,,,,,Y,,A,07,1,1,0,0,0,0,0,0,0,"- ","- ",37.950660705566406,-119.11598205566406,MONO,UNINCORPORATED,-119.11590576171875,37.950946807861328
90923501,2019,2019-02-11,9820,2019-02-03,1255,021026,,7,1,9,2600,0,1,2,,1,042,"US-395 N/B","WEST PORTAL ROAD",800.00,S,N,B,D,Y,,,395,,,,,,N,Y,4,0,1,2,A,-,03,22350,,N,C,C,A,C,H,-,A,A,0,,,,,Y,,A,07,0,0,1,0,0,0,0,0,0,"- ","- ",37.869380950927734,-119.08762359619141,MONO,UNINCORPORATED,-119.08750915527344,37.869400024414062
90926941,2019,2019-02-14,9820,2019-02-10,1443,018674,,7,2,9,2600,0,1,2,,1,012,"US HIGHWAY 395",SR-108,100.00,N,N,B,G,Y,,,395,,,,,,,Y,4,0,2,2,A,-,08,22107,,N,C,C,A,C,G,-,A,A,0,,,,,Y,,A,01,0,0,2,0,0,0,0,0,0,"- ","- ",38.348720550537109,-119.45279693603516,MONO,UNINCORPORATED,-119.45233917236328,38.348373413085938
90931059,2019,2019-02-21,9820,2019-02-14,1625,018674,,4,2,9,2600,0,1,2,,1,011,"US HIGHWAY 395","STATE ROUTE 89",3168.00,S,N,B,D,Y,,,395,,,,,,,Y,4,0,1,1,A,-,03,22350,,N,E,I,A,C,H,-,A,A,0,,,,,Y,,A,01,0,0,1,0,0,0,0,0,0,"- ","- ",38.633968353271484,-119.52355194091797,MONO,UNINCORPORATED,-119.52354431152344,38.63397216796875
90940968,2019,2019-03-06,9820,2019-02-28,1514,021026,,4,2,9,2600,0,1,2,,1,052,"US-395 S/B","HOT CREEK HATCHERY ROAD",2640.00,S,N,A,G,Y,,,395,,,,,,S,Y,3,0,1,1,A,-,03,22350,,N,E,I,A,B,H,-,A,D,0,,,,,Y,,A,07,0,1,0,0,0,0,0,0,0,"- ","- ",37.625518798828125,-118.85031127929688,MONO,UNINCORPORATED,-118.85031890869141,37.625495910644531
90941989,2019,2019-03-07,9820,2019-02-27,1403,020926,,3,2,9,2600,0,1,2,,1,052,"US-395 S/B","SHERWIN CREEK RD",3696.00,S,N,A,G,Y,,,395,,,,,,S,Y,2,0,3,2,A,-,03,22350,,N,C,C,A,C,H,-,A,A,0,,,,,Y,,A,07,2,1,0,0,0,0,0,0,0,"- ","- ",37.635650634765625,-118.88777160644531,MONO,UNINCORPORATED,-118.88777923583984,37.635608673095703
90948801,2019,2019-03-19,9820,2019-03-10,1410,021692,,7,2,9,2600,0,3,5,,2,055,"BENTON CROSSING ROAD","FOREST SERVICE ROAD 3S47A",20.00,W,N,A,-,N,,,,,,,,,,Y,4,0,2,2,A,-,03,22350,,N,D,C,A,A,H,-,A,D,0,,,,,Y,,A,07,0,0,2,0,0,0,0,0,0,"- ","- ",37.697368621826172,-118.76045227050781,MONO,UNINCORPORATED,-118.76065063476562,37.697383880615234
90950176,2019,2019-03-20,9825,2019-03-18,1240,018960,,1,1,9,2600,0,1,2,,1,009,US-6,"NV STATE LINE",3168.00,W,N,A,-,Y,,,,,,,,,,Y,3,0,2,1,A,-,08,22107,,N,E,I,A,A,H,-,A,D,0,,,,,Y,,D,22,0,2,0,0,0,0,0,0,0,"- ","- ",37.894710540771484,-118.44899749755859,MONO,UNINCORPORATED,,
90953065,2019,2019-03-25,9820,2019-03-22,1115,020600,,5,1,9,2600,0,1,3,,1,039,SR-158,"BOULDER DRIVE",42.00,N,N,B,-,Y,,,158,,,,,,,Y,3,0,1,2,A,-,05,21460,A,N,A,C,A,A,H,-,A,A,0,,,,,Y,,D,22,0,1,0,0,0,0,0,0,0,"- ","- ",37.766700744628906,-119.09892272949219,MONO,UNINCORPORATED,-119.09892272949219,37.766704559326172
90961068,2019,2019-06-19,9825,2019-03-29,1035,014450,,5,1,9,2600,0,1,2,,1,009,"RT 6","CHALFANT ROAD",41.00,S,N,A,-,Y,,,,,,,,,,Y,1,1,0,2,A,-,08,22107,,N,D,G,A,A,H,-,A,D,0,,Y,,,Y,,L,04,0,0,0,0,0,1,0,0,0,"- ","- ",37.316749572753906,-118.22106170654297,MONO,UNINCORPORATED,-118.36854553222656,37.527999877929688
90966433,2019,2019-04-12,9820,2019-03-29,1355,016150,,5,1,9,2600,0,1,2,,1,011,US-395,"CHAMPAGNE AVE",4224.00,N,N,A,-,Y,,,395,,,,,,,Y,3,0,2,2,A,-,08,22107,,N,C,C,A,A,H,-,A,D,0,,,,,Y,,D,22,0,2,0,0,0,0,0,0,0,"- ","- ",38.599479675292969,-119.51892852783203,MONO,UNINCORPORATED,-119.51878356933594,38.599460601806641
90966800,2019,2019-04-12,9820,2019-04-08,0703,019760,,1,1,9,2600,0,1,2,,1,051,"US-395 S/B","FOREST ROAD 3S08",6336.00,S,N,A,-,Y,,,395,,,,,,S,Y,3,0,2,1,A,-,08,22107,,N,F,I,A,A,H,-,A,D,0,,,,,Y,,A,07,0,1,1,0,0,0,0,0,0,"- ","- ",37.688148498535156,-118.94255065917969,MONO,UNINCORPORATED,-118.94245910644531,37.68817138671875
90968678,2019,2019-04-16,9820,2019-04-10,2040,020934,,3,2,9,2600,0,3,5,,2,055,"OLD HWY","SUBSTATION RD",5.00,S,N,A,-,N,,,,,,,,,,Y,2,0,1,1,A,-,01,23152,A,N,E,I,A,A,H,-,D,D,0,,,,,Y,Y,D,22,1,0,0,0,0,0,0,0,0,"- ","- ",37.643711090087891,-118.90926361083984,MONO,UNINCORPORATED,-118.90932464599609,37.643680572509766
90968773,2019,2019-04-16,9820,2019-04-07,2115,020934,,7,2,9,2600,0,1,2,,1,051,"CROWLEY LAKE DR","MCGEE CREEK RD",6336.00,S,N,A,-,N,,,,,,,,,,Y,3,0,1,1,A,-,01,23152,A,N,E,I,A,A,H,-,D,D,0,,,,,Y,Y,D,22,0,1,0,0,0,0,0,0,0,"- ","- ",37.576431274414062,-118.76640319824219,MONO,UNINCORPORATED,-118.76653289794922,37.576663970947266
90973255,2019,2019-04-25,9820,2019-03-27,2500,017711,,3,4,9,2600,0,1,2,,1,022,"US-395 SOUTHBOUND","VIRGINIA LAKES ROAD",6864.00,S,N,B,G,Y,,,395,,,,,,S,Y,1,2,0,1,A,-,08,22107,,N,E,I,A,A,H,-,D,D,0,,,,,Y,,A,01,0,0,0,0,0,0,0,0,0,"- ","- ",38.077308654785156,-119.17051696777344,MONO,UNINCORPORATED,-119.17057037353516,38.07733154296875
90981439,2019,2019-05-03,9820,2019-02-18,1255,018230,,1,1,9,2600,0,1,2,,1,042,"US-395 SOUTHBOUND","GLASS CREEK RD",4224.00,N,N,B,-,Y,,,395,,,,,,S,Y,4,0,5,2,A,-,03,22350,,N,C,C,A,C,H,-,A,A,0,,,,,Y,,A,07,0,0,5,0,0,0,0,0,0,"- ","- ",37.759269714355469,-118.9913330078125,MONO,UNINCORPORATED,-118.99127197265625,37.759422302246094
90981665,2019,2019-05-06,9820,2019-04-24,1445,016150,,3,2,9,2600,0,1,3,,1,023,SR-182,"EAST WALKER RIVER BRIDGE 47-0058",25872.00,N,N,A,-,Y,,,182,,,,,,,Y,3,0,3,2,A,-,08,22107,,N,A,C,A,A,H,-,A,D,0,,,,,Y,,A,01,0,3,0,0,0,0,0,0,0,"- ","- ",38.403568267822266,-119.17166900634766,MONO,UNINCORPORATED,-119.17169952392578,38.403583526611328
90983824,2019,2019-05-07,9820,2019-04-27,1325,021692,,6,1,9,2600,0,3,5,,2,055,"UNNAMED DIRT ROAD","NORTH LANDING ROAD",8.00,E,N,A,-,N,,,,,,,,,,N,3,0,1,1,A,-,03,38305,,N,F,A,A,A,H,-,A,D,0,,,Y,,Y,,C,06,0,1,0,0,0,0,0,0,1,"- ","- ",37.636741638183594,-118.7486572265625,MONO,UNINCORPORATED,-118.74853515625,37.63665771484375
91000746,2019,2019-05-31,9825,2019-05-25,0700,017057,,6,1,9,2600,0,1,2,,1,023,"US-395 N/B","LOWER ROCK CREEK RD",6864.00,S,N,A,-,Y,,,395,,,,,,N,Y,3,0,2,1,A,-,08,22107,,N,E,I,A,A,H,-,A,D,0,,,,,Y,,A,07,0,2,0,0,0,0,0,0,0,"- ","- ",37.549129486083984,-118.63939666748047,MONO,UNINCORPORATED,-118.63942718505859,37.549121856689453
91005775,2019,2019-06-07,9820,2019-06-06,0805,019760,,4,1,9,2600,0,1,2,,1,051,"US-395 N/B","OWENS RIVER RD",4224.00,S,N,A,-,Y,,,395,,,,,,N,Y,2,0,1,1,C,-,18,,,N,F,H,A,A,H,-,A,D,0,,,Y,,Y,,-,"- ",1,0,0,0,0,0,0,0,1,"- ","- ",37.725849151611328,-118.96330261230469,MONO,UNINCORPORATED,-118.96318054199219,37.725936889648438
91008708,2019,2019-06-12,9820,2019-06-11,0540,019760,,2,3,9,2600,0,1,2,,1,041,US-395,"CEMETARY RD",2112.00,S,N,A,-,Y,,,395,,,,,,,Y,2,0,2,1,A,-,08,22107,,N,E,I,A,A,H,-,A,D,0,,,,,Y,,A,07,1,1,0,0,0,0,0,0,0,"- ","- ",38.00421142578125,-119.15351867675781,MONO,UNINCORPORATED,-119.15347290039062,38.004238128662109
91012033,2019,2019-06-18,9825,2019-06-12,1229,018925,,3,1,9,2600,0,1,2,,1,023,US-395,"GORGE RD",24816.00,N,N,A,-,Y,,,395,,,,,,,Y,2,0,1,2,A,-,03,22350,,N,C,C,A,A,H,-,A,D,0,,,,Y,Y,,A,07,1,0,0,0,0,0,0,0,0,"- ","- ",37.512191772460938,-118.586181640625,MONO,UNINCORPORATED,-118.586181640625,37.512187957763672
91016482,2019,2019-06-24,9820,2019-06-15,2330,021336,,6,3,9,2600,0,1,3,,1,039,"SR 158","HILLSIDE DR",0.00,,N,A,-,Y,,,158,,,,,,,Y,3,0,1,1,A,-,08,22107,,N,F,A,A,A,H,-,D,D,0,,,,,Y,Y,A,07,0,1,0,0,0,0,0,0,0,"- ","- ",37.787349700927734,-119.06791687011719,MONO,UNINCORPORATED,-119.06787109375,37.78729248046875
91016522,2019,2019-06-24,9820,2019-06-17,1800,021692,,1,2,9,2600,0,1,2,,1,052,"US-395 SOUTHBOUND","MCGEE CREEK ROAD",4224.00,S,N,B,C,Y,,,395,,,,,,S,Y,3,0,1,1,A,-,08,22107,,N,E,I,A,B,H,-,A,D,0,,,,,Y,,D,22,0,1,0,0,0,0,0,0,0,"- ","- ",37.580741882324219,-118.76860046386719,MONO,UNINCORPORATED,-118.76862335205078,37.5806884765625
91027727,2019,2019-07-09,9820,2019-07-07,1025,019627,,7,1,9,2600,0,1,3,,1,014,SR-108,US-395,29040.00,W,N,A,-,Y,,,108,,,,,,,Y,3,0,1,2,A,-,05,21460,A,N,B,C,A,A,H,-,A,D,0,,,,,Y,,A,08,0,1,0,0,0,0,0,0,0,"- ","- ",38.346820831298828,-119.54139709472656,MONO,UNINCORPORATED,-119.54141235351562,38.346851348876953
91029075,2019,2019-07-11,9820,2019-07-03,0215,018654,,3,3,9,2600,0,1,2,,1,012,US-395,SR-108,7920.00,N,N,A,-,Y,,,395,,,,,,,Y,3,0,1,1,A,-,08,22107,,N,E,I,A,A,H,-,D,D,0,,,,Y,Y,,G,25,0,1,0,0,0,0,0,0,0,"- ","- ",38.367698669433594,-119.44406890869141,MONO,UNINCORPORATED,-119.44406127929688,38.367702484130859
91032790,2019,2019-07-17,9820,2019-07-07,1820,021692,,7,2,9,2600,0,3,5,,2,040,"USFS ROAD 2S103","USFS ROAD 2S103A",570.00,N,N,B,-,N,,,,,,,,,,N,2,0,1,2,A,-,03,38305,,N,A,C,A,A,E,-,B,D,0,,,Y,,Y,Y,-,"- ",1,0,0,0,0,0,0,0,1,"- ","- ",37.801059722900391,-119.04345703125,MONO,UNINCORPORATED,,
91041968,2019,2019-07-30,9820,2019-07-24,1310,020390,,3,1,9,2600,0,1,2,,1,012,US-395,"EASTSIDE LN",12672.00,S,N,A,-,Y,,,395,,,,,,,Y,3,0,1,1,A,-,03,22350,,N,E,I,A,A,H,-,A,D,0,,,Y,,Y,,C,02,0,1,0,0,0,0,0,0,1,"- ","- ",38.485389709472656,-119.45848083496094,MONO,UNINCORPORATED,-119.45850372314453,38.485450744628906
91045516,2019,2019-08-05,9820,2019-07-26,1559,021692,,5,2,9,2600,0,1,2,,1,041,"US-395 SOUTHBOUND","SR-158 (NORTH JUNCTION )",0.00,,Y,B,-,Y,,,395,,,,,,S,Y,3,0,2,2,A,-,09,21804,A,N,D,C,A,A,H,-,A,D,0,,,,,Y,,D,22,0,2,0,0,0,0,0,0,0,"- ","- ",37.892410278320312,-119.09221649169922,MONO,UNINCORPORATED,-119.09237670898438,37.892375946044922
91046230,2019,2019-08-06,9820,2019-08-01,1355,021335,,4,1,9,2600,0,1,2,,1,012,US-395,SR-108,2000.00,N,N,A,-,Y,,,395,,,,,,,Y,4,0,1,2,A,-,03,22350,,N,C,C,A,A,D,-,A,A,0,,,,Y,Y,,G,25,0,0,1,0,0,0,0,0,0,"- ","- ",38.354290008544922,-119.44747924804688,MONO,UNINCORPORATED,-119.44746398925781,38.354274749755859
91052011,2019,2019-08-14,9820,2019-08-05,2240,020309,,1,3,9,2600,0,1,2,,1,022,US-395,SR-270,1320.00,N,N,A,-,Y,,,,,,,,,,Y,2,0,1,1,A,-,01,23152,A,N,E,I,A,A,H,-,D,D,0,,,,Y,Y,Y,G,25,1,0,0,0,0,0,0,0,0,"- ","- ",,,MONO,UNINCORPORATED,,
91053394,2019,2019-08-16,9820,2019-08-12,2050,016556,,1,2,9,2600,0,1,3,,1,039,"STATE ROUTE 158","SHADOW PINES DRIVE",120.00,W,N,A,-,Y,,,158,,,,,,,Y,4,0,2,1,A,-,08,22107,,N,E,I,A,A,H,-,D,D,0,,,,,Y,Y,A,01,0,0,2,0,0,0,0,0,0,"- ","- ",37.764240264892578,-119.10590362548828,MONO,UNINCORPORATED,-119.10592651367188,37.764270782470703
91057444,2019,2019-08-22,9820,2019-08-10,1455,020241,,6,2,9,2600,0,1,2,,1,021,"N/B US-395","SWAGGER CREEK RD",664.00,N,N,A,-,Y,,,395,,,,,,,Y,3,0,1,1,A,-,08,22107,,N,F,A,A,A,H,-,A,D,0,,,Y,,Y,,C,02,0,1,0,0,0,0,0,0,1,"- ","- ",38.349010467529297,-119.34580230712891,MONO,UNINCORPORATED,-119.34580230712891,38.348964691162109
91058288,2019,2019-09-06,9820,2019-08-03,1230,018654,,6,1,9,2600,0,1,2,,1,011,US-395,SR-89,7920.00,N,N,A,-,Y,,,395,,,,,,,Y,2,0,1,2,A,-,03,22350,,N,C,C,A,A,H,-,A,D,0,,,Y,,Y,Y,C,02,1,0,0,0,0,0,0,0,1,"- ","- ",38.661079406738281,-119.54012298583984,MONO,UNINCORPORATED,-119.5400390625,38.661106109619141
91059170,2019,2019-08-26,9820,2019-08-21,1640,014450,,3,2,9,2600,0,1,2,,1,042,"RT 395","SR-158 (SOUTH)",22704.00,S,N,A,-,Y,,,,,,,,,,Y,3,0,2,1,A,-,08,22107,,N,E,I,A,A,H,-,A,D,0,,,,,Y,,D,22,0,2,0,0,0,0,0,0,0,"- ","- ",37.462471008300781,-119.04669952392578,MONO,UNINCORPORATED,-119.00391387939453,37.768215179443359
91059252,2019,2019-08-26,9820,2019-08-18,1705,016556,,7,2,9,2600,0,1,S,,2,904,"SR-120 E/B","DOBIE MEADOWS ROAD",1056.00,W,N,A,-,Y,,,120,,,,,,E,Y,4,0,1,1,A,-,08,22107,,N,E,I,A,A,H,-,A,D,0,,,Y,,Y,,C,02,0,0,1,0,0,0,0,0,1,"- ","- ",37.921028137207031,-118.70413208007812,MONO,UNINCORPORATED,-118.70416259765625,37.920974731445312
91059275,2019,2019-08-26,9820,2019-08-23,1230,018230,,5,1,9,2600,0,1,2,,1,041,"US-395 N/B","SR-158 N-JCT",5808.00,N,N,A,-,Y,,,395,,,,,,N,Y,3,0,1,1,A,-,08,22107,,N,F,A,A,A,H,-,A,D,0,,,,,Y,,A,07,0,1,0,0,0,0,0,0,0,"- ","- ",37.825939178466797,-119.06394195556641,MONO,UNINCORPORATED,-119.06396484375,37.825923919677734
91061872,2019,2019-08-28,9820,2019-08-28,0910,018230,,3,1,9,2600,0,1,2,,1,021,"US-395 N/B","SINCLAIR ST",528.00,S,N,A,-,Y,,,395,,,,,,N,Y,4,0,1,2,A,-,03,22350,,N,C,C,A,A,H,-,A,D,0,,,,Y,Y,,G,25,0,0,1,0,0,0,0,0,0,"- ","- ",38.256050109863281,-119.22657775878906,MONO,UNINCORPORATED,-119.22657775878906,38.256038665771484
91070271,2019,2019-09-09,9820,2019-08-28,1100,021336,,3,1,9,2600,0,1,3,,1,014,SR-108,US-395,0.00,,Y,A,-,Y,,,108,,,,,,,Y,3,0,2,2,A,-,08,22107,,N,D,D,A,A,H,-,A,A,0,,,,,Y,,D,22,0,2,0,0,0,0,0,0,0,"- ","- ",38.348560333251953,-119.45246124267578,MONO,UNINCORPORATED,-119.45246887207031,38.348537445068359
91070738,2019,2019-09-09,9820,2019-09-05,1605,020934,,4,2,9,2600,0,1,3,,1,044,"SR-120 E/B","SADDLEBAG LAKE RD",2640.00,W,N,B,-,Y,,,120,,,,,,E,Y,3,0,1,1,A,-,03,22350,,N,F,A,A,A,H,-,A,D,0,,,Y,,Y,,C,02,0,1,0,0,0,0,0,0,1,"- ","- ",37.930519104003906,-119.25051879882812,MONO,UNINCORPORATED,-119.25057220458984,37.930568695068359
91070754,2019,2019-09-09,9820,2019-09-06,2000,019760,,5,2,9,2600,0,1,2,,1,052,"US-395 S/B","CONVICT LAKE RD",0.00,,Y,A,-,Y,,,395,,,,,,S,Y,3,0,2,2,A,-,12,22450,A,N,D,C,A,A,H,-,D,A,0,,,,,Y,,A,07,0,2,0,0,0,0,0,0,0,"- ","- ",37.622608184814453,-118.83979797363281,MONO,UNINCORPORATED,-118.83980560302734,37.622600555419922
91071747,2019,2019-09-11,9820,2019-06-30,1530,019627,,7,2,9,2600,0,1,2,,1,011,US-395,"MILL CANYON RD",2640.00,S,N,A,-,Y,,,395,,,,,,,Y,1,3,5,2,A,-,05,21460,A,N,A,C,A,A,H,-,A,D,0,,,,,Y,Y,A,07,5,0,0,0,0,0,0,0,0,"- ","- ",38.528839111328125,-119.48829650878906,MONO,UNINCORPORATED,-119.48834228515625,38.528820037841797
91072109,2019,2019-09-11,9820,2019-09-05,0535,016150,,4,3,9,2600,0,1,2,,1,021,US-395,"HOT CREEK",0.00,,Y,A,-,Y,,,395,,,,,,,Y,4,0,1,1,C,-,18,,,N,E,I,A,A,A,D,D,D,0,,,,Y,Y,,-,"- ",0,0,1,0,0,0,0,0,0,"- ","- ",38.352680206298828,-119.40471649169922,MONO,UNINCORPORATED,-119.40472412109375,38.352672576904297
91072756,2019,2019-09-11,9820,2019-09-08,0900,020839,,7,1,9,2600,0,3,5,,2,040,"US-395 S/B","SR-120 W/B",27.00,S,N,A,-,Y,,,395,,,,,,S,Y,4,0,2,2,A,-,08,22107,,N,A,C,A,A,H,-,A,D,0,,,,,Y,,A,07,0,0,2,0,0,0,0,0,0,"- ","- ",37.95037841796875,-119.11300659179688,MONO,UNINCORPORATED,-119.11301422119141,37.950351715087891
91074255,2019,2019-09-13,9820,2019-09-01,1220,021692,,7,1,9,2600,0,1,3,,1,039,SR-158,"SILVER LAKE RESORT",500.00,S,N,A,-,Y,,,158,,,,,,,Y,2,0,1,1,A,-,08,22107,,N,F,A,A,A,H,-,A,D,0,,,Y,,Y,,C,02,1,0,0,0,0,0,0,0,1,"- ","- ",37.778438568115234,-119.12938690185547,MONO,UNINCORPORATED,-119.12943267822266,37.778427124023438
91075336,2019,2019-09-16,9820,2019-09-07,0930,021692,,6,1,9,2600,0,3,5,,2,050,"SOUTH LANDING ROAD","PEARSON ROAD",0.00,,Y,A,-,N,,,,,,,,,,N,3,0,3,3,A,-,03,22350,,N,H,G,A,A,H,-,A,D,0,,Y,,,Y,,L,04,0,3,0,0,0,0,3,0,0,"- ","- ",37.566989898681641,-118.74199676513672,MONO,UNINCORPORATED,-118.74217224121094,37.566921234130859
91082730,2019,2019-09-25,9820,2019-09-08,0220,021336,,7,3,9,2600,0,1,2,,1,012,"US HWY 395","EASTSIDE LN",12672.00,S,N,A,-,Y,,,395,,,,,,,Y,3,0,2,2,A,-,08,22107,,N,A,C,A,A,H,-,D,D,0,,,,,Y,,A,01,0,2,0,0,0,0,0,0,0,"- ","- ",38.485359191894531,-119.45855712890625,MONO,UNINCORPORATED,-119.45858001708984,38.485424041748047
91082853,2019,2019-09-25,9820,2019-09-22,1050,020390,,7,1,9,2600,0,1,2,,1,022,US-395,"VIRGINIA LAKES RD",0.00,,Y,A,-,Y,,,395,,,,,,,Y,4,0,1,2,A,-,09,21802,A,N,D,C,A,A,H,-,A,D,0,,,,,Y,,A,01,0,0,1,0,0,0,0,0,0,"- ","- ",38.087638854980469,-119.18215179443359,MONO,UNINCORPORATED,-119.18213653564453,38.087642669677734
91093633,2019,2019-10-09,9820,2019-10-07,1025,017711,,1,1,9,2600,0,1,2,,1,012,US-395,"STATE ROUTE 108",650.00,N,N,A,-,Y,,,,,,,,,,Y,3,0,1,2,A,-,08,22107,,N,D,C,A,A,D,-,A,D,0,,,,,Y,,A,07,0,1,0,0,0,0,0,0,0,"- ","- ",38.350238800048828,-119.45268249511719,MONO,UNINCORPORATED,-119.45108032226562,38.349922180175781
91101808,2019,2019-10-21,9820,2019-10-13,1333,021692,,7,1,9,2600,0,1,3,,1,044,"SR-120 WEST","SADDLEBAG LAKE ROAD",7920.00,W,N,A,-,Y,,,120,,,,,,,Y,3,0,1,1,A,-,08,22107,,N,F,A,A,A,H,-,A,D,0,,,Y,,Y,,C,02,0,1,0,0,0,0,0,0,1,"- ","- ",37.918979644775391,-119.25508117675781,MONO,UNINCORPORATED,-119.25509643554688,37.918983459472656
91114374,2019,2019-11-06,9820,2019-10-30,0635,016150,,3,1,9,2600,0,1,2,,1,022,US-395,"HUGGANS LN",2640.00,S,N,A,-,Y,,,395,,,,,,,Y,4,0,1,1,C,-,18,,,N,H,H,A,A,H,-,D,D,0,,,,,Y,,-,"- ",0,0,1,0,0,0,0,0,0,"- ","- ",38.2264404296875,-119.22707366943359,MONO,UNINCORPORATED,-119.22705078125,38.226432800292969
91117265,2019,2019-11-11,9825,2019-11-03,1210,017035,,7,1,9,2600,0,1,2,,1,009,US-6,"SPRING CYN CREEK",2112.00,S,N,A,-,Y,,,,,,,,,,Y,3,0,1,1,A,-,08,22107,,N,F,A,A,A,H,-,A,D,0,,,,,Y,,D,22,0,1,0,0,0,0,0,0,0,"- ","- ",37.455699920654297,-118.27369689941406,MONO,UNINCORPORATED,,
91120634,2019,2019-12-11,9820,2019-11-01,1930,019933,,5,2,9,2600,0,3,5,,2,015,"BURCHAM FLAT RD.","CAMP ANTELOPE RD.",52800.00,S,N,A,-,N,,,,,,,,,,N,2,0,1,1,A,-,08,22107,,N,F,A,A,A,G,-,D,D,0,,,Y,,Y,,C,06,1,0,0,0,0,0,0,0,1,"- ","- ",38.455059051513672,-119.44940185546875,MONO,UNINCORPORATED,-119.41867065429688,38.410236358642578
91136098,2019,2019-12-10,9825,2019-11-27,1450,017565,,3,2,9,2600,0,1,2,,1,023,"RT 395","LOWER ROCK CREEK ROAD",7392.00,S,N,D,-,Y,,,,,,,,,,Y,2,0,2,2,A,-,03,22350,,N,A,C,A,C,B,E,A,A,0,,,,,Y,,A,01,1,1,0,0,0,0,0,0,0,"- ","- ",37.325199127197266,-118.38210296630859,MONO,UNINCORPORATED,-118.63932037353516,37.548660278320312
91137700,2019,2019-12-11,9820,2019-10-03,1147,016556,,4,1,9,2600,0,1,2,,1,041,"US 395 N/B 51500 BLOCK","1ST STREET",40.00,S,N,A,-,Y,,,,,,,,,,Y,1,1,6,9,A,-,08,22107,,N,G,B,F,A,H,-,A,D,0,Y,,,,Y,Y,D,22,4,2,0,1,6,0,0,0,0,"- ","- ",37.958381652832031,-119.12026977539062,MONO,UNINCORPORATED,-119.12055206298828,37.958423614501953
91139862,2019,2019-12-10,9820,2019-12-01,1905,018654,,7,2,9,2600,0,1,2,,1,021,US-395,SR-108,600.00,S,N,B,D,Y,,,395,,,,,,,Y,4,0,1,2,A,-,03,22350,,N,C,C,A,C,G,-,D,A,0,,,,,Y,,A,07,0,0,1,0,0,0,0,0,0,"- ","- ",38.347831726074219,-119.45294189453125,MONO,UNINCORPORATED,-119.45281219482422,38.347743988037109
91141973,2019,2020-01-21,9820,2019-10-31,2500,020839,,4,4,9,2600,0,1,3,,1,044,"SR-120 W/B","POOLE POWER PLANT RD.",12144.00,W,N,A,-,Y,,,,,,,,,,Y,1,1,0,1,A,-,08,22107,,N,F,A,A,A,H,-,D,D,0,,,,,Y,,A,01,0,0,0,0,0,0,0,0,0,"- ","- ",37.946861267089844,-119.19309997558594,MONO,UNINCORPORATED,-119.19452667236328,37.948314666748047
91152811,2019,2019-12-26,9825,2019-12-21,1715,017565,,6,2,9,2600,0,1,3,,1,014,"US 266","EAST NEVADA STATE LINE",30.00,W,N,B,-,Y,,,,,,,,,,Y,4,0,1,1,C,-,18,,,N,E,H,A,A,H,-,D,D,0,,,,,Y,,-,"- ",0,0,1,0,0,0,0,0,0,"- ","- ",37.282798767089844,-117.50499725341797,MONO,UNINCORPORATED,-117.87377166748047,37.484870910644531
91153185,2019,2019-12-26,9820,2019-12-20,0030,021335,,5,3,9,2600,0,1,2,,1,021,US-395,"CHRIS FLAT CAMPGROUND",3168.00,S,N,A,-,Y,,,395,,,,,,,Y,4,0,1,1,A,-,08,22107,,N,E,I,A,A,H,-,D,A,0,,,,,Y,,A,01,0,0,1,0,0,0,0,0,0,"- ","- ",38.386619567871094,-119.45404815673828,MONO,UNINCORPORATED,-119.45398712158203,38.386684417724609
91158925,2019,2020-01-03,9820,2019-12-24,1530,021208,,2,2,9,2600,0,1,2,,1,041,"US-395 S/B",SR-158,4224.00,N,N,B,-,Y,,,,,,,,,,Y,3,0,1,1,C,-,18,,,N,E,I,A,C,G,-,A,D,0,,,,,Y,,-,"- ",0,1,0,0,0,0,0,0,0,"- ","- ",37.493301391601562,-119.35220336914062,MONO,UNINCORPORATED,,
91167813,2020,2020-01-17,9820,2020-01-09,1531,019933,,4,2,9,2600,0,1,2,,1,012,"RT 395","RT 108",23760.00,N,N,D,-,Y,,,395,,,,,,,Y,2,0,2,1,A,-,03,22350,,N,E,I,A,C,G,-,A,A,0,,,,,Y,,A,01,1,1,0,0,0,0,0,0,0,"- ","- ",38.410259246826172,-119.45033264160156,MONO,UNINCORPORATED,-119.45040893554688,38.410274505615234
91169644,2020,2020-01-21,9820,2020-01-14,0515,021692,,2,3,9,2600,0,1,2,,1,052,"US-395 NORTHBOUND","SOUTH LANDING ROAD",5280.00,N,N,A,G,Y,,,395,,,,,,N,Y,4,0,1,1,C,-,18,,,N,F,A,A,A,H,-,D,D,0,,,,Y,Y,,-,"- ",0,0,1,0,0,0,0,0,0,"- ","- ",37.576370239257812,-118.75495147705078,MONO,UNINCORPORATED,-118.75496673583984,37.576297760009766
91171319,2020,2020-01-23,9820,2020-01-10,1015,016150,,5,1,9,2600,0,1,2,,1,012,US-395,"EASTSIDE LN",25344.00,S,N,B,-,Y,,,395,,,,,,,Y,3,0,1,1,A,-,08,22107,,N,E,I,A,C,H,-,A,A,0,,,,,Y,,A,07,0,1,0,0,0,0,0,0,0,"- ","- ",38.454181671142578,-119.45992279052734,MONO,UNINCORPORATED,-119.4599609375,38.454132080078125
91174220,2020,2020-01-27,9730,2020-01-15,0300,022092,,3,3,9,2600,0,1,3,,1,014,"SR-1 (CABRILLO HIGHWAY) S/B","MPM MON 38.69",2640.00,S,N,A,-,Y,,,1,,,,,,S,Y,2,0,1,1,A,-,08,22107,,N,F,I,A,A,H,-,D,D,0,,,,,Y,,A,07,1,0,0,0,0,0,0,0,0,"- ","- ",36.177459716796875,-121.69866180419922,MONO,UNINCORPORATED,-121.69863128662109,36.177459716796875
91174252,2020,2020-01-27,9820,2020-01-10,1205,016150,,5,1,9,2600,0,1,2,,1,021,US-395,"SWAUGER CREEK RD",10032.00,N,N,B,-,Y,,,395,,,,,,,N,3,0,1,2,A,-,08,22107,,N,E,J,A,C,H,-,A,D,0,,,,,Y,,D,22,0,1,0,0,0,0,0,0,0,"- ","- ",38.349269866943359,-119.37880706787109,MONO,UNINCORPORATED,-119.37880706787109,38.349281311035156
91183588,2020,2020-02-10,9820,2020-01-31,0020,020309,,5,3,9,2600,0,1,3,,1,039,SR-158,"LYLE TERRACE RD",116.00,S,N,A,-,Y,,,158,,,,,,,Y,3,0,1,1,A,-,01,23152,A,N,E,I,A,C,H,-,D,D,0,,,,,Y,Y,A,01,0,1,0,0,0,0,0,0,0,"- ","- ",37.773109436035156,-119.08097076416016,MONO,UNINCORPORATED,-119.08097839355469,37.773124694824219
91185684,2020,2020-02-12,9825,2020-02-05,0410,017565,,3,3,9,2600,0,1,2,,1,023,"RT 395","GORGE ROAD",23760.00,N,N,A,-,Y,,,395,,,,,,,Y,4,0,1,1,A,-,08,22107,,N,E,I,A,A,H,-,D,D,0,,,,,Y,,A,07,0,0,1,0,0,0,0,0,0,"- ","- ",37.509998321533203,-118.5849609375,MONO,UNINCORPORATED,-118.58483123779297,37.51007080078125
91192472,2020,2020-02-24,9820,2020-01-16,1738,019933,,4,2,9,2600,0,1,2,,1,021,"RT 395","SWAUGER CREEK",3168.00,S,N,D,-,Y,,,395,,,,,,,Y,1,1,1,2,A,-,03,22350,,N,A,C,A,C,H,-,D,A,0,,,,,Y,,A,01,0,1,0,0,0,0,0,0,0,"- ","- ",38.347190856933594,-119.33265686035156,MONO,UNINCORPORATED,-119.33266448974609,38.347156524658203
91200165,2020,2020-03-02,9820,2020-03-01,2025,020934,,7,2,9,2600,0,1,2,,1,042,"SB US-395 NO AEOLIAN BUTTES RD","AEOLIAN BUTTES RD",500.00,S,N,D,-,Y,,,395,,,,,,,Y,4,0,1,1,A,-,03,22350,,N,F,A,A,C,H,-,D,A,0,,,,,Y,,D,22,0,0,1,0,0,0,0,0,0,"- ","- ",37.858860015869141,-119.0859375,MONO,UNINCORPORATED,-119.08589935302734,37.858867645263672
91200185,2020,2020-03-02,9820,2020-03-01,0745,017711,,7,1,9,2600,0,1,2,,1,022,US-395,"GREEN CREEK ROAD",4752.00,N,N,B,D,Y,,,395,,,,,,,Y,3,0,2,1,A,-,03,22350,,N,F,A,A,C,H,-,A,A,0,,,,,Y,,A,01,0,2,0,0,0,0,0,0,0,"- ","- ",38.209140777587891,-119.23027801513672,MONO,UNINCORPORATED,-119.230224609375,38.209159851074219
91201434,2020,2020-03-04,9820,2020-02-29,1150,016150,,6,1,9,2600,0,1,2,,1,012,US-395,"SHINGLE MILL CAMPGROUND",2112.00,N,N,A,-,Y,,,395,,,,,,,Y,4,0,1,1,A,-,08,22107,,N,E,A,A,A,H,-,A,D,0,,,,,Y,,A,07,0,0,1,0,0,0,0,0,0,"- ","- ",38.455509185791016,-119.46090698242188,MONO,UNINCORPORATED,-119.46067047119141,38.455486297607422
91211913,2020,2020-03-19,9820,2020-03-16,1640,019933,,1,2,9,2600,0,1,2,,1,021,"RT 395","SWAUGER CREEK",1056.00,N,N,D,-,Y,,,395,,,,,,,Y,4,0,4,2,A,-,03,22350,,N,C,C,A,C,H,-,A,A,0,,,,,Y,,A,07,0,0,4,0,0,0,0,0,0,"- ","- ",38.349319458007812,-119.37763977050781,MONO,UNINCORPORATED,-119.37763977050781,38.349262237548828
91213575,2020,2020-03-23,9820,2020-03-17,0220,019627,,2,3,9,2600,0,1,2,,1,052,US-395,"CONVICT LAKE RD",320.00,S,N,D,-,Y,,,395,,,,,,,Y,4,0,1,1,A,-,03,22350,,N,F,A,A,C,H,-,D,A,0,,,,,Y,,A,07,0,0,1,0,0,0,0,0,0,"- ","- ",37.621990203857422,-118.83573913574219,MONO,UNINCORPORATED,-118.83576202392578,37.621902465820312
91214726,2020,2020-03-24,9820,2020-03-16,1920,022327,,1,2,9,2600,0,1,2,,1,052,"S/B US 395","MT MORISON RD",1584.00,S,N,D,-,Y,,,,,,,,,,Y,4,0,1,1,A,-,03,22350,,N,F,A,A,C,H,-,D,A,0,,,,,Y,,A,07,0,0,1,0,0,0,0,0,0,"- ","- ",37.354999542236328,-118.47160339355469,MONO,UNINCORPORATED,,
91218784,2020,2020-03-30,9820,2020-03-27,0855,020839,,5,1,9,2600,0,1,2,,1,051,"US-395 N/B","MAMMOTH SCENIC LOOP",5280.00,S,N,A,-,Y,,,395,,,,,,N,Y,4,0,1,1,A,-,03,22350,,N,E,I,A,C,H,-,A,A,0,,,,,Y,,A,07,0,0,1,0,0,0,0,0,0,"- ","- ",37.690361022949219,-118.94293975830078,MONO,UNINCORPORATED,-118.94281005859375,37.690422058105469
91227561,2020,2020-04-20,9820,2020-04-17,1010,021692,,5,1,9,2600,0,3,5,,2,055,"BENTON CROSSING ROAD","USFS ROAD 3S47A",15998.00,E,N,B,-,N,,,,,,,,,,Y,3,0,1,1,A,-,08,22107,,N,F,A,A,A,H,-,A,D,0,,,,Y,Y,,F,24,0,1,0,0,0,0,0,0,0,"- ","- ",37.662540435791016,-118.72373199462891,MONO,UNINCORPORATED,,
91227976,2020,2020-04-24,9825,2020-03-05,1235,016119,,4,1,9,2600,0,1,2,,1,023,"RT 395","LOWER ROCK CREEK RD",1056.00,N,N,A,-,Y,,,395,,,,,,,Y,1,1,2,1,A,-,08,22107,,N,E,J,A,A,H,-,A,D,0,,,,,Y,,A,01,2,0,0,0,0,0,0,0,0,"- ","- ",37.559688568115234,-118.66368103027344,MONO,UNINCORPORATED,-118.6636962890625,37.559642791748047
91229764,2020,2020-04-27,9820,2020-04-21,0245,016556,,2,3,9,2600,0,1,2,,1,052,"US-395 S/B","CONVICT LAKE RD",2112.00,S,N,A,-,Y,,,,,,,,,,Y,3,0,1,1,A,-,08,22107,,N,F,A,A,A,H,-,D,D,0,,,,,Y,,A,01,0,1,0,0,0,0,0,0,0,"- ","- ",37.621238708496094,-118.93498992919922,MONO,UNINCORPORATED,,
91230557,2020,2020-04-28,9820,2020-04-27,0310,020839,,1,3,9,2600,0,1,2,,1,052,"US-395 N/B","OWENS GORGE RD.",3696.00,N,N,A,-,Y,,,395,,,,,,N,Y,3,0,1,1,A,-,08,22107,,N,F,A,A,A,H,-,D,D,0,,,,,Y,,D,22,0,1,0,0,0,0,0,0,0,"- ","- ",37.566078186035156,-118.68856811523438,MONO,UNINCORPORATED,-118.68856048583984,37.566097259521484
91248141,2020,2020-06-08,9825,2020-06-03,2240,019814,,3,3,9,2600,0,1,3,,1,012,SR-266,"SR-168 E/B",0.00,,N,A,-,Y,,,266,,,,,,,Y,2,0,1,1,A,-,08,22107,,N,E,I,A,A,H,-,D,D,0,,,,,Y,,D,22,1,0,0,0,0,0,0,0,0,"- ","- ",37.487770080566406,-117.92153930664062,MONO,UNINCORPORATED,-117.92184448242188,37.48712158203125
91250705,2020,2020-06-11,9820,2020-06-08,0935,015992,,1,1,9,2600,0,1,2,,1,021,US-395,"BURCHAM FLAT RD",5280.00,S,N,A,-,Y,,,395,,,,,,,Y,3,0,2,2,A,-,08,22107,,N,B,C,A,A,D,-,A,A,0,,,,,Y,,A,01,0,2,0,0,0,0,0,0,0,"- ","- ",38.353199005126953,-119.40724182128906,MONO,UNINCORPORATED,-119.40724182128906,38.353179931640625
91251992,2020,2020-06-15,9820,2020-06-05,1800,021336,,5,2,9,2600,0,1,2,,1,021,"US HIGHWAY 395","BURCHAM FLAT RD",12144.00,S,N,A,-,Y,,,395,,,,,,,Y,3,0,1,1,A,-,08,22107,,N,F,A,A,A,D,-,A,A,0,,,Y,,Y,,C,02,0,1,0,0,0,0,0,0,1,"- ","- ",38.349418640136719,-119.38603973388672,MONO,UNINCORPORATED,-119.38603973388672,38.349399566650391
91252918,2020,2020-06-16,9730,2020-06-15,2030,019529,,1,2,9,2600,0,1,3,,1,068,"STATE ROUTE 68","HUNTER LANE",356.00,E,N,A,-,Y,,,68,,,,,,,Y,3,0,1,1,A,-,01,23152,A,N,A,I,A,A,H,-,B,D,0,,,,,Y,Y,D,22,0,1,0,0,0,0,0,0,0,"- ","- ",36.649909973144531,-121.66248321533203,MONO,UNINCORPORATED,-121.66227722167969,36.649837493896484
91255376,2020,2020-06-26,9820,2020-05-15,1912,021692,,5,2,9,2600,0,3,5,,2,050,"DEADMAN CREEK ROAD","US-395 S/B",87.00,W,N,A,-,N,,,,,,,,,,Y,4,0,1,1,A,-,01,23152,A,N,E,J,A,A,H,-,B,D,0,,,,,Y,Y,D,22,0,0,1,0,0,0,0,0,0,"- ","- ",37.746059417724609,-118.98055267333984,MONO,UNINCORPORATED,,
91255542,2020,2020-06-22,9820,2020-06-21,1145,017711,,7,1,9,2600,0,1,2,,1,022,US-395,"VIRGINIA LAKES ROAD",5280.00,S,N,A,-,Y,,,395,,,,,,,Y,3,0,4,2,A,-,09,21804,A,N,D,C,A,A,H,-,A,D,0,,,,,Y,,A,08,0,2,2,0,0,0,0,0,0,"- ","- ",38.074420928955078,-119.1767578125,MONO,UNINCORPORATED,-119.17676544189453,38.074405670166016
91257504,2020,2020-06-25,9820,2020-06-18,0520,015992,,4,3,9,2600,0,1,2,,1,021,US-395,"BUCKEYE RD",7392.00,N,N,A,-,Y,,,395,,,,,,,Y,3,0,1,1,A,-,08,22107,,N,E,I,A,A,H,-,B,D,0,,,,,Y,,D,22,0,1,0,0,0,0,0,0,0,"- ","- ",38.292240142822266,-119.30893707275391,MONO,UNINCORPORATED,-119.30886077880859,38.292293548583984
91257595,2020,2020-06-25,9820,2020-06-19,1940,021335,,5,2,9,2600,0,3,5,,2,055,"HILLTOP HOT SPRINGS RD","BENTON CROSSING RD",42.00,N,N,A,-,N,,,,,,,,,,Y,3,0,1,1,A,-,01,23152,A,N,E,I,A,A,H,-,B,D,0,,,,,Y,Y,A,07,0,1,0,0,0,0,0,0,0,"- ","- ",37.659759521484375,-118.78559875488281,MONO,UNINCORPORATED,,
91259528,2020,2020-06-30,9820,2020-06-19,1930,018230,,5,2,9,2600,0,1,2,,1,012,US-395,"SHINGLE MILL",1584.00,N,N,A,-,Y,,,395,,,,,,,Y,3,0,1,1,A,-,01,23152,A,N,E,I,A,A,H,-,A,D,0,,,,,Y,Y,A,07,0,1,0,0,0,0,0,0,0,"- ","- ",38.453178405761719,-119.45909881591797,MONO,UNINCORPORATED,-119.45904541015625,38.453212738037109
91264123,2020,2020-07-06,9820,2020-06-26,2145,019933,,5,2,9,2600,0,1,3,,1,014,"RT 108","RT 395",59664.00,W,N,A,-,Y,,,108,,,,,,,Y,3,0,2,1,A,-,08,22107,,N,E,I,A,A,H,-,D,D,0,,,,,Y,,A,07,0,2,0,0,0,0,0,0,0,"- ","- ",38.304798126220703,-119.59278106689453,MONO,UNINCORPORATED,-119.59278106689453,38.304801940917969
91264786,2020,2020-07-07,9820,2020-06-27,1005,016556,,6,1,9,2600,0,3,5,,2,055,"MAMMOTH SCENIC LOOP",US-395,5280.00,W,N,A,-,N,,,,,,,,,,N,2,0,1,1,A,-,03,22350,,N,E,J,A,A,B,-,A,D,0,,Y,,,Y,,L,04,1,0,0,0,0,0,1,0,0,"- ","- ",37.703781127929688,-118.96919250488281,MONO,UNINCORPORATED,-118.96920776367188,37.703628540039062
91266015,2020,2020-07-09,9820,2020-07-02,1820,018230,,4,2,9,2600,0,1,3,,1,014,SR-108,"SILVER CREEK ROAD",10032.00,W,N,A,-,Y,,,108,,,,,,,N,3,0,1,1,A,-,03,22350,,N,F,A,A,A,H,-,A,D,0,,,Y,,Y,,C,02,0,1,0,0,0,0,0,0,1,"- ","- ",38.345489501953125,-119.54319000244141,MONO,UNINCORPORATED,-119.54317474365234,38.345474243164062
91266568,2020,2020-07-10,9820,2020-07-04,1202,015992,,6,1,9,2600,0,1,3,,1,013,SR-89,US-395,5280.00,N,N,A,-,Y,,,89,,,,,,,Y,3,0,1,1,A,-,03,22350,,N,F,A,A,A,H,-,A,D,0,,,Y,,Y,,C,02,0,1,0,0,0,0,0,0,1,"- ","- ",38.642898559570312,-119.54450225830078,MONO,UNINCORPORATED,-119.54449462890625,38.642890930175781
91270522,2020,2020-07-17,9820,2020-07-16,1745,018230,,4,2,9,2600,0,1,2,,1,011,"US-395 N/B","THOMAS LN",528.00,N,N,A,-,Y,,,395,,,,,,N,Y,3,0,1,2,A,-,03,22350,,N,C,C,A,A,H,-,A,D,0,,,Y,,Y,,C,02,0,1,0,0,0,0,0,0,1,"- ","- ",38.517219543457031,-119.48133087158203,MONO,UNINCORPORATED,-119.48136901855469,38.517166137695312
91270983,2020,2020-07-20,9820,2020-07-03,2128,020241,,5,2,9,2600,0,3,5,,2,020,"TWIN LAKES RD",US-395,4224.00,W,N,A,-,N,,,,,,,,,,Y,3,0,1,1,A,-,08,22107,,N,E,I,A,A,H,-,D,D,0,,,,,Y,,A,01,0,1,0,0,0,0,0,0,0,"- ","- ",38.242969512939453,-119.23191070556641,MONO,UNINCORPORATED,,
91271351,2020,2020-07-20,9820,2020-07-10,2330,018654,,5,3,9,2600,0,1,3,,1,013,SR-89,US-395,4752.00,W,N,A,-,Y,,,89,,,,,,,Y,4,0,2,1,A,-,08,22107,,N,E,I,A,A,H,-,D,D,0,,,,,Y,,A,01,0,0,2,0,0,0,0,0,0,"- ","- ",38.641860961914062,-119.54135131835938,MONO,UNINCORPORATED,-119.54126739501953,38.641433715820312
91272198,2020,2020-07-21,9820,2020-07-16,0615,021335,,4,1,9,2600,0,1,3,,1,039,SR-158,"BAY ST",60.00,N,N,A,-,Y,,,158,,,,,,,N,3,0,1,2,A,-,05,21650,,F,G,B,E,A,H,-,B,D,0,Y,,,,Y,,-,99,0,1,0,0,1,0,0,0,0,"- ","- ",37.765548706054688,-119.10561370849609,MONO,UNINCORPORATED,-119.10558319091797,37.7655029296875
91272909,2020,2020-07-22,9820,2020-07-18,1300,015992,,6,1,9,2600,0,1,2,,1,012,US-395,"EAST SIDE LANE",12672.00,S,N,B,-,Y,,,395,,,,,,,Y,2,0,1,1,A,-,08,22107,,N,F,I,A,A,H,-,A,D,0,,,Y,,Y,,C,02,1,0,0,0,0,0,0,0,1,"- ","- ",38.486129760742188,-119.45761108398438,MONO,UNINCORPORATED,-119.4576416015625,38.486156463623047
91276695,2020,2020-07-29,9820,2020-07-22,1530,016150,,3,2,9,2600,0,1,2,,1,012,US-395,"SHINDLE MILL DAY USE AREA",5808.00,S,N,C,-,Y,,,395,,,,,,,Y,3,0,1,2,A,-,08,22107,,N,B,C,A,B,H,-,A,D,0,,,,,Y,,A,01,0,1,0,0,0,0,0,0,0,"- ","- ",38.431179046630859,-119.45192718505859,MONO,UNINCORPORATED,-119.45156860351562,38.431358337402344
91277312,2020,2020-07-30,9825,2020-07-22,0645,021400,,3,1,9,2600,0,1,2,,1,023,"US-395 SOUTHBOUND","CROSS OVER BELOW SAND SHED",3168.00,S,N,A,-,Y,,,395,,,,,,S,Y,2,0,2,2,A,-,03,22350,,N,C,C,A,A,H,-,A,D,0,,,,Y,Y,,G,25,1,0,1,0,0,0,0,0,0,"- ","- ",37.488761901855469,-118.58247375488281,MONO,UNINCORPORATED,-118.58247375488281,37.488758087158203
91281984,2020,2020-08-06,9820,2020-07-08,0750,015992,,3,1,9,2600,0,3,5,,2,020,"TWIN LAKES RD","CHARLEY DAY DR",4224.00,W,N,A,-,N,,,,,,,,,,Y,3,0,2,1,A,-,08,22107,,N,E,I,A,A,H,-,A,D,0,,,,,Y,,D,22,0,1,1,0,0,0,0,0,0,"- ","- ",38.149848937988281,-119.37119293212891,MONO,UNINCORPORATED,-119.36896514892578,38.150287628173828
91285745,2020,2020-08-13,9820,2020-08-11,1153,016556,,2,1,9,2600,0,1,2,,1,041,"US 395 NB","FIRST STREET",0.00,,Y,B,-,Y,,,,,,,,,,N,3,0,1,2,A,-,03,22350,,N,C,C,A,A,H,-,A,D,0,,,,,Y,,D,22,0,1,0,0,0,0,0,0,0,"- ","- ",37.958560943603516,-119.12059783935547,MONO,UNINCORPORATED,-119.12062072753906,37.958518981933594
91295462,2020,2020-08-28,9820,2020-08-18,2030,016150,,2,2,9,2600,0,1,2,,1,021,US-395,"LITTLE WALKER RD",2640.00,S,N,A,-,Y,,,395,,,,,,,Y,2,0,2,1,A,-,08,22107,,N,E,I,A,A,H,-,D,D,0,,,,,Y,,E,22,2,0,0,0,0,0,0,0,0,"- ","- ",38.345020294189453,-119.43508148193359,MONO,UNINCORPORATED,-119.43506622314453,38.345001220703125
91296138,2020,2020-08-31,9820,2020-08-25,1110,020934,,2,1,9,2600,0,1,3,,1,013,SR-89,"US-395 S/B",15840.00,N,N,A,-,Y,,,89,,,,,,,Y,4,0,1,2,A,-,03,22350,,N,A,C,A,A,H,-,A,D,0,,,,,Y,,A,01,0,0,1,0,0,0,0,0,0,"- ","- ",38.654251098632812,-119.57781219482422,MONO,UNINCORPORATED,-119.57784271240234,38.654201507568359
91296171,2020,2020-08-31,9820,2020-08-27,0259,016556,,4,3,9,2600,0,1,2,,1,052,"US-395 N/B","CROWLEY LAKE DR",1056.00,S,N,A,-,Y,,,395,,,,,,N,Y,4,0,2,1,C,-,18,,,N,E,H,A,A,H,-,D,D,0,,,,,Y,,-,"- ",0,0,2,0,0,0,0,0,0,"- ","- ",37.599460601806641,-118.79971313476562,MONO,UNINCORPORATED,-118.79975891113281,37.599407196044922
91296247,2020,2020-08-31,9820,2020-08-26,0929,016556,,3,1,9,2600,0,1,2,,1,042,"US-395 S/B","OBSIDIAN DOME RD",4752.00,N,N,A,-,Y,,,395,,,,,,S,Y,4,0,1,1,A,-,08,22107,,N,E,I,A,A,H,-,A,D,0,,,,,Y,,A,07,0,0,1,0,0,0,0,0,0,"- ","- ",37.785140991210938,-119.02236175537109,MONO,UNINCORPORATED,-119.02231597900391,37.785167694091797
91298571,2020,2020-09-03,9820,2020-08-30,1535,021692,,7,2,9,2600,0,1,3,,1,013,SR-89,US-395,9240.00,W,N,A,-,Y,,,89,,,,,,,Y,2,0,2,2,A,-,05,21460,A,N,F,C,A,A,H,-,A,D,0,,,Y,,Y,,C,02,2,0,0,0,0,0,0,0,2,"- ","- ",38.642978668212891,-119.55711364746094,MONO,UNINCORPORATED,-119.55709838867188,38.643020629882812
91301759,2020,2020-09-09,9820,2020-09-06,2010,021692,,7,2,9,2600,0,1,2,,1,052,"US0395 SOUTHBOUND","MT. MORRISON ROAD",200.00,S,N,A,-,Y,,,,,,,,,,N,4,0,1,1,C,-,18,,,N,H,H,A,A,H,-,D,D,0,,,,,Y,,-,"- ",0,0,1,0,0,0,0,0,0,"- ","- ",37.615459442138672,-118.81346130371094,MONO,UNINCORPORATED,,
91313147,2020,2020-09-28,9820,2020-09-21,0250,016150,,1,3,9,2600,0,1,2,,1,052,"US-395 N/B","SR-303 UNDERCROSSING",1056.00,N,N,B,-,Y,,,395,,,,,,N,Y,2,0,1,1,A,-,08,22107,,N,F,A,A,A,H,-,D,D,0,,,,,Y,,A,07,1,0,0,0,0,0,0,0,0,"- ","- ",37.644931793212891,-118.92198944091797,MONO,UNINCORPORATED,-118.92190551757812,37.645008087158203
91318617,2020,2020-11-09,9820,2020-09-28,2020,021692,,1,2,9,2600,0,1,3,,2,047,"SR-120 EAST","SAGEHEN MEADOW ROAD",4224.00,E,N,A,-,Y,,,120,,,,,,,Y,3,0,2,1,A,-,08,22107,,N,E,I,A,A,H,-,D,D,0,,,,,Y,,A,01,0,2,0,0,0,0,0,0,0,"- ","- ",37.894481658935547,-118.85254669189453,MONO,UNINCORPORATED,-118.85257720947266,37.894420623779297
91321804,2020,2020-12-04,9820,2020-10-05,1913,016150,,1,2,9,2600,0,1,2,,1,021,"BRIDGE ST",US-395,64.00,E,N,A,-,Y,,,,,,,,,,Y,2,0,2,3,A,-,08,22107,,N,C,E,A,A,H,-,C,D,0,,,,,Y,,A,01,2,0,0,0,0,0,0,0,0,"- ","- ",38.256278991699219,-119.22441101074219,MONO,UNINCORPORATED,-119.22454833984375,38.256290435791016
91321901,2020,2020-10-12,9820,2020-10-11,1245,017711,,7,1,9,2600,0,3,5,,2,015,"LOBDELL LAKE ROAD","BURCHAM FLAT ROAD",16896.00,E,N,A,-,N,,,,,,,,,,Y,3,0,1,1,A,-,13,22515,A,N,H,B,A,A,H,-,A,D,0,,,,,Y,,A,01,0,1,0,0,0,0,0,0,0,"- ","- ",38.411720275878906,-119.37857055664062,MONO,UNINCORPORATED,,
91323614,2020,2020-10-14,9820,2020-10-06,1400,019933,,2,2,9,2600,0,3,5,,2,020,"UN-NAMED DIRT TRAIL","TWIN LAKES RD.",2640.00,N,N,A,-,N,,,,,,,,,,N,2,0,1,1,B,-,22,,,N,F,A,A,A,G,-,A,D,0,,,Y,,Y,,C,06,1,0,0,0,0,0,0,0,1,"- ","- ",38.179000854492188,-119.343017578125,MONO,UNINCORPORATED,,
91329686,2020,2020-10-22,9820,2020-10-15,1330,015992,,4,1,9,2600,0,1,3,,1,014,SR-108,US-395,5280.00,W,N,A,-,Y,,,108,,,,,,,N,4,0,1,2,A,-,08,22107,,N,C,C,A,A,H,-,A,D,0,,,,,Y,,A,01,0,0,1,0,0,0,0,0,0,"- ","- ",38.357078552246094,-119.46846008300781,MONO,UNINCORPORATED,-119.46848297119141,38.3570556640625
91331064,2020,2020-10-26,9820,2020-10-19,1220,019933,,1,1,9,2600,0,1,2,,1,021,"RT 395","BUCKEYE RD.",0.00,,Y,A,-,Y,,,395,,,,,,,Y,2,0,1,2,A,-,06,21751,,N,D,C,A,A,H,-,A,D,0,,,Y,,Y,,C,02,1,0,0,0,0,0,0,0,1,"- ","- ",38.276321411132812,-119.28938293457031,MONO,UNINCORPORATED,-119.28935241699219,38.276348114013672
91333231,2020,2020-11-30,9820,2020-10-16,1415,020241,,5,2,9,2600,0,3,5,,2,025,US-395,"EASTSIDE LN",12144.00,S,N,A,-,Y,,,395,,,,,,,Y,3,0,1,2,A,-,03,22350,,N,F,A,A,A,H,-,A,D,0,,,,Y,Y,,G,25,0,1,0,0,0,0,0,0,0,"- ","- ",38.485130310058594,-119.45974731445312,MONO,UNINCORPORATED,-119.45974731445312,38.485130310058594
91337745,2020,2020-11-03,9825,2020-10-31,1800,020183,,6,2,9,2600,0,3,5,,2,030,"UNNAMED DIRT ROAD","SACRAMENTO ST",5280.00,E,N,A,-,N,,,,,,,,,,N,2,0,1,1,A,-,03,38305,,N,F,A,A,A,A,-,A,D,0,,,Y,,Y,,C,06,1,0,0,0,0,0,0,0,1,"- ","- ",37.538921356201172,-118.36695098876953,MONO,UNINCORPORATED,,
91340258,2020,2020-11-05,9820,2020-10-30,1835,021335,,5,2,9,2600,0,1,2,,1,021,US-395,"BURCHAM FLAT RD",11616.00,S,N,A,-,Y,,,395,,,,,,,Y,4,0,1,1,C,-,18,,,N,H,H,A,A,H,-,B,D,0,,,,,Y,,-,"- ",0,0,1,0,0,0,0,0,0,"- ","- ",38.349441528320312,-119.38571166992188,MONO,UNINCORPORATED,-119.38571929931641,38.349369049072266
91340986,2020,2020-12-04,9825,2020-09-06,2230,015522,,7,3,9,2600,0,1,2,,1,023,"US-395 S/B","LOWER ROCK CREEK ROAD",26136.00,S,N,A,-,Y,,,395,,,,,,S,Y,1,1,0,1,A,-,01,23152,A,N,E,I,A,A,H,-,D,D,0,,,,,Y,Y,A,07,0,0,0,0,0,0,0,0,0,"- ","- ",37.518241882324219,-118.59667205810547,MONO,UNINCORPORATED,-118.59666442871094,37.518260955810547
91345853,2020,2020-12-08,9820,2020-11-09,1020,017711,,1,1,9,2600,0,1,3,,1,023,"STATE ROUTE 182","EAST WALKER RIVER BRIDGE",12672.00,N,N,A,-,Y,,,182,,,,,,,Y,2,0,2,3,A,-,08,22107,,N,B,C,A,C,H,-,A,D,0,,,,Y,Y,,B,07,2,0,0,0,0,0,0,0,0,"- ","- ",38.371379852294922,-119.19525146484375,MONO,UNINCORPORATED,-119.19520568847656,38.371334075927734
91353746,2020,2020-11-25,9820,2020-11-20,1635,021335,,5,2,9,2600,0,1,2,,1,012,US-395,"EASTSIDE LN",19008.00,S,N,A,-,Y,,,395,,,,,,,Y,2,0,1,1,A,-,03,22350,,N,F,A,A,A,H,-,B,D,0,,,Y,,Y,,C,02,1,0,0,0,0,0,0,0,1,"- ","- ",38.471210479736328,-119.46153259277344,MONO,UNINCORPORATED,-119.46160888671875,38.471176147460938
91355141,2020,2020-11-30,9820,2020-11-21,1210,015992,,6,1,9,2600,0,1,2,,1,021,US-395,"SINCLAIR ST",0.00,,Y,B,-,Y,,,395,,,,,,,Y,3,0,1,2,A,-,03,22350,,N,C,C,A,A,H,-,A,D,0,,,,,Y,,D,22,0,1,0,0,0,0,0,0,0,"- ","- ",38.255840301513672,-119.22773742675781,MONO,UNINCORPORATED,-119.22774505615234,38.255897521972656
91355492,2020,2020-11-30,9820,2020-11-25,1710,018230,,3,2,9,2600,0,1,2,,1,022,"US-395 NB",SR-270,1320.00,S,N,A,-,Y,,,395,,,,,,N,N,3,0,1,1,C,-,18,,,N,H,H,A,A,H,-,D,D,0,,,,,Y,,-,"- ",0,1,0,0,0,0,0,0,0,"- ","- ",38.171768188476562,-119.19399261474609,MONO,UNINCORPORATED,-119.19395446777344,38.171775817871094
91355651,2020,2020-11-30,9820,2020-11-25,1925,021335,,3,2,9,2600,0,1,2,,1,022,US-395,"MILL CREEK POWERHOUSE RD",1056.00,N,N,A,-,Y,,,395,,,,,,,Y,4,0,1,1,C,-,18,,,N,H,H,A,A,H,-,D,D,0,,,,,Y,,-,"- ",0,0,1,0,0,0,0,0,0,"- ","- ",38.052261352539062,-119.16496276855469,MONO,UNINCORPORATED,-119.16487884521484,38.052284240722656
91370943,2020,2020-12-18,9825,2020-12-11,0450,021400,,5,3,9,2600,0,1,2,,1,009,US-6,"13596 HWY 6",1584.00,N,N,A,-,Y,,,6,,,,,,,Y,4,0,1,1,A,-,08,22107,,N,E,I,A,A,H,-,D,D,0,,,,Y,Y,,G,25,0,0,1,0,0,0,0,0,0,"- ","- ",37.655548095703125,-118.40068054199219,MONO,UNINCORPORATED,-118.4005126953125,37.65557861328125
91371366,2020,2020-12-18,9820,2020-12-17,1012,015992,,4,1,9,2600,0,1,2,,1,022,US-395,SR-270,2112.00,N,N,B,D,Y,,,395,,,,,,,Y,3,0,1,2,A,-,03,22350,,N,E,I,A,C,H,-,A,A,0,,,,Y,Y,,G,25,0,1,0,0,0,0,0,0,0,"- ","- ",38.180500030517578,-119.1962890625,MONO,UNINCORPORATED,-119.19633483886719,38.180488586425781
91373435,2020,2020-12-22,9820,2020-12-13,1654,021208,,7,2,9,2600,0,1,2,,1,052,"SB US 395 / CONVICT LAKE RD.","CONVICT LAKE RD",4224.00,N,N,D,G,Y,,,,,,,,,,Y,2,0,4,2,A,-,01,23153,A,N,C,C,A,C,H,-,B,A,0,,,,,Y,Y,M,47,1,3,0,0,0,0,0,0,0,"- ","- ",37.626110076904297,-118.85240173339844,MONO,UNINCORPORATED,,
91375923,2020,2020-12-28,9820,2020-12-22,0345,020934,,2,3,9,2600,0,1,2,,1,041,"NORTHBOUND US-395","WEST PORTAL RD",500.00,N,N,G,-,Y,,,395,,,,,,,Y,4,0,1,1,C,-,18,,,N,F,A,A,A,H,-,D,D,0,,,,Y,Y,,-,"- ",0,0,1,0,0,0,0,0,0,"- ","- ",37.847019195556641,-119.07657623291016,MONO,UNINCORPORATED,-119.07659149169922,37.847007751464844
91385203,2021,2021-01-11,9820,2021-01-08,0830,015992,,5,1,9,2600,0,1,3,,2,043,SR-167,"COTTONWOOD CANYON RD",12672.00,E,N,B,-,Y,,,167,,,,,,,Y,3,0,1,1,A,-,08,22107,,N,F,A,A,A,H,-,A,D,0,,,,,Y,,A,01,0,1,0,0,0,0,0,0,0,"- ","- ",38.095901489257812,-118.99749755859375,MONO,UNINCORPORATED,-118.99749755859375,38.095893859863281
91386681,2021,2021-01-13,9820,2021-01-04,1325,019627,,1,1,9,2600,0,1,2,,1,012,US-395,"SHINGLE MILL DAY USE AREA",4267.00,S,N,B,C,Y,,,395,,,,,,,Y,3,0,2,2,B,-,22,,,N,D,C,A,B,H,-,A,D,0,,,,,Y,,J,48,0,2,0,0,0,0,0,0,0,"- ","- ",38.437858581542969,-119.45282745361328,MONO,UNINCORPORATED,-119.45285797119141,38.437858581542969
91389467,2021,2021-01-22,9820,2021-01-15,1220,020839,,5,1,9,2600,0,1,2,,1,052,"US-395 N/B","CROWLEY LAKE DR",2500.00,S,N,A,-,Y,,,395,,,,,,N,Y,3,0,2,1,A,-,08,22107,,N,F,A,A,A,H,-,A,D,0,,,,,Y,,D,22,0,2,0,0,0,0,0,0,0,"- ","- ",37.594779968261719,-118.79499816894531,MONO,UNINCORPORATED,-118.79506683349609,37.594715118408203
91394633,2021,2021-01-26,9820,2021-01-23,1625,022327,,6,2,9,2600,0,1,2,,1,042,"US-395 N/B","OBSIDIAN DOME RD",5597.00,S,N,D,-,Y,,,395,,,,,,N,Y,3,0,2,1,A,-,03,22350,,N,E,I,A,C,H,-,A,D,0,,,,,Y,,A,07,0,2,0,0,0,0,0,0,0,"- ","- ",37.764598846435547,-118.99970245361328,MONO,UNINCORPORATED,-118.99972534179688,37.764568328857422
91410707,2021,2021-02-18,9825,2021-02-12,0850,015522,,5,1,9,2600,0,1,2,,1,023,US-395,"LOWER ROCK CREEK ROAD",10032.00,S,N,A,B,Y,,,395,,,,,,,Y,3,0,1,1,A,-,03,22350,,N,E,I,A,C,H,-,A,A,0,,,,,Y,,D,22,0,1,0,0,0,0,0,0,0,"- ","- ",37.540508270263672,-118.63983917236328,MONO,UNINCORPORATED,-118.63983917236328,37.540508270263672
91412894,2021,2021-02-22,9820,2021-02-15,1600,020839,,1,2,9,2600,0,3,5,,2,050,"FOREST SERVICE TRAIL 03S30","MAMMOTH SCENIC LOOP",5280.00,N,N,A,-,N,,,,,,,,,,N,3,0,2,1,A,-,03,38305,,N,E,I,A,C,H,-,B,D,0,,,,,Y,,M,96,0,2,0,0,0,0,0,0,0,"- ","- ",37.685298919677734,-119.00750732421875,MONO,UNINCORPORATED,,
91412957,2021,2021-02-22,9820,2021-02-21,1240,021692,,7,1,9,2600,0,3,5,,2,045,"US FOREST SERVICE LAND","USFS ROAD 01S393",5280.00,E,N,A,-,N,,,,,,,,,,N,2,0,1,1,A,-,03,38305,,N,E,I,A,C,H,-,A,D,0,,,,,Y,,M,96,1,0,0,0,0,0,0,0,0,"- ","- ",37.829380035400391,-118.89974212646484,MONO,UNINCORPORATED,,
91412978,2021,2021-02-22,9820,2021-02-20,0915,015992,,6,1,9,2600,0,1,2,,1,022,US-395,"HUGGANS LANE",8448.00,S,N,A,-,Y,,,395,,,,,,,Y,3,0,1,1,A,-,03,22350,,N,F,A,A,C,H,-,A,D,0,,,,,Y,,D,22,0,1,0,0,0,0,0,0,0,"- ","- ",38.213218688964844,-119.23153686523438,MONO,UNINCORPORATED,-119.23143768310547,38.213203430175781
91421624,2021,2021-03-05,9820,2021-02-27,2110,021692,,6,2,9,2600,0,3,5,,2,055,"BENTON CROSSING ROAD","PIT ROAD",1584.00,W,N,A,-,N,,,,,,,,,,Y,4,0,1,1,A,-,08,22107,,N,F,A,A,A,H,-,D,D,0,,,,,Y,,A,01,0,0,1,0,0,0,0,0,0,"- ","- ",37.670509338378906,-118.78115844726562,MONO,UNINCORPORATED,-118.78084564208984,37.671157836914062
91427686,2021,2021-03-15,9820,2021-03-13,0940,020934,,6,1,9,2600,0,1,2,,1,042,"SOUTHBOUND US-395","GLASS CREEK RD",3696.00,N,N,A,-,Y,,,395,,,,,,,Y,4,0,1,1,A,-,03,22350,,N,F,A,A,C,H,-,A,A,0,,,,,Y,,D,22,0,0,1,0,0,0,0,0,0,"- ","- ",37.759960174560547,-118.99246215820312,MONO,UNINCORPORATED,-118.99247741699219,37.759929656982422
91431059,2021,2021-03-19,9820,2021-03-18,2115,018230,,4,2,9,2600,0,1,2,,1,012,US-395,BOOTLEG,528.00,N,N,B,C,Y,,,395,,,,,,,Y,4,0,1,1,C,-,18,,,N,E,J,A,B,H,-,D,D,0,,,,,Y,,-,"- ",0,0,1,0,0,0,0,0,0,"- ","- ",38.415611267089844,-119.45025634765625,MONO,UNINCORPORATED,-119.45030212402344,38.415622711181641
91432074,2021,2021-03-22,9820,2021-03-10,1411,022327,,3,2,2,2601,0,2,S,,2,901,"LUPIN ST","DORRANCE AVE",152.00,N,N,B,D,N,,,,,,,,,,N,3,0,1,4,A,-,13,22515,A,N,G,B,E,C,H,-,A,D,0,Y,,,,Y,,J,48,0,1,0,0,1,0,0,0,0,"- ","- ",37.644500732421875,-118.97579956054688,MONO,"MAMMOTH LAKES",-118.97592163085938,37.644733428955078
91432540,2021,2021-03-22,9820,2021-03-13,0339,019933,,6,3,9,2600,0,1,2,,1,042,"US 395 SOUTH OF SR 158 (SOUTH JUNCTION)","SR 158 S. JUNCTION",9504.00,S,N,B,-,Y,,,,,,,,,,Y,3,0,1,1,A,-,03,22350,,N,E,I,A,C,G,-,D,A,0,,,,,Y,,E,22,0,1,0,0,0,0,0,0,0,"- ","- ",37.792461395263672,-119.03476715087891,MONO,UNINCORPORATED,-119.08739471435547,37.866527557373047
91440272,2020,2021-03-31,9820,2020-07-25,2043,022327,,6,2,9,2600,0,3,5,,2,055,"BENTON CROSSING ROAD","PIT RD",1584.00,W,N,A,-,N,,,,,,,,,,Y,1,1,5,2,A,-,01,23152,G,N,D,C,A,A,H,-,B,A,0,,,,,Y,,D,22,5,0,0,0,0,0,0,0,0,"- ","- ",37.401199340820312,-118.46520233154297,MONO,UNINCORPORATED,-118.78083038330078,37.671154022216797
91441134,2021,2021-04-01,9820,2021-03-30,2120,018230,,2,2,9,2600,0,1,3,,2,043,SR-167,"COTTONWOOD CANYON RD",40656.00,E,N,A,-,Y,,,167,,,,,,,Y,2,0,1,1,A,-,03,22350,,N,H,H,A,A,G,-,D,A,0,,,,,Y,,A,01,1,0,0,0,0,0,0,0,0,"- ","- ",38.125980377197266,-118.90467834472656,MONO,UNINCORPORATED,-118.90469360351562,38.126018524169922
91445560,2021,2021-05-11,9820,2021-03-30,1755,021692,,2,2,9,2600,0,1,3,,1,039,SR-158,"NORTH SHORE DRIVE",1742.00,N,N,A,-,Y,,,158,,,,,,,Y,4,0,1,1,A,-,01,23152,A,N,E,I,A,A,H,-,A,D,0,,,,,Y,Y,D,22,0,0,1,0,0,0,0,0,0,"- ","- ",37.768440246582031,-119.09623718261719,MONO,UNINCORPORATED,-119.09620666503906,37.768379211425781
91447193,2021,2021-04-09,9820,2021-04-02,0807,016556,,5,1,9,2600,0,1,2,,1,051,"US-395 N/B","OWENS RIVER RD",1740.00,S,N,A,-,Y,,,395,,,,,,N,Y,3,0,1,2,A,-,07,21658,A,N,D,C,A,A,H,-,A,D,0,,,,Y,Y,,A,01,0,1,0,0,0,0,0,0,0,"- ","- ",37.731479644775391,-118.96749877929688,MONO,UNINCORPORATED,-118.96742248535156,37.731540679931641
91453339,2021,2021-04-19,9820,2021-04-11,1530,021692,,7,2,9,2600,0,1,2,,1,052,"US-395 SOUTHBOUND","CROWLEY LAKE DR.",50.00,N,N,A,-,Y,,,395,,,,,,S,Y,3,0,2,1,A,-,08,22107,,N,F,A,A,A,H,-,A,D,0,,,Y,,Y,,C,02,0,2,0,0,0,0,0,0,2,"- ","- ",37.601539611816406,-118.80245971679688,MONO,UNINCORPORATED,-118.8023681640625,37.601638793945312
91454320,2021,2021-04-20,9820,2021-04-13,1125,016150,,2,1,9,2600,0,1,2,,1,022,US-395,"MILL CREEK POWERHOUSE RD",1584.00,N,N,A,G,Y,,,395,,,,,,,Y,3,0,1,1,A,-,03,22350,,N,F,A,A,A,H,-,A,D,0,,,,Y,Y,,G,25,0,1,0,0,0,0,0,0,0,"- ","- ",38.054130554199219,-119.16545104980469,MONO,UNINCORPORATED,-119.16545867919922,38.054126739501953
91455381,2021,2021-04-21,9820,2021-04-14,0627,016150,,3,1,9,2600,0,1,2,,1,022,US-395,"VIRGINIA LAKES RD",5280.00,S,N,B,D,Y,,,395,,,,,,,Y,3,0,1,1,A,-,03,22350,,N,E,I,A,C,H,-,A,A,0,,,,Y,Y,,G,25,0,1,0,0,0,0,0,0,0,"- ","- ",38.074138641357422,-119.17639923095703,MONO,UNINCORPORATED,-119.17638397216797,38.074234008789062
91458319,2021,2021-04-26,9820,2021-04-23,1335,016556,,5,1,9,2600,0,1,2,,1,042,"US-395 N/B","PUMICE MINE RD",3168.00,S,N,A,-,Y,,,395,,,,,,N,N,4,0,1,1,C,-,18,,,N,H,H,A,A,H,-,A,D,0,,,,,Y,,-,"- ",0,0,1,0,0,0,0,0,0,"- ","- ",37.801658630371094,-119.04065704345703,MONO,UNINCORPORATED,-119.040771484375,37.801658630371094
91469412,2021,2021-05-10,9820,2021-05-05,1505,020309,,3,2,9,2600,0,1,2,,1,022,US-395,"MT PATTERSON DR",5280.00,S,N,A,-,Y,,,,,,,,,,Y,3,0,1,1,A,-,08,22107,,N,E,I,A,A,H,-,A,D,0,,,,,Y,,M,47,0,1,0,0,0,0,0,0,0,"- ","- ",,,MONO,UNINCORPORATED,-119.22798156738281,38.223716735839844
91475381,2021,2021-05-18,9820,2021-05-10,0645,016150,,1,1,9,2600,0,1,2,,1,012,US-395,"SHINGLE MILL CAMPGROUND",1584.00,N,N,A,-,Y,,,395,,,,,,,Y,4,0,1,1,A,-,08,22107,,N,E,I,A,A,H,-,A,D,0,,,,,Y,,A,01,0,0,1,0,0,0,0,0,0,"- ","- ",38.453689575195312,-119.45938873291016,MONO,UNINCORPORATED,-119.45942687988281,38.453647613525391
91475449,2021,2021-05-18,9820,2021-05-14,1830,017711,,5,2,9,2600,0,1,2,,1,012,US-395,"EASTSIDE LANE",15840.00,S,N,A,-,Y,,,395,,,,,,,Y,3,0,1,1,A,-,01,23152,A,N,E,I,A,A,H,-,A,D,0,,,,,Y,Y,D,22,0,1,0,0,0,0,0,0,0,"- ","- ",38.48004150390625,-119.46013641357422,MONO,UNINCORPORATED,-119.46021270751953,38.480022430419922
91480082,2021,2021-05-24,9820,2021-05-19,0415,018654,,3,3,9,2600,0,1,2,,1,041,US-395,"UTILITY RD",50.00,N,N,A,-,Y,,,395,,,,,,,Y,2,0,1,1,A,-,08,22107,,N,E,I,A,A,H,-,D,D,0,,,,Y,Y,,F,26,1,0,0,0,0,0,0,0,0,"- ","- ",37.951461791992188,-119.11686706542969,MONO,UNINCORPORATED,-119.11690521240234,37.951400756835938
91480358,2021,2021-05-27,9820,2021-05-20,1640,018230,,4,2,9,2600,0,3,5,,2,025,"UN-NAMED ROAD",SR-270,528.00,N,N,B,-,N,,,,,,,,,,N,2,0,1,1,A,-,03,38305,,N,F,A,A,A,H,-,A,D,0,,,Y,,Y,,C,02,1,0,0,0,0,0,0,0,1,"- ","- ",38.165130615234375,-119.15110778808594,MONO,UNINCORPORATED,,
91488636,2021,2021-06-03,9820,2021-05-28,1605,021335,,5,2,9,2600,0,1,3,,1,044,SR-120,"SADDLEBAG LAKE ROAD",332.00,W,N,A,-,Y,,,120,,,,,,,Y,2,0,1,1,A,-,01,23152,A,N,E,8,A,A,H,-,A,D,0,,,,,Y,Y,A,01,1,0,0,0,0,0,0,0,0,"- ","- ",37.938030242919922,-119.24913787841797,MONO,UNINCORPORATED,-119.24909973144531,37.937976837158203
91492123,2021,2021-06-08,9820,2021-06-05,0130,018654,,6,3,9,2600,0,3,5,,2,050,"SHERWIN CREEK RD.","SUMMERS RD.",300.00,W,N,A,-,N,,,,,,,,,,Y,3,0,1,1,A,-,03,22350,,N,E,I,A,A,H,-,D,D,0,,,,,Y,,A,01,0,1,0,0,0,0,0,0,0,"- ","- ",37.622791290283203,-118.92047119140625,MONO,UNINCORPORATED,-118.92062377929688,37.622936248779297
91494417,2021,2021-06-10,9820,2021-06-08,1600,021692,,2,2,9,2600,0,1,2,,1,042,"US-395 NORTHBOUND","GLASS CREEK ROAD",3432.00,N,N,A,-,Y,,,395,,,,,,N,Y,4,0,1,1,A,-,08,22107,,N,E,I,A,A,H,-,A,D,0,,,,,Y,,A,01,0,0,1,0,0,0,0,0,0,"- ","- ",37.759689331054688,-118.99075317382812,MONO,UNINCORPORATED,-118.99075317382812,37.759674072265625
91507818,2021,2021-06-28,9820,2021-06-18,1345,015992,,5,1,9,2600,0,1,2,,1,022,US-395,"MILL CREEK POWERHOUSE RD",442.00,S,N,B,-,Y,,,395,,,,,,,Y,3,0,3,2,A,-,05,21460,A,N,A,2,A,A,H,-,A,D,0,,,,,Y,,A,01,0,3,0,0,0,0,0,0,0,"- ","- ",38.049419403076172,-119.16339874267578,MONO,UNINCORPORATED,-119.16342163085938,38.049407958984375
91512731,2021,2021-07-05,9820,2021-07-02,1757,018230,,5,2,9,2600,0,1,2,,1,021,US-395,SR-182,142.00,N,N,A,-,Y,,,395,,,,,,,Y,3,0,1,2,A,-,01,23152,F,N,B,C,A,A,H,-,A,D,0,,,,Y,Y,,G,25,0,1,0,0,0,0,0,0,0,"- ","- ",38.255599975585938,-119.22344970703125,MONO,UNINCORPORATED,-119.22345733642578,38.255596160888672
91514792,2021,2021-07-07,9820,2021-06-25,0320,016556,,5,3,9,2600,0,3,5,,2,050,"MAMMOTH SCENIC LOOP","RT 395",4752.00,W,N,A,-,N,,,,,,,,,,Y,3,0,1,1,A,-,08,22107,,N,E,I,A,A,H,-,D,D,0,,,,,Y,,A,07,0,1,0,0,0,0,0,0,0,"- ","- ",37.704250335693359,-118.96421051025391,MONO,UNINCORPORATED,,
91514862,2021,2021-07-07,9820,2021-07-01,0802,016556,,4,1,9,2600,0,1,2,,1,042,"US 395 N/B","WEST PORTAL RD",2112.00,S,N,A,-,Y,,,,,,,,,,Y,3,0,1,1,C,-,18,,,N,H,H,A,A,H,-,A,D,0,,,,,Y,,-,"- ",0,1,0,0,0,0,0,0,0,"- ","- ",37.858291625976562,-119.08464050292969,MONO,UNINCORPORATED,-119.08684539794922,37.866001129150391
91514898,2021,2021-07-07,9820,2021-07-01,1425,018230,,4,2,9,2600,0,1,2,,1,012,US-395,"EASTSIDE LN",15312.00,S,N,A,B,Y,,,395,,,,,,,Y,3,0,1,1,C,-,18,,,N,E,I,A,A,H,-,A,D,0,,,,,Y,,-,"- ",0,1,0,0,0,0,0,0,0,"- ","- ",38.4805908203125,-119.46025085449219,MONO,UNINCORPORATED,-119.46039581298828,38.480491638183594
91515089,2021,2021-07-07,9820,2021-07-01,2313,018654,,4,3,9,2600,0,1,2,,1,012,US-395,"EASTSIDE LANE",1000.00,S,N,A,-,Y,,,395,,,,,,,Y,3,0,1,1,A,-,03,22350,,N,E,I,A,A,H,-,D,D,0,,,,Y,Y,,G,25,0,1,0,0,0,0,0,0,0,"- ","- ",38.512508392333984,-119.45012664794922,MONO,UNINCORPORATED,-119.45018005371094,38.512462615966797
91517023,2021,2021-07-09,9820,2021-07-04,2500,021336,,7,4,9,2600,0,1,3,,1,014,SR-108,"US HIGHWAY 395",7920.00,W,N,F,-,Y,,,108,,,,,,,Y,2,0,1,1,A,-,08,22107,,N,F,A,A,A,G,H,D,D,0,,,,,Y,,A,07,1,0,0,0,0,0,0,0,0,"- ","- ",38.365951538085938,-119.48423004150391,MONO,UNINCORPORATED,-119.48423004150391,38.365936279296875
91518110,2021,2021-07-12,9820,2021-07-08,1355,021692,,4,1,9,2600,0,1,3,,2,047,"SR-120 (EAST)","DOBIE MEADOWS RD.",1056.00,W,N,A,-,Y,,,120,,,,,,,Y,3,0,1,1,A,-,08,22107,,N,E,I,A,A,H,-,A,D,0,,,,,Y,,A,07,0,1,0,0,0,0,0,0,0,"- ","- ",37.920951843261719,-118.70420074462891,MONO,UNINCORPORATED,-118.70417785644531,37.920986175537109
91523209,2021,2021-07-19,9825,2021-07-12,0820,015522,,1,1,9,2600,0,1,2,,1,009,US-6,"SIPES RANCH ROAD",1531.00,S,N,A,-,Y,,,6,,,,,,,Y,3,0,1,1,A,-,08,22107,,N,E,I,A,A,H,-,A,D,0,,,,,Y,,D,22,0,1,0,0,0,0,0,0,0,"- ","- ",37.852100372314453,-118.47535705566406,MONO,UNINCORPORATED,-118.47542572021484,37.852119445800781
91523774,2021,2021-07-19,9820,2021-07-11,1515,021692,,7,2,9,2600,0,1,3,,2,047,"SR-120 (EAST)","BLACK CANYON ROAD",5280.00,W,N,C,-,Y,,,120,,,,,,,Y,4,0,1,1,A,-,08,22107,,N,F,A,A,B,H,-,A,D,0,,,,,Y,,E,23,0,0,1,0,0,0,0,0,0,"- ","- ",37.886669158935547,-118.63285827636719,MONO,UNINCORPORATED,-118.63284301757812,37.886711120605469
91533784,2021,2021-07-30,9820,2021-07-25,0550,021335,,7,3,9,2600,0,1,2,,1,042,"US-395 N/B","WEST PORTAL RD (NORTH)",1584.00,S,N,A,-,Y,,,395,,,,,,N,Y,3,0,1,1,A,-,08,22107,,N,E,9,A,A,H,-,B,D,0,,,,,Y,,A,01,0,1,0,0,0,0,0,0,0,"- ","- ",37.859668731689453,-119.08518981933594,MONO,UNINCORPORATED,-119.08523559570312,37.859649658203125
91542773,2021,2021-08-11,9820,2021-08-02,1700,021336,,1,2,9,2600,0,1,2,,1,012,"US HIGHWAY 395","EASTSIDE LN",26400.00,S,N,A,-,Y,,,395,,,,,,,Y,3,0,2,2,A,-,08,22107,,N,D,2,A,A,H,-,A,D,0,,,,,Y,,A,07,0,2,0,0,0,0,0,0,0,"- ","- ",38.453529357910156,-119.45926666259766,MONO,UNINCORPORATED,-119.45928192138672,38.453514099121094
91547179,2021,2021-08-17,9820,2021-08-06,1135,016556,,5,1,9,2600,0,3,5,,2,040,"FOREST SERVICE ROAD 1S84E","GARBAGE PIT ROAD",315.00,S,N,A,-,N,,,,,,,,,,N,2,0,1,1,C,-,18,,,N,H,A,A,A,A,B,A,D,0,,,Y,,Y,,-,"- ",1,0,0,0,0,0,0,0,1,"- ","- ",37.807220458984375,-119.06500244140625,MONO,UNINCORPORATED,,
91547922,2021,2021-08-18,9825,2021-08-08,0300,017565,,7,3,9,2600,0,1,3,,1,012,"RT 6","CHIDAGO CANYON RD",6864.00,E,N,A,-,Y,,,6,,,,,,,Y,4,0,2,1,A,-,08,22107,,N,F,A,A,A,H,-,D,D,0,,,,,Y,,A,01,0,0,2,0,0,0,0,0,0,"- ","- ",37.634330749511719,-118.39700317382812,MONO,UNINCORPORATED,-118.39702606201172,37.634326934814453
91551890,2021,2021-08-23,9820,2021-08-21,1535,021692,,6,2,9,2600,0,1,3,,1,044,"SR-120 (WEST)",US-395,31680.00,W,N,A,-,Y,,,120,,,,,,,Y,3,0,1,1,A,-,08,22107,,N,F,A,A,A,H,-,A,D,0,,,Y,,Y,,C,02,0,1,0,0,0,0,0,0,1,"- ","- ",37.948329925537109,-119.19477844238281,MONO,UNINCORPORATED,-119.19477081298828,37.948352813720703
91555392,2021,2021-08-26,9820,2021-08-16,1200,022327,,1,1,9,2600,0,3,5,,2,040,"USFS 1S102","GRANT LAKE ROAD",220.00,W,N,A,-,N,,,,,,,,,,N,3,0,1,2,A,-,03,38305,,M,F,E,A,A,G,-,A,D,0,,,Y,,Y,Y,C,06,0,1,0,0,0,0,0,0,1,"- ","- ",37.86016845703125,-119.10224151611328,MONO,UNINCORPORATED,,
91558350,2021,2021-08-30,9820,2021-08-29,1545,021692,,7,2,9,2600,0,1,3,,2,047,"SR-120 (EAST)","SAGE HEN MEADOW RD.",4224.00,E,N,A,-,Y,,,120,,,,,,,N,3,0,2,1,A,-,08,22107,,N,E,I,A,A,H,-,A,A,0,,,Y,,Y,,C,02,0,2,0,0,0,0,0,0,2,"- ","- ",37.894588470458984,-118.85270690917969,MONO,UNINCORPORATED,-118.85274505615234,37.894500732421875
91569180,2021,2021-09-13,9820,2021-09-03,1715,021335,,5,2,9,2600,0,1,2,,1,051,"US-395 S/B",SR-203,13200.00,N,N,A,-,Y,,,395,,,,,,S,Y,3,0,1,1,A,-,08,22107,,N,E,I,A,A,H,-,A,D,0,,,,,Y,,A,07,0,1,0,0,0,0,0,0,0,"- ","- ",37.672550201416016,-118.93766021728516,MONO,UNINCORPORATED,-118.93767547607422,37.672542572021484
91569201,2021,2021-09-13,9820,2021-09-04,1135,021335,,6,1,9,2600,0,3,5,,2,040,"NORTHSHORE DR","GARBAGE PIT RD",563.00,E,N,A,-,N,,,,,,,,,,Y,2,0,1,1,A,-,08,22107,,N,F,A,A,A,H,-,A,D,0,,,Y,,Y,,C,02,1,0,0,0,0,0,0,0,1,"- ","- ",37.80133056640625,-119.06839752197266,MONO,UNINCORPORATED,,
91571155,2021,2021-09-15,9820,2021-09-06,2050,018654,,1,2,9,2600,0,1,2,,1,022,US-395,"VIRGINIA LAKES RD",5280.00,N,N,A,-,Y,,,,,,,,,,N,4,0,1,1,C,-,18,,,N,H,H,A,A,H,-,D,D,0,,,,,Y,,-,"- ",0,0,1,0,0,0,0,0,0,"- ","- ",39.100498199462891,-119.17819213867188,MONO,UNINCORPORATED,-119.17830657958984,38.101215362548828
91571170,2021,2021-09-15,9820,2021-09-10,1954,018654,,5,2,9,2600,0,1,3,,1,014,SR-108,"SILVER CREEK RD.",20064.00,W,N,A,-,Y,,,108,,,,,,,Y,3,0,2,1,C,-,18,,,N,F,8,A,A,H,-,D,D,0,,,,,Y,,-,"- ",0,2,0,0,0,0,0,0,0,"- ","- ",38.322769165039062,-119.55587005615234,MONO,UNINCORPORATED,-119.55583953857422,38.322765350341797
91571192,2021,2021-09-15,9820,2021-09-12,1105,020839,,7,1,9,2600,0,1,2,,1,022,"US-395 S/B","395 MNO 62.5",335.00,S,N,A,-,Y,,,395,,,,,,S,Y,2,0,1,1,A,-,03,22350,,N,E,I,A,A,H,-,A,D,0,,,Y,,Y,,C,02,1,0,0,0,0,0,0,0,1,"- ","- ",38.074199676513672,-119.17562103271484,MONO,UNINCORPORATED,-119.17562103271484,38.074184417724609
91573186,2021,2021-09-17,9820,2021-09-14,0950,016556,,2,1,9,2600,0,1,3,,1,044,"SR120 WEST","POOLE POWER PLANT ROAD",17952.00,W,N,A,-,Y,,,120,,,,,,,Y,3,0,1,1,A,-,08,22107,,N,F,A,A,A,H,-,A,D,0,,,,,Y,,A,01,0,1,0,0,0,0,0,0,0,"- ","- ",37.949489593505859,-119.21379852294922,MONO,UNINCORPORATED,-119.21379852294922,37.949504852294922
91576622,2021,2021-09-22,9820,2021-09-18,1930,021692,,6,2,9,2600,0,3,5,,2,055,"BENTON CROSSING ROAD","WILD WILLY'S HOT TUBS ROAD",0.00,,Y,A,-,Y,,,,,,,,,,Y,4,0,3,2,A,-,09,21802,A,N,D,C,A,A,H,-,D,D,0,,,,,Y,,A,07,0,0,3,0,0,0,0,0,0,"- ","- ",37.655109405517578,-118.78959655761719,MONO,UNINCORPORATED,,
91584000,2021,2021-09-30,9820,2021-09-22,1628,016944,,3,2,9,2600,0,1,2,,1,021,US-395,"BUCKEYE RD.",2191.00,S,N,A,-,Y,,,395,,,,,,,Y,2,0,2,2,A,-,08,22107,,N,B,C,A,A,H,-,A,D,0,,,,Y,Y,,E,22,1,1,0,0,0,0,0,0,0,"- ","- ",38.271331787109375,-119.28453826904297,MONO,UNINCORPORATED,-119.28453063964844,38.271339416503906
91587722,2021,2021-10-04,9825,2021-09-22,1800,018441,,3,2,9,2600,0,1,2,,1,023,"US-395 SOUTHBOUND","SAND SHED CROSSOVER",1056.00,N,N,A,-,Y,,,395,,,,,,S,Y,3,0,1,1,A,-,01,23152,A,N,E,I,A,A,H,-,A,D,0,,,,,Y,Y,A,07,0,1,0,0,0,0,0,0,0,"- ","- ",37.510231018066406,-118.5848388671875,MONO,UNINCORPORATED,-118.58489990234375,37.510200500488281
91588288,2021,2021-10-05,9730,2021-09-26,2040,021477,,7,2,9,2600,0,3,5,,2,007,"BENSON ROAD",AXTELL,200.00,N,N,A,-,N,,,,,,,,,,N,2,0,2,2,A,-,08,22107,,N,B,E,A,A,H,-,C,D,0,,,,,Y,,M,96,2,0,0,0,0,0,0,0,0,"- ","- ",36.766090393066406,-121.74855041503906,MONO,UNINCORPORATED,,
91589590,2021,2021-10-06,9820,2021-09-27,1952,022327,,1,2,9,2600,0,3,5,,2,050,"ROCK CREEK RD","ROCK CREEK LAKE CAMPGROUND ROAD",25.00,W,N,A,-,N,,,,,,,,,,Y,2,0,1,1,A,-,01,23152,A,N,E,I,A,A,H,-,D,D,0,,,,,Y,Y,A,01,1,0,0,0,0,0,0,0,0,"- ","- ",37.456890106201172,-118.73536682128906,MONO,UNINCORPORATED,-118.6826171875,37.5643310546875
91592090,2021,2021-10-08,9820,2021-10-03,0730,020934,,7,1,9,2600,0,1,3,,1,039,SR-158,"NEVADA ST",0.00,,Y,A,-,Y,,,158,,,,,,,Y,3,0,1,1,A,-,08,22107,,N,E,I,A,A,H,-,A,D,0,,,,,Y,,A,07,0,1,0,0,0,0,0,0,0,"- ","- ",37.764629364013672,-119.11630249023438,MONO,UNINCORPORATED,-119.11629486083984,37.764656066894531
91594551,2021,2021-10-12,9820,2021-10-09,1010,020934,,6,1,9,2600,0,3,5,,2,055,"BENTON CROSSING ROAD","PIT ROAD",5280.00,S,N,A,-,N,,,,,,,,,,Y,3,0,2,1,A,-,08,22107,,N,E,I,A,A,H,-,A,D,0,,,,,Y,,A,01,0,1,1,0,0,0,0,0,0,"- ","- ",37.66094970703125,-118.78540802001953,MONO,UNINCORPORATED,-118.78379058837891,37.661655426025391
91603847,2021,2021-10-22,9820,2021-10-19,0905,016556,,2,1,9,2600,0,1,2,,1,041,"SR 167 WB","US 395 NB",0.00,,Y,A,-,Y,,,167,,,,,,W,Y,2,0,2,2,A,-,09,21801,A,N,D,C,A,A,H,-,A,A,0,,,,,Y,,A,07,1,1,0,0,0,0,0,0,0,"- ","- ",38.045551300048828,-119.16081237792969,MONO,UNINCORPORATED,-119.16074371337891,38.045314788818359
91607636,2021,2021-10-27,9825,2021-10-15,1130,016119,,5,1,9,2600,0,3,5,,2,030,"LOWER ROCK CREEK ROAD","BOUNDARY ROAD",1056.00,N,N,A,-,N,,,,,,,,,,Y,3,0,1,1,A,-,08,22107,,N,F,A,A,A,H,-,A,D,0,,,,,Y,,D,22,0,1,0,0,0,0,0,0,0,"- ","- ",37.473110198974609,-118.5992431640625,MONO,UNINCORPORATED,,
91609256,2021,2021-10-28,9820,2021-10-22,0923,016556,,5,1,9,2600,0,1,2,,1,042,"STATE ROUTE 158","US 395 SOUTHBOUND",0.00,,Y,A,-,Y,,,158,,,,,,,Y,2,0,2,2,A,-,09,21802,A,N,D,C,A,A,H,-,A,A,0,,,,,Y,,A,07,2,0,0,0,0,0,0,0,0,"- ","- ",37.892631530761719,-119.09248352050781,MONO,UNINCORPORATED,-119.09244537353516,37.892311096191406
91612004,2021,2021-11-01,9820,2021-10-26,1625,021692,,2,2,9,2600,0,3,5,,2,055,"SHEPHERD HOT SPRINGS ROAD","WHITMORE TUBS ROAD",2112.00,E,N,B,-,N,,,,,,,,,,N,2,0,1,1,A,-,08,22107,,N,F,A,A,B,F,-,A,D,0,,,Y,,Y,,C,02,1,0,0,0,0,0,0,0,1,"- ","- ",37.665241241455078,-118.80476379394531,MONO,UNINCORPORATED,,
91620931,2021,2021-11-09,9825,2021-11-06,2115,021400,,6,2,9,2600,0,1,2,,1,009,"RT 6","TRUMAN MEADOWS ROAD",2640.00,W,N,A,-,N,,,6,,,,,,,N,3,0,1,1,C,-,18,,,N,H,H,A,A,H,-,D,D,0,,,,,Y,,-,"- ",0,1,0,0,0,0,0,0,0,"- ","- ",37.894489288330078,-118.44399261474609,MONO,UNINCORPORATED,-118.44401550292969,37.894519805908203
91627337,2021,2021-11-17,9825,2021-11-13,2032,020183,,6,2,9,2600,0,1,2,,1,009,US-6,"PEDRO RANCH ROAD",4224.00,N,N,B,-,Y,,,6,,,,,,,Y,3,0,1,1,A,-,08,22107,,N,E,I,A,A,H,-,D,D,0,,,,,Y,,A,08,0,1,0,0,0,0,0,0,0,"- ","- ",37.873458862304688,-118.46906280517578,MONO,UNINCORPORATED,-118.46913146972656,37.873493194580078
91638525,2021,2021-11-30,9820,2021-11-23,1645,017711,,2,2,9,2600,0,3,5,,2,015,"EASTSIDE LANE","TOPAZ LANE",920.00,S,N,A,-,N,,,,,,,,,,Y,3,0,1,1,A,-,01,23152,A,N,E,I,A,A,H,-,B,D,0,,,,,Y,Y,A,01,0,1,0,0,0,0,0,0,0,"- ","- ",38.602161407470703,-119.45755004882812,MONO,UNINCORPORATED,-119.45760345458984,38.602165222167969
91639446,2021,2021-12-01,9825,2021-11-24,0940,017057,,3,1,9,2600,0,1,A,,2,715,"27211 US-6","SIPES RANCH RD.",5280.00,S,N,A,-,Y,,,6,,,,,,,Y,3,0,1,2,A,-,03,22350,,F,G,B,F,A,H,-,A,A,0,Y,,,,Y,,E,22,0,1,0,0,1,0,0,0,0,"- ","- ",37.841121673583984,-118.47860717773438,MONO,UNINCORPORATED,-118.478515625,37.841091156005859
91649263,2021,2021-12-10,9820,2021-12-03,1445,015992,,5,2,9,2600,0,1,2,,1,022,"US-395 N/B","VIRGINIA LAKES RD",5808.00,N,N,A,-,Y,,,395,,,,,,N,Y,3,0,1,1,A,-,08,22107,,N,E,I,A,A,H,-,A,D,0,,,,,Y,,-,28,0,1,0,0,0,0,0,0,0,"- ","- ",38.102508544921875,-119.17812347412109,MONO,UNINCORPORATED,-119.17786407470703,38.10235595703125
91650309,2021,2021-12-13,9820,2021-12-09,1540,021692,,4,2,9,2600,0,1,2,,1,042,"US-395 SOUTHBOUND","BALD MOUNTAIN ROAD",2640.00,N,N,B,-,Y,,,395,,,,,,S,Y,4,0,2,1,A,-,08,22107,,N,F,A,A,C,H,-,A,D,0,,,,,Y,,D,22,0,0,2,0,0,0,0,0,0,"- ","- ",37.777389526367188,-119.01795959472656,MONO,UNINCORPORATED,-119.01805877685547,37.777240753173828
91656563,2021,2021-12-20,9820,2021-12-13,1620,017711,,1,2,9,2600,1,1,2,,1,012,US-395,"WEST WALKER RIVER BRIDGE",1056.00,N,N,B,D,Y,,,395,,,,,,,Y,3,0,2,2,A,-,03,22350,,N,A,C,A,C,H,-,B,A,0,,,,,Y,,H,13,0,2,0,0,0,0,0,0,0,"- ","- ",38.383899688720703,-119.45243835449219,MONO,UNINCORPORATED,-119.45247650146484,38.383861541748047
91656758,2021,2021-12-20,9820,2021-12-09,0925,016556,,4,1,9,2600,0,1,2,,1,022,"US 395 NORTHBOUND","VIRGINIA LAKES RD",2112.00,N,N,D,-,Y,,,,,,,,,,Y,4,0,1,1,A,-,03,22350,,N,F,I,A,C,H,-,A,A,0,,,,,Y,,A,07,0,0,1,0,0,0,0,0,0,"- ","- ",38.091400146484375,-119.17978668212891,MONO,UNINCORPORATED,-119.17914581298828,38.092601776123047
91657689,2021,2021-12-21,9820,2021-12-09,0650,016556,,4,1,9,2600,0,1,2,,1,052,"US 395 SOUTHBOUND","CROWLEY LAKE DRIVE",528.00,S,N,D,-,Y,,,,,,,,,,Y,3,0,1,1,A,-,03,22350,,N,F,I,A,C,H,-,A,D,0,,,,,Y,,D,22,0,1,0,0,0,0,0,0,0,"- ","- ",37.600479125976562,-118.80117797851562,MONO,UNINCORPORATED,-118.80111694335938,37.600360870361328
91663760,2021,2021-12-28,9820,2021-12-15,1500,021335,,3,2,9,2600,0,1,2,,1,042,"US-395 S/B",SR-203,2640.00,N,N,A,-,Y,,,395,,,,,,S,Y,4,0,1,2,A,-,03,22350,,N,C,2,A,C,H,-,A,A,0,,,,,Y,,A,07,0,0,1,0,0,0,0,0,0,"- ","- ",37.645969390869141,-118.92324829101562,MONO,UNINCORPORATED,-118.92328643798828,37.645946502685547
91663814,2021,2021-12-28,9820,2021-12-17,0905,015992,,5,1,9,2600,0,1,2,,1,052,"US-395 S/B","CROWLEY LAKE DR.",175.00,S,N,B,-,Y,,,,,,,,,,Y,3,0,1,1,A,-,03,22350,,N,E,J,A,C,H,-,A,A,0,,,,,Y,,D,22,0,1,0,0,0,0,0,0,0,"- ","- ",37.600929260253906,-118.00138854980469,MONO,UNINCORPORATED,-118.8018798828125,37.601116180419922
91668725,2021,2022-01-03,9820,2021-12-23,1500,015992,,4,2,9,2600,0,1,2,,1,012,"US-395 N/B","SHINGLE MILL CAMPGROUND",528.00,N,N,D,-,Y,,,395,,,,,,N,Y,3,0,1,2,A,-,03,22350,,N,D,C,A,C,G,-,A,A,0,,,,,Y,,A,08,0,1,0,0,0,0,0,0,0,"- ","- ",38.451011657714844,-119.45825958251953,MONO,UNINCORPORATED,-119.45829010009766,38.451000213623047
91669749,2021,2022-01-04,9825,2021-12-26,1000,017057,,7,1,9,2600,0,1,2,,1,009,US-6,"RAINBOW RANCH RD.",528.00,S,N,B,-,Y,,,6,,,,,,,Y,4,0,1,1,A,-,03,22350,,N,E,I,A,C,G,-,A,D,0,,,,,Y,,D,22,0,0,1,0,0,0,0,0,0,"- ","- ",37.685970306396484,-118.41325378417969,MONO,UNINCORPORATED,-118.41315460205078,37.686027526855469
91669843,2021,2022-01-04,9825,2021-12-24,0800,017057,,5,1,9,2600,0,1,2,,1,009,US-6,"SPRING CANYON CREEK",80.00,N,N,B,-,Y,,,6,,,,,,,Y,3,0,1,1,A,-,03,22350,,N,E,I,A,C,G,-,A,D,0,,,,,Y,,E,22,0,1,0,0,0,0,0,0,0,"- ","- ",37.714218139648438,-118.43002319335938,MONO,UNINCORPORATED,-118.43028259277344,37.714061737060547
91670113,2021,2022-01-04,9825,2021-12-27,1205,016173,,1,1,9,2600,0,3,5,,2,030,"LOWER ROCK CREEK ROAD","WESTRIDGE ROAD",10032.00,N,N,B,D,N,,,,,,,,,,Y,3,0,1,1,A,-,03,22350,,N,F,A,A,C,H,-,A,D,0,,,,,Y,,D,22,0,1,0,0,0,0,0,0,0,"- ","- ",37.502681732177734,-118.60626983642578,MONO,UNINCORPORATED,-118.60648345947266,37.502731323242188
91670921,2022,2022-01-05,9825,2022-01-01,1915,020183,,6,2,9,2600,0,1,2,,1,023,US-395,"LOWER ROCK CREEK RD",1584.00,S,N,B,-,Y,MNO,,395,,,8.956,H,,R,Y,3,0,2,1,A,-,03,22350,,N,E,I,A,C,H,-,D,D,0,,,,,Y,,A,07,0,2,0,0,0,0,0,0,0,"- ","- ",37.557941436767578,-118.654541015625,MONO,UNINCORPORATED,-118.65452575683594,37.558013916015625
91671018,2021,2022-01-05,9825,2021-12-26,0730,017057,,7,1,9,2600,0,1,2,,1,009,US-6,"DAWSON RANCH RD.",7920.00,S,N,B,-,Y,,,6,,,,,,,N,3,0,1,2,A,-,03,22350,,N,C,C,A,C,G,-,A,D,0,,,,,Y,,A,01,0,1,0,0,0,0,0,0,0,"- ","- ",37.645561218261719,-118.39895629882812,MONO,UNINCORPORATED,-118.39886474609375,37.645576477050781
91672694,2022,2022-03-04,9820,2022-01-04,0825,016556,,2,1,9,2600,0,3,5,,2,050,"MAMMOTH SCENIC LOOP","RT 395",10560.00,W,N,A,-,N,,,,,,,,,,Y,3,0,4,2,A,-,03,22350,,N,A,C,A,C,H,-,A,A,0,,,,,Y,,A,07,0,4,0,0,0,0,0,0,0,"- ","- ",37.693981170654297,-118.98136901855469,MONO,UNINCORPORATED,,
91676543,2021,2022-01-12,9820,2021-12-28,2110,021692,,2,2,9,2600,0,1,2,,1,051,"US-395 SOUTHBOUND","MT. MORRISON ROAD",3696.00,S,N,A,-,Y,,,395,,,,,,S,Y,3,0,1,1,A,-,08,22107,,N,E,J,A,C,H,-,D,D,0,,,,,Y,,A,08,0,1,0,0,0,0,0,0,0,"- ","- ",37.608409881591797,-118.80740356445312,MONO,UNINCORPORATED,-118.80740356445312,37.608409881591797
91678423,2022,2022-01-14,9825,2022-01-06,0150,017565,,4,3,9,2600,0,1,2,,1,009,"RT 6","CHIDAGO CANYON ROAD",10032.00,E,N,A,-,Y,MNO,,6,,R,12.688,H,,R,Y,3,0,1,1,A,-,01,23152,,N,E,I,A,A,H,-,D,D,0,,,,,Y,Y,A,07,0,1,0,0,0,0,0,0,0,"- ","- ",37.642459869384766,-118.39849090576172,MONO,UNINCORPORATED,-118.39836120605469,37.642475128173828
91683580,2022,2022-01-24,9825,2022-01-19,1800,019814,,3,2,9,2600,0,3,5,,2,030,"LOWER ROCK CREEK ROAD","BOUNDARY ROAD",5280.00,N,N,A,-,N,,,,,,,,,,Y,2,0,1,1,A,-,08,22107,,N,E,J,A,A,H,-,D,D,0,,,,,Y,,A,01,1,0,0,0,0,0,0,0,0,"- ","- ",37.472900390625,-118.59912109375,MONO,UNINCORPORATED,,
91685549,2021,2022-01-26,9820,2021-12-05,0740,016944,,7,1,9,2600,0,1,2,,1,022,"US-395 S/B","MILL CREEK POWERHOUSE ROAD",2619.00,N,N,A,-,Y,,,395,,,,,,S,Y,1,2,1,2,A,-,01,23152,A,N,A,C,A,A,H,-,A,D,0,,,,,Y,Y,A,01,1,0,0,0,0,0,0,0,0,"- ","- ",38.056640625,-119.166259765625,MONO,UNINCORPORATED,-119.16623687744141,38.056648254394531
91687976,2021,2022-01-28,9820,2021-11-12,0458,022327,,5,3,9,2600,0,1,2,,1,042,"US-395 S/B","GLASS CREEK RD",2112.00,N,N,A,-,Y,,,395,,,,,,S,Y,1,1,0,1,A,-,08,22107,,N,F,8,A,A,H,-,D,D,0,,,,,Y,,E,22,0,0,0,0,0,0,0,0,0,"- ","- ",37.756500244140625,-118.98674011230469,MONO,UNINCORPORATED,-118.98667144775391,37.756565093994141
91691732,2022,2022-02-02,9820,2022-01-26,1730,021335,,3,2,9,2600,0,1,2,,1,052,"US-395 S/B","ROCK CREEK RD",0.00,,Y,A,-,Y,MNO,,395,,R,10.262,H,,L,Y,3,0,1,2,A,-,09,21801,A,N,D,C,A,A,H,-,B,D,0,,,Y,,Y,,A,01,0,1,0,0,0,0,0,0,1,"- ","- ",37.561740875244141,-118.67727661132812,MONO,UNINCORPORATED,-118.67724609375,37.561798095703125
91694610,2022,2022-02-07,9820,2022-01-31,1930,021692,,1,2,9,2600,0,3,5,,2,050,"CROWLEY LAKE DRIVE","MCGEE CREEK ROAD",150.00,S,N,A,-,N,,,,,,,,,,Y,3,0,1,1,A,-,01,23152,A,N,E,I,A,A,H,-,C,D,0,,,,,Y,Y,D,23,0,1,0,0,0,0,0,0,0,"- ","- ",37.586330413818359,-118.78415679931641,MONO,UNINCORPORATED,-118.78409576416016,37.586280822753906
91722149,2022,2022-03-14,9820,2022-03-10,0855,015992,,4,1,9,2600,0,1,2,,1,012,US-395,"SHINGLE MILL DAY USE",8448.00,N,N,B,-,Y,MNO,,395,,,102.698,H,,R,Y,3,0,1,2,A,-,03,22350,,N,A,C,A,C,H,-,A,A,0,,,,,Y,,A,01,0,1,0,0,0,0,0,0,0,"- ","- ",38.470550537109375,-119.46138000488281,MONO,UNINCORPORATED,-119.46143341064453,38.470546722412109
91723508,2022,2022-03-15,9820,2022-03-14,1108,020934,,1,1,9,2600,0,3,5,,2,050,"DRY CREEK ROAD SPUR","MAMMOTH SCENIC LOOP",5280.00,W,N,A,-,N,,,,,,,,,,N,2,0,1,1,A,-,03,38305,,N,E,I,A,C,H,-,A,D,0,,,Y,,Y,,-,"- ",1,0,0,0,0,0,0,0,1,"- ","- ",37.6810302734375,-119.00415802001953,MONO,UNINCORPORATED,-118.99705505371094,37.696941375732422
91734730,2022,2022-03-28,9825,2022-03-21,1300,020125,,1,1,9,2600,0,1,3,,1,014,SR-266,SR-168,2640.00,N,N,A,-,N,,,,,,,,,,Y,2,0,2,1,A,-,08,22107,,N,E,I,A,A,H,-,A,D,0,,,,,Y,,-,"- ",1,0,1,0,0,0,0,0,0,"- ","- ",37.486961364746094,-117.92115783691406,MONO,UNINCORPORATED,-117.92117309570312,37.486892700195312
91736621,2022,2022-04-21,9825,2022-03-19,1350,022652,,6,1,9,2600,0,1,2,,1,006,US-395,"ASH CREEK RD",10982.00,S,N,G,-,Y,INY,,395,,,39.692,H,,R,Y,4,0,1,1,C,-,18,,,N,F,I,A,A,H,-,A,D,0,,,,Y,Y,,-,"- ",0,0,1,0,0,0,0,0,0,"- ","- ",36.349639892578125,-118.02272033691406,MONO,UNINCORPORATED,-118.02281951904297,36.349628448486328
91749168,2022,2022-04-15,9820,2022-04-14,1345,015992,,4,1,9,2600,0,1,2,,1,021,"US-395 N/B","BUCKEYE RD",8976.00,N,N,B,-,Y,MNO,,395,,,82.472,H,,R,N,3,0,1,1,C,-,18,,,N,H,H,A,A,H,-,A,D,0,,,,,Y,,-,"- ",0,1,0,0,0,0,0,0,0,"- ","- ",38.296749114990234,-119.31066131591797,MONO,UNINCORPORATED,-119.31075286865234,38.296730041503906
91750516,2022,2022-04-18,9820,2022-02-15,0009,021692,,2,3,9,2600,0,1,2,,1,052,"US-395 S/B","SOUTH LANDING RD.",4752.00,N,N,B,G,Y,MNO,,395,,R,14.927,H,,L,Y,1,1,1,1,A,-,08,22107,,N,F,0,A,A,G,-,D,A,0,,,,Y,Y,,G,25,0,0,1,0,0,0,0,0,0,"- ","- ",37.576171875,-118.75676727294922,MONO,UNINCORPORATED,-118.75678253173828,37.576148986816406
91752866,2022,2022-04-20,9820,2022-04-12,0755,016944,,2,1,9,2600,0,1,3,,1,014,SR-108,US-395,19536.00,W,N,A,-,Y,MNO,,108,,,11.299,H,,R,Y,3,0,1,1,A,-,03,22350,,N,F,A,A,C,H,-,A,D,0,,,,,Y,,A,07,0,1,0,0,0,0,0,0,0,"- ","- ",38.357460021972656,-119.50798797607422,MONO,UNINCORPORATED,-119.50800323486328,38.357574462890625
91757203,2022,2022-04-26,9820,2022-04-24,0752,022327,,7,1,9,2600,0,1,2,,1,042,"US-395 N/B","SR 158 S JNCT",1584.00,N,N,A,-,Y,,,,,,,,,,Y,3,0,1,1,A,-,08,22107,,N,F,A,A,A,H,-,A,D,0,,,,,Y,,A,07,0,1,0,0,0,0,0,0,0,"- ","- ",37.481098175048828,-119.04280090332031,MONO,UNINCORPORATED,-119.09255218505859,37.896697998046875
91762531,2022,2022-05-02,9820,2022-04-26,1313,016944,,2,1,9,2600,0,1,2,,1,011,US-395,"TOPAZ LANE",32.00,S,N,B,-,Y,MNO,,395,,,114.683,H,,R,Y,3,0,1,2,A,-,08,22107,,N,D,C,A,A,H,-,A,D,0,,,,,Y,,A,07,0,1,0,0,0,0,0,0,0,"- ","- ",38.610729217529297,-119.51979827880859,MONO,UNINCORPORATED,-119.51980590820312,38.610729217529297
91765694,2022,2022-05-05,9820,2022-04-18,1158,016944,,1,1,9,2600,0,3,5,,2,010,US-395,"PENFIELD RD.",1056.00,N,N,A,G,Y,MNO,,395,,,120.118,H,,R,N,4,0,1,2,A,-,03,22350,,N,B,C,A,A,H,-,A,D,0,,,,,Y,,A,07,0,0,1,0,0,0,0,0,0,"- ","- ",38.682369232177734,-119.54865264892578,MONO,UNINCORPORATED,-119.54836273193359,38.682407379150391
91767427,2022,2022-05-09,9820,2022-04-29,1310,015992,,5,1,9,2600,0,1,2,,1,021,US-395,"KIRKWOOD ST",526.00,N,N,B,-,Y,,,,,,,,,,Y,2,0,1,2,A,-,09,21801,A,N,D,C,A,A,H,-,A,D,0,,,,,Y,,A,01,1,0,0,0,0,0,0,0,0,"- ","- ",38.250080108642578,-119.2322998046875,MONO,UNINCORPORATED,-119.23313140869141,38.256256103515625
91767445,2022,2022-05-09,9820,2022-05-03,1405,017711,,2,2,9,2600,0,1,3,,1,039,"STATE ROUTE 158","LAKEVIEW DRIVE",95.00,S,N,A,-,Y,MNO,,158,,R,2.596,H,,R,Y,3,0,1,1,C,-,18,,,N,E,I,A,A,H,-,A,D,0,,,,,Y,,-,"- ",0,1,0,0,0,0,0,0,0,"- ","- ",37.780498504638672,-119.07485961914062,MONO,UNINCORPORATED,-119.07489776611328,37.780521392822266
91769116,2022,2022-05-10,9820,2022-05-09,0940,020934,,1,1,9,2600,0,1,3,,2,054,"WB SR-203",US-395,4752.00,W,N,A,-,Y,MNO,,203,,,7.717,H,,R,N,4,0,1,1,C,-,18,,,N,H,H,A,A,H,-,A,D,0,,,,,Y,,-,"- ",0,0,1,0,0,0,0,0,0,"- ","- ",37.639789581298828,-118.93186187744141,MONO,UNINCORPORATED,-118.93185424804688,37.639602661132812
91769624,2022,2022-05-17,9820,2022-04-09,1655,016944,,6,2,9,2600,0,3,5,,2,010,SR-89,US-395,26400.00,N,N,A,-,Y,MNO,,89,,,5.094,H,,R,Y,2,0,1,1,A,-,03,22350,,N,F,A,A,A,H,-,A,D,0,,,Y,,Y,,C,02,1,0,0,0,0,0,0,0,1,"- ","- ",38.660850524902344,-119.58583068847656,MONO,UNINCORPORATED,-119.5858154296875,38.660854339599609
91773224,2022,2022-05-16,9820,2022-05-15,1245,021692,,7,1,9,2600,0,1,3,,2,047,"SR-120 EAST","USFS ROAD 1S21",1100.00,W,N,A,-,Y,MNO,,120,,,22.298,H,,R,Y,3,0,1,1,A,-,08,22107,,N,F,A,A,A,H,-,A,D,0,,,Y,,Y,,C,02,0,1,0,0,0,0,0,0,1,"- ","- ",37.889778137207031,-118.96485137939453,MONO,UNINCORPORATED,-118.96485137939453,37.889785766601562
91776746,2022,2022-05-20,9820,2022-05-13,1155,016556,,5,1,9,2600,0,1,2,,1,052,"US 395 N/B","RT 203",1056.00,S,N,A,-,Y,MNO,,395,,R,25.456,H,,R,N,2,0,1,1,A,-,08,22107,,N,E,I,A,A,H,-,A,D,0,,,Y,,Y,,C,02,1,0,0,0,0,0,0,0,1,"- ","- ",37.639339447021484,-118.91204833984375,MONO,UNINCORPORATED,-118.91205596923828,37.639331817626953
91789089,2022,2022-06-06,9820,2022-06-04,1230,020934,,6,1,9,2600,0,1,2,,1,042,"SOUTHBOUND US-395","SR-158 (NORTH JUNCTION)",0.00,,Y,B,-,Y,MNO,,395,,,46.380,H,,L,Y,4,0,1,2,A,-,09,21802,A,N,D,C,A,A,H,-,A,A,0,,,,,Y,,-,"- ",0,0,1,0,0,0,0,0,0,"- ","- ",37.892280578613281,-119.09237670898438,MONO,UNINCORPORATED,-119.09235382080078,37.892284393310547
91791901,2022,2022-06-09,9820,2022-03-03,2500,021335,,4,4,9,2600,0,1,2,,1,022,US-395,"GREEN CREEK RD",1220.00,S,N,A,-,Y,MNO,,395,,,71.732,H,,R,Y,1,1,0,1,A,-,01,23152,A,N,E,I,A,A,H,-,D,D,0,,,,,Y,Y,A,07,0,0,0,0,0,0,0,0,0,"- ","- ",38.194980621337891,-119.21592712402344,MONO,UNINCORPORATED,-119.21587371826172,38.195049285888672
91793897,2022,2022-06-13,9820,2022-06-11,0942,017711,,6,1,9,2600,0,3,5,,2,025,"BODIE MASONIC ROAD","BODIE ROAD",27984.00,N,N,A,-,N,,,,,,,,,,N,3,0,1,1,A,-,03,38305,,N,F,A,A,A,H,-,A,D,0,,,Y,,Y,,C,06,0,1,0,0,0,0,0,0,1,"- ","- ",38.251361846923828,-119.06707000732422,MONO,UNINCORPORATED,,
91797536,2022,2022-06-17,9820,2022-06-11,1045,022327,,6,1,9,2600,0,3,5,,2,055,"OWENS RIVER RD","BENTON CROSSING RD",1637.00,N,N,A,-,N,,,,,,,,,,N,2,0,1,1,A,-,03,38305,,N,F,I,A,A,H,-,A,D,0,,,Y,,Y,,C,02,1,0,0,0,0,0,0,0,1,"- ","- ",37.689910888671875,-118.77571105957031,MONO,UNINCORPORATED,-118.77510070800781,37.689460754394531
91810098,2022,2022-07-05,9820,2022-06-27,1545,021692,,1,2,9,2600,0,3,5,,2,050,"DIRT AND ROCK FIELD","SHERWIN CREEK ROAD",5808.00,E,N,A,-,N,,,,,,,,,,N,3,0,1,1,A,-,03,38305,,N,E,J,A,A,H,-,A,D,0,,,Y,,Y,,-,"- ",0,1,0,0,0,0,0,0,1,"- ","- ",37.615390777587891,-118.88279724121094,MONO,UNINCORPORATED,,
91819690,2022,2022-07-18,9825,2022-07-07,0500,016119,,4,3,9,2600,0,1,3,,1,014,"RT 266","RT 168",5280.00,N,N,A,-,Y,MNO,,266,,,4.772,H,,R,Y,3,0,1,1,A,-,08,22107,,N,F,A,A,A,H,-,D,D,0,,,,Y,Y,,F,26,0,1,0,0,0,0,0,0,0,"- ","- ",37.486820220947266,-117.92066955566406,MONO,UNINCORPORATED,-117.92066955566406,37.486858367919922
91819709,2022,2022-07-18,9825,2022-07-07,2100,022905,,4,2,9,2600,0,1,2,,1,009,US-6,SR-120,239.00,N,N,A,-,Y,MNO,,6,,,25.766,H,,R,N,2,0,1,1,A,-,17,21200,,N,F,A,A,A,H,-,C,D,0,,Y,,,Y,Y,L,04,1,0,0,0,0,0,1,0,0,"- ","- ",37.81903076171875,-118.47724914550781,MONO,UNINCORPORATED,-118.47711944580078,37.819042205810547
91820226,2022,2022-09-23,9825,2022-07-01,2230,022014,,5,3,9,2600,0,1,2,,1,023,"US-395 N/B","GORGE ROAD",24130.00,N,N,A,-,Y,MNO,,395,,R,3.394,H,,R,N,4,0,1,1,A,-,21,22106,,N,H,I,A,A,H,-,D,D,0,,,,,Y,,M,47,0,0,1,0,0,0,0,0,0,"- ","- ",37.512088775634766,-118.58321380615234,MONO,UNINCORPORATED,-118.583251953125,37.5120849609375
91822142,2022,2022-07-21,9825,2022-07-15,1500,019814,,5,2,9,2600,0,3,5,,2,030,"LOWER ROCK CREEK ROAD","WESTRIDGE ROAD",7920.00,N,N,A,-,N,,,,,,,,,,Y,3,0,1,1,A,-,08,22107,,N,F,A,A,A,H,-,A,D,0,,,,,Y,,A,01,0,1,0,0,0,0,0,0,0,"- ","- ",37.501121520996094,-118.60135650634766,MONO,UNINCORPORATED,-118.60140228271484,37.500156402587891
91824024,2022,2022-07-25,9825,2022-07-13,0020,022014,,3,3,9,2600,0,1,3,,1,014,SR-266,SR-168,2700.00,N,N,A,-,Y,MNO,,266,,,4.857,H,,R,Y,3,0,6,1,A,-,08,22107,,N,F,I,A,A,H,-,D,D,0,,,,,Y,,A,07,0,1,5,0,0,0,0,0,0,"- ","- ",37.487228393554688,-117.922119140625,MONO,UNINCORPORATED,-117.92209625244141,37.487258911132812
91824289,2022,2022-08-23,9820,2022-07-09,2300,021336,,6,3,9,2600,0,1,2,,1,011,"US-HIGHWAY 395","TOPAZ LANE",187.00,N,N,A,-,Y,MNO,,395,,,114.727,H,,R,Y,3,0,1,1,C,-,18,,,N,H,H,A,A,H,-,D,D,0,,,,,Y,,-,"- ",0,1,0,0,0,0,0,0,0,"- ","- ",38.611358642578125,-119.51966857910156,MONO,UNINCORPORATED,-119.51969909667969,38.611362457275391
91830190,2022,2022-08-01,9820,2022-07-10,2150,020241,,7,2,9,2600,0,1,3,,1,023,SR-182,"LAKESHORE DRIVE",1056.00,N,N,B,-,Y,MNO,,182,,,2.833,H,,R,Y,3,0,1,1,A,-,01,23152,A,N,E,I,A,A,H,-,D,D,0,,,,,Y,Y,D,22,0,1,0,0,0,0,0,0,0,"- ","- ",38.294948577880859,-119.21260070800781,MONO,UNINCORPORATED,-119.21267700195312,38.294967651367188
91840263,2022,2022-08-15,9820,2022-08-12,2010,012768,,5,2,9,2600,0,1,2,,1,052,"US 395 NB","MCGEE CREEK ROAD",4224.00,N,N,A,-,Y,MNO,,395,,R,17.480,H,,R,Y,4,0,2,1,C,-,18,,,F,H,H,A,A,H,-,D,D,0,,,,,Y,,-,"- ",0,0,2,0,0,0,0,0,0,"- ","- ",37.595428466796875,-118.79569244384766,MONO,UNINCORPORATED,-118.79574584960938,37.595394134521484
91842739,2022,2022-08-17,9820,2022-08-14,0215,021336,,7,3,9,2600,0,1,2,,1,022,US-395,"GREEN CREEK RD",2640.00,N,N,A,-,Y,MNO,,395,,,72.434,H,,R,Y,3,0,1,1,C,-,18,,,N,H,H,A,A,H,-,D,D,0,,,,,Y,,-,"- ",0,1,0,0,0,0,0,0,0,"- ","- ",38.20294189453125,-119.22354888916016,MONO,UNINCORPORATED,-119.2236328125,38.202896118164062
91845459,2022,2022-08-22,9820,2022-08-19,1038,016556,,5,1,9,2600,0,1,2,,1,041,"US 395 S/B","STATE ROUTE 120 WEST",528.00,S,N,A,-,Y,MNO,,395,,,50.546,H,,L,Y,3,0,1,1,A,-,08,22107,,N,E,8,A,A,H,-,A,D,0,,,,,Y,,-,"- ",0,1,0,0,0,0,0,0,0,"- ","- ",37.949668884277344,-119.10967254638672,MONO,UNINCORPORATED,-119.10967254638672,37.949657440185547
91845476,2022,2022-08-22,9730,2022-08-12,1615,021776,,5,2,9,2600,0,1,2,,1,050,"SOUTHBOUND US-101","N. MAIN STREET OVER-CROSSING",566.00,N,N,A,-,Y,MON,,101,,R,88.393,H,,R,N,4,0,1,2,A,-,03,22350,,N,C,C,A,A,H,-,A,D,0,,,,,Y,,D,22,0,0,1,0,0,0,0,0,0,"- ","- ",36.688159942626953,-121.65487670898438,MONO,UNINCORPORATED,-121.65475463867188,36.688274383544922
91852195,2022,2022-08-29,9820,2022-08-21,1720,019627,,7,2,9,2600,0,1,3,,1,023,SR-182,"LAKESIDE DR",1584.00,S,N,A,-,Y,MNO,,182,,,2.369,H,,R,Y,3,0,1,2,A,-,08,22107,,N,D,C,A,A,H,-,A,D,0,,,,,Y,,A,07,0,1,0,0,0,0,0,0,0,"- ","- ",38.288330078125,-119.21488189697266,MONO,UNINCORPORATED,-119.21485137939453,38.288326263427734
91852277,2022,2022-08-29,9820,2022-08-23,2140,021692,,2,2,9,2600,0,3,5,,2,050,"CONVICT LAKE ROAD",US-395,5808.00,W,N,A,-,N,,,,,,,,,,Y,3,0,1,1,A,-,08,22107,,N,F,A,A,A,H,-,D,D,0,,,,,Y,,-,"- ",0,1,0,0,0,0,0,0,0,"- ","- ",37.608940124511719,-118.84909820556641,MONO,UNINCORPORATED,-118.84925079345703,37.609561920166016
91854444,2022,2022-08-31,9820,2022-08-24,2111,020309,,3,2,9,2600,0,3,5,,2,020,"RT 395","EASTSIDE LN",13200.00,S,N,A,-,Y,MNO,,395,,,103.889,H,,R,N,3,0,2,2,A,-,08,22107,,N,B,C,A,A,H,-,D,D,0,,,,Y,Y,,G,25,0,2,0,0,0,0,0,0,0,"- ","- ",38.485370635986328,-119.45864868164062,MONO,UNINCORPORATED,-119.45866394042969,38.485393524169922
91854515,2022,2022-08-31,9820,2022-08-26,0310,016556,,5,3,9,2600,0,3,5,,2,055,"SUBSTATION ROAD","RT 395",2640.00,E,N,A,-,N,,,,,,,,,,Y,2,0,2,1,A,-,08,22107,,N,E,I,A,A,H,-,D,D,0,,,,,Y,,A,01,2,0,0,0,0,0,0,0,0,"- ","- ",37.643520355224609,-118.9090576171875,MONO,UNINCORPORATED,,
91856285,2022,2022-09-02,9820,2022-08-26,1500,021435,,5,2,9,2600,0,1,2,,1,012,US-395,"WEST WALKER RIVER U/C",868.00,N,N,A,-,Y,MNO,,395,,,96.196,H,,R,Y,3,0,1,1,A,-,08,22107,,N,E,I,A,A,H,-,A,D,0,,,,,Y,,A,01,0,1,0,0,0,0,0,0,0,"- ","- ",38.382431030273438,-119.45120239257812,MONO,UNINCORPORATED,-119.45124816894531,38.382411956787109
91858004,2022,2022-09-06,9820,2022-09-01,1030,015992,,4,1,9,2600,0,1,3,,1,023,SR-182,"NEVADA STATE LINE",13728.00,W,N,A,-,Y,MNO,,182,,,9.999,H,,R,Y,3,0,2,3,B,-,22,,,N,A,C,A,A,D,-,A,A,0,,,,Y,Y,,G,25,0,2,0,0,0,0,0,0,0,"- ","- ",38.387248992919922,-119.18260955810547,MONO,UNINCORPORATED,-119.1826171875,38.387256622314453
91858960,2022,2022-09-07,9730,2022-08-30,1850,019328,,2,2,9,2600,0,1,3,,1,022,"RIO RD.","CARMEL CENTER PL.",0.00,,Y,A,-,N,,,,,,,,,,N,4,0,1,2,A,-,12,21453,A,N,D,C,A,A,H,-,A,A,0,,,,,Y,,A,01,0,0,1,0,0,0,0,0,0,"- ","- ",36.538558959960938,-121.90853118896484,MONO,UNINCORPORATED,,
91860849,2022,2022-09-09,9820,2022-09-03,1330,021335,,6,1,9,2600,0,3,5,,2,040,"UTILITY ROAD",US-395,562.00,S,N,B,-,N,,,,,,,,,,Y,3,0,2,1,A,-,08,22107,,N,E,I,A,A,H,-,A,D,0,,,,,Y,,-,"- ",0,2,0,0,0,0,0,0,0,"- ","- ",37.949211120605469,-119.11683654785156,MONO,UNINCORPORATED,-119.11693572998047,37.949939727783203
91860929,2022,2022-09-09,9820,2022-09-04,1105,020839,,7,1,9,2600,0,1,2,,1,042,"US-395 N/B","SR-120 E",0.00,,Y,A,-,Y,MNO,,395,,,46.008,H,,R,Y,3,0,2,2,A,-,12,22450,A,N,D,C,A,A,H,-,A,A,0,,,,,Y,,A,01,0,2,0,0,0,0,0,0,0,"- ","- ",37.886959075927734,-119.09060668945312,MONO,UNINCORPORATED,-119.09064483642578,37.886955261230469
91860966,2022,2022-09-09,9820,2022-09-05,1805,021692,,1,2,9,2600,0,1,2,,1,041,"US-395 NORTHBOUND","SR-158 SOUTH",5280.00,N,N,A,-,Y,MNO,,395,,R,41.354,H,,R,N,2,0,2,1,A,-,08,22107,,N,F,A,A,A,H,-,B,D,0,,,,,Y,,D,22,1,1,0,0,0,0,0,0,0,"- ","- ",37.824920654296875,-119.06346130371094,MONO,UNINCORPORATED,-119.06340789794922,37.824939727783203
91863335,2022,2022-09-13,9820,2022-09-08,0115,019933,,4,3,9,2600,0,1,2,,1,041,"US 395 NB HORSE MEADOWS RD.","HORSE MEADOWS RD.",1584.00,S,N,A,-,Y,MNO,,395,,,49.343,H,,R,Y,3,0,1,1,A,-,08,22107,,N,F,A,A,A,H,-,D,D,0,,,,Y,Y,,F,26,0,1,0,0,0,0,0,0,0,"- ","- ",37.934791564941406,-119.10012817382812,MONO,UNINCORPORATED,-119.10010528564453,37.934791564941406
91868971,2022,2022-09-20,9820,2022-09-13,1445,021335,,2,2,9,2600,0,1,3,,1,044,SR-120,"POOLE POWER PLANT RD",10032.00,W,N,B,-,Y,MNO,,120,,R,6.718,H,,R,Y,3,0,1,2,A,-,03,22350,,N,A,C,A,A,H,-,A,D,0,,,Y,,Y,,I,12,0,1,0,0,0,0,0,0,0,"- ","- ",37.946720123291016,-119.18859100341797,MONO,UNINCORPORATED,-119.18850708007812,37.946762084960938
91871017,2022,2022-09-22,9820,2022-09-16,2140,021692,,5,2,9,2600,0,1,2,,1,051,"US-395 SOUTHBOUND","CRESTVIEW REST AREA",410.00,S,N,A,-,Y,MNO,,395,,,32.331,H,,L,Y,4,0,1,1,A,-,08,22107,,N,F,A,A,A,D,-,C,A,0,,,Y,,Y,,C,02,0,0,1,0,0,0,0,0,1,"- ","- ",37.730319976806641,-118.96721649169922,MONO,UNINCORPORATED,-118.96714019775391,37.730354309082031
91874896,2022,2022-09-27,9820,2022-09-18,1600,021336,,7,2,9,2600,0,3,5,,2,010,"UNNAMED ABANDONE UTILITY ROAD",SR-108,1742.00,N,N,B,-,N,,,,,,,,,,Y,3,0,1,2,C,-,18,,,N,G,B,F,A,G,-,A,D,0,Y,,,,Y,,-,"- ",0,1,0,0,1,0,0,0,0,"- ","- ",38.367778778076172,-119.48294067382812,MONO,UNINCORPORATED,,
91882985,2022,2022-10-05,9825,2022-09-27,1330,022905,,2,1,9,2600,0,3,5,,2,030,"SWALL MEADOWS RD","WILSON RD",1584.00,E,N,A,-,N,,,,,,,,,,Y,2,0,1,1,A,-,08,22107,,N,E,I,A,A,H,-,A,D,0,,,,,Y,,A,07,1,0,0,0,0,0,0,0,0,"- ","- ",37.508541107177734,-118.62648010253906,MONO,UNINCORPORATED,-118.62911987304688,37.508491516113281
91885855,2022,2022-10-10,9730,2022-09-28,1447,020899,,3,2,9,2600,0,3,5,,2,020,"SUNRIDGE ROAD","ATAJO WAY",481.00,E,N,A,-,N,,,,,,,,,,N,4,0,1,1,C,-,18,,,N,H,A,A,A,H,-,A,D,0,,,,,Y,,-,"- ",0,0,1,0,0,0,0,0,0,"- ","- ",36.577648162841797,-121.92581176757812,MONO,UNINCORPORATED,,
91888360,2022,2022-10-12,9820,2022-10-03,1800,021335,,1,2,9,2600,0,3,5,,2,050,"PEARSON RD","HIDDEN CANYON CT",100.00,E,N,A,-,N,,,,,,,,,,N,2,0,1,1,A,-,03,22350,,N,F,A,A,A,H,-,B,D,0,,,Y,,Y,,C,02,1,0,0,0,0,0,0,0,1,"- ","- ",37.565391540527344,-118.73538208007812,MONO,UNINCORPORATED,-118.73552703857422,37.565589904785156
91889706,2022,2022-10-13,9820,2022-10-06,1730,019627,,4,2,9,2600,0,1,2,,1,022,US-395,SR-270,1320.00,N,N,A,-,Y,MNO,,395,,,70.030,H,,R,Y,2,0,1,1,A,-,08,22107,,N,F,0,A,A,H,-,A,D,0,,,Y,,Y,Y,C,02,1,0,0,0,0,0,0,0,1,"- ","- ",38.177848815917969,-119.19541931152344,MONO,UNINCORPORATED,-119.19535827636719,38.177879333496094
91904122,2022,2022-10-28,9820,2022-10-21,2045,021692,,5,2,9,2600,0,1,3,,2,054,"SR-203 EASTBOUND","MERIDIAN BLVD",3696.00,E,N,A,-,Y,MNO,,203,,,7.482,H,,R,Y,3,0,1,1,A,-,01,23152,A,N,E,I,A,A,H,-,D,D,0,,,,,Y,Y,-,"- ",0,1,0,0,0,0,0,0,0,"- ","- ",37.639499664306641,-118.93617248535156,MONO,UNINCORPORATED,-118.93616485595703,37.639560699462891
91906586,2022,2022-11-01,9820,2022-10-21,1003,022327,,5,1,9,2600,0,1,2,,1,052,"US 395 N/B","HOT CREEK HATCHERY RD",0.00,,Y,A,-,Y,MNO,,395,,,22.729,H,,R,Y,4,0,2,2,A,-,01,23152,F,N,A,D,A,A,H,-,A,D,0,,,,,Y,,A,07,0,0,2,0,0,0,0,0,0,"- ","- ",37.629589080810547,-118.86411285400391,MONO,UNINCORPORATED,-118.86408233642578,37.629650115966797
91909855,2022,2022-11-04,9820,2022-11-01,1730,016556,,2,2,9,2600,0,1,2,,1,042,"US 395 S/B","OBSIDIAN DOME",5280.00,N,N,D,-,Y,MNO,,395,,,37.342,H,,L,N,3,0,1,1,A,-,03,22350,,N,E,I,A,C,H,-,D,A,0,,,,,Y,,D,22,0,1,0,0,0,0,0,0,0,"- ","- ",37.785190582275391,-119.02230072021484,MONO,UNINCORPORATED,-119.02232360839844,37.785179138183594
91910148,2022,2022-11-04,9820,2022-11-01,1155,015992,,2,1,9,2600,0,1,2,,1,012,US-395,"EASTSIDE LANE",13728.00,S,N,B,G,Y,MNO,,395,,,103.677,H,,R,Y,3,0,1,1,A,-,03,22350,,N,F,A,A,A,H,-,A,D,0,,,,Y,Y,,G,25,0,1,0,0,0,0,0,0,0,"- ","- ",38.484169006347656,-119.46217346191406,MONO,UNINCORPORATED,-119.46213531494141,38.484157562255859
91917018,2022,2022-11-14,9820,2022-11-07,0704,022327,,1,1,9,2600,0,1,2,,1,042,"US 395 S/B","OBSIDIAN DOME ROAD",6442.00,N,N,D,-,Y,,,,,,,,,,Y,4,0,1,1,A,-,03,22350,,N,E,I,A,C,H,-,A,A,0,,,,,Y,,A,07,0,0,1,0,0,0,0,0,0,"- ","- ",37.472000122070312,-119.01410675048828,MONO,UNINCORPORATED,-119.02645111083984,37.78857421875
91919207,2022,2022-11-16,9825,2022-11-05,0230,022270,,6,3,9,2600,0,1,2,,1,023,"US-395 N/B","LOWER ROCK CREEK ROAD",2125.00,S,N,B,-,Y,MNO,,395,,,8.951,H,,R,Y,3,0,2,1,A,-,08,22107,,N,F,0,A,A,H,-,D,D,0,,,,Y,Y,,G,25,0,2,0,0,0,0,0,0,0,"- ","- ",37.558048248291016,-118.65444183349609,MONO,UNINCORPORATED,-118.65444946289062,37.558006286621094
91930328,2022,2022-11-30,9730,2022-11-10,1745,021888,,4,2,9,2600,0,3,5,,2,004,"SCOTT ST.","WASHINGTON ST",20.00,W,N,A,-,N,,,,,,,,,,N,3,0,1,2,A,-,11,21954,A,N,G,B,D,A,H,-,D,D,0,Y,,,,Y,,N,60,0,1,0,0,1,0,0,0,0,"- ","- ",36.571849822998047,-121.51869201660156,MONO,UNINCORPORATED,-121.51848602294922,36.571853637695312
91933932,2022,2022-12-05,9820,2022-12-03,0900,020934,,6,1,9,2600,0,3,5,,2,050,"CONVICT LAKE RD",US-395,5280.00,S,N,B,D,N,,,,,,,,,,Y,3,0,1,1,A,-,03,22350,,N,F,I,A,C,H,-,A,A,0,,,,,Y,,D,22,0,1,0,0,0,0,0,0,0,"- ","- ",37.609580993652344,-118.8492431640625,MONO,UNINCORPORATED,-118.84934234619141,37.611000061035156
91939984,2022,2022-12-12,9820,2022-12-05,1350,020530,,1,1,9,2600,0,1,2,,1,012,"US-395 N/B","EASTSIDE LN",15312.00,S,N,A,-,Y,MNO,,395,,,103.488,H,,R,Y,4,0,1,1,A,-,03,22350,,N,E,9,A,A,H,-,A,D,0,,,,,Y,,A,07,0,0,1,0,0,0,0,0,0,"- ","- ",38.481590270996094,-119.46121215820312,MONO,UNINCORPORATED,-119.46120452880859,38.481594085693359
91942095,2022,2022-12-14,9820,2022-08-26,1611,021208,,5,2,9,2600,0,1,2,,1,022,"US-395 SOUTHBOUND","VIRGINIA LAKES RD",5808.00,S,N,A,-,Y,MNO,,395,,,62.442,H,,L,Y,1,1,0,1,A,-,08,22107,,N,E,I,A,A,H,-,A,D,0,,,Y,,Y,,-,"- ",0,0,0,0,0,0,0,1,0,"- ","- ",38.074161529541016,-119.17561340332031,MONO,UNINCORPORATED,-119.17561340332031,38.07421875
91953133,2022,2022-12-27,9825,2022-12-10,2100,022616,,6,2,9,2600,0,1,3,,1,014,SR-266,"MILLER LN",55.00,W,N,C,D,Y,MNO,,266,,,7.007,H,,R,N,3,0,1,1,A,-,01,23152,A,N,F,A,A,C,H,-,D,D,0,,,,,Y,Y,D,22,0,1,0,0,0,0,0,0,0,"- ","- ",37.515659332275391,-117.93798828125,MONO,UNINCORPORATED,-117.93788909912109,37.515701293945312
91955790,2022,2022-12-29,9820,2022-12-28,1100,015992,,3,1,9,2600,0,1,2,,1,021,"US-395 S/B","BURCHAM FLAT RD",1584.00,S,N,A,-,Y,MNO,,395,,,91.230,H,,L,N,4,0,1,1,A,-,03,22350,,N,E,J,A,C,G,-,A,A,0,,,,,Y,,E,22,0,0,1,0,0,0,0,0,0,"- ","- ",38.35498046875,-119.4193115234375,MONO,UNINCORPORATED,-119.41928863525391,38.355072021484375
91958507,2022,2023-01-03,9820,2022-12-29,1125,015992,,4,1,9,2600,0,1,2,,1,021,US-395,"SWAUGER CREEK RD",380.00,N,N,A,-,Y,MNO,,395,,,87.156,H,,R,Y,4,0,2,1,A,-,03,22350,,N,E,J,A,C,G,-,A,A,0,,,,,Y,,A,07,0,0,2,0,0,0,0,0,0,"- ","- ",38.348808288574219,-119.34697723388672,MONO,UNINCORPORATED,-119.34699249267578,38.348930358886719
91959687,2022,2023-01-04,9825,2022-12-13,1800,022014,,2,2,9,2600,0,1,2,,1,009,US-6,"PETROGLYPH ROAD",5211.00,N,N,A,-,Y,MNO,,6,,,9.534,H,,R,Y,3,0,2,2,A,-,08,22107,,N,B,C,A,A,H,-,D,D,0,,,,Y,Y,,G,25,0,2,0,0,0,0,0,0,0,"- ","- ",37.597431182861328,-118.38894653320312,MONO,UNINCORPORATED,-118.38890075683594,37.597438812255859
91960119,2022,2023-01-04,9820,2022-12-27,1220,016944,,2,1,9,2600,0,1,2,,1,021,US-395,"SWEETWATER TRL.",980.00,S,N,D,-,Y,MNO,,395,,,86.358,H,,R,Y,3,0,4,3,A,-,03,22350,,N,B,C,A,C,H,-,A,A,0,,,,Y,Y,,D,22,0,4,0,0,0,0,0,0,0,"- ","- ",38.347118377685547,-119.33251190185547,MONO,UNINCORPORATED,-119.33250427246094,38.347129821777344
91960852,2023,2023-01-05,9820,2023-01-02,2010,021435,,1,2,9,2600,0,1,2,,1,022,US-395,"CONWAY RANCH RD",1230.00,S,N,B,D,Y,MNO,,395," "," ",59.767,H,,R,N,4,0,1,1,D,-,00,,,N,E,I,A,C,H,-,D,A,0,,,,,Y,,-,"- ",0,0,1,0,0,0,0,0,0,"- ","- ",38.066661834716797,-119.16927337646484,MONO,UNINCORPORATED,-119.16927337646484,38.066661834716797
91972080,2023,2023-01-19,9820,2023-01-16,1205,017711,,1,1,9,2600,0,1,2,,1,022,US-395,"STATE ROUTE 270",10560.00,S,N,B,-,Y,MNO,,395," "," ",67.861,H,,R,Y,2,0,4,2,A,-,03,22350,,N,C,C,A,C,H,-,A,A,0,,,,,Y,,A,07,1,0,3,0,0,0,0,0,0,"- ","- ",38.147789001464844,-119.18531799316406,MONO,UNINCORPORATED,-119.18536376953125,38.147785186767578
91972152,2023,2023-01-19,9825,2023-01-15,"850 ",023021,,7,1,9,2600,0,1,2,,1,009,US-6,SR-120,440.00,N,N,A,-,Y,MNO,,6," "," ",25.788,H,,R,Y,3,0,1,1,A,-,03,22350,,N,H,A,A,C,G,-,A,D,0,,,,Y,Y,,G,25,0,1,0,0,0,0,0,0,0,"- ","- ",37.819370269775391,-118.47702789306641,MONO,UNINCORPORATED,-118.4771728515625,37.819355010986328
91985116,2023,2023-02-02,9820,2023-01-29,1300,020530,,7,1,9,2600,0,1,2,,1,012,US-395,"EASTSIDE LN",25344.00,S,N,B,D,Y,MNO,,395," "," ",101.582,H,,R,Y,2,0,3,2,A,-,03,22350,,N,A,2,A,C,G,-,A,D,0,,,,,Y,,D,22,1,2,0,0,0,0,0,0,0,"- ","- ",38.455890655517578,-119.46063995361328,MONO,UNINCORPORATED,-119.4605712890625,38.455860137939453
91986070,2023,2023-02-03,9820,2023-01-22,1310,021692,,7,1,9,2600,0,1,2,,1,042,"US-395 S/B","GLASS CREEK RD.",4752.00,N,N,A,-,Y,MNO,,395," "," ",34.996,H,,L,Y,4,0,2,4,A,-,03,22350,,N,C,C,A,C,H,-,A,A,0,,,,,Y,,A,07,0,0,2,0,0,0,0,0,0,"- ","- ",37.761421203613281,-118.99437713623047,MONO,UNINCORPORATED,-118.99431610107422,37.761459350585938
91991956,2023,2023-02-10,9820,2023-02-04,1405,021208,,6,2,9,2600,0,1,2,,1,042,"US-395 N/B","WEST PORTAL RD",528.00,N,N,A,G,Y,MNO,,395," ",R,42.722,H,,R,Y,3,0,1,1,C,-,18,,,N,F,I,A,C,G,-,A,D,0,,,,,Y,,-,"- ",0,1,0,0,0,0,0,0,0,"- ","- ",37.843048095703125,-119.07270050048828,MONO,UNINCORPORATED,-119.07264709472656,37.84307861328125
91999807,2023,2023-02-22,9820,2023-02-15,"810 ",016944,,3,1,9,2600,0,1,2,,1,012,"US-395 S/B",SR-108,2112.00,N,N,A,-,Y,MNO,,395," "," ",94.416,H,,L,Y,3,0,1,1,A,-,03,22350,,N,F,A,A,C,H,-,A,D,0,,,,,Y,,-,"- ",0,1,0,0,0,0,0,0,0,"- ","- ",38.357440948486328,-119.44480895996094,MONO,UNINCORPORATED,-119.44486236572266,38.357467651367188
92008347,2023,2023-03-02,9825,2023-02-17,"948 ",023021,,5,1,9,2600,0,1,2,,1,009,US-6,"COTTONWOOD CANYON RANCH RD",0.28,S,N,A,-,Y,,,,,,,,,,Y,2,0,1,1,A,-,08,22107,,N,F,0,A,A,H,-,A,D,0,,,,,Y,,A,07,1,0,0,0,0,0,0,0,0,"- ","- ",37.638401031494141,-118.39878082275391,MONO,UNINCORPORATED,-118.39837646484375,37.642539978027344
92011838,2023,2023-03-07,9820,2023-02-23,1340,020839,,4,1,9,2600,0,3,5,,2,055,"FOREST SERVICE RD 2S85","OWENS RIVER RD",5280.00,S,N,A,-,N,,,,,,,,,,N,2,0,1,1,A,-,03,38305,,N,E,I,A,C,H,-,A,D,0,,,,,Y,,-,"- ",1,0,0,0,0,0,0,0,0,"- ","- ",37.738861083984375,-118.95176696777344,MONO,UNINCORPORATED,,
92013750,2023,2023-03-09,9820,2023-03-01,2255,020839,,3,3,9,2600,0,1,2,,1,052,"US-395 S/B","CROWLEY LAKE DR",1200.00,S,N,A,-,Y,MNO,,395," ",R,17.772,H,,L,N,3,0,1,1,A,-,01,23152,A,N,E,J,A,C,H,-,D,D,0,,,,,Y,Y,-,"- ",0,1,0,0,0,0,0,0,0,"- ","- ",37.598358154296875,-118.79937744140625,MONO,UNINCORPORATED,-118.79921722412109,37.598464965820312
92014074,2022,2023-03-09,9820,2022-08-06,1650,021435,,6,2,9,2600,0,1,2,,1,012,US-395,"CHRIS FLAT"" CAMPGROUND""""""",5174.00,N,N,B,-,Y,MNO,,395,,,98.120,H,,R,Y,1,1,2,2,A,-,01,23152,A,N,B,2,A,A,H,-,A,D,0,,,,,Y,Y,A,01,1,1,0,0,0,0,0,0,0,"- ","- ",38.408660888671875,-119.45108032226562,MONO,UNINCORPORATED,-119.45113372802734,38.408679962158203
92022382,2023,2023-03-20,9820,2023-03-16,1710,021336,,4,2,9,2600,0,1,2,,1,011,US-395,"NEVADA STATE LINE",2112.00,S,N,A,-,Y,MNO,,395," "," ",120.028,H,,R,Y,3,0,2,1,C,-,18,,,N,H,H,A,A,H,-,A,D,0,,,,,Y,,-,"- ",0,2,0,0,0,0,0,0,0,"- ","- ",38.681159973144531,-119.54798126220703,MONO,UNINCORPORATED,-119.54804992675781,38.681148529052734
92022448,2023,2023-03-20,9820,2023-03-16,"755 ",015992,,4,1,9,2600,0,1,3,,1,023,SR-108,US-395,8448.00,W,N,A,-,Y,MNO,,108," "," ",13.421,H,,R,N,3,0,2,1,A,-,03,22350,,N,E,I,A,C,G,-,A,A,0,,,,,Y,,A,07,0,2,0,0,0,0,0,0,0,"- ","- ",38.363800048828125,-119.47425842285156,MONO,UNINCORPORATED,-119.47431182861328,38.363773345947266
92022848,2023,2023-03-20,9820,2023-03-19,1445,022327,,7,2,9,2600,0,1,2,,1,042,"US 395 S/B","GLASS CREEK RD",6178.00,N,N,D,-,Y,MNO,,395," "," ",35.277,H,,L,Y,3,0,1,1,A,-,08,22107,,N,F,I,A,C,G,-,A,A,0,,,,,Y,,A,07,0,1,0,0,0,0,0,0,0,"- ","- ",37.763599395751953,-118.99861907958984,MONO,UNINCORPORATED,-118.99862670898438,37.763591766357422
92025937,2023,2023-03-22,9820,2023-03-21,1805,020359,,2,2,9,2600,0,3,5,,2,020,"TWIN LAKES RD","HUNEWILL RANCH RD",2640.00,E,N,B,-,N,,,,,,,,,,Y,3,0,3,1,A,-,08,22107,,N,E,J,A,A,H,-,A,D,0,,,,,Y,,A,01,0,3,0,0,0,0,0,0,0,"- ","- ",38.224720001220703,-119.26170349121094,MONO,UNINCORPORATED,-119.26097106933594,38.224727630615234
92029909,2023,2023-03-27,9820,2023-03-26,1750,021692,,7,2,9,2600,0,1,2,,1,042,"US-395 N/B","BALD MOUNTAIN RD.",5280.00,N,N,A,-,Y,MNO,,395," "," ",37.429,H,,R,Y,3,0,1,1,A,-,03,22350,,N,F,A,A,C,H,-,B,D,0,,,,,Y,,A,08,0,1,0,0,0,0,0,0,0,"- ","- ",37.786628723144531,-119.0228271484375,MONO,UNINCORPORATED,-119.02287292480469,37.786605834960938
92032105,2023,2023-03-29,9820,2023-03-28,1125,016556,,2,1,9,2600,0,1,2,,1,042,"US 395 S/B","SR 158 S JCT",1056.00,N,N,G,-,Y,MNO,,395," "," ",40.508,H,,L,N,4,0,1,1,A,-,03,22350,,N,E,I,A,C,G,-,A,D,0,,,,,Y,,A,08,0,0,1,0,0,0,0,0,0,"- ","- ",37.814430236816406,-119.05580139160156,MONO,UNINCORPORATED,-119.05580139160156,37.814430236816406
92036447,2023,2023-04-04,9820,2023-03-27,1000,022327,,1,1,9,2600,0,3,5,,2,055,"US FOREST SERVICE ROAD 2S04","OWENS RIVER RD",0.00,,Y,A,-,N,,,,,,,,,,N,2,0,2,1,A,-,03,38305,,N,F,A,A,C,H,-,A,D,0,,,,,Y,,M,96,1,0,1,0,0,0,0,0,0,"- ","- ",37.747699737548828,-118.93879699707031,MONO,UNINCORPORATED,,
92036502,2023,2023-04-04,9820,2023-04-02,1800,017711,,7,2,9,2600,0,1,2,,1,022,US-395,"VIRGINIA LAKES ROAD",10032.00,N,N,A,G,Y,MNO,,395," "," ",65.509,H,,R,Y,4,0,1,1,C,-,18,,,N,E,I,A,C,H,-,B,D,0,,,,,Y,,-,"- ",0,0,1,0,0,0,0,0,0,"- ","- ",38.115280151367188,-119.17772674560547,MONO,UNINCORPORATED,-119.17770385742188,38.115283966064453
92046321,2023,2023-04-18,9820,2023-04-08,1132,022327,,6,1,9,2600,0,1,2,,1,042,"US 395 S/B","SR 158 S JNCT",0.00,,Y,A,-,Y,MNO,,158," "," ",0.005,H,,R,Y,4,0,2,2,A,-,09,21802,A,N,D,C,A,A,H,-,A,A,0,,,,,Y,,A,07,0,0,2,0,0,0,0,0,0,"- ","- ",37.812648773193359,-119.05358123779297,MONO,UNINCORPORATED,-119.05358123779297,37.812652587890625
92048874,2023,2023-04-19,9825,2023-04-08,1311,023021,,6,1,9,2600,0,1,2,,1,009,US-6,"SLIM PRINCESS ROAD",106.00,N,N,A,-,Y,MNO,,6," "," ",6.399,H,,R,N,3,0,1,1,A,-,03,22350,,N,F,A,A,A,H,-,A,D,0,,,Y,,Y,,C,02,0,1,0,0,0,0,0,0,1,"- ","- ",37.553279876708984,-118.37593078613281,MONO,UNINCORPORATED,-118.37596893310547,37.553272247314453
92051633,2023,2023-04-24,9820,2023-04-20,1345,015992,,4,1,9,2600,0,1,2,,1,011,"US-395 N/B","LARSON LN",4752.00,N,N,A,-,Y,MNO,,395," "," ",111.019,H,,R,Y,3,0,1,1,C,-,18,,,N,H,H,A,A,H,-,A,D,0,,,,,Y,,-,"- ",0,1,0,0,0,0,0,0,0,"- ","- ",38.559921264648438,-119.50546264648438,MONO,UNINCORPORATED,-119.50550842285156,38.559898376464844
92058858,2023,2023-05-02,9820,2023-04-30,2320,018654,,7,3,9,2600,0,1,2,,1,012,US-395,SR-108,7920.00,N,N,A,-,Y,MNO,,395," "," ",94.864,H,,R,Y,2,0,2,2,A,-,08,22107,,N,B,C,A,A,H,-,D,D,0,,,,Y,Y,,A,08,1,0,1,0,0,0,0,0,0,"- ","- ",38.363861083984375,-119.44423675537109,MONO,UNINCORPORATED,-119.44413757324219,38.363861083984375
92068240,2023,2023-05-19,9820,2023-04-30,"453 ",021336,,7,3,9,2600,0,1,2,,1,021,"US HIGHWAY 395","BURCHAM FLAT RD",1584.00,S,N,A,-,Y,MNO,,395," "," ",91.340,H,,R,Y,2,0,1,1,A,-,03,22350,,N,E,I,A,A,H,-,D,D,0,,,,,Y,,A,01,1,0,0,0,0,0,0,0,0,"- ","- ",38.355411529541016,-119.42124176025391,MONO,UNINCORPORATED,-119.42123413085938,38.355266571044922
92073268,2023,2023-05-19,9820,2023-05-12,2105,022327,,5,2,9,2600,0,1,2,,1,052,"US-395 S/B","CROWLEY LAKE DR",630.00,N,N,A,-,Y,MNO,,395," ",R,18.159,H,,R,Y,2,0,1,1,A,-,01,23152,A,N,F,A,A,A,H,-,D,D,0,,,,,Y,Y,D,22,1,0,0,0,0,0,0,0,0,"- ","- ",37.603019714355469,-118.80332183837891,MONO,UNINCORPORATED,-118.80332946777344,37.603012084960938
92074204,2023,2023-05-22,9820,2023-05-13,1720,021692,,6,2,9,2600,0,3,5,,2,050,"ROCK CREEK RD","CROWLEY LAKE DR",7392.00,W,N,A,-,N,,,,,,,,,,N,2,0,1,1,A,-,03,22350,,N,F,A,A,A,B,-,A,D,0,,,Y,,Y,,C,02,1,0,0,0,0,0,0,0,1,"- ","- ",37.546188354492188,-118.69074249267578,MONO,UNINCORPORATED,-118.67772674560547,37.561008453369141
92082619,2023,2023-05-31,9820,2023-05-26,1445,015992,,5,2,9,2600,0,1,2,,1,022,US-395,"JACK SAWYER RD",0.00,,Y,B,-,Y,MNO,,395," "," ",75.914,H,,R,N,3,0,1,2,A,-,09,21801,A,N,D,C,A,B,H,-,A,D,0,,,,,Y,,B,07,0,1,0,0,0,0,0,0,0,"- ","- ",38.250198364257812,-119.22126007080078,MONO,UNINCORPORATED,-119.22136688232422,38.250179290771484
92088199,2023,2023-06-07,9820,2023-05-22,1645,021692,,1,2,9,2600,0,1,2,,1,052,"HOT CREEK HATCHERY RD.","US-395 N/B",0.00,,Y,A,-,Y,MNO,,395," "," ",22.734,H,,R,N,3,0,1,2,A,-,09,21802,A,N,D,G,A,A,H,-,B,A,0,,Y,,,Y,Y,D,22,0,1,0,0,0,0,1,0,0,"- ","- ",37.629669189453125,-118.86418151855469,MONO,UNINCORPORATED,-118.86417388916016,37.629676818847656
92091522,2023,2023-06-12,9820,2023-06-05,"740 ",020839,,1,1,9,2600,0,1,2,,1,051,"US-395 N/B","MAMMOTH SCENIC LOOP",4752.00,S,N,A,-,Y,MNO,,395," "," ",29.746,H,,R,Y,4,0,1,1,A,-,08,22107,,N,F,A,A,A,H,-,A,D,0,,,,,Y,,A,07,0,0,1,0,0,0,0,0,0,"- ","- ",37.696540832519531,-118.94773864746094,MONO,UNINCORPORATED,-118.94786834716797,37.696498870849609
92092608,2023,2023-06-13,9820,2023-06-11,1632,018006,,7,2,9,2600,0,1,2,,1,021,US-395,"BURCHAM FLAT RD",5280.00,S,N,C,-,Y,,,,,,,,,,Y,3,0,1,1,A,-,03,22350,,N,F,I,A,B,H,-,A,D,0,,,,,Y,,-,"- ",0,1,0,0,0,0,0,0,0,"- ","- ",38.348899841308594,-119.38200378417969,MONO,UNINCORPORATED,-119.38199615478516,38.349296569824219
92094982,2023,2023-06-15,9820,2023-06-14,1125,016556,,3,1,9,2600,0,1,2,,1,051,"US 395 N/B","GLASS CREEK RD",528.00,S,N,A,-,Y,MNO,,395," "," ",33.961,H,,R,N,3,0,1,1,C,-,18,,,N,H,H,A,A,H,-,A,D,0,,,,,Y,,-,"- ",0,1,0,0,0,0,0,0,0,"- ","- ",37.750148773193359,-118.98301696777344,MONO,UNINCORPORATED,-118.98295593261719,37.750167846679688
92099295,2023,2023-06-21,9820,2023-06-15,"455 ",018654,,4,3,9,2600,0,1,2,,1,021,US-395,"BIRCHAM FLAT RD.",1056.00,S,N,A,-,Y,MNO,,395," "," ",91.398,H,,R,N,3,0,1,2,A,-,08,22107,,N,B,C,A,A,H,-,D,D,0,,,,,Y,,A,01,0,1,0,0,0,0,0,0,0,"- ","- ",38.355171203613281,-119.42228698730469,MONO,UNINCORPORATED,-119.42226409912109,38.355110168457031
92100203,2023,2023-06-22,9820,2023-06-21,1245,015992,,3,1,9,2600,0,1,3,,1,023,SR-182,US-395,50160.00,E,N,A,-,Y,MNO,,182," "," ",9.523,H,,R,Y,3,0,1,1,A,-,08,22107,,N,E,I,A,A,H,-,A,D,0,,,,,Y,,D,22,0,1,0,0,0,0,0,0,0,"- ","- ",38.381740570068359,-119.18718719482422,MONO,UNINCORPORATED,-119.18716430664062,38.381740570068359
92100238,2023,2023-06-22,9820,2023-06-17,1048,015992,,6,1,9,2600,0,1,2,,1,011,US-395,"PINFIELD STREET",275.00,S,N,A,-,Y,MNO,,395," "," ",119.892,H,,R,N,3,0,2,2,A,-,09,21801,A,N,A,C,A,A,H,-,A,D,0,,,,,Y,Y,A,07,0,2,0,0,0,0,0,0,0,"- ","- ",38.679191589355469,-119.54781341552734,MONO,UNINCORPORATED,-119.54795074462891,38.679203033447266
92103209,2023,2023-06-27,9825,2023-06-24,1145,016119,,6,1,9,2600,0,1,3,,1,014,SR-266,"NEVADA STATE LINE",5280.00,N,N,A,-,Y,MNO,,266," "," ",0.102,H,,R,Y,4,0,1,1,A,-,08,22107,,N,F,A,A,A,H,-,A,D,0,,,,,Y,,-,"- ",0,0,1,0,0,0,0,0,0,"- ","- ",37.470138549804688,-117.84120941162109,MONO,UNINCORPORATED,-117.8411865234375,37.470169067382812
92108386,2023,2023-07-03,9820,2023-07-01,1057,022327,,6,1,9,2600,0,1,2,,1,042,"US 395 N/B","SR 120 E",0.00,,Y,A,-,Y,MNO,,120," "," ",13.386,H,,R,Y,4,0,2,2,A,-,09,21802,A,N,D,C,A,A,H,-,A,A,0,,,,,Y,,A,07,0,0,2,0,0,0,0,0,0,"- ","- ",37.886940002441406,-119.09071350097656,MONO,UNINCORPORATED,-119.09071350097656,37.886959075927734
92117394,2023,2023-07-14,9820,2023-07-10,1719,021208,,1,2,9,2600,0,1,3,,2,047,"SR 120 EAST","DROSS RD",1584.00,W,N,A,-,Y,MNO,,120," "," ",15.238,H,,R,N,2,0,1,1,C,-,18,,,N,F,A,A,A,H,-,A,D,0,,,Y,,Y,,-,"- ",1,0,0,0,0,0,0,0,1,"- ","- ",37.902439117431641,-119.06352233886719,MONO,UNINCORPORATED,-119.0635986328125,37.902515411376953
92118659,2023,2023-07-17,9820,2023-07-09,1205,021692,,7,1,9,2600,0,3,5,,2,055,"BENTON CROSSING ROAD","FOREST SERVICE ROAD 3S47A",7920.00,W,N,A,-,N,,,,,,,,,,N,4,0,1,1,A,-,01,23152,A,M,E,9,A,A,H,-,A,D,0,,,,,Y,Y,D,23,0,0,1,0,0,0,0,0,0,"- ","- ",37.697498321533203,-118.76328277587891,MONO,UNINCORPORATED,,
92127801,2023,2023-07-27,9820,2023-07-27,"605 ",020530,,4,1,9,2600,0,1,2,,1,022,"US-395 N/B","GREEN CREEK RD",4224.00,N,N,A,-,Y,MNO,,395," "," ",72.668,H,,R,N,3,0,1,1,C,-,18,,,N,H,H,A,A,H,-,B,D,0,,,,,Y,,-,"- ",0,1,0,0,0,0,0,0,0,"- ","- ",38.205520629882812,-119.22635650634766,MONO,UNINCORPORATED,-119.22637939453125,38.20550537109375
92132441,2023,2023-07-31,9820,2023-07-29,1410,021435,,6,2,9,2600,0,1,2,,1,012,"US HIGHWAY 395",SR-108,1000.00,N,N,A,-,Y,MNO,,395," "," ",93.885,H,,R,N,4,0,1,2,A,-,03,22350,,N,C,C,A,A,H,-,A,D,0,,,,,Y,,A,01,0,0,1,0,0,0,0,0,0,"- ","- ",38.350761413574219,-119.45027923583984,MONO,UNINCORPORATED,-119.45037078857422,38.350807189941406
92143315,2023,2023-08-14,9820,2023-08-07,1033,022327,,1,1,9,2600,0,1,3,,2,054,"SR-203 W/B","RT 395",50.00,E,N,A,-,Y,MNO,,203," ",R,8.613,H,,L,Y,2,0,1,2,A,-,09,21801,A,N,D,C,A,A,H,-,A,D,0,,,Y,,Y,,A,07,1,0,0,0,0,0,0,0,1,"- ","- ",37.641521453857422,-118.91587066650391,MONO,UNINCORPORATED,-118.91586303710938,37.641490936279297
92143335,2023,2023-08-14,9820,2023-08-11,1140,016556,,5,1,9,2600,0,3,5,,2,055,"BENTON CROSSING ROAD","LAYTON SPRINGS ROAD",1584.00,W,N,B,-,N,,,,,,,,,,N,3,0,1,1,A,-,08,22107,,N,E,I,A,A,H,-,A,D,0,,,,,Y,,A,08,0,1,0,0,0,0,0,0,0,"- ","- ",37.644241333007812,-118.72592926025391,MONO,UNINCORPORATED,-118.72592163085938,37.643501281738281
92151701,2023,2023-08-23,9820,2023-05-29,"852 ",016944,,1,1,9,2600,0,1,2,,1,022,US-395,"MILEPOST MARKER 65.5",18.00,S,N,B,-,Y,MNO,,395," "," ",65.474,H,,L,Y,1,1,0,1,A,-,08,22107,,N,F,A,A,A,H,-,A,D,0,,,Y,,Y,,C,02,0,0,0,0,0,0,0,1,0,"- ","- ",38.114738464355469,-119.17799377441406,MONO,UNINCORPORATED,-119.17769622802734,38.114761352539062
92151705,2023,2023-08-23,9820,2023-08-17,1755,020839,,4,2,9,2600,0,3,5,,2,055,"WHITMORE TUBS RD","BENTON CROSSING RD.",9504.00,N,N,A,-,N,,,,,,,,,,Y,3,0,2,1,A,-,01,23152,A,N,F,A,A,A,B,-,A,D,0,,,,,Y,Y,D,22,0,2,0,0,0,0,0,0,0,"- ","- ",37.658519744873047,-118.8067626953125,MONO,UNINCORPORATED,-118.80612182617188,37.657516479492188
92152739,2023,2023-08-24,9820,2023-08-19,1940,019933,,6,2,9,2600,0,1,2,,1,041,"US 395 N/B","SR 158 (NORTH JUNCTION)",0.00,,Y,B,-,Y,MNO,,395," "," ",46.379,H,,R,Y,3,0,1,1,C,-,18,,,N,H,H,A,A,H,-,D,D,0,,,,,Y,,-,"- ",0,1,0,0,0,0,0,0,0,"- ","- ",37.892368316650391,-119.09172058105469,MONO,UNINCORPORATED,-119.09171295166016,37.892372131347656
92162827,2023,2023-09-05,9820,2023-08-27,"100 ",020309,,7,3,9,2600,0,1,2,,1,042,"US 395 N/B","GLASS CREEK RD",3168.00,N,N,A,-,Y,MNO,,395," "," ",34.737,H,,L,Y,3,0,1,1,A,-,08,22107,,N,E,I,A,A,H,-,D,D,0,,,,Y,Y,,G,25,0,1,0,0,0,0,0,0,0,"- ","- ",37.759239196777344,-118.99059295654297,MONO,UNINCORPORATED,-118.99067687988281,37.759128570556641
92165025,2023,2023-09-07,9820,2023-09-05,"800 ",016556,,2,1,9,2600,0,1,2,,1,052,"US 395 SOUTHBOUND","RT 203",528.00,S,N,A,-,Y,MNO,,395," ",R,25.309,H,,L,N,3,0,1,1,C,-,18,,,N,H,H,A,A,H,-,A,D,0,,,,,Y,,-,"- ",0,1,0,0,0,0,0,0,0,"- ","- ",37.638458251953125,-118.90969085693359,MONO,UNINCORPORATED,-118.90967559814453,37.638519287109375
92165884,2023,2023-09-08,9820,2023-09-01,1840,022327,,5,2,9,2600,0,3,5,,2,050,"DEADMAN CREEK RD","RT 395",3696.00,W,N,B,-,N,,,,,,,,,,N,2,0,1,1,A,-,03,38305,,N,F,A,A,A,H,-,B,D,0,,,,,Y,,M,96,1,0,0,0,0,0,0,0,0,"- ","- ",37.739749908447266,-118.989990234375,MONO,UNINCORPORATED,,
92168404,2023,2023-09-12,9825,2023-09-11,"820 ",023296,,1,1,9,2600,0,1,3,,1,013,SR-266,SR-168,1056.00,E,N,A,-,Y,MNO,,266," "," ",4.149,H,,R,N,3,0,1,1,A,-,03,22350,,N,H,H,A,A,H,-,A,D,0,,,Y,,Y,,C,02,0,1,0,0,0,0,0,0,1,"- ","- ",37.486778259277344,-117.90928649902344,MONO,UNINCORPORATED,-117.90929412841797,37.486751556396484
92172934,2023,2023-09-18,9820,2023-09-10,1320,021692,,7,1,9,2600,0,1,3,,2,047,"SR-120 EAST","MPM 120 MNO 22.50",1056.00,W,N,B,-,Y,MNO,,120," "," ",22.368,H,,R,Y,2,0,1,1,A,-,08,22107,,N,E,J,A,B,H,-,A,D,0,,,,,Y,,A,01,1,0,0,0,0,0,0,0,0,"- ","- ",37.889430999755859,-118.96366119384766,MONO,UNINCORPORATED,-118.96369171142578,37.889373779296875
92179926,2023,2023-09-26,9820,2023-09-26,"815 ",016556,,2,1,9,2600,0,1,2,,1,041,"US 395 S/B","PICNIC GROUNDS RD",0.00,,Y,A,-,Y,MNO,,395," "," ",53.079,H,,R,N,4,0,1,2,A,-,03,22350,,N,C,C,A,A,H,-,A,D,0,,,,,Y,,D,22,0,0,1,0,0,0,0,0,0,"- ","- ",37.976860046386719,-119.13568115234375,MONO,UNINCORPORATED,-119.13569641113281,37.976852416992188
92186274,2023,2023-10-02,9820,2023-09-24,1355,021692,,7,1,9,2600,0,3,5,,2,050,"MAMMOTH SCENIC LOOP","DRY CREEK ROAD SPUR (INYO CRATERS RD.)",0.00,,Y,A,-,N,,,,,,,,,,N,4,0,1,2,A,-,09,21802,A,N,D,C,A,A,H,-,A,A,0,,,Y,,Y,,A,07,0,0,1,0,0,0,0,0,1,"- ","- ",37.681568145751953,-118.99456024169922,MONO,UNINCORPORATED,-118.98294067382812,37.693405151367188
92186283,2023,2023-10-02,9820,2023-08-19,2240,020839,,6,3,9,2600,0,3,5,,2,050,"ROCK CREEK RD.","EAST FORK CAMPGROUND",322.00,W,N,B,-,N,,,,,,,,,,Y,2,0,1,1,A,-,01,23152,A,N,E,I,A,A,H,-,D,D,0,,,,,Y,Y,A,07,1,0,0,0,0,0,0,0,0,"- ","- ",37.492279052734375,-118.72042083740234,MONO,UNINCORPORATED,,
92188932,2023,2023-10-03,9820,2023-09-29,"440 ",017711,,5,3,9,2600,0,1,2,,1,012,US-395,"EASTSIDE LANE",2640.00,S,N,A,-,Y,MNO,,395," "," ",105.823,H,,R,Y,3,0,1,1,A,-,08,22107,,N,E,I,A,A,H,-,D,D,0,,,,Y,Y,,G,25,0,1,0,0,0,0,0,0,0,"- ","- ",38.511318206787109,-119.44991302490234,MONO,UNINCORPORATED,-119.44992828369141,38.511322021484375
92191936,2023,2023-10-05,9820,2023-10-04,2030,019933,,3,2,9,2600,0,1,2,,1,042,"US HWY 395","395 MNO 43.00",338.00,S,N,A,-,Y,MNO,,395," ",R,42.965,H,,R,Y,2,0,2,1,C,-,18,,,N,H,H,A,A,H,-,D,D,0,,,,,Y,,-,"- ",1,1,0,0,0,0,0,0,0,"- ","- ",37.845878601074219,-119.07534027099609,MONO,UNINCORPORATED,-119.07539367675781,37.845848083496094
92193317,2023,2023-10-06,9820,2023-10-04,1835,017711,,3,2,9,2600,0,3,5,,2,020,"TWIN LAKES ROAD","BUCKEYE ROAD",8448.00,W,N,A,-,N,,,,,,,,,,Y,3,0,1,1,C,-,18,,,N,H,H,A,A,H,-,D,D,0,,,Y,,Y,,-,"- ",0,1,0,0,0,0,0,0,1,"- ","- ",38.188930511474609,-119.32331085205078,MONO,UNINCORPORATED,-119.32347869873047,38.189292907714844
92194201,2023,2023-10-09,9820,2023-10-05,1400,016556,,4,2,9,2600,0,1,2,,1,041,"US 395 S/B","1ST STREET",60.00,S,N,A,-,Y,MNO,,395," "," ",51.491,H,,L,N,3,0,1,2,A,-,07,21658,A,N,B,C,A,A,H,-,A,B,0,,,Y,,Y,,A,07,0,1,0,0,0,0,0,0,1,"- ","- ",37.958400726318359,-119.12061309814453,MONO,UNINCORPORATED,-119.12065887451172,37.958377838134766
92198953,2023,2023-10-13,9825,2023-09-30,1817,023376,,6,2,9,2600,0,1,2,,1,023,"US-395 S/B","GORGE ROAD",23813.00,N,N,B,C,Y,MNO,,395," ",R,3.333,H,,L,Y,4,0,1,1,A,-,03,22350,,N,E,I,A,B,H,-,D,D,0,,,,,Y,,A,07,0,0,1,0,0,0,0,0,0,"- ","- ",37.510848999023438,-118.58551788330078,MONO,UNINCORPORATED,-118.58531188964844,37.510929107666016
92200173,2023,2023-10-16,9820,2023-10-12,2346,022327,,4,3,9,2600,0,1,2,,1,051,"US-395 N/B","RT 203",500.00,N,N,A,-,Y,MNO,,395," ",R,25.977,H,,R,N,4,0,1,1,C,-,18,,,N,H,H,A,A,H,-,D,D,0,,,,,Y,,-,"- ",0,0,1,0,0,0,0,0,0,"- ","- ",37.643440246582031,-118.919921875,MONO,UNINCORPORATED,-118.91991424560547,37.643447875976562
92204909,2023,2023-10-20,9820,2023-10-14,1120,019627,,6,1,9,2600,0,1,3,,1,014,SR-108,"SILVER CREEK RD",18480.00,W,N,A,-,Y,MNO,,108," "," ",7.122,H,,R,N,3,0,1,1,A,-,08,22107,,N,F,A,A,A,H,-,A,D,0,,,Y,,Y,,-,"- ",0,1,0,0,0,0,0,0,1,"- ","- ",38.322441101074219,-119.55596923828125,MONO,UNINCORPORATED,-119.55599975585938,38.322467803955078
92209321,2023,2023-10-26,9820,2023-10-18,"635 ",022327,,3,1,9,2600,0,3,5,,2,055,"BENTON CROSSING RD.","WILD WILLIE'S RD.",3696.00,W,N,A,-,N,,,,,,,,,,Y,3,0,1,1,A,-,01,23152,A,N,F,A,A,A,H,-,B,D,0,,,,,Y,Y,A,07,0,1,0,0,0,0,0,0,0,"- ","- ",37.64630126953125,-118.79682922363281,MONO,UNINCORPORATED,,
92221443,2023,2023-10-27,9820,2023-10-21,1915,020309,,6,2,9,2600,0,1,2,,1,022,"RT 395","CONWAY RANCH RD",2500.00,N,N,A,-,Y,MNO,,395," "," ",60.512,H,,R,N,4,0,1,2,A,-,03,22350,,N,C,C,A,A,H,-,D,D,0,,,,,Y,,A,01,0,0,1,0,0,0,0,0,0,"- ","- ",38.076690673828125,-119.16565704345703,MONO,UNINCORPORATED,-119.16558837890625,38.076652526855469
92223543,2023,2023-10-31,9825,2023-10-21,1544,022270,,6,2,9,2600,0,1,2,,1,009,US-6,"WALKER PLACE",8448.00,S,N,A,-,Y,MNO,,6," "," ",22.909,H,,R,Y,3,0,5,1,A,-,08,22107,,N,F,0,A,A,H,-,A,D,0,,,,,Y,,A,07,0,3,2,0,0,0,0,0,0,"- ","- ",37.779129028320312,-118.46421051025391,MONO,UNINCORPORATED,-118.46427154541016,37.779117584228516
92227758,2023,2023-11-03,9820,2023-11-01,1200,019933,,3,1,9,2600,0,1,2,,1,011,"US HWY 395","MPM 395 MNO 109.00",680.00,S,N,A,-,Y,MNO,,395," "," ",108.833,H,,R,Y,2,0,2,1,A,-,08,22107,,N,E,J,A,A,H,-,A,D,0,,,,Y,Y,,F,27,1,1,0,0,0,0,0,0,0,"- ","- ",38.531101226806641,-119.49015808105469,MONO,UNINCORPORATED,-119.49006652832031,38.531147003173828
92237159,2023,2023-11-15,9825,2023-11-03,1450,022014,,5,2,9,2600,0,1,2,,1,009,US-6,"FALLS CREEK ROAD",20592.00,N,N,A,-,Y,MNO,,6," "," ",20.825,H,,R,Y,3,0,2,1,A,-,08,22107,,N,F,0,A,A,H,-,A,D,0,,,,,Y,,A,07,0,2,0,0,0,0,0,0,0,"- ","- ",37.750591278076172,-118.45262145996094,MONO,UNINCORPORATED,-118.45267486572266,37.750572204589844
92239326,2023,2023-11-17,9820,2023-11-16,"655 ",016556,,4,1,9,2600,0,1,2,,1,051,"US 395 N/B","SAWMILL CUTOFF",4224.00,S,N,E,-,Y,MNO,,395," "," ",29.413,H,,R,Y,4,0,1,1,C,-,18,,,N,F,A,A,C,H,-,A,D,0,,,,Y,Y,,-,"- ",0,0,1,0,0,0,0,0,0,"- ","- ",37.692619323730469,-118.94436645507812,MONO,UNINCORPORATED,-118.94436645507812,37.692623138427734
92240955,2023,2023-11-27,9825,2023-11-08,1904,023468,,3,2,9,2600,0,1,2,,1,023,"S/B US-395","NORTH OF GORGE RD.",32736.00,S,N,A,-,Y,MNO,,395," ",R,4.905,H,,L,Y,4,0,1,2,A,-,08,22107,,M,B,C,A,A,H,-,D,D,0,,,,,Y,Y,A,01,0,0,1,0,0,0,0,0,0,"- ","- ",37.519950866699219,-118.61074829101562,MONO,UNINCORPORATED,-118.61076354980469,37.519878387451172
92244187,2023,2023-11-27,9820,2023-11-23,"530 ",017711,,4,3,9,2600,0,1,2,,1,022,US-395,"VIRGINIA LAKES ROAD",5085.00,S,N,A,-,Y,MNO,,395," "," ",62.610,H,,R,Y,2,0,2,1,A,-,01,23152,A,F,E,I,A,A,H,-,D,D,0,,,,,Y,Y,A,07,1,0,1,0,0,0,0,0,0,"- ","- ",38.075241088867188,-119.17829895019531,MONO,UNINCORPORATED,-119.17818450927734,38.075294494628906
92246350,2023,2023-11-28,9820,2023-11-18,2240,020309,,6,3,9,2600,0,1,2,,1,022,"US-395 N/B","LITTLE VIRGINIA LAKES RD",2238.00,N,N,D,-,Y,MNO,,395," "," ",63.978,H,,R,Y,3,0,1,1,A,-,03,22350,,N,E,I,A,B,H,-,D,D,0,,,,,Y,,-,"- ",0,1,0,0,0,0,0,0,0,"- ","- ",38.093299865722656,-119.17910003662109,MONO,UNINCORPORATED,-119.17890167236328,38.093265533447266
92256460,2023,2023-12-07,9820,2023-12-07,"735 ",017711,,4,1,9,2600,0,1,2,,1,022,"US-395 SOUTHBOUND","VIRGINIA LAKES ROAD",9504.00,N,N,A,-,Y,MNO,,395," "," ",65.365,H,,L,N,4,0,1,1,A,-,03,22350,,N,F,A,A,C,H,-,A,D,0,,,,,Y,,A,01,0,0,1,0,0,0,0,0,0,"- ","- ",38.113170623779297,-119.17774200439453,MONO,UNINCORPORATED,-119.17784881591797,38.113182067871094
92257927,2023,2023-12-11,9820,2023-12-09,"8   ",019933,,6,3,9,2600,0,1,3,,1,039,"SR 158","DREAM MTN. DR.",75.00,S,N,B,-,Y,MNO,,158," "," ",5.583,H,,R,Y,2,0,2,1,A,-,01,23153,A,N,F,A,A,A,H,-,C,D,0,,,,,Y,Y,A,07,1,1,0,0,0,0,0,0,0,"- ","- ",37.764480590820312,-119.11873626708984,MONO,UNINCORPORATED,-119.11874389648438,37.764499664306641
92262111,2023,2023-12-14,9820,2023-12-07,1910,019891,,4,2,9,2600,0,1,2,,1,021,US395,"SWAUGER CREEK RD",9504.00,N,N,A,-,Y,MNO,,395," "," ",88.851,H,,R,Y,3,0,2,1,A,-,03,22350,,N,F,A,A,C,H,-,D,D,0,,,,,Y,,D,22,0,2,0,0,0,0,0,0,0,"- ","- ",38.349361419677734,-119.37743377685547,MONO,UNINCORPORATED,-119.37744140625,38.349254608154297
92269387,2023,2023-12-22,9820,2023-12-20,"730 ",016556,,3,1,9,2600,0,1,2,,1,042,"US 395 S/B","OBSIDIAN DOME ROAD",6336.00,N,N,B,-,Y,MNO,,395," "," ",37.731,H,,L,Y,3,0,1,1,A,-,08,22107,,N,F,A,A,C,H,-,A,D,0,,,,,Y,,A,01,0,1,0,0,0,0,0,0,0,"- ","- ",37.788688659667969,-119.02776336669922,MONO,UNINCORPORATED,-119.02775573730469,37.788692474365234
92269839,2023,2023-12-25,9820,2023-12-10,1050,019627,,7,1,9,2600,0,1,2,,1,012,US-395,SR-108,10560.00,N,N,A,-,Y,MNO,,395," "," ",95.641,H,,R,Y,3,0,1,1,A,-,08,22107,,N,E,I,A,A,H,-,A,D,0,,,,,Y,,A,07,0,1,0,0,0,0,0,0,0,"- ","- ",38.374568939208984,-119.44825744628906,MONO,UNINCORPORATED,-119.44823455810547,38.374584197998047
92277186,2023,2024-01-02,9820,2023-12-31,"930 ",021692,,7,1,9,2600,0,1,2,,1,052,"US-395 S/B","SOUTH LANDING ROAD",4752.00,N,N,B,-,Y,MNO,,395," ",R,14.846,H,,L,Y,2,0,3,1,A,-,03,22350,,N,E,8,A,C,H,-,A,D,0,,,,,Y,,A,01,1,1,1,0,0,0,0,0,0,"- ","- ",37.575759887695312,-118.75537872314453,MONO,UNINCORPORATED,-118.75538635253906,37.575736999511719
92279736,2024,2024-01-04,9820,2024-01-03,"730 ",016556,,3,1,9,2600,0,1,2,,1,052,"US 395 S/B","RT 203",0.00,,Y,B,G,Y,MNO,,203," ",R,8.482,H,,R,Y,3,0,2,2,A,-,03,22350,,N,D,C,A,C,H,-,A,A,0,,,,,Y,,D,22,0,1,1,0,0,0,0,0,0,"- ","- ",37.6409912109375,-118.91802978515625,MONO,UNINCORPORATED,-118.91802978515625,37.640998840332031
92281705,2023,2024-01-08,9825,2023-12-30,1547,023552,,6,2,9,2600,0,1,2,,1,009,US-6,"DAWSON CREEK RD",660.00,S,N,A,-,Y,MNO,,6," ",R,14.452,H,,R,Y,4,0,1,1,A,-,08,22107,,N,E,I,A,A,H,-,A,D,0,,,,,Y,,-,"- ",0,0,1,0,0,0,0,0,0,"- ","- ",37.667808532714844,-118.40249633789062,MONO,UNINCORPORATED,-118.40254974365234,37.667804718017578
92287132,2024,2024-01-15,9820,2024-01-13,1354,018925,,6,1,9,2600,0,1,2,,1,042,US-395,"GLASS CREEK RD.",4224.00,N,N,C,D,Y,MNO,,395," "," ",34.820,H,,L,Y,3,0,1,1,A,-,03,22350,,N,E,8,A,B,H,-,A,D,0,,,,,Y,,A,01,0,1,0,0,0,0,0,0,0,"- ","- ",37.759731292724609,-118.99201202392578,MONO,UNINCORPORATED,-118.99201965332031,37.759716033935547
92293389,2024,2024-01-22,9820,2024-01-17,"500 ",016556,,3,3,9,2600,0,1,2,,1,051,"US 395 SOUTHBOUND","GLASS CREEK RD",850.00,S,N,B,G,Y,MNO,,395," "," ",33.919,H,,L,Y,2,0,1,1,A,-,08,22107,,N,E,J,A,C,H,-,D,D,0,,,,Y,Y,,G,25,1,0,0,0,0,0,0,0,0,"- ","- ",37.749408721923828,-118.98317718505859,MONO,UNINCORPORATED,-118.98304748535156,37.749465942382812
92293949,2024,2024-04-16,9820,2024-01-20,"911 ",018925,,6,1,9,2600,0,1,3,,2,054,SR-203,"MERIDIAN BLVD",3696.00,E,N,D,-,Y,MNO,,203," "," ",7.603,H,,L,Y,4,0,1,1,A,-,03,22350,,N,E,8,A,C,H,-,A,D,0,,,,,Y,,D,22,0,0,1,0,0,0,0,0,0,"- ","- ",37.639968872070312,-118.93386077880859,MONO,UNINCORPORATED,-118.93386840820312,37.639919281005859
92298424,2024,2024-01-26,9820,2024-01-22,"851 ",018925,,1,1,9,2600,0,1,2,,1,052,US-395,"CROWLEY LAKE DR",528.00,N,N,D,-,Y,MNO,,395," ",R,18.207,H,,R,Y,3,0,1,1,A,-,03,22350,,N,E,8,A,C,H,-,A,D,0,,,,,Y,,D,22,0,1,0,0,0,0,0,0,0,"- ","- ",37.603431701660156,-118.80413055419922,MONO,UNINCORPORATED,-118.80388641357422,37.603569030761719
92300005,2024,2024-01-29,9820,2024-01-26,1427,018925,,5,2,9,2600,0,1,2,,1,042,US-395,"PUMICE MINE RD.",4752.00,S,N,A,-,Y,MNO,,395," ",R,39.039,H,,R,Y,3,0,1,1,A,-,01,23152,A,N,E,8,A,A,H,-,A,D,0,,,,,Y,Y,A,01,0,1,0,0,0,0,0,0,0,"- ","- ",37.79827880859375,-119.04100799560547,MONO,UNINCORPORATED,-119.04086303710938,37.798301696777344
92308342,2024,2024-02-07,9820,2024-02-06,"740 ",023633,,2,1,9,2600,0,1,3,,2,054,"US 395 SOUTHBOUND TO STATE ROUTE 203","STATE ROUTE 203",0.00,,Y,B,-,Y,MNO,,203," ",R,8.460,H,,L,N,4,0,1,2,A,-,03,22350,,N,C,C,A,C,H,-,A,A,0,,,,,Y,,D,22,0,0,1,0,0,0,0,0,0,"- ","- ",37.640968322753906,-118.91844177246094,MONO,UNINCORPORATED,-118.91843414306641,37.640953063964844
92310249,2024,2024-02-09,9825,2024-02-04,"930 ",022014,,7,1,9,2600,0,1,2,,1,023,"US-395 N/B","NORTH SHERWIN CROSSOVER",15.00,S,N,D,-,Y,MNO,,395," ",R,6.253,H,,R,N,3,0,1,2,A,-,07,21658,A,N,B,C,A,C,H,-,A,D,0,,,,,Y,,A,07,0,1,0,0,0,0,0,0,0,"- ","- ",37.530258178710938,-118.62792205810547,MONO,UNINCORPORATED,-118.62789154052734,37.530281066894531
92311516,2024,2024-02-12,9820,2024-02-04,1550,018925,,7,2,9,2600,0,1,2,,1,041,US-395,"PICNIC GROUNDS RD",10032.00,N,N,D,-,Y,MNO,,395," "," ",53.733,H,,R,Y,4,0,1,1,A,-,03,22350,,N,E,I,A,C,H,-,A,A,0,,,,,Y,,A,01,0,0,1,0,0,0,0,0,0,"- ","- ",37.985748291015625,-119.13945007324219,MONO,UNINCORPORATED,-119.13947296142578,37.985744476318359
92316331,2024,2024-02-16,9820,2024-02-15,1005,023615,,4,1,9,2600,0,1,3,,2,043,SR167,"COTTONWOOD CANYON RD",16368.00,E,N,A,-,Y,MNO,,167," "," ",10.384,H,,R,Y,3,0,2,1,A,-,03,22350,,N,F,A,A,C,G,-,A,A,0,,,,,Y,,D,22,0,1,1,0,0,0,0,0,0,"- ","- ",38.100620269775391,-118.98325347900391,MONO,UNINCORPORATED,-118.98323059082031,38.100582122802734
92318153,2024,2024-02-20,9825,2024-02-17,1744,023534,,6,2,9,2600,0,1,2,,1,023,"US-395 S/B","VISTA POINT",528.00,N,N,B,-,N,,,,,,,,,,Y,4,0,2,1,C,-,18,,,N,H,H,A,A,H,-,D,D,0,,,,,Y,,-,"- ",0,0,2,0,0,0,0,0,0,"- ","- ",37.519500732421875,-118.60664367675781,MONO,UNINCORPORATED,-118.60665130615234,37.519424438476562
92326930,2024,2024-02-29,9820,2024-02-29,"925 ",016556,,4,1,9,2600,0,1,2,,1,041,"US 395 NORTHBOUND","STATE ROUTE 120 WEST",1056.00,S,N,G,-,Y,MNO,,395," "," ",50.526,H,,R,Y,3,0,1,1,C,-,18,,,N,F,A,A,A,H,-,A,D,0,,,,Y,Y,,-,"- ",0,1,0,0,0,0,0,0,0,"- ","- ",37.949771881103516,-119.10917663574219,MONO,UNINCORPORATED,-119.10922241210938,37.94970703125
92330077,2024,2024-03-05,9820,2024-03-04,1245,018230,,1,1,9,2600,0,1,2,,1,052,"US-395 S/B","SHERWIN CREEK RD",2640.00,S,N,A,-,Y,MNO,,395," "," ",23.877,H,,L,Y,3,0,1,1,A,-,03,22350,,N,F,A,A,C,H,-,A,A,0,,,,,Y,,A,01,0,1,0,0,0,0,0,0,0,"- ","- ",37.634559631347656,-118.88377380371094,MONO,UNINCORPORATED,-118.88373565673828,37.634635925292969
92335483,2024,2024-03-12,9820,2024-03-02,"930 ",021335,,6,1,9,2600,0,1,2,,1,052,"US-395 S/B","HOT CREEK HATCHERY RD",1056.00,S,N,D,G,Y,MNO,,395," "," ",22.551,H,,L,N,3,0,1,1,A,-,03,22350,,N,E,I,A,C,H,-,A,A,0,,,,,Y,,A,07,0,1,0,0,0,0,0,0,0,"- ","- ",37.628398895263672,-118.86112976074219,MONO,UNINCORPORATED,-118.86111450195312,37.628440856933594
92351391,2024,2024-04-01,9820,2024-03-20,1100,016556,,3,1,9,2600,0,1,2,,1,051,"US 395 SOUTHBOUND","MAMMOTH SCENIC LOOP",2640.00,N,N,A,-,Y,MNO,,395," "," ",31.188,H,,L,Y,3,0,1,1,A,-,08,22107,,N,F,A,A,A,H,-,A,D,0,,,,,Y,,A,01,0,1,0,0,0,0,0,0,0,"- ","- ",37.715988159179688,-118.95674896240234,MONO,UNINCORPORATED,-118.95668029785156,37.716026306152344
92351397,2024,2024-04-01,9820,2024-03-30,"805 ",021335,,6,1,9,2600,0,1,2,,1,052,"US-395 N/B","CONVICT LAKE RD",1584.00,N,N,B,D,Y,MNO,,395," "," ",21.599,H,,R,Y,3,0,1,1,A,-,03,22350,,N,F,A,A,C,H,-,B,A,0,,,,,Y,,D,22,0,1,0,0,0,0,0,0,0,"- ","- ",37.624248504638672,-118.84462738037109,MONO,UNINCORPORATED,-118.84458923339844,37.624332427978516
92357549,2024,2024-04-05,9820,2024-03-18,1411,021335,,1,2,9,2600,1,4,S,,2,901,"TAVERN RD","OLD MAMMOTH RD",15.00,E,N,A,-,N,,,,,,,,,,N,3,0,1,2,A,-,09,21802,A,N,F,A,A,A,H,-,A,A,0,,Y,,,Y,,L,04,0,1,0,0,0,0,1,0,0,"- ","- ",37.644840240478516,-118.96607971191406,MONO,UNINCORPORATED,-118.96605682373047,37.644821166992188
92360164,2024,2024-04-09,9820,2024-04-05,"755 ",021335,,5,1,9,2600,0,1,2,,1,052,"US-395 N/B","CONVICT LAKE RD",360.00,S,N,B,D,Y,MNO,,395," "," ",21.240,H,,R,Y,4,0,1,1,A,-,03,22350,,N,E,8,A,C,H,-,A,A,0,,,,,Y,,D,22,0,0,1,0,0,0,0,0,0,"- ","- ",37.622550964355469,-118.83843231201172,MONO,UNINCORPORATED,-118.83840179443359,37.62261962890625
92360235,2024,2024-04-09,9820,2024-04-04,2245,019891,,4,3,9,2600,0,1,2,,1,022,US-395,200,0.00,,N,D,-,Y,MNO,,395," "," ",63.500,H,,R,N,4,0,1,2,A,-,03,22350,,N,C,E,A,C,H,-,C,D,0,,,,Y,Y,,-,"- ",0,0,1,0,0,0,0,0,0,"- ","- ",38.087089538574219,-119.18203735351562,MONO,UNINCORPORATED,-119.18194580078125,38.087120056152344
92363430,2024,2024-04-12,9820,2024-04-05,1325,023633,,5,1,9,2600,0,1,2,,1,042,"US-395 S/B","GLASS CREEK RD",3696.00,N,N,B,-,Y,MNO,,395," "," ",34.799,H,,L,Y,4,0,3,1,A,-,03,22350,,N,E,I,A,C,H,-,A,A,0,,,,,Y,,A,07,0,0,3,0,0,0,0,0,0,"- ","- ",37.759609222412109,-118.99165344238281,MONO,UNINCORPORATED,-118.99166870117188,37.759574890136719
92363476,2024,2024-04-12,9820,2024-03-17,2050,018654,,7,2,9,2600,0,1,2,,1,021,"UNITED STATES HIGHWAY 395","395 MPM 86.00",390.00,S,N,A,-,Y,MNO,,395," ",R,86.064,H,,R,Y,1,1,5,3,C,-,18,,,F,E,9,A,A,C,-,D,A,0,,,,,Y,,-,"- ",1,2,2,0,0,0,0,0,0,"- ","- ",38.346199035644531,-119.3271484375,MONO,UNINCORPORATED,-119.32715606689453,38.34619140625
92373003,2024,2024-04-23,9820,2024-04-14,1415,023771,,7,2,9,2600,0,1,2,,1,021,"RT 395","HAYES STREET",135.20,S,N,A,-,Y,MNO,,395," "," ",76.377,H,,R,Y,4,0,1,2,A,-,05,21460,A,N,B,C,A,A,H,-,A,D,0,,,,,Y,,D,22,0,0,1,0,0,0,0,0,0,"- ","- ",38.256099700927734,-119.22427368164062,MONO,UNINCORPORATED,-119.22427368164062,38.256092071533203
92375994,2024,2024-04-26,9820,2024-04-24,1534,022327,,3,2,9,2600,0,1,2,,1,052,"US-395 S/B","MPM 21.00",117.00,N,N,B,-,Y,MNO,,395," "," ",20.985,H,,L,Y,4,0,1,1,A,-,08,22107,,N,E,I,A,A,H,-,A,D,0,,,,,Y,,D,22,0,0,1,0,0,0,0,0,0,"- ","- ",37.621021270751953,-118.83422088623047,MONO,UNINCORPORATED,-118.83419036865234,37.621089935302734
92383997,2024,2024-05-07,9820,2024-04-25,2230,019891,,4,3,9,2600,0,3,5,,2,020,"TWIN LAKES RD","HACKAMORE PLACE",634.00,E,N,B,-,N,,,,,,,,,,Y,3,0,2,1,A,-,01,23152,A,N,F,A,A,A,H,-,D,D,0,,,,,Y,Y,A,07,0,2,0,0,0,0,0,0,0,"- ","- ",38.216781616210938,-119.30924987792969,MONO,UNINCORPORATED,-119.312255859375,38.211997985839844
92384136,2024,2024-05-07,9825,2024-04-30,1000,023755,,2,1,9,2600,0,1,2,,1,009,US-6,"WHITE MOUNTAIN ESTATES ROAD",1056.00,N,N,A,-,Y,MNO,,6," "," ",2.250,H,,R,Y,4,0,1,1,A,-,08,22107,,N,F,A,A,A,H,-,A,D,0,,,,,Y,,A,01,0,0,1,0,0,0,0,0,0,"- ","- ",37.494571685791016,-118.35871124267578,MONO,UNINCORPORATED,-118.35874938964844,37.494564056396484
92385227,2024,2024-05-08,9820,2024-05-04,1725,020530,,6,2,9,2600,0,1,3,,1,013,"SR-89 S/B",US-395,35376.00,W,N,D,-,Y,MNO,,89," "," ",6.714,H,,L,Y,4,0,1,1,A,-,03,22350,,N,E,I,A,C,G,-,A,D,0,,,,,Y,,A,07,0,0,1,0,0,0,0,0,0,"- ","- ",38.670238494873047,-119.58463287353516,MONO,UNINCORPORATED,-119.584716796875,38.670234680175781
92391968,2024,2024-08-14,9820,2024-05-10,1512,021692,,5,2,9,2600,0,1,2,,1,051,"US-395 N/B",SR-203,7920.00,N,N,A,-,Y,MNO,,395," "," ",27.418,H,,R,Y,3,0,1,1,A,-,08,22107,,N,E,J,A,A,H,-,A,D,0,,,,,Y,,A,07,0,1,0,0,0,0,0,0,0,"- ","- ",37.665611267089844,-118.93235015869141,MONO,UNINCORPORATED,-118.93229675292969,37.665630340576172
92394239,2024,2024-05-20,9820,2024-05-12,1747,022327,,7,2,9,2600,0,1,2,,1,052,"US 395 S/B","RT 203",452.00,S,N,A,-,Y,MNO,,395," ",R,25.689,H,,L,Y,2,0,1,1,A,-,08,22107,,N,F,A,A,A,H,-,A,D,0,,,,,Y,,A,07,1,0,0,0,0,0,0,0,0,"- ","- ",37.64044189453125,-118.91616821289062,MONO,UNINCORPORATED,-118.91602325439453,37.640602111816406
92394261,2024,2024-05-20,9820,2024-05-19,"655 ",019891,,7,1,9,2600,0,1,2,,1,021,US395,"BIRCHAM FLAT RD",1750.00,N,N,A,-,Y,MNO,,395," "," ",91.872,H,,R,N,3,0,2,1,C,-,18,,,N,H,H,A,A,H,-,A,D,0,,,,,Y,,-,"- ",0,1,1,0,0,0,0,0,0,"- ","- ",38.350090026855469,-119.42787170410156,MONO,UNINCORPORATED,-119.42787933349609,38.35009765625
92395222,2024,2024-05-21,9820,2024-05-10,1710,021692,,5,2,9,2600,0,1,3,,2,047,"SR-120 EAST","CATTLE DRIVE RD.",174.00,W,N,A,-,Y,MNO,,120," "," ",53.428,H,,R,Y,2,0,2,2,A,-,01,23152,A,N,A,C,A,A,H,-,A,D,0,,,,,Y,Y,D,22,2,0,0,0,0,0,0,0,0,"- ","- ",37.785099029541016,-118.54418182373047,MONO,UNINCORPORATED,-118.54418182373047,37.785083770751953
92403095,2024,2024-05-31,9820,2024-05-30,1505,021692,,4,2,9,2600,0,1,2,,1,042,"US-395 S/B","GLASS CREEK ROAD",5808.00,N,N,A,-,Y,MNO,,395," "," ",34.764,H,,L,N,3,0,1,1,A,-,03,22350,,N,F,A,A,A,H,-,A,D,0,,Y,,,Y,,-,"- ",0,1,0,0,0,0,1,0,0,"- ","- ",37.759288787841797,-118.99114227294922,MONO,UNINCORPORATED,-118.99109649658203,37.759342193603516
92403105,2024,2024-05-31,9820,2024-05-24,"852 ",021335,,5,1,9,2600,0,1,2,,1,041,US-395,"CEMETERY RD",4224.00,S,N,B,-,Y,MNO,,395," "," ",54.834,H,,R,N,3,0,1,1,C,-,18,,,N,H,7,A,A,H,-,A,D,0,,,Y,,Y,,-,"- ",0,1,0,0,0,0,0,0,1,"- ","- ",37.999988555908203,-119.14823913574219,MONO,UNINCORPORATED,-119.1483154296875,37.999919891357422
92404654,2024,2024-06-03,9820,2024-06-02,"915 ",023885,,7,1,9,2600,0,1,2,,1,021,US-395,"BURCHAM FLAT ROAD",6336.00,S,N,A,-,Y,MNO,,395," "," ",83.479,H,,R,Y,4,0,1,1,C,-,18,,,N,H,H,A,A,H,-,A,D,0,,,,,Y,,-,"- ",0,0,1,0,0,0,0,0,0,"- ","- ",38.311019897460938,-119.31407928466797,MONO,UNINCORPORATED,-119.31406402587891,38.311019897460938
92408161,2024,2024-06-06,9820,2024-06-05,"400 ",023874,,3,3,9,2600,0,1,3,,2,047,"120 E","MILE MARKER 17.5",1584.00,W,N,A,-,Y,MNO,,120," "," ",17.567,H,,R,Y,3,0,1,1,A,-,08,22107,,N,E,J,A,A,H,-,D,D,0,,,,,Y,,A,07,0,1,0,0,0,0,0,0,0,"- ","- ",37.924659729003906,-119.03302001953125,MONO,UNINCORPORATED,-119.03301239013672,37.924697875976562
92411626,2024,2024-06-11,9825,2024-06-01,1017,023468,,6,1,9,2600,0,3,5,,2,030,"LOWER ROCK CREEK RD.",US-395,4066.00,E,N,A,-,N,,,,,,,,,,N,4,0,1,1,A,-,08,22107,,N,E,J,A,A,H,-,A,D,0,,Y,,,Y,,-,"- ",0,0,1,0,0,0,1,0,0,"- ","- ",37.548610687255859,-118.65225982666016,MONO,UNINCORPORATED,-118.66023254394531,37.557918548583984
92415061,2024,2024-06-14,9820,2024-06-06,"845 ",023771,,4,1,9,2600,0,1,3,,2,047,"SR-120 EAST","DOBIE MEADOWS ROAD",53.00,W,N,A,-,Y,MNO,,120," "," ",39.624,H,,R,Y,3,0,1,1,A,-,08,22107,,N,E,I,A,A,H,-,A,D,0,,,,,Y,,B,08,0,1,0,0,0,0,0,0,0,"- ","- ",37.921398162841797,-118.70503234863281,MONO,UNINCORPORATED,-118.70503997802734,37.921360015869141
92416113,2024,2024-06-17,9825,2024-06-07,"940 ",023468,,5,1,9,2600,0,1,2,,1,010,"UNITED STATES HIGHWAY 6","SIPES RANCH RD",1056.00,N,N,A,-,N,,,,,,,,,,Y,2,0,2,1,A,-,08,22107,,N,E,J,A,A,H,-,A,D,0,,,,,Y,,-,"- ",2,0,0,0,0,0,0,0,0,"- ","- ",37.853610992431641,-118.47499847412109,MONO,UNINCORPORATED,-118.47389984130859,37.857597351074219
92418381,2024,2024-06-19,9825,2024-05-21,1900,022757,,2,2,9,2600,0,3,5,,2,030,"FISH SLOUGH RD","CHIDAGO CANYON RD",11616.00,S,N,A,-,N,,,,,,,,,,N,3,0,1,1,A,-,03,38305,,N,F,A,A,A,H,-,A,D,0,,,Y,,Y,,C,02,0,1,0,0,0,0,0,0,1,"- ","- ",37.62677001953125,-118.43105316162109,MONO,UNINCORPORATED,-118.43107604980469,37.62689208984375
92418733,2024,2024-10-29,9820,2024-06-15,1650,021692,,6,2,9,2600,0,3,5,,2,050,"LAUREL LAKES RD.","SHERWIN CREEK RD.",650.00,S,N,A,-,N,,,,,,,,,,N,3,0,1,1,A,-,03,38305,,N,F,A,A,A,H,-,A,D,0,,,Y,,Y,Y,-,"- ",0,1,0,0,0,0,0,0,1,"- ","- ",37.621891021728516,-118.90727233886719,MONO,UNINCORPORATED,-118.90715789794922,37.621952056884766
92423883,2024,2024-06-26,9820,2024-06-25,"940 ",018230,,2,1,9,2600,0,1,2,,1,021,US-395,"SWAUGER CREEK ROAD",4224.00,S,N,A,-,Y,MNO,,395," "," ",86.177,H,,R,N,2,0,2,1,C,-,18,,,N,H,H,A,A,H,-,A,D,0,,,Y,,Y,,-,"- ",1,0,1,0,0,0,0,0,2,"- ","- ",38.346660614013672,-119.3292236328125,MONO,UNINCORPORATED,-119.32923126220703,38.346611022949219
92426128,2024,2024-06-28,9820,2024-06-07,"500 ",022165,,5,3,9,2600,0,1,3,,1,014,"RT 108","LEVITT MEADOWS PACK STATION",1320.00,W,N,A,-,Y,MNO,,108," "," ",7.123,H,,R,Y,3,0,3,1,A,-,08,22107,,N,E,I,A,A,H,-,B,A,0,,,,Y,Y,,F,26,0,2,1,0,0,0,0,0,0,"- ","- ",38.322418212890625,-119.55593872070312,MONO,UNINCORPORATED,-119.55599975585938,38.322471618652344
92427294,2024,2024-07-01,9825,2024-06-16,"922 ",022270,,7,1,9,2600,0,1,2,,1,023,"N/B US-395","LOWER ROCK CREEK RD",530.00,N,N,A,-,Y,MNO,,395," "," ",9.436,H,,R,Y,3,0,1,2,A,-,03,22350,,N,C,C,A,A,H,-,A,D,0,,,Y,,Y,,C,02,0,1,0,0,0,0,0,0,1,"- ","- ",37.558849334716797,-118.66197204589844,MONO,UNINCORPORATED,-118.66199493408203,37.558822631835938
92432665,2024,2024-07-08,9820,2024-06-28,"828 ",021335,,5,1,9,2600,0,3,5,,2,050,"MAMMOTH SCENIC LOOP","DRY CREEK ROAD SPUR",2112.00,E,N,A,-,N,,,,,,,,,,N,2,0,1,1,C,-,18,,,N,H,H,A,A,H,-,A,D,0,,Y,,,Y,,-,"- ",1,0,0,0,0,0,1,0,0,"- ","- ",37.686008453369141,-118.99027252197266,MONO,UNINCORPORATED,-118.97842407226562,37.697509765625
92432687,2024,2024-07-08,9820,2024-06-28,1115,021335,,5,1,9,2600,0,1,2,,1,052,"US-395 N/B","BENTON CROSSING RD",0.00,,Y,A,-,Y,MNO,,395," "," ",20.351,H,,R,Y,3,0,2,2,A,-,09,21802,A,N,D,C,A,A,H,-,A,D,0,,,,,Y,,M,47,0,1,1,0,0,0,0,0,0,"- ","- ",37.618408203125,-118.82309722900391,MONO,UNINCORPORATED,-118.82308959960938,37.618442535400391
92435928,2024,2024-07-11,9820,2024-07-08,1145,018230,,1,1,9,2600,0,1,2,,1,051,"US-395 S/B","OWENS RIVER ROAD",528.00,S,N,A,-,Y,MNO,,395," "," ",32.619,H,,L,N,4,0,2,2,A,-,03,22350,,N,C,C,A,A,H,-,A,D,0,,,,,Y,,A,07,0,0,2,0,0,0,0,0,0,"- ","- ",37.733928680419922,-118.96981811523438,MONO,UNINCORPORATED,-118.96980285644531,37.733936309814453
92437750,2024,2024-07-12,9820,2024-06-01,1015,023874,,6,1,9,2600,0,1,2,,1,022,"UNITED STATES HIGHWAY 395","MILE POST MARKER 66.5",125.50,S,N,A,-,Y,MNO,,395," ",R,66.480,H,,R,Y,1,1,1,2,A,-,05,21460,A,N,A,C,A,A,H,-,A,D,0,,,,Y,Y,,A,07,0,1,0,0,0,0,0,0,0,"- ","- ",38.128761291503906,-119.18242645263672,MONO,UNINCORPORATED,-119.18243408203125,38.128761291503906
92439317,2024,2024-07-15,9820,2024-07-11,1708,021335,,4,2,9,2600,0,1,2,,1,051,"US-395 S/B","SAWMILL CUTOFF (FS 3S08)",710.00,N,N,A,-,Y,MNO,,395," "," ",30.391,H,,L,Y,4,0,1,1,C,-,18,,,N,H,H,A,A,H,-,A,D,0,,,,,Y,,-,"- ",0,0,1,0,0,0,0,0,0,"- ","- ",37.70513916015625,-118.95211791992188,MONO,UNINCORPORATED,-118.9520263671875,37.705158233642578
92439742,2024,2024-07-15,9825,2024-07-02,1014,023872,,2,1,9,2600,0,1,2,,1,009,US-6,"DAWSON RANCH ROAD",6864.00,S,N,A,-,Y,MNO,,6," ",R,13.256,H,,R,Y,3,0,1,1,A,-,08,22107,,N,E,I,A,A,H,-,A,D,0,,,,Y,Y,,G,77,0,1,0,0,0,0,0,0,0,"- ","- ",37.650611877441406,-118.3997802734375,MONO,UNINCORPORATED,-118.39970397949219,37.650619506835938
92442952,2024,2024-07-18,9820,2024-07-06,1420,021335,,6,2,9,2600,0,1,2,,1,041,US-395,"PICNIC GROUNDS RD",3168.00,N,N,A,-,Y,MNO,,395," "," ",53.701,H,,R,Y,2,0,6,2,A,-,08,22107,,N,A,2,A,A,H,-,A,D,0,,,,,Y,,A,01,1,3,2,0,0,0,0,0,0,"- ","- ",37.985279083251953,-119.13938903808594,MONO,UNINCORPORATED,-119.13935089111328,37.985286712646484
92443795,2024,2024-07-19,9825,2024-07-14,1010,023468,,7,1,9,2600,0,1,2,,1,009,SR-120,"CLARK RANCH RD",0.00,,Y,A,-,Y,MNO,,120," "," ",57.977,H,,R,N,2,0,2,2,A,-,09,21804,A,N,D,C,A,A,H,-,A,D,0,,,,,Y,,A,01,1,1,0,0,0,0,0,0,0,"- ","- ",37.819988250732422,-118.49517059326172,MONO,UNINCORPORATED,-118.49517059326172,37.819984436035156
92595438,2024,2024-07-23,9820,2024-07-17,"620 ",019933,,3,1,9,2600,0,1,2,,1,021,"RT 395","SWAUGER CREEK RD.",200.00,N,N,A,-,Y,MNO,,395," "," ",87.085,H,,R,Y,3,0,2,1,C,-,18,,,N,H,H,A,A,H,-,A,D,0,,,,,Y,,-,"- ",0,2,0,0,0,0,0,0,0,"- ","- ",38.348869323730469,-119.34568786621094,MONO,UNINCORPORATED,-119.34569549560547,38.348968505859375
92596912,2024,2024-07-24,9825,2024-07-23,1450,023296,,2,2,9,2600,0,1,3,,1,014,"N/B SR 266","NEVADA STATE LINE",44880.00,S,N,A,-,Y,MNO,,266," "," ",8.377,H,,R,N,4,0,1,1,A,-,08,22107,,N,E,8,A,A,H,-,A,D,0,,,,,Y,,A,07,0,0,1,0,0,0,0,0,0,"- ","- ",37.533359527587891,-117.94931793212891,MONO,UNINCORPORATED,-117.94936370849609,37.533340454101562
92868425,2024,2024-07-29,9820,2024-07-24,1335,021692,,3,1,9,2600,0,1,2,,1,051,"US-395 SOUTHBOUND","GLASS CREEK RD.",1320.00,N,N,B,-,Y,MNO,,395," "," ",34.359,H,,L,Y,2,0,3,1,A,-,08,22107,,N,E,8,A,A,H,-,A,D,0,,,,,Y,,D,22,1,2,0,0,0,0,0,0,0,"- ","- ",37.755329132080078,-118.98600769042969,MONO,UNINCORPORATED,-118.98580932617188,37.755409240722656
92877211,2024,2024-07-29,9820,2024-07-24,1600,021692,,3,2,9,2600,0,1,2,,1,052,"US-395 NORTHBOUND","GLASS CREEK RD",2640.00,N,N,C,-,Y,MNO,,395," "," ",34.673,H,,R,Y,4,0,1,1,C,-,18,,,N,E,J,A,B,H,-,A,D,0,,,,,Y,,-,"- ",0,0,1,0,0,0,0,0,0,"- ","- ",37.758960723876953,-118.98932647705078,MONO,UNINCORPORATED,-118.98928833007812,37.759006500244141
92884521,2024,2024-07-30,9820,2024-07-22,"750 ",023771,,1,1,9,2600,0,3,5,,2,015,"CUNNINGHAM LANE","EASTSIDE LN",2640.00,W,N,A,-,N,,,,,,,,,,Y,3,0,1,1,A,-,08,22107,,N,E,I,A,A,H,-,A,D,0,,,,,Y,,A,07,0,1,0,0,0,0,0,0,0,"- ","- ",38.579078674316406,-119.48518371582031,MONO,UNINCORPORATED,-119.47077941894531,38.578575134277344
93280571,2024,2024-08-01,9825,2024-07-21,2110,023552,,7,2,9,2600,0,1,3,,1,014,SR-266,"MILE POST MARKER 10.5",300.00,S,N,A,-,Y,MNO,,266," "," ",10.298,H,,R,Y,3,0,1,1,C,-,18,,,N,A,H,A,A,H,-,D,D,0,,,Y,,Y,,-,"- ",0,1,0,0,0,0,0,0,1,"- ","- ",37.556789398193359,-117.96842193603516,MONO,UNINCORPORATED,-117.96846771240234,37.5567626953125
93491579,2024,2024-08-05,9820,2024-07-27,1520,021335,,6,2,9,2600,0,3,5,,2,040,"FOREST SERVICE ROAD 02S11",US-395,6494.00,W,N,A,-,N,,,,,,,,,,N,2,0,1,1,A,-,03,38305,,N,F,0,A,A,G,-,A,D,0,,,Y,,Y,,C,02,1,0,0,0,0,0,0,0,1,"- ","- ",37.751361846923828,-119.01431274414062,MONO,UNINCORPORATED,,
93767943,2024,2024-08-07,9820,2024-08-06,1330,021335,,2,1,9,2600,0,1,3,,1,014,SR-108,"FS 6N64Y",7920.00,E,N,A,-,Y,MNO,,108," "," ",1.392,H,,R,Y,3,0,1,1,A,-,08,22107,,N,E,8,A,A,H,-,A,D,0,,,,,Y,,A,01,0,1,0,0,0,0,0,0,0,"- ","- ",38.327751159667969,-119.61585235595703,MONO,UNINCORPORATED,-119.61594390869141,38.327663421630859
94019423,2024,2024-08-09,9820,2024-07-31,1635,019933,,3,2,9,2600,0,1,2,,1,011,"RT 395","MILL CANYON RD.",432.00,S,N,A,-,Y,MNO,,395," "," ",111.423,H,,R,Y,3,0,1,2,A,-,08,22107,,N,D,C,A,A,H,-,A,D,0,,,,,Y,,A,07,0,1,0,0,0,0,0,0,0,"- ","- ",38.565589904785156,-119.5072021484375,MONO,UNINCORPORATED,-119.50717926025391,38.565593719482422
94019425,2024,2024-08-09,9820,2024-08-02,1150,021435,,5,1,9,2600,0,1,2,,1,042,US-395,"SR-158 SOUTH",0.00,,Y,B,-,Y,MNO,,395," "," ",40.335,H,,R,Y,2,0,8,2,A,-,09,21801,A,N,D,C,A,A,H,-,A,D,0,,,,,Y,,D,22,7,1,0,0,0,0,0,0,0,"- ","- ",37.812690734863281,-119.05352783203125,MONO,UNINCORPORATED,-119.05348205566406,37.812725067138672
94176531,2024,2024-08-13,9825,2024-04-12,"140 ",023376,,5,3,9,2600,0,1,2,,1,009,"US-6 S/B","FALLS CREEK ROAD",19008.00,N,N,A,-,Y,MNO,,6," "," ",20.529,H,,L,Y,1,2,3,1,A,-,08,22107,,N,F,A,A,A,H,-,D,D,0,,,,,Y,,A,07,1,2,0,0,0,0,0,0,0,"- ","- ",37.746700286865234,-118.45040893554688,MONO,UNINCORPORATED,-118.45033264160156,37.746730804443359
94357420,2024,2024-08-16,9820,2024-08-07,1430,019891,,3,2,9,2600,0,1,3,,1,013,SR89,US395,31680.00,W,N,A,-,Y,MNO,,89," "," ",6.198,H,,R,N,3,0,1,1,A,-,08,22107,,N,F,A,A,A,H,-,A,D,0,,,Y,,Y,,C,02,0,1,0,0,0,0,0,0,1,"- ","- ",38.66510009765625,-119.59028625488281,MONO,UNINCORPORATED,-119.59026336669922,38.665092468261719
94371283,2024,2024-08-27,9820,2024-08-18,1700,023615,,7,2,9,2600,0,3,5,,2,025,"COW CAMP RD","AURORA CANYON RD",14256.00,N,N,A,-,N,,,,,,,,,,N,2,0,1,1,A,-,03,38305,,N,F,A,A,A,G,-,A,D,0,,,Y,,Y,,-,"- ",1,0,0,0,0,0,0,0,1,"- ","- ",38.307838439941406,-119.06690979003906,MONO,UNINCORPORATED,-119.14817047119141,38.277481079101562
94372340,2024,2024-08-27,9820,2024-08-21,1415,018230,,3,2,9,2600,0,1,2,,1,041,US-395,"PICNIC GROUNDS RD",0.00,,Y,A,-,Y,MNO,,395," "," ",53.080,H,,R,Y,3,0,3,2,A,-,09,21801,A,N,D,C,A,A,H,-,A,D,0,,,,,Y,,-,"- ",0,3,0,0,0,0,0,0,0,"- ","- ",37.976871490478516,-119.13568878173828,MONO,UNINCORPORATED,-119.13570404052734,37.976863861083984
94383955,2024,2024-09-06,9820,2024-09-05,"804 ",023885,,4,1,9,2600,0,1,2,,1,041,"US 395 S/B","PICNIC GROUNDS RD",1000.00,S,N,A,-,Y,MNO,,395," "," ",52.894,H,,R,Y,4,0,1,2,A,-,08,22107,,N,B,C,A,A,H,-,A,D,0,,,,,Y,,A,08,0,0,1,0,0,0,0,0,0,"- ","- ",37.974620819091797,-119.13398742675781,MONO,UNINCORPORATED,-119.13394927978516,37.974628448486328
94394932,2024,2024-09-16,9820,2024-08-16,1645,023633,,5,2,9,2600,0,3,5,,2,050,"CROWLEY LAKE DR","MCGEE CREEK RD",0.00,,Y,A,-,Y,,,,,,,,,,N,4,0,1,1,A,-,01,23152,A,N,F,A,A,A,H,-,A,D,0,,,Y,,Y,Y,C,02,0,0,1,0,0,0,0,0,1,"- ","- ",37.586589813232422,-118.78469848632812,MONO,UNINCORPORATED,-118.78452301025391,37.586509704589844
94402283,2024,2024-09-20,9825,2024-09-14,1954,023534,,6,2,9,2600,0,1,3,,1,014,SR-266,"OASIS RANCH RD",300.00,S,N,A,-,Y,MNO,,266," "," ",3.807,H,,R,Y,4,0,1,1,C,-,18,,,N,E,H,A,A,H,-,D,A,0,,,,,Y,,-,"- ",0,0,1,0,0,0,0,0,0,"- ","- ",37.486679077148438,-117.90305328369141,MONO,UNINCORPORATED,-117.90305328369141,37.486663818359375
94405915,2024,2024-09-24,9820,2024-09-16,1540,023874,,1,2,9,2600,0,1,2,,1,042,"US-395 N/B","MPM 42",100.00,S,N,C,D,Y,MNO,,395," ",R,41.975,H,,R,Y,3,0,1,1,A,-,03,22350,,N,E,I,A,D,H,-,A,D,0,,,,,Y,,A,08,0,1,0,0,0,0,0,0,0,"- ","- ",37.832740783691406,-119.06891632080078,MONO,UNINCORPORATED,-119.0689697265625,37.832729339599609
94407542,2024,2024-09-25,9820,2024-09-16,"630 ",023874,,1,1,9,2600,0,1,2,,1,011,"US-395 S/B","CHAMPAGNE AVE",528.00,S,N,A,-,Y,MNO,,395," "," ",112.963,H,,L,N,4,0,1,1,C,-,18,,,N,H,H,A,A,H,-,B,D,0,,,,,Y,,-,"- ",0,0,1,0,0,0,0,0,0,"- ","- ",38.586830139160156,-119.51447296142578,MONO,UNINCORPORATED,-119.51441955566406,38.586849212646484
94414589,2024,2024-10-01,9820,2024-09-29,1009,018925,,7,1,9,2600,0,1,2,,1,042,US-395,"GLASS CREEK RD",1056.00,S,N,A,-,Y,MNO,,395," "," ",33.935,H,,L,Y,2,0,2,1,A,-,08,22107,,N,E,8,A,A,H,-,A,D,0,,,Y,,Y,,C,02,1,1,0,0,0,0,0,0,2,"- ","- ",37.749668121337891,-118.98317718505859,MONO,UNINCORPORATED,-118.98316955566406,37.749675750732422
94414698,2024,2024-10-01,9820,2024-09-29,1530,019627,,7,2,9,2600,0,1,3,,1,014,SR-108,"LEAVITT LAKE RD",3696.00,W,N,A,-,Y,MNO,,108," "," ",3.080,H,,R,N,3,0,1,2,A,-,09,21804,,N,C,C,A,A,H,-,A,D,0,,,Y,,Y,,C,02,0,1,0,0,0,0,0,0,1,"- ","- ",38.311981201171875,-119.59902191162109,MONO,UNINCORPORATED,-119.59900665283203,38.311992645263672
94431907,2024,2024-10-15,9820,2024-09-18,1736,021335,,3,2,9,2600,0,1,2,,1,052,"US-395 S/B","SOUTH LANDING RD",5280.00,S,N,B,-,Y,MNO,,395," ",R,12.906,H,,L,Y,1,1,0,1,A,-,08,22107,,N,E,8,A,A,H,-,A,D,0,,,,,Y,,D,22,0,0,0,0,0,0,0,0,0,"- ","- ",37.574989318847656,-118.72052001953125,MONO,UNINCORPORATED,-118.72052001953125,37.574996948242188
94431918,2024,2024-10-15,9820,2024-09-27,2037,023615,,5,2,9,2600,0,1,3,,1,044,"SR-120 E/B","MPM 6.5",792.00,W,N,A,-,Y,MNO,,395," "," ",67.741,H,,R,Y,2,0,1,1,A,-,03,22350,,N,F,A,A,A,H,-,D,D,0,,,,,Y,,A,08,1,0,0,0,0,0,0,0,0,"- ","- ",38.146068572998047,-119.18491363525391,MONO,UNINCORPORATED,-119.18501281738281,38.146060943603516
94432093,2024,2024-10-15,9820,2024-10-08,1230,018230,,2,1,9,2600,0,1,3,,1,023,SR-182,"RAMP RD.",144.00,S,N,A,-,Y,MNO,,182," "," ",3.695,H,,R,Y,4,0,1,2,A,-,08,22107,,N,B,C,A,A,H,-,A,D,0,,,,Y,Y,,D,22,0,0,1,0,0,0,0,0,0,"- ","- ",38.307510375976562,-119.21404266357422,MONO,UNINCORPORATED,-119.21401214599609,38.307510375976562
94432160,2024,2024-10-15,9820,2024-10-11,1052,021335,,5,1,9,2600,0,1,3,,2,047,SR-120,"DOBIE MEADOWS",937.00,W,N,A,-,Y,MNO,,120," "," ",39.666,H,,R,N,3,0,1,1,A,-,08,22107,,N,F,A,A,A,H,-,A,A,0,,,Y,,Y,,C,02,0,1,0,0,0,0,0,0,1,"- ","- ",37.921150207519531,-118.70429992675781,MONO,UNINCORPORATED,-118.70436096191406,37.92108154296875
94439416,2024,2024-10-21,9820,2024-10-17,1222,021335,,4,1,9,2600,0,1,S,,2,904,SR-120,"FOOTHILL ROAD",404.00,W,N,B,-,Y,MNO,,120," "," ",56.838,H,,R,Y,2,0,1,1,A,-,08,22107,,N,F,A,A,A,H,-,A,D,0,,,,,Y,,A,07,1,0,0,0,0,0,0,0,0,"- ","- ",37.821498870849609,-118.51376342773438,MONO,UNINCORPORATED,-118.51371002197266,37.821479797363281
94451429,2024,2024-10-30,9820,2024-10-25,1133,021335,,5,1,9,2600,0,1,2,,1,051,"US-395 S/B","MAMMOTH SCENIC LOOP",0.00,,Y,B,-,Y,MNO,,395," "," ",30.649,H,,L,Y,3,0,3,2,A,-,09,21801,A,N,D,2,A,A,H,-,A,A,0,,,,,Y,,A,07,0,3,0,0,0,0,0,0,0,"- ","- ",37.708839416503906,-118.95310974121094,MONO,UNINCORPORATED,-118.95302581787109,37.708854675292969
94451437,2024,2024-10-30,9820,2024-10-21,1048,016944,,1,1,2,2601,0,1,2,,1,022,US-395,"GREEN CREEK RD",40.00,S,N,A,-,Y,MNO,,395," "," ",71.925,H,,R,Y,3,0,1,2,A,-,03,22350,,N,C,C,A,A,H,-,A,D,0,,,,Y,Y,,F,21,0,1,0,0,0,0,0,0,0,"- ","- ",38.196689605712891,-119.21871185302734,MONO,"MAMMOTH LAKES",-119.21872711181641,38.196678161621094
94459135,2024,2024-11-05,9820,2024-10-27,1805,020309,,7,2,9,2600,0,1,2,,1,021,"RT 395","BURCHAM FLAT RD",4224.00,S,N,A,-,Y,MNO,,395," "," ",90.757,H,,R,Y,2,0,1,2,A,-,06,21751,,N,A,C,A,A,H,-,B,D,0,,,,,Y,,D,22,1,0,0,0,0,0,0,0,0,"- ","- ",38.353801727294922,-119.41095733642578,MONO,UNINCORPORATED,-119.41094970703125,38.353828430175781
94475304,2024,2024-11-19,9820,2024-11-11,1925,021692,,1,2,9,2600,0,1,2,,1,052,"US-395 S/B","CROWLEY LAKE DR",1320.00,N,N,A,-,Y,MNO,,395," ",R,18.325,H,,L,Y,4,0,2,1,A,-,08,22107,,N,E,I,A,C,H,-,D,D,0,,,,Y,Y,,G,25,0,0,2,0,0,0,0,0,0,"- ","- ",37.604801177978516,-118.80535888671875,MONO,UNINCORPORATED,-118.80531311035156,37.604820251464844
94479147,2024,2024-11-21,9825,2024-11-13,1645,023999,,3,2,9,2600,0,1,2,,1,009,"N/B US HWY 6","CHIDAGO CANYON RD.",5280.00,N,N,A,-,Y,MNO,,6," ",R,11.949,H,,R,Y,3,0,1,1,A,-,08,22107,,N,F,0,A,A,H,-,B,D,0,,,,,Y,,D,22,0,1,0,0,0,0,0,0,0,"- ","- ",37.631828308105469,-118.39672088623047,MONO,UNINCORPORATED,-118.39659881591797,37.631843566894531
94479209,2024,2024-11-21,9820,2024-11-09,"315 ",023615,,6,3,9,2600,0,1,2,,1,011,US-395,"PALMER WAY",1050.00,N,N,A,-,Y,MNO,,395," "," ",117.978,H,,R,Y,2,0,1,1,A,-,08,22107,,N,E,I,A,A,H,-,D,D,0,,,Y,,Y,Y,C,02,1,0,0,0,0,0,0,0,1,"- ","- ",38.654819488525391,-119.5372314453125,MONO,UNINCORPORATED,-119.5372314453125,38.654819488525391
94479319,2024,2025-02-12,9820,2024-10-26,2335,023633,,6,3,9,2600,0,3,5,,2,020,SR-108,US-395,50160.00,W,N,A,-,Y,MNO,,108," "," ",9.016,H,,R,Y,4,0,1,1,A,-,08,22107,,N,F,A,A,A,H,-,D,D,0,,,,,Y,,D,22,0,0,1,0,0,0,0,0,0,"- ","- ",38.345088958740234,-119.54405975341797,MONO,UNINCORPORATED,-119.54404449462891,38.345058441162109
94503446,2024,2024-12-13,9820,2024-12-11,1030,018925,,3,1,9,2600,0,1,3,,1,039,SR-158,"PARKER LAKE RD.",6864.00,N,N,A,-,Y,MNO,,158," "," ",13.184,H,,R,Y,3,0,1,1,A,-,01,23152,A,N,E,I,A,A,H,-,A,D,0,,,,,Y,Y,A,01,0,1,0,0,0,0,0,0,0,"- ","- ",37.860038757324219,-119.11060333251953,MONO,UNINCORPORATED,-119.11056518554688,37.860023498535156
94503819,2024,2024-12-13,9820,2024-11-15,1634,019933,,5,2,9,2600,0,1,2,,1,022,"RT 395","LITTLE VIRGINIA LAKES RD",4224.00,S,N,D,-,Y,MNO,,395," "," ",62.762,H,,R,Y,1,1,1,1,A,-,03,22350,,N,F,A,A,C,H,-,D,D,0,,,,,Y,,D,22,1,0,0,0,0,0,0,0,0,"- ","- ",38.077449798583984,-119.17858123779297,MONO,UNINCORPORATED,-119.17855834960938,38.077449798583984
94503834,2024,2024-12-13,9825,2024-12-05,1600,024218,,4,2,9,2600,0,1,2,,1,023,"S/B US-395","NORTH SHERWIN CROSSOVER",8448.00,S,N,A,-,Y,MNO,,395," ",R,4.972,H,,L,N,4,0,1,1,C,-,18,,,N,E,H,A,A,H,-,A,D,0,,,,,Y,,-,"- ",0,0,1,0,0,0,0,0,0,"- ","- ",37.520088195800781,-118.61199951171875,MONO,UNINCORPORATED,-118.61199951171875,37.520088195800781
94517792,2024,2024-12-27,9825,2024-12-22,1925,023755,,7,2,9,2600,0,1,2,,1,023,"S/B US-395","NORTH SHERWIN CROSSOVER",4224.00,N,N,A,-,Y,MNO,,395," "," ",7.004,H,,R,Y,4,0,2,1,A,-,08,22107,,N,E,I,A,A,H,-,D,A,0,,,,,Y,,A,07,0,0,2,0,0,0,0,0,0,"- ","- ",37.538108825683594,-118.63925170898438,MONO,UNINCORPORATED,-118.63915252685547,37.538143157958984
94524836,2024,2025-01-03,9820,2024-12-24,1120,018925,,2,1,9,2600,0,1,3,,1,039,SR-158,"LYLE TERRACE RD.",260.00,E,N,D,-,Y,MNO,,158," "," ",3.267,H,,R,Y,4,0,1,2,A,-,03,22350,,N,B,2,A,C,H,-,A,D,0,,,,,Y,,A,01,0,0,1,0,0,0,0,0,0,"- ","- ",37.772781372070312,-119.08165740966797,MONO,UNINCORPORATED,-119.0816650390625,37.772789001464844
94524930,2024,2025-01-03,9820,2024-12-29,1450,021692,,7,2,9,2600,0,3,5,,2,050,B-TRAIL,"MAMMOTH SCENIC LOOP",300.00,N,N,B,D,N,,,,,,,,,,N,3,0,1,1,A,-,08,38314,,N,B,I,A,C,H,-,A,D,0,,,,,Y,,M,96,0,1,0,0,0,0,0,0,0,"- ","- ",37.679618835449219,-118.99681091308594,MONO,UNINCORPORATED,,
94525033,2024,2025-01-03,9820,2024-12-29,1640,021335,,7,2,9,2600,0,1,2,,1,022,US-395,"MILL CREEK POWERHOUSE RD",1584.00,N,N,G,-,Y,MNO,,395," "," ",58.827,H,,R,Y,3,0,1,1,C,-,18,,,N,F,A,A,B,H,-,B,D,0,,,,Y,Y,,-,"- ",0,1,0,0,0,0,0,0,0,"- ","- ",38.053241729736328,-119.16515350341797,MONO,UNINCORPORATED,-119.16518402099609,38.053234100341797
94528412,2025,2025-01-07,9820,2025-01-04,1240,021692,,6,1,9,2600,0,1,2,,1,042,US-395,"SR-158 (S-JCT)",6230.00,N,N,A,-,Y,MNO,,395," ",R,41.526,H,,L,N,3,0,1,1,A,-,08,22107,,N,E,8,A,C,H,-,A,A,0,,,,,Y,,A,01,0,1,0,0,0,0,0,0,0,"- ","- ",37.826778411865234,-119.06545257568359,MONO,UNINCORPORATED,-119.06517791748047,37.826930999755859
94554075,2025,2025-01-29,9820,2025-01-25,"643 ",018925,,6,1,9,2600,0,1,2,,1,052,US-395,"SOUTH LANDING RD",5808.00,N,N,A,-,Y,MNO,,395," ",R,15.058,H,,R,Y,3,0,1,1,A,-,08,22107,,N,E,I,A,A,H,-,B,D,0,,,,,Y,,A,01,0,1,0,0,0,0,0,0,0,"- ","- ",37.577548980712891,-118.7586669921875,MONO,UNINCORPORATED,-118.75868988037109,37.577522277832031
94589751,2025,2025-02-25,9820,2025-02-19,1530,021335,,3,2,9,2600,0,1,2,,1,052,"US-395 S/B","SOUTH LANDING RD",4752.00,N,N,B,G,Y,MNO,,395," ",R,14.809,H,,L,Y,3,0,1,1,C,-,18,,,N,F,A,A,A,H,-,A,D,0,,,,Y,Y,,-,"- ",0,1,0,0,0,0,0,0,0,"- ","- ",37.575611114501953,-118.75475311279297,MONO,UNINCORPORATED,-118.7547607421875,37.575580596923828
94591722,2025,2025-02-27,9825,2025-02-24,1446,024218,,1,2,9,2600,0,1,2,,1,023,"UNITED STATES HIGHWAY 395","LOWER ROCK CREEK ROAD",0.00,,Y,A,-,Y,MNO,,395," "," ",9.325,H,,R,Y,3,0,3,2,A,-,09,21802,A,F,D,C,A,A,H,-,A,D,0,,,,,Y,,D,22,0,1,2,0,0,0,0,0,0,"- ","- ",37.557899475097656,-118.66021728515625,MONO,UNINCORPORATED,-118.66019439697266,37.557956695556641
94611801,2025,2025-03-20,9820,2025-03-17,"815 ",017711,,1,1,9,2600,0,1,2,,1,021,US-395,"SWAUGER CREEK ROAD",5280.00,S,N,B,D,Y,,,,,,,,,,Y,4,0,1,1,A,-,03,22350,,N,E,I,A,C,A,-,A,D,0,,,,,Y,,-,"- ",0,0,1,0,0,0,0,0,0,"- ","- ",38.346000671386719,-119.32569885253906,MONO,UNINCORPORATED,-119.325927734375,38.345657348632812
94611826,2025,2025-03-20,9820,2025-03-18,"712 ",021335,,2,1,9,2600,0,1,2,,1,052,"US-395 N/B","MCGEE CREEK RD",2112.00,S,N,A,-,Y,MNO,,395," ",R,16.236,H,,R,Y,3,0,2,1,A,-,03,22350,,N,E,8,A,C,H,-,A,A,0,,,,,Y,,D,22,0,2,0,0,0,0,0,0,0,"- ","- ",37.585159301757812,-118.77777099609375,MONO,UNINCORPORATED,-118.77778625488281,37.585136413574219
94631326,2025,2025-03-31,9820,2025-03-14,1635,021692,,5,2,9,2600,0,1,2,,1,051,"US-395 S/B",SR-203,13200.00,N,N,B,-,Y,MNO,,395," "," ",28.271,H,,L,Y,4,0,2,2,A,-,03,22350,,N,B,2,A,B,H,-,A,D,0,,,,,Y,,A,01,0,0,2,0,0,0,0,0,0,"- ","- ",37.676559448242188,-118.93939208984375,MONO,UNINCORPORATED,-118.93942260742188,37.676551818847656
94632947,2025,2025-04-01,9820,2025-03-23,"740 ",017711,,7,1,9,2600,0,1,2,,1,042,US-395,"PUMICE MINE ROAD",7392.00,S,N,A,-,Y,MNO,,395," "," ",38.127,H,,R,Y,3,0,1,2,A,-,03,22350,,N,D,C,A,C,H,-,A,D,0,,,,,Y,,D,22,0,1,0,0,0,0,0,0,0,"- ","- ",37.792400360107422,-119.03472137451172,MONO,UNINCORPORATED,-119.03472900390625,37.792392730712891
94633242,2025,2025-04-01,9820,2025-03-31,1230,021692,,1,1,9,2600,0,1,2,,1,042,"US-395 S/B","GLASS CREEK RD.",1320.00,N,N,D,-,Y,MNO,,395," "," ",34.291,H,,L,Y,4,0,1,1,A,-,08,22107,,N,E,8,A,B,H,-,A,D,0,,,,,Y,,A,07,0,0,1,0,0,0,0,0,0,"- ","- ",37.754478454589844,-118.98544311523438,MONO,UNINCORPORATED,-118.98529052734375,37.754524230957031
94655354,2025,2025-04-18,9820,2025-04-11,1355,020839,,5,1,9,2600,0,1,2,,1,041,US-395,"MC PHERSON SUBDIVISION RD",1000.00,N,N,A,-,Y,MNO,,395," "," ",54.823,H,,R,Y,4,0,1,2,A,-,08,22107,,N,B,C,A,A,H,-,A,D,0,,,,,Y,,A,08,0,0,1,0,0,0,0,0,0,"- ","- ",37.999851226806641,-119.14813995361328,MONO,UNINCORPORATED,-119.14816284179688,37.999824523925781
94662822,2025,2025-04-24,9820,2025-04-18,1445,021335,,5,2,9,2600,0,1,2,,1,052,"US-395 S/B","MT MORRISON RD",1056.00,S,N,A,-,Y,MNO,,395," "," ",19.680,H,,L,Y,3,0,1,1,A,-,08,22107,,N,E,8,A,A,H,-,A,D,0,,,,,Y,,-,"- ",0,1,0,0,0,0,0,0,0,"- ","- ",37.614551544189453,-118.81188201904297,MONO,UNINCORPORATED,-118.81181335449219,37.614612579345703
94662848,2025,2025-04-24,9820,2025-04-22,1640,021692,,2,2,9,2600,0,1,2,,1,052,"US-395 S/B",SR-203,250.00,S,N,B,-,Y,,,,,,,,,,N,2,0,1,1,A,-,08,22107,,N,F,A,A,A,H,-,A,D,0,,,,,Y,,A,07,1,0,0,0,0,0,0,0,0,"- ","- ",37.640720367431641,-118.91728973388672,MONO,UNINCORPORATED,-118.91310882568359,37.639270782470703
94672373,2025,2025-05-01,9825,2025-04-20,1418,022520,,7,2,9,2600,0,3,5,,2,030,"LOWER ROCK CREEK ROAD WESTBOUND",US-395,7392.00,W,N,A,-,N,,,,,,,,,,Y,4,0,1,1,A,-,08,22107,,N,E,I,A,A,H,-,A,D,0,,,,,Y,,A,07,0,0,1,0,0,0,0,0,0,"- ","- ",37.541641235351562,-118.64621734619141,MONO,UNINCORPORATED,-118.64666748046875,37.542621612548828
94677297,2025,2025-05-06,9820,2025-04-26,"423 ",023771,,6,3,9,2600,0,1,2,,1,022,"US-395 S/B","VIRGINIA LAKES RD",2640.00,S,N,A,-,Y,MNO,,395," "," ",62.481,H,,L,Y,3,0,1,1,A,-,08,22107,,N,E,I,A,B,H,-,D,D,0,,,,Y,Y,,G,25,0,1,0,0,0,0,0,0,0,"- ","- ",38.074138641357422,-119.17636108398438,MONO,UNINCORPORATED,-119.17633819580078,38.074256896972656
94677301,2025,2025-05-06,9820,2025-05-02,1145,020530,,5,1,9,2600,0,1,3,,1,013,"SR-89 E/B","US-395 S/B",22704.00,W,N,A,-,Y,MNO,,89," "," ",4.270,H,,R,Y,3,0,1,1,A,-,08,22107,,N,F,A,A,A,H,-,A,D,0,,,Y,,Y,,C,02,0,1,0,0,0,0,0,0,1,"- ","- ",38.655311584472656,-119.59693908691406,MONO,UNINCORPORATED,-119.59691619873047,38.655342102050781
94680811,2025,2025-05-08,9820,2025-02-07,1612,023633,,5,2,9,2600,0,1,3,,2,054,SR-203,US-395,5650.00,W,N,A,-,Y,MNO,,203," "," ",7.470,H,,R,Y,3,0,4,1,C,-,18,,,N,E,I,A,C,G,-,A,D,0,,,,,Y,,-,"- ",0,3,1,0,0,0,0,0,0,"- ","- ",37.639678955078125,-118.93637084960938,MONO,UNINCORPORATED,-118.93638610839844,37.639575958251953
94685181,2025,2025-05-13,9820,2025-05-12,1420,021692,,1,2,9,2600,0,1,2,,1,052,"US-395 SOUTHBOUND","SOUTH LANDING ROAD",5280.00,N,N,G,-,Y,MNO,,395," ",R,14.935,H,,L,N,3,0,1,1,C,-,18,,,N,F,A,A,A,H,-,A,D,0,,,Y,,Y,,-,"- ",0,1,0,0,0,0,0,0,1,"- ","- ",37.576309204101562,-118.75685119628906,MONO,UNINCORPORATED,-118.75691223144531,37.576198577880859
94702281,2025,2025-05-27,9820,2025-05-23,1200,021335,,5,1,9,2600,0,1,3,,2,047,SR-120,"CATTLE DRIVE RD",40.00,E,N,A,-,Y,MNO,,120," "," ",53.500,H,,R,N,3,0,1,1,A,-,08,22107,,N,E,8,A,A,H,-,A,D,0,,,Y,,Y,,C,02,0,1,0,0,0,0,0,0,1,"- ","- ",37.785091400146484,-118.54290008544922,MONO,UNINCORPORATED,-118.54291534423828,37.785110473632812
94713476,2025,2025-06-04,9820,2025-05-27,"725 ",018230,,2,1,9,2600,0,1,2,,1,042,"US-395 S/B","WEST PORTAL RD",528.00,N,N,A,-,Y,SBD,,395," "," ",33.534,H,,L,N,4,0,1,1,C,-,18,,,N,H,H,A,B,H,-,A,D,0,,,,,Y,,-,"- ",0,0,1,0,0,0,0,0,0,"- ","- ",34.819759368896484,-117.49375915527344,MONO,UNINCORPORATED,-117.49381256103516,34.819751739501953
94722268,2025,2025-06-11,9820,2025-05-31,1455,021335,,6,2,9,2600,0,1,3,,1,044,SR-120,"POOLE POWER PLANT RD",11088.00,W,N,B,-,Y,MNO,,120," ",R,6.560,H,,R,N,3,0,1,1,A,-,03,22350,,N,F,A,A,A,B,-,A,D,0,,Y,,,Y,,L,04,0,1,0,0,0,0,1,0,0,"- ","- ",37.947818756103516,-119.1905517578125,MONO,UNINCORPORATED,-119.19056701660156,37.947868347167969
94722275,2025,2025-06-11,9820,2025-06-01,1355,021335,,7,1,9,2600,0,3,5,,2,050,"MAMMOTH SCENIC LOOP","FS 3S23B",0.00,,Y,A,-,N,,,,,,,,,,Y,3,0,1,2,A,-,09,21801,A,N,D,C,A,A,H,-,A,D,0,,,,,Y,,A,07,0,1,0,0,0,0,0,0,0,"- ","- ",37.70745849609375,-118.96021270751953,MONO,UNINCORPORATED,,
94722351,2025,2025-06-11,9825,2025-06-10,1105,018960,,2,1,9,2600,0,1,3,,1,014,SR-266,SR-168,2640.00,N,N,A,-,Y,MNO,,266," "," ",4.824,H,,R,Y,3,0,2,1,A,-,08,22107,,N,F,A,A,A,H,-,A,D,0,,,,,Y,,A,01,0,2,0,0,0,0,0,0,0,"- ","- ",37.486968994140625,-117.92160797119141,MONO,UNINCORPORATED,-117.92158508300781,37.48699951171875
94727220,2025,2025-06-16,9820,2025-06-09,1500,021335,,1,2,9,2600,0,1,3,,1,039,SR-158,"RAINBOW ST",2640.00,S,N,B,-,Y,MNO,,158," "," ",3.941,H,,R,Y,3,0,1,1,A,-,08,22107,,N,E,I,A,A,H,-,A,D,0,,,,,Y,,A,07,0,1,0,0,0,0,0,0,0,"- ","- ",37.76885986328125,-119.09371185302734,MONO,UNINCORPORATED,-119.09372711181641,37.768890380859375
94732576,2025,2025-06-19,9820,2025-06-13,1500,021335,,5,2,9,2600,0,1,2,,1,042,US-395,"PUMICE MINE RD",0.00,,Y,A,-,Y,MNO,,395," ",R,39.892,H,,R,Y,2,0,1,2,A,-,09,21804,A,N,D,2,A,A,H,-,A,D,0,,,Y,,Y,,C,06,1,0,0,0,0,0,0,0,1,"- ","- ",37.808231353759766,-119.04770660400391,MONO,UNINCORPORATED,-119.04772186279297,37.808223724365234
94736353,2025,2025-06-23,9825,2025-04-04,"925 ",022520,,5,1,9,2600,0,3,5,,2,030,"SR-266 NORTHBOUND","MILLER LANE",2112.00,S,N,A,-,Y,MNO,,266," "," ",6.699,H,,R,Y,1,1,1,1,A,-,08,22107,,N,E,J,A,A,H,-,A,D,0,,,,,Y,Y,A,07,1,0,0,0,0,0,0,0,0,"- ","- ",37.511741638183594,-117.93531036376953,MONO,UNINCORPORATED,-117.93535614013672,37.511722564697266
94738098,2025,2025-06-24,9820,2025-06-16,1420,016944,,1,2,9,2600,0,1,3,,2,024,"BODIE RD.",SR-270,750.00,E,N,A,-,N,,,,,,,,,,N,3,0,1,1,A,-,08,22107,,N,F,A,A,A,B,-,A,D,0,,,Y,,Y,,C,02,0,1,0,0,0,0,0,0,1,"- ","- ",38.193328857421875,-119.05068969726562,MONO,UNINCORPORATED,-119.05104827880859,38.193157196044922
94743027,2025,2025-06-30,9825,2025-06-21,1800,024431,,6,2,9,2600,0,3,5,,2,030,"SLIM PRINCESS ROAD","LOCUST STREET",428.00,S,N,A,-,N,,,,,,,,,,N,3,0,1,1,A,-,01,23152,A,N,F,I,A,A,H,-,A,D,0,,,Y,,Y,Y,C,06,0,1,0,0,0,0,0,0,1,"- ","- ",37.529918670654297,-118.35791015625,MONO,UNINCORPORATED,,
94747519,2025,2025-07-07,9820,2025-06-28,"620 ",021335,,6,1,9,2600,0,3,5,,2,055,"SUBSTATION RD","HOT SPRINGS RD",40.00,S,N,A,-,N,,,,,,,,,,Y,3,0,1,1,A,-,08,22107,,N,E,8,A,A,H,-,B,D,0,,,,,Y,,A,07,0,1,0,0,0,0,0,0,0,"- ","- ",37.643760681152344,-118.90933227539062,MONO,UNINCORPORATED,-118.90984344482422,37.643684387207031
94747558,2025,2025-07-07,9820,2025-06-27,1235,021335,,5,1,9,2600,0,1,2,,1,042,US-395,"PUMICE MINE RD",4752.00,S,N,A,-,Y,MNO,,395," ",R,39.010,H,,R,Y,4,0,1,1,A,-,08,22107,,N,E,8,A,A,H,-,A,D,0,,,,,Y,,D,22,0,0,1,0,0,0,0,0,0,"- ","- ",37.7978515625,-119.04105377197266,MONO,UNINCORPORATED,-119.040771484375,37.797889709472656
94747785,2025,2025-07-07,9820,2025-06-22,1505,019627,,7,2,9,2600,0,1,2,,1,011,US-395,"TOPAZ LN",1056.00,N,N,A,-,Y,MNO,,395," "," ",114.877,H,,R,Y,3,0,1,2,A,-,05,21460,A,N,B,C,A,A,H,-,A,D,0,,,,,Y,,A,07,0,1,0,0,0,0,0,0,0,"- ","- ",38.613559722900391,-119.51941680908203,MONO,UNINCORPORATED,-119.51939392089844,38.613559722900391
94753528,2025,2025-07-08,9825,2025-06-17,1323,024273,,2,1,9,2600,0,1,2,,1,023,"US-395 S/B","LOWER ROCK CREEK RD",7445.00,S,N,A,-,Y,MNO,,395," "," ",7.715,H,,L,Y,3,0,1,1,A,-,08,22107,,N,E,8,A,A,H,-,A,D,0,,,,,Y,,A,07,0,1,0,0,0,0,0,0,0,"- ","- ",37.548191070556641,-118.63941955566406,MONO,UNINCORPORATED,-118.63936614990234,37.548191070556641
94753778,2025,2025-07-08,9820,2025-07-02,1255,018925,,3,1,9,2600,0,1,2,,1,052,US-395,"CONVICT LAKE RD",475.00,S,N,B,-,Y,MNO,,395," "," ",21.221,H,,L,N,4,0,1,2,A,-,07,21658,A,N,B,C,A,A,H,-,A,D,0,,,,,Y,,A,07,0,0,1,0,0,0,0,0,0,"- ","- ",37.622188568115234,-118.8382568359375,MONO,UNINCORPORATED,-118.8382568359375,37.622200012207031
94753900,2025,2025-08-28,9820,2025-07-02,1500,021435,,3,2,9,2600,0,1,2,,1,042,"US-395 NORTHBOUND","CA-120 EAST",0.00,,Y,B,-,Y,MNO,,395," "," ",46.009,H,,R,Y,4,0,2,2,A,-,03,22350,,N,B,C,A,A,H,-,A,D,0,,,,,Y,,D,22,0,0,2,0,0,0,0,0,0,"- ","- ",37.886959075927734,-119.09071350097656,MONO,UNINCORPORATED,-119.09064483642578,37.886966705322266
94754325,2025,2025-07-08,9820,2025-06-25,1018,023771,,3,1,9,2600,0,1,2,,1,022,"US-395 S/B","JACK SAWYER ROAD",100.00,N,N,A,-,Y,MNO,,395," "," ",75.938,H,,L,Y,3,0,1,2,A,-,03,22350,,N,C,C,A,A,H,-,A,D,0,,,Y,,Y,,C,02,0,1,0,0,0,0,0,0,1,"- ","- ",38.25048828125,-119.22151947021484,MONO,UNINCORPORATED,-119.22147369384766,38.250499725341797
94760599,2025,2025-07-14,9820,2025-07-08,1245,023615,,2,1,9,2600,0,3,5,,2,015,"FOREST SERVICE ROAD 32115","FOREST SERVICE ROAD 32067",8712.00,E,N,A,-,N,,,,,,,,,,N,2,0,1,1,B,-,22,,,N,H,A,A,A,H,-,A,D,0,,,Y,,Y,,-,"- ",1,0,0,0,0,0,0,0,1,"- ","- ",38.450359344482422,-119.34087371826172,MONO,UNINCORPORATED,,
94776061,2025,2025-07-24,9820,2025-07-19,"950 ",021335,,6,1,9,2600,0,1,3,,2,047,SR-120,"DOBIE MEADOWS RD",1150.00,W,N,A,-,Y,MNO,,120," "," ",39.632,H,,R,Y,2,0,1,2,A,-,08,22107,,N,A,2,A,A,H,-,A,A,0,,,Y,,Y,,A,01,1,0,0,0,0,0,0,0,1,"- ","- ",37.921340942382812,-118.70487976074219,MONO,UNINCORPORATED,-118.70488739013672,37.92132568359375
94777581,2025,2025-07-25,9820,2025-07-16,2245,023771,,3,3,9,2600,0,1,3,,2,054,"SUBSTATION RD","HOT SPRINGS ROAD",1000.00,S,N,A,-,N,,,,,,,,,,Y,3,0,1,1,A,-,01,23152,A,N,E,I,A,A,H,-,D,D,0,,,,,Y,Y,A,07,0,1,0,0,0,0,0,0,0,"- ","- ",37.642990112304688,-118.90728759765625,MONO,UNINCORPORATED,-118.91259765625,37.642242431640625
94793123,2025,2025-08-07,9820,2025-07-25,1518,021336,,5,2,9,2600,0,1,2,,1,022,US-395,SR-270,21120.00,S,N,A,-,N,,,,,,,,,,Y,4,0,1,1,C,-,18,,,N,F,A,A,A,H,-,A,D,0,,,Y,,Y,,-,"- ",0,0,1,0,0,0,0,0,1,"- ","- ",38.119209289550781,-119.17939758300781,MONO,UNINCORPORATED,-119.17967224121094,38.119640350341797
94793362,2025,2025-08-07,9820,2025-07-31,1920,023771,,4,2,9,2600,0,1,3,,2,047,"SR-120 E/B","CATTLE DRIVE RD",200.00,W,N,A,-,Y,MNO,,120," "," ",53.470,H,,R,Y,3,0,1,1,A,-,08,22107,,N,H,J,A,A,H,-,A,D,0,,,Y,,Y,,C,02,0,1,0,0,0,0,0,0,1,"- ","- ",37.784999847412109,-118.54341888427734,MONO,UNINCORPORATED,-118.54341888427734,37.785015106201172
94808479,2025,2025-08-19,9825,2025-08-06,1929,023986,,3,2,9,2600,0,1,3,,1,014,SR-266,"WHITE MOUNTAIN RD",1056.00,S,N,A,-,Y,MNO,,266," "," ",10.810,H,,R,Y,2,0,1,1,A,-,08,22107,,N,F,A,A,A,H,-,A,D,0,,,,,Y,,A,07,1,0,0,0,0,0,0,0,0,"- ","- ",37.563018798828125,-117.97355651855469,MONO,UNINCORPORATED,-117.97360229492188,37.562995910644531
94812968,2025,2025-08-21,9820,2025-08-14,1530,016944,,4,2,9,2600,0,1,2,,1,022,US-395,SR-270,13200.00,S,N,A,-,N,,,,,,,,,,Y,3,0,1,2,A,-,05,21460,A,N,B,C,A,A,H,-,A,D,0,,,,Y,Y,,A,01,0,1,0,0,0,0,0,0,0,"- ","- ",38.142490386962891,-119.18509674072266,MONO,UNINCORPORATED,-119.18482971191406,38.140495300292969
94813099,2025,2025-08-21,9820,2025-08-09,1220,021336,,6,1,9,2600,0,1,3,,1,014,SR-108,"FORREST SERVICE RTE. 077",4224.00,E,N,A,-,Y,MNO,,108," "," ",4.571,H,,R,N,4,0,1,2,C,-,18,,,N,G,B,E,A,H,-,A,D,0,Y,,,,Y,,-,"- ",0,0,1,0,1,0,0,0,0,"- ","- ",38.309421539306641,-119.58367919921875,MONO,UNINCORPORATED,-119.58364868164062,38.309444427490234
94843145,2025,2025-09-15,9820,2025-09-02,2115,021692,,2,2,9,2600,0,1,3,,2,047,"SR-120 (EAST)","RIVER SPRING RD.",2851.00,E,N,A,-,Y,MNO,,120," "," ",42.744,H,,R,Y,4,0,1,1,A,-,03,22350,,N,H,H,A,A,H,-,D,D,0,,,,,Y,,D,22,0,0,1,0,0,0,0,0,0,"- ","- ",37.897869110107422,-118.65647125244141,MONO,UNINCORPORATED,-118.65646362304688,37.897876739501953
94848186,2025,2025-09-17,9820,2025-08-30,1150,021335,,6,1,9,2600,0,3,5,,2,045,"FS 2N108A","FS 2N19A",4752.00,S,N,A,-,N,,,,,,,,,,N,4,0,1,1,A,-,03,22350,,N,F,A,A,A,H,-,A,D,0,,,Y,,Y,,C,02,0,0,1,0,0,0,0,0,1,"- ","- ",38.041400909423828,-119.08233642578125,MONO,UNINCORPORATED,,
94850560,2025,2025-09-19,9820,2025-08-31,2229,023633,,7,3,9,2600,0,1,2,,1,011,US-395,"CUNNIGHAM LANE",870.00,N,N,A,-,Y,MNO,,395," "," ",112.472,H,,R,Y,4,0,1,1,A,-,01,23152,A,N,E,I,A,A,H,-,D,D,0,,,,Y,Y,Y,F,26,0,0,1,0,0,0,0,0,0,"- ","- ",38.580089569091797,-119.51161956787109,MONO,UNINCORPORATED,-119.51167297363281,38.580081939697266
94852365,2025,2025-09-22,9820,2025-09-06,2316,023771,,6,3,9,2600,0,1,3,,2,054,"SUBSTATION RD","HOT SPRINGS ROAD",528.00,W,N,A,-,N,,,,,,,,,,N,3,0,1,1,A,-,01,23152,A,N,E,I,A,A,H,-,C,D,0,,,,,Y,Y,A,07,0,1,0,0,0,0,0,0,0,"- ","- ",37.643291473388672,-118.91036987304688,MONO,UNINCORPORATED,-118.91119384765625,37.642887115478516
94852911,2025,2025-09-22,9820,2025-09-11,1700,023771,,4,2,9,2600,0,1,3,,1,044,"SR-120 WEST","TIOGA CAMPGROUND ROAD",2640.00,W,N,B,-,Y,MNO,,120," ",R,0.755,H,,R,Y,3,0,3,1,A,-,08,22107,,N,E,I,A,B,H,-,A,D,0,,,,,Y,,A,07,0,3,0,0,0,0,0,0,0,"- ","- ",37.922019958496094,-119.25495910644531,MONO,UNINCORPORATED,-119.25498962402344,37.922012329101562
94859918,2025,2025-09-25,9820,2025-09-22,"342 ",021335,,1,3,9,2600,0,1,2,,1,051,"US-395 S/B","MAMMOTH SCENIC LOOP",1056.00,N,N,A,-,Y,MNO,,395," "," ",30.909,H,,L,Y,3,0,1,1,A,-,08,22107,,N,E,8,A,A,D,-,D,D,0,,,,,Y,,A,01,0,1,0,0,0,0,0,0,0,"- ","- ",37.712528228759766,-118.95406341552734,MONO,UNINCORPORATED,-118.95416259765625,37.712501525878906
94876254,2025,2025-10-07,9820,2025-09-23,1626,018925,,2,2,9,2600,0,1,2,,1,042,US-395,"WEST PORTAL RD",0.00,,Y,A,-,Y,MNO,,395," ",R,42.668,H,,R,Y,3,0,2,2,A,-,09,21802,A,N,D,C,A,A,H,-,A,A,0,,,,,Y,,A,07,0,1,1,0,0,0,0,0,0,"- ","- ",37.842388153076172,-119.07216644287109,MONO,UNINCORPORATED,-119.07212829589844,37.8424072265625
94876259,2025,2025-10-07,9820,2025-09-30,1650,018230,,2,2,9,2600,0,1,2,,1,021,US-395,"BURCHAM FLAT RD",7392.00,S,N,A,-,Y,MNO,,395," "," ",90.110,H,,R,N,2,0,3,1,A,-,06,21751,,N,F,I,A,A,H,-,A,D,0,,,,,Y,,A,01,2,1,0,0,0,0,0,0,0,"- ","- ",38.351730346679688,-119.39968109130859,MONO,UNINCORPORATED,-119.39970397949219,38.351654052734375
94886413,2025,2025-10-14,9825,2025-10-04,1120,024273,,6,1,9,2600,0,1,3,,1,013,"SR-266 S/B","WHITE MOUNTAIN RD",5914.00,S,N,A,-,Y,MNO,,266," "," ",9.905,H,,L,Y,4,0,1,1,A,-,03,22350,,N,A,H,A,A,H,-,E,D,0,,,,,Y,,A,08,0,0,1,0,0,0,0,0,0,"- ","- ",37.552028656005859,-117.96444702148438,MONO,UNINCORPORATED,-117.96450805664062,37.551998138427734
94888211,2025,2025-10-15,9820,2025-10-12,"940 ",017711,,7,1,9,2600,0,1,3,,1,013,"STATE ROUTE 89",US-395,9504.00,W,N,A,-,Y,MNO,,89," "," ",1.769,H,,R,Y,3,0,1,1,A,-,03,22350,,N,E,I,A,A,H,-,A,D,0,,,,,Y,,A,01,0,1,0,0,0,0,0,0,0,"- ","- ",38.642898559570312,-119.55670166015625,MONO,UNINCORPORATED,-119.55670166015625,38.642932891845703
94896253,2025,2025-10-21,9825,2025-10-14,1500,019814,,2,2,9,2600,0,1,2,,1,023,"US-395 N/B","NORTH SHERWIN CROSSOVER",300.00,N,N,D,-,Y,MNO,,395," ",R,6.337,H,,R,Y,3,0,1,1,A,-,03,22350,,N,F,A,A,C,H,-,A,D,0,,,,,Y,,A,07,0,1,0,0,0,0,0,0,0,"- ","- ",37.531131744384766,-118.62899017333984,MONO,UNINCORPORATED,-118.62902069091797,37.531105041503906
94897717,2025,2025-10-22,9820,2025-10-21,1010,024868,,2,1,9,2600,0,1,3,,1,023,SR-182,"MASONIC RD",17952.00,N,N,A,-,Y,MNO,,182," "," ",7.205,H,,R,Y,3,0,1,1,A,-,03,22350,,N,E,I,A,A,H,-,A,D,0,,,,Y,Y,,G,25,0,1,0,0,0,0,0,0,0,"- ","- ",38.354278564453125,-119.20144653320312,MONO,UNINCORPORATED,-119.20145416259766,38.354282379150391
94898163,2025,2025-10-22,9820,2025-10-18,"852 ",021335,,6,1,9,2600,0,1,2,,1,042,"US-395 N/B","WEST PORTAL RD (NORTH)",1584.00,N,N,A,-,Y,MNO,,395," ",R,44.688,H,,R,Y,3,0,1,1,C,-,18,,,N,H,H,A,A,H,-,A,D,0,,,,,Y,,-,"- ",0,1,0,0,0,0,0,0,0,"- ","- ",37.868789672851562,-119.08735656738281,MONO,UNINCORPORATED,-119.08739471435547,37.868785858154297
94898400,2025,2025-10-23,9820,2025-10-11,"7   ",023874,,6,3,9,2600,0,1,2,,1,052,"US-395 S/B","MOUNT MORRISON RD",898.00,N,N,A,-,Y,MNO,,395," "," ",20.042,H,,L,Y,4,0,1,1,C,-,18,,,N,H,H,A,A,H,-,D,D,0,,,,,Y,Y,-,"- ",0,0,1,0,0,0,0,0,0,"- ","- ",37.616718292236328,-118.81784057617188,MONO,UNINCORPORATED,-118.81784820556641,37.616703033447266
94898424,2025,2025-10-23,9820,2025-10-19,1050,024868,,7,1,9,2600,0,1,2,,1,021,"US-395 S/B","SWAUGER CREEK",5808.00,S,N,A,-,Y,MNO,,395," ",R,85.880,H,,L,Y,2,0,5,5,A,-,05,21460,A,N,B,C,A,A,H,-,A,D,0,,,,Y,Y,,A,01,3,2,0,0,0,0,0,0,0,"- ","- ",38.344581604003906,-119.32449340820312,MONO,UNINCORPORATED,-119.32449340820312,38.344577789306641
94899195,2025,2025-10-23,9825,2025-10-13,1845,023986,,1,2,9,2600,0,1,2,,1,009,US-6,"MORRIS DR",4752.00,S,N,B,-,Y,MNO,,6," "," ",23.689,H,,R,Y,3,0,1,1,C,-,18,,,N,H,H,A,A,H,-,B,D,0,,,,,Y,,-,"- ",0,1,0,0,0,0,0,0,0,"- ","- ",37.79010009765625,-118.46739959716797,MONO,UNINCORPORATED,-118.46741485595703,37.790096282958984
94900089,2025,2025-10-24,9820,2025-08-11,2215,023615,,1,3,9,2600,0,1,2,,1,021,"US-395 S/B","395 MNO 86.00",528.00,S,N,A,-,Y,MNO,,395," ",R,85.891,H,,L,Y,1,1,0,1,A,-,08,22107,,N,E,8,A,A,H,-,D,D,0,,,,,Y,,A,07,0,0,0,0,0,0,0,0,0,"- ","- ",38.344741821289062,-119.32457733154297,MONO,UNINCORPORATED,-119.32462310791016,38.344711303710938
94905644,2025,2026-01-12,9820,2025-10-24,2309,023633,,5,3,9,2600,0,1,2,,1,011,"US-395 N/B","ROBERTS RANCH ROAD",2640.00,N,N,A,-,Y,MNO,,395," "," ",117.784,H,,R,Y,2,0,2,2,A,-,01,23152,A,N,A,C,A,A,H,-,D,D,0,,,,,Y,Y,D,22,1,0,1,0,0,0,0,0,0,"- ","- ",38.652450561523438,-119.53536987304688,MONO,UNINCORPORATED,-119.53536987304688,38.652450561523438
94909714,2025,2025-10-31,9820,2025-10-24,1235,021335,,5,1,9,2600,0,1,2,,1,042,"US-395 S/B","SR-120 (EAST)",4.00,N,N,A,-,Y,MNO,,395," "," ",46.015,H,,L,Y,2,0,2,2,A,-,08,22100,B,N,D,C,A,A,H,-,A,D,0,,,,,Y,,A,01,1,1,0,0,0,0,0,0,0,"- ","- ",37.886978149414062,-119.09130096435547,MONO,UNINCORPORATED,-119.09132385253906,37.886978149414062
94921398,2025,2025-11-12,9820,2025-09-12,1452,022165,,5,2,9,2600,0,1,2,,1,021,"US 395 (EASTERN SIERRA SCENIC BYWAY)","MPM 395 MNO 81.00",253.10,S,N,B,-,Y,MNO,,395," "," ",80.942,H,,R,Y,1,1,1,2,A,-,05,21460,C,N,A,C,A,A,H,-,A,D,0,,,,,Y,,A,01,1,0,0,0,0,0,0,0,0,"- ","- ",38.279678344726562,-119.29399871826172,MONO,UNINCORPORATED,-119.29399871826172,38.279682159423828
94926497,2025,2025-11-12,9820,2025-11-10,1232,024868,,1,1,9,2600,0,1,2,,1,041,US-395,"VISITOR CENTER DRIVE",125.00,S,N,A,-,Y,MNO,,395," "," ",51.880,H,,R,Y,3,0,1,2,A,-,01,23152,A,N,C,C,A,A,H,-,A,D,0,,,,,Y,Y,D,22,0,1,0,0,0,0,0,0,0,"- ","- ",37.963130950927734,-119.12409210205078,MONO,UNINCORPORATED,-119.12403869628906,37.963153839111328
94939234,2025,2025-11-20,9820,2025-11-18,"800 ",021335,,2,1,9,2600,0,1,2,,1,052,"US-395 N/B","BENTON CROSSING RD",528.00,S,N,B,-,Y,MNO,,395," "," ",20.231,H,,R,Y,4,0,1,1,A,-,03,22350,,N,F,A,A,C,H,-,A,A,0,,,,,Y,,A,07,0,0,1,0,0,0,0,0,0,"- ","- ",37.617839813232422,-118.82106018066406,MONO,UNINCORPORATED,-118.821044921875,37.617881774902344
94939662,2025,2025-11-20,9820,2025-11-18,"925 ",018230,,2,1,9,2600,0,1,2,,1,022,"US-395 N/B","VIRGINIA LAKES RD",528.00,S,N,B,-,Y,MNO,,395," "," ",63.509,H,,R,Y,3,0,1,1,A,-,03,22350,,N,F,A,A,C,H,-,A,A,0,,,,,Y,,A,07,0,1,0,0,0,0,0,0,0,"- ","- ",38.087291717529297,-119.18180084228516,MONO,UNINCORPORATED,-119.18199920654297,38.087242126464844
94945036,2025,2025-11-24,9825,2025-10-13,1745,024218,,1,2,9,2600,0,1,2,,1,009,US-6,"BROWN SUBDIVISION RD",2000.00,N,N,B,-,Y,MNO,,6," "," ",5.108,H,,R,Y,2,0,2,2,A,-,09,21804,A,N,D,C,A,A,H,-,B,D,0,,,,Y,Y,,A,07,1,1,0,0,0,0,0,0,0,"- ","- ",37.534988403320312,-118.37056732177734,MONO,UNINCORPORATED,-118.37059783935547,37.534984588623047
94953980,2025,2025-12-02,9820,2025-11-22,1855,021692,,6,2,9,2600,0,1,2,,1,042,"US-395 N/B","BALD MOUNTAIN RD",1320.00,N,N,A,-,Y,MNO,,395," "," ",36.669,H,,R,Y,4,0,1,1,C,-,18,,,N,H,H,A,A,H,-,D,D,0,,,,,Y,,-,"- ",0,0,1,0,0,0,0,0,0,"- ","- ",37.776718139648438,-119.01718902587891,MONO,UNINCORPORATED,-119.01714324951172,37.776767730712891
94963605,2025,2025-12-09,9820,2025-11-27,2130,023771,,4,2,9,2600,0,1,2,,1,012,"US-395 S/B","MPM 102.5",1584.00,S,N,A,-,Y,MNO,,395," "," ",101.927,H,,L,Y,3,0,2,1,C,-,18,,,N,E,J,A,A,H,-,D,D,0,,,,,Y,,-,"- ",0,2,0,0,0,0,0,0,0,"- ","- ",38.460559844970703,-119.45924377441406,MONO,UNINCORPORATED,-119.45925903320312,38.460559844970703
94977555,2025,2025-12-18,9820,2025-12-04,1435,023874,,4,2,9,2600,0,1,2,,1,022,"US-395 S/B","VIRGINIA LAKES RD",0.00,,Y,A,-,Y,MNO,,395," "," ",63.544,H,,L,Y,3,0,2,2,A,-,09,21802,A,N,D,C,A,A,H,-,A,A,0,,,,,Y,,A,01,0,2,0,0,0,0,0,0,0,"- ","- ",38.087741851806641,-119.18222045898438,MONO,UNINCORPORATED,-119.18225860595703,38.087738037109375
94987121,2025,2025-12-26,9820,2025-09-11,"709 ",021336,,4,1,9,2600,0,1,3,,1,014,"STATE ROUTE 108","SILVER CREEK RD",20592.00,W,N,A,-,Y,MNO,,108," "," ",7.093,H,,R,Y,1,1,1,1,A,-,08,22107,,N,E,8,A,A,H,-,B,D,0,,,,Y,Y,,F,26,1,0,0,0,0,0,0,0,0,"- ","- ",38.32257080078125,-119.55642700195312,MONO,UNINCORPORATED,-119.55645751953125,38.322551727294922
94987403,2025,2025-12-26,9820,2025-12-24,1405,020530,,3,2,9,2600,0,1,2,,1,012,"US-395 N/B",SR-108,39600.00,N,N,B,D,Y,MNO,,395," "," ",98.243,H,,R,Y,3,0,1,1,A,-,03,22350,,N,E,8,A,C,H,-,A,A,0,,,,,Y,,A,07,0,1,0,0,0,0,0,0,0,"- ","- ",38.41033935546875,-119.45030212402344,MONO,UNINCORPORATED,-119.45045471191406,38.410358428955078
94998429,2025,2026-01-05,9820,2025-12-19,1400,023874,,5,2,9,2600,0,1,2,,1,022,"US-395 S/B","CONWAY RANCH RD",5808.00,N,N,B,G,Y,MNO,,395," "," ",61.112,H,,L,Y,3,0,1,2,A,-,03,22350,,N,F,2,A,A,H,-,A,A,0,,,,Y,Y,,G,25,0,1,0,0,0,0,0,0,0,"- ","- ",38.082679748535156,-119.15831756591797,MONO,UNINCORPORATED,-119.15838623046875,38.082672119140625
94998440,2025,2026-01-05,9820,2025-12-27,1445,020530,,6,2,9,2600,0,1,2,,1,011,"US-395 S/B","HACKNEY DR",100.00,N,N,A,-,Y,MNO,,395," "," ",107.545,H,,L,Y,3,0,3,2,A,-,08,22107,,N,B,C,A,A,H,-,A,D,0,,,,,Y,,A,07,0,2,1,0,0,0,0,0,0,"- ","- ",38.515911102294922,-119.4783935546875,MONO,UNINCORPORATED,-119.47836303710938,38.515964508056641
95009997,2025,2026-01-12,9820,2025-12-25,"414 ",018925,,4,3,9,2600,0,1,2,,1,052,US-395,"BENTON CROSSING RD.",1584.00,N,N,B,D,Y,MNO,,395," "," ",20.689,H,,L,Y,2,0,1,1,A,-,03,22350,,M,E,8,A,C,H,-,D,A,0,,,,,Y,Y,A,01,1,0,0,0,0,0,0,0,0,"- ","- ",37.619731903076172,-118.82907104492188,MONO,UNINCORPORATED,-118.8291015625,37.619663238525391
9547058,2022,2023-02-28,2601,2022-07-18,1325,0038,MLPD,1,5,2,2601,0,0,0,,0,0ML,"MINARET RD","FOREST TRAIL",36.00,N,N,B,-,N,,,,,,,,,,Y,2,0,4,3,A,-,12,22450,A,N,D,C,A,A,H,-,A,A,0,,,,,Y,,A,08,1,0,3,0,0,0,0,0,0,"- ","- ",37.652118682861328,-118.98497009277344,MONO,"MAMMOTH LAKES",-118.98501586914062,37.652210235595703
9547086,2022,2023-02-27,2601,2022-11-07,0830,0062,,1,5,2,2601,0,0,0,,0,0ML,"RT 203","EARTHQUAKE FAULT RD",525.00,W,N,D,G,Y,MNO,9,203,-,R,2.790,H,-,E,Y,3,0,1,1,A,-,03,22350,,N,F,J,A,C,H,-,A,D,0,,,,,Y,,D,73,0,1,0,0,0,0,0,0,0,"- ","- ",,,MONO,"MAMMOTH LAKES",-119.00299072265625,37.650405883789062
9548579,2022,2023-02-27,2601,2022-07-22,0801,0079,MLPD,5,5,2,2601,0,0,0,,0,0ML,"MAIN ST","CENTER ST",0.00,,Y,A,-,Y,MNO,9,203,-,-,5.530,I,5,E,N,4,0,1,2,A,-,04,21703,,N,D,G,A,A,H,-,A,D,0,,Y,,,Y,,L,04,0,0,1,0,0,0,1,0,0,"- ","- ",37.647220611572266,-118.96028137207031,MONO,"MAMMOTH LAKES",-118.96984100341797,37.647647857666016
9548595,2022,2023-02-27,2601,2022-10-27,2003,0072,,4,5,2,2601,0,0,0,,0,0ML,"RT 203","MAIN ST ACCESS",75.00,W,N,A,-,Y,MNO,9,203,-,-,5.390,H,-,E,Y,3,0,1,1,A,-,08,22107,,N,A,J,A,A,H,-,D,D,0,,,,,Y,Y,A,01,0,1,0,0,0,0,0,0,0,"- ","- ",37.648208618164062,-118.97219085693359,MONO,"MAMMOTH LAKES",-118.97228240966797,37.648181915283203
9548607,2022,2023-02-27,2601,2022-12-23,1550,0079,MLPD,5,5,2,2601,0,0,0,,0,0ML,"RT 203","FOREST TRL",0.00,,Y,A,-,Y,MNO,9,203,-,-,5.610,I,5,E,Y,4,0,2,3,A,-,09,21802,A,N,D,C,A,A,H,-,A,A,0,,,,,Y,,A,07,0,0,2,0,0,0,0,0,0,"- ","- ",37.643970489501953,-119.03668212890625,MONO,"MAMMOTH LAKES",-118.96849822998047,37.647377014160156
9583626,2023,2023-08-11,2601,2023-06-22,1812,0062,,4,5,2,2601,0,0,0,,0,0ML,"RT 203","SCENIC LOOP",3274.00,W,N,A,-,Y,MNO,9,203,-,R,3.730,H,-,E,Y,3,0,1,1,A,-,03,22350,,N,E,I,A,A,H,-,A,D,0,,,,,Y,Y,A,01,0,1,0,0,0,0,0,0,0,"- ","- ",37.642158508300781,-118.99786376953125,MONO,"MAMMOTH LAKES",-118.99553680419922,37.655860900878906
9583659,2023,2023-08-11,2601,2023-02-23,1202,0079,MLPD,4,5,2,2601,0,0,0,,0,0ML,"RT 203","MAMMOTH SCENIC LOOP",518.00,S,N,D,G,Y,MNO,9,203,-,R,3.690,H,-,E,Y,3,0,3,2,A,-,03,22350,,N,A,C,A,C,H,-,A,D,0,,,,,Y,,A,07,0,3,0,0,0,0,0,0,0,"- ","- ",37.643970489501953,-119.03668212890625,MONO,"MAMMOTH LAKES",-118.99612426757812,37.655582427978516
9583663,2023,2023-08-11,2601,2023-04-21,2108,0042,MLPD,5,5,2,2601,0,0,0,,0,MLPD,"RT 203","MERIDIAN BL",0.00,,Y,A,-,Y,MNO,9,203,-,-,6.866,I,5,E,Y,3,0,5,2,A,-,00,22540,,N,D,C,A,A,H,-,C,D,0,,,,,Y,,A,01,0,2,3,0,0,0,0,0,0,"- ","- ",37.641490936279297,-118.94458770751953,MONO,"MAMMOTH LAKES",-118.94629669189453,37.643356323242188
9583667,2023,2023-08-11,2601,2023-04-14,2046,0042,MLPD,5,5,2,2601,0,0,0,,0,MLPD,"RT 203","SAWMILL CUTOFF RD",667.00,E,N,A,-,Y,MNO,9,203,-,-,4.910,H,-,W,N,3,0,1,1,A,-,01,23152,,N,A,I,A,A,H,-,D,D,0,,,,,Y,Y,A,01,0,1,0,0,0,0,0,0,0,"- ","- ",37.648399353027344,-118.98316955566406,MONO,"MAMMOTH LAKES",-118.98079681396484,37.648639678955078
9591416,2023,2023-08-08,2601,2023-03-25,2034,0042,,6,5,2,2601,0,0,0,,0,0ML,"RT 203","SCENIC LOOP",0.00,,Y,A,-,Y,MNO,9,203,-,R,2.390,H,-,E,Y,2,0,1,1,A,-,01,23152,A,N,A,A,A,C,A,H,D,D,0,,,,,Y,Y,D,22,1,0,0,0,0,0,0,0,0,"- ","- ",37.643970489501953,-119.03668212890625,MONO,"MAMMOTH LAKES",-119.00952911376953,37.650810241699219
9591424,2023,2023-08-08,2601,2023-05-05,1239,0038,,5,5,2,2601,0,0,0,,0,0ML,"RT 203","SAWMILL CUTOFF",0.00,,Y,A,-,Y,MNO,9,203,-,-,5.860,I,5,E,Y,3,0,1,2,A,-,09,21802,A,N,D,C,A,A,H,-,A,A,0,,,,,Y,,A,01,0,1,0,0,0,0,0,0,0,"- ","- ",37.648399353027344,-118.98316955566406,MONO,"MAMMOTH LAKES",-118.9638671875,37.646587371826172
9591428,2023,2023-08-08,2601,2023-07-01,2000,0083,MPLD,6,5,2,2601,0,0,0,,0,0ML,"MAIN ST","MANZANITA RD",0.00,,Y,A,-,Y,MNO,9,203,-,-,5.310,H,-,W,N,3,0,1,2,A,-,03,22350,,N,C,C,A,A,H,-,A,D,0,,,,,Y,,D,22,0,1,0,0,0,0,0,0,0,"- ","- ",37.648040771484375,-118.97139739990234,MONO,"MAMMOTH LAKES",-118.97344970703125,37.648525238037109
