CASE_ID,ACCIDENT_YEAR,PROC_DATE,JURIS,COLLISION_DATE,COLLISION_TIME,OFFICER_ID,REPORTING_DISTRICT,DAY_OF_WEEK,CHP_SHIFT,POPULATION,CNTY_CITY_LOC,SPECIAL_COND,BEAT_TYPE,CHP_BEAT_TYPE,CITY_DIVISION_LAPD,CHP_BEAT_CLASS,BEAT_NUMBER,PRIMARY_RD,SECONDARY_RD,DISTANCE,DIRECTION,INTERSECTION,WEATHER_1,WEATHER_2,STATE_HWY_IND,CALTRANS_COUNTY,CALTRANS_DISTRICT,STATE_ROUTE,ROUTE_SUFFIX,POSTMILE_PREFIX,POSTMILE,LOCATION_TYPE,RAMP_INTERSECTION,SIDE_OF_HWY,TOW_AWAY,COLLISION_SEVERITY,NUMBER_KILLED,NUMBER_INJURED,PARTY_COUNT,PRIMARY_COLL_FACTOR,PCF_CODE_OF_VIOL,PCF_VIOL_CATEGORY,PCF_VIOLATION,PCF_VIOL_SUBSECTION,HIT_AND_RUN,TYPE_OF_COLLISION,MVIW,PED_ACTION,ROAD_SURFACE,ROAD_COND_1,ROAD_COND_2,LIGHTING,CONTROL_DEVICE,CHP_ROAD_TYPE,PEDESTRIAN_ACCIDENT,BICYCLE_ACCIDENT,MOTORCYCLE_ACCIDENT,TRUCK_ACCIDENT,NOT_PRIVATE_PROPERTY,ALCOHOL_INVOLVED,STWD_VEHTYPE_AT_FAULT,CHP_VEHTYPE_AT_FAULT,COUNT_SEVERE_INJ,COUNT_VISIBLE_INJ,COUNT_COMPLAINT_PAIN,COUNT_PED_KILLED,COUNT_PED_INJURED,COUNT_BICYCLIST_KILLED,COUNT_BICYCLIST_INJURED,COUNT_MC_KILLED,COUNT_MC_INJURED,PRIMARY_RAMP,SECONDARY_RAMP,LATITUDE,LONGITUDE,COUNTY,CITY,POINT_X,POINT_Y
6290312,2014,2015-12-21,9135,2014-02-15,0701,12142,,6,1,9,1800,0,3,5,,2,007,"KRAMER RD","FOUR CORNERS RD",9504.00,N,N,B,-,N,,,,,,,,,,Y,1,1,0,1,A,-,08,22107,,N,E,I,A,A,H,-,A,D,0,,,,,Y,Y,A,01,0,0,0,0,0,0,0,0,0,"- ","- ",,,LASSEN,UNINCORPORATED,-121.19140838,41.150856820000001
6292188,2015,2017-04-25,9165,2015-03-15,0540,18506,,7,3,9,1800,0,1,3,,2,063,"RT 395","POZZOLAN RD",6336.00,N,N,A,-,Y,LAS,2,395,-,R,11.330,H,-,S,Y,1,1,1,2,A,-,01,23152,A,N,A,C,A,A,H,-,D,D,0,,,,Y,Y,Y,D,22,0,0,1,0,0,0,0,0,0,"- ","- ",39.870139999999999,-120.03532,LASSEN,UNINCORPORATED,-120.03400152,39.871742220000002
6292487,2015,2017-05-09,9140,2015-04-29,1700,14430,,3,2,9,1800,0,3,5,,2,010,"LAMBERT LN","ALEXANDER LN",0.00,,Y,A,-,N,,,,,,,,,,Y,1,1,1,2,A,-,12,22450,A,N,D,C,A,A,H,-,A,A,0,,,,,Y,,D,22,0,0,1,0,0,0,0,0,0,"- ","- ",40.350929999999998,-120.39910999999999,LASSEN,UNINCORPORATED,-120.39909999,40.350939959999998
6292569,2015,2017-04-06,9140,2015-06-19,1853,19275,,5,2,9,1800,0,3,5,,2,030,"GALLATIN RD","COUNTY ROAD A-1",1584.00,E,N,A,-,N,,,,,,,,,,Y,1,1,0,1,A,-,08,22107,,N,E,I,A,A,H,-,A,D,0,,,,,Y,Y,A,01,0,0,0,0,0,0,0,0,0,"- ","- ",40.54468,-120.7906,LASSEN,UNINCORPORATED,-120.78973886999999,40.545499489999997
6315975,2014,2015-11-14,9140,2014-01-02,1145,13241,,4,1,9,1800,0,1,3,,2,041,"RT 36","BRIDGE 7-48",50.00,W,N,A,-,Y,LAS,2,36,-,-,7.280,H,-,E,Y,4,0,1,1,A,-,08,22107,,N,E,I,A,A,H,-,A,D,0,,,,,Y,,D,22,0,0,1,0,0,0,0,0,0,"- ","- ",,,LASSEN,UNINCORPORATED,-120.93381664,40.328027380000002
6338345,2014,2014-06-04,9140,2014-01-13,0730,14898,,1,1,9,1800,0,3,5,,2,010,"COUNTY ROAD A 25","JAKES LN",1056.00,E,N,A,-,N,,,,,,,,,,Y,3,0,1,1,A,-,08,22107,,N,F,A,A,A,H,-,A,D,0,,,,,Y,,D,22,0,1,0,0,0,0,0,0,0,"- ","- ",40.138069999999999,-120.20474,LASSEN,UNINCORPORATED,-120.20461856999999,40.138157929999998
6341078,2014,2015-11-14,9140,2014-01-06,0015,019493,,1,3,9,1800,0,1,3,,2,034,"RT 44","BUTTE LAKE RD",16368.00,E,N,A,-,Y,LAS,2,44,-,-,5.480,H,-,E,Y,3,0,2,1,A,-,05,21650,,N,F,A,A,A,H,-,D,D,0,,,,,Y,,A,07,0,2,0,0,0,0,0,0,0,"- ","- ",,,LASSEN,UNINCORPORATED,-121.22269968000001,40.642529009999997
6352217,2014,2015-11-14,9140,2014-01-13,0730,16732,,1,1,9,1800,0,1,3,,2,041,"RT 36","RT 147",1056.00,W,N,A,-,Y,LAS,2,36,-,-,0.600,H,-,W,Y,4,0,2,1,A,-,03,22350,,N,E,I,A,C,H,-,A,D,0,,,,,Y,,A,01,0,0,2,0,0,0,0,0,0,"- ","- ",,,LASSEN,UNINCORPORATED,-121.05154403,40.311290630000002
6352229,2014,2014-06-12,9140,2014-01-10,1020,16279,,5,1,9,1800,0,3,5,,2,010,"CAPEZZOLI LN","LAMBERT LN",0.00,,Y,A,-,N,,,,,,,,,,Y,4,0,1,2,A,-,08,22107,,N,E,J,A,A,H,-,A,D,0,,,Y,,Y,,C,02,0,0,1,0,0,0,0,0,0,"- ","- ",,,LASSEN,UNINCORPORATED,-120.39895998,40.336399890000003
6362351,2014,2015-11-14,9140,2014-01-15,1745,13571,,3,2,9,1800,0,1,3,,2,031,"RT 139","HAGATA RD",4752.00,S,N,A,-,Y,LAS,2,139,-,-,11.200,H,-,S,Y,4,0,1,1,C,-,18,,,N,H,H,A,A,H,-,D,D,0,,,,,Y,,-,"- ",0,0,1,0,0,0,0,0,0,"- ","- ",40.502249999999997,-120.56668999999999,LASSEN,UNINCORPORATED,-120.56684171000001,40.502411590000001
6367384,2014,2015-09-08,9140,2014-01-23,0750,16279,,4,1,9,1800,0,3,5,,2,010,"JOHNSTONVILLE RD","CENTER RD",0.00,,Y,A,-,N,,,,,,,,,,Y,4,0,1,2,A,-,09,21802,A,N,A,C,A,A,H,-,A,A,0,,,,,Y,,A,07,0,0,1,0,0,0,0,0,0,"- ","- ",,,LASSEN,UNINCORPORATED,-120.59231997000001,40.392789880000002
6389433,2014,2015-11-14,1801,2014-02-20,1000,838,LASSE,4,5,3,1801,0,0,0,,0,,"RT 139","1ST ST",0.00,,Y,A,-,Y,LAS,2,139,-,-,0.061,I,5,S,Y,4,0,1,2,A,-,04,21703,,N,C,C,A,A,H,-,A,D,0,,,,,Y,,A,07,0,0,1,0,0,0,0,0,0,"- ","- ",,,LASSEN,SUSANVILLE,-120.64859376,40.416360990000001
6390539,2014,2015-11-14,9140,2014-02-28,0800,16322,,5,1,9,1800,0,1,3,,2,031,"RT 139","MERRILLVILLE RD",351.00,S,N,B,-,Y,LAS,2,139,-,-,15.210,H,-,S,Y,3,0,1,1,A,-,03,22350,,N,F,A,A,C,H,-,A,D,0,,,,Y,Y,,G,26,0,1,0,0,0,0,0,0,0,"- ","- ",40.540730000000003,-120.62112999999999,LASSEN,UNINCORPORATED,-120.62204989999999,40.541331020000001
6396605,2014,2015-11-14,1801,2014-01-07,1645,832,,2,5,3,1801,0,0,0,,0,CITY,"RT 36","ALEXANDER AV",0.00,,Y,A,-,Y,LAS,2,36,-,-,25.230,H,-,E,Y,4,0,1,2,A,-,03,22350,,N,C,C,A,A,H,-,B,A,0,,,,,Y,,A,01,0,0,1,0,0,0,0,0,0,"- ","- ",,,LASSEN,SUSANVILLE,-120.65114828999999,40.416018749999999
6408993,2014,2014-06-10,1801,2014-02-21,0820,836,,5,5,3,1801,0,0,0,,0,,"PAIUTE LN","RANDOLPH WY",0.00,,Y,A,-,N,,,,,,,,,,N,3,0,1,2,A,-,11,21954,A,N,H,B,D,A,H,-,A,A,0,Y,,,,Y,,N,60,0,1,0,0,1,0,0,0,0,"- ","- ",,,LASSEN,SUSANVILLE,-120.66243989,40.433689899999997
6410493,2014,2015-11-14,9135,2014-01-25,2200,12142,,6,3,9,1800,0,1,3,,2,651,"RT 299","DAY RD",19536.00,E,N,A,-,Y,LAS,2,299,-,-,5.250,H,-,W,Y,3,0,2,1,A,-,01,23152,A,N,E,I,A,A,H,-,D,D,0,,,,,Y,Y,A,01,0,2,0,0,0,0,0,0,0,"- ","- ",,,LASSEN,UNINCORPORATED,-121.26230468,41.079077769999998
6414606,2014,2014-06-19,9140,2014-02-24,0945,14568,,1,1,9,1800,0,3,5,,2,010,CR-A25,CR-A26,195.00,E,N,A,-,N,,,,,,,,,,Y,3,0,1,1,A,-,08,22107,,N,E,I,A,A,H,-,A,D,0,,,,,Y,,A,01,0,1,0,0,0,0,0,0,0,"- ","- ",,,LASSEN,UNINCORPORATED,-120.16288072,40.144052260000002
6415371,2014,2015-11-14,9135,2014-03-14,2046,13145,,5,2,9,1800,0,1,3,,2,652,"RT 139","COUNTY ROAD A 2",18216.00,S,N,A,-,Y,LAS,2,139,-,-,58.020,H,-,S,Y,3,0,1,2,C,-,18,,,N,B,C,A,A,C,-,E,D,0,,,,,Y,,-,"- ",0,1,0,0,0,0,0,0,0,"- ","- ",,,LASSEN,UNINCORPORATED,-120.88739160999999,41.072547319999998
6415375,2014,2015-11-14,9135,2014-03-14,2045,13145,,5,2,9,1800,0,1,3,,2,652,"RT 139","COUNTY ROAD A 2",18216.00,S,N,A,-,Y,LAS,2,139,-,-,58.030,H,-,S,Y,3,0,2,1,C,-,18,,,N,E,H,A,A,H,-,D,D,0,,,,,Y,,-,"- ",0,1,1,0,0,0,0,0,0,"- ","- ",,,LASSEN,UNINCORPORATED,-120.88748907999999,41.072667389999999
6420376,2014,2015-11-14,9165,2014-03-23,1807,013901,,7,2,9,1800,0,1,3,,2,062,"RT 395","RT 70",1056.00,S,N,A,-,Y,LAS,2,36,-,R,4.360,H,-,E,Y,3,0,3,1,A,-,08,22107,,N,E,I,A,A,H,-,A,D,0,,,,,Y,,A,01,0,1,2,0,0,0,0,0,0,"- ","- ",39.771819999999998,-120.03914,LASSEN,UNINCORPORATED,-120.99100281,40.315268709999998
6430819,2014,2015-11-14,9140,2014-03-14,1250,014430,,5,1,9,1800,0,1,3,,2,034,"RT 44","USFS RD 32N15",0.00,,Y,B,-,Y,LAS,2,44,-,-,0.860,H,-,W,Y,4,0,2,2,A,-,08,22107,,N,D,C,A,A,H,-,A,D,0,,,,Y,Y,,A,01,0,0,2,0,0,0,0,0,0,"- ","- ",40.646900000000002,-121.1671,LASSEN,UNINCORPORATED,-121.30706942,40.650823260000003
6430835,2014,2015-11-14,9140,2014-03-29,1150,016279,,6,1,9,1800,0,1,3,,2,034,"RT 44","BOGARD REST AREA",528.00,W,N,B,D,Y,LAS,2,44,-,-,14.500,H,-,E,Y,3,0,1,1,A,-,03,22350,,N,F,A,A,C,H,-,A,D,0,,,,,Y,,D,22,0,1,0,0,0,0,0,0,0,"- ","- ",,,LASSEN,UNINCORPORATED,-121.09177858,40.58958793
6433909,2014,2015-11-19,1801,2014-04-15,1130,834,,2,5,3,1801,0,0,0,,0,,"N MESA ST","RT 36",0.00,,Y,A,-,Y,LAS,2,36,-,-,25.830,I,6,W,N,3,0,1,2,A,-,17,21200,A,N,G,G,A,A,H,-,A,A,0,,Y,,,Y,,L,,0,1,0,0,0,0,1,0,0,"- ","- ",,,LASSEN,SUSANVILLE,-120.64069277999999,40.413522710000002
6439403,2014,2015-11-14,1801,2014-03-16,1508,890,SVL,7,5,3,1801,0,0,0,,0,,"RT 36","RT 36 2875",0.00,,N,A,-,Y,LAS,2,36,-,R,26.160,H,-,W,N,2,0,1,2,A,-,09,21804,,N,D,C,A,A,H,-,A,D,0,,,,,Y,,-,"- ",1,0,0,0,0,0,0,0,0,"- ","- ",,,LASSEN,SUSANVILLE,-120.63582183,40.410226209999998
6440286,2014,2014-07-02,9140,2014-03-10,1600,19447,,1,2,9,1800,0,3,5,,2,010,"GOLD RUN RD","RICHMOND RD",4224.00,W,N,B,-,N,,,,,,,,,,Y,4,0,1,1,A,-,08,22107,,N,E,I,A,A,H,-,A,D,0,,,,,Y,,A,01,0,0,1,0,0,0,0,0,0,"- ","- ",,,LASSEN,UNINCORPORATED,-120.66659901,40.372073210000003
6440290,2014,2015-11-14,9140,2014-03-18,1525,19275,,2,2,9,1800,0,1,2,,2,013,"RT 395","SEARS RD",0.00,,Y,A,-,Y,LAS,2,395,-,-,53.100,I,5,S,Y,4,0,2,2,A,-,09,21802,A,N,D,C,A,A,H,-,A,D,0,,,,,Y,,A,07,0,0,2,0,0,0,0,0,0,"- ","- ",,,LASSEN,UNINCORPORATED,-120.50854424000001,40.294440299999998
6440294,2014,2015-11-14,9140,2014-03-30,1350,14568,,7,1,9,1800,0,1,3,,2,011,"RT 36","ROXIE PECONOM CAMPGROUND",2112.00,W,N,B,-,Y,LAS,2,36,-,-,15.000,H,-,E,Y,4,0,2,1,A,-,08,22107,,N,E,I,A,A,H,-,A,D,0,,,,,Y,,A,01,0,0,2,0,0,0,0,0,0,"- ","- ",,,LASSEN,UNINCORPORATED,-120.81666025,40.374424210000001
6440298,2014,2015-11-14,9140,2014-03-09,1516,19275,,7,2,9,1800,0,1,2,,2,014,"RT 395","COUNTY ROAD A 25",5280.00,S,N,B,-,Y,LAS,2,395,-,-,33.500,H,-,S,N,4,0,1,2,A,-,06,21751,,M,B,C,A,A,H,-,A,D,0,,,,,Y,,A,07,0,0,1,0,0,0,0,0,0,"- ","- ",,,LASSEN,UNINCORPORATED,-120.23168769999999,40.116801760000001
6455042,2014,2015-11-19,9140,2014-04-07,1639,016169,,1,2,9,1800,0,1,3,,2,012,"RT 36","SUSANVILLE BRIDGE #7-33",800.00,E,N,A,-,Y,LAS,2,36,-,R,26.900,H,-,E,Y,4,0,1,2,A,-,08,22107,,N,B,C,A,A,H,-,A,D,0,,,,,Y,,A,01,0,0,1,0,0,0,0,0,0,"- ","- ",,,LASSEN,UNINCORPORATED,-120.62936082,40.39943667
6455111,2014,2014-07-10,9140,2014-04-15,1245,19447,,2,1,9,1800,0,3,5,,2,030,"CR A1","RT 36",2640.00,N,N,A,-,N,,,,,,,,,,Y,3,0,1,1,A,-,01,23152,A,N,E,I,A,A,H,-,A,D,0,,,,,Y,Y,A,01,0,1,0,0,0,0,0,0,0,"- ","- ",,,LASSEN,UNINCORPORATED,-120.71215447,40.422442760000003
6455119,2014,2014-07-10,9140,2014-04-08,2248,18094,,2,3,9,1800,0,3,5,,2,010,"RICHMOND RD","DIAMOND WY",2112.00,E,N,A,-,N,,,,,,,,,,N,4,0,1,1,A,-,03,22350,,N,E,I,A,A,H,-,D,D,0,,,,,Y,,A,07,0,0,1,0,0,0,0,0,0,"- ","- ",,,LASSEN,UNINCORPORATED,-120.63226246000001,40.374339650000003
6459145,2014,2015-11-20,9140,2014-04-29,2328,018094,,2,3,9,1800,0,1,2,,2,014,"RT 395","MILFORD GRD",10190.00,S,N,A,-,Y,LAS,2,395,-,-,40.820,H,-,S,Y,2,0,1,1,A,-,03,22350,,N,H,A,A,A,H,-,D,D,0,,,Y,,Y,,C,02,1,0,0,0,0,0,0,0,1,"- ","- ",,,LASSEN,UNINCORPORATED,-120.34778881,40.164759940000003
6459165,2014,2014-07-14,9140,2014-04-26,2225,014430,,6,3,9,1800,0,3,5,,2,010,"COUNTY RD A-3","CUMMINGS RD",1584.00,N,N,B,-,N,,,,,,,,,,Y,4,0,1,1,A,-,01,23152,A,N,E,I,A,A,H,-,D,D,0,,,,,Y,Y,A,01,0,0,1,0,0,0,0,0,0,"- ","- ",40.3217,-120.4225,LASSEN,UNINCORPORATED,-120.4225,40.3217
6459169,2014,2014-07-14,9140,2014-04-19,1040,017976,,6,1,9,1800,0,3,5,,2,010,"COUNTY ROAD 25","COUNTY ROAD A 26",0.00,,Y,A,-,N,,,,,,,,,,Y,2,0,1,2,A,-,09,21804,A,N,D,C,A,A,H,-,A,D,0,,,Y,,Y,,A,07,1,0,0,0,0,0,0,0,1,"- ","- ",,,LASSEN,UNINCORPORATED,,
6459780,2014,2014-07-24,9140,2014-05-06,1415,016322,,2,2,9,1800,0,3,5,,2,020,"BYERS PASS RD","SUNNYSIDE RD",10032.00,N,N,A,-,N,,,,,,,,,,Y,4,0,2,1,A,-,03,22350,,N,F,A,A,A,H,-,A,D,0,,,,,Y,,A,07,0,0,2,0,0,0,0,0,0,"- ","- ",40.336379999999998,-120.48278000000001,LASSEN,UNINCORPORATED,-120.48160658,40.335170079999997
6465289,2014,2015-11-20,9140,2014-04-03,0530,016279,,4,3,9,1800,0,1,2,,2,013,"RT 395","COUNTY RD A-3",0.00,,Y,A,-,Y,LAS,2,395,-,-,51.870,I,5,S,Y,3,0,1,2,A,-,09,21802,A,N,D,C,A,A,H,-,C,D,0,,,,,Y,,A,01,0,1,0,0,0,0,0,0,0,"- ","- ",,,LASSEN,UNINCORPORATED,-120.49065442,40.284128699999997
6465301,2014,2014-07-10,9140,2014-04-21,0529,019493,,1,3,9,1800,0,3,5,,2,020,"JOHNSTONVILLE RD","CENTER RD",1056.00,W,N,A,-,N,,,,,,,,,,Y,4,0,1,1,A,-,08,22107,,N,F,A,A,A,H,-,B,D,0,,,,,Y,,D,22,0,0,1,0,0,0,0,0,0,"- ","- ",40.394770000000001,-120.59672,LASSEN,UNINCORPORATED,-120.59002968999999,40.390731979999998
6465305,2014,2014-07-08,9140,2014-03-28,2330,016169,,5,3,9,1800,0,3,5,,2,010,"FORT SAGE RD","HACKSTAFF RD",4224.00,N,N,B,-,N,,,,,,,,,,N,4,0,1,1,A,-,03,22350,,N,F,A,A,A,H,-,D,D,0,,,,,Y,,D,22,0,0,1,0,0,0,0,0,0,"- ","- ",40.054279999999999,-120.09652,LASSEN,UNINCORPORATED,-120.0963045,40.054917469999999
6465313,2014,2014-07-10,9140,2014-04-14,1605,016322,,1,2,9,1800,0,3,5,,2,010,"HERLONG ACCESS RD A-25","MILKE WY",35.00,W,N,A,-,N,,,,,,,,,,Y,3,0,2,3,A,-,03,22350,,N,C,C,A,A,H,-,A,D,0,,,,,Y,,A,01,0,2,0,0,0,0,0,0,0,"- ","- ",40.142870000000002,-120.17677,LASSEN,UNINCORPORATED,-120.17676562,40.142995640000002
6484927,2014,2015-11-20,9140,2014-04-25,0950,015131,,5,1,9,1800,0,1,3,,2,034,"RT 44","PITTVILLE RD",3168.00,W,N,D,-,Y,LAS,2,44,-,-,8.110,H,-,E,Y,2,0,2,2,A,-,06,21751,,N,A,C,A,C,H,-,A,D,0,,,,,Y,,A,01,2,0,0,0,0,0,0,0,0,"- ","- ",,,LASSEN,UNINCORPORATED,-121.17858484,40.650630139999997
6484951,2014,2015-11-20,9140,2014-05-05,0502,19493,,1,3,9,1800,0,1,2,,2,021,"RT 395","BUFFUM LN",1056.00,S,N,A,-,Y,LAS,2,395,-,-,64.090,H,-,S,N,3,0,1,2,A,-,"- ",,,F,B,G,A,A,H,-,C,D,0,,Y,,,Y,,D,22,0,1,0,0,0,0,1,0,0,"- ","- ",40.376350000000002,-120.53335,LASSEN,UNINCORPORATED,-120.53409077000001,40.376412819999999
6484955,2014,2015-11-20,9140,2014-05-04,1415,16322,,7,2,9,1800,0,1,2,,2,013,"RT 395","BASS HILL RD",528.00,N,N,A,-,Y,LAS,2,395,-,-,57.660,H,-,N,Y,4,0,1,2,A,-,03,22350,,N,C,C,A,A,H,-,A,D,0,,,,,Y,,A,01,0,0,1,0,0,0,0,0,0,"- ","- ",40.345419999999997,-120.55907999999999,LASSEN,UNINCORPORATED,-120.56084076,40.342039929999999
6495738,2014,2015-11-20,9140,2014-05-30,1119,015131,,5,1,9,1800,0,1,2,,2,022,"RT 395","SECRET VALLEY REST AREA",4224.00,N,N,A,-,Y,LAS,2,395,-,-,97.300,H,-,N,Y,4,0,1,2,A,-,08,22107,,N,B,C,A,A,H,-,A,D,0,,,,Y,Y,,G,27,0,0,1,0,0,0,0,0,0,"- ","- ",,,LASSEN,UNINCORPORATED,-120.26590014,40.650913639999999
6500185,2014,2015-11-20,9135,2014-05-28,1040,13553,,3,1,9,1800,0,1,3,,2,651,"RT 299","KRAMER RD",0.00,,Y,A,-,Y,LAS,2,299,-,-,11.460,I,5,E,Y,4,0,2,2,A,-,"- ",,,N,D,C,A,A,H,-,A,A,0,,,,Y,Y,,D,22,0,0,2,0,0,0,0,0,0,"- ","- ",,,LASSEN,UNINCORPORATED,-121.18235952000001,41.095798170000002
6510175,2014,2015-11-20,9170,2014-05-31,1420,019520,,6,2,9,1800,0,1,2,,1,001,"RT 395","ANTELOPE DR",600.00,S,N,A,-,Y,LAS,2,395,-,-,126.540,H,-,N,Y,2,0,1,1,A,-,08,22107,,N,F,A,A,-,H,-,A,D,0,,,,,Y,,D,22,1,0,0,0,0,0,0,0,0,"- ","- ",41.018799999999999,-120.4888,LASSEN,UNINCORPORATED,-120.48926763,41.015085710000001
6517433,2014,2015-03-20,9165,2014-06-15,1042,19781,,7,1,9,1800,0,1,3,,2,062,"RT 395","COUNTRY LN",5280.00,S,N,A,-,Y,LAS,2,395,-,R,0.840,H,-,S,Y,4,0,1,2,A,-,03,22350,,N,C,C,A,A,H,-,A,D,0,,,,,Y,,A,07,0,0,1,0,0,0,0,0,0,"- ","- ",39.719819999999999,-120.03832,LASSEN,UNINCORPORATED,-120.03832778,39.720495960000001
6517488,2014,2015-11-20,9165,2014-06-09,1243,019781,,1,1,9,1800,0,1,3,,2,063,"RT 395","RED ROCK RD",14995.00,S,N,A,-,Y,LAS,2,395,-,-,11.580,H,-,S,Y,3,0,1,1,A,-,08,22107,,N,F,A,A,A,H,-,A,D,0,,,Y,,Y,,C,02,0,1,0,0,0,0,0,0,1,"- ","- ",39.873489999999997,-120.03261999999999,LASSEN,UNINCORPORATED,-120.03151794999999,39.87463941
6524482,2014,2014-08-04,9140,2014-05-23,2030,14430,,5,2,9,1800,0,3,5,,2,010,"RIVERSIDE DR","S FAIRFIELD AV",528.00,W,N,A,-,N,,,,,,,,,,N,3,0,1,1,A,-,08,22107,,N,F,A,A,A,H,-,D,D,0,,Y,,,Y,,L,04,0,1,0,0,0,0,1,0,0,"- ","- ",40.411610000000003,-120.64543999999999,LASSEN,UNINCORPORATED,-120.64477189999999,40.411427189999998
6524486,2014,2014-08-04,9140,2014-05-31,1705,14430,,6,2,9,1800,0,3,5,,2,010,"MILFORD GRADE","LAUGHMAN CAMPGROUND",150.00,S,N,A,-,N,,,,,,,,,,N,3,0,1,1,A,-,00,38506,,N,H,A,A,A,H,-,A,D,0,,,Y,,Y,,C,06,0,1,0,0,0,0,0,0,1,"- ","- ",39.979990000000001,-120.40555999999999,LASSEN,UNINCORPORATED,-120.40531933,39.97975778
6524553,2014,2014-08-04,9140,2014-05-15,1220,15131,,4,1,9,1800,0,3,5,,2,020,"CENTER RD","JOHNSTONVILLE RD",8.00,W,N,A,-,N,,,,,,,,,,Y,3,0,1,1,A,-,08,22107,,N,E,I,A,A,H,-,A,D,0,,,,,Y,,A,01,0,1,0,0,0,0,0,0,0,"- ","- ",,,LASSEN,UNINCORPORATED,-120.59232,40.392789999999998
6524557,2014,2014-08-04,9140,2014-05-18,1145,16322,,7,1,9,1800,0,3,5,,2,020,"RICHMOND RD","DIAMOND WY",382.00,E,N,A,-,N,,,,,,,,,,N,3,0,2,2,A,-,03,22350,,N,C,G,A,A,H,-,A,D,0,,Y,,,Y,,L,04,0,1,1,0,0,0,2,0,0,"- ","- ",40.371920000000003,-120.63768,LASSEN,UNINCORPORATED,-120.63765071,40.371981390000002
6524631,2014,2014-08-09,9140,2014-06-05,1340,014568,,4,1,9,1800,0,3,5,,2,030,"EAGLE LAKE RD","FOREST DR",528.00,N,N,A,-,N,,,,,,,,,,Y,2,0,1,1,A,-,01,23152,A,N,E,I,A,A,H,-,A,D,0,,,,,Y,Y,A,01,1,0,0,0,0,0,0,0,0,"- ","- ",,,LASSEN,UNINCORPORATED,-120.74133843,40.435618239999997
6557864,2014,2016-04-27,9165,2014-07-07,1506,019781,,1,2,9,1800,0,1,3,,2,063,"RT 395","RT 70",2640.00,N,N,A,-,Y,LAS,2,395,-,-,5.780,H,-,N,Y,4,0,1,2,A,-,08,22105,,N,D,C,A,A,H,-,A,D,0,,,,,Y,Y,E,22,0,0,1,0,0,0,0,0,0,"- ","- ",39.791989999999998,-120.13791000000001,LASSEN,UNINCORPORATED,-120.03771326,39.792522660000003
6558578,2014,2015-11-19,1801,2014-06-12,0716,837,,4,5,3,1801,0,0,0,,0,,"RT 36","UNION ST",0.00,,Y,A,-,Y,LAS,2,36,-,-,24.790,H,-,E,Y,4,0,1,2,A,-,03,22350,,N,C,C,A,-,H,-,A,D,0,,,,,Y,,-,,0,0,1,0,0,0,0,0,0,"- ","- ",,,LASSEN,SUSANVILLE,-120.65882578,40.417866150000002
6558675,2014,2016-04-27,1801,2014-07-03,2220,834,1801,4,5,3,1801,0,0,0,,0,,"RT 36","MCDOW ST",0.00,,Y,A,-,Y,LAS,2,36,-,-,25.510,I,5,W,Y,3,0,1,2,A,-,09,21804,A,N,E,C,A,A,H,-,C,D,0,,,,,Y,Y,-,,0,1,0,0,0,0,0,0,0,"- ","- ",,,LASSEN,SUSANVILLE,-120.64626852000001,40.41484346
6563687,2014,2016-04-27,1801,2014-07-12,2345,832,1801,6,5,3,1801,0,0,0,,0,,"RT 36","STATION LINE",125.00,W,N,A,-,Y,LAS,2,36,-,-,24.539,I,5,W,Y,4,0,2,2,A,-,03,22350,,N,E,E,A,A,H,-,C,D,0,,,,,Y,,-,,0,0,2,0,0,0,0,0,0,"- ","- ",,,LASSEN,SUSANVILLE,-120.66317866,40.418938300000001
6566824,2014,2016-04-28,9140,2014-07-23,1545,019275,,3,2,9,1800,0,1,2,,2,013,"RT 395","JOHNSTONVILLE DUMP RD",4224.00,N,N,A,-,Y,LAS,2,395,-,-,59.010,H,-,S,Y,4,0,1,2,A,-,09,21804,A,N,B,C,A,A,H,-,A,D,0,,,,,Y,,A,07,0,0,1,0,0,0,0,0,0,"- ","- ",,,LASSEN,UNINCORPORATED,-120.56573793,40.360756080000002
6566828,2014,2016-04-27,9140,2014-07-21,1455,019275,,1,2,9,1800,0,1,2,,2,013,"RT 395","JANESVILLE GRADE",0.00,,Y,B,-,Y,LAS,2,395,-,-,52.650,I,5,S,Y,3,0,2,2,A,-,09,21802,A,N,D,C,A,A,H,-,A,D,0,,,,,Y,Y,D,22,0,2,0,0,0,0,0,0,0,"- ","- ",,,LASSEN,UNINCORPORATED,-120.50193966000001,40.29075624
6566836,2014,2014-08-05,9140,2014-06-23,1225,16322,,1,1,9,1800,0,3,5,,2,010,"CONSTANTIA RD","BAY DR",3168.00,S,N,A,-,N,,,,,,,,,,Y,4,0,1,1,A,-,05,21650,,N,F,A,A,A,H,-,A,D,0,,,,,Y,,D,22,0,0,1,0,0,0,0,0,0,"- ","- ",40.004370000000002,-120.09381,LASSEN,UNINCORPORATED,-120.09309383,40.002883750000002
6566844,2014,2015-03-20,9140,2014-06-16,0055,19275,,1,3,9,1800,0,1,2,,2,014,"RT 395","COUNTY RD A-26",6864.00,N,N,A,-,Y,LAS,2,395,-,-,31.200,H,-,N,Y,2,0,1,2,A,-,01,23152,A,N,B,C,A,A,H,-,D,D,0,,,,Y,Y,Y,A,01,1,0,0,0,0,0,0,0,0,"- ","- ",,,LASSEN,UNINCORPORATED,-120.19397693000001,40.100984830000002
6567018,2014,2015-12-21,9140,2014-07-10,1600,014568,,4,2,9,1800,0,3,5,,2,030,"CR-A1 / EAGLE LAKE RD","RT 36",2640.00,N,N,A,-,N,,,,,,,,,,Y,3,0,1,1,A,-,08,22107,,N,E,I,A,A,H,-,A,D,0,,,,,Y,,A,01,0,1,0,0,0,0,0,0,0,"- ","- ",,,LASSEN,UNINCORPORATED,-120.71222305000001,40.422462729999999
6567115,2014,2016-04-26,9135,2014-07-08,1825,013553,,2,2,9,1800,0,1,3,,2,651,"RT 299","MUCK VALLEY RD",1320.00,W,N,A,-,Y,LAS,2,299,-,-,8.560,H,-,E,Y,3,0,1,1,A,-,01,23152,A,N,E,I,A,A,H,-,A,D,0,,,,,Y,Y,A,08,0,1,0,0,0,0,0,0,0,"- ","- ",41.060720000000003,-121.21113,LASSEN,UNINCORPORATED,-121.21584853,41.059776810000002
6567164,2014,2014-08-01,9140,2014-06-06,0545,14430,,5,3,9,1800,0,3,5,,2,020,"CENTER RD","JOHNSTONVILLE RD",1056.00,E,N,A,-,N,,,,,,,,,,Y,4,0,1,1,A,-,03,22350,,N,E,I,A,A,H,-,A,D,0,,,,,Y,,A,01,0,0,1,0,0,0,0,0,0,"- ","- ",40.393169999999998,-120.58929000000001,LASSEN,UNINCORPORATED,-120.58878566999999,40.393485750000004
6568800,2014,2016-04-27,9135,2014-07-06,2230,013553,,7,3,9,1800,0,1,3,,2,652,"RT 139","LASSEN COUNTY ROAD A2",10560.00,S,N,A,-,Y,LAS,2,139,-,-,59.520,H,-,S,Y,3,0,1,1,A,-,01,23152,A,N,E,J,A,A,H,-,A,D,0,,,,,Y,Y,D,22,0,1,0,0,0,0,0,0,0,"- ","- ",41.087699999999998,-120.90778,LASSEN,UNINCORPORATED,-120.90699974,41.087145069999998
6590288,2014,2014-09-03,9135,2014-07-29,1820,13145,,2,2,9,1800,0,3,5,,2,007,"DAY RD","OAK WOODS DR",538.00,S,N,A,-,N,,,,,,,,,,Y,2,0,1,1,A,-,01,23152,A,N,E,J,A,A,H,-,A,D,0,,,,,Y,Y,D,22,1,0,0,0,0,0,0,0,0,"- ","- ",,,LASSEN,UNINCORPORATED,-121.33177130999999,41.11335862
6594878,2014,2016-04-28,9140,2014-07-17,2123,013571,,4,2,9,1800,0,1,3,,2,031,"RT 139","MERRILLVILLE RD",10560.00,N,N,B,-,Y,LAS,2,139,-,-,19.670,H,-,S,Y,3,0,1,1,A,-,08,22107,,N,F,A,A,A,H,-,D,D,0,,,Y,,Y,,C,02,0,1,0,0,0,0,0,0,1,"- ","- ",40.599640000000001,-120.64267,LASSEN,UNINCORPORATED,-120.64276916,40.599658040000001
6594888,2014,2016-04-27,9140,2014-08-17,1500,14898,,7,2,9,1800,0,1,3,,2,031,"RT 139","EAGLE LAKE RD",15840.00,S,N,A,-,Y,LAS,2,139,-,-,26.900,H,-,N,Y,2,0,4,1,A,-,01,23152,A,N,F,A,A,A,H,-,A,D,0,,,,,Y,Y,A,01,2,2,0,0,0,0,0,0,0,"- ","- ",40.694890000000001,-120.67004,LASSEN,UNINCORPORATED,-120.67080932,40.696493320000002
6594892,2014,2016-04-28,9140,2014-08-19,0812,16322,,2,1,9,1800,0,1,2,,2,021,"RT 395","WENDEL RD",1056.00,S,N,A,-,Y,LAS,2,395,-,R,76.690,H,-,S,Y,2,0,1,1,A,-,03,22350,,N,E,I,A,A,C,D,A,A,0,,,,,Y,,A,07,1,0,0,0,0,0,0,0,0,"- ","- ",40.377310000000001,-120.31542,LASSEN,UNINCORPORATED,-120.31906923,40.377237880000003
6594896,2014,2016-04-28,9140,2014-08-17,2025,17976,,7,2,9,1800,0,1,2,,2,013,"RT 395","BASS HILL RD",100.00,N,N,A,-,Y,LAS,2,395,-,-,57.580,H,-,S,N,2,0,1,2,A,-,07,21658,A,F,B,C,A,A,H,-,D,D,0,,,Y,,Y,,A,01,1,0,0,0,0,0,0,0,1,"- ","- ",,,LASSEN,UNINCORPORATED,-120.56111962999999,40.340810210000001
6594900,2014,2014-09-08,9140,2014-08-02,2300,19275,,6,3,9,1800,0,3,5,,2,010,"WENDEL RD","VIEWLAND DR",7920.00,E,N,B,-,N,,,,,,,,,,Y,2,0,1,1,A,-,03,22350,,N,F,A,A,A,H,-,D,D,0,,,Y,,Y,,C,02,1,0,0,0,0,0,0,0,1,"- ","- ",,,LASSEN,UNINCORPORATED,-120.23860174000001,40.366216700000003
6594904,2014,2014-09-08,9140,2014-08-05,1912,16322,,2,2,9,1800,0,3,5,,2,020,"RICHMOND RD","SUSAN HILLS DR",325.00,N,N,B,C,N,,,,,,,,,,Y,3,0,1,1,A,-,08,22107,,N,F,A,A,B,H,-,A,D,0,,,,,Y,,A,01,0,1,0,0,0,0,0,0,0,"- ","- ",,,LASSEN,UNINCORPORATED,-120.65162753,40.392674790000001
6595476,2014,2016-04-26,9135,2014-08-02,0815,012421,,6,1,9,1800,0,1,3,,2,651,"RT 299","BIG VALLEY MOUNTAIN RD",6336.00,E,N,A,-,Y,LAS,2,299,-,-,8.940,H,-,W,N,2,0,1,2,A,-,05,21460,A,N,B,C,A,A,H,-,A,D,0,,,Y,,Y,,C,02,1,0,0,0,0,0,0,0,1,"- ","- ",,,LASSEN,UNINCORPORATED,-121.2100482,41.06179393
6600114,2014,2016-04-26,9135,2014-08-15,0600,13553,,5,1,9,1800,0,1,3,,2,651,"RT 299","OLD HIGHWAY RD",10560.00,E,N,A,-,Y,LAS,2,299,-,-,5.840,H,-,W,Y,4,0,1,1,A,-,08,22107,,N,F,A,A,A,H,-,A,D,0,,,,Y,Y,,G,27,0,0,1,0,0,0,0,0,0,"- ","- ",41.071750000000002,-121.26002,LASSEN,UNINCORPORATED,-121.25813091000001,41.07090496
6606084,2014,2014-09-22,9135,2014-05-23,1055,18026,,5,1,9,1800,0,1,3,,2,652,"RT 139","RT 299",19.00,S,N,A,-,Y,LAS,2,139,-,-,47.010,H,-,N,Y,1,1,3,2,A,-,03,22350,,N,C,C,A,A,H,-,A,D,0,,,Y,,Y,,C,02,2,0,1,0,0,0,0,1,3,"- ","- ",,,LASSEN,UNINCORPORATED,-120.7756255,40.954562840000001
6619222,2014,2015-11-19,1801,2014-06-28,0010,832,1801,6,5,3,1801,0,0,0,,0,,"RT 36","ALEXANDER ST",0.00,,Y,A,-,Y,LAS,2,36,-,-,25.250,H,-,W,N,4,0,2,3,A,-,04,21703,,F,C,C,A,A,H,-,C,A,0,,,,,Y,,-,,0,0,2,0,0,0,0,0,0,"- ","- ",,,LASSEN,SUSANVILLE,-120.65079888,40.415938050000001
6646205,2014,2016-04-27,1801,2014-09-28,0521,835,,7,5,3,1801,0,0,0,,0,,"RT 36","GRAND AV",6.00,W,N,A,-,Y,LAS,2,36,-,-,25.150,H,-,E,N,2,0,1,2,A,-,11,21954,A,N,G,B,D,A,H,-,C,A,0,Y,,,,Y,Y,N,60,1,0,0,0,1,0,0,0,0,"- ","- ",,,LASSEN,SUSANVILLE,-120.65254784,40.416340759999997
6648405,2014,2016-04-27,9140,2014-09-16,1740,019493,,2,2,9,1800,0,1,2,,2,013,"RT 395","CHURCH ST",450.00,N,N,A,-,Y,LAS,2,395,-,-,54.210,H,-,N,Y,4,0,2,2,A,-,09,21802,A,N,C,C,A,A,H,-,A,D,0,,,,,Y,,D,22,0,0,2,0,0,0,0,0,0,"- ","- ",40.303690000000003,-120.52517,LASSEN,UNINCORPORATED,-120.52461424000001,40.303319299999998
6648425,2014,2014-12-10,9140,2014-09-29,0530,19680,,1,3,9,1800,0,3,5,,2,030,"MERRILLVILLE RD","RT 139",11616.00,W,N,A,-,N,,,,,,,,,,Y,3,0,1,1,A,-,01,23152,E,N,F,A,A,A,H,-,D,D,0,,,,,Y,,D,22,0,1,0,0,0,0,0,0,0,"- ","- ",,,LASSEN,UNINCORPORATED,-120.66042123,40.554998089999998
6651684,2014,2016-04-27,1801,2014-09-11,1724,835,,4,5,3,1801,0,0,0,,0,,"RT 36","PACIFIC ST",0.00,,Y,A,-,Y,LAS,2,36,-,-,24.990,H,-,W,N,4,0,1,2,A,-,08,22107,,N,C,C,A,A,H,-,A,A,0,,,,,Y,,-,,0,0,1,0,0,0,0,0,0,"- ","- ",,,LASSEN,SUSANVILLE,-120.65533841,40.417016519999997
6657419,2014,2016-04-27,9140,2014-08-26,1245,019493,,2,1,9,1800,0,1,2,,2,015,"RT 395","DOYLE GRADE",2640.00,S,N,A,-,Y,LAS,2,395,-,R,23.720,H,-,N,Y,3,0,1,1,A,-,08,22107,,N,F,A,A,A,H,-,A,D,0,,,,,Y,,D,22,0,1,0,0,0,0,0,0,0,"- ","- ",,,LASSEN,UNINCORPORATED,-120.10557823000001,40.021318639999997
6659140,2014,2016-04-27,9140,2014-09-19,1730,016322,,5,2,9,1800,0,1,2,,2,013,"RT 395","MAIN ST",0.00,,Y,A,-,Y,LAS,2,395,-,-,55.180,I,5,S,Y,3,0,2,2,A,-,09,21802,A,N,D,C,A,A,H,-,A,A,0,,,,,Y,,A,07,0,1,1,0,0,0,0,0,0,"- ","- ",40.313969999999998,-120.53813,LASSEN,UNINCORPORATED,-120.53724846,40.313151359999999
6659144,2014,2016-04-28,9140,2014-09-27,1830,016322,,6,2,9,1800,0,1,3,,2,031,"RT 139","RICE CANYON RD",12672.00,S,N,B,C,Y,LAS,2,139,-,-,6.790,H,-,S,Y,3,0,1,1,A,-,05,21650,,N,F,A,A,B,H,-,B,D,0,,,Y,,Y,,C,02,0,1,0,0,0,0,0,0,1,"- ","- ",40.461210000000001,-120.57874,LASSEN,UNINCORPORATED,-120.57777638,40.461899770000002
6659148,2014,2016-04-27,9140,2014-09-28,1010,020047,,7,1,9,1800,0,1,2,,2,022,"RT 395","KARLO RD",10032.00,N,N,B,C,Y,LAS,2,395,-,-,93.850,H,-,S,Y,3,0,1,1,A,-,08,22107,,N,E,I,A,B,H,-,A,D,0,,,,,Y,,A,01,0,1,0,0,0,0,0,0,0,"- ","- ",,,LASSEN,UNINCORPORATED,-120.24735758999999,40.602202390000002
6659460,2014,2014-11-14,1801,2014-10-08,1630,834,,3,5,3,1801,0,0,0,,0,1801,"CYPRESS ST","RICHMOND RD",117.00,W,N,A,-,N,,,,,,,,,,Y,3,0,1,1,A,-,01,23152,A,N,E,I,A,A,H,-,A,D,0,,,,,Y,Y,-,,0,1,0,0,0,0,0,0,0,"- ","- ",,,LASSEN,SUSANVILLE,-120.66112923999999,40.411120619999998
6659635,2014,2016-06-14,9140,2014-10-05,1200,019493,,7,1,9,1800,0,1,2,,2,022,"RT 395","KARLO RD",23760.00,N,N,A,-,Y,LAS,2,395,-,-,97.640,H,-,S,Y,3,0,1,1,A,-,08,22107,,N,E,I,A,A,H,-,A,D,0,,,,,Y,,A,01,0,1,0,0,0,0,0,0,0,"- ","- ",40.654960000000003,-120.27124000000001,LASSEN,UNINCORPORATED,-120.27050973,40.654336970000003
6664336,2014,2014-10-27,1801,2014-08-23,0005,844,1801,6,5,3,1801,0,0,0,,0,,"N PINE ST","HARRIS DR",0.00,,Y,A,-,N,,,,,,,,,,Y,4,0,3,1,A,-,03,22350,,N,E,I,A,A,H,-,C,D,0,,,,,Y,,-,"- ",0,0,3,0,0,0,0,0,0,"- ","- ",,,LASSEN,SUSANVILLE,-120.66991989,40.421329970000002
6664431,2014,2016-04-27,9140,2014-08-18,1608,014430,,1,2,9,1800,0,1,2,,2,015,"RT 395","MILFORD GRD",0.00,,Y,A,-,Y,LAS,2,395,-,-,41.910,I,5,S,Y,4,0,2,2,A,-,05,21650,,N,D,C,A,A,H,-,A,D,0,,,,,Y,,A,01,0,0,2,0,0,0,0,0,0,"- ","- ",40.169890000000002,-120.36932,LASSEN,UNINCORPORATED,-120.36600959,40.169111620000002
6664435,2014,2016-04-29,9140,2014-08-27,1620,016322,,3,2,9,1800,0,1,3,,2,031,"RT 139","GRASSHOPPER RD",20592.00,N,N,A,-,Y,LAS,2,139,-,-,37.350,H,-,N,Y,3,0,1,1,C,-,18,,,N,H,H,A,A,H,-,A,D,0,,,Y,,Y,,-,"- ",0,1,0,0,0,0,0,0,1,"- ","- ",40.828760000000003,-120.74346,LASSEN,UNINCORPORATED,-120.74267816,40.827864179999999
6664451,2014,2014-10-20,9140,2014-08-20,2100,019447,,3,2,9,1800,0,3,5,,2,010,"BLICKENSTAFF RD","HEMPHILL RD",2640.00,S,N,A,-,N,,,,,,,,,,Y,3,0,1,1,A,-,01,23152,A,N,E,I,A,A,H,-,D,D,0,,,,,Y,Y,A,08,0,1,0,0,0,0,0,0,0,"- ","- ",,,LASSEN,UNINCORPORATED,-120.43670736,40.28549306
6673725,2014,2016-06-14,1801,2014-11-05,1812,830,,3,5,3,1801,0,0,0,,0,,"RT 139","PAUL BUNYAN RD",0.00,,Y,A,-,Y,LAS,2,139,-,-,0.420,I,5,S,N,3,0,1,2,A,-,09,21804,A,N,D,C,A,A,H,-,C,A,0,,,,,Y,,-,,0,1,0,0,0,0,0,0,0,"- ","- ",,,LASSEN,SUSANVILLE,-120.64647992,40.421406830000002
6691627,2014,2016-06-14,9135,2014-10-23,1453,12142,,4,2,9,1800,0,1,3,,2,651,"RT 299","OLD HIGHWAY RD",10032.00,E,N,C,-,Y,LAS,2,299,-,-,5.750,H,-,W,Y,4,0,1,1,A,-,03,22350,,N,F,A,A,B,H,-,A,D,0,,,,Y,Y,,G,25,0,0,1,0,0,0,0,0,0,"- ","- ",,,LASSEN,UNINCORPORATED,-121.25973179,41.071577869999999
6700890,2014,2016-06-14,9165,2014-10-26,1630,19993,,7,2,9,1800,0,1,3,,2,063,"RT 395","RT 70",11616.00,N,N,A,-,Y,LAS,2,395,-,-,6.970,H,-,S,N,4,0,1,2,A,-,"- ",,,N,B,C,A,A,H,-,A,D,0,,,,,Y,,A,01,0,0,1,0,0,0,0,0,0,"- ","- ",,,LASSEN,UNINCORPORATED,-120.03316309,39.809708960000002
6710571,2014,2016-06-14,9140,2014-10-12,0440,014898,,7,3,9,1800,0,1,3,,2,034,"RT 44","HARVEY VALLEY RD",2640.00,W,N,B,-,Y,LAS,2,44,-,-,12.000,H,-,E,Y,2,0,4,1,A,-,08,22107,,N,E,I,A,A,H,-,D,D,0,,,,,Y,,D,22,2,0,2,0,0,0,0,0,0,"- ","- ",40.615580000000001,-121.11829,LASSEN,UNINCORPORATED,-121.12163036,40.617711900000003
6710583,2014,2016-06-14,9140,2014-10-14,1439,019447,,2,2,9,1800,0,1,2,,2,013,"US 395","DIANE DR",4224.00,S,N,F,-,Y,LAS,2,395,-,-,59.520,H,-,N,Y,4,0,2,2,A,-,03,22350,,N,C,C,A,A,H,-,A,D,0,,,,,Y,,D,22,0,0,2,0,0,0,0,0,0,"- ","- ",,,LASSEN,UNINCORPORATED,-120.57161669,40.367019159999998
6710612,2014,2016-06-14,9140,2014-10-27,1610,019275,,1,2,9,1800,0,1,3,,2,032,"RT 44","COUNTY ROAD A21",5280.00,E,N,A,-,Y,LAS,2,44,-,-,20.240,H,-,E,Y,4,0,1,1,A,-,08,22107,,N,F,A,A,A,H,-,A,D,0,,,,Y,Y,,F,27,0,0,1,0,0,0,0,0,0,"- ","- ",,,LASSEN,UNINCORPORATED,-121.02577882999999,40.522647739999996
6710632,2014,2016-06-14,9140,2014-10-14,1730,014568,,2,2,9,1800,0,1,2,,2,013,"US 395","DIANE DR",3168.00,S,N,B,F,Y,LAS,2,395,-,-,59.460,H,-,S,Y,3,0,3,3,A,-,03,22350,,N,C,C,A,A,H,-,A,A,0,,,,,Y,,D,22,0,1,2,0,0,0,0,0,0,"- ","- ",,,LASSEN,UNINCORPORATED,-120.57090341999999,40.366293689999999
6710640,2014,2016-06-14,9140,2014-10-15,1657,018094,,3,2,9,1800,0,1,2,,2,013,"RT 395","SEARS RD",0.00,,Y,B,-,Y,LAS,2,395,-,-,853.100,I,5,N,Y,4,0,1,2,A,-,09,21802,A,N,D,C,A,A,H,-,A,D,0,,,,,Y,,D,22,0,0,1,0,0,0,0,0,0,"- ","- ",,,LASSEN,UNINCORPORATED,-120.50861995,40.294409950000002
6710727,2014,2016-06-14,9140,2014-10-21,0300,015598,,2,3,9,1800,0,1,3,,2,041,"RT 36","RT 147",2012.00,W,N,A,-,Y,LAS,2,36,-,-,0.398,H,-,E,Y,3,0,1,1,A,-,08,22107,,N,E,I,A,B,H,-,D,D,0,,,,,Y,,A,01,0,1,0,0,0,0,0,0,0,"- ","- ",,,LASSEN,UNINCORPORATED,-121.05405021999999,40.313557809999999
6712476,2014,2016-06-14,9140,2014-11-11,1610,14430,,2,2,9,1800,0,1,2,,2,015,"RT 395","S CONSTANTIA RD",3168.00,S,N,A,-,Y,LAS,2,395,-,R,16.780,H,-,N,Y,4,0,1,1,A,-,08,22107,,N,F,A,A,A,H,-,A,D,0,,,,,Y,,A,01,0,0,1,0,0,0,0,0,0,"- ","- ",39.944049999999997,-120.0248,LASSEN,UNINCORPORATED,-120.02458373,39.943685670000001
6712744,2014,2016-06-14,9140,2014-11-11,0820,016279,,2,1,9,1800,0,1,3,,2,011,"RT 36","FREDONYER SUMMIT",4224.00,W,N,A,-,Y,LAS,2,36,-,-,11.520,H,-,E,Y,4,0,1,1,A,-,03,22350,,N,E,J,A,C,H,-,A,D,0,,,,Y,Y,,F,24,0,0,1,0,0,0,0,0,0,"- ","- ",,,LASSEN,UNINCORPORATED,-120.87132583,40.356292279999998
6712760,2014,2014-12-30,9140,2014-10-29,2500,020458,,3,4,9,1800,0,3,5,,2,030,"EAGLE LAKE RD","SPAULDING RD",0.00,,Y,A,-,N,,,,,,,,,,Y,3,0,1,1,A,-,05,21650,,N,E,I,A,A,H,-,D,A,0,,,,,Y,,D,22,0,1,0,0,0,0,0,0,0,"- ","- ",,,LASSEN,UNINCORPORATED,-120.797838,40.684427999999997
6716348,2014,2015-01-06,9140,2014-10-28,2120,18094,,2,2,9,1800,0,3,5,,2,010,"WINGFIELD RD","ELYSIAN VALLEY RD",3960.00,N,N,B,-,N,,,,,,,,,,Y,3,0,1,1,A,-,01,23152,A,N,E,I,A,A,H,-,D,D,0,,,,,Y,Y,A,01,0,1,0,0,0,0,0,0,0,"- ","- ",,,LASSEN,UNINCORPORATED,-120.56849368,40.334250339999997
6717244,2014,2016-06-14,9140,2014-11-08,2053,20458,,6,2,9,1800,0,1,3,,2,031,"RT 139","EAGLE LAKE RD",21120.00,S,N,A,-,Y,LAS,2,139,-,-,26.830,H,-,N,Y,4,0,1,1,A,-,08,22107,,N,F,A,A,A,H,-,D,D,0,,,,,Y,,A,01,0,0,1,0,0,0,0,0,0,"- ","- ",,,LASSEN,UNINCORPORATED,-120.67034001,40.695557489999999
6717248,2014,2016-06-14,9140,2014-11-06,1015,16002,,4,1,9,1800,0,1,2,,2,021,"RT 395","BYERS PASS RD",3696.00,S,N,A,-,Y,LAS,2,395,-,-,65.960,H,-,S,Y,3,0,1,1,A,-,08,22107,,N,F,A,A,A,H,-,A,D,0,,,,,Y,,A,01,0,1,0,0,0,0,0,0,0,"- ","- ",,,LASSEN,UNINCORPORATED,-120.49934036000001,40.376641849999999
6717252,2014,2015-01-12,9140,2014-11-12,0230,19493,,3,3,9,1800,0,3,5,,2,030,"COUNTY ROAD A 1","ALTA DR",10560.00,N,N,A,-,N,,,,,,,,,,Y,3,0,1,1,A,-,01,23152,A,N,E,I,A,A,H,-,D,D,0,,,,,Y,Y,A,07,0,1,0,0,0,0,0,0,0,"- ","- ",40.456919999999997,-120.7611,LASSEN,UNINCORPORATED,-120.76114744,40.45696306
6718194,2014,2015-03-17,9135,2014-12-04,0806,12142,,4,1,9,1800,0,1,3,,2,651,"RT 299","BIEBER LOOKOUT RD",33950.00,E,N,B,-,Y,LAS,2,299,-,-,21.360,H,-,W,Y,1,1,0,1,A,-,08,22107,,N,F,A,A,C,H,-,B,D,0,,,,,Y,,D,22,0,0,0,0,0,0,0,0,0,"- ","- ",,,LASSEN,UNINCORPORATED,-121.02161753,41.154781489999998
6718394,2015,2016-01-12,9170,2015-01-27,1150,16057,,2,1,9,1800,0,1,2,,1,001,"RT 395","COUNTRY ROAD 513",19008.00,S,N,B,-,Y,LAS,2,395,-,R,111.610,H,-,S,Y,1,1,2,1,A,-,05,21650,,N,F,A,A,A,H,-,A,D,0,,,,,Y,,A,01,1,1,0,0,0,0,0,0,0,"- ","- ",,,LASSEN,UNINCORPORATED,-120.40857975999999,40.828145139999997
6718436,2014,2014-12-08,9140,2014-08-01,1308,11755,,5,1,9,1800,0,3,5,,2,010,"LAVER XING","RT 395",3696.00,E,N,A,-,N,,,,,,,,,,Y,1,1,0,1,A,-,01,23152,F,N,F,A,A,-,A,H,A,D,0,,,,,Y,Y,D,22,0,0,0,0,0,0,0,0,0,"- ","- ",,,LASSEN,UNINCORPORATED,-120.12019067999999,40.062001760000001
6729442,2014,2016-06-14,1801,2014-10-31,1930,830,,5,5,3,1801,0,0,0,,0,,"PARK ST","RT 36",0.00,,Y,B,-,Y,LAS,2,36,-,-,25.278,I,6,W,N,4,0,1,2,A,-,21,22106,,N,G,B,E,B,G,-,C,D,0,Y,,,,Y,,-,,0,0,1,0,1,0,0,0,0,"- ","- ",,,LASSEN,SUSANVILLE,-120.65030899,40.415823009999997
6737614,2014,2016-06-14,1801,2014-11-20,1115,833,1801,4,5,3,1801,0,0,0,,0,,"RT 36","GRAND AV",0.00,,Y,B,C,Y,LAS,2,36,-,-,25.160,I,5,E,Y,4,0,1,2,A,-,09,21801,A,N,D,C,A,B,H,-,A,A,0,,,,,Y,,-,,0,0,1,0,0,0,0,0,0,"- ","- ",,,LASSEN,SUSANVILLE,-120.65237225,40.4163006
6738665,2014,2016-06-15,1801,2014-12-05,0745,833,1801,5,5,3,1801,0,0,0,,0,,"RT 36","ALEXANDER AV",0.00,,Y,B,C,Y,LAS,2,36,-,-,25.230,H,-,E,Y,4,0,1,3,A,-,03,22350,,N,C,C,A,B,H,-,A,A,0,,,,,Y,,-,,0,0,1,0,0,0,0,0,0,"- ","- ",,,LASSEN,SUSANVILLE,-120.65114828999999,40.416018749999999
6752186,2014,2016-06-14,9165,2014-12-24,1925,017447,,3,2,9,1800,0,1,3,,2,071,"RT 395","COUNTRY LN",2112.00,N,N,B,-,Y,LAS,2,395,-,R,2.580,H,-,S,Y,3,0,1,1,A,-,03,22350,,N,F,A,A,C,H,-,D,D,0,,,,,Y,,D,22,0,1,0,0,0,0,0,0,0,"- ","- ",,,LASSEN,UNINCORPORATED,-120.03971144,39.745629919999999
6753626,2014,2016-06-14,9140,2014-11-28,2250,19680,,5,3,9,1800,0,1,3,,2,032,"RT 44","HOG FLATG RESERVOIR",6336.00,W,N,D,-,Y,LAS,2,44,-,-,28.068,H,-,E,Y,3,0,2,2,A,-,03,22350,,N,A,C,A,C,H,-,D,A,0,,,,,Y,,D,22,0,2,0,0,0,0,0,0,0,"- ","- ",40.654890000000002,-121.20144000000001,LASSEN,UNINCORPORATED,-120.9115967,40.450998060000003
6753650,2014,2016-06-14,9140,2014-12-23,1105,16279,,2,1,9,1800,0,1,2,,2,013,"RT 395","SEARS RD",0.00,,Y,A,-,Y,LAS,2,395,-,-,53.100,I,5,N,Y,2,0,2,2,A,-,09,21802,A,N,D,C,A,A,H,-,A,D,0,,,,,Y,,A,01,1,0,1,0,0,0,0,0,0,"- ","- ",,,LASSEN,UNINCORPORATED,-120.50854424000001,40.294440299999998
6753666,2014,2015-01-28,9140,2014-11-19,1445,020458,,3,2,9,1800,0,3,5,,2,030,"COUNTY ROAD A-21","SILVER LAKE RD",528.00,N,N,D,-,N,,,,,,,,,,Y,4,0,1,1,A,-,03,22350,,N,F,A,A,C,H,-,A,D,0,,,,,Y,,D,22,0,0,1,0,0,0,0,0,0,"- ","- ",,,LASSEN,UNINCORPORATED,-121.07516080000001,40.491611589999998
6760214,2014,2016-06-14,9165,2014-12-11,1411,013901,,4,2,9,1800,0,1,3,,2,060,"RT 395","RT 70",1056.00,S,N,B,-,Y,LAS,2,395,-,R,4.471,R,2,S,Y,3,0,1,1,A,-,01,23152,A,N,E,I,A,A,H,-,A,D,0,,,,,Y,Y,A,07,0,1,0,0,0,0,0,0,0,"- ","- ",,,LASSEN,UNINCORPORATED,-120.03902544,39.773001970000003
6764185,2014,2015-02-02,1801,2014-12-12,1315,833,1801,5,5,3,1801,0,0,0,,0,,"ALEXANDER AV","SUNKIST DR",0.00,,Y,B,-,N,,,,,,,,,,N,3,0,1,2,A,-,10,21950,A,F,D,B,B,A,H,-,A,D,0,Y,,,,Y,,-,,0,1,0,0,1,0,0,0,0,"- ","- ",,,LASSEN,SUSANVILLE,-120.65400996,40.41126989
6768156,2014,2016-06-14,1801,2014-11-27,1930,835,,4,5,3,1801,0,0,0,,0,,"RT 139","SPRING RIDGE DR",0.00,N,N,A,-,Y,LAS,2,139,-,-,2.260,H,-,N,Y,4,0,1,1,A,-,03,22350,,N,F,I,A,A,G,-,D,D,0,,,,,Y,,-,,0,0,1,0,0,0,0,0,0,"- ","- ",,,LASSEN,SUSANVILLE,-120.62730358,40.443432229999999
6775680,2014,2016-06-14,9140,2014-12-11,1140,019877,,4,1,9,1800,0,1,3,,2,034,"RT 44","PITTVILLE RD",4752.00,W,N,D,-,Y,LAS,2,44,-,-,7.830,H,-,E,Y,4,0,1,1,A,-,03,22350,,N,F,A,A,C,H,-,A,A,0,,,,,Y,,A,01,0,0,1,0,0,0,0,0,0,"- ","- ",40.651649999999997,-121.1027,LASSEN,UNINCORPORATED,-121.18365590000001,40.651752440000003
6776878,2015,2016-04-13,1801,2015-01-12,1630,831,CITY,1,5,3,1801,0,0,0,,0,,"RIVERSIDE DR","RT 36",300.00,E,N,A,-,N,,,,,,,,,,N,3,0,1,2,A,-,10,21954,B,N,G,B,D,A,H,-,A,D,0,Y,,,,Y,,D,22,0,1,0,0,1,0,0,0,0,"- ","- ",,,LASSEN,SUSANVILLE,-120.63177109,40.406057959999998
6776973,2014,2016-06-14,9140,2014-12-02,1507,017976,,2,2,9,1800,0,1,3,,2,034,"RT 44","BOGARD REST AREA",15840.00,E,N,B,D,Y,LAS,2,44,-,-,17.620,H,-,E,Y,4,0,2,1,A,-,03,22350,,N,F,A,A,C,H,-,A,D,0,,,,,Y,,A,01,0,0,2,0,0,0,0,0,0,"- ","- ",,,LASSEN,UNINCORPORATED,-121.05514854,40.553901760000002
6776974,2014,2015-02-17,9140,2014-12-20,1415,013571,,6,2,9,1800,0,3,5,,2,010,"WENDEL RD","VIEWLAND RD",7920.00,E,N,B,-,N,,,,,,,,,,Y,3,0,2,1,A,-,08,22107,,N,F,A,A,A,H,-,A,D,0,,,,,Y,,A,01,0,1,1,0,0,0,0,0,0,"- ","- ",,,LASSEN,UNINCORPORATED,-120.23860174000001,40.366216700000003
6777068,2014,2016-06-14,9140,2014-11-19,2300,019680,,3,3,9,1800,0,1,3,,2,034,"RT 44","PITTVILLE RD",8976.00,E,N,B,-,Y,LAS,2,44,-,-,6.880,H,-,E,Y,4,0,1,1,A,-,03,22350,,N,E,I,A,B,H,-,D,D,0,,,,,Y,,A,08,0,0,1,0,0,0,0,0,0,"- ","- ",40.654519999999998,-121.20153000000001,LASSEN,UNINCORPORATED,-121.20116609999999,40.654526310000001
6781050,2014,2016-06-14,9140,2014-12-30,1508,17976,,2,2,9,1800,0,1,2,,2,015,"RT 395","HALL RD",3168.00,S,N,B,-,Y,LAS,2,395,-,R,21.330,H,-,N,N,4,0,2,2,A,-,03,22350,,N,E,I,A,C,H,-,A,D,0,,,,,Y,,D,22,0,0,2,0,0,0,0,0,0,"- ","- ",,,LASSEN,UNINCORPORATED,-120.07837960000001,39.99446485
6781803,2015,2016-09-07,9135,2015-01-09,1930,12421,,5,2,9,1800,0,1,3,,2,652,"RT 139","SUSANVILLE RD",59136.00,S,N,A,-,Y,LAS,2,139,-,-,50.210,H,-,N,N,4,0,1,1,A,-,08,22107,,N,E,I,A,A,H,-,D,D,0,,,,,Y,,A,07,0,0,1,0,0,0,0,0,0,"- ","- ",,,LASSEN,UNINCORPORATED,-120.80321083,40.991065659999997
6793287,2014,2016-06-14,9135,2014-12-29,2140,013145,,1,2,9,1800,0,1,3,,2,652,"RT 139","ROAD A2",54384.00,S,N,B,-,Y,LAS,2,139,-,-,51.120,H,-,N,Y,4,0,1,1,A,-,03,22350,,N,E,I,A,C,G,-,D,D,0,,,,,Y,,A,01,0,0,1,0,0,0,0,0,0,"- ","- ",,,LASSEN,UNINCORPORATED,-120.81167123,41.002471149999998
6804751,2015,2016-09-07,1801,2015-01-22,1750,830,1801,4,5,3,1801,0,0,0,,0,000,"RT 36","PARK ST",34.00,E,N,A,-,Y,LAS,2,36,-,-,25.290,H,-,E,N,3,0,1,2,A,-,09,21804,,N,D,C,A,A,H,-,A,A,0,,,,,Y,,-,,0,1,0,0,0,0,0,0,0,"- ","- ",,,LASSEN,SUSANVILLE,-120.6500999,40.41577401
6817698,2015,2016-09-07,1801,2015-02-11,1836,837,,3,5,3,1801,0,0,0,,0,,"RT 36","ALEXANDER AV",0.00,,Y,A,-,Y,LAS,2,36,-,-,25.240,I,5,E,N,3,0,2,3,A,-,11,21456,B,N,G,B,B,A,G,-,C,A,0,Y,,,,Y,,N,60,0,1,1,0,2,0,0,0,0,"- ","- ",,,LASSEN,SUSANVILLE,-120.65097308999999,40.415978289999998
6817708,2015,2015-03-09,1801,2015-02-05,1656,835,,4,5,3,1801,0,0,0,,0,,"RICHMOND RD","RIVERSIDE DR",0.00,,Y,A,-,N,,,,,,,,,,N,3,0,1,2,A,-,05,21650,1,N,H,G,A,A,H,-,A,-,0,,Y,,,Y,Y,L,04,0,1,0,0,0,0,1,0,0,"- ","- ",,,LASSEN,SUSANVILLE,-120.65970999,40.41533991
6827862,2015,2016-04-13,9140,2015-02-06,1220,011755,,5,1,9,1800,0,3,5,,2,010,"A 26","RT 395",7392.00,E,N,F,G,N,,,,,,,,,,Y,4,0,1,3,A,-,03,22350,,N,C,C,A,A,B,-,A,D,0,,,,,Y,,D,22,0,0,1,0,0,0,0,0,0,"- ","- ",,,LASSEN,UNINCORPORATED,,
6827917,2015,2016-09-07,9140,2015-02-06,0555,019931,,5,3,9,1800,0,1,2,,2,014,"RT 395","HERLONG ACCESS RD",7920.00,N,N,B,G,Y,LAS,2,395,-,-,35.980,H,-,N,N,4,0,1,1,C,-,18,,,N,F,A,A,A,H,-,D,D,0,,,,,Y,,-,"- ",0,0,1,0,0,0,0,0,0,"- ","- ",40.137270000000001,-120.27027,LASSEN,UNINCORPORATED,-120.26952199999999,40.136832830000003
6833481,2015,2016-04-13,1801,2015-02-24,0220,834,,2,5,3,1801,0,0,0,,0,,"SKYLINE EXT","RT 139",1584.00,E,N,A,-,N,,,,,,,,,,Y,2,0,1,1,A,-,08,22107,,N,A,I,A,A,H,-,D,D,0,,,,,Y,,-,,1,0,0,0,0,0,0,0,0,"- ","- ",,,LASSEN,SUSANVILLE,-120.63838,40.429600000000001
6833482,2015,2016-09-07,1801,2015-02-04,1520,838,LASSE,3,5,3,1801,0,0,0,,0,,"RT 139","SKYLINE DR",0.00,,Y,A,G,Y,LAS,2,139,-,-,1.150,H,-,S,Y,3,0,3,2,A,-,12,21453,A,N,D,C,A,A,H,-,A,A,0,,,,,Y,,D,22,0,3,0,0,0,0,0,0,0,"- ","- ",,,LASSEN,SUSANVILLE,-120.63840628,40.429514140000002
6843739,2015,2016-09-07,9140,2015-02-06,0430,14568,,5,3,9,1800,0,1,3,,2,034,"RT 44","USFS RD 10",792.00,W,N,B,G,Y,LAS,2,44,-,-,14.490,H,-,W,Y,3,0,1,1,A,-,03,22350,,N,E,J,A,A,C,-,C,D,0,,,,,Y,,A,07,0,1,0,0,0,0,0,0,0,"- ","- ",40.585560000000001,-121.08832,LASSEN,UNINCORPORATED,-121.09188338,40.589715660000003
6843743,2015,2016-09-07,9140,2015-02-13,2000,19275,,5,2,9,1800,0,1,3,,2,031,"RT 139","SPRING RIDGE RD",13200.00,N,N,A,-,Y,LAS,2,139,-,-,4.400,H,-,S,Y,3,0,1,1,A,-,08,22107,,N,F,A,A,A,H,-,D,D,0,,,,,Y,,A,07,0,1,0,0,0,0,0,0,0,"- ","- ",,,LASSEN,UNINCORPORATED,-120.60860546000001,40.466294980000001
6846206,2015,2016-09-07,9140,2015-01-10,0110,019275,,6,3,9,1800,0,1,3,,2,012,"RT 36","RT 395",1584.00,W,N,B,-,Y,LAS,2,36,-,R,29.100,H,-,E,Y,3,0,1,1,A,-,08,22107,,N,F,A,A,A,H,-,D,D,0,,,,,Y,,A,01,0,1,0,0,0,0,0,0,0,"- ","- ",,,LASSEN,UNINCORPORATED,-120.59654784999999,40.382547340000002
6853001,2015,2016-09-07,1801,2015-03-11,1350,836,,3,5,3,1801,0,0,0,,0,,"MAIN ST","LASSEN ST",0.00,,Y,A,-,Y,LAS,2,36,-,-,24.650,I,5,W,Y,3,0,1,2,A,-,09,21804,,N,B,C,A,A,H,-,A,A,0,,,,,Y,,-,,0,1,0,0,0,0,0,0,0,"- ","- ",40.409999999999997,-120.66,LASSEN,SUSANVILLE,-120.66126411,40.418471709999999
6853002,2015,2016-09-07,1801,2015-03-06,1906,833,LASSE,5,5,3,1801,0,0,0,,0,,"RT 139","CHESTNUT ST",0.00,,Y,A,-,Y,LAS,2,139,-,-,0.612,I,5,N,N,2,0,1,1,D,-,00,,,N,-,A,A,A,H,-,C,D,0,,,,,Y,,-,"- ",1,0,0,0,0,0,0,0,0,"- ","- ",,,LASSEN,SUSANVILLE,-120.64495097,40.42384431
6854282,2014,2015-04-24,9140,2014-07-05,0642,16169,,6,1,9,1800,0,1,2,,2,021,"RT 395","SECRET VALLEY REST AREA",2112.00,S,N,A,-,Y,LAS,2,395,-,-,96.100,H,-,S,Y,1,1,5,1,C,-,18,,,N,E,I,A,A,H,-,A,D,0,,,,,Y,,-,"- ",0,4,1,0,0,0,0,0,0,"- ","- ",40.645650000000003,-120.25882,LASSEN,UNINCORPORATED,-120.25312618,40.636949029999997
6858039,2015,2016-09-07,9165,2015-03-14,0625,012886,,6,1,9,1800,0,1,3,,2,062,"RT 395","RT 70",6336.00,S,N,A,-,Y,LAS,2,395,-,R,3.420,H,-,S,Y,2,0,1,1,A,-,08,22107,,N,E,I,A,A,H,-,D,D,0,,,,,Y,,D,22,1,0,0,0,0,0,0,0,0,"- ","- ",39.757390000000001,-120.03948,LASSEN,UNINCORPORATED,-120.03942775,39.7577876
6867361,2015,2016-09-07,1801,2015-03-29,1400,STAFFORD,LASSE,7,5,3,1801,0,0,0,,0,,"RT 36","RUSSELL AV",0.00,,Y,A,-,Y,LAS,2,36,-,-,26.050,I,5,W,Y,4,0,1,2,A,-,09,21802,A,N,D,C,A,A,H,-,A,-,0,,,,,Y,,A,01,0,0,1,0,0,0,0,0,0,"- ","- ",,,LASSEN,SUSANVILLE,-120.63740497000001,40.411425739999999
6892557,2015,2016-09-07,1801,2015-03-25,1500,,LASSE,3,5,3,1801,0,0,0,,0,,"RT 36","RT 139",0.00,,Y,A,-,Y,LAS,2,36,-,-,25.356,I,5,E,Y,3,0,1,2,A,-,09,21801,A,N,D,C,A,A,H,-,A,A,0,,,,,Y,,A,01,0,1,0,0,0,0,0,0,0,"- ","- ",,,LASSEN,SUSANVILLE,-120.64894708,40.415499089999997
6894761,2015,2015-05-13,1801,2015-04-05,1130,832,LASSE,7,5,3,1801,0,0,0,,0,,"2ND ST","N MESA ST",0.00,W,N,B,-,N,,,,,,,,,,Y,3,0,1,1,A,-,01,23152,A,N,E,I,A,A,H,-,A,D,0,,,,,Y,Y,D,22,0,1,0,0,0,0,0,0,0,"- ","- ",,,LASSEN,SUSANVILLE,-120.63998999,40.415269889999998
6895726,2015,2016-11-02,9135,2015-04-08,1500,018026,,3,2,9,1800,0,1,3,,2,651,"RT 299","CENTER SCHOOL HOUSE RD",0.00,,Y,A,-,Y,LAS,2,299,-,-,21.810,H,-,E,Y,2,0,1,1,A,-,08,22107,,N,F,A,A,A,H,-,A,D,0,,,,,Y,,A,01,1,0,0,0,0,0,0,0,0,"- ","- ",,,LASSEN,UNINCORPORATED,-121.0140428,41.15791763
6898540,2015,2016-09-07,9140,2015-03-27,1439,16169,,5,2,9,1800,0,1,3,,2,011,"RT 36","ROXIE PECONOM CAMPGROUND RD",8976.00,W,N,A,-,Y,LAS,2,36,-,-,13.880,H,-,E,Y,3,0,1,2,A,-,05,21460,A,N,A,C,A,A,H,-,A,D,0,,,,,Y,,D,22,0,1,0,0,0,0,0,0,0,"- ","- ",,,LASSEN,UNINCORPORATED,-120.83553198,40.368334949999998
6898541,2015,2015-05-11,9140,2015-03-05,1855,13571,,4,2,9,1800,0,3,5,,2,020,"JOHNSTONVILLE RD","BIG SKY BL",161.00,W,N,A,-,N,,,,,,,,,,Y,4,0,2,2,A,-,09,21801,A,N,D,C,A,A,H,-,D,D,0,,,,,Y,,D,22,0,0,2,0,0,0,0,0,0,"- ","- ",,,LASSEN,UNINCORPORATED,-120.6133098,40.398769960000003
6900167,2015,2016-09-07,9140,2015-02-27,2300,018094,,5,3,9,1800,0,1,3,,2,012,"RT 36","LASSEN CREEK",2640.00,W,N,C,-,Y,LAS,2,36,-,R,28.440,H,-,E,Y,3,0,1,2,A,-,01,23152,A,N,C,C,A,B,H,-,D,D,0,,,,,Y,Y,A,01,0,1,0,0,0,0,0,0,0,"- ","- ",,,LASSEN,UNINCORPORATED,-120.60688565,40.386978300000003
6906098,2015,2016-11-04,9140,2015-04-19,1234,16732,,7,1,9,1800,0,1,3,,2,041,"RT 36","GOODRICH CREEK",528.00,E,N,A,-,Y,LAS,2,36,-,-,7.380,H,-,E,Y,4,0,1,1,A,-,08,22107,,N,F,A,A,A,H,-,A,D,0,,,,,Y,,A,01,0,0,1,0,0,0,0,0,0,"- ","- ",,,LASSEN,UNINCORPORATED,-120.93212459999999,40.32885589
6906099,2015,2016-11-04,9140,2015-04-18,1016,14568,,6,1,9,1800,0,1,3,,2,011,"RT 36","FREDONYER SNOWMOBILE PARK",1320.00,W,N,A,-,Y,LAS,2,36,-,-,11.130,H,-,E,Y,3,0,1,1,A,-,03,22350,,N,F,A,A,A,H,-,A,A,0,,,Y,,Y,,C,02,0,1,0,0,0,0,0,0,1,"- ","- ",40.352379999999997,-120.87672999999999,LASSEN,UNINCORPORATED,-120.87690449,40.352454719999997
6906100,2015,2016-11-03,9140,2015-04-14,0630,16279,,2,1,9,1800,0,1,3,,2,031,"RT 139","COUNTY ROAD A-1",0.00,,Y,B,D,Y,LAS,2,139,-,-,30.825,I,5,N,Y,4,0,1,1,A,-,03,22350,,N,E,I,A,C,H,-,B,D,0,,,,,Y,,A,01,0,0,1,0,0,0,0,0,0,"- ","- ",,,LASSEN,UNINCORPORATED,-120.70999083,40.739060680000001
6906101,2015,2016-11-04,9140,2015-04-09,2010,14430,,4,2,9,1800,0,1,2,,2,013,"RT 395","HONEY VIEW LN",528.00,N,N,A,-,Y,LAS,2,395,-,-,48.600,H,-,N,Y,4,0,1,1,A,-,03,22350,,N,H,H,A,A,H,-,D,D,0,,,,,Y,,A,01,0,0,1,0,0,0,0,0,0,"- ","- ",40.142949999999999,-120.27446999999999,LASSEN,UNINCORPORATED,-120.45402823000001,40.242114440000002
6906177,2015,2016-11-04,9165,2015-04-22,0716,19282,,3,1,9,1800,0,1,3,,2,063,"RT 395","RED ROCK RD",3696.00,S,N,A,-,Y,LAS,2,395,-,-,13.640,H,-,N,Y,4,0,3,1,C,-,18,,,N,H,H,A,A,H,-,B,D,0,,,,,Y,,-,"- ",0,0,3,0,0,0,0,0,0,"- ","- ",39.890889999999999,-120.01858,LASSEN,UNINCORPORATED,-120.01451547000001,39.900270689999999
6910605,2015,2015-05-20,9140,2015-03-25,2003,013571,,3,2,9,1800,0,3,5,,2,010,"SEARS RD","SHAFFER LN",1056.00,E,N,A,-,N,,,,,,,,,,Y,4,0,1,1,A,-,08,22107,,N,E,I,A,A,H,-,D,D,0,,,,,Y,,A,01,0,0,1,0,0,0,0,0,0,"- ","- ",,,LASSEN,UNINCORPORATED,-120.50161909000001,40.299813890000003
6910606,2015,2015-05-20,9140,2015-03-20,0930,016322,,5,1,9,1800,0,3,5,,2,010,"MILFORD GRADE RD","HAMLIN DR",3696.00,S,N,B,-,N,,,,,,,,,,Y,4,0,1,1,A,-,08,22107,,N,E,I,A,A,H,-,A,D,0,,,,,Y,,A,07,0,0,1,0,0,0,0,0,0,"- ","- ",40.160550000000001,-120.35807,LASSEN,UNINCORPORATED,-120.35904796,40.161240739999997
6910607,2015,2016-09-07,9140,2015-03-30,1740,020047,,1,2,9,1800,0,1,3,,2,032,"RT 44","RT 36",16896.00,W,N,B,-,Y,LAS,2,44,-,-,33.940,H,-,E,Y,3,0,1,1,A,-,08,22107,,N,F,A,A,A,H,-,A,D,0,,,,,Y,,A,07,0,1,0,0,0,0,0,0,0,"- ","- ",,,LASSEN,UNINCORPORATED,-120.80991118,40.426025099999997
6917447,2015,2015-09-11,9140,2015-03-03,1435,014898,,2,2,9,1800,0,3,5,,2,020,"EAGLE LAKE RD","FOREST DR",5280.00,S,N,A,-,N,,,,,,,,,,Y,3,0,1,1,A,-,03,22350,,N,F,A,A,A,H,-,A,D,0,,,,,Y,,A,01,0,1,0,0,0,0,0,0,0,"- ","- ",40.427199999999999,-120.72702,LASSEN,UNINCORPORATED,-120.72706549999999,40.427190299999999
6921531,2015,2016-11-04,1801,2015-05-02,1438,836,,6,5,3,1801,0,0,0,,0,,"MAIN ST","JOHNSTONVILLE RD",0.00,,Y,A,-,Y,LAS,2,36,-,R,26.220,I,5,W,N,3,0,1,2,A,-,10,21950,A,N,G,B,B,A,H,-,A,A,0,Y,,,,Y,,-,,0,1,0,0,1,0,0,0,0,"- ","- ",,,LASSEN,SUSANVILLE,-120.63501685999999,40.40954223
6925921,2015,2016-11-04,1801,2015-05-05,1230,840,1810,2,5,3,1801,0,0,0,,0,069,"PACIFIC DR","RT 36",0.00,,Y,F,-,Y,LAS,2,36,-,-,25.045,I,6,E,,4,0,1,2,A,-,"- ",,,N,C,C,A,-,-,-,A,D,0,,,,,Y,,-,,0,0,1,0,0,0,0,0,0,"- ","- ",,,LASSEN,SUSANVILLE,-120.65438018,40.416778069999999
6926895,2015,2016-11-04,1801,2015-05-14,2000,832,LASSE,4,5,3,1801,0,0,0,,0,,"RT 36","FAIRFIELD AV",0.00,,-,B,-,Y,LAS,2,36,-,-,25.730,H,-,E,Y,3,0,1,2,A,-,07,21658,A,N,B,E,A,A,H,-,B,D,0,,,,,Y,Y,D,22,0,1,0,0,0,0,0,0,0,"- ","- ",,,LASSEN,SUSANVILLE,-120.64243500000001,40.413936749999998
6938646,2015,2016-11-04,1801,2015-05-08,1710,836,,5,5,3,1801,0,0,0,,0,,"RT 36","MCDOW ST",0.00,,Y,A,-,Y,LAS,2,36,-,-,25.510,I,5,E,Y,4,0,2,2,A,-,09,21802,A,N,D,C,A,A,H,-,A,A,0,,,,,Y,,A,,0,0,2,0,0,0,0,0,0,"- ","- ",,,LASSEN,SUSANVILLE,-120.64626852000001,40.41484346
6945891,2015,2015-06-22,9140,2015-04-24,1515,014430,,5,2,9,1800,0,3,5,,2,010,"COUNTY RD A1","GALLATIN RD",352.00,S,N,B,-,N,,,,,,,,,,Y,4,0,1,1,A,-,08,22107,,N,E,I,A,A,H,-,A,D,0,,,,,Y,,D,22,0,0,1,0,0,0,0,0,0,"- ","- ",40.542729999999999,-120.79609000000001,LASSEN,UNINCORPORATED,-120.79570789,40.543284249999999
6945895,2015,2015-07-15,9140,2015-04-29,0835,014898,,3,1,9,1800,0,3,5,,2,020,"CENTER RD","JOHNSTONVILLE RD",1056.00,E,N,A,-,N,,,,,,,,,,Y,3,0,1,3,A,-,08,22107,,N,B,C,A,A,H,-,A,D,0,,,,Y,Y,,A,01,0,1,0,0,0,0,0,0,0,"- ","- ",40.393470000000001,-120.58878,LASSEN,UNINCORPORATED,-120.58878566999999,40.393485750000004
6945911,2015,2016-11-02,9140,2015-05-20,1840,019275,,3,2,9,1800,0,1,3,,2,032,"RT 44","MC COY RD",8448.00,W,N,B,-,Y,LAS,2,44,-,-,25.340,H,-,E,Y,4,0,1,1,A,-,08,22107,,N,E,I,A,A,H,-,A,D,0,,,,,Y,,D,22,0,0,1,0,0,0,0,0,0,"- ","- ",,,LASSEN,UNINCORPORATED,-120.9498658,40.478286320000002
6945919,2015,2016-11-04,9140,2015-05-16,0931,20458,,6,1,9,1800,0,1,3,,2,031,"RT 139","RICE CANYON RD",2640.00,N,N,A,-,Y,LAS,2,139,-,-,9.610,H,-,S,Y,2,0,2,1,A,-,05,21650,,N,E,I,A,A,H,-,A,D,0,,,,,Y,,D,22,2,0,0,0,0,0,0,0,0,"- ","- ",,,LASSEN,UNINCORPORATED,-120.54778297999999,40.484923909999999
6945950,2015,2015-06-26,9140,2015-05-24,0835,018283,,7,1,9,1800,0,3,5,,2,020,"CENTER RD","LEAVITT LN",11616.00,E,N,B,-,N,,,,,,,,,,Y,3,0,1,1,A,-,08,22107,,N,F,A,A,A,H,-,A,D,0,,,,,Y,,A,01,0,1,0,0,0,0,0,0,0,"- ","- ",40.400469999999999,-120.47933,LASSEN,UNINCORPORATED,-120.48073651,40.400083809999998
6945958,2015,2015-06-26,9140,2015-05-29,2500,019275,,5,4,9,1800,0,3,5,,2,010,"COUNTY ROAD A 25","HONEY LAKE DR",3696.00,W,N,A,-,N,,,,,,,,,,Y,3,0,1,1,A,-,08,22107,,N,F,A,A,A,H,-,D,D,0,,,,,Y,,A,01,0,1,0,0,0,0,0,0,0,"- ","- ",,,LASSEN,UNINCORPORATED,-120.20304143,40.138509939999999
6945974,2015,2016-11-04,9140,2015-05-05,2120,017976,,2,2,9,1800,0,1,3,,2,031,"RT 139","ANTELOPE SUMMIT",2112.00,S,N,A,-,Y,LAS,2,139,-,-,6.930,H,-,S,Y,4,0,1,1,A,-,08,22107,,N,E,I,A,A,H,-,D,D,0,,,,,Y,,A,01,0,0,1,0,0,0,0,0,0,"- ","- ",,,LASSEN,UNINCORPORATED,-120.5766785,40.463598509999997
6945982,2015,2016-11-04,9140,2015-05-10,1810,017976,,7,2,9,1800,0,1,2,,2,013,"RT 395","HONEY VIEW LN",100.00,N,N,A,-,Y,LAS,2,395,-,-,48.390,H,-,S,N,4,0,1,1,A,-,08,22107,,N,F,A,A,A,H,-,A,D,0,,,Y,,Y,,C,02,0,0,1,0,0,0,0,0,1,"- ","- ",,,LASSEN,UNINCORPORATED,-120.45146317,40.239571079999997
6945994,2015,2016-11-04,9140,2015-05-04,1420,018283,,1,2,9,1800,0,1,2,,2,013,"RT 395","MAIN ST",0.00,,Y,A,-,Y,LAS,2,395,-,-,55.180,I,5,S,Y,2,0,4,2,C,-,18,,,N,D,C,A,A,H,-,A,D,0,,,,,Y,,-,"- ",1,3,0,0,0,0,0,0,0,"- ","- ",40.313859999999998,-120.53819,LASSEN,UNINCORPORATED,-120.53724846,40.313151359999999
6947577,2015,2015-06-27,9170,2015-05-13,2019,20558,,3,2,9,1800,0,3,5,,1,022,"TERMO GRASSHOPPER RD","MITCHELL RD",2640.00,E,N,B,-,N,,,,,,,,,,Y,4,0,1,1,A,-,08,22107,,N,F,A,A,A,H,-,D,D,0,,,,,Y,,A,01,0,0,1,0,0,0,0,0,0,"- ","- ",40.871000000000002,-120.67180999999999,LASSEN,UNINCORPORATED,-120.67176997999999,40.871027050000002
6953926,2015,2016-11-04,9140,2015-06-13,1015,014568,,6,1,9,1800,0,1,3,,2,011,"RT 36","COUNTY RD A-1",0.00,,Y,A,-,Y,LAS,2,36,-,-,22.062,I,5,E,Y,4,0,1,2,A,-,08,22101,D,N,B,C,A,A,H,-,A,D,0,,,,,Y,,E,22,0,0,1,0,0,0,0,0,0,"- ","- ",,,LASSEN,UNINCORPORATED,-120.70314786,40.420094630000001
6953934,2015,2016-11-04,9140,2015-06-09,0955,016322,,2,1,9,1800,0,1,2,,2,013,"RT 395","WRAN RD",35.00,S,N,A,-,Y,LAS,2,395,-,-,44.660,H,-,N,Y,4,0,3,2,A,-,03,22350,,N,C,C,A,A,H,-,A,D,0,,,,,Y,,D,22,0,0,3,0,0,0,0,0,0,"- ","- ",40.198340000000002,-120.30739,LASSEN,UNINCORPORATED,-120.40450874,40.195860369999998
6954456,2015,2016-11-02,9140,2015-05-17,0800,014898,,7,1,9,1800,0,1,3,,2,032,"RT 44","R&R TRACKS",6494.00,E,N,B,-,Y,LAS,2,44,-,-,20.940,H,-,E,Y,3,0,1,1,A,-,08,22107,,N,E,I,A,A,H,-,A,D,0,,,,,Y,,A,01,0,1,0,0,0,0,0,0,0,"- ","- ",40.516599999999997,-121.0142,LASSEN,UNINCORPORATED,-121.01505899,40.516976030000002
6960521,2015,2016-11-04,9140,2015-04-01,1822,014430,,3,2,9,1800,0,1,2,,2,015,"RT 395","LAVER XING",3168.00,N,N,B,-,Y,LAS,2,395,-,-,27.190,H,-,S,Y,2,0,3,2,A,-,01,23152,A,N,A,C,A,A,H,-,A,D,0,,,,,Y,Y,A,01,3,0,0,0,0,0,0,0,0,"- ","- ",40.342500000000001,-120.6478,LASSEN,UNINCORPORATED,-120.13768005,40.063652980000001
6964443,2015,2016-11-04,1801,2015-06-12,2217,830,,5,5,3,1801,0,0,0,,0,,"RT 36","N MCDOW ST",0.00,,Y,A,-,Y,LAS,2,36,-,-,25.510,I,5,W,N,3,0,2,3,A,-,10,21950,,N,-,B,-,A,H,-,C,-,0,Y,,,,Y,,-,,0,2,0,0,2,0,0,0,0,"- ","- ",,,LASSEN,SUSANVILLE,-120.64626852000001,40.41484346
6966477,2015,2016-11-04,1801,2015-05-17,1430,838,,7,5,3,1801,0,0,0,,0,,"RT 36","JOHNSTONVILLE RD",50.00,,N,F,-,Y,LAS,2,36,-,R,26.210,H,-,E,N,4,0,4,2,D,-,00,,,N,C,C,A,A,H,-,A,-,0,,,,,Y,,-,"- ",0,0,4,0,0,0,0,0,0,"- ","- ",,,LASSEN,SUSANVILLE,-120.63514366,40.409664849999999
6989281,2015,2017-01-14,9165,2015-07-06,0711,019781,,1,1,9,1800,0,1,3,,2,060,"RT 70","SCOTT RD",3168.00,E,N,A,-,Y,LAS,2,70,-,-,2.350,H,-,E,Y,2,0,1,1,A,-,08,22107,,N,E,I,A,A,H,-,A,D,0,,,,,Y,,A,01,1,0,0,0,0,0,0,0,0,"- ","- ",39.782339999999998,-120.06475,LASSEN,UNINCORPORATED,-120.06581988000001,39.782550909999998
6997755,2015,2015-12-30,1801,2015-07-22,1005,831,LASSE,3,5,3,1801,0,0,0,,0,,"MAIN ST","N ROOP ST",0.00,,Y,A,-,N,,,,,,,,,,Y,4,0,1,2,A,-,01,23152,B,N,D,C,A,A,H,-,A,A,0,,,,,Y,Y,D,22,0,0,1,0,0,0,0,0,0,"- ","- ",,,LASSEN,SUSANVILLE,-120.66317988999999,40.418949929999997
7012301,2015,2017-01-14,9140,2015-07-01,1707,018094,,3,2,9,1800,0,1,2,,2,013,"RT 395","JOHNSTONVILLE DUMP RD",1584.00,N,N,A,-,Y,LAS,2,395,-,-,58.640,H,-,S,Y,3,0,2,2,A,-,03,22350,,N,C,C,A,A,H,-,A,D,0,,,,,Y,,A,08,0,1,1,0,0,0,0,0,0,"- ","- ",,,LASSEN,UNINCORPORATED,-120.56193097000001,40.355977109999998
7012305,2015,2017-01-14,9140,2015-07-01,0645,14568,,3,1,9,1800,0,1,3,,2,011,"RT 36","ROXIE PECONOM CAMPGROUND",6336.00,W,N,A,-,Y,LAS,2,36,-,-,14.280,H,-,W,Y,4,0,1,2,A,-,03,22350,,N,D,C,A,A,H,-,A,A,0,,,,,Y,,A,07,0,0,1,0,0,0,0,0,0,"- ","- ",,,LASSEN,UNINCORPORATED,-120.82908129,40.37122316
7042962,2015,2016-07-19,1801,2015-08-21,2035,823,,5,5,3,1801,0,0,0,,0,,"S WEATHERLOW ST","COTTAGE ST",0.00,,Y,A,-,N,,,,,,,,,,Y,4,0,1,2,A,-,03,22350,,N,C,C,A,A,H,-,C,D,0,,,,,Y,Y,A,01,0,0,1,0,0,0,0,0,0,"- ","- ",,,LASSEN,SUSANVILLE,-120.65841,40.416668999999999
7047553,2015,2015-09-18,1801,2015-08-27,1630,833,1801,4,5,3,1801,0,0,0,,0,,"4TH ST","HALL ST",0.00,,Y,A,-,N,,,,,,,,,,Y,4,0,2,3,A,-,12,22450,A,N,D,C,A,A,H,-,A,D,0,,,,,Y,,-,"- ",0,0,2,0,0,0,0,0,0,"- ","- ",,,LASSEN,SUSANVILLE,-120.64587989,40.418999980000002
7120250,2015,2017-02-03,1801,2015-11-12,1350,830,,4,5,3,1801,0,0,0,,0,,"RT 36","SMALL ST",29.00,W,N,A,-,Y,LAS,2,36,-,-,25.190,H,-,E,N,3,0,1,2,A,-,11,21954,,N,-,-,-,A,H,-,A,-,0,Y,,,,Y,,-,,0,1,0,0,1,0,0,0,0,"- ","- ",,,LASSEN,SUSANVILLE,-120.65184757,40.416180249999996
7122190,2015,2017-02-06,1801,2015-11-18,1700,834,,3,5,3,1801,0,0,0,,0,,"RT 36","MESA ST",0.00,,Y,A,-,Y,LAS,2,36,-,-,25.830,I,5,W,Y,3,0,1,2,A,-,09,21802,A,N,D,C,A,A,H,-,B,A,0,,,,,Y,,-,,0,1,0,0,0,0,0,0,0,"- ","- ",,,LASSEN,SUSANVILLE,-120.64069277999999,40.413522710000002
7131641,2015,2017-02-03,1801,2015-11-29,1258,830,1801,7,5,3,1801,0,0,0,,0,001,"RT 36","RIVERSIDE DR",528.00,N,N,A,-,Y,LAS,2,36,-,-,26.420,H,-,E,N,4,0,2,2,A,-,07,21658,A,N,H,C,A,A,H,-,A,A,0,,,,,Y,,-,,0,0,2,0,0,0,0,0,0,"- ","- ",,,LASSEN,SUSANVILLE,-120.63331872000001,40.406788069999998
7133235,2015,2017-02-03,1801,2015-11-30,1720,837,,1,5,3,1801,0,0,0,,0,,"RT 139","STATION-LINE 0+65",24.00,W,N,A,-,Y,LAS,2,139,-,-,1.420,I,5,N,Y,3,0,3,2,A,-,09,21804,A,N,D,C,A,A,H,-,D,A,0,,,,,Y,,-,,0,1,2,0,0,0,0,0,0,"- ","- ",,,LASSEN,SUSANVILLE,-120.63552444,40.432828809999997
7134644,2015,2017-01-14,1801,2015-12-04,1530,834,1801,5,5,3,1801,0,0,0,,0,,"RT 36",WEATHERLOW,300.00,E,N,A,-,Y,LAS,2,36,-,-,24.940,H,-,W,N,4,0,1,2,A,-,04,21703,,N,C,C,A,A,H,-,B,A,0,,,,,Y,,-,,0,0,1,0,0,0,0,0,0,"- ","- ",,,LASSEN,SUSANVILLE,-120.65620891,40.41723313
7187989,2016,2017-02-03,1801,2016-02-09,0749,835,,2,5,3,1801,0,0,0,,0,,"MAIN ST","S FAIRFIELD",0.00,,Y,A,-,Y,LAS,2,36,-,-,25.760,I,5,E,Y,3,0,1,2,A,-,12,21453,A,N,D,C,A,A,H,-,A,A,0,,,,,Y,,-,,0,1,0,0,0,0,0,0,0,"- ","- ",,,LASSEN,SUSANVILLE,-120.64191178,40.413814629999997
7189393,2016,2016-02-29,1801,2016-02-20,0300,STAFFORD,,6,5,3,1801,0,0,0,,0,,"N SACRAMENTO ST","1ST ST",0.00,,N,-,-,N,,,,,,,,,,N,3,0,1,2,A,-,11,21950,B,N,G,C,E,-,-,-,-,-,0,Y,,,,Y,,N,60,0,1,0,0,1,0,0,0,0,"- ","- ",,,LASSEN,SUSANVILLE,-120.64382993,40.415159989999999
7202264,2016,2017-02-03,1801,2016-02-28,1850,STAFFORD,LASSE,7,5,3,1801,0,0,0,,0,,"RT 36","GAY ST",0.00,,Y,A,-,Y,LAS,2,36,-,-,24.730,I,5,E,N,4,0,1,2,A,-,09,21800,A,N,A,C,A,A,H,-,C,D,0,,,Y,,Y,,D,22,0,0,1,0,0,0,0,0,1,"- ","- ",,,LASSEN,SUSANVILLE,-120.65987165999999,40.418121530000001
7202681,2016,2017-02-03,1801,2016-02-26,1603,835,,5,5,3,1801,0,0,0,,0,,"RT 36","N MESA ST",0.00,,Y,A,-,Y,LAS,2,36,-,-,25.830,I,5,W,N,4,0,1,2,A,-,05,21202,A,N,D,G,A,A,H,-,A,A,0,,Y,,,Y,,L,04,0,0,1,0,0,0,1,0,0,"- ","- ",,,LASSEN,SUSANVILLE,-120.64069277999999,40.413522710000002
8012615,2016,2017-02-13,1801,2016-03-30,1305,STAFFORD,LASSE,3,5,3,1801,0,0,0,,0,,"RT 36","GAY ST",0.00,,Y,A,-,Y,LAS,2,36,-,-,24.740,H,-,W,N,4,0,3,2,A,-,04,21703,,N,C,C,A,A,H,-,A,D,0,,,,,Y,,D,22,0,0,3,0,0,0,0,0,0,"- ","- ",,,LASSEN,SUSANVILLE,-120.65969776999999,40.41807799
8023629,2016,2017-02-14,1801,2016-04-07,1204,840,,4,5,3,1801,0,0,0,,0,1801,"RT 36","MCDOW ST",0.00,,Y,A,-,Y,LAS,2,36,-,-,25.520,H,-,W,N,4,0,1,2,A,-,03,22350,,N,C,C,A,A,H,-,A,D,0,,,,,Y,,-,"- ",0,0,1,0,0,0,0,0,0,"- ","- ",,,LASSEN,SUSANVILLE,-120.64609459,40.414801699999998
8033826,2016,2017-02-18,1801,2016-04-17,1900,833,1801,7,5,3,1801,0,0,0,,0,,"RT 36","FAIRFIELD AV",0.00,,Y,A,-,Y,LAS,2,36,-,-,25.760,I,5,E,N,3,0,2,2,A,-,09,21453,C,N,D,C,A,A,H,-,B,A,0,,,,,Y,,-,,0,2,0,0,0,0,0,0,0,"- ","- ",,,LASSEN,SUSANVILLE,-120.64191178,40.413814629999997
8039563,2016,2017-02-18,1801,2016-04-18,1140,817,,1,5,3,1801,0,0,0,,0,,"RT 36","N ROOP ST",0.00,,Y,A,-,Y,LAS,2,36,-,-,24.805,I,5,W,Y,4,0,1,2,A,-,03,22350,,N,D,C,A,A,H,-,A,A,0,,,,,Y,,-,,0,0,1,0,0,0,0,0,0,"- ","- ",,,LASSEN,SUSANVILLE,-120.65856377,40.417804420000003
8055147,2016,2016-06-01,1801,2016-05-19,0930,831,,4,5,3,1801,0,0,0,,0,,"PAUL BUNYAN RD","RUSSELL AV",0.00,,Y,A,-,N,,,,,,,,,,Y,4,0,1,2,A,-,09,21802,A,N,D,C,A,A,H,-,A,A,0,,,,,Y,,-,,0,0,1,0,0,0,0,0,0,"- ","- ",,,LASSEN,SUSANVILLE,-120.63616998000001,40.418759899999998
8055163,2016,2017-02-18,1801,2016-05-08,1245,,LASSE,7,5,3,1801,0,0,0,,0,,"RT 139","PAUL BUNYAN RD",0.00,,Y,A,-,Y,LAS,2,139,-,-,0.425,I,5,S,Y,4,0,1,2,A,-,01,23152,A,N,D,C,A,A,H,-,A,D,0,,,,,Y,,A,01,0,0,1,0,0,0,0,0,0,"- ","- ",,,LASSEN,SUSANVILLE,-120.64645127,40.421477449999998
8066681,2016,2016-06-30,1801,2016-06-21,2040,832,LASSE,2,5,3,1801,0,0,0,,0,,"PARK ST","PARK ST 100 BLK",0.00,,-,A,-,N,,,,,,,,,,Y,4,0,1,3,A,-,00,2800,2,N,A,C,A,A,H,-,A,D,0,,,,,Y,Y,A,07,0,0,1,0,0,0,0,0,0,"- ","- ",,,LASSEN,SUSANVILLE,,
8105091,2016,2016-08-23,1801,2016-08-15,1520,835,,1,5,3,1801,0,0,0,,0,,"ORLO DR","SKYLINE BL",1320.00,,N,A,-,N,,,,,,,,,,N,4,0,2,2,A,-,21,22106,,N,C,C,A,A,H,-,A,D,0,,,,,Y,,A,01,0,0,2,0,0,0,0,0,0,"- ","- ",,,LASSEN,SUSANVILLE,-120.65738985,40.431229909999999
8138831,2016,2017-07-17,1801,2016-09-17,1715,837,,6,5,3,1801,0,0,0,,0,,"RT 36","S GILMAN ST",0.00,,Y,A,-,Y,LAS,2,36,-,-,25.560,I,5,W,Y,4,0,1,2,A,-,09,21802,A,N,D,C,A,A,H,-,A,A,0,,,,,Y,,-,,0,0,1,0,0,0,0,0,0,"- ","- ",,,LASSEN,SUSANVILLE,-120.64539927,40.41462903
8143483,2016,2017-02-15,1801,2016-10-26,1454,836,,3,5,3,1801,0,0,0,,0,,"MAIN ST","RT 36",0.00,,Y,B,-,Y,LAS,2,36,-,-,25.330,H,-,E,Y,4,0,3,3,A,-,04,21703,,N,C,C,A,B,H,-,A,A,0,,,,,Y,,-,,0,0,3,0,0,0,0,0,0,"- ","- ",,,LASSEN,SUSANVILLE,-120.64940057,40.415608730000002
8147089,2016,2017-02-13,1801,2016-08-15,1530,840,,1,5,3,1801,0,0,0,,0,,"N WEATHERLOW ST","RT 36",21.00,N,N,A,-,Y,LAS,2,36,-,-,24.865,I,6,W,N,4,0,1,3,A,-,03,22350,,N,C,C,A,A,H,-,A,A,0,,,,,Y,,-,,0,0,1,0,0,0,0,0,0,"- ","- ",,,LASSEN,SUSANVILLE,-120.65751622000001,40.417553830000003
8149727,2016,2017-02-27,1801,2016-09-03,2015,830,1801,6,5,3,1801,0,0,0,,0,001,"RT 36","QUARRY ST",120.00,W,N,A,-,Y,LAS,2,36,-,-,24.380,H,-,E,N,2,0,1,1,A,-,"- ",,,N,H,H,A,A,H,-,D,D,0,,,Y,,Y,,C,02,1,0,0,0,0,0,0,0,1,"- ","- ",,,LASSEN,SUSANVILLE,-120.6652995,40.417541120000003
8169133,2016,2016-11-16,1801,2016-11-03,1558,840,,4,5,3,1801,0,0,0,,0,047,"N FAIRFIELD AV","PAUL BUNYAN ST",100.00,,N,A,-,N,,,,,,,,,,N,2,0,1,2,A,-,03,22350,,N,G,A,E,A,H,-,A,D,0,Y,,,,Y,,-,,1,0,0,0,1,0,0,0,0,"- ","- ",,,LASSEN,SUSANVILLE,-120.63960987,40.419389969999997
8176918,2016,2017-03-04,1801,2016-11-17,1205,840,LASSE,4,5,3,1801,0,0,0,,0,069,"RT 36","HALL ST",0.00,,Y,A,-,Y,LAS,2,36,-,-,25.430,H,-,E,N,4,0,2,2,A,-,03,22350,,N,C,C,A,A,H,-,A,D,0,,,,,Y,,-,,0,0,2,0,0,0,0,0,0,"- ","- ",,,LASSEN,SUSANVILLE,-120.64766105,40.415181099999998
8179204,2016,2017-03-04,1801,2016-11-25,1805,837,,5,5,3,1801,0,0,0,,0,,"RT 36","S MCDOW ST",0.00,,Y,A,-,Y,LAS,2,36,-,-,25.510,I,5,E,N,4,0,1,2,A,-,10,21950,A,N,G,B,B,A,H,-,D,D,0,Y,,,,Y,Y,-,,0,0,1,0,1,0,0,0,0,"- ","- ",,,LASSEN,SUSANVILLE,-120.64626852000001,40.41484346
8202962,2016,2017-01-06,1801,2016-12-29,0630,840,1801,4,5,3,1801,0,0,0,,0,036,"ASH ST","NORTH ST",0.00,,Y,A,-,N,,,,,,,,,,N,4,0,1,2,A,-,12,22450,A,N,B,C,A,A,H,-,B,D,0,,,,,Y,Y,-,,0,0,1,0,0,0,0,0,0,"- ","- ",,,LASSEN,SUSANVILLE,-120.64815994999999,40.417449920000003
8280398,2016,2017-01-17,1801,2016-12-31,1630,STAFFORD,LASSE,6,5,3,1801,0,0,0,,0,,"SOUTH WEATHERLOW ST","COTTAGE ST",0.00,,Y,A,-,N,,,,,,,,,,Y,3,0,1,2,A,-,01,23152,A,N,D,C,A,A,H,-,A,D,0,,,,,Y,Y,A,01,0,1,0,0,0,0,0,0,0,"- ","- ",,,LASSEN,SUSANVILLE,-120.65841,40.416668999999999
8911629,2020,2022-06-11,1801,2020-01-06,0626,816,,1,5,3,1801,0,0,0,,0,,"RT 36","N MESA ST",0.00,,Y,A,-,Y,LAS,2,36,-,R,25.840,H,-,W,Y,1,1,0,2,A,-,11,21954,A,N,G,B,D,A,H,-,C,D,0,Y,,,,Y,Y,N,60,0,0,0,1,0,0,0,0,0,"- ","- ",,,LASSEN,SUSANVILLE,-120.64019012451172,40.413383483886719
8911630,2020,2022-06-11,1801,2020-01-17,2015,814,,5,5,3,1801,0,0,0,,0,,"RT 36","S MCDOW ST",30.00,W,N,A,-,Y,LAS,2,36,-,-,25.500,H,-,E,N,1,1,0,2,A,-,11,21954,A,F,G,B,E,C,H,-,C,D,0,Y,,,,Y,Y,-,,0,0,0,1,0,0,0,0,0,"- ","- ",,,LASSEN,SUSANVILLE,-120.64643859863281,40.414886474609375
90005119,2015,2015-10-19,9140,2015-07-13,1635,017976,,1,2,9,1800,0,3,5,,2,030,"EAGLE LAKE ROAD (COUNTY ROAD A-1)",SR-36,3944.00,N,N,A,-,N,,,,,,,,,,Y,4,0,1,1,A,-,08,22107,,N,E,I,A,A,H,-,A,D,0,,,,,Y,,D,22,0,0,1,0,0,0,0,0,0,"- ","- ",,,LASSEN,UNINCORPORATED,-120.71695357999999,40.422551220000003
90006094,2015,2015-10-19,9140,2015-07-26,1900,019680,,7,2,9,1800,0,1,2,,2,015,"US 395","LAVER CROSSING",475.00,S,N,A,-,Y,,,,,,,,,,Y,4,0,1,1,C,-,18,,,N,E,H,A,A,H,-,A,D,0,,,,,Y,,-,"- ",0,0,1,0,0,0,0,0,0,"- ","- ",,,LASSEN,UNINCORPORATED,,
90006179,2015,2015-10-19,9170,2015-07-15,1653,019520,,3,2,9,1800,0,1,2,,1,001,"U. S. HIGHWAY 395","ASH VALLEY ROAD",7920.00,N,N,A,-,Y,,,,,,,,,,Y,3,0,1,1,A,-,08,22107,,N,F,A,A,A,H,-,A,D,0,,,,Y,Y,,F,26,0,1,0,0,0,0,0,0,0,"- ","- ",41.073300000000003,-120.47029999999999,LASSEN,UNINCORPORATED,-120.46989234999999,41.074565100000001
90006764,2015,2015-10-19,9140,2015-07-28,1015,019971,,2,1,9,1800,0,1,3,,2,041,"STATE ROUTE 36","STATE ROUTE 147",2640.00,W,N,A,-,Y,,,36,,,,,,,Y,4,0,1,1,A,-,08,22107,,N,E,I,A,A,H,-,A,D,0,,,,,Y,,A,01,0,0,1,0,0,0,0,0,0,"- ","- ",40.314450000000001,-121.05631,LASSEN,UNINCORPORATED,-121.05628217,40.314577180000001
90007043,2015,2015-10-19,9170,2015-08-02,1855,020152,,7,2,9,1800,0,1,2,,1,001,US-395,"ASH VALLEY ROAD",24816.00,N,N,C,-,Y,,,395,,,,,,,Y,3,0,1,1,A,-,03,22350,,N,E,I,A,B,H,-,A,D,0,,,,,Y,,A,01,0,1,0,0,0,0,0,0,0,"- ","- ",41.117530000000002,-120.48718,LASSEN,UNINCORPORATED,-120.48714877,41.117557779999999
90007584,2015,2015-10-19,9135,2015-08-03,1015,013553,,1,1,9,1800,0,3,5,,2,007,SR-139,"HAYDEN HILL RD",2904.00,S,N,A,-,Y,,,139,,,,,,,Y,3,0,2,1,A,-,08,22107,,N,F,A,A,A,H,-,A,D,0,,,,,Y,,B,07,0,1,1,0,0,0,0,0,0,"- ","- ",41.017980000000001,-120.84385,LASSEN,UNINCORPORATED,-120.84385838,41.018031620000002
90009315,2015,2015-10-19,9140,2015-08-03,0730,018847,,1,1,9,1800,0,1,3,,2,034,"STATE ROUTE 44 W/B","PITTVILLE ROAD",11088.00,E,N,A,-,Y,,,,,,,,,,Y,3,0,1,1,A,-,08,22107,,N,F,A,A,A,H,-,A,D,0,,,,,Y,,A,01,0,1,0,0,0,0,0,0,0,"- ","- ",,,LASSEN,UNINCORPORATED,-121.13683262000001,40.626528749999999
90010685,2015,2015-10-19,9165,2015-08-19,1731,013901,,3,2,9,1800,0,1,3,,2,062,"US 395 S/B","COUNTRY LANE",240.00,S,N,B,-,Y,,,,,,,,,,Y,4,0,2,2,A,-,04,21703,,N,C,C,A,A,H,-,A,D,0,,,,,Y,,A,01,0,0,2,0,0,0,0,0,0,"- ","- ",39.736789999999999,-120.03935,LASSEN,UNINCORPORATED,,
90010979,2015,2015-10-19,9140,2015-08-19,1238,020458,,3,1,9,1800,0,1,2,,2,015,"US 395","COWBOY JOE RD.",2640.00,S,N,A,-,Y,,,,,,,,,,Y,4,0,3,2,A,-,03,22350,,N,C,E,A,A,D,H,A,A,0,,,,,Y,,D,22,0,0,3,0,0,0,0,0,0,"- ","- ",,,LASSEN,UNINCORPORATED,,
90011123,2015,2015-10-19,9140,2015-08-17,1543,013571,,1,2,9,1800,0,1,3,,2,031,"STATE ROUTE 139 (SR-139)","SPRING RIDGE DR.",12672.00,N,N,A,-,Y,,,,,,,,,,Y,3,0,1,3,A,-,01,23152,A,N,B,C,A,A,H,-,A,A,0,,,Y,,Y,Y,D,22,0,1,0,0,0,0,0,0,1,"- ","- ",,,LASSEN,UNINCORPORATED,,
90011184,2015,2015-10-19,9140,2015-08-18,1218,017976,,2,1,9,1800,0,1,3,,2,031,"STATE ROUTE 139","FITZGERALD RANCH",2050.00,S,N,A,-,Y,,,,,,,,,,Y,4,0,1,1,A,-,08,22107,,N,E,I,A,A,H,-,A,D,0,,,,,Y,,A,01,0,0,1,0,0,0,0,0,0,"- ","- ",,,LASSEN,UNINCORPORATED,,
90012583,2015,2015-10-19,9140,2015-08-28,0630,014568,,5,1,9,1800,0,3,5,,2,020,"SKYLINE EXTENSION RD.","JOHNSTONVILLE RD.",4752.00,N,N,B,-,N,,,,,,,,,,N,3,0,1,1,A,-,03,22350,,N,F,A,A,A,H,-,B,D,0,,,Y,,Y,,C,02,0,1,0,0,0,0,0,0,1,"- ","- ",,,LASSEN,UNINCORPORATED,-120.62373372,40.417512690000002
90015909,2015,2015-10-19,9140,2015-09-01,1743,019493,,2,2,9,1800,0,1,3,,2,012,"STATE ROUTE 36","US 395",8448.00,W,N,A,-,Y,,,,,,,,,,Y,3,0,3,3,A,-,05,21650,,N,A,C,A,A,H,-,A,D,0,,,,,Y,,A,01,0,1,2,0,0,0,0,0,0,"- ","- ",,,LASSEN,UNINCORPORATED,-120.61831328,40.391859820000001
90015959,2015,2015-10-19,9170,2015-08-31,1250,013771,,1,1,9,1800,0,3,5,,1,022,"C/R 515  TERMO GRASSHOPPER RD.","WEST SIDE RD.",10560.00,E,N,A,-,N,,,,,,,,,,Y,4,0,1,1,A,-,08,22107,,N,F,A,A,A,H,-,A,D,0,,,,,Y,,A,07,0,0,1,0,0,0,0,0,0,"- ","- ",,,LASSEN,UNINCORPORATED,-120.59870213000001,40.824498329999997
90016605,2015,2015-10-19,9140,2015-09-04,2307,020458,,5,3,9,1800,0,3,5,,2,010,"HACKSTAFF RD.","SUMMERS RD.",0.00,,Y,A,-,N,,,,,,,,,,Y,3,0,1,1,A,-,01,23152,A,N,E,I,A,A,H,-,D,D,0,,,,,Y,Y,A,08,0,1,0,0,0,0,0,0,0,"- ","- ",,,LASSEN,UNINCORPORATED,-120.11739999,40.108800000000002
90018371,2015,2015-10-19,9140,2015-07-11,2500,014898,,6,4,9,1800,0,3,5,,2,010,"DOYLE GRADE RD.","LAURA DR.",6864.00,W,N,B,-,N,,,,,,,,,,Y,1,2,0,1,A,-,01,23152,A,N,E,I,A,A,H,-,D,D,0,,,,,Y,Y,D,22,0,0,0,0,0,0,0,0,0,"- ","- ",40.015920000000001,-120.12785,LASSEN,UNINCORPORATED,-120.12750296,40.016310529999998
90020140,2015,2015-10-19,9135,2015-09-09,1859,013145,,3,2,9,1800,0,1,3,,2,651,SR-299,"EAST HUNT RD",5808.00,W,N,A,-,Y,,,,,,,,,,Y,3,0,1,1,A,-,01,23152,A,N,F,A,A,A,H,-,D,D,0,,,,,Y,Y,D,22,0,1,0,0,0,0,0,0,0,"- ","- ",,,LASSEN,UNINCORPORATED,,
90020591,2015,2015-10-19,9140,2015-09-09,0630,014898,,3,1,9,1800,0,1,2,,2,021,"US 395","PAGUEGUI LN.",300.00,N,N,A,-,Y,,,,,,,,,,N,2,0,1,1,A,-,08,22107,,N,F,A,A,A,H,-,A,D,0,,,Y,,Y,,C,06,1,0,0,0,0,0,0,0,1,"- ","- ",40.370089999999998,-120.46053000000001,LASSEN,UNINCORPORATED,-120.47514494000001,40.373276590000003
90023004,2015,2015-10-19,9140,2015-09-26,2238,019931,,6,3,9,1800,0,1,3,,2,034,SR-44,"PITTVILLE RD.",9346.00,W,N,A,-,Y,,,44,,,,,,,Y,4,0,1,1,C,-,18,,,N,E,H,A,A,H,-,D,D,0,,,,,Y,,-,"- ",0,0,1,0,0,0,0,0,0,"- ","- ",40.653939999999999,-121.19908,LASSEN,UNINCORPORATED,-121.19908588,40.653920249999999
90024790,2015,2015-10-19,9165,2015-09-17,1547,020692,,4,2,9,1800,0,1,3,,2,063,"US 395","POZZOLAN RD.",1584.00,S,N,A,-,Y,,,,,,,,,,Y,4,0,2,2,A,-,05,21460,A,N,A,C,A,A,H,-,A,D,0,,,,Y,Y,,A,07,0,0,2,0,0,0,0,0,0,"- ","- ",39.847149999999999,-120.04152999999999,LASSEN,UNINCORPORATED,,
90024918,2015,2015-10-19,9140,2015-09-23,1023,016279,,3,1,9,1800,0,1,3,,2,011,"STATE ROUTE 36","RIVER BENCH RD",1584.00,E,N,A,-,Y,,,,,,,,,,Y,4,0,1,1,C,-,18,,,N,H,H,A,A,H,-,A,D,0,,,,,Y,,-,"- ",0,0,1,0,0,0,0,0,0,"- ","- ",,,LASSEN,UNINCORPORATED,-120.76552270000001,40.408492299999999
90025825,2015,2015-10-19,9165,2015-09-27,1118,019583,,7,1,9,1800,0,1,3,,2,071,US-395,"POZZOLAN ROAD",12672.00,S,N,A,-,Y,,,395,,,,,,,Y,3,0,2,2,A,-,03,22350,,N,F,A,A,A,H,-,A,D,0,,,Y,,Y,,C,02,0,2,0,0,0,0,0,0,1,"- ","- ",39.814959999999999,-120.03419,LASSEN,UNINCORPORATED,-120.03419378,39.814959109999997
90025829,2015,2015-10-19,9140,2015-09-24,2330,020458,,4,3,9,1800,0,3,5,,2,010,"RICE CANYON RD.","HIGH DESERT STATE PRISON",5280.00,W,N,A,-,N,,,,,,,,,,Y,3,0,1,1,A,-,01,23152,A,N,F,A,A,A,H,-,D,D,0,,,,,Y,Y,A,07,0,1,0,0,0,0,0,0,0,"- ","- ",,,LASSEN,UNINCORPORATED,,
90025846,2015,2015-10-19,9140,2015-09-24,1350,016322,,4,1,9,1800,0,3,5,,2,020,"CENTER ROAD","JUNIPER RIDGE BLVD",16.00,W,N,A,-,N,,,,,,,,,,Y,4,0,2,2,A,-,05,21752,D,N,B,C,A,A,H,-,A,D,0,,,,,Y,,A,07,0,0,2,0,0,0,0,0,0,"- ","- ",40.400829999999999,-120.45984,LASSEN,UNINCORPORATED,-120.45994743,40.40088042
90026189,2015,2015-10-19,9135,2015-10-03,0300,012421,,6,3,9,1800,0,1,3,,2,652,SR-139,"SUSANVILLE ROAD",51216.00,S,N,A,-,Y,,,,,,,,,,Y,3,0,1,1,A,-,08,22107,,N,F,A,A,A,H,-,D,D,0,,,,,Y,,D,22,0,1,0,0,0,0,0,0,0,"- ","- ",,,LASSEN,UNINCORPORATED,,
90028795,2015,2015-10-19,9135,2015-07-31,1255,018213,,5,1,9,1800,0,3,5,,2,006,SR-299,"PITTVILLE TOTTEN RD",4224.00,E,N,A,-,Y,,,299,,,,,,,Y,1,1,0,1,A,-,08,22107,,N,E,I,A,A,H,-,A,D,0,,,Y,,Y,,C,02,0,0,0,0,0,0,0,1,0,"- ","- ",41.077480000000001,-121.31722000000001,LASSEN,UNINCORPORATED,-121.31724398999999,41.077501810000001
90031973,2015,2015-10-19,9140,2015-10-09,1825,019931,,5,2,9,1800,0,1,3,,2,034,"STATE ROUTE 44","PITTVILLE RD.",8131.00,E,N,A,-,Y,,,,,,,,,,Y,3,0,1,1,A,-,08,22107,,N,H,I,A,A,H,-,B,D,0,,,,,Y,,A,07,0,1,0,0,0,0,0,0,0,"- ","- ",,,LASSEN,UNINCORPORATED,-121.14503368,40.631709489999999
90032075,2015,2015-10-19,9140,2015-10-09,1745,016322,,5,2,9,1800,0,3,5,,2,010,"DOYLE GRADE","ASPEN LANE",16896.00,W,N,A,-,N,,,,,,,,,,Y,4,0,1,1,A,-,08,22107,,N,E,I,A,A,H,-,A,D,0,,,,,Y,,D,22,0,0,1,0,0,0,0,0,0,"- ","- ",,,LASSEN,UNINCORPORATED,-120.17375658,40.02643114
90036017,2015,2015-10-22,9165,2015-10-17,0640,012886,,6,1,9,1800,0,1,3,,2,063,US-395,"RED ROCK RD",4752.00,S,N,B,-,Y,,,395,,,,,,,Y,3,0,2,2,A,-,05,21460,A,N,B,C,A,B,H,-,D,D,0,,,,Y,Y,,A,08,0,2,0,0,0,0,0,0,0,"- ","- ",39.897959999999998,-120.01512,LASSEN,UNINCORPORATED,-120.01518116,39.89797952
90037291,2015,2015-10-23,9135,2015-10-16,1930,018213,,5,2,9,1800,0,3,5,,2,007,"KRAMER RD","FOUR CORNERS RD",4752.00,S,N,A,-,N,,,,,,,,,,Y,4,0,1,1,C,-,18,,,N,E,H,A,A,H,-,D,D,0,,,,,Y,,-,"- ",0,0,1,0,0,0,0,0,0,"- ","- ",41.111139999999999,-121.19123,LASSEN,UNINCORPORATED,-121.19121595999999,41.111726750000003
90037926,2015,2015-10-26,9140,2015-10-05,1720,015009,,1,2,9,1800,0,1,2,,2,015,"U.S. 395","HALL ROAD",7392.00,S,N,A,-,Y,,,,,,,,,,Y,3,0,1,1,A,-,01,23152,A,N,F,A,A,A,H,-,A,D,0,,,,,Y,Y,A,01,0,1,0,0,0,0,0,0,0,"- ","- ",,,LASSEN,UNINCORPORATED,-120.06914448000001,39.98586942
90042749,2015,2015-11-02,9140,2015-10-20,0900,016279,,2,1,9,1800,0,1,3,,2,031,"STATE ROUTE 139","TERMO GRASSHOPPER RD",22176.00,S,N,A,-,Y,,,,,,,,,,Y,4,0,1,1,A,-,03,22350,,N,F,A,A,A,H,-,A,D,0,,,,,Y,,D,22,0,0,1,0,0,0,0,0,0,"- ","- ",,,LASSEN,UNINCORPORATED,,
90044273,2015,2015-11-04,9140,2015-10-25,1305,016279,,7,1,9,1800,0,1,3,,2,011,"STATE ROUTE 36","LASSEN COUNTY ROAD A1",0.00,,Y,A,-,Y,,,,,,,,,,Y,4,0,2,2,A,-,09,21802,A,N,A,C,A,A,H,-,A,A,0,,,,,Y,,D,22,0,0,2,0,0,0,0,0,0,"- ","- ",,,LASSEN,UNINCORPORATED,,
90045037,2015,2015-11-05,9140,2015-10-23,0610,014430,,5,1,9,1800,0,1,2,,2,013,US-395,"STUART LN.",0.00,,Y,B,-,Y,,,,,,,,,,Y,3,0,2,2,A,-,09,21804,A,N,D,C,A,A,H,-,D,D,0,,,,,Y,,A,07,0,1,1,0,0,0,0,0,0,"- ","- ",40.144849999999998,-120.27319,LASSEN,UNINCORPORATED,-120.45861992,40.246709889999998
90052783,2015,2015-11-17,9140,2015-10-30,2300,013241,,5,3,9,1800,0,1,S,,2,045,"STATE ROUTE 147","MOONEY ROAD",580.00,S,N,A,-,Y,,,,,,,,,,Y,3,0,1,1,A,-,08,22107,,M,F,A,A,A,H,-,D,D,0,,,,,Y,,A,01,0,1,0,0,0,0,0,0,0,"- ","- ",,,LASSEN,UNINCORPORATED,,
90053696,2015,2015-11-18,9140,2015-11-09,0940,014898,,1,1,9,1800,0,1,3,,2,032,SR-44,"MCCOY RD",15840.00,W,N,D,-,Y,,,,,,,,,,Y,3,0,3,1,A,-,03,22350,,N,F,A,A,C,H,-,A,D,0,,,,,Y,,A,08,0,3,0,0,0,0,0,0,0,"- ","- ",40.494190000000003,-120.9678,LASSEN,UNINCORPORATED,-120.96821479,40.491879339999997
90053714,2015,2015-11-18,9140,2015-11-10,0535,016279,,2,3,9,1800,0,1,3,,2,012,"STATE ROUTE 36","US 395",5280.00,W,N,A,-,Y,,,,,,,,,,Y,3,0,1,1,A,-,03,22350,,N,F,A,A,C,H,-,D,D,0,,,,,Y,,A,01,0,1,0,0,0,0,0,0,0,"- ","- ",,,LASSEN,UNINCORPORATED,-120.60838690999999,40.38761796
90053757,2015,2015-11-18,9140,2015-11-10,0422,018094,,2,3,9,1800,0,3,5,,2,010,US-395,"BYERS PASS RD",2957.00,S,N,B,-,Y,,,,,,,,,,Y,3,0,2,1,A,-,03,22350,,N,E,I,A,C,H,-,D,D,0,,,,Y,Y,,G,27,0,2,0,0,0,0,0,0,0,"- ","- ",,,LASSEN,UNINCORPORATED,-120.48820000000001,40.37556
90057129,2015,2015-11-23,9165,2015-11-15,2003,013901,,7,2,9,1800,0,1,3,,2,063,"US 395","RED ROCK ROAD",4752.00,S,N,B,-,Y,,,,,,,,,,Y,4,0,1,1,A,-,03,22350,,N,E,I,A,C,H,-,D,D,0,,,,,Y,,D,22,0,0,1,0,0,0,0,0,0,"- ","- ",39.895560000000003,-120.01618000000001,LASSEN,UNINCORPORATED,-120.01562988000001,39.896805299999997
90058575,2015,2015-11-24,9140,2015-11-23,0608,017976,,1,1,9,1800,0,3,5,,2,010,"COUNTY ROAD A-25 (HERLONG ACCESS ROAD)","HONEY LAKE ROAD",690.00,W,N,B,-,N,,,,,,,,,,Y,4,0,1,2,A,-,08,22107,,N,B,C,A,A,H,-,A,D,0,,,,,Y,,A,01,0,0,1,0,0,0,0,0,0,"- ","- ",,,LASSEN,UNINCORPORATED,-120.19255221,40.14031095
90062392,2015,2015-12-01,9165,2015-11-24,1627,013901,,2,2,9,1800,0,1,3,,2,063,"US 395",SR-70,7920.00,N,N,B,D,Y,,,,,,,,,,Y,2,0,9,2,A,-,03,22350,,N,A,C,A,C,E,-,B,D,0,,,,,Y,,D,22,5,3,1,0,0,0,0,0,0,"- ","- ",39.798560000000002,-120.03577,LASSEN,UNINCORPORATED,-120.03833671,39.775339709999997
90063662,2015,2015-12-02,9170,2015-11-24,1300,016057,,2,1,9,1800,0,1,2,,1,001,"US 395 N/B","DRY CREEK",7920.00,N,N,D,-,Y,,,,,,,,,,Y,4,0,1,1,A,-,03,22350,,N,E,I,A,C,H,-,A,A,0,,,,,Y,,A,07,0,0,1,0,0,0,0,0,0,"- ","- ",41.16921,-120.50960000000001,LASSEN,UNINCORPORATED,,
90067421,2015,2015-12-08,9140,2015-12-04,0520,014430,,5,3,9,1800,0,1,2,,2,013,US-395,"LITTLE RANCH RD.",120.00,N,N,B,-,Y,,,,,,,,,,Y,4,0,3,2,A,-,03,22350,,N,A,C,A,C,H,-,D,D,0,,,,,Y,,D,22,0,0,3,0,0,0,0,0,0,"- ","- ",40.136699999999998,-120.25454000000001,LASSEN,UNINCORPORATED,-120.42902694999999,40.21802177
90067448,2015,2015-12-11,9140,2015-12-02,1614,019275,,3,2,9,1800,0,1,2,,2,021,"US 395","BYERS PASS ROAD",528.00,N,N,B,-,Y,,,,,,,,,,Y,4,0,1,1,A,-,08,22107,,N,F,A,A,A,H,-,A,D,0,,,,,Y,,A,07,0,0,1,0,0,0,0,0,0,"- ","- ",,,LASSEN,UNINCORPORATED,-120.48820000000001,40.37556
90068413,2015,2015-12-09,9140,2015-11-24,1910,016169,,2,2,9,1800,0,1,2,,2,014,US-395,"LOUNSBURY LN",0.00,,Y,B,-,Y,,,,,,,,,,Y,4,0,2,2,A,-,06,21750,,N,C,C,A,C,H,-,D,D,0,,,,,Y,,A,01,0,0,2,0,0,0,0,0,0,"- ","- ",,,LASSEN,UNINCORPORATED,-120.39952998,40.191339970000001
90068467,2015,2015-12-09,9140,2015-11-25,0500,014898,,3,3,9,1800,0,3,5,,2,010,"COUNTY RD.  A-3","SUNNYSIDE RD",50.00,E,N,B,-,N,,,,,,,,,,Y,4,0,1,1,A,-,03,22350,,N,F,A,A,C,H,-,D,D,0,,,,,Y,,A,07,0,0,1,0,0,0,0,0,0,"- ","- ",40.310200000000002,-120.47629000000001,LASSEN,UNINCORPORATED,-120.47702013999999,40.30973256
90073085,2015,2015-12-15,9165,2015-12-13,2250,013901,,7,3,9,1800,0,1,3,,2,063,"US 395","POZZOLAN PLANT ROAD",7920.00,S,N,B,D,Y,,,,,,,,,,N,4,0,1,1,A,-,03,22350,,N,E,I,A,C,E,-,D,A,0,,,,,Y,,A,07,0,0,1,0,0,0,0,0,0,"- ","- ",39.830599999999997,-120.03780999999999,LASSEN,UNINCORPORATED,,
90077912,2015,2015-12-18,9140,2015-12-11,1905,020806,,5,2,9,1800,0,1,3,,2,034,"STATE ROUTE 44","CRATER LAKE ROAD",6864.00,E,N,B,-,Y,,,,,,,,,,Y,3,0,2,1,A,-,03,22350,,N,E,I,A,C,H,-,D,D,0,,,,,Y,,D,22,0,1,1,0,0,0,0,0,0,"- ","- ",40.342950000000002,-121.04358999999999,LASSEN,UNINCORPORATED,,
90078419,2015,2015-12-18,9140,2015-12-18,0655,020569,,5,1,9,1800,0,1,3,,2,031,"STATE ROUTE 139","HAGATA ROAD",270.00,S,N,B,-,Y,,,,,,,,,,Y,4,0,1,1,A,-,03,22350,,N,E,I,A,C,H,-,B,D,0,,,,,Y,,D,22,0,0,1,0,0,0,0,0,0,"- ","- ",40.457450000000001,-120.2255,LASSEN,UNINCORPORATED,-120.57566865,40.512940059999998
90079024,2015,2015-12-21,9140,2015-12-12,0040,020458,,6,3,3,1801,0,3,5,,2,010,"JANESVILLE GRADE","COLLIER BLUFF",5280.00,W,N,A,-,N,,,,,,,,,,Y,4,0,1,1,A,-,03,22350,,N,E,I,A,C,H,-,D,D,0,,,,,Y,,D,22,0,0,1,0,0,0,0,0,0,"- ","- ",,,LASSEN,SUSANVILLE,,
90080716,2015,2015-12-23,9140,2015-12-13,1745,019493,,7,2,9,1800,0,1,2,,2,015,"US 395","HALL ROAD",528.00,N,N,B,-,Y,,,,,,,,,,Y,2,0,4,2,A,-,00,23153,E,N,A,C,A,B,H,-,D,A,0,,,,,Y,,A,01,3,0,1,0,0,0,0,0,0,"- ","- ",,,LASSEN,UNINCORPORATED,-120.08720076,40.002586010000002
90083585,2015,2015-12-28,9140,2015-12-21,0645,016732,,1,1,9,1800,0,1,3,,2,041,SR-36,"COPPERVALE SKI RANCH",2640.00,W,N,B,D,Y,,,,,,,,,,Y,4,0,1,1,A,-,08,22107,,N,E,I,A,C,H,-,A,A,0,,,,,Y,,A,07,0,0,1,0,0,0,0,0,0,"- ","- ",,,LASSEN,UNINCORPORATED,,
90084118,2015,2015-12-29,9140,2015-12-28,1004,018094,,1,1,9,1800,0,1,2,,2,014,US-395,"LOUNSBURY RD",38.00,S,N,B,D,Y,,,,,,,,,,Y,4,0,1,1,A,-,08,22107,,N,E,I,A,C,H,-,A,D,0,,,,,Y,,D,22,0,0,1,0,0,0,0,0,0,"- ","- ",,,LASSEN,UNINCORPORATED,-120.39944152,40.191260800000002
90085454,2015,2015-12-30,9140,2015-12-24,0945,020569,,4,1,9,1800,0,1,3,,2,031,"STATE ROUTE 139","RICE CANYON ROAD",11088.00,S,N,D,G,Y,,,139,,,,,,,Y,4,0,2,1,A,-,03,22350,,N,E,I,A,C,H,-,A,A,0,,,,,Y,,A,07,0,0,2,0,0,0,0,0,0,"- ","- ",40.460540000000002,-120.57946,LASSEN,UNINCORPORATED,-120.57873874000001,40.460746970000002
90087492,2015,2016-01-04,9140,2015-12-31,0735,014430,,4,1,9,1800,0,1,2,,2,013,"US 395","SUNNYSIDE RD.",0.00,,N,B,D,Y,,,,,,,,,,Y,4,0,1,1,A,-,03,22350,,N,E,I,A,C,H,-,A,D,0,,,,,Y,,D,22,0,0,1,0,0,0,0,0,0,"- ","- ",40.183599999999998,-120.28395,LASSEN,UNINCORPORATED,-120.54501992,40.32882996
90092463,2016,2016-01-11,9140,2016-01-05,1807,018094,,2,2,9,1800,0,1,3,,2,011,SR-36,RIVERBENCH,2640.00,W,N,B,D,Y,,,,,,,,,,Y,4,0,1,1,A,-,03,22350,,N,E,I,A,C,H,-,D,D,0,,,,,Y,,A,01,0,0,1,0,0,0,0,0,0,"- ","- ",,,LASSEN,UNINCORPORATED,-120.77428303000001,40.399221820000001
90095868,2016,2016-01-14,9140,2016-01-13,1346,016169,,3,1,9,1800,0,1,2,,2,013,"US 395","DUMP ROAD",520.00,S,N,B,D,Y,,,,,,,,,,Y,3,0,3,2,A,-,03,22350,,N,A,C,A,C,G,-,A,D,0,,,,,Y,,D,22,0,3,0,0,0,0,0,0,0,"- ","- ",,,LASSEN,UNINCORPORATED,,
90096075,2016,2016-01-15,9140,2016-01-07,0635,014430,,4,1,9,1800,0,3,5,,2,010,"COUNTY ROAD A26","US 395",4752.00,E,N,B,-,N,,,,,,,,,,Y,4,0,3,1,A,-,08,22107,,N,F,A,A,C,H,-,B,D,0,,,,,Y,,A,01,0,0,3,0,0,0,0,0,0,"- ","- ",40.619199999999999,-120.10187999999999,LASSEN,UNINCORPORATED,-120.17190099,40.104183130000003
90097825,2016,2016-01-19,9135,2016-01-13,2135,019030,,3,2,9,1800,0,1,3,,2,651,"SR-299 E/B","OLD CEMETERY RD",4752.00,W,N,B,-,Y,,,299,,,,,,E,Y,4,0,1,1,A,-,03,22350,,N,F,A,A,C,H,-,D,D,0,,,,,Y,,A,07,0,0,1,0,0,0,0,0,0,"- ","- ",41.072780000000002,-121.20363,LASSEN,UNINCORPORATED,-121.20362528,41.072775450000002
90098112,2016,2016-01-19,9140,2016-01-10,1610,016169,,7,2,9,1800,0,1,2,,2,021,"US 395","LAKE LEAVITT ROAD",308.00,S,N,B,-,Y,,,,,,,,,,Y,2,0,3,2,A,-,01,23152,A,N,D,C,A,A,H,-,A,D,0,,,,,Y,Y,D,22,1,1,1,0,0,0,0,0,0,"- ","- ",,,LASSEN,UNINCORPORATED,-120.44262000000001,40.36495
90100510,2016,2016-01-22,9140,2016-01-14,0735,014430,,4,1,9,1800,0,1,2,,2,015,"US 395","HALL RD.",2640.00,S,N,B,-,Y,,,,,,,,,,Y,2,0,1,1,A,-,08,22107,,N,F,A,A,C,H,-,B,D,0,,,,,Y,,A,07,1,0,0,0,0,0,0,0,0,"- ","- ",39.594279999999998,-120.42153999999999,LASSEN,UNINCORPORATED,-120.07997955,39.995898459999999
90100520,2016,2016-01-22,9140,2016-01-16,2033,019931,,6,2,9,1800,0,1,3,,2,032,"STATE ROUTE 44","MCCOY RD.",1584.00,E,N,B,-,Y,,,,,,,,,,Y,3,0,1,1,A,-,03,22350,,N,E,I,A,C,H,-,D,D,0,,,,,Y,,D,22,0,1,0,0,0,0,0,0,0,"- ","- ",,,LASSEN,UNINCORPORATED,-120.92279126,40.459918340000002
90102158,2015,2016-01-29,9140,2015-12-19,1530,019275,,6,2,9,1800,0,1,3,,2,034,"STATE ROUTE 44","PITTVILLE ROAD",9504.00,W,N,B,-,Y,,,44,,,,,,,Y,1,2,2,2,A,-,03,22350,,N,A,C,A,C,H,-,A,A,0,,,,,Y,,A,01,0,0,2,0,0,0,0,0,0,"- ","- ",40.654380000000003,-121.20057,LASSEN,UNINCORPORATED,-121.20057482,40.65436381
90103148,2016,2016-01-26,9135,2016-01-24,0145,013553,,7,3,9,1800,0,1,3,,2,651,SR-299,"LASSEN COUNTY ROAD 437",4224.00,E,N,B,-,Y,,,,,,,,,,Y,4,0,1,1,A,-,03,22350,,N,F,A,A,C,H,-,D,D,0,,,,,Y,,D,22,0,0,1,0,0,0,0,0,0,"- ","- ",,,LASSEN,UNINCORPORATED,,
90107014,2016,2016-02-02,9165,2016-01-31,1725,013901,,7,2,9,1800,0,1,3,,2,062,"US-395 S/B","EVANS CANYON U/C",1056.00,N,N,D,G,Y,,,395,,,,,,S,Y,2,0,2,1,A,-,03,22350,,N,F,A,A,C,E,-,B,D,0,,,,,Y,,A,07,1,1,0,0,0,0,0,0,0,"- ","- ",39.713520000000003,-120.03688,LASSEN,UNINCORPORATED,-120.0367947,39.713546289999996
90108787,2016,2016-02-03,9140,2016-01-29,1030,014430,,5,1,9,1800,0,1,2,,2,015,"US 395","DOYLE LOOP",1584.00,S,N,B,G,Y,,,,,,,,,,Y,4,0,1,1,A,-,03,22350,,N,E,I,A,A,H,-,A,A,0,,,,Y,Y,,G,25,0,0,1,0,0,0,0,0,0,"- ","- ",40.042400000000001,-120.5907,LASSEN,UNINCORPORATED,,
90110427,2016,2016-02-05,9135,2016-02-04,0850,012421,,4,1,9,1800,0,3,5,,2,007,"LASSEN COUNTY ROAD 419",SR-299,4752.00,N,N,E,-,N,,,,,,,,,,N,4,0,1,1,A,-,03,22350,,N,E,I,A,C,H,-,A,D,0,,,,,Y,,D,22,0,0,1,0,0,0,0,0,0,"- ","- ",,,LASSEN,UNINCORPORATED,-121.1338377,41.144325520000002
90112769,2016,2016-02-10,9140,2016-01-29,1418,014430,,5,2,9,1800,0,1,2,,2,015,"US 395","CONSTANTIA RD.",4224.00,N,N,C,G,Y,,,,,,,,,,Y,3,0,3,2,A,-,03,22350,,N,B,C,A,B,H,-,A,A,0,,,,Y,Y,,G,25,0,2,1,0,0,0,0,0,0,"- ","- ",39.573219999999999,-120.2238,LASSEN,UNINCORPORATED,-120.10618814,40.023994199999997
90114059,2016,2016-02-12,9170,2016-01-23,0523,020558,,6,3,9,1800,0,1,2,,1,001,"US 395","DRY CREEK ROAD",4752.00,N,N,B,C,Y,,,,,,,,,,Y,4,0,1,2,A,-,03,22350,,N,A,C,A,C,H,-,D,D,0,,,,Y,Y,,G,25,0,0,1,0,0,0,0,0,0,"- ","- ",41.118130000000001,-120.4876,LASSEN,UNINCORPORATED,,
90121699,2016,2016-02-23,9135,2016-01-30,2155,018213,,6,2,9,1800,0,3,5,,2,007,"LITTLE VALLEY RD","PITTVILLE RD",106.00,N,N,B,-,N,,,,,,,,,,Y,3,0,2,1,A,-,08,22107,,F,E,I,A,C,H,-,D,D,0,,,,,Y,Y,A,08,0,1,1,0,0,0,0,0,0,"- ","- ",41.023209999999999,-121.3219,LASSEN,UNINCORPORATED,-121.33138510000001,41.046080949999997
90121741,2016,2016-02-23,9140,2016-02-11,1515,016322,,4,2,9,1800,0,1,3,,2,011,SR-36,29N03,187.00,W,N,A,-,Y,,,,,,,,,,Y,3,0,1,1,A,-,08,22107,,N,E,I,A,A,H,-,A,D,0,,,,,Y,,A,01,0,1,0,0,0,0,0,0,0,"- ","- ",40.378959999999999,-120.08674999999999,LASSEN,UNINCORPORATED,,
90127421,2016,2016-03-02,9140,2016-02-24,1213,016169,,3,1,9,1800,0,3,5,,2,010,"RICHMOND ROAD","GOLD RUN ROAD",1584.00,E,N,A,-,N,,,,,,,,,,Y,3,0,1,1,A,-,08,22107,,N,E,I,A,A,H,-,A,D,0,,,,,Y,,A,07,0,1,0,0,0,0,0,0,0,"- ","- ",,,LASSEN,UNINCORPORATED,-120.65128756999999,40.381144800000001
90128144,2016,2016-03-02,9140,2016-01-25,1648,019493,,1,2,9,1800,0,3,5,,2,020,"CENTER ROAD","CRAMER RANCH ROAD",456.00,E,N,A,-,N,,,,,,,,,,Y,1,1,0,1,A,-,08,22107,,N,E,I,A,A,H,-,A,D,0,,,,,Y,,A,01,0,0,0,0,0,0,0,0,0,"- ","- ",40.398060000000001,-120.58503,LASSEN,UNINCORPORATED,-120.58477161,40.39840839
90133397,2016,2016-03-10,9140,2016-03-09,0640,015686,,3,1,9,1800,0,1,3,,2,041,"STATE ROUTE 36","STATE ROUTE 147",921.00,W,N,B,D,Y,,,,,,,,,,Y,4,0,1,1,A,-,08,22107,,N,E,I,A,C,H,-,B,D,0,,,,,Y,,A,07,0,0,1,0,0,0,0,0,0,"- ","- ",,,LASSEN,UNINCORPORATED,-121.05177763,40.311414910000003
90136060,2016,2016-03-14,9135,2016-03-14,0730,012421,,1,1,9,1800,0,1,3,,2,651,SR-299,A-2,8448.00,E,N,A,-,Y,,,,,,,,,,N,4,0,1,1,A,-,03,22350,,N,F,A,A,C,H,-,A,D,0,,,,,Y,,A,07,0,0,1,0,0,0,0,0,0,"- ","- ",,,LASSEN,UNINCORPORATED,,
90139393,2016,2016-03-18,9140,2016-03-11,2300,020806,,5,3,9,1800,0,3,5,,2,010,"RICHMOND ROAD","SINGLE TREE LANE",21120.00,W,N,B,-,N,,,,,,,,,,Y,4,0,1,1,A,-,08,22107,,N,E,I,A,A,H,-,D,D,0,,,,,Y,,A,01,0,0,1,0,0,0,0,0,0,"- ","- ",,,LASSEN,UNINCORPORATED,-120.63241305,40.387217970000002
90142150,2016,2016-03-23,9140,2016-03-12,1740,018847,,6,2,9,1800,0,1,3,,2,042,"SR-147 E/B","SPRING CREEK DRIVE",250.00,E,N,B,D,Y,,,,,,,,,,Y,4,0,1,1,A,-,08,22107,,N,E,I,A,A,H,-,D,D,0,,,,,Y,,A,01,0,0,1,0,0,0,0,0,0,"- ","- ",,,LASSEN,UNINCORPORATED,-121.04728685000001,40.29806267
90143242,2016,2016-03-24,9140,2016-03-12,1230,013571,,6,1,9,1800,0,1,2,,2,013,"US 395","SEARS RD.",1584.00,N,N,B,G,Y,,,,,,,,,,Y,3,0,2,1,A,-,03,22350,,N,F,A,A,A,H,-,A,A,0,,,,Y,Y,,G,25,0,2,0,0,0,0,0,0,0,"- ","- ",,,LASSEN,UNINCORPORATED,-120.51318933,40.296990170000001
90143404,2016,2016-03-24,9140,2016-03-22,0730,016279,,2,1,9,1800,0,3,5,,2,010,"US 395","LAVER CROSSING",4752.00,N,N,B,-,Y,,,,,,,,,,Y,4,0,1,1,A,-,03,22350,,N,F,A,A,C,H,-,A,D,0,,,,,Y,,D,22,0,0,1,0,0,0,0,0,0,"- ","- ",,,LASSEN,UNINCORPORATED,,
90145864,2016,2016-03-28,9140,2016-03-25,1510,016322,,5,2,9,1800,0,1,3,,2,011,SR-36,"ROXIE PECONOM",1062.00,E,N,A,-,Y,,,,,,,,,,Y,3,0,3,2,A,-,03,22350,,N,C,C,A,A,H,-,A,D,0,,,,,Y,,D,22,0,1,2,0,0,0,0,0,0,"- ","- ",,,LASSEN,UNINCORPORATED,,
90156838,2016,2016-04-15,9140,2016-04-01,1400,019931,,5,2,9,1800,0,1,2,,2,013,"US 395","MAIN ST.",0.00,,Y,A,-,Y,,,,,,,,,,Y,4,0,2,2,A,-,09,21802,A,N,D,C,A,A,H,-,A,A,0,,,,,Y,,D,22,0,0,2,0,0,0,0,0,0,"- ","- ",,,LASSEN,UNINCORPORATED,-120.53815987999999,40.313879900000003
90156867,2016,2016-04-13,9140,2016-04-04,2500,016279,,1,4,9,1800,0,1,2,,2,022,"US 395","HORSE LAKE ROAD",1056.00,S,N,A,-,Y,,,,,,,,,,Y,4,0,1,1,A,-,08,22107,,N,E,J,A,A,H,-,D,D,0,,,,,Y,,A,07,0,0,1,0,0,0,0,0,0,"- ","- ",,,LASSEN,UNINCORPORATED,-120.34839076999999,40.77978177
90158998,2016,2016-04-18,9140,2016-04-04,1845,017976,,1,2,9,1800,0,3,5,,2,010,"COUNTY ROAD A-25","COUNTY ROAD A-26",0.00,,Y,A,F,N,,,,,,,,,,Y,2,0,4,2,A,-,09,21801,A,N,A,C,A,A,H,-,A,D,0,,,,,Y,,A,07,1,1,2,0,0,0,0,0,0,"- ","- ",,,LASSEN,UNINCORPORATED,-120.163572,40.14405
90167721,2016,2016-04-28,9140,2016-04-27,0035,015009,,3,3,9,1800,0,3,5,,2,010,"RIVERSIDE DRIVE","SOUTH FAIRFIELD AVENUE",1131.00,W,N,A,-,N,,,,,,,,,,Y,4,0,1,1,A,-,05,21650,,N,E,I,A,A,H,-,D,D,0,,,,,Y,,D,22,0,0,1,0,0,0,0,0,0,"- ","- ",,,LASSEN,UNINCORPORATED,-120.64680181,40.411974489999999
90172723,2016,2016-05-04,9140,2016-04-07,2053,013571,,4,2,3,1801,0,1,3,,2,012,"STATE ROUTE 36 (SR-36)","E. RIVERSIDE DR.",0.00,,Y,B,-,Y,,,36,,,,,,,Y,3,0,1,2,B,-,22,,,N,D,C,A,A,H,-,C,A,0,,,,,Y,Y,-,98,0,1,0,0,0,0,0,0,0,"- ","- ",40.405880000000003,-120.63294999999999,LASSEN,SUSANVILLE,-120.63287333,40.405919310000002
90175953,2016,2016-05-10,9140,2016-05-09,1540,015598,,1,2,9,1800,0,3,5,,2,040,"3RD STREET","CEDAR ST.",27.00,E,N,A,-,N,,,,,,,,,,Y,4,0,1,3,A,-,03,22350,,N,C,C,A,A,H,-,A,D,0,,,,,Y,,A,01,0,0,1,0,0,0,0,0,0,"- ","- ",,,LASSEN,UNINCORPORATED,-121.13849999999999,41.120310000000003
90178377,2016,2016-05-12,9140,2016-05-11,1030,020047,,3,1,9,1800,0,1,3,,2,051,"STATE ROUTE 36","STATE ROUTE 147",1056.00,W,N,A,-,Y,,,,,,,,,,N,4,0,1,2,A,-,05,21650,,F,G,B,E,A,H,-,A,D,0,Y,,,,Y,,A,01,0,0,1,0,1,0,0,0,0,"- ","- ",,,LASSEN,UNINCORPORATED,-121.05213817000001,40.311661489999999
90183378,2016,2016-05-19,9140,2016-05-13,1124,019275,,5,1,9,1800,0,3,5,,2,030,"COUNTY ROAD A1","STATE ROUTE 36",3168.00,N,N,A,-,N,,,,,,,,,,Y,3,0,1,1,A,-,08,22107,,N,F,A,A,A,H,-,A,D,0,,,,,Y,,D,22,0,1,0,0,0,0,0,0,0,"- ","- ",,,LASSEN,UNINCORPORATED,-120.71404696,40.42271049
90187674,2016,2016-05-26,9140,2016-05-20,1340,020047,,5,1,9,1800,0,1,3,,2,034,"STATE ROUTE 44","COUNTY ROAD A21",4752.00,W,N,B,F,Y,,,,,,,,,,Y,2,0,1,1,A,-,03,22350,,N,F,A,A,C,H,-,A,D,0,,,,,Y,,A,08,1,0,0,0,0,0,0,0,0,"- ","- ",,,LASSEN,UNINCORPORATED,,
90190467,2016,2016-05-31,9165,2016-05-22,1957,019781,,7,2,9,1800,0,1,3,,2,063,US-395,"POZZOLAN RD",1056.00,S,N,A,-,Y,,,395,,,,,,,Y,3,0,1,1,C,-,18,,,N,H,H,A,A,H,-,B,D,0,,,,,Y,,-,"- ",0,1,0,0,0,0,0,0,0,"- ","- ",39.849339999999998,-120.04183,LASSEN,UNINCORPORATED,-120.04192329,39.849329920000002
90190998,2016,2016-05-31,9140,2016-05-22,1515,019877,,7,2,9,1800,0,1,2,,2,021,US-395,"WENDEL RD.",1584.00,S,N,A,-,Y,,,395,,,,,,,Y,3,0,2,1,A,-,08,22107,,N,F,I,A,A,H,-,A,D,0,,,,,Y,,A,01,0,2,0,0,0,0,0,0,0,"- ","- ",40.377360000000003,-120.31861000000001,LASSEN,UNINCORPORATED,-120.31860829999999,40.377244689999998
90193073,2016,2016-06-02,9140,2016-05-28,2500,019275,,6,4,9,1800,0,3,5,,2,010,"SUNNYSIDE ROAD","TEA CUP LANE",0.00,,Y,A,-,N,,,,,,,,,,Y,2,0,1,1,A,-,08,22107,,N,E,I,A,A,H,-,D,D,0,,,,,Y,,A,07,1,0,0,0,0,0,0,0,0,"- ","- ",,,LASSEN,UNINCORPORATED,-120.52504152,40.325214019999997
90193786,2016,2016-06-03,9140,2016-05-16,1953,017976,,1,2,9,1800,0,3,5,,2,010,"LAKECREST ROAD","463-170 LAKECREST ROAD",237.00,N,N,B,-,N,,,,,,,,,,Y,3,0,1,1,A,-,08,22107,,M,E,I,A,A,H,-,A,D,0,,,,,Y,Y,A,07,0,1,0,0,0,0,0,0,0,"- ","- ",,,LASSEN,UNINCORPORATED,,
90194270,2016,2016-06-03,9140,2016-06-02,1240,016169,,4,1,9,1800,0,3,5,,2,030,"CENTER ROAD","CRAMER LANE",6864.00,E,N,A,-,N,,,,,,,,,,Y,4,0,1,1,A,-,08,22107,,N,F,A,A,A,H,-,A,D,0,,,,,Y,,A,01,0,0,1,0,0,0,0,0,0,"- ","- ",,,LASSEN,UNINCORPORATED,-120.55351589999999,40.396821500000001
90195650,2016,2016-06-07,9140,2016-06-04,2113,016322,,6,2,9,1800,0,1,2,,2,014,US-395,"LOUNSBURY RD",528.00,S,N,A,-,Y,,,395,,,,,,,Y,4,0,1,1,C,-,18,,,N,H,H,A,A,H,-,D,D,0,,,,,Y,,-,"- ",0,0,1,0,0,0,0,0,0,"- ","- ",40.19041,-120.39859,LASSEN,UNINCORPORATED,-120.39853279,40.190474260000002
90196873,2016,2016-06-08,9140,2016-05-29,1700,018094,,7,2,9,1800,0,3,5,,2,010,SR-44,"BUTTE LAKE ROAD",0.00,,Y,A,-,Y,,,,,,,,,,Y,4,0,1,1,A,-,08,22107,,N,E,I,A,A,H,-,A,D,0,,,,,Y,,A,01,0,0,1,0,0,0,0,0,0,"- ","- ",,,LASSEN,UNINCORPORATED,-121.27945989,40.64596993
90205302,2016,2016-06-20,9140,2016-06-09,1949,013571,,4,2,9,1800,0,1,2,,2,021,"US 395","JOHNSON RD.",1056.00,S,N,A,-,Y,,,,,,,,,,N,3,0,1,2,A,-,03,22350,,F,B,G,A,A,H,-,A,D,0,,Y,,,Y,,D,22,0,1,0,0,0,0,1,0,0,"- ","- ",,,LASSEN,UNINCORPORATED,-120.46101108000001,40.370172170000004
90205968,2016,2016-06-21,9170,2016-06-13,0905,015993,,1,1,9,1800,0,3,5,,1,022,"FILLMAN RD","WESTSIDE RD",400.00,E,N,A,-,N,,,,,,,,,,Y,4,0,1,1,A,-,03,22350,,N,F,A,A,A,H,-,A,D,0,,,,,Y,,A,07,0,0,1,0,0,0,0,0,0,"- ","- ",40.933860000000003,-120.59417999999999,LASSEN,UNINCORPORATED,-120.59776604,40.933866700000003
90211886,2016,2016-06-29,9165,2016-06-28,0639,013901,,2,1,9,1800,0,1,3,,2,063,US-395,"BLM ROAD (PETERSON MOUNTAIN ACCESS ROAD)",0.00,,Y,A,-,Y,,,395,,,,,,,Y,4,0,1,2,A,-,04,21703,,N,B,C,A,A,H,-,A,D,0,,,,,Y,,A,01,0,0,1,0,0,0,0,0,0,"- ","- ",39.879620000000003,-120.02724000000001,LASSEN,UNINCORPORATED,-120.02726242,39.879638790000001
90217968,2016,2016-07-07,9140,2016-07-01,1900,020806,,5,2,9,1800,0,1,3,,2,032,"STATE ROUTE 44","STATE ROUTE 36",14784.00,W,N,A,-,Y,,,,,,,,,,Y,4,0,1,1,A,-,08,22107,,N,F,A,A,A,H,-,A,D,0,,,,,Y,,M,47,0,0,1,0,0,0,0,0,0,"- ","- ",40.255850000000002,-120.48023999999999,LASSEN,UNINCORPORATED,-120.80053598000001,40.42633008
90218510,2016,2016-07-07,9135,2016-07-03,1310,012142,9135,7,1,9,1800,0,3,5,,2,007,"SUSANVILLE RD(COUNTY RD A-2)","RT 299",25872.00,S,N,A,-,N,,,,,,,,,,Y,4,0,3,1,A,-,08,22107,,N,F,I,A,A,H,-,A,D,0,,,,,Y,,A,01,0,0,3,0,0,0,0,0,0,"- ","- ",,,LASSEN,UNINCORPORATED,-121.04099929,41.126209000000003
90220163,2016,2016-07-11,9135,2016-07-06,0900,012142,9135,3,1,9,1800,0,1,3,,2,652,"STATE ROUTE 139","HAYDEN HILL RD",25344.00,S,N,A,-,Y,,,,,,,,,,Y,3,0,2,1,A,-,08,22107,,N,F,I,A,A,H,-,A,D,0,,,,,Y,,A,01,0,2,0,0,0,0,0,0,0,"- ","- ",,,LASSEN,UNINCORPORATED,-120.78810491999999,40.97964348
90220750,2016,2016-07-12,9140,2016-07-03,2310,016732,,7,3,9,1800,0,1,3,,2,042,SR-147,"SPRING CREEK DRIVE",383.00,N,N,A,-,Y,,,,,,,,,,Y,3,0,1,1,A,-,01,23152,A,N,E,I,A,A,H,-,D,D,0,,,,,Y,Y,A,01,0,1,0,0,0,0,0,0,0,"- ","- ",,,LASSEN,UNINCORPORATED,-121.04941465,40.298238840000003
90220778,2016,2016-07-12,9140,2016-07-02,1055,020047,,6,1,9,1800,0,1,2,,2,021,"US 395","SIERRA ST. (STANDISH)",1584.00,S,N,A,-,Y,,,,,,,,,,Y,3,0,2,2,A,-,08,22107,,N,B,C,A,A,H,-,A,D,0,,,,,Y,,D,22,0,1,1,0,0,0,0,0,0,"- ","- ",,,LASSEN,UNINCORPORATED,-120.42529,40.36515
90222631,2016,2016-07-14,9140,2016-07-13,1705,014430,,3,2,9,1800,0,3,5,,2,010,"COUNTY ROAD A25","HONEY LAKE DR.",4752.00,W,N,A,-,N,,,,,,,,,,Y,4,0,1,1,A,-,08,22107,,N,F,A,A,A,H,-,A,D,0,,,,,Y,,D,22,0,0,1,0,0,0,0,0,0,"- ","- ",40.136859999999999,-120.20747,LASSEN,UNINCORPORATED,-120.20751536,40.136922140000003
90223903,2016,2016-07-15,9140,2016-07-15,0910,014568,,5,1,9,1800,0,1,3,,2,011,SR-36,CR-A1,5280.00,E,N,A,-,Y,,,,,,,,,,N,3,0,3,1,C,-,18,,,N,H,H,A,A,H,-,A,D,0,,,,,Y,,-,"- ",0,3,0,0,0,0,0,0,0,"- ","- ",,,LASSEN,UNINCORPORATED,-120.68502879,40.422396110000001
90227404,2016,2016-07-21,9140,2016-07-15,1400,016322,,5,2,9,1800,0,3,5,,2,010,"FISH AND GAME RD","MAPES ROAD",5280.00,E,N,A,-,N,,,,,,,,,,Y,3,0,1,1,A,-,08,22107,,N,E,I,A,A,H,-,A,D,0,,,,,Y,,D,22,0,1,0,0,0,0,0,0,0,"- ","- ",40.354640000000003,-120.30383,LASSEN,UNINCORPORATED,-120.3054139,40.354170439999997
90227445,2016,2016-07-21,9140,2016-07-10,2203,017976,,7,3,9,1800,0,1,2,,2,013,US-395,"MAIN ST.",200.00,S,N,A,-,Y,,,,,,,,,,N,4,0,1,1,D,-,00,,,N,H,A,A,A,H,-,D,D,0,,,,,Y,,-,"- ",0,0,1,0,0,0,0,0,0,"- ","- ",,,LASSEN,UNINCORPORATED,-120.53767491000001,40.313475760000003
90230528,2016,2016-07-26,9140,2016-07-15,0400,020569,,5,3,9,1800,0,1,3,,2,034,SR-44,"BUTTE LAKE ROAD",1056.00,W,N,A,-,Y,,,,,,,,,,Y,2,0,1,1,A,-,08,22107,,N,F,A,A,A,H,-,D,D,0,,,,,Y,,D,22,1,0,0,0,0,0,0,0,0,"- ","- ",,,LASSEN,UNINCORPORATED,-121.28324636000001,40.646263150000003
90234798,2016,2016-08-01,9140,2016-07-28,2045,020806,,4,2,9,1800,0,1,3,,2,011,"STATE ROUTE 36","RIVER BENCH ROAD",265.00,W,N,A,-,Y,,,,,,,,,,N,3,0,1,1,A,-,03,22350,,N,E,H,A,A,H,-,D,D,0,,,Y,,Y,,C,02,0,1,0,0,0,0,0,0,1,"- ","- ",,,LASSEN,UNINCORPORATED,-120.76956199,40.404560740000001
90238041,2016,2016-08-04,9135,2016-07-29,1759,018213,,5,2,9,1800,0,3,5,,2,007,"LITTLE VALLEY RD","LUMBEE DR",2800.00,N,N,A,-,N,,,,,,,,,,Y,3,0,2,1,A,-,08,22107,,N,E,I,A,A,H,-,A,D,0,,,,,Y,,D,22,0,2,0,0,0,0,0,0,0,"- ","- ",40.915709999999997,-121.21848,LASSEN,UNINCORPORATED,-121.21827635,40.915916369999998
90238776,2016,2016-08-05,9140,2016-07-30,1525,020458,,6,2,3,1801,0,3,5,,2,010,"COUNTY ROAD A1",SR-36,26928.00,E,N,A,-,N,,,,,,,,,,Y,4,0,1,1,A,-,08,22107,,N,E,I,A,A,H,-,A,D,0,,,,,Y,,D,22,0,0,1,0,0,0,0,0,0,"- ","- ",,,LASSEN,SUSANVILLE,-120.7601434,40.460779389999999
90239574,2016,2016-08-08,9140,2016-08-05,0530,019275,,5,3,9,1800,0,1,2,,2,022,US-395,"RAMHORN SPRINGS RD",5280.00,N,N,B,-,Y,,,,,,,,,,Y,3,0,1,1,A,-,08,22107,,N,F,A,A,A,H,-,B,D,0,,,,,Y,,A,01,0,1,0,0,0,0,0,0,0,"- ","- ",,,LASSEN,UNINCORPORATED,,
90243582,2016,2016-08-12,9140,2016-08-06,0405,020806,,6,3,9,1800,0,1,3,,2,031,"STATE ROUTE 139","MERRILLVILLE ROAD",28512.00,N,N,A,-,Y,,,,,,,,,,Y,4,0,1,1,A,-,08,22107,,N,F,A,A,A,H,-,D,D,0,,,,,Y,,A,01,0,0,1,0,0,0,0,0,0,"- ","- ",,,LASSEN,UNINCORPORATED,-120.643334,40.614035999999999
90243625,2016,2016-08-12,9140,2016-08-03,1805,019877,,3,2,9,1800,0,1,2,,2,013,"US 395","SEARS RD.",0.00,,Y,A,-,Y,,,,,,,,,,N,4,0,1,2,D,-,00,,,N,D,C,A,A,H,-,A,A,0,,,,,Y,,-,"- ",0,0,1,0,0,0,0,0,0,"- ","- ",40.313299999999998,-120.51843,LASSEN,UNINCORPORATED,-120.50861995,40.294409950000002
90244062,2016,2016-08-12,9140,2016-08-09,1415,019275,,2,2,9,1800,0,1,2,,2,014,"US 395","MILFORD GRADE",4224.00,S,N,A,-,Y,,,,,,,,,,Y,4,0,1,2,A,-,03,22350,,N,C,C,A,A,D,-,A,A,0,,,,,Y,,A,01,0,0,1,0,0,0,0,0,0,"- ","- ",,,LASSEN,UNINCORPORATED,-120.35490965,40.166784059999998
90245610,2016,2016-08-16,9140,2016-08-12,1615,019275,,5,2,9,1800,0,3,5,,2,030,"COUNTY ROAD A1 (EAGLE LAKE ROAD)","LAKESIDE DRIVE",5280.00,S,N,A,-,N,,,,,,,,,,Y,3,0,1,1,A,-,01,23152,A,N,E,I,A,A,H,-,A,D,0,,,,,Y,Y,D,22,0,1,0,0,0,0,0,0,0,"- ","- ",40.7029,-120.75688,LASSEN,UNINCORPORATED,-120.75676559999999,40.702905970000003
90248473,2016,2016-08-19,9140,2016-08-13,1105,014568,,6,1,9,1800,0,1,3,,2,032,SR-44,CR-101,0.00,,Y,A,-,Y,,,44,,,,,,,Y,3,0,2,2,A,-,05,21752,D,N,C,C,A,A,H,-,A,A,0,,,,,Y,,A,01,0,2,0,0,0,0,0,0,0,"- ","- ",40.46322,-120.92645,LASSEN,UNINCORPORATED,-120.92624871,40.463424459999999
90248964,2016,2016-08-22,9140,2016-08-12,2015,013571,,5,2,9,1800,0,1,2,,2,022,"US 395","KARLO RD.",17952.00,N,N,A,-,Y,,,,,,,,,,Y,4,0,1,1,C,-,18,,,N,H,H,A,A,H,-,B,D,0,,,,,Y,,-,"- ",0,0,1,0,0,0,0,0,0,"- ","- ",,,LASSEN,UNINCORPORATED,-120.25120674,40.632187100000003
90250263,2016,2016-08-23,9165,2016-08-01,1804,019781,,1,2,9,1800,0,1,3,,2,063,"U.S. 395","RED ROCK RD",8448.00,S,N,A,-,Y,,,,,,,,,,Y,1,1,2,3,A,-,05,21460,A,N,A,C,A,A,H,-,A,D,0,,,,Y,Y,,A,01,0,2,0,0,0,0,0,0,0,"- ","- ",39.88832,-120.02012000000001,LASSEN,UNINCORPORATED,-120.02072674,39.887474169999997
90253220,2016,2016-08-26,9140,2016-08-13,2110,013571,,6,2,9,1800,0,1,2,,2,022,"US 395","BLM RD. 26000 (RAMHORN SPRINGS)",13728.00,S,N,A,-,Y,,,,,,,,,,Y,2,0,1,1,A,-,01,23152,A,N,E,I,A,A,H,-,D,D,0,,,,,Y,Y,A,01,1,0,0,0,0,0,0,0,0,"- ","- ",,,LASSEN,UNINCORPORATED,,
90255100,2016,2016-08-29,9140,2016-07-30,1545,013571,,6,2,9,1800,0,1,3,,2,031,"STATE ROUTE 139 (SR-139)","CO. RD. A-1",23760.00,S,N,A,-,Y,,,,,,,,,,Y,2,0,3,1,A,-,08,22107,,N,F,A,A,A,D,H,A,D,0,,,,,Y,,A,07,1,2,0,0,0,0,0,0,0,"- ","- ",,,LASSEN,UNINCORPORATED,,
90255789,2016,2016-08-29,9135,2016-08-21,1330,012142,9135,7,1,9,1800,0,1,3,,2,652,"STATE ROUTE 139","HAYDEN HILL RD",5280.00,N,N,A,-,Y,,,,,,,,,,Y,4,0,2,1,A,-,08,22107,,N,F,I,A,A,H,-,A,D,0,,,,,Y,,A,01,0,0,2,0,0,0,0,0,0,"- ","- ",,,LASSEN,UNINCORPORATED,-120.85532359,41.034262630000001
90255803,2016,2016-08-29,9135,2016-08-25,0630,012421,,4,1,9,1800,0,3,5,,2,007,"SUSANVILLE ROAD",SR-139,5280.00,W,N,A,-,Y,,,,,,,,,,N,4,0,1,1,C,-,18,,,N,H,H,A,A,H,-,B,D,0,,,,,Y,,-,"- ",0,0,1,0,0,0,0,0,0,"- ","- ",,,LASSEN,UNINCORPORATED,,
90261089,2016,2016-09-05,9165,2016-09-04,0624,013901,,7,1,9,1800,0,1,3,,2,060,SR-70,US-395,5808.00,W,N,A,-,Y,,,70,,,,,,,Y,3,0,1,1,A,-,08,22107,,N,E,I,A,A,H,-,B,D,0,,,,,Y,,D,22,0,1,0,0,0,0,0,0,0,"- ","- ",39.780929999999998,-120.05974000000001,LASSEN,UNINCORPORATED,-120.05974917,39.780896220000002
90261701,2016,2016-09-06,9140,2016-08-30,0524,015131,,2,3,9,1800,0,1,2,,2,015,US-395,"RED ROCK RD",6864.00,N,N,A,-,Y,,,395,,,,,,,N,4,0,1,1,A,-,08,22107,,N,E,I,A,A,H,-,D,D,0,,,,,Y,,A,01,0,0,1,0,0,0,0,0,0,"- ","- ",39.926020000000001,-120.02016999999999,LASSEN,UNINCORPORATED,-120.02000959,39.926036529999998
90263017,2016,2016-09-07,9140,2016-08-31,1250,019877,,3,1,9,1800,0,1,3,,2,034,SR-44,"BUTTE LAKE CAMPGROUNDS",528.00,W,N,A,-,Y,,,44,,,,,,,Y,4,0,1,1,A,-,08,22107,,N,E,I,A,A,H,-,A,D,0,,,,Y,Y,,G,25,0,0,1,0,0,0,0,0,0,"- ","- ",40.65437,-121.31936,LASSEN,UNINCORPORATED,-121.3193831,40.654287019999998
90264662,2016,2016-09-09,9140,2016-09-01,0905,017976,,4,1,9,1800,0,1,2,,2,014,US-395,"COUNTY ROAD A25",2.84,N,N,A,-,Y,,,,,,,,,,Y,4,0,3,2,A,-,03,22350,,N,C,C,A,A,D,-,A,A,0,,,,,Y,,D,22,0,0,3,0,0,0,0,0,0,"- ","- ",,,LASSEN,UNINCORPORATED,,
90265625,2016,2016-09-12,9140,2016-08-24,1615,016169,,3,2,9,1800,0,1,2,,2,014,US-395,"DEER TRAIL",1320.00,S,N,A,-,Y,,,,,,,,,,N,3,0,1,1,A,-,15,26454,B,N,F,A,A,A,D,-,A,D,0,,,Y,,Y,,C,02,0,1,0,0,0,0,0,0,1,"- ","- ",,,LASSEN,UNINCORPORATED,-120.40161913,40.193234140000001
90266616,2016,2016-09-13,9140,2016-09-07,1405,014430,,3,2,9,1800,0,1,3,,2,032,"STATE ROUTE 44","GOUMAZ RD.",1584.00,W,N,A,-,Y,,,44,,,,,,,Y,4,0,2,1,A,-,08,22107,,N,F,A,A,A,H,-,A,D,0,,,,,Y,,A,08,0,0,2,0,0,0,0,0,0,"- ","- ",40.444870000000002,-120.87875,LASSEN,UNINCORPORATED,-120.8787292,40.444968930000002
90269105,2016,2016-09-16,9140,2016-09-13,1145,015598,,2,1,9,1800,0,1,3,,2,011,"STATE ROUTE 36","WILLARD HILL RD.",22176.00,W,N,A,-,Y,,,,,,,,,,N,4,0,1,2,A,-,03,22350,,N,C,C,A,A,H,-,A,D,0,,,,,Y,,A,01,0,0,1,0,0,0,0,0,0,"- ","- ",,,LASSEN,UNINCORPORATED,,
90270290,2016,2016-09-19,9140,2016-09-07,2225,017976,,3,3,9,1800,0,3,5,,2,010,"GOLD RUN ROAD","AMESBURY DRIVE",5280.00,W,N,A,-,N,,,,,,,,,,Y,3,0,1,1,A,-,01,23152,A,N,E,I,A,A,H,-,D,D,0,,,,,Y,Y,A,01,0,1,0,0,0,0,0,0,0,"- ","- ",,,LASSEN,UNINCORPORATED,-120.69524466999999,40.36149666
90270516,2016,2016-09-19,9140,2016-09-11,2145,016732,,7,2,9,1800,0,1,3,,2,041,SR-36,"WESTWOOD CEMETERY",1056.00,E,N,A,-,Y,,,,,,,,,,Y,3,0,1,1,A,-,01,23152,A,N,E,I,A,A,H,-,D,D,0,,,,,Y,Y,D,22,0,1,0,0,0,0,0,0,0,"- ","- ",,,LASSEN,UNINCORPORATED,,
90271308,2016,2016-09-20,9140,2016-09-11,1558,018094,,7,2,9,1800,0,1,3,,2,011,SR-36,SR-44,0.00,,Y,A,G,Y,,,,,,,,,,Y,2,0,2,2,A,-,09,21802,A,N,D,C,A,A,H,-,A,A,0,,,,,Y,,A,01,1,1,0,0,0,0,0,0,0,"- ","- ",,,LASSEN,UNINCORPORATED,-120.75538994999999,40.411189899999997
90275884,2016,2016-09-26,9135,2016-09-18,2130,019030,,7,2,9,1800,0,3,5,,2,007,"BIEBER LOOKOUT RD","COUNTY ROAD 87",10560.00,S,N,A,-,Y,,,,,,,,,,Y,3,0,1,1,A,-,01,23152,A,N,E,A,A,A,H,-,D,D,0,,,,,Y,Y,A,01,0,1,0,0,0,0,0,0,0,"- ","- ",41.181829999999998,-121.13876,LASSEN,UNINCORPORATED,,
90279618,2016,2016-09-29,9140,2016-09-20,0548,016169,,2,3,9,1800,0,1,2,,2,015,"US 395","HALL ROAD",2904.00,N,N,A,-,Y,,,,,,,,,,Y,4,0,1,1,A,-,08,22107,,N,E,I,A,A,H,-,A,D,0,,,,,Y,,A,01,0,0,1,0,0,0,0,0,0,"- ","- ",,,LASSEN,UNINCORPORATED,-120.09102181999999,40.008394469999999
90285637,2016,2016-10-06,9140,2016-09-25,0640,016169,,7,1,9,1800,0,1,2,,2,013,"US 395","JANESVILLE GRADE",280.00,N,N,A,-,Y,,,,,,,,,,Y,2,0,1,1,C,-,18,,,N,H,H,A,A,H,-,B,D,0,,,Y,,Y,,-,"- ",1,0,0,0,0,0,0,0,1,"- ","- ",40.291260000000001,-120.5027,LASSEN,UNINCORPORATED,,
90287089,2016,2016-10-10,9140,2016-10-01,1015,020806,,6,1,9,1800,0,3,5,,2,010,"SUMMERS ROAD","HACKSTAFF ROAD",2112.00,E,N,A,-,N,,,,,,,,,,Y,2,0,1,1,A,-,01,23152,E,N,F,A,A,A,H,-,A,D,0,,,,,Y,,A,07,1,0,0,0,0,0,0,0,0,"- ","- ",40.06194,-120.06571,LASSEN,UNINCORPORATED,-120.11274815,40.113244719999997
90290622,2016,2016-10-12,9140,2016-08-13,2110,020569,,6,2,9,1800,0,1,2,,2,014,US-395,"MILFORD GRADE ROAD",12144.00,N,N,A,-,Y,,,395,,,,,,,Y,1,1,0,1,C,-,18,,,N,H,H,A,A,H,-,D,D,0,,,,,Y,,-,"- ",0,0,0,0,0,0,0,0,0,"- ","- ",40.185130000000001,-120.39255,LASSEN,UNINCORPORATED,-120.39257834999999,40.185097399999997
90290761,2016,2016-10-13,9140,2016-10-02,1645,017976,,7,2,9,1800,0,1,3,,2,034,SR-44,"SHASTA CO LINE",1584.00,E,N,B,D,Y,,,,,,,,,,Y,3,0,1,1,A,-,03,22350,,N,E,I,A,C,H,-,A,D,0,,,,,Y,,A,07,0,1,0,0,0,0,0,0,0,"- ","- ",,,LASSEN,UNINCORPORATED,,
90301092,2016,2016-10-25,9135,2016-10-13,1715,012142,9135,4,2,9,1800,0,1,3,,2,652,"STATE ROUTE 139","SUSANVILLE RD",26400.00,S,N,A,-,Y,,,,,,,,,,Y,3,0,3,1,C,-,18,,,N,E,H,A,A,H,-,B,D,0,,,,,Y,,-,"- ",0,1,2,0,0,0,0,0,0,"- ","- ",,,LASSEN,UNINCORPORATED,,
90304491,2016,2016-10-28,9140,2016-10-08,1627,019931,,6,2,9,1800,0,1,2,,2,021,"US 395","LEAVITT LN.",1584.00,N,N,A,-,Y,,,,,,,,,,Y,4,0,1,1,A,-,08,22107,,M,E,I,A,A,H,-,A,D,0,,,,,Y,,A,01,0,0,1,0,0,0,0,0,0,"- ","- ",,,LASSEN,UNINCORPORATED,-120.52164,40.375920000000001
90304492,2016,2016-10-28,9140,2016-10-13,0420,016279,,4,3,9,1800,0,1,2,,2,021,"US 395","BYERS PASS RD",1584.00,S,N,B,-,Y,,,,,,,,,,Y,2,0,1,1,A,-,08,22107,,N,E,I,A,A,H,-,D,D,0,,,,,Y,,D,22,1,0,0,0,0,0,0,0,0,"- ","- ",,,LASSEN,UNINCORPORATED,-120.48820000000001,40.37556
90309668,2016,2016-11-02,9140,2016-08-14,0950,016169,,7,1,9,1800,0,1,3,,2,042,SR-147,"LATTER DAY SAINTS CHURCH ROAD",1584.00,W,N,A,-,Y,,,,,,,,,,Y,3,0,2,2,A,-,05,21460,A,N,A,C,A,A,H,-,A,D,0,,,,,Y,,A,01,0,1,1,0,0,0,0,0,0,"- ","- ",,,LASSEN,UNINCORPORATED,,
90313376,2016,2016-11-07,9135,2016-11-02,1700,013553,,3,2,9,1800,0,1,3,,2,651,SR-299,"DAY ROAD",6600.00,E,N,A,-,Y,,,,,,,,,,Y,4,0,1,1,A,-,08,22107,,N,E,I,A,A,H,-,A,D,0,,,,,Y,,A,07,0,0,1,0,0,0,0,0,0,"- ","- ",,,LASSEN,UNINCORPORATED,-121.29598674,41.098747299999999
90314038,2016,2016-11-08,9140,2016-10-23,0615,020502,,7,1,9,1800,0,1,2,,2,013,US-395,"SUNNYSIDE ROAD",1584.00,S,N,A,-,Y,,,395,,,,,,,Y,4,0,1,1,A,-,01,23152,A,N,E,I,A,A,H,-,D,D,0,,,,,Y,Y,D,22,0,0,1,0,0,0,0,0,0,"- ","- ",40.323839999999997,-120.54454,LASSEN,UNINCORPORATED,-120.54462737999999,40.323834480000002
90321679,2016,2016-11-17,9140,2016-11-03,1930,013571,,4,2,9,1800,0,1,2,,2,021,"US 395","MAPES LN.",16.00,N,N,A,-,Y,,,,,,,,,,Y,3,0,3,2,A,-,08,22107,,F,D,C,A,A,H,-,D,D,0,,,,,Y,Y,A,07,0,1,2,0,0,0,0,0,0,"- ","- ",,,LASSEN,UNINCORPORATED,-120.32758,40.377079999999999
90321715,2016,2016-11-17,9140,2016-11-08,1824,016169,,2,2,9,1800,0,1,2,,2,013,"US 395","MAIN ST JANESVILLE",300.00,S,N,A,-,Y,,,,,,,,,,Y,3,0,1,1,A,-,08,22107,,N,F,A,A,A,H,-,D,D,0,,,,,Y,,D,22,0,1,0,0,0,0,0,0,0,"- ","- ",,,LASSEN,UNINCORPORATED,,
90321764,2016,2016-11-17,9140,2016-11-12,0630,014568,,6,1,9,1800,0,3,5,,2,030,CR-A1,"GALLATIN RD.",10560.00,S,N,B,-,N,,,,,,,,,,Y,3,0,1,1,A,-,08,22107,,N,E,I,A,A,H,-,B,D,0,,,,,Y,,A,07,0,1,0,0,0,0,0,0,0,"- ","- ",,,LASSEN,UNINCORPORATED,-120.777542,40.522604979999997
90325859,2016,2016-11-21,9140,2016-11-07,1659,016169,,1,2,9,1800,0,1,2,,2,013,"US 395","JANESVILLE GRADE",1320.00,N,N,A,-,Y,,,,,,,,,,Y,4,0,1,1,C,-,18,,,N,H,H,A,A,H,-,B,D,0,,,,,Y,,-,"- ",0,0,1,0,0,0,0,0,0,"- ","- ",,,LASSEN,UNINCORPORATED,,
90329282,2016,2017-02-24,9140,2016-11-23,1145,020047,,3,1,9,1800,0,1,3,,2,032,"STATE ROUTE 44","FEATHER LAKE RXR",1584.00,E,N,B,D,Y,,,,,,,,,,Y,4,0,2,1,A,-,03,22350,,N,F,A,A,C,H,-,A,D,0,,,,,Y,,D,22,0,0,2,0,0,0,0,0,0,"- ","- ",,,LASSEN,UNINCORPORATED,,
90331299,2016,2016-11-28,9165,2016-10-23,1510,020692,,7,2,9,1800,0,1,3,,2,062,"US-395 N/B",SR-70,7920.00,S,N,B,-,Y,,,395,,,,,,N,Y,1,1,0,1,A,-,01,23152,A,N,F,A,A,A,H,-,A,D,0,,,,,Y,Y,D,22,0,0,0,0,0,0,0,0,0,"- ","- ",39.753010000000003,-120.03896,LASSEN,UNINCORPORATED,-120.03890009,39.753010000000003
90332669,2016,2016-11-29,9135,2016-11-28,0900,012421,,1,1,9,1800,0,1,3,,2,652,SR-139,"HAYDEN HILL RD",26400.00,S,N,D,-,Y,,,,,,,,,,N,4,0,1,1,A,-,03,22350,,N,F,A,A,C,H,-,A,D,0,,,,,Y,,A,07,0,0,1,0,0,0,0,0,0,"- ","- ",,,LASSEN,UNINCORPORATED,-120.78453528999999,40.978603790000001
90333763,2016,2016-11-30,9135,2016-11-28,0901,013553,,1,1,9,1800,0,1,3,,2,652,SR-139,"USFS ROAD 38N04",1056.00,S,N,B,D,Y,,,,,,,,,,Y,4,0,3,1,A,-,08,22107,,N,F,A,A,C,H,-,A,D,0,,,,,Y,,A,01,0,0,3,0,0,0,0,0,0,"- ","- ",,,LASSEN,UNINCORPORATED,,
90333822,2016,2016-11-30,9140,2016-11-21,0630,016279,,1,1,9,1800,0,1,2,,2,013,"US 395","JOHNSTONVILLE DUMP RD",654.00,N,N,B,-,Y,,,,,,,,,,Y,4,0,1,1,C,-,18,,,N,H,H,A,B,H,-,B,D,0,,,,,Y,,-,"- ",0,0,1,0,0,0,0,0,0,"- ","- ",,,LASSEN,UNINCORPORATED,-120.55877246999999,40.351992119999998
90333892,2016,2016-11-30,9140,2016-11-21,1050,020502,,1,1,9,1800,0,1,2,,2,015,US-395,"COUNTY ROAD A-26",0.00,,Y,B,-,Y,,,395,,,,,,,Y,4,0,2,2,A,-,09,21802,A,N,D,C,A,A,H,-,A,A,0,,,,Y,Y,,A,01,0,0,2,0,0,0,0,0,0,"- ","- ",40.09122,-120.17192,LASSEN,UNINCORPORATED,-120.17206329,40.090894329999998
90333974,2016,2016-11-30,9140,2016-11-23,0525,016279,,3,3,9,1800,0,1,2,,2,013,"US 395","DIANE DR",2112.00,N,N,A,-,Y,,,,,,,,,,Y,4,0,1,1,C,-,18,,,N,H,H,A,C,H,-,B,D,0,,,,,Y,,-,"- ",0,0,1,0,0,0,0,0,0,"- ","- ",,,LASSEN,UNINCORPORATED,-120.58640631,40.378249660000002
90336048,2016,2016-12-05,9140,2016-11-19,1900,013571,,6,2,9,1800,0,1,3,,2,034,"STATE ROUTE 44","BUTTE LAKE RD.",6864.00,W,N,B,D,Y,,,,,,,,,,Y,3,0,2,1,A,-,03,22350,,N,F,A,A,C,H,-,D,A,0,,,,,Y,,D,22,0,1,1,0,0,0,0,0,0,"- ","- ",,,LASSEN,UNINCORPORATED,-121.30350008000001,40.649825589999999
90341365,2016,2016-12-09,9140,2016-10-11,1902,017976,,2,2,9,1800,0,3,5,,2,020,"COUNTY ROAD A-27 (JOHNSTONVILLE ROAD)","BIG SKY BLVD",605.00,W,N,A,-,N,,,,,,,,,,N,1,1,0,2,A,-,11,21954,A,F,G,B,D,A,H,-,C,D,0,Y,,,,Y,Y,N,60,0,0,0,1,0,0,0,0,0,"- ","- ",40.39922,-120.61498,LASSEN,UNINCORPORATED,-120.61501265,40.399124270000002
90341672,2016,2016-12-12,9140,2016-12-03,1034,020569,,6,1,9,1800,0,1,2,,2,013,US-395,"STATE ROUTE 36",2112.00,S,N,A,-,Y,,,395,,,,,,,Y,3,0,1,1,A,-,08,22107,,N,F,I,A,A,H,-,A,D,0,,,,,Y,,A,01,0,1,0,0,0,0,0,0,0,"- ","- ",40.378540000000001,-120.58665999999999,LASSEN,UNINCORPORATED,-120.58672893000001,40.378381789999999
90345956,2016,2016-12-15,9135,2016-12-13,0230,013553,,2,3,9,1800,0,1,3,,2,651,SR-299,"OLD HIGHWAY ROAD",14256.00,E,N,A,-,Y,,,,,,,,,,Y,4,0,1,1,A,-,08,22107,,N,E,I,A,A,H,-,D,D,0,,,,,Y,,A,07,0,0,1,0,0,0,0,0,0,"- ","- ",,,LASSEN,UNINCORPORATED,-121.24570754,41.068936440000002
90349502,2016,2016-12-20,9140,2016-12-18,1705,016169,,7,2,9,1800,0,1,2,,2,013,US-395,"SEARS ROAD",640.00,N,N,A,-,Y,,,,,,,,,,Y,4,0,1,1,A,-,08,22107,,N,E,I,A,A,H,-,D,D,0,,,,,Y,,D,22,0,0,1,0,0,0,0,0,0,"- ","- ",,,LASSEN,UNINCORPORATED,-120.51046160999999,40.29545727
90349679,2016,2016-12-20,9140,2016-12-10,0423,020458,,6,3,9,1800,0,1,2,,2,015,"US 395","COWBOY JOE RD.",510.00,S,N,B,C,Y,,,,,,,,,,Y,4,0,1,1,A,-,03,22350,,N,F,A,A,B,H,-,D,D,0,,,,,Y,,D,22,0,0,1,0,0,0,0,0,0,"- ","- ",,,LASSEN,UNINCORPORATED,,
90350697,2016,2016-12-21,9140,2016-12-21,0700,014568,,3,1,9,1800,0,1,3,,2,034,SR-44,"BUTTE LAKE RD.",2112.00,W,N,A,-,Y,,,,,,,,,,Y,4,0,1,1,A,-,03,22350,,N,F,A,A,C,H,-,D,D,0,,,,,Y,,D,22,0,0,1,0,0,0,0,0,0,"- ","- ",,,LASSEN,UNINCORPORATED,-121.28703202,40.646561599999998
90355433,2016,2016-12-27,9135,2016-12-21,0545,019030,,3,3,9,1800,0,1,3,,2,651,"SR-299 E/B","BEAR SPRINGS RD",3960.00,W,N,A,-,Y,,,,,,,,,,Y,4,0,1,1,A,-,03,22350,,N,F,I,A,C,H,-,B,D,0,,,,,Y,,D,22,0,0,1,0,0,0,0,0,0,"- ","- ",40.069290000000002,-121.24769000000001,LASSEN,UNINCORPORATED,-121.24707644999999,41.069160789999998
90358541,2016,2016-12-30,9140,2016-12-10,1410,016732,,6,2,9,1800,0,1,3,,2,041,SR-36,"WESTWOOD CEMETERY",264.00,W,N,B,C,Y,,,,,,,,,,Y,1,1,1,1,A,-,08,22107,,N,E,I,A,B,H,-,A,D,0,,,,,Y,,D,22,0,1,0,0,0,0,0,0,0,"- ","- ",,,LASSEN,UNINCORPORATED,,
90361011,2016,2017-01-04,9140,2016-12-20,2203,017976,,2,3,9,1800,0,3,5,,2,020,"JOHNSTONVILLE ROAD","TRAVIS LN",260.00,S,N,B,-,N,,,,,,,,,,Y,3,0,1,1,A,-,03,22350,,N,H,A,A,C,H,-,C,D,0,,,,,Y,,A,07,0,1,0,0,0,0,0,0,0,"- ","- ",,,LASSEN,UNINCORPORATED,-120.58760658,40.38903895
90361642,2016,2017-02-13,9140,2016-12-24,1745,013571,,6,2,9,1800,0,3,5,,2,020,"JOHNSTONVILLE RD.","BIG SKY BLVD.",4752.00,E,N,B,-,N,,,,,,,,,,Y,4,0,1,1,A,-,08,22107,,N,E,I,A,A,H,-,D,D,0,,,,,Y,,A,01,0,0,1,0,0,0,0,0,0,"- ","- ",,,LASSEN,UNINCORPORATED,-120.59650541000001,40.394736880000004
90362502,2017,2017-01-05,9140,2017-01-01,1843,017976,,7,2,9,1800,0,1,2,,2,013,US-395,"LAKECREST ROAD",1782.00,S,N,B,D,Y,,,,,,,,,,Y,4,0,1,2,A,-,03,22350,,N,A,C,A,C,H,-,D,D,0,,,,,Y,,D,22,0,0,1,0,0,0,0,0,0,"- ","- ",,,LASSEN,UNINCORPORATED,-120.49627953,40.287628669999997
90362571,2016,2017-01-05,9140,2016-12-28,1430,020502,,3,2,9,1800,0,1,3,,2,034,"STATE ROUTE 44","POLE SPRINGS ROAD",1056.00,W,N,A,-,Y,,,44,,,,,,,Y,4,0,2,1,A,-,08,22107,,N,E,I,A,A,H,-,A,D,0,,,,,Y,,A,01,0,0,2,0,0,0,0,0,0,"- ","- ",40.64385,-121.25306999999999,LASSEN,UNINCORPORATED,-121.25306718,40.643884540000002
90363249,2017,2017-01-06,9140,2017-01-02,1030,014430,,1,1,9,1800,0,1,2,,2,014,"US 395","COUNTY ROAD A-25",15840.00,N,N,B,D,Y,,,,,,,,,,Y,4,0,1,1,A,-,03,22350,,N,F,A,A,C,H,-,A,D,0,,,,,Y,,D,22,0,0,1,0,0,0,0,0,0,"- ","- ",40.14864,-120.29591000000001,LASSEN,UNINCORPORATED,,
90363458,2017,2017-02-13,9140,2017-01-02,1419,017976,,1,2,9,1800,0,1,3,,2,031,SR-139,"RICE CANYON ROAD",8976.00,S,N,B,D,Y,,,,,,,,,,Y,4,0,1,1,A,-,03,22350,,N,F,A,A,C,H,-,A,D,0,,,,,Y,,A,07,0,0,1,0,0,0,0,0,0,"- ","- ",,,LASSEN,UNINCORPORATED,-120.56826719,40.463806890000001
90368321,2017,2017-02-14,9140,2017-01-02,1720,020502,,1,2,9,1800,0,1,2,,2,013,"US 395","HONEY VIEW LANE",4752.00,S,N,D,-,Y,,,,,,,,,,Y,2,0,7,2,A,-,05,21650,,N,A,C,A,C,H,-,D,D,0,,,,,Y,,A,07,1,1,5,0,0,0,0,0,0,"- ","- ",40.23104,-120.44295,LASSEN,UNINCORPORATED,-120.44348069999999,40.231630809999999
90369460,2017,2017-01-16,9140,2017-01-13,1150,020047,,5,1,9,1800,0,1,2,,2,013,"US 395","CHURCH STREET",1056.00,N,N,A,-,Y,,,,,,,,,,Y,3,0,2,2,A,-,03,22350,,N,C,C,A,A,H,-,A,D,0,,,,,Y,,A,07,0,1,1,0,0,0,0,0,0,"- ","- ",40.296080000000003,-120.51155,LASSEN,UNINCORPORATED,-120.42033000000001,40.365229999999997
90372103,2017,2017-02-13,9140,2017-01-09,1900,018094,,1,2,9,1800,0,1,2,,2,013,US-395,"SADDLEBACK LANE",0.00,,Y,D,-,Y,,,395,,,,,,,Y,3,0,3,2,A,-,01,23152,A,N,A,C,A,C,H,-,D,D,0,,,,,Y,Y,D,22,0,1,2,0,0,0,0,0,0,"- ","- ",40.313859999999998,-120.53812000000001,LASSEN,UNINCORPORATED,-120.53812996000001,40.313846740000002
90373011,2017,2017-02-13,9140,2017-01-12,2100,016322,,4,2,9,1800,0,1,2,,2,015,US-395,"CONSTANTIA ROAD",528.00,S,N,B,-,Y,,,395,,,,,,,Y,3,0,1,1,A,-,03,22350,,N,E,I,A,C,H,-,D,D,0,,,,,Y,,D,22,0,1,0,0,0,0,0,0,0,"- ","- ",40.013350000000003,-120.09918999999999,LASSEN,UNINCORPORATED,-120.09923809,40.013217750000003
90389134,2017,2017-02-09,9140,2017-02-07,1205,014898,,2,1,9,1800,0,1,3,,2,011,SR36,"FREDENYER SUMMIT",4224.00,E,N,A,-,Y,,,36,,,,,,,Y,4,0,1,1,A,-,08,22107,,N,F,A,A,A,H,-,A,D,0,,,,,Y,,D,22,0,0,1,0,0,0,0,0,0,"- ","- ",40.364049999999999,-120.85402000000001,LASSEN,UNINCORPORATED,-120.85401383,40.364122930000001
90393203,2016,2017-02-20,9165,2016-12-18,0218,019583,,7,3,9,1800,0,1,3,,2,063,US-395,"POZZOLAN ROAD",12672.00,S,N,A,-,Y,,,395,,,,,,,Y,1,4,1,2,A,-,01,23152,A,N,A,C,A,A,H,-,D,D,0,,,,,Y,Y,A,01,0,1,0,0,0,0,0,0,0,"- ","- ",39.818150000000003,-120.03492,LASSEN,UNINCORPORATED,-120.03491400999999,39.81815142
90395121,2017,2017-02-16,9140,2017-02-15,0530,020647,,3,3,9,1800,0,3,5,,2,010,"MAIN STREET","SEARS ROAD",545.00,N,N,A,-,N,,,,,,,,,,Y,3,0,1,1,A,-,03,22350,,N,F,A,A,C,H,-,D,D,0,,,,,Y,,D,22,0,1,0,0,0,0,0,0,0,"- ","- ",40.292999999999999,-120.5137,LASSEN,UNINCORPORATED,-120.5137301,40.292926899999998
90399025,2017,2017-02-23,9140,2017-02-22,0750,020047,,3,1,9,1800,0,1,2,,2,014,"US 395","LOUNSBURY LANE",126.00,S,N,A,-,Y,,,,,,,,,,Y,3,0,1,1,A,-,03,22350,,N,E,I,A,C,H,-,A,A,0,,,,Y,Y,,G,25,0,1,0,0,0,0,0,0,0,"- ","- ",40.191299999999998,-120.39964000000001,LASSEN,UNINCORPORATED,-120.39923663,40.191077399999998
90403869,2017,2017-03-01,9140,2017-02-22,0940,017976,,3,1,9,1800,0,1,2,,2,014,US-395,"COUNTY ROAD A-25",6864.00,N,N,B,-,Y,,,395,,,,,,,Y,4,0,1,2,A,-,03,22350,,N,A,C,A,C,H,-,A,D,0,,,,,Y,,D,22,0,0,1,0,0,0,0,0,0,"- ","- ",40.135840000000002,-120.26791,LASSEN,UNINCORPORATED,-120.2678119,40.136056799999999
90404073,2017,2017-03-01,9140,2017-02-27,1005,017976,,1,1,9,1800,0,1,2,,2,014,US-395,"COUNTY ROAD A-26",64.00,N,N,B,-,Y,,,,,,,,,,Y,3,0,1,1,A,-,03,22350,,N,F,A,A,C,H,-,A,D,0,,,,,Y,,D,22,0,1,0,0,0,0,0,0,0,"- ","- ",40.090730000000001,-120.01325,LASSEN,UNINCORPORATED,,
90404719,2017,2017-03-02,9140,2017-02-22,1735,020806,,3,2,9,1800,0,1,3,,2,011,"STATE ROUTE 36","WILLARD CREEK ROAD",30624.00,W,N,D,-,Y,,,,,,,,,,Y,4,0,1,2,B,-,22,,,N,E,J,A,C,H,-,D,A,0,,,,,Y,,K,45,0,0,1,0,0,0,0,0,0,"- ","- ",,,LASSEN,UNINCORPORATED,-120.89149673,40.353996430000002
90405138,2017,2017-03-03,9140,2017-02-27,1530,019230,,1,2,9,1800,0,3,5,,2,020,"MUSKRAT DRIVE","COTTONWOOD ROAD",101.00,S,N,A,-,N,,,,,,,,,,N,3,0,1,1,A,-,08,22107,,N,F,A,A,A,H,-,C,D,0,,,Y,,Y,,C,02,0,1,0,0,0,0,0,0,1,"- ","- ",40.371879999999997,-120.52575,LASSEN,UNINCORPORATED,-120.52531999999999,40.371899999999997
90407415,2017,2017-03-07,9165,2017-03-06,0658,013901,,1,1,9,1800,0,1,3,,2,063,US-395,"BLM ROAD",3696.00,S,N,B,D,Y,,,395,,,,,,,Y,3,0,1,1,A,-,03,22350,,N,F,A,A,C,E,-,B,A,0,,,,,Y,,A,07,0,1,0,0,0,0,0,0,0,"- ","- ",39.870240000000003,-120.03516999999999,LASSEN,UNINCORPORATED,-120.035177,39.870245670000003
90411820,2017,2017-03-14,9165,2017-03-12,0838,013901,,7,1,9,1800,0,1,3,,2,060,SR-70,"LONG VALLEY CREEK",200.00,E,N,A,-,Y,,,70,,,,,,,Y,2,0,1,2,A,-,03,22350,,N,C,C,A,A,H,-,A,D,0,,,,,Y,Y,A,01,1,0,0,0,0,0,0,0,0,"- ","- ",39.783999999999999,-120.07115,LASSEN,UNINCORPORATED,-120.07114966,39.784001250000003
90414103,2017,2017-03-16,9140,2017-03-06,1350,016279,,1,1,9,1800,0,1,3,,2,031,"STATE ROUTE 139","COUNTY ROAD A1",42768.00,S,N,B,-,Y,,,,,,,,,,Y,3,0,1,1,A,-,01,23152,A,N,E,J,A,B,H,-,A,D,0,,,,,Y,Y,D,22,0,1,0,0,0,0,0,0,0,"- ","- ",,,LASSEN,UNINCORPORATED,,
90415622,2017,2017-03-20,9140,2017-03-12,1432,019230,,7,2,9,1800,0,1,3,,2,032,"STATE ROUTE 44","MC COY RD",17952.00,W,N,A,-,Y,,,44,,,,,,,Y,3,0,2,1,A,-,08,22107,,N,E,I,A,A,H,-,A,D,0,,,,,Y,,A,07,0,1,1,0,0,0,0,0,0,"- ","- ",40.496450000000003,-120.97686,LASSEN,UNINCORPORATED,-120.97682673,40.496506740000001
90418623,2017,2017-03-23,9140,2017-01-07,1551,020806,,6,2,9,1800,0,1,3,,2,032,"STATE ROUTE 44","STATE ROUTE 36",8448.00,W,N,B,D,Y,,,,,,,,,,Y,1,1,0,3,A,-,03,22350,,N,F,A,E,C,H,-,A,D,0,Y,,,Y,Y,,G,27,0,0,0,1,0,0,0,0,0,"- ","- ",40.250830000000001,-120.47027,LASSEN,UNINCORPORATED,-120.78336989,40.417869609999997
90418759,2017,2017-03-23,9140,2017-03-15,0050,020502,,3,3,9,1800,0,3,5,,2,010,"MAIN STREET","JANESVILLE GRADE",1056.00,N,N,A,-,N,,,,,,,,,,Y,3,0,1,1,A,-,01,23152,A,N,E,I,A,A,H,-,D,D,0,,,,,Y,Y,A,01,0,1,0,0,0,0,0,0,0,"- ","- ",40.291170000000001,-120.50451,LASSEN,UNINCORPORATED,-120.50514509999999,40.291190049999997
90418840,2017,2017-03-23,9140,2017-03-16,1250,020806,,4,1,9,1800,0,3,5,,2,020,"WENDEL ROAD","FISH AND GAME ROAD",12672.00,E,N,A,-,N,,,,,,,,,,Y,4,0,1,1,A,-,08,22107,,N,E,I,A,A,H,-,A,D,0,,,,,Y,,A,01,0,0,1,0,0,0,0,0,0,"- ","- ",,,LASSEN,UNINCORPORATED,-120.2403408,40.366632170000003
90420770,2017,2017-03-27,9140,2017-03-24,1035,014568,,5,1,9,1800,0,1,3,,2,032,SR-44,"CR-101 (MCCOY ROAD)",16368.00,W,N,D,-,Y,,,,,,,,,,Y,3,0,1,1,A,-,03,22350,,N,F,A,A,C,H,-,A,A,0,,,,,Y,,D,22,0,1,0,0,0,0,0,0,0,"- ","- ",,,LASSEN,UNINCORPORATED,,
90427863,2017,2017-04-05,9140,2017-03-05,1410,014898,,7,2,9,1800,0,1,3,,2,034,"RT 44","PITTVILLE RD.",7920.00,E,N,D,E,Y,,,44,,,,,,,Y,4,0,1,3,A,-,03,22350,,F,C,C,A,C,H,-,A,D,0,,,,Y,Y,,G,25,0,0,1,0,0,0,0,0,0,"- ","- ",40.63297,-121.14685,LASSEN,UNINCORPORATED,-121.14685531000001,40.632962599999999
90448375,2017,2017-10-18,9140,2017-03-25,1520,020806,,6,2,9,1800,0,3,5,,2,020,"JOHNSTONVILLE ROAD","COMMERCIAL ROAD",930.00,E,N,A,-,N,,,,,,,,,,Y,1,1,0,1,A,-,08,22107,,N,F,A,A,A,H,-,A,D,0,,,,,Y,,D,22,0,0,0,0,0,0,0,0,0,"- ","- ",40.23968,-120.37027999999999,LASSEN,UNINCORPORATED,-120.61731408999999,40.399615140000002
90448689,2017,2017-05-03,9140,2017-04-23,1924,018094,,7,2,9,1800,0,1,3,,2,031,SR-139,"SOUTH GRASSHOPPER ROAD",7445.00,N,N,A,-,Y,,,139,,,,,,,Y,4,0,1,2,A,-,05,21460,A,N,B,C,A,A,H,-,A,D,0,,,,,Y,Y,A,07,0,0,1,0,0,0,0,0,0,"- ","- ",40.830089999999998,-120.74484,LASSEN,UNINCORPORATED,-120.74482681000001,40.830102420000003
90450184,2017,2017-05-05,9135,2017-04-30,1245,019680,,7,1,9,1800,0,1,3,,2,651,"HIGHWAY 299 E","WALKER ST.",52483.00,E,N,A,-,Y,,,,,,,,,,Y,4,0,1,2,A,-,03,22350,,N,C,C,A,A,H,-,A,D,0,,,,,Y,,A,01,0,0,1,0,0,0,0,0,0,"- ","- ",,,LASSEN,UNINCORPORATED,,
90457131,2017,2017-05-16,9135,2017-05-09,1305,013553,,2,1,9,1800,0,3,5,,2,007,"BIEBER LOOKOUT RD","COUNTY ROAD 437",3696.00,N,N,A,-,N,,,,,,,,,,Y,3,0,1,2,A,-,06,21751,,N,B,C,A,A,H,-,A,D,0,,,Y,Y,Y,,C,02,0,1,0,0,0,0,0,0,1,"- ","- ",,,LASSEN,UNINCORPORATED,,
90459082,2017,2017-05-19,9140,2017-05-08,1540,019471,,1,2,9,1800,0,1,3,,2,032,"SR-44 E/B","GOUMAZ RD",3168.00,W,N,A,-,Y,,,44,,,,,,E,Y,4,0,1,1,A,-,08,22107,,N,E,I,A,A,H,-,A,D,0,,,,,Y,,A,01,0,0,1,0,0,0,0,0,0,"- ","- ",40.445570000000004,-120.88177,LASSEN,UNINCORPORATED,-120.88176132,40.445610340000002
90465420,2017,2017-05-26,9135,2017-05-20,1609,018777,,6,2,9,1800,0,1,3,,2,652,"STATE ROUTE 139","SUSANVILLE RD",32208.00,S,N,A,-,Y,,,139,,,,,,,Y,3,0,1,1,A,-,08,22107,,N,E,I,A,A,H,-,A,D,0,,,,,Y,,A,07,0,1,0,0,0,0,0,0,0,"- ","- ",41.037120000000002,-120.85879,LASSEN,UNINCORPORATED,-120.85867571,41.037232170000003
90465485,2017,2017-05-26,9140,2017-05-16,0726,017976,,2,1,9,1800,0,3,5,,2,010,"RICHMOND ROAD","SUSAN HILLS DRIVE",0.00,,Y,B,C,N,,,,,,,,,,N,3,0,1,1,A,-,01,23152,A,M,E,I,A,A,H,-,A,D,0,,,,,Y,Y,D,22,0,1,0,0,0,0,0,0,0,"- ","- ",40.391889999999997,-120.65076000000001,LASSEN,UNINCORPORATED,-120.65076992,40.392069939999999
90465992,2017,2017-05-29,9140,2017-05-27,0900,014568,,6,1,9,1800,0,1,3,,2,032,SR-44,"COUNTY ROAD A21",4752.00,E,N,A,-,Y,,,,,,,,,,N,4,0,1,1,C,-,18,,,N,H,H,A,A,H,-,A,D,0,,,,,Y,,-,"- ",0,0,1,0,0,0,0,0,0,"- ","- ",,,LASSEN,UNINCORPORATED,,
90467966,2017,2017-05-31,9170,2017-05-29,1658,020503,,1,2,9,1800,0,1,2,,1,001,US-395,"JUNIPER RIDGE RD",10032.00,N,N,B,-,Y,,,395,,,,,,,Y,4,0,1,1,A,-,08,22107,,N,E,I,A,A,H,-,A,D,0,,,,,Y,,D,22,0,0,1,0,0,0,0,0,0,"- ","- ",40.889069999999997,-120.48103999999999,LASSEN,UNINCORPORATED,-120.48108689999999,40.889035819999997
90469782,2017,2017-06-02,9170,2017-05-31,1420,018478,,3,2,9,1800,0,1,2,,1,001,US-395,"TERMO-GRASSHOPPER RD",2640.00,N,N,B,-,Y,,,395,,,,,,,Y,3,0,1,1,A,-,08,22107,,N,F,I,A,A,H,-,A,D,0,,,,,Y,,A,01,0,1,0,0,0,0,0,0,0,"- ","- ",40.869529999999997,-120.46625,LASSEN,UNINCORPORATED,-120.46612081000001,40.869837429999997
90470211,2017,2017-06-02,9140,2017-05-29,1345,016279,,1,1,9,1800,0,1,3,,2,032,"STATE ROUTE 44","STATE ROUTE 36",971.00,W,N,B,-,Y,,,,,,,,,,Y,4,0,2,2,A,-,06,21750,,N,D,C,A,A,H,-,A,D,0,,,,,Y,,A,01,0,0,2,0,0,0,0,0,0,"- ","- ",,,LASSEN,UNINCORPORATED,-120.75805833,40.412861589999999
90470352,2017,2017-06-05,9140,2017-05-28,0116,016169,,7,3,9,1800,0,3,5,,2,020,"CENTER ROAD","BELFAST ROAD",130.00,E,N,A,-,N,,,,,,,,,,Y,4,0,1,1,A,-,08,22107,,N,E,I,A,A,H,-,D,D,0,,,,,Y,,A,01,0,0,1,0,0,0,0,0,0,"- ","- ",40.400419999999997,-120.45034,LASSEN,UNINCORPORATED,-120.45147392,40.40074534
90472843,2017,2017-06-07,9140,2017-06-04,0940,015009,,7,1,9,1800,0,1,2,,2,013,"U.S. 395","CHURCH STREET",0.00,,Y,A,-,Y,,,,,,,,,,Y,4,0,3,2,A,-,09,21802,A,N,D,C,A,A,H,-,A,D,0,,,,Y,Y,,F,26,0,0,3,0,0,0,0,0,0,"- ","- ",,,LASSEN,UNINCORPORATED,-120.42032995,40.365229909999996
90474071,2017,2017-06-08,9170,2017-06-05,2210,020558,,1,3,9,1800,0,1,2,,1,001,US-395,"BROCKMAN RD",50.00,N,N,A,-,Y,,,395,,,,,,,Y,4,0,1,1,C,-,18,,,N,H,H,A,A,H,-,D,D,0,,,,,Y,,-,"- ",0,0,1,0,0,0,0,0,0,"- ","- ",40.961390000000002,-120.50221000000001,LASSEN,UNINCORPORATED,-120.50220163,40.961387930000001
90474270,2017,2017-06-09,9140,2017-05-29,2045,019471,,1,2,9,1800,0,1,2,,2,013,US-395,"HICKS RD",5280.00,S,N,A,-,Y,,,395,,,,,,,Y,2,0,1,1,A,-,03,22350,,N,E,J,A,A,C,-,D,D,0,,,Y,,Y,,C,02,1,0,0,0,0,0,0,0,1,"- ","- ",40.25215,-120.46338,LASSEN,UNINCORPORATED,-120.46327477,40.252230760000003
90474274,2017,2017-06-09,9140,2017-04-23,1010,016279,,7,1,9,1800,0,1,3,,2,031,"STATE ROUTE 139","CLEGHORN RD",303.00,S,N,A,-,Y,,,,,,,,,,Y,1,1,1,1,A,-,08,22107,,N,E,J,A,A,H,-,A,D,0,,,,,Y,,A,01,0,1,0,0,0,0,0,0,0,"- ","- ",,,LASSEN,UNINCORPORATED,-120.72607512,40.767673250000001
90476615,2017,2017-06-13,9170,2017-06-02,2030,020152,,5,2,9,1800,0,3,5,,1,022,"WESTSIDE ROAD","EAGLE DR.",1584.00,N,N,A,-,N,,,,,,,,,,N,4,0,3,1,A,-,03,22350,,N,F,A,A,A,H,-,B,D,0,,,,,Y,,D,23,0,0,3,0,0,0,0,0,0,"- ","- ",40.871180000000003,-120.63533,LASSEN,UNINCORPORATED,-120.63530982,40.871180520000003
90478730,2017,2017-06-15,9140,2017-05-27,1815,013571,Susan,6,2,9,1800,0,3,5,,2,030,"SPRING RIDGE DR.","NUMA RD.",20.00,W,N,A,F,N,,,,,,,,,,Y,4,0,1,1,A,-,03,22350,,N,E,I,A,A,H,-,A,A,0,,,,,Y,,A,07,0,0,1,0,0,0,0,0,0,"- ","- ",,,LASSEN,UNINCORPORATED,-120.65096,40.438400000000001
90478965,2017,2017-06-15,9140,2017-06-11,1830,020502,,7,2,9,1800,0,1,3,,2,034,SR-44,"PITTVILLE RD",11088.00,W,N,C,-,Y,,,44,,,,,,,Y,3,0,1,1,A,-,03,22350,,N,E,I,A,B,H,-,A,D,0,,,,,Y,,A,07,0,1,0,0,0,0,0,0,0,"- ","- ",40.65475,-121.20310000000001,LASSEN,UNINCORPORATED,-121.20309964,40.654730839999999
90479224,2017,2017-06-15,9140,2017-06-07,0555,016169,,3,3,9,1800,0,1,2,,2,015,"US 395","CONSTANTIA ROAD (SOUTH)",10560.00,N,N,A,-,Y,,,,,,,,,,Y,3,0,1,1,A,-,08,22107,,N,E,I,A,A,H,-,A,D,0,,,,Y,Y,,G,25,0,1,0,0,0,0,0,0,0,"- ","- ",39.973030000000001,-120.05522999999999,LASSEN,UNINCORPORATED,-120.11498286,40.039605719999997
90488015,2017,2017-06-26,9135,2017-06-21,1535,012142,,3,2,9,1800,0,1,3,,2,652,"STATE ROUTE 139","TERMO GRASSHOPPER RD",40920.00,N,N,A,-,Y,,,,,,,,,,Y,3,0,1,1,A,-,08,22107,,N,F,I,A,A,H,-,A,D,0,,,,,Y,,D,22,0,1,0,0,0,0,0,0,0,"- ","- ",,,LASSEN,UNINCORPORATED,,
90491073,2017,2017-06-29,9140,2017-06-10,1657,016169,,6,2,9,1800,0,3,5,,2,010,"LAKE LEAVITT ROAD","CHAPPUIS LANE",0.00,,Y,A,-,N,,,,,,,,,,Y,2,0,4,2,A,-,09,21802,A,N,D,C,A,A,H,-,A,A,0,,,,,Y,,A,01,2,2,0,0,0,0,0,0,0,"- ","- ",,,LASSEN,UNINCORPORATED,-120.455262,40.364676000000003
90491100,2017,2017-06-29,9140,2017-06-24,1130,014568,,6,1,9,1800,0,3,5,,2,030,CR-A1,"ALTA DR.",7392.00,N,N,A,-,N,,,,,,,,,,Y,3,0,2,1,A,-,08,22107,,N,E,I,A,A,H,-,A,D,0,,,,,Y,,A,07,0,1,1,0,0,0,0,0,0,"- ","- ",,,LASSEN,UNINCORPORATED,-120.76283097,40.451415730000001
90494460,2017,2017-07-05,9140,2017-06-27,1715,020647,,2,2,9,1800,0,1,2,,2,022,"US 395","RAMHORN RD",18480.00,S,N,A,-,Y,,,,,,,,,,Y,4,0,3,2,A,-,09,21801,A,N,A,C,A,A,H,-,A,D,0,,,,,Y,,A,01,0,0,3,0,0,0,0,0,0,"- ","- ",40.646909999999998,-120.26054999999999,LASSEN,UNINCORPORATED,-120.26103965999999,40.647315550000002
90498846,2017,2017-07-12,9140,2017-07-10,1640,015598,,1,2,9,1800,0,1,3,,2,041,"STATE ROUTE 36","WESTWOOD CEMETARY",5808.00,E,N,A,-,Y,,,36,,,,,,,Y,3,0,3,1,A,-,08,22107,,N,E,I,A,A,H,-,A,D,0,,,,,Y,,A,07,0,2,1,0,0,0,0,0,0,"- ","- ",40.317599999999999,-120.94832,LASSEN,UNINCORPORATED,-120.94831868,40.317579019999997
90500910,2017,2017-07-14,9140,2017-07-03,1220,014898,,1,1,9,1800,0,1,3,,2,034,"RT 44","SHASTA COUNTY LINE",1162.00,E,N,A,-,Y,,,44,,,,,,,Y,3,0,1,1,A,-,08,22107,,N,E,I,A,A,H,-,A,D,0,,,,,Y,,A,01,0,1,0,0,0,0,0,0,0,"- ","- ",40.653820000000003,-121.31767000000001,LASSEN,UNINCORPORATED,-121.31767252,40.653810929999999
90500916,2017,2017-07-14,9140,2017-07-04,2125,019471,,2,2,9,1800,0,1,2,,2,013,"US-395 S/B","RAKER PL",783.00,S,N,A,-,Y,,,395,,,,,,S,Y,2,0,4,1,A,-,03,22350,,N,F,A,A,A,H,-,D,D,0,,,,,Y,,A,01,1,1,2,0,0,0,0,0,0,"- ","- ",40.20393,-120.41346,LASSEN,UNINCORPORATED,-120.41344529,40.203946289999998
90501130,2017,2017-07-14,9140,2017-07-06,1610,016322,,4,2,9,1800,0,1,3,,2,034,SR-44,SR-36,25344.00,W,N,A,-,Y,,,44,,,,,,,Y,2,0,1,1,A,-,03,22350,,N,F,A,A,A,H,-,A,D,0,,,Y,,Y,,C,02,1,0,0,0,0,0,0,0,1,"- ","- ",40.438540000000003,-120.83378999999999,LASSEN,UNINCORPORATED,-120.83381794,40.438497460000001
90506196,2017,2017-07-24,9165,2017-07-11,1315,021091,,2,1,9,1800,0,1,3,,2,062,"US-395 N/B","BRINGMAN RD",264.00,S,N,A,-,Y,,,395,,,,,,N,Y,3,0,2,1,A,-,03,22350,,N,E,I,A,A,D,-,A,D,0,,,,,Y,,A,07,0,1,1,0,0,0,0,0,0,"- ","- ",39.730080000000001,-120.03804,LASSEN,UNINCORPORATED,-120.03831503000001,39.73005835
90508023,2017,2017-07-25,9140,2017-07-19,1945,016322,,3,2,9,1800,0,3,5,,2,010,"BASS HILL ROAD","WINGFIELD ROAD",355.00,E,N,A,-,N,,,,,,,,,,Y,3,0,1,1,A,-,03,22350,,N,F,A,A,A,H,-,A,D,0,,,Y,,Y,,C,02,0,1,0,0,0,0,0,0,1,"- ","- ",40.340890000000002,-120.56501,LASSEN,UNINCORPORATED,-120.56849,40.33605
90508997,2017,2017-07-26,9170,2017-07-20,1845,014609,,4,2,9,1800,0,3,5,,1,022,"COUNTY RD 520 (MAIL ROUTE RD)","GARATE RD",15.00,N,N,A,-,N,,,,,,,,,,N,4,0,1,1,A,-,08,22107,,N,E,I,A,A,H,-,A,D,0,,,,,Y,,A,01,0,0,1,0,0,0,0,0,0,"- ","- ",40.801290000000002,-120.28997,LASSEN,UNINCORPORATED,-120.28907,40.801169999999999
90511831,2017,2017-07-28,9140,2017-07-27,2116,019275,,4,2,9,1800,0,1,2,,2,013,"US 395","SEARS ROAD",1056.00,N,N,A,-,Y,,,,,,,,,,Y,4,0,1,1,C,-,18,,,N,H,H,A,A,H,-,D,D,0,,,,,Y,,-,"- ",0,0,1,0,0,0,0,0,0,"- ","- ",40.296840000000003,-120.51282999999999,LASSEN,UNINCORPORATED,-120.51165789,40.296138769999999
90512292,2017,2017-07-31,9140,2017-07-20,1740,020569,,4,2,9,1800,0,3,5,,2,010,"CR A-26","US 395",25.00,E,N,A,-,N,,,,,,,,,,Y,4,0,3,2,A,-,03,22350,,N,C,C,A,A,H,-,A,A,0,,,,,Y,,A,07,0,0,3,0,0,0,0,0,0,"- ","- ",40.090890000000002,-120.17198,LASSEN,UNINCORPORATED,-120.17198,40.090890000000002
90515271,2017,2017-08-02,9140,2017-07-31,1717,018094,,1,2,9,1800,0,1,2,,2,014,US-395,CR-A25,11088.00,N,N,A,-,Y,,,395,,,,,,,Y,4,0,1,2,A,-,03,22350,,N,C,C,A,A,H,-,A,D,0,,,,,Y,,A,01,0,0,1,0,0,0,0,0,0,"- ","- ",40.145989999999998,-120.28998,LASSEN,UNINCORPORATED,-120.28995732,40.146040169999999
90515594,2017,2017-08-03,9140,2017-07-31,2100,015009,,1,2,9,1800,0,1,3,,2,012,"S.R. 36","U.S. 395",42.00,W,N,A,-,Y,,,,,,,,,,N,4,0,1,2,A,-,03,22350,,N,C,C,A,A,H,-,C,A,0,,,,Y,Y,,G,25,0,0,1,0,0,0,0,0,0,"- ","- ",,,LASSEN,UNINCORPORATED,,
90515632,2017,2017-08-03,9140,2017-07-28,1400,016322,,5,2,9,1800,0,1,3,,2,011,SR-36,"FOREST ROAD 29N03",448.00,W,N,A,-,Y,,,36,,,,,,,Y,3,0,1,1,A,-,08,22107,,N,E,I,A,A,H,-,A,D,0,,,,Y,Y,,F,27,0,1,0,0,0,0,0,0,0,"- ","- ",40.379199999999997,-120.80612000000001,LASSEN,UNINCORPORATED,-120.80617565999999,40.379303380000003
90516719,2017,2017-08-04,9140,2017-07-13,0625,014568,,4,1,9,1800,0,1,3,,2,011,SR-36,"ROXY PECONUM CAMPGROUND RD.",2640.00,E,N,A,-,Y,,,,,,,,,,Y,1,1,0,1,A,-,08,22107,,N,F,A,A,A,H,-,A,D,0,,,,,Y,,A,01,0,0,0,0,0,0,0,0,0,"- ","- ",40.383240000000001,-120.79656,LASSEN,UNINCORPORATED,,
90516797,2017,2017-08-04,9135,2017-07-29,2000,019680,,6,2,9,1800,0,1,3,,2,603,"LITTLE VALLEY RD","DEE KNOCH RD",53856.00,S,N,A,-,N,,,,,,,,,,Y,3,0,1,1,A,-,01,23152,A,N,E,I,A,A,H,-,A,D,0,,,,,Y,Y,A,07,0,1,0,0,0,0,0,0,0,"- ","- ",,,LASSEN,UNINCORPORATED,,
90521092,2017,2017-08-10,9140,2017-08-01,1045,020047,,2,1,9,1800,0,1,3,,2,011,SR-36,"ROXY PECONOM",282.00,W,N,A,-,Y,,,,,,,,,,Y,4,0,1,1,A,-,05,21650,,N,E,I,A,A,H,-,A,D,0,,,,Y,Y,,F,26,0,0,1,0,0,0,0,0,0,"- ","- ",,,LASSEN,UNINCORPORATED,,
90526293,2017,2017-08-18,9140,2017-08-15,1530,019275,,2,2,9,1800,0,1,2,,2,014,"US 395","LOUNSBURY LANE",1584.00,S,N,A,-,Y,,,,,,,,,,Y,3,0,1,2,A,-,08,22107,,N,F,I,A,A,H,-,A,D,0,,,,,Y,,A,01,0,1,0,0,0,0,0,0,0,"- ","- ",40.187820000000002,-120.3955,LASSEN,UNINCORPORATED,-120.39585183,40.188032319999998
90540156,2017,2017-09-05,9165,2017-08-28,0757,019583,,1,1,9,1800,0,1,3,,2,060,SR-70,"SCOTT RD",3696.00,E,N,A,-,Y,,,70,,,,,,,Y,3,0,1,1,C,-,18,,,N,H,H,A,A,H,-,A,D,0,,,Y,,Y,,-,"- ",0,1,0,0,0,0,0,0,1,"- ","- ",39.782539999999997,-120.06570000000001,LASSEN,UNINCORPORATED,-120.06570551,39.782519749999999
90541998,2017,2017-09-06,9140,2017-08-26,2200,018094,,6,3,9,1800,0,1,3,,2,031,SR-139,SR-36,34320.00,N,N,A,-,Y,,,139,,,,,,,Y,4,0,1,1,A,-,03,22350,,N,F,A,A,A,H,-,D,A,0,,,,,Y,,A,01,0,0,1,0,0,0,0,0,0,"- ","- ",40.461260000000003,-120.57861,LASSEN,UNINCORPORATED,-120.57861585000001,40.461264329999999
90543907,2017,2017-09-08,9135,2017-09-04,1810,012142,,1,2,9,1800,0,1,3,,2,651,"STATE ROUTE 299","DAY RD",1267.00,W,N,A,-,Y,,,,,,,,,,Y,3,0,1,1,A,-,01,23152,A,N,E,I,A,A,H,-,A,D,0,,,Y,,Y,Y,C,02,0,1,0,0,0,0,0,0,1,"- ","- ",,,LASSEN,UNINCORPORATED,-121.31761213999999,41.085088829999997
90543954,2017,2017-09-08,9140,2017-08-31,0600,019971,,4,1,9,1800,0,1,3,,2,031,"STATE ROUTE 139","ANTELOPE SUMMIT",3168.00,S,N,A,-,Y,,,139,,,,,,,Y,4,0,3,1,A,-,03,22350,,N,E,I,A,A,H,-,A,D,0,,,,,Y,,A,01,0,0,3,0,0,0,0,0,0,"- ","- ",40.460450000000002,-120.57874,LASSEN,UNINCORPORATED,-120.57865176,40.460481420000001
90546921,2017,2017-09-13,9140,2017-09-04,0735,020047,,1,1,9,1800,0,3,5,,2,010,"RICHMOND RD","WINGFIELD ROAD",151.00,E,N,A,-,N,,,,,,,,,,Y,3,0,1,1,A,-,08,22107,,N,F,A,A,A,H,-,A,D,0,,,,,Y,,A,07,0,1,0,0,0,0,0,0,0,"- ","- ",,,LASSEN,UNINCORPORATED,-120.64118247,40.370457860000002
90548282,2017,2017-09-15,9140,2017-09-01,1400,019971,,5,2,9,1800,0,3,5,,2,010,"LASATAR COURT","SUSAN DRIVE",1056.00,S,N,A,-,N,,,,,,,,,,N,3,0,1,1,A,-,03,22350,,N,E,I,A,A,H,-,A,D,0,,,Y,,Y,,C,02,0,1,0,0,0,0,0,0,1,"- ","- ",40.045070000000003,-120.12499,LASSEN,UNINCORPORATED,-120.12483841,40.044798270000001
90549385,2017,2017-09-18,9140,2017-09-07,2306,020458,,4,3,9,1800,0,1,3,,2,041,"RT 36",SR-147,5280.00,E,N,A,-,Y,,,36,,,,,,,Y,3,0,1,1,A,-,01,23152,A,N,E,I,A,A,H,-,D,D,0,,,,,Y,Y,D,22,0,1,0,0,0,0,0,0,0,"- ","- ",40.312739999999998,-121.02784,LASSEN,UNINCORPORATED,-121.02784608,40.312811060000001
90549770,2017,2018-01-05,9140,2017-09-16,1435,016322,,6,2,9,1800,0,1,3,,2,032,SR-44,"MCCOY ROAD",13728.00,W,N,A,-,Y,,,44,,,,,,,Y,3,0,6,2,A,-,03,22350,,N,D,C,A,A,H,-,A,D,0,,,,,Y,,A,07,0,2,4,0,0,0,0,0,0,"- ","- ",40.504159999999999,-120.99057999999999,LASSEN,UNINCORPORATED,-120.99058121,40.5041577
90552289,2017,2017-09-20,9140,2017-09-05,0810,020047,,2,1,9,1800,0,3,5,,2,020,"WENDEL RD","VIEWLAND RD",7445.00,E,N,A,-,N,,,,,,,,,,Y,3,0,1,1,A,-,03,22350,,N,F,A,A,A,H,-,A,D,0,,,,Y,Y,,G,25,0,1,0,0,0,0,0,0,0,"- ","- ",,,LASSEN,UNINCORPORATED,-120.24003358,40.366631339999998
90552326,2017,2017-09-20,9140,2017-09-16,0940,014568,,6,1,9,1800,0,1,3,,2,011,SR-36,"DEVIL'S CORRAL RD.",12144.00,W,N,B,-,Y,,,,,,,,,,Y,4,0,1,1,A,-,08,22107,,N,E,I,A,A,H,-,A,D,0,,,,,Y,,D,22,0,0,1,0,0,0,0,0,0,"- ","- ",,,LASSEN,UNINCORPORATED,-120.82466248,40.372455240000001
90553931,2017,2017-09-22,9135,2017-09-18,0540,013553,,1,3,9,1800,0,1,3,,2,651,SR-299,"FOOTHILL ROAD",4224.00,W,N,B,-,Y,,,,,,,,,,Y,3,0,1,1,A,-,08,22107,,N,E,I,A,A,H,-,D,D,0,,,,,Y,,A,01,0,1,0,0,0,0,0,0,0,"- ","- ",,,LASSEN,UNINCORPORATED,,
90554494,2017,2017-09-25,9140,2017-09-05,1310,019471,,2,1,9,1800,0,1,3,,2,031,SR-139,"MERRIVILLE RD",1300.00,S,N,A,-,Y,,,,,,,,,,Y,4,0,1,1,A,-,03,22350,,N,E,I,A,A,H,-,A,D,0,,,,,Y,,A,07,0,0,1,0,0,0,0,0,0,"- ","- ",40.299680000000002,-120.52471,LASSEN,UNINCORPORATED,,
90555490,2017,2017-09-26,9135,2017-09-18,1800,013553,,1,2,9,1800,0,1,3,,2,652,SR-139,"HAYDEN HILL RD",5544.00,N,N,A,-,Y,,,,,,,,,,Y,4,0,1,1,A,-,08,22107,,N,E,I,A,A,H,-,A,D,0,,,,,Y,,D,22,0,0,1,0,0,0,0,0,0,"- ","- ",,,LASSEN,UNINCORPORATED,-120.85606374,41.034721830000002
90556868,2017,2017-09-27,9140,2017-09-26,2045,015009,,2,2,9,1800,0,1,3,,2,034,SR-44,"BUTTE LAKE ROAD",6336.00,E,N,A,-,Y,,,,,,,,,,Y,4,0,1,1,C,-,18,,,N,H,H,A,A,H,-,D,D,0,,,,,Y,,-,"- ",0,0,1,0,0,0,0,0,0,"- ","- ",,,LASSEN,UNINCORPORATED,-121.25674438,40.644195609999997
90560146,2017,2017-09-29,9135,2017-09-26,1400,012142,,2,2,9,1800,0,3,5,,2,007,"DAY ROAD","RT 299",10560.00,N,N,A,-,N,,,,,,,,,,Y,2,0,1,1,A,-,01,23152,A,N,E,I,A,A,H,-,A,D,0,,,,,Y,Y,A,01,1,0,0,0,0,0,0,0,0,"- ","- ",41.113810000000001,-121.33199999999999,LASSEN,UNINCORPORATED,-121.33197314,41.113750179999997
90564300,2017,2017-10-05,9140,2017-06-21,0625,016169,,3,1,9,1800,0,3,5,,2,010,"BLICKENSTAFF ROAD","LAKECREST ROAD",3696.00,E,N,A,-,N,,,,,,,,,,Y,1,1,0,1,A,-,08,22107,,N,E,I,A,A,H,-,A,D,0,,,,,Y,,D,22,0,0,0,0,0,0,0,0,0,"- ","- ",40.276209999999999,-120.46465000000001,LASSEN,UNINCORPORATED,-120.46484024,40.276266280000002
90567593,2017,2017-10-11,9140,2017-10-04,2020,020696,,3,2,9,1800,0,1,2,,2,013,US-395,"SUNNYSIDE RD.",2640.00,S,N,A,-,Y,,,395,,,,,,,Y,2,0,3,3,A,-,05,21460,A,N,A,C,A,A,H,-,D,D,0,,,,,Y,,A,01,1,1,1,0,0,0,0,0,0,"- ","- ",40.318060000000003,-120.54281,LASSEN,UNINCORPORATED,-120.54276186,40.318095839999998
90567602,2017,2017-10-11,9140,2017-10-08,1635,020696,,7,2,9,1800,0,1,2,,2,015,US-395,"HALL RD.",3168.00,N,N,A,-,Y,,,395,,,,,,,Y,2,0,1,1,A,-,08,22107,,N,F,A,A,A,H,-,A,D,0,,,,,Y,,D,22,1,0,0,0,0,0,0,0,0,"- ","- ",40.006770000000003,-120.08994,LASSEN,UNINCORPORATED,-120.09000029000001,40.006732730000003
90570133,2017,2017-10-13,9140,2017-10-05,0445,019275,,4,3,9,1800,0,1,2,,2,013,"US 395","MAIN STREET JANESVILLE",2640.00,S,N,A,-,Y,,,,,,,,,,Y,2,0,3,1,A,-,08,22107,,N,E,I,A,A,H,-,D,D,0,,,,,Y,,A,01,1,0,2,0,0,0,0,0,0,"- ","- ",40.309010000000001,-120.53222,LASSEN,UNINCORPORATED,,
90570287,2017,2017-10-13,9140,2017-10-08,1645,015855,,7,2,9,1800,0,1,2,,2,015,"US 395","HALL RD.",2640.00,N,N,A,-,Y,,,,,,,,,,N,2,0,1,2,A,-,11,21954,A,N,G,B,D,A,H,-,A,D,0,Y,,,,Y,,N,60,1,0,0,0,1,0,0,0,0,"- ","- ",40.00647,-120.08994,LASSEN,UNINCORPORATED,-120.09061963000001,40.007739389999998
90571193,2017,2017-10-16,9135,2017-10-07,0015,020361,,6,3,9,1800,0,1,3,,2,651,SR-299,"PITVILLE BENCH RD",1637.00,W,N,A,-,Y,,,299,,,,,,,Y,4,0,1,1,A,-,08,22107,,N,E,I,A,A,H,-,D,D,0,,,,,Y,,D,22,0,0,1,0,0,0,0,0,0,"- ","- ",41.060650000000003,-121.21825,LASSEN,UNINCORPORATED,-121.21826054,41.060633490000001
90571226,2017,2017-10-16,9135,2017-10-08,2225,019680,,7,3,9,1800,0,1,3,,2,651,"PUNKIN RD.","MATHEWS RD",2112.00,E,N,A,-,N,,,,,,,,,,Y,2,0,1,1,A,-,01,23152,A,N,E,I,A,A,H,-,D,D,0,,,,,Y,Y,D,22,1,0,0,0,0,0,0,0,0,"- ","- ",41.063130000000001,-121.10969,LASSEN,UNINCORPORATED,-121.10969335,41.069002509999997
90575498,2017,2017-10-23,9140,2017-10-20,0755,019275,,5,1,9,1800,0,1,3,,2,034,SR-44,"GOUMAZ ROAD",2112.00,W,N,B,-,Y,,,,,,,,,,Y,2,0,2,1,A,-,03,22350,,N,E,I,A,C,H,-,A,D,0,,,,,Y,,A,01,1,0,1,0,0,0,0,0,0,"- ","- ",,,LASSEN,UNINCORPORATED,,
90575552,2017,2017-10-23,9140,2017-09-28,2045,014430,,4,2,9,1800,0,1,2,,2,022,"US 395","UN ROAD AA",1584.00,S,N,A,-,Y,,,,,,,,,,Y,2,0,1,1,A,-,03,22350,,N,F,A,A,A,C,-,D,D,0,,,Y,,Y,,C,02,1,0,0,0,0,0,0,0,1,"- ","- ",40.425829999999998,-120.28286,LASSEN,UNINCORPORATED,,
90581455,2017,2017-10-27,9140,2017-10-20,1420,016322,,5,2,9,1800,0,3,5,,2,020,"CENTER ROAD","RICE CANYON ROAD",3696.00,W,N,A,B,N,,,,,,,,,,Y,3,0,2,2,A,-,08,22107,,N,B,C,A,A,H,-,A,D,0,,,,Y,Y,,G,25,0,1,1,0,0,0,0,0,0,"- ","- ",40.396299999999997,-120.53948,LASSEN,UNINCORPORATED,-120.53935978,40.396295719999998
90581590,2017,2017-10-27,9140,2017-10-24,0740,020047,,2,1,9,1800,0,3,5,,2,020,"JOHNSTONVILLE ROAD","CENTER ROAD",1056.00,W,N,A,-,N,,,,,,,,,,N,3,0,1,2,A,-,05,21460,A,N,B,C,A,A,H,-,A,D,0,,,,,Y,,D,22,0,1,0,0,0,0,0,0,0,"- ","- ",40.394860000000001,-120.59675,LASSEN,UNINCORPORATED,-120.59002968999999,40.390731979999998
90586182,2017,2017-11-02,9140,2017-10-26,1719,017976,,4,2,9,1800,0,3,5,,2,010,"COUNTY ROAD A-26","SAGE VALLEY ROAD",0.00,,Y,A,-,N,,,,,,,,,,N,4,0,1,1,A,-,03,22350,,N,F,A,A,A,H,-,A,D,0,,,Y,,Y,,C,02,0,0,1,0,0,0,0,0,1,"- ","- ",40.136870000000002,-120.16903000000001,LASSEN,UNINCORPORATED,-120.1689585,40.136868
90590136,2017,2017-11-08,9135,2017-09-06,0900,012142,,3,1,9,1800,0,3,5,,2,006,"LASSEN NATIONAL FORREST SERVICE RD 54","SUSANVILLE RD",6864.00,S,N,B,-,N,,,,,,,,,,Y,1,1,0,1,A,-,08,22107,,N,E,I,A,A,H,-,A,D,0,,,,Y,Y,,F,24,0,0,0,0,0,0,0,0,0,"- ","- ",41.113570000000003,-121.00185999999999,LASSEN,UNINCORPORATED,-121.00191861,41.113514899999998
90591849,2017,2017-11-09,9140,2017-10-31,0254,018094,,2,3,9,1800,0,1,3,,2,032,SR-44,"MCOY ROAD",5491.00,E,N,A,-,Y,,,44,,,,,,,Y,2,0,1,1,A,-,08,22107,,N,F,A,A,A,H,-,D,D,0,,,,,Y,,A,07,1,0,0,0,0,0,0,0,0,"- ","- ",40.449820000000003,-120.90907,LASSEN,UNINCORPORATED,-120.90906649999999,40.449832669999999
90597007,2017,2017-11-17,9140,2017-11-17,0715,017976,,5,1,9,1800,0,1,2,,2,013,US-395,"CHURCH STREET",2112.00,N,N,A,-,Y,,,395,,,,,,,Y,3,0,3,1,A,-,03,22350,,N,F,A,A,C,H,-,A,D,0,,,,,Y,,A,07,0,1,2,0,0,0,0,0,0,"- ","- ",40.306600000000003,-120.52978,LASSEN,UNINCORPORATED,-120.52963564,40.30677403
90597031,2017,2017-11-17,9140,2017-11-17,0534,019275,,5,3,9,1800,0,1,2,,2,014,"US 395","COUNTY ROAD A25",1056.00,S,N,B,-,Y,,,,,,,,,,Y,4,0,1,1,A,-,03,22350,,N,E,I,A,C,H,-,D,D,0,,,,,Y,,A,07,0,0,1,0,0,0,0,0,0,"- ","- ",40.122430000000001,-120.24287,LASSEN,UNINCORPORATED,,
90598645,2017,2017-11-20,9140,2017-11-18,1730,020696,,6,2,9,1800,0,1,2,,2,014,US-395,"LOUNSBURY RD.",2640.00,S,N,A,-,Y,,,395,,,,,,,Y,4,0,1,2,A,-,06,21751,,N,D,C,A,A,H,-,D,D,0,,,,,Y,,A,01,0,0,1,0,0,0,0,0,0,"- ","- ",40.185229999999997,-120.39252999999999,LASSEN,UNINCORPORATED,-120.39261648,40.185130559999998
90603988,2017,2017-11-28,9140,2017-11-17,0740,017928,,5,1,9,1800,0,1,3,,2,011,SR-36,"WILLARD HILL RD",2640.00,W,N,A,-,Y,,,36,,,,,,,Y,3,0,1,1,A,-,03,22350,,N,E,I,A,C,H,-,A,D,0,,,,,Y,,D,22,0,1,0,0,0,0,0,0,0,"- ","- ",40.375360000000001,-120.81413000000001,LASSEN,UNINCORPORATED,-120.81414332999999,40.375390520000003
90604057,2017,2017-11-28,9140,2017-11-16,0055,020458,,4,3,9,1800,0,1,3,,2,034,SR-44,"BUTTE LAKE RD.",6864.00,W,N,C,-,Y,,,,,,,,,,Y,3,0,1,1,A,-,03,22350,,N,E,I,A,B,H,-,D,D,0,,,,Y,Y,,G,26,0,1,0,0,0,0,0,0,0,"- ","- ",,,LASSEN,UNINCORPORATED,-121.30350008000001,40.649825589999999
90607746,2017,2017-12-01,9165,2017-10-21,2125,020692,,6,2,9,1800,0,1,3,,2,063,US-395,"POZZOLAN ROAD",9504.00,S,N,A,-,Y,,,395,,,,,,,Y,1,1,1,2,A,-,05,21650,,N,A,C,A,A,H,-,D,D,0,,,,,Y,,D,22,1,0,0,0,0,0,0,0,0,"- ","- ",39.826799999999999,-120.03684,LASSEN,UNINCORPORATED,-120.03687921,39.826791360000001
90608371,2017,2017-12-01,9140,2017-11-30,0615,019275,,4,1,9,1800,0,3,5,,2,010,"COUNTY ROAD A25 (SUSANVILLE ROAD)","SIERRA DRIVE",129.00,E,N,A,-,N,,,,,,,,,,Y,3,0,3,3,A,-,03,22350,,N,C,C,A,A,H,-,D,D,0,,,,,Y,,A,07,0,2,1,0,0,0,0,0,0,"- ","- ",40.143929999999997,-120.13518000000001,LASSEN,UNINCORPORATED,-120.13518155,40.143918309999997
90609444,2017,2017-12-04,9165,2017-12-03,0817,013901,,7,1,9,1800,0,1,3,,2,062,"US-395 N/B","BRINGMAN RD",1584.00,N,N,B,-,Y,,,395,,,,,,N,Y,4,0,1,1,A,-,03,22350,,N,F,A,A,C,E,-,A,A,0,,,,,Y,,A,07,0,0,1,0,0,0,0,0,0,"- ","- ",39.739339999999999,-120.03901,LASSEN,UNINCORPORATED,-120.03891465,39.7393486
90609744,2017,2017-12-04,9165,2017-12-03,0909,019583,,7,1,9,1800,0,1,3,,2,060,SR-70,"SCOTT RD",4752.00,E,N,A,-,Y,,,70,,,,,,,Y,3,0,2,1,A,-,03,22350,,N,F,A,A,C,B,E,A,A,0,,,,,Y,,D,22,0,1,1,0,0,0,0,0,0,"- ","- ",39.780920000000002,-120.05972,LASSEN,UNINCORPORATED,-120.05972801999999,39.780890470000003
90612478,2017,2017-12-07,9140,2017-11-28,1450,020502,,2,2,9,1800,0,3,5,,2,010,"BYERS PASS ROAD","SUNNYSIDE ROAD",8448.00,N,N,B,-,N,,,,,,,,,,Y,3,0,1,1,A,-,05,21650,,N,F,A,A,B,H,-,A,D,0,,,,,Y,,A,07,0,1,0,0,0,0,0,0,0,"- ","- ",40.328330000000001,-120.48105,LASSEN,UNINCORPORATED,-120.48189719,40.33089116
90613099,2017,2017-12-08,9140,2017-11-28,1247,019971,,2,1,9,1800,0,3,5,,2,030,"COUNTY ROAD A1","STATE ROUTE 139",7920.00,W,N,A,-,N,,,,,,,,,,Y,3,0,1,1,A,-,08,22107,,N,E,I,A,A,H,-,A,D,0,,,,,Y,,D,22,0,1,0,0,0,0,0,0,0,"- ","- ",40.719389999999997,-120.72736999999999,LASSEN,UNINCORPORATED,-120.72730601000001,40.719386559999997
90616954,2017,2017-12-13,9140,2017-12-13,0415,020696,,3,3,9,1800,0,1,3,,2,031,SR-139,"RICE CANYON RD.",2112.00,N,N,A,-,Y,,,139,,,,,,,Y,4,0,1,1,A,-,08,22107,,N,E,I,A,A,H,-,D,D,0,,,,,Y,,A,01,0,0,1,0,0,0,0,0,0,"- ","- ",40.48433,-120.54713,LASSEN,UNINCORPORATED,-120.54709278,40.484409679999999
90618528,2017,2017-12-15,9140,2017-12-09,2220,016322,,6,3,9,1800,0,3,5,,2,010,"WINGFIELD ROAD","ELYSIAN VALLEY RD",1980000.00,E,N,A,-,N,,,,,,,,,,Y,3,0,1,1,A,-,01,23152,A,N,E,I,A,A,H,-,D,D,0,,,,,Y,Y,A,01,0,1,0,0,0,0,0,0,0,"- ","- ",40.323599999999999,-120.56223,LASSEN,UNINCORPORATED,-120.53742,40.310290000000002
90618606,2017,2017-12-15,9140,2017-12-02,1805,020806,,6,2,9,1800,0,1,3,,2,032,"STATE ROUTE 44","GOUMAZ ROAD",3696.00,E,N,B,-,Y,,,,,,,,,,Y,2,0,6,2,A,-,05,21460,C,N,A,C,A,A,H,-,C,D,0,,,,,Y,,A,01,1,5,0,0,0,0,0,0,0,"- ","- ",40.264020000000002,-120.51452999999999,LASSEN,UNINCORPORATED,,
90618632,2017,2017-12-15,9140,2017-12-14,0200,020458,,4,3,9,1800,0,3,5,,2,010,"SIERRA VISTA RD","COUNTY ROAD A26",1056.00,N,N,A,-,N,,,,,,,,,,N,2,0,1,1,A,-,08,22107,,N,F,A,A,A,H,-,D,D,0,,,,,Y,,A,01,1,0,0,0,0,0,0,0,0,"- ","- ",,,LASSEN,UNINCORPORATED,-120.17411292,40.129460399999999
90619546,2017,2017-12-18,9140,2017-12-17,0030,016322,,7,3,9,1800,0,3,5,,2,020,"SKYLINE ROAD","JOHNSTONVILLE RD.",4224.00,N,N,A,-,N,,,,,,,,,,Y,3,0,1,1,A,-,08,22107,,N,E,I,A,A,H,-,D,D,0,,,,,Y,,A,01,0,1,0,0,0,0,0,0,0,"- ","- ",40.4161,-120.62318,LASSEN,UNINCORPORATED,-120.62322322999999,40.416139080000001
90625782,2017,2017-12-25,9140,2017-12-22,1650,013571,,5,2,9,1800,0,1,3,,2,032,"STATE ROUTE 44 (SR-44)","COUNTY ROAD A-21",1056.00,E,N,B,-,Y,,,,,,,,,,Y,2,0,1,1,A,-,08,22107,,N,E,I,A,A,H,-,D,D,0,,,,,Y,,A,01,1,0,0,0,0,0,0,0,0,"- ","- ",,,LASSEN,UNINCORPORATED,,
90625784,2017,2017-12-25,9140,2017-12-17,1500,020696,,7,2,9,1800,0,3,5,,2,010,"SUNNYSIDE RD.","TEA CUP LANE",12.00,W,N,A,-,N,,,,,,,,,,N,2,0,1,1,A,-,08,22107,,N,E,I,A,A,H,-,A,D,0,,,,,Y,,A,07,1,0,0,0,0,0,0,0,0,"- ","- ",40.325299999999999,-120.52509000000001,LASSEN,UNINCORPORATED,-120.52509427,40.325218790000001
90625785,2017,2017-12-25,9140,2017-12-21,0315,019275,,4,3,9,1800,0,1,3,,2,031,SR-139,"S. GRASSHOPPER RD",26400.00,N,N,E,-,Y,,,139,,,,,,,Y,4,0,1,1,A,-,08,22107,,N,E,I,A,C,H,-,D,D,0,,,,,Y,,A,01,0,0,1,0,0,0,0,0,0,"- ","- ",40.845489999999998,-120.75304,LASSEN,UNINCORPORATED,-120.75307558999999,40.845465670000003
90627395,2017,2017-12-27,9140,2017-12-20,1730,016322,,3,2,9,1800,0,3,5,,2,020,"RICHMOND ROAD","GOLD RUN ROAD",1056.00,E,N,A,-,N,,,,,,,,,,Y,4,0,1,1,A,-,03,22350,,N,F,A,A,A,H,-,D,A,0,,,,,Y,,A,01,0,0,1,0,0,0,0,0,0,"- ","- ",40.374850000000002,-120.65519,LASSEN,UNINCORPORATED,-120.65218156,40.37986703
90627408,2017,2017-12-27,9140,2017-12-21,2117,016169,,4,2,9,1800,0,1,2,,2,013,US-395,"SUNNYSIDE ROAD",1056.00,S,N,A,F,Y,,,395,,,,,,,Y,4,0,1,1,A,-,08,22107,,N,E,I,A,A,H,-,D,D,0,,,,,Y,,A,01,0,0,1,0,0,0,0,0,0,"- ","- ",40.325960000000002,-120.54483999999999,LASSEN,UNINCORPORATED,-120.54475201,40.325965709999998
90634279,2017,2018-01-05,9140,2017-12-20,1708,014430,,3,2,9,1800,0,1,3,,2,032,"STATE ROUTE 44","POLE SPRINGS RD.",528.00,E,N,B,D,Y,,,44,,,,,,,Y,4,0,1,1,A,-,03,22350,,N,F,A,A,C,H,-,D,D,0,,,,,Y,,D,22,0,0,1,0,0,0,0,0,0,"- ","- ",40.64349,-121.24594,LASSEN,UNINCORPORATED,-121.24595196,40.643331330000002
90636658,2018,2018-01-09,9140,2018-01-08,0705,020502,,1,1,9,1800,0,1,2,,2,015,"US 395","COUNTY ROAD A26",1584.00,S,N,C,-,Y,,,,,,,,,,Y,4,0,1,1,C,-,18,,,N,E,H,A,B,H,-,A,D,0,,,,,Y,,-,"- ",0,0,1,0,0,0,0,0,0,"- ","- ",40.086711883544922,-120.16345977783203,LASSEN,UNINCORPORATED,,
90639296,2018,2018-01-31,9140,2018-01-06,0918,020458,,6,1,9,1800,0,1,3,,2,031,SR-139,"RICE CANYON ROAD",130.00,N,N,A,F,Y,,,139,,,,,,,Y,1,1,0,1,A,-,03,22350,,N,F,A,A,C,G,-,A,D,0,,,,,Y,,A,08,0,0,0,0,0,0,0,0,0,"- ","- ",40.480091094970703,-120.54531860351562,LASSEN,UNINCORPORATED,-120.54523468017578,40.479988098144531
90640587,2018,2018-01-16,9140,2018-01-03,0135,015009,,3,3,9,1800,0,1,2,,2,013,"U.S. 395","HICKS ROAD",1056.00,N,N,A,-,Y,,,,,,,,,,Y,2,0,3,1,C,-,18,,,N,H,H,A,A,H,-,D,D,0,,,,,Y,,-,"- ",3,0,0,0,0,0,0,0,0,"- ","- ",,,LASSEN,UNINCORPORATED,-120.47586059570312,40.267688751220703
90643305,2018,2018-01-19,9140,2018-01-16,1642,020696,,2,2,9,1800,0,1,2,,2,013,"US 395","COUNTY ROAD A3",0.00,,Y,B,-,Y,,,,,,,,,,N,4,0,2,2,A,-,09,21802,A,N,D,C,A,A,H,-,A,D,0,,,,,Y,,A,01,0,0,2,0,0,0,0,0,0,"- ","- ",40.283321380615234,-120.48993682861328,LASSEN,UNINCORPORATED,,
90643591,2018,2018-01-19,9140,2018-01-16,0754,020047,,2,1,9,1800,0,3,5,,2,010,"RICHMOND ROAD","JOSIE WAY",1056.00,E,N,A,-,N,,,,,,,,,,Y,3,0,1,2,A,-,03,22350,,N,A,C,A,C,H,-,A,D,0,,,,,Y,,A,07,0,1,0,0,0,0,0,0,0,"- ","- ",40.381961822509766,-120.16506958007812,LASSEN,UNINCORPORATED,-120.64889526367188,40.386909484863281
90643795,2018,2018-01-19,9140,2018-01-17,0555,016322,,3,3,9,1800,0,3,5,,2,010,"CONSTANTIA ROAD","HALL ROAD",10032.00,S,N,B,-,N,,,,,,,,,,Y,4,0,1,1,A,-,03,22350,,N,E,I,A,B,H,-,D,D,0,,,,,Y,,A,01,0,0,1,0,0,0,0,0,0,"- ","- ",39.970790863037109,-120.08043670654297,LASSEN,UNINCORPORATED,-120.08075714111328,39.97119140625
90649927,2018,2018-01-29,9165,2018-01-19,0005,019781,,5,3,9,1800,0,1,3,,2,063,US-395,"POZZOLAN RD",4224.00,S,N,B,D,Y,,,395,,,,,,,Y,3,0,2,1,A,-,08,22107,,N,E,I,A,B,H,-,D,D,0,,,,,Y,,A,07,0,2,0,0,0,0,0,0,0,"- ","- ",39.840278625488281,-120.03986358642578,LASSEN,UNINCORPORATED,-120.03993988037109,39.840259552001953
90652579,2018,2018-01-31,9140,2018-01-20,0020,018847,,6,3,9,1800,0,3,5,,2,040,"BIRCH STREET","4TH ST",120.00,S,N,A,-,N,,,,,,,,,,N,4,0,1,3,A,-,03,22350,,N,D,E,A,C,H,-,C,D,0,,,,,Y,,A,07,0,0,1,0,0,0,0,0,0,"- ","- ",40.303611755371094,-121.00171661376953,LASSEN,UNINCORPORATED,-121.00186157226562,40.303859710693359
90658371,2018,2018-02-23,9140,2018-02-06,1155,016732,,2,1,9,1800,0,1,3,,2,041,SR-36,"WESTWOOD CEMETARY",2640.00,E,N,A,-,Y,,,36,,,,,,,Y,3,0,1,1,A,-,08,22107,,N,E,I,A,A,H,-,A,D,0,,,,,Y,,A,01,0,1,0,0,0,0,0,0,0,"- ","- ",40.316871643066406,-120.96173095703125,LASSEN,UNINCORPORATED,-120.96173095703125,40.316864013671875
90662659,2018,2018-02-15,9140,2018-02-12,1205,019471,,1,1,9,1800,0,1,3,,2,034,SR-44,"LASSEN COUNTY LINE",3168.00,E,N,A,-,Y,,,,,,,,,,Y,3,0,1,1,A,-,08,22107,,N,F,I,A,A,H,-,A,D,0,,,,,Y,,A,01,0,1,0,0,0,0,0,0,0,"- ","- ",40.687538146972656,-121.37921905517578,LASSEN,UNINCORPORATED,,
90668162,2018,2018-02-23,9140,2018-02-22,0510,016322,,4,3,9,1800,0,1,2,,2,013,US-395,"LAKECREST ROAD (SOUTH)",528.00,N,N,B,D,Y,,,395,,,,,,,Y,4,0,1,1,A,-,03,22350,,N,E,I,A,C,H,-,D,D,0,,,,,Y,,A,01,0,0,1,0,0,0,0,0,0,"- ","- ",40.248760223388672,-120.46073150634766,LASSEN,UNINCORPORATED,-120.46065521240234,40.248825073242188
90670517,2018,2018-03-01,9140,2018-01-02,1505,020696,,2,2,9,1800,0,1,2,,2,013,US-395,"SEARS ROAD",0.00,,Y,A,-,Y,,,395,,,,,,,Y,1,1,2,2,A,-,09,21802,A,N,D,C,A,A,H,-,A,D,0,,,,,Y,,D,22,0,0,2,0,0,0,0,0,0,"- ","- ",40.294578552246094,-120.50852966308594,LASSEN,UNINCORPORATED,-120.50859069824219,40.294464111328125
90672615,2018,2018-03-01,9140,2018-02-26,1555,015598,,1,2,9,1800,0,1,3,,2,041,"STATE ROUTE 36","GOODRICH CREEK",200.00,W,N,A,-,Y,,,36,,,,,,,Y,4,0,1,1,C,-,18,,,N,F,A,A,A,H,-,A,D,0,,,,Y,Y,,-,"- ",0,0,1,0,0,0,0,0,0,"- ","- ",40.329151153564453,-120.931396484375,LASSEN,UNINCORPORATED,-120.93141937255859,40.329189300537109
90673055,2018,2018-03-01,9165,2018-02-22,0645,018243,,4,1,9,1800,0,1,3,,2,063,"US-395 S/B",SR-70,0.00,,Y,B,D,Y,,,395,,,,,,S,Y,4,0,1,2,A,-,03,22350,,N,E,J,A,C,E,-,A,D,0,,,,Y,Y,,G,25,0,0,1,0,0,0,0,0,0,"- ","- ",39.775169372558594,-120.03893280029297,LASSEN,UNINCORPORATED,-120.03899383544922,39.775173187255859
90673609,2018,2018-03-02,9140,2018-02-22,1830,014430,,4,2,9,1800,0,1,2,,2,015,US-395,"COWBOY JOE RD.",3168.00,S,N,B,-,Y,,,395,,,,,,,Y,4,0,2,1,A,-,03,22350,,N,F,A,A,C,H,-,D,D,0,,,,,Y,,A,07,0,0,2,0,0,0,0,0,0,"- ","- ",40.070919036865234,-120.14452362060547,LASSEN,UNINCORPORATED,-120.14456176757812,40.070884704589844
90673928,2018,2018-03-02,9140,2018-03-02,0520,016169,,5,3,9,1800,0,1,3,,2,031,SR-139,"HORSE LAKE ROAD",3696.00,N,N,A,-,Y,,,,,,,,,,Y,4,0,1,1,A,-,03,22350,,N,E,I,A,C,H,-,D,A,0,,,,,Y,,A,08,0,0,1,0,0,0,0,0,0,"- ","- ",40.321399688720703,-120.36530303955078,LASSEN,UNINCORPORATED,,
90675237,2018,2018-03-05,9140,2018-02-27,1855,015009,,2,2,9,1800,0,1,2,,2,022,"U.S. 395","SECRET VALLEY REST AREA",575.00,S,N,A,-,N,,,,,,,,,,Y,2,0,1,1,A,-,01,23152,A,N,E,I,A,A,H,-,D,D,0,,,,,Y,Y,A,07,1,0,0,0,0,0,0,0,0,"- ","- ",40.64678955078125,-120.260498046875,LASSEN,UNINCORPORATED,-120.25895690917969,40.645744323730469
90688906,2018,2018-03-23,9140,2018-03-17,2030,018094,,6,2,9,1800,0,1,2,,2,015,US-395,"LAVER CROSSING",2640.00,N,N,A,F,Y,,,395,,,,,,,Y,2,0,3,2,A,-,03,22350,,N,A,C,A,C,H,-,D,D,0,,,,,Y,,A,07,1,1,1,0,0,0,0,0,0,"- ","- ",40.062511444091797,-120.13671112060547,LASSEN,UNINCORPORATED,-120.13665008544922,40.062564849853516
90688940,2018,2018-03-23,9140,2018-03-17,0835,017928,,6,1,9,1800,0,1,3,,2,041,SR-36,"STATE ROUTE 147",2640.00,E,N,B,D,Y,,,36,,,,,,,Y,3,0,3,2,A,-,03,22350,,N,A,C,A,C,H,-,A,D,0,,,,,Y,,D,22,0,2,1,0,0,0,0,0,0,"- ","- ",40.311599731445312,-121.04054260253906,LASSEN,UNINCORPORATED,-121.04054260253906,40.311595916748047
90689251,2018,2018-03-26,9140,2018-03-17,2031,020569,,6,2,9,1800,0,1,2,,2,015,US-395,"LAVER CROSSING",1584.00,N,N,B,-,Y,,,395,,,,,,,Y,3,0,1,2,A,-,03,22350,,N,C,C,A,C,H,-,D,D,0,,,,Y,Y,,G,25,0,1,0,0,0,0,0,0,0,"- ","- ",40.059711456298828,-120.13398742675781,LASSEN,UNINCORPORATED,-120.13397216796875,40.059722900390625
90689253,2018,2018-03-26,9140,2018-03-17,2032,020569,,6,2,9,1800,0,1,2,,2,015,US-395,"LAVER CROSSING",1584.00,N,N,B,-,Y,,,395,,,,,,,Y,4,0,1,2,A,-,03,22350,,N,D,C,A,C,H,-,D,D,0,,,,Y,Y,,A,01,0,0,1,0,0,0,0,0,0,"- ","- ",40.059711456298828,-120.13398742675781,LASSEN,UNINCORPORATED,-120.13397216796875,40.059722900390625
90689254,2018,2018-03-26,9140,2018-03-17,2033,020569,,6,2,9,1800,0,1,2,,2,015,"US 395","LAVER CROSSING",1584.00,N,N,B,-,Y,,,,,,,,,,Y,3,0,3,2,A,-,03,22350,,N,D,C,A,C,H,-,D,D,0,,,,,Y,,A,01,0,2,1,0,0,0,0,0,0,"- ","- ",40.059711456298828,-120.13398742675781,LASSEN,UNINCORPORATED,,
90696087,2018,2018-04-02,9165,2018-03-24,2024,018600,,6,2,9,1800,0,1,3,,2,063,US-395,SR-70,17952.00,N,N,B,-,Y,,,395,,,,,,,Y,3,0,1,1,A,-,03,22350,,N,F,A,A,C,H,-,D,D,0,,,,,Y,,D,22,0,1,0,0,0,0,0,0,0,"- ","- ",39.822669982910156,-120.03603363037109,LASSEN,UNINCORPORATED,-120.03594207763672,39.822689056396484
90703293,2018,2018-04-11,9135,2018-04-08,1650,012142,,7,2,9,1800,0,1,3,,2,652,"STATE ROUTE 139","SUSANVILLE RD.",34320.00,S,N,A,-,Y,,,139,,,,,,,Y,3,0,1,1,A,-,08,22107,,N,F,A,A,A,H,-,A,D,0,,,,,Y,,D,22,0,1,0,0,0,0,0,0,0,"- ","- ",41.083858489990234,-120.90104675292969,LASSEN,UNINCORPORATED,-120.90111541748047,41.083717346191406
90705120,2018,2018-04-13,9140,2018-04-05,1709,020806,,4,2,9,1800,0,1,3,,2,011,"STATE ROUTE 36","KORVER ROAD",528.00,W,N,B,-,Y,,,,,,,,,,Y,2,0,1,1,A,-,01,23152,A,N,E,I,A,A,H,-,A,D,0,,,,,Y,Y,D,22,1,0,0,0,0,0,0,0,0,"- ","- ",,,LASSEN,UNINCORPORATED,,
90705151,2018,2018-04-13,9170,2018-04-12,0825,019033,,4,1,9,1800,0,1,2,,1,001,US-395,"DRY CREEK",15312.00,S,N,B,-,Y,,,395,,,,,,,Y,3,0,2,1,A,-,03,22350,,N,F,A,A,C,H,-,A,D,0,,,,,Y,,A,07,0,1,1,0,0,0,0,0,0,"- ","- ",41.121738433837891,-120.49089050292969,LASSEN,UNINCORPORATED,-120.49089813232422,41.121734619140625
90709384,2018,2018-04-19,9140,2018-04-09,1355,015009,,1,1,9,1800,0,1,2,,2,015,"U. S. 395","HALL ROAD",1056.00,N,N,A,-,Y,,,,,,,,,,Y,2,0,1,2,A,-,08,22107,,N,B,C,A,A,H,-,A,D,0,,,,,Y,,A,07,1,0,0,0,0,0,0,0,0,"- ","- ",40.00360107421875,-120.08809661865234,LASSEN,UNINCORPORATED,-120.08820343017578,40.003810882568359
90713907,2018,2018-04-26,9140,2018-04-16,0400,018094,,1,3,9,1800,0,1,3,,2,034,SR-44,"POISON LAKE",5280.00,W,N,D,-,Y,,,,,,,,,,Y,4,0,1,1,A,-,03,22350,,N,F,A,A,C,H,-,D,A,0,,,,,Y,,D,22,0,0,1,0,0,0,0,0,0,"- ","- ",40.644718170166016,-121.23319244384766,LASSEN,UNINCORPORATED,,
90715673,2018,2018-04-27,9140,2018-04-21,0204,020569,,6,3,9,1800,0,3,5,,2,030,"RICHMOND RD","GOLD RUN ROAD",1056.00,S,N,A,-,N,,,,,,,,,,Y,2,0,1,1,A,-,01,23152,F,N,E,I,A,A,H,-,D,D,0,,,,,Y,,A,01,1,0,0,0,0,0,0,0,0,"- ","- ",40.374771118164062,-120.65556335449219,LASSEN,UNINCORPORATED,-120.65514373779297,40.374702453613281
90719305,2018,2018-05-03,9140,2018-04-23,1650,013571,,1,2,9,1800,0,1,3,,2,011,"STATE ROUTE 36","FS 29N03",2640.00,W,N,A,-,Y,,,36,,,,,,,Y,4,0,1,1,A,-,08,22107,,N,E,I,A,A,H,-,A,D,0,,,,,Y,,D,22,0,0,1,0,0,0,0,0,0,"- ","- ",40.375801086425781,-120.81318664550781,LASSEN,UNINCORPORATED,-120.81320190429688,40.375823974609375
90722220,2018,2018-08-31,9140,2018-05-04,0848,019275,,5,1,9,1800,0,3,5,,2,010,"HACKSTAFF ROAD","LAVER CROSSING",5280.00,N,N,A,-,N,,,,,,,,,,Y,3,0,1,1,A,-,08,22107,,N,F,A,A,A,H,-,A,D,0,,,,,Y,,D,22,0,1,0,0,0,0,0,0,0,"- ","- ",40.076709747314453,-120.11073303222656,LASSEN,UNINCORPORATED,-120.11061859130859,40.075977325439453
90722291,2018,2018-05-08,9140,2018-04-29,1030,013571,,7,1,9,1800,0,3,5,,2,010,"SUNNYSIDE RD.","US 395",3696.00,E,N,B,-,N,,,,,,,,,,Y,3,0,1,1,A,-,08,22107,,N,F,A,A,A,H,-,A,D,0,,,Y,,Y,,C,02,0,1,0,0,0,0,0,0,1,"- ","- ",40.325401306152344,-120.53479766845703,LASSEN,UNINCORPORATED,-120.53515625,40.326065063476562
90722321,2018,2018-05-08,9170,2018-04-24,1010,016057,,2,1,9,1800,0,1,2,,1,001,"US 395","ANTELOPE ROAD",13728.00,S,N,A,G,Y,,,,,,,,,,N,2,0,1,2,A,-,08,22107,,N,H,G,A,A,H,-,A,D,0,,Y,,Y,Y,,L,04,1,0,0,0,0,0,1,0,0,"- ","- ",40.983081817626953,-120.49690246582031,LASSEN,UNINCORPORATED,-120.49687194824219,40.983409881591797
90727633,2018,2018-05-16,9170,2018-05-02,1644,18094,,3,2,9,1800,0,3,5,,1,022,"JUNIPER RIDGE ROAD",US-395,2851.00,E,N,A,-,N,,,,,,,,,,N,4,0,1,1,A,-,01,23152,A,N,F,A,A,A,H,-,A,D,0,,,Y,,Y,Y,C,06,0,0,1,0,0,0,0,0,1,"- ","- ",40.869781494140625,-120.45171356201172,LASSEN,UNINCORPORATED,-120.45159149169922,40.869678497314453
90733212,2018,2018-05-24,9140,2018-05-17,1806,020806,,4,2,9,1800,0,1,3,,2,011,"STATE ROUTE 36","WILLARD CREEK ROAD",31152.00,W,N,B,-,Y,,,,,,,,,,Y,4,0,1,1,A,-,08,22107,,N,E,I,A,A,H,-,A,D,0,,,,,Y,,D,22,0,0,1,0,0,0,0,0,0,"- ","- ",,,LASSEN,UNINCORPORATED,-120.89273834228516,40.352901458740234
90734982,2018,2018-05-25,9140,2018-05-02,1425,019275,,3,2,3,1801,1,4,S,,2,901,"GLENN DRIVE","N. ROOP STREET",37.00,E,N,A,-,N,,,,,,,,,,N,3,0,2,1,B,-,22,,,N,H,A,A,A,H,-,A,D,0,,,,,Y,,H,13,0,2,0,0,0,0,0,0,0,"- ","- ",40.426319122314453,-120.66188812255859,LASSEN,SUSANVILLE,-120.66208648681641,40.426292419433594
90738753,2018,2018-05-31,9140,2018-05-20,1755,013571,,7,2,9,1800,0,3,5,,2,010,"RICHMOND RD.","CIRCLE DR.",2112.00,W,N,A,-,N,,,,,,,,,,Y,4,0,1,1,A,-,08,22107,,N,E,I,A,A,H,-,A,D,0,,,,,Y,,A,01,0,0,1,0,0,0,0,0,0,"- ","- ",40.373291015625,-120.65239715576172,LASSEN,UNINCORPORATED,-120.65195465087891,40.373245239257812
90741773,2018,2018-06-05,9140,2018-05-24,0630,020502,,4,1,9,1800,0,3,5,,2,020,"CENTER ROAD","CRAMER RANCH ROAD",0.00,,Y,A,-,N,,,,,,,,,,Y,2,0,2,2,A,-,09,21802,A,N,A,C,A,A,H,-,A,D,0,,,Y,,Y,,A,01,1,1,0,0,0,0,0,0,1,"- ","- ",40.397228240966797,-120.58550262451172,LASSEN,UNINCORPORATED,-120.58560180664062,40.397331237792969
90742667,2018,2018-06-06,9140,2018-05-26,1445,020502,,6,2,9,1800,0,3,5,,2,030,"ALMOND WAY","MAHOGANY WAY",2640.00,W,N,B,-,N,,,,,,,,,,N,2,0,1,1,A,-,01,23152,A,N,F,A,A,D,H,-,A,D,0,,,Y,,Y,Y,C,06,1,0,0,0,0,0,0,0,1,"- ","- ",40.384090423583984,-120.46678161621094,LASSEN,UNINCORPORATED,-120.77524566650391,40.643955230712891
90747782,2018,2018-06-13,9140,2018-06-01,1530,020806,,5,2,9,1800,0,3,5,,2,030,"LASSEN NATIONAL FOREST ROAD 22","CLEGHORN ROAD",21120.00,N,N,A,-,N,,,,,,,,,,Y,2,0,1,1,A,-,08,22107,,N,E,I,A,A,H,-,A,D,0,,,,,Y,,D,22,1,0,0,0,0,0,0,0,0,"- ","- ",40.496810913085938,-120.52394866943359,LASSEN,UNINCORPORATED,,
90748300,2018,2018-06-14,9140,2018-06-08,1500,016322,,5,2,9,1800,0,1,2,,2,015,US-395,"CONSTANTIA ROAD",1320.00,S,N,A,-,Y,,,395,,,,,,,Y,4,0,1,3,A,-,05,21460,A,N,B,C,A,A,H,-,A,D,0,,,,,Y,,A,01,0,0,1,0,0,0,0,0,0,"- ","- ",39.946910858154297,-120.02726745605469,LASSEN,UNINCORPORATED,-120.02718353271484,39.946994781494141
90748316,2018,2018-06-14,9140,2018-06-08,1040,019275,,5,1,9,1800,0,1,2,,2,021,US-395,"LEAVITT LANE",3168.00,N,N,A,-,Y,,,395,,,,,,,Y,3,0,1,1,A,-,08,22107,,N,F,A,A,A,H,-,A,D,0,,,,,Y,,A,01,0,1,0,0,0,0,0,0,0,"- ","- ",40.376941680908203,-120.50966644287109,LASSEN,UNINCORPORATED,-120.50965118408203,40.37689208984375
90748646,2018,2018-10-10,9140,2018-06-13,2105,014430,,3,2,9,1800,0,1,2,,2,013,"US 395","SEARS RD.",2640.00,N,N,A,-,Y,,,,,,,,,,N,3,0,3,2,A,-,01,23152,A,N,C,C,A,A,H,-,D,D,0,,,,,Y,Y,A,01,0,1,2,0,0,0,0,0,0,"- ","- ",40.298679351806641,-120.51622772216797,LASSEN,UNINCORPORATED,-120.51625061035156,40.298694610595703
90750415,2018,2018-06-18,9165,2018-06-07,2315,020692,,4,3,9,1800,0,1,3,,2,062,"US-395 N/B","COUNTRY LN",0.00,,N,A,-,Y,,,395,,,,,,N,Y,3,0,1,1,A,-,01,23152,A,N,F,A,A,A,H,-,D,D,0,,,,,Y,Y,A,07,0,1,0,0,0,0,0,0,0,"- ","- ",39.7381591796875,-120.03880310058594,LASSEN,UNINCORPORATED,-120.03884887695312,39.7381591796875
90751318,2018,2018-06-19,9140,2018-06-11,0445,018094,,1,3,9,1800,0,1,3,,2,032,SR-44,"GOUMAZ RD",3168.00,E,N,A,-,Y,,,44,,,,,,,Y,4,0,1,1,A,-,08,22107,,N,E,I,A,A,H,-,B,D,0,,,,,Y,,A,01,0,0,1,0,0,0,0,0,0,"- ","- ",40.442790985107422,-120.86843872070312,LASSEN,UNINCORPORATED,-120.86844635009766,40.442775726318359
90752913,2018,2018-06-21,9140,2018-06-14,1355,016322,,4,1,9,1800,0,3,5,,2,020,"JOHNSTONVILLE RD","COMMERCIAL RD",145.00,W,N,A,-,N,,,,,,,,,,N,4,0,1,2,A,-,09,21804,A,N,D,C,A,A,H,-,A,D,0,,,,,Y,,D,22,0,0,1,0,0,0,0,0,0,"- ","- ",40.400951385498047,-120.62081146240234,LASSEN,UNINCORPORATED,-120.6207275390625,40.400936126708984
90753285,2018,2018-06-21,9140,2018-06-18,1749,014430,,1,2,9,1800,0,1,3,,2,031,SR-139,"WILLOW CREEK BR. 7-62",17424.00,N,N,B,-,Y,,,139,,,,,,,Y,4,0,1,1,A,-,08,22107,,N,F,A,A,A,H,-,A,D,0,,,,,Y,,A,01,0,0,1,0,0,0,0,0,0,"- ","- ",40.6083984375,-120.64324951171875,LASSEN,UNINCORPORATED,-120.64310455322266,40.608455657958984
90757550,2018,2018-06-28,9140,2018-06-19,2320,015009,,2,3,9,1800,0,1,3,,2,032,SR-44,"POLE SPRINGS ROAD",7392.00,E,N,A,-,Y,,,,,,,,,,Y,4,0,1,1,A,-,08,22107,,N,F,A,A,A,H,-,D,D,0,,,,,Y,,A,01,0,0,1,0,0,0,0,0,0,"- ","- ",,,LASSEN,UNINCORPORATED,,
90758444,2018,2018-06-28,9140,2018-06-17,1720,013571,,7,2,9,1800,0,1,2,,2,021,"US 395","CENTER RD.",528.00,N,N,B,-,Y,,,,,,,,,,Y,4,0,2,1,A,-,08,22107,,N,E,I,A,A,H,-,A,D,0,,,,,Y,,A,07,0,0,2,0,0,0,0,0,0,"- ","- ",,,LASSEN,UNINCORPORATED,,
90761997,2018,2018-07-03,9140,2018-06-25,0127,018094,,1,3,9,1800,0,1,3,,2,011,CR-A3,"HEMPHILL ROAD",950.00,N,N,A,-,N,,,,,,,,,,Y,4,0,1,1,C,-,18,,,N,H,H,A,A,H,-,D,D,0,,,,,Y,,-,"- ",0,0,1,0,0,0,0,0,0,"- ","- ",40.2913818359375,-120.47831726074219,LASSEN,UNINCORPORATED,-120.4783935546875,40.2913818359375
90762258,2018,2018-07-03,9140,2018-06-28,1445,020047,,4,2,9,1800,0,1,3,,2,011,"STATE ROUTE 36","ROXIE PECONOM RD",2640.00,E,N,A,-,Y,,,36,,,,,,,Y,4,0,2,1,A,-,08,22107,,N,E,I,A,A,H,-,A,D,0,,,,,Y,,B,07,0,0,2,0,0,0,0,0,0,"- ","- ",40.383579254150391,-120.79811096191406,LASSEN,UNINCORPORATED,-120.79803466796875,40.383472442626953
90763546,2017,2018-10-19,9140,2017-07-08,2025,016322,,6,2,9,1800,0,1,3,,2,011,SR-36,"SR-36 FREDONYER SAND SHED",528.00,W,N,A,-,Y,,,36,,,,,,,Y,1,1,0,1,A,-,08,22107,,N,E,I,A,A,H,-,A,D,0,,,,,Y,Y,A,01,0,0,0,0,0,0,0,0,0,"- ","- ",40.356169999999999,-120.88873,LASSEN,UNINCORPORATED,-120.88852726,40.355774459999999
90769236,2018,2018-07-16,9140,2018-07-05,2200,020806,,4,3,9,1800,0,3,5,,2,020,"RICE CANYON ROAD","CENTER ROAD",1056.00,N,N,A,-,N,,,,,,,,,,Y,4,0,1,2,A,-,03,22350,,N,C,C,A,A,H,-,C,D,0,,,,,Y,,D,22,0,0,1,0,0,0,0,0,0,"- ","- ",40.403091430664062,-120.52603912353516,LASSEN,UNINCORPORATED,-120.52603912353516,40.398918151855469
90769238,2018,2018-07-16,9140,2018-07-08,1255,020047,,7,1,9,1800,0,1,3,,2,032,"STATE ROUTE 44","GOAT FIRE SIGN",7920.00,W,N,A,-,Y,,,44,,,,,,,Y,4,0,2,1,A,-,03,22350,,N,E,I,A,A,H,-,A,D,0,,,,,Y,,D,22,0,0,2,0,0,0,0,0,0,"- ","- ",40.439258575439453,-120.83827209472656,LASSEN,UNINCORPORATED,-120.8382568359375,40.439159393310547
90769245,2018,2018-07-16,9140,2018-07-07,1458,013571,,6,2,9,1800,0,1,2,,2,013,"US 395","DIANE DR.",1056.00,S,N,A,-,Y,,,,,,,,,,Y,3,0,1,2,A,-,03,22350,,N,C,C,A,A,H,-,A,D,0,,,,,Y,,A,01,0,1,0,0,0,0,0,0,0,"- ","- ",40.372531890869141,-120.57718658447266,LASSEN,UNINCORPORATED,-120.57757568359375,40.372806549072266
90770860,2018,2018-07-17,9140,2018-07-09,1755,020502,,1,2,9,1800,0,1,2,,2,013,"US 395","COUNTY ROAD A3",1056.00,N,N,A,-,Y,,,,,,,,,,Y,4,0,1,1,A,-,08,22107,,N,E,I,A,A,H,-,A,D,0,,,,,Y,,A,07,0,0,1,0,0,0,0,0,0,"- ","- ",40.285961151123047,-120.49350738525391,LASSEN,UNINCORPORATED,,
90771137,2018,2018-07-17,9140,2018-07-11,1620,020502,,3,2,9,1800,0,1,3,,2,011,"STATE ROUTE 36","WILLARD CREEK ROAD",640.00,W,N,A,-,Y,,,36,,,,,,,Y,4,0,2,1,A,-,08,22107,,N,E,I,A,A,H,-,A,D,0,,,,,Y,,A,01,0,0,2,0,0,0,0,0,0,"- ","- ",40.379150390625,-120.80625152587891,LASSEN,UNINCORPORATED,-120.80629730224609,40.379241943359375
90772260,2018,2018-07-19,9140,2018-07-06,1400,016169,,5,2,9,1800,0,1,3,,2,031,SR-139,"POPE PINES PLACE",169.00,N,N,A,-,Y,,,139,,,,,,,Y,4,0,1,2,A,-,05,21650,,N,E,J,A,A,H,-,A,D,0,,,,,Y,,A,01,0,0,1,0,0,0,0,0,0,"- ","- ",40.496139526367188,-120.56011962890625,LASSEN,UNINCORPORATED,-120.56010437011719,40.496150970458984
90772265,2018,2018-07-19,9140,2018-07-17,1750,017928,,2,2,9,1800,0,3,5,,2,040,"FIR ST.","3RD ST.",15.00,N,N,A,-,N,,,,,,,,,,N,3,0,1,2,A,-,05,21650,,F,G,B,E,A,H,-,A,D,0,Y,,,,Y,,-,99,0,1,0,0,1,0,0,0,0,"- ","- ",40.300281524658203,-121.00695037841797,LASSEN,UNINCORPORATED,-121.00685882568359,40.302162170410156
90772928,2018,2018-07-19,9135,2018-07-16,1745,018777,,1,2,9,1800,0,3,5,,2,007,"LITTLE VALLEY RD","SEYMOUR LANE",15312.00,N,N,A,-,N,,,,,,,,,,Y,3,0,1,1,A,-,01,23152,A,N,F,A,A,A,H,-,A,D,0,,,,,Y,Y,A,08,0,1,0,0,0,0,0,0,0,"- ","- ",40.916530609130859,-121.22438812255859,LASSEN,UNINCORPORATED,-121.22341918945312,40.916519165039062
90776646,2018,2018-09-13,9140,2018-07-14,1420,013571,,6,2,9,1800,0,3,5,,2,020,"CENTER RD.","CRAMER RANCH RD.",528.00,E,N,A,-,N,,,,,,,,,,Y,4,0,1,1,A,-,08,22107,,N,E,I,A,A,H,-,A,D,0,,,,,Y,,A,07,0,0,1,0,0,0,0,0,0,"- ","- ",40.400520324707031,-120.58544921875,LASSEN,UNINCORPORATED,-120.58462524414062,40.398571014404297
90783103,2018,2018-08-02,9140,2018-07-28,2240,016322,,6,3,9,1800,0,3,5,,2,010,"MAIN STREET","CHURCH STREET",528.00,S,N,A,-,N,,,,,,,,,,Y,4,0,1,4,A,-,01,23152,A,N,B,C,A,A,H,-,D,D,0,,,,,Y,Y,D,22,0,0,1,0,0,0,0,0,0,"- ","- ",40.297080993652344,-120.52539825439453,LASSEN,UNINCORPORATED,-120.52579498291016,40.297283172607422
90784718,2018,2018-08-06,9165,2018-08-03,0551,019583,,5,3,9,1800,0,1,3,,2,060,SR-70,"PLUMAS-LASSEN COUNTY LINE",1056.00,E,N,A,-,Y,,,70,,,,,,,Y,3,0,1,1,C,-,18,,,N,H,H,A,A,H,-,A,D,0,,,,,Y,,-,"- ",0,1,0,0,0,0,0,0,0,"- ","- ",39.790290832519531,-120.10282897949219,LASSEN,UNINCORPORATED,-120.10282897949219,39.790294647216797
90793872,2018,2018-08-20,9140,2018-08-12,2120,013571,,7,2,9,1800,0,1,2,,2,013,"US 395","SADDLEBACK LN.",120.00,S,N,A,-,Y,,,,,,,,,,Y,4,0,2,1,C,-,18,,,N,H,H,A,A,H,-,D,D,0,,,,,Y,,-,"- ",0,0,2,0,0,0,0,0,0,"- ","- ",,,LASSEN,UNINCORPORATED,-120.53787231445312,40.313636779785156
90794542,2018,2018-08-21,9140,2018-08-11,1605,016322,,6,2,9,1800,0,1,2,,2,021,US-395,"JOHNSTONVILLE ROAD",0.00,,Y,A,-,Y,,,395,,,,,,,Y,3,0,1,2,A,-,09,21802,A,N,E,I,A,A,H,-,A,A,0,,,,,Y,,A,07,0,1,0,0,0,0,0,0,0,"- ","- ",40.384021759033203,-120.58666229248047,LASSEN,UNINCORPORATED,-120.58666229248047,40.383945465087891
90794921,2018,2018-08-24,9140,2018-07-09,1942,018094,,1,2,9,1800,0,3,5,,2,010,"HICKS ROAD","PONDEROSA BLVD",15.00,N,N,A,-,N,,,,,,,,,,Y,3,0,1,2,A,-,03,22350,,F,D,C,A,A,H,-,A,A,0,,,,,Y,,D,22,0,1,0,0,0,0,0,0,0,"- ","- ",40.264919281005859,-120.47409820556641,LASSEN,UNINCORPORATED,-120.47410583496094,40.264881134033203
90797401,2018,2018-08-24,9140,2018-08-18,0003,020696,,6,3,9,1800,0,1,2,,2,015,"US 395","OLD HIGHWAY",215.00,N,N,A,-,Y,,,,,,,,,,Y,3,0,1,1,A,-,03,22350,,N,H,H,A,A,H,-,D,D,0,,,Y,,Y,,C,02,0,1,0,0,0,0,0,0,1,"- ","- ",40.041629791259766,-120.11724853515625,LASSEN,UNINCORPORATED,-120.18340301513672,40.096126556396484
90798784,2018,2018-08-27,9140,2018-08-19,1414,016322,,7,2,9,1800,0,3,5,,2,020,"CENTER ROAD","RICE CANYON ROAD",0.00,,Y,A,-,N,,,,,,,,,,Y,4,0,2,2,A,-,03,22350,,N,C,C,A,A,H,-,A,D,0,,,,,Y,,A,01,0,0,2,0,0,0,0,0,0,"- ","- ",40.396018981933594,-120.52606964111328,LASSEN,UNINCORPORATED,-120.52610778808594,40.396018981933594
90801908,2018,2018-08-30,9140,2018-08-20,0730,019471,,1,1,9,1800,0,3,5,,2,010,"RICHMOND RD","WINGFIELD RD",0.00,,Y,A,-,N,,,,,,,,,,Y,4,0,2,2,A,-,09,21804,A,N,D,C,A,A,H,-,A,D,0,,,,,Y,,A,01,0,0,2,0,0,0,0,0,0,"- ","- ",40.370330810546875,-120.64167022705078,LASSEN,UNINCORPORATED,-120.64170837402344,40.370368957519531
90804332,2018,2018-09-03,9135,2018-08-26,1435,012142,,7,2,9,1800,0,1,3,,2,651,"STATE ROUTE 299","DAY ROAD",1848.00,W,N,A,-,Y,,,,,,,,,,Y,4,0,1,1,A,-,08,22107,,N,E,I,A,A,H,-,A,D,0,,,,,Y,,A,01,0,0,1,0,0,0,0,0,0,"- ","- ",,,LASSEN,UNINCORPORATED,-121.31800842285156,41.083522796630859
90804389,2018,2018-09-04,9165,2018-08-25,1505,020692,,6,2,9,1800,0,1,3,,2,063,US-395,SR-70,12144.00,N,N,A,-,Y,,,395,,,,,,,Y,3,0,1,2,A,-,06,21750,A,N,B,C,A,A,H,-,A,D,0,,,Y,,Y,,C,02,0,1,0,0,0,0,0,0,1,"- ","- ",39.809349060058594,-120.033203125,LASSEN,UNINCORPORATED,-120.03314971923828,39.809352874755859
90805737,2018,2018-09-05,9165,2018-08-27,1852,019781,,1,2,9,1800,0,1,3,,2,063,US-395,"POZZOLAN RD",40.00,N,N,A,-,Y,,,395,,,,,,,Y,3,0,1,1,A,-,08,22107,,N,E,I,A,A,H,-,A,D,0,,,,,Y,,A,07,0,1,0,0,0,0,0,0,0,"- ","- ",39.854160308837891,-120.04154205322266,LASSEN,UNINCORPORATED,-120.04145812988281,39.854145050048828
90807182,2018,2018-09-06,9140,2018-08-24,1210,014898,,5,1,9,1800,0,1,3,,2,011,SR36,SR44,246.00,W,N,A,-,Y,,,36,,,,,,,Y,3,0,3,2,A,-,08,22107,,N,D,C,A,A,H,-,A,D,0,,,,,Y,,A,07,0,3,0,0,0,0,0,0,0,"- ","- ",40.411468505859375,-120.75592803955078,LASSEN,UNINCORPORATED,-120.75585174560547,40.411094665527344
90808268,2018,2018-09-07,9135,2018-09-03,1250,018777,,1,1,9,1800,0,1,3,,2,651,"SR-299 W/B","KRAMER ROAD",2640.00,W,N,A,-,Y,,,299,,,,,,W,Y,3,0,2,1,A,-,08,22107,,N,F,A,A,A,H,-,A,D,0,,,,,Y,,A,01,0,2,0,0,0,0,0,0,0,"- ","- ",41.090709686279297,-121.189208984375,LASSEN,UNINCORPORATED,-121.18918609619141,41.090679168701172
90808370,2018,2018-09-10,9135,2018-09-02,1910,012142,,7,2,9,1800,0,1,3,,2,652,"STATE ROUTE 139","HAYDEN HILL RD",6864.00,S,N,A,-,Y,,,,,,,,,,Y,4,0,1,1,A,-,08,22107,,N,F,A,A,A,H,-,A,D,0,,,,,Y,,A,01,0,0,1,0,0,0,0,0,0,"- ","- ",41.012660980224609,-121.83033752441406,LASSEN,UNINCORPORATED,-120.83164978027344,41.012958526611328
90812706,2018,2018-09-13,9140,2018-09-05,0810,019275,,3,1,9,1800,0,1,3,,2,031,"STATE ROUTE 139","S. GRASSHOPPER ROAD",1584.00,N,N,A,-,Y,,,139,,,,,,,Y,3,0,1,1,A,-,08,22107,,N,F,A,A,A,H,-,A,D,0,,,,,Y,,A,07,0,1,0,0,0,0,0,0,0,"- ","- ",40.780960083007812,-120.72689819335938,LASSEN,UNINCORPORATED,-120.72690582275391,40.780960083007812
90812823,2018,2018-09-13,9135,2018-09-10,0737,019680,,1,1,9,1800,1,1,3,,2,651,"HIGHWAY 299     W","SUSANVILLE RD",12672.00,E,N,A,-,Y,,,,,,,,,,Y,3,0,2,2,A,-,03,22350,,N,C,C,A,A,H,-,A,D,0,,,,,Y,,A,01,0,1,1,0,0,0,0,0,0,"- ","- ",,,LASSEN,UNINCORPORATED,,
90813548,2018,2018-09-14,9140,2018-09-04,1740,020502,,2,2,9,1800,0,1,2,,2,013,US-395,"CHURCH STREET",0.00,,Y,A,-,Y,,,395,,,,,,,Y,2,0,5,2,A,-,09,21801,A,N,D,C,A,A,H,-,A,D,0,,,,,Y,,A,07,1,4,0,0,0,0,0,0,0,"- ","- ",40.302818298339844,-120.52384185791016,LASSEN,UNINCORPORATED,-120.52381896972656,40.302864074707031
90814849,2018,2018-09-17,9135,2018-09-14,1000,019680,,5,1,9,1800,0,1,3,,2,652,SR-139,"STRATTON SPRINGS RD.",528.00,S,N,A,-,Y,,,,,,,,,,Y,2,0,1,1,C,-,18,,,N,H,H,A,A,H,-,A,D,0,,,Y,,Y,,-,"- ",1,0,0,0,0,0,0,0,1,"- ","- ",,,LASSEN,UNINCORPORATED,,
90815996,2018,2018-09-18,9140,2018-09-13,1022,019275,,4,1,9,1800,0,1,2,,2,021,"US 395","BUFFUM LANE",1584.00,W,N,A,-,Y,,,,,,,,,,Y,3,0,2,2,A,-,08,22107,,N,D,C,A,A,H,-,A,D,0,,,,,Y,,D,22,0,1,1,0,0,0,0,0,0,"- ","- ",40.377750396728516,-120.54266357421875,LASSEN,UNINCORPORATED,-120.53600311279297,40.376724243164062
90816014,2018,2018-09-18,9140,2018-09-14,0930,019275,,5,1,9,1800,0,1,3,,2,031,"STATE ROUTE 139","SPRING RIDGE DRIVE",19536.00,N,N,A,-,Y,,,139,,,,,,,Y,2,0,1,1,A,-,03,22350,,N,E,I,A,A,H,-,A,D,0,,,Y,,Y,,C,02,1,0,0,0,0,0,0,0,1,"- ","- ",40.458881378173828,-120.59342193603516,LASSEN,UNINCORPORATED,-120.59344482421875,40.458858489990234
90818413,2018,2018-09-21,9135,2018-09-19,1700,019680,,3,2,9,1800,0,1,3,,2,603,"BEAVER CREEK","PITVILLE RD",26400.00,S,N,A,-,N,,,,,,,,,,N,3,0,1,1,A,-,08,22107,,N,E,I,A,A,H,-,A,D,0,,,,,Y,,D,22,0,1,0,0,0,0,0,0,0,"- ","- ",41.225978851318359,-122.45789337158203,LASSEN,UNINCORPORATED,-121.293701171875,40.849079132080078
90819209,2018,2018-09-24,9140,2018-09-13,2130,020806,,4,2,9,1800,0,3,5,,2,010,"SAGE VALLEY ROAD","COUNTY ROAD A26",0.00,,Y,A,-,N,,,,,,,,,,N,4,0,1,1,A,-,01,23152,A,N,E,I,A,A,H,-,D,D,0,,,,,Y,Y,D,22,0,0,1,0,0,0,0,0,0,"- ","- ",40.126861572265625,-120.16914367675781,LASSEN,UNINCORPORATED,-120.16896,40.136870000000002
90826303,2018,2018-10-02,9135,2018-08-24,2200,015627,,5,3,9,1800,0,3,5,,2,007,"LITTLE VALLEY ROAD","PITTVILLE ROAD",21120.00,S,N,A,-,N,,,,,,,,,,Y,1,1,1,1,A,-,08,22107,,N,F,A,A,A,H,-,D,D,0,,,,,Y,Y,D,22,1,0,0,0,0,0,0,0,0,"- ","- ",40.993511199951172,-121.28643035888672,LASSEN,UNINCORPORATED,-121.3023681640625,41.009052276611328
90828701,2018,2018-10-04,9140,2018-09-03,1140,020047,,1,1,9,1800,0,1,2,,2,021,US-395,"LAMBERT LANE",2112.00,S,N,A,-,Y,,,395,,,,,,,Y,1,1,0,1,A,-,08,22107,,N,E,I,A,A,H,-,A,D,0,,,,,Y,Y,A,01,0,0,0,0,0,0,0,0,0,"- ","- ",40.366111755371094,-120.40345764160156,LASSEN,UNINCORPORATED,-120.40348052978516,40.366142272949219
90841059,2018,2018-10-22,9165,2018-10-16,0910,013901,,2,1,9,1800,0,1,3,,2,062,"US-395 N/B","LONG VALLEY AG STATION",153.00,S,N,A,-,Y,,,395,,,,,,N,Y,4,0,2,2,A,-,01,23152,F,N,C,C,A,A,H,-,A,D,0,,,,,Y,,A,08,0,0,2,0,0,0,0,0,0,"- ","- ",39.73004150390625,-120.03810882568359,LASSEN,UNINCORPORATED,-120.03831481933594,39.730022430419922
90841646,2018,2018-10-22,9140,2018-10-13,0854,019471,,6,1,9,1800,0,1,3,,2,011,"STATE ROUTE 36","EAGLE LAKE RD",0.00,,N,A,-,Y,,,36,,,,,,,Y,4,0,1,1,A,-,08,22107,,N,E,I,A,A,D,-,A,D,0,,,,,Y,,A,01,0,0,1,0,0,0,0,0,0,"- ","- ",40.424659729003906,-120.67826843261719,LASSEN,UNINCORPORATED,-120.67830657958984,40.424594879150391
90841786,2018,2018-10-22,9140,2018-09-23,1235,019471,,7,1,9,1800,0,1,3,,2,011,SR-36,"FREDONYER SNOWMOBILE PARK",2134.00,W,N,A,-,Y,,,36,,,,,,,Y,3,0,1,1,A,-,08,22107,,N,F,A,A,A,H,-,A,D,0,,,Y,,Y,,C,02,0,1,0,0,0,0,0,0,1,"- ","- ",40.352500915527344,-120.87655639648438,LASSEN,UNINCORPORATED,-120.87660980224609,40.352592468261719
90842320,2018,2018-10-23,9140,2018-10-13,1205,019971,,6,1,9,1800,0,1,3,,2,031,"STATE ROUTE 139","SPRING RIDGE DRIVE",21120.00,N,N,A,-,Y,,,,,,,,,,Y,3,0,1,1,A,-,08,22107,,N,E,I,A,A,H,-,A,D,0,,,Y,,Y,,C,02,0,1,0,0,0,0,0,0,1,"- ","- ",,,LASSEN,UNINCORPORATED,-120.58869171142578,40.456619262695312
90844630,2018,2018-10-25,9135,2018-10-23,0635,013553,,2,1,9,1800,0,1,3,,2,651,SR-299,"CENTER SCHOOL HOUSE RD",3168.00,W,N,A,-,Y,,,299,,,,,,,Y,4,0,1,2,A,-,08,22107,,N,D,C,A,A,H,-,D,D,0,,,,,Y,,D,22,0,0,1,0,0,0,0,0,0,"- ","- ",41.153629302978516,-121.02427673339844,LASSEN,UNINCORPORATED,-121.0242919921875,41.153667449951172
90846752,2018,2018-10-26,9140,2018-10-20,0210,017928,,6,3,9,1800,0,1,3,,2,042,"STATE ROUTE 147","PLUMAS/LASSEN CO. LINE",875.00,N,N,A,-,Y,,,147,,,,,,,Y,3,0,1,1,A,-,01,23152,A,N,E,I,A,A,H,-,D,D,0,,,,,Y,Y,D,22,0,1,0,0,0,0,0,0,0,"- ","- ",40.295051574707031,-121.05888366699219,LASSEN,UNINCORPORATED,-121.05915069580078,40.295272827148438
90848759,2018,2018-10-30,9140,2018-10-23,1945,019275,,2,2,9,1800,0,1,3,,2,031,SR-139,"S. GRASSHOPPER RD.",12672.00,N,N,A,-,Y,,,139,,,,,,,N,4,0,1,1,A,-,08,22107,,N,F,A,A,A,H,-,D,D,0,,,,,Y,,A,07,0,0,1,0,0,0,0,0,0,"- ","- ",40.810199737548828,-120.73194885253906,LASSEN,UNINCORPORATED,-120.73196411132812,40.810188293457031
90850928,2018,2018-11-01,9140,2018-11-01,0755,015009,,4,1,9,1800,0,1,3,,2,012,SR-36,"U.S. 395",10032.00,W,N,A,-,Y,,,,,,,,,,Y,4,0,1,3,A,-,03,22350,,N,C,C,A,A,D,-,A,A,0,,,,,Y,,A,01,0,0,1,0,0,0,0,0,0,"- ","- ",,,LASSEN,UNINCORPORATED,-120.62327575683594,40.393985748291016
90851887,2018,2018-11-02,9140,2018-10-26,0810,019971,,5,1,9,1800,0,3,5,,2,010,"COUNTY ROAD A3","LAKECREST DRIVE",0.00,,Y,A,-,N,,,,,,,,,,Y,4,0,1,2,A,-,09,21802,A,N,D,C,A,A,H,-,A,A,0,,,,,Y,,A,07,0,0,1,0,0,0,0,0,0,"- ","- ",40.285148620605469,-120.486572265625,LASSEN,UNINCORPORATED,-120.48643,40.285179999999997
90854164,2018,2018-11-06,9140,2018-10-30,2208,020696,,2,3,9,1800,0,1,3,,2,011,"STATE ROUTE 36","ROXIE PECONOM CG RD.",5280.00,E,N,A,-,Y,,,36,,,,,,,Y,3,0,1,1,A,-,01,23152,A,N,E,I,A,A,H,-,D,D,0,,,,,Y,Y,A,01,0,1,0,0,0,0,0,0,0,"- ","- ",40.384510040283203,-120.79708099365234,LASSEN,UNINCORPORATED,-120.79695129394531,40.384357452392578
90854170,2018,2018-11-06,9140,2018-09-08,1037,020458,,6,1,9,1800,0,1,3,,2,011,"STATE ROUTE 36","PHIL DOW ROAD",0.00,,Y,A,-,Y,,,36,,,,,,,Y,1,1,2,2,A,-,09,21802,A,N,D,C,A,A,H,-,A,A,0,,,,Y,Y,,A,01,2,0,0,0,0,0,0,0,0,"- ","- ",40.415000915527344,-120.73667144775391,LASSEN,UNINCORPORATED,-120.73667144775391,40.414997100830078
90854249,2018,2018-11-06,9140,2018-11-01,1452,019275,,4,2,9,1800,0,3,5,,2,010,"ALEXANDER LN.","COUNTY ROAD A3",2112.00,W,N,A,-,N,,,,,,,,,,Y,2,0,1,1,A,-,08,22107,,N,E,I,A,A,H,-,A,D,0,,,,,Y,,D,22,1,0,0,0,0,0,0,0,0,"- ","- ",40.350849151611328,-120.41619110107422,LASSEN,UNINCORPORATED,-120.41619110107422,40.350799560546875
90868974,2018,2018-11-28,9170,2018-11-21,1830,019033,,3,2,9,1800,0,1,2,,1,001,US-395,"MODOC COUNTY ROAD",2851.00,N,N,C,-,Y,,,,,,,,,,Y,3,0,1,1,A,-,08,22107,,N,E,J,A,B,H,-,D,D,0,,,,,Y,,A,07,0,1,0,0,0,0,0,0,0,"- ","- ",41.946830749511719,-120.302490234375,LASSEN,UNINCORPORATED,,
90871824,2018,2018-11-30,9140,2018-09-20,1817,016169,,4,2,9,1800,0,3,5,,2,010,"RICHMOND ROAD","JACOBS LANE",0.00,,Y,A,-,N,,,,,,,,,,Y,3,0,2,2,A,-,08,22107,,N,A,C,A,A,H,-,B,D,0,,,,Y,Y,,A,01,0,1,1,0,0,0,0,0,0,"- ","- ",40.223300933837891,-120.36009979248047,LASSEN,UNINCORPORATED,-120.60031890869141,40.375888824462891
90871829,2018,2018-11-30,9140,2018-11-22,0613,019275,,4,1,9,1800,0,1,2,,2,013,US-395,"BASS HILL ROAD",53.00,N,N,C,-,Y,,,395,,,,,,,Y,4,0,1,1,A,-,08,22107,,N,F,I,A,B,H,-,D,D,0,,,,,Y,,A,01,0,0,1,0,0,0,0,0,0,"- ","- ",40.344490051269531,-120.55973052978516,LASSEN,UNINCORPORATED,-120.55967712402344,40.344463348388672
90871830,2018,2018-11-30,9140,2018-11-22,0210,020502,,4,3,9,1800,0,1,3,,2,031,"STATE ROUTE 139","RICE CANYON ROAD",2112.00,N,N,C,-,Y,,,139,,,,,,,Y,4,0,1,1,A,-,08,22107,,N,E,I,A,B,H,-,D,D,0,,,,,Y,,A,01,0,0,1,0,0,0,0,0,0,"- ","- ",40.484909057617188,-120.54783630371094,LASSEN,UNINCORPORATED,-120.54780578613281,40.484947204589844
90872709,2018,2018-11-30,9140,2018-10-20,2105,016322,,6,2,9,1800,0,1,2,,2,013,US-395,"COUNTY ROAD A-3",0.00,,Y,A,-,Y,,,395,,,,,,,Y,4,0,5,2,A,-,09,21802,A,N,D,C,A,A,H,-,C,A,0,,,,,Y,,A,08,0,0,5,0,0,0,0,0,0,"- ","- ",40.283641815185547,-120.4901123046875,LASSEN,UNINCORPORATED,-120.49011993408203,40.283634185791016
90872713,2018,2018-11-30,9140,2018-11-21,1812,016322,,3,2,9,1800,0,1,2,,2,014,US-395,A-25,5280.00,S,N,B,C,Y,,,395,,,,,,,Y,2,0,3,2,A,-,03,22350,,N,C,C,A,B,H,-,D,D,0,,,,,Y,,D,22,3,0,0,0,0,0,0,0,0,"- ","- ",40.117351531982422,-120.23314666748047,LASSEN,UNINCORPORATED,-120.23313903808594,40.117374420166016
90873134,2018,2018-12-03,9165,2018-11-23,2156,018600,,5,2,9,1800,0,3,5,,2,006,"SCOTT ROAD","SCOTT CREEK BRIDGE",85.00,N,N,B,-,N,,,,,,,,,,Y,4,0,1,1,A,-,08,22107,,N,F,A,A,A,H,-,D,D,0,,,,,Y,,A,07,0,0,1,0,0,0,0,0,0,"- ","- ",39.761180877685547,-120.06758117675781,LASSEN,UNINCORPORATED,-120.06753540039062,39.761173248291016
90875944,2018,2018-12-05,9140,2018-12-01,1950,018094,,6,2,9,1800,0,1,3,,2,032,SR-44,"MCCOY RD",3696.00,E,N,B,-,Y,,,44,,,,,,,Y,4,0,1,1,A,-,03,22350,,N,E,I,A,C,H,-,D,D,0,,,,,Y,,D,22,0,0,1,0,0,0,0,0,0,"- ","- ",40.460678100585938,-120.92356109619141,LASSEN,UNINCORPORATED,-120.92356872558594,40.460674285888672
90880484,2018,2018-12-11,9140,2018-12-03,0400,015009,,1,3,9,1800,0,1,3,,2,034,SR-44,"FOREST ROUTE 32N09",66.00,W,N,A,-,Y,,,44,,,,,,,Y,3,0,3,2,A,-,03,22350,,N,D,C,A,A,G,-,C,A,0,,,,Y,Y,,A,01,0,2,1,0,0,0,0,0,0,"- ","- ",40.586460113525391,-121.08889770507812,LASSEN,UNINCORPORATED,-121.08894348144531,40.586418151855469
90884633,2018,2018-12-17,9140,2018-12-09,1530,020047,,7,2,9,1800,0,3,5,,2,030,"COUNTY ROAD A1",SR-36,4224.00,N,N,B,-,N,,,,,,,,,,Y,4,0,1,1,A,-,03,22350,,N,E,I,A,C,H,-,A,D,0,,,,,Y,,A,01,0,0,1,0,0,0,0,0,0,"- ","- ",40.422531127929688,-120.71705627441406,LASSEN,UNINCORPORATED,-120.71705627441406,40.422531127929688
90887503,2018,2018-12-21,9165,2018-10-21,1425,019781,,7,2,9,1800,0,1,3,,2,063,US-395,"POZZOLAN ROAD",1584.00,N,N,A,-,Y,,,395,,,,,,,Y,1,1,0,1,A,-,08,22107,,N,F,A,A,A,H,-,A,D,0,,,,,Y,,A,07,0,0,0,0,0,0,0,0,0,"- ","- ",39.857128143310547,-120.0408935546875,LASSEN,UNINCORPORATED,-120.04098510742188,39.857139587402344
90887512,2018,2018-12-21,9165,2018-12-15,1810,021238,,6,2,9,1800,0,1,3,,2,062,"US-395 N/B","COUNTRY LANE",3168.00,S,N,B,-,Y,,,395,,,,,,N,Y,4,0,1,2,A,-,03,22350,,N,C,C,A,A,H,-,D,A,0,,,,,Y,,A,01,0,0,1,0,0,0,0,0,0,"- ","- ",39.728191375732422,-120.03813934326172,LASSEN,UNINCORPORATED,-120.03816223144531,39.728187561035156
90888263,2018,2018-12-24,9140,2018-12-16,0515,019275,,7,3,9,1800,0,1,2,,2,022,"US 395","RAMHORN SPRINGS ROAD",5280.00,S,N,A,-,Y,,,,,,,,,,Y,4,0,1,1,A,-,08,22107,,N,E,I,A,A,H,-,D,D,0,,,,,Y,,A,08,0,0,1,0,0,0,0,0,0,"- ","- ",40.676219940185547,-120.28682708740234,LASSEN,UNINCORPORATED,,
90888397,2018,2018-12-24,9140,2018-12-20,0815,019275,,4,1,9,1800,0,1,3,,2,034,SR-44,"PITTVILLE ROAD",7392.00,W,N,B,-,Y,,,44,,,,,,,Y,4,0,1,1,A,-,03,22350,,N,E,I,A,C,H,-,A,D,0,,,,,Y,,D,22,0,0,1,0,0,0,0,0,0,"- ","- ",40.654640197753906,-121.20381927490234,LASSEN,UNINCORPORATED,-121.20381927490234,40.654640197753906
90892883,2018,2018-12-28,9140,2018-12-25,1940,020806,,2,2,9,1800,0,3,5,,2,020,"CENTER ROAD","CUT OFF ROAD",53.00,E,N,A,-,N,,,,,,,,,,Y,4,0,1,1,A,-,08,22107,,N,E,I,A,A,H,-,C,D,0,,,,,Y,,A,07,0,0,1,0,0,0,0,0,0,"- ","- ",40.387088775634766,-120.39865875244141,LASSEN,UNINCORPORATED,-120.39929962158203,40.387229919433594
90896876,2018,2019-01-03,9140,2018-12-23,2250,018094,,7,3,9,1800,0,3,5,,2,010,"RICHMOND ROAD","WINGFIELD ROAD",413.00,E,N,A,-,N,,,,,,,,,,Y,4,0,1,1,A,-,01,23152,A,N,E,I,A,C,H,-,D,D,0,,,,,Y,Y,A,07,0,0,1,0,0,0,0,0,0,"- ","- ",40.370811462402344,-120.64031982421875,LASSEN,UNINCORPORATED,-120.64035034179688,40.370792388916016
90898413,2018,2019-01-07,9140,2018-12-30,0050,020806,,7,3,9,1800,0,1,3,,2,034,"STATE ROUTE 44","CRATER LAKE ROAD",5280.00,W,N,A,-,Y,,,,,,,,,,Y,3,0,1,1,A,-,08,22107,,N,E,I,A,A,H,-,D,D,0,,,,,Y,,A,01,0,1,0,0,0,0,0,0,0,"- ","- ",,,LASSEN,UNINCORPORATED,,
90898440,2018,2019-01-07,9140,2018-12-23,2025,013571,,7,2,9,1800,0,1,3,,2,032,"STATE ROUTE 44 (SR-44)","GOUMAZ RD.",5280.00,W,N,B,-,Y,,,44,,,,,,,Y,2,0,2,1,A,-,03,22350,,N,E,I,A,C,H,-,D,D,0,,,,,Y,,D,22,2,0,0,0,0,0,0,0,0,"- ","- ",40.447460174560547,-120.89048767089844,LASSEN,UNINCORPORATED,-120.89048767089844,40.447479248046875
90902176,2019,2019-01-10,9140,2019-01-01,0525,017928,,2,3,9,1800,0,1,3,,2,041,"STATE ROUTE 36","COUNTY ROAD A21",10560.00,E,N,A,-,Y,,,36,,,,,,,Y,3,0,1,1,A,-,01,23152,A,N,F,A,A,A,H,-,D,D,0,,,,,Y,Y,A,01,0,1,0,0,0,0,0,0,0,"- ","- ",40.317451477050781,-120.95168304443359,LASSEN,UNINCORPORATED,-120.95167541503906,40.317398071289062
90902466,2019,2019-01-11,9140,2019-01-02,1355,013571,,3,1,9,1800,0,1,2,,2,021,"US 395","LAKE LEAVITT RD.",0.00,,Y,A,-,Y,,,,,,,,,,Y,4,0,1,2,A,-,09,21802,A,N,D,C,A,A,H,-,A,A,0,,,,,Y,,A,01,0,0,1,0,0,0,0,0,0,"- ","- ",,,LASSEN,UNINCORPORATED,-120.44261932373047,40.364948272705078
90902934,2018,2019-01-25,9140,2018-12-20,0909,016169,,4,1,9,1800,0,1,2,,2,013,US-395,"JANESVILLE GRADE",0.00,,Y,B,-,Y,,,,,,,,,,Y,2,0,4,3,A,-,09,21801,A,N,D,C,A,A,H,-,A,D,0,,,,,Y,,A,07,2,1,1,0,0,0,0,0,0,"- ","- ",40.172599792480469,-120.30049896240234,LASSEN,UNINCORPORATED,,
90903736,2018,2019-01-17,9140,2018-12-26,1750,016322,,3,2,9,1800,0,1,2,,2,013,US-395,"MILFORD GRADE",6864.00,N,N,A,-,Y,,,395,,,,,,,Y,2,0,1,2,A,-,08,22107,,F,D,C,A,A,H,-,D,D,0,,,,,Y,,D,22,1,0,0,0,0,0,0,0,0,"- ","- ",40.182998657226562,-120.39003753662109,LASSEN,UNINCORPORATED,-120.39002227783203,40.183029174804688
90904206,2019,2019-01-14,9140,2019-01-10,0330,015598,,4,3,9,1800,0,1,3,,2,041,"STATE ROUTE 36","DEADMANS CURVE",1056.00,W,N,B,-,Y,,,36,,,,,,,Y,3,0,1,1,A,-,08,22107,,N,F,A,A,C,H,-,D,D,0,,,,,Y,,A,01,0,1,0,0,0,0,0,0,0,"- ","- ",40.312000274658203,-121.05258941650391,LASSEN,UNINCORPORATED,-121.05258178710938,40.312004089355469
90906525,2019,2019-01-17,9140,2019-01-09,1835,014898,,3,2,9,1800,0,1,3,,2,034,"RT 44","LASSEN / SHAST COUNTY LINE",792.00,E,N,B,-,Y,,,44,,,,,,,Y,3,0,1,1,A,-,03,22350,,N,F,A,A,C,H,-,D,A,0,,,,,Y,,D,22,0,1,0,0,0,0,0,0,0,"- ","- ",40.654850006103516,-121.32173156738281,LASSEN,UNINCORPORATED,-121.32170867919922,40.654937744140625
90907382,2018,2019-01-18,9140,2018-10-19,1000,014898,,5,1,9,1800,0,1,3,,2,034,"STATE ROUTE 44","PITTVILLE RD.",22176.00,E,N,A,-,Y,,,44,,,,,,,Y,1,1,2,2,A,-,08,22107,,N,A,C,A,A,H,-,A,D,0,,,,Y,Y,,A,01,1,1,0,0,0,0,0,0,0,"- ","- ",40.653739929199219,-121.19854736328125,LASSEN,UNINCORPORATED,-121.19853973388672,40.653770446777344
90909241,2019,2019-01-22,9140,2019-01-07,1525,018847,,1,2,9,1800,0,3,5,,2,040,"DELWOOD STREET","4TH STREET",207.00,N,N,A,-,N,,,,,,,,,,N,3,0,3,2,A,-,06,21755,,N,D,C,A,B,H,-,A,D,0,,,,,Y,,A,01,0,3,0,0,0,0,0,0,0,"- ","- ",40.305061340332031,-121.00444030761719,LASSEN,UNINCORPORATED,-121.00438690185547,40.30474853515625
90912969,2019,2019-01-25,9140,2019-01-25,1000,020696,,5,1,9,1800,0,1,3,,2,034,"STATE ROUTE 44","PITTVILLE RD.",11088.00,W,N,B,-,Y,,,44,,,,,,,Y,4,0,1,1,A,-,08,22107,,N,F,A,A,C,H,-,A,D,0,,,,,Y,,A,01,0,0,1,0,0,0,0,0,0,"- ","- ",40.654678344726562,-121.20391845703125,LASSEN,UNINCORPORATED,-121.20391082763672,40.654621124267578
90913149,2019,2019-01-28,9140,2019-01-15,1910,016169,,2,2,9,1800,0,1,3,,2,031,SR-139,"ANTELOPE SUMMIT ROAD",100.00,S,N,D,-,Y,,,,,,,,,,Y,4,0,1,1,A,-,03,22350,,N,F,A,A,C,H,-,D,A,0,,,,,Y,,A,07,0,0,1,0,0,0,0,0,0,"- ","- ",40.274501800537109,-120.34149932861328,LASSEN,UNINCORPORATED,,
90915685,2019,2019-01-30,9140,2019-01-24,0548,020458,,4,3,9,1800,0,1,2,,2,013,US-395,"BASS HILL RD.",310.00,S,N,A,-,Y,,,,,,,,,,Y,3,0,1,2,A,-,03,22350,,N,A,C,A,C,H,-,D,D,0,,,,,Y,,D,22,0,1,0,0,0,0,0,0,0,"- ","- ",,,LASSEN,UNINCORPORATED,-120.56096649169922,40.339641571044922
90915784,2018,2019-01-30,9140,2018-09-06,1720,020502,,4,2,9,1800,0,1,3,,2,034,"STATE ROUTE 44","POLE SPRINGS ROAD",1307.00,W,N,A,-,Y,,,,,,,,,,Y,1,1,1,1,A,-,08,22107,,N,F,A,A,A,H,-,A,D,0,,,,,Y,,D,22,1,0,0,0,0,0,0,0,0,"- ","- ",40.643890380859375,-120.25314331054688,LASSEN,UNINCORPORATED,,
90915962,2018,2019-02-11,9140,2018-08-21,1323,019471,,2,1,9,1800,0,1,2,,2,013,US-395,"COUNTY ROAD A-3",1151.00,N,N,A,-,Y,,,395,,,,,,,Y,1,3,7,4,A,-,01,23152,A,N,B,C,A,A,H,-,A,D,0,,,,,Y,Y,D,22,2,5,0,0,0,0,0,0,0,"- ","- ",40.285881042480469,-120.49318695068359,LASSEN,UNINCORPORATED,-120.49317169189453,40.285911560058594
90916008,2019,2019-01-30,9165,2019-01-28,1556,019781,,1,2,9,1800,0,1,3,,2,063,US-395,"RED ROCK RD",0.00,,Y,A,-,Y,,,395,,,,,,,Y,2,0,2,2,A,-,01,23152,A,N,D,C,A,A,H,-,A,A,0,,,,,Y,Y,A,01,1,1,0,0,0,0,0,0,0,"- ","- ",39.909530639648438,-120.01323699951172,LASSEN,UNINCORPORATED,-120.01322937011719,39.909534454345703
90924031,2018,2019-02-14,9140,2018-11-16,1044,019275,,5,1,9,1800,0,1,2,,2,015,US-395,"DOYLE LOOP (SOUTH)",1584.00,S,N,A,-,Y,,,395,,,,,,,Y,1,1,0,2,A,-,08,22107,,N,A,C,A,A,H,-,A,D,0,,,,,Y,,E,22,0,0,0,0,0,0,0,0,0,"- ","- ",40.012081146240234,-120.09557342529297,LASSEN,UNINCORPORATED,-120.0955810546875,40.012058258056641
90928197,2019,2019-02-18,9165,2019-02-07,2241,018600,,4,3,9,1800,0,1,3,,2,063,US-395,SR-70,12672.00,N,N,B,-,Y,,,395,,,,,,,Y,3,0,1,2,A,-,05,21460,C,N,B,C,A,A,H,-,D,D,0,,,,Y,Y,,G,25,0,1,0,0,0,0,0,0,0,"- ","- ",39.809951782226562,-120.03314971923828,LASSEN,UNINCORPORATED,-120.03318786621094,39.809947967529297
90930353,2019,2019-02-20,9140,2019-02-10,1111,016169,,7,1,9,1800,0,1,2,,2,013,US-395,"WRAN ROAD",7392.00,N,N,B,-,Y,,,,,,,,,,Y,3,0,3,1,A,-,03,22350,,N,F,A,A,C,H,-,A,D,0,,,,,Y,,A,01,0,1,2,0,0,0,0,0,0,"- ","- ",40.125400543212891,-120.25319671630859,LASSEN,UNINCORPORATED,-120.42456817626953,40.213993072509766
90930380,2019,2019-02-20,9140,2019-02-14,1450,014430,,4,2,9,1800,0,1,2,,2,013,"US 395","DIANE DR.",528.00,S,N,B,C,Y,,,,,,,,,,Y,4,0,1,1,C,-,18,,,N,H,H,A,B,H,-,A,D,0,,,,,Y,,-,"- ",0,0,1,0,0,0,0,0,0,"- ","- ",40.143939971923828,-120.13976287841797,LASSEN,UNINCORPORATED,-120.57899475097656,40.373767852783203
90934580,2019,2019-02-26,9140,2019-02-17,2050,016322,,7,2,9,1800,0,1,2,,2,014,US-395,"DEER TRAIL",1056.00,S,N,A,-,Y,,,395,,,,,,,Y,4,0,1,1,A,-,03,22350,,N,E,I,A,C,H,-,D,A,0,,,,,Y,,D,22,0,0,1,0,0,0,0,0,0,"- ","- ",40.194038391113281,-120.40248107910156,LASSEN,UNINCORPORATED,-120.40248870849609,40.19403076171875
90941024,2019,2019-03-06,9140,2019-03-04,0845,020047,,1,1,9,1800,0,1,3,,2,032,"STATE ROUTE 44","USFS ROAD 30N84",100.00,W,N,A,-,Y,,,44,,,,,,,Y,4,0,1,1,A,-,03,22350,,N,E,I,A,C,H,-,A,D,0,,,,,Y,,A,01,0,0,1,0,0,0,0,0,0,"- ","- ",40.426300048828125,-120.80745697021484,LASSEN,UNINCORPORATED,-120.80745697021484,40.426284790039062
90941068,2019,2019-03-06,9140,2019-03-04,1410,021043,,1,2,9,1800,0,3,5,,2,040,"COUNTY ROAD A21","STATE ROUTE 147",6864.00,E,N,A,-,N,,,,,,,,,,Y,4,0,1,1,A,-,08,22107,,N,E,I,A,A,H,-,A,D,0,,,,,Y,,D,22,0,0,1,0,0,0,0,0,0,"- ","- ",40.302200317382812,-121.01905822753906,LASSEN,UNINCORPORATED,-121.01903533935547,40.302032470703125
90943130,2019,2019-03-11,9135,2019-03-07,1430,019680,,4,2,9,1800,0,1,3,,2,651,"STATE HIGHWAY 299","DAY RD",18480.00,E,N,C,-,Y,,,,,,,,,,Y,2,0,2,1,A,-,03,22350,,N,E,I,A,B,H,-,A,D,0,,,,,Y,,A,07,1,1,0,0,0,0,0,0,0,"- ","- ",,,LASSEN,UNINCORPORATED,-121.26387023925781,41.081424713134766
90943611,2019,2019-03-11,9140,2019-03-06,1635,014430,,3,2,9,1800,0,1,2,,2,015,"US 395","COWBOY JOE RD.",1584.00,N,N,B,C,Y,,,,,,,,,,Y,4,0,1,1,A,-,03,22350,,N,F,A,A,B,H,-,A,D,0,,,,,Y,,A,07,0,0,1,0,0,0,0,0,0,"- ","- ",40.096569061279297,-120.17066192626953,LASSEN,UNINCORPORATED,,
90943643,2019,2019-03-11,9140,2019-03-04,0701,020458,,1,1,9,1800,0,1,2,,2,015,"US 395","RIVERVIEW DR.",528.00,S,N,E,F,Y,,,,,,,,,,Y,3,0,1,1,A,-,03,22350,,N,F,A,A,C,H,-,A,D,0,,,,,Y,,D,22,0,1,0,0,0,0,0,0,0,"- ","- ",,,LASSEN,UNINCORPORATED,-120.11466217041016,40.039260864257812
90950701,2019,2019-03-21,9140,2019-03-14,1610,013571,,4,2,9,1800,0,1,3,,2,031,"STATE ROUTE 139 (SR-139)","CO. RD. A-1",5280.00,S,N,A,-,Y,,,139,,,,,,,Y,3,0,1,1,C,-,18,,,N,H,H,A,A,H,-,A,D,0,,,,,Y,,-,"- ",0,1,0,0,0,0,0,0,0,"- ","- ",40.729728698730469,-120.69642639160156,LASSEN,UNINCORPORATED,-120.69643402099609,40.729721069335938
90950807,2019,2019-03-21,9140,2019-03-14,2100,020806,,4,2,9,1800,0,1,2,,2,022,"US HIGHWAY 395","RAM HORN SPRINGS ROAD",41.00,S,N,A,-,Y,,,,,,,,,,Y,2,0,1,1,A,-,08,22107,,N,F,A,A,A,H,-,D,D,0,,,,,Y,,A,01,1,0,0,0,0,0,0,0,0,"- ","- ",,,LASSEN,UNINCORPORATED,,
90962127,2019,2019-04-05,9140,2019-03-29,1515,019275,,5,2,9,1800,0,3,5,,2,020,"JOHNSTONVILLE ROAD","US 395",528.00,N,N,A,-,N,,,,,,,,,,Y,4,0,1,1,A,-,01,23152,A,N,E,I,A,A,H,-,A,D,0,,,,,Y,Y,A,01,0,0,1,0,0,0,0,0,0,"- ","- ",40.385158538818359,-120.58717346191406,LASSEN,UNINCORPORATED,-120.58709716796875,40.385383605957031
90964326,2019,2019-04-09,9140,2019-04-06,1350,019471,,6,1,9,1800,0,3,5,,2,020,"CENTER RD","LADYBUG LN",0.00,,Y,A,-,N,,,,,,,,,,N,3,0,2,2,A,-,09,21804,A,N,B,C,A,A,H,-,A,D,0,,,Y,,Y,,C,02,0,1,1,0,0,0,0,0,1,"- ","- ",40.396228790283203,-120.53076934814453,LASSEN,UNINCORPORATED,-120.53079986572266,40.396190643310547
90971775,2019,2019-04-22,9140,2019-04-16,0705,020047,,2,1,9,1800,0,1,3,,2,034,"STATE ROUTE 44","USFS SERVICE ROAD 10",2112.00,E,N,A,-,Y,,,44,,,,,,,Y,3,0,1,1,A,-,03,22350,,N,F,A,A,C,H,-,A,D,0,,,,,Y,,D,22,0,1,0,0,0,0,0,0,0,"- ","- ",40.584308624267578,-121.08686828613281,LASSEN,UNINCORPORATED,-121.0867919921875,40.584388732910156
90974305,2019,2019-04-24,9135,2019-04-23,0415,013553,,2,3,9,1800,0,3,5,,2,007,"BIEBER-LOOKOUT ROAD","MODOC COUNTY LINE",5808.00,S,N,B,-,N,,,,,,,,,,Y,3,0,1,1,A,-,08,22107,,N,E,I,A,A,H,-,D,D,0,,,,,Y,,A,07,0,1,0,0,0,0,0,0,0,"- ","- ",41.169300079345703,-121.13398742675781,LASSEN,UNINCORPORATED,-121.134033203125,41.169284820556641
90974601,2019,2019-04-30,9140,2019-04-19,2055,020458,,5,2,9,1800,0,3,5,,2,010,"COUNTY ROAD A3","HEMPHILL RD.",220.00,W,N,A,-,N,,,,,,,,,,Y,3,0,1,1,A,-,05,21650,,N,E,I,A,A,H,-,D,D,0,,,,,Y,,A,01,0,1,0,0,0,0,0,0,0,"- ","- ",,,LASSEN,UNINCORPORATED,-120.47955322265625,40.288238525390625
90978736,2019,2019-04-30,9140,2019-04-17,1002,019275,,3,1,9,1800,0,1,3,,2,012,"STATE ROUTE 36",US-395,7920.00,W,N,A,-,Y,,,36,,,,,,,Y,3,0,1,3,A,-,03,22350,,N,C,C,A,A,D,-,A,A,0,,,,,Y,,A,07,0,1,0,0,0,0,0,0,0,"- ","- ",40.393001556396484,-120.62000274658203,LASSEN,UNINCORPORATED,-120.62014770507812,40.392642974853516
90981338,2019,2019-05-23,9165,2019-03-30,0650,018243,,6,1,9,1800,0,1,3,,2,063,US-395,"RED ROCK ROAD",780.00,S,N,A,-,Y,,,395,,,,,,,Y,1,1,1,2,A,-,05,21460,A,N,A,C,A,A,H,-,B,D,0,,,,,Y,,D,22,1,0,0,0,0,0,0,0,0,"- ","- ",39.907371520996094,-120.01283264160156,LASSEN,UNINCORPORATED,-120.01268005371094,39.907367706298828
90982760,2019,2019-05-08,9140,2019-04-30,0524,019275,,2,3,9,1800,0,1,2,,2,013,"US 395","MAIN STREET",2112.00,S,N,B,-,Y,,,,,,,,,,Y,3,0,1,1,A,-,08,22107,,N,F,A,A,A,H,-,D,D,0,,,,,Y,,A,01,0,1,0,0,0,0,0,0,0,"- ","- ",40.310169219970703,-120.53369903564453,LASSEN,UNINCORPORATED,-120.53302764892578,40.309619903564453
90985372,2019,2019-05-09,9140,2019-05-05,1042,019971,,7,1,9,1800,0,1,3,,2,034,"STATE ROUTE 44","PITTVILLE ROAD",10560.00,W,N,A,-,Y,,,,,,,,,,Y,4,0,1,1,A,-,08,22107,,N,E,I,A,A,H,-,A,D,0,,,,,Y,,A,01,0,0,1,0,0,0,0,0,0,"- ","- ",,,LASSEN,UNINCORPORATED,-121.20298004150391,40.654701232910156
90986313,2019,2019-05-10,9140,2019-05-03,1335,014430,,5,1,9,1800,0,1,2,,2,013,"US 395","COUNTY ROAD A3",0.00,,Y,A,-,Y,,,,,,,,,,Y,3,0,2,2,A,-,09,21802,A,N,D,C,A,A,H,-,A,D,0,,,,Y,Y,,D,23,0,1,1,0,0,0,0,0,0,"- ","- ",40.203269958496094,-120.49001312255859,LASSEN,UNINCORPORATED,,
90994670,2019,2019-05-23,9140,2019-05-19,1610,014898,,7,2,9,1800,0,1,3,,2,034,"STATE ROUTE 44","BOGARD REST AREA RD",5280.00,E,N,F,-,Y,,,44,,,,,,,N,3,0,2,1,A,-,03,22350,,N,E,I,A,C,H,-,A,D,0,,,,,Y,,A,01,0,1,1,0,0,0,0,0,0,"- ","- ",40.576480865478516,-121.07846832275391,LASSEN,UNINCORPORATED,-121.07845306396484,40.576496124267578
90995654,2019,2019-05-24,9140,2019-05-21,1510,013571,,2,2,9,1800,0,1,2,,2,022,"US 395","RAM HORN SPRINGS RD.",250.00,S,N,B,C,Y,,,,,,,,,,Y,4,0,1,1,A,-,03,22350,,N,F,A,A,B,H,-,A,D,0,,,,,Y,,A,01,0,0,1,0,0,0,0,0,0,"- ","- ",,,LASSEN,UNINCORPORATED,,
90998668,2019,2019-05-30,9140,2019-05-15,0748,016169,,3,1,9,1800,0,3,5,,2,020,"JOHNSTONVILLE ROAD/CENTER ROAD (A-27)","JOHNSTONVILLE ROAD",0.00,,Y,A,-,N,,,,,,,,,,Y,3,0,1,2,A,-,09,21802,A,N,D,C,A,A,H,-,A,A,0,,,,,Y,,A,01,0,1,0,0,0,0,0,0,0,"- ","- ",40.2333984375,-120.35320281982422,LASSEN,UNINCORPORATED,,
91003016,2019,2019-06-04,9140,2019-05-24,1730,013571,,5,2,9,1800,0,1,2,,2,022,"US 395","RAMHORN SPRINGS RD.",2640.00,N,N,B,-,Y,,,,,,,,,,Y,4,0,1,1,A,-,08,22107,,N,E,I,A,A,H,-,A,D,0,,,,,Y,,A,01,0,0,1,0,0,0,0,0,0,"- ","- ",,,LASSEN,UNINCORPORATED,,
91004886,2019,2019-06-06,9140,2019-06-04,2100,020458,,2,2,9,1800,0,1,2,,2,014,US-395,"LOUNDSBURY LN.",660.00,N,N,A,-,Y,,,,,,,,,,Y,4,0,1,1,A,-,08,22107,,N,H,H,A,A,H,-,D,D,0,,,,,Y,,A,07,0,0,1,0,0,0,0,0,0,"- ","- ",40.113739013671875,-120.24063873291016,LASSEN,UNINCORPORATED,-120.40105438232422,40.192722320556641
91007795,2019,2019-06-11,9140,2019-06-03,0021,018094,,1,3,9,1800,0,1,2,,2,014,US-395,"WRAN ROAD",575.00,S,N,A,-,Y,,,,,,,,,,Y,2,0,1,1,A,-,01,23152,A,N,F,A,A,A,H,-,D,D,0,,,,,Y,Y,A,07,1,0,0,0,0,0,0,0,0,"- ","- ",40.115119934082031,-120.24220275878906,LASSEN,UNINCORPORATED,-120.40613555908203,40.197311401367188
91014041,2019,2019-06-20,9135,2019-06-10,2006,018777,,1,2,9,1800,0,3,5,,2,007,"BRIDGE STREET","MARKET STREET",0.00,,Y,A,-,N,,,,,,,,,,Y,4,0,1,2,A,-,12,22450,A,N,D,C,A,A,H,-,A,A,0,,,,,Y,,J,48,0,0,1,0,0,0,0,0,0,"- ","- ",41.12139892578125,-121.14250183105469,LASSEN,UNINCORPORATED,-121.14250183105469,41.121410369873047
91017078,2019,2019-06-25,9140,2019-06-18,1710,014898,,2,2,9,1800,0,3,5,,2,030,"US FOREST RD. 32N08","STATE ROUTE 44",22704.00,N,N,A,-,N,,,,,,,,,,Y,3,0,2,1,A,-,08,22107,,N,E,I,A,A,H,-,A,D,0,,,,,Y,,A,07,0,2,0,0,0,0,0,0,0,"- ","- ",40.622768402099609,-121.03514862060547,LASSEN,UNINCORPORATED,-121.03514862060547,40.622772216796875
91017861,2019,2019-06-26,9165,2019-06-22,1047,018243,,6,1,9,1800,0,1,3,,2,062,"US-395 S/B",SR-70,1584.00,S,N,A,-,Y,,,395,,,,,,S,N,4,0,1,2,A,-,07,21658,A,N,B,C,A,A,H,-,A,D,0,,,,,Y,,E,22,0,0,1,0,0,0,0,0,0,"- ","- ",39.769790649414062,-120.03910827636719,LASSEN,UNINCORPORATED,-120.03910827636719,39.769790649414062
91022302,2019,2019-07-01,9140,2019-06-15,0941,016169,,6,1,9,1800,0,1,2,,2,013,"US 395",JETER,1056.00,N,N,A,-,Y,,,,,,,,,,N,4,0,2,1,C,-,18,,,N,H,H,A,A,H,-,A,D,0,,,,,Y,,-,"- ",0,0,2,0,0,0,0,0,0,"- ","- ",40.161701202392578,-120.28450012207031,LASSEN,UNINCORPORATED,-120.48086547851562,40.272880554199219
91029043,2019,2019-07-11,9140,2019-07-05,1035,020502,,5,1,9,1800,0,1,2,,2,014,"US 395","LOUNSBURY ROAD",5808.00,S,N,A,-,Y,,,,,,,,,,N,3,0,1,1,C,-,18,,,N,H,H,A,A,H,-,A,D,0,,,Y,,Y,,-,"- ",0,1,0,0,0,0,0,0,1,"- ","- ",40.179500579833984,-120.385009765625,LASSEN,UNINCORPORATED,-120.38523101806641,40.179824829101562
91031528,2019,2019-07-16,9140,2019-06-14,0922,016169,,5,1,9,1800,0,1,2,,2,021,"US 395","LAKE LEAVITT ROAD",1056.00,N,N,A,-,Y,,,,,,,,,,Y,3,0,1,1,C,-,18,,,N,E,I,A,A,H,-,A,D,0,,,,,Y,,-,"- ",0,1,0,0,0,0,0,0,0,"- ","- ",40.215400695800781,-120.26249694824219,LASSEN,UNINCORPORATED,-120.44618988037109,40.365802764892578
91033317,2019,2019-07-18,9135,2019-07-10,0149,018777,,3,3,9,1800,0,1,3,,2,651,"SR-299 W/B","LASSEN COUNTY ROAD 91 (LOOKOUT BIEBER RD",0.00,,Y,A,-,Y,,,299,,,,,,W,Y,3,0,5,2,A,-,09,21802,A,N,D,C,A,A,H,-,D,A,0,,,,,Y,,A,01,0,1,4,0,0,0,0,0,0,"- ","- ",41.132080078125,-121.13173675537109,LASSEN,UNINCORPORATED,-121.13173675537109,41.132072448730469
91035814,2019,2019-07-23,9165,2019-07-17,1520,019781,,3,2,9,1800,0,1,3,,2,060,SR-70,"MONUMENT LN",4752.00,E,N,A,-,Y,,,70,,,,,,,N,4,0,1,2,A,-,03,22350,,N,C,C,A,A,D,-,A,A,0,,,,,Y,,A,01,0,0,1,0,0,0,0,0,0,"- ","- ",39.790130615234375,-120.10140991210938,LASSEN,UNINCORPORATED,-120.10140228271484,39.790180206298828
91035994,2019,2019-07-23,9140,2019-07-16,1550,021043,,2,2,9,1800,0,1,3,,2,041,"STATE ROUTE 36","USFS ROAD 29N05",2640.00,W,N,A,-,Y,,,36,,,,,,,N,3,0,1,3,A,-,05,21460,A,F,B,C,A,A,H,-,A,D,0,,,,,Y,,-,99,0,1,0,0,0,0,0,0,0,"- ","- ",40.339748382568359,-120.92134094238281,LASSEN,UNINCORPORATED,-120.92147827148438,40.340068817138672
91036249,2019,2019-07-23,9140,2019-07-19,1005,017928,,5,1,9,1800,0,1,3,,2,034,"STATE ROUTE 44","BUTTE LAKE RD",5280.00,W,N,A,-,Y,,,44,,,,,,,Y,3,0,1,1,A,-,05,21650,,N,F,A,A,A,H,-,A,D,0,,,,,Y,Y,A,01,0,1,0,0,0,0,0,0,0,"- ","- ",40.646991729736328,-121.29203796386719,LASSEN,UNINCORPORATED,-121.29204559326172,40.646942138671875
91036524,2019,2019-07-24,9165,2019-07-13,2115,018600,,6,2,9,1800,0,1,3,,2,060,SR-70,"SCOTT RD",3696.00,E,N,A,-,Y,,,70,,,,,,,Y,2,0,1,1,C,-,18,,,N,H,H,A,A,D,-,D,D,0,,,Y,,Y,,-,"- ",1,0,0,0,0,0,0,0,1,"- ","- ",39.781780242919922,-120.06301116943359,LASSEN,UNINCORPORATED,-120.06301116943359,39.781784057617188
91036628,2019,2019-07-24,9140,2019-07-20,1645,016169,,6,2,9,1800,0,3,5,,2,040,"UNKNOWN DIRT ROAD NEAR SILVER LAKE",A-21,26400.00,W,N,A,-,N,,,,,,,,,,N,2,0,2,1,A,-,03,22350,,N,F,A,A,A,H,-,A,D,0,,,Y,,Y,,C,06,2,0,0,0,0,0,0,0,2,"- ","- ",40.293800354003906,-121.9490966796875,LASSEN,UNINCORPORATED,,
91043220,2019,2019-08-01,9140,2019-07-18,1600,020806,,4,2,9,1800,0,1,3,,2,011,"STATE ROUTE 36","WILLARD CREEK ROAD",10560.00,W,N,A,-,Y,,,,,,,,,,Y,3,0,1,1,A,-,08,22107,,N,F,A,A,A,H,-,A,D,0,,,,,Y,,A,07,0,1,0,0,0,0,0,0,0,"- ","- ",,,LASSEN,UNINCORPORATED,-120.83474731445312,40.368217468261719
91043754,2019,2019-08-01,9140,2019-07-26,1728,014430,,5,2,9,1800,0,1,2,,2,015,"US 395","LONG VALLEY CREEK BRIDGE",1244.00,S,N,B,-,Y,,,,,,,,,,Y,4,0,3,2,A,-,01,23152,A,N,C,C,A,A,H,-,A,D,0,,,,,Y,Y,A,07,0,0,3,0,0,0,0,0,0,"- ","- ",40.071971893310547,-120.14559936523438,LASSEN,UNINCORPORATED,,
91045575,2019,2019-08-05,9135,2019-07-28,1748,018777,,7,2,9,1800,0,1,3,,2,651,SR-299,"OLD HIGHWAY ROAD",4225.00,E,N,A,-,Y,,,299,,,,,,,Y,2,0,1,1,A,-,08,22107,,F,F,C,A,A,H,-,A,D,0,,,,,Y,,A,01,1,0,0,0,0,0,0,0,0,"- ","- ",41.084560394287109,-121.26609802246094,LASSEN,UNINCORPORATED,-121.26608276367188,41.084575653076172
91048890,2019,2019-08-09,9140,2019-07-30,2300,017928,,2,3,9,1800,0,3,5,,2,040,"DELWOOD ST.","2ND ST.",30.00,N,N,A,-,N,,,,,,,,,,N,3,0,1,1,C,-,18,,,N,G,J,A,A,H,-,C,D,0,,,,,Y,Y,-,"- ",0,1,0,0,0,0,0,0,0,"- ","- ",40.300369262695312,-121.00431060791016,LASSEN,UNINCORPORATED,-121.00437164306641,40.300243377685547
91050683,2019,2019-08-13,9140,2019-08-01,1830,016322,,4,2,9,1800,0,1,2,,2,021,US-395,"JOHNSTONVILLE ROAD",0.00,,Y,A,-,Y,,,395,,,,,,,Y,4,0,2,2,A,-,09,21802,A,N,D,C,A,A,H,-,A,A,0,,,,,Y,,A,01,0,0,2,0,0,0,0,0,0,"- ","- ",40.384010314941406,-120.58690643310547,LASSEN,UNINCORPORATED,-120.58690643310547,40.383937835693359
91051964,2019,2019-08-14,9140,2019-08-04,0030,020569,,7,3,9,1800,0,1,3,,2,034,"HWY 44","PITTVILLE RD",9504.00,E,N,A,-,N,,,,,,,,,,Y,2,0,3,1,A,-,08,22107,,N,E,I,A,A,H,-,D,D,0,,,,,Y,,A,07,2,1,0,0,0,0,0,0,0,"- ","- ",40.588260650634766,-121.09069061279297,LASSEN,UNINCORPORATED,-121.14124298095703,40.629287719726562
91053256,2019,2019-08-16,9165,2019-08-08,1845,018600,,4,2,9,1800,0,1,3,,2,063,US-395,"RED ROCK RD",12144.00,S,N,A,-,Y,,,395,,,,,,,Y,2,0,1,1,A,-,01,23152,A,N,E,I,A,A,H,-,A,D,0,,,,,Y,Y,D,22,1,0,0,0,0,0,0,0,0,"- ","- ",39.877979278564453,-120.02880096435547,LASSEN,UNINCORPORATED,-120.02873229980469,39.877922058105469
91053949,2019,2019-08-19,9140,2019-08-09,0951,020458,,5,1,9,1800,0,1,3,,2,031,SR-139,"TERMO GRASSHOPPER RD.",17952.00,S,N,A,-,Y,,,,,,,,,,Y,3,0,1,1,C,-,18,,,N,H,H,A,A,H,-,A,D,0,,,Y,,Y,,-,"- ",0,1,0,0,0,0,0,0,1,"- ","- ",,,LASSEN,UNINCORPORATED,,
91057822,2019,2019-08-22,9140,2019-08-19,0840,019275,,1,1,9,1800,0,3,5,,2,030,"COUNTY ROAD A21","SILVER LAKE ROAD",422.00,N,N,A,-,N,,,,,,,,,,Y,2,0,1,1,A,-,08,22107,,N,F,A,A,A,H,-,A,D,0,,,,,Y,,A,07,1,0,0,0,0,0,0,0,0,"- ","- ",40.502361297607422,-121.07807159423828,LASSEN,UNINCORPORATED,-121.07525634765625,40.4913330078125
91064296,2019,2019-08-30,9170,2019-08-27,2045,020152,,2,2,9,1800,0,3,5,,1,022,"TERMO GRASSHOPPER RD","MITCHELL RD",11616.00,W,N,A,-,N,,,,,,,,,,Y,3,0,1,1,A,-,03,22350,,N,H,H,A,A,H,-,D,D,0,,,,,Y,,D,22,0,1,0,0,0,0,0,0,0,"- ","- ",40.892398834228516,-120.7117919921875,LASSEN,UNINCORPORATED,-120.71176910400391,40.892425537109375
91064743,2019,2019-08-30,9140,2019-08-23,2200,020806,,5,3,9,1800,0,3,5,,2,030,"COUNTY ROAD A1","SPALDING ROAD",10560.00,S,N,A,-,N,,,,,,,,,,Y,3,0,1,1,A,-,01,23152,A,N,F,A,A,A,H,-,D,D,0,,,,,Y,Y,A,07,0,1,0,0,0,0,0,0,0,"- ","- ",,,LASSEN,UNINCORPORATED,-120.80789184570312,40.678501129150391
91069297,2019,2019-09-06,9140,2019-09-01,0900,015598,,7,1,9,1800,0,3,5,,2,040,"3RD STREET","CEDAR ST.",143.00,E,N,A,-,N,,,,,,,,,,N,2,0,1,2,A,-,08,22107,,N,G,B,E,A,H,-,A,D,0,Y,,,,Y,,A,01,1,0,0,0,1,0,0,0,0,"- ","- ",40.302520751953125,-121.00261688232422,LASSEN,UNINCORPORATED,-121.13849639892578,41.120311737060547
91069325,2019,2019-09-06,9140,2019-09-01,0755,019971,,7,1,9,1800,0,1,3,,2,011,"STATE ROUTE 36","ROXIE PECONOM",528.00,W,N,A,-,Y,,,36,,,,,,,Y,4,0,1,1,A,-,08,22107,,N,E,I,A,A,H,-,A,D,0,,,,,Y,Y,A,01,0,0,1,0,0,0,0,0,0,"- ","- ",40.379138946533203,-120.80626678466797,LASSEN,UNINCORPORATED,-120.80631256103516,40.379230499267578
91070659,2019,2019-09-09,9135,2019-08-28,1236,018777,,3,1,9,1800,0,1,3,,2,652,"SR-139 N/B","LASSEN COUNTY ROAD A2 (SUSANVILLE ROAD)",0.00,,Y,A,-,Y,,,139,,,,,,N,Y,2,0,1,2,A,-,03,22350,,N,C,C,A,A,H,-,A,D,0,,,Y,,Y,,C,02,1,0,0,0,0,0,0,0,1,"- ","- ",41.113368988037109,-120.92133331298828,LASSEN,UNINCORPORATED,-120.92139434814453,41.113353729248047
91071881,2019,2019-09-11,9140,2019-09-02,0621,019971,,1,1,9,1800,0,3,5,,2,020,"CENTER ROAD","CRAMER RANCH ROAD",1056.00,W,N,A,-,N,,,,,,,,,,Y,3,0,1,1,A,-,03,22350,,N,E,I,A,A,H,-,A,D,0,,,,,Y,,A,07,0,1,0,0,0,0,0,0,0,"- ","- ",40.393451690673828,-120.58867645263672,LASSEN,UNINCORPORATED,-120.58751678466797,40.394828796386719
91074649,2019,2019-09-16,9140,2019-09-06,0014,018094,,5,3,9,1800,0,1,3,,2,031,SR-139,"COUNTY ROAD A1",528.00,N,N,A,-,Y,,,,,,,,,,Y,3,0,1,1,A,-,08,22107,,N,F,I,A,A,H,-,D,D,0,,,,,Y,,A,01,0,1,0,0,0,0,0,0,0,"- ","- ",,,LASSEN,UNINCORPORATED,,
91082408,2019,2019-09-25,9135,2019-09-14,0030,019680,,6,3,9,1800,0,1,3,,2,651,"STATE HIGHWAY 299","BOYD HILL RD",6336.00,W,N,A,-,Y,,,,,,,,,,Y,3,0,1,1,A,-,08,22107,,N,F,A,A,A,H,-,D,D,0,,,,,Y,,A,07,0,1,0,0,0,0,0,0,0,"- ","- ",,,LASSEN,UNINCORPORATED,,
91085991,2019,2019-09-30,9140,2019-09-20,1539,020458,,5,2,9,1800,0,1,3,,2,034,SR-44,"BUTTE LAKE RD.",6336.00,E,N,A,-,Y,,,,,,,,,,Y,3,0,1,1,A,-,05,21650,,N,E,I,A,A,H,-,A,D,0,,,,,Y,,D,22,0,1,0,0,0,0,0,0,0,"- ","- ",,,LASSEN,UNINCORPORATED,-121.25674438476562,40.644195556640625
91086146,2019,2019-09-30,9140,2019-09-01,2330,019471,,7,3,9,1800,0,1,2,,2,021,US-395,"CENTER RD",9.00,S,N,A,-,Y,,,395,,,,,,,Y,3,0,1,1,A,-,08,22107,,M,E,I,A,A,H,-,D,D,0,,,,,Y,Y,A,01,0,1,0,0,0,0,0,0,0,"- ","- ",40.381999969482422,-120.38588714599609,LASSEN,UNINCORPORATED,-120.38588714599609,40.381965637207031
91090329,2019,2019-10-04,9140,2019-09-27,0720,019971,,5,1,9,1800,0,1,3,,2,012,"STATE ROUTE 36","RIVERSIDE DRIVE EAST",2112.00,E,N,A,-,Y,,,36,,,,,,,Y,4,0,1,1,A,-,03,22350,,N,E,I,A,A,H,-,A,A,0,,,,,Y,,A,07,0,0,1,0,0,0,0,0,0,"- ","- ",40.399059295654297,-120.62998199462891,LASSEN,UNINCORPORATED,-120.62934112548828,40.399406433105469
91093899,2019,2019-10-09,9140,2019-10-04,1940,016322,,5,2,9,1800,0,1,3,,2,012,SR-36,"RIVERSIDE DRIVE",2640.00,E,N,A,-,Y,,,,,,,,,,Y,3,0,1,1,A,-,13,22515,A,N,E,I,A,A,D,-,D,D,0,,,,,Y,,A,07,0,1,0,0,0,0,0,0,0,"- ","- ",,,LASSEN,UNINCORPORATED,,
91100854,2019,2019-10-18,9140,2019-10-11,1905,021043,,5,2,9,1800,0,3,5,,2,040,"SPRING CREEK DRIVE","CIRCLE DRIVE",792.00,S,N,A,-,N,,,,,,,,,,N,2,0,1,1,A,-,21,22106,,N,E,J,A,A,H,-,B,D,0,,,,,Y,,A,01,1,0,0,0,0,0,0,0,0,"- ","- ",40.295291900634766,-121.04998016357422,LASSEN,UNINCORPORATED,-121.05122375488281,40.295158386230469
91102280,2019,2019-10-21,9140,2019-10-08,1230,020806,,2,1,9,1800,0,1,2,,2,022,"US HIGHWAY 395","KARLO ROAD",2112.00,N,N,A,-,Y,,,,,,,,,,Y,3,0,1,1,A,-,08,22107,,N,F,A,A,A,H,-,A,D,0,,,,,Y,,D,22,0,1,0,0,0,0,0,0,0,"- ","- ",,,LASSEN,UNINCORPORATED,-120.24927520751953,40.589622497558594
91104074,2019,2019-10-23,9140,2019-10-19,0934,020569,,6,1,9,1800,0,1,2,,2,015,US-395,"HALL RD",1584.00,N,N,A,-,Y,,,,,,,,,,Y,3,0,2,1,A,-,08,22107,,N,F,A,A,A,H,-,A,D,0,,,,,Y,,D,22,0,2,0,0,0,0,0,0,0,"- ","- ",,,LASSEN,UNINCORPORATED,-120.08902740478516,40.005115509033203
91113644,2019,2019-11-26,9140,2019-10-29,1558,019471,,2,2,9,1800,0,1,2,,2,021,US-395,"MPM 395 LAS 75.00",294.00,S,N,A,-,Y,,,395,,,,,,,Y,1,1,1,2,A,-,09,21804,A,N,D,C,A,A,H,-,A,D,0,,,,Y,Y,,D,22,0,1,0,0,0,0,0,0,0,"- ","- ",40.376758575439453,-120.34835052490234,LASSEN,UNINCORPORATED,-120.34835052490234,40.376708984375
91116661,2019,2019-11-08,9140,2019-08-24,1454,016169,,6,2,9,1800,0,3,5,,2,020,"CENTER ROAD","RICE CANYON ROAD",0.00,,Y,A,-,N,,,,,,,,,,Y,1,1,3,2,A,-,09,21802,A,N,D,C,A,A,H,-,A,A,0,,,,,Y,,A,01,2,0,1,0,0,0,0,0,0,"- ","- ",40.234500885009766,-120.31340026855469,LASSEN,UNINCORPORATED,-120.52610778808594,40.396018981933594
91118611,2019,2019-11-12,9140,2019-11-03,1237,020519,,7,1,9,1800,0,1,2,,2,015,"US 395 S/B","OLD HIGHWAY FIFTY-NINE",2974.00,N,N,A,-,Y,,,,,,,,,,Y,2,0,1,1,A,-,08,22107,,N,E,I,A,A,H,-,A,D,0,,,,,Y,,A,01,1,0,0,0,0,0,0,0,0,"- ","- ",40.161689758300781,-120.33721160888672,LASSEN,UNINCORPORATED,,
91125646,2019,2019-11-21,9140,2019-11-13,1752,016169,,3,2,9,1800,0,1,2,,2,013,"US 395","CHURCH STREET",1584.00,S,N,A,-,Y,,,,,,,,,,Y,3,0,2,1,A,-,08,22107,,N,F,A,A,A,H,-,D,D,0,,,,,Y,,A,01,0,2,0,0,0,0,0,0,0,"- ","- ",40.181800842285156,-120.31390380859375,LASSEN,UNINCORPORATED,-120.42032623291016,40.365230560302734
91128228,2019,2019-11-25,9165,2019-11-16,0606,018243,,6,1,9,1800,0,1,3,,2,063,US-395,"POZOLIN ROAD",5280.00,N,N,A,-,Y,,,395,,,,,,,Y,3,0,2,2,A,-,01,23152,A,N,B,C,A,A,H,-,D,D,0,,,,,Y,Y,A,07,0,1,1,0,0,0,0,0,0,"- ","- ",39.86669921875,-120.03772735595703,LASSEN,UNINCORPORATED,-120.03767395019531,39.866641998291016
91129422,2019,2019-11-25,9165,2019-11-16,0505,20458,,6,3,9,1800,0,1,3,,2,063,"US 395","RED ROCK RD",280.00,S,N,A,-,Y,,,,,,,,,,Y,3,0,1,1,C,-,18,,,N,H,H,A,A,H,-,D,D,0,,,,,Y,,-,"- ",0,1,0,0,0,0,0,0,0,"- ","- ",39.908718109130859,-120.01289367675781,LASSEN,UNINCORPORATED,-120.01294708251953,39.908821105957031
91130381,2019,2019-11-26,9140,2019-11-11,1417,016169,,1,2,9,1800,0,3,5,,2,010,"RICHMOND ROAD",US-395,102.00,W,N,A,-,N,,,,,,,,,,Y,2,0,2,2,A,-,01,23152,A,N,A,C,A,A,H,-,A,D,0,,,,,Y,Y,A,01,2,0,0,0,0,0,0,0,0,"- ","- ",40.224800109863281,-120.35310363769531,LASSEN,UNINCORPORATED,-120.59201049804688,40.380329132080078
91130822,2019,2019-11-27,9140,2019-11-26,1335,014898,,2,1,9,1800,0,1,3,,2,032,"STATE ROUTE 44","BIG SPRINGS RD",1056.00,E,N,D,-,Y,,,,,,,,,,Y,3,0,1,1,A,-,03,22350,,N,F,A,A,C,H,-,A,D,0,,,,,Y,,D,22,0,1,0,0,0,0,0,0,0,"- ","- ",40.305618286132812,-120.52832794189453,LASSEN,UNINCORPORATED,,
91132704,2019,2019-12-02,9135,2019-11-26,1505,013553,,2,2,9,1800,0,1,3,,2,651,SR-299,"MUCK VALLEY RD",5808.00,W,N,B,D,Y,,,299,,,,,,,Y,2,0,4,2,A,-,08,22107,,N,A,C,A,C,H,-,A,D,0,,,,Y,Y,,D,22,1,2,1,0,0,0,0,0,0,"- ","- ",41.064388275146484,-121.22454071044922,LASSEN,UNINCORPORATED,-121.22456359863281,41.064338684082031
91134092,2019,2019-12-03,9140,2019-11-22,1015,019971,,5,1,9,1800,0,1,3,,2,011,"STATE ROUTE 36","FERDONYER SNOWMOBILE PARK",2640.00,W,N,A,-,Y,,,,,,,,,,Y,4,0,3,2,A,-,03,22350,,N,A,C,A,C,H,-,A,D,0,,,,,Y,,D,22,0,0,3,0,0,0,0,0,0,"- ","- ",,,LASSEN,UNINCORPORATED,,
91134234,2019,2019-12-03,9140,2019-11-25,1824,020806,,1,2,9,1800,0,1,2,,2,015,"US HIGHWAY 395","CONSTANTIA ROAD",84.00,S,N,A,-,Y,,,,,,,,,,Y,4,0,1,1,A,-,03,22350,,N,H,H,A,A,H,-,D,D,0,,,Y,,Y,,C,06,0,0,1,0,0,0,0,0,1,"- ","- ",,,LASSEN,UNINCORPORATED,-120.1002197265625,40.013637542724609
91134391,2019,2019-12-03,9140,2019-11-25,1823,020806,,1,2,9,1800,0,1,2,,2,015,"US HIGHWAY 395","CONSTANTIA ROAD",84.00,S,N,A,-,Y,,,,,,,,,,Y,3,0,1,1,A,-,03,22350,,N,H,H,A,A,H,-,D,D,0,,,,,Y,,A,01,0,1,0,0,0,0,0,0,0,"- ","- ",,,LASSEN,UNINCORPORATED,-120.1002197265625,40.013637542724609
91134971,2019,2019-12-03,9140,2019-11-29,1500,020696,,5,2,9,1800,0,3,5,,2,030,"COUNTY ROAD A1","ALTA DRIVE",9504.00,N,N,D,-,N,,,,,,,,,,Y,4,0,1,1,A,-,03,22350,,N,E,I,A,C,H,-,A,D,0,,,,,Y,,D,22,0,0,1,0,0,0,0,0,0,"- ","- ",40.451000213623047,-120.76191711425781,LASSEN,UNINCORPORATED,-120.76203155517578,40.450954437255859
91135468,2019,2019-12-04,9140,2019-11-30,1520,020696,,6,2,9,1800,0,1,3,,2,032,"STATE ROUTE 44","MCCOY ROAD",7392.00,W,N,D,-,Y,,,44,,,,,,,Y,3,0,1,1,A,-,03,22350,,N,F,A,A,C,E,-,A,D,0,,,,,Y,,D,22,0,1,0,0,0,0,0,0,0,"- ","- ",40.474369049072266,-120.94291687011719,LASSEN,UNINCORPORATED,-120.94290924072266,40.474395751953125
91138031,2019,2019-12-06,9140,2019-11-27,1705,014430,,3,2,9,1800,0,1,2,,2,013,US-395,"COUNTY ROAD A3",1584.00,S,N,B,D,Y,,,395,,,,,,,Y,4,0,2,2,A,-,03,22350,,N,B,C,A,C,H,-,D,D,0,,,,,Y,,A,07,0,0,2,0,0,0,0,0,0,"- ","- ",40.279220581054688,-120.48626708984375,LASSEN,UNINCORPORATED,-120.48630523681641,40.279190063476562
91138134,2019,2019-12-06,9140,2019-12-02,0914,019275,,1,1,9,1800,0,1,3,,2,031,"STATE ROUTE 139","MERRILLVILLE ROAD",300.00,S,N,B,-,Y,,,139,,,,,,,Y,3,0,1,1,A,-,03,22350,,N,F,A,A,C,H,-,A,A,0,,,,,Y,,D,22,0,1,0,0,0,0,0,0,0,"- ","- ",40.541080474853516,-120.62180328369141,LASSEN,UNINCORPORATED,-120.62175750732422,40.5411376953125
91141454,2019,2019-12-11,9135,2019-12-09,0723,013553,,1,1,9,1800,0,1,3,,2,651,SR-299,"DERRICK RD",4224.00,W,N,B,E,Y,,,299,,,,,,,Y,3,0,1,1,A,-,08,22107,,N,E,I,A,C,H,-,A,D,0,,,,,Y,,E,22,0,1,0,0,0,0,0,0,0,"- ","- ",41.110130310058594,-121.16233825683594,LASSEN,UNINCORPORATED,-121.16237640380859,41.110179901123047
91143413,2019,2019-12-13,9140,2019-11-26,1520,016322,,2,2,9,1800,0,1,2,,2,013,US-395,"SUNNYSIDE ROAD",1584.00,N,N,B,D,Y,,,395,,,,,,,Y,3,0,2,2,A,-,03,22350,,N,D,C,A,C,H,-,A,D,0,,,,,Y,,A,07,0,2,0,0,0,0,0,0,0,"- ","- ",40.331981658935547,-120.54768371582031,LASSEN,UNINCORPORATED,-120.54763793945312,40.332038879394531
91143468,2019,2019-12-16,9140,2019-12-09,1730,014898,,1,2,9,1800,0,1,3,,2,011,"STATE ROUTE 36","CALTRANS SAND SHED",0.62,E,N,B,-,Y,,,36,,,,,,,Y,3,0,1,1,A,-,03,22350,,N,F,A,A,C,H,-,D,D,0,,,,,Y,,A,07,0,1,0,0,0,0,0,0,0,"- ","- ",40.352230072021484,-120.87832641601562,LASSEN,UNINCORPORATED,-120.87832641601562,40.352249145507812
91144910,2019,2019-12-17,9165,2019-12-05,0735,018506,,4,1,9,1800,0,1,3,,2,060,SR-70,"PHILLIPS RD",1584.00,W,N,E,-,Y,,,70,,,,,,,Y,2,0,1,2,A,-,03,22350,,N,E,I,A,B,H,-,A,D,0,,,,,Y,,D,22,1,0,0,0,0,0,0,0,0,"- ","- ",39.788051605224609,-120.08583068847656,LASSEN,UNINCORPORATED,-120.08584594726562,39.787990570068359
91154439,2019,2019-12-30,9140,2019-12-20,1747,016169,,5,2,9,1800,0,1,2,,2,013,US-395,"DIANE DRIVE",6864.00,S,N,B,-,Y,,,,,,,,,,N,3,0,1,2,A,-,08,22107,,N,B,C,A,A,H,-,D,D,0,,,,,Y,Y,D,22,0,1,0,0,0,0,0,0,0,"- ","- ",40.213298797607422,-120.33509826660156,LASSEN,UNINCORPORATED,-120.56516265869141,40.360027313232422
91156940,2019,2020-01-01,9140,2019-12-19,1245,020502,,4,1,9,1800,0,1,3,,2,011,"STATE ROUTE 36","STATE ROUTE 44",1584.00,E,N,C,-,Y,,,36,,,,,,,Y,3,0,1,1,C,-,18,,,N,E,J,A,B,C,-,A,D,0,,,,,Y,,-,"- ",0,1,0,0,0,0,0,0,0,"- ","- ",40.412429809570312,-120.74977111816406,LASSEN,UNINCORPORATED,-120.74977111816406,40.412448883056641
91159153,2020,2020-01-06,9140,2020-01-02,1720,020519,,4,2,9,1800,0,1,3,,2,011,"STATE ROUTE 36","CABLE LINE ROAD",246.00,W,N,A,-,Y,,,36,,,,,,,Y,3,0,1,1,C,-,18,,,N,H,H,A,A,H,-,D,D,0,,,,,Y,,-,"- ",0,1,0,0,0,0,0,0,0,"- ","- ",40.424209594726562,-120.68231201171875,LASSEN,UNINCORPORATED,-120.68238067626953,40.424274444580078
91159322,2020,2020-01-06,9140,2020-01-04,0835,018094,,6,1,9,1800,0,1,3,,2,011,SR-36,"DEVILS CORRAL",2693.00,W,N,B,-,Y,,,,,,,,,,Y,3,0,1,1,A,-,08,22107,,N,F,A,A,B,H,-,A,D,0,,,,,Y,,D,22,0,1,0,0,0,0,0,0,0,"- ","- ",40.230640411376953,-120.47457122802734,LASSEN,UNINCORPORATED,-120.79571533203125,40.385391235351562
91161222,2019,2020-01-08,9140,2019-12-28,0915,021043,,6,1,9,1800,0,1,3,,2,041,"STATE ROUTE 36",SR-147,3168.00,W,N,A,-,Y,,,36,,,,,,,Y,3,0,1,1,A,-,01,23152,A,N,F,A,A,A,H,-,A,D,0,,,,,Y,Y,A,01,0,1,0,0,0,0,0,0,0,"- ","- ",40.314670562744141,-121.05742645263672,LASSEN,UNINCORPORATED,-121.05742645263672,40.314727783203125
91165358,2019,2020-01-14,9140,2019-12-23,0200,015598,,1,3,9,1800,0,1,3,,2,041,"STATE ROUTE 36","ROBBERS CREEK OC",1056.00,W,N,A,-,Y,,,36,,,,,,,N,4,0,1,1,A,-,03,22350,,N,E,I,A,C,H,-,D,D,0,,,,,Y,,A,07,0,0,1,0,0,0,0,0,0,"- ","- ",40.3143310546875,-121.00839996337891,LASSEN,UNINCORPORATED,-121.00839996337891,40.314346313476562
91165368,2020,2020-01-14,9140,2020-01-10,0800,020047,,5,1,9,1800,0,1,3,,2,032,"STATE ROUTE 44","BIG SPRINGS ROAD",1584.00,W,N,A,-,Y,,,44,,,,,,,Y,4,0,1,1,A,-,03,22350,,N,E,I,A,C,B,-,A,A,0,,,,,Y,,A,07,0,0,1,0,0,0,0,0,0,"- ","- ",40.439338684082031,-120.83734893798828,LASSEN,UNINCORPORATED,-120.83734893798828,40.439289093017578
91165378,2020,2020-01-14,9140,2020-01-10,1130,020047,,5,1,9,1800,0,1,3,,2,034,"STATE ROUTE 44","HALLS FLAT ROAD",2640.00,W,N,A,-,Y,,,44,,,,,,,Y,4,0,1,2,A,-,03,22350,,N,B,C,A,C,B,-,A,A,0,,,,,Y,,D,22,0,0,1,0,0,0,0,0,0,"- ","- ",40.644828796386719,-121.26455688476562,LASSEN,UNINCORPORATED,-121.26456451416016,40.644798278808594
91165538,2020,2020-01-14,9140,2020-01-09,1235,020047,,4,1,9,1800,0,1,3,,2,011,"STATE ROUTE 36","SAND SHED RD W/S OF FREDONYER",3168.00,E,N,A,-,Y,,,36,,,,,,,Y,4,0,1,1,A,-,03,22350,,N,E,I,A,C,B,E,A,A,0,,,,,Y,,A,07,0,0,1,0,0,0,0,0,0,"- ","- ",40.353000640869141,-120.87969207763672,LASSEN,UNINCORPORATED,-120.87976837158203,40.352931976318359
91167232,2020,2020-01-17,9140,2020-01-06,1815,019971,,1,2,9,1800,0,3,5,,2,010,"RICHMOND ROAD","SUSAN HILLS DRIVE",528.00,N,N,A,-,N,,,,,,,,,,N,4,0,1,2,A,-,03,22350,,N,C,C,A,A,H,-,D,D,0,,,,,Y,,A,01,0,0,1,0,0,0,0,0,0,"- ","- ",,,LASSEN,UNINCORPORATED,-120.65219116210938,40.393032073974609
91174277,2020,2020-01-27,9140,2020-01-17,1515,016322,,5,2,9,1800,0,1,3,,2,031,SR-139,"TERMO-GRASSHOPPER ROAD",24816.00,S,N,B,-,Y,,,139,,,,,,,Y,4,0,1,1,A,-,03,22350,,N,F,A,A,C,H,-,A,D,0,,,,,Y,,A,01,0,0,1,0,0,0,0,0,0,"- ","- ",40.842918395996094,-120.75141906738281,LASSEN,UNINCORPORATED,-120.75132751464844,40.842948913574219
91175432,2020,2020-01-28,9140,2020-01-24,0720,020047,,5,1,9,1800,0,1,3,,2,034,"STATE ROUTE 44","CRATER LAKE RD",3168.00,E,N,B,-,Y,,,44,,,,,,,Y,3,0,2,2,A,-,03,22350,,N,B,C,A,C,H,-,A,D,0,,,,Y,Y,,E,22,0,1,1,0,0,0,0,0,0,"- ","- ",40.579719543457031,-121.08187866210938,LASSEN,UNINCORPORATED,-121.08187103271484,40.579727172851562
91179534,2020,2020-02-04,9140,2020-01-23,0220,021683,,4,3,9,1800,0,1,3,,2,041,"STATE ROUTE 36","WESTWOOD CEMETARY",3485.00,E,N,B,-,Y,,,36,,,,,,,Y,3,0,2,1,A,-,08,22107,,N,E,I,A,A,H,-,D,D,0,,,,,Y,,D,23,0,2,0,0,0,0,0,0,0,"- ","- ",40.316898345947266,-120.95950317382812,LASSEN,UNINCORPORATED,-120.95950317382812,40.316974639892578
91182365,2020,2020-02-07,9140,2020-01-29,0800,019275,,3,1,9,1800,0,3,5,,2,020,"JOHNSTONVILLE ROAD","CENTER ROAD",0.00,,Y,B,-,N,,,,,,,,,,Y,2,0,1,2,A,-,09,21802,A,N,D,C,A,A,H,-,A,A,0,,,,,Y,,A,07,1,0,0,0,0,0,0,0,0,"- ","- ",40.39276123046875,-120.59230041503906,LASSEN,UNINCORPORATED,-120.59232330322266,40.392791748046875
91182425,2019,2020-02-07,9140,2019-12-23,1850,016169,,1,2,9,1800,0,1,3,,2,034,"STATE ROUTE 44","SHASTA COUNTY LINE",3168.00,E,N,B,-,Y,,,,,,,,,,Y,1,1,0,1,A,-,03,22350,,N,E,I,A,C,H,-,D,D,0,,,,,Y,,A,07,0,0,0,0,0,0,0,0,0,"- ","- ",40.390701293945312,-121.18409729003906,LASSEN,UNINCORPORATED,,
91186939,2020,2020-02-14,9170,2020-02-07,1405,017913,,5,2,9,1800,0,1,2,,1,001,US-395,"ASH VALLEY ROAD",3168.00,N,N,A,-,Y,,,395,,,,,,,Y,4,0,2,1,A,-,08,22107,,N,E,I,A,A,H,-,A,D,0,,,,,Y,,A,08,0,0,2,0,0,0,0,0,0,"- ","- ",41.061920166015625,-120.47273254394531,LASSEN,UNINCORPORATED,-120.47271728515625,41.061920166015625
91188186,2020,2020-02-18,9140,2020-02-09,1135,020458,,7,1,9,1800,0,3,5,,2,020,"WENDEL RD.","US 395",52800.00,E,N,A,-,N,,,,,,,,,,Y,2,0,1,1,A,-,05,21650,,N,F,A,A,A,H,-,A,D,0,,,,,Y,,D,22,1,0,0,0,0,0,0,0,0,"- ","- ",40.317699432373047,-120.19052124023438,LASSEN,UNINCORPORATED,-120.18952941894531,40.316390991210938
91188489,2020,2020-02-18,9140,2020-02-10,0720,020696,,1,1,9,1800,0,3,5,,2,030,"SKYLINE RD.","COUNTY ROAD A27",3696.00,N,N,A,-,N,,,,,,,,,,Y,3,0,1,1,A,-,08,22107,,N,E,I,A,A,H,-,A,D,0,,,,,Y,,A,07,0,1,0,0,0,0,0,0,0,"- ","- ",40.417598724365234,-120.62371063232422,LASSEN,UNINCORPORATED,,
91205357,2020,2020-03-10,9140,2020-03-01,1305,020696,,7,1,9,1800,0,1,3,,2,034,"STATE ROUTE 44","PITTVILLE ROAD",6336.00,E,N,A,-,Y,,,44,,,,,,,Y,3,0,1,1,A,-,08,22107,,N,F,A,A,A,H,-,A,D,0,,,,,Y,,E,22,0,1,0,0,0,0,0,0,0,"- ","- ",40.634178161621094,-121.14881896972656,LASSEN,UNINCORPORATED,-121.14872741699219,40.634304046630859
91208255,2020,2020-03-16,9140,2020-03-07,1525,020696,,6,2,9,1800,0,1,2,,2,021,"US 395","LEAVITT LANE",3696.00,N,N,B,-,Y,,,,,,,,,,Y,3,0,1,1,A,-,01,23152,A,N,E,I,A,A,H,-,A,D,0,,,,,Y,Y,A,07,0,1,0,0,0,0,0,0,0,"- ","- ",40.376529693603516,-120.51051330566406,LASSEN,UNINCORPORATED,-120.52163696289062,40.375919342041016
91211299,2020,2020-03-18,9140,2020-03-14,0226,020806,,6,3,9,1800,0,1,2,,2,013,"US HIGHWAY 395","SUNNYSIDE ROAD",528.00,S,N,B,G,Y,,,,,,,,,,Y,3,0,1,1,A,-,03,22350,,N,F,A,A,A,H,-,C,A,0,,,,Y,Y,,G,25,0,1,0,0,0,0,0,0,0,"- ","- ",,,LASSEN,UNINCORPORATED,-120.54482269287109,40.327392578125
91211314,2020,2020-03-18,9140,2020-03-14,1055,019275,,6,1,9,1800,0,1,2,,2,015,US-395,"HALL ROAD",10560.00,S,N,A,G,Y,,,395,,,,,,,Y,3,0,1,1,A,-,03,22350,,N,F,A,A,A,H,-,A,D,0,,,,Y,Y,,G,27,0,1,0,0,0,0,0,0,0,"- ","- ",39.980998992919922,-120.06352996826172,LASSEN,UNINCORPORATED,-120.06364440917969,39.980873107910156
91213201,2020,2020-03-20,9170,2020-03-17,1405,019033,,2,2,9,1800,0,1,2,,1,001,US-395,"DRY CREEK RD",478.00,S,N,B,D,Y,,,395,,,,,,,Y,4,0,1,1,A,-,08,22107,,N,E,I,A,B,H,-,A,D,0,,,,Y,Y,,G,25,0,0,1,0,0,0,0,0,0,"- ","- ",41.146709442138672,-120.51040649414062,LASSEN,UNINCORPORATED,-120.51048278808594,41.146724700927734
91214649,2020,2020-03-24,9135,2020-03-19,1730,019680,,4,2,9,1800,0,1,3,,2,652,"STATE ROUTE 139","HAYDEN HILL RD",633.00,N,N,A,-,Y,,,,,,,,,,Y,4,0,1,1,A,-,01,23152,A,N,E,I,A,A,H,-,A,D,0,,,,,Y,Y,A,01,0,0,1,0,0,0,0,0,0,"- ","- ",,,LASSEN,UNINCORPORATED,-120.85333251953125,41.021965026855469
91223782,2020,2020-04-09,9170,2020-04-04,1915,020570,,6,2,9,1800,0,1,2,,1,001,"US 395","FILLMAN RD",200.00,S,N,A,-,Y,,,,,,,,,,Y,2,0,1,1,A,-,01,23152,A,N,E,I,A,A,H,-,A,D,0,,,,,Y,Y,A,01,1,0,0,0,0,0,0,0,0,"- ","- ",40.933399200439453,-120.51090240478516,LASSEN,UNINCORPORATED,-120.51071929931641,40.932872772216797
91226920,2020,2020-04-22,9140,2020-04-09,1534,018847,,4,2,9,1800,0,1,3,,2,041,SR-36,"COUNTY ROAD A21",4752.00,E,N,A,-,Y,,,36,,,,,,,Y,2,0,2,1,A,-,08,22107,,N,E,I,A,A,H,-,A,D,0,,,,,Y,,D,22,1,1,0,0,0,0,0,0,0,"- ","- ",40.316211700439453,-120.97628021240234,LASSEN,UNINCORPORATED,-120.97627258300781,40.316062927246094
91227946,2020,2020-04-21,9140,2020-04-19,1030,020047,,7,1,9,1800,0,1,3,,2,034,SR-44,"BOGARD CAMPGROUND ROAD",2693.00,E,N,B,F,Y,,,44,,,,,,,Y,3,0,1,1,A,-,03,22350,,N,F,A,A,C,H,-,A,D,0,,,,,Y,,A,07,0,1,0,0,0,0,0,0,0,"- ","- ",40.560901641845703,-121.06011199951172,LASSEN,UNINCORPORATED,-121.06012725830078,40.560886383056641
91228515,2020,2020-04-22,9140,2020-04-13,1615,018094,,1,2,9,1800,0,3,5,,2,010,"PINE STREET","RAINES RD",634.00,W,N,A,-,N,,,,,,,,,,N,2,0,1,1,A,-,03,22350,,N,F,A,A,A,H,-,A,D,0,,,Y,,Y,Y,C,02,1,0,0,0,0,0,0,0,1,"- ","- ",40.175910949707031,-120.32557678222656,LASSEN,UNINCORPORATED,-120.54991912841797,40.299777984619141
91230889,2020,2020-04-29,9140,2020-03-29,2500,020458,,7,4,9,1800,0,1,2,,2,022,US-395,"WENDEL RD.",1056.00,S,N,B,-,Y,,,395,,,,,,,Y,1,1,0,1,A,-,08,22107,,N,F,A,A,A,H,-,A,D,0,,,Y,,Y,,C,02,0,0,0,0,0,0,0,1,0,"- ","- ",40.377361297607422,-120.31472015380859,LASSEN,UNINCORPORATED,-120.31473541259766,40.377429962158203
91233565,2020,2020-05-04,9135,2020-05-03,1515,018866,,7,2,9,1800,0,3,5,,2,007,"SUSANVILLE RD","VALLEY CUTOFF RD",2640.00,E,N,A,-,N,,,,,,,,,,Y,4,0,1,1,A,-,08,22107,,N,E,I,A,A,H,-,A,D,0,,,,Y,Y,,G,25,0,0,1,0,0,0,0,0,0,"- ","- ",41.07550048828125,-121.05349731445312,LASSEN,UNINCORPORATED,-121.09549713134766,41.132087707519531
91233983,2020,2020-05-05,9140,2020-04-27,2141,018094,,1,2,9,1800,0,3,5,,2,020,"WENDEL ROAD","MAGAZINE ROAD",26770.00,W,N,A,-,N,,,,,,,,,,N,4,0,1,1,A,-,08,22107,,N,F,A,A,A,H,-,D,D,0,,,Y,,Y,Y,C,02,0,0,1,0,0,0,0,0,1,"- ","- ",40.324981689453125,-120.18895721435547,LASSEN,UNINCORPORATED,,
91241631,2020,2020-05-25,9140,2020-05-16,1220,020519,,6,1,9,1800,0,1,3,,2,032,"STATE ROUTE 44","GOUMAZ ROAD",2112.00,W,N,A,-,Y,,,44,,,,,,,Y,2,0,1,1,A,-,17,21662,A,N,F,A,A,A,H,-,A,D,0,,,Y,,Y,,C,02,1,0,0,0,0,0,0,0,1,"- ","- ",40.447269439697266,-120.88931274414062,LASSEN,UNINCORPORATED,-120.88932037353516,40.447227478027344
91247604,2020,2020-06-04,9140,2020-05-20,1315,021683,,3,1,9,1800,0,3,5,,2,040,"COUNTY ROAD A21","FOREST SERVICE ROAD 30N07",8554.00,S,N,A,-,N,,,,,,,,,,Y,3,0,1,1,A,-,08,22107,,N,E,I,A,A,H,-,A,D,0,,,,,Y,,A,01,0,1,0,0,0,0,0,0,0,"- ","- ",40.426780700683594,-121.05400085449219,LASSEN,UNINCORPORATED,,
91247996,2020,2020-06-05,9140,2020-05-24,1850,021043,,7,2,9,1800,0,3,5,,2,040,"COUNTY ROAD A21","USFS ROAD 30N21",565.00,S,N,A,-,N,,,,,,,,,,Y,2,0,2,1,C,-,18,,,N,H,H,A,A,H,-,A,D,0,,,Y,,Y,,-,"- ",1,1,0,0,0,0,0,0,2,"- ","- ",40.485988616943359,-121.07428741455078,LASSEN,UNINCORPORATED,,
91248273,2020,2020-06-08,9140,2020-05-29,1344,016322,,5,1,9,1800,0,1,3,,2,012,SR-36,US-395,119.00,W,N,B,-,Y,,,36,,,,,,,N,4,0,1,2,A,-,03,22350,,N,C,C,A,A,H,-,A,A,0,,,,,Y,,D,22,0,0,1,0,0,0,0,0,0,"- ","- ",40.380729675292969,-120.59237670898438,LASSEN,UNINCORPORATED,-120.59236907958984,40.380760192871094
91248370,2020,2020-06-08,9140,2020-06-05,1638,015598,,5,2,9,1800,0,3,5,,2,040,"MOONEY ROAD","ROBBERS CREEK",175.00,N,N,A,-,N,,,,,,,,,,Y,4,0,2,1,A,-,08,22107,,N,E,I,A,A,H,-,A,D,0,,,,,Y,,D,22,0,0,2,0,0,0,0,0,0,"- ","- ",40.310501098632812,-121.99751281738281,LASSEN,UNINCORPORATED,,
91248541,2020,2020-06-08,9170,2020-06-01,2200,019786,,1,3,9,1800,0,1,2,,1,001,US-395,"BROCKMAN RD",10032.00,N,N,A,-,Y,,,395,,,,,,,Y,2,0,1,1,A,-,01,23152,A,N,F,A,A,A,H,-,D,D,0,,,,,Y,Y,A,07,1,0,0,0,0,0,0,0,0,"- ","- ",40.987770080566406,-120.49559020996094,LASSEN,UNINCORPORATED,-120.49584197998047,40.987831115722656
91248777,2020,2020-06-08,9140,2020-06-05,0923,020519,,5,1,9,1800,0,3,5,,2,020,"COUNTY ROAD A3","MAPES ROAD",1580.00,N,N,A,-,N,,,,,,,,,,Y,3,0,1,1,A,-,08,22107,,N,E,I,A,A,H,-,A,D,0,,,,,Y,,D,22,0,1,0,0,0,0,0,0,0,"- ","- ",40.325611114501953,-120.42253875732422,LASSEN,UNINCORPORATED,,
91250966,2020,2020-06-11,9140,2020-05-31,0700,020502,,7,1,9,1800,0,1,2,,2,022,"US 395","TRUMBALL ROAD",8976.00,S,N,A,-,Y,,,,,,,,,,Y,3,0,1,1,A,-,01,23152,F,N,E,I,A,A,H,-,B,D,0,,,,,Y,,A,01,0,1,0,0,0,0,0,0,0,"- ","- ",40.53173828125,-120.26213836669922,LASSEN,UNINCORPORATED,-120.26220703125,40.531780242919922
91254744,2020,2020-06-22,9140,2020-06-14,1642,019971,,7,2,9,1800,0,3,5,,2,020,"SMOKE CREEK RANCH RD.","US 395",1584.00,E,N,A,-,N,,,,,,,,,,Y,4,0,1,1,A,-,03,22350,,N,E,I,A,A,H,-,A,D,0,,,,,Y,,D,22,0,0,1,0,0,0,0,0,0,"- ","- ",40.441261291503906,-120.27404022216797,LASSEN,UNINCORPORATED,,
91256176,2020,2020-06-23,9140,2020-06-13,1250,020502,,6,1,9,1800,0,1,3,,2,031,"STATE ROUTE 139","COUNTY ROAD A1",20064.00,S,N,C,-,Y,,,139,,,,,,,Y,3,0,1,1,A,-,08,22107,,N,F,A,A,B,H,-,A,D,0,,,Y,,Y,,C,02,0,1,0,0,0,0,0,0,1,"- ","- ",40.700538635253906,-120.67162322998047,LASSEN,UNINCORPORATED,-120.67168426513672,40.700511932373047
91260837,2020,2020-06-30,9140,2020-06-20,1645,021043,,6,2,9,1800,0,1,3,,2,041,"STATE ROUTE 36","USFS ROAD 29N05",528.00,E,N,A,-,Y,,,36,,,,,,,Y,4,0,1,1,A,-,08,22107,,N,F,A,A,A,H,-,A,D,0,,,,,Y,,A,01,0,0,1,0,0,0,0,0,0,"- ","- ",40.344589233398438,-120.91020202636719,LASSEN,UNINCORPORATED,-120.91028594970703,40.344791412353516
91262190,2020,2020-07-02,9170,2020-06-23,1405,019033,,2,2,9,1800,0,1,2,,1,001,US-395,"JUNIPER RIDGE RD",1954.00,N,N,A,-,Y,,,395,,,,,,,Y,4,0,1,1,A,-,01,23152,A,N,E,I,A,A,H,-,A,D,0,,,,,Y,Y,A,07,0,0,1,0,0,0,0,0,0,"- ","- ",40.870349884033203,-120.46672821044922,LASSEN,UNINCORPORATED,-120.46682739257812,40.870162963867188
91263309,2020,2020-07-06,9140,2020-06-27,1700,020806,,6,2,9,1800,0,1,3,,2,012,"STATE ROUTE 36","SKYLINE ROAD",2640.00,E,N,A,G,Y,,,,,,,,,,Y,3,0,1,1,A,-,03,22350,,N,F,A,A,A,H,-,A,D,0,,,Y,,Y,,C,02,0,1,0,0,0,0,0,0,1,"- ","- ",,,LASSEN,UNINCORPORATED,,
91265165,2020,2020-07-08,9140,2020-07-04,2015,016322,,6,2,9,1800,0,3,5,,2,020,"SKYLINE ROAD","JOHNSTONVILLE ROAD",2640.00,N,N,A,-,N,,,,,,,,,,Y,4,0,1,2,A,-,03,22350,,N,C,C,A,A,H,-,A,D,0,,,,,Y,,A,01,0,0,1,0,0,0,0,0,0,"- ","- ",40.409141540527344,-120.62296295166016,LASSEN,UNINCORPORATED,-120.623046875,40.411792755126953
91268450,2020,2020-07-14,9140,2020-06-09,1240,016673,,2,1,9,1800,0,1,2,,2,015,US-395,"RIVERVIEW DR",598.00,S,N,A,-,Y,,,395,,,,,,,Y,1,1,3,2,A,-,05,21650,,N,A,C,A,A,H,-,A,D,0,,,,,Y,,A,01,3,0,0,0,0,0,0,0,0,"- ","- ",40.038459777832031,-120.11386108398438,LASSEN,UNINCORPORATED,-120.11393737792969,40.038383483886719
91268963,2020,2020-07-15,9140,2020-07-11,1107,019275,,6,1,9,1800,0,3,5,,2,020,"JOHNSTONVILLE ROAD",US-395,180.00,N,N,A,-,N,,,,,,,,,,Y,2,0,1,2,A,-,09,21801,A,N,D,C,A,A,H,-,A,D,0,,,,,Y,,A,01,1,0,0,0,0,0,0,0,0,"- ","- ",40.384521484375,-120.58702087402344,LASSEN,UNINCORPORATED,-120.58708190917969,40.384426116943359
91272924,2020,2020-07-22,9140,2020-07-09,1555,014898,,4,2,9,1800,0,1,3,,2,011,"STATE ROUTE 44","STATE ROUTE 36",0.00,,Y,A,-,Y,,,44,,,,,,,Y,3,0,3,2,A,-,09,21802,A,N,D,C,A,A,H,-,A,A,0,,,,,Y,,A,01,0,1,2,0,0,0,0,0,0,"- ","- ",40.411880493164062,-120.75543975830078,LASSEN,UNINCORPORATED,-120.75564575195312,40.411540985107422
91274724,2020,2020-07-27,9140,2020-07-24,2140,020696,,5,2,9,1800,0,1,2,,2,013,"US 395","MAIN ST. JANESVILLE",200.00,S,N,A,-,Y,,,,,,,,,,Y,4,0,1,1,C,-,18,,,N,H,H,A,A,H,-,D,D,0,,,,,Y,,-,"- ",0,0,1,0,0,0,0,0,0,"- ","- ",40.31298828125,-120.53692626953125,LASSEN,UNINCORPORATED,,
91277083,2020,2020-07-30,9140,2020-07-24,0933,018094,,5,1,9,1800,0,1,2,,2,013,US-395,SR-36,0.00,,Y,A,-,Y,,,,,,,,,,Y,3,0,1,2,A,-,09,21802,B,N,D,C,A,A,H,-,A,B,0,,,,,Y,,E,22,0,1,0,0,0,0,0,0,0,"- ","- ",40.225009918212891,-120.35311126708984,LASSEN,UNINCORPORATED,-120.59182739257812,40.380569458007812
91284565,2020,2020-08-11,9140,2020-08-04,2042,016169,,2,2,9,1800,0,1,2,,2,013,US-395,"CHURCH ST",1320.00,S,N,A,-,Y,,,395,,,,,,,N,4,0,1,1,C,-,18,,,N,H,H,A,A,H,-,B,D,0,,,,,Y,,-,"- ",0,0,1,0,0,0,0,0,0,"- ","- ",40.300701141357422,-120.51982116699219,LASSEN,UNINCORPORATED,-120.51983642578125,40.300674438476562
91285465,2020,2020-08-13,9135,2020-08-11,1815,019680,,2,2,9,1800,0,1,3,,2,603,"OLD HIGHWAY RD.","STATE HIGHWAY 299",7920.00,S,N,A,-,N,,,,,,,,,,Y,2,0,1,1,A,-,08,22107,,N,E,I,A,A,H,-,A,D,0,,,,,Y,Y,D,22,1,0,0,0,0,0,0,0,0,"- ","- ",41.235458374023438,-121.12534332275391,LASSEN,UNINCORPORATED,-121.27679443359375,41.072711944580078
91286431,2020,2020-08-14,9140,2020-07-15,0106,021238,,3,3,9,1800,0,1,3,,2,041,"STATE ROUTE 36","STATE ROUTE 147",641.00,W,N,A,-,Y,,,36,,,,,,,Y,3,0,1,1,A,-,08,22107,,N,E,I,A,A,H,-,D,D,0,,,,,Y,,A,07,0,1,0,0,0,0,0,0,0,"- ","- ",40.311500549316406,-121.05196380615234,LASSEN,UNINCORPORATED,-121.05194854736328,40.311519622802734
91289213,2020,2020-08-19,9140,2020-08-17,1335,019471,,1,1,9,1800,0,1,2,,2,022,US-395,"KARLO RD",21648.00,N,N,B,-,Y,,,395,,,,,,,Y,4,0,1,2,A,-,05,21650,,N,E,I,A,A,H,-,A,D,0,,,,,Y,,M,47,0,0,1,0,0,0,0,0,0,"- ","- ",40.643310546875,-120.25611877441406,LASSEN,UNINCORPORATED,-120.25617218017578,40.643260955810547
91292421,2020,2020-10-27,9140,2020-07-24,1343,018094,,5,1,9,1800,0,1,2,,2,014,US-395,"FLUX ROAD",1584.00,S,N,A,-,Y,,,395,,,,,,,Y,3,0,3,4,A,-,06,21751,,N,B,C,A,A,H,-,A,D,0,,,,Y,Y,,A,01,0,3,0,0,0,0,0,0,0,"- ","- ",40.152729034423828,-120.30542755126953,LASSEN,UNINCORPORATED,-120.305419921875,40.152759552001953
91295681,2020,2020-08-31,9140,2020-08-17,1238,020519,,1,1,9,1800,0,1,3,,2,011,"STATE ROUTE 36","DEVIL'S CORRAL",1800.00,E,N,A,-,Y,,,36,,,,,,,Y,3,0,1,1,A,-,08,22107,,N,F,I,A,A,H,-,A,D,0,,,,,Y,,A,07,0,1,0,0,0,0,0,0,0,"- ","- ",40.400249481201172,-120.77310180664062,LASSEN,UNINCORPORATED,-120.77305603027344,40.400196075439453
91298500,2020,2020-09-03,9140,2020-09-02,0618,018094,,3,1,9,1800,0,1,2,,2,013,"US 395","LAKE CREST ROAD",528.00,N,N,A,-,Y,,,,,,,,,,Y,4,0,1,1,C,-,18,,,N,H,H,A,A,H,-,B,D,0,,,,,Y,,-,"- ",0,0,1,0,0,0,0,0,0,"- ","- ",40.247589111328125,-120.45964813232422,LASSEN,UNINCORPORATED,-120.50297546386719,40.291358947753906
91303497,2020,2020-09-14,9140,2020-09-05,1840,019471,,6,2,9,1800,0,1,3,,2,031,"STATE ROUTE 139","HAGATA RD",5808.00,S,N,A,-,Y,,,139,,,,,,,Y,2,0,1,1,A,-,08,22107,,N,E,I,A,A,H,-,A,D,0,,,,,Y,,A,07,1,0,0,0,0,0,0,0,0,"- ","- ",40.500461578369141,-120.56327819824219,LASSEN,UNINCORPORATED,-120.56346130371094,40.500198364257812
91303530,2020,2020-09-14,9140,2020-09-11,1325,020458,,5,1,9,1800,0,3,5,,2,020,"JOHNSTONVILLE RD.","SKYLINE RD.",528.00,E,N,A,-,N,,,,,,,,,,Y,3,0,1,2,A,-,05,21650,,N,E,I,A,A,H,-,A,D,0,,,,,Y,,A,01,0,1,0,0,0,0,0,0,0,"- ","- ",40.402069091796875,-120.62187957763672,LASSEN,UNINCORPORATED,-120.62229919433594,40.403491973876953
91306439,2020,2020-09-17,9140,2020-09-07,1616,019471,,1,2,9,1800,0,3,5,,2,010,"WINGFIELD RD","ELYSIAN VALLEY RD",2640.00,S,N,A,-,N,,,,,,,,,,Y,2,0,1,2,A,-,05,21460,A,N,B,C,A,A,H,-,A,D,0,,,Y,,Y,,C,02,1,0,0,0,0,0,0,0,1,"- ","- ",40.323871612548828,-120.55494689941406,LASSEN,UNINCORPORATED,-120.55487823486328,40.323894500732422
91308061,2020,2020-09-21,9140,2020-09-10,1035,019971,,4,1,9,1800,0,1,3,,2,034,"STATE ROUTE 44","GOUMAZ ROAD",7920.00,E,N,A,-,Y,,,,,,,,,,Y,4,0,1,1,A,-,08,22107,,N,E,I,A,A,H,-,A,D,0,,,,,Y,,D,22,0,0,1,0,0,0,0,0,0,"- ","- ",,,LASSEN,UNINCORPORATED,,
91309339,2020,2020-09-22,9140,2020-09-07,1629,021238,,1,2,9,1800,0,1,3,,2,041,"STATE ROUTE 36","BIRCH STREET",180.00,E,N,A,-,Y,,,36,,,,,,,Y,2,0,2,1,A,-,08,22107,,N,E,I,A,A,H,-,A,D,0,,,,,Y,,A,01,1,1,0,0,0,0,0,0,0,"- ","- ",40.31475830078125,-121.00016784667969,LASSEN,UNINCORPORATED,-121.00016784667969,40.314773559570312
91312132,2020,2020-09-25,9140,2020-09-12,0640,020502,,6,1,9,1800,0,3,5,,2,010,"COUNTY ROAD A26","COUNTY ROAD A25",0.00,,Y,A,-,N,,,,,,,,,,Y,4,0,1,1,A,-,01,23152,A,N,E,I,A,A,H,-,C,D,0,,,,,Y,Y,D,22,0,0,1,0,0,0,0,0,0,"- ","- ",40.144451141357422,-120.16325378417969,LASSEN,UNINCORPORATED,-120.16357000000001,40.14405
91312642,2020,2020-10-12,9165,2020-07-25,2101,018600,,6,2,9,1800,0,1,3,,2,063,US-395,SR-70,20064.00,N,N,A,-,Y,,,395,,,,,,,Y,1,2,0,3,A,-,01,23152,A,N,B,C,A,A,H,-,D,D,0,,,,,Y,Y,D,22,0,0,0,0,0,0,0,0,0,"- ","- ",39.829578399658203,-120.03752899169922,LASSEN,UNINCORPORATED,-120.03750610351562,39.829586029052734
91316556,2020,2020-10-02,9140,2020-09-26,0330,020047,,6,3,9,1800,0,3,5,,2,030,"COUNTY ROAD A1","PINE CREEK BRIDGE",3696.00,N,N,A,-,N,,,,,,,,,,Y,4,0,1,1,A,-,08,22107,,N,E,I,A,A,H,-,D,D,0,,,,,Y,,D,22,0,0,1,0,0,0,0,0,0,"- ","- ",40.671360015869141,-120.81400299072266,LASSEN,UNINCORPORATED,,
91316593,2020,2020-10-02,9140,2020-09-30,0955,020502,,3,1,9,1800,0,1,2,,2,013,"US 395","DIANE DRIVE",231.00,N,N,A,-,Y,,,,,,,,,,N,4,0,1,2,A,-,03,22350,,N,C,C,A,A,H,-,A,D,0,,,,,Y,,A,07,0,0,1,0,0,0,0,0,0,"- ","- ",40.375068664550781,-120.58122253417969,LASSEN,UNINCORPORATED,-120.58104705810547,40.375133514404297
91319374,2020,2020-10-07,9140,2020-09-18,1520,021683,,5,2,9,1800,0,3,5,,2,040,"COUNTY ROAD A-21","STATE ROUTE 36",8448.00,N,N,A,-,N,,,,,,,,,,N,2,0,2,1,A,-,08,22107,,N,F,A,A,A,H,-,A,D,0,,,Y,,Y,,C,02,2,0,0,0,0,0,0,0,2,"- ","- ",40.338001251220703,-120.99220275878906,LASSEN,UNINCORPORATED,,
91320081,2020,2020-10-08,9140,2020-09-30,2210,020569,,3,3,9,1800,0,1,2,,2,014,US-395,"THUNDER MOUNTAIN ROAD",4752.00,N,N,F,-,Y,,,395,,,,,,,Y,2,0,3,2,A,-,01,23152,A,N,B,C,A,A,H,-,D,D,0,,,,,Y,Y,A,01,3,0,0,0,0,0,0,0,0,"- ","- ",40.231201171875,-120.44316864013672,LASSEN,UNINCORPORATED,-120.44310760498047,40.23126220703125
91327617,2020,2020-10-20,9140,2020-10-12,1610,021043,,1,2,9,1800,0,3,5,,2,040,"ASH STREET","5TH STREET",252.00,N,N,A,-,N,,,,,,,,,,Y,3,0,1,2,A,-,04,21703,,N,D,C,A,A,H,-,A,D,0,,,,,Y,,D,22,0,1,0,0,0,0,0,0,0,"- ","- ",40.307838439941406,-120.9996337890625,LASSEN,UNINCORPORATED,-120.64669799804688,40.420936584472656
91329328,2020,2020-10-22,9140,2020-10-14,1000,020502,,3,1,9,1800,0,1,2,,2,015,"US 395","N. RIVERVIEW DRIVE",1056.00,S,N,A,-,Y,,,,,,,,,,Y,2,0,1,3,A,-,05,21460,A,N,B,D,A,A,H,-,A,D,0,,,,,Y,,D,22,1,0,0,0,0,0,0,0,0,"- ","- ",40.038120269775391,-120.11348724365234,LASSEN,UNINCORPORATED,-120.11355590820312,40.038089752197266
91330579,2020,2020-10-23,9140,2020-10-14,1625,014898,,3,2,9,1800,0,3,5,,2,030,"JOHNSTONVILLE RD.","TRAVIS LN.",0.00,,Y,A,-,N,,,,,,,,,,N,2,0,1,1,A,-,08,22107,,N,F,A,A,A,H,-,A,D,0,,,Y,,Y,,C,02,1,0,0,0,0,0,0,0,1,"- ","- ",40.389430999755859,-120.58799743652344,LASSEN,UNINCORPORATED,-120.58824157714844,40.389560699462891
91330684,2020,2020-10-26,9140,2020-10-14,2004,020806,,3,2,9,1800,0,3,5,,2,020,"COUNTY ROAD A3","SUNNYSIDE ROAD",2640.00,N,N,A,-,N,,,,,,,,,,Y,2,0,2,1,A,-,03,22350,,N,E,I,A,A,H,-,D,D,0,,,,,Y,,A,07,1,1,0,0,0,0,0,0,0,"- ","- ",40.283611297607422,-120.49008941650391,LASSEN,UNINCORPORATED,,
91332080,2020,2020-10-27,9140,2020-10-17,1730,016322,,6,2,9,1800,0,1,2,,2,022,US-395,"SMOKE CREEK RANCH RD",7920.00,N,N,A,-,Y,,,395,,,,,,,Y,4,0,1,1,A,-,08,22107,,N,E,I,A,A,H,-,A,D,0,,,,,Y,,A,01,0,0,1,0,0,0,0,0,0,"- ","- ",40.464031219482422,-120.27731323242188,LASSEN,UNINCORPORATED,-120.27737426757812,40.464042663574219
91335460,2020,2020-10-30,9135,2020-10-24,0405,018777,,6,3,9,1800,0,1,3,,2,652,SR-139,"HAYDEN HILL RD",6336.00,N,N,A,-,Y,,,,,,,,,,Y,3,0,1,1,A,-,01,23152,A,N,F,A,A,A,H,-,D,D,0,,,,,Y,Y,A,07,0,1,0,0,0,0,0,0,0,"- ","- ",41.034030914306641,-121.85511016845703,LASSEN,UNINCORPORATED,-120.85788726806641,41.036392211914062
91335814,2020,2020-10-30,9140,2020-10-28,1905,014430,,3,2,9,1800,0,3,5,,2,010,"COUNTY ROAD A25","MILKE WAY",300.00,W,N,A,-,N,,,,,,,,,,Y,4,0,1,1,A,-,08,22107,,N,F,A,A,A,H,-,D,D,0,,,,,Y,,A,01,0,0,1,0,0,0,0,0,0,"- ","- ",40.142810821533203,-120.17772674560547,LASSEN,UNINCORPORATED,-120.17768100000001,40.142833000000003
91336953,2019,2020-11-02,9140,2019-07-09,1230,014430,,2,1,9,1800,0,1,2,,2,013,US-395,SR-36,1056.00,S,N,A,-,Y,,,395,,,,,,,Y,1,1,1,3,A,-,09,21804,B,N,B,C,A,A,H,-,A,D,0,,,,Y,Y,,A,07,0,0,1,0,0,0,0,0,0,"- ","- ",40.378799438476562,-120.58759307861328,LASSEN,UNINCORPORATED,-120.58760833740234,40.378757476806641
91340128,2020,2020-11-05,9140,2020-11-01,1825,021683,,7,2,9,1800,0,3,5,,2,010,"FORT SAGE ROAD","SUMMERS ROAD",528.00,N,N,A,-,N,,,,,,,,,,Y,3,0,1,1,A,-,08,22107,,N,F,A,A,A,H,-,D,D,0,,,,,Y,,A,07,0,1,0,0,0,0,0,0,0,"- ","- ",40.114601135253906,-120.08480072021484,LASSEN,UNINCORPORATED,,
91343419,2019,2020-11-11,9140,2019-09-14,1333,014898,,6,1,9,1800,0,1,3,,2,011,"STATE ROUTE 36","PHILDOW RD.",634.00,E,N,A,-,Y,,,36,,,,,,,Y,1,1,1,2,A,-,08,22107,,N,A,C,A,A,H,-,A,D,0,,,,Y,Y,,A,01,1,0,0,0,0,0,0,0,0,"- ","- ",40.414981842041016,-120.73428344726562,LASSEN,UNINCORPORATED,-120.73428344726562,40.414981842041016
91344447,2020,2020-11-12,9140,2020-11-01,1440,021238,,7,2,9,1800,0,3,5,,2,040,"FOREST SERVICE ROAD 28N73","INDIAN OLE ROAD",2640.00,S,N,A,-,N,,,,,,,,,,N,2,0,2,1,A,-,03,38305,,N,F,A,A,A,H,-,A,D,0,,,Y,,Y,,C,06,1,1,0,0,0,0,0,0,2,"- ","- ",40.285018920898438,-121.03153991699219,LASSEN,UNINCORPORATED,,
91347643,2020,2020-11-18,9140,2020-11-14,0630,020047,,6,1,9,1800,0,1,3,,2,011,"STATE ROUTE 36","FREDONYER CAMP ROAD",343.00,W,N,A,-,Y,,,36,,,,,,,Y,3,0,1,2,A,-,03,22350,,N,D,C,A,C,H,-,A,D,0,,,,Y,Y,,G,25,0,1,0,0,0,0,0,0,0,"- ","- ",40.373310089111328,-120.82071685791016,LASSEN,UNINCORPORATED,-120.82073211669922,40.373367309570312
91350358,2020,2020-11-20,9140,2020-10-31,0700,020458,,6,1,9,1800,0,1,2,,2,015,"US 395","S. CONSTANTIA RD.",2112.00,N,N,A,-,Y,,,,,,,,,,Y,1,1,1,2,A,-,08,22107,,N,A,C,A,A,H,-,B,D,0,,,,Y,Y,,A,07,0,1,0,0,0,0,0,0,0,"- ","- ",39.966339111328125,-120.04653167724609,LASSEN,UNINCORPORATED,-120.10483551025391,40.018295288085938
91351729,2020,2020-11-23,9170,2020-11-18,1830,021064,,3,2,9,1800,0,1,2,,1,001,US-395,"DRY CREEK ROAD",14256.00,S,N,B,-,Y,,,395,,,,,,,Y,3,0,1,1,A,-,03,22350,,N,E,I,A,C,H,-,D,D,0,,,,,Y,,A,07,0,1,0,0,0,0,0,0,0,"- ","- ",41.115509033203125,-120.48545837402344,LASSEN,UNINCORPORATED,-120.48551177978516,41.115470886230469
91353077,2020,2020-11-24,9170,2020-11-19,0115,020152,,4,3,9,1800,0,1,2,,1,001,US-395,"COUNTY ROAD 502 (MAIL ROUTE ROAD)",15840.00,N,N,A,-,Y,,,395,,,,,,,Y,2,0,3,1,A,-,03,22350,,N,F,A,A,C,H,-,D,D,0,,,,,Y,,D,22,1,1,1,0,0,0,0,0,0,"- ","- ",40.829441070556641,-120.41062927246094,LASSEN,UNINCORPORATED,-120.41065979003906,40.829395294189453
91353446,2020,2020-11-25,9165,2020-11-17,1000,015009,,2,1,9,1800,0,1,3,,2,062,"US-395 S/B","LONG VALLEY AG STATION",50.00,S,N,F,G,Y,,,395,,,,,,S,Y,3,0,1,2,A,-,03,22350,,N,C,C,A,A,H,-,A,D,0,,,,Y,Y,,G,25,0,1,0,0,0,0,0,0,0,"- ","- ",39.730548858642578,-120.03898620605469,LASSEN,UNINCORPORATED,-120.03897094726562,39.730552673339844
91354307,2020,2020-11-26,9165,2020-11-17,0955,019583,,2,1,9,1800,0,1,3,,2,062,"US-395 S/B","COUNTRY LANE",2640.00,S,N,F,G,Y,,,395,,,,,,S,Y,4,0,2,2,A,-,03,22350,,N,C,C,A,A,H,-,A,D,0,,,,Y,Y,,G,25,0,0,2,0,0,0,0,0,0,"- ","- ",39.730400085449219,-120.03898620605469,LASSEN,UNINCORPORATED,-120.03896331787109,39.730400085449219
91358017,2020,2020-12-03,9165,2020-11-29,1217,013901,,7,1,9,1800,0,1,3,,2,062,"US-395 N/B","SCOTT U/C",3168.00,S,N,A,-,Y,,,395,,,,,,N,Y,2,0,1,1,A,-,16,24002,A,N,F,A,A,A,H,-,A,D,0,,,,,Y,,A,07,1,0,0,0,0,0,0,0,0,"- ","- ",39.714729309082031,-120.03646850585938,LASSEN,UNINCORPORATED,-120.03649139404297,39.7147216796875
91358293,2020,2020-12-03,9140,2020-12-01,1534,016169,,2,2,9,1800,0,1,2,,2,013,US-395,"JANESVILLE GRADE",1320.00,S,N,A,-,Y,,,,,,,,,,N,4,0,1,1,C,-,18,,,N,H,H,A,A,H,-,A,D,0,,,,,Y,,-,"- ",0,0,1,0,0,0,0,0,0,"- ","- ",40.171798706054688,-120.29509735107422,LASSEN,UNINCORPORATED,,
91366844,2020,2020-12-14,9140,2020-12-10,0025,020696,,4,3,9,1800,0,1,2,,2,014,"US 395","FLUX RD.",800.00,S,N,A,-,Y,,,,,,,,,,Y,3,0,1,1,A,-,01,23152,F,N,F,A,A,A,H,-,D,D,0,,,,,Y,,A,01,0,1,0,0,0,0,0,0,0,"- ","- ",40.154060363769531,-120.31001281738281,LASSEN,UNINCORPORATED,-120.30973815917969,40.154026031494141
91368118,2020,2020-12-16,9165,2020-12-14,0717,013901,,1,1,9,1800,0,1,3,,2,062,"US-395 S/B",SR-70,150.00,S,N,B,-,Y,,,395,,,,,,S,Y,4,0,1,2,A,-,03,22350,,N,C,C,A,C,B,-,A,A,0,,,,,Y,,D,22,0,0,1,0,0,0,0,0,0,"- ","- ",39.774711608886719,-120.03893280029297,LASSEN,UNINCORPORATED,-120.03899383544922,39.774707794189453
91371166,2020,2020-12-18,9170,2020-08-12,2500,021104,,3,4,9,1800,0,1,2,,1,001,"US HIGHWAY 395 (US-395)","COUNTY ROAD 508",2640.00,N,N,A,-,Y,,,395,,,,,,,Y,1,1,0,1,A,-,08,22107,,N,E,J,A,A,H,-,A,D,0,,,Y,,Y,,C,02,0,0,0,0,0,0,0,1,0,"- ","- ",40.869670867919922,-120.46614837646484,LASSEN,UNINCORPORATED,-120.46608734130859,40.869823455810547
91371228,2020,2020-12-18,9140,2020-12-12,0530,020458,,6,3,9,1800,0,3,5,,2,020,"COUNTY ROAD A 27","CRAMER LN",2640.00,E,N,B,-,N,,,,,,,,,,Y,2,0,1,1,A,-,08,22107,,N,F,A,A,C,H,-,D,D,0,,,,,Y,,D,22,1,0,0,0,0,0,0,0,0,"- ","- ",40.397209167480469,-120.56182861328125,LASSEN,UNINCORPORATED,,
91375229,2020,2020-12-28,9140,2020-12-24,1025,021683,,4,1,9,1800,0,1,3,,2,032,"STATE ROUTE 44","MCCOY ROAD",2112.00,W,N,A,-,Y,,,44,,,,,,,Y,3,0,2,1,A,-,08,22107,,N,E,I,A,A,H,-,A,D,0,,,,,Y,,D,22,0,2,0,0,0,0,0,0,0,"- ","- ",40.473480224609375,-120.94069671630859,LASSEN,UNINCORPORATED,-120.94069671630859,40.473484039306641
91375233,2020,2020-12-28,9140,2020-12-21,1540,015598,,1,2,9,1800,0,1,3,,2,041,"STATE ROUTE 36","COPPERVALE SKI RD.",927.00,W,N,A,-,Y,,,36,,,,,,,Y,3,0,1,1,A,-,03,22350,,N,F,A,A,C,H,-,A,D,0,,,,,Y,,A,01,0,1,0,0,0,0,0,0,0,"- ","- ",40.345870971679688,-120.90753173828125,LASSEN,UNINCORPORATED,-120.90755462646484,40.345935821533203
91375365,2020,2020-12-28,9135,2020-12-15,1115,015627,,2,1,9,1800,0,1,3,,2,651,SR-299,"BIG VALLEY MOUNTAIN SUMMIT",3168.00,W,N,A,-,Y,,,299,,,,,,,Y,4,0,1,1,A,-,08,22107,,N,F,A,A,C,H,-,A,D,0,,,,,Y,,D,22,0,0,1,0,0,0,0,0,0,"- ","- ",41.072959899902344,-121.20346069335938,LASSEN,UNINCORPORATED,-121.20345306396484,41.072956085205078
91379178,2020,2021-01-01,9140,2020-12-27,0525,020519,,7,3,9,1800,0,3,5,,2,030,"COUNTY ROAD A1","BAJA WAY",475.00,S,N,B,-,N,,,,,,,,,,Y,4,0,1,1,A,-,03,22350,,N,F,A,A,C,H,-,D,D,0,,,,,Y,,D,22,0,0,1,0,0,0,0,0,0,"- ","- ",40.427619934082031,-120.72718811035156,LASSEN,UNINCORPORATED,-120.727223,40.427697999999999
91379271,2020,2021-01-04,9140,2020-12-26,1235,020458,,6,1,9,1800,0,1,3,,2,031,SR-139,"RICE CANYON RD",1056.00,N,N,D,-,Y,,,,,,,,,,Y,2,0,1,1,A,-,03,22350,,N,E,I,A,C,H,-,A,A,0,,,,,Y,,A,01,1,0,0,0,0,0,0,0,0,"- ","- ",,,LASSEN,UNINCORPORATED,-120.54460906982422,40.482852935791016
91379272,2020,2021-01-04,9140,2020-12-26,0720,020519,,6,1,9,1800,0,1,2,,2,015,"US 395","LAVER CROSSING",783.00,S,N,B,-,Y,,,,,,,,,,Y,3,0,1,1,A,-,03,22350,,N,F,A,A,C,H,-,A,D,0,,,,Y,Y,,G,27,0,1,0,0,0,0,0,0,0,"- ","- ",40.055198669433594,-120.12989044189453,LASSEN,UNINCORPORATED,,
91379294,2020,2021-01-04,9140,2020-12-26,1115,021683,,6,1,9,1800,0,1,3,,2,032,"STATE ROUTE 44","STATE ROUTE 36",7392.00,W,N,B,D,Y,,,44,,,,,,,Y,3,0,1,1,A,-,03,22350,,N,E,I,A,C,H,-,A,A,0,,,,,Y,,A,07,0,1,0,0,0,0,0,0,0,"- ","- ",40.417381286621094,-120.78150939941406,LASSEN,UNINCORPORATED,-120.78150939941406,40.417449951171875
91383932,2020,2021-02-01,9165,2020-11-07,1642,018600,,6,2,9,1800,0,1,3,,2,063,US-395,"POZZOLAN RD.",991.00,S,N,B,D,Y,,,395,,,,,,,Y,1,3,1,2,A,-,01,23152,G,N,A,C,A,B,H,-,A,D,0,,,,,Y,Y,A,01,1,0,0,0,0,0,0,0,0,"- ","- ",39.849708557128906,-120.04196929931641,LASSEN,UNINCORPORATED,-120.04195404052734,39.849712371826172
91385237,2021,2021-01-11,9140,2021-01-05,0800,018094,,2,1,9,1800,0,1,2,,2,021,US-395,"LEAVIIT LANE",3168.00,S,N,A,-,Y,,,,,,,,,,Y,3,0,3,1,A,-,03,22350,,N,E,I,A,C,B,-,A,D,0,,,,,Y,,A,01,0,3,0,0,0,0,0,0,0,"- ","- ",40.223770141601562,-120.30446624755859,LASSEN,UNINCORPORATED,-120.52130126953125,40.375919342041016
91385350,2021,2021-01-11,9140,2021-01-07,1910,016322,,4,2,9,1800,0,1,2,,2,013,US-395,"COUNTY ROAD A-25",150.00,S,N,B,-,Y,,,395,,,,,,,Y,4,0,1,1,C,-,18,,,N,H,H,A,A,H,-,D,D,0,,,,,Y,,-,"- ",0,0,1,0,0,0,0,0,0,"- ","- ",40.124141693115234,-120.24581909179688,LASSEN,UNINCORPORATED,-120.24584197998047,40.124103546142578
91389355,2021,2021-01-18,9140,2021-01-12,2300,021043,,2,3,9,1800,0,1,3,,2,042,"STATE ROUTE 147","STATE ROUTE 36",0.60,S,N,C,-,Y,,,,,,,,,,Y,4,0,1,1,A,-,12,22450,A,N,E,I,A,B,H,-,D,D,0,,,,,Y,,E,22,0,0,1,0,0,0,0,0,0,"- ","- ",40.302581787109375,-121.04519653320312,LASSEN,UNINCORPORATED,-121.04857635498047,40.310836791992188
91393583,2021,2021-01-25,9140,2021-01-19,1200,016322,,2,1,9,1800,0,3,5,,2,010,"COUNTY ROAD A-26 (GARNIER ROAD)","SAGE VALLEY ROAD",415.00,N,N,A,-,N,,,,,,,,,,Y,3,0,1,1,A,-,08,22107,,N,F,A,A,A,H,-,A,D,0,,,,,Y,,D,22,0,1,0,0,0,0,0,0,0,"- ","- ",40.137561798095703,-120.168701171875,LASSEN,UNINCORPORATED,-120.168452,40.137926
91393632,2021,2021-01-25,9140,2021-01-20,1600,020458,,3,2,9,1800,0,1,2,,2,022,"US 395","KARLO RD.",8976.00,S,N,A,-,Y,,,,,,,,,,Y,4,0,1,1,A,-,08,22107,,N,F,A,A,A,H,-,A,D,0,,,,,Y,,A,01,0,0,1,0,0,0,0,0,0,"- ","- ",,,LASSEN,UNINCORPORATED,-120.25599670410156,40.559627532958984
91393667,2021,2021-01-25,9140,2021-01-22,1000,020047,,5,1,9,1800,0,1,3,,2,032,"STATE ROUTE 44","MCCOY ROAD",11616.00,W,N,B,-,Y,,,44,,,,,,,Y,3,0,2,1,A,-,03,22350,,N,F,A,A,C,B,E,A,A,0,,,,,Y,,A,07,0,2,0,0,0,0,0,0,0,"- ","- ",40.493488311767578,-120.97045135498047,LASSEN,UNINCORPORATED,-120.97052764892578,40.493335723876953
91399037,2021,2021-01-29,9140,2021-01-24,1925,021683,,7,2,9,1800,0,3,5,,2,040,"COUNTY ROAD A21","MCCOY ROAD",792.00,N,N,B,D,N,,,,,,,,,,Y,3,0,1,1,A,-,03,22350,,N,E,I,A,C,H,-,D,D,0,,,,,Y,,A,01,0,1,0,0,0,0,0,0,0,"- ","- ",40.356891632080078,-121.00170135498047,LASSEN,UNINCORPORATED,-121.001492,40.356875000000002
91399230,2021,2021-02-01,9135,2021-01-26,2020,018866,,2,2,9,1800,0,3,5,,2,007,"SUSANVILLE RD",SR-139,7920.00,W,N,D,-,N,,,,,,,,,,Y,4,0,1,1,A,-,03,22350,,N,E,I,A,C,H,-,D,D,0,,,,,Y,,A,01,0,0,1,0,0,0,0,0,0,"- ","- ",41.117691040039062,-120.95037078857422,LASSEN,UNINCORPORATED,-120.94921112060547,41.117694854736328
91401155,2021,2021-02-02,9135,2021-02-01,1755,018866,,1,2,9,1800,0,1,3,,2,651,SR-299,"OLD HIGHWAY RD",13200.00,E,N,C,-,Y,,,299,,,,,,,Y,3,0,4,1,A,-,08,22107,,N,E,I,A,B,H,-,D,D,0,,,,,Y,,A,01,0,4,0,0,0,0,0,0,0,"- ","- ",41.069248199462891,-121.24803924560547,LASSEN,UNINCORPORATED,-121.24803161621094,41.069290161132812
91403794,2021,2021-02-08,9135,2021-02-04,1630,019680,,4,2,9,1800,0,1,3,,2,652,"STATE ROUTE 139","TERMO GRASSHOPPER RD",93984.00,N,N,A,-,Y,,,,,,,,,,Y,3,0,1,1,A,-,01,23152,G,N,E,I,A,A,H,-,A,D,0,,,,,Y,Y,A,01,0,1,0,0,0,0,0,0,0,"- ","- ",,,LASSEN,UNINCORPORATED,-120.91979217529297,41.107967376708984
91404712,2021,2021-02-08,9140,2021-01-27,1440,016169,,3,2,9,1800,0,1,2,,2,021,US-395,"LAKE LEAVITT ROAD",414.00,S,N,B,-,Y,,,,,,,,,,Y,3,0,1,1,A,-,01,23152,A,N,E,I,A,B,H,-,A,D,0,,,,,Y,Y,A,01,0,1,0,0,0,0,0,0,0,"- ","- ",40.215599060058594,-120.26439666748047,LASSEN,UNINCORPORATED,-120.44261932373047,40.364948272705078
91405766,2021,2021-02-10,9140,2021-01-30,1955,016322,,6,2,9,1800,0,3,5,,2,020,"LAMBERT LANE","MAPES ROAD",0.00,,Y,A,-,N,,,,,,,,,,N,4,0,1,1,A,-,01,23152,A,M,E,I,A,A,H,-,D,A,0,,,,,Y,Y,D,22,0,0,1,0,0,0,0,0,0,"- ","- ",40.321800231933594,-120.39894104003906,LASSEN,UNINCORPORATED,-120.39884185791016,40.321861267089844
91406985,2021,2021-02-11,9140,2021-02-04,0910,021043,,4,1,9,1800,0,3,5,,2,040,"3RD STREET","BIRCH STREET",143.00,W,N,A,-,N,,,,,,,,,,N,4,0,1,2,A,-,09,21801,A,N,D,C,A,C,H,-,A,D,0,,,,,Y,,D,22,0,0,1,0,0,0,0,0,0,"- ","- ",40.302349090576172,-121.00110626220703,LASSEN,UNINCORPORATED,-121.00234222412109,40.302139282226562
91407746,2021,2021-02-12,9140,2021-02-06,2055,020806,,6,2,9,1800,0,3,5,,2,020,"JOHNSTONVILLE ROAD","CENTER ROAD",3168.00,W,N,A,-,N,,,,,,,,,,Y,4,0,1,1,A,-,08,22107,,N,H,H,A,A,H,-,D,D,0,,,,,Y,,D,22,0,0,1,0,0,0,0,0,0,"- ","- ",40.397449493408203,-120.60665130615234,LASSEN,UNINCORPORATED,-120.58709716796875,40.385868072509766
91414393,2021,2021-02-24,9135,2021-02-17,0350,015627,,3,3,9,1800,0,1,3,,2,651,SR-299,"641310 SR-299",33.00,W,N,A,-,Y,,,299,,,,,,,Y,3,0,2,1,A,-,08,22107,,N,E,I,A,A,H,-,D,D,0,,,,,Y,Y,D,22,0,2,0,0,0,0,0,0,0,"- ","- ",41.076560974121094,-121.31846618652344,LASSEN,UNINCORPORATED,-121.31849670410156,41.076625823974609
91423762,2021,2021-03-09,9140,2021-03-01,1555,020569,,1,2,9,1800,0,1,2,,2,013,US-395,"CHURCH ST",0.00,,Y,A,-,Y,,,,,,,,,,Y,2,0,2,3,A,-,09,21802,A,N,D,C,A,A,H,-,A,D,0,,,,,Y,,D,22,1,1,0,0,0,0,0,0,0,"- ","- ",40.295860290527344,-120.51728820800781,LASSEN,UNINCORPORATED,-120.42032623291016,40.365234375
91424480,2021,2021-03-10,9140,2021-03-07,0930,020806,,7,1,9,1800,0,3,5,,2,010,"SUNNYSIDE ROAD","COUNTY ROAD A3",6336.00,W,N,A,-,N,,,,,,,,,,Y,3,0,2,1,A,-,03,22350,,N,F,A,A,A,H,-,A,D,0,,,,,Y,,A,07,0,1,1,0,0,0,0,0,0,"- ","- ",40.321640014648438,-120.50862121582031,LASSEN,UNINCORPORATED,-120.49748992919922,40.314163208007812
91424554,2021,2021-03-10,9140,2021-03-08,0909,020806,,1,1,9,1800,0,1,2,,2,015,"US HIGHWAY 395","HALL ROAD",2112.00,S,N,B,G,Y,,,,,,,,,,Y,4,0,2,2,C,-,18,,,N,B,C,A,A,H,-,A,A,0,,,,Y,Y,,-,"- ",0,0,2,0,0,0,0,0,0,"- ","- ",,,LASSEN,UNINCORPORATED,-120.08118438720703,39.997013092041016
91425311,2021,2021-03-11,9140,2021-03-09,0533,020458,,2,3,9,1800,0,1,2,,2,014,US-395,"CO. RD. A25",7392.00,S,N,A,-,Y,,,395,,,,,,,Y,2,0,1,2,A,-,08,22107,,N,A,C,A,A,H,-,D,D,0,,,,Y,Y,,A,07,1,0,0,0,0,0,0,0,0,"- ","- ",40.116870880126953,-120.23139953613281,LASSEN,UNINCORPORATED,-120.23146057128906,40.116714477539062
91425315,2021,2021-03-11,9140,2021-03-06,0720,020458,,6,1,9,1800,0,1,3,,2,032,SR-44,SR-36,17952.00,W,N,B,D,Y,,,44,,,,,,,Y,2,0,4,1,A,-,03,22350,,N,E,I,A,C,H,-,A,D,0,,,,,Y,,A,07,4,0,0,0,0,0,0,0,0,"- ","- ",40.425788879394531,-120.80767822265625,LASSEN,UNINCORPORATED,-120.80776214599609,40.426219940185547
91429300,2021,2021-03-17,9140,2021-03-16,1005,020806,,2,1,9,1800,0,3,5,,2,010,"COUNTY ROAD A25","US HIGHWAY 395",6864.00,S,N,A,-,N,,,,,,,,,,Y,4,0,1,1,A,-,08,22107,,N,F,A,A,A,H,-,A,D,0,,,,,Y,,A,01,0,0,1,0,0,0,0,0,0,"- ","- ",40.126518249511719,-120.24156188964844,LASSEN,UNINCORPORATED,,
91434934,2021,2021-03-25,9135,2021-03-22,1836,018866,,1,2,9,1800,0,1,3,,2,652,SR-139,"SPRING CREEK RD",5280.00,S,N,D,-,Y,,,139,,,,,,,Y,3,0,1,1,A,-,08,22107,,N,E,I,A,C,H,-,D,D,0,,,,,Y,,A,01,0,1,0,0,0,0,0,0,0,"- ","- ",40.935558319091797,-120.75724029541016,LASSEN,UNINCORPORATED,-120.75727081298828,40.935531616210938
91435005,2021,2021-03-25,9140,2021-02-06,1257,021043,,6,1,9,1800,0,3,5,,2,040,"USFS ROAD 32N10","USFS ROAD 30N21",100.00,W,N,B,-,N,,,,,,,,,,N,1,1,0,1,A,-,08,38314,,N,E,I,A,C,H,-,A,D,0,,,,,Y,,M,96,0,0,0,0,0,0,0,0,0,"- ","- ",40.480888366699219,-121.12336730957031,LASSEN,UNINCORPORATED,,
91447522,2021,2021-04-12,9140,2021-04-03,2355,020806,,6,3,9,1800,0,1,3,,2,032,"STATE ROUTE 44","MCCOY ROAD",11616.00,W,N,A,-,Y,,,,,,,,,,Y,2,0,1,1,A,-,08,22107,,N,E,I,A,A,H,-,D,D,0,,,,,Y,,A,07,1,0,0,0,0,0,0,0,0,"- ","- ",,,LASSEN,UNINCORPORATED,-120.95735931396484,40.483810424804688
91448791,2021,2021-04-12,9140,2021-04-10,2055,020696,,6,2,9,1800,0,1,2,,2,014,"US 395","LOUNSBURY RD.",3168.00,S,N,A,-,Y,,,,,,,,,,Y,4,0,1,1,C,-,18,,,N,H,H,A,A,H,-,D,D,0,,,,,Y,,-,"- ",0,0,1,0,0,0,0,0,0,"- ","- ",40.184368133544922,-120.39179229736328,LASSEN,UNINCORPORATED,-120.39216613769531,40.184726715087891
91458440,2021,2021-05-27,9140,2021-04-23,0910,021043,,5,1,9,1800,0,1,3,,2,041,"STATE ROUTE 36","USFS ROAD 29N05",2112.00,E,N,A,-,Y,,,36,,,,,,,Y,3,0,1,1,A,-,08,22107,,N,E,8,A,A,H,-,A,D,0,,,,,Y,,A,01,0,1,0,0,0,0,0,0,0,"- ","- ",40.346321105957031,-120.90558624267578,LASSEN,UNINCORPORATED,-120.90574645996094,40.346694946289062
91458754,2021,2021-05-27,9140,2021-04-24,2040,020806,,6,2,9,1800,0,1,3,,2,062,"STATE ROUTE 32","POTATO PATCH CAMPGROUND ROAD",9504.00,W,N,A,-,Y,,,,,,,,,,Y,2,0,1,1,A,-,08,22107,,N,E,8,A,A,H,-,D,D,0,,,,,Y,,D,22,1,0,0,0,0,0,0,0,0,"- ","- ",,,LASSEN,UNINCORPORATED,,
91461560,2021,2021-05-27,9170,2021-04-22,1155,016673,,4,1,9,1800,0,1,2,,1,001,US-395,"COUNTY ROAD 508 (JUNIPER RIDGE ROAD)",375.00,N,N,A,-,Y,,,395,,,,,,,Y,3,0,1,1,A,-,08,22107,,N,F,A,A,A,H,-,A,D,0,,,,,Y,,D,22,0,1,0,0,0,0,0,0,0,"- ","- ",40.866340637207031,-120.46034240722656,LASSEN,UNINCORPORATED,-120.46050262451172,40.866180419921875
91464325,2021,2021-05-27,9140,2021-04-28,1015,015598,,3,1,9,1800,0,1,3,,2,041,"STATE ROUTE 36","BIRCH ST.",0.00,,Y,A,-,Y,,,36,,,,,,,Y,3,0,3,2,A,-,09,21801,A,N,D,C,A,A,H,-,A,D,0,,,,,Y,,A,07,0,3,0,0,0,0,0,0,0,"- ","- ",40.314678192138672,-121.00161743164062,LASSEN,UNINCORPORATED,-121.00162506103516,40.314701080322266
91465314,2021,2021-05-27,9140,2021-04-25,0935,019275,,7,1,9,1800,0,1,3,,2,011,SR-36,"ROXIE PECONUM CAMPGROUND ROAD",0.00,,Y,B,-,Y,,,,,,,,,,Y,3,0,1,1,A,-,08,22107,,N,E,8,A,A,H,-,A,D,0,,,,,Y,,A,01,0,1,0,0,0,0,0,0,0,"- ","- ",,,LASSEN,UNINCORPORATED,,
91471673,2021,2021-05-27,9135,2021-05-11,0106,018777,,2,3,9,1800,0,3,5,,2,007,"BIEBER LOOKOUT ROAD",SR-299,5220.00,N,N,A,-,N,,,,,,,,,,Y,4,0,1,1,A,-,08,22107,,N,E,I,A,A,H,-,D,D,0,,,,,Y,,A,01,0,0,1,0,0,0,0,0,0,"- ","- ",41.158210754394531,-121.13397979736328,LASSEN,UNINCORPORATED,-121.13385009765625,41.145633697509766
91477626,2021,2021-05-27,9165,2021-05-09,1725,018622,,7,2,9,1800,0,1,3,,2,062,"US-395 S/B",SR-70,3696.00,S,N,A,-,Y,,,395,,,,,,S,Y,3,0,1,1,A,-,01,23152,F,N,E,I,A,A,H,-,A,D,0,,,,,Y,,D,22,0,1,0,0,0,0,0,0,0,"- ","- ",39.762958526611328,-120.03929901123047,LASSEN,UNINCORPORATED,-120.03927612304688,39.762958526611328
91478240,2021,2021-05-27,9140,2021-05-14,0830,020047,,5,1,9,1800,0,3,5,,2,020,"JOHNSTONVILLE ROAD","BIG SKY ROAD",2112.00,E,N,A,-,N,,,,,,,,,,Y,2,0,1,1,A,-,08,22107,,N,E,I,A,A,H,-,A,D,0,,,,,Y,,D,22,1,0,0,0,0,0,0,0,0,"- ","- ",40.396991729736328,-120.60479736328125,LASSEN,UNINCORPORATED,-120.60540008544922,40.397212982177734
91481492,2021,2021-05-27,9140,2021-05-14,0700,021034,,5,1,9,1800,0,1,2,,2,022,"HWY 395","KARLO ROAD",1648.00,N,N,A,-,Y,,,395,,,,,,,Y,2,0,2,1,A,-,08,22107,,N,E,J,A,A,H,-,A,D,0,,,,,Y,,A,01,1,1,0,0,0,0,0,0,0,"- ","- ",40.599830627441406,-120.24739837646484,LASSEN,UNINCORPORATED,-120.24737548828125,40.599830627441406
91483401,2021,2021-05-27,9140,2021-05-19,1415,016322,,3,2,9,1800,0,1,2,,2,014,US-395,"COUNTY ROAD A26",0.00,,Y,A,-,Y,,,395,,,,,,,Y,4,0,1,4,A,-,09,21802,A,N,D,2,A,A,H,-,A,A,0,,,,Y,Y,,A,07,0,0,1,0,0,0,0,0,0,"- ","- ",40.090888977050781,-120.17186737060547,LASSEN,UNINCORPORATED,-120.17189788818359,40.090824127197266
91489082,2021,2021-06-03,9170,2021-05-26,2240,020152,,3,3,9,1800,0,1,2,,1,001,US-395,"COUNTY ROAD 531 (FILLMAN ROAD)",15840.00,S,N,A,-,Y,,,395,,,,,,,Y,3,0,2,1,A,-,08,22107,,N,E,8,A,A,H,-,D,D,0,,,,,Y,,E,22,0,2,0,0,0,0,0,0,0,"- ","- ",40.89569091796875,-120.48577117919922,LASSEN,UNINCORPORATED,-120.48583221435547,40.895648956298828
91489974,2021,2021-06-04,9170,2021-05-28,1425,018478,,5,2,9,1800,0,1,2,,1,001,US-395,"ASH VALLEY ROAD",5280.00,N,N,A,-,Y,,,395,,,,,,,Y,2,0,1,1,A,-,08,22107,,N,F,0,A,A,H,-,A,D,0,,,,,Y,,D,22,1,0,0,0,0,0,0,0,0,"- ","- ",41.098068237304688,-120.47432708740234,LASSEN,UNINCORPORATED,-120.47425079345703,41.098094940185547
91490150,2021,2021-06-23,9165,2021-06-01,1340,019583,,2,1,9,1800,0,1,3,,2,062,"US-395 S/B","COUNTRY LANE",896.00,N,N,A,-,Y,,,395,,,,,,S,N,2,0,2,1,C,-,18,,,N,H,A,A,A,H,-,A,D,0,,,Y,,Y,,-,"- ",1,1,0,0,0,0,0,0,2,"- ","- ",39.740280151367188,-120.03961944580078,LASSEN,UNINCORPORATED,-120.03963470458984,39.740280151367188
91492073,2021,2021-06-08,9135,2021-05-28,1104,018777,,5,1,9,1800,0,3,5,,2,007,"LASSEN COUNTY ROAD A2 (SUSANVILLE ROAD)","LENARD ROAD",9.00,N,N,A,-,N,,,,,,,,,,Y,3,0,1,1,A,-,08,22107,,N,E,I,A,A,H,-,A,D,0,,,,,Y,,A,01,0,1,0,0,0,0,0,0,0,"- ","- ",41.131938934326172,-121.04833221435547,LASSEN,UNINCORPORATED,-121.04896545410156,41.132164001464844
91494946,2021,2021-06-11,9140,2021-06-02,0015,020569,,3,3,9,1800,0,1,3,,2,011,"HWY 36","WILLARD CREEK RD",7920.00,W,N,A,-,Y,,,36,,,,,,,Y,3,0,1,1,A,-,08,22107,,N,F,A,A,A,H,-,D,D,0,,,,,Y,,D,22,0,1,0,0,0,0,0,0,0,"- ","- ",40.368511199951172,-120.83370208740234,LASSEN,UNINCORPORATED,-120.83369445800781,40.368503570556641
91499373,2021,2021-06-17,9140,2021-02-03,1714,016169,,3,2,9,1800,0,1,2,,2,015,US-395,"SCOTT ROAD",2640.00,S,N,B,G,Y,,,,,,,,,,Y,1,1,1,2,A,-,05,21460,A,N,A,C,A,A,H,-,A,D,0,,,,,Y,Y,A,01,0,1,0,0,0,0,0,0,0,"- ","- ",39.553001403808594,-120.01110076904297,LASSEN,UNINCORPORATED,-120.01994323730469,39.931247711181641
91499581,2021,2021-06-17,9140,2021-06-12,1150,020047,,6,1,9,1800,0,3,5,,2,020,"RICHMOND ROAD","JOSIE WAY",119.00,E,N,A,-,N,,,,,,,,,,Y,3,0,1,1,A,-,03,22350,,N,E,I,A,A,B,D,A,A,0,,,,,Y,,A,01,0,1,0,0,0,0,0,0,0,"- ","- ",40.383220672607422,-120.64981079101562,LASSEN,UNINCORPORATED,-120.64934539794922,40.384361267089844
91502046,2021,2021-06-21,9140,2021-06-14,1935,020259,,1,2,9,1800,0,1,2,,2,014,US-395,"OLD HIGHWAY 59",1700.00,S,N,A,-,Y,,,395,,,,,,,Y,2,0,1,1,A,-,08,22107,,N,F,A,A,A,H,-,A,A,0,,,,,Y,,D,22,1,0,0,0,0,0,0,0,0,"- ","- ",40.157310485839844,-120.32112884521484,LASSEN,UNINCORPORATED,-120.32115173339844,40.157245635986328
91502481,2021,2021-06-22,9140,2021-06-18,0328,020519,,5,3,9,1800,0,1,A,,2,730,"STATE ROUTE 44 W/B","CONARD ROAD",3168.00,W,N,A,-,Y,,,44,,,,,,W,Y,2,0,1,1,A,-,08,22107,,N,E,J,A,A,H,-,D,D,0,,,,,Y,,D,22,1,0,0,0,0,0,0,0,0,"- ","- ",40.441051483154297,-120.86028289794922,LASSEN,UNINCORPORATED,-120.86028289794922,40.441036224365234
91505658,2021,2021-06-24,9140,2021-06-20,1310,018094,,7,1,9,1800,0,1,2,,2,015,US-395,"OLIVE LANE",2112.00,S,N,A,-,Y,,,,,,,,,,Y,4,0,1,2,A,-,08,22107,,N,B,C,A,A,H,-,A,D,0,,,,,Y,,D,22,0,0,1,0,0,0,0,0,0,"- ","- ",40.062728881835938,-120.12326049804688,LASSEN,UNINCORPORATED,-120.21623992919922,40.110622406005859
91505671,2021,2021-06-24,9140,2021-06-22,2110,020519,,2,2,9,1800,0,1,2,,2,013,"US 395 S/B","JETERS ROAD",500.00,S,N,A,-,Y,,,,,,,,,,Y,3,0,2,1,C,-,18,,,N,H,H,A,A,H,-,D,D,0,,,,,Y,,-,"- ",0,2,0,0,0,0,0,0,0,"- ","- ",40.269439697265625,-120.47752380371094,LASSEN,UNINCORPORATED,-120.47755432128906,40.269447326660156
91506043,2021,2021-06-24,9140,2021-06-22,1100,020047,,2,1,9,1800,0,1,2,,2,014,US-395,"OLD HIGHWAY MILFORD",3168.00,N,N,A,-,Y,,,395,,,,,,,Y,4,0,1,1,A,-,03,22350,,N,F,A,A,A,H,-,A,D,0,,,,,Y,,E,22,0,0,1,0,0,0,0,0,0,"- ","- ",40.161640167236328,-120.33647155761719,LASSEN,UNINCORPORATED,-120.33648681640625,40.161582946777344
91507817,2021,2021-06-28,9140,2021-06-21,1434,021683,,1,2,9,1800,0,1,3,,2,041,"STATE ROUTE 36","COUNTY ROAD A21",1584.00,E,N,A,-,Y,,,36,,,,,,,Y,3,0,1,1,A,-,08,22107,,N,E,I,A,A,H,-,A,D,0,,,,,Y,,A,01,0,1,0,0,0,0,0,0,0,"- ","- ",40.315540313720703,-120.9876708984375,LASSEN,UNINCORPORATED,-120.98766326904297,40.315452575683594
91508179,2021,2021-06-28,9140,2021-06-18,1125,020502,,5,1,9,1800,0,1,2,,2,015,"US 395","US 395 AT N. CONSTANTIA ROAD",0.00,,Y,A,-,Y,,,,,,,,,,Y,4,0,5,2,A,-,09,21802,A,N,D,C,A,A,H,-,A,A,0,,,,,Y,,A,07,0,0,5,0,0,0,0,0,0,"- ","- ",40.013889312744141,-120.10028839111328,LASSEN,UNINCORPORATED,-120.10047912597656,40.013721466064453
91508984,2021,2021-06-29,9140,2021-06-22,0559,020502,,2,3,9,1800,0,1,3,,2,052,"STATE ROUTE 147","OLD HAUN ROAD",2640.00,S,N,A,-,Y,,,,,,,,,,Y,3,0,1,1,A,-,03,22350,,N,E,I,A,A,H,-,A,D,0,,,,,Y,,A,01,0,1,0,0,0,0,0,0,0,"- ","- ",40.191989898681641,-120.07508087158203,LASSEN,UNINCORPORATED,-121.07489776611328,40.192337036132812
91511082,2021,2021-07-01,9140,2021-06-20,0910,019275,,7,1,9,1800,0,1,3,,2,011,SR-36,"COUNTY ROAD A-1",0.00,,Y,A,-,N,,,36,,,,,,,Y,3,0,1,2,A,-,01,23152,A,N,B,C,A,A,H,-,A,A,0,,,,Y,Y,Y,D,22,0,1,0,0,0,0,0,0,0,"- ","- ",40.419998168945312,-120.70313262939453,LASSEN,UNINCORPORATED,-120.70317077636719,40.420085906982422
91512755,2021,2021-07-05,9140,2021-06-27,0647,018094,,7,1,3,1801,0,1,2,,2,021,US-395,"JOHNSTONVILLE ROAD",13.00,S,N,A,-,Y,,,,,,,,,,Y,4,0,1,1,A,-,08,22107,,N,E,8,A,A,H,-,A,D,0,,,,,Y,,A,01,0,0,1,0,0,0,0,0,0,"- ","- ",40.230289459228516,-120.35137176513672,LASSEN,SUSANVILLE,-120.58696746826172,40.383945465087891
91512756,2021,2021-07-05,9140,2021-06-21,1849,016169,,1,2,3,1801,0,3,5,,2,020,"CENTER ROAD (LASSEN COUNTY ROAD A-27)","CUTTOFF ROAD (LASSEN COUNTY ROAD 315)",287.00,E,N,A,-,N,,,,,,,,,,Y,2,0,3,1,A,-,03,22350,,N,F,A,A,A,H,-,A,D,0,,,,,Y,,A,07,2,1,0,0,0,0,0,0,0,"- ","- ",40.231410980224609,-120.23545074462891,LASSEN,SUSANVILLE,-120.398448,40.387230000000002
91513671,2021,2021-07-06,9140,2021-06-25,1523,021238,,5,2,9,1800,0,1,3,,2,041,"STATE ROUTE 36","FOREST SERVICE ROAD 29N05",8712.00,W,N,B,-,Y,,,,,,,,,,Y,3,0,1,2,A,-,08,22107,,N,E,9,A,A,H,-,A,D,0,,,,,Y,,A,07,0,1,0,0,0,0,0,0,0,"- ","- ",40.328151702880859,-121.93289947509766,LASSEN,UNINCORPORATED,,
91513964,2021,2021-07-06,9140,2021-06-29,1915,016169,,2,2,9,1800,0,1,3,,2,012,SR-36,US-395,5280.00,W,N,A,-,Y,,,,,,,,,,N,3,0,1,1,A,-,05,21650,,N,F,A,A,A,H,-,A,D,0,,,,,Y,,A,01,0,1,0,0,0,0,0,0,0,"- ","- ",40.231708526611328,-120.36321258544922,LASSEN,UNINCORPORATED,-120.60838317871094,40.387622833251953
91517988,2021,2021-07-12,9140,2021-07-04,2230,020519,,7,3,9,1800,0,1,A,,2,730,"US 395 NORTHBOUND","CHURCH STREET",2376.00,N,N,A,-,Y,,,,,,,,,,Y,2,0,2,1,A,-,08,22107,,N,E,I,A,A,H,-,D,D,0,,,,,Y,,D,22,2,0,0,0,0,0,0,0,0,"- ","- ",,,LASSEN,UNINCORPORATED,-120.42032623291016,40.365230560302734
91518223,2021,2021-07-12,9140,2021-07-06,0823,018094,,2,1,9,1800,0,1,2,,2,014,US-395,"HUMPRHEY HILL",0.20,N,N,A,-,Y,,,,,,,,,,N,4,0,3,2,A,-,03,22350,,N,C,C,A,A,H,-,A,D,0,,,,,Y,,A,01,0,0,3,0,0,0,0,0,0,"- ","- ",40.092338562011719,-120.19027709960938,LASSEN,UNINCORPORATED,,
91518974,2021,2021-07-13,9140,2021-07-07,2000,020259,,3,2,9,1800,0,1,2,,2,013,US-395,CR-A3,460.00,N,N,A,-,Y,,,395,,,,,,,N,4,0,1,1,C,-,18,,,N,E,J,A,A,H,-,A,A,0,,,,,Y,,-,"- ",0,0,1,0,0,0,0,0,0,"- ","- ",40.284530639648438,-120.49128723144531,LASSEN,UNINCORPORATED,-120.49122619628906,40.284610748291016
91519746,2021,2021-07-14,9165,2021-07-05,2034,019583,,1,2,9,1800,0,1,3,,2,060,SR-70,"MONUMENT LANE",4224.00,E,N,A,-,Y,,,70,,,,,,,Y,2,0,1,1,A,-,01,23152,A,N,F,A,A,A,H,-,B,D,0,,,Y,,Y,Y,C,02,1,0,0,0,0,0,0,0,1,"- ","- ",39.790229797363281,-120.10214233398438,LASSEN,UNINCORPORATED,-120.10214233398438,39.790241241455078
91525653,2021,2021-09-01,9140,2021-07-14,1410,016322,,3,2,9,1800,0,1,2,,2,021,US-395,"WINDRIFT ROAD",2640.00,N,N,A,-,N,,,395,,,,,,,Y,1,1,1,1,A,-,05,21650,,N,E,I,A,A,H,-,A,D,0,,,,,Y,,A,07,1,0,0,0,0,0,0,0,0,"- ","- ",40.365451812744141,-120.40509033203125,LASSEN,UNINCORPORATED,-120.40509796142578,40.365493774414062
91526183,2021,2021-07-22,9165,2021-07-18,1223,013901,,7,1,9,1800,0,1,3,,2,063,US-395,SR-70,12672.00,N,N,B,F,Y,,,395,,,,,,,Y,3,0,1,2,A,-,03,22350,,N,C,C,A,A,H,-,A,D,0,,,,,Y,,A,01,0,1,0,0,0,0,0,0,0,"- ","- ",39.809429168701172,-120.03311920166016,LASSEN,UNINCORPORATED,-120.03314971923828,39.809429168701172
91526422,2021,2021-09-30,9140,2021-07-18,1645,021683,,7,2,9,1800,0,1,3,,2,031,"STATE ROUTE 139","TERMO GRASSHOPPER ROAD",24816.00,S,N,A,-,Y,,,139,,,,,,,Y,2,0,3,2,A,-,03,22350,,N,C,C,A,A,H,-,A,D,0,,,Y,,Y,,C,02,1,2,0,0,0,0,0,0,3,"- ","- ",40.843021392822266,-120.75132751464844,LASSEN,UNINCORPORATED,-120.75135803222656,40.843006134033203
91528157,2021,2021-07-26,9165,2021-07-15,0325,019781,,4,3,9,1800,0,1,3,,2,063,US-395,"BLM RD",10.00,N,N,A,-,Y,,,395,,,,,,,Y,2,0,2,2,A,-,01,23152,F,N,C,C,A,A,H,-,D,D,0,,,,Y,Y,,D,22,2,0,0,0,0,0,0,0,0,"- ","- ",39.87969970703125,-120.02722930908203,LASSEN,UNINCORPORATED,-120.0272216796875,39.879692077636719
91531166,2021,2021-07-29,9140,2021-07-19,1759,020259,,1,2,9,1800,0,1,2,,2,015,US-395,"HALL RD",1584.00,N,N,E,G,Y,,,395,,,,,,,Y,3,0,2,2,A,-,03,22350,,N,C,C,A,A,H,-,A,D,0,,,,,Y,,A,01,0,1,1,0,0,0,0,0,0,"- ","- ",40.006248474121094,-120.08966064453125,LASSEN,UNINCORPORATED,-120.08969116210938,40.006229400634766
91542284,2021,2021-08-11,9135,2021-08-09,1836,018866,,1,2,9,1800,0,3,5,,2,007,"DAY RD","OAKWOODS DR.",385.00,S,N,A,-,N,,,,,,,,,,Y,3,0,1,1,A,-,01,23152,A,N,E,I,A,A,H,-,A,D,0,,,,,Y,Y,D,22,0,1,0,0,0,0,0,0,0,"- ","- ",41.11376953125,-121.33203125,LASSEN,UNINCORPORATED,-121.33197021484375,41.113742828369141
91542937,2021,2021-08-12,9140,2021-08-08,2040,020696,,7,2,9,1800,0,1,3,,2,031,SR-139,"MERRILLVILLE ROAD",38016.00,N,N,A,-,Y,,,139,,,,,,,Y,3,0,2,1,C,-,18,,,N,H,H,A,A,H,-,D,D,0,,,,,Y,,-,"- ",0,2,0,0,0,0,0,0,0,"- ","- ",40.636970520019531,-120.65331268310547,LASSEN,UNINCORPORATED,-120.65331268310547,40.636962890625
91550025,2021,2021-08-20,9140,2021-08-10,0330,020696,,2,3,9,1800,0,1,2,,2,021,US-395,"LAKE LEAVITT RD.",365.00,N,N,A,-,Y,,,395,,,,,,,Y,3,0,1,1,A,-,01,23152,A,M,E,8,A,A,H,-,D,D,0,,,,,Y,Y,A,01,0,1,0,0,0,0,0,0,0,"- ","- ",40.364948272705078,-120.44268035888672,LASSEN,UNINCORPORATED,-120.44268035888672,40.364963531494141
91558829,2021,2021-08-30,9140,2021-08-25,1410,020259,,3,2,9,1800,0,1,3,,2,032,SR-44,"CONARD RD",4752.00,W,N,A,-,Y,,,44,,,,,,,N,2,0,1,1,A,-,08,22107,,N,E,I,A,A,H,-,A,D,0,,,,,Y,,D,22,1,0,0,0,0,0,0,0,0,"- ","- ",40.447109222412109,-120.88870239257812,LASSEN,UNINCORPORATED,-120.88870239257812,40.447090148925781
91560663,2021,2021-09-01,9140,2021-07-06,1045,020502,,2,1,9,1800,0,1,3,,2,031,"STATE ROUTE 139","SPRING RIDGE DRIVE",21648.00,N,N,A,-,Y,,,139,,,,,,,Y,1,1,0,2,A,-,03,22350,,N,F,0,A,A,H,-,A,D,0,,,Y,,Y,,C,02,0,0,0,0,0,0,0,1,0,"- ","- ",40.455879211425781,-120.58791351318359,LASSEN,UNINCORPORATED,-120.58789825439453,40.455902099609375
91566742,2021,2021-09-09,9140,2021-08-22,1526,020458,,7,2,9,1800,0,1,3,,2,034,"STATE ROUTE 44","FOREST ROAD 33N02",528.00,W,N,A,-,Y,,,,,,,,,,Y,1,1,0,1,A,-,08,22107,,N,F,A,A,A,H,-,A,D,0,,,,,Y,,A,07,0,0,0,0,0,0,0,0,0,"- ","- ",,,LASSEN,UNINCORPORATED,-121.11410522460938,40.612899780273438
91567814,2021,2021-09-17,9140,2021-08-24,0410,020519,,2,3,9,1800,0,1,2,,2,022,"US 395","DEEP CUT ROAD",7392.00,N,N,A,-,Y,,,,,,,,,,Y,1,1,2,1,A,-,08,22107,,N,F,A,A,A,H,-,D,D,0,,,,,Y,,A,07,0,0,2,0,0,0,0,0,0,"- ","- ",40.530078887939453,-120.26268768310547,LASSEN,UNINCORPORATED,-120.26540374755859,40.517585754394531
91572964,2021,2021-09-17,9140,2021-09-05,0305,020519,,7,3,9,1800,0,1,A,,2,730,"CENTER ROAD","LEAVITT LANE",8448.00,E,N,A,-,N,,,,,,,,,,Y,4,0,1,1,A,-,08,22107,,N,E,I,A,A,H,-,D,D,0,,,,,Y,,A,08,0,0,1,0,0,0,0,0,0,"- ","- ",40.398151397705078,-120.48893737792969,LASSEN,UNINCORPORATED,-120.49164581298828,40.397991180419922
91573568,2021,2021-10-01,9140,2021-09-09,0553,020458,,4,3,9,1800,0,1,3,,2,032,SR-44,"MCCOY RD.",4224.00,E,N,A,-,Y,,,44,,,,,,,Y,3,0,1,1,A,-,08,22107,,N,F,A,A,A,H,-,D,D,0,,,,,Y,,D,22,0,1,0,0,0,0,0,0,0,"- ","- ",40.454921722412109,-120.91519927978516,LASSEN,UNINCORPORATED,-120.91521453857422,40.454898834228516
91573570,2021,2021-09-17,9140,2021-09-10,0631,020458,,5,1,9,1800,0,1,3,,2,031,SR-139,"MERIIVILLE RD.",23760.00,N,N,B,C,Y,,,139,,,,,,,Y,3,0,1,1,A,-,01,23152,A,N,E,I,A,B,H,-,B,D,0,,,,,Y,Y,A,01,0,1,0,0,0,0,0,0,0,"- ","- ",40.606891632080078,-120.64203643798828,LASSEN,UNINCORPORATED,-120.64208984375,40.606853485107422
91577025,2021,2021-09-22,9140,2021-09-16,1645,016169,,4,2,9,1800,0,3,5,,2,010,"FORT SAGE ROAD","CALVEDA WAY",145.00,W,N,A,-,N,,,,,,,,,,Y,4,0,1,1,A,-,03,22350,,N,E,I,A,A,H,-,A,D,0,,,,,Y,,D,22,0,0,1,0,0,0,0,0,0,"- ","- ",40.05303955078125,-119.59520721435547,LASSEN,UNINCORPORATED,-119.99785614013672,40.091823577880859
91577770,2021,2021-09-23,9165,2021-09-21,0342,013901,,2,3,9,1800,0,1,3,,2,063,US-395,"RED ROCK ROAD",1056.00,S,N,A,-,Y,,,395,,,,,,,Y,4,0,1,1,C,-,18,,,N,H,7,A,A,H,-,D,D,0,,,,,Y,,-,"- ",0,0,1,0,0,0,0,0,0,"- ","- ",39.907108306884766,-120.0128173828125,LASSEN,UNINCORPORATED,-120.01270294189453,39.907096862792969
91579406,2021,2021-09-27,9140,2021-09-23,1350,020569,,4,1,9,1800,0,1,3,,2,041,"HWY 139","SPRING RIDGE RD",13200.00,N,N,A,-,Y,,,139,,,,,,,N,2,0,1,1,C,-,18,,,N,H,A,A,A,H,-,A,D,0,,,Y,,Y,,-,"- ",1,0,0,0,0,0,0,0,1,"- ","- ",40.468151092529297,-120.61036682128906,LASSEN,UNINCORPORATED,-120.61038208007812,40.468105316162109
91580846,2021,2021-09-27,9165,2021-09-20,0030,018622,,1,3,9,1800,0,1,3,,2,062,"US-395 N/B","COUNTRY LANE",60.00,N,N,A,-,Y,,,395,,,,,,N,N,4,0,1,1,C,-,18,,,N,H,H,A,A,H,-,D,D,0,,,,,Y,,-,"- ",0,0,1,0,0,0,0,0,0,"- ","- ",39.737888336181641,-120.03884887695312,LASSEN,UNINCORPORATED,-120.03883361816406,39.737892150878906
91581381,2021,2021-09-28,9140,2021-09-19,0640,019275,,7,1,9,1800,0,1,3,,2,031,SR-139,"CLEGHORN ROAD",274.00,S,N,B,-,Y,,,139,,,,,,,Y,3,0,2,1,A,-,08,22107,,N,F,A,A,A,H,-,A,D,0,,,,Y,Y,,G,25,0,1,1,0,0,0,0,0,0,"- ","- ",40.767181396484375,-120.7259521484375,LASSEN,UNINCORPORATED,-120.72588348388672,40.7672119140625
91593068,2021,2021-10-11,9135,2021-10-01,1925,020908,,5,2,9,1800,0,1,3,,2,651,SR-299,"PITTVILLE TOTTEN RD",1000.00,E,N,A,-,Y,,,299,,,,,,,N,3,0,2,1,C,-,18,,,N,H,H,A,A,G,-,D,D,0,,,,,Y,,-,"- ",0,2,0,0,0,0,0,0,0,"- ","- ",41.074108123779297,-121.32781982421875,LASSEN,UNINCORPORATED,-121.32782745361328,41.074123382568359
91596298,2021,2021-10-14,9170,2021-10-11,0710,015993,,1,1,9,1800,0,1,2,,1,002,"U.S. HIGHWAY 395","ASH VALLEY ROAD",250.00,N,N,D,-,Y,,,395,,,,,,,Y,3,0,1,1,A,-,03,22350,,N,F,A,A,C,H,-,A,D,0,,,,,Y,,D,22,0,1,0,0,0,0,0,0,0,"- ","- ",41.055618286132812,-120.47344207763672,LASSEN,UNINCORPORATED,-120.47348785400391,41.055633544921875
91599408,2021,2021-10-18,9140,2021-09-18,1444,016169,,6,2,9,1800,0,1,2,,2,013,US-395,"DESERT PINE TRAIL",700.00,N,N,E,G,Y,,,395,,,,,,,Y,3,0,2,2,A,-,03,22350,,N,C,C,A,A,H,-,A,D,0,,,,,Y,,D,22,0,2,0,0,0,0,0,0,0,"- ","- ",40.133148193359375,-120.26130676269531,LASSEN,UNINCORPORATED,-120.26146697998047,40.132865905761719
91605685,2021,2021-10-25,9140,2021-08-13,0315,020696,,5,3,9,1800,0,1,3,,2,031,"STATE ROUTE 139","RICE CANYON RD.",100.00,N,N,F,-,Y,,,139,,,,,,,Y,1,1,0,1,A,-,08,22107,,N,E,I,A,A,H,-,D,D,0,,,,Y,Y,,G,25,0,0,0,0,0,0,0,0,0,"- ","- ",40.480209350585938,-120.54503631591797,LASSEN,UNINCORPORATED,-120.54505157470703,40.480216979980469
91605714,2021,2021-10-25,9140,2021-07-10,0942,021238,,6,1,9,1800,0,1,3,,2,041,"STATE ROUTE 36","LASSEN COUNTY ROAD A-21 (MOONEY RD)",9240.00,E,N,A,-,Y,,,,,,,,,,Y,2,0,1,1,A,-,08,22107,,N,E,8,A,A,H,-,A,D,0,,,,,Y,,A,07,1,0,0,0,0,0,0,0,0,"- ","- ",40.317180633544922,-121.95922088623047,LASSEN,UNINCORPORATED,-120.63362884521484,40.407367706298828
91605766,2021,2021-10-25,9140,2021-06-06,2038,021034,,7,2,9,1800,0,1,3,,2,031,"STATE ROUTE 139","SPRING RIDGE ROAD",17424.00,N,N,A,-,Y,,,139,,,,,,,Y,1,1,0,1,A,-,08,22107,,N,E,I,A,A,H,-,D,D,0,,,,,Y,,D,22,0,0,0,0,0,0,0,0,0,"- ","- ",40.461551666259766,-120.59998321533203,LASSEN,UNINCORPORATED,-120.5999755859375,40.461559295654297
91615074,2021,2021-11-03,9135,2021-10-23,0935,018777,,6,1,9,1800,0,1,3,,2,652,SR-139,"SUSANVILLE ROAD",15312.00,S,N,C,-,Y,,,139,,,,,,,Y,3,0,2,1,A,-,08,22107,,N,E,I,A,B,H,-,A,D,0,,,,,Y,,A,07,0,2,0,0,0,0,0,0,0,"- ","- ",41.083759307861328,-120.9017333984375,LASSEN,UNINCORPORATED,-120.90164184570312,41.083953857421875
91616444,2021,2021-11-04,9140,2021-11-01,0100,020502,,1,3,9,1800,0,1,3,,2,032,"STATE ROUTE 44","MCCOY ROAD",1056.00,W,N,B,-,Y,,,44,,,,,,,Y,3,0,1,1,A,-,08,22107,,N,F,A,A,A,H,-,D,D,0,,,,,Y,,A,07,0,1,0,0,0,0,0,0,0,"- ","- ",40.468681335449219,-120.93144989013672,LASSEN,UNINCORPORATED,-120.93141937255859,40.468711853027344
91618573,2021,2021-11-08,9140,2021-11-04,1035,020696,,4,1,9,1800,0,1,2,,2,015,US-395,"COUNTY ROAD A26",4224.00,N,N,A,G,N,,,395,,,,,,,Y,3,0,1,1,C,-,18,,,N,F,A,A,A,H,-,A,D,0,,,,,Y,,-,"- ",0,1,0,0,0,0,0,0,0,"- ","- ",40.084438323974609,-120.15921020507812,LASSEN,UNINCORPORATED,-120.15921783447266,40.084423065185547
91621492,2021,2022-01-17,9165,2021-10-30,0554,018506,,6,3,9,1800,0,1,3,,2,062,"US-395 S/B",SR-70,2640.00,S,N,A,-,Y,,,395,,,,,,S,N,1,1,0,2,A,-,11,21954,A,F,G,B,E,A,H,-,D,D,0,Y,,,,Y,,N,60,0,0,0,1,0,0,0,0,0,"- ","- ",39.767200469970703,-120.03913879394531,LASSEN,UNINCORPORATED,-120.0391845703125,39.767200469970703
91621918,2021,2021-11-10,9140,2021-11-04,1047,014395,,4,1,9,1800,0,1,S,,2,904,US-395,"CONSTANTIA RD (S)",5280.00,S,N,F,G,Y,,,395,,,,,,,N,4,0,2,2,A,-,03,22350,,N,C,C,A,A,H,-,A,D,0,,,,,Y,,A,08,0,0,2,0,0,0,0,0,0,"- ","- ",39.939430236816406,-120.02162933349609,LASSEN,UNINCORPORATED,-120.02159881591797,39.939449310302734
91628403,2021,2021-11-18,9140,2021-11-10,0045,020502,,3,3,9,1800,0,1,3,,2,031,"STATE ROUTE 139","COUNTY ROAD A1",3168.00,S,N,A,-,Y,,,139,,,,,,,N,3,0,1,1,A,-,08,22107,,N,E,I,A,A,H,-,D,D,0,,,,,Y,,D,22,0,1,0,0,0,0,0,0,0,"- ","- ",40.732719421386719,-120.70143890380859,LASSEN,UNINCORPORATED,-120.70142364501953,40.732791900634766
91630532,2021,2021-11-19,9170,2021-09-03,0620,021104,,5,1,9,1800,0,1,2,,1,001,"US HIGHWAY 395","COUNTY ROAD 527",12672.00,N,N,A,-,Y,,,395,,,,,,,Y,1,2,0,1,A,-,08,22107,,N,E,8,A,A,H,-,B,D,0,,,,,Y,,A,01,0,0,0,0,0,0,0,0,0,"- ","- ",41.087509155273438,-120.47055053710938,LASSEN,UNINCORPORATED,-120.47087860107422,41.087482452392578
91633119,2021,2021-11-23,9140,2021-11-10,1930,016322,,3,2,9,1800,0,3,5,,2,010,"DOYLE LOOP",US-395,75.00,E,N,A,-,N,,,,,,,,,,Y,2,0,1,1,A,-,05,21650,,N,F,A,A,A,H,-,C,D,0,,,Y,,Y,Y,C,02,1,0,0,0,0,0,0,0,1,"- ","- ",40.031768798828125,-120.10768127441406,LASSEN,UNINCORPORATED,-120.10021399999999,40.013634000000003
91638156,2021,2021-11-30,9140,2021-11-20,0250,020519,,6,3,9,1800,0,3,5,,2,010,"COUNTY ROAD A26","SIERRA VISTA ROAD",1150.00,E,N,A,-,N,,,,,,,,,,Y,3,0,1,1,A,-,08,22107,,N,F,A,A,A,H,-,D,D,0,,,,,Y,,A,01,0,1,0,0,0,0,0,0,0,"- ","- ",40.132720947265625,-120.17003631591797,LASSEN,UNINCORPORATED,-120.17031860351562,40.129459381103516
91638212,2021,2021-11-30,9140,2021-11-25,0505,020696,,4,3,9,1800,0,1,3,,2,011,SR-36,"WILLARD CREEK RD.",1584.00,E,N,A,-,Y,,,36,,,,,,,Y,3,0,1,1,A,-,08,22107,,N,F,A,A,A,H,-,D,D,0,,,,,Y,,A,01,0,1,0,0,0,0,0,0,0,"- ","- ",40.384029388427734,-120.79749298095703,LASSEN,UNINCORPORATED,-120.79743194580078,40.383960723876953
91638707,2021,2021-11-30,9140,2021-11-14,1919,016169,,7,2,3,1801,0,3,5,,2,020,"SKYLINE ROAD","JOHNSTONVILLE ROAD",4752.00,N,N,A,-,N,,,,,,,,,,Y,3,0,1,1,A,-,01,23152,A,N,F,A,A,D,H,-,D,D,0,,,,,Y,Y,A,07,0,1,0,0,0,0,0,0,0,"- ","- ",40.415679931640625,-120.6234130859375,LASSEN,SUSANVILLE,-120.62339019775391,40.404609680175781
91639729,2021,2021-12-01,9135,2021-11-25,1930,019680,,4,2,9,1800,0,1,3,,2,020,"LITTLE VALLEY RD","LUMBEE DR.",6336.00,N,N,A,-,N,,,,,,,,,,Y,2,0,2,1,A,-,03,22350,,N,E,I,A,A,H,-,D,D,0,,,,,Y,,A,07,1,1,0,0,0,0,0,0,0,"- ","- ",33.894199371337891,-118.29820251464844,LASSEN,UNINCORPORATED,-121.22679138183594,40.915004730224609
91640022,2021,2021-12-01,9135,2021-08-18,2500,018777,,3,4,9,1800,0,3,5,,2,007,"LASSEN COUNTY ROAD A2 (SUSANVILLE ROAD)","FINLEY ROAD",132.00,N,N,A,-,Y,,,,,,,,,,Y,1,1,0,1,A,-,01,23152,A,N,E,8,A,A,H,-,D,D,0,,,,,Y,Y,D,22,0,0,0,0,0,0,0,0,0,"- ","- ",41.132110595703125,-121.06800842285156,LASSEN,UNINCORPORATED,-121.06704711914062,41.132160186767578
91640065,2021,2021-12-01,9140,2021-11-25,1555,020806,,4,2,9,1800,0,1,3,,2,034,"STATE ROUTE 44","PITTVILLE ROAD",3168.00,W,N,A,-,Y,,,,,,,,,,Y,2,0,2,1,A,-,08,22107,,N,F,A,A,A,H,-,A,D,0,,,,,Y,,D,23,2,0,0,0,0,0,0,0,0,"- ","- ",,,LASSEN,UNINCORPORATED,-121.17710876464844,40.650211334228516
91646751,2021,2021-12-08,9140,2021-12-06,1015,019275,,1,1,9,1800,0,1,2,,2,021,US-395,"BYERS PASS ROAD",2640.00,N,N,B,-,Y,,,395,,,,,,,Y,3,0,1,1,A,-,08,22107,,N,E,I,A,A,H,-,A,A,0,,,,,Y,,A,07,0,1,0,0,0,0,0,0,0,"- ","- ",40.374019622802734,-120.47828674316406,LASSEN,UNINCORPORATED,-120.47829437255859,40.374000549316406
91650507,2021,2021-12-13,9135,2021-12-09,0645,020908,,4,1,9,1800,0,1,3,,2,651,"SR-299 E/B (LASSEN STATE HIGHWAY)","BEAR SPRINGS RD",5280.00,E,N,A,-,Y,,,299,,,,,,E,Y,2,0,3,1,A,-,03,22350,,N,F,A,A,C,H,-,D,D,0,,,,,Y,,E,22,3,0,0,0,0,0,0,0,0,"- ","- ",41.070011138916016,-121.25189208984375,LASSEN,UNINCORPORATED,-121.25190734863281,41.069908142089844
91655831,2021,2021-12-20,9140,2021-12-04,1630,021815,,6,2,9,1800,0,3,5,,2,040,"3RD STREET","DELWOOD STREET",7.00,W,N,A,-,N,,,,,,,,,,Y,4,0,1,2,A,-,03,22350,,N,C,C,A,A,H,-,B,D,0,,,,,Y,,A,01,0,0,1,0,0,0,0,0,0,"- ","- ",40.302108764648438,-121.00453948974609,LASSEN,UNINCORPORATED,-121.00442504882812,40.302139282226562
91659348,2021,2021-12-23,9140,2021-12-14,0858,018094,,2,1,3,1801,0,1,2,,2,015,US-395,"HALL ROAD",7920.00,S,N,D,-,Y,,,,,,,,,,Y,3,0,1,1,A,-,03,22350,,N,F,A,A,C,H,-,B,D,0,,,,,Y,,D,22,0,1,0,0,0,0,0,0,0,"- ","- ",39.594501495361328,-120.04472351074219,LASSEN,SUSANVILLE,-120.06793975830078,39.984756469726562
91662880,2021,2021-12-28,9140,2021-12-16,1102,020458,,4,1,9,1800,0,1,2,,2,013,US-395,"MAIN ST.",528.00,S,N,B,-,Y,,,395,,,,,,,Y,3,0,2,1,A,-,03,22350,,N,F,0,A,C,B,-,A,D,0,,,,,Y,,D,22,0,1,1,0,0,0,0,0,0,"- ","- ",40.310081481933594,-120.53359985351562,LASSEN,UNINCORPORATED,-120.53359222412109,40.310085296630859
91662881,2021,2021-12-28,9140,2021-12-23,0726,020458,,4,1,9,1800,0,1,2,,2,013,US-395,"SUNNYSIDE RD.",810.00,S,N,B,D,Y,,,395,,,,,,,Y,3,0,3,2,A,-,03,22350,,N,D,C,A,C,H,-,A,A,0,,,,,Y,,A,01,0,3,0,0,0,0,0,0,0,"- ","- ",40.326999664306641,-120.54489898681641,LASSEN,UNINCORPORATED,-120.54482269287109,40.327003479003906
91665931,2021,2021-12-30,9140,2021-12-21,1004,019275,,2,1,9,1800,0,1,3,,2,031,SR-139,"FREDONYER MTN LOOKOUT ROAD",2640.00,S,N,A,-,Y,,,139,,,,,,,Y,3,0,2,1,A,-,03,22350,,N,F,A,A,C,H,-,A,A,0,,,,,Y,,A,07,0,2,0,0,0,0,0,0,0,"- ","- ",40.6138916015625,-120.64330291748047,LASSEN,UNINCORPORATED,-120.64331817626953,40.613887786865234
91665935,2021,2021-12-30,9140,2021-12-26,0953,019275,,7,1,9,1800,0,1,2,,2,013,US-395,"SUNNYSIDE ROAD",2640.00,S,N,D,G,Y,,,395,,,,,,,Y,3,0,1,2,A,-,03,22350,,N,C,C,A,C,H,-,A,A,0,,,,,Y,,A,08,0,1,0,0,0,0,0,0,0,"- ","- ",40.322391510009766,-120.54445648193359,LASSEN,UNINCORPORATED,-120.54451751708984,40.322383880615234
91671590,2021,2022-01-06,9140,2021-11-30,2210,021034,,2,3,9,1800,0,1,3,,2,034,"STATE ROUTE 44","EAST OF FOREST ROUTE 32N10",10032.00,E,N,A,-,Y,,,44,,,,,,,N,4,0,1,2,D,-,00,,,N,B,2,A,A,H,-,D,D,0,,,,Y,Y,,-,"- ",0,0,1,0,0,0,0,0,0,"- ","- ",40.624019622802734,-121.13289642333984,LASSEN,UNINCORPORATED,-121.13288879394531,40.624031066894531
91674796,2021,2022-01-10,9140,2021-12-26,1440,020696,,7,2,9,1800,0,1,2,,2,014,US-395,"HIXON RD.",3960.00,S,N,D,G,Y,,,395,,,,,,,Y,3,0,1,5,A,-,03,22350,,F,G,C,E,C,H,-,A,D,0,Y,,,,Y,,-,"- ",0,1,0,0,1,0,0,0,0,"- ","- ",40.165481567382812,-120.34993743896484,LASSEN,UNINCORPORATED,-120.34996795654297,40.165378570556641
91674809,2021,2022-01-10,9140,2021-12-27,1025,019275,,1,1,9,1800,0,3,5,,2,010,"WENDEL ROAD","HELMAN LN.",16368.00,E,N,B,-,N,,,,,,,,,,N,4,0,1,2,A,-,03,22350,,N,G,B,E,C,C,G,A,D,0,Y,,,,Y,,A,01,0,0,1,0,1,0,0,0,0,"- ","- ",40.320381164550781,-120.19151306152344,LASSEN,UNINCORPORATED,-120.1915283203125,40.320350646972656
91674863,2021,2022-01-10,9140,2021-12-28,0928,018094,,2,1,9,1800,0,1,2,,2,014,US-395,"MPM 42.50",400.00,N,N,B,-,Y,,,395,,,,,,,Y,4,0,1,1,A,-,03,22350,,N,F,A,A,C,H,-,A,D,0,,,,,Y,,A,07,0,0,1,0,0,0,0,0,0,"- ","- ",40.17327880859375,-120.37480163574219,LASSEN,UNINCORPORATED,-120.3748779296875,40.173160552978516
91674925,2022,2022-01-10,9140,2022-01-06,0859,020458,,4,1,9,1800,0,1,3,,2,034,SR-44,"FOREST ROAD 38N05",810.00,W,N,A,-,Y,,,,,,,,,,Y,2,0,1,1,A,-,08,22107,,N,E,I,A,C,H,-,A,D,0,,,,,Y,,D,22,1,0,0,0,0,0,0,0,0,"- ","- ",,,LASSEN,UNINCORPORATED,,
91682120,2022,2022-01-20,9140,2022-01-05,0915,020458,,3,1,9,1800,0,1,3,,2,032,SR-44,"COUNTY ROAD A-21",257.00,E,N,A,-,Y,LAS,,44,,,19.323,H,,R,Y,2,0,1,2,A,-,03,22350,,N,B,C,A,C,H,-,A,D,0,,,,Y,Y,,G,27,1,0,0,0,0,0,0,0,0,"- ","- ",40.531230926513672,-121.03901672363281,LASSEN,UNINCORPORATED,-121.03904724121094,40.531219482421875
91682140,2022,2022-01-20,9140,2022-01-05,1950,020502,,3,2,9,1800,0,3,5,,2,010,"ALEXANDER LANE","MCCLELLAND LANE",1056.00,W,N,A,-,N,,,,,,,,,,Y,3,0,1,1,A,-,03,22350,,N,H,H,A,A,H,-,D,D,0,,,,,Y,,-,"- ",0,1,0,0,0,0,0,0,0,"- ","- ",40.351169586181641,-120.37494659423828,LASSEN,UNINCORPORATED,-120.37445068359375,40.3511962890625
91682155,2022,2022-01-20,9140,2022-01-04,1747,020696,,2,2,9,1800,0,1,2,,2,013,US-395,"MAIN ST. JANESVILLE",1584.00,N,N,A,-,Y,LAS,,395,,,55.228,H,,R,Y,2,0,2,3,A,-,01,23153,A,N,B,2,A,A,H,-,D,D,0,,,,,Y,Y,A,08,2,0,0,0,0,0,0,0,0,"- ","- ",40.314949035644531,-120.53955841064453,LASSEN,UNINCORPORATED,-120.53948974609375,40.31500244140625
91682163,2022,2022-01-20,9140,2022-01-07,1704,021034,,5,2,9,1800,0,1,3,,2,034,"STATE ROUTE 44","BUTTE LAKE ROAD",860.00,W,N,B,-,Y,LAS,,44,,,2.185,H,,R,N,2,0,1,2,A,-,01,23152,A,N,E,J,A,C,H,-,D,D,0,,,,,Y,,D,22,1,0,0,0,0,0,0,0,0,"- ","- ",40.64617919921875,-121.28269195556641,LASSEN,UNINCORPORATED,-121.28268432617188,40.646251678466797
91682198,2022,2022-01-21,9140,2022-01-19,1428,020696,,3,2,9,1800,0,1,2,,2,013,US-395,"MAIN ST. JANESVILLE",0.00,,Y,A,G,Y,LAS,,395,,,55.183,H,,R,Y,3,0,2,2,A,-,09,21802,A,N,D,C,A,A,H,-,A,D,0,,,,,Y,,A,01,0,2,0,0,0,0,0,0,0,"- ","- ",40.313938140869141,-120.53830718994141,LASSEN,UNINCORPORATED,-120.53823852539062,40.313991546630859
91686322,2021,2022-02-18,9165,2021-12-28,1019,018622,,2,1,9,1800,0,1,S,,2,056,US-395,"POZZOLAN RD.",8976.00,S,N,B,-,Y,,,395,,,,,,,Y,1,2,0,2,A,-,03,22350,,N,A,2,A,C,E,-,A,D,0,,,,Y,Y,,D,22,0,0,0,0,0,0,0,0,0,"- ","- ",39.829349517822266,-120.03742980957031,LASSEN,UNINCORPORATED,-120.03745269775391,39.829345703125
91689635,2022,2022-01-31,9140,2022-01-24,0630,020696,,1,1,9,1800,0,3,5,,2,010,"OLD HIGHWAY 395",US-395,300.00,W,N,A,-,N,,,,,,,,,,N,3,0,1,1,C,-,18,,,N,H,A,A,A,H,-,A,D,0,,,,,Y,,-,"- ",0,1,0,0,0,0,0,0,0,"- ","- ",40.041908264160156,-120.11805725097656,LASSEN,UNINCORPORATED,-120.11763000488281,40.042312622070312
91690794,2021,2022-02-01,9140,2021-11-10,1425,016322,,3,2,9,1800,0,1,2,,2,013,US-395,"COUNTY ROAD A-3 (A-3) (STANDISH-BUNTINGVILLE ROAD)",0.00,,Y,B,-,Y,,,395,,,,,,,Y,1,1,2,2,A,-,09,21802,A,N,E,C,A,A,H,-,A,A,0,,,,,Y,,A,07,2,0,0,0,0,0,0,0,0,"- ","- ",40.283580780029297,-120.49021911621094,LASSEN,UNINCORPORATED,-120.49014282226562,40.283660888671875
91695050,2022,2022-02-07,9140,2022-01-29,1315,016169,,6,1,9,1800,0,1,2,,2,013,US-395,"LASSEN COUNTY ROAD A3",0.00,,Y,A,-,Y,,,,,,,,,,Y,3,0,2,2,A,-,09,21802,A,N,D,D,A,A,H,-,A,A,0,,,Y,,Y,,C,03,0,2,0,0,0,0,0,0,1,"- ","- ",40.1710205078125,-120.29242706298828,LASSEN,UNINCORPORATED,-120.47521209716797,41.051719665527344
91695624,2022,2022-02-08,9165,2022-02-01,1940,018622,,2,2,9,1800,0,1,3,,2,063,US-395,SR-70,14520.00,N,N,A,-,Y,LAS,,395,,,7.384,H,,R,Y,3,0,2,3,A,-,08,22107,,N,A,2,A,A,H,-,D,D,0,,,,Y,Y,,A,01,0,1,1,0,0,0,0,0,0,"- ","- ",39.814800262451172,-120.03411865234375,LASSEN,UNINCORPORATED,-120.03415679931641,39.814796447753906
91699102,2022,2022-02-11,9140,2022-02-05,1710,016322,,6,2,9,1800,0,1,3,,2,031,SR-139,"SPRING RIDGE DRIVE",22176.00,N,N,A,-,Y,,,,,,,,,,Y,3,0,1,1,A,-,08,22107,,N,E,I,A,A,H,-,A,D,0,,,,,Y,,A,07,0,1,0,0,0,0,0,0,0,"- ","- ",,,LASSEN,UNINCORPORATED,-120.58550262451172,40.456344604492188
91700514,2022,2022-02-14,9140,2022-02-08,1930,020696,,2,2,9,1800,0,1,2,,2,021,US-395,"JOHNSON RD.",4224.00,S,N,A,-,Y,LAS,,395,,,67.384,H,,R,N,3,0,1,2,A,-,11,21954,A,N,G,B,E,A,H,-,D,D,0,Y,,,,Y,Y,N,60,0,1,0,0,1,0,0,0,0,"- ","- ",40.372859954833984,-120.47315979003906,LASSEN,UNINCORPORATED,-120.47315979003906,40.372856140136719
91704867,2022,2022-02-21,9165,2022-02-15,0805,019583,,2,1,9,1800,0,1,3,,2,062,"US-395 S/B",SR-70,2965.00,S,N,B,D,Y,LAS,,395,,R,4.135,H,,L,Y,3,0,1,1,A,-,03,22350,,N,F,A,A,C,H,-,A,A,0,,,,,Y,,D,22,0,1,0,0,0,0,0,0,0,"- ","- ",39.768180847167969,-120.03916931152344,LASSEN,UNINCORPORATED,-120.03916931152344,39.768180847167969
91712100,2022,2022-03-01,9165,2022-02-24,1256,018243,,4,1,9,1800,0,1,3,,2,063,"RED ROCK ROAD",US-395,0.00,,Y,A,-,Y,LAS,,395,,,14.337,H,,R,Y,2,0,3,2,A,-,09,21802,A,N,A,2,A,A,H,-,A,A,0,,,,,Y,,A,07,3,0,0,0,0,0,0,0,0,"- ","- ",39.909488677978516,-120.01322174072266,LASSEN,UNINCORPORATED,-120.01324462890625,39.90948486328125
91713624,2022,2022-03-02,9140,2022-02-24,0910,020502,,4,1,9,1800,0,3,5,,2,030,"SKYLINE DRIVE","STATE ROUTE 139",5808.00,E,N,A,-,N,,,,,,,,,,Y,3,0,1,1,A,-,05,21650,,N,E,I,A,A,H,-,A,D,0,,,,,Y,,A,01,0,1,0,0,0,0,0,0,0,"- ","- ",40.417800903320312,-120.62389373779297,LASSEN,UNINCORPORATED,-120.63838195800781,40.429599761962891
91716645,2022,2022-03-07,9140,2022-02-20,1502,016169,,7,2,9,1800,0,1,2,,2,021,US-395,"MAIN STREET (JANESVILLE)",0.00,,Y,A,-,Y,,,,,,,,,,Y,3,0,2,2,A,-,01,23152,A,F,D,D,A,A,H,-,A,A,0,,,,,Y,Y,A,01,0,2,0,0,0,0,0,0,0,"- ","- ",40.184989929199219,-120.32176208496094,LASSEN,UNINCORPORATED,-120.53816223144531,40.313880920410156
91716905,2022,2022-03-07,9140,2022-02-27,1139,018094,,7,1,9,1800,0,1,2,,2,015,US-395,"DOYLE GRADE",0.00,,Y,A,-,Y,,,,,,,,,,Y,4,0,1,2,A,-,09,21804,A,N,D,C,A,A,H,-,A,D,0,,,,,Y,,A,01,0,0,1,0,0,0,0,0,0,"- ","- ",40.013809204101562,-120.06250762939453,LASSEN,UNINCORPORATED,-120.10691833496094,40.027229309082031
91724309,2022,2022-03-16,9140,2022-03-09,1620,016322,,3,2,9,1800,0,1,2,,2,021,US-395,"JOHNSTONVILLE ROAD",0.00,,Y,A,-,Y,LAS,,395,,R,61.459,H,,R,Y,4,0,1,3,A,-,09,21802,A,N,A,D,A,A,H,-,A,A,0,,,,,Y,,D,22,0,0,1,0,0,0,0,0,0,"- ","- ",40.3839111328125,-120.58692169189453,LASSEN,UNINCORPORATED,-120.58692169189453,40.383937835693359
91742662,2022,2022-04-06,9140,2022-03-25,2005,021683,,5,2,9,1800,0,1,3,,2,011,"STATE ROUTE 36","FREDONYER SNOWMOBILE PARK RD",2112.00,W,N,A,-,Y,LAS,,36,,,11.089,H,,R,Y,3,0,1,1,A,-,08,22107,,N,F,I,A,A,H,-,D,D,0,,,,,Y,,A,01,0,1,0,0,0,0,0,0,0,"- ","- ",40.352878570556641,-120.87953948974609,LASSEN,UNINCORPORATED,-120.879638671875,40.352809906005859
91742687,2022,2022-04-07,9140,2022-03-24,1720,016322,,4,2,9,1800,0,1,3,,2,032,SR-44,SR-36,8448.00,W,N,A,-,Y,LAS,,44,,,35.653,H,,R,Y,3,0,1,1,A,-,01,23152,A,N,E,I,A,A,H,-,A,D,0,,,,,Y,Y,A,07,0,1,0,0,0,0,0,0,0,"- ","- ",40.417831420898438,-120.78315734863281,LASSEN,UNINCORPORATED,-120.78318023681641,40.417793273925781
91745982,2022,2022-04-12,9140,2022-04-06,1515,016322,,3,2,9,1800,0,1,2,,2,013,US-395,"SEARS ROAD",0.00,,Y,A,-,Y,LAS,,395,,,53.104,H,,R,Y,2,0,3,2,A,-,09,21802,A,N,D,C,A,A,H,-,A,A,0,,,,,Y,,A,07,1,2,0,0,0,0,0,0,0,"- ","- ",40.294441223144531,-120.50868225097656,LASSEN,UNINCORPORATED,-120.50862884521484,40.294490814208984
91751334,2022,2022-04-19,9140,2022-04-06,1705,021683,,3,2,9,1800,0,1,3,,2,034,"STATE ROUTE 44","FOREST SERVICE ROAD 32N09",6864.00,W,N,A,-,Y,LAS,,44,,,13.352,H,,R,Y,3,0,1,1,A,-,08,22107,,N,E,I,A,A,H,-,A,D,0,,,,,Y,,A,07,0,1,0,0,0,0,0,0,0,"- ","- ",40.601459503173828,-121.10370635986328,LASSEN,UNINCORPORATED,-121.10359954833984,40.601520538330078
91751452,2022,2022-04-19,9140,2022-04-12,1645,015598,,2,2,9,1800,0,1,3,,2,041,"STATE ROUTE 36","WESTWOOD CEMETERY",3696.00,E,N,A,-,Y,LAS,,36,,,5.646,H,,R,Y,2,0,2,1,A,-,08,22107,,N,E,I,A,A,H,-,A,D,0,,,,,Y,,A,01,2,0,0,0,0,0,0,0,0,"- ","- ",40.317188262939453,-120.95597839355469,LASSEN,UNINCORPORATED,-120.95597839355469,40.317169189453125
91752895,2022,2022-04-20,9140,2022-04-18,1350,015598,,1,1,9,1800,0,1,3,,2,042,"STATE ROUTE 147","PLUMAS/LASSEN COUNTY LINE",986.00,N,N,A,-,Y,LAS,,147,,,0.201,H,,R,N,2,0,1,1,A,-,03,22350,,N,F,A,A,A,H,-,A,D,0,,,Y,,Y,,C,02,1,0,0,0,0,0,0,0,1,"- ","- ",40.296100616455078,-121.05841827392578,LASSEN,UNINCORPORATED,-121.05838012695312,40.296066284179688
91758873,2022,2022-04-28,9140,2022-04-25,1935,016322,,1,2,9,1800,0,3,5,,2,010,"SUNNYSIDE ROAD","LINDBLOM LANE",1056.00,W,N,A,-,N,,,,,,,,,,Y,4,0,1,1,A,-,03,22350,,N,F,A,A,A,H,-,A,D,0,,,,,Y,,-,"- ",0,0,1,0,0,0,0,0,0,"- ","- ",40.314151763916016,-120.49777221679688,LASSEN,UNINCORPORATED,-120.49871063232422,40.319778442382812
91762491,2021,2022-05-02,9140,2021-11-08,1026,018094,,1,1,9,1800,0,1,3,,2,031,SR-139,"SPRING RIDGE DRIVE",10718.00,S,N,A,-,Y,,,139,,,,,,,Y,2,0,1,2,C,-,18,,,N,B,C,A,A,H,-,A,D,0,,,Y,,Y,,-,"- ",1,0,0,0,0,0,0,0,0,"- ","- ",40.465858459472656,-120.61691284179688,LASSEN,UNINCORPORATED,-120.61675262451172,40.465827941894531
91769835,2022,2022-05-11,9140,2022-05-04,0645,020502,,3,1,9,1800,0,1,2,,2,015,"US 395","S. CONSTANTIA ROAD",9504.00,N,N,A,-,Y,LAS,,395,,R,18.843,H,,R,Y,3,0,2,2,A,-,05,21650,,N,B,C,A,A,H,-,A,D,0,,,,,Y,,D,22,0,2,0,0,0,0,0,0,0,"- ","- ",39.967849731445312,-120.049560546875,LASSEN,UNINCORPORATED,-120.04959106445312,39.967826843261719
91774133,2021,2022-05-17,9140,2021-11-22,1714,018094,,1,2,9,1800,0,1,3,,2,034,SR-44,"BOGARD REST AREA",6336.00,E,N,A,-,Y,,,,,,,,,,Y,1,1,1,1,A,-,08,22107,,N,E,I,A,A,H,-,D,D,0,,,,Y,Y,,-,"- ",1,0,0,0,0,0,0,0,0,"- ","- ",40.355941772460938,-121.06070709228516,LASSEN,UNINCORPORATED,,
91780621,2022,2022-05-25,9135,2022-05-16,1210,015627,,1,1,9,1800,0,1,3,,2,652,SR-139,"HAYDEN HILL CTF",8976.00,S,N,A,-,Y,LAS,,139,,,52.128,H,,R,Y,4,0,1,1,A,-,03,22350,,N,E,8,A,A,H,-,A,A,0,,,,,Y,,A,01,0,0,1,0,0,0,0,0,0,"- ","- ",41.013309478759766,-120.82331848144531,LASSEN,UNINCORPORATED,-120.82331848144531,41.013290405273438
91783413,2022,2022-05-27,9140,2022-05-17,1316,019275,,2,1,9,1800,0,1,2,,2,015,US-395,"CONSTANTIA ROAD (SOUTH)",9504.00,N,N,A,-,Y,LAS,,395,,R,19.113,H,,R,Y,3,0,2,2,A,-,01,23152,A,N,C,2,A,A,H,-,A,D,0,,,,Y,Y,Y,D,22,0,1,1,0,0,0,0,0,0,"- ","- ",39.970710754394531,-120.05274200439453,LASSEN,UNINCORPORATED,-120.05272674560547,39.970714569091797
91785186,2022,2022-05-31,9140,2022-05-22,1915,020259,,7,2,9,1800,0,3,5,,2,010,"RICHMOND ROAD","GOLD RUN ROAD",1056.00,S,N,A,-,N,,,,,,,,,,Y,3,0,1,1,A,-,01,23152,A,N,F,I,A,A,H,-,A,A,0,,,,,Y,Y,D,22,0,1,0,0,0,0,0,0,0,"- ","- ",40.374839782714844,-120.65531921386719,LASSEN,UNINCORPORATED,-120.65514373779297,40.374702453613281
91785363,2022,2022-05-31,9140,2022-05-29,1625,020696,,7,2,9,1800,0,1,2,,2,021,US-395,"WALDRON LN.",5280.00,N,N,A,-,Y,LAS,,395,,,62.655,H,,R,N,3,0,1,1,A,-,01,23152,A,N,E,I,A,A,H,-,A,D,0,,,,,Y,Y,D,22,0,1,0,0,0,0,0,0,0,"- ","- ",40.380348205566406,-120.56088256835938,LASSEN,UNINCORPORATED,-120.56089019775391,40.380313873291016
91791069,2021,2022-06-08,9140,2021-06-22,1207,018094,,2,1,9,1800,0,1,2,,2,015,US-395,"FLUX RD",1056.00,N,N,A,-,Y,,,,,,,,,,Y,1,2,2,3,A,-,03,22350,,F,C,C,A,A,H,-,A,D,0,,,,Y,Y,,G,27,1,0,1,0,0,0,0,0,0,"- ","- ",40.092041015625,-120.19007873535156,LASSEN,UNINCORPORATED,-120.31596374511719,40.155784606933594
91791286,2022,2022-06-08,9140,2022-05-25,2030,021034,,3,2,9,1800,0,1,2,,2,013,"US 395","LUPINE LANE",430.00,N,N,A,-,Y,LAS,,395,,,44.911,H,,R,Y,3,0,3,1,C,-,18,,,N,H,H,A,A,H,-,D,D,0,,,,,Y,,-,"- ",0,3,0,0,0,0,0,0,0,"- ","- ",40.202529907226562,-120.41184997558594,LASSEN,UNINCORPORATED,-120.411865234375,40.202522277832031
91791761,2022,2022-06-09,9140,2022-06-04,1356,020259,,6,1,9,1800,0,1,2,,2,015,US-395,"CAROL DR",27.00,S,N,A,-,Y,LAS,,395,,,25.331,H,,R,Y,2,0,1,1,A,-,03,22350,,N,E,J,A,A,H,-,A,A,0,,,,,Y,,A,01,1,0,0,0,0,0,0,0,0,"- ","- ",40.041969299316406,-120.1173095703125,LASSEN,UNINCORPORATED,-120.1173095703125,40.041969299316406
91791763,2022,2022-06-09,9140,2022-06-03,1430,020458,,5,2,9,1800,0,1,3,,2,032,SR-44,"GOUMEZ RD.",4752.00,E,N,B,-,Y,,,,,,,,,,Y,4,0,1,1,A,-,05,21650,,N,E,I,A,A,H,-,A,D,0,,,,,Y,,A,01,0,0,1,0,0,0,0,0,0,"- ","- ",,,LASSEN,UNINCORPORATED,,
91792747,2022,2022-06-10,9140,2022-06-04,1355,020458,,6,1,9,1800,0,1,2,,2,015,US-395,"OLD HIGHWAY",250.00,S,N,B,-,Y,,,,,,,,,,Y,2,0,2,1,A,-,05,21650,,N,E,I,A,A,H,-,A,D,0,,,,,Y,,A,07,1,1,0,0,0,0,0,0,0,"- ","- ",38.582401275634766,-121.49539947509766,LASSEN,UNINCORPORATED,-120.18198394775391,40.095466613769531
91799766,2022,2022-06-21,9140,2022-06-10,1355,016322,,5,1,9,1800,0,3,5,,2,010,"COUNTY ROAD A-26 (GARNIER ROAD)",US-395,10560.00,N,N,A,-,N,,,,,,,,,,Y,4,0,1,1,A,-,08,22107,,N,E,I,A,A,H,-,A,D,0,,,,,Y,,A,01,0,0,1,0,0,0,0,0,0,"- ","- ",40.112411499023438,-120.17189025878906,LASSEN,UNINCORPORATED,-120.17121887207031,40.119808197021484
91801237,2022,2022-06-22,9135,2022-06-04,0930,018021,,6,1,9,1800,0,1,3,,2,651,SR-299,"RANCH ROAD",1650.00,E,N,B,-,Y,LAS,,299,,,23.884,H,,R,N,3,0,1,1,A,-,08,22107,,N,E,I,A,A,H,-,A,D,0,,,,,Y,,D,22,0,1,0,0,0,0,0,0,0,"- ","- ",41.172351837158203,-120.97920989990234,LASSEN,UNINCORPORATED,-120.97920989990234,41.172348022460938
91805764,2022,2022-06-29,9135,2022-06-19,0300,015627,,7,3,9,1800,0,3,5,,2,007,"BIEBER LOOKOUT RD",SR-299,736.00,N,N,A,-,Y,,,,,,,,,,Y,4,0,1,1,A,-,01,23152,A,N,E,I,A,A,H,-,D,D,0,,,,,Y,Y,D,22,0,0,1,0,0,0,0,0,0,"- ","- ",41.133480072021484,-121.13394927978516,LASSEN,UNINCORPORATED,-121.13373565673828,41.133327484130859
91810617,2022,2022-07-05,9170,2022-06-29,1345,015993,,3,1,9,1800,0,3,5,,1,022,"ASH VALLEY RD","W/OF U.S. 395",10560.00,E,N,A,-,Y,,,,,,,,,,Y,3,0,1,1,A,-,08,22107,,N,E,I,A,A,H,-,A,D,0,,,,,Y,,D,22,0,1,0,0,0,0,0,0,0,"- ","- ",41.051280975341797,-120.53920745849609,LASSEN,UNINCORPORATED,-120.47447967529297,41.053279876708984
91810757,2022,2022-07-06,9140,2022-06-29,2250,020519,,3,3,9,1800,0,1,2,,2,015,"US 395","COUNTY ROAD A26",1584.00,S,N,A,-,Y,LAS,,395,,,29.314,H,,R,Y,3,0,2,1,A,-,08,22107,,N,F,A,A,A,H,-,D,D,0,,,,,Y,,D,22,0,2,0,0,0,0,0,0,0,"- ","- ",40.086818695068359,-120.16345977783203,LASSEN,UNINCORPORATED,-120.16342926025391,40.086856842041016
91811253,2022,2022-07-06,9140,2022-06-25,1630,016322,,6,2,9,1800,0,1,3,,2,034,SR-44,"FOREST ROAD 35N08",528.00,E,N,B,-,Y,,,,,,,,,,Y,3,0,1,1,A,-,08,22107,,N,F,A,A,A,H,-,A,D,0,,,,,Y,,A,01,0,1,0,0,0,0,0,0,0,"- ","- ",,,LASSEN,UNINCORPORATED,,
91812873,2022,2022-07-08,9140,2022-07-04,0110,020569,,1,3,9,1800,0,3,5,,2,010,"CR A-26","HERLONG LANDFILL RD",1056.00,W,N,A,-,N,,,,,,,,,,Y,3,0,1,1,C,-,18,,,N,F,A,A,A,H,-,D,D,0,,,,,Y,,-,"- ",0,1,0,0,0,0,0,0,0,"- ","- ",38.582401275634766,-121.49539947509766,LASSEN,UNINCORPORATED,-120.17031860351562,40.129459381103516
91821288,2022,2022-07-20,9140,2022-07-12,1935,020696,,2,2,9,1800,0,3,5,,2,010,"SEARS RD.","SCHAFFER LN.",217.00,E,N,A,-,N,,,,,,,,,,N,3,0,1,1,C,-,18,,,N,H,H,A,A,H,-,B,D,0,,,Y,,Y,,-,"- ",0,1,0,0,0,0,0,0,1,"- ","- ",40.299591064453125,-120.50431060791016,LASSEN,UNINCORPORATED,-120.50454711914062,40.299606323242188
91822376,2022,2022-07-21,9170,2022-07-15,0830,016673,,5,1,9,1800,0,3,5,,1,022,"LASSEN COUNTY ROAD 523 (WEST SIDE ROAD)","NIGHT OWL ROAD",1450.00,N,N,A,-,N,,,,,,,,,,Y,2,0,2,1,A,-,03,22350,,N,F,I,A,A,H,-,A,D,0,,,,,Y,,A,07,1,1,0,0,0,0,0,0,0,"- ","- ",40.893241882324219,-120.64206695556641,LASSEN,UNINCORPORATED,-120.64211273193359,40.892936706542969
91822627,2022,2022-07-21,9140,2022-07-13,1327,020696,,3,1,9,1800,0,1,3,,2,011,SR-36,"WILLARD CREEK RD.",4224.00,E,N,A,-,Y,LAS,,36,,R,17.698,H,,R,Y,3,0,1,2,A,-,07,21658,A,N,D,C,A,A,H,-,A,D,0,,,,,Y,,A,01,0,1,0,0,0,0,0,0,0,"- ","- ",40.397941589355469,-120.77588653564453,LASSEN,UNINCORPORATED,-120.77590179443359,40.397945404052734
91822660,2022,2022-09-20,9140,2022-07-14,1730,016322,,4,2,9,1800,0,1,2,,2,015,US-395,"HALL RD",870.00,N,N,A,-,Y,,,,,,,,,,Y,4,0,2,2,A,-,08,22107,,N,A,C,A,A,H,-,A,D,0,,,,Y,Y,,D,22,0,0,2,0,0,0,0,0,0,"- ","- ",,,LASSEN,UNINCORPORATED,-120.08787536621094,40.003364562988281
91823433,2022,2022-07-25,9140,2022-07-15,0230,020806,,5,3,9,1800,0,1,3,,2,032,"STATE ROUTE 44","GOUMAZ ROAD",2112.00,W,N,A,-,Y,,,,,,,,,,Y,2,0,4,1,A,-,08,22107,,N,E,I,A,A,H,-,D,D,0,,,,,Y,,A,01,3,1,0,0,0,0,0,0,0,"- ","- ",,,LASSEN,UNINCORPORATED,,
91826843,2022,2022-07-28,9135,2022-07-26,1725,019680,,2,2,9,1800,0,1,3,,2,651,"STATE HIGHWAY 299","BIEBER CREEK",2534.00,E,N,A,-,Y,,,,,,,,,,Y,3,0,1,1,A,-,01,23152,A,N,F,A,A,A,H,-,A,D,0,,,,,Y,Y,D,22,0,1,0,0,0,0,0,0,0,"- ","- ",38.819801330566406,-121.02760314941406,LASSEN,UNINCORPORATED,,
91827260,2022,2022-07-28,9140,2022-07-16,0920,020502,,6,1,9,1800,0,1,3,,2,031,"STATE ROUTE 139","RICE CANYON ROAD",2112.00,N,N,A,-,Y,LAS,,139,,,9.595,H,,R,Y,2,0,2,2,A,-,08,22107,,N,A,C,A,A,H,-,A,D,0,,,,,Y,,A,01,2,0,0,0,0,0,0,0,0,"- ","- ",40.484729766845703,-120.54762268066406,LASSEN,UNINCORPORATED,-120.54761505126953,40.484737396240234
91828494,2022,2022-07-29,9140,2022-07-19,1430,020259,,2,2,9,1800,0,3,5,,2,020,"JOHNSTONVILLE RD.","BIG SKY BLVD.",2112.00,E,N,A,-,N,,,,,,,,,,Y,3,0,1,2,A,-,08,22107,,N,B,C,A,A,H,-,A,A,0,,,,,Y,,A,01,0,1,0,0,0,0,0,0,0,"- ","- ",40.396690368652344,-120.6033935546875,LASSEN,UNINCORPORATED,-120.60540008544922,40.397212982177734
91834589,2022,2022-08-08,9140,2022-07-31,1127,019275,,7,1,9,1800,0,1,3,,2,034,US-395,"LAMBERT LN",1584.00,S,N,A,-,Y,LAS,,395,,R,71.243,H,,R,Y,2,0,1,1,A,-,08,22107,,N,E,I,A,A,H,-,A,D,0,,,,,Y,,D,22,1,0,0,0,0,0,0,0,0,"- ","- ",40.366790771484375,-120.40264129638672,LASSEN,UNINCORPORATED,-120.40270233154297,40.3668212890625
91834600,2021,2022-08-08,9140,2021-06-28,1711,016169,,1,2,9,1800,0,1,2,,2,021,US-395,"MAPES ROAD",3168.00,S,N,A,-,Y,,,,,,,,,,Y,2,0,2,1,A,-,05,21650,,N,E,8,A,A,H,-,A,D,0,,,,,Y,,D,22,2,0,0,0,0,0,0,0,0,"- ","- ",40.223640441894531,-120.20211791992188,LASSEN,UNINCORPORATED,-120.32758331298828,40.377101898193359
91840324,2022,2022-08-15,9140,2022-08-09,0035,021034,,2,3,9,1800,0,3,5,,2,030,SR-44,"GOUMAZ ROAD",294.00,W,N,B,-,Y,LAS,,44,,,30.321,H,,R,N,2,0,2,1,C,-,18,,,N,H,H,A,A,H,-,D,D,0,,,Y,,Y,,-,"- ",1,1,0,0,0,0,0,0,2,"- ","- ",40.443401336669922,-120.87155914306641,LASSEN,UNINCORPORATED,-120.87155151367188,40.443428039550781
91841615,2022,2022-08-16,9140,2022-05-26,0040,020806,,4,3,9,1800,0,1,2,,2,021,"US HIGHWAY 395","BYERS PASS ROAD",672.00,N,N,A,-,Y,LAS,,395,,,66.693,H,,R,Y,1,1,0,1,A,-,01,23152,A,N,F,A,A,A,H,-,D,D,0,,,Y,,Y,Y,C,02,0,0,0,0,0,0,0,1,0,"- ","- ",40.375530242919922,-120.48574066162109,LASSEN,UNINCORPORATED,-120.48574066162109,40.375526428222656
91845895,2022,2022-08-22,9140,2022-08-14,0600,017925,,7,1,9,1800,0,1,3,,2,034,SR-44,"SWAINS HOLE RD",3168.00,E,N,A,-,Y,LAS,,44,,,5.714,H,,R,Y,4,0,3,1,A,-,08,22107,,N,E,I,A,A,H,-,A,D,0,,,,,Y,,A,01,0,0,3,0,0,0,0,0,0,"- ","- ",40.645011901855469,-121.21739196777344,LASSEN,UNINCORPORATED,-121.21754455566406,40.645107269287109
91846512,2022,2022-08-23,9140,2022-08-12,2201,021815,,5,3,9,1800,0,3,5,,2,040,"MOONEY RD","ASH ST",300.00,E,N,A,-,N,,,,,,,,,,N,3,0,1,1,A,-,08,22107,,N,E,I,A,A,H,-,D,A,0,,,,,Y,,D,22,0,1,0,0,0,0,0,0,0,"- ","- ",40.309669494628906,-120.99919128417969,LASSEN,UNINCORPORATED,-120.99958038330078,40.309555053710938
91846928,2022,2022-08-23,9140,2022-07-02,1256,020458,,6,1,9,1800,0,1,2,,2,015,US-395,"CONSTANTIA RD.",1848.00,S,N,A,-,Y,LAS,,395,,R,22.804,H,,R,N,1,1,0,2,A,-,11,21953,,N,G,B,E,A,H,-,A,D,0,Y,,,,Y,,N,60,0,0,0,1,0,0,0,0,0,"- ","- ",40.011508941650391,-120.09465789794922,LASSEN,UNINCORPORATED,-120.09456634521484,40.011619567871094
91849035,2022,2022-08-25,9140,2022-08-17,0526,020458,,3,3,9,1800,0,1,S,,2,904,US-39,"RED ROCK ROAD",6336.00,S,N,A,-,Y,,,,,,,,,,Y,3,0,1,1,A,-,08,22107,,N,F,A,A,A,H,-,D,D,0,,,,,Y,,A,01,0,1,0,0,0,0,0,0,0,"- ","- ",,,LASSEN,UNINCORPORATED,,
91851995,2022,2022-08-29,9140,2022-08-23,1713,020259,,2,2,9,1800,0,1,3,,2,011,SR-36,"686-700 SR-36",200.00,E,N,A,-,Y,LAS,,36,,,16.123,H,,R,Y,3,0,1,1,A,-,08,22107,,N,E,J,A,A,H,-,A,D,0,,,,,Y,,A,01,0,1,0,0,0,0,0,0,0,"- ","- ",40.385089874267578,-120.79635620117188,LASSEN,UNINCORPORATED,-120.79620361328125,40.384983062744141
91852001,2022,2022-08-29,9140,2022-08-11,1320,016169,,4,1,3,1801,0,1,2,,2,013,US-395,"SEARS ROAD",950.00,S,N,A,-,Y,,,,,,,,,,Y,2,0,2,1,A,-,05,21650,,N,F,A,A,A,H,-,A,D,0,,,,Y,Y,,-,"- ",1,0,1,0,0,0,0,0,0,"- ","- ",40.173450469970703,-120.30213165283203,LASSEN,SUSANVILLE,-120.50584411621094,40.292903900146484
91853306,2022,2022-08-30,9140,2022-08-26,1750,016322,,5,2,9,1800,0,3,5,,2,030,"LAKE VIEW DRIVE","MAHOGANY WAY",1056.00,W,N,A,-,N,,,,,,,,,,N,2,0,1,1,A,-,08,22107,,N,E,I,A,A,H,-,A,D,0,,,Y,,Y,,C,02,1,0,0,0,0,0,0,0,1,"- ","- ",40.661590576171875,-120.77890777587891,LASSEN,UNINCORPORATED,,
91856009,2022,2022-09-02,9165,2022-08-27,0025,018243,,6,3,9,1800,0,1,3,,2,060,SR-70,"PHILLIPS ROAD",10.00,W,N,A,-,Y,LAS,,70,,,1.464,H,,R,Y,4,0,1,1,A,-,08,22107,,N,E,I,A,A,H,-,D,D,0,,,,,Y,,A,01,0,0,1,0,0,0,0,0,0,"- ","- ",39.786861419677734,-120.08142852783203,LASSEN,UNINCORPORATED,-120.08144378662109,39.786830902099609
91860292,2022,2022-09-08,9140,2022-08-21,1045,017925,,7,1,9,1800,0,1,3,,2,031,"SR-139 NOF ANTELOPE PIT BLM RANGE","ANTELOPE PIT BLM RANGE",2112.00,N,N,A,-,Y,LAS,,139,,,7.299,H,,R,N,3,0,1,1,A,-,03,22350,,N,F,A,A,A,H,-,A,D,0,,,Y,,Y,,C,02,0,1,0,0,0,0,0,0,1,"- ","- ",40.462490081787109,-120.57048034667969,LASSEN,UNINCORPORATED,-120.57048034667969,40.462562561035156
91869079,2022,2022-09-20,9140,2022-09-09,1345,016322,,5,1,9,1800,0,1,3,,2,031,SR-139,"SPRING RIDGE DRIVE",12672.00,N,N,A,-,N,,,,,,,,,,Y,3,0,1,1,A,-,01,23152,A,N,E,I,A,A,H,-,A,D,0,,,,,Y,Y,A,01,0,1,0,0,0,0,0,0,0,"- ","- ",40.468128204345703,-120.61135864257812,LASSEN,UNINCORPORATED,-120.61136627197266,40.468166351318359
91872391,2022,2022-11-01,9140,2022-09-22,0158,020806,,4,3,9,1800,0,3,5,,2,020,"JOHNSTONVILLE ROAD","COMMERCIAL ROAD",2112.00,E,N,A,-,N,,,,,,,,,,N,4,0,1,1,A,-,08,22107,,N,E,I,A,A,H,-,C,D,0,,,,,Y,,A,01,0,0,1,0,0,0,0,0,0,"- ","- ",40.398979187011719,-120.61351776123047,LASSEN,UNINCORPORATED,-120.61322021484375,40.398754119873047
91873732,2022,2022-09-26,9140,2022-08-30,0525,017925,,2,3,9,1800,0,3,5,,2,030,"COUNTY ROAD A27 (CENTER ROAD)","LEAVITT LN",290.00,W,N,A,-,N,,,,,,,,,,Y,3,0,3,2,A,-,03,22350,,N,D,C,A,A,H,-,D,D,0,,,,,Y,,A,01,0,3,0,0,0,0,0,0,0,"- ","- ",40.395900726318359,-120.52384948730469,LASSEN,UNINCORPORATED,-120.52272033691406,40.395835876464844
91873736,2022,2022-09-26,9140,2022-07-15,2500,020569,,5,4,9,1800,0,3,5,,2,010,"CONSTANTIA ROAD",US-395,5808.00,W,N,A,-,N,,,,,,,,,,Y,1,1,0,1,A,-,08,22107,,N,E,I,A,A,H,-,A,D,0,,,Y,,Y,,C,02,0,0,0,0,0,0,0,1,0,"- ","- ",39.946510314941406,-120.04994201660156,LASSEN,UNINCORPORATED,-120.10047912597656,40.013721466064453
91873774,2022,2022-09-26,9140,2022-09-16,1425,016322,,5,2,9,1800,0,1,2,,2,013,US-395,"DESERT PINE TRAIL",172.00,S,N,A,-,Y,LAS,,395,,,46.835,H,,R,Y,3,0,1,2,A,-,08,22107,,N,B,C,A,A,H,-,A,D,0,,,,,Y,,D,22,0,1,0,0,0,0,0,0,0,"- ","- ",40.223628997802734,-120.43521881103516,LASSEN,UNINCORPORATED,-120.43523406982422,40.223621368408203
91880764,2022,2022-10-03,9140,2022-09-30,2045,016322,,5,2,9,1800,0,3,5,,2,020,"JOHNSTONVILLE RD","JOHNSTONVILLE RD/CENTER ROAD",300.00,W,N,A,-,N,,,,,,,,,,Y,4,0,1,1,C,-,18,,,N,H,H,A,A,H,-,D,D,0,,,,,Y,,-,"- ",0,0,1,0,0,0,0,0,0,"- ","- ",40.393291473388672,-120.59381866455078,LASSEN,UNINCORPORATED,-120.59330749511719,40.392879486083984
91883908,2022,2022-10-06,9140,2022-10-02,0545,019275,,7,3,9,1800,0,1,2,,2,021,US-395,"LEAVITT LANE",500.00,N,N,A,-,Y,LAS,,395,,,64.852,H,,R,Y,4,0,1,1,A,-,08,22107,,N,F,A,A,A,H,-,D,D,0,,,,,Y,,-,"- ",0,0,1,0,0,0,0,0,0,"- ","- ",40.375869750976562,-120.51944732666016,LASSEN,UNINCORPORATED,-120.51944732666016,40.375919342041016
91887421,2022,2022-10-11,9140,2022-10-03,1649,020696,,1,2,9,1800,0,1,3,,2,011,SR-36,"WILLARD CREEK RD.",9504.00,W,N,A,-,Y,LAS,,36,,,13.965,H,,R,N,2,0,2,2,A,-,05,21460,A,N,A,C,A,A,H,-,A,D,0,,,Y,,Y,,C,02,2,0,0,0,0,0,0,0,2,"- ","- ",40.368278503417969,-120.83492279052734,LASSEN,UNINCORPORATED,-120.83493041992188,40.368221282958984
91891074,2022,2022-10-17,9140,2022-10-07,0813,021345,,5,1,9,1800,0,1,3,,2,031,SR-139,"TERMO GRASSHOPPER ROAD",26928.00,S,N,A,-,Y,LAS,,139,,,38.364,H,,R,Y,2,0,3,3,A,-,05,21650,,N,A,C,A,A,D,-,A,A,0,,,,,Y,,D,22,3,0,0,0,0,0,0,0,0,"- ","- ",40.839939117431641,-120.75144958496094,LASSEN,UNINCORPORATED,-120.75150299072266,40.839939117431641
91892814,2022,2022-10-18,9140,2022-10-06,2500,020519,,4,4,9,1800,0,1,2,,2,013,"JANESVILLE GRADE","JACKPOT LANE",54.00,E,N,A,-,N,,,,,,,,,,Y,2,0,1,1,A,-,08,22107,,N,E,I,A,A,H,-,D,B,0,,,Y,,Y,Y,C,06,1,0,0,0,0,0,0,0,1,"- ","- ",40.278141021728516,-120.51210021972656,LASSEN,UNINCORPORATED,-120.51200866699219,40.278129577636719
91893337,2022,2022-10-18,9170,2022-10-17,0230,019786,,1,3,9,1800,0,1,2,,1,001,US-395,"ANTELOPE ROAD",8976.00,S,N,A,-,Y,LAS,,395,,,125.185,H,,R,Y,2,0,1,1,A,-,08,22107,,N,E,I,A,A,H,-,D,D,0,,,,,Y,,E,22,1,0,0,0,0,0,0,0,0,"- ","- ",40.995861053466797,-120.49391174316406,LASSEN,UNINCORPORATED,-120.49390411376953,40.995861053466797
91898763,2022,2022-10-25,9140,2022-05-27,2234,021034,,5,3,9,1800,0,1,3,,2,032,"US 395","KARLO ROAD",4224.00,N,N,A,-,Y,LAS,,395,,,93.117,H,,R,Y,1,1,1,2,A,-,08,22107,,N,A,D,A,A,H,-,D,D,0,,,,Y,Y,,A,07,0,1,0,0,0,0,0,0,0,"- ","- ",40.595211029052734,-120.24812316894531,LASSEN,UNINCORPORATED,-120.24801635742188,40.595195770263672
91899245,2022,2022-10-25,9140,2022-10-21,1410,016322,,5,2,9,1800,0,1,2,,2,013,US-395,"MAIN STREET",0.00,,Y,A,-,Y,LAS,,395,,,55.179,H,,R,Y,2,0,4,2,A,-,09,21802,A,N,D,C,A,A,H,-,A,A,0,,,,,Y,,A,07,1,1,2,0,0,0,0,0,0,"- ","- ",40.313869476318359,-120.53820037841797,LASSEN,UNINCORPORATED,-120.53813934326172,40.313911437988281
91906899,2022,2022-11-01,9140,2022-10-26,0415,015598,,3,3,9,1800,0,1,3,,2,041,"STATE ROUTE 36",SR-147,1056.00,W,N,A,-,Y,LAS,,36,,,0.615,H,,R,Y,3,0,1,1,C,-,18,,,N,E,7,A,A,H,-,D,D,0,,,,,Y,,-,"- ",0,1,0,0,0,0,0,0,0,"- ","- ",40.311130523681641,-121.05123901367188,LASSEN,UNINCORPORATED,-121.05123138427734,40.311141967773438
91911749,2022,2022-11-07,9140,2022-11-01,0209,021034,,2,3,9,1800,0,3,5,,2,020,"SKYLINE ROAD","JOHNSTONVILLE ROAD",4330.00,N,N,A,-,N,,,,,,,,,,Y,2,0,1,1,A,-,01,23152,A,N,E,I,A,A,H,-,D,D,0,,,Y,,Y,Y,C,02,1,0,0,0,0,0,0,0,1,"- ","- ",40.416561126708984,-120.62316131591797,LASSEN,UNINCORPORATED,-120.62339019775391,40.404609680175781
91933147,2022,2022-12-05,9165,2022-11-30,1132,019583,,3,1,9,1800,0,1,3,,2,060,SR-70,"SCOTT RD",5808.00,W,N,A,-,Y,LAS,,70,,,0.407,H,,R,Y,3,0,1,1,A,-,08,22107,,N,E,8,A,A,H,-,A,D,0,,,,,Y,,A,08,0,1,0,0,0,0,0,0,0,"- ","- ",39.790180206298828,-120.10086822509766,LASSEN,UNINCORPORATED,-120.10087585449219,39.790142059326172
91937722,2022,2022-12-08,9140,2022-11-24,0820,021345,,4,1,9,1800,0,3,5,,2,010,"RICHMOND ROAD","CIRCLE DRIVE",100.00,W,N,A,-,N,,,,,,,,,,Y,2,0,1,1,A,-,08,22107,,N,E,I,A,A,H,-,D,D,0,,,,,Y,,A,01,1,0,0,0,0,0,0,0,0,"- ","- ",40.371898651123047,-120.64717864990234,LASSEN,UNINCORPORATED,-120.64521789550781,40.371269226074219
91940238,2022,2022-12-12,9140,2022-11-28,0550,019446,,1,3,9,1800,0,3,5,,2,020,"CENTER ROAD","LEAVITT LANE",0.00,,Y,A,-,N,,,,,,,,,,N,4,0,2,2,A,-,09,21802,A,N,D,C,A,A,H,-,D,A,0,,,,,Y,,D,22,0,0,2,0,0,0,0,0,0,"- ","- ",40.395790100097656,-120.52133178710938,LASSEN,UNINCORPORATED,-120.52168273925781,40.395790100097656
91940264,2022,2022-12-12,9140,2022-12-02,1125,021345,,5,1,9,1800,0,1,3,,2,011,"CA SR-36","BRIT LANE",1070.00,W,N,A,-,Y,LAS,,36,,,20.940,H,,R,N,4,0,2,2,A,-,03,22350,,N,B,C,A,C,G,-,A,D,0,,,,,Y,,-,"- ",0,0,2,0,0,0,0,0,0,"- ","- ",40.415458679199219,-120.72319030761719,LASSEN,UNINCORPORATED,-120.72319030761719,40.41546630859375
91947196,2022,2022-12-20,9140,2022-12-09,1055,019446,,5,1,9,1800,0,1,3,,2,034,"SR-44 (FEATHER LAKE HIGHWAY)","FOREST RTE 32N09",0.00,,Y,B,D,N,,,,,,,,,,Y,4,0,2,2,A,-,03,22350,,N,D,C,A,C,B,E,A,A,0,,,,,Y,,A,01,0,0,2,0,0,0,0,0,0,"- ","- ",40.585578918457031,-121.08837127685547,LASSEN,UNINCORPORATED,-121.08821105957031,40.585742950439453
91951195,2022,2022-12-23,9140,2022-12-17,0445,016169,,6,3,9,1800,0,1,3,,2,031,SR-139,"MERRILVILLE ROAD",21120.00,N,N,A,-,Y,LAS,,139,,R,19.219,H,,R,Y,4,0,1,1,A,-,08,22107,,N,E,I,A,A,H,-,D,D,0,,,,,Y,,-,"- ",0,0,1,0,0,0,0,0,0,"- ","- ",40.594070434570312,-120.64388275146484,LASSEN,UNINCORPORATED,-120.64383697509766,40.594066619873047
91962207,2023,2023-01-09,9140,2023-01-04,1840,020519,,3,2,9,1800,0,1,3,,2,032,"RT 44","CONARD ROAD",6442.00,E,N,B,C,Y,LAS,,44," "," ",31.551,H,,R,Y,3,0,1,1,A,-,03,22350,,N,F,A,A,C,B,-,D,D,0,,,,,Y,,A,01,0,1,0,0,0,0,0,0,0,"- ","- ",40.439289093017578,-120.8489990234375,LASSEN,UNINCORPORATED,-120.8489990234375,40.439277648925781
91967129,2023,2023-01-12,9135,2023-01-08,1410,019257,,7,2,9,1800,0,1,3,,2,651,"STATE ROUTE 299","DAY ROAD",756.00,W,N,A,-,Y,LAS,,299," "," ",1.438,H,,R,Y,2,0,2,1,A,-,08,22107,,N,E,I,A,B,H,-,A,D,0,,,,,Y,,A,01,2,0,0,0,0,0,0,0,0,"- ","- ",41.086269378662109,-121.31725311279297,LASSEN,UNINCORPORATED,-121.31715393066406,41.086231231689453
91969041,2023,2023-01-16,9135,2023-01-04,1915,020224,,3,2,9,1800,0,3,5,,2,007,"RT 139","CHICKEN SPRING RD",6019.00,N,N,B,D,Y,LAS,,139," "," ",49.237,H,,R,N,3,0,1,1,A,-,08,22107,,N,E,I,A,C,H,-,D,D,0,,,,,Y,,A,07,0,1,0,0,0,0,0,0,0,"- ","- ",40.980690002441406,-120.79080963134766,LASSEN,UNINCORPORATED,-120.79080963134766,40.980693817138672
91971163,2023,2023-01-18,9140,2023-01-13,"549 ",020458,,5,3,9,1800,0,1,3,,2,032,SR-44,"MCCOY RD.",16368.00,W,N,B,-,N,,,,,,,,,,N,4,0,1,1,A,-,03,22350,,N,E,I,A,B,H,-,D,D,0,,,,Y,Y,,G,27,0,0,1,0,0,0,0,0,0,"- ","- ",40.491321563720703,-120.96733093261719,LASSEN,UNINCORPORATED,-120.96737670898438,40.491256713867188
91979901,2023,2023-01-27,9140,2023-01-17,"320 ",021683,,2,3,9,1800,0,1,3,,2,031,SR-139,"SKYLINE DRIVE",21120.00,N,N,A,-,Y,LAS,,139," "," ",5.974,H,,R,Y,3,0,1,1,A,-,08,22107,,N,F,A,A,A,H,-,D,D,0,,,,,Y,,J,48,0,1,0,0,0,0,0,0,0,"- ","- ",40.455780029296875,-120.58770751953125,LASSEN,UNINCORPORATED,-120.58769226074219,40.455814361572266
91985398,2023,2023-02-02,9140,2023-01-19,1923,021238,,4,2,9,1800,0,3,5,,2,040,"BIRCH STREET","7TH STREET",0.00,,Y,A,-,N,,,,,,,,,,Y,4,0,1,2,A,-,12,22450,A,N,A,C,A,C,E,-,C,A,0,,,,,Y,,-,"- ",0,0,1,0,0,0,0,0,0,"- ","- ",40.310031890869141,-121.00202941894531,LASSEN,UNINCORPORATED,-121.00193786621094,40.310009002685547
91993442,2023,2023-02-13,9140,2023-02-05,"836 ",017925,,7,1,9,1800,0,1,3,,2,031,SR-139,"TERMOGRASSHOPPER RD",25080.00,S,N,B,-,Y,LAS,,139," "," ",38.579,H,,R,Y,4,0,2,1,A,-,03,22350,,N,E,I,A,C,H,-,A,D,0,,,,,Y,,A,01,0,0,2,0,0,0,0,0,0,"- ","- ",40.843029022216797,-120.75132751464844,LASSEN,UNINCORPORATED,-120.75141143798828,40.843006134033203
91993498,2022,2023-02-13,9140,2022-12-06,1542,020519,,2,2,9,1800,0,1,3,,2,032,SR-44,"COUNTY ROAD A21",2851.00,E,N,B,-,Y,LAS,,44,,,19.867,H,,R,Y,1,1,0,2,A,-,12,22451,A,N,H,F,A,C,H,-,A,A,0,,,,Y,Y,,G,25,0,0,0,0,0,0,0,0,0,"- ","- ",40.525901794433594,-121.03195953369141,LASSEN,UNINCORPORATED,-121.03195953369141,40.525897979736328
92004049,2023,2023-02-27,9140,2023-02-23,1730,016322,,4,2,9,1800,0,1,2,,2,013,US-395,"HICKS RD",528.00,N,N,B,D,Y,LAS,,395," "," ",50.484,H,,R,N,4,0,1,1,A,-,03,22350,,N,F,A,A,C,H,-,A,D,0,,,,,Y,,D,22,0,0,1,0,0,0,0,0,0,"- ","- ",40.266998291015625,-120.47527313232422,LASSEN,UNINCORPORATED,-120.47518157958984,40.267047882080078
92004318,2022,2023-06-21,9140,2022-12-27,1715,020519,,2,2,9,1800,0,1,3,,2,034,"RT 44","FOREST SERVICE ROAD 32N09",1954.00,E,N,B,D,Y,LAS,,44,,,15.100,H,,R,Y,1,1,3,2,A,-,08,22107,,N,A,C,A,C,B,E,D,A,0,,,,,Y,,A,08,1,2,0,0,0,0,0,0,0,"- ","- ",40.581501007080078,-121.08377075195312,LASSEN,UNINCORPORATED,-121.08371734619141,40.581531524658203
92004341,2023,2023-02-27,9140,2023-02-21,1808,020519,,2,2,9,1800,0,1,2,,2,015,"US 395","LAVER CROSSING",0.00,,Y,B,-,Y,LAS,,395," "," ",26.590,H,,R,Y,2,0,2,2,A,-,03,22350,,N,C,C,A,B,H,-,D,D,0,,,,,Y,,A,01,1,1,0,0,0,0,0,0,0,"- ","- ",40.056671142578125,-120.13111114501953,LASSEN,UNINCORPORATED,-120.131103515625,40.056671142578125
92006920,2022,2023-03-01,9140,2022-05-15,1146,018094,,7,1,9,1800,0,1,2,,2,014,US-395,"WRAN ROAD",127.00,S,N,A,-,Y,,,,,,,,,,Y,1,1,5,2,A,-,01,23152,F,N,A,C,A,A,H,-,A,D,0,,,,,Y,,A,01,2,3,0,0,0,0,0,0,0,"- ","- ",40.115489959716797,-120.24263763427734,LASSEN,UNINCORPORATED,-120.40717315673828,40.198246002197266
92007219,2023,2023-03-01,9165,2023-02-26,1445,018243,,7,2,9,1800,0,1,3,,2,062,"US-395 S/B",SR-70,3168.00,S,N,B,-,Y,LAS,,395," ",R,3.998,H,,L,N,2,0,1,1,C,-,18,,,N,E,8,A,A,H,-,A,D,0,,,,,Y,,-,"- ",1,0,0,0,0,0,0,0,0,"- ","- ",39.766189575195312,-120.03914642333984,LASSEN,UNINCORPORATED,-120.03920745849609,39.766189575195312
92008853,2023,2023-03-03,9170,2023-02-28,1300,021139,,2,1,9,1800,0,1,2,,1,001,US-395,"SOUTH FORK MOUNTAIN RD",5808.00,N,N,D,-,Y,LAS,,395," "," ",138.129,H,,R,N,3,0,1,2,A,-,03,22350,,N,C,C,A,C,H,-,A,D,0,,,,,Y,,A,07,0,1,0,0,0,0,0,0,0,"- ","- ",41.171680450439453,-120.50640869140625,LASSEN,UNINCORPORATED,-120.50646209716797,41.171684265136719
92010934,2023,2023-03-06,9140,2023-02-03,2154,016169,,5,2,9,1800,0,3,5,,2,020,"RICE CANYON ROAD","CENTER ROAD",16896.00,N,N,A,-,N,,,,,,,,,,Y,4,0,1,1,A,-,01,23152,A,N,F,A,A,A,H,-,D,D,0,,,,,Y,Y,D,22,0,0,1,0,0,0,0,0,0,"- ","- ",40.437511444091797,-120.51786804199219,LASSEN,UNINCORPORATED,-120.51685333251953,40.437980651855469
92010955,2023,2023-03-06,9140,2023-02-27,1920,020696,,1,2,9,1800,0,3,5,,2,030,"COUNTY ROAD A1","BAJA WAY",2112.00,S,N,D,-,N,,,,,,,,,,Y,4,0,1,2,A,-,03,22350,,N,B,C,A,C,H,-,D,D,0,,,,,Y,,A,07,0,0,1,0,0,0,0,0,0,"- ","- ",40.427791595458984,-120.72734069824219,LASSEN,UNINCORPORATED,-120.72303771972656,40.424861907958984
92010976,2023,2023-03-06,9140,2023-02-22,1805,016322,,3,2,9,1800,0,1,3,,2,012,SR-36,US-395,1584.00,W,N,B,-,Y,LAS,,36," ",R,28.211,H,,R,Y,3,0,2,3,A,-,03,22350,,N,A,C,A,C,H,-,D,D,0,,,,,Y,,D,22,0,2,0,0,0,0,0,0,0,"- ","- ",40.388919830322266,-120.6114501953125,LASSEN,UNINCORPORATED,-120.61144256591797,40.388927459716797
92011449,2023,2023-03-07,9140,2023-03-01,1415,016322,,3,2,9,1800,0,3,5,,2,010,"WENDEL ROAD","FISH & GAME ROAD",15840.00,E,N,A,-,N,,,,,,,,,,Y,2,0,1,1,A,-,08,22107,,N,F,A,A,A,B,-,A,D,0,,,,,Y,,D,22,1,0,0,0,0,0,0,0,0,"- ","- ",40.357070922851562,-120.23853302001953,LASSEN,UNINCORPORATED,-120.23845672607422,40.359066009521484
92015210,2023,2023-03-13,9140,2023-03-01,1623,016169,,3,2,9,1800,0,1,2,,2,013,US-395,"HONEY VIEW LANE",657.00,S,N,A,-,Y,LAS,,395," "," ",48.300,H,,R,Y,4,0,1,1,A,-,05,21650,,N,F,0,A,C,H,-,A,D,0,,,,,Y,,-,"- ",0,0,1,0,0,0,0,0,0,"- ","- ",40.240459442138672,-120.452392578125,LASSEN,UNINCORPORATED,-120.45236968994141,40.240470886230469
92015959,2023,2023-03-13,9140,2023-03-01,1230,021034,,3,1,9,1800,0,1,2,,2,013,"US 395","US 395 LAS MPM 57.00",95.00,N,N,A,-,Y,LAS,,395," "," ",57.037,H,,R,Y,3,0,3,2,A,-,03,22350,,N,D,C,A,C,H,-,A,D,0,,,,,Y,,D,22,0,3,0,0,0,0,0,0,0,"- ","- ",40.335678100585938,-120.5540771484375,LASSEN,UNINCORPORATED,-120.55409240722656,40.335659027099609
92015975,2023,2023-03-13,9140,2023-03-02,1954,016169,,4,2,9,1800,0,1,3,,2,032,SR-44,SR-36,27456.00,W,N,A,-,Y,LAS,,44," "," ",31.914,H,,R,Y,4,0,1,1,A,-,03,22350,,N,E,J,A,C,H,-,D,D,0,,,,,Y,,D,22,0,0,1,0,0,0,0,0,0,"- ","- ",40.439121246337891,-120.84213256835938,LASSEN,UNINCORPORATED,-120.84213256835938,40.439105987548828
92023309,2023,2023-03-21,9140,2023-03-13,"538 ",017925,,1,3,9,1800,0,1,3,,2,034,SR-44,"FOREST ROUTE 33N09",2640.00,W,N,B,-,Y,LAS,,44," "," ",6.681,H,,R,Y,2,0,2,1,A,-,03,22350,,N,F,A,A,C,H,-,D,A,0,,,,Y,Y,,G,25,1,1,0,0,0,0,0,0,0,"- ","- ",40.654361724853516,-121.20487213134766,LASSEN,UNINCORPORATED,-121.20487213134766,40.654361724853516
92023314,2023,2023-03-21,9140,2023-03-12,1425,020696,,7,2,9,1800,0,3,5,,2,040,"MOONEY RD.","OLD TOWN RD.",80.00,S,N,B,C,N,,,,,,,,,,Y,3,0,1,2,A,-,05,21460,A,F,A,C,A,B,H,-,A,D,0,,,,,Y,,A,07,0,1,0,0,0,0,0,0,0,"- ","- ",40.311088562011719,-120.99623870849609,LASSEN,UNINCORPORATED,-120.99641418457031,40.310955047607422
92024009,2023,2023-03-21,9140,2023-03-13,"540 ",017925,,1,3,9,1800,0,1,3,,2,034,SR-44,"FOREST ROUTE 33N09",2640.00,E,N,B,-,Y,LAS,,44," "," ",6.681,H,,R,Y,4,0,1,2,A,-,03,22350,,N,E,J,A,C,C,-,D,A,0,,,,Y,Y,,G,25,0,0,1,0,0,0,0,0,0,"- ","- ",40.654361724853516,-121.20487213134766,LASSEN,UNINCORPORATED,-121.20487213134766,40.654361724853516
92024172,2023,2023-03-21,9140,2023-03-14,1850,020806,,2,2,9,1800,0,1,2,,2,013,"US HIGHWAY 395","SEARS ROAD",3168.00,N,N,G,-,Y,LAS,,395," "," ",53.661,H,,R,N,3,0,1,1,A,-,03,22350,,N,F,A,A,B,H,-,D,A,0,,,,Y,Y,,G,25,0,1,0,0,0,0,0,0,0,"- ","- ",40.299240112304688,-120.51702117919922,LASSEN,UNINCORPORATED,-120.51708984375,40.299171447753906
92025077,2023,2023-03-22,9140,2023-03-15,"612 ",021034,,3,1,9,1800,0,1,2,,2,013,"US 395","BASS HILL ROAD",1030.00,N,N,B,-,Y,LAS,,395," "," ",57.730,H,,L,Y,3,0,1,1,A,-,03,22350,,N,E,I,A,C,H,-,D,D,0,,,,,Y,,A,07,0,1,0,0,0,0,0,0,0,"- ","- ",40.342941284179688,-120.56060028076172,LASSEN,UNINCORPORATED,-120.56053924560547,40.342922210693359
92027436,2023,2023-03-23,9140,2023-03-07,1848,016169,,2,2,9,1800,0,1,3,,2,031,SR-139,"MERRILLVILLE ROAD",10560.00,N,N,B,D,Y,LAS,,139," "," ",17.209,H,,R,Y,4,0,1,1,A,-,03,22350,,N,F,A,A,C,H,-,D,D,0,,,,,Y,,-,"- ",0,0,1,0,0,0,0,0,0,"- ","- ",40.565971374511719,-120.64179229736328,LASSEN,UNINCORPORATED,-120.64183807373047,40.565959930419922
92027465,2023,2023-03-24,9140,2023-03-09,1631,021238,,4,2,9,1800,0,3,5,,2,040,"LASSEN COUNTY ROAD A-21 (A-21)","INDIAN OLE ROAD",528.00,E,N,D,-,N,,,,,,,,,,Y,2,0,3,2,A,-,03,22350,,N,D,2,A,C,H,-,A,D,0,,,,,Y,,A,01,1,0,2,0,0,0,0,0,0,"- ","- ",40.301979064941406,-121.02867889404297,LASSEN,UNINCORPORATED,-121.02890014648438,40.302009582519531
92035088,2023,2023-04-03,9165,2023-03-29,"905 ",019583,,3,1,9,1800,0,1,3,,2,060,SR-70,"BECKWOURTH OVERHEAD",146.00,W,N,A,-,Y,LAS,,70," "," ",1.135,H,,R,Y,4,0,2,1,A,-,03,22350,,N,E,8,A,C,B,-,A,D,0,,,,,Y,,D,22,0,0,2,0,0,0,0,0,0,"- ","- ",39.788368225097656,-120.08743286132812,LASSEN,UNINCORPORATED,-120.08741760253906,39.788398742675781
92040345,2023,2023-04-10,9165,2023-03-30,1845,020692,,4,2,9,1800,0,1,3,,2,062,"US-395 S/B","COUNTRY LANE",0.00,,Y,A,-,Y,LAS,,395," ",R,2.040,H,,L,Y,4,0,1,1,C,-,18,,,N,H,H,A,A,H,-,A,D,0,,,,,Y,,-,"- ",0,0,1,0,0,0,0,0,0,"- ","- ",39.737758636474609,-120.03945922851562,LASSEN,UNINCORPORATED,-120.03947448730469,39.737758636474609
92041375,2023,2023-04-10,9140,2023-04-04,1615,021345,,2,2,9,1800,0,1,3,,2,011,SR-36,"BRIT LN",1795.00,E,N,A,-,Y,LAS,,36," "," ",21.528,H,,R,Y,4,0,1,1,C,-,18,,,N,H,H,A,A,H,-,A,D,0,,,,,Y,,-,"- ",0,0,1,0,0,0,0,0,0,"- ","- ",40.417869567871094,-120.71243286132812,LASSEN,UNINCORPORATED,-120.71241760253906,40.417842864990234
92042180,2023,2023-04-11,9140,2023-04-03,"740 ",020047,,1,1,9,1800,0,1,2,,2,015,US-395,"SOUTH CONSTANTIA ROAD",1300.00,N,N,A,-,Y,LAS,,395," ",R,17.618,H,,R,Y,4,0,1,2,A,-,03,22350,,N,E,I,A,C,B,E,A,D,0,,,,,Y,,D,22,0,0,1,0,0,0,0,0,0,"- ","- ",39.953258514404297,-120.03383636474609,LASSEN,UNINCORPORATED,-120.03386688232422,39.953243255615234
92045580,2023,2023-04-14,9140,2023-04-10,1225,019275,,1,1,9,1800,0,1,3,,2,031,SR-139,"COUNTY ROAD A-1 (EAGLE LAKE RD)",4224.00,S,N,A,-,Y,LAS,,139," "," ",29.926,H,,R,Y,3,0,1,1,A,-,08,22107,,F,E,8,A,A,H,-,A,D,0,,,,,Y,,A,01,0,1,0,0,0,0,0,0,0,"- ","- ",40.730728149414062,-120.69760894775391,LASSEN,UNINCORPORATED,-120.6976318359375,40.730716705322266
92047009,2023,2023-04-17,9140,2023-04-01,2027,016169,,6,2,9,1800,0,1,2,,2,013,US-395,"OAK TREE LANE",1056.00,N,N,C,-,Y,LAS,,395," "," ",51.382,H,,R,Y,2,0,2,3,A,-,03,22350,,N,D,C,E,B,B,-,D,D,0,Y,,,,Y,,M,47,1,0,1,0,1,0,0,0,0,"- ","- ",40.277641296386719,-120.48509216308594,LASSEN,UNINCORPORATED,-120.48501586914062,40.277675628662109
92049971,2023,2023-04-21,9140,2023-04-08,1455,021345,,6,2,9,1800,0,1,3,,2,011,SR-36,SR-44,2640.00,E,N,A,-,Y,LAS,,36," ",R,19.683,H,,R,Y,3,0,1,1,A,-,01,23152,A,N,E,I,A,A,H,-,A,D,0,,,,,Y,Y,-,"- ",0,1,0,0,0,0,0,0,0,"- ","- ",40.413261413574219,-120.7464599609375,LASSEN,UNINCORPORATED,-120.74643707275391,40.413200378417969
92053550,2023,2023-04-26,9165,2023-04-18,"818 ",018243,,2,1,9,1800,0,1,3,,2,063,US-395,SR-70,4224.00,N,N,A,-,Y,LAS,,395," ",T,5.409,H,,R,Y,4,0,1,2,A,-,03,22350,,N,B,C,A,C,B,-,A,A,0,,,,Y,Y,,A,01,0,0,1,0,0,0,0,0,0,"- ","- ",39.786701202392578,-120.03865051269531,LASSEN,UNINCORPORATED,-120.03867340087891,39.786701202392578
92057915,2023,2023-05-01,9140,2023-04-03,"759 ",016322,,1,1,9,1800,0,1,2,,2,015,US-395,"CONSTANTIA RD (SOUTH)",1300.00,N,N,A,-,Y,LAS,,395," ",R,17.624,H,,R,N,3,0,1,2,A,-,03,22350,,N,B,4,A,C,H,-,A,D,0,,,,,Y,,D,22,0,1,0,0,0,0,0,0,0,"- ","- ",39.953281402587891,-120.03398895263672,LASSEN,UNINCORPORATED,-120.03394317626953,39.95330810546875
92059109,2023,2023-06-12,9140,2023-04-25,1935,020806,,2,2,9,1800,0,1,3,,2,031,"STATE ROUTE 139","SPRING RIDGE DRIVE",20064.00,N,N,A,-,Y,LAS,,139," "," ",6.006,H,,R,Y,3,0,1,2,A,-,08,22107,,N,D,C,A,A,H,-,A,D,0,,,,,Y,,-,"- ",0,1,0,0,0,0,0,0,0,"- ","- ",40.455780029296875,-120.58711242675781,LASSEN,UNINCORPORATED,-120.58710479736328,40.455741882324219
92062430,2023,2023-05-22,9140,2023-05-04,1545,016169,,4,2,9,1800,0,1,2,,2,015,US-395,"COWBOY JOE ROAD",1848.00,N,N,B,C,Y,LAS,,395," "," ",28.900,H,,R,Y,2,0,1,1,A,-,03,22350,,N,F,A,A,B,H,-,A,D,0,,,,,Y,,D,22,1,0,0,0,0,0,0,0,0,"- ","- ",40.083049774169922,-120.15743255615234,LASSEN,UNINCORPORATED,-120.15733337402344,40.083133697509766
92063846,2023,2023-05-08,9140,2023-04-30,1420,020519,,7,2,9,1800,0,3,5,,2,020,"CENTER ROAD","LEAVITT LANE",0.00,,Y,A,-,Y,,,,,,,,,,Y,3,0,3,2,A,-,09,21802,A,N,D,2,A,A,H,-,A,A,0,,,,,Y,,A,01,0,2,1,0,0,0,0,0,0,"- ","- ",40.395809173583984,-120.52142333984375,LASSEN,UNINCORPORATED,-120.52168273925781,40.395790100097656
92063873,2023,2023-05-08,9140,2023-04-29,"1   ",021034,,6,3,9,1800,0,1,2,,2,015,"US 395","MPM LAS 19",223.00,N,N,A,-,Y,LAS,,395," ",R,18.954,H,,R,N,3,0,1,1,A,-,08,22107,,N,E,I,A,A,H,-,D,D,0,,,,,Y,,A,07,0,1,0,0,0,0,0,0,0,"- ","- ",39.968910217285156,-120.05104827880859,LASSEN,UNINCORPORATED,-120.05088806152344,39.969017028808594
92063885,2023,2023-05-08,9140,2023-03-28,1855,016169,,2,2,9,1800,0,1,3,,2,031,SR-139,"HAGATA ROAD",3696.00,S,N,B,D,Y,LAS,,139," "," ",11.308,H,,R,Y,4,0,1,1,A,-,03,22350,,N,F,A,A,C,H,-,B,A,0,,,,,Y,,A,07,0,0,1,0,0,0,0,0,0,"- ","- ",40.503398895263672,-120.56846618652344,LASSEN,UNINCORPORATED,-120.56844329833984,40.503425598144531
92070988,2023,2023-05-17,9140,2023-04-22,1800,021683,,6,2,9,1800,0,3,5,,2,010,"JANESVILLE GRADE","PINE NEEDLE DRIVE",60.00,S,N,A,-,N,,,,,,,,,,N,2,0,1,1,A,-,01,23152,A,N,H,A,A,A,H,-,A,D,0,,,Y,,Y,Y,C,06,1,0,0,0,0,0,0,0,1,"- ","- ",40.282230377197266,-120.50502777099609,LASSEN,UNINCORPORATED,-120.50491333007812,40.282299041748047
92074446,2023,2023-05-22,9140,2023-05-10,"938 ",018094,,3,1,9,1800,0,3,5,,2,010,CR-A3,"LAKECREST ROAD",0.00,,Y,A,F,N,,,,,,,,,,Y,4,0,1,2,A,-,09,21802,A,N,D,C,A,A,H,-,A,D,0,,,,,Y,,D,22,0,0,1,0,0,0,0,0,0,"- ","- ",40.285148620605469,-120.48648834228516,LASSEN,UNINCORPORATED,-120.48642730712891,40.285179138183594
92074603,2023,2023-05-22,9140,2023-04-01,2026,016169,,6,2,9,1800,0,1,2,,2,013,US-395,"OAK TREE LANE",1056.00,N,N,C,-,Y,LAS,,395," "," ",51.410,H,,R,Y,2,0,2,2,C,-,18,,,N,H,H,A,B,H,-,D,D,0,,,,,Y,,-,"- ",1,0,1,0,0,0,0,0,0,"- ","- ",40.278011322021484,-120.48532867431641,LASSEN,UNINCORPORATED,-120.48530578613281,40.278022766113281
92085866,2023,2023-06-05,9140,2023-05-18,1205,020502,,4,1,3,1801,0,1,2,,2,015,"US 395","COUNTY ROAD A25",6336.00,S,N,A,-,Y,LAS,,395," "," ",33.446,H,,R,Y,3,0,2,5,A,-,03,22350,,N,C,C,A,A,D,-,A,A,0,,,,Y,Y,,G,27,0,2,0,0,0,0,0,0,0,"- ","- ",40.116470336914062,-120.23075103759766,LASSEN,SUSANVILLE,-120.23077392578125,40.116439819335938
92085921,2023,2023-06-05,9140,2023-05-19,2255,021034,,5,3,9,1800,0,1,2,,2,021,"US 395","LAMBERT LANE",2320.00,S,N,A,-,Y,LAS,,395," ",R,71.140,H,,R,Y,3,0,1,1,A,-,01,23152,A,N,E,8,A,A,H,-,D,D,0,,,,,Y,Y,D,22,0,1,0,0,0,0,0,0,0,"- ","- ",40.365779876708984,-120.40399932861328,LASSEN,UNINCORPORATED,-120.40403747558594,40.365833282470703
92086036,2023,2023-06-05,9140,2023-05-30,2145,020569,,2,2,9,1800,0,1,2,,2,013,US-395,"DIANE DR",528.00,S,N,A,-,Y,LAS,,395," ",R,60.239,H,,R,Y,3,0,1,1,C,-,18,,,N,H,H,A,A,H,-,D,D,0,,,,,Y,,-,"- ",0,1,0,0,0,0,0,0,0,"- ","- ",40.373939514160156,-120.57936096191406,LASSEN,UNINCORPORATED,-120.57929229736328,40.373996734619141
92086232,2023,2023-06-05,9135,2023-06-03,"640 ",020908,,6,1,9,1800,0,1,3,,2,651,SR-299,"DAY RD",6864.00,E,N,A,-,Y,LAS,,299," "," ",2.859,H,,R,Y,3,0,1,1,C,-,18,,,N,H,H,A,A,H,-,B,D,0,,,,,Y,,-,"- ",0,1,0,0,0,0,0,0,0,"- ","- ",41.098758697509766,-121.29588317871094,LASSEN,UNINCORPORATED,-121.29589080810547,41.098773956298828
92090724,2023,2023-06-12,9140,2023-06-01,1110,019275,,4,1,9,1800,0,1,3,,2,031,SR-139,"TERMO GRASSHOPPER ROAD",19536.00,S,N,A,-,Y,LAS,,139," "," ",39.582,H,,R,Y,2,0,1,1,A,-,08,22107,,N,E,I,A,A,H,-,A,D,0,,,,,Y,,A,07,1,0,0,0,0,0,0,0,0,"- ","- ",40.855949401855469,-120.75982666015625,LASSEN,UNINCORPORATED,-120.75968933105469,40.855964660644531
92091487,2023,2023-06-12,9170,2023-06-11,1030,017913,,7,1,9,1800,0,3,5,,1,022,"OPEN AREA","BUCKHORN ROAD",300.00,S,N,A,-,N,,,,,,,,,,N,2,0,1,1,B,-,22,,,N,E,I,A,A,H,-,A,D,0,,,Y,,Y,,C,06,1,0,0,0,0,0,0,0,1,"- ","- ",40.868358612060547,-120.12117767333984,LASSEN,UNINCORPORATED,,
92091912,2023,2023-06-12,9140,2023-03-14,1956,020502,,2,2,9,1800,0,1,2,,2,013,"US 395","SADDLEBACK LANE",2112.00,N,N,C,G,Y,LAS,,395," "," ",55.661,H,,R,Y,1,1,1,2,A,-,05,21650,,N,F,0,A,B,G,-,D,A,0,,,,Y,Y,,G,25,0,1,0,0,0,0,0,0,0,"- ","- ",40.320030212402344,-120.54385375976562,LASSEN,UNINCORPORATED,-120.54387664794922,40.320022583007812
92091939,2023,2023-06-12,9140,2023-06-05,1810,020519,,1,2,9,1800,0,1,3,,2,011,"RT 36","RT 44",670.00,W,N,B,-,Y,LAS,,36," ",R,18.999,H,,R,Y,3,0,1,1,A,-,08,22107,,N,F,A,A,A,H,-,A,D,0,,,,,Y,,A,07,0,1,0,0,0,0,0,0,0,"- ","- ",40.410449981689453,-120.75898742675781,LASSEN,UNINCORPORATED,-120.75897216796875,40.410396575927734
92092510,2023,2023-06-13,9140,2023-05-17,1925,020696,,3,2,9,1800,0,1,3,,2,032,SR-44,"44 LAS 34.00",100.00,W,N,A,-,Y,LAS,,44," "," ",34.124,H,,R,Y,2,0,1,1,A,-,01,23152,A,N,F,A,A,A,H,-,B,D,0,,,,,Y,Y,D,22,1,0,0,0,0,0,0,0,0,"- ","- ",40.426509857177734,-120.80650329589844,LASSEN,UNINCORPORATED,-120.80649566650391,40.426486968994141
92092927,2023,2023-06-13,9140,2023-06-07,1600,020806,,3,2,9,1800,0,3,5,,2,040,"INDIAN OLE ROAD","COUNTY ROAD A21",5808.00,S,N,B,-,N,,,,,,,,,,Y,2,0,1,1,A,-,08,22107,,N,E,I,A,A,H,-,A,D,0,,,,,Y,,D,22,1,0,0,0,0,0,0,0,0,"- ","- ",40.299381256103516,-121.03131103515625,LASSEN,UNINCORPORATED,-121.02940368652344,40.287849426269531
92094865,2023,2023-06-15,9140,2023-06-14,1600,020519,,3,2,9,1800,0,1,2,,2,013,"INDIANS ROAD","ELYSIAN VALLEY WAY",200.00,E,N,A,-,N,,,,,,,,,,Y,3,0,1,1,A,-,08,22107,,N,E,I,A,A,H,-,A,D,0,,,,,Y,,D,22,0,1,0,0,0,0,0,0,0,"- ","- ",40.314968109130859,-120.58940124511719,LASSEN,UNINCORPORATED,-120.5894775390625,40.314933776855469
92096303,2023,2023-06-19,9140,2023-06-15,1745,016322,,4,2,9,1800,0,3,5,,2,020,"JOHNSTONVILLE RD","SKYLINE BL",528.00,E,N,A,-,N,,,,,,,,,,Y,4,0,1,2,A,-,09,21804,A,N,D,C,A,A,H,-,A,D,0,,,,,Y,,D,22,0,0,1,0,0,0,0,0,0,"- ","- ",40.401908874511719,-120.62171173095703,LASSEN,UNINCORPORATED,-120.62229919433594,40.403491973876953
92096317,2023,2023-06-19,9140,2023-06-17,"1   ",022557,,6,3,9,1800,0,1,3,,2,041,SR-36,"COUNTY ROAD A21",13200.00,E,N,A,-,Y,LAS,,36," "," ",6.213,H,,R,N,4,0,1,1,A,-,08,22107,,N,E,I,A,A,H,-,D,D,0,,,,,Y,,-,"- ",0,0,1,0,0,0,0,0,0,"- ","- ",40.318019866943359,-120.94522094726562,LASSEN,UNINCORPORATED,-120.94527435302734,40.318111419677734
92104434,2023,2023-06-28,9135,2023-06-17,1945,021104,,6,2,9,1800,0,2,S,,2,904,"COUNTY ROAD 527","STATE ROUTE 299",32736.00,S,N,B,-,N,,,,,,,,,,Y,2,0,1,1,A,-,01,23152,A,N,E,9,A,A,H,-,A,D,0,,,Y,,Y,Y,C,06,1,0,0,0,0,0,0,0,1,"- ","- ",41.167850494384766,-120.84848785400391,LASSEN,UNINCORPORATED,-120.47632598876953,41.052894592285156
92104620,2023,2023-06-28,9140,2023-06-24,1607,016169,,6,2,9,1800,0,3,5,,2,020,"SMOKE CREEK RANCH ROAD",US-395,44352.00,E,N,B,-,N,,,,,,,,,,N,2,0,1,1,A,-,03,22350,,N,F,A,A,A,A,-,A,D,0,,,Y,,Y,Y,C,02,1,0,0,0,0,0,0,0,1,"- ","- ",40.489448547363281,-120.14775085449219,LASSEN,UNINCORPORATED,-120.28157043457031,40.430538177490234
92105258,2023,2023-06-29,9140,2023-06-28,2325,021034,,3,3,9,1800,0,3,5,,2,010,"HOBO CAMP ROAD","SOUTH STREET",0.00,,Y,A,-,N,,,,,,,,,,Y,3,0,1,1,A,-,08,22107,,N,E,J,A,A,H,-,C,D,0,,,,,Y,,A,01,0,1,0,0,0,0,0,0,0,"- ","- ",40.410430908203125,-120.66780853271484,LASSEN,UNINCORPORATED,-120.66766357421875,40.410358428955078
92105449,2023,2023-06-29,9140,2023-06-22,1945,016322,,4,2,9,1800,0,1,3,,2,032,SR-44,SR-36,16896.00,W,N,A,-,Y,LAS,,44," "," ",34.424,H,,R,Y,3,0,1,1,A,-,08,22107,,N,F,A,A,A,H,-,A,D,0,,,,,Y,,A,01,0,1,0,0,0,0,0,0,0,"- ","- ",40.42620849609375,-120.80088806152344,LASSEN,UNINCORPORATED,-120.80089569091797,40.426231384277344
92110167,2023,2023-07-05,9140,2023-07-02,1935,020519,,7,2,9,1800,0,3,5,,2,020,"RT 139","RICE CANYON ROAD",2112.00,S,N,A,-,Y,LAS,,139," "," ",8.784,H,,R,Y,3,0,1,1,C,-,18,,,N,H,H,A,A,H,-,A,D,0,,,Y,,Y,,-,"- ",0,1,0,0,0,0,0,0,1,"- ","- ",40.47698974609375,-120.55165863037109,LASSEN,UNINCORPORATED,-120.55166625976562,40.477005004882812
92110830,2023,2023-07-06,9140,2023-06-27,2155,021888,,2,2,9,1800,0,1,3,,2,031,SR-139,"SPRING RIDGE DRIVE",17952.00,S,N,C,E,Y,LAS,,139," "," ",5.261,H,,R,Y,4,0,1,1,C,-,18,,,N,E,I,A,B,F,-,D,D,0,,,,,Y,,-,"- ",0,0,1,0,0,0,0,0,0,"- ","- ",40.46099853515625,-120.59818267822266,LASSEN,UNINCORPORATED,-120.59815979003906,40.461040496826172
92112262,2023,2023-07-10,9140,2023-07-07,"815 ",019275,,5,1,9,1800,0,1,3,,2,034,SR-44,"FOREST RTE 33N02",1584.00,E,N,A,-,Y,LAS,,44," "," ",12.797,H,,R,Y,3,0,1,1,A,-,08,22107,,N,F,A,A,A,H,-,A,D,0,,,,,Y,,B,01,0,1,0,0,0,0,0,0,0,"- ","- ",40.608028411865234,-121.10964965820312,LASSEN,UNINCORPORATED,-121.10959625244141,40.608058929443359
92116154,2023,2023-07-13,9140,2023-07-05,"145 ",021034,,3,3,9,1800,0,1,2,,2,013,"US 395","LITTLE RANCH ROAD",1770.00,S,N,A,-,Y,LAS,,395," "," ",45.957,H,,R,Y,3,0,3,1,C,-,18,,,N,H,H,A,A,H,-,D,D,0,,,,,Y,,-,"- ",0,3,0,0,0,0,0,0,0,"- ","- ",40.2139892578125,-120.42447662353516,LASSEN,UNINCORPORATED,-120.42449188232422,40.213981628417969
92116404,2023,2023-07-13,9140,2023-07-11,"544 ",018094,,2,3,9,1800,0,3,5,,2,020,"CENTER ROAD","LADY BUG LANE",4224.00,W,N,A,-,N,,,,,,,,,,Y,3,0,1,1,A,-,08,22107,,N,E,I,A,A,H,-,A,D,0,,,,,Y,,-,"- ",0,1,0,0,0,0,0,0,0,"- ","- ",40.396568298339844,-120.54541778564453,LASSEN,UNINCORPORATED,-120.54594421386719,40.396549224853516
92123371,2023,2023-07-21,9140,2023-07-15,1150,021683,,6,1,9,1800,0,1,2,,2,022,US-395,"BUFFUM LANE",0.00,,Y,A,-,Y,LAS,,395," "," ",64.291,H,,R,Y,3,0,1,2,A,-,09,21802,A,N,D,C,A,A,H,-,A,A,0,,,,,Y,,A,01,0,1,0,0,0,0,0,0,0,"- ","- ",40.375778198242188,-120.530517578125,LASSEN,UNINCORPORATED,-120.530517578125,40.37579345703125
92131742,2023,2023-07-31,9140,2023-07-22,2008,022170,,6,2,9,1800,0,3,5,,2,040,"COUNTY ROAD A21",SR-36,10560.00,N,N,A,-,N,,,,,,,,,,N,2,0,1,1,C,-,18,,,N,E,H,A,A,H,-,B,D,0,,,Y,,Y,,-,"- ",1,0,0,0,0,0,0,0,1,"- ","- ",40.353660583496094,-120.9976806640625,LASSEN,UNINCORPORATED,-120.99480438232422,40.343509674072266
92137873,2023,2023-08-07,9170,2023-07-30,2050,021962,,7,2,9,1800,0,3,5,,1,022,"COUNTY ROAD 510","S. WARNER ROAD",3696.00,S,N,A,-,N,,,,,,,,,,N,2,0,1,1,C,-,18,,,N,H,H,A,A,H,-,B,D,0,,,Y,,Y,,-,"- ",1,0,0,0,0,0,0,0,1,"- ","- ",41.153659820556641,-120.27964782714844,LASSEN,UNINCORPORATED,,
92139015,2022,2023-08-08,9140,2022-09-09,2104,016169,,5,2,9,1800,0,1,2,,2,014,US-395,"MILFORD OLD HIGHWAY ROAD",792.00,S,N,A,-,Y,LAS,,395,,,39.206,H,,R,Y,1,1,2,2,A,-,01,23152,,N,A,C,A,A,H,-,D,D,0,,,,,Y,Y,A,01,2,0,0,0,0,0,0,0,0,"- ","- ",40.158191680908203,-120.32450866699219,LASSEN,UNINCORPORATED,-120.32450866699219,40.158199310302734
92139747,2023,2023-08-09,9140,2023-07-30,2135,020519,,7,2,9,1800,0,1,2,,2,015,"US 395","HALL R0AD",81.00,S,N,A,-,N,,,,,,,,,,Y,3,0,5,2,A,-,01,23152,A,N,B,C,A,A,H,-,D,D,0,,,,,Y,Y,A,01,0,1,4,0,0,0,0,0,0,"- ","- ",40.001289367675781,-120.08582305908203,LASSEN,UNINCORPORATED,-120.0858154296875,40.001300811767578
92139785,2023,2023-08-09,9140,2023-07-30,2215,021043,,7,3,9,1800,0,1,3,,2,042,"STATE ROUTE 147","SPRING CREEK DRIVE",419.00,N,N,A,-,Y,LAS,,147," "," ",0.880,H,,R,Y,2,0,1,2,A,-,01,23152,A,N,A,C,A,A,H,-,D,D,0,,,Y,,Y,Y,C,02,1,0,0,0,0,0,0,0,1,"- ","- ",40.298431396484375,-121.04689788818359,LASSEN,UNINCORPORATED,-121.04691314697266,40.298435211181641
92143355,2023,2023-08-14,9135,2023-08-13,1017,018866,,7,1,9,1800,0,1,3,,2,651,SR-299,"4 CORNERS RD",500.00,W,N,A,-,Y,LAS,,299," "," ",14.014,H,,R,N,3,0,2,2,A,-,03,22350,,N,C,C,A,A,H,-,A,D,0,,,,,Y,,A,07,0,2,0,0,0,0,0,0,0,"- ","- ",41.120700836181641,-121.14618682861328,LASSEN,UNINCORPORATED,-121.14618682861328,41.120697021484375
92145491,2023,2023-08-16,9140,2023-08-10,"732 ",021345,,4,1,9,1800,0,1,3,,2,011,SR-36,"36 LAS 21.35",89.00,E,N,A,-,Y,LAS,,36," "," ",21.368,H,,R,Y,2,0,1,1,C,-,18,,,N,H,H,A,A,H,-,A,D,0,,,Y,,Y,,-,"- ",1,0,0,0,0,0,0,0,1,"- ","- ",40.417221069335938,-120.71524810791016,LASSEN,UNINCORPORATED,-120.71524810791016,40.417221069335938
92145542,2023,2023-08-16,9140,2023-08-13,1310,021888,,7,1,9,1800,0,1,3,,2,032,SR-44,"RAILROAD TRACKS",1800.00,E,N,A,-,Y,LAS,,44," "," ",20.210,H,,R,Y,4,0,1,2,A,-,08,22107,,N,B,C,A,A,H,-,A,D,0,,,,Y,Y,,G,25,0,0,1,0,0,0,0,0,0,"- ","- ",40.523059844970703,-121.02655029296875,LASSEN,UNINCORPORATED,-121.02655029296875,40.523056030273438
92145629,2023,2023-08-16,9135,2023-08-08,1350,018866,,2,1,9,1800,0,3,5,,2,007,"OLD HIGHWAY RD","PITTVILLE BENCH RD.",30.00,W,N,A,-,N,,,,,,,,,,N,3,0,1,1,B,-,22,,,N,F,A,A,A,H,-,A,D,0,,,,,Y,,M,46,0,1,0,0,0,0,0,0,0,"- ","- ",41.061908721923828,-121.27651977539062,LASSEN,UNINCORPORATED,-121.27655029296875,41.061935424804688
92145757,2023,2023-08-16,9140,2023-06-28,1913,020519,,3,2,9,1800,0,1,3,,2,032,"RT 44","JENSEN HILL ROAD",650.00,E,N,A,-,Y,LAS,,44," "," ",35.557,H,,R,Y,1,1,0,1,A,-,08,22107,,N,F,A,A,A,H,-,A,D,0,,,,,Y,,A,01,0,0,0,0,0,0,0,0,0,"- ","- ",40.418720245361328,-120.78450775146484,LASSEN,UNINCORPORATED,-120.78449249267578,40.418727874755859
92146574,2023,2023-08-17,9140,2023-08-11,"811 ",019275,,5,1,9,1800,0,1,3,,2,011,SR-36,"FREDONYER SNOWMOBILE PARK",2640.00,W,N,A,-,Y,,,,,,,,,,Y,3,0,1,1,A,-,08,22107,,N,E,I,A,A,H,-,A,D,0,,,,,Y,,-,"- ",0,1,0,0,0,0,0,0,0,"- ","- ",40.353790283203125,-120.87960052490234,LASSEN,UNINCORPORATED,-120.88014984130859,40.353584289550781
92161334,2023,2023-09-04,9140,2023-08-12,1900,016169,,6,2,9,1800,0,1,2,,2,013,US-395,"HICKS ROAD",0.00,,Y,A,-,Y,LAS,,395," "," ",50.347,H,,R,Y,4,0,2,2,A,-,09,21802,A,N,D,C,A,A,H,-,A,A,0,,,,Y,Y,,-,"- ",0,0,2,0,0,0,0,0,0,"- ","- ",40.265468597412109,-120.47367858886719,LASSEN,UNINCORPORATED,-120.47367095947266,40.265472412109375
92165085,2023,2023-09-07,9140,2023-09-04,2130,021888,,1,2,9,1800,0,1,3,,2,031,SR-139,"TERMO GRASSHOPPER RD",24288.00,S,N,A,-,N,,,,,,,,,,Y,4,0,1,1,A,-,08,22107,,N,E,I,A,A,H,-,D,D,0,,,,,Y,,A,01,0,0,1,0,0,0,0,0,0,"- ","- ",40.843990325927734,-120.75200653076172,LASSEN,UNINCORPORATED,-120.75202178955078,40.843982696533203
92170394,2023,2023-09-14,9135,2023-09-09,"300 ",020224,,6,3,9,1800,0,1,3,,2,604,"SR 89","VOLCANO LN",915.00,S,N,A,-,Y,SHA,,89," "," ",14.956,H,,R,N,3,0,1,1,A,-,08,22107,,N,E,I,A,A,H,-,D,D,0,,,,,Y,,A,01,0,1,0,0,0,0,0,0,0,"- ","- ",40.855781555175781,-121.53790283203125,LASSEN,UNINCORPORATED,-121.53784942626953,40.855808258056641
92173381,2023,2024-02-01,9140,2023-09-09,1530,022170,,6,2,9,1800,0,1,3,,2,041,SR-36,SR-147,1320.00,W,N,A,-,Y,LAS,,36," "," ",0.689,H,,R,Y,2,0,1,1,D,-,00,,,N,F,A,A,A,H,-,A,D,0,,,Y,,Y,,-,"- ",1,0,0,0,0,0,0,0,1,"- ","- ",40.310901641845703,-121.04991149902344,LASSEN,UNINCORPORATED,-121.0499267578125,40.310813903808594
92173396,2023,2023-09-19,9140,2023-09-04,1820,021345,,1,2,9,1800,0,1,2,,2,015,US-395,"RIVERVIEW RD",1.00,N,N,A,-,Y,,,,,,,,,,N,2,0,1,2,C,-,18,,,N,H,G,A,A,H,-,A,D,0,,Y,,,Y,,-,"- ",1,0,0,0,0,0,1,0,0,"- ","- ",40.040660858154297,-120.1156005859375,LASSEN,UNINCORPORATED,-120.11585998535156,40.040409088134766
92176529,2023,2023-09-21,9140,2023-09-14,"635 ",016322,,4,1,9,1800,0,1,3,,2,032,SR-44,"MCCOY RD",7920.00,W,N,A,-,Y,LAS,,44," "," ",25.412,H,,R,Y,2,0,2,1,A,-,05,21650,,N,E,8,A,A,H,-,A,D,0,,,,,Y,,D,22,2,0,0,0,0,0,0,0,0,"- ","- ",40.477199554443359,-120.94886016845703,LASSEN,UNINCORPORATED,-120.94882202148438,40.477226257324219
92181104,2023,2023-10-20,9135,2023-09-14,"600 ",020224,,4,1,9,1800,0,1,3,,2,602,"RT 299","BUNCH GRASS LOOKOUT RD",600.00,W,N,A,-,Y,SHA,,299," "," ",68.170,H,,R,N,4,0,1,1,C,-,18,,,N,H,H,A,A,H,-,B,D,0,,,,,Y,,-,"- ",0,0,1,0,0,0,0,0,0,"- ","- ",40.852401733398438,-121.76451110839844,LASSEN,UNINCORPORATED,-121.76451110839844,40.852302551269531
92181744,2023,2023-09-27,9140,2023-09-21,1310,016322,,4,1,9,1800,0,3,5,,2,030,"COUNTY ROAD A21",SR-44,15.00,S,N,A,-,N,,,,,,,,,,Y,3,0,1,1,A,-,03,22350,,N,F,A,A,A,H,-,A,D,0,,,Y,,Y,,C,02,0,1,0,0,0,0,0,0,1,"- ","- ",40.531669616699219,-121.03945922851562,LASSEN,UNINCORPORATED,-121.03932189941406,40.531620025634766
92182949,2023,2023-10-02,9140,2023-09-18,1253,019275,,1,1,9,1800,0,1,3,,2,011,SR-36,"FREDONYER SNOW MOBILE PARK ROAD",1000.00,E,N,B,-,Y,LAS,,36," "," ",11.862,H,,R,Y,3,0,1,1,A,-,08,22107,,N,F,A,A,A,H,-,A,D,0,,,,,Y,,-,"- ",0,1,0,0,0,0,0,0,0,"- ","- ",40.35736083984375,-120.86853790283203,LASSEN,UNINCORPORATED,-120.86859130859375,40.357406616210938
92188918,2023,2023-10-03,9140,2023-09-21,1820,021888,,4,2,9,1800,0,3,5,,2,020,"CENTER ROAD","BELFAST RD",320.00,W,N,A,-,N,,,,,,,,,,Y,3,0,1,1,A,-,08,22107,,N,F,A,A,A,H,-,A,D,0,,,,,Y,Y,A,01,0,1,0,0,0,0,0,0,0,"- ","- ",40.400859832763672,-120.45172882080078,LASSEN,UNINCORPORATED,-120.45306396484375,40.400871276855469
92189256,2023,2023-10-03,9140,2023-09-24,"58  ",021888,,7,3,9,1800,0,3,5,,2,010,"ALEXANDER LANE","MCCLELLAND LANE",2300.00,W,N,A,-,N,,,,,,,,,,Y,2,0,1,1,A,-,01,23152,A,N,F,A,A,A,H,-,D,D,0,,,,,Y,Y,D,22,1,0,0,0,0,0,0,0,0,"- ","- ",40.351081848144531,-120.37893676757812,LASSEN,UNINCORPORATED,-120.37890625,40.351169586181641
92189360,2023,2023-10-03,9170,2023-09-23,1545,021104,,6,2,9,1800,0,3,5,,1,022,"COUNTY ROAD 526","BUCKHORN RESERVOIR ROAD",2640.00,W,N,A,-,N,,,,,,,,,,N,2,0,1,1,A,-,08,22107,,N,E,9,A,A,H,-,A,D,0,,,Y,,Y,,C,06,1,0,0,0,0,0,0,0,1,"- ","- ",40.865100860595703,-120.09211730957031,LASSEN,UNINCORPORATED,,
92196628,2023,2023-10-11,9140,2023-09-28,1745,016322,,4,2,9,1800,0,1,3,,2,034,SR-44,"HALLS FLAT ROAD",1584.00,E,N,A,-,Y,LAS,,44," "," ",3.875,H,,R,Y,4,0,1,1,A,-,08,22107,,N,E,I,A,A,H,-,A,D,0,,,,Y,Y,,G,25,0,0,1,0,0,0,0,0,0,"- ","- ",40.643688201904297,-121.25057220458984,LASSEN,UNINCORPORATED,-121.25056457519531,40.643733978271484
92196636,2023,2023-10-11,9140,2023-10-07,1815,016322,,6,2,9,1800,0,3,5,,2,010,"WINGFIELD ROAD","OLD ARCHERY ROAD",6864.00,E,N,A,-,N,,,,,,,,,,Y,2,0,4,1,A,-,08,22107,,N,E,8,A,A,H,-,A,D,0,,,Y,,Y,,C,06,1,3,0,0,0,0,0,0,4,"- ","- ",40.349559783935547,-120.628662109375,LASSEN,UNINCORPORATED,-120.64273071289062,40.357540130615234
92201094,2023,2023-10-17,9140,2023-10-06,1024,019971,,5,1,9,1800,0,1,3,,2,032,"STATE ROUTE 44",SR-36,7920.00,W,N,A,-,Y,LAS,,44," "," ",35.700,H,,R,Y,4,0,1,1,A,-,08,22107,,N,E,8,A,A,H,-,A,D,0,,,,Y,Y,,F,26,0,0,1,0,0,0,0,0,0,"- ","- ",40.417469024658203,-120.78237152099609,LASSEN,UNINCORPORATED,-120.7823486328125,40.41754150390625
92201100,2023,2023-10-17,9140,2023-09-30,1947,021888,,6,2,9,1800,0,1,3,,2,031,SR-139,"SPRINGRIDGE ROAD",15048.00,N,N,C,-,Y,LAS,,139," "," ",4.666,H,,R,Y,4,0,2,1,A,-,08,22107,,N,E,A,A,B,H,-,D,D,0,,,,,Y,,A,07,0,0,2,0,0,0,0,0,0,"- ","- ",40.465751647949219,-120.60624694824219,LASSEN,UNINCORPORATED,-120.60623931884766,40.465721130371094
92202201,2023,2023-10-18,9140,2023-09-29,2028,021888,,5,2,9,1800,0,1,3,,2,011,SR-36,SR-44,0.00,,Y,C,-,Y,LAS,,36," ",R,19.196,H,,R,Y,3,0,2,2,A,-,09,21802,A,N,A,C,A,B,H,-,C,A,0,,,,,Y,,A,07,0,2,0,0,0,0,0,0,0,"- ","- ",40.411190032958984,-120.75540924072266,LASSEN,UNINCORPORATED,-120.75540924072266,40.411190032958984
92204171,2023,2023-10-19,9140,2023-10-16,"620 ",019275,,1,1,9,1800,0,1,3,,2,032,SR-44,"GOUMAZ RD",3696.00,E,N,A,-,Y,LAS,,44," "," ",30.968,H,,R,Y,4,0,1,1,A,-,08,22107,,N,F,0,A,A,H,-,D,D,0,,,,,Y,,-,"- ",0,0,1,0,0,0,0,0,0,"- ","- ",40.440868377685547,-120.85977172851562,LASSEN,UNINCORPORATED,-120.85974884033203,40.440921783447266
92205245,2023,2023-10-23,9165,2023-10-15,"115 ",020569,,7,3,9,1800,0,1,3,,2,060,SR-70,"LARDER WAY",45.00,E,N,A,-,Y,,,,,,,,,,Y,2,0,1,1,A,-,03,22350,,N,E,8,A,A,H,-,C,D,0,,,,,Y,,A,07,1,0,0,0,0,0,0,0,0,"- ","- ",39.774700164794922,-120.03723907470703,LASSEN,UNINCORPORATED,-120.03739166259766,39.774879455566406
92221253,2023,2023-10-27,9165,2023-10-17,1257,019583,,2,1,9,1800,0,1,3,,2,062,"US-395 N/B","COUNTRY LANE",2640.00,S,N,A,-,Y,LAS,,395," ",R,1.544,H,,R,N,3,0,1,2,A,-,08,22107,,N,G,1,E,A,H,-,A,D,0,Y,,,,Y,,A,01,0,1,0,0,1,0,0,0,0,"- ","- ",39.730628967285156,-120.03816986083984,LASSEN,UNINCORPORATED,-120.03836059570312,39.730621337890625
92222327,2023,2023-10-30,9140,2023-10-22,"440 ",021888,,7,3,9,1800,0,1,3,,2,032,SR-44,"COUNTY ROAD A21",27984.00,E,N,A,-,Y,LAS,,44," "," ",24.687,H,,R,Y,3,0,2,1,A,-,08,22107,,N,F,A,A,A,H,-,D,D,0,,,,,Y,,A,01,0,2,0,0,0,0,0,0,0,"- ","- ",40.484489440917969,-120.95854949951172,LASSEN,UNINCORPORATED,-120.95856475830078,40.484474182128906
92224749,2023,2023-10-31,9140,2023-10-30,1220,020047,,1,1,9,1800,0,1,2,,2,022,US-395,"SECRET VALLEY REST AREA",528.00,N,N,A,-,Y,LAS,,395," "," ",96.962,H,,R,Y,4,0,1,1,A,-,08,22107,,N,E,I,A,A,H,-,A,D,0,,,,Y,Y,,-,"- ",0,0,1,0,0,0,0,0,0,"- ","- ",40.648101806640625,-120.26219177246094,LASSEN,UNINCORPORATED,-120.26216125488281,40.648124694824219
92225863,2023,2023-11-01,9140,2023-10-28,2300,018645,,6,3,9,1800,0,1,3,,2,011,SR-36,"36 LAS 12.70",485.00,W,N,A,-,Y,LAS,,36," "," ",12.670,H,,R,Y,3,0,1,1,A,-,08,22107,,N,F,A,A,A,H,-,D,D,0,,,,,Y,,A,01,0,1,0,0,0,0,0,0,0,"- ","- ",40.363880157470703,-120.85323333740234,LASSEN,UNINCORPORATED,-120.85319519042969,40.364013671875
92229377,2023,2023-11-06,9140,2023-10-29,1805,022557,,7,2,9,1800,0,1,3,,2,011,SR-36,"FREDONYER SUMMIT SNOW PARK",1320.00,E,N,A,-,Y,LAS,,36," "," ",12.656,H,,R,N,4,0,1,1,A,-,01,23152,A,N,E,J,A,A,H,-,D,D,0,,,,,Y,Y,A,01,0,0,1,0,0,0,0,0,0,"- ","- ",40.363960266113281,-120.85346984863281,LASSEN,UNINCORPORATED,-120.85344696044922,40.364051818847656
92232251,2023,2023-11-09,9140,2023-10-29,"700 ",020806,,7,1,9,1800,0,3,5,,2,010,"GOLD RUN ROAD","GUNDERSON ROAD",1056.00,W,N,A,-,N,,,,,,,,,,Y,2,0,2,1,A,-,01,23152,A,N,E,I,A,A,H,-,B,D,0,,,,,Y,Y,A,07,2,0,0,0,0,0,0,0,0,"- ","- ",40.37255859375,-120.666259765625,LASSEN,UNINCORPORATED,,
92235795,2023,2023-11-14,9140,2023-11-08,"725 ",020502,,3,1,9,1800,0,1,3,,2,012,"STATE ROUTE 36","RICHMOND ROAD",872.00,W,N,A,-,Y,LAS,,36," ",R,29.220,H,,R,N,3,0,2,1,C,-,18,,,N,H,H,A,A,H,-,A,D,0,,,,,Y,,-,"- ",0,2,0,0,0,0,0,0,0,"- ","- ",40.381771087646484,-120.59477233886719,LASSEN,UNINCORPORATED,-120.59475708007812,40.381786346435547
92237149,2023,2023-11-15,9140,2023-11-14,1335,020502,,2,1,9,1800,0,1,2,,2,013,"US 395","SEARS ROAD",0.00,,Y,B,-,Y,LAS,,395," "," ",53.101,H,,R,Y,3,0,2,2,A,-,09,21801,A,N,D,C,A,A,H,-,A,D,0,,,,,Y,,D,22,0,2,0,0,0,0,0,0,0,"- ","- ",40.294448852539062,-120.50859832763672,LASSEN,UNINCORPORATED,-120.50858306884766,40.294464111328125
92237793,2023,2023-11-16,9140,2023-11-10,1131,021034,,5,1,9,1800,0,3,5,,2,020,"SKYLINE ROAD","JOHNSTONVILLE ROAD",4488.00,N,N,A,-,N,,,,,,,,,,Y,3,0,1,1,A,-,08,22107,,N,E,8,A,A,H,-,A,D,0,,,,,Y,,A,01,0,1,0,0,0,0,0,0,0,"- ","- ",40.417240142822266,-120.62344360351562,LASSEN,UNINCORPORATED,-120.62339019775391,40.404609680175781
92240503,2023,2023-11-20,9140,2023-11-19,"805 ",020502,,7,1,9,1800,0,1,3,,2,034,"STATE ROUTE 44","BOGARD CAMPGROUND ROAD",4224.00,E,N,A,-,Y,LAS,,44," "," ",17.547,H,,R,Y,2,0,1,1,A,-,05,21650,,N,F,A,A,C,H,-,A,D,0,,,,,Y,,D,22,1,0,0,0,0,0,0,0,0,"- ","- ",40.553878784179688,-121.05535125732422,LASSEN,UNINCORPORATED,-121.05516052246094,40.553958892822266
92241448,2023,2023-11-21,9140,2023-11-16,1535,020502,,4,2,9,1800,0,3,5,,2,020,"LAMBERT LANE","US 395",2112.00,S,N,A,-,N,,,,,,,,,,Y,3,0,2,1,A,-,01,23152,A,F,E,I,A,A,H,-,A,D,0,,,,,Y,Y,A,01,0,2,0,0,0,0,0,0,0,"- ","- ",40.365390777587891,-120.39949035644531,LASSEN,UNINCORPORATED,-120.39933776855469,40.372829437255859
92249175,2023,2023-11-30,9135,2023-11-26,1705,020224,,7,2,9,1800,0,1,3,,2,603,"RT 299","OLD CEMETARY RD",5280.00,W,N,A,-,Y,LAS,,299," "," ",9.420,H,,R,Y,3,0,1,1,A,-,08,22107,,N,F,A,A,A,H,-,B,D,0,,,,,Y,,A,07,0,1,0,0,0,0,0,0,0,"- ","- ",41.071910858154297,-121.2044677734375,LASSEN,UNINCORPORATED,-121.20442962646484,41.071895599365234
92252384,2023,2023-12-04,9140,2023-10-06,1257,016169,,5,1,9,1800,0,1,2,,2,013,US-395,"HONEY VIEW LANE",2112.00,S,N,A,-,Y,LAS,,395," "," ",48.024,H,,R,N,4,0,3,2,A,-,03,22350,,N,C,C,A,A,H,-,A,D,0,,,,,Y,,A,01,0,0,3,0,0,0,0,0,0,"- ","- ",40.237289428710938,-120.44915008544922,LASSEN,UNINCORPORATED,-120.44916534423828,40.237277984619141
92253269,2023,2023-12-05,9140,2023-11-26,"15  ",021683,,7,3,9,1800,0,3,5,,2,020,"COUNTY ROAD A-27 (CENTER ROAD)","JOHNSTONVILLE RD",1320.00,E,N,A,-,N,,,,,,,,,,Y,3,0,1,1,A,-,08,22107,,N,E,I,A,A,H,-,D,D,0,,,,,Y,,A,07,0,1,0,0,0,0,0,0,0,"- ","- ",40.394039154052734,-120.58795166015625,LASSEN,UNINCORPORATED,-120.58849334716797,40.393733978271484
92253835,2023,2023-12-06,9140,2023-12-03,"744 ",019275,,7,1,9,1800,0,1,3,,2,032,SR-44,"COUNTY ROAD A-21",7920.00,E,N,B,-,Y,LAS,,44," "," ",20.756,H,,R,Y,3,0,1,1,C,-,18,,,N,E,I,A,C,G,-,A,D,0,,,,,Y,,-,"- ",0,1,0,0,0,0,0,0,0,"- ","- ",40.518589019775391,-121.01790618896484,LASSEN,UNINCORPORATED,-121.01793670654297,40.518558502197266
92254016,2023,2023-12-06,9140,2023-12-04,"818 ",019275,,1,1,9,1800,0,1,2,,2,013,SR-36,"FREDONYER SNO-PARK ROAD",50.00,E,N,A,-,Y,LAS,,36," "," ",11.704,H,,R,Y,3,0,1,1,A,-,03,22350,,N,F,A,A,C,H,-,A,D,0,,,,,Y,,-,"- ",0,1,0,0,0,0,0,0,0,"- ","- ",40.356239318847656,-120.87124633789062,LASSEN,UNINCORPORATED,-120.87129211425781,40.356307983398438
92258078,2023,2023-12-11,9165,2023-12-07,"655 ",019583,,4,1,9,1800,0,1,3,,2,063,US-395,"POZZOLAN ROAD",4752.00,S,N,A,-,Y,LAS,,395," "," ",9.080,H,,R,Y,3,0,1,1,A,-,03,22350,,N,F,A,A,C,B,-,B,D,0,,,,,Y,,D,22,0,1,0,0,0,0,0,0,0,"- ","- ",39.839000701904297,-120.03955841064453,LASSEN,UNINCORPORATED,-120.03960418701172,39.838993072509766
92260226,2023,2023-12-12,9140,2023-12-12,"550 ",019275,,2,3,9,1800,0,1,3,,2,031,SR-139,"CLEGHORN RD",2640.00,S,N,E,-,Y,LAS,,139," "," ",32.535,H,,R,Y,4,0,1,1,A,-,03,22350,,N,E,8,A,C,H,-,D,D,0,,,,,Y,,A,01,0,0,1,0,0,0,0,0,0,"- ","- ",40.761928558349609,-120.72196197509766,LASSEN,UNINCORPORATED,-120.72190856933594,40.761943817138672
92260837,2023,2023-12-13,9135,2023-12-04,1950,019257,,1,2,9,1800,0,1,3,,2,651,"STATE ROUTE 299","OLD HIGHWAY ROAD",4541.00,E,N,A,-,Y,LAS,,299," "," ",4.808,H,,R,Y,4,0,1,1,C,-,18,,,N,E,I,A,A,H,-,D,D,0,,,,Y,Y,,-,"- ",0,0,1,0,0,0,0,0,0,"- ","- ",41.085250854492188,-121.2666015625,LASSEN,UNINCORPORATED,-121.26652526855469,41.08526611328125
92263198,2023,2023-12-15,9135,2023-12-08,1130,020908,,5,1,9,1800,0,1,3,,2,652,SR-139,MM51.09,20.00,N,N,B,-,Y,LAS,,139," "," ",51.113,H,,R,Y,3,0,2,1,A,-,08,22107,,N,E,I,A,C,H,-,A,D,0,,,,,Y,,A,01,0,2,0,0,0,0,0,0,0,"- ","- ",41.002338409423828,-120.81150817871094,LASSEN,UNINCORPORATED,-120.81159973144531,41.002323150634766
92264199,2023,2023-12-18,9140,2023-12-07,1725,020502,,4,2,9,1800,0,1,3,,2,032,"STATE ROUTE 44","GOUMAZ ROAD",452.00,W,N,B,-,Y,LAS,,44," "," ",30.247,H,,R,Y,4,0,1,1,A,-,03,22350,,N,F,A,A,C,B,-,D,D,0,,,,,Y,,D,22,0,0,1,0,0,0,0,0,0,"- ","- ",40.443668365478516,-120.87291717529297,LASSEN,UNINCORPORATED,-120.87290191650391,40.4437255859375
92265283,2023,2023-12-18,9140,2023-12-16,1128,016169,,6,1,9,1800,0,1,2,,2,021,US-395,"JOHNSTONVILLE ROAD",0.00,,Y,A,-,Y,LAS,,395," ",R,61.457,H,,R,N,4,0,1,2,A,-,09,21802,A,N,D,D,A,A,H,-,A,A,0,,,,,Y,,A,01,0,0,1,0,0,0,0,0,0,"- ","- ",40.383949279785156,-120.58695983886719,LASSEN,UNINCORPORATED,-120.58695983886719,40.383934020996094
92265291,2023,2023-12-18,9140,2023-12-10,"45  ",022557,,7,3,9,1800,0,1,2,,2,015,US-395,"RED ROCK RD.",6336.00,N,N,A,-,Y,LAS,,395," "," ",15.537,H,,R,N,3,0,1,2,A,-,05,21650,,N,A,C,A,A,H,-,D,D,0,,,,,Y,,A,01,0,1,0,0,0,0,0,0,0,"- ","- ",39.926101684570312,-120.02008819580078,LASSEN,UNINCORPORATED,-120.02007293701172,39.926101684570312
92268427,2023,2023-12-21,9140,2023-12-20,"845 ",020502,,3,1,9,1800,0,1,3,,2,031,"STATE ROUTE 139","RICE CANYON ROAD",4752.00,N,N,B,-,Y,LAS,,139," "," ",10.167,H,,R,Y,4,0,2,1,A,-,03,22350,,N,E,I,A,B,H,-,A,D,0,,,,,Y,,D,22,0,0,2,0,0,0,0,0,0,"- ","- ",40.490489959716797,-120.55522918701172,LASSEN,UNINCORPORATED,-120.55525207519531,40.490470886230469
92275831,2023,2024-01-01,9140,2023-12-19,1853,021888,,2,2,9,1800,0,1,3,,2,032,SR-44,"JENSEN HILL ROAD",5.00,E,N,A,-,Y,LAS,,44," "," ",35.692,H,,R,N,4,0,1,1,A,-,08,22107,,N,E,I,A,A,H,-,D,D,0,,,,,Y,,-,"- ",0,0,1,0,0,0,0,0,0,"- ","- ",40.417579650878906,-120.78249359130859,LASSEN,UNINCORPORATED,-120.78249359130859,40.417572021484375
92289266,2024,2024-01-17,9140,2024-01-14,1605,016279,,7,2,9,1800,0,1,3,,2,031,SR-139,"MPM 139LAS5.5",59.00,N,N,A,-,Y,LAS,,139," "," ",5.607,H,,R,Y,3,0,3,1,A,-,08,22107,,N,E,8,A,A,H,-,A,D,0,,,,,Y,,A,01,0,2,1,0,0,0,0,0,0,"- ","- ",40.458209991455078,-120.59298706054688,LASSEN,UNINCORPORATED,-120.59294891357422,40.458232879638672
92289548,2024,2024-01-17,9140,2024-01-10,1735,016169,,3,2,9,1800,0,1,2,,2,013,US-395,"SUNNYSIDE ROAD",300.00,N,N,B,D,Y,LAS,,395," "," ",56.388,H,,R,N,4,0,1,2,A,-,03,22350,,N,C,C,A,C,E,-,D,A,0,,,,,Y,,D,22,0,0,1,0,0,0,0,0,0,"- ","- ",40.329498291015625,-120.54528045654297,LASSEN,UNINCORPORATED,-120.54526519775391,40.329502105712891
92290372,2024,2024-01-18,9140,2024-01-17,"610 ",020502,,3,1,9,1800,0,1,2,,2,013,"US 395","DIANE DRIVE",1584.00,S,N,B,-,Y,LAS,,395," ",R,59.929,H,,R,Y,3,0,1,1,C,-,18,,,N,H,H,A,B,H,-,D,D,0,,,,,Y,,-,"- ",0,1,0,0,0,0,0,0,0,"- ","- ",40.370731353759766,-120.57523345947266,LASSEN,UNINCORPORATED,-120.57524108886719,40.370723724365234
92292532,2024,2024-01-22,9140,2024-01-18,1305,020502,,4,1,9,1800,0,3,5,,2,010,"BYERS PASS ROAD","SUNNYSIDE ROAD",463.00,N,N,B,-,N,,,,,,,,,,N,3,0,1,1,A,-,01,23152,A,N,F,A,A,A,B,-,A,D,0,,,Y,,Y,Y,C,06,0,1,0,0,0,0,0,0,1,"- ","- ",40.311508178710938,-120.478759765625,LASSEN,UNINCORPORATED,-120.47869873046875,40.311519622802734
92303091,2023,2024-02-01,9140,2023-08-16,1713,016169,,3,2,9,1800,0,1,2,,2,013,US-395,"SUNNYSIDE ROAD",2640.00,N,N,B,-,Y,LAS,,395," "," ",56.869,H,,R,Y,1,2,1,2,A,-,06,21751,,N,A,C,A,A,H,-,A,D,0,,,,,Y,,A,01,1,0,0,0,0,0,0,0,0,"- ","- ",40.334579467773438,-120.55127716064453,LASSEN,UNINCORPORATED,-120.55123901367188,40.334625244140625
92304691,2024,2024-02-05,9140,2024-02-02,1824,021888,,5,2,9,1800,0,1,3,,2,011,"SR-36 W/O FREDONYER SNO-PARK","FREDONYER SNO-PARK",5808.00,W,N,D,-,Y,LAS,,36," "," ",10.443,H,,R,Y,4,0,1,2,A,-,03,22350,,N,B,C,A,C,E,-,D,D,0,,,,,Y,,A,01,0,0,1,0,0,0,0,0,0,"- ","- ",40.355930328369141,-120.88807678222656,LASSEN,UNINCORPORATED,-120.88812255859375,40.355976104736328
92309460,2024,2024-02-08,9140,2024-02-06,"528 ",019971,,2,3,9,1800,0,1,2,,2,013,"US 395","LAKECREST ROAD",5280.00,N,N,B,-,Y,LAS,,395," "," ",49.662,H,,R,Y,3,0,2,1,A,-,03,22350,,N,F,A,A,C,H,-,B,D,0,,,,,Y,,A,07,0,2,0,0,0,0,0,0,0,"- ","- ",40.257171630859375,-120.4671630859375,LASSEN,UNINCORPORATED,-120.46707916259766,40.257205963134766
92310259,2023,2024-02-09,9140,2023-09-15,2152,021345,,5,2,9,1800,0,3,5,,2,010,"COUNTY ROAD A3","LAKE CREST RD",0.00,,Y,A,-,N,,,,,,,,,,Y,1,1,1,2,A,-,01,23152,A,N,D,2,A,A,H,-,D,D,0,,,Y,,Y,Y,C,06,1,0,0,0,0,0,0,1,1,"- ","- ",40.285148620605469,-120.48655700683594,LASSEN,UNINCORPORATED,-120.48642730712891,40.285179138183594
92310845,2024,2024-02-12,9140,2024-02-03,"303 ",021345,,6,3,9,1800,0,1,3,,2,031,SR-139,"FREDONYER LOOKOUT ROAD",8876.00,N,N,B,-,Y,LAS,,139," "," ",21.348,H,,R,Y,4,0,1,1,A,-,03,22350,,N,F,I,A,C,E,-,D,D,0,,,,,Y,,-,"- ",0,0,1,0,0,0,0,0,0,"- ","- ",40.623561859130859,-120.64208984375,LASSEN,UNINCORPORATED,-120.64207458496094,40.623558044433594
92310851,2024,2024-02-12,9140,2024-02-02,1630,023683,,5,2,9,1800,0,1,3,,2,012,"STATE ROUTE 36","SKYLINE RD",300.00,E,N,B,-,Y,LAS,,36," ",R,27.002,H,,R,Y,3,0,1,2,A,-,03,22350,,N,C,C,A,B,H,-,A,A,0,,,,,Y,,A,07,0,1,0,0,0,0,0,0,0,"- ","- ",40.399158477783203,-120.62920379638672,LASSEN,UNINCORPORATED,-120.62921142578125,40.399158477783203
92315005,2024,2024-02-15,9170,2024-02-13,1357,017913,,2,1,9,1800,0,1,2,,1,001,US-395,"ANTELOPE DRIVE",6864.00,N,N,B,-,Y,LAS,,395," "," ",128.096,H,,R,Y,3,0,1,1,A,-,08,22107,,N,E,I,A,A,H,-,A,D,0,,,,,Y,,A,01,0,1,0,0,0,0,0,0,0,"- ","- ",41.037620544433594,-120.48188018798828,LASSEN,UNINCORPORATED,-120.48182678222656,41.037605285644531
92320388,2024,2024-02-22,9165,2024-02-15,"630 ",018506,,4,1,9,1800,0,1,3,,2,062,US-395,"POZZOLAN RD",7920.00,S,N,A,-,Y,LAS,,395," "," ",8.572,H,,R,Y,3,0,2,1,A,-,03,22350,,N,F,A,A,C,H,-,B,D,0,,,,,Y,,A,01,0,2,0,0,0,0,0,0,0,"- ","- ",39.831748962402344,-120.03797149658203,LASSEN,UNINCORPORATED,-120.03797149658203,39.831748962402344
92326659,2024,2024-02-29,9140,2024-02-24,2204,021888,,6,3,9,1800,0,1,3,,2,011,SR-36,"FREDONYER SNO PARK RD",7392.00,E,N,A,-,Y,LAS,,36," "," ",12.915,H,,R,N,3,0,2,4,A,-,08,22107,,N,B,C,E,A,H,-,D,D,0,Y,,,,Y,,D,22,0,2,0,0,2,0,0,0,0,"- ","- ",40.364330291748047,-120.84889984130859,LASSEN,UNINCORPORATED,-120.84894561767578,40.3643798828125
92330354,2024,2024-03-05,9140,2024-02-29,1535,021238,,4,2,9,1800,0,1,3,,2,041,"STATE ROUTE 36 (SR-36)","STATE ROUTE 147 (SR-147)",1056.00,E,N,C,D,Y,LAS,,36," "," ",1.258,H,,R,Y,4,0,1,1,A,-,03,22350,,N,E,J,A,B,H,-,A,D,0,,,,,Y,,A,07,0,0,1,0,0,0,0,0,0,"- ","- ",40.311599731445312,-121.03922271728516,LASSEN,UNINCORPORATED,-121.03923797607422,40.311721801757812
92336546,2024,2024-03-12,9140,2024-03-04,2030,023039,,1,2,9,1800,0,1,3,,2,031,"HIGHWAY 139 S/B","TERMO GRASSHOPPER ROAD",11246.00,S,N,B,-,Y,LAS,,139," "," ",41.136,H,,L,Y,4,0,1,1,A,-,08,22107,,N,E,I,A,A,H,-,D,D,0,,,,,Y,Y,-,"- ",0,0,1,0,0,0,0,0,0,"- ","- ",40.878131866455078,-120.75546264648438,LASSEN,UNINCORPORATED,-120.75557708740234,40.878147125244141
92336565,2024,2024-03-12,9140,2024-03-07,1433,022170,,4,2,9,1800,0,1,3,,2,041,SR-36,SR-147,2640.00,W,N,A,-,Y,LAS,,36," "," ",0.447,H,,R,Y,4,0,1,1,A,-,08,22107,,N,F,A,A,A,H,-,A,D,0,,,,,Y,,A,07,0,0,1,0,0,0,0,0,0,"- ","- ",40.312931060791016,-121.05325317382812,LASSEN,UNINCORPORATED,-121.05331420898438,40.312896728515625
92341854,2024,2024-03-19,9140,2024-03-01,1550,021345,,5,2,9,1800,0,1,3,,2,011,US-395,"RICHMOND RD",40.00,S,N,B,D,Y,LAS,,395," ",R,61.081,H,,R,N,4,0,1,2,A,-,03,22350,,F,C,C,A,B,H,-,A,A,0,,,,,Y,,-,99,0,0,1,0,0,0,0,0,0,"- ","- ",40.380489349365234,-120.59163665771484,LASSEN,UNINCORPORATED,-120.59165954589844,40.380462646484375
92343827,2024,2024-03-21,9140,2024-03-16,1630,021345,,6,2,9,1800,0,1,2,,2,014,US-395,"395 LAS 30.20",15.00,S,N,A,-,Y,LAS,,395," "," ",30.293,H,,R,Y,3,0,1,1,A,-,08,22107,,N,E,I,A,A,H,-,A,D,0,,,,,Y,,-,"- ",0,1,0,0,0,0,0,0,0,"- ","- ",40.094131469726562,-120.17923736572266,LASSEN,UNINCORPORATED,-120.17918395996094,40.094203948974609
92345407,2024,2024-03-25,9140,2024-03-10,"121 ",021888,,7,3,9,1800,0,1,2,,2,021,US-395,"CUTOFF ROAD",320.00,N,N,A,-,Y,LAS,,395," ",R,71.887,H,,R,Y,3,0,1,1,A,-,01,23152,A,N,E,I,A,A,H,-,D,D,0,,,,,Y,Y,A,01,0,1,0,0,0,0,0,0,0,"- ","- ",40.375679016113281,-120.39887237548828,LASSEN,UNINCORPORATED,-120.39889526367188,40.375686645507812
92346301,2024,2024-03-25,9170,2024-03-21,2155,020724,,4,2,9,1800,0,1,2,,1,001,US-395,"DRY CREEK ROAD",20064.00,S,N,B,-,Y,LAS,,395," "," ",132.558,H,,R,Y,2,0,2,1,A,-,01,23152,A,N,E,8,A,A,H,-,D,D,0,,,,,Y,Y,E,22,1,1,0,0,0,0,0,0,0,"- ","- ",41.101100921630859,-120.47537994384766,LASSEN,UNINCORPORATED,-120.47541809082031,41.101085662841797
92347536,2024,2024-03-26,9165,2024-03-26,"530 ",018243,,2,3,9,1800,0,1,3,,2,062,"US-395 N/B",SR-70,8976.00,S,N,B,-,Y,LAS,,395," ",R,2.860,H,,R,N,4,0,1,1,A,-,08,22107,,N,F,A,A,B,H,-,D,D,0,,,,,Y,,A,07,0,0,1,0,0,0,0,0,0,"- ","- ",39.749668121337891,-120.03903198242188,LASSEN,UNINCORPORATED,-120.03897094726562,39.749668121337891
92357952,2024,2024-04-08,9140,2024-03-30,1815,023790,,6,2,9,1800,0,1,3,,2,032,"STATE ROUTE 44","BNSF RAILROAD TRACKS",8448.00,E,N,B,D,Y,LAS,,44," "," ",21.494,H,,R,Y,3,0,1,2,A,-,03,22350,,N,C,2,A,C,E,-,A,D,0,,,,,Y,,A,01,0,1,0,0,0,0,0,0,0,"- ","- ",40.512409210205078,-121.00634765625,LASSEN,UNINCORPORATED,-121.00631713867188,40.512447357177734
92358701,2024,2024-04-08,9135,2024-03-29,"740 ",020224,,5,1,9,1800,0,1,3,,2,603,"BIEBER LOOKOUT RD","LOOKOUT ADIN RD",6072.00,N,N,D,-,N,,,,,,,,,,Y,3,0,1,1,A,-,08,22107,,N,F,I,A,C,H,-,A,D,0,,,,,Y,,-,"- ",0,1,0,0,0,0,0,0,0,"- ","- ",41.177928924560547,-121.13739776611328,LASSEN,UNINCORPORATED,-121.13386535644531,41.162757873535156
92359028,2024,2024-04-08,9140,2024-04-05,1734,023790,,5,2,9,1800,0,1,3,,2,011,"STATE ROUTE 36","FREDONYER SNO-PARK ROAD",5808.00,E,N,B,-,Y,LAS,,36," "," ",12.573,H,,R,Y,4,0,1,1,A,-,03,22350,,N,E,9,A,C,H,-,A,D,0,,,,,Y,,A,07,0,0,1,0,0,0,0,0,0,"- ","- ",40.364120483398438,-120.85494232177734,LASSEN,UNINCORPORATED,-120.85492706298828,40.364093780517578
92360930,2024,2024-04-10,9140,2024-04-04,"350 ",020806,,4,3,9,1800,0,1,3,,2,031,"STATE ROUTE 139","COUNTY ROAD A1",35376.00,S,N,A,-,Y,LAS,,139," "," ",24.569,H,,R,Y,4,0,1,1,A,-,08,22107,,N,E,I,A,A,H,-,D,D,0,,,,Y,Y,,G,25,0,0,1,0,0,0,0,0,0,"- ","- ",40.665019989013672,-120.65788269042969,LASSEN,UNINCORPORATED,-120.65778350830078,40.665027618408203
92362494,2024,2024-04-11,9140,2024-03-30,"843 ",021683,,6,1,9,1800,0,1,3,,2,032,"STATE ROUTE 44","COUNTY ROAD A-21",2851.00,E,N,B,-,Y,LAS,,44," "," ",19.868,H,,R,Y,4,0,1,2,A,-,03,22350,,N,H,F,A,C,H,-,A,A,0,,,,,Y,,D,22,0,0,1,0,0,0,0,0,0,"- ","- ",40.525829315185547,-121.03199768066406,LASSEN,UNINCORPORATED,-121.03194427490234,40.525890350341797
92363271,2024,2024-04-12,9140,2024-04-05,"345 ",023039,,5,3,9,1800,0,1,2,,2,022,"HWY 395","SECRET VALLEY REST AREA",5280.00,S,N,D,-,Y,LAS,,395," "," ",94.697,H,,R,Y,3,0,1,1,A,-,03,22350,,N,F,A,A,C,H,-,D,D,0,,,,Y,Y,,G,25,0,1,0,0,0,0,0,0,0,"- ","- ",40.618091583251953,-120.2457275390625,LASSEN,UNINCORPORATED,-120.24565124511719,40.618106842041016
92364398,2024,2024-04-15,9140,2024-04-05,"545 ",021683,,5,3,9,1800,0,1,3,,2,031,"STATE ROUTE 139","SOUTH GRASSHOPPER RD",8976.00,N,N,B,-,Y,LAS,,139," "," ",35.413,H,,R,N,4,0,1,3,A,-,03,22350,,N,B,C,A,C,H,-,D,A,0,,,,Y,Y,,G,25,0,0,1,0,0,0,0,0,0,"- ","- ",40.802478790283203,-120.72718811035156,LASSEN,UNINCORPORATED,-120.72718811035156,40.802478790283203
92368834,2024,2024-04-19,9140,2024-04-06,2220,023039,,6,3,9,1800,0,1,2,,2,013,"HWY 395","SEARS ROAD",0.00,,Y,A,-,Y,LAS,,395," "," ",53.099,H,,R,Y,3,0,3,2,A,-,09,21804,B,N,D,C,A,A,H,-,D,D,0,,,,,Y,,D,22,0,1,2,0,0,0,0,0,0,"- ","- ",40.294418334960938,-120.50858306884766,LASSEN,UNINCORPORATED,-120.50855255126953,40.294445037841797
92375310,2024,2024-04-25,9140,2024-04-17,"625 ",021683,,3,1,9,1800,0,1,3,,2,031,"STATE ROUTE 139","MERRILLVILLE RD",16474.00,N,N,A,-,Y,LAS,,139," "," ",18.365,H,,R,Y,3,0,1,1,A,-,08,22107,,N,E,I,A,A,H,-,A,D,0,,,,,Y,,A,01,0,1,0,0,0,0,0,0,0,"- ","- ",40.582279205322266,-120.63948822021484,LASSEN,UNINCORPORATED,-120.63950347900391,40.582279205322266
92376289,2024,2024-04-26,9140,2024-04-18,2110,023039,,4,2,9,1800,0,3,5,,2,010,"RICE CANYON ROAD","CENTER ROAD",20.00,S,N,B,-,Y,,,,,,,,,,N,4,0,1,1,A,-,03,22350,,N,E,I,A,A,H,-,C,D,0,,,,,Y,,-,"- ",0,0,1,0,0,0,0,0,0,"- ","- ",40.395950317382812,-120.52610778808594,LASSEN,UNINCORPORATED,-120.52610015869141,40.396018981933594
92381377,2024,2024-05-03,9140,2024-04-24,1953,021043,,3,2,9,1800,0,1,3,,2,041,"STATE ROUTE 36","STATE ROUTE 147",1584.00,W,N,A,-,Y,LAS,,36," "," ",0.355,H,,R,Y,2,0,1,1,A,-,08,22107,,N,E,8,A,A,H,-,A,D,0,,,,,Y,,D,22,1,0,0,0,0,0,0,0,0,"- ","- ",40.313819885253906,-121.05452728271484,LASSEN,UNINCORPORATED,-121.05448913574219,40.313861846923828
92390702,2024,2024-05-15,9140,2024-04-30,1355,023792,,2,1,9,1800,0,1,2,,2,022,US-395,"MPM 87.57",250.00,N,N,A,-,Y,LAS,,395," "," ",87.816,H,,R,Y,4,0,1,1,A,-,08,22107,,N,F,I,A,A,H,-,A,D,0,,,,,Y,,E,22,0,0,1,0,0,0,0,0,0,"- ","- ",40.521949768066406,-120.26435089111328,LASSEN,UNINCORPORATED,-120.26442718505859,40.521961212158203
92390746,2024,2024-05-15,9140,2024-05-10,1955,021683,,5,2,9,1800,0,1,3,,2,034,"STATE ROUTE 44","PITTVILLE ROAD",12144.00,W,N,A,-,Y,LAS,,44," "," ",6.427,H,,R,Y,4,0,1,1,C,-,18,,,N,H,H,A,A,H,-,A,D,0,,,,,Y,,-,"- ",0,0,1,0,0,0,0,0,0,"- ","- ",40.652679443359375,-121.20921325683594,LASSEN,UNINCORPORATED,-121.20919036865234,40.65264892578125
92391003,2024,2024-05-15,9140,2024-05-07,"559 ",023792,,2,3,9,1800,0,1,3,,2,011,SR-36,"MPM 15.32",93.00,E,N,A,-,Y,LAS,,36," "," ",15.268,H,,R,Y,3,0,1,1,A,-,08,22107,,N,E,I,A,A,H,-,A,D,0,,,,,Y,,A,07,0,1,0,0,0,0,0,0,0,"- ","- ",40.376998901367188,-120.8106689453125,LASSEN,UNINCORPORATED,-120.81071472167969,40.377052307128906
92391370,2024,2024-05-16,9165,2024-05-05,"500 ",018243,,7,3,9,1800,0,1,3,,2,063,US-395,"POZZOLAN PLANT ROAD",4752.00,N,N,B,D,Y,LAS,,395," ",R,10.968,H,,R,Y,3,0,2,1,A,-,01,23152,A,N,F,A,A,B,H,-,D,A,0,,,,,Y,Y,A,07,0,2,0,0,0,0,0,0,0,"- ","- ",39.865779876708984,-120.03852844238281,LASSEN,UNINCORPORATED,-120.03854370117188,39.865787506103516
92391382,2024,2024-05-16,9165,2024-05-05,"330 ",018243,,7,3,9,1800,0,1,3,,2,060,SR-70,"PHILLIPS ROAD",4752.00,E,N,B,D,Y,LAS,,70," "," ",0.554,H,,R,N,3,0,1,1,A,-,03,22350,,N,E,I,A,C,H,-,D,A,0,,,,,Y,,A,01,0,1,0,0,0,0,0,0,0,"- ","- ",39.789890289306641,-120.09799194335938,LASSEN,UNINCORPORATED,-120.09798431396484,39.789909362792969
92391522,2024,2024-05-16,9140,2024-05-07,1530,023792,,2,2,9,1800,0,3,5,,2,030,"GREY EAGLE LANE","BAJA WAY",4752.00,W,N,A,-,N,,,,,,,,,,N,3,0,1,1,A,-,03,38305,,N,E,I,A,A,G,-,A,D,0,,,Y,,Y,,C,06,0,1,0,0,0,0,0,0,1,"- ","- ",40.418121337890625,-120.74520874023438,LASSEN,UNINCORPORATED,-120.74152374267578,40.435710906982422
92395149,2024,2024-05-21,9140,2024-05-11,"939 ",019275,,6,1,9,1800,0,1,2,,2,013,US-395,"MAIN STREEET (JANESVILLE)",380.00,N,N,A,-,Y,LAS,,395," "," ",55.214,H,,R,Y,3,0,1,1,A,-,01,23152,A,N,E,I,A,A,H,-,A,D,0,,,,,Y,Y,A,01,0,1,0,0,0,0,0,0,0,"- ","- ",40.314720153808594,-120.5390625,LASSEN,UNINCORPORATED,-120.53910827636719,40.314685821533203
92403229,2024,2024-05-31,9140,2024-05-23,1141,022557,,4,1,9,1800,0,1,3,,2,011,SR-36,"RIVER BENCH RD",1056.00,E,N,A,-,Y,LAS,,36," ",R,20.258,H,,R,N,3,0,1,1,C,-,18,,,N,E,J,A,A,H,-,A,D,0,,,,,Y,,-,"- ",0,1,0,0,0,0,0,0,0,"- ","- ",40.414939880371094,-120.73571014404297,LASSEN,UNINCORPORATED,-120.73571014404297,40.414993286132812
92404723,2024,2024-06-03,9140,2024-06-02,"630 ",021345,,7,1,9,1800,0,1,2,,2,022,US-395,"395 LAS 96.00",185.00,S,N,B,-,Y,LAS,,395," "," ",96.353,H,,R,Y,2,0,1,1,A,-,08,22107,,N,E,I,A,A,H,-,A,D,0,,,,,Y,,A,07,1,0,0,0,0,0,0,0,0,"- ","- ",40.641330718994141,-120.25472259521484,LASSEN,UNINCORPORATED,-120.25489807128906,40.641273498535156
92405904,2024,2024-06-04,9140,2024-06-03,"230 ",019275,,1,3,9,1800,0,1,2,,2,022,US-395,"MAPES ROAD",350.00,E,N,B,-,Y,LAS,,395," "," ",76.188,H,,R,Y,4,0,1,1,C,-,18,,,N,H,7,A,A,H,-,D,D,0,,,,Y,Y,,-,"- ",0,0,1,0,0,0,0,0,0,"- ","- ",40.377170562744141,-120.32514953613281,LASSEN,UNINCORPORATED,-120.32514953613281,40.377140045166016
92409562,2024,2024-06-10,9140,2024-05-30,1930,023039,,4,2,9,1800,0,1,2,,2,022,"HIGHWAY 395","RAMHORN ROAD",616.00,N,N,A,-,Y,LAS,,395," "," ",100.451,H,,R,Y,3,0,1,1,C,-,18,,,N,H,H,A,A,H,-,A,D,0,,,Y,,Y,,-,"- ",0,1,0,0,0,0,0,0,1,"- ","- ",40.692188262939453,-120.29389953613281,LASSEN,UNINCORPORATED,-120.29389953613281,40.692188262939453
92413000,2024,2024-06-12,9140,2024-06-04,"913 ",019275,,2,1,9,1800,0,3,5,,2,010,"RICHMOND ROAD","BANTLEY DRIVE",0.00,,Y,A,-,N,,,,,,,,,,N,2,0,1,2,A,-,05,21460,A,N,D,C,A,A,H,-,A,D,0,,,Y,,Y,,C,02,1,0,0,0,0,0,0,0,1,"- ","- ",40.375858306884766,-120.60398864746094,LASSEN,UNINCORPORATED,-120.60408782958984,40.375873565673828
92414298,2024,2024-06-13,9140,2024-05-31,1607,021888,,5,2,9,1800,0,3,5,,2,040,"DELWOOD STREET","LASSEN DRIVE",0.00,,Y,A,-,N,,,,,,,,,,N,3,0,2,3,A,-,10,21954,B,N,G,B,D,A,H,-,A,A,0,Y,,,,Y,,A,07,0,2,0,0,2,0,0,0,0,"- ","- ",40.312908172607422,-121.00454711914062,LASSEN,UNINCORPORATED,-121.00454711914062,40.312980651855469
92421747,2024,2024-06-24,9135,2024-06-19,1320,021571,,3,1,9,1800,0,1,3,,2,652,SR-139,"SPRING HILL SPUR",220.00,S,N,A,-,Y,LAS,,139," "," ",50.398,H,,R,Y,4,0,1,1,A,-,08,22107,,N,F,I,A,A,H,-,A,D,0,,,,,Y,,-,"- ",0,0,1,0,0,0,0,0,0,"- ","- ",40.993251800537109,-120.80551910400391,LASSEN,UNINCORPORATED,-120.80544281005859,40.993293762207031
92423372,2024,2024-06-25,9140,2024-06-07,1752,023039,,5,2,9,1800,0,1,2,,2,014,"US - 395",A-26,0.00,,Y,A,-,Y,LAS,,395," "," ",29.852,H,,R,Y,4,0,4,2,A,-,08,22107,,N,B,C,A,A,H,-,A,D,0,,,,,Y,,-,"- ",0,0,4,0,0,0,0,0,0,"- ","- ",40.090869903564453,-120.17212677001953,LASSEN,UNINCORPORATED,-120.17209625244141,40.090911865234375
92425461,2024,2024-06-27,9140,2024-06-15,"555 ",021683,,6,3,9,1800,0,1,3,,2,031,"STATE ROUTE 139","COUNTY ROAD A-1",32419.00,S,N,A,-,Y,LAS,,139," "," ",24.643,H,,R,Y,2,0,1,1,A,-,08,22107,,N,E,I,A,A,H,-,A,D,0,,,,,Y,,A,01,1,0,0,0,0,0,0,0,0,"- ","- ",40.666088104248047,-120.65763854980469,LASSEN,UNINCORPORATED,-120.65761566162109,40.666084289550781
92430235,2024,2024-07-03,9140,2024-06-25,"530 ",023834,,2,3,9,1800,0,1,3,,2,032,"STATE ROUTE 44","MCCOY ROAD",5966.00,W,N,A,-,Y,LAS,,44," "," ",25.835,H,,R,Y,3,0,1,1,A,-,08,22107,,N,E,I,A,A,H,-,B,D,0,,,,,Y,,A,01,0,1,0,0,0,0,0,0,0,"- ","- ",40.473968505859375,-120.94207763671875,LASSEN,UNINCORPORATED,-120.94202423095703,40.474048614501953
92430939,2024,2024-07-04,9140,2024-06-24,"200 ",020806,,1,3,9,1800,0,3,5,,2,010,"GOLD RUN ROAD","GUNDERSON ROAD",2112.00,W,N,A,-,N,,,,,,,,,,N,2,0,1,1,C,-,18,,,N,H,A,A,A,H,-,C,D,0,,,,,Y,,-,"- ",1,0,0,0,0,0,0,0,0,"- ","- ",40.369888305664062,-120.66793823242188,LASSEN,UNINCORPORATED,,
92434046,2024,2024-07-09,9140,2024-07-07,2110,020806,,7,2,9,1800,0,1,3,,2,032,"STATE ROUTE 44","GOUMAZ ROAD",2112.00,W,N,A,-,Y,LAS,,44," "," ",29.654,H,,R,Y,4,0,1,1,A,-,08,22107,,N,F,A,A,A,H,-,D,D,0,,,,,Y,,D,22,0,0,1,0,0,0,0,0,0,"- ","- ",40.445968627929688,-120.88374328613281,LASSEN,UNINCORPORATED,-120.88372039794922,40.446014404296875
92435163,2024,2024-07-10,9140,2024-07-08,"214 ",016169,,1,3,9,1800,0,1,2,,2,014,US-395,"LASSEN COUNTY ROAD A-26",700.00,N,N,A,-,Y,LAS,,395," "," ",29.984,H,,R,Y,3,0,1,1,A,-,08,22107,,N,E,8,A,A,H,-,D,D,0,,,,,Y,,A,01,0,1,0,0,0,0,0,0,0,"- ","- ",40.091899871826172,-120.17420196533203,LASSEN,UNINCORPORATED,-120.17420959472656,40.091884613037109
92436404,2024,2024-07-11,9140,2024-07-09,1000,023834,,2,1,9,1800,0,1,3,,2,011,"STATE ROUTE 36","ROXIE PECONOM CAMPGROUND ROAD",6442.00,W,N,A,-,Y,LAS,,36," "," ",14.480,H,,R,Y,3,0,1,1,A,-,08,22107,,N,E,8,A,A,H,-,A,D,0,,,,,Y,,D,22,0,1,0,0,0,0,0,0,0,"- ","- ",40.371940612792969,-120.82713317871094,LASSEN,UNINCORPORATED,-120.82711029052734,40.37188720703125
92800203,2024,2024-07-29,9140,2024-07-22,1028,019275,,1,1,9,1800,0,1,3,,2,011,SR-36,"GOUMAZ ROAD",1056.00,E,N,A,-,Y,LAS,,36," ",R,17.108,H,,R,Y,4,0,1,1,A,-,05,21650,,N,E,I,A,A,H,-,A,D,0,,,,,Y,,-,"- ",0,0,1,0,0,0,0,0,0,"- ","- ",40.393230438232422,-120.78510284423828,LASSEN,UNINCORPORATED,-120.78513336181641,40.393272399902344
92800753,2024,2024-07-29,9135,2024-07-23,"300 ",021265,,2,3,9,1800,0,1,3,,2,651,"SR-299 E/B","DAY RD",6336.00,E,N,A,-,Y,LAS,,299," "," ",2.222,H,,R,Y,2,0,2,2,A,-,08,22107,,N,B,C,A,A,H,-,D,D,0,,,,Y,Y,,A,01,2,0,0,0,0,0,0,0,0,"- ","- ",41.093288421630859,-121.30554962158203,LASSEN,UNINCORPORATED,-121.30556488037109,41.093303680419922
92877501,2024,2024-07-29,9140,2024-07-12,"812 ",021238,,5,1,9,1800,0,3,5,,2,040,"LASSEN COUNTY ROAD A-21 (A-21)","INDIAN OLE RD.",500.00,N,N,A,-,N,,,,,,,,,,Y,3,0,1,1,D,-,00,,,N,F,A,A,A,H,-,A,D,0,,,,,Y,,-,"- ",0,1,0,0,0,0,0,0,0,"- ","- ",40.302028656005859,-121.02886199951172,LASSEN,UNINCORPORATED,-121.03079223632812,40.301979064941406
93097432,2024,2024-08-01,9165,2024-07-28,2140,020692,,7,2,9,1800,0,1,3,,2,063,US-395,"411-175 US-395",4224.00,N,N,A,-,Y,LAS,,395," "," ",7.845,H,,R,Y,4,0,2,1,C,-,18,,,N,H,H,A,A,H,-,D,D,0,,,,,Y,,-,"- ",0,0,2,0,0,0,0,0,0,"- ","- ",39.821380615234375,-120.03563690185547,LASSEN,UNINCORPORATED,-120.03565979003906,39.821376800537109
94019281,2024,2024-08-09,9140,2024-08-01,1527,020458,,4,2,9,1800,0,3,5,,2,010,"COUNTY ROAD A27","LEVITT LN.",47.00,E,N,A,-,N,,,,,,,,,,Y,2,0,4,1,A,-,01,23152,A,F,F,A,A,A,H,-,A,D,0,,,,,Y,Y,-,"- ",1,1,2,0,0,0,0,0,0,"- ","- ",40.395709991455078,-120.52120208740234,LASSEN,UNINCORPORATED,-120.52151489257812,40.395793914794922
94353813,2024,2024-08-14,9140,2024-08-02,2210,023683,,5,3,9,1800,0,1,3,,2,034,SR-44,"MPM 11.30",1584.00,W,N,A,-,Y,LAS,,44," "," ",10.951,H,,R,Y,3,0,2,1,A,-,08,22107,,N,E,I,A,A,H,-,D,D,0,,,,,Y,,A,07,0,2,0,0,0,0,0,0,0,"- ","- ",40.625709533691406,-121.13555145263672,LASSEN,UNINCORPORATED,-121.13555145263672,40.625709533691406
94354045,2024,2024-08-14,9140,2024-08-07,1250,021043,,3,1,9,1800,0,3,5,,2,030,"RICHMOND ROAD","203 LAS 00.50",330.00,S,N,B,-,N,,,,,,,,,,Y,3,0,1,1,A,-,01,23152,A,N,E,8,A,A,H,-,A,D,0,,,,,Y,,A,01,0,1,0,0,0,0,0,0,0,"- ","- ",40.397930145263672,-120.65975189208984,LASSEN,UNINCORPORATED,,
94355815,2024,2024-08-15,9135,2024-08-10,1455,021571,,6,2,9,1800,0,1,3,,2,651,SR-299,"SUSANVILLE RD",0.00,,Y,A,-,Y,LAS,,299," "," ",14.923,H,,R,Y,4,0,1,2,A,-,12,22450,A,N,D,C,A,A,H,-,A,A,0,,,,,Y,,E,22,0,0,1,0,0,0,0,0,0,"- ","- ",41.132049560546875,-121.13189697265625,LASSEN,UNINCORPORATED,-121.13182830810547,41.131999969482422
94356300,2024,2024-08-15,9140,2024-08-14,"0   ",020806,,3,3,9,1800,0,1,3,,2,032,"STATE ROUTE 44","GOUMAZ ROAD",6864.00,W,N,A,-,Y,LAS,,44," "," ",29.055,H,,R,N,4,0,1,1,A,-,08,22107,,N,E,8,A,A,H,-,D,D,0,,,,,Y,,A,07,0,0,1,0,0,0,0,0,0,"- ","- ",40.448249816894531,-120.89470672607422,LASSEN,UNINCORPORATED,-120.89469146728516,40.448314666748047
94360665,2024,2024-08-19,9140,2024-08-12,"515 ",016169,,1,3,9,1800,0,1,2,,2,022,US-395,"RAM HORN SPRINGS ROAD",15840.00,S,N,A,-,Y,LAS,,395," "," ",97.588,H,,R,Y,4,0,1,1,A,-,08,22107,,N,E,I,A,A,H,-,B,D,0,,,,Y,Y,,-,"- ",0,0,1,0,0,0,0,0,0,"- ","- ",40.654510498046875,-120.27076721191406,LASSEN,UNINCORPORATED,-120.27075958251953,40.654518127441406
94362013,2024,2024-08-20,9140,2024-08-16,"640 ",020458,,5,1,9,1800,0,1,3,,2,034,SR-44,"HARVEY VALLEY RD.",1584.00,W,N,A,-,Y,LAS,,44," "," ",12.282,H,,R,N,4,0,1,1,A,-,05,21650,,N,E,J,A,A,H,-,A,D,0,,,,,Y,,D,22,0,0,1,0,0,0,0,0,0,"- ","- ",40.613960266113281,-121.11546325683594,LASSEN,UNINCORPORATED,-121.11550903320312,40.613914489746094
94362173,2024,2024-10-25,9140,2024-08-17,"906 ",020458,,6,1,9,1800,0,1,2,,2,013,US-395,"JETER RD.",0.00,,Y,A,-,Y,LAS,,395," "," ",50.793,H,,R,Y,4,0,1,2,A,-,09,21801,A,N,C,C,A,A,H,-,A,D,0,,,,,Y,,A,07,0,0,1,0,0,0,0,0,0,"- ","- ",40.270599365234375,-120.4786376953125,LASSEN,UNINCORPORATED,-120.47864532470703,40.270595550537109
94362221,2024,2024-08-20,9140,2024-08-19,1515,014553,,1,2,9,1800,0,3,5,,2,020,"COUNTY ROAD A27 (CENTER RD.)","RICE CANYON RD.",5808.00,W,N,A,-,N,,,,,,,,,,Y,3,0,2,1,A,-,08,22107,,N,E,I,A,A,H,-,A,D,0,,,,,Y,,A,07,0,2,0,0,0,0,0,0,0,"- ","- ",40.396610260009766,-120.54798126220703,LASSEN,UNINCORPORATED,-120.54692077636719,40.396583557128906
94364582,2024,2024-08-21,9140,2024-08-13,"835 ",021683,,2,1,9,1800,0,1,3,,2,012,"STATE ROUTE 36",US-395,5808.00,W,N,A,-,Y,LAS,,36," ",R,28.289,H,,R,Y,3,0,3,3,A,-,03,22350,,N,C,2,A,A,D,-,A,A,0,,,,,Y,,I,12,0,1,2,0,0,0,0,0,0,"- ","- ",40.388401031494141,-120.61015319824219,LASSEN,UNINCORPORATED,-120.61016082763672,40.388389587402344
94367590,2024,2024-08-23,9140,2024-08-22,"500 ",022593,,4,3,9,1800,0,1,3,,2,034,SR-44,"FOREST RTE 33N02",5280.00,W,N,A,-,Y,LAS,,44," "," ",11.506,H,,R,Y,4,0,1,1,A,-,08,22107,,N,E,I,A,A,H,-,B,D,0,,,,,Y,,D,22,0,0,1,0,0,0,0,0,0,"- ","- ",40.620819091796875,-121.12718200683594,LASSEN,UNINCORPORATED,-121.12715148925781,40.620849609375
94373911,2024,2024-08-28,9140,2024-08-22,1145,020458,,4,1,9,1800,0,3,5,,2,010,"MAIN ST.","CEMETARY LN.",0.00,,Y,A,-,N,,,,,,,,,,N,3,0,1,1,A,-,03,38305,,N,E,I,A,A,H,-,A,D,0,,,Y,,Y,,C,06,0,1,0,0,0,0,0,0,1,"- ","- ",40.300998687744141,-120.52980804443359,LASSEN,UNINCORPORATED,-120.52986907958984,40.300937652587891
94378753,2024,2024-09-03,9140,2024-08-25,2025,020806,,7,2,9,1800,0,1,3,,2,011,"STATE ROUTE 36","WILLARD CREEK ROAD",5280.00,W,N,A,-,Y,LAS,,36," "," ",15.583,H,,R,Y,2,0,2,1,A,-,08,22107,,N,F,0,A,A,H,-,C,D,0,,,,,Y,,A,01,1,1,0,0,0,0,0,0,0,"- ","- ",40.380790710449219,-120.80309295654297,LASSEN,UNINCORPORATED,-120.80312347412109,40.380832672119141
94384969,2024,2024-09-09,9140,2024-09-03,2010,016169,,2,2,9,1800,0,1,2,,2,013,US-395,"HONEY VIEW",3168.00,S,N,A,-,Y,LAS,,395," "," ",47.844,H,,R,Y,3,0,1,1,C,-,18,,,N,E,H,A,A,H,-,D,D,0,,,,,Y,,-,"- ",0,1,0,0,0,0,0,0,0,"- ","- ",40.235210418701172,-120.44705963134766,LASSEN,UNINCORPORATED,-120.44706726074219,40.235206604003906
94386862,2024,2024-09-09,9140,2024-09-04,1515,021683,,3,2,9,1800,0,1,3,,2,031,"STATE ROUTE 139","COUNTY ROAD A-1",850.00,N,N,A,-,Y,LAS,,139," "," ",31.080,H,,R,Y,3,0,1,1,A,-,08,22107,,N,E,I,A,A,H,-,A,D,0,,,,,Y,,A,01,0,1,0,0,0,0,0,0,0,"- ","- ",40.74224853515625,-120.71243286132812,LASSEN,UNINCORPORATED,-120.71246337890625,40.742240905761719
94395508,2024,2024-09-16,9170,2024-09-08,"30  ",019786,,7,3,9,1800,0,1,2,,1,001,US-395,"DRY CREEK ROAD",7920.00,S,N,A,-,Y,LAS,,395," "," ",134.768,H,,R,Y,2,0,1,1,A,-,01,23152,F,N,F,A,A,A,H,-,D,D,0,,,,,Y,,A,01,1,0,0,0,0,0,0,0,0,"- ","- ",41.127189636230469,-120.49619293212891,LASSEN,UNINCORPORATED,-120.49626159667969,41.127105712890625
94395884,2024,2024-09-16,9135,2024-09-12,1924,020908,,4,2,9,1800,0,1,3,,2,652,SR-139,"SUSANVILLE RD",10560.00,S,N,A,-,Y,LAS,,139," "," ",59.695,H,,R,Y,3,0,1,1,A,-,08,22107,,N,F,A,A,A,H,-,B,D,0,,,,,Y,,A,01,0,1,0,0,0,0,0,0,0,"- ","- ",41.091449737548828,-120.91143798828125,LASSEN,UNINCORPORATED,-120.91148376464844,41.091423034667969
94407172,2024,2024-09-25,9140,2024-09-24,1914,021888,,2,2,9,1800,0,3,5,,2,040,"DELWOOD STREET","AVENUE 5",90.00,S,N,A,-,N,,,,,,,,,,N,3,0,1,1,A,-,03,22350,,N,F,A,A,A,H,-,C,D,0,,,,,Y,,M,94,0,1,0,0,0,0,0,0,0,"- ","- ",40.298820495605469,-121.00438690185547,LASSEN,UNINCORPORATED,-121.00433349609375,40.298843383789062
94418271,2024,2024-10-03,9135,2024-09-27,1630,020224,,5,2,9,1800,0,1,3,,2,651,"PUMPKIN CENTER RD","FIR ST",180.00,S,N,A,-,N,,,,,,,,,,Y,3,0,1,1,A,-,08,22107,,N,F,A,A,A,H,-,A,D,0,,,,,Y,,A,01,0,1,0,0,0,0,0,0,0,"- ","- ",41.117591857910156,-121.13343811035156,LASSEN,UNINCORPORATED,-120.89861297607422,39.930110931396484
94418678,2024,2024-10-03,9140,2024-06-19,1040,019971,,3,1,9,1800,0,1,2,,2,014,"US 395","COUNTY ROAD A25",16896.00,N,N,A,-,Y,LAS,,395," "," ",37.733,H,,R,Y,1,1,1,2,A,-,03,22350,,N,C,C,A,A,H,-,A,D,0,,,,Y,Y,,G,25,0,1,0,0,0,0,0,0,0,"- ","- ",40.149929046630859,-120.29862213134766,LASSEN,UNINCORPORATED,-120.29861450195312,40.149932861328125
94424187,2024,2024-10-09,9140,2024-09-29,1600,021683,,7,2,9,1800,0,1,3,,2,011,"STATE ROUTE 36","WILLARD CREEK ROAD",3802.00,W,N,A,-,Y,LAS,,36," "," ",15.174,H,,R,Y,3,0,2,1,A,-,08,22107,,N,E,I,A,A,H,-,A,D,0,,,,,Y,,A,07,0,2,0,0,0,0,0,0,0,"- ","- ",40.375869750976562,-120.81294250488281,LASSEN,UNINCORPORATED,-120.81298828125,40.375930786132812
94427271,2024,2024-10-11,9140,2024-10-04,"613 ",024110,,5,1,3,1801,0,1,3,,2,011,SR-36,"DEVIL'S CORRAL TRAILHEAD ACCESS ROAD",552.00,E,N,A,-,Y,LAS,,36," ",R,17.655,H,,R,Y,3,0,1,1,A,-,08,22107,,N,E,I,A,A,H,-,D,D,0,,,,,Y,,A,01,0,1,0,0,0,0,0,0,0,"- ","- ",40.397468566894531,-120.77642822265625,LASSEN,SUSANVILLE,-120.77649688720703,40.397533416748047
94430468,2024,2024-10-14,9135,2024-10-07,2250,020224,,1,3,9,1800,0,1,3,,2,652,"RT 139","HAYDEN HILL CTF",1320.00,S,N,A,-,Y,LAS,,139," "," ",52.122,H,,R,Y,3,0,1,1,A,-,08,22107,,N,F,A,A,A,H,-,D,D,0,,,,Y,Y,,G,25,0,1,0,0,0,0,0,0,0,"- ","- ",41.013309478759766,-120.82321166992188,LASSEN,UNINCORPORATED,-120.82321929931641,41.013275146484375
94433932,2024,2024-10-16,9140,2024-10-01,1915,022593,,2,2,9,1800,0,1,2,,2,013,US-395,"MAIN ST.",500.00,S,N,A,-,Y,LAS,,395," "," ",55.095,H,,R,N,4,0,1,1,C,-,18,,,N,H,H,A,A,H,-,D,D,0,,,,,Y,,-,"- ",0,0,1,0,0,0,0,0,0,"- ","- ",40.313018798828125,-120.53704833984375,LASSEN,UNINCORPORATED,-120.53707122802734,40.313007354736328
94434340,2024,2024-10-17,9165,2024-09-01,1010,018622,,7,1,9,1800,0,1,3,,2,063,US-395,SR-70,8448.00,N,N,A,-,Y,LAS,,395," "," ",6.236,H,,R,Y,1,2,2,2,A,-,05,21460,A,N,F,0,A,A,H,-,A,D,0,,,Y,,Y,,D,22,0,0,2,0,0,0,0,2,0,"- ","- ",39.798458099365234,-120.03585815429688,LASSEN,UNINCORPORATED,-120.03580474853516,39.798450469970703
94439808,2024,2024-10-22,9140,2024-10-10,"930 ",019275,,4,1,9,1800,0,1,3,,2,031,SR-139,"482-500 SR-139",500.00,N,N,A,-,Y,LAS,,139," ",R,6.287,H,,R,Y,3,0,1,1,A,-,03,22350,,N,F,0,A,A,H,-,A,D,0,,,,Y,Y,,G,27,0,1,0,0,0,0,0,0,0,"- ","- ",40.457118988037109,-120.58226013183594,LASSEN,UNINCORPORATED,-120.58224487304688,40.457099914550781
94442952,2024,2024-10-23,9140,2024-10-13,1705,024111,,7,2,9,1800,0,1,2,,2,015,"US 395","COWBOY JOE RD (CENTER LINE)",149.00,N,N,A,-,Y,LAS,,395," "," ",28.566,H,,R,Y,3,0,1,2,A,-,01,23152,A,N,D,C,A,A,H,-,A,D,0,,,,,Y,Y,D,22,0,1,0,0,0,0,0,0,0,"- ","- ",40.079559326171875,-120.15309906005859,LASSEN,UNINCORPORATED,-120.15298461914062,40.079631805419922
94449880,2024,2024-10-29,9140,2024-10-21,"310 ",022593,,1,3,9,1800,0,1,2,,2,014,US-395,"HIXON LANE",500.00,S,N,A,-,Y,LAS,,395," "," ",40.815,H,,R,Y,4,0,1,1,C,-,18,,,N,H,H,A,A,H,-,D,D,0,,,,,Y,,-,"- ",0,0,1,0,0,0,0,0,0,"- ","- ",40.166191101074219,-120.35260772705078,LASSEN,UNINCORPORATED,-120.35261535644531,40.166175842285156
94464836,2024,2024-11-11,9165,2024-11-04,"504 ",019583,,1,3,9,1800,0,1,3,,2,063,US-395,"POZZOLAN PLANT ROAD",7392.00,S,N,A,-,Y,LAS,,395," "," ",8.595,H,,R,N,3,0,2,1,C,-,18,,,N,E,J,A,A,C,-,D,D,0,,,,,Y,,-,"- ",0,1,1,0,0,0,0,0,0,"- ","- ",39.832069396972656,-120.03806304931641,LASSEN,UNINCORPORATED,-120.03804779052734,39.832073211669922
94471866,2024,2024-11-15,9140,2024-10-24,"312 ",023792,,4,3,9,1800,0,1,2,,2,013,US-395,"395 MPM 52.00",400.00,S,N,A,-,Y,LAS,,395," "," ",51.889,H,,R,N,3,0,1,1,A,-,08,22107,,N,E,I,A,A,H,-,C,D,0,,,,,Y,,A,01,0,1,0,0,0,0,0,0,0,"- ","- ",40.283870697021484,-120.49030303955078,LASSEN,UNINCORPORATED,-120.49031829833984,40.283855438232422
94476068,2024,2024-11-19,9135,2024-11-11,1505,019257,,1,2,9,1800,0,1,3,,2,651,"STATE ROUTE 299","DAY ROAD",0.00,,Y,B,-,Y,LAS,,299," "," ",1.594,H,,R,Y,3,0,2,2,A,-,09,21801,A,N,A,C,A,B,H,-,A,D,0,,,,,Y,,A,01,0,2,0,0,0,0,0,0,0,"- ","- ",41.087879180908203,-121.31507110595703,LASSEN,UNINCORPORATED,-121.31499481201172,41.087806701660156
94480868,2024,2024-11-22,9140,2024-11-13,1558,023790,,3,2,9,1800,0,1,3,,2,032,"STATE ROUTE 44","MPM 44 LAS 24",121.00,E,N,B,D,Y,LAS,,44," "," ",24.028,H,,R,Y,2,0,2,1,A,-,03,22350,,N,E,I,A,C,E,-,A,D,0,,,,,Y,,A,07,1,1,0,0,0,0,0,0,0,"- ","- ",40.491279602050781,-120.96723175048828,LASSEN,UNINCORPORATED,-120.96732330322266,40.491214752197266
94481467,2024,2024-11-25,9140,2024-11-19,1340,024110,,2,1,9,1800,0,3,5,,2,030,"PAIUTE LANE","VALLEY VISTA",3168.00,N,N,B,-,N,,,,,,,,,,Y,4,0,2,1,A,-,08,22107,,N,E,I,A,A,H,-,A,D,0,,,,,Y,,A,07,0,0,2,0,0,0,0,0,0,"- ","- ",40.444549560546875,-120.664306640625,LASSEN,UNINCORPORATED,-120.66719818115234,40.443950653076172
94481621,2024,2024-11-25,9140,2024-11-13,1915,023683,,3,2,9,1800,0,1,2,,2,015,US-395,"DOYLE GRADE",500.00,S,N,G,-,Y,LAS,,395," ",R,22.750,H,,R,Y,4,0,1,1,A,-,03,22350,,N,F,A,A,A,H,-,D,D,0,,,,Y,Y,,G,25,0,0,1,0,0,0,0,0,0,"- ","- ",40.011188507080078,-120.09368896484375,LASSEN,UNINCORPORATED,-120.09373474121094,40.011150360107422
94482573,2024,2024-11-25,9170,2024-11-23,"755 ",020957,,6,1,9,1800,0,1,2,,1,001,US-395,"MILE MARKER 138.98",1500.00,S,N,B,-,Y,LAS,,395," "," ",138.839,H,,R,Y,3,0,1,1,A,-,03,22350,,N,E,8,A,C,H,-,A,D,0,,,,,Y,,D,22,0,1,0,0,0,0,0,0,0,"- ","- ",41.182079315185547,-120.50495147705078,LASSEN,UNINCORPORATED,-120.50492858886719,41.182079315185547
94482841,2024,2024-11-25,9140,2024-11-20,1300,021043,,3,1,9,1800,0,3,5,,2,040,"2ND STREET","FIR STREET",0.00,,Y,B,D,N,,,,,,,,,,N,4,0,1,2,A,-,03,22350,,F,G,B,E,C,H,-,A,D,0,Y,,,,Y,,-,99,0,0,1,0,1,0,0,0,0,"- ","- ",40.300140380859375,-121.0069580078125,LASSEN,UNINCORPORATED,-121.00688171386719,40.300136566162109
94488013,2024,2024-12-02,9140,2024-11-27,"610 ",024110,,3,1,9,1800,0,1,2,,2,014,"US 395","TUCKER ROAD",167.00,N,N,B,E,Y,LAS,,395," "," ",34.888,H,,R,Y,3,0,4,2,A,-,03,22350,,N,A,C,A,C,H,-,D,D,0,,,,,Y,,D,22,0,1,3,0,0,0,0,0,0,"- ","- ",40.128139495849609,-120.25306701660156,LASSEN,UNINCORPORATED,-120.25304412841797,40.128166198730469
94497498,2024,2024-12-13,9170,2024-12-07,1655,020957,,6,2,9,1800,0,1,2,,1,001,US-395,"MAIN STREET (MADELINE)",4000.00,S,N,A,-,Y,LAS,,395," "," ",128.204,H,,R,N,4,0,2,1,C,-,18,,,N,H,H,A,A,H,-,D,D,0,,,,,Y,,-,"- ",0,0,2,0,0,0,0,0,0,"- ","- ",41.039138793945312,-120.48108673095703,LASSEN,UNINCORPORATED,-120.48110961914062,41.039146423339844
94498727,2024,2024-12-13,9140,2024-11-23,1814,023834,,6,2,9,1800,0,1,3,,2,011,"STATE ROUTE 36","FREDONYER SNO-PARK",11616.00,E,N,B,-,Y,LAS,,36," "," ",13.793,H,,R,Y,4,0,1,1,A,-,03,22350,,N,E,8,A,C,H,-,D,D,0,,,,,Y,,A,01,0,0,1,0,0,0,0,0,0,"- ","- ",40.369678497314453,-120.83718872070312,LASSEN,UNINCORPORATED,-120.83712005615234,40.369731903076172
94500338,2024,2024-12-13,9140,2024-12-05,1720,021958,,4,2,9,1800,0,1,3,,2,012,SR36,US395,2640.00,W,N,E,-,Y,LAS,,36," ",R,28.929,H,,R,Y,2,0,2,2,A,-,09,21804,A,N,B,C,A,A,H,-,D,D,0,,,,,Y,,A,01,1,0,1,0,0,0,0,0,0,"- ","- ",40.383869171142578,-120.59956359863281,LASSEN,UNINCORPORATED,-120.59957122802734,40.383857727050781
94504449,2024,2024-12-16,9140,2024-11-28,1819,023834,,4,2,9,1800,0,1,3,,2,011,"STATE ROUTE 36","COUNTY ROAD A1",608.00,W,N,A,-,Y,LAS,,36," "," ",21.914,H,,R,Y,4,0,1,2,A,-,01,23152,F,N,D,C,A,A,H,-,D,D,0,,,,,Y,,A,01,0,0,1,0,0,0,0,0,0,"- ","- ",40.419399261474609,-120.70558166503906,LASSEN,UNINCORPORATED,-120.70555877685547,40.419345855712891
94504472,2024,2024-12-16,9140,2024-11-22,1730,023834,,5,2,9,1800,0,1,3,,2,031,"STATE ROUTE 139","MILE MARKER 38.5",500.00,N,N,C,-,Y,LAS,,139," "," ",38.616,H,,R,Y,3,0,1,1,A,-,08,22107,,N,F,0,A,B,H,-,D,D,0,,,,Y,Y,,G,25,0,1,0,0,0,0,0,0,0,"- ","- ",40.843509674072266,-120.75164794921875,LASSEN,UNINCORPORATED,-120.75170135498047,40.843490600585938
94506038,2024,2024-12-16,9140,2024-12-05,1750,023834,,4,2,9,1800,0,1,3,,2,012,"STATE ROUTE 36","RICHMOND ROAD",1288.00,W,N,E,-,Y,LAS,,36," ",R,29.143,H,,R,Y,3,0,1,4,A,-,03,22350,,N,C,C,A,A,C,-,B,D,0,,,,,Y,,D,22,0,1,0,0,0,0,0,0,0,"- ","- ",40.382358551025391,-120.59600067138672,LASSEN,UNINCORPORATED,-120.59602355957031,40.382328033447266
94512538,2024,2024-12-23,9140,2024-12-05,1750,023792,,4,2,9,1800,0,1,3,,2,012,US-36,US-395,1056.00,W,N,E,-,Y,LAS,,36," ",R,29.190,H,,R,N,4,0,2,2,A,-,03,22350,,N,C,C,A,A,H,-,C,D,0,,,,,Y,,D,22,0,0,2,0,0,0,0,0,0,"- ","- ",40.382038116455078,-120.59523010253906,LASSEN,UNINCORPORATED,-120.59526062011719,40.381999969482422
94512817,2024,2024-12-23,9140,2024-11-26,1830,022593,,2,2,9,1800,0,1,3,,2,011,SR-36,"EAGLE LAKE RD.",500.00,E,N,F,-,N,,,,,,,,,,Y,4,0,1,1,A,-,03,22350,,N,E,I,A,C,G,-,D,D,0,,,,,Y,,-,"- ",0,0,1,0,0,0,0,0,0,"- ","- ",40.420890808105469,-120.70172119140625,LASSEN,UNINCORPORATED,-120.70175933837891,40.420787811279297
94514286,2024,2024-12-23,9140,2024-12-22,1720,020458,,7,2,9,1800,0,1,2,,2,021,US-395,"COUNTY ROAD A27",0.00,,Y,B,-,Y,LAS,,395," "," ",72.923,H,,R,Y,4,0,3,2,A,-,12,22450,A,N,D,C,A,A,H,-,D,A,0,,,,Y,Y,,A,07,0,0,3,0,0,0,0,0,0,"- ","- ",40.382011413574219,-120.3857421875,LASSEN,UNINCORPORATED,-120.38573455810547,40.381980895996094
94514623,2024,2024-12-24,9140,2024-12-21,1133,023039,,6,1,9,1800,0,1,3,,2,032,"STATE ROUTE 44",A21,19430.00,E,N,B,D,Y,LAS,,44," "," ",22.951,H,,R,Y,3,0,1,1,A,-,03,22350,,N,E,I,A,C,E,-,A,D,0,,,,,Y,,A,01,0,1,0,0,0,0,0,0,0,"- ","- ",40.500190734863281,-120.98380279541016,LASSEN,UNINCORPORATED,-120.98382568359375,40.500167846679688
94517302,2024,2024-12-26,9140,2024-12-15,1700,023834,,7,2,3,1801,0,1,2,,2,021,"US ROUTE 395","CUT OFF ROAD",1665.00,N,N,A,-,Y,LAS,,395," "," ",72.316,H,,R,N,4,0,1,1,A,-,08,22107,,N,E,I,A,A,H,-,A,D,0,,,,,Y,,A,07,0,0,1,0,0,0,0,0,0,"- ","- ",40.377761840820312,-120.39495849609375,LASSEN,SUSANVILLE,-120.39493560791016,40.377712249755859
94525516,2024,2025-01-03,9140,2024-12-29,1015,021888,,7,1,9,1800,0,1,3,,2,031,SR-139,"MPM 139 LAS 20.50",700.00,N,N,D,-,Y,LAS,,139," "," ",20.600,H,,R,Y,3,0,1,1,A,-,03,22350,,N,E,I,A,C,E,-,A,D,0,,,,,Y,,A,01,0,1,0,0,0,0,0,0,0,"- ","- ",40.612838745117188,-120.64324951171875,LASSEN,UNINCORPORATED,-120.64332580566406,40.612838745117188
94535557,2025,2025-01-13,9140,2025-01-03,1200,023792,,5,1,9,1800,0,1,3,,2,011,SR-36,SR-44,1584.00,W,N,B,D,Y,LAS,,36," ",R,18.885,H,,R,N,3,0,1,1,A,-,03,22350,,N,E,I,A,C,E,-,A,D,0,,,,,Y,,D,22,0,1,0,0,0,0,0,0,0,"- ","- ",40.409950256347656,-120.76104736328125,LASSEN,UNINCORPORATED,-120.76104736328125,40.409942626953125
94535611,2025,2025-01-13,9140,2025-01-03,1733,020458,,5,2,9,1800,0,1,2,,2,022,US-395,"MPM 395 LAS 102.15",240.00,N,N,A,-,Y,LAS,,395," "," ",102.664,H,,R,Y,4,0,2,1,A,-,08,22107,,N,F,0,A,C,H,-,E,D,0,,,,,Y,,A,07,0,0,2,0,0,0,0,0,0,"- ","- ",40.724029541015625,-120.30825042724609,LASSEN,UNINCORPORATED,-120.30821228027344,40.724044799804688
94547964,2025,2025-01-23,9140,2025-01-21,1522,020458,,2,2,9,1800,0,3,5,,2,010,"OPEN DESERT",US-395,5280.00,E,N,A,-,N,,,,,,,,,,N,3,0,1,1,A,-,01,23152,A,M,F,A,A,A,H,-,A,D,0,,,Y,,Y,Y,C,02,0,1,0,0,0,0,0,0,1,"- ","- ",40.084518432617188,-120.13706970214844,LASSEN,UNINCORPORATED,,
94558201,2025,2025-02-03,9140,2025-01-23,"610 ",023790,,4,1,9,1800,0,1,2,,2,014,A-25,"FLAGLER BLVD",620.00,E,N,A,-,N,,,,,,,,,,Y,4,0,1,1,C,-,18,,,N,H,H,A,A,H,-,D,D,0,,,,,Y,,-,"- ",0,0,1,0,0,0,0,0,0,"- ","- ",40.14385986328125,-120.145263671875,LASSEN,UNINCORPORATED,,
94562901,2025,2025-02-03,9135,2025-01-26,"325 ",020908,,7,3,9,1800,0,1,3,,2,652,SR-139,"HAYDEN HILL RD",9504.00,S,N,A,-,Y,LAS,,139," "," ",52.121,H,,R,Y,1,1,0,1,A,-,08,22107,,N,E,8,A,A,H,-,D,D,0,,,,,Y,,D,22,0,0,0,0,0,0,0,0,0,"- ","- ",41.013278961181641,-120.82319641113281,LASSEN,UNINCORPORATED,-120.82320404052734,41.013271331787109
94575380,2025,2025-02-12,9140,2025-02-03,1810,024111,,1,2,9,1800,0,1,2,,2,013,"US 395","MAIN STREET",1584.00,N,N,B,C,Y,LAS,,395," "," ",55.385,H,,R,Y,4,0,2,2,A,-,04,21703,,N,C,C,A,B,H,-,D,D,0,,,,,Y,,A,01,0,0,2,0,0,0,0,0,0,"- ","- ",40.316871643066406,-120.54163360595703,LASSEN,UNINCORPORATED,-120.54167938232422,40.316841125488281
94581250,2025,2025-02-17,9165,2025-02-13,"605 ",018622,,4,1,9,1800,0,1,3,,2,060,SR-70,"PHILLIPS RD",6336.00,W,N,D,-,Y,LAS,,70," "," ",0.320,H,,R,N,2,0,1,1,A,-,03,22350,,N,E,8,A,C,H,-,B,D,0,,,,,Y,,A,01,1,0,0,0,0,0,0,0,0,"- ","- ",39.790298461914062,-120.10256195068359,LASSEN,UNINCORPORATED,-120.10256195068359,39.790275573730469
94588019,2025,2025-02-24,9140,2025-02-04,1815,022593,,2,2,9,1800,0,1,3,,2,011,SR-36,"MPM 12.30 LAS",500.00,W,N,D,-,Y,LAS,,36," "," ",12.264,H,,R,N,4,0,1,2,B,-,22,,,N,G,B,E,C,D,-,C,A,0,Y,,,,Y,,M,50,0,0,1,0,1,0,0,0,0,"- ","- ",40.362079620361328,-120.85987091064453,LASSEN,UNINCORPORATED,-120.85986328125,40.362045288085938
94588462,2025,2025-02-24,9140,2025-01-26,1440,023039,,7,2,3,1801,0,1,3,,2,011,"HIGHWAY 36","COPPERVALE SKI RESORT",423.00,E,N,A,-,Y,LAS,,36," "," ",9.449,H,,R,N,4,0,1,1,A,-,08,22107,,N,E,8,A,A,H,-,A,D,0,,,,,Y,,A,01,0,0,1,0,0,0,0,0,0,"- ","- ",40.348228454589844,-120.90213775634766,LASSEN,SUSANVILLE,-120.90213775634766,40.348220825195312
94599943,2025,2025-03-18,9170,2025-03-06,2105,020957,,4,2,9,1800,0,1,2,,1,001,US-395,"COUNTY ROAD 513 (TERMO GRASSHOPPER ROAD)",10.00,S,N,A,-,Y,LAS,,395," "," ",115.101,H,,R,Y,4,0,2,1,A,-,08,22107,,N,E,I,A,A,H,-,D,D,0,,,,,Y,,D,22,0,0,2,0,0,0,0,0,0,"- ","- ",40.864959716796875,-120.45916748046875,LASSEN,UNINCORPORATED,-120.45924377441406,40.864917755126953
94600114,2025,2025-03-18,9140,2025-02-22,"600 ",023792,,6,1,9,1800,0,3,5,,2,010,"LAURA DRIVE","WILLOW DRIVE",177.00,S,N,A,-,N,,,,,,,,,,Y,2,0,1,1,A,-,03,22350,,N,E,8,A,A,H,-,B,D,0,,,,,Y,,A,01,1,0,0,0,0,0,0,0,0,"- ","- ",40.029399871826172,-120.11003112792969,LASSEN,UNINCORPORATED,-120.12322235107422,40.041160583496094
94601528,2025,2025-03-18,9135,2025-03-04,1535,020908,,2,2,9,1800,0,3,5,,2,007,"OLD HIGHWAY RD",SR-299,528.00,S,N,A,-,N,,,,,,,,,,Y,3,0,1,1,A,-,01,23152,A,N,E,I,A,A,H,-,A,D,0,,,,,Y,Y,A,01,0,1,0,0,0,0,0,0,0,"- ","- ",41.092350006103516,-121.27712249755859,LASSEN,UNINCORPORATED,-121.27751922607422,41.092906951904297
94605098,2025,2025-03-18,9135,2025-03-12,1225,022791,,3,1,9,1800,0,3,5,,2,007,"SUSANVILLE ROAD","ARMSTRONG RD",8976.00,W,N,G,-,N,,,,,,,,,,Y,3,0,1,1,A,-,08,22107,,N,E,I,A,A,H,-,A,D,0,,,,,Y,,A,01,0,1,0,0,0,0,0,0,0,"- ","- ",41.117168426513672,-120.95999145507812,LASSEN,UNINCORPORATED,-120.96007537841797,41.117122650146484
94606672,2025,2025-03-18,9140,2025-02-20,1450,023792,,4,2,9,1800,0,1,3,,2,034,SR-44,"MPM 7.00",528.00,E,N,C,-,Y,LAS,,44," "," ",7.088,H,,R,Y,2,0,1,1,A,-,08,22107,,N,E,8,A,A,H,-,A,D,0,,,,Y,Y,,G,25,1,0,0,0,0,0,0,0,0,"- ","- ",40.653488159179688,-121.1973876953125,LASSEN,UNINCORPORATED,-121.19737243652344,40.653541564941406
94607470,2025,2025-03-18,9165,2025-03-05,2122,023868,,3,2,9,1800,0,1,3,,2,060,SR-70,"CONESTOGA DRIVE",4224.00,E,N,D,-,Y,LAS,,70," "," ",0.577,H,,R,Y,3,0,2,1,A,-,03,22350,,N,F,A,A,C,H,-,D,D,0,,,,,Y,,A,07,0,2,0,0,0,0,0,0,0,"- ","- ",39.789859771728516,-120.09754943847656,LASSEN,UNINCORPORATED,-120.09754943847656,39.789875030517578
94612659,2025,2025-03-21,9140,2025-02-28,1810,023683,,5,2,9,1800,0,3,5,,2,030,"ALTA DR","CEDAR WAY",300.00,N,N,A,-,N,,,,,,,,,,N,3,0,1,2,A,-,09,21804,A,N,B,C,A,A,H,-,D,D,0,,,Y,,Y,,A,01,0,1,0,0,0,0,0,0,1,"- ","- ",40.434318542480469,-120.74662017822266,LASSEN,UNINCORPORATED,-120.74659729003906,40.434574127197266
94625125,2025,2025-03-25,9140,2025-03-18,1055,021683,,2,1,9,1800,0,1,3,,2,011,"STATE ROUTE 36","FOREST SERVICE ROAD 30N29D",1690.00,W,N,A,-,Y,LAS,,36," "," ",10.143,H,,R,Y,4,0,1,1,A,-,03,22350,,N,F,8,A,C,B,-,A,D,0,,,,Y,Y,,G,25,0,0,1,0,0,0,0,0,0,"- ","- ",40.353389739990234,-120.89212036132812,LASSEN,UNINCORPORATED,-120.89217376708984,40.353427886962891
94632616,2025,2025-04-01,9170,2025-03-28,1820,020957,,5,2,9,1800,0,1,2,,1,001,US-395,"MAIN STREET (MADELINE)",2500.00,S,N,C,-,Y,LAS,,395," "," ",128.538,H,,R,Y,4,0,2,1,A,-,03,22350,,N,F,A,A,B,H,-,A,D,0,,,,,Y,,A,07,0,0,2,0,0,0,0,0,0,"- ","- ",41.043891906738281,-120.47881317138672,LASSEN,UNINCORPORATED,-120.47887420654297,41.043907165527344
94633377,2025,2025-04-01,9140,2025-04-01,"632 ",020458,,2,1,9,1800,0,1,2,,2,015,US-395,"HALL RD.",5808.00,S,N,B,D,Y,LAS,,395," ",R,18.657,H,,R,Y,4,0,1,1,A,-,03,22350,,N,F,A,A,C,H,-,B,D,0,,,,,Y,,D,22,0,0,1,0,0,0,0,0,0,"- ","- ",39.965560913085938,-120.04737091064453,LASSEN,UNINCORPORATED,-120.0472412109375,39.965644836425781
94639484,2025,2025-04-07,9170,2025-04-02,"705 ",017913,,3,1,9,1800,0,1,2,,1,001,US-395,"ASH VALLEY ROAD",3696.00,N,N,B,-,Y,LAS,,395," "," ",129.932,H,,R,Y,4,0,1,1,A,-,03,22350,,N,E,I,A,C,H,-,A,A,0,,,,,Y,,D,22,0,0,1,0,0,0,0,0,0,"- ","- ",41.063938140869141,-120.47261047363281,LASSEN,UNINCORPORATED,-120.47256469726562,41.063938140869141
94643113,2025,2025-04-09,9140,2025-04-01,"911 ",020502,,2,1,9,1800,0,1,3,,2,032,"STATE ROUTE 44","BIG SPRING ROAD",860.00,W,N,D,-,Y,LAS,,44," ",R,32.101,H,,R,Y,3,0,2,2,A,-,03,22350,,N,C,C,A,C,B,-,A,D,0,,,,Y,Y,,D,22,0,2,0,0,0,0,0,0,0,"- ","- ",40.439010620117188,-120.83856201171875,LASSEN,UNINCORPORATED,-120.83855438232422,40.439044952392578
94643232,2025,2025-04-09,9140,2025-03-31,2345,022593,,1,3,9,1800,0,1,3,,2,011,SR-36,"THUMPER HILL RD.",50.00,E,N,D,-,Y,LAS,,36," "," ",21.396,H,,R,N,3,0,1,1,A,-,03,22350,,N,F,A,A,C,H,-,D,D,0,,,,,Y,,D,22,0,1,0,0,0,0,0,0,0,"- ","- ",40.417388916015625,-120.71478271484375,LASSEN,UNINCORPORATED,-120.71475982666016,40.417331695556641
94643266,2025,2025-04-09,9140,2025-03-19,"840 ",021265,,3,1,9,1800,0,1,S,,2,604,SR-44,RTE36N18,12408.00,W,N,B,-,Y,LAS,,44," "," ",0.028,H,,R,Y,2,0,1,1,A,-,08,22107,,N,E,I,A,B,H,-,A,D,0,,,,,Y,,A,01,1,0,0,0,0,0,0,0,0,"- ","- ",40.654979705810547,-121.32186126708984,LASSEN,UNINCORPORATED,-121.32186126708984,40.654979705810547
94644752,2025,2025-08-28,9140,2025-01-30,"541 ",019275,,4,3,9,1800,0,1,2,,2,013,US-395,"DIANE DRIVE",5808.00,S,N,A,-,Y,LAS,,395," "," ",59.225,H,,R,Y,1,1,0,3,A,-,03,22350,,N,G,1,E,A,H,-,D,D,0,Y,,,,Y,,A,07,0,0,0,1,0,0,0,0,0,"- ","- ",40.362518310546875,-120.56719207763672,LASSEN,UNINCORPORATED,-120.56721496582031,40.362506866455078
94647255,2025,2025-04-14,9140,2025-04-10,1105,024473,,4,1,9,1800,0,1,3,,2,011,SR36,"HAMILTON MOUNTAIN RD",5280.00,W,N,A,-,N,,,,,,,,,,Y,3,0,1,1,A,-,08,22107,,N,E,9,A,A,H,-,A,D,0,,,,,Y,,D,22,0,1,0,0,0,0,0,0,0,"- ","- ",40.354938507080078,-120.88153076171875,LASSEN,UNINCORPORATED,-120.88561248779297,40.356719970703125
94647439,2025,2025-04-14,9140,2025-04-07,"935 ",024477,,1,1,9,1800,0,3,5,,2,010,"RED ROCK ROAD","US 395",0.00,,Y,A,-,N,,,,,,,,,,Y,3,0,2,2,A,-,09,21802,A,N,D,C,A,A,H,-,A,A,0,,,,,Y,,E,22,0,2,0,0,0,0,0,0,0,"- ","- ",39.909561157226562,-120.01329040527344,LASSEN,UNINCORPORATED,-120.01329040527344,39.909564971923828
94655712,2025,2025-04-21,9140,2025-04-15,1430,024477,,2,2,9,1800,0,3,5,,2,030,"COUNTY ROAD A1","ALTA DR",19008.00,N,N,A,-,N,,,,,,,,,,Y,3,0,1,1,A,-,08,22107,,N,E,I,A,A,H,-,A,A,0,,,,,Y,,D,22,0,1,0,0,0,0,0,0,0,"- ","- ",40.476039886474609,-120.75021362304688,LASSEN,UNINCORPORATED,-120.74993896484375,40.476268768310547
94656710,2025,2025-04-21,9135,2025-04-09,"415 ",020908,,3,3,9,1800,0,1,3,,2,651,SR-299,"OLD HIGHWAY RD",6864.00,E,N,A,-,Y,LAS,,299," "," ",5.199,H,,R,Y,3,0,1,1,A,-,08,22107,,F,E,8,A,A,H,-,D,D,0,,,,,Y,,A,01,0,1,0,0,0,0,0,0,0,"- ","- ",41.080291748046875,-121.26310729980469,LASSEN,UNINCORPORATED,-121.26305389404297,41.080326080322266
94663361,2025,2025-04-24,9140,2025-03-16,2500,023834,,7,4,9,1800,0,1,3,,2,031,"STATE ROUTE 139","MILE MARKER 23.5",437.00,S,N,D,-,Y,LAS,,139," "," ",23.483,H,,R,Y,2,0,1,1,A,-,08,22107,,N,E,8,A,B,H,-,D,D,0,,,,,Y,,-,"- ",1,0,0,0,0,0,0,0,0,"- ","- ",40.649818420410156,-120.65785217285156,LASSEN,UNINCORPORATED,-120.65777587890625,40.649814605712891
94674377,2025,2025-05-05,9140,2025-04-28,1131,024476,,1,1,9,1800,0,1,2,,2,013,"COUNTY ROAD A3","US 395",0.00,,Y,A,-,Y,LAS,,395," "," ",51.869,H,,R,Y,4,0,1,2,A,-,09,21802,A,N,D,C,A,A,H,-,A,A,0,,,,,Y,,D,22,0,0,1,0,0,0,0,0,0,"- ","- ",40.283641815185547,-120.49008178710938,LASSEN,UNINCORPORATED,-120.49008178710938,40.283638000488281
94680344,2025,2025-05-08,9140,2025-04-24,"734 ",024473,,4,1,9,1800,0,1,3,,2,032,"STATE ROUTE 44","COUNTY ROAD A21",14256.00,E,N,A,-,Y,LAS,,44," "," ",21.993,H,,R,Y,4,0,1,1,A,-,01,23152,F,N,E,I,A,A,H,-,A,D,0,,,,,Y,,A,07,0,0,1,0,0,0,0,0,0,"- ","- ",40.5081787109375,-120.99859619140625,LASSEN,UNINCORPORATED,-120.99846649169922,40.508327484130859
94680377,2025,2025-05-08,9140,2025-05-06,1423,021043,,2,2,9,1800,0,1,3,,2,042,"STATE ROUTE 147","COUNTY ROAD A21",170.00,S,N,A,-,Y,LAS,,147," "," ",1.124,H,,R,Y,3,0,2,2,A,-,05,21460,,N,A,C,A,A,H,-,A,D,0,,,,,Y,,A,01,0,1,1,0,0,0,0,0,0,"- ","- ",40.301799774169922,-121.04647827148438,LASSEN,UNINCORPORATED,-121.04649353027344,40.301815032958984
94686948,2025,2025-05-14,9140,2025-05-04,1602,024477,,7,2,9,1800,0,1,2,,2,015,"US 395","RED ROCK ROAD",1056.00,N,N,A,-,Y,LAS,,395," "," ",14.584,H,,R,Y,2,0,2,2,A,-,01,23152,A,N,A,C,A,A,H,-,A,D,0,,,,,Y,Y,A,01,1,1,0,0,0,0,0,0,0,"- ","- ",39.912841796875,-120.01495361328125,LASSEN,UNINCORPORATED,-120.01493072509766,39.912845611572266
94687653,2025,2025-05-14,9140,2025-05-05,1030,024476,,1,1,9,1800,0,1,3,,2,011,SR-36,"FREDONYER SNOWMOBILE PARK",3854.00,E,N,G,-,Y,LAS,,36," "," ",11.939,H,,R,Y,4,0,1,2,A,-,01,23152,A,N,C,C,A,A,D,-,A,A,0,,,,,Y,Y,A,07,0,0,1,0,0,0,0,0,0,"- ","- ",40.359451293945312,-120.86670684814453,LASSEN,UNINCORPORATED,-120.86674499511719,40.359466552734375
94693994,2025,2025-05-20,9140,2025-05-11,1306,024473,,7,1,9,1800,0,1,2,,2,015,"US 395","S. CONSTANTIA RD",0.00,,Y,G,-,Y,LAS,,395," ",R,17.375,H,,R,N,2,0,1,2,A,-,03,22350,,N,C,C,A,A,H,-,A,D,0,,,Y,Y,Y,,G,25,1,0,0,0,0,0,0,0,1,"- ","- ",39.950309753417969,-120.03067016601562,LASSEN,UNINCORPORATED,-120.03071594238281,39.950279235839844
94702286,2025,2025-05-27,9140,2025-05-19,1520,024477,,1,2,9,1800,0,1,3,,2,034,"STATE ROUTE 44 WEST OF FOREST ROUTE 33N02","FOREST ROUTE 33N02",491.00,W,N,A,-,Y,LAS,,44," "," ",12.394,H,,R,Y,2,0,2,2,A,-,05,21460,A,N,A,C,A,A,H,-,A,D,0,,,,,Y,,A,01,2,0,0,0,0,0,0,0,0,"- ","- ",40.612751007080078,-121.11403656005859,LASSEN,UNINCORPORATED,-121.11398315429688,40.612789154052734
94703110,2025,2025-05-28,9140,2025-05-25,1159,024477,,7,1,9,1800,0,1,2,,2,022,"US 395","SPANISH SPRINGS ROAD",2112.00,S,N,A,-,Y,LAS,,395," "," ",102.058,H,,R,Y,3,0,1,1,A,-,08,22107,,N,F,A,A,A,H,-,A,D,0,,,Y,,Y,,C,02,0,1,0,0,0,0,0,0,1,"- ","- ",40.715309143066406,-120.30431365966797,LASSEN,UNINCORPORATED,-120.30424499511719,40.715328216552734
94703941,2025,2025-05-28,9140,2025-05-15,1800,024476,,4,2,9,1800,0,3,5,,2,010,"PINE STREET","CHRISTIE STREET",500.00,N,N,B,-,N,,,,,,,,,,N,4,0,1,1,A,-,08,22107,,M,E,I,A,A,H,-,B,D,0,,,Y,,Y,,C,06,0,0,1,0,0,0,0,0,1,"- ","- ",40.302188873291016,-120.53530883789062,LASSEN,UNINCORPORATED,-120.53401184082031,40.301017761230469
94709042,2025,2025-06-02,9140,2025-05-21,"800 ",023039,,3,1,9,1800,0,3,5,,2,010,"CENTER ROAD","LEAVITT LANE",430.00,W,N,A,-,N,,,,,,,,,,Y,4,0,1,2,A,-,06,21750,,N,B,C,A,A,H,-,A,D,0,,,,,Y,,A,01,0,0,1,0,0,0,0,0,0,"- ","- ",40.395889282226562,-120.52294921875,LASSEN,UNINCORPORATED,-120.52322387695312,40.395862579345703
94712666,2025,2025-06-04,9135,2025-05-26,2220,021571,,1,3,9,1800,0,1,3,,2,652,SR-139,"SUSANVILLE RD",15840.00,S,N,A,-,Y,LAS,,139," "," ",57.942,H,,R,Y,4,0,1,1,A,-,08,22107,,M,E,I,A,A,H,-,D,D,0,,,,,Y,,A,07,0,0,1,0,0,0,0,0,0,"- ","- ",41.075218200683594,-120.88981628417969,LASSEN,UNINCORPORATED,-120.88987731933594,41.075172424316406
94712747,2025,2025-06-04,9135,2025-05-29,1325,022791,,4,1,9,1800,0,3,5,,2,006,"DAY ROAD","DAY PIT ROAD",1584.00,N,N,A,-,N,,,,,,,,,,Y,3,0,1,1,A,-,08,22107,,N,E,I,A,A,H,-,A,D,0,,,,,Y,,A,07,0,1,0,0,0,0,0,0,0,"- ","- ",41.141971588134766,-121.34716033935547,LASSEN,UNINCORPORATED,-121.33165740966797,41.117843627929688
94714360,2025,2025-06-05,9140,2025-06-03,2110,024111,,2,2,9,1800,0,1,3,,2,011,SR-36,"SR-36 MPM 11.05",600.00,W,N,A,-,Y,,,,,,,,,,N,4,0,1,1,A,-,08,22107,,N,E,I,A,A,H,-,D,D,0,,,,,Y,,A,01,0,0,1,0,0,0,0,0,0,"- ","- ",40.354148864746094,-120.88082885742188,LASSEN,UNINCORPORATED,-120.66522979736328,40.417575836181641
94717501,2025,2025-06-09,9140,2025-05-21,1605,023039,,3,2,9,1800,0,1,2,,2,015,"HIGHWAY 395","SOUTH CONSTANTIA ROAD",5142.00,N,N,A,-,Y,LAS,,395," ",R,18.426,H,,R,Y,3,0,2,1,A,-,08,22107,,N,F,A,A,A,H,-,A,D,0,,,,,Y,,E,22,0,2,0,0,0,0,0,0,0,"- ","- ",39.962848663330078,-120.04431915283203,LASSEN,UNINCORPORATED,-120.04428100585938,39.962871551513672
94726176,2025,2025-06-16,9140,2025-06-02,"800 ",024473,,1,1,9,1800,0,3,5,,2,010,"DOYLE GRADE","WOKEN LANE",5280.00,W,N,A,-,N,,,,,,,,,,N,3,0,1,1,A,-,08,22107,,N,F,A,A,A,H,-,B,D,0,,,Y,,Y,,C,06,0,1,0,0,0,0,0,0,1,"- ","- ",40.025470733642578,-120.17652893066406,LASSEN,UNINCORPORATED,,
94727154,2025,2025-06-16,9140,2025-06-13,1502,016169,,5,2,9,1800,0,1,3,,2,041,"SR-36 E/O WESTWOOD","LASSEN A-21",3696.00,E,N,A,-,Y,LAS,,36," "," ",4.647,H,,R,Y,2,0,1,1,A,-,08,22107,,N,E,8,A,A,H,-,A,D,0,,,,,Y,,-,"- ",1,0,0,0,0,0,0,0,0,"- ","- ",40.31610107421875,-120.97499847412109,LASSEN,UNINCORPORATED,-120.97500610351562,40.316131591796875
94727942,2025,2025-06-16,9140,2025-05-31,1818,023834,,6,2,9,1800,0,3,5,,2,010,"JANESVILLE GRADE","COLLIER BLUFF",3045.00,S,N,A,-,N,,,,,,,,,,Y,3,0,1,1,A,-,03,22350,,N,E,I,A,A,H,-,A,D,0,,,,,Y,,E,22,0,1,0,0,0,0,0,0,0,"- ","- ",40.265209197998047,-120.52642822265625,LASSEN,UNINCORPORATED,,
94728478,2025,2025-06-17,9135,2025-05-30,1000,020224,,5,1,9,1800,0,1,3,,2,651,"4TH STREET","RT 299",100.00,S,N,A,-,N,,,,,,,,,,N,3,0,1,1,A,-,01,23152,A,N,F,I,A,A,H,-,A,D,0,,,,,Y,Y,A,01,0,1,0,0,0,0,0,0,0,"- ","- ",41.096519470214844,-121.18060302734375,LASSEN,UNINCORPORATED,-121.18080139160156,41.096588134765625
94735742,2025,2025-06-23,9135,2025-06-10,2020,020224,,2,2,9,1800,0,1,3,,2,651,SR-299,"DAY RD",1320.00,W,N,A,-,Y,LAS,,299," "," ",0.944,H,,R,Y,3,0,1,1,A,-,01,23152,A,N,F,A,A,A,H,-,A,D,0,,,,,Y,Y,D,22,0,1,0,0,0,0,0,0,0,"- ","- ",41.079311370849609,-121.31716156005859,LASSEN,UNINCORPORATED,-121.31695556640625,41.079360961914062
94735985,2025,2025-06-23,9140,2025-06-09,2130,022593,,1,2,9,1800,0,3,5,,2,030,"BYERS PASS ROAD","CAROLYN WAY",1000.00,N,N,B,-,N,,,,,,,,,,N,3,0,1,1,A,-,08,22107,,N,F,A,A,A,H,-,D,D,0,,,Y,,Y,,C,06,0,1,0,0,0,0,0,0,1,"- ","- ",40.315910339355469,-120.48278045654297,LASSEN,UNINCORPORATED,-120.48330688476562,40.316371917724609
94737699,2025,2025-06-24,9140,2025-06-20,"830 ",024605,,5,1,9,1800,0,1,3,,2,012,"STATE ROUTE 36","MCGOWAN LN.",5808.00,E,N,A,-,Y,LAS,,36," ",R,28.171,H,,R,N,3,0,1,1,A,-,03,22350,,N,E,J,A,A,C,-,A,D,0,,,Y,,Y,,-,"- ",0,1,0,0,0,0,0,0,1,"- ","- ",40.389228820800781,-120.61209869384766,LASSEN,UNINCORPORATED,-120.61211395263672,40.389217376708984
94740909,2025,2025-06-26,9135,2025-06-20,2100,022791,,5,2,9,1800,0,1,3,,2,651,SR-299,"OLD HIGHWAY ROAD",6864.00,W,N,A,-,Y,LAS,,299," "," ",2.639,H,,R,Y,2,0,1,1,A,-,08,22107,,N,F,A,A,A,H,-,D,D,0,,,,,Y,,D,22,1,0,0,0,0,0,0,0,0,"- ","- ",41.096889495849609,-121.29924011230469,LASSEN,UNINCORPORATED,-121.29927825927734,41.096923828125
94741337,2025,2025-06-26,9140,2025-06-20,1112,023790,,5,1,9,1800,0,1,3,,2,032,"STATE ROUTE 44","JENSEN HILL RD.",1690.00,W,N,A,-,Y,LAS,,44," "," ",35.366,H,,R,N,3,0,1,2,A,-,03,22350,,N,C,C,A,A,H,-,A,D,0,,,Y,,Y,,C,02,0,1,0,0,0,0,0,0,1,"- ","- ",40.421199798583984,-120.78614044189453,LASSEN,UNINCORPORATED,-120.78617858886719,40.421184539794922
94743345,2025,2025-06-30,9140,2025-06-19,2105,023834,,4,2,9,1800,0,1,3,,2,031,"STATE ROUTE 139","MILE MARKER 17.6",200.00,S,N,A,-,Y,LAS,,139," "," ",17.540,H,,R,N,3,0,1,1,C,-,18,,,N,H,H,A,A,H,-,D,D,0,,,,,Y,,-,"- ",0,1,0,0,0,0,0,0,0,"- ","- ",40.570728302001953,-120.64208221435547,LASSEN,UNINCORPORATED,-120.64212799072266,40.570728302001953
94746685,2025,2025-07-07,9165,2025-06-29,1005,024596,,7,1,9,1800,0,1,3,,2,062,US-395,"LONG VALLEY AG INSPECTION STATION",4646.00,S,N,A,-,Y,LAS,,395," ",R,0.613,H,,R,Y,3,0,2,1,A,-,03,22350,,N,E,J,A,A,H,-,A,D,0,,,,,Y,,A,01,0,2,0,0,0,0,0,0,0,"- ","- ",39.717151641845703,-120.03723907470703,LASSEN,UNINCORPORATED,-120.03719329833984,39.717155456542969
94748366,2025,2025-07-07,9135,2025-06-26,1830,022791,,4,2,9,1800,0,1,3,,2,652,"SUSANVILLE ROAD","PLUMB ROAD",1056.00,E,N,A,-,N,,,,,,,,,,Y,3,0,1,1,A,-,08,22107,,N,E,I,A,A,H,-,A,D,0,,,,Y,Y,,G,25,0,1,0,0,0,0,0,0,0,"- ","- ",41.117111206054688,-120.96527099609375,LASSEN,UNINCORPORATED,-120.96727752685547,41.117336273193359
94755092,2025,2025-07-09,9140,2025-06-19,"719 ",023039,,4,1,9,1800,0,3,5,,2,030,"RICHMOND ROAD","BANTLEY DRIVE",1584.00,W,N,A,-,N,,,,,,,,,,Y,2,0,1,2,A,-,06,21750,,N,D,C,A,A,H,-,A,D,0,,,Y,,Y,,C,02,1,0,0,0,0,0,0,0,1,"- ","- ",40.376251220703125,-120.60984039306641,LASSEN,UNINCORPORATED,-120.60974884033203,40.376201629638672
94755448,2025,2025-07-09,9140,2025-01-30,"540 ",021888,,4,3,9,1800,0,1,2,,2,013,"UNITED STATES ROUTE 395 (US-395)","DIANE DRIVE",5808.00,S,N,A,-,Y,LAS,,395," "," ",59.224,H,,R,Y,1,2,0,2,A,-,06,21751,,N,A,C,A,A,H,-,D,D,0,,,,,Y,,A,07,0,0,0,0,0,0,0,0,0,"- ","- ",40.362510681152344,-120.56716918945312,LASSEN,UNINCORPORATED,-120.56720733642578,40.362491607666016
94760367,2025,2025-07-14,9140,2025-07-04,1445,024573,,5,2,9,1800,0,1,3,,2,034,SR-44,"BOGARD RS SPUR",2112.00,W,N,A,-,Y,LAS,,44," "," ",13.402,H,,R,N,2,0,1,1,A,-,08,22107,,N,E,I,A,A,H,-,A,D,0,,,,Y,Y,,G,25,1,0,0,0,0,0,0,0,0,"- ","- ",40.600898742675781,-121.10311126708984,LASSEN,UNINCORPORATED,-121.10303497314453,40.600940704345703
94764092,2025,2025-07-16,9140,2025-06-23,1835,024110,,1,2,9,1800,0,1,3,,2,041,SR-36,"MOONEY ROAD",8026.00,E,N,A,-,Y,LAS,,36," "," ",5.216,H,,R,Y,3,0,4,1,A,-,01,23152,A,N,E,I,A,A,H,-,A,D,0,,,,,Y,Y,A,07,0,4,0,0,0,0,0,0,0,"- ","- ",40.316688537597656,-120.96415710449219,LASSEN,UNINCORPORATED,-120.96416473388672,40.316730499267578
94769312,2025,2025-07-21,9140,2025-07-13,"215 ",023834,,7,3,9,1800,0,3,5,,2,010,"WENDEL RD","HELMAN RD",4406.00,E,N,A,-,N,,,,,,,,,,Y,4,0,1,1,C,-,18,,,N,H,H,A,A,H,-,D,D,0,,,,,Y,,-,"- ",0,0,1,0,0,0,0,0,0,"- ","- ",40.35028076171875,-120.19461059570312,LASSEN,UNINCORPORATED,-120.19466400146484,40.350345611572266
94769320,2025,2025-07-21,9140,2025-07-14,2023,024110,,1,2,9,1800,0,1,3,,2,041,SR-36,SR-147,2256.00,E,N,A,-,Y,LAS,,36," "," ",1.192,H,,R,Y,3,0,1,1,A,-,08,22107,,N,F,A,A,A,H,-,B,D,0,,,,,Y,,A,01,0,1,0,0,0,0,0,0,0,"- ","- ",40.311550140380859,-121.04045867919922,LASSEN,UNINCORPORATED,-121.04046630859375,40.311603546142578
94769331,2025,2025-07-21,9140,2025-07-12,1601,023039,,6,2,9,1800,0,1,2,,2,015,"US HIGHWAY 395","CONSTANTIA ROAD (SOUTH)",1130.00,S,N,A,-,Y,LAS,,395," ",R,17.112,H,,R,Y,2,0,1,1,A,-,08,22107,,N,E,8,A,A,H,-,A,D,0,,,,,Y,,D,22,1,0,0,0,0,0,0,0,0,"- ","- ",39.947368621826172,-120.02764129638672,LASSEN,UNINCORPORATED,-120.02759552001953,39.947399139404297
94776145,2025,2025-07-24,9135,2025-07-12,1150,021265,,6,1,9,1800,0,1,3,,2,651,SR-299,"DAY RD",5280.00,W,N,A,-,Y,LAS,,299," "," ",0.805,H,,R,Y,4,0,1,1,A,-,08,22107,,N,E,I,A,A,H,-,A,D,0,,,,,Y,,D,22,0,0,1,0,0,0,0,0,0,"- ","- ",41.077381134033203,-121.31728363037109,LASSEN,UNINCORPORATED,-121.31734466552734,41.077415466308594
94784367,2025,2025-07-31,9135,2025-07-26,1600,021265,,6,2,9,1800,0,1,3,,2,651,"101 PUMPKIN CENTER ROAD","BRIDGE ST",100.00,S,N,A,-,N,,,,,,,,,,N,4,0,1,1,A,-,01,23152,A,N,E,A,A,A,H,-,A,A,0,,,,,Y,Y,A,01,0,0,1,0,0,0,0,0,0,"- ","- ",41.120979309082031,-121.13368988037109,LASSEN,UNINCORPORATED,,
94788990,2025,2025-08-04,9140,2025-08-01,"954 ",024473,,5,1,9,1800,0,1,3,,2,031,SR139,"GRASSHOPPER ROAD",350.00,S,N,A,-,Y,LAS,,139," "," ",33.564,H,,R,Y,3,0,1,1,A,-,08,22107,,N,E,8,A,A,H,-,A,D,0,,,,,Y,,-,"- ",0,1,0,0,0,0,0,0,0,"- ","- ",40.775981903076172,-120.72682952880859,LASSEN,UNINCORPORATED,-120.72679138183594,40.775981903076172
94791748,2025,2025-08-06,9140,2025-07-31,1237,024566,,4,1,9,1800,0,1,3,,2,041,"STATE ROUTE 36","WESTWOOD CEMETERY ROAD",239.00,E,N,A,-,Y,LAS,,36," "," ",4.911,H,,R,Y,2,0,1,1,A,-,21,22106,,N,F,A,A,A,H,-,A,D,0,,,Y,,Y,,C,02,1,0,0,0,0,0,0,0,1,"- ","- ",40.316421508789062,-120.96999359130859,LASSEN,UNINCORPORATED,-120.96998596191406,40.316410064697266
94791946,2025,2025-08-06,9140,2025-08-04,1230,024605,,1,1,9,1800,0,3,5,,2,010,"COUNTY ROAD A26",US-395,1600.00,N,N,A,-,N,,,,,,,,,,Y,4,0,1,2,A,-,05,21650,,N,B,C,A,A,H,-,A,D,0,,,,,Y,,D,22,0,0,1,0,0,0,0,0,0,"- ","- ",40.095291137695312,-120.17192840576172,LASSEN,UNINCORPORATED,-120.17195129394531,40.095241546630859
94795630,2025,2025-08-08,9140,2025-07-26,"918 ",024477,,6,1,9,1800,0,1,2,,2,022,"US 395","SECRET VALLEY REST AREA",15840.00,N,N,A,-,Y,LAS,,395," "," ",99.843,H,,R,N,3,0,1,1,C,-,18,,,N,F,A,A,A,H,-,A,D,0,,,Y,,Y,,-,"- ",0,1,0,0,0,0,0,0,1,"- ","- ",40.683528900146484,-120.2900390625,LASSEN,UNINCORPORATED,-120.2900390625,40.68353271484375
94795648,2025,2025-08-08,9140,2025-07-30,1727,023039,,3,2,9,1800,0,1,2,,2,013,"HIGHWAY 395","SUNNYSIDE ROAD",535.00,N,N,B,-,Y,LAS,,395," "," ",56.445,H,,R,Y,2,0,1,3,A,-,08,22107,,N,B,C,A,A,H,-,A,D,0,,,,Y,Y,Y,D,22,1,0,0,0,0,0,0,0,0,"- ","- ",40.330249786376953,-120.54567718505859,LASSEN,UNINCORPORATED,-120.54569244384766,40.330245971679688
94804489,2025,2025-08-15,9140,2025-08-04,2200,024566,,1,3,9,1800,0,1,3,,2,034,"FOREST SERVICE ROAD 34N03","CHAMPS FLAT ROAD",5280.00,E,N,A,-,N,,,,,,,,,,N,2,0,2,1,A,-,03,38305,,N,E,9,A,A,H,-,D,D,0,,,,,Y,,-,"- ",2,0,0,0,0,0,0,0,0,"- ","- ",40.729091644287109,-120.87989807128906,LASSEN,UNINCORPORATED,,
94805936,2025,2025-08-18,9140,2025-08-08,"619 ",024566,,5,1,9,1800,0,3,5,,2,010,"SUNNYSIDE ROAD","US 395",5808.00,E,N,A,-,N,,,,,,,,,,N,2,0,1,1,C,-,18,,,N,H,H,A,A,H,-,A,D,0,,,Y,,Y,,-,"- ",1,0,0,0,0,0,0,0,1,"- ","- ",40.325290679931641,-120.52792358398438,LASSEN,UNINCORPORATED,-120.52823638916016,40.325305938720703
94806358,2025,2025-08-18,9140,2025-08-13,2500,021958,,3,4,9,1800,0,3,5,,2,010,"AIRPORT RUNWAY HERLONG","SAGE VALLEY RD",335.00,N,N,A,-,N,,,,,,,,,,N,2,0,1,1,B,-,22,,,N,F,J,A,A,H,-,D,D,0,,,Y,,Y,,C,06,1,0,0,0,0,0,0,0,1,"- ","- ",40.137958526611328,-120.18547821044922,LASSEN,UNINCORPORATED,,
94807233,2025,2025-08-18,9140,2025-08-02,"554 ",021958,,6,3,3,1801,0,3,5,,2,020,"CENTER RD","CRAMER LN",1056.00,E,N,A,-,N,,,,,,,,,,Y,2,0,1,1,A,-,08,22107,,N,E,I,A,A,H,-,A,D,0,,,,,Y,,D,22,1,0,0,0,0,0,0,0,0,"- ","- ",40.397960662841797,-120.57569122314453,LASSEN,SUSANVILLE,-120.57428741455078,40.397636413574219
94814589,2025,2025-08-22,9140,2025-08-07,1735,024476,,4,2,9,1800,0,1,2,,2,015,US-395,"OLD HIGHWAY",214.00,S,N,A,-,Y,LAS,,395," "," ",25.294,H,,R,Y,4,0,1,1,A,-,08,22107,,N,E,8,A,A,H,-,A,D,0,,,,,Y,,-,"- ",0,0,1,0,0,0,0,0,0,"- ","- ",40.041610717773438,-120.11675262451172,LASSEN,UNINCORPORATED,-120.11690521240234,40.041526794433594
94820736,2025,2025-08-27,9140,2025-08-15,1400,023039,,5,2,9,1800,0,3,5,,2,030,"JOHNSTONVILLE ROAD","SKYLINE ROAD",430.00,E,N,A,-,N,,,,,,,,,,Y,3,0,2,2,A,-,09,21804,A,N,D,C,A,A,H,-,A,A,0,,,,,Y,,I,19,0,1,1,0,0,0,0,0,0,"- ","- ",40.403461456298828,-120.62233734130859,LASSEN,UNINCORPORATED,-120.62239074707031,40.403751373291016
94826400,2025,2025-09-02,9170,2025-08-23,1630,024340,,6,2,9,1800,0,1,3,,2,006,SR-139,"SUSANVILLE ROAD",4224.00,N,N,A,-,Y,LAS,,139," "," ",61.995,H,,R,N,3,0,1,1,A,-,08,22107,,N,F,A,A,A,H,-,A,D,0,,,Y,,Y,,C,02,0,1,0,0,0,0,0,0,1,"- ","- ",41.121109008789062,-120.9229736328125,LASSEN,UNINCORPORATED,-120.92299652099609,41.121105194091797
94828286,2025,2025-09-03,9140,2025-08-27,2053,024473,,3,2,9,1800,0,1,3,,2,011,SR36,"WHISPERING PINE",30.00,W,N,B,-,Y,LAS,,36," "," ",22.669,H,,R,N,3,0,1,1,C,-,18,,,N,H,H,A,A,H,-,D,D,0,,,,,Y,,-,"- ",0,1,0,0,0,0,0,0,0,"- ","- ",40.422710418701172,-120.69187927246094,LASSEN,UNINCORPORATED,-120.69187927246094,40.422702789306641
94830721,2025,2025-09-04,9140,2025-08-24,2237,024111,,7,3,9,1800,0,3,5,,2,010,"SAGE VALLEY ROAD","HONEY LAKE ROAD",127.00,E,N,A,-,N,,,,,,,,,,N,2,0,1,2,A,-,08,22107,,N,G,B,E,A,H,-,D,D,0,Y,,,,Y,,A,07,1,0,0,0,1,0,0,0,0,"- ","- ",40.136989593505859,-120.18977355957031,LASSEN,UNINCORPORATED,-120.19033050537109,40.129650115966797
94838892,2025,2025-09-10,9135,2025-09-06,1915,020908,,6,2,9,1800,0,1,3,,2,652,SR-139,"BUTTE CREEK RD",3168.00,S,N,A,-,Y,LAS,,139," "," ",62.608,H,,R,Y,3,0,1,1,A,-,08,22107,,N,E,I,A,A,H,-,A,D,0,,,,,Y,,A,01,0,1,0,0,0,0,0,0,0,"- ","- ",41.129749298095703,-120.92581939697266,LASSEN,UNINCORPORATED,-120.92576599121094,41.1297607421875
94841428,2025,2025-10-08,9140,2025-09-03,2055,022593,,3,2,9,1800,0,3,5,,2,020,"CENTER RD.","RICE CANYON",200.00,W,N,B,-,N,,,,,,,,,,Y,3,0,1,2,A,-,08,22107,,N,A,E,A,A,H,-,D,D,0,,,Y,,Y,,A,01,0,1,0,0,0,0,0,0,1,"- ","- ",40.396129608154297,-120.52645111083984,LASSEN,UNINCORPORATED,-120.52681732177734,40.396049499511719
94842817,2025,2025-09-12,9140,2025-09-03,"155 ",024111,,3,3,9,1800,0,1,2,,2,022,US-395,"SECRET VALLEY REST AREA",8448.00,S,N,B,-,Y,LAS,,395," "," ",95.201,H,,R,Y,2,0,1,1,A,-,01,23152,A,N,F,A,A,A,H,-,D,D,0,,,,,Y,,A,01,1,0,0,0,0,0,0,0,0,"- ","- ",40.625190734863281,-120.24830627441406,LASSEN,UNINCORPORATED,-120.24842071533203,40.625164031982422
94844276,2025,2025-09-15,9140,2025-08-31,2235,024111,,7,3,9,1800,0,3,5,,2,030,"SKYLINE ROAD","JOHNSTONVILLE ROAD",4330.00,N,N,A,-,N,,,,,,,,,,N,3,0,1,1,A,-,01,23152,A,M,E,8,A,A,H,-,D,D,0,,,,,Y,Y,A,07,0,1,0,0,0,0,0,0,0,"- ","- ",40.416469573974609,-120.62322235107422,LASSEN,UNINCORPORATED,-120.62339019775391,40.404609680175781
94845335,2025,2025-09-15,9135,2025-09-09,1040,021265,,2,1,9,1800,0,1,3,,2,652,SR-139,"HAYDEN HILL RD",2640.00,S,N,A,-,Y,LAS,,139," "," ",58.934,H,,R,Y,4,0,1,1,A,-,08,22107,,N,F,A,A,A,H,-,A,D,0,,,,,Y,,A,01,0,0,1,0,0,0,0,0,0,"- ","- ",41.084251403808594,-120.90229797363281,LASSEN,UNINCORPORATED,-120.90229797363281,41.084255218505859
94849783,2025,2025-09-18,9165,2025-09-06,"913 ",024739,,6,1,9,1800,0,1,3,,2,060,SR-70,"US 395 SOUTHBOUND TO SR-70",0.00,,Y,A,-,Y,LAS,,70," "," ",3.831,H,,R,N,3,0,2,2,A,-,12,22450,A,N,D,C,A,A,H,-,A,A,0,,,,,Y,,A,01,0,2,0,0,0,0,0,0,0,"- ","- ",39.775428771972656,-120.0396728515625,LASSEN,UNINCORPORATED,-120.03968048095703,39.775402069091797
94850344,2025,2025-09-18,9135,2025-09-13,1740,020908,,6,2,9,1800,0,3,5,,2,007,"COUNTY ROAD 8060","COUNTY ROAD 8062",5280.00,S,N,A,-,N,,,,,,,,,,N,3,0,1,1,A,-,08,22107,,N,F,A,A,A,C,-,A,D,0,,,Y,,Y,,C,02,0,1,0,0,0,0,0,0,1,"- ","- ",41.078258514404297,-120.80486297607422,LASSEN,UNINCORPORATED,,
94851953,2025,2025-09-19,9170,2025-09-18,1620,020957,,4,2,9,1800,0,3,5,,1,022,"COUNTY ROAD 523 (WEST SIDE ROAD)","COUNTY ROAD 525 (BROCKMAN ROAD)",2600.00,S,N,B,-,N,,,,,,,,,,Y,4,0,3,1,A,-,08,22107,,N,F,A,A,A,H,-,A,D,0,,,,,Y,,-,"- ",0,0,3,0,0,0,0,0,0,"- ","- ",40.955070495605469,-120.60649871826172,LASSEN,UNINCORPORATED,,
94863440,2025,2025-09-29,9140,2025-09-20,1135,024699,,6,1,9,1800,0,3,5,,2,010,"MAIN ST (JANESVILLE)","SOMERVILLE RD",151.00,S,N,A,-,N,,,,,,,,,,N,4,0,1,2,A,-,09,21804,A,N,G,B,E,A,H,-,A,D,0,Y,,,,Y,,A,07,0,0,1,0,1,0,0,0,0,"- ","- ",40.293270111083984,-120.51555633544922,LASSEN,UNINCORPORATED,-120.51565551757812,40.293354034423828
94867107,2025,2025-09-30,9140,2025-09-28,1148,024699,,7,1,3,1801,0,1,2,,2,013,"NB 395 N/O WALDRON LN","WALDRON LN",1584.00,N,N,A,-,Y,LAS,,395," "," ",59.240,H,,R,Y,2,0,1,1,A,-,08,22107,,N,F,A,A,A,H,-,A,D,0,,,Y,,Y,,C,02,1,0,0,0,0,0,0,0,1,"- ","- ",40.362709045410156,-120.56732940673828,LASSEN,SUSANVILLE,-120.56737518310547,40.362682342529297
94868683,2025,2025-10-01,9140,2025-09-15,2042,024110,,1,2,9,1800,0,3,5,,2,040,"3RD STREET","ASH STREET",340.00,E,N,A,-,N,,,,,,,,,,Y,2,0,1,1,A,-,03,22350,,N,F,A,A,A,B,-,C,D,0,,,Y,,Y,,C,02,1,0,0,0,0,0,0,0,1,"- ","- ",40.302169799804688,-120.99942016601562,LASSEN,UNINCORPORATED,-120.6466064453125,40.418098449707031
94886403,2025,2025-10-14,9140,2025-09-27,2040,024476,,6,2,3,1801,0,1,3,,2,012,"SKYLINE ROAD","STATE ROUTE 36",0.00,,Y,A,-,Y,,,,,,,,,,N,4,0,1,1,A,-,01,23152,A,N,E,I,A,A,H,-,C,A,0,,,,,Y,Y,A,01,0,0,1,0,0,0,0,0,0,"- ","- ",40.400768280029297,-120.62957000732422,LASSEN,SUSANVILLE,-120.62973022460938,40.400119781494141
94886438,2025,2025-10-14,9140,2025-09-30,1141,024605,,2,1,9,1800,0,1,3,,2,012,"STATE ROUTE 36","U.S. ROUTE 395",3168.00,W,N,B,-,Y,LAS,,36," ",R,28.750,H,,R,Y,2,0,3,3,A,-,08,22107,,N,A,C,A,A,H,-,A,D,0,,,,,Y,,D,22,1,2,0,0,0,0,0,0,0,"- ","- ",40.385089874267578,-120.60256195068359,LASSEN,UNINCORPORATED,-120.6025390625,40.385124206542969
94889722,2025,2025-10-16,9140,2025-10-08,1553,024473,,3,2,9,1800,0,3,5,,2,020,"HIGH DESERT STATE PRISON","RICE CANYON ROAD",5280.00,E,N,A,-,N,,,,,,,,,,N,3,0,1,2,A,-,21,22106,,N,G,B,F,A,H,-,A,D,0,Y,,,,Y,,D,22,0,1,0,0,1,0,0,0,0,"- ","- ",40.407508850097656,-120.50630950927734,LASSEN,UNINCORPORATED,,
94891586,2025,2025-10-17,9140,2025-09-16,1918,024473,,2,2,9,1800,0,1,3,,2,031,SR139,"EAGLE LAKE ROAD",3168.00,S,N,A,-,Y,LAS,,139," "," ",30.231,H,,R,N,4,0,1,1,C,-,18,,,N,H,H,A,A,H,-,B,D,0,,,,,Y,,-,"- ",0,0,1,0,0,0,0,0,0,"- ","- ",40.733020782470703,-120.70245361328125,LASSEN,UNINCORPORATED,-120.70246124267578,40.732994079589844
94891736,2025,2025-10-17,9140,2025-10-09,1345,023834,,4,1,9,1800,0,1,2,,2,014,US-395,"TUCKER RD",0.00,,Y,A,-,Y,LAS,,395," "," ",34.853,H,,R,Y,4,0,1,2,A,-,09,21804,B,N,D,C,A,A,H,-,A,A,0,,,,,Y,,A,08,0,0,1,0,0,0,0,0,0,"- ","- ",40.127788543701172,-120.25257873535156,LASSEN,UNINCORPORATED,-120.25251007080078,40.127864837646484
94901601,2025,2025-10-27,9140,2025-10-18,1705,023834,,6,2,9,1800,0,3,5,,2,010,"BUFFUM LANE","WILLOW STREET",0.00,,Y,A,-,N,,,,,,,,,,Y,3,0,1,2,A,-,09,21802,A,N,D,C,A,A,H,-,A,A,0,,,Y,,Y,,C,02,0,1,0,0,0,0,0,0,1,"- ","- ",40.372501373291016,-120.53058624267578,LASSEN,UNINCORPORATED,-120.53054809570312,40.372478485107422
94901606,2025,2025-10-27,9140,2025-10-18,1722,024580,,6,2,9,1800,0,3,5,,2,020,"RICE CANYON OHV AREA","KAI ANNA LANE",2798.00,N,N,A,-,N,,,,,,,,,,N,3,0,1,1,B,-,22,,,N,F,A,A,A,H,-,A,D,0,,,Y,,Y,,C,02,0,1,0,0,0,0,0,0,1,"- ","- ",38.596839904785156,-121.49004364013672,LASSEN,UNINCORPORATED,,
94904572,2025,2025-10-28,9140,2025-10-25,1325,023039,,6,1,9,1800,0,1,2,,2,013,"US HIGHWAY 395","SEARS ROAD",1046.00,N,N,B,G,Y,LAS,,395," "," ",53.320,H,,R,Y,3,0,1,1,A,-,03,22350,,M,F,A,A,A,H,-,D,D,0,,,,Y,Y,,G,25,0,1,0,0,0,0,0,0,0,"- ","- ",40.296329498291016,-120.51187133789062,LASSEN,UNINCORPORATED,-120.51192474365234,40.296276092529297
94904604,2025,2025-11-13,9140,2025-10-25,1435,023834,,6,2,9,1800,0,3,5,,2,030,"SKYLINE MTWY","DIAMOND MTN RD",807.00,S,N,C,-,N,,,,,,,,,,N,3,0,2,1,C,-,18,,,N,H,A,A,B,H,-,A,D,0,,,,,Y,,-,"- ",0,2,0,0,0,0,0,0,0,"- ","- ",40.315860748291016,-120.74510955810547,LASSEN,UNINCORPORATED,-120.74317169189453,40.317497253417969
94904617,2025,2026-01-20,9140,2025-10-26,"950 ",023834,,7,1,9,1800,0,1,3,,2,032,"STATE ROUTE 44","MCCOY RD",1627.00,W,N,D,-,Y,LAS,,44," "," ",26.654,H,,R,Y,3,0,1,1,A,-,03,22350,,N,E,8,A,C,H,-,A,D,0,,,,,Y,,A,07,0,1,0,0,0,0,0,0,0,"- ","- ",40.466999053955078,-120.92987823486328,LASSEN,UNINCORPORATED,-120.92980194091797,40.467044830322266
94919458,2025,2025-11-11,9140,2025-01-14,"747 ",021683,,2,1,9,1800,0,1,3,,2,012,"STATE ROUTE 36",US-395,291.00,W,N,A,-,Y,LAS,,36," ",R,29.330,H,,R,Y,1,1,5,5,A,-,01,23152,A,N,C,2,A,A,H,-,A,A,0,,,,Y,Y,,A,08,1,4,0,0,0,0,0,0,0,"- ","- ",40.381008148193359,-120.59294128417969,LASSEN,UNINCORPORATED,-120.59294128417969,40.381008148193359
94930536,2025,2025-11-14,9140,2025-11-07,1300,024605,,5,1,9,1800,0,1,3,,2,041,"STATE ROUTE 36","WESTWOOD CEMETERT ENTRANCE",3168.00,E,N,A,-,Y,LAS,,36," "," ",5.686,H,,R,N,4,0,2,2,A,-,03,22350,,N,C,C,A,A,D,-,A,A,0,,,,,Y,,D,22,0,0,2,0,0,0,0,0,0,"- ","- ",40.317180633544922,-120.95522308349609,LASSEN,UNINCORPORATED,-120.95522308349609,40.317207336425781
94931457,2025,2025-11-14,9140,2025-11-08,1235,023039,,6,1,3,1801,0,1,2,,2,014,"US HIGHWAY 395","FLUX ROAD",1798.00,N,N,A,-,Y,LAS,,395," "," ",36.073,H,,R,Y,3,0,4,2,A,-,09,21804,A,N,D,C,A,A,H,-,A,D,0,,,,,Y,,A,07,0,1,3,0,0,0,0,0,0,"- ","- ",40.137630462646484,-120.27142333984375,LASSEN,SUSANVILLE,-120.2713623046875,40.137702941894531
94944580,2025,2025-12-11,9140,2025-11-05,"817 ",021683,,3,1,9,1800,0,1,3,,2,034,SR-44,"PITTVILLE RD",5280.00,W,N,C,-,Y,LAS,,44," "," ",7.733,H,,R,Y,3,0,1,2,A,-,03,22350,,N,C,C,A,C,H,-,A,D,0,,,,,Y,,A,01,0,1,0,0,0,0,0,0,0,"- ","- ",40.651950836181641,-121.18518829345703,LASSEN,UNINCORPORATED,-121.1851806640625,40.651996612548828
94945970,2025,2025-11-24,9140,2025-11-18,"805 ",024651,,2,1,9,1800,0,1,3,,2,032,SR-44,"MM 28.15",30.00,W,N,A,-,Y,LAS,,44," "," ",28.149,H,,R,Y,4,0,1,1,A,-,03,22350,,N,F,A,A,B,H,-,A,D,0,,,,Y,Y,,G,25,0,0,1,0,0,0,0,0,0,"- ","- ",40.450778961181641,-120.91140747070312,LASSEN,UNINCORPORATED,-120.91136932373047,40.450820922851562
94956701,2025,2025-12-03,9140,2025-11-21,1615,023039,,5,2,9,1800,0,1,2,,2,013,"US HIGHWAY 395","JANESVILLE GRADE",513.00,N,N,B,-,Y,LAS,,395," "," ",52.542,H,,R,Y,4,0,1,1,C,-,18,,,N,H,H,A,A,H,-,A,D,0,,,,,Y,,-,"- ",0,0,1,0,0,0,0,0,0,"- ","- ",40.289558410644531,-120.49986267089844,LASSEN,UNINCORPORATED,-120.49980926513672,40.28961181640625
94960153,2025,2025-12-08,9165,2025-12-04,1306,020569,,4,1,9,1800,0,1,3,,2,063,US-395,SR-70,12144.00,N,N,A,-,Y,LAS,,395," "," ",6.954,H,,R,Y,4,0,1,2,A,-,05,21460,C,N,B,C,A,A,H,-,A,D,0,,,,,Y,,A,01,0,0,1,0,0,0,0,0,0,"- ","- ",39.808620452880859,-120.03312683105469,LASSEN,UNINCORPORATED,-120.03314208984375,39.808620452880859
94966294,2025,2025-12-10,9140,2025-12-08,"800 ",024699,,1,1,9,1800,0,3,5,,2,010,"CAPEZZOLI LN","LAMBERT LN",0.00,,Y,A,-,N,,,,,,,,,,Y,4,0,1,2,A,-,09,21804,B,N,D,C,A,A,H,-,A,D,0,,,,,Y,,D,22,0,0,1,0,0,0,0,0,0,"- ","- ",40.336410522460938,-120.39900970458984,LASSEN,UNINCORPORATED,-120.39895629882812,40.336399078369141
94966705,2025,2025-12-10,9140,2025-12-09,1535,024699,,2,2,9,1800,0,3,5,,2,010,A-25,A-26,0.00,,Y,A,-,N,,,,,,,,,,Y,4,0,2,2,A,-,09,21804,A,N,D,C,A,A,H,-,A,D,0,,,,,Y,,D,22,0,0,2,0,0,0,0,0,0,"- ","- ",40.144069671630859,-120.16361999511719,LASSEN,UNINCORPORATED,,
94969691,2025,2025-12-12,9140,2025-12-06,1003,024473,,6,1,9,1800,0,1,2,,2,021,US395,"AIRPORT RD",5755.00,N,N,A,-,Y,LAS,,395," "," ",59.243,H,,R,Y,3,0,1,2,A,-,06,21750,A,N,D,C,A,A,H,-,A,D,0,,,,,Y,,A,01,0,1,0,0,0,0,0,0,0,"- ","- ",40.362720489501953,-120.56739044189453,LASSEN,UNINCORPORATED,-120.56740570068359,40.362712860107422
94971642,2025,2025-12-15,9140,2025-12-02,2100,024476,,2,2,9,1800,0,3,5,,2,010,"RICHMOND ROAD","BANTLEY DRIVE",1201.00,W,N,A,-,N,,,,,,,,,,N,4,0,2,1,C,-,18,,,N,H,H,A,A,H,-,D,D,0,,,,,Y,,-,"- ",0,0,2,0,0,0,0,0,0,"- ","- ",40.376239776611328,-120.60843658447266,LASSEN,UNINCORPORATED,-120.60837554931641,40.376174926757812
94984177,2025,2025-12-23,9170,2025-12-11,1058,024736,,4,1,9,1800,0,1,2,,1,001,"UNITED STATES HIGHWAY 395","ASH VALLEY RD",6336.00,N,N,A,-,Y,LAS,,395," "," ",131.086,H,,R,Y,2,0,2,2,A,-,08,22107,,N,B,C,A,A,H,-,A,D,0,,,,Y,Y,,D,22,1,0,1,0,0,0,0,0,0,"- ","- ",41.080490112304688,-120.46929931640625,LASSEN,UNINCORPORATED,-120.46931457519531,41.080490112304688
94990489,2025,2025-12-29,9140,2025-12-14,2300,024651,,7,3,9,1800,0,1,2,,2,015,"US 395","DOYLE GRADE RD",537.00,N,N,A,-,Y,LAS,,395," ",R,24.281,H,,R,Y,4,0,1,2,A,-,01,23152,A,N,A,C,A,A,H,-,D,D,0,,,,,Y,Y,A,07,0,0,1,0,0,0,0,0,0,"- ","- ",40.028759002685547,-120.10736846923828,LASSEN,UNINCORPORATED,-120.10731506347656,40.028766632080078
94991693,2025,2025-12-30,9140,2025-12-19,1315,023039,,5,1,9,1800,0,1,2,,2,013,"US HIGHWAY 395","HICKS ROAD",180.00,N,N,C,-,Y,LAS,,395," "," ",50.380,H,,R,Y,3,0,1,1,A,-,03,22350,,N,H,8,A,B,H,-,A,D,0,,,,,Y,,A,07,0,1,0,0,0,0,0,0,0,"- ","- ",40.265941619873047,-120.47389221191406,LASSEN,UNINCORPORATED,-120.47403717041016,40.265857696533203
94991706,2025,2025-12-30,9140,2025-12-20,1558,023039,,6,2,9,1800,0,1,2,,2,015,"US HIGHWAY 395","LAVER CROSSING",3610.00,N,N,C,-,Y,LAS,,395," "," ",27.287,H,,R,Y,4,0,1,2,C,-,18,,,N,H,H,A,B,H,-,A,D,0,,,,,Y,,-,"- ",0,0,1,0,0,0,0,0,0,"- ","- ",40.064781188964844,-120.13877105712891,LASSEN,UNINCORPORATED,-120.13877868652344,40.064777374267578
95005099,2025,2026-01-08,9165,2025-12-31,1205,024985,,3,1,9,1800,0,1,3,,2,063,US-395,"NORTH RED ROCK ROAD.",2270.00,S,N,B,-,Y,LAS,,395," "," ",13.901,H,,R,Y,4,0,1,1,C,-,18,,,N,H,H,A,A,H,-,A,D,0,,,,,Y,,-,"- ",0,0,1,0,0,0,0,0,0,"- ","- ",39.903289794921875,-120.01371765136719,LASSEN,UNINCORPORATED,-120.01372528076172,39.903289794921875
95053195,2025,2026-02-11,9140,2025-10-30,"636 ",023834,,4,1,9,1800,0,1,2,,2,014,US-395,"MILL ST",4070.00,N,N,A,-,Y,LAS,,395," "," ",42.725,H,,R,Y,1,2,0,2,A,-,05,21650,,N,A,C,A,A,H,-,D,D,0,,,,,Y,,A,07,0,0,0,0,0,0,0,0,0,"- ","- ",40.178760528564453,-120.38362884521484,LASSEN,UNINCORPORATED,-120.38360595703125,40.178779602050781
9520511,2023,2025-07-22,1801,2023-04-12,1710,2500,,3,5,3,1801,0,0,0,,0,,"PAUL BUNYAN RD",SKYLINE,0.00,E,N,A,-,N,,,,,,,,,,N,1,1,0,1,A,-,03,22350,,N,F,A,A,A,H,-,B,D,0,,,Y,,Y,,C,02,0,0,0,0,0,0,0,1,0,"- ","- ",40.429389953613281,-120.65529632568359,LASSEN,SUSANVILLE,-120.65606689453125,40.431247711181641
9520512,2023,2023-05-26,1801,2023-01-14,"641 ",2500,,6,5,3,1801,0,0,0,,0,,"SKYLINE RD","RT 139",0.00,,Y,C,-,N,,,,,,,,,,N,1,1,0,1,A,-,08,22107,,N,A,I,A,B,G,-,D,D,0,,,,,Y,,D,22,0,0,0,0,0,0,0,0,0,"- ","- ",40.426609039306641,-120.63491058349609,LASSEN,SUSANVILLE,-120.63838195800781,40.429603576660156
9566522,2022,2023-05-10,1801,2022-10-04,1241,2492,,2,5,3,1801,0,0,0,,0,,"MAIN ST","HALL ST",107.00,E,N,A,-,N,,,,,,,,,,Y,3,0,1,3,C,-,18,,,N,H,I,A,A,H,-,A,D,0,,,,,Y,,-,"- ",0,1,0,0,0,0,0,0,0,"- ","- ",40.415290832519531,-120.64700317382812,LASSEN,SUSANVILLE,-120.64707183837891,40.415042877197266
9566537,2021,2023-05-08,1801,2021-05-07,0512,2438,,5,5,3,1801,0,0,0,,0,,"THIRD ST","CEDAR ST",10.00,N,N,A,-,N,,,,,,,,,,Y,3,0,1,2,A,-,03,22350,,N,C,E,A,A,H,-,D,D,0,,,,,Y,Y,A,01,0,1,0,0,0,0,0,0,0,"- ","- ",40.419319152832031,-120.65149688720703,LASSEN,SUSANVILLE,-120.65144348144531,40.419288635253906
9566541,2021,2023-05-08,1801,2021-05-01,1345,2446,,6,5,3,1801,0,0,0,,0,,"CIRCLE DR","FAIRWAY DR",0.00,,N,A,-,N,,,,,,,,,,N,3,0,1,1,A,-,03,22350,,N,F,A,A,A,B,-,A,D,0,,,,,Y,Y,M,96,0,1,0,0,0,0,0,0,0,"- ","- ",,,LASSEN,SUSANVILLE,-120.65235900878906,40.364109039306641
9566547,2021,2023-05-08,1801,2021-06-18,0000,2036,,5,5,3,1801,0,0,0,,0,,"RIVERSIDE DR","ROBS WY",0.00,,Y,A,-,N,,,,,,,,,,Y,2,0,1,3,A,-,05,21650,,N,A,C,A,A,H,-,A,D,0,,,,,Y,Y,A,01,1,0,0,0,0,0,0,0,0,"- ","- ",40.410530090332031,-120.63912200927734,LASSEN,SUSANVILLE,-120.6392822265625,40.410720825195312
9566549,2021,2023-05-08,1801,2021-05-23,0147,2258,,7,5,3,1801,0,0,0,,0,,"GRAND AV","NORTH ST",0.00,,Y,A,-,N,,,,,,,,,,Y,2,0,3,1,A,-,01,23153,B,N,A,I,A,A,A,-,C,D,0,,,,,Y,,D,22,3,0,0,0,0,0,0,0,0,"- ","- ",40.418498992919922,-120.65244293212891,LASSEN,SUSANVILLE,-120.65242767333984,40.418533325195312
9566550,2021,2023-05-05,1801,2021-02-10,2300,2447,,3,5,3,1801,0,0,0,,0,,"ORANGE ST","ALEXANDER AV",0.00,,Y,A,-,N,,,,,,,,,,N,3,0,1,2,D,-,00,,,F,H,G,E,A,H,-,D,D,0,Y,,,,Y,Y,-,"- ",0,1,0,0,1,0,0,0,0,"- ","- ",40.410629272460938,-120.65460968017578,LASSEN,SUSANVILLE,-120.65464782714844,40.410629272460938
9566552,2021,2023-05-08,1801,2021-08-03,1810,2447,,2,5,3,1801,0,0,0,,0,,"RICHMOND RD","RIVERSIDE DR",0.00,,Y,A,-,N,,,,,,,,,,Y,2,0,4,3,A,-,08,22107,,N,A,C,A,A,H,-,A,D,0,,,,,Y,,A,01,1,2,1,0,0,0,0,0,0,"- ","- ",40.453220367431641,-120.57160949707031,LASSEN,SUSANVILLE,-120.65971374511719,40.415336608886719
9566559,2021,2023-05-08,1801,2021-01-06,2200,2447,,3,5,3,1801,0,0,0,,0,,"RIVER ST","S SACRAMENTO ST",0.00,,Y,A,-,N,,,,,,,,,,N,2,0,1,1,A,-,03,22350,,N,H,J,A,A,H,-,D,D,0,,,,,Y,,A,01,1,0,0,0,0,0,0,0,0,"- ","- ",34.027149200439453,-118.375732421875,LASSEN,SUSANVILLE,-120.64501190185547,40.412322998046875
9566602,2022,2023-05-10,1801,2022-01-27,0815,2447,,4,5,3,1801,0,0,0,,0,,"PAUL BUNYAN ST","SKYLINE RD",628.00,S,N,A,-,N,,,,,,,,,,Y,2,0,2,2,A,-,07,21658,A,N,A,D,A,A,H,-,A,D,0,,,,,Y,Y,A,07,1,0,1,0,0,0,0,0,0,"- ","- ",40.428558349609375,-120.65467834472656,LASSEN,SUSANVILLE,-120.65565490722656,40.429641723632812
9566603,2022,2023-05-30,1801,2022-08-21,1223,2438,,7,5,3,1801,0,0,0,,0,,"RT 36","RIVERSIDE DR",0.00,,Y,A,-,Y,LAS,2,36,-,R,26.515,I,6,W,N,3,0,1,2,A,-,08,22107,,N,C,C,A,A,H,-,A,A,0,,,,,Y,,A,01,0,1,0,0,0,0,0,0,0,"- ","- ",40.405708312988281,-120.63268280029297,LASSEN,SUSANVILLE,-120.63275909423828,40.40570068359375
9566607,2022,2023-05-09,1801,2022-08-20,1506,2492,,6,5,3,1801,0,0,0,,0,,"PAUL BUNYAN RD","SKYLINE DR",1200.00,S,N,A,-,N,,,,,,,,,,N,4,0,1,1,A,-,03,22350,,N,-,-,A,A,H,-,A,D,0,,,,,Y,Y,-,,0,0,1,0,0,0,0,0,0,"- ","- ",40.421371459960938,-120.64700317382812,LASSEN,SUSANVILLE,-120.65459442138672,40.4283447265625
9566609,2022,2023-05-15,1801,2022-03-23,1518,2036,,3,5,3,1801,0,0,0,,0,,"MAIN ST","MAIN ST 2970",0.00,,Y,A,-,Y,LAS,2,36,-,R,26.398,I,5,E,Y,4,0,1,2,A,-,09,21804,A,N,D,C,A,A,H,-,A,A,0,,,,,Y,,D,22,0,0,1,0,0,0,0,0,0,"- ","- ",40.406078338623047,-120.63455200195312,LASSEN,SUSANVILLE,-120.63362884521484,40.407257080078125
9566613,2022,2023-05-15,1801,2022-02-23,1400,2447,,3,5,3,1801,0,0,0,,0,,"RT 36","RT 139",0.00,,Y,A,-,Y,LAS,2,36,-,-,25.330,H,-,E,N,3,0,1,2,A,-,03,22350,,N,C,E,A,A,H,-,A,A,0,,,,,Y,,A,01,0,1,0,0,0,0,0,0,0,"- ","- ",40.415481567382812,-120.64885711669922,LASSEN,SUSANVILLE,-120.64933776855469,40.415596008300781
9566614,2021,2023-05-17,1801,2021-02-24,1430,2036,,3,5,3,1801,0,0,0,,0,,"RIVERSIDE DR","RT 36",100.00,W,N,A,-,Y,LAS,2,36,-,R,26.515,I,6,E,N,3,0,2,2,A,-,09,21804,A,N,D,C,A,A,H,-,A,D,0,,,,,Y,,A,01,0,1,1,0,0,0,0,0,0,"- ","- ",40.408870697021484,-120.51614379882812,LASSEN,SUSANVILLE,-120.63247680664062,40.405220031738281
9566616,2021,2023-05-17,1801,2021-09-03,1346,2036,,5,5,3,1801,0,0,0,,0,,"RT 36","SIERRA SHOPPING CENTER EXIT",0.00,,Y,A,-,Y,LAS,2,36,-,R,26.220,I,5,E,Y,3,0,3,2,A,-,09,21804,A,N,D,C,A,A,H,-,A,A,0,,,,,Y,,A,07,0,2,1,0,0,0,0,0,0,"- ","- ",40.409011840820312,-120.63742828369141,LASSEN,SUSANVILLE,-120.63501739501953,40.409542083740234
9566618,2021,2023-05-17,1801,2021-04-13,1825,2076,,2,5,3,1801,0,0,0,,0,,"RT 36","LAUREL ST",0.00,,N,-,-,Y,LAS,2,36,-,-,25.900,H,-,W,N,3,0,2,2,A,-,03,22350,,N,-,-,A,-,-,-,-,-,0,,,,,Y,,-,,0,1,1,0,0,0,0,0,0,"- ","- ",40.412609100341797,-120.64035034179688,LASSEN,SUSANVILLE,-120.63953399658203,40.413051605224609
9566626,2022,2023-05-15,1801,2022-11-17,1800,2517,,4,5,3,1801,0,0,0,,0,,"MAIN ST","N GAY ST",0.00,,Y,A,-,Y,LAS,2,36,-,-,24.740,H,-,W,Y,3,0,3,3,A,-,03,22350,,N,C,C,A,A,H,-,C,A,0,,,,,Y,Y,D,22,0,2,1,0,0,0,0,0,0,"- ","- ",40.418460845947266,-120.66068267822266,LASSEN,SUSANVILLE,-120.66034698486328,40.418243408203125
9566627,2021,2023-05-17,1801,2021-12-29,1420,2446,,3,5,3,1801,0,0,0,,0,,"RIVERSIDE DR","RT 36",0.00,,Y,B,-,Y,LAS,2,36,-,R,26.515,I,6,E,Y,4,0,1,2,A,-,09,21801,A,N,A,C,A,C,B,-,A,D,0,,,,,Y,,D,22,0,0,1,0,0,0,0,0,0,"- ","- ",40.406078338623047,-120.63455200195312,LASSEN,SUSANVILLE,-120.63247680664062,40.405220031738281
9566632,2021,2023-05-17,1801,2021-11-11,1529,2036,,4,5,3,1801,0,0,0,,0,,"RT 36","LAUREL DR",0.00,,Y,A,-,Y,LAS,2,36,-,-,25.880,I,5,E,Y,4,0,1,2,A,-,09,21802,,N,D,C,A,A,H,-,A,A,0,,,,,Y,,A,01,0,0,1,0,0,0,0,0,0,"- ","- ",40.413070678710938,-120.63932037353516,LASSEN,SUSANVILLE,-120.63984680175781,40.413242340087891
9566634,2022,2023-05-15,1801,2022-01-28,1400,2447,,5,5,3,1801,0,0,0,,0,,"RT 139","PAUL BUNYAN RD",0.00,,Y,A,-,Y,LAS,2,139,-,-,0.440,H,-,N,N,3,0,1,1,A,-,05,21650,1,N,E,J,A,A,A,-,A,D,0,,Y,,,Y,,L,04,0,1,0,0,0,0,1,0,0,"- ","- ",40.416328430175781,-120.64858245849609,LASSEN,SUSANVILLE,-120.64640045166016,40.421611785888672
9566636,2021,2023-05-17,1801,2021-12-05,2018,2312,,7,5,3,1801,0,0,0,,0,,"RT 36","RT 36 MILEPOST #1",822.00,S,N,A,-,Y,LAS,2,139,-,-,0.800,H,-,N,Y,2,0,1,2,A,-,11,21956,A,N,G,B,E,A,H,-,D,D,0,Y,,,,Y,Y,N,60,1,0,0,0,1,0,0,0,0,"- ","- ",40.426368713378906,-120.63983154296875,LASSEN,SUSANVILLE,-120.64239501953125,40.425445556640625
9566638,2022,2023-05-09,1801,2022-02-21,0925,2447,,1,5,3,1801,0,0,0,,0,,"4TH ST","OAK ST",0.00,,Y,A,-,N,,,,,,,,,,N,3,0,1,2,A,-,00,22658,,N,C,E,A,A,H,-,A,D,0,,,,Y,Y,,F,25,0,1,0,0,0,0,0,0,0,"- ","- ",40.420528411865234,-120.65229034423828,LASSEN,SUSANVILLE,-120.65229034423828,40.420547485351562
9568517,2023,2023-05-15,1801,2023-04-15,2025,2438,,6,5,3,1801,0,0,0,,0,,"MAIN ST","S UNION ST",0.00,,Y,A,-,Y,LAS,2,36,-,-,24.816,H,-,W,N,4,0,1,2,A,-,03,22350,,M,B,C,A,A,H,-,C,D,0,,,,,Y,Y,A,07,0,0,1,0,0,0,0,0,0,"- ","- ",40.417690277099609,-120.65902709960938,LASSEN,SUSANVILLE,-120.65894317626953,40.417896270751953
9573255,2023,2023-05-15,1801,2023-01-25,1730,2438,,3,5,3,1801,0,0,0,,0,,"GRAND AV","NORTH ST",0.00,,Y,A,-,N,,,,,,,,,,N,4,0,1,2,A,-,10,21950,,N,G,B,B,A,H,-,B,D,0,Y,,,,Y,,D,22,0,0,1,0,1,0,0,0,0,"- ","- ",40.418498992919922,-120.65244293212891,LASSEN,SUSANVILLE,-120.65242767333984,40.418533325195312
9576403,2022,2023-06-23,1801,2022-06-21,1720,2076,,2,5,3,1801,0,0,0,,0,,"MAIN ST","RUSSELL AV",0.00,,Y,A,-,Y,LAS,2,36,-,-,26.050,I,5,W,N,3,0,1,2,A,-,09,21801,A,N,D,C,A,A,H,-,A,D,0,,,Y,,Y,,A,01,0,1,0,0,0,0,0,0,1,"- ","- ",40.411479949951172,-120.63746643066406,LASSEN,SUSANVILLE,-120.63743591308594,40.411525726318359
9576447,2022,2023-06-01,1801,2022-08-08,1346,2438,,1,5,3,1801,0,0,0,,0,,"MAIN ST","MCDOW ST",0.00,,Y,A,-,Y,LAS,2,36,-,-,25.510,I,5,W,N,4,0,1,2,A,-,09,21804,A,N,D,C,A,A,H,-,A,D,0,,,,,Y,Y,A,01,0,0,1,0,0,0,0,0,0,"- ","- ",,,LASSEN,SUSANVILLE,-120.64630126953125,40.414848327636719
9576449,2022,2023-05-18,1801,2022-05-21,0236,2438,,6,5,3,1801,0,0,0,,0,,"PAUL BUNYAN RD","PAUL BUNYON RD A",38.00,W,N,A,-,N,,,,,,,,,,N,2,0,2,1,A,-,01,23153,A,N,C,E,A,A,H,-,D,D,0,,,,,Y,Y,D,22,1,1,0,0,0,0,0,0,0,"- ","- ",40.419658660888672,-120.64076995849609,LASSEN,SUSANVILLE,-120.65579223632812,40.435131072998047
9576452,2022,2023-05-10,1801,2022-08-04,1014,2088,,4,5,3,1801,0,0,0,,0,,"SKYLINE PARK","WEST ENTRANCE TO SKYLINE PARK",0.00,,Y,A,-,N,,,,,,,,,,Y,2,0,1,1,C,-,18,,,N,E,I,A,A,H,-,A,D,0,,,,,Y,,-,"- ",1,0,0,0,0,0,0,0,0,"- ","- ",,,LASSEN,SUSANVILLE,,
9577319,2023,2024-02-29,1801,2023-02-12,1254,2498,,7,5,3,1801,0,0,0,,0,,"GLENN DR","PARDALE AV",0.00,,-,-,-,N,,,,,,,,,,N,3,0,1,1,A,-,03,22350,,N,-,-,A,-,-,-,-,-,0,,,,,Y,,-,"- ",0,1,0,0,0,0,0,0,0,"- ","- ",40.426250457763672,-120.65885925292969,LASSEN,SUSANVILLE,-120.65806579589844,40.426261901855469
9584356,2023,2023-05-18,1801,2023-01-02,1717,2438,,1,5,3,1801,0,0,0,,0,,"RIVERSIDE DR","RIVERSIDE PARK",100.00,E,N,D,-,N,,,,,,,,,,Y,4,0,1,2,A,-,03,22350,,N,H,C,A,C,H,-,D,D,0,,,,,Y,,A,01,0,0,1,0,0,0,0,0,0,"- ","- ",40.411228179931641,-120.64981842041016,LASSEN,SUSANVILLE,-120.64205169677734,40.411064147949219
9595939,2023,2024-03-01,1801,2023-06-11,2124,2502,,7,5,3,1801,0,0,0,,0,,"JOHNSTONVILLE RD","RT 36",0.00,,Y,A,-,Y,LAS,2,36,-,R,26.220,I,5,W,N,4,0,1,2,A,-,09,21801,,N,A,C,A,A,H,-,C,A,0,,,,,Y,,A,01,0,0,1,0,0,0,0,0,0,"- ","- ",40.407688140869141,-120.63246154785156,LASSEN,SUSANVILLE,-120.63493347167969,40.4095458984375
9595956,2023,2024-03-08,1801,2023-09-11,1843,2258,,1,5,3,1801,0,0,0,,0,,"MAIN ST","RT 36",0.00,,Y,A,-,Y,LAS,2,36,-,-,25.045,I,5,E,N,4,0,1,3,A,-,10,21950,,N,G,B,C,A,H,-,B,A,0,Y,,,,Y,,A,07,0,0,1,0,1,0,0,0,0,"- ","- ",40.415798187255859,-120.65419769287109,LASSEN,SUSANVILLE,-120.65428161621094,40.416755676269531
9595960,2023,2024-03-08,1801,2023-09-28,1427,2498,,4,5,3,1801,0,0,0,,0,,"N MESA ST","RT 36",0.00,,Y,A,-,Y,LAS,2,36,-,-,25.830,I,5,W,N,3,0,1,2,A,-,05,21650,,N,B,-,A,A,H,-,A,D,0,,Y,,,Y,,L,04,0,1,0,0,0,0,1,0,0,"- ","- ",40.413600921630859,-120.6407470703125,LASSEN,SUSANVILLE,-120.64071655273438,40.413581848144531
9652133,2023,2024-01-30,1801,2023-11-10,"418 ",2516,,5,5,3,1801,0,0,0,,0,,"SKYLINE RD","PAUL BUNYAN RD",0.00,,Y,A,-,N,,,,,,,,,,Y,3,0,1,1,A,-,01,23152,A,M,E,I,A,A,H,-,D,A,0,,,,,Y,Y,A,01,0,1,0,0,0,0,0,0,0,"- ","- ",40.421371459960938,-120.64700317382812,LASSEN,SUSANVILLE,-120.65606689453125,40.431247711181641
9661152,2023,2024-01-29,1801,2023-09-01,1820,2500,,5,5,3,1801,0,0,0,,0,,"JOHNSTONVILLE RD","SAN FRANCISCO ST",0.00,,Y,A,-,N,,,,,,,,,,Y,3,0,1,1,A,-,03,22350,,N,E,J,A,A,H,-,A,D,0,,,,,Y,Y,A,01,0,1,0,0,0,0,0,0,0,"- ","- ",40.406608581542969,-120.62937927246094,LASSEN,SUSANVILLE,-120.62830352783203,40.406120300292969
9661173,2023,2024-01-30,1801,2023-11-23,1740,2502,,4,5,3,1801,0,0,0,,0,,"HALL ST","PAUL BUNYAN",0.00,,Y,A,-,N,,,,,,,,,,Y,3,0,1,1,A,-,01,23152,,N,E,I,A,A,H,-,C,D,0,,,,,Y,Y,A,01,0,1,0,0,0,0,0,0,0,"- ","- ",40.421241760253906,-120.64466094970703,LASSEN,SUSANVILLE,-120.64521026611328,40.420764923095703
9661316,2023,2024-03-30,1801,2023-06-03,2130,2517,,6,5,3,1801,0,0,0,,0,,"LAUREL AV","MAIN ST",0.00,,Y,A,-,N,,,,,,,,,,N,4,0,1,2,A,-,03,22350,,N,H,B,E,A,H,-,C,A,0,Y,,,,Y,Y,A,01,0,0,1,0,1,0,0,0,0,"- ","- ",40.412609100341797,-120.64035034179688,LASSEN,SUSANVILLE,-120.6396484375,40.413150787353516
9677074,2024,2024-05-28,1801,2024-04-27,1659,2516,,6,5,3,1801,0,0,0,,0,,"MESA ST","4TH ST",0.00,,Y,A,-,N,,,,,,,,,,Y,2,0,3,3,A,-,05,21752,,N,B,C,F,A,G,-,A,A,0,Y,,,,Y,,D,23,1,0,2,0,1,0,0,0,0,"- ","- ",40.417629241943359,-120.63942718505859,LASSEN,SUSANVILLE,-120.63913726806641,40.417396545410156
9696550,2024,2024-06-25,1801,2024-01-12,"825 ",2516,,5,5,3,1801,0,0,0,,0,,"ASH ST","PAUL BUNYAN RD",0.00,,Y,A,-,Y,LAS,2,139,-,-,0.425,I,5,N,Y,4,0,4,2,A,-,09,21802,,N,D,C,A,B,H,-,A,D,0,,,,,Y,,A,01,0,0,4,0,0,0,0,0,0,"- ","- ",,,LASSEN,SUSANVILLE,-120.64647674560547,40.421409606933594
9699203,2024,2024-07-11,1801,2024-02-24,1734,2438,,6,5,3,1801,0,0,0,,0,,"MAIN ST","RUSSELL AV",200.00,E,N,A,-,Y,LAS,2,36,-,-,26.090,H,-,E,N,2,0,2,2,A,-,09,21804,A,N,D,C,A,A,H,-,B,D,0,,,,,Y,Y,D,22,1,0,1,0,0,0,0,0,0,"- ","- ",40.411041259765625,-120.63648223876953,LASSEN,SUSANVILLE,-120.63690185546875,40.410961151123047
9699204,2024,2024-07-08,1801,2024-03-27,1117,2502,,3,5,3,1801,0,0,0,,0,,"MAIN ST","N MCDOW",0.00,,Y,A,-,Y,LAS,2,36,-,-,25.530,H,-,W,N,3,0,2,2,A,-,04,21703,,N,C,C,A,A,H,-,A,D,0,,,,,Y,,A,01,0,2,0,0,0,0,0,0,0,"- ","- ",40.414939880371094,-120.64598083496094,LASSEN,SUSANVILLE,-120.64593505859375,40.414760589599609
9700979,2024,2024-06-10,1801,2024-03-23,"107 ",2258,,6,5,3,1801,0,0,0,,0,,"RICHMOND RD","RIVERSIDE DR",100.00,S,N,C,-,N,,,,,,,,,,Y,3,0,3,1,A,-,03,22350,,N,D,I,A,B,-,-,C,D,0,,,,,Y,,-,,0,2,1,0,0,0,0,0,0,"- ","- ",40.414779663085938,-120.66018676757812,LASSEN,SUSANVILLE,-120.65988922119141,40.415103912353516
9700980,2024,2024-08-01,1801,2024-03-18,1828,2522,,1,5,3,1801,0,0,0,,0,,"RUSSELL AV","PAUL BUNYAN RD",150.00,S,N,A,-,N,,,,,,,,,,Y,3,0,1,2,A,-,01,23152,A,N,E,I,F,A,H,-,A,D,0,Y,,,,Y,Y,A,01,0,1,0,0,0,0,0,0,0,"- ","- ",40.418750762939453,-120.63616180419922,LASSEN,SUSANVILLE,-120.63617706298828,40.418350219726562
9700992,2024,2024-06-13,1801,2024-01-02,1854,2258,,2,5,3,1801,0,0,0,,0,,"SPRING RIDGE DR","NUMA RD",0.00,,N,C,-,N,,,,,,,,,,Y,3,0,2,1,A,-,01,23152,,N,B,I,A,B,H,-,D,D,0,,,,,Y,Y,-,,0,2,0,0,0,0,0,0,0,"- ","- ",40.429828643798828,-120.63056182861328,LASSEN,SUSANVILLE,-120.65095520019531,40.438404083251953
9761543,2024,2025-02-06,1801,2024-09-13,"0   ",2498,,5,5,3,1801,0,0,0,,0,,"PAUL BUNYAN RD","CHESTNUT AV",0.00,,Y,A,-,N,,,,,,,,,,Y,3,0,1,2,A,-,07,21658,A,N,A,D,A,A,H,-,A,D,0,,,,,Y,,A,01,0,1,0,0,0,0,0,0,0,"- ","- ",34.027149200439453,-118.375732421875,LASSEN,SUSANVILLE,-120.65207672119141,40.423885345458984
9763850,2024,2025-01-27,1801,2024-07-01,2006,2516,,1,5,3,1801,0,0,0,,0,,"JOHNSTONVILLE RD","SKYLINE RD",0.00,,Y,A,-,N,,,,,,,,,,N,4,0,1,2,A,-,12,21453,,N,D,C,A,A,G,-,A,A,0,,,,,Y,,A,01,0,0,1,0,0,0,0,0,0,"- ","- ",40.376121520996094,-120.58049774169922,LASSEN,SUSANVILLE,-120.62339019775391,40.404609680175781
9765321,2024,2025-03-04,1801,2024-06-13,1611,2502,,4,5,3,1801,0,0,0,,0,,"ALEXANDER AV","RIVERSIDE DR",0.00,,Y,A,-,N,,,,,,,,,,Y,3,0,3,3,A,-,12,22450,,N,D,C,A,A,H,-,A,D,0,,,,,Y,,A,01,0,2,1,0,0,0,0,0,0,"- ","- ",40.412769317626953,-120.65255737304688,LASSEN,SUSANVILLE,-120.65254974365234,40.412807464599609
9765322,2024,2025-03-04,1801,2024-06-04,"756 ",2502,,2,5,3,1801,0,0,0,,0,,"PAUL BUNYAN RD","CHESTNUT ST",422.00,N,N,A,-,N,,,,,,,,,,Y,3,0,1,2,A,-,03,22350,,N,C,C,A,A,H,-,A,D,0,,,,,Y,,A,01,0,1,0,0,0,0,0,0,0,"- ","- ",40.423789978027344,-120.64502716064453,LASSEN,SUSANVILLE,-120.65282440185547,40.424896240234375
9778071,2024,2025-02-27,1801,2024-10-23,"753 ",2498,,3,5,3,1801,0,0,0,,0,,"RT 36","ALEXANDER AV",0.00,,Y,A,-,Y,LAS,2,36,-,-,25.230,H,-,E,N,4,0,2,2,A,-,03,22350,,N,C,C,A,A,G,-,A,A,0,,,,,Y,,D,22,0,0,2,0,0,0,0,0,0,"- ","- ",40.415779113769531,-120.65010070800781,LASSEN,SUSANVILLE,-120.65110015869141,40.416011810302734
9778072,2024,2025-03-03,1801,2024-02-09,1911,2498,,5,5,3,1801,0,0,0,,0,,"RIVERSIDE DR","RT 36",0.00,,Y,B,-,Y,LAS,2,36,-,R,26.515,I,6,E,Y,3,0,1,2,A,-,01,23152,A,M,B,C,A,A,H,-,C,A,0,,,,,Y,Y,A,01,0,1,0,0,0,0,0,0,0,"- ","- ",40.4068603515625,-120.63619232177734,LASSEN,SUSANVILLE,-120.63275909423828,40.40570068359375
9785858,2024,2025-03-07,1801,2024-09-09,1545,2446,,1,5,3,1801,0,0,0,,0,,"NORTH ST","ADELLA ST",43.00,W,N,A,-,N,,,,,,,,,,N,4,0,1,2,A,-,03,22350,,N,C,E,A,A,H,-,A,D,0,,,,,Y,,A,01,0,0,1,0,0,0,0,0,0,"- ","- ",40.419418334960938,-120.65553283691406,LASSEN,SUSANVILLE,,
9785859,2024,2025-03-03,1801,2024-09-13,"710 ",2498,,5,5,3,1801,0,0,0,,0,,"MAIN ST","MAIN ST 2119",0.00,,Y,A,-,N,,,,,,,,,,Y,3,0,1,1,A,-,03,22350,,N,A,I,A,A,H,-,A,D,0,,,,,Y,,A,01,0,1,0,0,0,0,0,0,0,"- ","- ",40.409011840820312,-120.63742828369141,LASSEN,SUSANVILLE,-122.84353637695312,38.978584289550781
9785965,2024,2025-03-04,1801,2024-08-01,2018,2551,,4,5,3,1801,0,0,0,,0,,RIVERSIDE,"LIMONERIA AV",411.00,E,N,A,-,N,,,,,,,,,,N,3,0,2,3,A,-,01,23152,A,N,A,C,A,A,H,-,A,D,0,,,,,Y,Y,A,01,0,2,0,0,0,0,0,0,0,"- ","- ",40.411251068115234,-120.65145111083984,LASSEN,SUSANVILLE,-120.65066528320312,40.411376953125
