CASE_ID,ACCIDENT_YEAR,PROC_DATE,JURIS,COLLISION_DATE,COLLISION_TIME,OFFICER_ID,REPORTING_DISTRICT,DAY_OF_WEEK,CHP_SHIFT,POPULATION,CNTY_CITY_LOC,SPECIAL_COND,BEAT_TYPE,CHP_BEAT_TYPE,CITY_DIVISION_LAPD,CHP_BEAT_CLASS,BEAT_NUMBER,PRIMARY_RD,SECONDARY_RD,DISTANCE,DIRECTION,INTERSECTION,WEATHER_1,WEATHER_2,STATE_HWY_IND,CALTRANS_COUNTY,CALTRANS_DISTRICT,STATE_ROUTE,ROUTE_SUFFIX,POSTMILE_PREFIX,POSTMILE,LOCATION_TYPE,RAMP_INTERSECTION,SIDE_OF_HWY,TOW_AWAY,COLLISION_SEVERITY,NUMBER_KILLED,NUMBER_INJURED,PARTY_COUNT,PRIMARY_COLL_FACTOR,PCF_CODE_OF_VIOL,PCF_VIOL_CATEGORY,PCF_VIOLATION,PCF_VIOL_SUBSECTION,HIT_AND_RUN,TYPE_OF_COLLISION,MVIW,PED_ACTION,ROAD_SURFACE,ROAD_COND_1,ROAD_COND_2,LIGHTING,CONTROL_DEVICE,CHP_ROAD_TYPE,PEDESTRIAN_ACCIDENT,BICYCLE_ACCIDENT,MOTORCYCLE_ACCIDENT,TRUCK_ACCIDENT,NOT_PRIVATE_PROPERTY,ALCOHOL_INVOLVED,STWD_VEHTYPE_AT_FAULT,CHP_VEHTYPE_AT_FAULT,COUNT_SEVERE_INJ,COUNT_VISIBLE_INJ,COUNT_COMPLAINT_PAIN,COUNT_PED_KILLED,COUNT_PED_INJURED,COUNT_BICYCLIST_KILLED,COUNT_BICYCLIST_INJURED,COUNT_MC_KILLED,COUNT_MC_INJURED,PRIMARY_RAMP,SECONDARY_RAMP,LATITUDE,LONGITUDE,COUNTY,CITY,POINT_X,POINT_Y
6642975,2014,2016-06-22,9165,2014-10-05,2311,013901,,7,3,9,4600,0,1,3,,2,072,"RT 49","PLUMAS/SIERRA COUNTY LINE",1056.00,S,N,A,-,Y,SIE,3,49,-,-,63.930,H,-,S,Y,4,0,1,1,C,-,18,,,N,H,H,A,A,H,-,D,D,0,,,,,Y,,-,"- ",0,0,1,0,0,0,0,0,0,"- ","- ",39.705440000000003,-120.22181999999999,SIERRA,UNINCORPORATED,-120.22176823,39.706302800000003
90394632,2017,2017-02-16,9222,2017-02-12,0610,019294,,7,1,9,4600,0,1,1,,2,025,"I-80 WB",STATELINE,528.00,W,N,C,-,Y,,,80,,,,,,W,Y,3,0,1,1,A,-,03,22350,,N,E,I,A,D,G,-,A,D,0,,,,,Y,,A,01,0,1,0,0,0,0,0,0,0,"- ","- ",39.467750000000002,-120.00333000000001,SIERRA,UNINCORPORATED,-120.00331626000001,39.467739940000001
90696079,2018,2018-04-03,9165,2018-03-30,1115,018600,,5,1,9,4600,0,1,3,,2,074,SR-89,SR-49,528.00,S,N,A,-,Y,,,89,,,,,,,Y,2,0,1,1,A,-,03,22350,,N,E,I,A,A,H,-,A,D,0,,,Y,,Y,,C,02,1,0,0,0,0,0,0,0,1,"- ","- ",39.620220184326172,-120.43531036376953,SIERRA,UNINCORPORATED,-120.43523406982422,39.620212554931641
91168115,2020,2020-01-20,9165,2020-01-16,1845,018600,,4,2,9,4600,0,1,3,,2,073,SR-49,SR-89,19008.00,S,N,B,D,Y,,,49,,,,,,,Y,3,0,1,1,A,-,03,22350,,N,E,I,A,C,E,-,D,A,0,,,,,Y,,A,01,0,1,0,0,0,0,0,0,0,"- ","- ",39.627490997314453,-120.46230316162109,SIERRA,UNINCORPORATED,-120.46230316162109,39.627468109130859
91508666,2021,2021-06-29,9222,2021-06-21,1155,016852,,1,1,9,4600,0,1,3,,1,027,"STATE ROUTE 89 NORTH","LOWER LITTLE TRUCKEE CAMPGROUND ROAD",35.00,S,N,A,-,Y,,,89,,,,,,,Y,4,0,2,3,A,-,03,22350,,N,C,C,A,A,H,-,A,D,0,,,,,Y,,A,07,0,0,2,0,0,0,0,0,0,"- ","- ",39.486091613769531,-120.23651885986328,SIERRA,UNINCORPORATED,-120.23652648925781,39.486080169677734
90754250,2018,2018-06-25,9165,2018-06-16,1340,020692,,6,1,9,4600,0,1,3,,2,074,SR-89,"USFS 21N02",3168.00,S,N,A,-,Y,,,89,,,,,,,Y,3,0,1,1,A,-,08,22107,,N,F,A,A,A,H,-,A,D,0,,,,,Y,,D,22,0,1,0,0,0,0,0,0,0,"- ","- ",39.699558258056641,-120.52561187744141,SIERRA,UNINCORPORATED,-120.52560424804688,39.699562072753906
91505225,2021,2021-06-24,9230,2021-06-07,1845,017889,,1,2,9,4600,0,1,3,,1,091,SR-49,"BRANDY CITY RD",389.00,N,N,A,-,Y,,,,,,,,,,N,2,0,1,1,A,-,03,22350,,N,F,A,A,A,H,-,A,D,0,,,Y,,Y,,C,02,1,0,0,0,0,0,0,0,1,"- ","- ",39.579319000244141,-120.995361328125,SIERRA,UNINCORPORATED,-120.99669647216797,39.519309997558594
94420913,2024,2024-10-07,9222,2024-09-29,2140,022961,,7,2,9,4600,0,1,1,,2,025,"I-80 W/B","NEVADA COUNTY LINE",300.00,E,N,A,-,Y,SIE,,80," "," ",0.135,H,,L,Y,4,0,2,1,A,-,01,23152,A,N,F,J,A,A,H,-,D,D,0,,,,,Y,Y,A,01,0,0,2,0,0,0,0,0,0,"- ","- ",39.447181701660156,-120.00984954833984,SIERRA,UNINCORPORATED,-120.00985717773438,39.447181701660156
92166750,2023,2023-09-11,9165,2023-09-04,1818,019583,,1,2,9,4600,0,1,3,,2,074,SR-89,"BECKWOURTH-CALPINE RD",3696.00,S,N,A,-,Y,SIE,,89," "," ",18.331,H,,R,N,2,0,1,1,A,-,03,22350,,N,F,A,A,A,H,-,A,D,0,,,Y,,Y,,C,02,1,0,0,0,0,0,0,0,1,"- ","- ",39.605819702148438,-120.42079925537109,SIERRA,UNINCORPORATED,-120.42081451416016,39.605819702148438
6894532,2015,2016-12-17,9230,2015-04-05,1010,019235,,7,1,9,4600,0,1,3,,1,092,"RT 49","FORNIER RANCH RD",1584.00,N,N,B,D,Y,SIE,3,49,-,-,25.680,H,-,N,Y,3,0,2,2,A,-,03,22350,,N,A,C,A,C,H,-,A,D,0,,,,,Y,,A,01,0,1,1,0,0,0,0,0,0,"- ","- ",39.564770000000003,-120.69714999999999,SIERRA,UNINCORPORATED,-120.69937090000001,39.565079269999998
90225671,2016,2016-07-19,9230,2016-07-17,1555,019235,,7,2,9,4600,0,1,3,,1,092,SR-49,"LOGANVILLE LN",3168.00,S,N,A,-,Y,,,49,,,,,,,Y,4,0,2,1,C,-,18,,,N,H,H,A,A,H,-,A,D,0,,,Y,,Y,,-,"- ",0,0,2,0,0,0,0,0,2,"- ","- ",39.568860000000001,-120.68003,SIERRA,UNINCORPORATED,-120.68002177,39.568915150000002
90565745,2017,2017-10-09,9165,2017-09-28,1630,020692,,4,2,9,4600,0,1,3,,2,071,"US-395 S/B","LONG VALLEY RD",4224.00,N,N,A,-,Y,,,395,,,,,,S,N,3,0,1,1,A,-,03,22350,,N,F,A,A,A,H,-,A,D,0,,,Y,,Y,,C,02,0,1,0,0,0,0,0,0,1,"- ","- ",39.684350000000002,-120.01206000000001,SIERRA,UNINCORPORATED,-120.01203274,39.684367979999998
91261951,2020,2020-07-02,9165,2020-06-28,1802,019781,,7,2,9,4600,0,1,3,,2,072,SR-49,"GENASCI RD",597.00,S,N,A,-,Y,,,49,,,,,,,Y,2,0,2,1,A,-,08,22107,,N,E,I,A,A,H,-,A,D,0,,,,,Y,,A,01,1,1,0,0,0,0,0,0,0,"- ","- ",39.68048095703125,-120.28497314453125,SIERRA,UNINCORPORATED,-120.28497314453125,39.680461883544922
6808735,2015,2016-09-02,9230,2015-02-01,0325,019235,,7,3,9,4600,0,1,3,,1,091,"RT 49","CONVICT FLAT",2640.00,S,N,B,-,Y,SIE,3,49,-,-,7.190,H,-,N,Y,4,0,1,1,A,-,05,21650,,N,E,I,A,A,H,-,D,D,0,,,,,Y,,A,01,0,0,1,0,0,0,0,0,0,"- ","- ",39.559010000000001,-120.83004,SIERRA,UNINCORPORATED,-120.95622676000001,39.518170769999998
90013924,2015,2015-10-19,9165,2015-08-30,2349,013901,,7,3,9,4600,0,1,3,,2,074,"SR-89 (LINCOLN STREET)","WILLOW STREET",2112.00,N,N,A,-,Y,,,89,,,,,,,N,3,0,1,1,A,-,01,23152,A,N,E,I,A,A,H,-,C,D,0,,,,,Y,Y,D,22,0,1,0,0,0,0,0,0,0,"- ","- ",39.583219999999997,-120.36906999999999,SIERRA,UNINCORPORATED,-120.36913953,39.583238270000003
90258213,2016,2016-08-31,9230,2016-08-26,1325,019235,,5,1,9,4600,0,1,3,,1,081,SR-49,"SIERRA / YUBA COUNTY LINE",4224.00,N,N,A,-,Y,,,49,,,,,,,N,3,0,1,1,A,-,03,22350,,N,F,A,A,A,H,-,A,A,0,,,Y,,Y,,C,02,0,1,0,0,0,0,0,0,1,"- ","- ",39.499459999999999,-121.01837,SIERRA,UNINCORPORATED,-121.01816191,39.498886980000002
92179874,2023,2023-09-26,9222,2023-09-16,"645 ",014397,,6,1,9,4600,0,1,1,,2,025,"I-80 W/B","CALIFORNIA/NEVADA STATELINE",3168.00,W,N,A,-,Y,SIE,,80," "," ",0.774,H,,L,Y,3,0,1,1,A,-,08,22107,,N,E,I,A,A,H,-,B,D,0,,,,,Y,,A,07,0,1,0,0,0,0,0,0,0,"- ","- ",39.457000732421875,-120.00933074951172,SIERRA,UNINCORPORATED,-120.00928497314453,39.456993103027344
90398693,2017,2017-02-23,9165,2017-02-18,0700,018243,,6,1,9,4600,0,1,3,,2,071,"US-395  N/B","CA/NV STATE LINE",385.00,N,N,B,-,Y,,,395,,,,,,N,Y,2,0,2,1,A,-,03,22350,,N,F,A,A,C,H,-,A,D,0,,,,,Y,,D,22,1,0,1,0,0,0,0,0,0,"- ","- ",39.674599999999998,-120.00176999999999,SIERRA,UNINCORPORATED,-120.00174004,39.674627340000001
90506283,2017,2017-07-24,9165,2017-07-14,1740,018600,,5,2,9,4600,0,1,3,,2,074,SR-89,"WILLOW ST",0.00,,Y,A,-,Y,,,89,,,,,,,N,2,0,1,2,A,-,09,21801,A,N,F,A,A,A,H,-,A,D,0,,,Y,,Y,,A,07,1,0,0,0,0,0,0,0,1,"- ","- ",39.577629999999999,-120.37005000000001,SIERRA,UNINCORPORATED,-120.37001662999999,39.577625480000002
90928883,2019,2019-02-19,9230,2019-02-04,1800,019235,,1,2,9,4600,0,1,3,,1,081,SR-49,"SIERRA/YUBA CO LINE",4224.00,N,N,B,D,Y,,,49,,,,,,,Y,3,0,1,1,A,-,01,23152,A,N,E,I,A,C,G,-,D,A,0,,,,,Y,Y,A,01,0,1,0,0,0,0,0,0,0,"- ","- ",39.498439788818359,-121.01541137695312,SIERRA,UNINCORPORATED,-121.01543426513672,39.49853515625
91862314,2022,2022-09-12,9230,2022-09-04,1830,019235,,7,2,9,4600,0,3,5,,2,090,"RIDGE ROAD","CAMPTONVILLE ROAD",2112.00,W,N,A,-,N,,,,,,,,,,Y,4,0,1,1,A,-,05,21650,,N,E,I,A,A,H,-,A,D,0,,,,,Y,,A,01,0,0,1,0,0,0,0,0,0,"- ","- ",39.430690765380859,-120.97280120849609,SIERRA,UNINCORPORATED,-120.97075653076172,39.439456939697266
90664405,2018,2018-02-20,9222,2018-02-12,0620,018593,,1,1,9,4600,0,1,1,,2,025,"INTERSTATE 80 EASTBOUND","SIERRA COUNTY LINE",1000.00,E,N,D,-,Y,,,80,,,,,,E,Y,4,0,1,1,A,-,03,22350,,N,E,I,A,C,H,-,B,D,0,,,,,Y,,A,07,0,0,1,0,0,0,0,0,0,"- ","- ",39.44927978515625,-120.00914001464844,SIERRA,UNINCORPORATED,-120.00918579101562,39.449287414550781
91191430,2020,2020-02-24,9165,2020-02-14,2310,020692,,5,3,9,4600,0,1,3,,2,074,SR-89,"USFS 89-70",1056.00,N,N,A,-,Y,,,89,,,,,,,Y,4,0,1,1,A,-,01,23152,A,N,E,I,A,A,H,-,D,D,0,,,,,Y,Y,A,07,0,0,1,0,0,0,0,0,0,"- ","- ",39.556289672851562,-120.34162139892578,SIERRA,UNINCORPORATED,-120.34163665771484,39.556266784667969
90275385,2016,2016-09-26,9285,2016-09-17,1400,017393,,6,2,9,4600,0,3,5,,1,008,"JOHNSVILLE MC CREA RD","QUINCY-LA PORTE RD",3168.00,S,N,A,-,N,,,,,,,,,,N,2,0,1,1,A,-,03,22350,,N,E,J,A,A,B,-,A,D,0,,,Y,,Y,,C,06,1,0,0,0,0,0,0,0,1,"- ","- ",39.748579999999997,-120.90337,SIERRA,UNINCORPORATED,-120.90902478,39.742324879999998
90642156,2018,2018-01-17,9165,2018-01-04,0755,018600,,4,1,9,4600,0,1,3,,2,074,SR-89,"HENNESS PASS RD",528.00,N,N,A,-,Y,,,89,,,,,,,Y,3,0,1,1,A,-,03,22350,,N,E,I,A,C,H,-,A,D,0,,,,,Y,,A,07,0,1,0,0,0,0,0,0,0,"- ","- ",39.507701873779297,-120.28414154052734,SIERRA,UNINCORPORATED,-120.28410339355469,39.507732391357422
90195892,2016,2016-06-07,9165,2016-06-04,1010,018600,,6,1,9,4600,0,1,3,,2,073,SR-49,"YUBA PASS RD",8976.00,N,N,A,-,Y,,,49,,,,,,,N,3,0,1,1,A,-,08,22107,,N,F,A,A,A,H,-,A,D,0,,,Y,,Y,,C,02,0,1,0,0,0,0,0,0,1,"- ","- ",39.627249999999997,-120.47315,SIERRA,UNINCORPORATED,-120.47313128,39.627272339999998
91833752,2022,2022-08-05,9165,2022-07-29,1728,019781,,5,2,9,4600,0,1,3,,2,074,SR-89,"OLD TRUCKEE RD",11088.00,S,N,A,-,Y,SIE,,89,,,11.871,H,,R,Y,2,0,5,2,A,-,05,21460,A,N,A,C,A,A,H,-,A,D,0,,,,,Y,,D,22,4,1,0,0,0,0,0,0,0,"- ","- ",39.555858612060547,-120.33933258056641,SIERRA,UNINCORPORATED,-120.33933258056641,39.555862426757812
92198952,2023,2023-10-13,9222,2023-10-06,1155,021995,,5,1,9,4600,0,1,1,,2,025,"I-80 W/B","NEVADA STATELINE",4600.00,W,N,A,-,Y,SIE,,80," "," ",0.785,H,,L,Y,3,0,1,1,A,-,08,22107,,N,E,I,A,A,H,-,A,D,0,,,,Y,Y,,G,25,0,1,0,0,0,0,0,0,0,"- ","- ",39.457160949707031,-120.00930786132812,SIERRA,UNINCORPORATED,-120.00925445556641,39.4571533203125
90907801,2019,2019-02-27,9165,2019-01-15,1920,018243,,2,2,9,4600,0,1,3,,2,074,SR-89,"SIERRA/PLUMAS COUNTY LINE",3168.00,S,N,B,D,Y,,,89,,,,,,,Y,1,1,0,1,A,-,03,22350,,N,E,I,A,C,E,-,D,A,0,,,,,Y,,A,01,0,0,0,0,0,0,0,0,0,"- ","- ",39.695899963378906,-120.52169799804688,SIERRA,UNINCORPORATED,-120.52165222167969,39.696002960205078
92092881,2023,2023-06-13,9222,2023-06-07,1625,016340,,3,2,9,4600,0,1,1,,2,025,"INTERSTATE 80 EASTBOUND","CALIFORNIA / NEVADA STATELINE",175.00,W,N,A,-,Y,SIE,,80," "," ",1.564,H,,R,Y,3,0,1,1,A,-,08,22107,,N,E,I,A,A,H,-,A,D,0,,,,Y,Y,,G,25,0,1,0,0,0,0,0,0,0,"- ","- ",39.467891693115234,-120.00285339355469,SIERRA,UNINCORPORATED,-120.00302124023438,39.467971801757812
94687213,2025,2025-05-14,9230,2025-05-08,1800,019235,,4,2,9,4600,0,3,5,,2,090,"MAIN STREET","MINERS STREET",290.00,S,N,A,-,N,,,,,,,,,,N,2,0,1,1,A,-,08,22107,,N,F,A,A,A,H,-,A,D,0,,,Y,,Y,Y,C,02,1,0,0,0,0,0,0,0,1,"- ","- ",39.470291137695312,-120.8436279296875,SIERRA,UNINCORPORATED,-120.84377288818359,39.468929290771484
94919451,2025,2025-11-11,9222,2025-11-02,1331,017091,,7,1,9,4600,0,1,1,,2,025,"INTERSTATE 80 WESTBOUND",FARAD,18480.00,E,N,A,-,Y,SIE,,80," "," ",1.302,H,,L,Y,3,0,2,2,A,-,03,22350,,N,C,C,A,A,C,-,A,D,0,,,,,Y,,A,01,0,2,0,0,0,0,0,0,0,"- ","- ",39.464500427246094,-120.00531768798828,SIERRA,UNINCORPORATED,-120.00540924072266,39.464534759521484
90745550,2018,2018-06-11,9230,2018-06-07,1000,019235,,4,1,9,4600,0,1,3,,1,092,SR-49,"LEWIS LN",1584.00,N,N,A,-,Y,,,49,,,,,,,Y,4,0,1,1,A,-,08,22107,,N,E,I,A,A,H,-,A,A,0,,,,,Y,,A,01,0,0,1,0,0,0,0,0,0,"- ","- ",39.5771484375,-120.61029815673828,SIERRA,UNINCORPORATED,-120.61033630371094,39.577236175537109
94800046,2025,2025-08-12,9165,2025-08-04,1900,023990,,1,2,9,4600,0,1,3,,2,072,SR-49,"FILIPPINI ROAD",10032.00,S,N,A,-,Y,SIE,,49," "," ",54.516,H,,R,Y,3,0,1,1,A,-,08,22107,,N,E,8,A,A,H,-,A,D,0,,,,,Y,,A,01,0,1,0,0,0,0,0,0,0,"- ","- ",39.670639038085938,-120.34963989257812,SIERRA,UNINCORPORATED,-120.34960174560547,39.670608520507812
91802667,2022,2022-06-24,9222,2022-06-21,0828,014397,,2,1,9,4600,0,1,1,,2,025,"I-80 E/B","SIERRA COUNTY LINE",1584.00,E,N,A,-,Y,SIE,,80,,,0.306,H,,R,Y,2,0,1,1,A,-,08,22107,,N,F,A,A,A,H,-,A,D,0,,,,,Y,,A,01,1,0,0,0,0,0,0,0,0,"- ","- ",39.449729919433594,-120.00904083251953,SIERRA,UNINCORPORATED,-120.00914001464844,39.449733734130859
94877661,2025,2025-10-08,9230,2025-09-25,1800,017889,,4,2,9,4600,0,3,5,,2,090,"130 SCHOOL STREET","MAIDEN LANE",230.00,N,N,A,-,N,,,,,,,,,,N,3,0,2,1,A,-,08,22107,,N,E,8,A,A,H,-,A,D,0,,,,,Y,,A,07,0,1,1,0,0,0,0,0,0,"- ","- ",39.561279296875,-120.82747650146484,SIERRA,UNINCORPORATED,-120.82757568359375,39.561359405517578
6511011,2014,2014-08-09,9165,2014-05-21,1830,020692,,3,2,9,4600,0,3,5,,2,007,"BECKWOURTH CALPINE RD","CALPINE RD",7920.00,S,N,A,-,N,,,,,,,,,,Y,2,0,2,1,A,-,08,22107,,N,E,I,A,A,H,-,A,D,0,,,,,Y,,A,07,1,1,0,0,0,0,0,0,0,"- ","- ",39.643790000000003,-120.41853,SIERRA,UNINCORPORATED,,
90325966,2016,2016-11-21,9165,2016-11-15,1208,013901,,2,1,9,4600,0,1,3,,2,072,SR-49,"NEWMAN POINT",3696.00,S,N,A,G,Y,,,49,,,,,,,Y,4,0,1,1,A,-,08,22107,,N,F,A,A,A,H,-,A,D,0,,,,,Y,,A,07,0,0,1,0,0,0,0,0,0,"- ","- ",39.636969999999998,-120.36556,SIERRA,UNINCORPORATED,-120.36556491,39.636968109999998
90805729,2018,2018-09-05,9165,2018-08-30,1745,020692,,4,2,9,4600,0,1,3,,2,071,"US-395 N/B","SCOTT RD",1848.00,S,N,B,-,Y,,,395,,,,,,N,Y,4,0,1,1,C,-,18,,,N,F,A,A,A,H,-,A,D,0,,,,,Y,,-,"- ",0,0,1,0,0,0,0,0,0,"- ","- ",39.695911407470703,-120.02471160888672,SIERRA,UNINCORPORATED,-120.02468109130859,39.695953369140625
90389253,2017,2017-02-09,9165,2017-02-02,0709,019583,,4,1,9,4600,0,1,3,,2,074,SR-89,"MOUNTAIN QUAIL ROAD",4752.00,N,N,B,D,Y,,,89,,,,,,,Y,4,0,1,2,A,-,03,22350,,N,A,C,A,C,B,E,A,A,0,,,,,Y,,A,07,0,0,1,0,0,0,0,0,0,"- ","- ",39.645200000000003,-120.43006,SIERRA,UNINCORPORATED,-120.43003653,39.64519422
90180046,2016,2016-05-16,9230,2016-05-11,1340,020411,,3,1,9,4600,0,1,3,,1,091,SR-49,"OAK VALLEY RD",6336.00,N,N,A,-,Y,,,49,,,,,,,Y,3,0,1,1,A,-,03,22350,,N,E,I,A,A,H,-,A,D,0,,,,,Y,,A,01,0,1,0,0,0,0,0,0,0,"- ","- ",39.498759999999997,-121.0184,SIERRA,UNINCORPORATED,-121.01841322999999,39.498802920000003
90499891,2017,2018-02-27,9222,2017-07-11,0315,019294,,2,3,9,4600,0,1,1,,2,025,"INTERSTATE 80","NEVADA STATELINE",7920.00,W,N,A,-,Y,,,80,,,,,,,Y,3,0,2,3,A,-,01,23152,A,N,E,I,A,A,D,-,C,A,0,,,,,Y,Y,A,07,0,1,1,0,0,0,0,0,0,"- ","- ",39.46613,-120.00434,SIERRA,UNINCORPORATED,-120.00437454999999,39.466153890000001
91023527,2019,2019-07-03,9165,2019-07-01,1444,019583,,1,2,9,4600,0,1,3,,2,074,SR-89,"WILSON LN",156.00,N,N,A,-,Y,,,89,,,,,,,Y,2,0,1,1,A,-,08,22107,,N,F,A,A,A,H,-,A,D,0,,,Y,,Y,,C,02,1,0,0,0,0,0,0,0,1,"- ","- ",39.592880249023438,-120.38217163085938,SIERRA,UNINCORPORATED,-120.38217926025391,39.592830657958984
90411453,2017,2017-03-13,9165,2017-03-06,1344,019781,,1,1,9,4600,0,3,5,,2,007,"A-23 (WESTSIDE ROAD)",SR-89,9504.00,N,N,B,-,N,,,,,,,,,,Y,2,0,4,1,A,-,08,22107,,N,F,A,A,B,H,-,A,D,0,,,,,Y,,A,07,2,2,0,0,0,0,0,0,0,"- ","- ",39.638739999999999,-120.41855,SIERRA,UNINCORPORATED,-120.41845769,39.639045289999999
91925763,2022,2022-11-23,9165,2022-11-12,1922,019583,,6,2,9,4600,0,1,3,,2,074,SR-89,"WESTSIDE RD.",2640.00,N,N,B,D,Y,SIE,,89,,,19.637,H,,R,Y,3,0,2,2,A,-,05,21650,,N,A,C,A,C,E,-,D,A,0,,,,,Y,,A,01,0,1,1,0,0,0,0,0,0,"- ","- ",39.61962890625,-120.43515777587891,SIERRA,UNINCORPORATED,-120.43515777587891,39.61962890625
94736469,2025,2025-06-23,9165,2025-06-15,1140,019583,,7,1,9,4600,0,1,3,,2,074,SR-89,"BECKWOURTH-CALPINE ROAD",0.00,,Y,A,-,Y,SIE,,89," "," ",19.053,H,,R,Y,3,0,1,2,A,-,09,21802,A,N,D,C,A,A,H,-,A,A,0,,,,,Y,,A,01,0,1,0,0,0,0,0,0,0,"- ","- ",39.615310668945312,-120.42594909667969,SIERRA,UNINCORPORATED,-120.42595672607422,39.615303039550781
94999339,2025,2026-01-05,9230,2025-12-28,2500,017889,,7,4,9,4600,0,3,5,,2,090,"OXFORD MINE ROAD","MAIN STREET",528.00,N,N,A,-,N,,,,,,,,,,Y,4,0,1,1,A,-,21,22106,,N,E,I,A,A,H,-,D,D,0,,,,,Y,,A,01,0,0,1,0,0,0,0,0,0,"- ","- ",39.568069458007812,-120.82639312744141,SIERRA,UNINCORPORATED,-120.82603454589844,39.567333221435547
91711152,2022,2022-02-28,9165,2022-02-20,1219,019583,,7,1,9,4600,0,1,3,,2,071,"US-395 S/B","LONG VALLEY UNDERCROSSING",1584.00,N,N,A,-,Y,SIE,,395,,R,2.548,H,,L,Y,3,0,1,1,C,-,18,,,N,H,H,A,A,H,-,A,D,0,,,Y,,Y,,-,"- ",0,1,0,0,0,0,0,0,1,"- ","- ",39.700729370117188,-120.03182220458984,SIERRA,UNINCORPORATED,-120.03180694580078,39.700736999511719
6653537,2014,2016-04-25,9165,2014-09-27,2030,020692,,6,2,9,4600,0,1,3,,2,074,"RT 89","1ST ST",528.00,S,N,B,C,Y,SIE,3,89,-,-,13.280,H,-,N,Y,3,0,1,1,A,-,01,23152,A,N,E,I,A,B,H,-,D,D,0,,,,,Y,Y,D,22,0,1,0,0,0,0,0,0,0,"- ","- ",39.566899999999997,-120.35737,SIERRA,UNINCORPORATED,-120.3574946,39.5668419
90344852,2016,2016-12-14,9222,2016-12-06,1553,015913,,2,2,9,4600,0,1,1,,2,025,"I-80 WESTBOUND",STATELINE,4752.00,W,N,F,-,Y,,,80,,,,,,W,Y,3,0,1,1,A,-,08,22107,,N,E,I,A,A,H,-,A,D,0,,,,Y,Y,,G,24,0,1,0,0,0,0,0,0,0,"- ","- ",39.455959999999997,-120.00932,SIERRA,UNINCORPORATED,-120.00939916,39.455957470000001
90869107,2018,2018-11-28,9222,2018-11-25,1615,017550,,7,2,9,4600,0,1,3,,2,047,"SR-89 NORTH","HENNESS PASS RD.",3960.00,S,N,A,-,Y,,,89,,,,,,,Y,2,0,2,1,A,-,08,22107,,N,E,I,A,A,H,-,B,D,0,,,,,Y,,A,01,1,0,1,0,0,0,0,0,0,"- ","- ",39.497798919677734,-120.25801086425781,SIERRA,UNINCORPORATED,-120.25798797607422,39.497840881347656
91333530,2020,2020-10-28,9230,2020-09-30,1435,016426,,3,2,9,4600,1,1,3,,1,091,SR-49,"INDIAN VALLEY RD",5808.00,S,N,A,-,Y,,,49,,,,,,,Y,2,0,2,2,A,-,05,21460,A,N,B,C,A,A,H,-,A,D,0,,,Y,,Y,,C,02,2,0,0,0,0,0,0,0,2,"- ","- ",39.504951477050781,-121.02114868164062,SIERRA,UNINCORPORATED,-121.02114868164062,39.504955291748047
94947191,2025,2025-11-25,9165,2025-11-16,1250,018622,,7,1,9,4600,0,3,5,,2,007,"LONG VALLEY RD","UNITED STATES HIGHWAY 395 S",26400.00,W,N,B,-,N,,,,,,,,,,Y,4,0,1,1,A,-,03,22350,,N,E,I,A,B,H,-,A,D,0,,,,,Y,,D,22,0,0,1,0,0,0,0,0,0,"- ","- ",39.622589111328125,-120.0224609375,SIERRA,UNINCORPORATED,,
90560776,2017,2017-10-02,9230,2017-08-26,1940,020425,,6,2,9,4600,0,3,5,,2,090,"SR-49 S/B","INDIAN VALLEY ROAD",10982.00,N,N,A,-,Y,,,49,,,,,,S,Y,2,0,2,1,A,-,01,23152,A,N,E,I,A,A,H,-,D,D,0,,,,,Y,Y,A,07,2,0,0,0,0,0,0,0,0,"- ","- ",39.524709999999999,-120.95475,SIERRA,UNINCORPORATED,-120.954757,39.52466372
91055177,2019,2019-08-20,9165,2019-08-09,1600,020692,,5,2,9,4600,0,3,5,,2,007,"LONG VALLEY RD","BALLS CANYON RD",695.00,S,N,A,-,N,,,,,,,,,,Y,2,0,1,2,A,-,03,22350,,N,A,C,A,A,B,H,A,D,0,,,Y,,Y,,C,06,1,0,0,0,0,0,0,0,1,"- ","- ",39.669921875,-120.00140380859375,SIERRA,UNINCORPORATED,-120.00135803222656,39.670219421386719
90697131,2018,2018-04-03,9165,2018-03-26,1257,019583,,1,1,9,4600,0,1,3,,2,074,SR-89,"WILSON LN",1584.00,N,N,A,-,Y,,,89,,,,,,,N,4,0,1,2,A,-,08,22107,,N,D,C,A,A,H,-,A,D,0,,,,,Y,,D,22,0,0,1,0,0,0,0,0,0,"- ","- ",39.593269348144531,-120.38417053222656,SIERRA,UNINCORPORATED,-120.38417053222656,39.593254089355469
92113319,2023,2023-07-10,9222,2023-07-01,1115,017091,,6,1,9,4600,0,1,1,,2,025,"INTERSTATE 80 EASTBOUND","CALIFORNIA/NEVADA STATELINE",3960.00,W,N,A,-,Y,SIE,,80," "," ",0.890,H,,R,Y,3,0,1,2,A,-,03,22350,,M,C,C,A,A,H,-,A,D,0,,,Y,,Y,,C,02,0,1,0,0,0,0,0,0,1,"- ","- ",39.458591461181641,-120.00855255126953,SIERRA,UNINCORPORATED,-120.00867462158203,39.458625793457031
91321333,2020,2020-10-12,9165,2020-10-03,1440,020692,,6,2,9,4600,0,3,5,,2,007,"HENNESS PASS RD","SUNRISE CREEK RD",2640.00,S,N,A,-,N,,,,,,,,,,Y,3,0,1,2,A,-,05,21650,,N,A,C,A,A,H,-,A,D,0,,,Y,,Y,,C,06,0,1,0,0,0,0,0,0,1,"- ","- ",39.520809173583984,-120.07553863525391,SIERRA,UNINCORPORATED,-120.07570648193359,39.520622253417969
92143916,2023,2023-08-15,9165,2023-08-13,1136,018243,,7,1,9,4600,0,1,3,,2,073,SR-49,"USFS RD. 52",1584.00,S,N,A,-,Y,SIE,,49," "," ",45.515,H,,R,N,2,0,2,2,A,-,13,22504,A,N,B,C,A,A,H,-,A,D,0,,,Y,,Y,,C,02,1,1,0,0,0,0,0,0,2,"- ","- ",39.637718200683594,-120.45577239990234,SIERRA,UNINCORPORATED,-120.45578002929688,39.637718200683594
90861899,2018,2018-11-16,9230,2018-10-21,1000,020425,,7,1,9,4600,0,1,3,,1,091,"STATE ROUTE 49","BRANDY CITY ROAD",5755.00,S,N,A,-,Y,,,49,,,,,,,Y,1,1,0,1,A,-,03,22350,,N,F,A,A,A,H,-,A,A,0,,,Y,,Y,,C,02,0,0,0,0,0,0,0,1,0,"- ","- ",39.514808654785156,-121.01602172851562,SIERRA,UNINCORPORATED,-121.01601409912109,39.514804840087891
90564542,2017,2017-10-06,9222,2017-10-04,1315,016334,,3,1,9,4600,0,1,1,,2,025,"I-80 W/B",STATELINE,300.00,W,N,A,-,Y,,,80,,,,,,W,N,4,0,1,2,A,-,03,22350,,N,C,C,A,A,H,-,A,D,0,,,,,Y,,E,22,0,0,1,0,0,0,0,0,0,"- ","- ",39.467550000000003,-120.00342999999999,SIERRA,UNINCORPORATED,-120.00344646000001,39.467562039999997
91053616,2019,2019-08-16,9165,2019-08-10,1210,018506,,6,1,9,4600,0,1,3,,2,073,SR-49,"VISTA POINT",528.00,N,N,B,-,Y,,,49,,,,,,,N,2,0,1,1,A,-,08,22107,,N,F,A,A,A,H,-,A,D,0,,,Y,,Y,,C,02,1,0,0,0,0,0,0,0,1,"- ","- ",39.637519836425781,-120.45570373535156,SIERRA,UNINCORPORATED,-120.45563507080078,39.637554168701172
94952742,2025,2025-12-01,9222,2025-11-07,1908,024831,,5,2,9,4600,0,1,1,,2,025,"I-80 EB","STATE LINE",500.00,W,N,A,-,Y,SIE,,80," "," ",1.474,H,,R,Y,4,0,3,4,A,-,01,23152,A,N,C,C,A,A,H,-,D,D,0,,,,,Y,Y,D,22,0,0,3,0,0,0,0,0,0,"- ","- ",39.466720581054688,-120.00376129150391,SIERRA,UNINCORPORATED,-120.00385284423828,39.466754913330078
6579402,2014,2014-08-28,9222,2014-07-04,1145,017550,,5,1,9,4600,0,3,5,,2,020,"STAMPEDE MEADOWS RD","SIERRA CO LINE",5280.00,N,N,A,-,N,,,,,,,,,,Y,3,0,1,1,A,-,08,22107,,N,F,A,A,A,H,-,A,D,0,,,Y,,Y,,C,02,0,1,0,0,0,0,0,0,1,"- ","- ",39.460560000000001,-120.0984,SIERRA,UNINCORPORATED,-120.09943217,39.45871133
91162110,2020,2020-01-09,9165,2020-01-06,0825,019583,,1,1,9,4600,0,1,3,,2,074,SR-89,"WESTSIDE RD",3168.00,N,N,A,-,Y,,,89,,,,,,,Y,4,0,1,1,A,-,08,22107,,N,E,I,A,A,H,-,A,D,0,,,,,Y,,A,07,0,0,1,0,0,0,0,0,0,"- ","- ",39.619480133056641,-120.43502807617188,SIERRA,UNINCORPORATED,-120.43506622314453,39.619457244873047
91202088,2020,2020-03-05,9165,2020-03-01,0617,019583,,7,1,9,4600,0,1,3,,2,071,"US-395 S/B","EVANS CANYON UNDERCROSSING",2756.00,S,N,B,D,Y,,,395,,,,,,S,Y,2,0,1,1,A,-,03,22350,,N,F,A,A,C,B,E,B,A,0,,,,,Y,,D,22,1,0,0,0,0,0,0,0,0,"- ","- ",39.702671051025391,-120.03304290771484,SIERRA,UNINCORPORATED,-120.03310394287109,39.70263671875
91519694,2021,2021-07-14,9165,2021-07-03,0640,019583,,6,1,9,4600,0,3,5,,2,007,"DOG VALLEY ROAD","FOREST ROAD 15",67.00,E,N,A,-,N,,,,,,,,,,Y,2,0,1,1,A,-,08,22107,,N,E,I,A,A,H,-,A,D,0,,,,,Y,Y,A,07,1,0,0,0,0,0,0,0,0,"- ","- ",39.511600494384766,-120.22100067138672,SIERRA,UNINCORPORATED,,
92145782,2023,2023-08-16,9165,2023-08-13,1135,018243,,7,1,9,4600,0,1,3,,2,073,SR-49,"USFS RD 52",1584.00,S,N,A,-,Y,SIE,,49," "," ",45.525,H,,R,N,2,0,1,1,A,-,08,22107,,N,F,A,A,A,H,-,A,D,0,,,Y,,Y,,C,02,1,0,0,0,0,0,0,0,1,"- ","- ",39.637851715087891,-120.45587921142578,SIERRA,UNINCORPORATED,-120.45584106445312,39.637859344482422
94762311,2025,2025-07-15,9230,2025-07-12,1300,020411,,6,1,9,4600,0,1,3,,1,091,SR-49,"OAK VALLEY RD",6336.00,N,N,A,-,Y,SIE,,49," "," ",0.830,H,,R,Y,2,0,1,1,A,-,08,22107,,N,E,I,A,A,H,-,A,A,0,,,Y,,Y,,C,02,1,0,0,0,0,0,0,0,1,"- ","- ",39.498771667480469,-121.01837158203125,SIERRA,UNINCORPORATED,-121.01840972900391,39.498844146728516
91296527,2020,2020-09-01,9222,2020-08-23,2000,015913,,7,2,9,4600,0,3,5,,2,040,"STAMPEDE DAM RD.","DOG VALLEY RD.",5280.00,S,N,A,-,N,,,,,,,,,,Y,3,0,1,1,C,-,18,,,N,F,A,A,A,H,-,D,D,0,,,Y,,Y,,-,"- ",0,1,0,0,0,0,0,0,1,"- ","- ",39.499900817871094,-120.08786010742188,SIERRA,UNINCORPORATED,,
94382162,2024,2024-09-05,9165,2024-08-25,1445,020692,,7,2,9,4600,0,3,5,,2,007,"DOG VALLEY RD","SMITHNECK RD",2112.00,E,N,A,-,N,,,,,,,,,,N,2,0,1,1,A,-,03,22350,,N,F,A,A,A,H,-,A,D,0,,,Y,,Y,,C,06,1,0,0,0,0,0,0,0,1,"- ","- ",39.506778717041016,-120.13941955566406,SIERRA,UNINCORPORATED,,
90330849,2016,2016-11-28,9230,2016-11-20,2240,019235,,7,3,9,4600,0,3,5,,2,090,"MINERS STREET","FOOTE CROSSING RD",528.00,N,N,B,C,N,,,,,,,,,,Y,3,0,1,1,A,-,03,22350,,N,E,I,A,B,B,-,D,A,0,,,,,Y,,A,01,0,1,0,0,0,0,0,0,0,"- ","- ",39.465409999999999,-120.84762000000001,SIERRA,UNINCORPORATED,-120.84753311,39.465185519999999
90598262,2017,2017-11-20,9165,2017-11-19,0903,013901,,7,1,9,4600,0,1,3,,2,074,SR-89,"COLD CREEK CAMPGROUND",4224.00,S,N,B,-,Y,,,89,,,,,,,Y,4,0,1,1,A,-,03,22350,,N,E,I,A,C,H,-,A,D,0,,,,,Y,,A,07,0,0,1,0,0,0,0,0,0,"- ","- ",39.533000000000001,-120.31058,SIERRA,UNINCORPORATED,-120.3105663,39.533039039999998
94386307,2024,2024-09-09,9222,2024-09-06,1905,020552,,5,2,9,4600,0,1,3,,2,047,"SR-89 N/B","SAGE HEN RD",1267.00,S,N,A,-,Y,NEV,,89," "," ",8.451,H,,R,N,4,0,1,1,A,-,08,22107,,N,E,I,A,A,H,-,B,D,0,,,,,Y,,M,47,0,0,1,0,0,0,0,0,0,"- ","- ",39.442878723144531,-120.21172332763672,SIERRA,UNINCORPORATED,-120.21174621582031,39.442863464355469
94810531,2025,2025-08-20,9222,2025-08-12,"415 ",022294,,2,3,9,4600,0,1,1,,2,025,"I-80 EASTBOUND","NEVADA STATE LINE",3538.00,W,N,A,-,Y,SIE,,80," "," ",0.936,H,,R,Y,2,0,1,1,A,-,08,22107,,N,E,8,A,A,H,-,D,D,0,,,,Y,Y,,G,25,1,0,0,0,0,0,0,0,0,"- ","- ",39.459259033203125,-120.00823974609375,SIERRA,UNINCORPORATED,-120.00836181640625,39.459293365478516
6846753,2015,2016-09-22,9222,2015-02-06,1257,15590,,5,1,9,4600,0,1,1,,2,025,"RT 80","CALIFORNIA/NEVADA STATE LINE",2112.00,W,N,B,-,Y,SIE,3,80,-,-,1.230,H,-,W,Y,4,0,1,1,A,-,08,22107,,N,E,I,A,A,H,-,A,D,1,,,,Y,Y,,G,25,0,0,1,0,0,0,0,0,0,"- ","- ",39.46275,-120.00663,SIERRA,UNINCORPORATED,-120.0059353,39.463715530000002
92137962,2023,2023-08-22,9165,2023-07-28,1418,019583,,5,2,9,4600,0,1,3,,2,074,SR-89,"CALPINE SUMMIT",6336.00,N,N,A,-,Y,SIE,,89," "," ",27.146,H,,R,Y,1,1,2,2,A,-,05,21460,A,N,A,C,A,A,H,-,A,D,0,,,,,Y,,-,"- ",2,0,0,0,0,0,0,0,0,"- ","- ",39.680198669433594,-120.49781036376953,SIERRA,UNINCORPORATED,-120.49779510498047,39.680221557617188
90149747,2016,2016-04-04,9230,2016-03-19,1150,020411,,6,1,9,4600,0,1,3,,1,091,SR-49,"OAK VALLEY RD",6336.00,N,N,A,-,Y,,,49,,,,,,,Y,2,0,1,1,A,-,03,22350,,N,E,I,A,A,H,-,A,D,0,,,Y,,Y,,C,02,1,0,0,0,0,0,0,0,1,"- ","- ",39.498469999999998,-121.01582000000001,SIERRA,UNINCORPORATED,-121.0158125,39.498510199999998
90006381,2015,2015-10-19,9230,2015-07-18,1940,020411,,6,2,9,4600,0,1,3,,1,091,SR-49,"NORTH FORK YUBA RIVER BRIDGE",528.00,S,N,A,-,Y,,,49,,,,,,,Y,3,0,1,1,A,-,01,23152,A,M,E,I,A,A,H,-,A,D,0,,,,,Y,Y,A,01,0,1,0,0,0,0,0,0,0,"- ","- ",39.515030000000003,-121.01584,SIERRA,UNINCORPORATED,-121.01581819,39.514991049999999
91098363,2019,2019-10-16,9222,2019-09-26,1620,015913,,4,2,9,4600,0,1,3,,2,047,"SR-89 N.","KYBURZ FLAT RD.",400.00,S,N,A,-,Y,,,89,,,,,,,Y,2,0,1,1,A,-,08,22107,,N,F,A,A,A,H,-,A,D,0,,,Y,,Y,,C,02,1,0,0,0,0,0,0,0,1,"- ","- ",39.50408935546875,-120.26177215576172,SIERRA,UNINCORPORATED,-120.26177215576172,39.50408935546875
92416246,2024,2024-06-17,9230,2024-06-01,1300,017889,,6,1,9,4600,0,3,5,,2,090,"SAILOR RAVINE RD","MAIN ST",2112.00,N,N,A,-,N,,,,,,,,,,N,3,0,1,2,A,-,03,22350,,N,A,C,A,A,H,-,A,D,0,,,Y,,Y,,C,02,0,1,0,0,0,0,0,0,1,"- ","- ",39.570949554443359,-120.82272338867188,SIERRA,UNINCORPORATED,-120.82329559326172,39.572048187255859
91049288,2019,2019-08-09,9222,2019-07-22,2055,015913,,1,2,9,4600,0,1,1,,2,025,"I-80 EASTBOUND","CA/NV STATELINE",3696.00,W,N,A,-,Y,,,80,,,,,,E,Y,4,0,1,2,A,-,03,22350,,N,C,C,A,A,H,-,D,D,0,,,,Y,Y,,G,25,0,0,1,0,0,0,0,0,0,"- ","- ",39.448028564453125,-120.00945281982422,SIERRA,UNINCORPORATED,-120.00951385498047,39.448047637939453
92277023,2023,2024-01-02,9222,2023-12-22,"25  ",017550,,5,3,9,4600,0,3,5,,2,040,SR-89N,"LITTLE TRUCKEE RIVER",4500.00,S,N,E,-,Y,SIE,,89," "," ",1.691,H,,R,Y,3,0,1,1,A,-,08,22107,,N,E,I,A,A,H,-,D,D,0,,,,,Y,,D,22,0,1,0,0,0,0,0,0,0,"- ","- ",39.466140747070312,-120.22969055175781,SIERRA,UNINCORPORATED,-120.22962951660156,39.466156005859375
92112470,2023,2023-07-10,9165,2023-07-04,2040,019583,,2,2,9,4600,0,3,5,,2,007,"SMITHNECK RD","ANTELOPE VALLEY RD",0.00,,Y,A,-,N,,,,,,,,,,N,3,0,1,1,A,-,01,23152,A,N,H,A,A,A,H,-,D,D,0,,,,,Y,Y,M,96,0,1,0,0,0,0,0,0,0,"- ","- ",39.651500701904297,-120.22165679931641,SIERRA,UNINCORPORATED,-120.22153472900391,39.651569366455078
6664695,2014,2014-11-06,9222,2014-09-13,1145,018315,,6,1,9,4600,0,3,5,,2,040,"JACKSON MEADOWS RD","PERAZZO MEADOWS RD",1000.00,W,N,A,-,N,,,,,,,,,,Y,3,0,2,1,A,-,17,21662,A,N,E,J,A,A,H,-,A,D,0,,,,,Y,,D,22,0,1,1,0,0,0,0,0,0,"- ","- ",,,SIERRA,UNINCORPORATED,,
6753193,2014,2016-06-20,9222,2014-12-29,1255,017550,,1,1,9,4600,0,1,1,,2,025,"RT 80",STATELINE,2112.00,W,N,A,-,Y,SIE,3,80,-,-,1.130,H,-,W,Y,3,0,1,1,A,-,08,22107,,N,E,I,A,A,H,-,A,D,1,,,,Y,Y,,G,27,0,1,0,0,0,0,0,0,0,"- ","- ",39.463030000000003,-120.00642999999999,SIERRA,UNINCORPORATED,-120.00682702,39.462338529999997
91064153,2019,2019-08-30,9222,2019-08-23,1830,017658,,5,2,9,4600,0,1,3,,2,047,"STATE ROUTE 89 NORTH","SAGE HEN SUMMIT",10560.00,N,N,A,-,Y,,,,,,,,,,Y,4,0,1,1,A,-,08,22107,,N,E,I,A,A,H,-,A,D,0,,,,Y,Y,,G,27,0,0,1,0,0,0,0,0,0,"- ","- ",39.503921508789062,-120.55838012695312,SIERRA,UNINCORPORATED,,
92087232,2023,2023-06-06,9230,2023-05-28,1330,015944,,7,1,9,4600,0,1,3,,1,091,SR-49,"INDIAN VALLEY RD",720.00,N,N,B,-,Y,SIE,,49," "," ",5.681,H,,R,N,2,0,2,1,A,-,03,22350,,N,F,A,A,A,H,-,A,D,0,,,Y,,Y,,C,02,1,1,0,0,0,0,0,0,2,"- ","- ",39.513648986816406,-120.97889709472656,SIERRA,UNINCORPORATED,-120.97890472412109,39.513618469238281
92313563,2024,2024-02-14,9165,2024-02-05,1205,019583,,1,1,9,4600,0,1,3,,2,074,SR-89,"WILLOW STREET",1584.00,N,N,B,D,Y,SIE,,89," "," ",14.574,H,,R,Y,3,0,1,1,A,-,08,22107,,N,E,I,A,B,H,-,A,D,0,,,,,Y,,D,22,0,1,0,0,0,0,0,0,0,"- ","- ",39.582901000976562,-120.36932373046875,SIERRA,UNINCORPORATED,-120.36928558349609,39.582893371582031
90197779,2016,2016-06-09,9165,2016-06-02,0544,019583,,4,3,9,4600,0,3,5,,2,007,"SMITHNECK RD","SIERRA BROOKS SUBSTATION ROAD",97.00,S,N,A,-,N,,,,,,,,,,Y,4,0,1,1,A,-,08,22107,,N,E,I,A,A,H,-,B,D,0,,,,,Y,,A,01,0,0,1,0,0,0,0,0,0,"- ","- ",39.645949999999999,-120.21727,SIERRA,UNINCORPORATED,,
90083010,2015,2015-12-28,9165,2015-12-18,2230,020692,,5,3,9,4600,0,3,5,,2,007,"CALPINE RD",SR-89,3168.00,E,N,B,D,N,,,,,,,,,,Y,4,0,1,1,A,-,01,23152,A,N,F,A,A,C,H,-,D,D,0,,,,,Y,Y,D,22,0,0,1,0,0,0,0,0,0,"- ","- ",39.665050000000001,-120.42008,SIERRA,UNINCORPORATED,-120.42213767,39.665039999999998
91233546,2020,2020-05-04,9230,2020-05-02,1200,020013,,6,1,9,4600,0,1,3,,1,091,"SR-49 N/B","49 SIE 1.120",100.00,N,N,A,-,Y,,,49,,,,,,N,Y,2,0,1,1,A,-,08,22107,,N,E,I,A,A,H,-,A,D,0,,,Y,,Y,,C,02,1,0,0,0,0,0,0,0,1,"- ","- ",39.497699737548828,-121.01529693603516,SIERRA,UNINCORPORATED,-121.01548767089844,39.498523712158203
92415140,2024,2024-06-14,9285,2024-06-09,1723,018986,,7,2,9,4600,0,3,5,,2,086,"POVERTY HILL ROAD","PORT WINE RIDGE ROAD",2335.00,W,N,A,-,N,,,,,,,,,,Y,2,0,2,1,A,-,08,22107,,N,F,A,A,A,H,-,A,D,0,,,,,Y,,M,96,1,1,0,0,0,0,0,0,0,"- ","- ",39.610309600830078,-120.98924255371094,SIERRA,UNINCORPORATED,-120.98348236083984,39.606288909912109
94861705,2025,2025-09-26,9230,2025-09-20,1340,021631,,6,1,9,4600,0,3,5,,2,090,"SR-49 N/B","SIERRA MPM .073",50.00,N,N,A,-,Y,SIE,,49," "," ",0.836,H,,R,N,2,0,1,1,A,-,08,22107,,N,F,A,A,A,H,-,A,D,0,,,Y,,Y,,C,02,1,0,0,0,0,0,0,0,1,"- ","- ",39.498859405517578,-121.01828765869141,SIERRA,UNINCORPORATED,-121.01830291748047,39.498878479003906
90825696,2018,2018-10-01,9222,2018-09-20,2314,015908,,4,3,9,4600,0,1,1,,2,025,"I-80 W/B","NEVADA STATE LINE",5808.00,W,N,A,-,Y,,,80,,,,,,W,Y,3,0,1,1,C,-,18,,,N,E,I,A,A,H,-,D,D,0,,,,,Y,,-,"- ",0,1,0,0,0,0,0,0,0,"- ","- ",39.452838897705078,-120.00923919677734,SIERRA,UNINCORPORATED,-120.00930786132812,39.452838897705078
6371586,2014,2015-11-13,9230,2014-01-05,0100,19235,,7,3,9,4600,0,1,3,,1,092,"RT 49","FOREST SERVICE RD 93",4752.00,S,N,A,-,Y,SIE,3,49,-,-,22.070,H,-,N,Y,3,0,1,1,A,-,05,21650,,N,E,I,A,A,H,-,D,A,0,,,,,Y,,A,01,0,1,0,0,0,0,0,0,0,"- ","- ",39.560250000000003,-120.75299,SIERRA,UNINCORPORATED,-120.7485796,39.560453209999999
91498073,2021,2021-06-16,9165,2021-06-06,1230,018622,,7,1,9,4600,0,1,3,,2,073,SR-49,"USFS RD. 52",528.00,N,N,A,-,Y,,,49,,,,,,,N,3,0,1,1,A,-,03,22350,,N,F,A,A,A,B,-,A,D,0,,,Y,,Y,,C,02,0,1,0,0,0,0,0,0,1,"- ","- ",39.636890411376953,-120.45194244384766,SIERRA,UNINCORPORATED,-120.45194244384766,39.636920928955078
6712657,2014,2015-01-16,9165,2014-11-12,1755,015529,,3,2,9,4600,0,3,5,,2,007,"WESTSIDE RD","CALPINE RD",2131.00,S,N,A,-,N,,,,,,,,,,Y,3,0,1,1,A,-,01,23152,A,M,E,I,A,A,H,-,D,D,0,,,,,Y,Y,D,22,0,1,0,0,0,0,0,0,0,"- ","- ",,,SIERRA,UNINCORPORATED,-120.41088402,39.65947431
6849015,2015,2015-06-03,9165,2015-03-10,0300,019583,,2,3,9,4600,0,3,5,,2,007,"SMITHNECK RD","W SIERRA BROOKS DR",2165.00,N,N,A,-,N,,,,,,,,,,Y,4,0,1,1,A,-,08,22107,,N,E,I,A,A,H,-,D,D,0,,,,,Y,,A,07,0,0,1,0,0,0,0,0,0,"- ","- ",39.644629999999999,-120.21493,SIERRA,UNINCORPORATED,-120.21610502999999,39.645078740000002
90008443,2015,2015-10-19,9230,2015-07-30,0950,020411,,4,1,9,4600,0,1,3,,1,091,SR-49,"NORTH FORK YUBA RIVER",4224.00,S,N,A,-,Y,,,49,,,,,,,Y,4,0,1,1,A,-,08,22107,,N,F,A,A,A,H,-,A,D,0,,,,,Y,,A,01,0,0,1,0,0,0,0,0,0,"- ","- ",39.508600000000001,-121.0176,SIERRA,UNINCORPORATED,-121.01757153,39.50861037
90047606,2015,2015-11-10,9165,2015-11-01,0300,019583,,7,3,9,4600,0,1,3,,2,053,"SMITHNECK ROAD",SR-49,0.00,,Y,A,-,Y,,,,,,,,,,Y,4,0,1,1,A,-,03,22350,,M,E,I,A,A,H,-,D,A,0,,,,,Y,Y,A,01,0,0,1,0,0,0,0,0,0,"- ","- ",39.675240000000002,-120.23151,SIERRA,UNINCORPORATED,-120.23573998000001,39.675369949999997
90265774,2016,2016-09-12,9222,2016-08-06,1600,012704,,6,2,9,4600,0,1,1,,2,025,"I-80 E/B","COUNTY LINE",2112.00,E,N,A,-,Y,,,,,,,,,,Y,3,0,1,1,A,-,03,22350,,N,F,A,A,A,H,-,A,D,0,,,Y,,Y,,C,02,0,1,0,0,0,0,0,0,1,"- ","- ",,,SIERRA,UNINCORPORATED,,
94756380,2025,2025-07-10,9222,2025-07-08,2025,022294,,2,2,9,4600,0,3,5,,2,040,"DOG VALLEY ROAD","STAMPEDE DAM RD",7339.00,W,N,A,-,N,,,,,,,,,,Y,3,0,1,1,A,-,01,23152,A,N,E,I,A,A,H,-,D,D,0,,,,,Y,Y,D,22,0,1,0,0,0,0,0,0,0,"- ","- ",39.469249725341797,-120.11524963378906,SIERRA,UNINCORPORATED,-120.11264038085938,39.469562530517578
94707785,2025,2025-06-02,9165,2025-05-23,1635,020692,,5,2,9,4600,0,3,5,,2,007,"WESTSIDE RD","CALPINE RD",2640.00,S,N,A,-,N,,,,,,,,,,Y,4,0,1,2,A,-,09,21801,A,N,D,2,A,A,H,-,A,D,0,,,,,Y,,A,07,0,0,1,0,0,0,0,0,0,"- ","- ",39.658031463623047,-120.41188049316406,SIERRA,UNINCORPORATED,-120.41168212890625,39.658226013183594
6557258,2014,2016-03-28,9230,2014-06-21,1730,019235,,6,2,9,4600,0,1,3,,1,081,"RT 49","YUBA CO LINE",4224.00,N,N,A,-,Y,SIE,3,49,-,-,0.800,H,-,N,Y,3,0,1,1,A,-,03,22350,,N,F,A,A,A,H,-,A,A,0,,,Y,,Y,,C,02,0,1,0,0,0,0,0,0,1,"- ","- ",39.558480000000003,-120.8305,SIERRA,UNINCORPORATED,-121.01679962999999,39.499017700000003
6922261,2015,2016-12-17,9165,2015-05-05,1845,013901,,2,2,9,4600,0,1,3,,2,072,"RT 49","VISTA POINT",13728.00,S,N,B,-,Y,SIE,3,49,-,-,42.740,H,-,N,Y,2,0,1,1,A,-,03,22350,,N,F,A,A,A,H,-,A,D,0,,,Y,,Y,,C,02,1,0,0,0,0,0,0,0,1,"- ","- ",39.623910000000002,-120.47116,SIERRA,UNINCORPORATED,-120.47213837,39.62339686
91043187,2019,2019-08-01,9165,2019-07-29,1532,019781,,1,2,9,4600,0,1,3,,2,072,SR-49,"LEMON CANYON RD",4752.00,N,N,A,-,Y,,,49,,,,,,,Y,3,0,1,1,A,-,08,22107,,N,E,I,A,A,H,-,A,D,0,,,,,Y,,D,22,0,1,0,0,0,0,0,0,0,"- ","- ",39.598678588867188,-120.34738159179688,SIERRA,UNINCORPORATED,-120.347412109375,39.598690032958984
91449311,2021,2021-04-13,9230,2021-04-04,1100,019235,,7,1,9,4600,0,1,3,,1,081,SR49,"NORTH YUBA RIVER",5808.00,S,N,A,-,Y,,,49,,,,,,,Y,3,0,1,1,D,-,00,,,N,E,I,A,A,H,-,A,A,0,,,,,Y,,-,"- ",0,1,0,0,0,0,0,0,0,"- ","- ",39.504730224609375,-121.02137756347656,SIERRA,UNINCORPORATED,-121.0213623046875,39.504730224609375
94699233,2025,2025-05-23,9230,2025-05-17,1230,017889,,6,1,9,4600,0,3,5,,2,090,"HENNESS PASS RD","MOUNTAIN HOUSE RD",27456.00,E,N,B,-,N,,,,,,,,,,N,3,0,1,1,A,-,03,22350,,N,F,A,A,A,B,-,A,D,0,,,Y,,Y,,-,"- ",0,1,0,0,0,0,0,0,1,"- ","- ",39.488391876220703,-120.95252227783203,SIERRA,UNINCORPORATED,-120.88883209228516,39.498809814453125
91810714,2022,2022-07-05,9230,2022-07-04,1645,019235,,1,2,9,4600,0,1,3,,1,091,SR-49,"BRANDY CITY RD",50.00,S,N,B,-,Y,SIE,,49,,,4.558,H,,R,N,2,0,1,1,A,-,03,22350,,N,F,0,A,A,H,-,A,D,0,,,Y,,Y,,C,02,1,0,0,0,0,0,0,0,1,"- ","- ",39.519451141357422,-120.99832916259766,SIERRA,UNINCORPORATED,-120.99833679199219,39.519359588623047
94440278,2024,2024-10-22,9222,2024-10-17,1222,016576,,4,1,9,4600,0,1,1,,2,025,"INTERSTATE 80 EASTBOUND","SIERRA COUNT LINE",4752.00,E,N,B,C,Y,SIE,,80," "," ",0.835,H,,R,N,4,0,2,1,A,-,08,22107,,N,E,I,A,B,H,-,A,D,0,,,,,Y,,-,"- ",0,0,2,0,0,0,0,0,0,"- ","- ",39.457820892333984,-120.00900268554688,SIERRA,UNINCORPORATED,-120.00899505615234,39.457817077636719
94899114,2025,2025-10-23,9165,2025-10-12,1548,024561,,7,2,9,4600,0,3,5,,2,007,"CR 860","DOG VALLEY ROAD",150.00,N,N,A,-,N,,,,,,,,,,N,2,0,1,1,A,-,03,22350,,N,E,I,A,A,H,-,A,D,0,,,Y,,Y,,C,02,1,0,0,0,0,0,0,0,1,"- ","- ",39.506889343261719,-120.09587860107422,SIERRA,UNINCORPORATED,,
6963211,2015,2016-12-17,9165,2015-06-14,1237,19781,,7,1,9,4600,0,1,3,,2,073,"RT 49","USFS 12 ROAD",4224.00,N,N,A,-,Y,SIE,3,49,-,-,42.230,H,-,S,N,2,0,2,1,A,-,03,22350,,N,F,A,A,A,H,-,A,D,0,,,Y,,Y,,C,02,1,0,1,0,0,0,0,0,2,"- ","- ",39.619549999999997,-120.47931,SIERRA,UNINCORPORATED,-120.47920971000001,39.619323780000002
91085530,2019,2019-09-27,9230,2019-09-15,1245,020425,,7,1,9,4600,0,1,3,,1,091,SR-49,"JIM CROW ROAD",8765.00,N,N,A,-,Y,,,49,,,,,,,Y,2,0,1,1,A,-,08,22107,,N,F,A,A,A,H,-,A,A,0,,,Y,,Y,,C,02,1,0,0,0,0,0,0,0,1,"- ","- ",39.559028625488281,-120.75910186767578,SIERRA,UNINCORPORATED,-120.75916290283203,39.559108734130859
6547151,2014,2016-03-28,9230,2014-06-14,1155,019235,,6,1,9,4600,0,1,3,,1,081,"RT 49","SIERRA YUBA CO LINE",4224.00,N,N,B,-,Y,SIE,3,49,-,-,0.800,H,-,N,Y,3,0,2,1,A,-,05,21650,,N,E,I,A,A,H,-,A,A,0,,,Y,,Y,,C,02,0,1,1,0,0,0,0,0,2,"- ","- ",39.558480000000003,-120.8305,SIERRA,UNINCORPORATED,-121.01679962999999,39.499017700000003
90036654,2015,2015-10-22,9230,2015-10-19,0400,020411,,1,3,9,4600,0,1,3,,1,092,SR-49,"GOLD LAKE ROAD",1584.00,N,N,B,-,Y,,,49,,,,,,,Y,2,0,1,1,A,-,03,22350,,N,E,I,A,B,H,-,D,D,0,,,,,Y,,D,22,1,0,0,0,0,0,0,0,0,"- ","- ",39.61853,-120.58490999999999,SIERRA,UNINCORPORATED,-120.58494752999999,39.618596099999998
90405033,2017,2017-03-03,9230,2017-02-22,1510,019235,,3,2,9,4600,0,1,3,,1,092,SR-49,"UNION FLAT CAMPGROUND",2640.00,N,N,B,-,Y,,,49,,,,,,,Y,3,0,1,1,A,-,05,21650,,N,E,I,A,A,H,-,A,A,0,,,,,Y,,A,01,0,1,0,0,0,0,0,0,0,"- ","- ",39.570369999999997,-120.73703,SIERRA,UNINCORPORATED,-120.73708408,39.570503690000002
92338490,2024,2024-03-14,9222,2024-03-08,"625 ",014397,,5,1,9,4600,0,1,1,,2,025,"I-80 W/B","CALIFORNIA/NEVADA STATELINE",1584.00,W,N,A,-,Y,SIE,,80," "," ",1.387,H,,L,Y,4,0,1,1,A,-,08,22107,,N,E,8,A,B,H,-,B,D,0,,,,,Y,,A,01,0,0,1,0,0,0,0,0,0,"- ","- ",39.465679168701172,-120.00457763671875,SIERRA,UNINCORPORATED,-120.00466156005859,39.465709686279297
90197750,2016,2016-06-09,9230,2016-05-28,1000,019235,,6,1,9,4600,0,1,3,,1,091,SR-49,"RAMSHORN RD",2112.00,S,N,A,-,Y,,,,,,,,,,N,3,0,1,1,C,-,18,,,N,E,I,A,A,H,-,A,D,0,,,Y,,Y,,-,"- ",0,1,0,0,0,0,0,0,1,"- ","- ",39.52467,-120.85988999999999,SIERRA,UNINCORPORATED,-120.91904443999999,39.536610529999997
94823862,2025,2025-08-29,9165,2025-07-17,2025,020692,,4,2,9,4600,0,1,3,,2,073,SR-49,"MPM 49 SIE 44.0",1901.00,N,N,A,-,Y,SIE,,49," "," ",44.375,H,,R,Y,1,1,1,1,A,-,01,23152,A,N,E,8,A,A,H,-,D,D,0,,,,,Y,Y,D,22,0,1,0,0,0,0,0,0,0,"- ","- ",39.623241424560547,-120.46021270751953,SIERRA,UNINCORPORATED,-120.46029663085938,39.623264312744141
90244772,2016,2016-08-15,9165,2016-08-13,1232,019583,,6,1,9,4600,0,1,3,,2,073,SR-49,"YUBA PASS RD",4224.00,N,N,A,-,Y,,,49,,,,,,,N,3,0,2,1,A,-,08,22107,,N,F,A,A,A,H,-,A,D,0,,,Y,,Y,,C,02,0,2,0,0,0,0,0,0,2,"- ","- ",39.619869999999999,-120.4791,SIERRA,UNINCORPORATED,-120.4790531,39.619823590000003
92010697,2023,2023-03-06,9230,2023-02-23,1620,019235,,4,2,9,4600,0,1,3,,1,091,SR-49,"NEVADA STREET",3168.00,S,N,B,D,Y,SIE,,49," "," ",16.070,H,,R,Y,4,0,1,2,A,-,03,22350,,N,C,C,A,C,G,-,A,A,0,,,,,Y,,A,07,0,0,1,0,0,0,0,0,0,"- ","- ",39.559700012207031,-120.837158203125,SIERRA,UNINCORPORATED,-120.83718109130859,39.559658050537109
91056541,2019,2019-08-21,9230,2019-08-11,1250,019235,,7,1,9,4600,0,1,3,,1,092,SR-49,"LUNCH CREEK",4224.00,S,N,A,-,Y,,,49,,,,,,,Y,2,0,1,1,A,-,05,21650,,N,E,I,A,A,H,-,A,A,0,,,Y,,Y,,C,02,1,0,0,0,0,0,0,0,1,"- ","- ",39.619121551513672,-120.51869964599609,SIERRA,UNINCORPORATED,-120.51868438720703,39.619026184082031
94761903,2025,2025-07-15,9165,2025-07-05,1329,024596,,6,1,9,4600,0,1,3,,2,073,"SR-49 S/B",SR-89,252.00,S,N,A,-,Y,SIE,,49," "," ",47.403,H,,L,Y,2,0,2,1,A,-,08,22107,,F,E,8,A,A,H,-,A,D,0,,,Y,,Y,,C,02,2,0,0,0,0,0,0,0,2,"- ","- ",39.624488830566406,-120.43580627441406,SIERRA,UNINCORPORATED,-120.43581390380859,39.624485015869141
91303802,2020,2020-09-14,9230,2020-08-30,0930,020425,,7,1,9,4600,0,1,3,,1,092,SR-49,"YUBA PASS RD",1430.00,S,N,A,-,Y,,,49,,,,,,,Y,2,0,1,1,A,-,03,22350,,N,F,A,A,A,H,-,A,D,0,,,Y,,Y,,C,02,1,0,0,0,0,0,0,0,1,"- ","- ",39.619209289550781,-120.49806213378906,SIERRA,UNINCORPORATED,-120.49805450439453,39.619205474853516
92034616,2023,2023-03-31,9165,2023-03-28,1143,018243,,2,1,9,4600,0,1,3,,2,074,SR-89,"BARRINGTON ROAD (WILSON LANE)",528.00,N,N,B,D,Y,SIE,,89," "," ",15.965,H,,R,N,4,0,1,1,A,-,03,22350,,N,E,I,A,C,H,-,A,A,0,,,,,Y,,A,01,0,0,1,0,0,0,0,0,0,"- ","- ",39.593128204345703,-120.38333129882812,SIERRA,UNINCORPORATED,-120.38334655761719,39.59307861328125
90956018,2019,2019-03-28,9165,2019-03-18,1507,020692,,1,2,1,4601,1,4,S,,2,901,SR-49,"FOURTH ST.",0.00,,N,A,-,Y,,,49,,,,,,,N,3,0,1,2,A,-,09,21804,A,N,D,G,A,A,H,-,A,A,0,,Y,,,Y,,L,04,0,1,0,0,0,0,1,0,0,"- ","- ",39.676090240478516,-120.24539947509766,SIERRA,LOYALTON,-120.24537658691406,39.675891876220703
6589565,2014,2016-05-03,9230,2014-07-12,1500,019235,,6,2,9,4600,0,1,3,,1,091,"RT 49","GOODYEAR CREEK RD",4224.00,N,N,A,-,Y,SIE,3,49,-,-,13.580,H,-,S,Y,3,0,1,1,A,-,01,23152,A,N,E,I,A,A,H,-,A,A,1,,,,,Y,Y,D,22,0,1,0,0,0,0,0,0,0,"- ","- ",39.559570000000001,-120.85252,SIERRA,UNINCORPORATED,-120.87225687999999,39.54413426
6728502,2014,2016-07-05,9165,2014-11-24,1630,013901,,1,2,9,4600,0,1,3,,2,074,"RT 89","COLD CREEK CAMPGROUND",1584.00,S,N,A,-,Y,SIE,3,89,-,-,9.920,H,-,N,Y,2,0,1,1,A,-,08,22107,,N,E,I,A,A,H,-,B,D,0,,,,,Y,,A,01,1,0,0,0,0,0,0,0,0,"- ","- ",,,SIERRA,UNINCORPORATED,-120.31447513000001,39.538868489999999
90007946,2015,2015-10-19,9230,2015-07-26,1250,020411,,7,1,9,4600,0,1,3,,1,091,SR-49,"LADIES CANYON BRIDGE",3168.00,N,N,A,-,Y,,,49,,,,,,,Y,4,0,1,1,A,-,08,22107,,N,F,A,A,A,H,-,A,D,0,,,Y,,Y,,C,02,0,0,1,0,0,0,0,0,1,"- ","- ",39.563499999999998,-120.74917000000001,SIERRA,UNINCORPORATED,-120.74913746999999,39.563511499999997
90416251,2017,2017-03-21,9165,2017-03-19,0545,013901,,7,3,9,4600,0,1,3,,2,071,"US-395 N/B","LONG VALLEY U/C",2640.00,S,N,B,-,Y,,,395,,,,,,N,Y,3,0,2,1,A,-,08,22107,,N,F,A,A,A,H,-,D,D,0,,,,,Y,,A,07,0,1,1,0,0,0,0,0,0,"- ","- ",39.692450000000001,-120.01900999999999,SIERRA,UNINCORPORATED,-120.01899317,39.692478119999997
90123131,2016,2016-02-24,9165,2016-02-18,0715,019583,,4,1,9,4600,0,1,3,,2,074,SR-89,"CAMPBELL HOT SPRINGS RD",230.00,N,N,B,D,Y,,,89,,,,,,,Y,4,0,1,1,A,-,03,22350,,N,E,I,A,C,E,-,A,A,0,,,,,Y,,A,01,0,0,1,0,0,0,0,0,0,"- ","- ",39.556460000000001,-120.33822000000001,SIERRA,UNINCORPORATED,-120.33818342000001,39.556384280000003
90828834,2018,2018-10-04,9230,2018-09-03,1645,020425,,1,2,9,4600,0,1,3,,1,092,"SR-49 S/B","ROMANO RANCH ROAD",5280.00,N,N,A,-,Y,,,49,,,,,,S,Y,3,0,1,1,A,-,03,22350,,N,F,A,A,A,B,-,A,D,0,,,Y,,Y,,C,02,0,1,0,0,0,0,0,0,1,"- ","- ",39.565910339355469,-120.71553039550781,SIERRA,UNINCORPORATED,-120.71536254882812,39.565757751464844
90211475,2016,2016-06-28,9165,2016-06-26,1015,013862,,7,1,9,4600,0,1,3,,2,073,SR-49,"THE VISTA POINT",1056.00,N,N,A,-,Y,,,49,,,,,,,Y,4,0,1,1,A,-,03,22350,,N,F,A,A,A,H,-,A,D,0,,,Y,,Y,,C,02,0,0,1,0,0,0,0,0,1,"- ","- ",39.638109999999998,-120.45585,SIERRA,UNINCORPORATED,-120.45578306,39.638062189999999
90701354,2018,2018-04-09,9165,2018-04-08,0911,013901,,7,1,9,4600,0,1,3,,2,072,SR-49,"FILIPPINI ROAD",2112.00,S,N,A,-,Y,,,49,,,,,,,Y,4,0,1,1,A,-,08,22107,,N,F,A,A,A,H,-,A,D,0,,,,,Y,,D,22,0,0,1,0,0,0,0,0,0,"- ","- ",39.681339263916016,-120.32861328125,SIERRA,UNINCORPORATED,-120.32860565185547,39.681308746337891
91870036,2022,2022-09-21,9230,2022-09-17,1630,020411,,6,2,9,4600,0,3,5,,2,090,"RIDGE ROAD","WILD ROSE MEADOW LN",860.00,E,N,B,-,N,,,,,,,,,,Y,2,0,1,2,A,-,09,21801,A,N,D,C,A,A,H,-,A,D,0,,,Y,,Y,,D,22,1,0,0,0,0,0,0,0,1,"- ","- ",39.425331115722656,-120.99558258056641,SIERRA,UNINCORPORATED,-120.99578094482422,39.424674987792969
92119837,2023,2023-07-18,9230,2023-07-15,1130,019235,,6,1,9,4600,0,1,3,,1,092,SR49,"LADIES CANYON CREEK",1373.00,N,N,A,-,Y,SIE,,49," "," ",24.325,H,,R,Y,3,0,1,1,A,-,08,22107,,N,F,A,A,A,H,-,A,D,0,,,Y,,Y,,C,02,0,1,0,0,0,0,0,0,1,"- ","- ",39.565788269042969,-120.72064208984375,SIERRA,UNINCORPORATED,-120.72063446044922,39.565807342529297
94644055,2025,2025-04-10,9165,2025-03-31,1534,020569,,1,2,9,4600,0,1,3,,2,073,SR-49,"YUBA PASS RD",13200.00,N,N,B,D,Y,SIE,,49," "," ",43.800,H,,R,Y,2,0,4,2,A,-,03,22350,,N,A,C,A,C,B,E,A,A,0,,,,,Y,,A,01,1,3,0,0,0,0,0,0,0,"- ","- ",39.627288818359375,-120.46278381347656,SIERRA,UNINCORPORATED,-120.46283721923828,39.627342224121094
9583625,2023,2023-08-02,4600,2023-06-20,1644,4604,SIERR,2,5,1,4601,0,0,0,,0,,"RT 49","2ND ST",0.00,,Y,A,-,Y,SIE,3,49,-,-,60.700,H,-,N,N,4,0,1,2,A,-,21,22106,,N,D,C,A,A,H,-,A,D,0,,,,,Y,,A,01,0,0,1,0,0,0,0,0,0,"- ","- ",,,SIERRA,LOYALTON,-120.24308776855469,39.676044464111328
90833834,2018,2018-10-11,9230,2018-09-16,0830,020425,,7,1,9,4600,0,1,3,,1,092,"SR-49 N/B","FOREST ROUTE 09",48.00,N,N,A,-,Y,,,49,,,,,,N,Y,4,0,1,1,A,-,03,22350,,N,E,I,A,A,H,-,A,A,0,,,Y,,Y,,C,02,0,0,1,0,0,0,0,0,1,"- ","- ",39.617099761962891,-120.50618743896484,SIERRA,UNINCORPORATED,-120.50617980957031,39.617118835449219
6334069,2014,2016-02-22,9165,2014-01-14,0625,019781,,2,1,9,4600,0,1,3,,2,074,"RT 89","USFS 89-55",1056.00,N,N,A,-,Y,SIE,3,89,-,-,9.350,H,-,S,Y,4,0,1,1,A,-,03,22350,,N,E,I,A,C,H,-,B,D,0,,,,,Y,,D,22,0,0,1,0,0,0,0,0,0,"- ","- ",39.53284,-120.30959,SIERRA,UNINCORPORATED,-120.30839763,39.532475419999997
90413820,2017,2017-03-16,9222,2017-03-09,1330,018593,,4,1,9,4600,0,1,3,,2,047,"STATE ROUTE 89N","SIERRA COUNTY LINE",8976.00,N,N,A,-,Y,,,89,,,,,,,Y,4,0,2,1,A,-,03,22350,,N,E,I,A,B,H,-,A,D,0,,,,,Y,,A,01,0,0,2,0,0,0,0,0,0,"- ","- ",39.45919,-120.22538,SIERRA,UNINCORPORATED,-120.22557226000001,39.4590867
91313089,2020,2020-09-28,9230,2020-09-15,1650,020425,,2,2,9,4600,0,1,3,,1,092,SR-49,"JIM CROW RD",5280.00,S,N,A,-,Y,,,49,,,,,,,Y,3,0,1,1,A,-,08,22107,,N,E,I,A,A,H,-,A,D,0,,,,,Y,,D,22,0,1,0,0,0,0,0,0,0,"- ","- ",39.557880401611328,-120.8031005859375,SIERRA,UNINCORPORATED,-120.80311584472656,39.557849884033203
94874780,2025,2025-10-06,9230,2025-09-25,1315,017889,,4,1,9,4600,0,1,3,,1,091,SR-49,"MPM 49 SIE 0.80",69.00,N,N,A,-,Y,SIE,,49," "," ",0.839,H,,R,N,3,0,1,1,A,-,08,22107,,N,E,I,A,A,H,-,A,A,0,,,Y,,Y,,C,02,0,1,0,0,0,0,0,0,1,"- ","- ",39.498779296875,-121.0181884765625,SIERRA,UNINCORPORATED,-121.01825714111328,39.498893737792969
90198101,2016,2016-06-09,9230,2016-05-30,0910,020411,,1,1,9,4600,0,1,3,,1,092,SR-49,"CEMETERY RD",1056.00,S,N,A,-,Y,,,49,,,,,,,Y,2,0,1,1,C,-,18,,,N,E,H,A,A,H,-,A,D,0,,,Y,,Y,,-,"- ",1,0,0,0,0,0,0,0,1,"- ","- ",39.564480000000003,-120.63969,SIERRA,UNINCORPORATED,-120.63971354,39.564544740000002
90265793,2016,2016-09-12,9222,2016-08-29,1615,015913,,1,2,9,4600,0,3,5,,2,040,"HENNESS PASS RD. (USFS RD #7)","USFS RD. 88",20.00,N,N,A,-,N,,,,,,,,,,Y,3,0,1,1,A,-,08,22107,,N,F,A,A,A,H,-,A,D,0,,,,,Y,,A,07,0,1,0,0,0,0,0,0,0,"- ","- ",39.506720000000001,-120.46971000000001,SIERRA,UNINCORPORATED,-120.46977282,39.50671036
90919157,2019,2019-02-05,9222,2019-01-20,2125,017550,,7,2,9,4600,0,1,1,,2,025,"I-80 W/B","NEVADA STATE LINE",3500.00,W,N,D,-,Y,,,80,,,,,,W,Y,4,0,1,3,A,-,01,23152,A,N,B,C,A,C,H,-,D,A,0,,,,Y,Y,Y,A,07,0,0,1,0,0,0,0,0,0,"- ","- ",39.459690093994141,-120.00827026367188,SIERRA,UNINCORPORATED,-120.00828552246094,39.459693908691406
91253125,2020,2020-06-17,9230,2020-06-07,1600,019235,,7,2,9,4600,0,3,5,,2,090,"GOLD LAKE BOAT RAMP ROAD","GOLD LAKE HWY",2112.00,W,N,A,-,N,,,,,,,,,,N,4,0,1,2,A,-,03,22350,,F,G,B,E,A,H,-,A,D,0,Y,,,,Y,Y,-,99,0,0,1,0,1,0,0,0,0,"- ","- ",39.677070617675781,-120.6468505859375,SIERRA,UNINCORPORATED,,
94453487,2024,2024-11-01,9165,2024-10-25,1402,023990,,5,2,9,4600,0,1,3,,2,072,SR-49,"LEMON CANYON ROAD",4752.00,N,N,A,-,Y,SIE,,49," "," ",48.820,H,,R,Y,2,0,1,1,A,-,08,22107,,N,E,8,A,A,H,-,A,D,0,,,Y,,Y,,C,02,1,0,0,0,0,0,0,0,1,"- ","- ",39.598651885986328,-120.34741973876953,SIERRA,UNINCORPORATED,-120.34742736816406,39.598651885986328
94896013,2025,2025-10-21,9230,2025-10-18,1330,017889,,6,1,9,4600,0,1,3,,1,091,SR-49,"49 SIE 8.61",133.00,N,N,A,-,Y,SIE,,49," "," ",8.515,H,,R,Y,4,0,1,1,A,-,08,22107,,N,F,0,A,A,H,-,A,A,0,,,,,Y,,D,22,0,0,1,0,0,0,0,0,0,"- ","- ",39.524131774902344,-120.94355773925781,SIERRA,UNINCORPORATED,-120.94361877441406,39.524192810058594
6327799,2014,2016-02-22,9165,2014-01-03,2215,019993,,5,3,9,4600,0,1,3,,2,071,"RT 395","SIERRA CO LINE",1056.00,S,N,A,-,Y,SIE,3,395,-,R,2.970,H,-,S,Y,3,0,2,2,A,-,03,22350,,N,C,C,A,A,H,-,D,D,0,,,,Y,Y,,A,01,0,1,1,0,0,0,0,0,0,"- ","- ",,,SIERRA,UNINCORPORATED,-120.0345188,39.706376839999997
94853537,2025,2025-09-22,9165,2025-09-13,2500,024561,,6,4,9,4600,0,3,5,,2,007,"SCOTT ROAD",US-395,250.00,W,N,A,-,N,,,,,,,,,,N,4,0,1,1,C,-,18,,,N,E,I,A,A,H,-,D,D,0,,,,,Y,,-,"- ",0,0,1,0,0,0,0,0,0,"- ","- ",39.691551208496094,-120.02002716064453,SIERRA,UNINCORPORATED,-120.01661682128906,39.690135955810547
90350661,2016,2016-12-21,9165,2016-12-16,1544,019781,,5,2,9,4600,0,1,3,,2,071,"US-395 N/B","CA/NV STATE LINE",450.00,N,N,B,-,Y,,,395,,,,,,N,Y,2,0,1,1,A,-,03,22350,,N,F,A,A,C,H,-,A,D,0,,,,,Y,,D,22,1,0,0,0,0,0,0,0,0,"- ","- ",39.674509999999998,-120.00176999999999,SIERRA,UNINCORPORATED,-120.00169461,39.674573520000003
90828878,2018,2018-10-04,9230,2018-09-07,0200,020425,,5,3,9,4600,0,3,5,,2,090,SR-49,"OAK VALLEY ROAD",9715.00,N,N,A,-,Y,,,49,,,,,,,Y,4,0,3,1,A,-,08,22107,,N,E,I,A,A,H,-,D,D,0,,,,,Y,,A,01,0,0,3,0,0,0,0,0,0,"- ","- ",39.500530242919922,-121.01042938232422,SIERRA,UNINCORPORATED,-121.010498046875,39.500988006591797
91753438,2022,2022-04-21,9230,2022-04-07,1730,020425,,4,2,9,4600,0,1,3,,1,092,SR-49,"USFS ROUTE 93",4164.00,S,N,A,-,Y,,,,,,,,,,Y,4,0,1,1,A,-,08,22107,,N,E,I,A,A,H,-,A,D,0,,,,,Y,,A,07,0,0,1,0,0,0,0,0,0,"- ","- ",39.55828857421875,-120.75269317626953,SIERRA,UNINCORPORATED,-120.75188446044922,39.559864044189453
92171126,2023,2023-09-15,9230,2023-09-10,"925 ",018691,,7,1,9,4600,0,1,3,,1,091,SR-49,"INDIAN VALLEY ROAD",5280.00,S,N,A,-,Y,SIE,,49," "," ",2.643,H,,R,Y,2,0,1,1,C,-,18,,,N,F,A,A,A,B,-,A,A,0,,,Y,,Y,,-,"- ",1,0,0,0,0,0,0,0,1,"- ","- ",39.504810333251953,-121.02130889892578,SIERRA,UNINCORPORATED,-121.02134704589844,39.50482177734375
92316258,2024,2024-02-16,9230,2024-02-11,2055,019235,,7,2,9,4600,0,1,3,,1,091,SR-49,"SADDLEBACK ROAD",2112.00,S,N,A,-,Y,SIE,,49," "," ",15.881,H,,R,Y,4,0,1,1,A,-,01,23152,A,N,E,I,A,A,H,-,D,D,0,,,,,Y,Y,A,01,0,0,1,0,0,0,0,0,0,"- ","- ",39.560070037841797,-120.84066009521484,SIERRA,UNINCORPORATED,-120.84062194824219,39.560012817382812
94767138,2025,2025-07-17,9165,2025-07-11,1840,020692,,5,2,9,4600,0,1,3,,2,072,SR-49,"63360 SR-49",115.00,S,N,A,-,Y,SIE,,49," "," ",63.334,H,,R,Y,3,0,1,1,A,-,08,22107,,N,E,8,A,A,H,-,A,D,0,,,,,Y,,D,22,0,1,0,0,0,0,0,0,0,"- ","- ",39.6976318359375,-120.2216796875,SIERRA,UNINCORPORATED,-120.2216796875,39.6976318359375
6872261,2015,2016-09-06,9165,2015-03-29,1007,19583,,7,1,9,4600,0,1,3,,2,074,"RT 89","JEAN LN",86.00,N,N,A,-,Y,SIE,3,89,-,-,14.940,H,-,S,N,4,0,1,2,A,-,03,22350,,N,C,C,A,A,H,-,A,D,0,,,Y,,Y,,C,02,0,0,1,0,0,0,0,0,1,"- ","- ",39.584980000000002,-120.36811,SIERRA,UNINCORPORATED,-120.36763276000001,39.587720660000002
92137701,2023,2023-08-07,9222,2023-07-29,"912 ",017091,,6,1,9,4600,0,1,1,,2,025,"INTERSTATE 80 EASTBOUND",FARAD,12144.00,E,N,A,-,Y,SIE,,80," "," ",0.105,H,,R,Y,3,0,1,1,A,-,08,22107,,N,E,8,A,A,H,-,A,D,0,,,,Y,Y,,G,25,0,1,0,0,0,0,0,0,0,"- ","- ",39.446701049804688,-120.00980377197266,SIERRA,UNINCORPORATED,-120.00990295410156,39.446720123291016
91859600,2022,2022-09-08,9165,2022-09-02,1120,018243,,5,1,9,4600,0,1,3,,2,073,SR-49,SR-89,5280.00,S,N,A,-,Y,SIE,,49,,,46.409,H,,R,N,3,0,1,1,A,-,08,22107,,N,E,I,A,A,H,-,A,D,0,,,Y,,Y,,C,02,0,1,0,0,0,0,0,0,1,"- ","- ",39.632789611816406,-120.44944763183594,SIERRA,UNINCORPORATED,-120.44948577880859,39.632747650146484
92413873,2024,2024-06-13,9165,2024-06-11,1230,018243,,2,1,9,4600,0,1,3,,2,073,SR-49,SR-89,5280.00,S,N,A,-,Y,SIE,,49," "," ",46.413,H,,R,N,3,0,1,1,A,-,08,22107,,N,E,I,A,A,H,-,A,D,0,,,Y,,Y,,C,02,0,1,0,0,0,0,0,0,1,"- ","- ",39.63275146484375,-120.44938659667969,SIERRA,UNINCORPORATED,-120.44941711425781,39.632713317871094
91303454,2020,2020-09-14,9165,2020-09-04,2200,020692,,5,3,9,4600,0,3,5,,2,007,"W. SIERRA BROOKS DR","LONGHORN DR",260.00,W,N,A,-,N,,,,,,,,,,Y,2,0,1,1,A,-,08,22107,,N,E,I,A,A,H,-,D,D,0,,,Y,,Y,,C,02,1,0,0,0,0,0,0,0,1,"- ","- ",39.638660430908203,-120.21308898925781,SIERRA,UNINCORPORATED,-120.21913909912109,39.642269134521484
91812960,2022,2022-07-22,9165,2022-06-30,1227,018506,,4,1,9,4600,0,1,3,,2,071,"US 395 S/B","LONG VALLEY RD",6336.00,N,N,A,-,Y,SIE,,395,,R,1.309,H,,L,N,4,0,1,2,A,-,07,21658,A,N,E,8,A,A,H,-,A,D,0,,,,,Y,,E,22,0,0,1,0,0,0,0,0,0,"- ","- ",39.68878173828125,-120.01467895507812,SIERRA,UNINCORPORATED,-120.01471710205078,39.688762664794922
91290647,2020,2020-08-24,9165,2020-08-15,1615,021571,,6,2,9,4600,0,1,3,,2,074,SR-89,"DRIVEWAY OF 13310 HWY 89",693.00,S,N,A,-,Y,,,89,,,,,,,Y,3,0,1,1,A,-,08,22107,,N,E,I,A,A,H,-,A,D,0,,,,,Y,,A,07,0,1,0,0,0,0,0,0,0,"- ","- ",39.562110900878906,-120.35414123535156,SIERRA,UNINCORPORATED,-120.35411071777344,39.562137603759766
91961590,2022,2023-01-06,9165,2022-12-30,1105,018506,,5,1,9,4600,0,1,3,,2,071,"US-395 N/B","SCOTT RD",3168.00,S,N,B,-,Y,SIE,,395,,R,1.738,H,,R,Y,3,0,2,1,C,-,18,,,N,H,H,A,A,H,-,A,D,0,,,,,Y,,-,"- ",0,2,0,0,0,0,0,0,0,"- ","- ",39.693630218505859,-120.02082061767578,SIERRA,UNINCORPORATED,-120.02084350585938,39.693611145019531
90330954,2016,2016-11-28,9165,2016-11-23,0600,013901,,3,1,9,4600,0,1,3,,2,071,"US-395 N/B","LONG VALLEY U/C",1056.00,S,N,B,-,Y,,,395,,,,,,N,Y,2,0,1,1,A,-,03,22350,,N,E,I,A,C,H,-,D,D,0,,,,,Y,,A,01,1,0,0,0,0,0,0,0,0,"- ","- ",39.696309999999997,-120.02537,SIERRA,UNINCORPORATED,-120.02534502,39.696351589999999
91299720,2020,2020-09-07,9165,2020-08-28,1505,020692,,5,2,9,4600,0,3,5,,2,007,"WESTSIDE ROAD","CALPINE ROAD",15312.00,N,N,A,-,N,,,,,,,,,,Y,2,0,1,1,A,-,08,22107,,N,E,I,A,A,H,-,A,D,0,,,,,Y,,A,01,1,0,0,0,0,0,0,0,0,"- ","- ",39.706718444824219,-120.40585327148438,SIERRA,UNINCORPORATED,,
90768983,2018,2018-07-13,9165,2018-07-12,1620,018243,,4,2,9,4600,0,1,3,,2,074,SR-89,"BEAR VALLEY ROAD",3696.00,N,N,A,-,Y,,,89,,,,,,,Y,3,0,1,1,A,-,08,22107,,N,E,I,A,A,H,-,A,D,0,,,,,Y,Y,A,01,0,1,0,0,0,0,0,0,0,"- ","- ",39.514919281005859,-120.28157043457031,SIERRA,UNINCORPORATED,-120.28153991699219,39.514961242675781
91070017,2019,2019-09-09,9222,2019-08-31,1815,017550,,6,2,9,4600,0,3,5,,2,040,"DOG VALLEY RD.","BOAT RAMP ACCESS ROAD",192.00,S,N,A,-,N,,,,,,,,,,Y,4,0,1,1,A,-,01,23152,A,N,E,I,A,A,H,-,A,D,0,,,,,Y,Y,A,01,0,0,1,0,0,0,0,0,0,"- ","- ",39.460258483886719,-120.13005828857422,SIERRA,UNINCORPORATED,-120.13008880615234,39.460243225097656
91283120,2020,2020-08-10,9230,2020-07-26,1510,019235,,7,2,9,4600,0,1,3,,1,092,SR49,"JIM CROW RD",1056.00,N,N,B,-,Y,,,49,,,,,,,N,2,0,2,3,A,-,08,22107,,N,E,I,A,A,H,-,A,D,0,,,Y,,Y,,C,02,1,0,1,0,0,0,0,0,2,"- ","- ",39.552700042724609,-120.78215026855469,SIERRA,UNINCORPORATED,-120.78215026855469,39.552719116210938
94781714,2025,2025-07-29,9230,2025-07-22,1920,019235,,2,2,9,4600,0,1,3,,1,092,SR-49,"SLATE CASTLE RANCH RD",528.00,N,N,A,-,Y,SIE,,49," "," ",17.769,H,,R,Y,2,0,3,1,A,-,08,22107,,N,E,8,A,A,H,-,A,D,0,,,,,Y,,D,22,2,1,0,0,0,0,0,0,0,"- ","- ",39.560501098632812,-120.81243896484375,SIERRA,UNINCORPORATED,-120.81244659423828,39.560508728027344
90783579,2018,2018-08-03,9230,2018-07-24,1500,019235,,2,2,9,4600,0,3,5,,2,090,"RIDGE RD","PIKE SHORTCUT ROAD",1056.00,W,N,A,-,N,,,,,,,,,,Y,2,0,1,1,A,-,01,23152,A,N,E,I,A,A,H,-,A,D,0,,,,,Y,Y,A,01,1,0,0,0,0,0,0,0,0,"- ","- ",39.420391082763672,-121.0096435546875,SIERRA,UNINCORPORATED,-121.01017761230469,39.419742584228516
90791864,2018,2018-08-16,9165,2018-08-07,2007,019781,,2,2,9,4600,0,1,3,,2,074,"SR-89 (S. LINCOLN STREET)","SR-49 (EAST MAIN STREET)",0.00,,Y,A,-,Y,,,89,,,,,,,Y,4,0,3,2,A,-,12,22450,A,N,D,C,A,A,H,-,B,A,0,,,,,Y,,A,01,0,0,3,0,0,0,0,0,0,"- ","- ",39.589599609375,-120.36688232421875,SIERRA,UNINCORPORATED,-120.36705017089844,39.589561462402344
91893861,2022,2022-10-19,9165,2022-10-10,1425,019781,,1,2,9,4600,0,1,3,,2,072,SR-49,"LEMMON CANYON RD",4752.00,N,N,A,-,Y,SIE,,49,,,48.822,H,,R,Y,3,0,1,1,A,-,01,23152,A,N,E,I,A,A,H,-,A,D,0,,,,,Y,Y,A,01,0,1,0,0,0,0,0,0,0,"- ","- ",39.598701477050781,-120.34745788574219,SIERRA,UNINCORPORATED,-120.347412109375,39.598690032958984
6370346,2014,2014-06-06,9165,2014-01-25,2242,019583,,6,3,9,4600,0,1,3,,2,072,"RT 49","LEMON CANYON RD",10560.00,N,N,A,-,Y,,,49,,,,,,,Y,4,0,1,1,A,-,08,22107,,N,F,A,A,A,H,-,D,D,0,,,,,Y,,A,01,0,0,1,0,0,0,0,0,0,"- ","- ",39.614249999999998,-120.3531,SIERRA,UNINCORPORATED,-120.35315045,39.61419386
90544548,2017,2017-09-11,9222,2017-09-01,1225,017550,,5,1,9,4600,0,1,1,,2,025,"I-80 E/B","NEVADA/CALIFORNIA STATELINE",1500.00,W,N,A,-,Y,,,80,,,,,,E,Y,3,0,1,1,A,-,08,22107,,N,E,I,A,A,H,-,A,D,0,,,,Y,Y,,G,27,0,1,0,0,0,0,0,0,0,"- ","- ",39.464179999999999,-120.00542,SIERRA,UNINCORPORATED,-120.00549481,39.4642287
90741453,2018,2018-06-05,9230,2018-05-19,1520,020425,,6,2,9,4600,0,1,3,,1,091,SR-49,"BRANDY CITY RD",546.00,S,N,A,-,Y,,,49,,,,,,,N,2,0,2,2,A,-,06,21755,,N,B,C,A,A,H,-,A,D,0,,,Y,,Y,,C,02,2,0,0,0,0,0,0,0,2,"- ","- ",39.519279479980469,-120.99844360351562,SIERRA,UNINCORPORATED,-120.99843597412109,39.519363403320312
90458319,2017,2017-05-18,9165,2017-05-09,1417,019781,,2,2,9,4600,0,1,3,,2,074,"SR-89 (LINCOLN ST)","OLD TRUCKEE RD",0.00,,Y,A,-,Y,,,89,,,,,,,N,2,0,1,1,A,-,08,22107,,N,F,A,A,A,H,-,A,D,0,,,Y,,Y,,C,02,1,0,0,0,0,0,0,0,1,"- ","- ",39.5747,-120.36875000000001,SIERRA,UNINCORPORATED,-120.36874509,39.574706509999999
90662133,2018,2018-02-15,9165,2018-02-06,1330,020692,,2,1,9,4600,0,1,3,,2,073,SR-49,"YUBA PASS RD",10560.00,N,N,A,-,Y,,,49,,,,,,,Y,2,0,1,1,A,-,08,22107,,N,E,I,A,A,H,-,A,D,0,,,,,Y,,D,22,1,0,0,0,0,0,0,0,0,"- ","- ",39.624839782714844,-120.46875,SIERRA,UNINCORPORATED,-120.46871185302734,39.624881744384766
90785811,2018,2018-08-07,9222,2018-07-31,1320,017091,,2,1,9,4600,0,1,1,,2,025,"INTERSTATE 80 WESTBOUND","STATELINE (CALIFORNIA/NEVADA)",4224.00,W,N,A,F,Y,,,80,,,,,,W,Y,2,0,1,1,A,-,08,22107,,N,E,I,A,A,H,-,A,D,0,,,,Y,Y,,G,25,1,0,0,0,0,0,0,0,0,"- ","- ",39.458209991455078,-120.00892639160156,SIERRA,UNINCORPORATED,-120.00894927978516,39.458217620849609
6968926,2015,2015-07-15,9165,2015-06-21,0850,19583,,7,1,9,4600,0,3,5,,2,007,"LONG VALLEY RD","SIE MM 10.5",4224.00,W,N,A,-,N,,,,,,,,,,Y,2,0,2,1,A,-,08,22107,,N,F,A,A,A,H,-,A,D,0,,,,,Y,,D,22,1,1,0,0,0,0,0,0,0,"- ","- ",39.622929999999997,-120.03273,SIERRA,UNINCORPORATED,,
90542586,2017,2018-01-04,9230,2017-08-27,1045,020425,,7,1,9,4600,0,3,5,,2,090,"SR-49 N/B","OAK VALLEY ROAD",5122.00,N,N,A,-,Y,,,49,,,,,,N,Y,1,1,0,1,A,-,03,22350,,N,E,I,A,A,H,-,A,A,0,,,Y,,Y,,C,02,0,0,0,0,0,0,0,1,0,"- ","- ",39.499049999999997,-121.01806000000001,SIERRA,UNINCORPORATED,-121.01801957000001,39.498938670000001
92439439,2024,2024-07-15,9230,2024-07-06,1525,023561,,6,2,9,4600,0,1,3,,1,092,"SR-49 S/B","ROMANO RANCH ROAD",5280.00,N,N,A,-,Y,SIE,,49," "," ",26.845,H,,L,Y,4,0,1,1,A,-,08,22107,,N,F,A,A,A,H,-,A,D,0,,,Y,,Y,,C,02,0,0,1,0,0,0,0,0,1,"- ","- ",39.568729400634766,-120.68209838867188,SIERRA,UNINCORPORATED,-120.68209838867188,39.568748474121094
6723992,2014,2016-06-22,9165,2014-11-18,0230,019583,,2,3,9,4600,0,1,3,,2,073,"RT 49","YUBA PASS RD",16368.00,N,N,A,-,Y,SIE,3,49,-,-,43.020,H,-,S,Y,4,0,1,1,A,-,01,23152,A,M,E,J,A,C,H,-,D,D,0,,,,,Y,Y,D,22,0,0,1,0,0,0,0,0,0,"- ","- ",39.627400000000002,-120.47326,SIERRA,UNINCORPORATED,-120.47219814,39.626993169999999
90018948,2015,2015-10-19,9230,2015-09-09,1440,020411,,3,2,9,4600,0,3,5,,2,090,SR-49,"NORTH FORK YUBA RIVER",5280.00,S,N,A,-,Y,,,49,,,,,,,N,3,0,2,1,A,-,03,22350,,N,F,A,A,A,H,-,A,D,0,,,Y,,Y,,C,02,0,2,0,0,0,0,0,0,2,"- ","- ",39.506959999999999,-121.01846999999999,SIERRA,UNINCORPORATED,-121.01852166,39.507015969999998
91777408,2022,2022-05-23,9165,2022-05-12,1955,020692,,4,2,9,4600,0,1,3,,2,072,SR-49,"GARBAGE PIT ROAD",605.00,N,N,A,-,Y,SIE,,49,,,61.969,H,,R,Y,3,0,1,1,A,-,08,22107,,N,F,A,A,A,H,-,A,D,0,,,,,Y,,A,01,0,1,0,0,0,0,0,0,0,"- ","- ",39.677719116210938,-120.22151947021484,SIERRA,UNINCORPORATED,-120.2215576171875,39.677719116210938
6486030,2014,2016-03-28,9230,2014-05-03,1355,17125,,6,1,9,4600,0,1,3,,1,091,"RT 49","GOODYEAR CREEK RD",3696.00,N,N,A,-,Y,SIE,3,49,-,-,13.510,H,-,N,N,4,0,1,1,A,-,08,22107,,N,E,I,A,A,B,-,A,D,1,,,Y,,Y,,C,02,0,0,1,0,0,0,0,0,1,"- ","- ",39.543909999999997,-120.87065,SIERRA,UNINCORPORATED,-120.87355042,39.544150690000002
92143816,2023,2023-08-15,9165,2023-08-13,1418,019583,,7,2,9,4600,0,3,5,,2,007,"LONG VALLEY ROAD (CR570)","US FOREST SERVICE ROAD 31038",528.00,N,N,A,-,N,,,,,,,,,,Y,4,0,1,1,A,-,08,22107,,N,F,A,A,A,H,-,A,D,0,,,Y,,Y,,C,06,0,0,1,0,0,0,0,0,1,"- ","- ",39.566959381103516,-120.05490875244141,SIERRA,UNINCORPORATED,,
90234028,2016,2016-08-01,9165,2016-07-24,1817,019583,,7,2,9,4600,0,3,5,,2,007,"SMITHNECK ROAD","LEWIS MILL FIRE STATION ROAD",2640.00,N,N,A,-,N,,,,,,,,,,Y,2,0,2,2,A,-,03,22350,,N,A,C,A,A,H,-,A,D,0,,,Y,,Y,,C,02,2,0,0,0,0,0,0,0,2,"- ","- ",39.578119999999998,-120.15929,SIERRA,UNINCORPORATED,,
90508651,2017,2017-07-26,9165,2017-07-23,1000,013901,,7,1,9,4600,0,1,3,,2,072,"SR-49 (E. MAIN STREET)","SR-89 (S. LINCOLN STREET)",0.00,,Y,A,-,Y,,,49,,,,,,,Y,2,0,1,3,A,-,08,22107,,N,D,C,A,A,H,-,A,D,0,,,Y,,Y,,D,22,1,0,0,0,0,0,0,0,1,"- ","- ",39.589590000000001,-120.36706,SIERRA,UNINCORPORATED,-120.36704423,39.589564320000001
91044489,2019,2019-08-02,9165,2019-07-23,1940,018600,,2,2,9,4600,0,3,5,,2,007,"LONG VALLEY RD","USFS 31007",545.00,N,N,A,-,N,,,,,,,,,,Y,2,0,4,1,A,-,01,23152,A,N,E,I,A,A,H,-,A,D,0,,,,,Y,Y,D,22,1,2,1,0,0,0,0,0,0,"- ","- ",39.581668853759766,-120.05577850341797,SIERRA,UNINCORPORATED,,
91870575,2022,2022-09-22,9165,2022-09-13,0559,019583,,2,3,9,4600,0,3,5,,2,007,"WESTSIDE RD","CALPINE RD",6864.00,S,N,A,-,N,,,,,,,,,,N,4,0,1,1,A,-,08,22107,,N,E,I,A,A,H,-,D,D,0,,,,,Y,,A,07,0,0,1,0,0,0,0,0,0,"- ","- ",39.647830963134766,-120.41795349121094,SIERRA,UNINCORPORATED,-120.41798400878906,39.647716522216797
6707767,2014,2016-06-20,9222,2014-10-11,1045,019294,,6,1,9,4600,0,1,1,,2,025,"RT 80","SIERRA CO LINE",2640.00,E,N,A,-,Y,SIE,3,80,-,-,30.080,H,-,W,Y,3,0,1,1,A,-,08,22107,,N,E,I,A,A,H,-,A,D,1,,,,,Y,,A,01,0,1,0,0,0,0,0,0,0,"- ","- ",39.454450000000001,-120.00941,SIERRA,UNINCORPORATED,-120.00941,39.454450000000001
90622892,2017,2017-12-21,9165,2017-11-11,1556,018600,,6,2,9,4600,0,3,5,,2,007,"A-23 (BECKWOURTH CALPINE RD)",SR-89,22.00,W,N,A,-,Y,,,,,,,,,,Y,1,1,0,3,A,-,03,22350,,N,E,I,A,A,H,-,A,A,0,,,,,Y,,D,22,0,0,0,0,0,0,0,0,0,"- ","- ",39.61524,-120.42599,SIERRA,UNINCORPORATED,,
90258055,2016,2016-08-31,9165,2016-08-29,1446,013901,,1,2,9,4600,0,1,3,,2,074,"SR-89 (S. LINCOLN STREET)","WILLOW STREET",442.00,N,N,A,-,Y,,,89,,,,,,,N,2,0,1,3,A,-,08,22107,,N,E,I,A,A,H,-,A,D,0,,,Y,,Y,,C,02,1,0,0,0,0,0,0,0,1,"- ","- ",39.578850000000003,-120.36991,SIERRA,UNINCORPORATED,-120.36983874000001,39.578840069999998
94996707,2025,2026-01-02,9230,2025-12-24,1145,017889,,3,1,9,4600,0,1,3,,1,092,SR-49,"HASKELL CREEK ROAD",50.00,N,N,B,D,Y,SIE,,49," "," ",36.776,H,,R,Y,4,0,2,1,A,-,03,22350,,N,E,I,A,C,H,-,A,A,0,,,,,Y,,D,22,0,0,2,0,0,0,0,0,0,"- ","- ",39.632221221923828,-120.55484771728516,SIERRA,UNINCORPORATED,-120.554931640625,39.632305145263672
90296481,2016,2016-10-20,9165,2016-10-16,1430,020692,,7,2,9,4600,0,1,3,,2,073,SR-49,"YUBA PASS RD",1056.00,N,N,B,D,Y,,,49,,,,,,,Y,2,0,3,1,A,-,03,22350,,N,F,A,A,C,H,-,A,D,0,,,,,Y,,A,07,1,1,1,0,0,0,0,0,0,"- ","- ",39.617550000000001,-120.48593,SIERRA,UNINCORPORATED,-120.48593234000001,39.617545839999998
91752440,2022,2022-04-20,9230,2022-04-14,1745,019235,,4,2,9,4600,0,1,3,,1,091,SR-49,"GOODYEAR CREEK RD",2112.00,N,N,B,-,Y,SIE,,49,,,13.226,H,,R,Y,4,0,1,1,A,-,05,21650,,N,E,I,A,C,H,-,A,D,0,,,,,Y,,A,07,0,0,1,0,0,0,0,0,0,"- ","- ",39.5430908203125,-120.87808227539062,SIERRA,UNINCORPORATED,-120.87812042236328,39.543327331542969
92006605,2023,2023-03-01,9165,2023-02-23,1455,019583,,4,2,9,4600,0,3,5,,2,007,"CAMPBELL HOT SPRINGS ROAD","LEMON CANYON ROAD",0.00,,Y,A,-,N,,,,,,,,,,N,3,0,1,1,A,-,03,22350,,N,E,I,A,C,H,-,A,D,0,,,,,Y,,A,07,0,1,0,0,0,0,0,0,0,"- ","- ",39.585990905761719,-120.34883117675781,SIERRA,UNINCORPORATED,-120.34885406494141,39.585952758789062
92151719,2023,2023-08-23,9230,2023-08-20,1010,019235,,7,1,9,4600,0,1,3,,1,092,SR-49,"CHAPMAN CREEK CAMPGROUND",460.00,S,N,B,-,Y,SIE,,49," "," ",37.228,H,,R,N,4,0,1,2,A,-,21,22106,,N,D,C,A,B,H,-,A,D,0,,,Y,,Y,,D,22,0,0,1,0,0,0,0,0,1,"- ","- ",39.631481170654297,-120.54728698730469,SIERRA,UNINCORPORATED,-120.54729461669922,39.6314697265625
90209976,2016,2016-06-27,9230,2016-06-23,1155,020411,,4,1,9,4600,0,1,3,,1,091,SR-49,"OAK VALLEY RD",6336.00,N,N,A,-,Y,,,49,,,,,,,Y,2,0,2,1,A,-,03,22350,,N,F,A,A,A,H,-,A,D,0,,,Y,,Y,,C,02,2,0,0,0,0,0,0,0,2,"- ","- ",39.498579999999997,-121.01531,SIERRA,UNINCORPORATED,-121.01530911,39.49857755
91052217,2019,2019-08-14,9165,2019-08-03,1915,020692,,6,2,9,4600,0,3,5,,2,007,"CAMPBELL HOT SPRINGS RD","LEMON CANYON RD",116.00,W,N,A,-,N,,,,,,,,,,Y,3,0,1,1,A,-,01,23152,A,N,E,I,A,A,H,-,A,D,0,,,,,Y,Y,D,22,0,1,0,0,0,0,0,0,0,"- ","- ",39.5860595703125,-120.34925842285156,SIERRA,UNINCORPORATED,-120.34893798828125,39.585639953613281
6924850,2015,2016-12-17,9165,2015-05-16,2236,020692,,6,3,9,4600,0,1,3,,2,072,"RT 49","HAMLIN LN",1584.00,N,N,A,-,Y,SIE,3,49,-,-,59.490,H,-,S,Y,4,0,3,2,A,-,01,23152,A,N,B,C,A,A,H,-,D,D,0,,,,,Y,Y,A,07,0,0,3,0,0,0,0,0,0,"- ","- ",39.673760000000001,-120.26591999999999,SIERRA,UNINCORPORATED,-120.26554616999999,39.67374676
6390205,2014,2016-02-22,9165,2014-02-23,1521,013901,,7,2,9,4600,0,1,3,,2,074,"RT 89","RT 49",0.00,,Y,A,-,Y,SIE,3,89,-,-,15.050,H,-,S,N,3,0,1,2,A,-,08,22100,B,N,D,G,A,A,H,-,A,A,0,,Y,,,Y,,D,22,0,1,0,0,0,0,1,0,0,"- ","- ",,,SIERRA,UNINCORPORATED,-120.36707237,39.589482850000003
6453654,2014,2016-04-05,9222,2014-04-06,1230,18618,,7,1,9,4600,0,1,1,,2,025,"RT 80","SIERRA CO LINE",5280.00,E,N,A,-,Y,SIE,3,80,-,-,0.870,H,-,E,Y,3,0,1,1,A,-,08,22107,,N,E,I,A,A,H,-,A,D,1,,,,,Y,,A,07,0,1,0,0,0,0,0,0,0,"- ","- ",39.271850000000001,-120.03309,SIERRA,UNINCORPORATED,-120.00873897,39.458490079999997
6460451,2014,2016-03-28,9165,2014-04-22,0823,19781,,2,1,9,4600,0,1,3,,2,071,"RT 395","LONG VALLEY RD",300.00,S,N,B,-,Y,SIE,3,395,-,R,0.040,H,-,S,Y,4,0,2,2,A,-,07,21658,A,N,D,C,A,A,H,-,A,D,0,,,,,Y,,A,01,0,0,2,0,0,0,0,0,0,"- ","- ",39.674019999999999,-120.00175,SIERRA,UNINCORPORATED,-120.00159867000001,39.673746250000001
6467375,2014,2016-03-28,9165,2014-04-09,1330,012886,,3,1,9,4600,0,1,3,,2,074,"RT 89","BECKWORTH CALPINE RD",1584.00,S,N,A,-,Y,SIE,3,89,-,-,18.770,H,-,N,Y,2,0,1,1,A,-,05,21650,,N,E,I,A,A,H,-,A,D,0,,,Y,,Y,,C,02,1,0,0,0,0,0,0,0,1,"- ","- ",,,SIERRA,UNINCORPORATED,-120.42254328999999,39.611114370000003
6475249,2014,2014-07-07,9230,2014-03-30,1420,18098,,7,2,9,4600,0,3,5,,2,090,"RIDGE RD","MAGNUS ORCHARD RD",6336.00,E,N,B,-,N,,,,,,,,,,Y,2,0,1,1,A,-,08,22107,,N,F,A,A,B,H,-,A,D,0,,,,,Y,,A,07,1,0,0,0,0,0,0,0,0,"- ","- ",39.47043,-120.88251,SIERRA,UNINCORPORATED,-120.90026736,39.46277843
6475422,2014,2016-03-28,9230,2014-04-20,1100,18098,,7,1,9,4600,0,1,3,,1,091,"RT 49","DEPOT HILL",4224.00,N,N,A,-,Y,SIE,3,49,-,-,0.730,H,-,N,N,2,0,1,1,A,-,08,22107,,N,F,A,A,A,H,-,A,D,0,,,Y,,Y,,C,02,1,0,0,0,0,0,0,0,1,"- ","- ",39.499049999999997,-121.01806000000001,SIERRA,UNINCORPORATED,-121.01798427999999,39.498951490000003
6513572,2014,2016-03-28,9230,2014-06-03,1510,019235,,2,2,9,4600,0,1,3,,1,091,"RT 49","RAMSHORN RD",2112.00,N,N,A,-,Y,SIE,3,49,-,-,11.170,H,-,S,Y,4,0,1,1,A,-,08,22107,,N,E,I,A,A,H,-,A,A,0,,,,,Y,,A,01,0,0,1,0,0,0,0,0,0,"- ","- ",39.54166,-120.90622999999999,SIERRA,UNINCORPORATED,-120.90382178,39.54277725
6569555,2014,2016-04-25,9165,2014-07-19,0710,012886,,6,1,9,4600,0,1,3,,2,074,"RT 89","COTTONWOOD CR CAMPGROUND",528.00,S,N,A,-,Y,SIE,3,89,-,-,10.460,H,-,N,Y,2,0,3,1,A,-,08,22107,,N,E,I,A,A,H,-,A,D,0,,,,,Y,,D,22,2,0,1,0,0,0,0,0,0,"- ","- ",,,SIERRA,UNINCORPORATED,-120.3175256,39.546205239999999
6571223,2014,2016-05-06,9165,2014-07-16,0955,019781,,3,1,9,4600,0,1,3,,2,072,"RT 49","RT 89",4.16,N,N,A,-,Y,SIE,3,49,-,-,51.600,H,-,S,Y,2,0,2,2,A,-,01,23152,E,N,C,C,A,A,H,-,A,D,0,,,,,Y,,A,07,1,1,0,0,0,0,0,0,0,"- ","- ",,,SIERRA,UNINCORPORATED,-120.36591739000001,39.637876570000003
6574790,2014,2016-05-04,9230,2014-07-19,1650,019235,,6,2,9,4600,0,1,3,,1,091,"RT 49","BELLE ST",1056.00,N,N,B,-,Y,SIE,3,49,-,-,17.390,H,-,N,Y,2,0,1,1,A,-,05,21650,,N,E,I,A,A,H,-,A,D,0,,,,,Y,,D,22,1,0,0,0,0,0,0,0,0,"- ","- ",39.550400000000003,-120.01770999999999,SIERRA,UNINCORPORATED,-120.81857673,39.558422649999997
6588777,2014,2016-05-04,9165,2014-08-10,1612,013901,,7,2,9,4600,0,1,3,,2,072,"RT 49","LEMON CANYON RD",19536.00,N,N,B,C,Y,SIE,3,49,-,-,51.800,H,-,S,Y,3,0,1,1,A,-,03,22350,,N,E,I,A,C,H,-,A,D,0,,,,,Y,,A,08,0,1,0,0,0,0,0,0,0,"- ","- ",,,SIERRA,UNINCORPORATED,-120.36703305,39.640778349999998
6608007,2014,2016-05-06,9230,2014-08-17,1240,019235,,7,1,9,4600,0,1,3,,1,081,"RT 49","SIERRA/YUBA CO LINE",4224.00,N,N,A,-,Y,SIE,3,49,-,-,0.710,H,-,N,Y,2,0,1,1,A,-,05,21650,,N,E,I,A,A,H,-,A,D,0,,,Y,,Y,,C,02,1,0,0,0,0,0,0,0,1,"- ","- ",39.498750000000001,-121.0183,SIERRA,UNINCORPORATED,-121.01829884999999,39.498838169999999
6609229,2014,2016-05-03,9165,2014-08-24,1145,019781,,7,1,9,4600,0,1,3,,2,072,"RT 49","LEMON CANYON RD",10032.00,N,N,A,-,Y,SIE,3,49,-,-,49.880,H,-,N,N,3,0,1,1,A,-,01,23152,A,N,E,I,A,A,H,-,A,D,0,,,,,Y,Y,A,01,0,1,0,0,0,0,0,0,0,"- ","- ",,,SIERRA,UNINCORPORATED,-120.35284830000001,39.613910079999997
6615920,2014,2016-05-06,9230,2014-08-28,1500,19235,,4,2,9,4600,0,1,3,,1,091,"RT 49","CONVICT FLAT PICNIC AREA",3168.00,S,N,A,-,Y,SIE,3,49,-,-,7.150,H,-,S,N,3,0,2,2,A,-,05,21460,A,N,B,C,A,A,H,-,A,D,0,,,,,Y,,D,22,0,2,0,0,0,0,0,0,0,"- ","- ",39.518059999999998,-120.95627,SIERRA,UNINCORPORATED,-120.95635605,39.517580440000003
6622440,2014,2016-05-04,9230,2014-09-07,1235,020411,,7,1,9,4600,0,1,3,,1,091,"RT 49","N YUBA RIVER",3854.00,S,N,A,-,Y,SIE,3,49,-,-,2.910,H,-,S,Y,2,0,1,1,A,-,08,22107,,N,E,I,A,A,H,-,A,D,0,,,Y,,Y,,C,02,1,0,0,0,0,0,0,0,1,"- ","- ",39.506059999999998,-121.01934,SIERRA,UNINCORPORATED,-121.01744834,39.507897649999997
6635928,2014,2016-05-06,9165,2014-09-20,1340,018506,,6,1,9,4600,0,1,3,,2,073,"RT 49","MOUNTAIN QUAIL RD",15840.00,S,N,A,-,Y,SIE,3,49,-,-,43.850,H,-,N,N,2,0,1,1,A,-,03,22350,,N,F,A,A,A,H,-,A,D,0,,,Y,,Y,,C,02,1,0,0,0,0,0,0,0,1,"- ","- ",39.326909999999998,-120.46167,SIERRA,UNINCORPORATED,-120.46285511000001,39.627332119999998
6702294,2014,2016-06-22,9230,2014-11-02,1600,020411,,7,2,9,4600,0,1,3,,1,092,"RT 49","YUBA PASS RD",4752.00,S,N,A,-,Y,SIE,3,49,-,-,40.180,H,-,S,Y,4,0,1,1,A,-,08,22107,,N,E,I,A,B,H,-,A,D,0,,,,,Y,,A,01,0,0,1,0,0,0,0,0,0,"- ","- ",39.616419999999998,-120.51335,SIERRA,UNINCORPORATED,-120.50612226,39.617084310000003
6812520,2015,2016-09-06,9165,2015-01-27,1132,19583,,2,1,9,4600,0,1,3,,2,074,"RT 89","CAMPBELL HOT SPRINGS RD",1320.00,N,N,B,-,Y,SIE,3,89,-,-,12.540,H,-,N,Y,3,0,1,1,A,-,08,22107,,N,F,A,A,A,H,-,A,D,0,,,,Y,Y,,F,26,0,1,0,0,0,0,0,0,0,"- ","- ",39.558750000000003,-120.34730999999999,SIERRA,UNINCORPORATED,-120.34874782999999,39.559478660000003
6840544,2015,2016-09-22,9222,2015-02-06,0425,18618,,5,3,9,4600,0,1,1,,2,025,"RT 80","SIERRA CO LINE",50.00,E,N,A,F,Y,NEV,3,80,-,-,31.770,H,-,E,Y,4,0,1,1,A,-,08,22107,,N,E,I,A,A,H,-,D,D,1,,,,,Y,,A,07,0,0,1,0,0,0,0,0,0,"- ","- ",39.265070000000001,-120.03237,SIERRA,UNINCORPORATED,-120.01046387,39.44497526
6879459,2015,2016-09-02,9230,2015-02-28,0830,019235,,6,1,9,4600,0,1,3,,1,092,"RT 49","LOGANVILLE CAMPGROUND",6336.00,S,N,B,D,Y,SIE,3,49,-,-,26.170,H,-,N,Y,4,0,1,1,A,-,03,22350,,N,E,I,A,C,G,-,A,A,0,,,,,Y,,A,01,0,0,1,0,0,0,0,0,0,"- ","- ",39.567529999999998,-120.68371,SIERRA,UNINCORPORATED,-120.69211094000001,39.566535930000001
7041215,2015,2016-06-20,9222,2015-06-24,0530,017907,,3,3,9,4600,0,3,5,,2,040,"JACKSON MEADOWS RD","RT 89",14256.00,W,N,A,-,N,,,,,,,,,,Y,3,0,1,1,A,-,08,22107,,N,F,A,A,A,H,-,B,D,0,,,,Y,Y,,G,25,0,1,0,0,0,0,0,0,0,"- ","- ",39.496870000000001,-120.32259999999999,SIERRA,UNINCORPORATED,-120.31963706000001,39.49578966
90004400,2015,2015-10-19,9230,2015-06-27,1320,020411,,6,1,9,4600,0,1,3,,1,092,SR-49,"YUBA PASS ROAD",3168.00,S,N,A,-,Y,,,49,,,,,,,Y,3,0,1,1,A,-,03,22350,,N,F,A,A,A,H,-,A,D,0,,,Y,,Y,,C,02,0,1,0,0,0,0,0,0,1,"- ","- ",39.619230000000002,-120.4978,SIERRA,UNINCORPORATED,-120.49780136,39.619254089999998
90005393,2015,2015-10-19,9222,2015-07-19,1120,016112,,7,1,9,4600,0,1,3,,2,047,SR-89,"BRIDGE 13-09",150.00,S,N,A,-,Y,,,89,,,,,,,Y,3,0,3,1,A,-,08,22107,,N,E,I,A,A,H,-,A,D,0,,,,,Y,,A,01,0,3,0,0,0,0,0,0,0,"- ","- ",39.478090000000002,-120.2329,SIERRA,UNINCORPORATED,-120.23277357000001,39.478104729999998
90007659,2015,2015-10-19,9165,2015-07-30,1800,020692,,4,2,9,4600,0,1,3,,2,074,SR-89,"COLD CREEK CAMPGROUND",528.00,S,N,A,-,Y,,,89,,,,,,,Y,3,0,1,1,A,-,08,22107,,N,E,I,A,A,H,-,A,D,0,,,,,Y,,D,22,0,1,0,0,0,0,0,0,0,"- ","- ",39.541609999999999,-120.31486,SIERRA,UNINCORPORATED,-120.31484645,39.5416089
90007833,2015,2015-10-19,9165,2015-08-09,2218,013901,,7,3,9,4600,0,1,3,,2,072,SR-49,"HERIOT LANE",53.00,N,N,A,-,Y,,,49,,,,,,,Y,4,0,1,1,C,-,18,,,N,H,H,A,A,H,-,D,D,0,,,,,Y,,-,"- ",0,0,1,0,0,0,0,0,0,"- ","- ",39.679349999999999,-120.30585000000001,SIERRA,UNINCORPORATED,-120.30584994,39.679316569999997
90009623,2015,2015-10-19,9165,2015-08-14,1230,021091,,5,1,9,4600,0,1,3,,2,071,SR-89,"BEAR VALLEY RD",13728.00,N,N,A,-,Y,,,89,,,,,,,Y,3,0,1,1,A,-,08,22107,,N,E,I,A,A,H,-,A,D,0,,,,,Y,,A,01,0,1,0,0,0,0,0,0,0,"- ","- ",39.524740000000001,-120.28774,SIERRA,UNINCORPORATED,-120.28776009000001,39.524729430000001
90012504,2015,2015-10-19,9230,2015-08-15,0915,020411,,6,1,9,4600,0,3,5,,2,090,SR-49,"OAK VALLEY ROAD",6336.00,N,N,A,-,Y,,,49,,,,,,,Y,4,0,1,1,A,-,03,22350,,N,F,A,A,A,H,-,A,D,0,,,Y,,Y,,C,02,0,0,1,0,0,0,0,0,1,"- ","- ",39.498809999999999,-121.01884,SIERRA,UNINCORPORATED,-121.01883475,39.498827310000003
90015191,2015,2015-10-19,9230,2015-09-06,1345,012748,,7,1,9,4600,0,1,3,,1,092,SR-49,"US FOREST SERVICE ROAD 09",528.00,N,N,A,-,Y,,,49,,,,,,,N,3,0,1,1,A,-,03,22350,,N,F,A,A,A,H,-,A,D,0,,,Y,,Y,,C,02,0,1,0,0,0,0,0,0,1,"- ","- ",39.615670000000001,-120.50367,SIERRA,UNINCORPORATED,-120.50367389,39.61570502
90018382,2015,2015-10-19,9165,2015-09-11,0940,018506,,5,1,9,4600,0,1,3,,2,073,SR-49,SR-89,5808.00,S,N,A,-,Y,,,49,,,,,,,N,3,0,1,1,A,-,08,22107,,N,F,A,A,A,H,-,A,D,0,,,Y,,Y,,C,02,0,1,0,0,0,0,0,0,1,"- ","- ",39.632640000000002,-120.44913,SIERRA,UNINCORPORATED,-120.44917488999999,39.632594220000001
90025805,2015,2015-10-19,9230,2015-09-06,1600,017889,,7,2,9,4600,0,1,3,,1,092,SR-49,"SHAFFERS HIGH SIERRA CAMP ROAD",2640.00,N,N,A,-,Y,,,49,,,,,,,Y,2,0,1,1,A,-,03,22350,,N,E,I,A,A,H,-,A,D,0,,,Y,,Y,Y,C,02,1,0,0,0,0,0,0,0,1,"- ","- ",39.618760000000002,-120.52087,SIERRA,UNINCORPORATED,-120.52086504,39.61880506
90037929,2015,2015-10-26,9230,2015-10-16,1530,019235,,5,2,9,4600,0,1,3,,1,091,SR-49,"BRANDY CITY ROAD",13728.00,N,N,A,-,Y,,,49,,,,,,,Y,3,0,1,1,A,-,05,21650,,N,E,I,A,A,H,-,A,D,0,,,Y,,Y,,C,02,0,1,0,0,0,0,0,0,1,"- ","- ",39.517470000000003,-120.95629,SIERRA,UNINCORPORATED,-120.95638269,39.517534730000001
90039897,2015,2015-10-29,9165,2015-10-25,2136,019781,,7,2,9,4600,0,1,3,,2,074,SR-89,"USFS 22N06",3168.00,S,N,A,-,Y,,,89,,,,,,,N,3,0,1,1,A,-,01,23152,A,N,E,I,A,A,H,-,D,D,0,,,,,Y,Y,D,22,0,1,0,0,0,0,0,0,0,"- ","- ",39.682670000000002,-120.48361,SIERRA,UNINCORPORATED,-120.48364881000001,39.682767120000001
90042182,2015,2015-11-02,9230,2015-10-21,1200,020411,,3,1,9,4600,0,3,5,,2,090,"RIDGE ROAD","OREGON CREEK ROAD",2640.00,E,N,A,-,N,,,,,,,,,,Y,3,0,1,1,A,-,03,22350,,N,E,I,A,A,H,-,A,D,0,,,,,Y,,A,01,0,1,0,0,0,0,0,0,0,"- ","- ",39.455350000000003,-120.93237999999999,SIERRA,UNINCORPORATED,-120.93192816,39.455425439999999
90047237,2015,2015-11-09,9230,2015-08-29,1935,020411,,6,2,9,4600,0,1,3,,1,091,SR-49,"OAK VALLEY ROAD",10560.00,N,N,A,-,Y,,,49,,,,,,,Y,1,1,0,1,A,-,08,22107,,N,F,A,A,A,H,-,B,D,0,,,Y,,Y,,C,02,0,0,0,0,0,0,0,1,0,"- ","- ",39.498930000000001,-121.01473,SIERRA,UNINCORPORATED,-121.01471411,39.498891489999998
90057123,2015,2015-11-23,9165,2015-11-15,1850,013901,,7,2,9,4600,0,1,3,,2,071,"US 395 N/B","CA/NV STATE LINE",3696.00,N,N,B,-,Y,,,,,,,,,,Y,3,0,1,1,A,-,03,22350,,N,E,I,A,C,H,-,D,D,0,,,,,Y,,D,22,0,1,0,0,0,0,0,0,0,"- ","- ",39.682250000000003,-120.00830000000001,SIERRA,UNINCORPORATED,,
90065556,2015,2015-12-04,9165,2015-11-26,1115,012886,,4,1,9,4600,0,1,3,,2,071,"US-395 S/B","NEVADA BORDER",210.00,N,N,B,-,Y,,,395,,,,,,S,Y,3,0,2,2,A,-,08,22107,,N,C,C,A,A,H,-,A,D,0,,,,,Y,,A,01,0,2,0,0,0,0,0,0,0,"- ","- ",39.673810000000003,-120.00171,SIERRA,UNINCORPORATED,-120.00168026,39.673836799999997
90170569,2016,2016-05-02,9230,2016-04-16,1635,020411,,6,2,9,4600,0,1,3,,1,091,SR-49,"OAK VALLEY RD",9504.00,N,N,A,-,Y,,,49,,,,,,,N,3,0,1,1,A,-,01,23152,A,N,F,A,A,A,H,-,A,D,0,,,Y,,Y,Y,C,02,0,1,0,0,0,0,0,0,1,"- ","- ",39.501550000000002,-121.00572,SIERRA,UNINCORPORATED,-121.00576045,39.501504490000002
90180077,2016,2016-05-16,9230,2016-05-11,1210,020411,,3,1,9,4600,0,1,3,,1,091,SR-49,"INDIAN VALLEY RD",4224.00,S,N,A,-,Y,,,49,,,,,,,N,2,0,1,1,A,-,03,22350,,N,F,A,A,A,H,-,A,D,0,,,Y,,Y,,C,02,1,0,0,0,0,0,0,0,1,"- ","- ",39.506839999999997,-121.01881,SIERRA,UNINCORPORATED,-121.01882118,39.506870120000002
90180111,2016,2016-05-16,9222,2016-05-07,1630,017907,,6,2,9,4600,0,1,1,,2,025,"I-80 E/B","SIERRA COUNTY LINE",1584.00,E,N,B,C,Y,,,80,,,,,,E,Y,4,0,1,1,A,-,03,22350,,N,E,I,A,B,H,-,A,D,0,,,,,Y,,A,01,0,0,1,0,0,0,0,0,0,"- ","- ",39.453380000000003,-120.00902000000001,SIERRA,UNINCORPORATED,-120.00922180000001,39.453374770000003
90193003,2016,2016-06-02,9165,2016-05-20,1515,020692,,5,2,9,4600,0,1,3,,2,074,SR-89,"USFS 89-54",398.00,N,N,B,D,Y,,,89,,,,,,,Y,2,0,2,2,A,-,03,22350,,N,A,C,A,C,H,-,A,D,0,,,,,Y,,A,08,2,0,0,0,0,0,0,0,0,"- ","- ",39.531460000000003,-120.30269,SIERRA,UNINCORPORATED,-120.30268844,39.531475399999998
90204852,2016,2016-06-20,9165,2016-06-09,1410,018506,,4,2,9,4600,0,1,3,,2,074,SR-89,"SIERRAVILLE GUN RANGE",1056.00,N,N,A,-,Y,,,89,,,,,,,Y,3,0,1,1,A,-,08,22107,,N,E,I,A,A,H,-,A,D,0,,,,,Y,,A,01,0,1,0,0,0,0,0,0,0,"- ","- ",39.556179999999998,-120.34142,SIERRA,UNINCORPORATED,-120.34143353,39.556153209999998
90205075,2016,2016-06-20,9222,2016-06-13,0655,016334,,1,1,9,4600,0,1,1,,2,025,"I-80 W/B","NEVADA STATELINE",1795.00,W,N,A,-,Y,,,80,,,,,,W,Y,3,0,1,1,A,-,08,22107,,N,E,I,A,A,H,-,A,D,0,,,,Y,Y,,G,25,0,1,0,0,0,0,0,0,0,"- ","- ",39.464030000000001,-120.00574,SIERRA,UNINCORPORATED,-120.00573274999999,39.46402526
90209962,2016,2016-06-27,9165,2016-06-25,1443,020692,,6,2,9,4600,0,1,3,,2,071,"US-395 N/B","NEVADA BORDER",2640.00,N,N,A,-,Y,,,395,,,,,,N,Y,4,0,1,1,A,-,08,22107,,N,E,I,A,A,H,-,A,D,0,,,,,Y,,E,22,0,0,1,0,0,0,0,0,0,"- ","- ",39.680349999999997,-120.00671,SIERRA,UNINCORPORATED,-120.00662484,39.68042165
90213130,2016,2016-06-30,9230,2016-06-25,1425,020411,,6,2,9,4600,0,1,3,,1,091,SR-49,"OAK VALLEY ROAD",6336.00,N,N,A,-,Y,,,49,,,,,,,N,4,0,1,1,A,-,03,22350,,N,E,I,A,A,H,-,A,D,0,,,Y,,Y,,C,02,0,0,1,0,0,0,0,0,1,"- ","- ",39.498550000000002,-121.01528,SIERRA,UNINCORPORATED,-121.01529222000001,39.498583680000003
90216130,2016,2016-07-05,9230,2016-06-25,1555,020411,,6,2,9,4600,0,1,3,,1,092,SR-49,"LADIES CANYON CROSSING",3168.00,N,N,A,-,Y,,,49,,,,,,,Y,2,0,1,1,A,-,03,22350,,N,E,I,A,A,H,-,A,D,0,,,Y,,Y,,C,02,1,0,0,0,0,0,0,0,1,"- ","- ",39.565980000000003,-120.71523000000001,SIERRA,UNINCORPORATED,-120.71519314,39.56594673
90216363,2016,2016-07-05,9230,2016-07-02,1545,020411,,6,2,9,4600,0,1,3,,1,092,SR-49,"LADIES CANYON CROSSING",3168.00,N,N,A,-,Y,,,49,,,,,,,Y,2,0,3,2,A,-,03,22350,,N,E,I,A,A,H,-,A,D,0,,,Y,,Y,,C,02,1,2,0,0,0,0,0,0,3,"- ","- ",39.565710000000003,-120.71177,SIERRA,UNINCORPORATED,-120.71177059,39.56571314
90219771,2016,2016-07-11,9230,2016-06-26,1800,019235,,7,2,9,4600,0,1,3,,1,092,SR-49,"UNION FLAT CAMP GROUND",6864.00,S,N,A,-,Y,,,49,,,,,,,Y,2,0,1,1,A,-,08,22107,,N,F,I,A,A,H,-,A,D,0,,,Y,,Y,,C,02,1,0,0,0,0,0,0,0,1,"- ","- ",39.559649999999998,-120.75837,SIERRA,UNINCORPORATED,-120.7586252,39.55979628
90224135,2016,2016-07-18,9165,2016-07-02,1325,020692,,6,1,9,4600,0,1,3,,2,074,SR-89,"21040 HWY 89",471.00,S,N,A,-,Y,,,89,,,,,,,N,3,0,1,1,A,-,08,22107,,N,F,A,A,A,H,-,A,D,0,,,Y,,Y,,C,02,0,1,0,0,0,0,0,0,1,"- ","- ",39.64555,-120.43009000000001,SIERRA,UNINCORPORATED,-120.43006029999999,39.645558219999998
90232729,2016,2016-07-28,9222,2016-06-27,1300,015908,,1,1,9,4600,0,3,5,,2,040,"HENNESS PASS RD.","STAMPEDE MEADOWS RD.",1584.00,W,N,A,-,N,,,,,,,,,,N,2,0,1,1,A,-,03,38305,,N,F,A,A,A,H,-,A,D,0,,,Y,,Y,,C,06,1,0,0,0,0,0,0,0,1,"- ","- ",39.50638,-120.09832,SIERRA,UNINCORPORATED,-120.09724438000001,39.506337850000001
90244175,2016,2016-08-15,9230,2016-07-30,0930,019235,,6,1,9,4600,0,1,3,,1,081,SR-49,"BRANDY CITY RD",9504.00,S,N,A,-,Y,,,49,,,,,,,N,3,0,1,1,A,-,05,21650,,N,E,I,A,A,H,-,A,A,0,,,Y,,Y,,C,02,0,1,0,0,0,0,0,0,1,"- ","- ",39.508450000000003,-121.01736,SIERRA,UNINCORPORATED,-121.01747801,39.508391580000001
90249723,2016,2016-08-22,9165,2016-08-13,1025,018506,,6,1,9,4600,0,3,5,,2,007,"BECKWOURTH CALPINE RD","CALPINE RD",0.00,,Y,A,-,N,,,,,,,,,,Y,4,0,1,1,A,-,03,22350,,N,E,I,A,A,H,-,A,D,0,,,,,Y,,A,01,0,0,1,0,0,0,0,0,0,"- ","- ",39.665010000000002,-120.4093,SIERRA,UNINCORPORATED,,
90251432,2016,2016-08-24,9222,2016-08-16,1540,015590,,2,2,9,4600,0,1,1,,2,025,"I-80 W/B","SIERRA CO LINE",4407.00,E,N,A,-,Y,,,80,,,,,,W,Y,4,0,1,1,A,-,08,22107,,N,E,I,A,A,H,-,A,D,0,,,,Y,Y,,G,25,0,0,1,0,0,0,0,0,0,"- ","- ",39.457059999999998,-120.00933999999999,SIERRA,UNINCORPORATED,-120.00927566,39.457045239999999
90261509,2016,2016-09-06,9222,2016-08-23,0030,019477,,2,3,9,4600,0,1,3,,2,047,"SR-89N N","SIERRA CO LINE",1795.00,N,N,A,-,Y,,,89,,,,,,,Y,2,0,1,1,A,-,08,22107,,N,E,I,A,A,H,-,D,D,0,,,,,Y,,A,08,1,0,0,0,0,0,0,0,0,"- ","- ",39.448219999999999,-120.21526,SIERRA,UNINCORPORATED,-120.21526747,39.448214729999997
90265811,2016,2016-09-12,9230,2016-09-06,1055,020411,,2,1,9,4600,0,1,3,,1,091,SR-49,"CONVICT FLAT",80.00,N,N,A,-,Y,,,49,,,,,,,Y,4,0,1,2,A,-,03,22350,,N,B,C,A,A,H,-,A,D,0,,,,,Y,,A,01,0,0,1,0,0,0,0,0,0,"- ","- ",39.524169999999998,-120.95322,SIERRA,UNINCORPORATED,-120.95321971,39.524190330000003
90267578,2016,2016-09-14,9230,2016-09-08,1340,018243,,4,1,9,4600,0,1,3,,1,091,SR-49,"YUBA PASS ROAD",2640.00,S,N,A,-,Y,,,49,,,,,,,N,2,0,1,1,A,-,03,22350,,N,F,A,A,A,H,-,A,D,0,,Y,,,Y,,L,04,1,0,0,0,0,0,1,0,0,"- ","- ",39.619219999999999,-120.49809,SIERRA,UNINCORPORATED,-120.49808193,39.61919597
90283875,2016,2016-10-04,9222,2016-08-25,2500,018618,,4,4,9,4600,0,1,1,,2,025,"I-80 EASTBOUND","SIERRA COUNTY LINE",587.00,E,N,A,-,Y,,,80,,,,,,E,Y,1,1,0,1,A,-,08,22107,,N,E,I,A,A,H,-,A,D,0,,,,,Y,,A,01,0,0,0,0,0,0,0,0,0,"- ","- ",39.447929999999999,-120.00946999999999,SIERRA,UNINCORPORATED,-120.00953865,39.447950120000002
90296344,2016,2016-10-19,9230,2016-10-13,1545,018243,,4,2,9,4600,0,1,3,,1,091,SR-49,"USFS ROAD 09",1584.00,S,N,B,-,Y,,,49,,,,,,,Y,3,0,1,1,A,-,01,23152,A,N,E,I,A,A,H,-,A,D,0,,,,,Y,Y,A,01,0,1,0,0,0,0,0,0,0,"- ","- ",39.616529999999997,-120.51358,SIERRA,UNINCORPORATED,-120.51350295,39.61658972
90303122,2016,2016-10-27,9165,2016-10-21,1510,018506,,5,2,9,4600,0,1,3,,2,073,SR-49,"USFS 52 RD",2112.00,S,N,A,-,Y,,,49,,,,,,,N,3,0,1,1,A,-,03,22350,,N,F,A,A,A,B,-,A,D,0,,,Y,,Y,,C,02,0,1,0,0,0,0,0,0,1,"- ","- ",39.635460000000002,-120.45583000000001,SIERRA,UNINCORPORATED,-120.45581776,39.635464349999999
90333280,2016,2016-11-30,9230,2016-11-26,1800,019235,,6,2,9,4600,0,1,3,,1,092,SR-49,"YUBA PASS RD",5280.00,S,N,B,D,Y,,,49,,,,,,,Y,4,0,2,1,A,-,03,22350,,N,E,I,A,C,G,H,D,A,0,,,,,Y,,A,01,0,0,2,0,0,0,0,0,0,"- ","- ",39.615659999999998,-120.50389,SIERRA,UNINCORPORATED,-120.50388633,39.61570304
90361101,2017,2017-01-04,9165,2017-01-01,1835,019781,,7,2,9,4600,0,1,3,,2,074,SR-89,"SULPHUR CREEK LOOP",2112.00,S,N,B,D,Y,,,89,,,,,,,Y,3,0,1,1,A,-,03,22350,,N,E,I,A,C,B,E,D,D,0,,,,,Y,,A,07,0,1,0,0,0,0,0,0,0,"- ","- ",39.685279999999999,-120.50045,SIERRA,UNINCORPORATED,-120.50044791000001,39.685284090000003
90389366,2017,2017-04-24,9230,2017-01-20,1821,020425,,5,2,9,4600,0,1,3,,1,092,"SR-49 S/B","CARVIN CREEK ROAD",4900.00,N,N,B,D,Y,,,49,,,,,,S,Y,4,0,1,1,A,-,03,22350,,N,E,J,A,C,E,G,D,D,0,,,,,Y,,J,48,0,0,1,0,0,0,0,0,0,"- ","- ",39.631459999999997,-120.5603,SIERRA,UNINCORPORATED,-120.56029439,39.631433829999999
90449966,2017,2017-05-05,9165,2017-04-01,2129,018600,,6,2,9,4600,0,1,3,,2,074,SR-89,"VERDI GRADE RD",3696.00,S,N,A,-,Y,,,89,,,,,,,Y,1,1,3,2,A,-,03,22350,,N,A,C,A,A,H,-,D,D,0,,,,,Y,,D,22,1,2,0,0,0,0,0,0,0,"- ","- ",39.545140000000004,-120.31627,SIERRA,UNINCORPORATED,-120.31626377000001,39.545146770000002
90458146,2017,2017-05-17,9230,2017-05-10,1715,019235,,3,2,9,4600,0,1,3,,1,092,SR-49,"LADIES CANYON CREEK",2640.00,N,N,A,-,Y,,,49,,,,,,,Y,2,0,1,1,A,-,05,21650,,N,E,I,A,A,H,-,A,A,0,,,Y,,Y,,C,02,1,0,0,0,0,0,0,0,1,"- ","- ",39.565989999999999,-120.71528000000001,SIERRA,UNINCORPORATED,-120.71521061,39.565927369999997
90461301,2017,2017-05-23,9165,2017-05-15,0714,019583,,1,1,9,4600,0,1,3,,2,074,"SR-89 (LINCOLN STREET)","WILLOW ST",1056.00,N,N,A,-,Y,,,89,,,,,,,Y,2,0,1,1,A,-,08,22107,,N,E,I,A,A,H,-,A,D,0,,,,,Y,,A,01,1,0,0,0,0,0,0,0,0,"- ","- ",39.581449999999997,-120.36953,SIERRA,UNINCORPORATED,-120.36946722,39.581440780000001
90475169,2017,2017-06-12,9165,2017-06-07,1130,018243,,3,1,9,4600,0,1,3,,2,072,SR-49,"HILL ST.",2640.00,S,N,B,-,Y,,,49,,,,,,,N,2,0,1,1,A,-,03,22350,,N,F,A,A,A,H,-,A,D,0,,Y,,,Y,,L,04,1,0,0,0,0,0,1,0,0,"- ","- ",39.674869999999999,-120.25843999999999,SIERRA,UNINCORPORATED,-120.25844398,39.674892710000002
90489410,2017,2017-06-28,9165,2017-06-25,1501,019583,,7,2,9,4600,0,1,3,,2,074,SR-89,"SULPHUR CREEK LOOP",1584.00,N,N,A,-,Y,,,89,,,,,,,Y,2,0,2,1,C,-,18,,,N,H,H,A,A,H,-,A,D,0,,,Y,,Y,,-,"- ",2,0,0,0,0,0,0,0,2,"- ","- ",39.690130000000003,-120.50928,SIERRA,UNINCORPORATED,-120.5092822,39.690125049999999
90497256,2017,2017-07-10,9165,2017-07-01,1530,019781,,6,2,9,4600,0,1,3,,2,074,SR-89,"USFS 89-70",301.00,S,N,A,-,Y,,,,,,,,,,Y,2,0,2,1,A,-,03,22350,,N,E,I,A,A,H,-,A,D,0,,,Y,,Y,,C,02,1,1,0,0,0,0,0,0,2,"- ","- ",39.556890000000003,-120.33132999999999,SIERRA,UNINCORPORATED,,
90516574,2017,2017-08-04,9230,2017-07-01,1600,020425,,6,2,9,4600,0,1,3,,1,092,"SR-49 S/B","BEE RANCH ROAD",6336.00,N,N,A,-,Y,,,49,,,,,,S,Y,4,0,1,1,A,-,03,22350,,N,F,A,A,A,B,-,A,D,0,,,Y,,Y,,C,02,0,0,1,0,0,0,0,0,1,"- ","- ",39.56606,-120.71512,SIERRA,UNINCORPORATED,-120.71510215000001,39.566040880000003
90518830,2017,2017-08-08,9230,2017-07-08,1405,020425,,6,2,9,4600,0,1,3,,1,092,"SR-49 S/B","YUBA PASS ROAD",2429.00,S,N,A,-,Y,,,49,,,,,,S,Y,4,0,1,1,A,-,03,22350,,N,E,I,A,A,H,-,A,A,0,,,,,Y,,A,01,0,0,1,0,0,0,0,0,0,"- ","- ",39.619190000000003,-120.49824,SIERRA,UNINCORPORATED,-120.49822331999999,39.61914633
90522320,2017,2017-08-14,9165,2017-08-05,2225,018600,,6,3,9,4600,0,3,5,,2,007,"JACKSON MEADOWS RD",SR-89,175.00,W,N,B,-,Y,,,,,,,,,,Y,2,0,2,1,A,-,08,22107,,N,E,I,A,A,H,-,D,D,0,,,,,Y,,A,01,2,0,0,0,0,0,0,0,0,"- ","- ",39.505540000000003,-120.28299,SIERRA,UNINCORPORATED,,
90525227,2017,2017-08-17,9165,2017-08-09,1300,020692,,3,1,9,4600,0,1,3,,2,073,SR-49,"YUBA PASS RD",1056.00,N,N,A,-,Y,,,49,,,,,,,Y,4,0,1,1,A,-,03,22350,,N,F,A,A,A,H,-,A,D,0,,,Y,,Y,,C,02,0,0,1,0,0,0,0,0,1,"- ","- ",39.617379999999997,-120.48569000000001,SIERRA,UNINCORPORATED,-120.48570322,39.61737145
90540351,2017,2017-09-05,9230,2017-08-29,1450,019235,,2,2,9,4600,0,1,3,,1,081,SR-49,"SIERRA/YUBA CO LINE",5280.00,N,N,A,-,Y,,,49,,,,,,,Y,2,0,1,1,A,-,03,22350,,N,E,I,A,A,H,-,A,A,0,,,Y,,Y,,C,02,1,0,0,0,0,0,0,0,1,"- ","- ",39.498539999999998,-121.01575,SIERRA,UNINCORPORATED,-121.01575255,39.498501740000002
90545076,2017,2017-09-11,9222,2017-09-07,0805,017550,,4,1,9,4600,0,1,1,,2,025,"I-80 W/B","NEVADA/CALIFORNIA STATELINE",500.00,W,N,A,-,Y,,,,,,,,,,Y,4,0,3,2,A,-,03,22350,,N,C,C,A,A,H,-,A,D,0,,,,,Y,,A,07,0,0,3,0,0,0,0,0,0,"- ","- ",,,SIERRA,UNINCORPORATED,,
90552699,2017,2017-09-21,9165,2017-09-13,1715,019781,,3,2,9,4600,0,3,5,,2,007,"LEMON CANYON RD","CAMPBELL HOT SPRINGS RD",13200.00,E,N,B,C,N,,,,,,,,,,Y,2,0,1,1,A,-,03,22350,,N,E,I,A,B,H,-,A,D,0,,,Y,,Y,,C,06,1,0,0,0,0,0,0,0,1,"- ","- ",39.579729999999998,-120.30329,SIERRA,UNINCORPORATED,-120.30468767000001,39.57962414
90553098,2017,2017-09-21,9230,2017-09-16,2140,020425,,6,2,9,4600,0,1,3,,1,092,"SR-49 N/B","LOGANVILLE LN",3967.00,S,N,A,-,Y,,,49,,,,,,N,Y,4,0,1,1,A,-,01,23152,A,N,F,A,A,A,H,-,D,D,0,,,,,Y,Y,D,22,0,0,1,0,0,0,0,0,0,"- ","- ",39.568899999999999,-120.68257,SIERRA,UNINCORPORATED,-120.68249036,39.568678779999999
90672627,2018,2018-03-01,9165,2018-02-25,1030,018506,,7,1,9,4600,0,1,3,,2,072,SR-49,"GARBAGE PIT RD",8448.00,N,N,A,-,Y,,,49,,,,,,,Y,3,0,1,1,A,-,08,22107,,N,F,A,A,A,H,-,A,D,0,,,,,Y,,E,22,0,1,0,0,0,0,0,0,0,"- ","- ",39.701728820800781,-120.22176361083984,SIERRA,UNINCORPORATED,-120.22169494628906,39.701732635498047
90688215,2018,2018-03-22,9165,2018-03-16,2010,018506,,5,2,9,4600,0,1,3,,2,071,"US 395 S/B","SCOTT RD",1584.00,N,N,B,D,Y,,,,,,,,,,Y,3,0,2,1,A,-,03,22350,,N,F,A,A,C,E,-,D,D,0,,,,,Y,,D,22,0,2,0,0,0,0,0,0,0,"- ","- ",39.703178405761719,-120.03330993652344,SIERRA,UNINCORPORATED,,
90719128,2018,2018-05-03,9230,2018-04-22,1415,020425,,7,2,9,4600,0,3,5,,2,090,"GOLD BLUFF ROAD","SAILOR RAVINE ROAD",2482.00,N,N,A,-,N,,,,,,,,,,N,3,0,1,1,A,-,03,22350,,N,F,A,A,A,H,-,A,D,0,,,Y,,Y,,C,02,0,1,0,0,0,0,0,0,1,"- ","- ",39.578609466552734,-120.82187652587891,SIERRA,UNINCORPORATED,-120.82331085205078,39.572021484375
90749840,2018,2018-06-18,9165,2018-06-14,1808,018600,,4,2,9,4600,0,1,3,,2,074,SR-89,"OLD TRUCKEE RD",6600.00,S,N,A,-,Y,,,,,,,,,,Y,3,0,1,2,A,-,05,21460,A,N,B,C,A,A,H,-,A,A,0,,,,Y,Y,,A,07,0,1,0,0,0,0,0,0,0,"- ","- ",36.561569213867188,-120.35346984863281,SIERRA,UNINCORPORATED,-120.35355377197266,39.561626434326172
90800748,2018,2018-08-29,9230,2018-08-23,0615,019235,,4,1,9,4600,0,1,3,,1,092,SR-49,"JIM CROW RD",5280.00,N,N,A,-,Y,,,49,,,,,,,Y,4,0,3,1,A,-,05,21650,,N,E,I,A,A,H,-,A,D,0,,,,,Y,,A,08,0,0,3,0,0,0,0,0,0,"- ","- ",39.558921813964844,-120.76129150390625,SIERRA,UNINCORPORATED,-120.76127624511719,39.558872222900391
90814917,2018,2018-09-17,9165,2018-09-09,1227,020692,,7,1,9,4600,0,1,3,,2,074,SR-89,"SULPHUR CREEK LOOP",2640.00,S,N,A,-,Y,,,89,,,,,,,N,2,0,1,1,C,-,18,,,N,H,H,A,A,H,-,A,D,0,,,Y,,Y,,-,"- ",1,0,0,0,0,0,0,0,1,"- ","- ",39.682628631591797,-120.49932098388672,SIERRA,UNINCORPORATED,-120.49921417236328,39.682636260986328
90832184,2018,2018-10-09,9230,2018-09-29,1720,019235,,6,2,9,4600,0,1,3,,1,092,SR-49,"FOREST SERVICE ROAD 09",4752.00,S,N,A,-,Y,,,49,,,,,,,Y,2,0,1,1,A,-,03,22350,,N,F,A,A,A,H,-,A,D,0,,,Y,,Y,,C,02,1,0,0,0,0,0,0,0,1,"- ","- ",39.618911743164062,-120.52079772949219,SIERRA,UNINCORPORATED,-120.52080535888672,39.618804931640625
90838385,2018,2018-10-17,9230,2018-08-12,0020,016868,,7,3,9,4600,0,1,3,,1,091,SR-49,"GOLD LAKE HWY",8976.00,N,N,A,-,Y,,,,,,,,,,Y,3,0,2,1,A,-,01,23152,A,F,E,I,A,A,H,-,D,D,0,,,,,Y,Y,D,22,0,1,1,0,0,0,0,0,0,"- ","- ",39.629920959472656,-120.65695953369141,SIERRA,UNINCORPORATED,-120.56730651855469,39.629867553710938
90863674,2018,2018-11-20,9165,2018-11-19,0457,013901,,1,3,9,4600,0,1,3,,2,074,SR-89,"WESTSIDE ROAD (CO. RD A23)",0.00,,Y,A,-,Y,,,89,,,,,,,Y,4,0,1,1,A,-,12,22450,A,N,E,I,A,A,H,-,C,A,0,,,,,Y,,A,01,0,0,1,0,0,0,0,0,0,"- ","- ",39.615291595458984,-120.42604827880859,SIERRA,UNINCORPORATED,-120.42601013183594,39.615345001220703
90864940,2018,2018-11-21,9165,2018-11-14,1441,019781,,3,2,9,4600,0,1,3,,2,073,SR-49,"USFS ROAD 12",1056.00,N,N,A,-,Y,,,49,,,,,,,Y,2,0,1,1,A,-,03,22350,,N,E,I,A,A,H,-,A,D,0,,,Y,,Y,,C,02,1,0,0,0,0,0,0,0,1,"- ","- ",39.617328643798828,-120.48562622070312,SIERRA,UNINCORPORATED,-120.48566436767578,39.6173095703125
90873302,2018,2018-12-03,9165,2018-11-22,1247,019583,,4,1,9,4600,0,3,5,,2,007,"HENNESS PASS RD","SUNRISE CREEK RD",2640.00,N,N,A,-,N,,,,,,,,,,N,2,0,1,1,A,-,03,38305,,N,F,A,A,A,H,-,A,D,0,,,Y,,Y,,C,06,1,0,0,0,0,0,0,0,1,"- ","- ",39.530250549316406,-120.01805114746094,SIERRA,UNINCORPORATED,-120.0643310546875,39.531604766845703
90882428,2018,2018-12-13,9222,2018-12-04,1535,017550,,2,2,9,4600,0,1,1,,2,025,"I-80 E/B","SIERRA COUNTY LINE",3100.00,E,N,C,D,Y,,,80,,,,,,E,Y,4,0,1,3,A,-,03,22350,,N,E,I,A,C,H,-,A,D,0,,,,,Y,,A,01,0,0,1,0,0,0,0,0,0,"- ","- ",39.457618713378906,-120.00906372070312,SIERRA,UNINCORPORATED,-120.00904846191406,39.457618713378906
90882838,2018,2018-12-14,9165,2018-12-10,0719,019583,,1,1,9,4600,0,1,3,,2,074,SR-89,"MEADOW RANCH RD",4752.00,S,N,B,-,Y,,,89,,,,,,,Y,3,0,2,1,A,-,08,22107,,N,E,I,A,A,H,-,A,D,0,,,,,Y,,A,07,0,1,1,0,0,0,0,0,0,"- ","- ",39.651580810546875,-120.43231201171875,SIERRA,UNINCORPORATED,-120.43222808837891,39.651588439941406
90916768,2019,2019-01-31,9165,2019-01-24,0845,018046,,4,1,9,4600,0,3,5,,2,007,"BECKWOURTH CALPINE ROAD (COUNTY RD A23)","CALPINE ROAD",3168.00,N,N,E,-,N,,,,,,,,,,Y,4,0,1,2,A,-,06,21751,,N,B,C,A,C,H,-,A,D,0,,,,,Y,,D,22,0,0,1,0,0,0,0,0,0,"- ","- ",39.673450469970703,-120.40915679931641,SIERRA,UNINCORPORATED,-120.40915679931641,39.673789978027344
90933436,2019,2019-02-25,9165,2019-02-24,1318,019583,,7,1,9,4600,0,1,3,,2,071,"US-395 S/B","CALIFORNIA-NEVADA BORDER",4752.00,N,N,A,-,Y,,,395,,,,,,S,Y,4,0,1,1,C,-,18,,,N,H,H,A,A,H,-,A,D,0,,,,,Y,,-,"- ",0,0,1,0,0,0,0,0,0,"- ","- ",39.684581756591797,-120.01213836669922,SIERRA,UNINCORPORATED,-120.01215362548828,39.6845703125
90959335,2019,2019-04-02,9165,2019-01-24,0715,019583,,4,1,9,4600,0,1,3,,2,074,SR-89,"WESTSIDE RD",4224.00,S,N,E,-,Y,,,89,,,,,,,Y,1,1,0,2,A,-,03,22350,,N,B,C,A,C,B,-,A,D,0,,,,Y,Y,,E,22,0,0,0,0,0,0,0,0,0,"- ","- ",39.605411529541016,-120.4208984375,SIERRA,UNINCORPORATED,-120.42090606689453,39.605411529541016
91017286,2019,2019-06-25,9165,2019-06-14,1510,020692,,5,2,9,4600,0,1,3,,2,073,SR-49,"USFS RD 52",1584.00,S,N,A,-,Y,,,49,,,,,,,Y,2,0,2,1,C,-,18,,,N,F,A,A,A,H,-,A,D,0,,,,Y,Y,,-,"- ",1,1,0,0,0,0,0,0,0,"- ","- ",39.635108947753906,-120.45614624023438,SIERRA,UNINCORPORATED,-120.45579528808594,39.635028839111328
91022268,2019,2019-07-01,9230,2019-06-27,1455,019235,,4,2,9,4600,0,1,3,,1,092,SR-49,"HAYES RD",1584.00,S,N,A,-,Y,,,49,,,,,,,Y,4,0,1,1,A,-,05,21650,,N,E,I,A,A,H,-,A,D,0,,,,,Y,,A,07,0,0,1,0,0,0,0,0,0,"- ","- ",39.563350677490234,-120.64328765869141,SIERRA,UNINCORPORATED,-120.64329528808594,39.563335418701172
91028808,2019,2019-07-11,9165,2019-07-02,2000,018600,,2,2,9,4600,0,3,5,,2,007,"LONG VALLEY ROAD","BALLS CANYON RD",546.00,S,N,A,-,N,,,,,,,,,,N,2,0,1,1,A,-,03,22350,,N,F,A,A,A,H,-,A,D,0,,,Y,,Y,,C,06,1,0,0,0,0,0,0,0,1,"- ","- ",39.670478820800781,-120.00138092041016,SIERRA,UNINCORPORATED,-120.00150299072266,39.670597076416016
91030017,2019,2020-04-07,9230,2019-07-08,1415,019235,,1,2,9,4600,0,1,3,,1,092,SR-49,"HAYES RD",3168.00,S,N,A,-,Y,,,49,,,,,,,N,4,0,1,2,A,-,03,22350,,N,F,A,A,A,D,-,A,A,0,,,Y,,Y,,C,02,0,0,1,0,0,0,0,0,1,"- ","- ",39.563308715820312,-120.64682006835938,SIERRA,UNINCORPORATED,-120.64681243896484,39.563285827636719
91030087,2019,2019-07-12,9165,2019-07-02,1856,018600,,2,2,9,4600,0,1,3,,2,072,SR-49,"GENASCI RD",1056.00,S,N,A,-,Y,,,49,,,,,,,N,3,0,1,2,A,-,05,21460,A,N,F,A,A,A,H,-,A,D,0,,,Y,,Y,,D,22,0,1,0,0,0,0,0,0,1,"- ","- ",39.680488586425781,-120.28463745117188,SIERRA,UNINCORPORATED,-120.28463745117188,39.680461883544922
91044719,2019,2019-08-05,9165,2019-07-24,1930,020692,,3,2,9,4600,0,1,3,,2,074,SR-89,"MOUNTAIN QUAIL RD",1584.00,S,N,A,-,Y,,,89,,,,,,,Y,3,0,1,1,A,-,01,23152,A,N,F,A,A,A,H,-,A,D,0,,,,,Y,Y,A,01,0,1,0,0,0,0,0,0,0,"- ","- ",39.639591217041016,-120.43512725830078,SIERRA,UNINCORPORATED,-120.43505096435547,39.639575958251953
91048022,2019,2019-08-08,9230,2019-06-01,1330,020425,,6,1,9,4600,0,1,3,,1,092,"SR-49 N/B","FOREST ROUTE 09",146.00,S,N,A,-,Y,,,49,,,,,,N,N,3,0,1,1,A,-,03,22350,,N,F,A,A,A,H,-,A,A,0,,,Y,,Y,,C,02,0,1,0,0,0,0,0,0,1,"- ","- ",39.617031097412109,-120.50685882568359,SIERRA,UNINCORPORATED,-120.50688934326172,39.61712646484375
91056634,2019,2019-08-21,9165,2019-08-18,1422,018243,,7,2,9,4600,0,3,5,,2,007,"BECKWOURTH CALPINE ROAD","CALPINE ROAD",1584.00,S,N,A,-,N,,,,,,,,,,Y,2,0,5,1,A,-,01,23152,A,N,E,I,A,A,H,-,A,D,0,,,,,Y,Y,A,01,4,1,0,0,0,0,0,0,0,"- ","- ",39.660781860351562,-120.41010284423828,SIERRA,UNINCORPORATED,-120.41004943847656,39.660846710205078
91062721,2019,2019-08-29,9230,2019-08-17,1700,020425,,6,2,9,4600,0,3,5,,2,090,"GOLD LAKE HIGHWAY","FRAZIER CREEK ROAD",441.00,N,N,A,-,N,,,,,,,,,,Y,2,0,1,1,A,-,01,23152,F,N,E,I,A,A,H,-,A,D,0,,,,,Y,,D,22,1,0,0,0,0,0,0,0,0,"- ","- ",39.690128326416016,-120.64240264892578,SIERRA,UNINCORPORATED,-120.64218902587891,39.689395904541016
91069717,2019,2019-09-09,9165,2019-09-05,1017,018506,,4,1,9,4600,0,1,3,,2,074,SR-89,"OLD TRUCKEE RD",256.00,N,N,B,-,Y,,,89,,,,,,,Y,4,0,1,1,A,-,08,22107,,N,E,I,A,A,H,-,A,D,0,,,,,Y,,A,07,0,0,1,0,0,0,0,0,0,"- ","- ",39.575408935546875,-120.36953735351562,SIERRA,UNINCORPORATED,-120.36947631835938,39.575454711914062
91086306,2019,2019-09-30,9165,2019-09-24,0709,019583,,2,1,9,4600,0,1,3,,2,072,SR-49,"FILIPPINI RD",20064.00,S,N,A,-,Y,,,49,,,,,,,N,3,0,1,2,A,-,08,22107,,N,B,G,A,A,H,-,A,D,0,,Y,,,Y,,A,01,0,1,0,0,0,0,1,0,0,"- ","- ",39.648960113525391,-120.36820220947266,SIERRA,UNINCORPORATED,-120.36817169189453,39.648902893066406
91098188,2019,2019-10-16,9230,2019-10-12,1210,018143,,6,1,9,4600,0,1,3,,1,091,SR-49,"INDIAN VALLEY RD",4200.00,S,N,A,-,Y,,,49,,,,,,,Y,2,0,1,1,A,-,03,22350,,N,F,A,A,A,D,-,A,A,0,,,Y,,Y,,C,02,1,0,0,0,0,0,0,0,1,"- ","- ",39.506050109863281,-121.01938629150391,SIERRA,UNINCORPORATED,-121.01941680908203,39.506092071533203
91116874,2019,2019-11-11,9165,2019-09-21,1435,020692,,6,2,9,4600,0,1,3,,2,074,SR-89,"COTTONWOOD RD",3168.00,N,N,A,-,Y,,,89,,,,,,,Y,1,1,0,1,C,-,18,,,N,E,I,A,A,H,-,A,D,0,,,Y,,Y,,-,"- ",0,0,0,0,0,0,0,1,0,"- ","- ",39.513931274414062,-120.28096008300781,SIERRA,UNINCORPORATED,-120.28098297119141,39.513931274414062
91140729,2019,2019-12-11,9165,2019-12-05,0710,018243,,4,1,9,4600,0,1,3,,2,074,SR-89,"VERDI GRADE ROAD",323.00,N,N,A,-,Y,,,89,,,,,,,N,4,0,3,1,A,-,03,22350,,N,F,A,A,C,B,-,A,D,0,,,,,Y,,D,22,0,0,3,0,0,0,0,0,0,"- ","- ",39.552700042724609,-120.32871246337891,SIERRA,UNINCORPORATED,-120.32872009277344,39.552680969238281
91154910,2019,2019-12-30,9165,2019-12-22,1005,018506,,7,1,9,4600,0,1,3,,2,071,"US-395 S/B","LONG VALLEY UC",1584.00,S,N,B,-,Y,,,395,,,,,,S,Y,3,0,1,1,A,-,01,23152,F,N,E,I,A,B,H,-,A,D,0,,,,,Y,,D,22,0,1,0,0,0,0,0,0,0,"- ","- ",39.693729400634766,-120.02210235595703,SIERRA,UNINCORPORATED,-120.02208709716797,39.693756103515625
91159198,2019,2020-01-06,9165,2019-12-28,1440,020692,,6,2,9,4600,0,1,3,,2,071,"US-395 S/B","SCOTT RD",180.00,S,N,A,-,Y,,,395,,,,,,S,Y,4,0,3,1,C,-,18,,,N,H,H,A,A,H,-,A,D,0,,,,,Y,,-,"- ",0,0,3,0,0,0,0,0,0,"- ","- ",39.6986083984375,-120.02973937988281,SIERRA,UNINCORPORATED,-120.02973937988281,39.698612213134766
91170452,2020,2020-01-22,9230,2020-01-14,1030,019781,,2,1,9,4600,0,1,3,,1,091,SR-49,"GOLD LAKE HWY",1584.00,N,N,B,D,Y,,,49,,,,,,,Y,4,0,1,1,A,-,03,22350,,N,E,I,A,C,B,G,A,A,0,,,,,Y,,A,07,0,0,1,0,0,0,0,0,0,"- ","- ",39.62451171875,-120.54209899902344,SIERRA,UNINCORPORATED,-120.54210662841797,39.624500274658203
91175927,2020,2020-01-29,9230,2020-01-25,0230,020411,,6,3,9,4600,0,3,5,,2,090,"SADDLEBACK RD",SR-49,2640.00,W,N,B,-,N,,,,,,,,,,Y,3,0,2,1,A,-,08,22107,,N,E,I,A,A,H,-,D,D,0,,,,,Y,,A,01,0,1,1,0,0,0,0,0,0,"- ","- ",39.560840606689453,-120.83894348144531,SIERRA,UNINCORPORATED,,
91231237,2020,2020-04-30,9222,2020-04-20,2130,018315,,1,2,9,4600,0,1,3,,2,047,SR-89N,"SIERRA COUNTY ROAD 450",10560.00,S,N,A,-,Y,,,89,,,,,,,Y,2,0,1,1,A,-,08,22107,,N,F,A,A,A,H,-,D,D,0,,,,,Y,Y,D,22,1,0,0,0,0,0,0,0,0,"- ","- ",39.497299194335938,-120.25700378417969,SIERRA,UNINCORPORATED,-120.25698852539062,39.497322082519531
91234804,2020,2020-05-07,9230,2020-04-28,1350,019235,,2,1,9,4600,0,1,3,,1,081,SR-49,"INDIAN HILL ROAD",0.00,,Y,A,-,Y,,,49,,,,,,,Y,2,0,1,1,A,-,03,22350,,N,F,A,A,A,H,-,A,D,0,,,Y,,Y,,C,02,1,0,0,0,0,0,0,0,1,"- ","- ",39.501018524169922,-121.0057373046875,SIERRA,UNINCORPORATED,-121.00574493408203,39.501026153564453
91243598,2020,2020-05-28,9230,2020-05-25,2015,016426,,1,2,9,4600,0,1,3,,1,091,SR49,"ROMANO RANCH RD",1096.00,N,N,A,-,Y,,,49,,,,,,,Y,3,0,1,1,C,-,18,,,N,H,H,A,A,H,-,D,D,0,,,Y,,Y,,-,"- ",0,1,0,0,0,0,0,0,1,"- ","- ",39.564800262451172,-120.69505310058594,SIERRA,UNINCORPORATED,-120.69503021240234,39.564735412597656
91264049,2020,2020-07-06,9230,2020-06-27,1715,020425,,6,2,9,4600,0,1,3,,1,092,SR-49,"ROMANO RANCH ROAD",4774.00,S,N,A,-,Y,,,49,,,,,,,Y,2,0,1,1,A,-,03,22350,,N,F,A,A,A,B,D,A,D,0,,,Y,,Y,,C,02,1,0,0,0,0,0,0,0,1,"- ","- ",39.565990447998047,-120.71498870849609,SIERRA,UNINCORPORATED,-120.71505737304688,39.566078186035156
91264072,2020,2020-07-06,9230,2020-06-28,1330,020425,,7,1,9,4600,0,1,3,,1,091,"CRAYCROFT RIDGE ROAD","LAVEZZOLA CREEK ROAD",26400.00,W,N,A,-,N,,,,,,,,,,N,2,0,1,1,A,-,03,22350,,N,F,A,A,A,A,G,A,D,0,,,Y,,Y,,C,02,1,0,0,0,0,0,0,0,1,"- ","- ",39.621318817138672,-120.79579162597656,SIERRA,UNINCORPORATED,,
91267151,2020,2020-07-13,9165,2020-07-05,0945,020692,,7,1,9,4600,0,3,5,,2,007,"HENNESS PASS RD","SUNRISE CREEK RD",2640.00,N,N,A,-,N,,,,,,,,,,N,3,0,1,2,A,-,03,22350,,N,A,C,A,A,H,-,A,D,0,,,Y,,Y,,C,06,0,1,0,0,0,0,0,0,1,"- ","- ",39.530109405517578,-120.01799774169922,SIERRA,UNINCORPORATED,-120.0643310546875,39.531604766845703
91267152,2020,2020-07-13,9165,2020-07-08,0949,019583,,3,1,9,4600,0,1,3,,2,072,SR-49,"CAMPBELL HOT SPRINGS RD",1584.00,N,N,A,-,Y,,,49,,,,,,,Y,3,0,1,1,A,-,08,22107,,N,F,A,A,A,H,-,A,D,0,,,,,Y,,A,07,0,1,0,0,0,0,0,0,0,"- ","- ",39.5914306640625,-120.35533142089844,SIERRA,UNINCORPORATED,-120.35530853271484,39.591400146484375
91270711,2020,2020-07-20,9165,2020-07-11,1300,018600,,6,1,9,4600,0,1,3,,2,073,SR-49,"USFS RD 52",7920.00,S,N,A,-,Y,,,49,,,,,,,N,3,0,2,1,A,-,08,22107,,N,E,I,A,A,H,-,A,A,0,,,Y,,Y,Y,C,02,0,2,0,0,0,0,0,0,2,"- ","- ",39.622421264648438,-120.46096801757812,SIERRA,UNINCORPORATED,-120.46100616455078,39.622451782226562
91275440,2020,2020-07-28,9230,2020-07-17,1415,021334,,5,2,9,4600,0,1,3,,1,092,SR-49,"INDIAN VALLEY RD",11616.00,N,N,A,-,Y,,,49,,,,,,,Y,2,0,1,1,A,-,08,22107,,N,E,I,A,A,H,-,A,D,0,,,Y,,Y,,C,02,1,0,0,0,0,0,0,0,1,"- ","- ",39.524341583251953,-120.9527587890625,SIERRA,UNINCORPORATED,-120.95282745361328,39.524383544921875
91281838,2020,2020-08-06,9222,2020-08-01,1045,019233,,6,1,9,4600,0,3,5,,2,040,"STAMPEDE DAM RD.","DOG VALLEY RD.",4224.00,S,N,A,-,N,,,,,,,,,,N,2,0,1,2,A,-,06,21750,,F,B,G,A,A,H,-,A,D,0,,Y,,,Y,,-,99,1,0,0,0,0,0,1,0,0,"- ","- ",39.471641540527344,-120.09918212890625,SIERRA,UNINCORPORATED,,
91288260,2020,2020-08-18,9222,2020-08-07,1340,018123,,5,1,9,4600,0,1,3,,1,027,SR-89,"89 SIE 3.710",116.00,S,N,B,-,Y,,,89,,,,,,,Y,4,0,2,1,A,-,08,22107,,N,E,I,A,A,H,-,A,D,0,,,,,Y,,A,07,0,0,2,0,0,0,0,0,0,"- ","- ",39.490398406982422,-120.24356079101562,SIERRA,UNINCORPORATED,-120.24344635009766,39.490562438964844
91299948,2020,2020-09-08,9230,2020-09-05,1230,020425,,6,1,9,4600,0,1,3,,1,092,SR-49,"YUBA PASS ROAD",1768.00,S,N,A,-,Y,,,49,,,,,,,Y,3,0,1,1,A,-,03,22350,,N,E,I,A,A,H,-,A,D,0,,,Y,,Y,,C,02,0,1,0,0,0,0,0,0,1,"- ","- ",39.618980407714844,-120.49713897705078,SIERRA,UNINCORPORATED,-120.49713134765625,39.618991851806641
91301913,2020,2020-09-10,9230,2020-09-07,2050,019235,,1,2,9,4600,0,1,3,,1,081,SR-49,"INDIAN CREEK",5280.00,S,N,A,-,Y,,,,,,,,,,Y,2,0,1,1,A,-,01,23152,A,N,E,I,A,A,H,-,D,D,0,,,,,Y,Y,D,22,1,0,0,0,0,0,0,0,0,"- ","- ",39.496711730957031,-121.01944732666016,SIERRA,UNINCORPORATED,,
91303944,2020,2020-09-14,9165,2020-09-10,1320,018243,,4,1,9,4600,0,1,3,,2,071,"US-395 S/B","CA/NV STATE LINE",5808.00,N,N,F,-,Y,,,395,,,,,,S,Y,3,0,1,1,A,-,08,22107,,N,F,A,A,A,H,-,A,D,0,,,,,Y,,A,07,0,1,0,0,0,0,0,0,0,"- ","- ",39.68572998046875,-120.01290130615234,SIERRA,UNINCORPORATED,-120.01286315917969,39.685752868652344
91304749,2020,2020-10-06,9222,2020-09-07,1655,017550,,1,2,9,4600,0,3,5,,2,040,"HENNESS PASS RD. (S450)","SR-89 NORTH",6336.00,E,N,A,-,N,,,,,,,,,,Y,3,0,1,1,A,-,03,22350,,N,E,I,A,A,H,-,A,D,0,,,Y,,Y,Y,C,06,0,1,0,0,0,0,0,0,1,"- ","- ",39.504249572753906,-120.24046325683594,SIERRA,UNINCORPORATED,-120.28554534912109,39.490715026855469
91304923,2020,2020-09-15,9165,2020-08-09,1431,019583,,7,2,9,4600,0,1,3,,2,074,SR-89,"BEAR VALLEY ROAD",5280.00,N,N,A,-,Y,,,89,,,,,,,Y,1,1,0,1,A,-,01,23152,A,N,E,I,A,A,H,-,A,D,0,,,,,Y,Y,D,22,0,0,0,0,0,0,0,0,0,"- ","- ",39.518028259277344,-120.28368377685547,SIERRA,UNINCORPORATED,-120.28369140625,39.518001556396484
91316644,2020,2020-10-02,9230,2020-09-19,1115,020425,,6,1,9,4600,0,1,3,,1,091,SR-49,"OAK VALLEY ROAD",4224.00,N,N,A,-,Y,,,,,,,,,,Y,3,0,1,1,A,-,08,22107,,N,E,I,A,A,H,-,A,D,0,,,Y,,Y,,C,02,0,1,0,0,0,0,0,0,1,"- ","- ",39.428878784179688,-121.01863861083984,SIERRA,UNINCORPORATED,-121.01826477050781,39.498855590820312
91343806,2020,2020-11-12,9222,2020-11-09,0030,016852,,1,3,9,4600,0,1,1,,2,025,"I-80 EASTBOUND (ALAN S. HART FREEWAY)","CA/NV STATELINE",3696.00,W,N,A,-,Y,,,80,,,,,,E,Y,3,0,1,1,A,-,08,22107,,N,E,I,A,A,H,-,D,D,0,,,,,Y,,A,07,0,1,0,0,0,0,0,0,0,"- ","- ",39.459381103515625,-120.00823974609375,SIERRA,UNINCORPORATED,-120.00830841064453,39.45941162109375
91354538,2020,2020-11-27,9165,2020-10-14,1702,019583,,3,2,9,4600,0,1,3,,2,072,SR-49,"RAILROAD AVE",1056.00,S,N,A,-,Y,,,49,,,,,,,Y,1,1,1,2,A,-,08,22107,,N,E,I,A,A,H,-,A,D,0,,,,,Y,,A,07,1,0,0,0,0,0,0,0,0,"- ","- ",39.683979034423828,-120.22164154052734,SIERRA,UNINCORPORATED,-120.22158813476562,39.683979034423828
91359464,2020,2020-12-04,9230,2020-11-01,1525,020425,,7,2,9,4600,0,1,3,,1,091,SR-49,"CONVICT FLAT ROAD",346.00,S,N,A,-,Y,,,49,,,,,,,Y,3,0,1,1,A,-,01,23152,A,N,E,I,A,A,H,-,A,A,0,,,,,Y,Y,A,01,0,1,0,0,0,0,0,0,0,"- ","- ",39.524528503417969,-120.95683288574219,SIERRA,UNINCORPORATED,-120.95684051513672,39.524547576904297
91375593,2020,2020-12-28,9222,2020-12-19,2148,018123,,6,2,9,4600,0,1,1,,2,025,"I-80 EASTBOUND","SIERRA COUNTY LINE",500.00,E,N,A,-,Y,,,80,,,,,,E,Y,2,0,1,1,A,-,01,23152,A,N,E,I,A,A,H,-,D,D,0,,,,,Y,Y,A,01,1,0,0,0,0,0,0,0,0,"- ","- ",39.447799682617188,-120.00949859619141,SIERRA,UNINCORPORATED,-120.00957489013672,39.447822570800781
91428859,2021,2021-03-17,9165,2021-03-09,0711,013901,,2,1,9,4600,0,1,3,,2,074,SR-89,"OLD TRUCKEE RD",1584.00,S,N,B,-,Y,,,89,,,,,,,Y,2,0,1,1,A,-,03,22350,,N,E,I,A,C,B,-,A,A,0,,,,,Y,,A,07,1,0,0,0,0,0,0,0,0,"- ","- ",39.5714111328125,-120.36402130126953,SIERRA,UNINCORPORATED,-120.36403656005859,39.571380615234375
91461119,2021,2021-05-27,9222,2021-04-21,0315,019294,,3,3,9,4600,0,1,1,,2,025,"INTERSTATE 80 E/B","SIERRA COUNTY LINE",1320.00,E,N,A,-,Y,,,80,,,,,,E,Y,2,0,2,1,A,-,08,22107,,N,E,J,A,A,H,-,D,D,0,,,,,Y,,A,01,2,0,0,0,0,0,0,0,0,"- ","- ",39.445781707763672,-120.01004028320312,SIERRA,UNINCORPORATED,-120.01016998291016,39.445808410644531
91506308,2021,2021-06-25,9165,2021-06-16,0815,018506,,3,1,9,4600,0,1,3,,2,074,SR-89,"COTTONWOOD CREEK CAMPGROUND ENTRANCE",298.00,N,N,A,-,Y,,,89,,,,,,,Y,3,0,1,1,A,-,08,22107,,N,E,I,A,A,H,-,A,D,0,,,,,Y,,E,22,0,1,0,0,0,0,0,0,0,"- ","- ",39.548221588134766,-120.3201904296875,SIERRA,UNINCORPORATED,-120.32015991210938,39.548271179199219
91520876,2021,2021-07-15,9222,2021-06-27,0450,017550,,7,3,9,4600,0,1,1,,2,025,"I-80 E/B","SIERRA COUNTY LINE",135.00,E,N,A,-,Y,,,80,,,,,,E,Y,3,0,1,1,A,-,08,22107,,N,E,I,A,A,H,-,B,D,0,,,,Y,Y,,G,25,0,1,0,0,0,0,0,0,0,"- ","- ",39.446750640869141,-120.00981140136719,SIERRA,UNINCORPORATED,-120.0098876953125,39.446773529052734
91530079,2021,2021-07-27,9230,2021-06-07,1643,019235,,1,2,9,4600,0,1,3,,1,091,SR-49,"CASTAGNA ALLEY",139.00,S,N,A,-,Y,,,49,,,,,,,Y,2,0,1,2,C,-,18,,,N,A,E,A,A,H,-,A,D,0,,,,,Y,,-,"- ",1,0,0,0,0,0,0,0,0,"- ","- ",39.565410614013672,-120.63681030273438,SIERRA,UNINCORPORATED,-120.63681793212891,39.565448760986328
91547953,2021,2021-08-18,9230,2021-08-16,1710,019235,,1,2,9,4600,0,1,3,,1,092,SR-49,"BIG SPRINGS RD",1056.00,S,N,A,-,Y,,,49,,,,,,,Y,4,0,1,1,C,-,18,,,N,H,H,A,A,H,-,A,D,0,,,,,Y,,-,"- ",0,0,1,0,0,0,0,0,0,"- ","- ",39.5966796875,-120.61060333251953,SIERRA,UNINCORPORATED,-120.61050415039062,39.596542358398438
91626817,2021,2021-11-17,9165,2021-11-14,1457,019583,,7,2,9,4600,0,1,3,,2,073,SR-49,"YUBA PASS RD",1056.00,N,N,A,-,Y,,,49,,,,,,,N,2,0,1,1,A,-,03,22350,,N,F,A,A,A,B,-,A,D,0,,,Y,,Y,,C,02,1,0,0,0,0,0,0,0,1,"- ","- ",39.617580413818359,-120.4859619140625,SIERRA,UNINCORPORATED,-120.48596954345703,39.617561340332031
91653088,2021,2021-12-15,9165,2021-12-09,1115,018243,,4,1,9,4600,0,1,3,,2,074,SR-89,"RICE CANYON RD",2112.00,N,N,B,-,Y,,,89,,,,,,,Y,3,0,1,1,A,-,03,22350,,N,E,8,A,C,B,-,A,A,0,,,,,Y,,A,07,0,1,0,0,0,0,0,0,0,"- ","- ",39.534400939941406,-120.31218719482422,SIERRA,UNINCORPORATED,-120.31221771240234,39.534389495849609
91702996,2022,2022-02-17,9165,2022-02-07,1600,018622,,1,2,9,4600,0,1,3,,2,074,SR-89,"COTTONWOOD RD.",2640.00,N,N,A,-,Y,SIE,,89,,,7.539,H,,R,Y,3,0,1,1,C,-,18,,,N,E,9,A,A,H,-,A,D,0,,,,,Y,,-,"- ",0,1,0,0,0,0,0,0,0,"- ","- ",39.518619537353516,-120.28473663330078,SIERRA,UNINCORPORATED,-120.28475952148438,39.518608093261719
91713621,2022,2022-03-02,9230,2022-02-27,1400,019235,,7,2,9,4600,0,1,3,,1,081,SR-49,"SIERRA / YUBA COUNTY LINE",4224.00,N,N,A,-,Y,SIE,,49,,,0.829,H,,R,N,2,0,1,1,A,-,03,22350,,N,F,A,A,B,B,-,A,A,0,,,Y,,Y,,C,02,1,0,0,0,0,0,0,0,1,"- ","- ",39.498851776123047,-121.0184326171875,SIERRA,UNINCORPORATED,-121.01842498779297,39.49884033203125
91726661,2022,2022-03-18,9165,2022-03-13,1520,019781,,7,2,9,4600,0,3,5,,2,007,"LONG VALLEY RD","BALLS CANYON RD",520.00,S,N,A,-,N,,,,,,,,,,Y,2,0,2,1,A,-,01,23152,A,N,E,I,A,A,H,-,A,D,0,,,,,Y,Y,-,"- ",1,1,0,0,0,0,0,0,0,"- ","- ",39.670658111572266,-120.00145721435547,SIERRA,UNINCORPORATED,-120.00156402587891,39.670650482177734
91734745,2022,2022-03-28,9165,2022-02-21,1910,020692,,1,2,9,4600,0,1,3,,2,071,"US-395 SOUTHBOUND","LONG VALLEY ROAD",6864.00,N,N,B,-,Y,SIE,,395,,R,1.385,H,,L,Y,1,1,0,1,A,-,08,22107,,N,F,A,A,B,H,-,D,D,0,,,,,Y,,A,07,0,0,0,0,0,0,0,0,0,"- ","- ",39.689720153808594,-120.01545715332031,SIERRA,UNINCORPORATED,-120.01557159423828,39.689651489257812
91748973,2022,2022-04-15,9230,2022-04-09,1620,019235,,6,2,9,4600,0,1,3,,1,081,SR-49,"INDIAN HILL ROAD",100.00,N,N,A,-,Y,SIE,,49,,,1.559,H,,R,Y,3,0,1,1,A,-,05,21650,,N,E,I,A,A,H,-,A,D,0,,,Y,,Y,,C,02,0,1,0,0,0,0,0,0,1,"- ","- ",39.5006103515625,-121.00630187988281,SIERRA,UNINCORPORATED,-121.00637054443359,39.500747680664062
91769984,2022,2022-05-11,9165,2022-04-30,2132,019781,,6,2,9,4600,0,1,3,,2,074,SR-89,"CALPINE CO RD",1056.00,S,N,A,-,Y,SIE,,89,,,24.062,H,,R,Y,2,0,1,1,A,-,01,23152,A,N,E,8,A,A,H,-,D,D,0,,,,,Y,Y,A,07,1,0,0,0,0,0,0,0,0,"- ","- ",39.675140380859375,-120.44834136962891,SIERRA,UNINCORPORATED,-120.44828796386719,39.675174713134766
91769991,2022,2022-05-11,9165,2022-05-10,0540,019583,,2,3,9,4600,0,1,3,,2,072,SR-49,"LEMON CANYON ROAD",32208.00,N,N,A,-,Y,SIE,,49,,,52.796,H,,R,N,4,0,1,1,A,-,03,22350,,N,E,I,A,C,H,-,B,D,0,,,,,Y,,-,"- ",0,0,1,0,0,0,0,0,0,"- ","- ",39.649860382080078,-120.36614990234375,SIERRA,UNINCORPORATED,-120.36614990234375,39.649860382080078
91777844,2022,2022-05-23,9230,2022-05-14,1515,020425,,6,2,9,4600,0,1,3,,1,092,SR-49,"FOURNIER RANCH ROAD",5808.00,S,N,A,-,Y,SIE,,49,,,24.309,H,,R,Y,3,0,1,1,A,-,03,22350,,N,F,A,A,A,H,-,A,D,0,,,Y,,Y,,C,02,0,1,0,0,0,0,0,0,1,"- ","- ",39.565910339355469,-120.72087097167969,SIERRA,UNINCORPORATED,-120.72088623046875,39.565876007080078
91783877,2022,2022-05-30,9165,2022-05-27,1355,018243,,5,1,9,4600,0,1,3,,2,074,SR-89,"MOUNTAIN QUAIL RD.",3168.00,N,N,A,-,Y,SIE,,89,,,21.937,H,,R,N,3,0,1,1,A,-,03,22350,,N,F,A,A,A,H,-,A,D,0,,,Y,,Y,,C,02,0,1,0,0,0,0,0,0,1,"- ","- ",39.650840759277344,-120.43225860595703,SIERRA,UNINCORPORATED,-120.43229675292969,39.650852203369141
91786313,2022,2022-06-01,9222,2022-05-25,1330,015913,,3,1,9,4600,0,1,3,,2,047,"SR-89 NORTH","LITTLE TRUCKEE CAMPGROUND",10.00,N,N,A,-,N,,,,,,,,,,Y,3,0,1,2,A,-,05,21460,A,N,D,C,A,A,H,-,A,D,0,,,Y,,Y,,C,02,0,1,0,0,0,0,0,0,1,"- ","- ",39.486118316650391,-120.23665618896484,SIERRA,UNINCORPORATED,-120.23662567138672,39.486160278320312
91786933,2022,2022-06-02,9165,2022-05-29,1455,019583,,7,2,9,4600,0,3,5,,2,007,"WESTSIDE RD.","CALPINE RD.",1385.00,N,N,A,-,N,,,,,,,,,,N,3,0,1,1,A,-,08,22107,,N,E,I,A,A,H,-,A,D,0,,,,,Y,,-,"- ",0,1,0,0,0,0,0,0,0,"- ","- ",39.668701171875,-120.40911102294922,SIERRA,UNINCORPORATED,-120.40914916992188,39.668891906738281
91810141,2022,2022-07-05,9230,2022-06-30,1150,017539,,4,1,9,4600,0,1,3,,1,091,SR-49,"LOGANVILLE LANE",1584.00,S,N,A,-,Y,SIE,,49,,,27.372,H,,R,Y,4,0,1,1,A,-,08,22107,,N,E,I,A,A,H,-,A,D,0,,,,Y,Y,,G,26,0,0,1,0,0,0,0,0,0,"- ","- ",39.568351745605469,-120.67346954345703,SIERRA,UNINCORPORATED,-120.67344665527344,39.568393707275391
91817544,2022,2022-07-14,9222,2022-07-12,0800,016340,,2,1,9,4600,0,1,1,,2,025,"INTERSTATE 80 EASTBOUND","NEVADA STATE LINE",696.00,W,N,A,-,Y,SIE,,80,,,1.503,H,,R,Y,4,0,1,2,A,-,08,22107,,N,B,C,A,A,H,-,A,D,0,,,,,Y,,A,07,0,0,1,0,0,0,0,0,0,"- ","- ",39.467151641845703,-120.00359344482422,SIERRA,UNINCORPORATED,-120.00360107421875,39.467155456542969
91833070,2022,2022-08-04,9230,2022-07-28,1800,019235,,4,2,9,4600,0,1,3,,1,091,"SR-49 N/B","LOGANVILLE ROAD",4224.00,S,N,A,-,Y,SIE,,49,,,26.907,H,,R,N,3,0,1,1,A,-,03,22350,,N,F,0,A,A,H,-,A,D,0,,,Y,,Y,,C,02,0,1,0,0,0,0,0,0,1,"- ","- ",39.568931579589844,-120.68108367919922,SIERRA,UNINCORPORATED,-120.68106842041016,39.568901062011719
91845863,2022,2022-08-22,9230,2022-08-15,1130,019235,,1,1,9,4600,0,1,3,,1,091,SR-49,"SIERRA/YUBA COUNTY LINE",5280.00,N,N,A,-,Y,SIE,,49,,,1.023,H,,R,N,2,0,1,1,A,-,03,22350,,N,F,0,A,A,H,-,A,A,0,,,Y,,Y,,C,02,1,0,0,0,0,0,0,0,1,"- ","- ",39.49871826171875,-121.01522064208984,SIERRA,UNINCORPORATED,-121.01516723632812,39.498668670654297
91855261,2022,2022-09-01,9165,2022-08-21,2500,018506,,7,4,9,4600,0,1,3,,2,074,SR-89,"OLD TRUCKEE RD",4224.00,S,N,A,-,Y,SIE,,89,,,13.249,H,,R,Y,3,0,1,1,A,-,01,23152,A,N,E,I,A,A,H,-,B,D,0,,,,,Y,Y,A,07,0,1,0,0,0,0,0,0,0,"- ","- ",39.567520141601562,-120.35872650146484,SIERRA,UNINCORPORATED,-120.35871124267578,39.567546844482422
91855601,2022,2022-09-01,9222,2022-08-31,1453,017091,,3,2,9,4600,0,1,1,,2,025,"INTERSTATE 80 EASTBOUND","CALIFORNIA/NEVADA STATELINE",3168.00,W,N,A,-,Y,SIE,,80,,,1.017,H,,R,Y,3,0,3,5,A,-,03,22350,,N,C,C,A,A,C,-,A,D,0,,,,Y,Y,,A,01,0,3,0,0,0,0,0,0,0,"- ","- ",39.460460662841797,-120.00782775878906,SIERRA,UNINCORPORATED,-120.00782012939453,39.460456848144531
91862364,2022,2022-09-20,9230,2022-08-30,2030,019235,,2,2,9,4600,0,1,3,,1,091,SR-49,"INDIAN HILL ROAD",4224.00,S,N,A,-,Y,SIE,,49,,,0.817,H,,R,Y,2,0,2,1,A,-,03,22350,,N,F,0,A,A,H,-,D,A,0,,,Y,,Y,,C,02,2,0,0,0,0,0,0,0,2,"- ","- ",39.498970031738281,-121.01862335205078,SIERRA,UNINCORPORATED,-121.01864624023438,39.498817443847656
91864587,2022,2022-09-14,9230,2022-09-05,1445,019235,,1,2,9,4600,0,1,3,,1,092,SR-49,"LOGANVILLE LN",5280.00,S,N,A,-,Y,SIE,,49,,,26.538,H,,R,Y,2,0,1,1,A,-,08,22107,,N,E,I,A,A,H,-,A,D,0,,,,,Y,,A,07,1,0,0,0,0,0,0,0,0,"- ","- ",39.567649841308594,-120.68650054931641,SIERRA,UNINCORPORATED,-120.68650817871094,39.567611694335938
91878976,2022,2022-09-30,9222,2022-09-21,1345,020692,,3,1,9,4600,0,1,S,,2,904,"BEAR VALLEY ROAD",SR-89,61.00,W,N,B,C,Y,SIE,,89,,,6.482,H,,R,N,3,0,1,1,A,-,08,22107,,N,F,A,A,B,H,-,A,D,0,,,,,Y,,A,07,0,1,0,0,0,0,0,0,0,"- ","- ",39.505710601806641,-120.28272247314453,SIERRA,UNINCORPORATED,-120.28249359130859,39.505828857421875
91930157,2022,2022-11-30,9222,2022-11-26,0115,022255,,6,3,9,4600,0,1,1,,2,024,"I-80 EASTBOUND",STATE-LINE,3546.00,W,N,A,-,Y,SIE,,80,,,0.937,H,,R,Y,4,0,2,1,A,-,08,22107,,N,E,I,A,A,H,-,D,D,0,,,,Y,Y,,F,25,0,0,2,0,0,0,0,0,0,"- ","- ",39.459278106689453,-120.00827789306641,SIERRA,UNINCORPORATED,-120.00836181640625,39.459300994873047
91938331,2022,2022-12-09,9230,2022-11-11,1620,020425,,5,2,9,4600,0,1,3,,1,092,SR-49,"FOREST ROUTE 09",2851.00,S,N,A,-,Y,SIE,,49,,,38.360,H,,R,N,4,0,1,1,A,-,03,22350,,N,E,I,A,C,H,-,A,D,0,,,,,Y,,D,22,0,0,1,0,0,0,0,0,0,"- ","- ",39.620189666748047,-120.53481292724609,SIERRA,UNINCORPORATED,-120.53475189208984,39.620296478271484
91991566,2023,2023-02-10,9230,2023-02-05,1940,019235,,7,2,9,4600,0,1,3,,1,092,SR-49,"FOREST SERVICE ROAD 9",75.00,S,N,B,-,Y,SIE,,49," "," ",40.149,H,,R,Y,4,0,1,2,A,-,03,22350,,N,C,C,A,C,G,-,D,A,0,,,,,Y,,A,07,0,0,1,0,0,0,0,0,0,"- ","- ",39.617259979248047,-120.50670623779297,SIERRA,UNINCORPORATED,-120.50669097900391,39.6171875
92092915,2023,2023-06-13,9230,2023-06-07,1600,019940,,3,2,9,4600,0,1,3,,1,092,SR-49,"CHAPMAN CREEK CAMPGROUND ENTRANCE",1056.00,N,N,B,-,Y,SIE,,49," "," ",38.307,H,,R,N,2,0,1,1,C,-,18,,,N,H,H,A,A,H,-,A,D,0,,,Y,,Y,,-,"- ",1,0,0,0,0,0,0,0,1,"- ","- ",39.620738983154297,-120.53553771972656,SIERRA,UNINCORPORATED,-120.53556823730469,39.620719909667969
92107766,2023,2023-07-03,9165,2023-06-28,1750,019416,,3,2,9,4600,0,1,3,,2,074,SR-89,"COTTONWOOD CREEK CAMPGROUND",370.00,S,N,B,-,Y,SIE,,89," "," ",10.579,H,,R,N,4,0,1,1,C,-,18,,,N,H,H,A,A,H,-,A,D,0,,,,,Y,,-,"- ",0,0,1,0,0,0,0,0,0,"- ","- ",39.547458648681641,-120.31903839111328,SIERRA,UNINCORPORATED,-120.31906127929688,39.547447204589844
92119293,2023,2023-07-17,9230,2023-07-05,1143,019235,,3,1,9,4600,0,3,5,,2,090,"MAIN ST","PEARL STREET",500.00,N,N,A,-,N,,,,,,,,,,N,3,0,1,2,A,-,06,21750,A,N,B,G,A,A,E,-,A,D,0,,Y,,,Y,,E,22,0,1,0,0,0,0,1,0,0,"- ","- ",39.563999176025391,-120.82566070556641,SIERRA,UNINCORPORATED,-120.82530212402344,39.563068389892578
92148974,2023,2023-08-21,9222,2023-08-18,1355,017550,,5,1,9,4600,0,3,5,,2,040,SR-89N,"SAGE HEN RD.",1000.00,N,N,B,-,Y,SIE,,89," "," ",0.213,H,,R,Y,4,0,1,2,A,-,05,21460,A,N,B,C,A,A,H,-,A,A,0,,,,,Y,,A,07,0,0,1,0,0,0,0,0,0,"- ","- ",39.448959350585938,-120.21589660644531,SIERRA,UNINCORPORATED,-120.21591186523438,39.448951721191406
92149474,2023,2023-08-22,9165,2023-08-19,1658,019583,,6,2,9,4600,0,3,5,,2,007,"BELLI LANE",SR-49,387.00,S,N,B,C,N,,,,,,,,,,Y,3,0,2,1,A,-,01,23152,A,F,E,I,A,B,H,-,A,D,0,,,,,Y,Y,A,01,0,1,1,0,0,0,0,0,0,"- ","- ",39.673728942871094,-120.27406311035156,SIERRA,UNINCORPORATED,,
92161629,2023,2023-09-04,9165,2023-08-23,1818,019583,,3,2,9,4600,0,3,5,,2,007,"DOG VALLEY ROAD","SUNRISE CREEK RD",4752.00,N,N,A,-,N,,,,,,,,,,Y,3,0,2,1,A,-,03,22350,,N,F,A,A,A,H,-,A,D,0,,,,,Y,,D,22,0,2,0,0,0,0,0,0,0,"- ","- ",39.533149719238281,-120.02275085449219,SIERRA,UNINCORPORATED,,
92190235,2023,2023-10-04,9230,2023-09-17,1400,020425,,7,2,9,4600,0,1,3,,1,091,SR49,"LOGANVILLE ROAD",1305.00,S,N,A,-,Y,SIE,,49," "," ",27.404,H,,R,N,2,0,1,1,A,-,03,22350,,N,E,8,A,A,H,-,A,D,0,,,Y,,Y,,-,"- ",1,0,0,0,0,0,0,0,1,"- ","- ",39.568328857421875,-120.67292785644531,SIERRA,UNINCORPORATED,-120.67292785644531,39.568290710449219
92221278,2023,2023-10-27,9165,2023-10-19,1320,018506,,4,1,9,4600,0,1,3,,2,073,SR-49,"USFS 52 RD",2640.00,N,N,A,-,Y,SIE,,49," "," ",46.396,H,,R,N,2,0,1,1,A,-,08,22107,,N,H,A,A,A,H,-,A,D,0,,,Y,,Y,,C,02,1,0,0,0,0,0,0,0,1,"- ","- ",39.632881164550781,-120.44967651367188,SIERRA,UNINCORPORATED,-120.44969940185547,39.632839202880859
92223496,2023,2023-10-31,9222,2023-10-22,1150,017550,,7,1,9,4600,0,3,5,,2,040,"STAMPEDE MEADOWS RD","NEVADA COUNTY LINE",1085.00,N,N,B,-,Y,,,,,,,,,,Y,2,0,2,1,A,-,01,23152,A,N,E,I,A,A,H,-,A,D,0,,,,,Y,Y,D,22,1,1,0,0,0,0,0,0,0,"- ","- ",39.44805908203125,-120.09853363037109,SIERRA,UNINCORPORATED,,
92227416,2023,2023-11-03,9222,2023-10-26,1700,019294,,4,2,9,4600,0,3,5,,2,040,"STAMPEDE DAM ROAD","DOG VALLEY ROAD",8184.00,S,N,A,-,N,,,,,,,,,,N,3,0,1,1,A,-,01,23152,A,N,E,I,A,A,H,-,A,D,0,,,,,Y,Y,E,22,0,1,0,0,0,0,0,0,0,"- ","- ",39.462131500244141,-120.09922790527344,SIERRA,UNINCORPORATED,-120.09941101074219,39.462249755859375
92227752,2023,2023-11-03,9165,2023-10-25,1320,018506,,3,1,9,4600,0,1,3,,2,074,SR-89,"OLD TRUCKEE RD",7392.00,S,N,B,C,Y,SIE,,89," "," ",12.594,H,,R,Y,3,0,1,1,A,-,01,23152,A,N,E,I,A,B,H,-,A,D,0,,,,,Y,Y,A,07,0,1,0,0,0,0,0,0,0,"- ","- ",39.560741424560547,-120.35092926025391,SIERRA,UNINCORPORATED,-120.35094451904297,39.560710906982422
92235381,2023,2023-11-14,9222,2023-11-03,"935 ",014397,,5,1,9,4600,0,1,1,,2,025,"I-80 W/B","CALIFORNIA/NEVADA STATELINE",4224.00,W,N,A,-,Y,SIE,,80," "," ",0.815,H,,L,Y,4,0,1,1,A,-,08,22107,,N,E,8,A,A,H,-,A,D,0,,,,Y,Y,,F,25,0,0,1,0,0,0,0,0,0,"- ","- ",39.457611083984375,-120.00908660888672,SIERRA,UNINCORPORATED,-120.00914001464844,39.457618713378906
92237016,2023,2023-11-15,9222,2023-11-11,2120,022255,,6,2,9,4600,0,3,5,,2,040,SR-89,"SAGE HEN ROAD",2749.00,S,N,A,-,Y,NEV,,89," "," ",8.350,H,,R,Y,3,0,1,1,A,-,08,22107,,N,E,I,A,A,H,-,D,D,0,,,,,Y,,A,01,0,1,0,0,0,0,0,0,0,"- ","- ",39.441448211669922,-120.21079254150391,SIERRA,UNINCORPORATED,-120.21083068847656,39.441444396972656
92301575,2024,2024-01-31,9165,2024-01-23,"759 ",019583,,2,1,9,4600,0,1,3,,2,074,SR-89,"BEAR VALLEY RD",582.00,N,N,A,-,Y,SIE,,89," "," ",6.592,H,,R,Y,3,0,1,1,A,-,03,22350,,N,E,8,A,C,B,-,A,D,0,,,,,Y,,D,22,0,1,0,0,0,0,0,0,0,"- ","- ",39.507160186767578,-120.28369140625,SIERRA,UNINCORPORATED,-120.28364562988281,39.507183074951172
92402644,2024,2024-05-30,9165,2024-05-24,1450,020692,,5,2,9,4600,0,3,5,,2,007,"LEMON CANYON RD","WINDMILL RD",1584.00,W,N,A,-,N,,,,,,,,,,N,3,0,1,1,A,-,03,22350,,N,E,I,A,A,C,-,A,D,0,,,Y,,Y,,C,06,0,1,0,0,0,0,0,0,1,"- ","- ",39.558311462402344,-120.24315643310547,SIERRA,UNINCORPORATED,-120.24270629882812,39.558158874511719
92426596,2024,2024-07-01,9165,2024-06-23,"17  ",020569,,7,3,9,4600,0,1,3,,2,071,"US-395 S/B","NEVADA STATE LINE",5808.00,N,N,A,-,Y,SIE,,395," ",R,1.321,H,,L,Y,3,0,1,1,A,-,01,23152,A,N,F,A,A,A,H,-,D,D,0,,,,,Y,Y,A,01,0,1,0,0,0,0,0,0,0,"- ","- ",39.688930511474609,-120.01480102539062,SIERRA,UNINCORPORATED,-120.01483917236328,39.688907623291016
92997092,2024,2024-07-31,9165,2024-07-26,"735 ",020569,,5,1,9,4600,0,1,3,,2,072,SR-49,"HERIOT LN",0.00,,Y,A,-,Y,SIE,,49," "," ",57.140,H,,R,Y,3,0,1,2,A,-,09,21802,A,N,D,2,A,A,H,-,A,A,0,,,,,Y,,A,01,0,1,0,0,0,0,0,0,0,"- ","- ",39.679328918457031,-120.30606842041016,SIERRA,UNINCORPORATED,-120.30606842041016,39.679317474365234
93491044,2024,2024-08-05,9165,2024-08-01,1340,020569,,4,1,9,4600,0,1,3,,2,074,SR-89,"LITTLE TRUCKEE SUMMIT",4752.00,N,N,A,-,Y,SIE,,89," "," ",7.186,H,,R,Y,3,0,1,1,A,-,08,22107,,N,E,I,A,A,H,-,A,D,0,,,,,Y,,A,01,0,1,0,0,0,0,0,0,0,"- ","- ",39.514499664306641,-120.28105926513672,SIERRA,UNINCORPORATED,-120.28108215332031,39.514492034912109
94385307,2024,2024-09-09,9165,2024-08-31,1607,023990,,6,2,9,4600,0,1,3,,2,071,"US-395 S/B","LONG VALLEY  RD TRANSITION",0.00,,Y,B,-,Y,SIE,,395," ",R,0.110,H,,L,Y,2,0,2,1,A,-,08,22107,,N,E,8,A,A,H,-,A,D,0,,,Y,,Y,Y,C,02,1,0,1,0,0,0,0,0,2,"- ","- ",39.674461364746094,-120.00234985351562,SIERRA,UNINCORPORATED,-120.00232696533203,39.674476623535156
94430214,2024,2024-10-14,9222,2024-08-26,"415 ",022255,,1,3,9,4600,0,1,3,,2,047,"STATE ROUTE 89","DOG VALLEY ROAD",14626.00,S,N,A,-,Y,SIE,,89," "," ",2.967,H,,R,Y,1,1,0,1,A,-,08,22107,,N,E,8,A,A,H,-,D,D,0,,,,,Y,,D,22,0,0,0,0,0,0,0,0,0,"- ","- ",39.483619689941406,-120.23438262939453,SIERRA,UNINCORPORATED,-120.23433685302734,39.483634948730469
94483585,2024,2024-11-26,9222,2024-11-20,1740,019294,,3,2,9,4600,0,1,3,,2,047,"SR 89 (NORTH)","LOWER LITTLE TRUCKEE CAMPGROUND",2376.00,N,N,D,-,Y,SIE,,89," "," ",2.712,H,,R,Y,3,0,1,2,A,-,03,22350,,N,A,C,A,C,H,-,D,A,0,,,,,Y,,A,01,0,1,0,0,0,0,0,0,0,"- ","- ",39.480121612548828,-120.23316955566406,SIERRA,UNINCORPORATED,-120.23313140869141,39.480125427246094
94487078,2024,2024-11-28,9165,2024-11-20,1530,020569,,3,2,9,4600,0,1,3,,2,074,SR-89,"SULFUR CREEK LOOP",3696.00,S,N,B,D,Y,SIE,,89," "," ",27.140,H,,R,Y,3,0,1,1,A,-,03,22350,,N,E,I,A,C,B,E,A,A,0,,,,,Y,,D,22,0,1,0,0,0,0,0,0,0,"- ","- ",39.680061340332031,-120.49778747558594,SIERRA,UNINCORPORATED,-120.49769592285156,39.680171966552734
94496251,2024,2024-12-11,9165,2024-11-30,1025,018506,,6,1,9,4600,0,1,3,,2,074,SR-89,"BARRY CREEK RD",5808.00,S,N,A,-,Y,SIE,,89," "," ",28.846,H,,R,Y,4,0,1,1,A,-,03,22350,,N,E,I,A,C,H,-,A,D,0,,,,,Y,,D,22,0,0,1,0,0,0,0,0,0,"- ","- ",39.696468353271484,-120.5224609375,SIERRA,UNINCORPORATED,-120.52249145507812,39.696437835693359
94517908,2024,2025-02-12,9222,2024-12-14,2030,017550,,6,2,9,4600,0,1,1,,2,025,"I-80 E/B","SIERRA COUNTY LINE",2000.00,E,N,D,-,Y,SIE,,80," "," ",0.364,H,,R,Y,4,0,4,3,A,-,03,22350,,N,E,I,A,C,H,-,D,A,0,,,,,Y,,A,07,0,0,4,0,0,0,0,0,0,"- ","- ",39.450618743896484,-120.00914001464844,SIERRA,UNINCORPORATED,-120.00914764404297,39.450618743896484
94537789,2025,2025-01-14,9165,2025-01-12,1250,019282,,7,1,9,4600,0,1,3,,2,073,SR-49,"FOREST SERVICE ROAD 52",45.00,N,N,A,-,Y,SIE,,49," "," ",45.870,H,,R,N,2,0,1,1,A,-,03,22350,,N,F,A,A,A,B,-,A,D,0,,,Y,,Y,,C,02,1,0,0,0,0,0,0,0,1,"- ","- ",39.637489318847656,-120.45024108886719,SIERRA,UNINCORPORATED,-120.45024871826172,39.637485504150391
94587324,2025,2025-02-24,9165,2025-02-18,1940,024216,,2,2,9,4600,0,1,3,,2,073,SR-49,"PLUMAS COUNTY LINE",6336.00,S,N,B,-,Y,SIE,,49," "," ",62.410,H,,R,Y,4,0,1,1,A,-,08,22107,,N,F,0,A,B,H,-,D,D,0,,,,,Y,,A,01,0,0,1,0,0,0,0,0,0,"- ","- ",39.684158325195312,-120.22167205810547,SIERRA,UNINCORPORATED,-120.22163391113281,39.684158325195312
94607465,2025,2025-03-18,9165,2025-03-04,1400,021507,,2,2,9,4600,0,1,3,,2,074,SR-89,"SULFUR CREEK LOOP",3696.00,S,N,A,-,Y,SIE,,89," "," ",27.160,H,,R,Y,2,0,1,1,A,-,08,22107,,N,F,0,A,A,H,-,A,D,0,,,,,Y,,D,22,1,0,0,0,0,0,0,0,0,"- ","- ",39.680221557617188,-120.49812316894531,SIERRA,UNINCORPORATED,-120.49799346923828,39.680332183837891
94707703,2025,2025-05-30,9230,2025-05-26,1150,019235,,1,1,9,4600,0,1,3,,1,091,SR-49,"SIERRA/YUBA COUNTY LINE",4224.00,N,N,A,-,Y,SIE,,49," "," ",0.836,H,,R,Y,3,0,1,1,A,-,03,22350,,N,F,A,A,A,H,-,A,A,0,,,Y,,Y,,C,02,0,1,0,0,0,0,0,0,1,"- ","- ",39.498798370361328,-121.01825714111328,SIERRA,UNINCORPORATED,-121.01830291748047,39.498878479003906
94746611,2025,2025-07-07,9230,2025-06-20,"235 ",021152,,5,3,9,4600,0,1,3,,1,091,"STATE ROUTE 49","SADDLEBACK ROAD",4752.00,S,N,A,-,Y,SIE,,49," "," ",15.407,H,,R,N,2,0,1,1,A,-,08,22107,,N,F,I,A,A,H,-,D,D,0,,,Y,,Y,,-,"- ",1,0,0,0,0,0,0,0,1,"- ","- ",39.559898376464844,-120.84848785400391,SIERRA,UNINCORPORATED,-120.84848022460938,39.559917449951172
94757301,2025,2025-07-10,9230,2025-07-09,1430,019235,,3,2,9,4600,0,1,3,,1,091,SR-49,"CONVICT FLAT ENTRANCE",497.00,N,N,A,-,Y,SIE,,49," "," ",7.845,H,,R,N,3,0,1,1,A,-,03,22350,,N,F,0,A,A,H,-,A,A,0,,,Y,,Y,,C,02,0,1,0,0,0,0,0,0,1,"- ","- ",39.524261474609375,-120.95274353027344,SIERRA,UNINCORPORATED,-120.95286560058594,39.524333953857422
94776120,2025,2025-07-24,9230,2025-07-14,2220,019235,,1,3,9,4600,0,1,3,,1,092,SR-49,"FOREST SERVICE ROAD 93",528.00,N,N,A,-,Y,SIE,,49," "," ",22.843,H,,R,Y,3,0,1,1,A,-,01,23152,A,M,E,8,A,A,H,-,D,D,0,,,,,Y,Y,D,22,0,1,0,0,0,0,0,0,0,"- ","- ",39.569580078125,-120.742919921875,SIERRA,UNINCORPORATED,-120.742919921875,39.569572448730469
94786541,2025,2025-08-01,9230,2025-07-18,1150,021631,,5,1,9,4600,0,3,5,,2,090,SR-49,"MPM 7.79",475.00,N,N,A,-,Y,SIE,,49," "," ",7.825,H,,R,Y,2,0,1,2,A,-,03,22350,,N,A,C,A,A,H,-,A,D,0,,,Y,,Y,,-,"- ",1,0,0,0,0,0,0,0,1,"- ","- ",39.524169921875,-120.95320129394531,SIERRA,UNINCORPORATED,-120.95320129394531,39.524188995361328
94796124,2025,2025-08-11,9165,2025-07-31,1335,024216,,4,1,9,4600,0,1,3,,2,074,SR-89,"RICE CANYON RD",3750.00,S,N,A,-,Y,SIE,,89," "," ",8.383,H,,R,Y,4,0,1,1,C,-,18,,,N,E,I,A,A,H,-,A,D,0,,,,,Y,,-,"- ",0,0,1,0,0,0,0,0,0,"- ","- ",39.529380798339844,-120.29221343994141,SIERRA,UNINCORPORATED,-120.29221343994141,39.529380798339844
94804255,2025,2025-08-15,9230,2025-08-11,1135,019235,,1,1,9,4600,0,1,3,,1,091,SR-49,"SADDLE BACK RD",5280.00,S,N,A,-,Y,SIE,,49," "," ",15.229,H,,R,Y,4,0,1,1,A,-,08,22107,,N,E,I,A,A,H,-,A,D,0,,,,,Y,,A,07,0,0,1,0,0,0,0,0,0,"- ","- ",39.559719085693359,-120.85167694091797,SIERRA,UNINCORPORATED,-120.85169219970703,39.559741973876953
94848932,2025,2025-09-18,9165,2025-09-09,1057,018622,,2,1,9,4600,0,1,3,,2,074,SR-89,"COTTONWOOD RD",1584.00,N,N,A,-,Y,SIE,,89," "," ",7.136,H,,R,Y,3,0,2,2,A,-,03,22350,,N,C,C,A,A,C,-,A,D,0,,,,,Y,,-,"- ",0,1,1,0,0,0,0,0,0,"- ","- ",39.513778686523438,-120.28108978271484,SIERRA,UNINCORPORATED,-120.28102111816406,39.513763427734375
94927560,2025,2025-11-13,9165,2025-11-02,1530,024739,,7,2,9,4600,0,3,5,,2,007,"SMITHNECK RD","BADENOUGH CANYON RD",13728.00,S,N,A,-,N,,,,,,,,,,N,3,0,1,1,A,-,03,22350,,N,F,A,A,A,H,-,A,D,0,,,,,Y,,M,96,0,1,0,0,0,0,0,0,0,"- ","- ",39.602939605712891,-120.17327880859375,SIERRA,UNINCORPORATED,-120.17355346679688,39.603191375732422
