CASE_ID,ACCIDENT_YEAR,PROC_DATE,JURIS,COLLISION_DATE,COLLISION_TIME,OFFICER_ID,REPORTING_DISTRICT,DAY_OF_WEEK,CHP_SHIFT,POPULATION,CNTY_CITY_LOC,SPECIAL_COND,BEAT_TYPE,CHP_BEAT_TYPE,CITY_DIVISION_LAPD,CHP_BEAT_CLASS,BEAT_NUMBER,PRIMARY_RD,SECONDARY_RD,DISTANCE,DIRECTION,INTERSECTION,WEATHER_1,WEATHER_2,STATE_HWY_IND,CALTRANS_COUNTY,CALTRANS_DISTRICT,STATE_ROUTE,ROUTE_SUFFIX,POSTMILE_PREFIX,POSTMILE,LOCATION_TYPE,RAMP_INTERSECTION,SIDE_OF_HWY,TOW_AWAY,COLLISION_SEVERITY,NUMBER_KILLED,NUMBER_INJURED,PARTY_COUNT,PRIMARY_COLL_FACTOR,PCF_CODE_OF_VIOL,PCF_VIOL_CATEGORY,PCF_VIOLATION,PCF_VIOL_SUBSECTION,HIT_AND_RUN,TYPE_OF_COLLISION,MVIW,PED_ACTION,ROAD_SURFACE,ROAD_COND_1,ROAD_COND_2,LIGHTING,CONTROL_DEVICE,CHP_ROAD_TYPE,PEDESTRIAN_ACCIDENT,BICYCLE_ACCIDENT,MOTORCYCLE_ACCIDENT,TRUCK_ACCIDENT,NOT_PRIVATE_PROPERTY,ALCOHOL_INVOLVED,STWD_VEHTYPE_AT_FAULT,CHP_VEHTYPE_AT_FAULT,COUNT_SEVERE_INJ,COUNT_VISIBLE_INJ,COUNT_COMPLAINT_PAIN,COUNT_PED_KILLED,COUNT_PED_INJURED,COUNT_BICYCLIST_KILLED,COUNT_BICYCLIST_INJURED,COUNT_MC_KILLED,COUNT_MC_INJURED,PRIMARY_RAMP,SECONDARY_RAMP,LATITUDE,LONGITUDE,COUNTY,CITY,POINT_X,POINT_Y
6328074,2014,2016-01-23,9825,2014-01-04,1758,18521,,6,2,9,1400,0,1,2,,1,004,"RT 395","MILLER LN",528.00,N,N,A,-,Y,INY,9,395,-,-,76.300,H,-,S,Y,3,0,1,1,A,-,08,22107,,N,E,I,A,A,H,-,D,D,1,,,,,Y,,A,07,0,1,0,0,0,0,0,0,0,"- ","- ",36.83746,-118.22866,INYO,UNINCORPORATED,-118.22868582,36.836602820000003
6328129,2014,2016-01-23,9825,2014-01-01,1400,016631,,3,2,9,1400,0,1,2,,1,004,"RT 395","FORT INDEPENDENCE TRAVEL PLAZA DRIVEWAY",274.00,S,N,A,-,Y,INY,9,395,-,-,76.270,H,-,S,Y,4,0,1,1,A,-,08,22107,,N,E,I,A,A,H,-,A,D,1,,,,,Y,,A,01,0,0,1,0,0,0,0,0,0,"- ","- ",36.835769999999997,-118.22045,INYO,UNINCORPORATED,-118.22855546,36.836190369999997
6337657,2014,2014-06-04,9825,2014-01-10,2200,018478,,5,3,9,1400,0,3,5,,2,040,"MUMY LN","RT 168",4752.00,S,N,A,-,N,,,,,,,,,,Y,3,0,3,1,A,-,08,22107,,N,F,A,A,A,H,-,D,A,0,,,,,Y,,A,01,0,3,0,0,0,0,0,0,0,"- ","- ",37.553840000000001,-118.45027,INYO,UNINCORPORATED,-118.44544399999999,37.350149000000002
6344997,2014,2015-06-02,1401,2014-01-06,2500,423,CITY,1,5,2,1401,0,0,0,,0,,HOME,"WEST PINE",0.00,,Y,A,-,N,,,,,,,,,,N,3,0,1,3,A,-,03,22350,,N,H,G,A,A,H,-,A,D,0,,Y,,,Y,,L,04,0,1,0,0,0,0,1,0,0,"- ","- ",,,INYO,BISHOP,-118.40234013,37.363849909999999
6346639,2014,2014-06-04,9825,2014-01-17,1300,017072,,5,1,9,1400,0,3,5,,2,050,"ARTISTS DR","ARTIST PALLET RD",8448.00,E,N,A,-,N,,,,,,,,,,Y,3,0,1,1,A,-,08,22107,,N,F,A,A,A,H,-,A,D,0,,,Y,,Y,,C,02,0,1,0,0,0,0,0,0,1,"- ","- ",,,INYO,UNINCORPORATED,-116.79420411,36.345508479999999
6352169,2014,2014-06-12,9825,2014-01-17,1739,20450,,5,2,9,1400,0,3,5,,2,060,"LOCUST ST","LAKE VIEW ST",133.00,W,N,A,-,N,,,,,,,,,,Y,4,0,1,1,A,-,01,23152,A,M,E,I,A,A,H,-,C,D,0,,,,,Y,Y,A,01,0,0,1,0,0,0,0,0,0,"- ","- ",36.608370000000001,-118.0581,INYO,UNINCORPORATED,-118.05796212,36.608366959999998
6352237,2014,2015-07-20,9825,2014-01-21,1100,20415,,2,1,9,1400,0,2,4,,2,072,"BADWATER RD","RT 127",25.00,W,N,A,-,N,,,,,,,,,,Y,2,0,1,1,A,-,08,22107,,N,E,I,A,A,H,-,A,D,0,,,Y,,Y,,C,02,1,0,0,0,0,0,0,0,1,"- ","- ",36.065840000000001,-116.75573,INYO,UNINCORPORATED,-116.275283,35.996232999999997
6386762,2014,2016-01-23,9825,2014-02-18,0705,017072,,2,1,9,1400,0,1,3,,1,019,"RT 127","CLAY RD",4224.00,S,N,B,-,Y,INY,9,127,-,-,48.000,H,-,S,Y,3,0,1,1,A,-,08,22107,,N,F,I,A,A,H,-,A,D,0,,,,,Y,,A,01,0,1,0,0,0,0,0,0,0,"- ","- ",36.386699999999998,-116.42245,INYO,UNINCORPORATED,-116.42250137000001,36.38808066
6387269,2014,2015-07-20,9825,2014-01-28,2200,014450,,2,3,9,1400,0,3,5,,2,040,"BUCKLEY POND RD","WARM SPRINGS RD",4224.00,N,N,A,-,N,,,,,,,,,,Y,3,0,1,1,A,-,03,22350,,N,E,I,A,A,H,-,D,D,0,,,,,Y,Y,A,07,0,1,0,0,0,0,0,0,0,"- ","- ",37.333880000000001,-118.33282,INYO,UNINCORPORATED,-118.333254,37.334676999999999
6409055,2014,2014-06-25,9825,2014-03-14,1638,020450,,5,2,9,1400,0,2,4,,2,078,"TRONA WILDROSE RD","BALLERAT RD",15840.00,N,N,A,-,N,,,,,,,,,,Y,2,0,1,1,A,-,08,22107,,N,F,A,A,A,H,-,A,D,0,,,Y,,Y,,C,02,1,0,0,0,0,0,0,0,1,"- ","- ",,,INYO,UNINCORPORATED,-117.28467362000001,36.076600689999999
6418099,2014,2015-11-20,9825,2014-03-11,1600,020415,,2,2,9,1400,0,2,4,,2,052,"OLD SPANISH TRAIL","ROSE ST",42240.00,W,N,A,-,N,,,,,,,,,,Y,3,0,1,1,A,-,08,22107,,N,F,A,A,A,H,-,A,D,0,,,,,Y,,A,07,0,1,0,0,0,0,0,0,0,"- ","- ",35.95411,-115.99817,INYO,UNINCORPORATED,-116.00535694,35.934391550000001
6426608,2014,2016-01-23,9825,2014-03-11,1009,011906,,2,1,9,1400,0,1,2,,2,002,"RT 395","MACGREGOR AV",0.00,,Y,A,-,Y,INY,9,395,-,-,117.440,I,5,S,Y,4,0,2,2,A,-,09,21802,A,N,D,C,A,A,H,-,A,A,1,,,,,Y,,A,01,0,0,2,0,0,0,0,0,0,"- ","- ",37.375889999999998,-118.41506,INYO,UNINCORPORATED,-118.41603551999999,37.375813190000002
6428376,2014,2014-07-03,9825,2014-03-06,1100,017072,,4,1,9,1400,0,2,4,,2,074,"DANTES VIEW RD","RT 190",24288.00,S,N,A,-,N,,,,,,,,,,N,3,0,1,1,A,-,08,22107,,N,F,A,A,A,H,-,A,D,0,,,Y,,Y,,C,02,0,1,0,0,0,0,0,0,1,"- ","- ",36.307879999999997,-116.67064999999999,INYO,UNINCORPORATED,-116.6837882,36.304667010000003
6435248,2014,2014-07-15,9825,2014-04-02,1341,20736,,3,1,9,1400,0,3,5,,2,050,"TRONA WILDROSE RD","BALLARAT RD",27720.00,N,N,A,-,N,,,,,,,,,,Y,3,0,2,2,A,-,03,22350,,N,C,C,A,A,H,-,A,D,0,,,,,Y,,M,47,0,1,1,0,0,0,0,0,0,"- ","- ",36.117159999999998,-117.29130000000001,INYO,UNINCORPORATED,-117.29039189,36.108808029999999
6439293,2014,2014-06-30,9825,2014-03-26,0755,011906,,3,1,9,1400,1,3,5,,2,040,"VANADIUM RANCH RD","NORTH ROUND VALLEY RD",528.00,W,N,A,-,N,,,,,,,,,,N,4,0,1,1,C,-,18,,,N,E,J,A,A,H,-,A,D,0,,,,,Y,,-,"- ",0,0,1,0,0,0,0,0,0,"- ","- ",37.412509999999997,-118.58805,INYO,UNINCORPORATED,-118.58851516,37.412307910000003
6439294,2014,2016-01-23,9825,2014-03-25,1728,016631,,2,2,9,1400,0,1,2,,1,003,"RT 395","REYNOLDS RD",3696.00,S,N,A,-,Y,INY,9,395,-,-,101.400,H,-,S,Y,3,0,2,3,A,-,07,21658,A,N,B,C,A,A,H,-,A,D,1,,,,,Y,,A,01,0,2,0,0,0,0,0,0,0,"- ","- ",37.179119999999998,-118.29594,INYO,UNINCORPORATED,-118.29671320999999,37.179997059999998
6443579,2014,2016-01-08,9825,2014-04-06,1430,18960,,7,2,9,1400,0,3,5,,2,040,"DEATH VALLEY RD","WAUCOBA SALINE RD",6336.00,E,N,A,-,N,,,,,,,,,,Y,2,0,1,1,A,-,08,22107,,N,F,A,A,A,H,-,A,D,0,,,Y,,Y,,C,02,1,0,0,0,0,0,0,0,1,"- ","- ",,,INYO,UNINCORPORATED,-118.043181,37.150549400000003
6446522,2014,2016-03-29,9825,2014-04-09,0920,016119,,3,1,9,1400,0,3,5,,2,040,"GERKIN RD","RT 395",205.00,W,N,A,-,Y,INY,9,395,-,-,112.660,I,6,S,N,3,0,1,2,A,-,13,22515,A,N,G,B,E,A,H,-,A,D,1,Y,,,,Y,,N,60,0,1,0,0,1,0,0,0,0,"- ","- ",37.381270000000001,-118.38862,INYO,UNINCORPORATED,-118.38989044,37.322452599999998
6453958,2014,2016-03-29,1401,2014-04-14,1010,413,CITY,1,5,2,1401,0,0,0,,0,,"N MAIN","RT 395",0.00,,Y,A,-,Y,INY,9,395,-,-,115.740,H,-,N,N,4,0,1,2,A,-,08,22107,,N,B,C,A,A,H,-,A,D,0,,,,,Y,,D,22,0,0,1,0,0,0,0,0,0,"- ","- ",,,INYO,BISHOP,-118.39535501,37.365897199999999
6464750,2014,2014-07-23,9825,2014-04-16,1800,17072.,,3,2,9,1400,0,2,4,,2,072,"BADWATER RD","BADWATER VISITOR'S CENTER",11088.00,S,N,A,-,N,,,,,,,,,,Y,2,0,1,1,A,-,08,22107,,N,F,A,A,A,H,-,A,D,0,,,Y,,Y,,C,02,1,0,0,0,0,0,0,0,1,"- ","- ",36.20872,-116.7863,INYO,UNINCORPORATED,-116.76712499999999,36.229785999999997
6464766,2014,2016-03-29,9825,2014-04-12,1430,20450,,6,2,9,1400,0,1,3,,2,016,"RT 190","SALINE VALLEY RD",21120.00,E,N,A,-,Y,INY,9,190,-,-,43.970,H,-,W,Y,3,0,1,1,A,-,08,22107,,N,B,I,A,A,H,-,A,D,0,,,Y,,Y,,C,02,0,1,0,0,0,0,0,0,1,"- ","- ",36.378740000000001,-117.59325,INYO,UNINCORPORATED,-117.59293097,36.377346430000003
6468419,2014,2016-03-29,9825,2014-05-18,1430,020415,,7,2,9,1400,0,1,3,,2,020,"RT 178","CHICAGO VALLEY RD",12.00,E,N,A,-,Y,INY,9,178,-,-,60.690,H,-,E,Y,2,0,2,2,A,-,08,22107,,N,F,C,A,A,H,-,A,D,0,,,,,Y,,-,,1,1,0,0,0,0,0,0,0,"- ","- ",36.1265,-116.17668999999999,INYO,UNINCORPORATED,-116.13175502,36.162340739999998
6471222,2014,2016-03-29,9825,2014-04-19,1757,20450,,6,2,9,1400,0,1,2,,1,006,"RT 395","BARTLETT RD",1056.00,S,N,A,-,Y,INY,9,395,-,-,46.940,H,-,N,Y,4,0,1,1,A,-,08,22107,,N,F,A,A,A,H,-,A,D,0,,,,,Y,,A,01,0,0,1,0,0,0,0,0,0,"- ","- ",36.468029999999999,-118.03615000000001,INYO,UNINCORPORATED,-118.03470573,36.454003589999999
6471622,2014,2016-01-23,1401,2014-03-13,0752,413,,4,5,2,1401,0,0,0,,0,CITY,"RT 168","SUNLAND DR",0.00,,Y,A,-,Y,INY,9,168,-,-,17.808,I,5,E,N,3,0,1,2,A,-,09,21802,A,N,H,G,A,A,H,-,A,A,0,,Y,,,Y,,A,01,0,1,0,0,0,0,1,0,0,"- ","- ",,,INYO,BISHOP,-118.40469271000001,37.361368339999999
6475331,2014,2014-07-18,9825,2014-04-29,0630,009504,,2,1,9,1400,0,3,5,,2,040,"COTTONWOOD LN","JEFFREY CIR",18.00,S,N,A,-,N,,,,,,,,,,N,3,0,1,1,A,-,03,22350,,N,F,A,A,A,H,-,A,D,0,,Y,,,Y,,L,04,0,1,0,0,0,0,1,0,0,"- ","- ",,,INYO,UNINCORPORATED,-118.38303567,37.275816540000001
6475354,2014,2016-03-29,9825,2014-04-25,1726,020798,,5,2,9,1400,0,1,2,,1,005,"RT 395","MANZANAR REWARD RD",6336.00,S,N,A,F,Y,INY,9,395,-,-,66.700,H,-,N,Y,2,0,1,1,A,-,03,22350,,N,F,A,A,A,H,-,A,D,0,,,Y,,Y,,C,02,1,0,0,0,0,0,0,0,1,"- ","- ",36.718820000000001,-118.13793,INYO,UNINCORPORATED,-118.13807227,36.718107699999997
6475359,2014,2016-03-29,9825,2014-04-30,1017,20450,,3,1,9,1400,0,1,2,,1,005,"RT 395","MOFFAT RANCH RD",14256.00,S,N,A,-,Y,INY,9,395,-,R,61.020,H,-,N,Y,3,0,2,1,A,-,08,22107,,N,F,A,A,A,H,-,A,D,0,,,,,Y,,A,07,0,2,0,0,0,0,0,0,0,"- ","- ",36.645710000000001,-118.08416,INYO,UNINCORPORATED,-118.08579654,36.64908191
6475423,2014,2014-07-11,9825,2014-04-27,1523,20736,,7,2,9,1400,0,3,5,,2,050,"SCOTTYS CASTLE RD","MESQUITE CAMPGROUND RD",9504.00,S,N,A,-,N,,,,,,,,,,Y,2,0,5,1,A,-,08,22107,,N,E,I,A,A,H,-,A,D,0,,,,,Y,,A,01,4,1,0,0,0,0,0,0,0,"- ","- ",36.966059999999999,-117.3415,INYO,UNINCORPORATED,-117.342653,36.965912000000003
6477451,2014,2014-07-24,9825,2014-04-26,2500,17941,,6,4,9,1400,0,2,4,,2,075,"DAYLIGHT PASS RD","HELLS GATE",26928.00,E,N,C,-,N,,,,,,,,,,Y,2,0,2,1,A,-,01,23152,A,N,F,A,A,B,H,-,D,D,0,,,,,Y,Y,A,01,1,0,1,0,0,0,0,0,0,"- ","- ",,,INYO,UNINCORPORATED,,
6478291,2014,2014-07-24,9825,2014-05-03,0225,020736,825,6,3,9,1400,0,3,5,,2,060,"KENNEDY MEADOW RD","BLM LA-2 SERVICE ROAD",121.00,E,N,A,-,N,,,,,,,,,,N,3,0,1,1,A,-,08,22107,,N,E,I,A,A,H,-,D,D,0,,,Y,,Y,,C,02,0,1,0,0,0,0,0,0,1,"- ","- ",35.837600000000002,-117.9045,INYO,UNINCORPORATED,-117.904217,35.837594000000003
6478295,2014,2016-03-29,9825,2014-05-02,1905,020798,,5,2,9,1400,0,1,2,,2,002,"RT 395","PA HA LN",25.00,N,N,A,-,Y,INY,9,395,-,-,118.080,H,-,S,Y,3,0,2,2,A,-,01,23152,A,N,D,C,A,A,H,-,A,D,1,,,,,Y,Y,A,01,0,1,1,0,0,0,0,0,0,"- ","- ",37.375869999999999,-118.42762999999999,INYO,UNINCORPORATED,-118.42763109000001,37.375792109999999
6478299,2014,2016-03-29,9825,2014-05-01,1535,020798,,4,2,9,1400,0,1,2,,1,005,"RT 395","MOFFAT RANCH RD",5808.00,N,N,A,-,Y,INY,9,395,-,R,64.960,H,-,S,Y,2,0,1,1,A,-,08,22107,,N,F,A,A,A,H,-,A,D,0,,,,,Y,,A,07,1,0,0,0,0,0,0,0,0,"- ","- ",,,INYO,UNINCORPORATED,-118.11880078,36.697044509999998
6478316,2014,2014-07-24,9825,2014-05-03,1915,020415,,6,2,9,1400,0,2,4,,2,072,"ARTIST DR","BADWATER RD",21120.00,E,N,A,-,N,,,,,,,,,,Y,2,0,1,1,A,-,08,22107,,N,F,A,A,A,H,-,B,D,0,,,Y,,Y,,C,02,1,0,0,0,0,0,0,0,1,"- ","- ",36.417059999999999,-116.84088,INYO,UNINCORPORATED,-116.81170627,36.368476880000003
6486164,2014,2014-07-24,9825,2014-05-14,1204,011906,,3,1,9,1400,0,3,5,,2,040,"WEST DUSTY LN","NORTH WILLOW LN",0.00,,Y,A,-,N,,,,,,,,,,N,2,0,1,2,A,-,12,22450,A,N,D,C,A,A,H,-,A,A,0,,,Y,,Y,,C,02,1,0,0,0,0,0,0,0,1,"- ","- ",36.34055,-118.22929000000001,INYO,UNINCORPORATED,-118.22716008,36.840620010000002
6486239,2014,2014-07-24,9825,2014-05-14,1015,017941,,3,1,9,1400,0,2,4,,2,078,"TRONA WILDROSE RD","PANAMINT VALLEY RD",10032.00,S,N,A,-,N,,,,,,,,,,Y,3,0,1,1,A,-,08,22107,,N,F,A,A,A,D,-,A,D,0,,,Y,,Y,,C,02,0,1,0,0,0,0,0,0,1,"- ","- ",,,INYO,UNINCORPORATED,-117.29622698999999,36.141758430000003
6494887,2014,2016-03-29,9825,2014-05-28,1645,018478,,3,2,9,1400,0,1,3,,1,011,"RT 168","BARLOW LN",528.00,W,N,A,-,Y,INY,9,168,-,-,16.700,H,-,W,Y,4,0,1,2,A,-,08,22107,,N,D,C,A,A,H,-,A,D,0,,,,,Y,,D,22,0,0,1,0,0,0,0,0,0,"- ","- ",37.36148,-118.42461,INYO,UNINCORPORATED,-118.42482708999999,37.361322800000003
6498858,2014,2014-08-08,9825,2014-06-03,1715,018478,,2,2,9,1400,0,3,5,,2,040,"UNNAMED CANAL RD","RIVERSIDE RD",120.00,N,N,A,-,N,,,,,,,,,,Y,2,0,1,1,A,-,"- ",,,N,F,I,A,A,H,-,A,D,0,,,,,Y,Y,D,22,1,0,0,0,0,0,0,0,0,"- ","- ",37.398060000000001,-118.42196,INYO,UNINCORPORATED,-118.42199977,37.398235309999997
6498931,2014,2015-04-28,9825,2014-06-06,0930,017941,,5,1,9,1400,0,1,3,,1,019,"RT 127","OLD SPANISH TRAIL HWY",22176.00,S,N,A,-,Y,INY,9,127,-,-,2.300,H,-,N,Y,4,0,1,1,C,-,18,,,N,F,A,A,A,H,-,A,D,0,,,,,Y,,-,"- ",0,0,1,0,0,0,0,0,0,"- ","- ",,,INYO,UNINCORPORATED,-116.32238565,35.823967449999998
6509136,2014,2016-03-29,9825,2014-05-07,1742,16631,,3,2,9,1400,0,1,2,,2,002,"RT 395","BARLOW LN",42.00,N,N,A,-,Y,INY,9,395,-,-,117.830,H,-,S,N,4,0,1,2,A,-,21,22106,,N,C,C,A,A,H,-,A,A,1,,,,,Y,,A,07,0,0,1,0,0,0,0,0,0,"- ","- ",37.225450000000002,-118.25395,INYO,UNINCORPORATED,-118.42314254,37.375780679999998
6512636,2014,2014-08-08,9825,2014-06-12,1705,020736,,4,2,9,1400,0,3,5,,2,040,"BUCKLEY POND RD","POLETA RD",6336.00,S,N,A,-,N,,,,,,,,,,Y,3,0,3,2,A,-,01,23152,A,N,A,C,A,A,H,-,A,D,0,,,,,Y,Y,D,22,0,2,1,0,0,0,0,0,0,"- ","- ",37.349800000000002,-118.33975,INYO,UNINCORPORATED,-118.339732,37.349809
6517188,2014,2016-03-29,9825,2014-06-07,0915,12536,,6,1,9,1400,0,1,3,,2,016,"RT 190","SALINE VALLEY RD",12144.00,E,N,A,-,Y,INY,9,190,-,-,43.960,H,-,E,Y,2,0,1,1,A,-,03,22350,,N,F,A,A,A,H,-,A,A,0,,,Y,,Y,,C,02,1,0,0,0,0,0,0,0,1,"- ","- ",36.372799999999998,-117.61021,INYO,UNINCORPORATED,-117.5930086,36.377483040000001
6518061,2014,2016-03-29,9825,2014-06-06,1500,18925,,5,2,9,1400,0,1,3,,1,011,"RT 168","BARLOW LN",505.00,E,N,A,-,Y,INY,9,168,-,-,16.900,H,-,E,N,3,0,1,1,C,-,18,,,N,E,I,A,A,H,-,A,D,0,,Y,,,Y,,-,"- ",0,1,0,0,0,0,1,0,0,"- ","- ",37.361510000000003,-118.42076,INYO,UNINCORPORATED,-118.42119537000001,37.361308690000001
6524225,2014,2016-03-29,9825,2014-05-08,1551,11906,,4,2,9,1400,0,1,3,,1,011,"RT 168","REATA RD",60.00,E,N,A,-,Y,INY,9,168,-,-,15.690,H,-,W,Y,4,0,2,2,A,-,03,22350,,N,C,C,A,A,H,-,A,D,0,,,,,Y,,A,08,0,0,2,0,0,0,0,0,0,"- ","- ",37.361359999999998,-118.44328,INYO,UNINCORPORATED,-118.44332453,37.361288860000002
6529305,2014,2015-04-28,9825,2014-06-21,2324,18685,,6,3,9,1400,0,1,3,,2,016,"RT 190","DARWIN RD",5808.00,W,N,A,-,Y,INY,9,190,-,-,36.420,H,-,W,Y,3,0,2,1,A,-,08,22107,,N,F,A,A,A,H,-,D,D,0,,,,,Y,,A,01,0,1,1,0,0,0,0,0,0,"- ","- ",,,INYO,UNINCORPORATED,-117.6886069,36.319907329999999
6529309,2014,2015-04-28,9825,2014-06-26,1210,17941,,4,1,9,1400,0,1,3,,2,020,"RT 178","NEVADA STATE LINE",45936.00,W,N,A,-,Y,INY,9,178,-,-,53.490,H,-,E,Y,3,0,1,1,A,-,08,22107,,N,F,A,A,A,H,-,A,D,0,,,,,Y,,A,07,0,1,0,0,0,0,0,0,0,"- ","- ",,,INYO,UNINCORPORATED,-116.18671392,36.077154819999997
6538946,2014,2015-04-28,9825,2014-06-16,0649,009504,,1,1,9,1400,0,1,2,,2,002,"RT 395","BROCKMAN LN",0.00,,Y,A,-,Y,INY,9,395,-,-,118.325,I,5,S,Y,4,0,1,2,A,-,09,21802,A,N,D,C,A,A,H,-,A,A,1,,,,,Y,,A,01,0,0,1,0,0,0,0,0,0,"- ","- ",37.37574,-118.43206000000001,INYO,UNINCORPORATED,-118.43203018,37.375803130000001
6543870,2014,2016-04-28,9825,2014-07-01,1538,011906,,2,2,9,1400,0,1,2,,2,002,"RT 395","PA HA LN",631.00,W,N,A,-,Y,INY,9,395,-,-,117.950,H,-,S,Y,3,0,1,1,A,-,08,22107,,N,E,I,A,A,H,-,A,D,1,,,,,Y,,D,22,0,1,0,0,0,0,0,0,0,"- ","- ",37.375770000000003,-118.42979,INYO,UNINCORPORATED,-118.42529705,37.375786359999999
6544673,2014,2014-08-12,9825,2014-06-26,1708,011906,,4,2,9,1400,0,2,4,,2,021,"S PA HA LN","RT 168",1421.00,S,N,A,-,N,,,,,,,,,,Y,3,0,2,1,A,-,01,23152,A,N,E,I,A,A,H,-,A,D,0,,,,,Y,Y,A,07,0,1,1,0,0,0,0,0,0,"- ","- ",37.35736,-118.42753999999999,INYO,UNINCORPORATED,-118.42751058,37.357399039999997
6546912,2014,2014-08-22,9825,2014-07-07,1424,009504,,1,2,9,1400,0,3,5,,2,040,"PLEASANT VALLEY RD","CHALK BLUFF RD",855.00,S,N,A,-,N,,,,,,,,,,Y,3,0,1,1,A,-,05,21650,,N,E,I,A,A,H,-,A,D,0,,,,,Y,,D,22,0,1,0,0,0,0,0,0,0,"- ","- ",37.408639999999998,-118.50912,INYO,UNINCORPORATED,-118.50903246,37.408622080000001
6549678,2014,2014-08-20,9825,2014-07-05,1745,017072,,6,2,9,1400,0,2,4,,2,078,"TRONA WILDROSE RD","BALLARAT RD",6336.00,S,N,B,-,N,,,,,,,,,,Y,3,0,1,1,A,-,08,22107,,N,F,A,A,A,H,-,A,D,0,,,,,Y,,A,01,0,1,0,0,0,0,0,0,0,"- ","- ",36.027270000000001,-117.3008,INYO,UNINCORPORATED,-117.30045074,36.027729919999999
6549928,2014,2016-04-28,9825,2014-07-03,2235,020444,,4,3,9,1400,0,1,3,,1,011,"W LINE ST","MEADOW LN",75.00,W,N,A,-,Y,INY,9,168,-,-,16.050,H,-,E,Y,4,0,1,2,A,-,08,22103,,N,D,C,A,A,H,-,C,D,0,,,,,Y,,A,01,0,0,1,0,0,0,0,0,0,"- ","- ",37.361280000000001,-118.4365,INYO,UNINCORPORATED,-118.43662295,37.361274870000003
6550281,2014,2016-03-29,9825,2014-06-28,0525,020377,,6,3,9,1400,0,1,2,,2,001,"RT 395","SAWMILL RD",4752.00,N,N,A,-,Y,INY,9,395,-,R,123.260,H,-,S,Y,3,0,1,1,A,-,08,22107,,N,F,I,A,A,H,-,A,D,1,,,,,Y,,A,07,0,1,0,0,0,0,0,0,0,"- ","- ",37.394829999999999,-118.5149,INYO,UNINCORPORATED,-118.51475723,37.394714129999997
6567644,2014,2016-04-28,9825,2014-07-11,1720,18441,,5,2,9,1400,0,1,2,,2,002,"RT 395","BROCKMAN LN",0.00,,Y,A,-,Y,INY,9,395,-,-,118.325,I,5,N,Y,4,0,2,2,A,-,09,21802,A,N,D,C,A,A,H,-,A,D,1,,,,,Y,,D,22,0,0,2,0,0,0,0,0,0,"- ","- ",,,INYO,UNINCORPORATED,-118.43204554,37.375919189999998
6572801,2014,2016-04-28,9825,2014-07-27,0538,018521,,7,3,9,1400,0,1,2,,1,010,"RT 6","RUDOLPH RD",14.00,S,N,A,-,Y,INY,9,6,-,-,7.860,H,-,S,Y,4,0,1,1,A,-,08,22107,,N,E,I,A,A,H,-,A,D,0,,,,,Y,,A,01,0,0,1,0,0,0,0,0,0,"- ","- ",37.455550000000002,-118.34968000000001,INYO,UNINCORPORATED,-118.34954386,37.455649559999998
6576864,2014,2016-04-28,9825,2014-07-25,2117,020377,,5,2,9,1400,0,1,3,,1,012,"RT 168","WHITE MOUNTAIN RD",6336.00,W,N,A,-,Y,INY,9,168,-,-,30.140,H,-,W,Y,4,0,1,1,A,-,08,22107,,N,E,I,A,A,H,-,D,D,0,,,,,Y,Y,A,01,0,0,1,0,0,0,0,0,0,"- ","- ",37.265239999999999,-118.15692,INYO,UNINCORPORATED,-118.15275216000001,37.260935269999997
6583224,2014,2016-04-28,9825,2014-08-03,1030,020415,,7,1,9,1400,0,1,3,,1,019,"RT 127","RT 178",10560.00,N,N,C,-,Y,INY,9,127,-,-,18.420,H,-,S,Y,4,0,5,1,A,-,08,22107,,N,F,A,A,B,H,-,A,D,0,,,,,Y,,A,01,0,0,5,0,0,0,0,0,0,"- ","- ",36.001690000000004,-116.27487000000001,INYO,UNINCORPORATED,-116.29418948,36.018290729999997
6605111,2014,2016-04-28,9825,2014-08-24,0725,018925,,7,1,9,1400,0,1,2,,2,002,"RT 395","MACGREGOR AV",142.00,S,N,A,-,Y,INY,9,395,-,-,117.410,H,-,S,N,3,0,1,2,A,-,09,21804,A,N,D,C,A,A,H,-,A,D,1,,,,,Y,,A,08,0,1,0,0,0,0,0,0,0,"- ","- ",37.760469999999998,-118.41722,INYO,UNINCORPORATED,-118.41547353,37.375813190000002
6610634,2014,2016-04-28,9825,2014-09-01,0643,018685,,1,1,9,1400,0,1,2,,1,005,"RT 395","MANZANAR REWARD RD",5280.00,N,N,A,-,Y,INY,9,395,-,-,68.990,H,-,S,Y,3,0,2,2,A,-,07,21658,A,N,B,C,A,A,H,-,A,D,0,,,,,Y,,A,08,0,1,1,0,0,0,0,0,0,"- ","- ",36.749319999999997,-118.16061000000001,INYO,UNINCORPORATED,-118.15926260000001,36.74684508
6610641,2014,2016-04-28,9825,2014-08-31,1615,18685,,7,2,9,1400,0,1,2,,1,007,"RT 395","GILL STATION COSO RD",0.00,,Y,A,-,Y,INY,9,395,-,R,17.868,I,5,N,Y,3,0,4,2,A,-,09,21802,A,N,D,D,A,A,H,-,A,A,1,,,,Y,Y,,G,25,0,2,2,0,0,0,0,0,0,"- ","- ",36.045729999999999,-117.9474,INYO,UNINCORPORATED,-117.94720617999999,36.045864610000002
6611695,2014,2016-04-28,9825,2014-09-02,2323,019230,,2,3,9,1400,0,1,2,,2,001,"RT 395","PINE CREEK RD",2112.00,N,N,A,-,Y,INY,9,395,-,-,126.540,H,-,S,Y,4,0,1,1,A,-,08,22107,,N,F,I,A,A,H,-,D,D,1,,,,,Y,,A,01,0,0,1,0,0,0,0,0,0,"- ","- ",37.425150000000002,-118.5582,INYO,UNINCORPORATED,-118.55822756000001,37.423896190000001
6614919,2014,2016-04-28,9825,2014-08-30,1300,20415,,6,1,9,1400,0,1,3,,1,019,"RT 127","RT 178",5280.00,S,N,A,-,Y,INY,9,127,-,-,13.760,H,-,N,Y,2,0,1,1,A,-,08,22107,,N,F,A,A,A,H,-,A,D,0,,,,,Y,,A,01,1,0,0,0,0,0,0,0,0,"- ","- ",35.96696,-116.26793000000001,INYO,UNINCORPORATED,-116.26729867,35.958811189999999
6616455,2014,2014-09-25,9825,2014-08-30,1456,020798,,6,2,9,1400,0,3,5,,2,040,"COUNTY RD","REYNOLDS RD",11088.00,N,N,A,-,N,,,,,,,,,,N,3,0,3,1,A,-,01,23153,A,F,F,I,A,A,G,-,A,D,0,,,,,Y,Y,D,22,0,3,0,0,0,0,0,0,0,"- ","- ",37.177869999999999,-118.30728000000001,INYO,UNINCORPORATED,-118.33538191,37.19152742
6619847,2014,2014-10-02,9825,2014-09-08,1409,018685,,1,2,9,1400,0,2,4,,2,022,"WHITNEY PORTAL RD","TUTTLE CREEK RD",5808.00,W,N,A,-,N,,,,,,,,,,Y,3,0,1,1,A,-,01,23152,A,N,F,A,A,A,H,-,A,D,0,,,,,Y,Y,D,23,0,1,0,0,0,0,0,0,0,"- ","- ",,,INYO,UNINCORPORATED,-118.08944418,36.598849960000003
6619897,2014,2016-04-28,9825,2014-09-03,1650,15522,,3,2,9,1400,0,1,3,,1,011,"RT 168","SEE VEE LN",0.00,,Y,A,-,Y,INY,9,168,-,-,17.305,I,5,W,Y,3,0,1,2,A,-,09,21802,A,N,D,C,A,A,H,-,A,A,0,,,,,Y,,A,01,0,1,0,0,0,0,0,0,0,"- ","- ",37.375810000000001,-118.41383,INYO,UNINCORPORATED,-118.41387181,37.361341240000002
6629693,2014,2016-04-28,9825,2014-09-14,1215,020415,,7,1,9,1400,0,1,3,,1,018,"RT 190","DANTES VIEW RD",21120.00,E,N,A,-,Y,INY,9,190,-,-,126.520,H,-,W,Y,3,0,1,1,A,-,08,22107,,N,F,A,A,A,H,-,A,D,0,,,,,Y,,A,01,0,1,0,0,0,0,0,0,0,"- ","- ",36.375770000000003,-116.68304000000001,INYO,UNINCORPORATED,-116.64967774,36.359243589999998
6635952,2014,2016-04-28,9825,2014-09-17,1100,017072,,3,1,9,1400,0,2,4,,2,072,"RT 178","FURNACE CREEK WASH RD",528.00,E,N,B,-,Y,INY,9,178,-,-,36.070,H,-,E,Y,3,0,2,1,A,-,08,22107,,N,F,A,A,A,H,-,A,D,0,,,Y,,Y,,C,02,0,2,0,0,0,0,0,0,2,"- ","- ",35.960030000000003,-116.36450000000001,INYO,UNINCORPORATED,-116.37835642,35.961703010000001
6638937,2014,2016-04-28,9825,2014-09-19,1141,018521,,5,1,9,1400,0,1,3,,1,011,"RT 168","OTEY RD",0.00,,Y,A,-,Y,INY,9,168,-,-,14.740,I,5,W,Y,3,0,1,2,A,-,05,21460,A,N,D,C,A,A,H,-,A,D,0,,,,,Y,,E,22,0,1,0,0,0,0,0,0,0,"- ","- ",37.358600000000003,-118.45922,INYO,UNINCORPORATED,-118.45900220999999,37.358730100000002
6657981,2014,2014-12-11,9825,2014-10-08,1450,20810,,3,2,9,1400,0,1,3,,1,012,"RT 168","WHITE MOUNTAIN RD",32208.00,E,N,A,-,Y,,,,,,,,,,Y,3,0,1,1,A,-,08,22107,,N,E,I,A,A,H,-,A,D,0,,,Y,,Y,,C,02,0,1,0,0,0,0,0,0,1,"- ","- ",,,INYO,UNINCORPORATED,-118.20716905,37.23081062
6659882,2014,2014-12-18,9825,2014-10-07,1319,020810,,2,1,9,1400,0,1,2,,1,003,"RT 395","REYNOLDS RD",0.00,,Y,A,-,Y,,,395,,,,,,,Y,4,0,1,2,A,-,08,22107,,N,D,C,A,A,H,-,A,A,0,,,,,Y,,A,01,0,0,1,0,0,0,0,0,0,"- ","- ",37.187620000000003,-118.30437999999999,INYO,UNINCORPORATED,-118.30433585999999,37.187663059999998
6669180,2014,2014-12-11,9825,2014-10-10,1550,018960,,5,2,9,1400,0,3,5,,2,040,"PINE CREEK RD","VIRGINIA ST",0.00,,Y,A,-,N,,,,,,,,,,N,3,0,1,2,A,-,01,23152,A,N,D,G,A,A,H,-,A,A,0,,Y,,,Y,Y,A,07,0,1,0,0,0,0,1,0,0,"- ","- ",37.414679999999997,-118.61041,INYO,UNINCORPORATED,-118.60947002,37.414779979999999
6669183,2014,2014-12-11,9825,2014-10-11,1500,017941,,6,2,9,1400,0,1,3,,2,017,"RT 190","MOSAIC CANYON RD",73392.00,W,N,A,-,Y,,,,,,,,,,Y,3,0,2,1,A,-,08,22107,,N,E,J,A,A,H,-,A,D,0,,,,,Y,,A,01,0,1,1,0,0,0,0,0,0,"- ","- ",,,INYO,UNINCORPORATED,-117.25687757,36.430479939999998
6680456,2014,2014-12-11,9825,2014-10-19,1100,020415,,7,1,9,1400,0,1,3,,2,017,"RT 190","PANAMINT VALLEY RD",15840.00,W,N,A,-,Y,,,,,,,,,,Y,2,0,2,1,A,-,03,22350,,N,F,A,A,A,H,-,A,D,0,,,Y,,Y,,C,02,1,0,1,0,0,0,0,0,2,"- ","- ",,,INYO,UNINCORPORATED,-117.47491031,36.33647895
6690805,2014,2014-12-29,9825,2014-10-26,2000,020415,,7,2,9,1400,0,1,3,,1,019,"RT 127","RANGER RD",5280.00,S,N,A,-,Y,,,127,,,,,,,Y,2,0,1,1,A,-,08,22107,,N,F,A,A,A,H,-,D,D,0,,,,,Y,,A,01,1,0,0,0,0,0,0,0,0,"- ","- ",35.942259999999997,-116.26891000000001,INYO,UNINCORPORATED,-116.26955941999999,35.942180520000001
6691284,2014,2014-12-31,9825,2014-10-26,1940,012536,,7,2,9,1400,0,1,2,,1,007,"US 395","GILL STATION COSO RD",0.00,,Y,A,-,Y,,,,,,,,,,Y,2,0,6,3,A,-,08,22100,A,N,D,C,A,A,H,-,C,A,0,,,,Y,Y,,D,22,2,3,1,0,0,0,0,0,0,"- ","- ",,,INYO,UNINCORPORATED,-117.94722007999999,36.045800030000002
6694714,2014,2015-01-07,9825,2014-11-01,1500,017941,,6,2,9,1400,0,2,4,,2,078,"TRONA WILDROSE RD","INDIAN RANCH RD",8976.00,S,N,F,-,N,,,,,,,,,,Y,4,0,1,1,A,-,03,22350,,N,F,A,A,A,D,G,A,D,0,,,Y,,Y,,C,02,0,0,1,0,0,0,0,0,1,"- ","- ",,,INYO,UNINCORPORATED,-117.29578125,36.139283740000003
6698076,2014,2015-01-08,9825,2014-11-06,0930,16631,,4,1,9,1400,0,1,2,,1,003,"RT 395","REYNOLDS RD",8448.00,N,N,A,-,Y,,,,,,,,,,Y,2,0,4,2,A,-,09,21801,A,N,D,C,A,A,H,-,A,D,0,,,,,Y,,D,22,1,0,3,0,0,0,0,0,0,"- ","- ",37.122300000000003,-118.1921,INYO,UNINCORPORATED,,
6707166,2014,2015-01-07,9825,2014-11-08,1400,17941,,6,2,9,1400,0,2,4,,2,073,"SCOTTYS CASTLE RD","DAYLIGHT PASS RD",10560.00,N,N,A,-,N,,,,,,,,,,Y,3,0,1,1,A,-,08,22107,,N,F,A,A,A,H,-,A,D,0,,,,,Y,,A,07,0,1,0,0,0,0,0,0,0,"- ","- ",,,INYO,UNINCORPORATED,-117.068108,36.665126999999998
6708327,2014,2014-12-04,9825,2014-10-28,2029,020335,,2,2,9,1400,0,3,5,,2,060,"TUTTLE CREEK RD","WHITNEY PORTAL RD",3168.00,S,N,A,-,N,,,,,,,,,,Y,4,0,1,1,A,-,08,22107,,N,F,A,A,A,H,-,D,D,0,,,,,Y,,A,07,0,0,1,0,0,0,0,0,0,"- ","- ",36.592480000000002,-118.07588,INYO,UNINCORPORATED,-118.07518687,36.594478270000003
6708335,2014,2014-12-04,9825,2014-10-25,1230,017941,,6,1,9,1400,0,3,5,,2,080,"WEST SIDE RD","BADWATER RD",20064.00,W,N,F,-,N,,,,,,,,,,Y,3,0,1,1,A,-,08,22107,,N,E,J,A,A,G,-,A,D,0,,,Y,,Y,,C,02,0,1,0,0,0,0,0,0,1,"- ","- ",,,INYO,UNINCORPORATED,-116.88599515,36.323312559999998
6717109,2014,2016-02-25,9825,2014-11-13,0900,017941,,4,1,9,1400,0,2,4,,2,076,"EMIGRANT CANYON RD","RT 190",15.50,S,N,A,-,N,,,,,,,,,,Y,4,0,4,1,A,-,08,22107,,N,F,A,A,A,H,-,A,D,0,,,,,Y,,D,22,0,0,4,0,0,0,0,0,0,"- ","- ",,,INYO,UNINCORPORATED,-117.22654,36.494774
6717151,2014,2015-01-09,9825,2014-11-14,1140,17941,,5,1,9,1400,0,2,4,,2,072,"BADWATER RD","RT 127",54912.00,W,N,A,-,N,,,,,,,,,,Y,3,0,1,1,A,-,08,22107,,N,E,I,A,A,H,-,A,D,0,,,Y,,Y,,C,02,0,1,0,0,0,0,0,0,1,"- ","- ",,,INYO,UNINCORPORATED,,
6718302,2015,2017-04-20,9825,2015-01-17,1700,17941,,6,2,9,1400,0,2,4,,2,073,"SCOTTYS CASTLE RD","RT 190",126720.00,N,N,A,-,N,,,,,,,,,,Y,1,1,0,1,A,-,01,23152,A,N,F,A,A,A,H,-,B,D,0,,,,,Y,Y,D,22,0,0,0,0,0,0,0,0,0,"- ","- ",,,INYO,UNINCORPORATED,-117.273889,36.890112999999999
6721302,2014,2015-01-09,9825,2014-11-23,0230,20415,,7,3,9,1400,0,1,3,,2,020,"RT 178","CHICAGO VALLEY RD",100.00,W,N,A,-,Y,,,,,,,,,,Y,3,0,1,1,A,-,08,22107,,N,F,A,A,A,H,-,D,D,0,,,Y,,Y,,C,02,0,1,0,0,0,0,0,0,1,"- ","- ",36.008989999999997,-116.19889000000001,INYO,UNINCORPORATED,-116.19826940999999,36.000711950000003
6721306,2014,2015-01-09,9825,2014-11-14,1230,17941,,5,1,9,1400,0,1,3,,1,018,"RT 190","RT 127",82896.00,W,N,A,-,Y,,,,,,,,,,Y,2,0,1,1,A,-,01,23152,F,N,F,A,A,A,H,-,A,D,0,,,Y,,Y,,C,02,1,0,0,0,0,0,0,0,1,"- ","- ",,,INYO,UNINCORPORATED,-116.67115812999999,36.373571660000003
6724963,2014,2015-01-22,9825,2014-11-28,1015,020450,,5,1,9,1400,0,2,4,,2,078,"TRONA WILDROSE RD","INDIAN RANCH RD",0.00,,Y,A,-,N,,,,,,,,,,N,2,0,1,1,A,-,08,22107,,N,F,A,A,D,B,-,A,D,0,,,Y,,Y,,C,02,1,0,0,0,0,0,0,0,1,"- ","- ",,,INYO,UNINCORPORATED,-117.30009008,36.163620010000002
6729843,2014,2015-01-13,9825,2014-11-25,1844,020335,,2,2,9,1400,0,3,5,,2,060,"SIERRA ST","LAKE ST",329.00,N,N,A,-,N,,,,,,,,,,N,2,0,1,1,A,-,01,23152,A,N,F,A,A,A,H,-,E,D,0,,,Y,,Y,Y,C,06,1,0,0,0,0,0,0,0,1,"- ","- ",36.321269999999998,-118.02694,INYO,UNINCORPORATED,-118.02598,36.321051840000003
6730797,2014,2015-01-28,9825,2014-12-06,0530,017941,,6,3,9,1400,0,1,3,,1,019,"RT 127","RT 178",64416.00,S,N,A,-,Y,,,,,,,,,,Y,3,0,2,1,A,-,08,22107,,N,F,A,A,A,H,-,B,D,0,,,,,Y,,D,22,0,2,0,0,0,0,0,0,0,"- ","- ",,,INYO,UNINCORPORATED,-116.31555378,35.849672339999998
6744502,2014,2015-01-30,9825,2014-12-10,1120,017072,,3,1,9,1400,0,2,4,,2,078,"TRONA WILDROSE RD","INDIAN RANCH RD",2640.00,S,N,B,-,N,,,,,,,,,,Y,4,0,1,1,A,-,08,22107,,N,F,A,A,A,D,-,A,A,0,,,,,Y,,A,01,0,0,1,0,0,0,0,0,0,"- ","- ",36.15325,-117.29827,INYO,UNINCORPORATED,-117.29882716,36.156461749999998
6750757,2014,2015-02-10,9825,2014-12-28,1504,020183,,7,2,9,1400,0,1,2,,1,004,"RT 395","RT 168",0.00,,Y,A,-,Y,,,395,,,,,,,Y,3,0,1,2,A,-,09,21802,A,N,D,C,A,A,H,-,A,A,0,,,,,Y,,D,22,0,1,0,0,0,0,0,0,0,"- ","- ",37.173389999999998,-118.29057,INYO,UNINCORPORATED,-118.29042195,37.173496069999999
6752561,2014,2015-02-05,9825,2014-12-21,0837,018925,,7,1,9,1400,0,1,2,,2,001,"US 395","SAWMILL RD",3168.00,S,N,A,-,Y,,,,,,,,,,Y,2,0,1,1,C,-,18,,,N,E,I,A,A,H,-,A,D,0,,,,,Y,,-,"- ",1,0,0,0,0,0,0,0,0,"- ","- ",37.373930000000001,-118.42758000000001,INYO,UNINCORPORATED,-118.49088150999999,37.385974660000002
6752613,2014,2015-02-05,9825,2014-12-23,1545,020090,,2,2,9,1400,0,1,3,,1,011,"RT 168","GRANDVIEW DR",80.00,E,N,A,-,Y,,,168,,,,,,,N,3,0,1,1,A,-,03,22350,,N,F,A,A,A,H,-,A,A,0,,Y,,,Y,Y,L,04,0,1,0,0,0,0,1,0,0,"- ","- ",37.361249999999998,-118.43316,INYO,UNINCORPORATED,-118.43316295,37.361332060000002
6754697,2015,2015-01-21,9825,2015-01-03,1630,17072,,6,2,9,1400,0,2,4,,2,072,"BADWATER RD","NATURAL BRIDGE RD",0.00,,Y,A,-,N,,,,,,,,,,Y,2,0,1,1,A,-,08,22107,,N,F,A,A,A,H,-,A,A,0,,,Y,,Y,,C,02,1,0,0,0,0,0,0,0,1,"- ","- ",36.274000000000001,-116.79285,INYO,UNINCORPORATED,-116.79288006,36.274030029999999
6761844,2014,2015-02-02,9825,2014-12-13,1333,020335,,6,1,9,1400,0,1,2,,1,007,"RT 395","SAGE FLAT",3696.00,N,N,A,-,Y,,,395,,,,,,,Y,3,0,1,1,A,-,08,22107,,N,F,A,A,A,H,-,A,D,0,,,,,Y,,D,22,0,1,0,0,0,0,0,0,0,"- ","- ",36.219880000000003,-117.97991,INYO,UNINCORPORATED,-117.97980416,36.21988391
6765137,2014,2015-02-02,9825,2014-12-15,1415,20415,,1,2,9,1400,0,1,3,,1,018,"RT 190","DANTES VIEW RD",10560.00,E,N,B,-,Y,,,,,,,,,,Y,3,0,1,1,A,-,08,22107,,N,F,A,A,A,H,-,A,D,0,,,Y,,Y,,C,02,0,1,0,0,0,0,0,0,1,"- ","- ",36.377920000000003,-116.68789,INYO,UNINCORPORATED,-116.68057991000001,36.375078940000002
6768937,2015,2016-12-19,9825,2015-04-06,2045,15522,,1,2,9,1400,0,1,3,,1,012,"RT 395","DEATH VALLEY RD",440.00,E,N,A,-,Y,INY,9,168,-,-,20.890,H,-,E,Y,3,0,1,1,A,-,08,22107,,N,F,I,A,A,H,-,D,D,0,,,,,Y,,A,07,0,1,0,0,0,0,0,0,0,"- ","- ",37.175280000000001,-118.26902,INYO,UNINCORPORATED,-118.2541174,37.184846729999997
6770486,2015,2015-07-30,9825,2015-01-03,2044,020183,,6,2,9,1400,0,3,5,,2,040,"SOUTH ROUND VALLEY RD","SAWMILL RD",12672.00,N,N,B,-,N,,,,,,,,,,Y,4,0,1,1,A,-,01,23152,A,N,F,I,A,A,H,-,C,D,0,,,,,Y,Y,D,22,0,0,1,0,0,0,0,0,0,"- ","- ",37.23319,-118.32438,INYO,UNINCORPORATED,-118.54285324999999,37.393799379999997
6772183,2014,2015-02-05,9825,2014-12-28,1230,0202415,,7,1,9,1400,0,2,4,,2,078,"TRONA WILDROSE RD","PANAMINT VALLEY RD",18480.00,S,N,A,-,N,,,,,,,,,,Y,4,0,1,1,A,-,08,22107,,N,E,I,A,A,G,-,A,D,0,,,,,Y,,A,01,0,0,1,0,0,0,0,0,0,"- ","- ",36.14987,-117.29653999999999,INYO,UNINCORPORATED,-117.29216477999999,36.118854779999999
6775026,2015,2015-02-19,9825,2015-01-07,1300,17072,,3,1,9,1400,0,2,4,,2,071,"BEATTY CUTOFF RD","RT 190",35904.00,N,N,A,-,N,,,,,,,,,,Y,3,0,1,1,A,-,08,22107,,N,F,A,A,A,H,-,A,D,0,,,Y,,Y,,C,02,0,1,0,0,0,0,0,0,1,"- ","- ",36.671639999999996,-116.95005,INYO,UNINCORPORATED,-116.961743,36.681418000000001
6776261,2015,2016-09-13,9825,2015-01-03,1345,017072,,6,1,9,1400,0,1,3,,1,019,"RT 127","SAN BERNARDINO CO LINE",19536.00,N,N,A,-,Y,INY,9,127,-,-,3.700,H,-,S,Y,4,0,1,1,A,-,08,22107,,N,F,A,A,A,H,-,A,D,0,,,,,Y,,A,01,0,0,1,0,0,0,0,0,0,"- ","- ",35.844430000000003,-116.31815,INYO,UNINCORPORATED,-116.31785743,35.844070309999999
6778485,2015,2016-09-13,9825,2015-01-18,1130,17941,,7,1,9,1400,0,1,3,,1,018,"RT 190","RYAN RD",6864.00,E,N,A,-,Y,INY,9,190,-,-,123.800,H,-,W,N,2,0,2,1,A,-,08,22107,,N,F,A,A,A,H,-,A,D,0,,,Y,,Y,,C,02,1,1,0,0,0,0,0,0,2,"- ","- ",,,INYO,UNINCORPORATED,-116.69183904,36.376482580000001
6779570,2014,2015-02-12,9825,2014-12-21,1615,020450,,7,2,9,1400,0,1,2,,1,006,"RT 395","RT 136",528.00,N,N,A,-,Y,,,,,,,,,,Y,3,0,1,1,A,-,08,22107,,N,E,I,A,A,H,-,A,D,0,,,,,Y,,A,01,0,1,0,0,0,0,0,0,0,"- ","- ",,,INYO,UNINCORPORATED,,
6787651,2015,2016-09-09,9825,2015-01-08,1745,17565,,4,2,9,1400,0,3,5,,2,040,"BARLOW LN","RT 395",20.00,N,N,A,-,Y,INY,9,395,-,-,117.823,I,6,N,N,4,0,1,2,A,-,03,22350,,N,C,C,A,A,H,-,C,A,1,,,,,Y,,A,01,0,0,1,0,0,0,0,0,0,"- ","- ",37.376170000000002,-118.42313,INYO,UNINCORPORATED,-118.42301817000001,37.375885009999998
6788163,2015,2015-02-25,9825,2015-01-16,1140,017072,,5,1,9,1400,0,2,4,,2,072,"BADWATER RD","HARRY WADE RD",14784.00,W,N,A,-,N,,,,,,,,,,Y,2,0,1,1,A,-,08,22107,,N,F,A,A,A,H,-,A,D,0,,,Y,,Y,,C,02,1,0,0,0,0,0,0,0,1,"- ","- ",35.911949999999997,-116.60802,INYO,UNINCORPORATED,-116.69152794999999,35.928309480000003
6790095,2015,2015-02-20,9825,2015-01-08,1700,18960,,4,2,9,1400,0,3,5,,2,040,"SALINE WARM SPRINGS RD","SALINE VALLEY RD",5280.00,E,N,B,-,N,,,,,,,,,,Y,2,0,1,1,A,-,03,38305,,N,F,A,A,A,H,-,B,D,0,,,Y,,Y,,C,02,1,0,0,0,0,0,0,0,1,"- ","- ",,,INYO,UNINCORPORATED,-117.82883099999999,36.727611000000003
6799746,2015,2016-09-13,9825,2015-01-26,0500,018685,,1,3,9,1400,0,1,2,,1,007,"RT 395","HAIWEE CANYON RD",2112.00,N,N,A,-,Y,INY,9,395,-,-,25.930,H,-,N,Y,2,0,1,1,A,-,08,22107,,N,F,A,A,A,H,-,D,D,0,,,,,Y,,A,01,1,0,0,0,0,0,0,0,0,"- ","- ",,,INYO,UNINCORPORATED,-117.97622697,36.15961325
6800885,2015,2016-04-26,9825,2015-02-01,1120,018441,,7,1,9,1400,0,2,4,,2,021,"SEE VEE LN","US 395",1056.00,S,N,A,-,N,,,,,,,,,,Y,4,0,1,1,B,-,22,,,N,E,I,A,A,H,-,A,D,0,,,,,Y,,A,07,0,0,1,0,0,0,0,0,0,"- ","- ",37.37209,-118.41391,INYO,UNINCORPORATED,-118.41381932,37.372916660000001
6811139,2015,2016-09-09,9825,2015-02-01,1030,020415,,7,1,9,1400,0,1,3,,1,019,"RT 127","RT 178",68640.00,N,N,A,-,Y,INY,9,127,-,-,29.430,H,-,N,N,2,0,1,2,A,-,03,22350,,N,C,C,A,A,H,-,A,D,0,,,Y,,Y,,C,02,1,0,0,0,0,0,0,0,1,"- ","- ",36.069110000000002,-116.28894,INYO,UNINCORPORATED,-116.32892264,36.175658349999999
6817045,2015,2016-09-13,9825,2015-01-30,1100,017941,,5,1,9,1400,0,1,3,,2,020,"RT 178","CHICAGO VALLEY RD",8448.00,W,N,C,-,Y,INY,9,178,-,-,46.600,H,-,W,N,3,0,1,1,A,-,08,22107,,N,F,A,A,B,H,-,A,D,0,,,Y,,Y,,C,02,0,1,0,0,0,0,0,0,1,"- ","- ",,,INYO,UNINCORPORATED,-116.2210382,35.998092720000002
6817061,2015,2016-09-13,9825,2015-01-31,0100,017941,,6,3,9,1400,0,1,3,,2,020,"RT 127",178INY44.00,5280.00,E,N,C,-,Y,INY,9,127,-,-,44.080,H,-,S,Y,3,0,3,1,A,-,08,22107,,N,E,I,A,B,H,-,D,D,0,,,,,Y,,A,01,0,2,1,0,0,0,0,0,0,"- ","- ",,,INYO,UNINCORPORATED,-116.42311201,36.331615849999999
6817760,2015,2016-04-26,9825,2015-02-15,1300,20415,,7,1,9,1400,0,2,4,,2,073,"SCOTTYS CASTLE RD","UBEHEBE RD",5280.00,S,N,A,-,N,,,,,,,,,,N,2,0,1,1,A,-,08,22107,,N,F,A,A,A,H,-,A,D,0,,,Y,,Y,,C,02,1,0,0,0,0,0,0,0,1,"- ","- ",36.981499999999997,-117.35669,INYO,UNINCORPORATED,-117.359804,36.985484
6824540,2015,2016-09-13,9825,2015-02-13,0921,018685,,5,1,9,1400,0,1,2,,1,006,"RT 395","WHITNEY ST",10032.00,N,N,A,-,Y,INY,9,395,-,-,39.800,H,-,N,Y,4,0,1,1,A,-,03,22350,,N,E,I,A,A,H,-,A,D,0,,,,,Y,,A,01,0,0,1,0,0,0,0,0,0,"- ","- ",,,INYO,UNINCORPORATED,-118.02304452,36.350716269999999
6824541,2015,2016-09-13,9825,2015-02-14,1645,018441,,6,2,9,1400,0,1,2,,1,004,"RT 395","NORTH FORT INDEPENDENCE RD",17424.00,N,N,A,-,Y,INY,9,395,-,R,80.340,H,-,S,Y,2,0,3,1,A,-,01,23152,A,N,F,A,A,A,H,-,A,D,0,,,,,Y,Y,A,01,1,0,2,0,0,0,0,0,0,"- ","- ",36.894219999999997,-118.24173,INYO,UNINCORPORATED,-118.2417239,36.894203589999996
6824546,2015,2015-03-09,9825,2015-02-16,2230,020415,,1,3,9,1400,0,2,4,,2,078,"TRONA WILDROSE RD","PANAMINT VALLEY RD",21120.00,S,N,A,-,N,,,,,,,,,,Y,4,0,1,2,A,-,03,22350,,N,C,C,A,A,H,-,D,D,0,,,,,Y,,A,01,0,0,1,0,0,0,0,0,0,"- ","- ",36.09543,-117.28767999999999,INYO,UNINCORPORATED,-117.29090313,36.111696469999998
6835959,2015,2017-10-02,9825,2015-04-06,1909,13479,,1,2,9,1400,0,1,2,,2,001,"RT 395","BROCKMAN LN",2640.00,N,N,A,-,Y,INY,9,395,-,-,118.900,H,-,S,Y,3,0,1,2,C,-,18,,,N,H,H,A,A,H,-,B,D,1,,,,,Y,,-,"- ",0,1,0,0,0,0,0,0,0,"- ","- ",37.375860000000003,-118.44110000000001,INYO,UNINCORPORATED,-118.44218811,37.375856759999998
6842223,2015,2016-09-09,9825,2015-03-12,1325,20736,,4,1,9,1400,0,1,3,,2,016,"RT 190","RT 136",14784.00,W,N,A,-,Y,INY,9,190,-,-,21.700,H,-,E,Y,2,0,3,2,A,-,03,22350,,N,C,G,A,A,H,-,A,A,0,,Y,,,Y,,A,01,2,1,0,0,0,0,2,0,0,"- ","- ",36.396500000000003,-117.86045,INYO,UNINCORPORATED,-117.85803619000001,36.399303019999998
6842961,2015,2015-03-18,9825,2015-02-28,2005,020090,,6,2,9,1400,0,3,5,,2,040,"SOUTH ROUND VALLEY RD","SAWMILL RD",7392.00,W,N,A,-,N,,,,,,,,,,Y,4,0,1,1,A,-,08,22107,,N,F,A,A,A,H,-,D,D,0,,,,,Y,,A,01,0,0,1,0,0,0,0,0,0,"- ","- ",37.39405,-118.5264,INYO,UNINCORPORATED,-118.52474708,37.394160960000001
6844512,2015,2016-09-09,9825,2015-03-05,1658,018685,,4,2,9,1400,0,3,5,,2,060,"MOUNTAIN VIEW ST","RT 395",8.00,E,N,A,-,Y,INY,9,395,-,-,57.740,I,6,N,N,4,0,1,2,A,-,03,22350,,N,C,C,A,A,H,-,A,A,0,,,Y,,Y,,D,22,0,0,1,0,0,0,0,0,1,"- ","- ",36.605690000000003,-118.06317,INYO,UNINCORPORATED,-118.06348852000001,36.605820340000001
6844551,2015,2015-04-29,9825,2015-03-03,1915,017072,,2,2,9,1400,0,2,4,,2,052,"OLD SPANISH TRAIL HWY","FURNACE CREEK WASH RD",10560.00,E,N,A,-,N,,,,,,,,,,Y,3,0,2,1,A,-,08,22107,,N,F,A,A,A,H,-,D,D,0,,,,,Y,,D,22,0,2,0,0,0,0,0,0,0,"- ","- ",35.862639999999999,-116.17373000000001,INYO,UNINCORPORATED,-116.173832,35.862667999999999
6850682,2015,2016-09-13,9825,2015-03-01,1745,20415,,7,2,9,1400,0,1,3,,1,019,"RT 127","OLD SPANISH TRAIL HWY",5280.00,S,N,C,-,Y,INY,9,127,-,-,5.510,H,-,S,Y,2,0,2,1,A,-,08,22107,,N,F,A,A,B,H,-,D,D,0,,,,,Y,,A,01,1,1,0,0,0,0,0,0,0,"- ","- ",35.828760000000003,-116.32057,INYO,UNINCORPORATED,-116.3015815,35.866723229999998
6851241,2015,2015-03-23,9825,2015-03-11,1315,17072,,3,1,9,1400,0,3,5,,2,050,"HARRY WADE RD","BADWATER RD",54912.00,S,N,B,-,N,,,,,,,,,,N,4,0,1,1,A,-,03,22350,,N,F,A,A,A,H,-,A,D,0,,,Y,,Y,,C,02,0,0,1,0,0,0,0,0,1,"- ","- ",35.799669999999999,-116.53297000000001,INYO,UNINCORPORATED,-116.53252607,35.797128460000003
6851242,2015,2016-09-13,9825,2015-03-06,2200,17941,,5,3,9,1400,0,1,3,,1,018,"RT 190","DANTES VIEW RD",528.00,W,N,A,-,Y,INY,9,190,-,-,122.430,H,-,W,Y,4,0,1,1,A,-,08,22107,,N,F,A,A,A,H,-,D,D,0,,,,,Y,,A,01,0,0,1,0,0,0,0,0,0,"- ","- ",,,INYO,UNINCORPORATED,-116.71068922000001,36.362520269999997
6854740,2015,2017-05-09,9825,2015-06-06,1513,18960,,6,2,9,1400,0,1,3,,1,012,"RT 168","DEATH VALLEY RD",579.00,E,N,B,-,Y,INY,9,168,-,-,20.940,H,-,E,Y,1,1,0,1,A,-,08,22107,,N,F,A,A,A,H,-,A,D,0,,,Y,,Y,,C,02,0,0,0,0,0,0,0,1,0,"- ","- ",37.185850000000002,-118.25145000000001,INYO,UNINCORPORATED,-118.25336715,37.18509847
6861814,2015,2016-09-13,9825,2015-03-17,1215,014450,,2,1,9,1400,0,1,2,,2,002,"RT 395","TU SU LN",528.00,N,N,A,-,Y,INY,9,395,-,-,117.680,H,-,S,N,4,0,1,2,A,-,08,22107,,N,B,C,A,A,H,-,A,D,1,,,,,Y,,A,07,0,0,1,0,0,0,0,0,0,"- ","- ",37.225459999999998,-118.25172000000001,INYO,UNINCORPORATED,-118.42041046,37.375783149999997
6862411,2015,2016-09-13,9825,2015-03-16,1215,20415,,1,1,9,1400,0,1,3,,1,019,"RT 127","BADWATER RD",105600.00,N,N,A,-,Y,INY,9,127,-,-,30.540,H,-,N,Y,3,0,1,1,A,-,01,23152,A,N,F,A,A,A,H,-,A,D,0,,,,,Y,Y,A,01,0,1,0,0,0,0,0,0,0,"- ","- ",36.184550000000002,-116.34218,INYO,UNINCORPORATED,-116.34029814,36.187187610000002
6863011,2015,2016-09-13,9825,2015-03-13,0750,020444,,5,1,9,1400,0,1,2,,2,002,"RT 395","ROCKING W DR",210.00,S,N,A,-,Y,INY,9,395,-,-,117.600,H,-,N,Y,4,0,1,2,A,-,09,21804,A,N,D,C,A,A,H,-,A,A,1,,,,,Y,,A,01,0,0,1,0,0,0,0,0,0,"- ","- ",37.375990000000002,-118.41961000000001,INYO,UNINCORPORATED,-118.41895508,37.375900850000001
6865756,2015,2016-09-13,9825,2015-03-27,1126,018685,,5,1,9,1400,0,1,3,,2,016,"RT 190","SALINE VALLEY RD",6336.00,E,N,A,-,Y,INY,9,190,-,-,42.700,H,-,E,Y,2,0,3,2,A,-,03,22350,,N,B,C,A,A,H,-,A,D,0,,,Y,,Y,,C,02,2,0,1,0,0,0,0,0,3,"- ","- ",,,INYO,UNINCORPORATED,-117.61106993999999,36.372440539999999
6866766,2015,2015-05-20,9825,2015-03-05,1137,12536,,4,1,9,1400,0,1,2,,1,006,"RT 395","WHITNEY ST",5092.00,N,N,A,-,Y,INY,9,395,-,-,38.760,H,-,N,Y,1,1,2,2,A,-,06,21751,,N,A,C,A,A,H,-,A,A,0,,,,,Y,,D,22,1,1,0,0,0,0,0,0,0,"- ","- ",36.33869,-118.02049,INYO,UNINCORPORATED,-118.02078794000001,36.335897420000002
6867551,2015,2016-09-13,9825,2015-03-27,1027,018960,,5,1,9,1400,0,1,2,,1,004,"US 395","BLACK ROCK SPRINGS RD",9504.00,S,N,A,-,Y,INY,9,395,-,-,80.100,H,-,N,Y,4,0,1,1,A,-,08,22107,,N,E,J,A,A,H,-,A,D,0,,,,,Y,,D,22,0,0,1,0,0,0,0,0,0,"- ","- ",36.890189999999997,-118.24173,INYO,UNINCORPORATED,-118.24145344,36.889253320000002
6877339,2015,2016-04-26,9825,2015-03-28,1400,17941,,6,2,9,1400,0,2,4,,2,074,"DANTES VIEW RD","RT 190",23760.00,S,N,A,-,N,,,,,,,,,,Y,2,0,2,1,A,-,08,22107,,N,F,A,A,A,H,-,A,D,0,,,Y,,Y,,C,02,1,1,0,0,0,0,0,0,2,"- ","- ",,,INYO,UNINCORPORATED,-116.68490876,36.305770240000001
6892318,2015,2016-12-19,9825,2015-04-18,0130,17941,,6,3,9,1400,0,1,3,,2,020,"RT 178","NEVADA STATE LINE",7392.00,W,N,A,-,Y,INY,9,178,-,-,60.750,H,-,E,Y,2,0,1,1,A,-,08,22107,,N,F,A,A,A,H,-,D,D,0,,,,,Y,,D,22,1,0,0,0,0,0,0,0,0,"- ","- ",,,INYO,UNINCORPORATED,-116.13081662,36.162539000000002
6898769,2015,2016-12-19,9825,2015-04-20,1250,17072,,1,1,9,1400,0,1,3,,1,018,"RT 190","FURNACE CREEK INN DRWY",568.00,E,N,A,-,Y,INY,9,190,-,-,110.830,H,-,W,N,3,0,1,1,A,-,08,22107,,N,F,A,A,A,H,-,A,D,0,,,Y,,Y,,C,02,0,1,0,0,0,0,0,0,1,"- ","- ",36.451300000000003,-116.64941,INYO,UNINCORPORATED,-116.86439962,36.454122910000002
6899251,2015,2016-12-19,9825,2015-04-16,1235,011906,,4,1,9,1400,0,2,4,,2,021,"BARLOW LN","RT 168",109.00,N,N,A,-,Y,INY,9,168,-,-,16.798,I,6,W,N,4,0,1,2,A,-,03,22350,,N,C,C,A,A,H,-,A,A,0,,,,,Y,,A,01,0,0,1,0,0,0,0,0,0,"- ","- ",37.38167,-118.42310000000001,INYO,UNINCORPORATED,-118.42304887,37.361308819999998
6899255,2015,2017-10-02,9825,2015-04-12,1528,018685,,7,2,9,1400,0,1,2,,1,004,"US 395","FISH HATCHERY RD",0.00,,Y,A,-,Y,INY,9,395,-,-,75.730,I,5,N,Y,3,0,1,1,A,-,01,23152,A,N,E,I,A,A,H,-,A,D,1,,,,,Y,Y,A,01,0,1,0,0,0,0,0,0,0,"- ","- ",36.829619999999998,-118.22363,INYO,UNINCORPORATED,-118.22334644,36.829799149999999
6899259,2015,2016-12-19,9825,2015-04-15,0655,017072,,3,1,9,1400,0,1,3,,1,018,"RT 190","BORAX RD",291.00,E,N,A,-,Y,INY,9,190,-,-,109.130,H,-,W,Y,2,0,1,1,A,-,08,22107,,N,F,A,A,A,H,-,A,D,0,,,,,Y,,A,01,1,0,0,0,0,0,0,0,0,"- ","- ",36.490670000000001,-116.67001999999999,INYO,UNINCORPORATED,-116.86874373000001,36.479093859999999
6905434,2015,2016-12-19,9825,2015-06-23,1230,20415,,2,1,9,1400,0,1,3,,1,019,"RT 127","RT 178",541.00,S,N,A,-,Y,INY,9,127,-,-,16.330,H,-,S,Y,2,0,3,2,A,-,05,21460,A,N,A,C,A,A,H,-,A,D,0,,,,,Y,,A,07,1,1,1,0,0,0,0,0,0,"- ","- ",35.94341,-116.27337,INYO,UNINCORPORATED,-116.27413466,35.99498518
6905757,2015,2015-05-16,9825,2015-04-14,1515,17072,,2,2,9,1400,0,3,5,,2,050,"ARTISTS DR","BADWATER RD",14203.00,E,N,F,G,N,,,,,,,,,,Y,1,1,0,1,A,-,08,22107,,N,F,A,A,A,H,-,A,D,0,,,Y,,Y,,C,02,0,0,0,0,0,0,0,1,0,"- ","- ",36.347920000000002,-116.79371999999999,INYO,UNINCORPORATED,-116.82160376,36.376094039999998
6910203,2015,2015-05-13,9825,2015-04-11,1400,019814,,6,2,9,1400,0,3,5,,2,040,"UN-NAMED DIRT RD","DIXON LN",7392.00,N,N,A,-,N,,,,,,,,,,,2,0,1,1,A,-,03,38305,,N,F,A,A,A,H,-,A,D,0,,,Y,,Y,,C,02,1,0,0,0,0,0,0,0,1,"- ","- ",37.408430000000003,-118.44659,INYO,UNINCORPORATED,-118.44664,37.408574999999999
6919809,2015,2015-06-16,9825,2015-05-07,1715,12536,,4,2,9,1400,0,3,5,,2,060,"TRONA WILDROSE RD","BALLARAT RD",3696.00,S,N,B,-,N,,,,,,,,,,Y,2,0,1,1,A,-,08,22107,,N,F,A,A,A,H,-,A,D,0,,,Y,,Y,,C,02,1,0,0,0,0,0,0,0,1,"- ","- ",36.028840000000002,-117.29107999999999,INYO,UNINCORPORATED,-117.29162882,36.028693189999998
6919810,2015,2015-06-16,9825,2015-05-10,1125,12536,,7,1,9,1400,0,3,5,,2,060,"LITTLE LAKE RD","RT 395",792.00,S,N,A,-,N,,,,,,,,,,Y,3,0,1,2,A,-,03,22350,,N,F,A,A,A,A,-,A,D,0,,,Y,,Y,,C,02,0,1,0,0,0,0,0,0,1,"- ","- ",,,INYO,UNINCORPORATED,-117.90782,35.931480000000001
6920554,2015,2015-06-02,9825,2015-05-15,0730,16784,,5,1,9,1400,0,3,5,,2,060,"S HAY ST","E MOUNTAIN VIEW ST",0.00,,Y,B,-,N,,,,,,,,,,N,3,0,1,2,A,-,12,22450,A,N,D,G,A,A,H,-,A,A,0,,Y,,,Y,,L,04,0,1,0,0,0,0,1,0,0,"- ","- ",36.60595,-118.06003,INYO,UNINCORPORATED,-118.0600601,36.606030079999996
6920558,2015,2016-12-19,9825,2015-05-14,0120,16784,,4,3,9,1400,0,1,2,,1,007,"RT 395","CINDER RD",640.00,N,N,B,-,Y,INY,9,395,-,R,13.090,H,-,S,Y,3,0,1,1,A,-,08,22107,,N,F,A,A,A,H,-,D,D,1,,,,Y,Y,,G,25,0,1,0,0,0,0,0,0,0,"- ","- ",35.978099999999998,-117.92419,INYO,UNINCORPORATED,-117.92481526,35.979239
6922377,2015,2016-12-19,9825,2015-05-07,2100,20090,,4,2,9,1400,0,1,3,,1,012,"RT 168","WHITE MOUNTAIN RD",7920.00,W,N,B,D,Y,INY,9,168,-,-,29.900,H,-,W,Y,4,0,1,1,A,-,03,22350,,N,E,I,A,B,H,-,C,D,0,,,,,Y,,A,01,0,0,1,0,0,0,0,0,0,"- ","- ",37.262569999999997,-118.15543,INYO,UNINCORPORATED,-118.15066908999999,37.259234859999999
6924977,2015,2015-06-05,9825,2015-05-12,1500,17072,,2,2,9,1400,0,2,4,,2,077,"PANAMINT VALLEY RD","MINIETTA RD",26928.00,N,N,A,-,N,,,,,,,,,,Y,3,0,1,1,A,-,08,22107,,N,F,A,A,A,H,-,A,D,0,,,,,Y,,A,01,0,1,0,0,0,0,0,0,0,"- ","- ",36.3108,-117.39943,INYO,UNINCORPORATED,-117.40008650999999,36.311079710000001
6927410,2015,2015-05-29,9825,2015-05-10,1730,20415,,7,2,9,1400,0,2,4,,2,052,"OLD SPANISH TRAIL HWY","FURNACE CREEK RD",52800.00,E,N,A,-,N,,,,,,,,,,N,2,0,1,1,A,-,08,22107,,N,F,A,A,A,H,-,A,D,0,,,Y,,Y,,C,02,1,0,0,0,0,0,0,0,1,"- ","- ",35.89931,-116.01566,INYO,UNINCORPORATED,-116.05305289,35.885257770000003
6929096,2015,2017-10-02,9825,2015-05-20,1020,017565,,3,1,9,1400,0,1,2,,1,003,"RT 395","CROCKER ST",0.00,,Y,A,-,Y,INY,9,395,-,-,100.320,H,-,S,Y,3,0,1,2,A,-,09,21801,A,N,D,C,A,A,H,-,A,D,0,,,,,Y,,A,01,0,1,0,0,0,0,0,0,0,"- ","- ",37.166200000000003,-118.28972,INYO,UNINCORPORATED,-118.28958618,37.166222930000004
6944193,2015,2016-12-19,9825,2015-05-25,1628,012536,,1,2,9,1400,0,1,2,,1,006,"RT 395","RT 136",128.00,S,N,A,-,Y,INY,9,395,-,-,55.900,H,-,S,Y,3,0,1,2,A,-,08,22107,,N,D,C,A,A,H,-,A,D,0,,,,,Y,,D,22,0,1,0,0,0,0,0,0,0,"- ","- ",36.579050000000002,-118.05763,INYO,UNINCORPORATED,-118.05762849,36.580338679999997
6949709,2015,2016-12-19,9825,2015-05-29,1110,018685,,5,1,9,1400,0,1,2,,1,007,"RT 395","LITTLE LAKE RD",10560.00,S,N,A,-,Y,INY,9,395,-,R,7.510,H,-,N,N,2,0,1,1,A,-,08,22107,,N,F,A,A,A,H,-,A,D,1,,,Y,,Y,,C,02,1,0,0,0,0,0,0,0,1,"- ","- ",,,INYO,UNINCORPORATED,-117.90021916000001,35.902140350000003
6949849,2015,2016-12-19,9825,2015-06-02,1135,20450,,2,1,9,1400,0,1,2,,1,007,"RT 395","SAGE FLATS RD",12672.00,N,N,A,-,Y,INY,9,395,-,-,31.820,H,-,N,Y,3,0,1,1,A,-,08,22107,,N,F,A,A,A,H,-,A,D,0,,,,,Y,,A,01,0,1,0,0,0,0,0,0,0,"- ","- ",36.233629999999998,-117.98038,INYO,UNINCORPORATED,-117.98787119000001,36.244283449999998
6962541,2015,2016-12-19,9825,2015-06-04,1415,18441,,4,2,9,1400,0,1,3,,1,012,"RT 168 E","WHITE MOUNTAIN RD",31152.00,E,N,B,C,Y,INY,9,168,-,-,37.200,H,-,E,N,2,0,1,1,A,-,08,22107,,N,F,A,A,B,E,-,A,D,0,,,Y,,Y,,C,02,1,0,0,0,0,0,0,0,1,"- ","- ",37.315730000000002,-118.10149,INYO,UNINCORPORATED,-118.11024198,37.313581450000001
6963257,2015,2016-12-19,9825,2015-06-10,1610,12536,,3,2,9,1400,0,1,3,,2,016,"RT 190","DARWIN RD",22176.00,W,N,B,-,Y,INY,9,190,-,-,33.430,H,-,W,Y,2,0,2,2,A,-,03,22350,,N,C,C,A,A,H,-,A,D,0,,,Y,,Y,,C,02,2,0,0,0,0,0,0,0,2,"- ","- ",36.333649999999999,-117.73732,INYO,UNINCORPORATED,-117.73477701,36.333303989999997
6963330,2015,2015-07-10,9825,2015-06-10,0300,20415,,3,3,9,1400,0,2,4,,2,077,"PANAMINT VALLEY RD","TRONA WILDROSE RD",5280.00,N,N,B,-,N,,,,,,,,,,Y,2,0,2,1,A,-,08,22107,,N,F,A,A,A,H,-,D,D,0,,,,,Y,,A,01,1,1,0,0,0,0,0,0,0,"- ","- ",36.180790000000002,-117.31142,INYO,UNINCORPORATED,-117.31091481,36.180000939999999
6970448,2015,2017-01-30,9825,2015-07-02,2000,20736,,4,2,9,1400,0,1,3,,2,016,"RT 190","PANAMINT VALLEY RD",23232.00,W,N,A,-,Y,INY,9,190,-,-,53.510,H,-,W,Y,4,0,1,1,A,-,08,22107,,N,E,I,A,A,H,-,D,D,0,,,,,Y,,D,22,0,0,1,0,0,0,0,0,0,"- ","- ",36.347189999999998,-117.31486,INYO,UNINCORPORATED,-117.49181965,36.346357439999998
6972803,2015,2016-12-19,9825,2015-06-12,1650,18441,,5,2,9,1400,0,1,3,,1,012,"RT 168","DEATH VALLEY RD",6864.00,E,N,A,-,Y,INY,9,168,-,-,21.990,H,-,E,N,4,0,1,2,A,-,01,23152,A,M,B,C,A,A,H,-,A,D,0,,,,,Y,Y,A,01,0,0,1,0,0,0,0,0,0,"- ","- ",37.199860000000001,-118.24344000000001,INYO,UNINCORPORATED,-118.24408923999999,37.197088209999997
6974299,2015,2016-12-19,9825,2015-06-18,0750,17941,,4,1,9,1400,0,1,3,,1,019,"RT 127","OLD SPANISH TRAIL HWY",13200.00,S,N,A,-,Y,INY,9,127,-,-,4.010,H,-,S,Y,3,0,1,1,A,-,08,22107,,N,E,I,A,A,H,-,A,D,0,,,,Y,Y,,G,25,0,1,0,0,0,0,0,0,0,"- ","- ",,,INYO,UNINCORPORATED,-116.31634119,35.848394849999998
6974435,2015,2015-07-09,9825,2015-06-19,1715,18441,,5,2,9,1400,0,3,5,,2,040,"UNNAMED DIRT RD","TUNGSTEN CITY RD",1584.00,N,N,A,-,N,,,,,,,,,,,2,0,1,1,A,-,08,38314,,N,F,A,A,A,H,-,A,D,0,,,Y,,Y,,C,02,1,0,0,0,0,0,0,0,1,"- ","- ",37.367150000000002,-118.49381,INYO,UNINCORPORATED,-118.49381,37.367150000000002
6983257,2015,2015-07-28,9825,2015-07-05,0300,018685,,7,3,9,1400,0,3,5,,2,060,"MOVIE RD","MOFFAT RANCH RD",13200.00,S,N,A,-,N,,,,,,,,,,Y,4,0,1,1,A,-,03,22350,,N,F,A,A,A,H,-,D,D,0,,,,,Y,,D,22,0,0,1,0,0,0,0,0,0,"- ","- ",36.635449999999999,-118.12438,INYO,UNINCORPORATED,-118.124353,36.635413
6983408,2015,2017-01-30,9825,2015-07-01,1507,018685,,3,2,9,1400,0,1,2,,1,006,"RT 395","RT 190",12672.00,N,N,A,-,Y,INY,9,395,-,-,37.070,H,-,S,Y,3,0,1,1,A,-,01,23152,A,N,H,A,A,A,H,-,A,D,0,,,,,Y,Y,B,01,0,1,0,0,0,0,0,0,0,"- ","- ",36.312710000000003,-118.02623,INYO,UNINCORPORATED,-118.02614586,36.312404450000002
6988067,2015,2015-07-20,9825,2015-06-20,1800,020810,,6,2,9,1400,0,2,4,,2,021,"SEE VEE LN","LINE ST",1584.00,N,N,A,-,N,,,,,,,,,,Y,3,0,1,1,A,-,01,23152,A,N,F,I,A,A,H,-,A,D,0,,,,,Y,Y,A,01,0,1,0,0,0,0,0,0,0,"- ","- ",37.366109999999999,-118.41379999999999,INYO,UNINCORPORATED,-118.4138325,37.365662739999998
6989449,2015,2015-07-17,9825,2015-06-29,1050,020415,,1,1,9,1400,0,2,4,,2,052,"OLD SPANISH TRAIL HWY","FURNACE CREEK WASH RD",200.00,W,N,A,-,N,,,,,,,,,,Y,3,0,1,2,A,-,05,21650,,N,A,C,A,A,H,-,A,D,0,,,,,Y,,A,01,0,1,0,0,0,0,0,0,0,"- ","- ",35.845820000000003,-116.20276,INYO,UNINCORPORATED,-116.20290545,35.845757239999998
6989453,2015,2016-12-19,9825,2015-06-28,0840,020415,,7,1,9,1400,0,1,3,,2,020,"RT 178","RT 127",26400.00,E,N,A,-,Y,INY,9,178,-,-,47.910,H,-,W,Y,2,0,1,1,A,-,08,22107,,N,F,A,A,A,H,-,A,D,0,,,Y,,Y,,C,02,1,0,0,0,0,0,0,0,1,"- ","- ",35.98462,-116.24576,INYO,UNINCORPORATED,-116.20221038,35.995788140000002
6994161,2015,2017-01-30,9825,2015-07-16,1315,020736,,4,1,9,1400,0,1,2,,1,005,"RT 395","MANZANAR REWARD RD",6336.00,S,N,A,-,Y,INY,9,395,-,-,66.800,H,-,S,Y,3,0,3,1,A,-,08,22107,,N,F,A,A,A,H,-,A,D,0,,,,,Y,,A,07,0,2,1,0,0,0,0,0,0,"- ","- ",36.720390000000002,-118.1392,INYO,UNINCORPORATED,-118.13901849,36.719390699999998
6995059,2015,2017-01-30,9825,2015-07-19,2247,020335,9825,7,3,2,1401,0,1,2,,1,006,"RT 395","CARROLL CREEK RD",7920.00,N,N,B,-,Y,INY,9,395,-,-,50.950,H,-,N,Y,3,0,1,2,A,-,01,23152,A,N,C,C,A,A,H,-,D,D,1,,,,Y,Y,Y,A,07,0,1,0,0,0,0,0,0,0,"- ","- ",36.516919999999999,-118.03802,INYO,BISHOP,-118.03430555,36.511829400000003
6995101,2015,2015-07-31,9825,2015-07-14,1840,013479,,2,2,9,1400,0,3,5,,2,040,"ROCKING K RD","ED POWERS RD",2112.00,W,N,A,-,N,,,,,,,,,,N,3,0,1,1,A,-,01,23152,A,N,E,I,A,A,H,-,A,D,0,,,,,Y,Y,A,01,0,1,0,0,0,0,0,0,0,"- ","- ",37.361150000000002,-118.48482,INYO,UNINCORPORATED,-118.48475809,37.360975199999999
6999670,2015,2017-01-30,9825,2015-07-11,1129,018925,,6,1,9,1400,0,1,2,,1,003,"RT 395","SUNLAND INDIAN RESERVATION RD",0.00,,Y,A,-,Y,INY,9,395,-,-,112.320,I,5,S,Y,3,0,1,2,A,-,09,21802,A,N,D,C,A,A,H,-,A,A,1,,,,,Y,,D,22,0,1,0,0,0,0,0,0,0,"- ","- ",37.332099999999997,-118.39407,INYO,UNINCORPORATED,-118.38752728999999,37.317933330000002
7001129,2015,2017-01-30,9825,2015-07-14,1235,016631,,2,1,9,1400,0,1,2,,1,004,"RT 395","ELNA RD",2112.00,N,N,A,-,Y,INY,9,395,-,-,92.170,H,-,N,Y,3,0,1,1,A,-,08,22107,,N,E,I,A,A,H,-,A,D,0,,,,,Y,,A,01,0,1,0,0,0,0,0,0,0,"- ","- ",37.059289999999997,-118.23751,INYO,UNINCORPORATED,-118.2366413,37.058070030000003
7005504,2015,2015-07-28,9825,2015-07-04,1000,018925,,6,1,9,1400,0,3,5,,2,040,"FIVE BRIDGES RD","FISH SLOUGH RD",63.00,E,N,B,-,N,,,,,,,,,,Y,2,0,1,1,A,-,01,23152,A,M,E,I,A,A,H,-,A,D,0,,,,,Y,Y,A,01,1,0,0,0,0,0,0,0,0,"- ","- ",,,INYO,UNINCORPORATED,,
7005505,2015,2017-01-30,9825,2015-07-07,0540,012536,,2,3,9,1400,0,1,3,,2,016,"RT 190","RT 395",14256.00,E,N,A,-,Y,INY,9,190,-,-,12.290,H,-,E,Y,3,0,1,1,A,-,08,22107,,N,F,A,A,A,H,-,A,D,0,,,,,Y,,A,01,0,1,0,0,0,0,0,0,0,"- ","- ",,,INYO,UNINCORPORATED,-117.97862135,36.308504120000002
7011035,2015,2015-08-10,9825,2015-07-23,1330,17941,,4,1,9,1400,0,2,4,,2,072,"BADWATER RD","HARRY WADE RD",50160.00,N,N,A,-,N,,,,,,,,,,N,3,0,1,1,A,-,03,22350,,N,F,A,A,A,H,-,A,D,0,,,Y,,Y,,C,02,0,1,0,0,0,0,0,0,1,"- ","- ",,,INYO,UNINCORPORATED,-116.74801286,36.009671920000002
7011036,2015,2017-01-30,9825,2015-07-27,1800,17072,,1,2,9,1400,0,1,3,,1,019,"RT 127","OLD SPANISH TRAIL HWY",5280.00,S,N,A,-,Y,INY,9,127,-,-,5.510,H,-,S,Y,3,0,1,1,A,-,01,23152,A,N,F,A,A,A,H,-,A,D,0,,,,,Y,Y,A,07,0,1,0,0,0,0,0,0,0,"- ","- ",,,INYO,UNINCORPORATED,-116.3015815,35.866723229999998
7024456,2015,2017-01-30,9825,2015-08-12,1220,017072,,3,1,9,1400,0,1,3,,1,019,"RT 127","TECOPA HOT SPRINGS RD",4805.00,S,N,A,-,Y,INY,9,127,-,-,8.580,H,-,N,Y,2,0,2,2,A,-,05,21650,,N,A,C,A,A,H,-,A,D,0,,,,,Y,,D,22,2,0,0,0,0,0,0,0,0,"- ","- ",35.887560000000001,-116.25736000000001,INYO,UNINCORPORATED,-116.25758801000001,35.88511518
7028398,2015,2017-01-30,9825,2015-08-10,1140,17072,,1,1,9,1400,0,1,3,,1,018,"RT 190","RT 127",14942.00,W,N,A,-,Y,INY,9,190,-,-,137.850,H,-,E,Y,3,0,1,1,A,-,01,23152,A,N,F,A,A,A,H,-,A,D,0,,,,,Y,Y,A,07,0,1,0,0,0,0,0,0,0,"- ","- ",36.303249999999998,-116.46653000000001,INYO,UNINCORPORATED,-116.46457104,36.303639560000001
7030638,2015,2017-01-30,9825,2015-08-09,1206,020335,,7,1,9,1400,0,1,2,,1,007,"RT 395","N HALWEE RD",1176.00,N,N,A,-,Y,INY,9,395,-,-,25.710,H,-,N,Y,4,0,2,1,A,-,08,22107,,N,E,J,A,A,H,-,A,A,0,,,,,Y,,A,01,0,0,2,0,0,0,0,0,0,"- ","- ",36.237520000000004,-117.98345999999999,INYO,UNINCORPORATED,-117.97568178,36.156475280000002
7038334,2015,2017-01-30,9825,2015-08-14,1130,017941,,5,1,9,1400,0,1,3,,1,018,"RT 190","DANTES VIEW RD",8976.00,E,N,A,-,Y,INY,9,190,-,-,124.200,H,-,W,Y,3,0,2,3,A,-,03,22350,,N,C,C,A,A,H,-,A,D,0,,,Y,,Y,,C,02,0,2,0,0,0,0,0,0,2,"- ","- ",,,INYO,UNINCORPORATED,-116.68501872,36.37538284
7041911,2015,2017-01-30,9825,2015-08-26,1030,11906,,3,1,9,1400,0,1,2,,2,001,"RT 395","ED POWERS RD",1056.00,S,N,A,-,Y,INY,9,395,-,-,120.750,H,-,N,N,3,0,1,1,A,-,03,22350,,N,F,A,A,A,H,-,A,D,1,,Y,,,Y,,L,04,0,1,0,0,0,0,1,0,0,"- ","- ",37.379480000000001,-118.47421,INYO,UNINCORPORATED,-118.47432395,37.37970189
7041919,2015,2015-09-15,9825,2015-08-19,1350,16119,,3,1,9,1400,0,3,5,,2,040,"HIGHLAND DR","BARLOW LN",1056.00,W,N,A,-,N,,,,,,,,,,Y,3,0,1,1,A,-,08,22107,,N,E,I,A,A,H,-,A,D,0,,,,,Y,,A,01,0,1,0,0,0,0,0,0,0,"- ","- ",37.353340000000003,-118.42882,INYO,UNINCORPORATED,-118.42657701,37.353391989999999
7042735,2015,2017-01-30,9825,2015-08-16,1520,18960,,7,2,9,1400,0,1,3,,1,012,"RT 168","DEATH VALLEY RD",682.00,E,N,A,-,Y,INY,9,168,-,-,20.970,H,-,E,Y,2,0,1,1,A,-,08,22107,,N,F,A,A,A,H,-,A,D,0,,,Y,,Y,,C,02,1,0,0,0,0,0,0,0,1,"- ","- ",37.186100000000003,-118.25112,INYO,UNINCORPORATED,-118.25291831,37.185252970000001
7042736,2015,2015-08-29,9825,2015-08-16,0705,20090,,7,1,9,1400,0,3,5,,2,040,"SILVER CANYON RD","JOE SMITH RD",528.00,E,N,A,-,N,,,,,,,,,,N,4,0,1,1,A,-,08,22107,,N,E,I,A,A,H,-,A,D,0,,,,,Y,,A,01,0,0,1,0,0,0,0,0,0,"- ","- ",37.401200000000003,-118.34223,INYO,UNINCORPORATED,-118.34357066,37.401020359999997
7064662,2015,2017-01-30,9825,2015-09-15,1230,020415,,2,1,9,1400,0,1,3,,1,019,"RT 127","TECOPA HOT SPRINGS RD",10560.00,S,N,B,-,Y,INY,9,127,-,-,7.490,H,-,S,Y,3,0,1,1,A,-,08,22107,,N,F,A,A,B,H,-,A,D,0,,,,,Y,,A,01,0,1,0,0,0,0,0,0,0,"- ","- ",35.885660000000001,-116.25696000000001,INYO,UNINCORPORATED,-116.27146995,35.875742000000002
7064965,2015,2017-01-30,9825,2015-09-05,0345,17941,,6,3,9,1400,0,1,3,,1,019,"RT 127","TECOPA HOT SPRINGS RD",4224.00,S,N,A,-,Y,INY,9,127,-,-,8.690,H,-,S,Y,3,0,1,1,A,-,08,22107,,N,E,I,A,A,H,-,D,D,0,,,,,Y,,A,01,0,1,0,0,0,0,0,0,0,"- ","- ",,,INYO,UNINCORPORATED,-116.25726301,35.886844179999997
90020374,2015,2015-10-19,9825,2015-09-18,1756,020183,,5,2,9,1400,0,1,2,,2,002,US-395,"TU SU LANE",0.00,,Y,B,-,Y,,,395,,,,,,,Y,4,0,1,2,A,-,01,23152,A,M,B,C,A,A,H,-,A,D,0,,,,,Y,Y,D,22,0,0,1,0,0,0,0,0,0,"- ","- ",37.375839999999997,-118.41849000000001,INYO,UNINCORPORATED,-118.41848936,37.375799559999997
90022605,2015,2015-10-19,9825,2015-09-23,0845,014450,,3,1,9,1400,0,3,5,,2,040,"SUNLAND INDIAN RESERVATION ROAD","US 395",40.00,W,N,A,-,N,,,,,,,,,,N,4,0,1,2,A,-,03,22350,,N,C,C,A,A,H,-,A,D,0,,,,,Y,,D,22,0,0,1,0,0,0,0,0,0,"- ","- ",37.199339999999999,-118.23707,INYO,UNINCORPORATED,,
90024191,2015,2015-10-19,9825,2015-09-25,1045,018685,,5,1,9,1400,0,1,2,,1,006,"US-39 N/B","LUBKEN CANYON RD",0.00,,Y,A,-,Y,,,,,,,,,,Y,2,0,3,2,A,-,09,21802,A,N,D,D,A,A,H,-,A,A,0,,,,,Y,,A,01,1,2,0,0,0,0,0,0,0,"- ","- ",36.542020000000001,-118.04702,INYO,UNINCORPORATED,,
90024193,2015,2015-10-19,9825,2015-09-26,1743,018685,,6,2,9,1400,0,1,2,,1,006,"US-395 S/B","POST ST",6.00,S,N,A,-,Y,,,,,,,,,,N,4,0,1,2,A,-,03,22350,,N,B,G,A,A,H,-,A,D,0,,Y,,,Y,,D,22,0,0,1,0,0,0,1,0,0,"- ","- ",,,INYO,UNINCORPORATED,,
90024692,2015,2015-10-19,9825,2015-09-30,0945,011906,,3,1,9,1400,0,1,2,,2,001,"US 395","ED POWERS ROAD",0.00,,Y,B,-,Y,,,,,,,,,,N,3,0,1,2,A,-,12,22450,A,N,D,G,A,A,H,-,A,A,0,,Y,,,Y,,L,04,0,1,0,0,0,0,1,0,0,"- ","- ",37.380609999999997,-118.47722,INYO,UNINCORPORATED,,
90027962,2015,2015-10-19,9825,2015-10-05,1200,020415,,1,1,9,1400,0,1,3,,2,017,SR-190,SR-127,58080.00,W,N,B,-,Y,,,190,,,,,,,Y,2,0,1,1,A,-,08,22107,,N,F,A,A,B,F,-,A,D,0,,,Y,,Y,,C,02,1,0,0,0,0,0,0,0,1,"- ","- ",36.352040000000002,-116.64023,INYO,UNINCORPORATED,-116.64015096,36.352326400000003
90028231,2015,2015-10-19,9825,2015-10-04,1240,020183,,7,1,9,1400,0,1,2,,1,004,US-395,"SOUTH FISH SPRINGS ROAD",106.00,S,N,B,-,Y,,,395,,,,,,,Y,3,0,1,1,A,-,08,22107,,N,F,I,A,B,H,-,A,D,0,,,,,Y,,D,22,0,1,0,0,0,0,0,0,0,"- ","- ",37.064700000000002,-118.23945999999999,INYO,UNINCORPORATED,-118.23947674999999,37.06469354
90029048,2015,2015-10-19,9825,2015-10-02,2000,012536,,5,2,9,1400,0,3,5,,2,060,"UNNAMED DIRT ROAD","MAZOURKA CANYON RD",5280.00,N,N,A,-,N,,,,,,,,,,N,2,0,1,1,C,-,18,,,N,E,H,A,A,H,-,D,D,0,,,Y,,Y,,-,"- ",1,0,0,0,0,0,0,0,1,"- ","- ",36.807209999999998,-118.17189,INYO,UNINCORPORATED,-118.17189,36.807209999999998
90030060,2015,2015-10-29,9825,2015-10-04,1150,012536,,7,1,9,1400,0,1,2,,1,006,US-395,"WHITNEY ST.",8448.00,N,N,C,F,Y,,,395,,,,,,,Y,3,0,1,1,A,-,03,22350,,N,F,A,A,B,G,-,A,D,0,,,,,Y,,A,01,0,1,0,0,0,0,0,0,0,"- ","- ",36.346080000000001,-118.02200000000001,INYO,UNINCORPORATED,-118.02205743,36.346068129999999
90033404,2015,2015-10-19,9825,2015-10-18,1815,020810,,7,2,9,1400,0,1,2,,1,004,"US-395 S/B","TABOOSE LN",3696.00,S,N,B,-,Y,,,395,,,,,,S,Y,4,0,2,1,A,-,08,22107,,N,F,I,A,A,H,-,B,A,0,,,,,Y,,A,01,0,0,2,0,0,0,0,0,0,"- ","- ",36.987819999999999,-118.23454,INYO,UNINCORPORATED,-118.23406479000001,36.987730689999999
90038870,2015,2015-10-27,9825,2015-10-25,0945,020415,,7,1,9,1400,0,2,4,,2,078,"TRONA WILDROSE RD","PANAMINT VALLEY RD",5280.00,S,N,B,-,N,,,,,,,,,,Y,4,0,1,1,A,-,08,22107,,N,F,A,A,A,D,-,A,D,0,,,Y,,Y,,C,02,0,0,1,0,0,0,0,0,1,"- ","- ",36.15305,-117.29821,INYO,UNINCORPORATED,-117.29850795999999,36.154642340000002
90042721,2015,2015-11-02,9825,2015-10-27,0650,020415,,2,1,9,1400,0,2,4,,2,073,"DAYLIGHT PASS RD",SR-190,5280.00,N,N,B,-,N,,,,,,,,,,Y,2,0,1,1,A,-,03,22350,,N,F,A,A,A,H,-,A,D,0,,,,,Y,,E,23,1,0,0,0,0,0,0,0,0,"- ","- ",36.646230000000003,-117.04116999999999,INYO,UNINCORPORATED,-116.94458641,36.602384219999998
90042753,2015,2015-11-02,9825,2015-10-29,1155,014450,,4,1,9,1400,0,3,5,,2,040,"BUCKLEY PONDS ROAD","EAST LINE STREET",6864.00,S,N,A,-,N,,,,,,,,,,Y,3,0,3,2,A,-,03,22350,,N,A,C,A,A,H,-,A,D,0,,,,,Y,,A,01,0,2,1,0,0,0,0,0,0,"- ","- ",37.209650000000003,-118.20341000000001,INYO,UNINCORPORATED,,
90046110,2015,2015-11-06,9825,2015-10-28,1000,012536,,3,1,9,1400,0,3,5,,2,060,"DIRT RD. SOUTH OF CACTUS FLATS RD.","CACTUS FLATS RD",1584.00,S,N,A,-,N,,,,,,,,,,N,2,0,1,1,A,-,01,23152,A,N,F,A,A,A,H,-,A,D,0,,,Y,,Y,Y,C,06,1,0,0,0,0,0,0,0,1,"- ","- ",36.250070000000001,-117.98703,INYO,UNINCORPORATED,-117.98703,36.250070000000001
90057365,2015,2015-11-23,9825,2015-11-22,1735,017565,,7,2,9,1400,0,1,2,,2,001,"US 395 (SOUTHBOUND)","PLEASANT VALLEY DAM RD",76.00,S,N,A,-,Y,,,,,,,,,,Y,3,0,2,2,A,-,01,23152,A,N,C,C,A,A,H,-,D,A,0,,,,,Y,Y,A,07,0,1,1,0,0,0,0,0,0,"- ","- ",37.388739999999999,-118.49926000000001,INYO,UNINCORPORATED,-118.50044382,37.389631020000003
90060483,2015,2015-11-27,9825,2015-11-21,0540,016784,,6,3,9,1400,0,1,2,,1,007,"US HWY 395 N-BOUND","SAGE FLATS DR",6864.00,N,N,A,-,Y,,,395,,,,,,N,Y,3,0,2,1,A,-,08,22107,,N,F,A,A,A,H,-,D,D,0,,,,,Y,,A,01,0,1,1,0,0,0,0,0,0,"- ","- ",36.228670000000001,-117.98033,INYO,UNINCORPORATED,-117.98040811,36.228645419999999
90060486,2015,2015-11-27,9825,2015-11-21,2145,017941,,6,2,9,1400,0,1,3,,2,020,"STATE ROUTE 178","THE NEVADA STATE LINE",2640.00,W,N,A,-,Y,,,,,,,,,,Y,4,0,1,1,A,-,08,22107,,N,F,A,A,A,H,-,D,D,0,,,,,Y,,A,01,0,0,1,0,0,0,0,0,0,"- ","- ",,,INYO,UNINCORPORATED,,
90063532,2015,2015-12-02,9825,2015-11-19,2010,018441,,4,2,9,1400,0,1,2,,2,001,"US-395 S/B","GORGE ROAD",3696.00,N,N,A,-,Y,,,395,,,,,,S,Y,3,0,1,1,A,-,08,22107,,N,F,A,A,A,H,-,D,D,0,,,,,Y,,A,01,0,1,0,0,0,0,0,0,0,"- ","- ",37.457749999999997,-118.57651,INYO,UNINCORPORATED,-118.57641811000001,37.457790989999999
90068524,2015,2015-12-09,9825,2015-12-03,1508,017072,,4,2,9,1400,0,1,3,,2,020,SR-178,"NEVADA STATE LINE",3168.00,W,N,A,-,Y,,,178,,,,,,,Y,4,0,2,1,A,-,08,22107,,N,F,A,A,A,H,-,A,D,0,,,,,Y,,A,01,0,0,2,0,0,0,0,0,0,"- ","- ",36.164560000000002,-116.11933000000001,INYO,UNINCORPORATED,-116.11939839999999,36.164910300000003
90072346,2015,2015-12-14,9825,2015-12-05,1235,017941,,6,1,9,1400,0,1,3,,1,019,"STATE ROUTE 178","THE NEVADA STATE LINE",1056.00,W,N,A,-,Y,,,,,,,,,,Y,4,0,1,1,A,-,08,22107,,N,E,J,A,A,H,-,A,D,0,,,,,Y,,A,01,0,0,1,0,0,0,0,0,0,"- ","- ",,,INYO,UNINCORPORATED,,
90072601,2015,2015-12-14,9825,2015-12-03,0755,012536,,4,1,9,1400,0,1,2,,1,007,US-395,"S. HAIWEE RD.",0.00,,Y,A,-,Y,,,395,,,,,,,Y,3,0,1,2,A,-,09,21802,A,N,D,D,A,A,H,-,A,A,0,,,,,Y,,D,22,0,1,0,0,0,0,0,0,0,"- ","- ",36.140120000000003,-117.97392000000001,INYO,UNINCORPORATED,-117.97387702,36.140124579999998
90072797,2015,2015-12-14,9825,2015-12-11,1450,014450,,5,2,9,1400,0,3,5,,2,040,"OWEN RIVER ROAD","WARM SPRINGS RD",3696.00,N,N,B,-,N,,,,,,,,,,Y,4,0,1,1,A,-,03,22350,,N,F,A,A,A,H,-,A,D,0,,,,,Y,,D,22,0,0,1,0,0,0,0,0,0,"- ","- ",37.19811,-118.19456,INYO,UNINCORPORATED,,
90078312,2015,2015-12-18,9825,2015-12-16,0730,017941,,3,1,9,1400,0,1,3,,2,017,"STATE ROUTE 190","WILDROSE CANYON ROAD",15312.00,E,N,A,-,Y,,,,,,,,,,Y,3,0,1,1,A,-,08,22107,,N,F,A,A,A,H,-,A,D,0,,,,,Y,,D,22,0,1,0,0,0,0,0,0,0,"- ","- ",36.591200000000001,-117.2101,INYO,UNINCORPORATED,,
90081801,2015,2015-12-24,9825,2015-12-20,0600,020415,,7,1,9,1400,0,1,3,,1,018,SR-190,"DANTES VIEW RD",500.00,E,N,B,-,Y,,,190,,,,,,,Y,2,0,1,1,A,-,08,22107,,N,F,A,A,B,H,-,E,D,0,,,,,Y,,D,22,1,0,0,0,0,0,0,0,0,"- ","- ",36.374319999999997,-116.69398,INYO,UNINCORPORATED,-116.69418548,36.374491489999997
90085570,2015,2015-12-30,9825,2015-12-25,1630,017072,,5,2,9,1400,0,2,4,,2,075,"DAYLIGHT PASS RD","BEATTY CUTT OFF ROAD",3696.00,E,N,B,-,N,,,,,,,,,,Y,3,0,1,1,A,-,01,23152,A,N,F,A,A,A,H,-,D,D,0,,,,,Y,Y,A,01,0,1,0,0,0,0,0,0,0,"- ","- ",36.733179999999997,-116.97235999999999,INYO,UNINCORPORATED,-116.97235999999999,36.733179999999997
90086619,2015,2015-12-31,9825,2015-12-29,1320,020415,,2,1,9,1400,0,1,3,,2,020,"SR-178 WEST",SR-127,15840.00,W,N,A,-,Y,,,178,,,,,,,N,3,0,1,1,A,-,08,22107,,N,F,A,A,A,H,-,A,D,0,,,,,Y,,D,22,0,1,0,0,0,0,0,0,0,"- ","- ",35.991010000000003,-116.33233,INYO,UNINCORPORATED,-116.33191003,35.990627189999998
90087734,2015,2016-01-04,9825,2015-12-28,1017,018685,,1,1,9,1400,0,1,2,,1,006,"US-395 N/B","BARTLETT RD",3168.00,S,N,A,-,Y,,,395,,,,,,N,Y,4,0,1,1,A,-,08,22107,,N,F,A,A,A,H,-,A,D,0,,,,,Y,,A,01,0,0,1,0,0,0,0,0,0,"- ","- ",36.475790000000003,-118.0356,INYO,UNINCORPORATED,-118.03563738,36.475794800000003
90089791,2016,2016-01-06,9825,2016-01-05,1330,014450,,2,1,9,1400,0,1,3,,1,011,"SR-168 (WEST)","SOUTH LAKE ROAD",6864.00,W,N,D,-,Y,,,,,,,,,,Y,3,0,1,1,A,-,08,22107,,N,E,I,A,C,H,-,A,A,0,,,,,Y,,A,07,0,1,0,0,0,0,0,0,0,"- ","- ",37.146450000000002,-118.3569,INYO,UNINCORPORATED,-118.59460633,37.24426699
90093849,2016,2016-01-12,9825,2016-01-06,0723,016631,,3,1,9,1400,0,1,2,,1,003,"US-39 N/B",SR-168E,1056.00,N,N,B,-,Y,,,,,,,,,,Y,3,0,1,1,A,-,03,22350,,N,E,I,A,C,H,-,B,D,0,,,,Y,Y,,F,26,0,1,0,0,0,0,0,0,0,"- ","- ",37.175139999999999,-118.29165,INYO,UNINCORPORATED,,
90094680,2016,2016-01-13,9825,2016-01-07,1300,017072,,4,1,9,1400,0,2,4,,2,078,"TRONA WILDROSE RD","QUARRY RD",8448.00,N,N,A,-,N,,,,,,,,,,Y,3,0,1,1,A,-,08,22107,,N,F,A,A,A,H,-,A,D,0,,,,,Y,,A,01,0,1,0,0,0,0,0,0,0,"- ","- ",35.94455,-117.33562000000001,INYO,UNINCORPORATED,-117.33576591000001,35.943521279999999
90095129,2016,2016-01-14,9825,2016-01-10,0630,020335,,7,1,9,1400,0,1,2,,1,005,US-395,"EAST LUBKEN AVE",570.00,S,N,A,-,Y,,,395,,,,,,,Y,3,0,1,1,A,-,08,22107,,N,E,A,A,A,H,-,C,D,0,,,,,Y,,A,01,0,1,0,0,0,0,0,0,0,"- ","- ",36.612490000000001,-118.0659,INYO,UNINCORPORATED,-118.06583784999999,36.612507020000002
90100633,2016,2016-01-22,9825,2016-01-15,1530,017941,,5,2,9,1400,0,3,5,,2,050,"HARRY WADE ROAD","BADWATER ROAD",16368.00,S,N,A,-,N,,,,,,,,,,Y,3,0,1,1,A,-,08,22107,,N,F,A,A,A,G,-,A,D,0,,,Y,,Y,,C,02,0,1,0,0,0,0,0,0,1,"- ","- ",35.072330000000001,-116.61409999999999,INYO,UNINCORPORATED,-116.61364872999999,35.872056979999996
90103488,2015,2016-01-27,9825,2015-10-31,1839,020736,,6,2,9,1400,0,1,2,,1,007,US-395,"PEARSON ROAD",0.00,,Y,A,-,Y,,,395,,,,,,,Y,1,2,0,2,A,-,09,21804,A,N,D,C,A,A,H,-,D,D,0,,,Y,,Y,,C,02,0,0,0,0,0,0,0,2,0,"- ","- ",35.798319999999997,-117.87255,INYO,UNINCORPORATED,-117.87258921999999,35.798317109999999
90103490,2015,2016-01-27,9825,2015-10-31,1840,020736,,6,2,9,1400,0,1,2,,1,007,US-395,"PEARSON RD",0.00,,Y,A,-,Y,,,395,,,,,,,Y,2,0,1,2,C,-,18,,,N,G,B,E,A,G,-,D,D,0,Y,,,,Y,,-,"- ",1,0,0,0,1,0,0,0,0,"- ","- ",35.798459999999999,-117.87256000000001,INYO,UNINCORPORATED,-117.87259632,35.79845873
90103910,2016,2016-01-27,9825,2016-01-24,1420,020415,,7,2,9,1400,0,1,3,,2,020,"SR-178 E.","ASH MEADOWS RD",31680.00,W,N,B,-,Y,,,,,,,,,,Y,3,0,1,1,A,-,08,22107,,N,F,A,A,A,H,-,A,D,0,,,,,Y,,A,01,0,1,0,0,0,0,0,0,0,"- ","- ",36.159419999999997,-116.14108,INYO,UNINCORPORATED,,
90103957,2016,2016-01-27,9825,2016-01-19,1826,018925,,2,2,9,1400,0,3,5,,2,040,"BIR RD","BARLOW LANE",1584.00,W,N,A,-,N,,,,,,,,,,Y,2,0,6,1,A,-,01,23152,E,F,E,I,A,A,H,-,D,D,0,,,,,Y,,A,01,1,4,1,0,0,0,0,0,0,"- ","- ",37.335160000000002,-118.42621,INYO,UNINCORPORATED,-118.42640651000001,37.335017690000001
90107448,2016,2016-02-02,9825,2016-01-31,1200,020415,,7,1,9,1400,0,2,4,,2,072,"WEST SIDE ROAD","BADWATER RD",18480.00,W,N,B,-,N,,,,,,,,,,Y,2,0,1,1,A,-,03,22350,,N,F,A,A,B,H,-,A,D,0,,,Y,,Y,,C,02,1,0,0,0,0,0,0,0,1,"- ","- ",35.960259999999998,-116.75248000000001,INYO,UNINCORPORATED,-116.88165893,36.325859979999997
90110044,2016,2016-02-05,9825,2016-02-04,1155,019814,,4,1,9,1400,0,1,2,,1,004,"US-395 S/B","ABERDEEN STATION RD",4277.00,S,N,A,-,Y,,,395,,,,,,S,Y,2,0,1,1,A,-,08,22107,,N,E,I,A,A,H,-,A,D,0,,,,,Y,,A,07,1,0,0,0,0,0,0,0,0,"- ","- ",36.988169999999997,-118.2343,INYO,UNINCORPORATED,-118.23399306,36.988112309999998
90110081,2016,2016-02-05,9825,2016-01-30,0735,017941,,6,1,9,1400,0,3,5,,2,050,"TRONA WILDROSE RD","INDIAN RANCH ROAD",9504.00,S,N,A,-,N,,,,,,,,,,Y,3,0,2,1,A,-,08,22107,,N,F,A,A,A,D,-,A,D,0,,,,,Y,,A,01,0,1,1,0,0,0,0,0,0,"- ","- ",36.13935,-117.29563,INYO,UNINCORPORATED,-117.29552982,36.137851959999999
90112057,2016,2016-02-09,9825,2016-02-07,0030,020415,,7,3,9,1400,0,1,3,,2,020,"SR-178 E.","CHICAGO VALLEY RD.",5280.00,W,N,A,-,Y,,,178,,,,,,,Y,3,0,1,1,A,-,01,23152,A,N,F,A,A,A,A,H,D,D,0,,,,,Y,Y,D,22,0,1,0,0,0,0,0,0,0,"- ","- ",35.994210000000002,-116.20401,INYO,UNINCORPORATED,-116.2037213,35.993942680000004
90118782,2016,2016-06-23,9825,2016-02-16,0435,017072,,2,3,9,1400,0,3,5,,2,050,"SKYLINE DR","218 SKYLINE DRIVE",367.00,N,N,A,-,N,,,,,,,,,,Y,3,0,1,1,A,-,03,22350,,N,F,A,A,A,H,-,D,D,0,,,Y,,Y,,C,03,0,1,0,0,0,0,0,0,1,"- ","- ",36.509320000000002,-116.86091999999999,INYO,UNINCORPORATED,-116.86088562,36.509304159999999
90118787,2016,2016-02-18,9825,2016-02-12,1527,018960,,5,2,9,1400,0,3,5,,2,040,"SUNLAND DR.","MANDICH ST.",0.00,,Y,A,-,N,,,,,,,,,,Y,4,0,1,2,A,-,09,21802,A,N,D,C,A,A,H,-,A,A,0,,,,,Y,,A,07,0,0,1,0,0,0,0,0,0,"- ","- ",37.356969999999997,-118.40464,INYO,UNINCORPORATED,-118.40463009,37.356919910000002
90120253,2016,2016-02-22,9825,2016-02-12,1430,018685,,5,2,9,1400,0,1,2,,1,007,"US-395 N/B","GILL STATION COSO RD",201.00,S,N,A,-,Y,,,,,,,,,,Y,3,0,3,2,A,-,03,22350,,N,D,D,A,A,H,-,A,D,0,,,,,Y,,A,08,0,1,2,0,0,0,0,0,0,"- ","- ",,,INYO,UNINCORPORATED,-117.94705103,36.045266410000004
90120363,2016,2016-02-22,9825,2016-02-08,1200,017941,,1,1,9,1400,0,1,3,,1,018,"STATE ROUTE 190","STATE ROUTE 127",57024.00,W,N,A,-,Y,,,,,,,,,,N,3,0,1,2,A,-,05,21460,A,N,D,C,A,A,H,-,A,D,0,,,Y,,Y,,C,02,0,1,0,0,0,0,0,0,1,"- ","- ",36.34064,-116.59043,INYO,UNINCORPORATED,-116.59684894,36.340189119999998
90120376,2016,2016-02-22,9825,2016-02-12,1345,017941,,5,1,9,1400,0,2,4,,2,078,"TRONA WILDROSE RD","INDIAN RANCH ROAD",7920.00,S,N,A,-,N,,,,,,,,,,Y,3,0,1,1,A,-,08,22107,,N,F,A,A,A,B,D,A,D,0,,,Y,,Y,,C,02,0,1,0,0,0,0,0,0,1,"- ","- ",36.140149999999998,-117.29597,INYO,UNINCORPORATED,-117.29629425,36.14214613
90123472,2016,2016-02-25,9825,2016-02-22,1152,015522,,1,1,9,1400,0,1,2,,1,003,"US-395 N/B","KEOUGH HOT SPRINGS RD",15.00,N,N,A,-,Y,,,395,,,,,,N,Y,2,0,4,2,A,-,03,22350,,N,C,C,A,A,H,-,A,D,0,,,,,Y,Y,A,07,1,3,0,0,0,0,0,0,0,"- ","- ",37.258850000000002,-118.36113,INYO,UNINCORPORATED,-118.36111914999999,37.258855599999997
90124201,2016,2016-02-25,9825,2016-02-18,1618,020736,,4,2,9,1400,0,3,5,,2,060,"TUTTLE CREEK RD","WHITNEY PORTAL RD",3696.00,S,N,A,-,N,,,,,,,,,,Y,2,0,1,1,A,-,08,22107,,N,F,A,A,A,B,-,B,D,0,,,Y,,Y,,C,02,1,0,0,0,0,0,0,0,1,"- ","- ",36.59366,-118.07589,INYO,UNINCORPORATED,-118.07579256,36.593212319999999
90125835,2016,2016-02-29,9825,2016-02-20,2213,020183,,6,3,9,1400,0,3,5,,2,040,"SCHOEBER LN","BARLOW LN",0.00,,Y,B,-,N,,,,,,,,,,Y,3,0,1,1,A,-,01,23152,A,N,E,I,A,A,H,-,C,A,0,,,,,Y,Y,A,01,0,1,0,0,0,0,0,0,0,"- ","- ",37.20429,-118.25221999999999,INYO,UNINCORPORATED,-118.4228401,37.345259990000002
90125851,2016,2016-02-29,9825,2016-02-18,2312,018925,,4,3,9,1400,0,1,2,,1,004,US-395,"NORTH FORT INDEPENDENCE RD.",2112.00,N,N,A,-,Y,,,395,,,,,,,Y,3,0,2,1,A,-,08,22107,,N,E,I,A,A,H,-,D,D,0,,,,,Y,,A,01,0,2,0,0,0,0,0,0,0,"- ","- ",36.855550000000001,-118.23365,INYO,UNINCORPORATED,-118.23321803,36.85565476
90127494,2016,2016-03-02,9825,2016-02-28,1400,020415,,7,2,9,1400,0,1,3,,2,017,SR-190,"EMIGRANT CANYON RD.",1000.00,E,N,A,-,Y,,,190,,,,,,,Y,2,0,1,2,A,-,08,22107,,N,D,C,A,A,H,-,A,D,0,,,,,Y,,D,22,1,0,0,0,0,0,0,0,0,"- ","- ",36.49803,-117.22689,INYO,UNINCORPORATED,-117.22686958,36.498029510000002
90127501,2016,2016-03-02,9825,2016-02-28,1800,020415,,7,2,9,1400,0,2,4,,2,076,"EMIGRANT CANYON RD.",SR-190,21120.00,S,N,A,-,N,,,,,,,,,,Y,3,0,1,1,A,-,08,22107,,N,F,A,A,A,H,-,D,D,0,,,,,Y,,A,01,0,1,0,0,0,0,0,0,0,"- ","- ",36.475589999999997,-117.21116000000001,INYO,UNINCORPORATED,-117.211175,36.475538
90131595,2016,2016-03-08,9825,2016-03-06,1029,020118,,7,1,9,1400,0,1,3,,1,015,SR-136,"CERRO GORDO RD",6864.00,W,N,A,-,Y,,,136,,,,,,,Y,4,0,1,3,A,-,08,22107,,N,B,C,A,A,H,-,A,D,0,,,,,Y,,A,01,0,0,1,0,0,0,0,0,0,"- ","- ",36.471020000000003,-117.85355,INYO,UNINCORPORATED,-117.85349454,36.471059060000002
90134559,2016,2016-03-11,9825,2016-03-05,1130,017941,,6,1,9,1400,0,1,3,,1,019,"THE WEST SIDE ROAD","BADWATER ROAD",0.00,,N,A,-,N,,,,,,,,,,N,4,0,1,1,A,-,03,22350,,N,F,A,A,A,G,-,A,D,0,,,Y,,Y,,C,02,0,0,1,0,0,0,0,0,1,"- ","- ",35.954219999999999,-116.74665,INYO,UNINCORPORATED,-116.84488949999999,36.365940000000002
90136265,2016,2016-03-14,9825,2016-03-07,1910,020335,,1,2,9,1400,0,1,2,,1,006,US-395,SR-136,555.00,N,N,B,C,Y,,,395,,,,,,,Y,3,0,1,2,A,-,01,23152,A,N,D,C,A,B,H,-,D,D,0,,,,,Y,Y,A,01,0,1,0,0,0,0,0,0,0,"- ","- ",36.581740000000003,-118.05754,INYO,UNINCORPORATED,-118.05760727000001,36.581740429999996
90136272,2016,2016-03-14,9825,2016-02-20,1230,017941,,6,1,9,1400,0,1,3,,2,017,"STATE ROUTE 190","WILDROSE CANYON ROAD",29568.00,W,N,A,-,Y,,,190,,,,,,,Y,1,1,0,1,A,-,08,22107,,N,F,A,A,A,H,-,A,D,0,,,Y,,Y,,C,02,0,0,0,0,0,0,0,1,0,"- ","- ",36.422539999999998,-117.26598,INYO,UNINCORPORATED,-117.26589001000001,36.422540720000001
90136547,2016,2016-03-15,9825,2016-03-05,1600,017941,,6,2,9,1400,0,1,3,,2,017,"STATE ROUTE 190","WILDROSE CANYON ROAD",1056.00,E,N,A,-,Y,,,190,,,,,,,Y,3,0,5,2,A,-,08,22107,,N,A,D,A,A,H,-,A,D,0,,,,,Y,,A,07,0,1,4,0,0,0,0,0,0,"- ","- ",36.497689999999999,-117.22692000000001,INYO,UNINCORPORATED,-117.22687773,36.49768899
90139323,2016,2016-03-18,9825,2016-03-06,0200,020415,,7,3,9,1400,0,1,3,,2,020,"SR-178 E.","CHICAGO VALLEY RD.",26400.00,E,N,A,-,Y,,,178,,,,,,,Y,3,0,3,1,A,-,08,22107,,N,F,A,A,A,H,-,E,D,0,,,,,Y,,A,01,0,1,2,0,0,0,0,0,0,"- ","- ",36.121250000000003,-116.17941,INYO,UNINCORPORATED,-116.17895728000001,36.121089550000001
90139345,2016,2016-03-18,9825,2016-03-13,1420,020415,,7,2,9,1400,0,1,3,,1,018,SR-190,"DANTES VIEW RD",26400.00,E,N,A,-,Y,,,190,,,,,,,Y,2,0,3,1,A,-,08,22107,,N,F,A,A,A,H,-,A,D,0,,,,,Y,,A,07,1,0,2,0,0,0,0,0,0,"- ","- ",36.375070000000001,-116.68059,INYO,UNINCORPORATED,-116.68058969000001,36.375077689999998
90139405,2016,2016-03-18,9825,2016-03-09,1545,017072,,3,2,9,1400,0,1,3,,2,020,SR-178,"CHICAGO VALLEY RD",8448.00,W,N,A,-,Y,,,178,,,,,,,Y,4,0,2,1,A,-,08,22107,,N,F,A,A,A,H,-,A,D,0,,,,,Y,,A,01,0,0,2,0,0,0,0,0,0,"- ","- ",35.992229999999999,-116.21268999999999,INYO,UNINCORPORATED,-116.21278245000001,35.991795320000001
90139408,2016,2016-03-18,9825,2016-03-13,1230,020530,,7,1,9,1400,0,1,2,,1,003,"US HWY 395 N-BOUND","COLLINS RD",49.00,S,N,A,-,Y,,,395,,,,,,N,Y,3,0,1,1,A,-,01,23152,A,N,E,I,A,A,H,-,A,D,0,,,,,Y,Y,A,01,0,1,0,0,0,0,0,0,0,"- ","- ",37.28163,-118.37285,INYO,UNINCORPORATED,-118.37278239,37.281651480000001
90141794,2016,2016-03-23,9825,2016-03-19,2115,020415,,6,2,9,1400,0,1,3,,1,019,SR-127,"SR-178 W.",5280.00,N,N,A,-,Y,,,127,,,,,,,Y,2,0,3,1,A,-,08,22107,,N,F,A,A,A,H,-,E,D,0,,,,,Y,,A,01,2,1,0,0,0,0,0,0,0,"- ","- ",36.01773,-116.29418,INYO,UNINCORPORATED,-116.29409775000001,36.017761120000003
90147116,2016,2016-03-29,9825,2016-03-24,1220,014450,,4,1,9,1400,0,1,3,,1,011,"SR-168 WEST","TU SU LANE",0.00,,Y,A,-,Y,,,,,,,,,,N,4,0,2,2,A,-,03,22350,,N,C,C,A,A,H,-,A,D,0,,,,,Y,,A,07,0,0,2,0,0,0,0,0,0,"- ","- ",37.216700000000003,-118.25117,INYO,UNINCORPORATED,,
90149219,2016,2016-04-01,9825,2016-03-27,1600,020415,,7,2,9,1400,0,2,4,,2,072,"BADWATER RD.",SR-190,26400.00,S,N,A,-,N,,,,,,,,,,N,3,0,1,2,D,-,00,,,N,B,C,A,A,H,-,A,D,0,,,,,Y,Y,-,"- ",0,1,0,0,0,0,0,0,0,"- ","- ",36.403300000000002,-116.84666,INYO,UNINCORPORATED,-116.8501254,36.379082709999999
90150706,2016,2016-04-05,9825,2016-03-26,0500,016784,,6,3,9,1400,0,1,3,,2,016,SR-190,"PANAMINT VALLEY RD",23760.00,E,N,A,-,Y,,,190,,,,,,,Y,4,0,1,1,A,-,08,22107,,N,E,I,A,A,H,-,D,D,0,,,,,Y,,M,47,0,0,1,0,0,0,0,0,0,"- ","- ",36.347250000000003,-117.32308,INYO,UNINCORPORATED,-117.32306234000001,36.347328079999997
90150855,2016,2016-04-05,9825,2016-04-02,1245,020736,,6,1,9,1400,0,1,3,,2,016,"SR-190 E/B",US-395,33264.00,E,N,A,-,Y,,,190,,,,,,E,Y,3,0,1,1,C,-,18,,,N,E,H,A,A,H,-,A,D,0,,,Y,,Y,,-,"- ",0,1,0,0,0,0,0,0,1,"- ","- ",36.341760000000001,-117.92137,INYO,UNINCORPORATED,-117.92132934999999,36.341703449999997
90153606,2016,2016-04-08,9825,2016-03-31,1230,017072,,4,1,9,1400,0,1,3,,1,019,SR-127,SR-178,4382.00,N,N,A,-,Y,,,,,,,,,,Y,3,0,3,1,A,-,08,22107,,N,E,I,A,A,H,-,A,A,0,,,,,Y,,A,07,0,3,0,0,0,0,0,0,0,"- ","- ",36.005099999999999,-116.26491,INYO,UNINCORPORATED,-116.28410445999999,36.0047912
90162822,2016,2016-04-21,9825,2016-04-17,1405,020415,,7,2,9,1400,0,1,3,,1,018,SR-190,SR-127,31680.00,W,N,A,-,Y,,,,,,,,,,Y,3,0,3,1,A,-,08,22107,,N,F,A,A,A,H,-,A,D,0,,,,,Y,,A,01,0,3,0,0,0,0,0,0,0,"- ","- ",36.304299999999998,-116.48465,INYO,UNINCORPORATED,-116.52165717,36.307003659999999
90162830,2016,2016-04-21,9825,2016-04-17,1430,020415,,7,2,9,1400,0,2,4,,2,073,"DEATH VALLEY RD.","UBEHEBE RD",63360.00,N,N,A,-,N,,,,,,,,,,Y,2,0,1,1,A,-,03,22350,,N,E,I,A,A,H,-,A,D,0,,,Y,,Y,,C,02,1,0,0,0,0,0,0,0,1,"- ","- ",37.117570000000001,-117.49916,INYO,UNINCORPORATED,-117.499139,37.117584000000001
90164967,2016,2016-04-25,9825,2016-04-22,1445,018685,,5,2,9,1400,0,1,3,,2,016,SR-190,"DARWIN CANYON RD",5280.00,W,N,A,G,Y,,,,,,,,,,N,4,0,1,1,A,-,03,22350,,N,F,A,A,A,H,-,A,D,0,,,Y,,Y,,C,02,0,0,1,0,0,0,0,0,1,"- ","- ",,,INYO,UNINCORPORATED,,
90165163,2016,2016-05-26,9825,2016-04-17,1515,019814,,7,2,9,1400,0,1,2,,2,001,US-395,"PINE CREEK RD./ MILL CREEK RD.",0.00,,Y,A,-,Y,,,395,,,,,,,Y,1,1,0,2,A,-,09,21802,A,N,D,C,A,A,H,-,A,A,0,,,Y,,Y,,A,07,0,0,0,0,0,0,0,1,0,"- ","- ",37.419429999999998,-118.55556,INYO,UNINCORPORATED,-118.55555160999999,37.419434150000001
90169682,2016,2016-04-29,9825,2016-04-24,1000,020415,,7,1,9,1400,0,2,4,,2,074,"DANTES'S VIEW RD.",SR-190,15840.00,S,N,B,-,Y,,,,,,,,,,Y,1,1,0,1,A,-,08,22107,,N,F,A,A,A,H,-,A,D,0,,,Y,,Y,,C,02,0,0,0,0,0,0,0,1,0,"- ","- ",36.341340000000002,-116.69240000000001,INYO,UNINCORPORATED,-116.68804179,36.325926199999998
90171890,2016,2016-05-03,9825,2016-04-23,1230,017941,,6,1,9,1400,0,1,3,,1,019,"STATE ROUTE 127","RANGER ROAD",25344.00,S,N,A,-,Y,,,,,,,,,,Y,3,0,1,1,A,-,08,22107,,N,F,A,A,A,H,-,A,D,0,,,,,Y,,A,01,0,1,0,0,0,0,0,0,0,"- ","- ",,,INYO,UNINCORPORATED,-116.25783474000001,35.893358210000002
90176079,2016,2016-05-10,9825,2016-04-23,1538,018685,,6,2,9,1400,0,1,2,,1,007,"US-395 N/B","LITTLE LAKE RD",678.00,S,N,A,-,Y,,,395,,,,,,N,Y,2,0,29,1,C,-,18,,,N,E,I,A,A,H,-,A,D,0,,,,,Y,,-,"- ",3,17,9,0,0,0,0,0,0,"- ","- ",35.937579999999997,-117.90575,INYO,UNINCORPORATED,-117.90583239999999,35.937567999999999
90177140,2016,2016-05-11,9825,2016-05-09,2105,018925,,1,2,9,1400,0,3,5,,2,040,"NORTH BARLOW LN.","BAR L LANE",112.00,N,N,A,-,N,,,,,,,,,,N,2,0,1,1,C,-,18,,,N,E,A,A,A,H,-,D,D,0,,,,,Y,,-,"- ",1,0,0,0,0,0,0,0,0,"- ","- ",37.377929999999999,-118.42281,INYO,UNINCORPORATED,-118.42295286,37.377837040000003
90183135,2016,2016-05-19,9825,2016-05-14,0500,017941,,6,3,9,1400,0,1,3,,2,017,"STATE ROUTE 190","WILDROSE CANYON ROAD",36960.00,W,N,A,-,Y,,,190,,,,,,,Y,3,0,2,1,A,-,08,22107,,N,E,I,A,A,H,-,B,D,0,,,,,Y,,A,01,0,2,0,0,0,0,0,0,0,"- ","- ",36.406140000000001,-117.27856,INYO,UNINCORPORATED,-117.27850650000001,36.406116709999999
90185004,2016,2016-05-23,9825,2016-05-19,0805,015522,,4,1,9,1400,0,1,3,,1,011,SR-168,"BARLOW LANE",0.00,,Y,A,-,Y,,,168,,,,,,,Y,3,0,2,3,A,-,12,21453,A,N,D,C,A,A,H,-,A,A,0,,,,,Y,,D,22,0,1,1,0,0,0,0,0,0,"- ","- ",37.361379999999997,-118.42295,INYO,UNINCORPORATED,-118.42294957999999,37.361308739999998
90189626,2016,2016-05-31,9825,2016-05-20,1225,012536,,5,1,9,1400,0,1,3,,2,016,SR-190,"PANAMINT VALLEY RD.",7392.00,E,N,G,-,Y,,,190,,,,,,,Y,4,0,2,2,A,-,05,21650,,N,A,C,A,A,B,C,A,A,0,,,,,Y,,A,01,0,0,2,0,0,0,0,0,0,"- ","- ",36.341169999999998,-117.39937,INYO,UNINCORPORATED,-117.39937018000001,36.341172589999999
90191064,2016,2016-05-31,9825,2016-05-29,0910,017565,,7,1,9,1400,0,3,5,,2,040,"INY 071S10 (COYOTE VALLEY RD)","RIATA RD",31680.00,E,N,A,-,N,,,,,,,,,,N,4,0,1,1,B,-,22,,,N,F,A,A,A,A,B,A,D,0,,,Y,,Y,,C,06,0,0,1,0,0,0,0,0,1,"- ","- ",37.307639999999999,-118.48215999999999,INYO,UNINCORPORATED,-118.481734,37.30836
90191603,2016,2016-05-31,9825,2016-05-21,1535,016784,,6,2,9,1400,0,1,2,,1,007,"US-395 S/B",DUNMOVIN,1056.00,N,N,A,-,Y,,,395,,,,,,S,Y,1,1,2,1,A,-,08,22107,,N,F,A,A,A,H,-,A,D,0,,,,,Y,,A,07,0,2,0,0,0,0,0,0,0,"- ","- ",36.096620000000001,-117.96510000000001,INYO,UNINCORPORATED,-117.96514818999999,36.096598739999997
90194822,2016,2016-06-06,9825,2016-05-28,2054,020190,,6,2,9,1400,0,3,5,,2,040,"COUNTY RD","REYNOLDS RD",10560.00,N,N,B,-,N,,,,,,,,,,Y,3,0,3,1,A,-,03,22350,,N,F,I,A,A,H,-,D,D,0,,,,,Y,Y,A,07,0,1,2,0,0,0,0,0,0,"- ","- ",37.113100000000003,-118.209,INYO,UNINCORPORATED,-118.33405021,37.190547350000003
90194850,2016,2016-06-06,9825,2016-05-28,1930,020125,,6,2,9,1400,0,3,5,,2,040,"TINEMAHA CREEK","FULLER CREEK",11616.00,W,N,A,-,N,,,,,,,,,,N,4,0,1,1,A,-,08,38314,,N,E,J,A,A,G,-,A,D,0,,,Y,,Y,,C,06,0,0,1,0,0,0,0,0,1,"- ","- ",37.246540000000003,-118.20556000000001,INYO,UNINCORPORATED,-118.24782,37.071370000000002
90194894,2016,2016-06-06,9825,2016-06-02,0930,015522,,4,1,9,1400,0,3,5,,2,040,"CANAL ROAD","WARM SPRINGS ROAD",1584.00,N,N,A,-,N,,,,,,,,,,Y,3,0,1,1,A,-,08,22107,,N,F,I,A,A,H,-,A,D,0,,,,,Y,Y,D,23,0,1,0,0,0,0,0,0,0,"- ","- ",37.329680000000003,-118.34161,INYO,UNINCORPORATED,-118.341615,37.329633999999999
90200405,2016,2016-06-13,9825,2016-06-05,1300,020415,,7,1,9,1400,0,1,3,,2,020,"SR-178 E.","ASH MEADOWS RD",31680.00,W,N,A,-,Y,,,,,,,,,,Y,3,0,1,1,A,-,08,22107,,N,F,A,A,A,H,-,A,D,0,,,,,Y,,A,01,0,1,0,0,0,0,0,0,0,"- ","- ",36.150930000000002,-116.15627000000001,INYO,UNINCORPORATED,,
90201353,2016,2016-06-14,9825,2016-06-09,1225,017941,,4,1,9,1400,0,2,4,,2,074,"DANTES VIEW ROAD","FURNACE CREEK WASH RD",18480.00,S,N,A,-,N,,,,,,,,,,Y,2,0,1,1,A,-,08,22107,,N,F,A,A,A,H,-,A,D,0,,,Y,,Y,,C,02,1,0,0,0,0,0,0,0,1,"- ","- ",36.135509999999996,-116.42480999999999,INYO,UNINCORPORATED,-116.70136323,36.229910070000003
90201913,2016,2016-06-15,9825,2016-06-13,1010,020118,,1,1,9,1400,0,1,2,,1,006,US-395,"FALL ROAD",750.00,S,N,A,-,Y,,,,,,,,,,N,3,0,1,2,A,-,03,22350,,N,E,J,F,A,C,-,A,D,0,Y,,,,Y,,A,01,0,1,0,0,1,0,0,0,0,"- ","- ",36.162309999999998,-118.06019999999999,INYO,UNINCORPORATED,-118.00183475999999,36.273328859999999
90202385,2016,2016-06-15,9825,2016-06-10,1124,014450,,5,1,9,1400,0,1,3,,1,011,"SR-168 (WEST) W/OF E. BISHOP CREEK RD.","BISHOP CREEK ROAD",528.00,W,N,A,-,Y,,,,,,,,,,Y,2,0,2,1,A,-,08,22107,,N,F,A,A,A,H,-,A,D,0,,,,,Y,,A,07,1,1,0,0,0,0,0,0,0,"- ","- ",37.204889999999999,-118.29088,INYO,UNINCORPORATED,-118.53924678999999,37.299450190000002
90203160,2016,2016-06-16,9825,2016-06-12,1445,017072,,7,2,9,1400,0,3,5,,2,050,"TECOPA HOT SPRINGS RD",SR-127,231.00,E,N,A,-,N,,,,,,,,,,Y,3,0,1,1,A,-,08,22107,,N,E,I,A,A,H,-,A,D,0,,,,,Y,,A,01,0,1,0,0,0,0,0,0,0,"- ","- ",35.87097,-116.28659,INYO,UNINCORPORATED,-116.25813266,35.899130020000001
90206981,2016,2016-06-22,9825,2016-06-12,2200,020530,,7,3,9,1400,0,3,5,,2,040,"SAWMILL RD.","SOUTH ROUND VALLEY RD",2112.00,S,N,A,-,N,,,,,,,,,,Y,4,0,2,1,A,-,01,23152,A,M,A,I,A,A,H,-,D,D,0,,,,,Y,Y,A,01,0,0,2,0,0,0,0,0,0,"- ","- ",37.383719999999997,-118.5016,INYO,UNINCORPORATED,-118.5001489,37.382835980000003
90207006,2016,2016-06-22,9825,2016-06-19,1300,020118,,7,1,9,1400,0,1,2,,1,005,"US-395 N/B","MANZANAR REWARD ROAD",5280.00,S,N,A,-,Y,,,,,,,,,,Y,4,0,3,1,A,-,08,22107,,N,H,A,A,A,H,-,A,D,0,,,,,Y,,A,07,0,0,3,0,0,0,0,0,0,"- ","- ",36.432029999999997,-118.82429,INYO,UNINCORPORATED,-118.13989735,36.722310409999999
90207426,2016,2016-06-22,9825,2016-06-15,1404,020736,,3,2,9,1400,0,1,3,,2,016,SR-190,"PANAMINT VALLEY RD",6864.00,E,N,F,-,Y,,,,,,,,,,Y,4,0,1,2,A,-,03,22350,,N,C,C,A,A,G,-,A,D,0,,,,Y,Y,,A,01,0,0,1,0,0,0,0,0,0,"- ","- ",,,INYO,UNINCORPORATED,-117.40048353,36.341117279999999
90211282,2016,2016-06-28,9825,2016-06-21,1756,020118,,2,2,9,1400,0,1,2,,1,006,US-395,"WHITNEY PORTAL ROAD",48.00,N,N,A,-,Y,,,395,,,,,,,Y,4,0,1,2,A,-,03,22350,,N,C,C,A,A,H,-,A,D,0,,,,,Y,,A,01,0,0,1,0,0,0,0,0,0,"- ","- ",36.605089999999997,-118.06313,INYO,UNINCORPORATED,-118.0631143,36.605098130000002
90211297,2016,2016-06-28,9825,2016-06-23,0910,017565,,4,1,9,1400,0,3,5,,2,040,"WHITE MOUNTAIN ROAD","SR 168 (EAST)",21120.00,N,N,A,-,N,,,,,,,,,,Y,3,0,3,1,A,-,03,22350,,N,F,A,A,A,H,-,A,D,0,,,,,Y,,A,01,0,3,0,0,0,0,0,0,0,"- ","- ",37.3202,-118.18089999999999,INYO,UNINCORPORATED,-118.18098092,37.32049636
90214626,2016,2016-07-01,9825,2016-06-29,2125,019230,,3,2,9,1400,0,2,4,,2,021,"S/B PA HA LN. S/O US-395",US395,1056.00,S,N,A,-,N,,,,,,,,,,N,3,0,1,2,A,-,03,22350,,F,H,G,A,A,H,-,D,D,0,,Y,,,Y,,A,01,0,1,0,0,0,0,1,0,0,"- ","- ",37.371780000000001,-118.42753999999999,INYO,UNINCORPORATED,-118.42754146,37.372941679999997
90214828,2016,2016-07-01,9825,2016-06-17,1400,017941,,5,2,9,1400,0,2,4,,2,076,"WILDROSE CANYON ROAD","STATE ROUTE 190",100320.00,S,N,A,-,N,,,,,,,,,,Y,3,0,2,1,A,-,08,22107,,N,F,A,A,A,H,-,A,D,0,,,,,Y,,A,01,0,2,0,0,0,0,0,0,0,"- ","- ",36.287529999999997,-117.18561,INYO,UNINCORPORATED,-117.185574,36.287512999999997
90216342,2016,2016-07-05,9825,2016-07-01,1448,018685,,5,2,9,1400,0,1,2,,1,006,US-395,SR-190,3168.00,S,N,A,-,Y,,,,,,,,,,Y,3,0,8,2,A,-,09,21801,A,N,D,C,A,A,H,-,A,D,0,,,,,Y,,A,01,0,5,3,0,0,0,0,0,0,"- ","- ",,,INYO,UNINCORPORATED,-118.00223552999999,36.274146289999997
90218160,2016,2016-07-07,9825,2016-06-29,2111,018925,,3,2,9,1400,0,1,2,,2,002,US-395,"SEE-VEE LN.",1584.00,S,N,A,-,Y,,,,,,,,,,N,4,0,1,1,C,-,18,,,N,E,H,A,A,H,-,C,D,0,,,Y,,Y,,-,"- ",0,0,1,0,0,0,0,0,1,"- ","- ",37.365729999999999,-118.41746000000001,INYO,UNINCORPORATED,,
90218663,2016,2016-07-08,9825,2016-07-03,0330,017941,,7,3,9,1400,0,1,3,,2,020,"STATE ROUTE 178","CHICAGO VALLEY ROAD",13200.00,W,N,A,-,Y,,,178,,,,,,,Y,4,0,2,1,A,-,08,22107,,N,E,I,A,A,H,-,D,D,0,,,,,Y,,A,01,0,0,2,0,0,0,0,0,0,"- ","- ",35.994950000000003,-116.23173,INYO,UNINCORPORATED,-116.23177432999999,35.995008689999999
90218906,2016,2016-07-08,9825,2016-06-26,2200,020530,,7,3,9,1400,0,3,5,,2,040,"BUTTERMILK RD","SR-168 W/B",16896.00,N,N,A,-,N,,,,,,,,,,Y,3,0,2,2,A,-,17,21701,,N,G,B,E,A,H,-,D,D,0,Y,,,,Y,,N,60,0,2,0,0,1,0,0,0,0,"- ","- ",37.328130000000002,-118.57086,INYO,UNINCORPORATED,-118.57085499999999,37.32808
90219148,2016,2016-07-08,9825,2016-07-02,1430,017565,,6,2,9,1400,0,1,3,,1,012,"SR168 (EASTBOUND)","DEATH VALLEY RD",41184.00,E,N,A,-,Y,,,168,,,,,,,Y,3,0,1,1,A,-,17,21662,A,N,F,A,A,A,H,-,A,D,0,,,Y,,Y,,C,02,0,1,0,0,0,0,0,0,1,"- ","- ",37.25356,-118.16181,INYO,UNINCORPORATED,-118.16179106,37.253545039999999
90219779,2016,2016-07-11,9825,2016-07-02,1240,019814,,6,1,9,1400,0,2,4,,2,021,"BROCKMAN LN","W. LINE ST.",660.00,N,N,A,-,N,,,,,,,,,,Y,3,0,1,1,A,-,08,22107,,N,E,I,A,A,H,-,A,D,0,,,,,Y,,A,07,0,1,0,0,0,0,0,0,0,"- ","- ",37.361040000000003,-118.43422,INYO,UNINCORPORATED,-118.43138474,37.363195949999998
90219784,2016,2016-07-11,9825,2016-07-03,0730,017941,,7,1,9,1400,0,1,3,,2,020,"STATE ROUTE 178","CHICAGO VALLEY ROAD",10560.00,W,N,A,-,Y,,,178,,,,,,,Y,3,0,2,1,A,-,08,22107,,N,F,A,A,A,H,-,A,D,0,,,,,Y,,A,01,0,1,1,0,0,0,0,0,0,"- ","- ",35.998469999999998,-116.22368,INYO,UNINCORPORATED,-116.22368781,35.998549560000001
90226583,2016,2016-07-20,9825,2016-07-15,1638,018960,,5,2,9,1400,0,1,3,,1,011,SR-168,"BARLOW LN.",0.00,,Y,A,-,Y,,,168,,,,,,,Y,4,0,1,2,A,-,03,22350,,N,C,C,A,A,H,-,A,A,0,,,,,Y,,D,22,0,0,1,0,0,0,0,0,0,"- ","- ",37.361339999999998,-118.42285,INYO,UNINCORPORATED,-118.42284982,37.361309339999998
90228550,2016,2016-07-22,9825,2016-07-20,1445,017941,,3,2,2,1401,0,1,3,,1,019,"STATE  ROUTE 127","STATE ROUTE 127",11616.00,S,N,A,-,Y,,,,,,,,,,Y,3,0,1,1,A,-,08,22107,,N,E,I,A,A,H,-,A,D,0,,,,,Y,,A,01,0,1,0,0,0,0,0,0,0,"- ","- ",35.94173,-116.26962,INYO,BISHOP,-116.42264418000001,36.375428929999998
90228556,2016,2016-07-22,9825,2016-07-16,2239,018685,,6,3,9,1400,0,1,3,,1,015,"SR-136 W/B","DOLOMITE LOOP ROAD (WEST END)",0.00,,Y,A,-,Y,,,,,,,,,,Y,3,0,2,2,A,-,01,23152,A,N,C,C,A,A,H,-,D,D,0,,,,,Y,Y,D,22,0,2,0,0,0,0,0,0,0,"- ","- ",,,INYO,UNINCORPORATED,-117.99719013000001,36.573990119999998
90229420,2016,2016-07-25,9825,2016-07-08,0050,020444,,5,3,9,1400,0,1,2,,1,003,"US HWY 395 N-BOUND","SUNLAND LN",3696.00,S,N,A,-,Y,,,395,,,,,,N,N,1,1,0,2,A,-,05,21202,A,N,C,G,A,A,H,-,D,A,0,,Y,,,Y,,L,04,0,0,0,0,0,1,0,0,0,"- ","- ",37.30883,-118.38252,INYO,UNINCORPORATED,-118.38257871,37.308799690000001
90231290,2016,2016-07-27,9825,2016-07-25,1403,020335,,1,2,9,1400,0,1,2,,1,007,US-395,"GILL STATION COSO RD",0.00,,Y,A,-,Y,,,395,,,,,,,Y,3,0,2,2,A,-,09,21802,A,N,D,C,A,A,H,-,A,A,0,,,,,Y,,A,07,0,1,1,0,0,0,0,0,0,"- ","- ",36.045830000000002,-117.94719000000001,INYO,UNINCORPORATED,-117.94719452,36.045828569999998
90232174,2016,2016-07-28,9825,2016-07-22,1010,020736,,5,1,9,1400,0,1,3,,2,020,SR-178,"NADEAU RD",18480.00,W,N,A,-,Y,,,,,,,,,,Y,3,0,1,1,A,-,08,22107,,N,F,A,A,A,H,-,A,D,0,,,,,Y,,A,01,0,1,0,0,0,0,0,0,0,"- ","- ",35.961640000000003,-117.33631,INYO,UNINCORPORATED,,
90233256,2016,2016-07-29,9825,2016-07-23,0100,019814,,6,3,9,1400,0,2,4,,2,021,"DIAZ LN.","SEE VEE LN.",20.00,W,N,A,-,N,,,,,,,,,,N,3,0,1,2,A,-,08,22107,,F,G,B,E,A,H,-,D,D,0,Y,,,,Y,Y,A,01,0,1,0,0,1,0,0,0,0,"- ","- ",37.368490000000001,-118.41398,INYO,UNINCORPORATED,-118.41390871,37.36853
90234929,2016,2016-08-01,9825,2016-07-24,2148,020118,,7,2,9,1400,0,1,2,,1,007,"N/B US-395","FIVE MILE CANYON",4752.00,N,N,A,-,Y,,,395,,,,,,,Y,3,0,2,1,A,-,08,22107,,N,E,I,A,A,H,-,D,D,0,,,,,Y,,D,22,0,2,0,0,0,0,0,0,0,"- ","- ",35.884210000000003,-117.89097,INYO,UNINCORPORATED,-117.89099107,35.8841964
90240515,2016,2016-08-09,9825,2016-08-04,2300,020530,,4,3,9,1400,0,2,4,,2,021,"NUUMU WAY","TU-SU LN",528.00,S,N,A,-,N,,,,,,,,,,Y,4,0,1,1,A,-,01,23152,A,N,E,I,A,A,H,-,D,D,0,,,,,Y,Y,A,01,0,0,1,0,0,0,0,0,0,"- ","- ",37.373170000000002,-118.41746999999999,INYO,UNINCORPORATED,-118.41839,37.373060000000002
90241292,2016,2016-08-09,9825,2016-08-07,1128,020118,,7,1,9,1400,0,1,2,,1,007,"N/B US-395","GILL STATION COSO ROAD",0.00,,Y,A,-,Y,,,395,,,,,,,Y,3,0,5,3,A,-,09,21802,A,N,D,C,A,A,H,-,A,D,0,,,,,Y,,A,07,0,3,2,0,0,0,0,0,0,"- ","- ",36.27393,-118.00264,INYO,UNINCORPORATED,-118.00223178,36.274130390000003
90241555,2016,2016-08-10,9825,2016-08-01,1515,020415,,1,2,9,1400,0,1,3,,2,017,SR-190,"EMIGRANT CANYON RD.",26400.00,W,N,A,-,Y,,,190,,,,,,,Y,2,0,1,1,A,-,08,22107,,N,E,I,A,A,H,-,A,D,0,,,Y,,Y,,C,02,1,0,0,0,0,0,0,0,1,"- ","- ",36.407209999999999,-117.27732,INYO,UNINCORPORATED,-117.2772658,36.407174400000002
90241658,2016,2016-08-10,9825,2016-08-07,1145,020335,,7,1,9,1400,0,2,4,,2,022,"WHITNEY PORTAL RD","FAIRBANKS ST",2112.00,W,N,A,-,N,,,,,,,,,,Y,4,0,1,2,A,-,06,21750,,N,D,C,A,A,D,G,A,D,0,,,,,Y,,A,07,0,0,1,0,0,0,0,0,0,"- ","- ",36.366999999999997,-118.43899999999999,INYO,UNINCORPORATED,-118.07835584,36.601736219999999
90242287,2016,2016-08-10,9825,2016-08-09,2145,020335,,2,2,9,1400,0,1,2,,1,006,US-395,"BARTELL RD",4752.00,S,N,A,-,Y,,,395,,,,,,,Y,2,0,1,1,C,-,18,,,N,E,I,A,A,H,-,D,D,0,,,,,Y,,-,"- ",1,0,0,0,0,0,0,0,0,"- ","- ",36.46998,-118.03581,INYO,UNINCORPORATED,-118.03592570000001,36.469987119999999
90244650,2016,2016-08-15,9825,2016-08-11,1942,020190,,4,2,9,1400,0,3,5,,2,040,"BIG PINE CANAL ROAD","SR-168 E/B",0.00,,N,A,-,N,,,,,,,,,,N,4,0,1,1,C,-,18,,,N,F,A,A,A,H,-,A,D,0,,,Y,,Y,,-,"- ",0,0,1,0,0,0,0,0,1,"- ","- ",37.161450000000002,-118.27822999999999,INYO,UNINCORPORATED,-118.3460535,37.229858999999998
90246634,2016,2016-08-17,9825,2016-08-13,1700,020415,,6,2,9,1400,0,1,3,,2,017,SR-190,"EMIGRANT CANYON RD.",5280.00,E,N,A,-,Y,,,190,,,,,,,Y,3,0,1,1,A,-,01,23152,A,N,F,A,A,A,H,-,A,D,0,,,,,Y,Y,A,07,0,1,0,0,0,0,0,0,0,"- ","- ",36.518990000000002,-117.22298000000001,INYO,UNINCORPORATED,-117.22291735,36.518977659999997
90246678,2016,2016-08-17,9825,2016-08-06,1025,017565,,6,1,9,1400,0,1,2,,1,004,"US 395 (SOUTHBOUND)","BLACK ROCK SPRINGS RD",9504.00,S,N,A,-,Y,,,,,,,,,,Y,4,0,2,1,A,-,08,22107,,N,E,I,A,A,H,-,A,D,0,,,,,Y,,A,01,0,0,2,0,0,0,0,0,0,"- ","- ",36.887430000000002,-118.24142999999999,INYO,UNINCORPORATED,-118.24217476,36.891061299999997
90247506,2016,2016-08-18,9825,2016-08-15,1850,013479,,1,2,9,1400,0,3,5,,2,040,"GLACIER LODGE ROAD","SUGARLOAF ROAD",35376.00,W,N,A,-,N,,,,,,,,,,N,3,0,1,2,A,-,03,22350,,N,C,C,A,A,H,-,A,D,0,,,Y,,Y,,C,02,0,1,0,0,0,0,0,0,1,"- ","- ",37.128329999999998,-118.40246,INYO,UNINCORPORATED,-118.40107707999999,37.128064279999997
90247523,2016,2016-08-18,9825,2016-08-16,2050,019230,,2,2,9,1400,0,3,5,,2,040,"ROCKING W DR","US 395",14.00,N,N,A,-,Y,,,,,,,,,,N,3,0,1,2,A,-,05,21650,,N,H,G,A,A,H,-,D,D,0,,Y,,,Y,,L,04,0,1,0,0,0,0,1,0,0,"- ","- ",37.375970000000002,-118.42022,INYO,UNINCORPORATED,,
90248052,2016,2016-08-18,9825,2016-08-14,1255,019814,,7,1,9,1400,0,1,3,,1,012,"SR-168 E/B","DEEP SPRINGS RANCH RD",25872.00,E,N,A,-,Y,,,168,,,,,,E,Y,3,0,1,1,A,-,03,22350,,N,F,I,A,A,B,H,A,D,0,,,Y,,Y,,C,02,0,1,0,0,0,0,0,0,1,"- ","- ",37.438659999999999,-117.94314,INYO,UNINCORPORATED,-117.94378811,37.438406389999997
90252137,2016,2016-08-24,9825,2016-08-19,0045,020183,,5,3,9,1400,0,1,2,,2,001,US-395,"GORGE RD",2112.00,S,N,A,-,Y,,,395,,,,,,,Y,3,0,3,1,A,-,08,22107,,N,F,I,A,A,H,-,D,D,0,,,,,Y,,A,07,0,3,0,0,0,0,0,0,0,"- ","- ",37.43938,-118.57022000000001,INYO,UNINCORPORATED,-118.57026934,37.439349120000003
90259250,2016,2016-09-01,9825,2016-08-23,1500,017072,,2,2,9,1400,0,3,5,,2,050,"DIRT ROAD",SR-178,446.00,W,N,A,-,Y,,,,,,,,,,Y,3,0,2,1,A,-,12,22450,A,N,E,I,A,A,H,-,A,A,0,,,,,Y,,A,07,0,1,1,0,0,0,0,0,0,"- ","- ",35.972740000000002,-116.27195,INYO,UNINCORPORATED,,
90261448,2016,2016-09-06,9825,2016-09-01,1225,021400,,4,1,9,1400,0,3,5,,2,040,"POLETA RD","VAN LOON LN",1056.00,W,N,A,-,N,,,,,,,,,,Y,3,0,1,1,A,-,08,22107,,N,E,I,A,A,H,-,A,D,0,,,,,Y,,D,22,0,1,0,0,0,0,0,0,0,"- ","- ",37.361400000000003,-118.36063,INYO,UNINCORPORATED,-118.36246593,37.361533280000003
90261629,2016,2016-09-06,9825,2016-09-01,1644,018685,,4,2,9,1400,0,1,3,,1,015,SR-136,"DOLOMITE LOOP RD.",9504.00,W,N,A,-,Y,,,,,,,,,,Y,3,0,3,1,A,-,08,22107,,N,F,A,A,A,H,-,A,D,0,,,,,Y,,A,07,0,2,1,0,0,0,0,0,0,"- ","- ",,,INYO,UNINCORPORATED,-118.02911290999999,36.577223269999998
90263222,2016,2016-09-07,9825,2016-09-01,1500,017941,,4,2,9,1400,0,1,3,,1,019,"STATE ROUTE 127","STATE ROUTE 178",33792.00,S,N,A,-,Y,,,127,,,,,,,Y,4,0,2,1,A,-,08,22107,,N,E,I,A,A,H,-,A,D,0,,,,,Y,,A,01,0,0,2,0,0,0,0,0,0,"- ","- ",35.881149999999998,-116.26139999999999,INYO,UNINCORPORATED,-116.26153985000001,35.881362150000001
90263223,2016,2016-09-07,9825,2016-08-30,0910,020415,,2,1,9,1400,0,1,3,,2,017,SR-190,"GROTTO CANYON RD.",1000.00,E,N,A,-,Y,,,190,,,,,,,Y,2,0,1,1,A,-,08,22107,,N,F,A,A,A,H,-,A,D,0,,,Y,,Y,,C,02,1,0,0,0,0,0,0,0,1,"- ","- ",36.601680000000002,-117.09923999999999,INYO,UNINCORPORATED,-117.09922458,36.601714489999999
90265590,2016,2016-09-12,9825,2016-09-10,2019,020183,,6,2,9,1400,0,3,5,,2,040,"403 ARBLOES DRIVE","ALISO CIR",356.00,E,N,B,-,N,,,,,,,,,,N,2,0,1,1,A,-,01,23152,A,N,E,I,A,A,H,-,C,D,0,,,Y,,Y,Y,C,02,1,0,0,0,0,0,0,0,1,"- ","- ",37.415280000000003,-118.54517,INYO,UNINCORPORATED,-118.54629343000001,37.415041309999999
90266369,2016,2016-09-13,9825,2016-09-02,1330,020736,,5,1,9,1400,0,2,4,,2,077,"SR-178 / PANAMINT VALLEY ROAD","NADEAU RD",18480.00,W,N,A,-,Y,,,,,,,,,,Y,2,0,5,1,A,-,03,22350,,N,F,A,A,A,H,-,A,D,0,,,,,Y,,A,07,1,4,0,0,0,0,0,0,0,"- ","- ",35.961640000000003,-117.33629999999999,INYO,UNINCORPORATED,,
90266830,2016,2016-09-13,9825,2016-09-07,1647,020335,,3,2,9,1400,0,2,4,,2,022,"WHITNEY PORTAL RD","HORSEHOSE MEADOWS RD",1584.00,E,N,A,-,N,,,,,,,,,,Y,2,0,1,1,A,-,17,21662,A,N,F,A,A,A,D,-,A,D,0,,,,Y,Y,,F,27,1,0,0,0,0,0,0,0,0,"- ","- ",36.118000000000002,-118.11142,INYO,UNINCORPORATED,-118.11068937,36.595706290000003
90273076,2016,2016-09-21,9825,2016-09-14,1851,021411,,3,2,9,1400,0,1,2,,1,005,"US 395","MANZANAR REWARD RD",5808.00,S,N,A,-,Y,,,,,,,,,,Y,4,0,1,1,A,-,08,22107,,N,F,I,A,A,H,-,D,D,0,,,,,Y,,A,07,0,0,1,0,0,0,0,0,0,"- ","- ",36.72045,-118.13858,INYO,UNINCORPORATED,-118.13939434,36.720865879999998
90274254,2016,2016-09-22,9825,2016-09-08,1200,017941,,4,1,9,1400,0,1,3,,2,020,"STATE ROUTE 178","STATE ROUTE 127",9504.00,E,N,A,-,Y,,,178,,,,,,,Y,3,0,1,1,A,-,08,22107,,N,F,A,A,A,H,-,A,D,0,,,Y,,Y,,C,02,0,1,0,0,0,0,0,0,1,"- ","- ",35.98348,-116.24619,INYO,UNINCORPORATED,-116.24625155,35.983510240000001
90284215,2016,2016-10-05,9825,2016-09-24,1113,018685,,6,1,9,1400,0,1,2,,1,006,"US-395 N/B","DIAZ LAKE DRIVEWAY",1160.00,N,N,A,-,Y,,,,,,,,,,N,2,0,1,2,A,-,03,22350,,N,C,E,A,A,H,-,A,D,0,,Y,,,Y,,L,04,1,0,0,0,0,0,1,0,0,"- ","- ",,,INYO,UNINCORPORATED,,
90284221,2016,2016-10-05,9825,2016-09-29,0840,018960,,4,1,9,1400,0,1,2,,2,001,US-395,"MILL CREEK",6864.00,S,N,A,-,Y,,,395,,,,,,,N,3,0,1,1,A,-,03,22350,,N,F,A,A,A,H,-,A,D,0,,Y,,,Y,,L,04,0,1,0,0,0,0,1,0,0,"- ","- ",37.397480000000002,-118.52079000000001,INYO,UNINCORPORATED,-118.52081988,37.39740192
90284367,2016,2016-12-08,9825,2016-09-29,0945,017035,,4,1,9,1400,0,1,2,,2,002,US-395,"BARLOW LANE",0.00,,Y,A,-,Y,,,395,,,,,,,N,3,0,1,2,A,-,12,21453,A,N,D,G,A,A,H,-,A,A,0,,Y,,Y,Y,,L,04,0,1,0,0,0,0,1,0,0,"- ","- ",37.375860000000003,-118.42306000000001,INYO,UNINCORPORATED,-118.42306009000001,37.375884849999998
90289362,2016,2016-10-11,9825,2016-10-04,0615,020415,,2,1,9,1400,0,2,4,,2,051,"STATELINE RD.",SR-127,10560.00,E,N,A,-,N,,,,,,,,,,Y,4,0,1,1,A,-,08,22107,,N,F,A,A,A,H,-,A,D,0,,,,,Y,,A,01,0,0,1,0,0,0,0,0,0,"- ","- ",36.31232,-116.39563,INYO,UNINCORPORATED,-116.38415796,36.317407160000002
90290525,2016,2016-10-12,9825,2016-10-10,0812,020118,,1,1,9,1400,0,1,2,,1,007,"US-395 N/B","PEARSONVILLE ROAD",3696.00,N,N,A,-,Y,,,395,,,,,,N,Y,3,0,1,1,A,-,08,22107,,N,F,A,A,A,D,-,A,D,0,,,Y,,Y,,C,02,0,1,0,0,0,0,0,0,1,"- ","- ",35.809510000000003,-117.87313,INYO,UNINCORPORATED,-117.87313493000001,35.809509810000002
90293111,2016,2016-10-17,9825,2016-10-13,0940,017565,,4,1,9,1400,0,3,5,,2,040,"COUNTY ROAD","REYNOLDS ROAD",18480.00,N,N,A,-,N,,,,,,,,,,Y,3,0,1,1,A,-,08,22107,,N,F,A,A,A,B,-,A,D,0,,,,,Y,,A,01,0,1,0,0,0,0,0,0,0,"- ","- ",37.202730000000003,-118.34975,INYO,UNINCORPORATED,-118.3507024,37.20495786
90295142,2016,2016-10-18,9825,2016-10-16,2230,020335,,7,3,9,1400,0,1,2,,1,006,US-395,"LAKE ST",4752.00,S,N,G,-,Y,,,395,,,,,,,Y,2,0,2,1,A,-,03,22350,,N,F,A,A,A,H,-,D,D,0,,,,Y,Y,,G,25,1,0,1,0,0,0,0,0,0,"- ","- ",36.306469999999997,-118.02349,INYO,UNINCORPORATED,-118.02352510999999,36.306454719999998
90300173,2016,2016-10-25,9825,2016-10-15,1540,017941,,6,2,9,1400,0,1,3,,1,018,"STATE ROUTE 190","FURNACE CREEK CAMPGROUND ROAD",105.00,E,N,A,G,N,,,,,,,,,,Y,3,0,1,2,A,-,03,22350,,N,A,D,A,A,H,-,A,D,0,,,Y,,Y,,C,02,0,1,0,0,0,0,0,0,1,"- ","- ",36.465879999999999,-116.85603999999999,INYO,UNINCORPORATED,,
90300191,2016,2016-10-25,9825,2016-10-20,0500,017941,,4,3,9,1400,0,1,3,,2,020,"STATE ROUTE 178","STATE ROUTE 127",10032.00,E,N,A,-,Y,,,178,,,,,,,Y,3,0,1,1,A,-,08,22107,,N,E,I,A,A,H,-,D,D,0,,,,,Y,,D,22,0,1,0,0,0,0,0,0,0,"- ","- ",35.984650000000002,-116.24558,INYO,UNINCORPORATED,-116.24553964,35.984608790000003
90303235,2016,2016-10-27,9825,2016-10-20,1455,017941,,4,2,9,1400,0,1,3,,2,020,"STATE ROUTE 178","THE NEVADA STATE LINE",42768.00,W,N,A,-,Y,,,178,,,,,,,Y,3,0,1,1,C,-,18,,,N,E,I,A,A,H,-,A,D,0,,,,Y,Y,,-,"- ",0,1,0,0,0,0,0,0,0,"- ","- ",36.081580000000002,-116.18600000000001,INYO,UNINCORPORATED,-116.18604396000001,36.081586340000001
90308401,2016,2016-11-01,9825,2016-10-29,1510,018685,,6,2,9,1400,0,3,5,,2,060,"WINGATE RD","BALLARAT RD",14784.00,S,N,A,-,N,,,,,,,,,,N,3,0,1,1,A,-,03,22350,,N,F,A,A,A,H,-,A,D,0,,,Y,,Y,,C,02,0,1,0,0,0,0,0,0,1,"- ","- ",,,INYO,UNINCORPORATED,-117.22187968,36.014488270000001
90309347,2016,2016-11-02,9825,2016-10-26,1548,017941,,3,2,9,1400,0,2,4,,2,072,"BADWATER ROAD","STATE ROUTE 190",93456.00,S,N,A,-,N,,,,,,,,,,Y,2,0,1,1,A,-,08,22107,,N,F,A,A,A,H,-,A,D,0,,,Y,,Y,,C,02,1,0,0,0,0,0,0,0,1,"- ","- ",,,INYO,UNINCORPORATED,-116.77439588999999,36.220937409999998
90310254,2016,2016-11-03,9825,2016-10-26,1530,017941,,3,2,9,1400,0,1,3,,1,018,"STATE ROUTE 190","STATE ROUTE 127",42768.00,W,N,A,-,Y,,,190,,,,,,,Y,1,1,0,1,A,-,08,22107,,N,F,A,A,A,H,-,A,D,0,,,,,Y,,A,01,0,0,0,0,0,0,0,0,0,"- ","- ",36.32264,-116.55773000000001,INYO,UNINCORPORATED,-116.55774192,36.322614780000002
90312590,2016,2016-11-07,9825,2016-11-02,0718,018685,,3,1,9,1400,0,1,2,,1,006,"US-395 S/B","LUBKEN CANYON RD",13200.00,S,N,A,-,Y,,,,,,,,,,Y,2,0,1,1,A,-,08,22107,,N,E,I,A,A,H,-,A,D,0,,,,,Y,,A,07,1,0,0,0,0,0,0,0,0,"- ","- ",,,INYO,UNINCORPORATED,,
90316077,2016,2016-11-10,9825,2016-11-05,1425,018960,,6,2,9,1400,0,1,3,,1,012,SR-168,"DEATH VALLEY RD.",40128.00,E,N,A,-,Y,,,,,,,,,,Y,2,0,1,1,A,-,03,22350,,N,F,A,A,A,B,-,A,D,0,,Y,,,Y,,L,04,1,0,0,0,0,0,1,0,0,"- ","- ",,,INYO,UNINCORPORATED,-118.16330897,37.252197709999997
90320006,2016,2016-11-15,9825,2016-11-01,0910,017072,,2,1,9,1400,0,2,4,,2,075,"DAYLIGHT PASS RD","BEATTY CUT OFF ROAD",15840.00,E,N,A,-,N,,,,,,,,,,Y,2,0,1,1,A,-,08,22107,,N,F,A,A,A,H,-,A,D,0,,,Y,,Y,,C,02,1,0,0,0,0,0,0,0,1,"- ","- ",,,INYO,UNINCORPORATED,-116.94208,36.746381
90324833,2016,2016-11-18,9825,2016-11-12,1630,017072,,6,2,9,1400,0,2,4,,2,072,"BADWATER RD","BADWATER VISITORS CENTER",11141.00,S,N,A,-,N,,,,,,,,,,Y,2,0,1,1,A,-,08,22107,,N,F,A,A,A,H,-,B,D,0,,,Y,,Y,Y,C,02,1,0,0,0,0,0,0,0,1,"- ","- ",36.207250000000002,-116.77634,INYO,UNINCORPORATED,-116.77611524,36.208976210000003
90325825,2016,2016-11-21,9825,2016-11-14,1003,016631,,1,1,9,1400,0,3,5,,2,040,"OPEN DESERT","DIXON LANE",830.00,N,N,A,-,N,,,,,,,,,,N,3,0,2,1,A,-,01,23152,A,F,E,I,A,A,H,-,A,D,0,,,,,Y,Y,D,22,0,2,0,0,0,0,0,0,0,"- ","- ",37.392679999999999,-118.41858000000001,INYO,UNINCORPORATED,-118.41845600000001,37.392636000000003
90328531,2016,2016-11-23,9825,2016-11-21,1725,020444,,1,2,9,1400,0,3,5,,2,040,"LOWER ROCK CREEK RD","GORGE RD",5808.00,N,N,A,-,N,,,,,,,,,,Y,3,0,1,1,C,-,18,,,N,E,H,A,A,H,-,D,A,0,,,,,Y,,-,"- ",0,1,0,0,0,0,0,0,0,"- ","- ",37.43103,-118.56596999999999,INYO,UNINCORPORATED,-118.58778599999999,37.458109999999998
90330304,2016,2016-11-28,9825,2016-11-16,2023,020736,,3,2,9,1400,0,1,2,,1,006,"US-395 N/B","ZUCCO RD",0.00,,Y,A,-,Y,,,395,,,,,,N,Y,4,0,1,2,A,-,08,22107,,F,B,C,A,A,H,-,D,D,0,,,,,Y,,D,22,0,0,1,0,0,0,0,0,0,"- ","- ",36.593829999999997,-118.05688000000001,INYO,UNINCORPORATED,-118.05766712,36.593666140000003
90335533,2016,2016-12-02,9825,2016-11-24,1645,017941,,4,2,9,1400,0,1,3,,2,017,"STATE ROUTE 190","COW CREEK ROAD",26928.00,W,N,A,-,Y,,,190,,,,,,,Y,4,0,1,1,A,-,08,22107,,N,E,A,A,A,H,-,A,D,0,,,,,Y,,A,07,0,0,1,0,0,0,0,0,0,"- ","- ",36.565849999999998,-116.90844,INYO,UNINCORPORATED,-116.90837466000001,36.565871180000002
90335546,2016,2016-12-02,9825,2016-11-25,0700,017941,,5,1,9,1400,0,1,3,,1,019,"STATE ROUTE 127","THE OLD SPANISH TRAIL HIGHWAY",19008.00,S,N,A,-,Y,,,127,,,,,,,Y,3,0,1,1,A,-,08,22107,,N,F,A,A,A,H,-,A,D,0,,,,,Y,,A,01,0,1,0,0,0,0,0,0,0,"- ","- ",35.83099,-116.32046,INYO,UNINCORPORATED,-116.32036436,35.830969899999999
90335564,2016,2016-12-02,9825,2016-11-29,0710,015522,,2,1,9,1400,0,1,2,,2,002,"US-395 N/B","MACGREGOR AVE",0.00,,Y,A,-,Y,,,395,,,,,,N,Y,4,0,1,2,A,-,09,21804,A,N,D,C,A,A,H,-,A,A,0,,,,,Y,,A,01,0,0,1,0,0,0,0,0,0,"- ","- ",37.375860000000003,-118.41578,INYO,UNINCORPORATED,-118.41577975,37.375905639999999
90335728,2016,2016-12-02,9825,2016-11-28,1510,017072,,1,2,9,1400,0,1,3,,2,020,SR-178,NEVADA,10085.00,W,N,A,-,Y,,,178,,,,,,,Y,2,0,1,1,A,-,08,22107,,N,F,A,A,A,H,-,A,D,0,,,Y,,Y,,C,02,1,0,0,0,0,0,0,0,1,"- ","- ",36.160260000000001,-116.14190000000001,INYO,UNINCORPORATED,-116.14188925000001,36.160225070000003
90340355,2016,2016-12-08,9825,2016-11-30,1830,018685,,3,2,9,1400,0,1,3,,2,016,SR-190,"SALINE VALLEY RD",18480.00,E,N,A,-,Y,,,,,,,,,,Y,4,0,1,1,A,-,08,22107,,N,F,A,A,A,H,-,D,D,0,,,,,Y,,A,01,0,0,1,0,0,0,0,0,0,"- ","- ",,,INYO,UNINCORPORATED,-117.58329395,36.36215584
90341212,2016,2017-01-27,9825,2016-12-05,2500,020444,,1,4,9,1400,0,3,5,,2,040,"DEATH VALLEY RD","SR 168 E",26928.00,S,N,A,-,N,,,,,,,,,,Y,1,1,0,1,A,-,01,23152,A,N,F,A,A,A,H,-,D,A,0,,,,,Y,,D,22,0,0,0,0,0,0,0,0,0,"- ","- ",37.156860000000002,-118.17716,INYO,UNINCORPORATED,-118.17429178,37.156945729999997
90341565,2016,2016-12-09,9825,2016-12-06,1337,020736,,2,1,9,1400,0,1,2,,1,007,"S/B US-395","NINE MILE CANYON RD",1056.00,S,N,A,-,Y,,,,,,,,,,Y,4,0,1,1,C,-,18,,,N,F,A,A,A,H,-,A,D,0,,,,,Y,,-,"- ",0,0,1,0,0,0,0,0,0,"- ","- ",35.838900000000002,-117.86642000000001,INYO,UNINCORPORATED,,
90349058,2016,2016-12-20,9825,2016-12-15,1426,020335,,4,2,9,1400,0,1,3,,2,016,SR-190,"PANAMINT VALLEY RD",4224.00,E,N,E,G,Y,,,190,,,,,,,Y,2,0,1,1,A,-,03,22350,,N,F,A,A,A,H,-,A,D,0,,,Y,,Y,,C,02,1,0,0,0,0,0,0,0,1,"- ","- ",36.341250000000002,-117.40103000000001,INYO,UNINCORPORATED,-117.40101674,36.34105856
90349109,2016,2016-12-20,9825,2016-12-15,1545,014450,,4,2,9,1400,0,1,2,,1,010,"RT 6","JEAN BLANC ROAD",792.00,N,N,B,-,Y,,,6,,,,,,,Y,3,0,1,1,A,-,08,22107,,N,E,I,A,A,H,-,A,D,0,,,,,Y,,A,07,0,1,0,0,0,0,0,0,0,"- ","- ",37.421900000000001,-118.34967,INYO,UNINCORPORATED,-118.34973223999999,37.421900809999997
90354913,2016,2016-12-27,9825,2016-12-21,1924,020736,,3,2,9,1400,0,1,2,,1,006,US-395,"BURKHART RD",0.00,,Y,B,-,Y,,,,,,,,,,Y,4,0,1,1,A,-,08,22107,,N,E,I,A,A,H,-,C,D,0,,,,,Y,,A,01,0,0,1,0,0,0,0,0,0,"- ","- ",39.596960000000003,-118.05903000000001,INYO,UNINCORPORATED,,
90357228,2016,2016-12-29,9825,2016-12-24,1100,017941,,6,1,9,1400,0,1,3,,2,017,"STATE ROUTE 190","WILDROS CANYON ROAD",27456.00,W,N,D,-,Y,,,,,,,,,,Y,3,0,1,2,A,-,03,22350,,N,C,C,A,C,H,-,A,D,0,,,,,Y,,A,01,0,1,0,0,0,0,0,0,0,"- ","- ",35.971940000000004,-116.25639,INYO,UNINCORPORATED,,
90359856,2016,2017-01-03,9825,2016-12-24,1430,017941,,6,2,9,1400,0,2,4,,2,073,"SCOTTY'S CASTLE ROAD","STATE ROUTE 190",11088.00,N,N,A,-,Y,,,,,,,,,,Y,3,0,2,1,A,-,08,22107,,N,F,A,A,A,H,-,A,D,0,,,,,Y,,A,01,0,1,1,0,0,0,0,0,0,"- ","- ",36.661670000000001,-117.06389,INYO,UNINCORPORATED,,
90359860,2016,2017-01-03,9825,2016-12-31,1430,020415,,6,2,9,1400,0,1,3,,1,018,SR-190,SR-127,26400.00,W,N,B,-,Y,,,190,,,,,,,Y,3,0,1,1,A,-,08,22107,,N,F,A,A,A,H,-,A,D,0,,,,,Y,,A,07,0,1,0,0,0,0,0,0,0,"- ","- ",36.303080000000001,-116.48559,INYO,UNINCORPORATED,-116.48559312,36.303212520000002
90363448,2017,2017-01-06,9825,2017-01-01,1501,018925,,7,2,9,1400,0,3,5,,2,040,"DIRT TRAIL","NORTH ROUND VALLEY RD",603.00,W,N,A,-,N,,,,,,,,,,N,2,0,1,1,B,-,22,,,N,F,I,A,A,H,-,A,D,0,,,Y,,Y,,C,02,1,0,0,0,0,0,0,0,1,"- ","- ",37.44312,-118.60244,INYO,UNINCORPORATED,-118.60236171,37.442814380000002
90363453,2017,2017-01-06,9825,2017-01-04,1605,017072,,3,2,9,1400,0,1,3,,2,020,SR-178,"CHICAGO VALLEY RD",33317.00,E,N,B,-,Y,,,178,,,,,,,Y,3,0,1,1,A,-,08,22107,,N,F,A,A,A,H,-,A,D,0,,,,,Y,,A,01,0,1,0,0,0,0,0,0,0,"- ","- ",36.09198,-116.18441,INYO,UNINCORPORATED,-116.18452019999999,36.091996299999998
90364108,2017,2017-03-30,9825,2017-01-02,1617,020118,,1,2,9,1400,0,1,2,,1,006,"S/B US-395","ASH CREEK",95.00,N,N,B,G,Y,,,395,,,,,,,Y,3,0,1,1,A,-,03,22350,,N,F,A,A,A,H,-,A,D,0,,,,Y,Y,,G,25,0,1,0,0,0,0,0,0,0,"- ","- ",36.384239999999998,-118.02415000000001,INYO,UNINCORPORATED,-118.0240555,36.38424285
90364722,2017,2017-01-09,9825,2017-01-02,1200,020415,,1,1,9,1400,0,1,3,,2,017,SR-190,"EMIGRANT CANYON RD.",36960.00,W,N,A,-,Y,,,190,,,,,,,Y,2,0,4,2,A,-,05,21460,A,N,A,C,A,A,H,-,A,D,0,,,,,Y,,A,01,1,0,3,0,0,0,0,0,0,"- ","- ",36.419969999999999,-117.26938,INYO,UNINCORPORATED,-117.26937157,36.41989633
90365308,2017,2017-03-30,9825,2017-01-07,1200,019814,,6,1,9,1400,0,1,2,,1,004,US-395,"BLACK ROCK SPRINGS RD",0.00,,N,D,-,Y,,,395,,,,,,,Y,2,0,1,1,A,-,03,22350,,N,F,I,A,C,H,-,A,D,0,,,,,Y,,D,22,1,0,0,0,0,0,0,0,0,"- ","- ",36.897320000000001,-118.24160999999999,INYO,UNINCORPORATED,-118.24162397000001,36.897320610000001
90368896,2017,2017-03-30,9825,2017-01-06,1918,020736,,5,2,9,1400,0,1,2,,1,007,"US-395 N/B","PEARSON ROAD",0.00,,Y,A,-,Y,,,395,,,,,,N,Y,2,0,5,2,A,-,09,21803,A,N,D,C,A,A,H,-,D,A,0,,,,,Y,,A,01,2,3,0,0,0,0,0,0,0,"- ","- ",35.798360000000002,-117.87258,INYO,UNINCORPORATED,-117.87259232,35.798359089999998
90369017,2017,2017-03-30,9825,2017-01-07,1144,017565,,6,1,9,1400,0,1,2,,1,003,"US 395 (SOUTHBOUND)","BLACK ROCK SPRINGS RD",10560.00,S,N,D,-,Y,,,,,,,,,,Y,3,0,1,1,A,-,03,22350,,N,F,I,A,C,E,-,A,D,0,,,,,Y,,A,07,0,1,0,0,0,0,0,0,0,"- ","- ",,,INYO,UNINCORPORATED,-118.24164273,36.888201260000002
90369960,2017,2017-01-16,9825,2017-01-08,1625,020415,,7,2,9,1400,0,1,3,,1,018,SR-190,SR-127,5280.00,W,N,B,-,Y,,,190,,,,,,,Y,3,0,1,1,A,-,08,22107,,N,F,A,A,A,H,-,A,D,0,,,,,Y,,A,01,0,1,0,0,0,0,0,0,0,"- ","- ",36.304360000000003,-116.43607,INYO,UNINCORPORATED,-116.43606634,36.304211090000003
90369979,2017,2017-01-16,9825,2017-01-10,1115,020415,,2,1,9,1400,0,1,3,,2,017,SR-190,"GROTTO CANYON RD.",1000.00,E,N,A,-,Y,,,190,,,,,,,N,4,0,1,1,A,-,08,22107,,N,F,A,A,A,H,-,A,D,0,,,Y,,Y,,C,02,0,0,1,0,0,0,0,0,1,"- ","- ",36.602040000000002,-117.09993,INYO,UNINCORPORATED,-117.09993273000001,36.60203413
90370495,2017,2017-03-30,9825,2017-01-07,1210,021411,,6,1,9,1400,0,1,2,,1,004,"US 395","SOUTH FISH SPRING RD.",5280.00,S,N,B,D,Y,,,,,,,,,,Y,4,0,2,1,A,-,03,22350,,N,F,A,A,C,H,-,A,D,0,,,,,Y,,A,07,0,0,2,0,0,0,0,0,0,"- ","- ",37.055100000000003,-118.2363,INYO,UNINCORPORATED,-118.24871118999999,37.09175845
90376028,2017,2017-02-13,9825,2017-01-17,2500,020415,,2,4,9,1400,0,1,3,,1,019,SR-127,"OLD SPANISH TRAIL HWY",11616.00,N,N,A,-,Y,,,127,,,,,,,Y,2,0,1,1,C,-,18,,,N,E,J,A,A,H,-,A,D,0,,,,,Y,,-,"- ",1,0,0,0,0,0,0,0,0,"- ","- ",35.880569999999999,-116.26275,INYO,UNINCORPORATED,-116.26274745000001,35.880566129999998
90377309,2017,2017-03-30,9825,2017-01-19,0200,018441,,4,3,9,1400,0,3,5,,2,040,"BIR RD","BARLOW LN",5280.00,W,N,C,-,N,,,,,,,,,,Y,4,0,1,1,A,-,08,22107,,N,E,I,A,B,H,-,D,D,0,,,,,Y,,A,01,0,0,1,0,0,0,0,0,0,"- ","- ",37.328380000000003,-118.43583,INYO,UNINCORPORATED,-118.4355508,37.328412909999997
90377711,2017,2017-01-25,9825,2017-01-21,0635,018685,,6,1,9,1400,0,1,2,,1,006,US-395,"LAKE ST",1584.00,S,N,A,-,Y,,,,,,,,,,Y,4,0,1,1,A,-,03,22350,,N,F,A,A,C,G,-,A,D,0,,,,,Y,,D,22,0,0,1,0,0,0,0,0,0,"- ","- ",,,INYO,UNINCORPORATED,-118.02703,36.315888010000002
90380184,2017,2017-01-27,9825,2017-01-21,0615,016784,,6,1,9,1400,0,1,3,,2,016,SR-190,SR-136,45408.00,W,N,B,-,Y,,,,,,,,,,Y,3,0,1,1,A,-,03,22350,,N,F,A,A,C,H,-,D,D,0,,,,,Y,,D,22,0,1,0,0,0,0,0,0,0,"- ","- ",36.336970000000001,-117.98214,INYO,UNINCORPORATED,-117.92718692,36.337519720000003
90380629,2017,2017-01-27,9825,2017-01-22,1310,018925,,7,1,9,1400,0,1,2,,1,003,US-395,"KEOUGH HOT SPRINGS RD.",6864.00,S,N,D,-,Y,,,395,,,,,,,Y,4,0,1,1,A,-,03,22350,,N,F,I,A,C,H,-,A,D,0,,,,,Y,,D,22,0,0,1,0,0,0,0,0,0,"- ","- ",37.241,-118.35212,INYO,UNINCORPORATED,-118.35205422999999,37.241034319999997
90381305,2017,2017-01-30,9825,2017-01-21,0232,020183,,6,3,9,1400,0,1,2,,1,004,US-395,"NORTH FISH SPRINGS",300.00,S,N,B,-,Y,,,395,,,,,,,Y,3,0,1,1,A,-,03,22350,,N,F,J,A,C,H,-,D,D,0,,,,Y,Y,,G,25,0,1,0,0,0,0,0,0,0,"- ","- ",37.103230000000003,-118.25203,INYO,UNINCORPORATED,-118.25198588000001,37.103243990000003
90383755,2017,2017-02-01,9825,2017-01-23,2140,020335,,1,2,9,1400,0,1,2,,1,006,US-395,"CACTUS FLATS RD",3168.00,S,N,A,-,Y,,,395,,,,,,,Y,4,0,1,1,A,-,03,22350,,N,F,A,A,C,F,-,D,A,0,,,,Y,Y,,G,27,0,0,1,0,0,0,0,0,0,"- ","- ",36.246490000000001,-117.989,INYO,UNINCORPORATED,-117.9889507,36.246513579999998
90388369,2017,2017-02-08,9825,2017-01-31,1406,020118,,2,2,9,1400,0,1,2,,1,006,"US-395 S/B","LUBKEN CANYON ROAD",0.00,,Y,A,-,Y,,,395,,,,,,S,Y,3,0,2,2,A,-,09,21802,A,N,C,C,A,A,H,-,A,D,0,,,,,Y,,A,07,0,1,1,0,0,0,0,0,0,"- ","- ",36.542639999999999,-118.04754,INYO,UNINCORPORATED,-118.04742127999999,36.542662110000002
90388947,2017,2017-02-08,9825,2017-02-07,0330,017072,,2,3,9,1400,0,2,4,,2,051,"STATE LINE ROAD","NEVADA STATE LINE",10296.00,W,N,B,-,N,,,,,,,,,,Y,4,0,1,1,A,-,08,22107,,N,E,I,A,A,H,-,D,D,0,,,,,Y,,A,01,0,0,1,0,0,0,0,0,0,"- ","- ",36.323230000000002,-116.37194,INYO,UNINCORPORATED,-116.41435,36.302059999999997
90389767,2017,2017-02-09,9825,2017-02-02,2345,016784,,4,3,9,1400,0,1,2,,1,007,"US-395 N/B","GILL STATION COSO RD",0.00,,Y,A,-,Y,,,,,,,,,,Y,4,0,2,2,A,-,12,22450,A,N,D,C,A,A,H,-,C,A,0,,,,Y,Y,,A,01,0,0,2,0,0,0,0,0,0,"- ","- ",37.073810000000002,-118.06323999999999,INYO,UNINCORPORATED,-117.94722007999999,36.045800030000002
90391992,2017,2017-02-13,9825,2017-02-10,0040,020736,,5,3,9,1400,0,1,2,,1,006,"US-395 S/B","COTTONWOOD RD",528.00,S,N,B,G,Y,,,,,,,,,,Y,3,0,1,1,A,-,03,22350,,N,F,A,A,A,H,-,D,A,0,,,,Y,Y,,G,25,0,1,0,0,0,0,0,0,0,"- ","- ",36.437919999999998,-118.03158000000001,INYO,UNINCORPORATED,,
90394058,2017,2017-02-15,9825,2017-02-13,1630,018960,,1,2,9,1400,0,1,2,,2,002,US-395,"2345 N. SIERRA HWY PARKING LOT",0.00,,Y,A,-,Y,,,395,,,,,,,N,3,0,1,2,A,-,09,21804,A,N,G,B,E,A,A,-,A,D,0,Y,,,,Y,,A,07,0,1,0,0,1,0,0,0,0,"- ","- ",37.375970000000002,-118.41703,INYO,UNINCORPORATED,-118.41702961,37.37590548
90397224,2017,2017-02-21,9825,2017-02-11,1305,017941,,6,1,9,1400,0,2,4,,2,073,"UBEHEBE RD","SCOTTY'S CASTLE ROAD",26928.00,W,N,B,-,N,,,,,,,,,,N,2,0,1,1,A,-,08,22107,,N,F,A,A,A,H,-,A,D,0,,,Y,,Y,,C,02,1,0,0,0,0,0,0,0,1,"- ","- ",37.014969999999998,-117.45049,INYO,UNINCORPORATED,-117.449529,37.015385000000002
90397289,2017,2017-02-21,9825,2017-02-11,1300,017941,,6,1,9,1400,0,2,4,,2,073,"RACETRACK ROAD","UBEHEBE CRATER ROAD",95568.00,W,N,B,-,N,,,,,,,,,,N,4,0,1,1,A,-,08,22107,,N,F,A,A,A,G,-,A,D,0,,,Y,,Y,,C,02,0,0,1,0,0,0,0,0,1,"- ","- ",36.787239999999997,-117.51967,INYO,UNINCORPORATED,-117.519604,36.787219999999998
90397304,2017,2017-02-21,9825,2017-02-10,1200,016119,,5,1,9,1400,0,3,5,,2,060,"UNNAMED DIRT TRAIL","BALLARAT RD",26400.00,N,N,A,-,N,,,,,,,,,,N,3,0,1,2,B,-,22,,,N,C,C,A,A,H,-,A,D,0,,,Y,,Y,,C,06,0,1,0,0,0,0,0,0,1,"- ","- ",,,INYO,UNINCORPORATED,,
90397851,2017,2017-02-22,9825,2017-02-19,1115,020415,,7,1,9,1400,0,2,4,,2,072,"BADWATER RD",SR-190,179520.00,S,N,B,-,N,,,,,,,,,,N,2,0,1,1,A,-,08,22107,,N,F,A,A,B,H,-,A,D,0,,,Y,,Y,,C,02,1,0,0,0,0,0,0,0,1,"- ","- ",35.981250000000003,-116.73175999999999,INYO,UNINCORPORATED,-116.75914596,36.039598239999997
90402144,2017,2017-03-09,9825,2017-02-27,1629,013479,,1,2,9,1400,0,1,2,,1,003,"US-395 S/B","KEOUGH HOT SPRINGS RD",0.00,,Y,A,-,Y,,,395,,,,,,S,Y,1,1,1,2,A,-,09,21802,A,N,D,C,A,A,H,-,B,A,0,,,,,Y,,A,01,0,1,0,0,0,0,0,0,0,"- ","- ",37.258769999999998,-118.36121,INYO,UNINCORPORATED,-118.36125323,37.258747909999997
90406705,2017,2017-03-06,9825,2017-03-05,1130,020118,,7,1,9,1400,0,1,2,,1,007,"US-395 S/B","NINE MILE CANYON ROAD",750.00,S,N,B,G,Y,,,395,,,,,,S,Y,4,0,1,1,C,-,18,,,N,F,A,A,A,H,-,A,D,0,,,Y,,Y,,-,"- ",0,0,1,0,0,0,0,0,1,"- ","- ",35.839370000000002,-117.87504,INYO,UNINCORPORATED,-117.8751152,35.839366239999997
90412195,2017,2017-03-14,9825,2017-03-05,1450,012536,,7,2,9,1400,0,1,S,,2,025,US-395,"SCHOOL RD.",405.00,S,N,F,G,Y,,,395,,,,,,,Y,4,0,1,2,A,-,03,22350,,N,C,C,A,A,H,-,A,D,0,,,,,Y,,A,08,0,0,1,0,0,0,0,0,0,"- ","- ",36.277560000000001,-118.00395,INYO,UNINCORPORATED,-118.00389233,36.277587740000001
90412335,2017,2017-03-14,9825,2017-03-04,1025,017941,,6,1,9,1400,0,1,3,,1,019,"STATE ROUTE 190","RYAN ROAD",0.00,,Y,A,-,Y,,,190,,,,,,,Y,2,0,5,2,A,-,09,21802,A,N,D,D,A,A,H,-,A,D,0,,,,,Y,,A,07,1,1,3,0,0,0,0,0,0,"- ","- ",36.36307,-116.70921,INYO,UNINCORPORATED,-116.70920489,36.363056819999997
90414641,2017,2017-03-17,9825,2017-03-10,0705,016784,,5,1,9,1400,0,1,2,,1,006,"US-395 S/B","HAIWEE CANYON RD",1584.00,N,N,A,-,Y,,,395,,,,,,S,Y,4,0,3,1,A,-,08,22107,,N,F,A,A,A,H,-,A,D,0,,,,,Y,,A,07,0,0,3,0,0,0,0,0,0,"- ","- ",36.159129999999998,-117.97683000000001,INYO,UNINCORPORATED,-117.97677636,36.159136310000001
90420060,2017,2017-03-24,9825,2017-03-15,1949,020444,,3,2,9,1400,0,3,5,,2,040,"COYOTE VALLEY RD","UNDERWOOD LN",1056.00,S,N,A,-,N,,,,,,,,,,Y,1,1,2,1,A,-,08,22107,,N,F,A,A,A,H,-,D,D,0,,,,,Y,,A,07,0,1,1,0,0,0,0,0,0,"- ","- ",37.343559999999997,-118.43912,INYO,UNINCORPORATED,-118.43911129999999,37.343814350000002
90425994,2017,2017-04-03,9825,2017-03-24,1800,017072,,5,2,9,1400,0,3,5,,2,050,"HARRY WADE RD","BADWATER RD",47942.00,S,N,A,-,N,,,,,,,,,,Y,2,0,1,1,A,-,08,22107,,N,F,A,A,A,H,-,A,D,0,,,Y,,Y,Y,C,02,1,0,0,0,0,0,0,0,1,"- ","- ",35.81306,-116.53641,INYO,UNINCORPORATED,-116.53784640000001,35.815576710000002
90426026,2017,2017-04-03,9825,2017-03-25,1510,017072,,6,2,9,1400,0,1,3,,1,019,SR-127,"RANGER RD",0.00,,Y,A,-,Y,,,127,,,,,,,Y,4,0,2,2,A,-,03,22350,,N,D,C,A,A,G,-,A,A,0,,,Y,,Y,,C,02,0,0,2,0,0,0,0,0,1,"- ","- ",35.960709999999999,-116.26774,INYO,UNINCORPORATED,-116.26769768,35.960722420000003
90426042,2017,2017-04-03,9825,2017-04-01,1630,020415,,6,2,9,1400,0,2,4,,2,076,"EMIGRANT CANYON RD.","AGUEREBERRY POINT",5280.00,N,N,A,-,N,,,,,,,,,,N,3,0,1,1,A,-,08,22107,,N,F,A,A,A,H,-,A,D,0,,,,,Y,,A,07,0,1,0,0,0,0,0,0,0,"- ","- ",36.361089999999997,-117.13384000000001,INYO,UNINCORPORATED,-117.13392,36.361108999999999
90426839,2017,2017-04-04,9825,2017-04-02,0925,020118,,7,1,9,1400,0,1,3,,2,016,SR-190,"DARWIN ROAD",8976.00,E,N,A,-,Y,,,190,,,,,,,Y,3,0,1,1,A,-,08,22107,,N,F,A,A,A,H,-,A,D,0,,,,,Y,,A,07,0,1,0,0,0,0,0,0,0,"- ","- ",36.336199999999998,-117.65125999999999,INYO,UNINCORPORATED,-117.65115473,36.336115579999998
90427403,2017,2017-04-04,9825,2017-04-03,0717,016631,,1,1,9,1400,0,1,2,,1,003,"US-395 S/B",SR-168E,799.00,N,N,A,-,Y,,,395,,,,,,S,Y,3,0,1,1,A,-,08,22107,,N,E,I,A,A,H,-,A,D,0,,,,,Y,,A,01,0,1,0,0,0,0,0,0,0,"- ","- ",37.175190000000001,-118.29192999999999,INYO,UNINCORPORATED,-118.29191991,37.175200060000002
90429626,2017,2017-04-07,9825,2017-04-05,1523,020335,,3,2,9,1400,0,3,5,,2,060,"TRONA WILDROSE RD","QUARRY RD",13728.00,N,N,A,-,N,,,,,,,,,,Y,2,0,1,1,A,-,08,22107,,N,B,A,A,A,H,-,A,D,0,,,Y,,Y,,C,02,1,0,0,0,0,0,0,0,1,"- ","- ",35.961399999999998,-117.33584,INYO,UNINCORPORATED,-117.33336370000001,35.957330669999997
90429978,2017,2017-04-07,9825,2017-03-31,1700,018685,,5,2,9,1400,0,3,5,,2,060,"SALINE VALLEY RD","HUNTER MOUNTAIN RD",5280.00,S,N,A,G,N,,,,,,,,,,N,4,0,1,2,A,-,03,22350,,N,A,E,A,A,H,-,A,D,0,,,Y,,Y,,C,02,0,0,1,0,0,0,0,0,1,"- ","- ",,,INYO,UNINCORPORATED,-117.55908377,36.520187739999997
90430522,2017,2017-04-10,9825,2017-04-01,1916,021400,,6,2,2,1401,0,1,3,,1,011,"SR-168 W/B","WINUBA LN",119.00,E,N,A,-,Y,,,,,,,,,,N,4,0,1,2,A,-,11,21954,A,N,G,B,D,A,H,-,C,D,0,Y,,,,Y,,N,60,0,0,1,0,1,0,0,0,0,"- ","- ",37.361359999999998,-118.42909,INYO,BISHOP,-118.42939317,37.361323169999999
90430581,2017,2017-04-10,9825,2017-03-30,2350,020530,,4,3,9,1400,0,1,2,,1,004,"US-395 S/B","MILLER LN",500.00,N,N,A,G,Y,,,,,,,,,,Y,2,0,2,2,A,-,09,21802,A,N,D,C,A,A,H,-,D,A,0,,,,Y,Y,,A,07,1,0,1,0,0,0,0,0,0,"- ","- ",38.836469999999998,-118.22859,INYO,UNINCORPORATED,,
90432009,2017,2017-04-11,9825,2017-04-09,1935,017072,,7,2,9,1400,0,1,3,,1,018,SR-190,"OLD HARMONY BORAX WORKS ROAD",1039.00,W,N,A,-,Y,,,190,,,,,,,Y,3,0,2,1,A,-,08,22107,,N,F,A,A,A,H,-,A,D,0,,,,,Y,,A,01,0,2,0,0,0,0,0,0,0,"- ","- ",36.482520000000001,-116.87142,INYO,UNINCORPORATED,-116.87135241999999,36.482529049999997
90432637,2017,2017-05-05,9825,2017-04-09,1454,020736,,7,2,9,1400,0,1,3,,2,016,SR-190,"SALINE VALLEY ALTERNATE RTE",23760.00,E,N,A,-,Y,,,190,,,,,,,N,4,0,1,2,A,-,05,21460,A,N,B,C,A,A,H,-,A,A,0,,,Y,,Y,,C,02,0,0,1,0,0,0,0,0,1,"- ","- ",36.353749999999998,-117.57317999999999,INYO,UNINCORPORATED,-117.57305468,36.353905849999997
90437411,2017,2017-04-19,9825,2017-04-13,1030,017941,,4,1,9,1400,0,1,3,,1,018,"STATE ROUTE 190","TWENTY MULE TEAM ROAD",90.00,E,N,A,G,Y,,,190,,,,,,,Y,2,0,5,2,A,-,03,22350,,N,C,C,A,A,H,-,A,D,0,,,Y,,Y,,C,02,2,0,3,0,0,0,0,0,2,"- ","- ",36.409520000000001,-116.79433,INYO,UNINCORPORATED,-116.79435857,36.409471510000003
90437417,2017,2017-04-19,9825,2017-04-16,2209,020183,,7,3,9,1400,0,1,2,,2,001,US-395,"BROCKMAN LN",2418.00,N,N,B,-,Y,,,395,,,,,,,Y,3,0,1,1,A,-,08,22107,,N,E,I,A,A,H,-,D,D,0,,,,,Y,,D,22,0,1,0,0,0,0,0,0,0,"- ","- ",37.376080000000002,-118.44074999999999,INYO,UNINCORPORATED,-118.44074999999999,37.375936189999997
90439608,2017,2017-04-21,9825,2017-04-13,1000,016784,,4,1,9,1400,0,2,4,,2,078,"TRONA WILDROSE RD","NADEAU RD",13200.00,S,N,A,G,N,,,,,,,,,,Y,3,0,1,1,C,-,18,,,N,F,A,A,A,H,-,A,D,0,,,Y,,Y,,-,"- ",0,1,0,0,0,0,0,0,1,"- ","- ",35.971440000000001,-117.34054999999999,INYO,UNINCORPORATED,-117.33922548,35.972057679999999
90440556,2017,2017-04-24,9825,2017-04-16,1525,017072,,7,2,9,1400,0,1,3,,2,017,SR-190,"DAYLIGHT PASS RD",750.00,E,N,A,-,Y,,,190,,,,,,,Y,3,0,5,2,A,-,08,22107,,N,A,C,A,A,H,-,A,D,0,,,,,Y,,A,07,0,4,1,0,0,0,0,0,0,"- ","- ",36.584769999999999,-116.93749,INYO,UNINCORPORATED,-116.93748726,36.584776169999998
90441878,2017,2017-04-25,9825,2017-04-18,0130,018441,,2,3,9,1400,0,3,5,,2,040,"DIXON LANE","VALLEY VIEW DR",1056.00,E,N,A,-,N,,,,,,,,,,Y,3,0,1,1,A,-,01,23152,A,N,E,I,A,A,H,-,D,D,0,,,,,Y,Y,A,01,0,1,0,0,0,0,0,0,0,"- ","- ",37.390479999999997,-118.41037,INYO,UNINCORPORATED,-118.41100203000001,37.39042559
90442726,2017,2017-04-26,9825,2017-04-22,1345,017072,,6,1,9,1400,0,3,5,,2,050,"ARTISTS DR","BADWATER RD",7920.00,E,N,B,-,N,,,,,,,,,,Y,3,0,1,1,A,-,08,22107,,N,F,A,A,A,H,-,A,D,0,,,Y,,Y,,C,02,0,1,0,0,0,0,0,0,1,"- ","- ",36.343229999999998,-116.79379,INYO,UNINCORPORATED,-116.83030927999999,36.382790479999997
90443337,2017,2017-04-27,9825,2017-04-25,2140,018441,,2,2,9,1400,0,1,2,,1,003,US-395,"STEWARD LN",2640.00,S,N,A,-,Y,,,395,,,,,,,Y,4,0,1,1,C,-,18,,,N,E,H,A,A,H,-,D,D,0,,,,,Y,,-,"- ",0,0,1,0,0,0,0,0,0,"- ","- ",37.137219999999999,-118.27428,INYO,UNINCORPORATED,-118.27441672,37.13711988
90445253,2017,2017-04-28,9825,2017-04-21,1206,018685,,5,1,9,1400,0,1,2,,1,006,US-395,"OLANCHA LANE",23.00,N,N,A,-,Y,,,395,,,,,,,Y,2,0,1,3,A,-,03,22350,,N,F,E,A,A,H,-,A,D,0,,,Y,,Y,,C,02,1,0,0,0,0,0,0,0,1,"- ","- ",36.286149999999999,-118.01023000000001,INYO,UNINCORPORATED,-118.01012183,36.286264920000001
90449929,2017,2017-05-05,9825,2017-04-28,1240,017565,,5,1,9,1400,0,1,2,,2,001,"US 395 (NORTHBOUND)","PINE CREEK ROAD",0.00,,Y,A,G,Y,,,,,,,,,,Y,4,0,1,2,A,-,09,21802,A,N,D,C,A,A,H,-,A,A,0,,,,,Y,,D,22,0,0,1,0,0,0,0,0,0,"- ","- ",37.419359999999998,-118.55475,INYO,UNINCORPORATED,-118.55555013,37.419399900000002
90451800,2017,2017-05-09,9825,2017-05-01,0655,015522,,1,1,9,1400,0,3,5,,2,040,"MESA VISTA DR","AVENIDA DEL MONTE",150.00,E,N,A,-,N,,,,,,,,,,N,3,0,1,2,A,-,05,21650,,F,G,B,E,A,H,-,A,D,0,Y,,,,Y,,A,07,0,1,0,0,1,0,0,0,0,"- ","- ",37.412410000000001,-118.54591000000001,INYO,UNINCORPORATED,-118.54574675000001,37.412378529999998
90453759,2017,2017-05-11,9825,2017-04-25,2230,018441,,2,3,9,1400,0,3,5,,2,040,"BLACK ROCK SPRINGS ROAD",US-395,4224.00,E,N,A,-,N,,,,,,,,,,N,1,1,2,2,A,-,01,23152,A,N,A,C,A,A,H,-,D,D,0,,,Y,,Y,Y,C,02,2,0,0,0,0,0,0,1,2,"- ","- ",36.92709,-118.23367,INYO,UNINCORPORATED,-118.23633,36.92013
90453787,2017,2017-05-11,9825,2017-05-05,1550,012536,,5,2,9,1400,0,1,2,,1,006,US-395,"LOCUST ST.",0.00,,Y,A,-,Y,,,395,,,,,,,N,4,0,3,2,A,-,09,21801,A,N,D,C,A,A,H,-,A,D,0,,,,,Y,,A,07,0,0,3,0,0,0,0,0,0,"- ","- ",36.60774,-118.06441,INYO,UNINCORPORATED,-118.06444602000001,36.607721040000001
90456084,2017,2017-05-15,9825,2017-05-06,1157,018685,,6,1,9,1400,0,1,3,,1,015,"SR-136 E/B","DOLOMITE LOOP ROAD",0.00,,Y,A,-,Y,,,136,,,,,,E,Y,2,0,1,2,A,-,05,21460,C,N,C,C,A,A,H,-,A,D,0,,,Y,Y,Y,,C,02,1,0,0,0,0,0,0,0,1,"- ","- ",36.574039999999997,-117.99713,INYO,UNINCORPORATED,-117.99714022000001,36.573963280000001
90456691,2017,2017-05-16,9825,2017-05-07,1052,020118,,7,1,9,1400,0,3,5,,2,060,"PANAMINT VALLEY ROAD",SR-190,5280.00,S,N,A,-,N,,,,,,,,,,Y,1,1,1,2,A,-,08,22107,,N,B,C,A,A,H,-,A,D,0,,,Y,,Y,,C,02,0,1,0,0,0,0,0,1,1,"- ","- ",36.32705,-117.41325000000001,INYO,UNINCORPORATED,-117.41369927,36.327492470000003
90461459,2017,2017-05-23,9825,2017-05-21,1850,020530,,7,2,9,1400,0,1,2,,1,003,"US HWY 395 S-BOUND","NORTH FISH SPRINGS RD.",300.00,N,N,A,-,Y,,,,,,,,,,Y,3,0,1,1,A,-,08,22107,,N,E,I,A,A,H,-,A,D,0,,,,,Y,,A,07,0,1,0,0,0,0,0,0,0,"- ","- ",34.105829999999997,-118.25345,INYO,UNINCORPORATED,,
90468994,2017,2017-06-01,9825,2017-05-21,0700,012536,,7,1,9,1400,0,1,S,,2,025,SR-127,SR-190,22704.00,N,N,A,-,Y,,,127,,,,,,,Y,3,0,1,1,A,-,08,22107,,N,F,A,A,A,H,-,A,D,0,,,,,Y,,A,01,0,1,0,0,0,0,0,0,0,"- ","- ",36.366810000000001,-116.42274999999999,INYO,UNINCORPORATED,-116.42272653000001,36.366809689999997
90469043,2017,2017-06-01,9825,2017-05-21,1445,012536,,7,2,9,1400,0,3,5,,2,060,"UNKNOWN DIRT ROAD","FURNACE CREEK RD.",0.00,,N,A,-,N,,,,,,,,,,Y,3,0,2,1,B,-,22,,,N,E,I,A,A,B,-,C,D,0,,,,,Y,,D,22,0,1,1,0,0,0,0,0,0,"- ","- ",,,INYO,UNINCORPORATED,,
90469107,2017,2017-06-01,9825,2017-05-22,1500,012536,,1,2,9,1400,0,3,5,,2,060,"BADWATER RD.","FURNACE CREEK WASH RD.",79200.00,W,N,A,-,N,,,,,,,,,,Y,2,0,1,1,A,-,03,22350,,N,F,A,A,A,H,-,A,D,0,,,Y,,Y,,C,02,1,0,0,0,0,0,0,0,1,"- ","- ",35.900530000000003,-116.64724,INYO,UNINCORPORATED,-116.650397,35.902431999999997
90469344,2017,2017-06-01,9825,2017-05-29,1300,020125,,1,1,9,1400,0,3,5,,2,040,"CHALK BLUFF RD","JEAN BLANC RD",5280.00,W,N,A,-,N,,,,,,,,,,Y,3,0,2,1,A,-,03,22350,,N,F,J,A,A,G,-,A,D,0,,,,,Y,,A,01,0,2,0,0,0,0,0,0,0,"- ","- ",37.418210000000002,-118.42725,INYO,UNINCORPORATED,-118.42609632,37.418116079999997
90470498,2017,2017-06-05,9825,2017-05-27,2302,021411,Bisho,6,3,2,1401,0,2,4,,2,021,"TU-SU LN","US 395",0.00,,N,A,-,N,,,,,,,,,,N,3,0,1,2,A,-,08,22107,,M,B,G,A,A,H,-,D,D,0,,Y,,,Y,Y,-,99,0,1,0,0,0,0,1,0,0,"- ","- ",37.373899999999999,-118.41831000000001,INYO,BISHOP,-118.41847199999999,37.375830000000001
90470530,2017,2017-06-05,9825,2017-06-01,2130,017941,,4,2,9,1400,0,1,3,,1,018,"STATE ROUTE 190","BADWATER ROAD",1056.00,E,N,A,-,Y,,,190,,,,,,,Y,2,0,4,1,A,-,01,23153,A,N,E,I,A,A,H,-,D,A,0,,,,,Y,Y,A,07,4,0,0,0,0,0,0,0,0,"- ","- ",36.450830000000003,-116.8501,INYO,UNINCORPORATED,-116.85005879000001,36.450767380000002
90471994,2017,2017-06-06,9825,2017-05-26,1400,017565,,5,2,9,1400,0,1,2,,1,004,"US 395 (SOUTHBOUND)","BLACK ROCK SPRINGS ROAD",16368.00,S,N,A,-,Y,,,,,,,,,,Y,3,0,2,1,A,-,08,22107,,N,E,I,A,A,H,-,A,D,0,,,,,Y,,E,22,0,1,1,0,0,0,0,0,0,"- ","- ",36.87097,-118.23732,INYO,UNINCORPORATED,-118.23779232,36.872581789999998
90472004,2017,2017-06-06,9825,2017-05-28,0822,020335,,7,1,9,1400,0,1,2,,1,007,US-395,"GILL STATION COSO RD",0.00,,Y,A,-,Y,,,395,,,,,,,Y,4,0,1,2,A,-,09,21802,A,N,D,C,A,A,H,-,A,A,0,,,,,Y,,B,07,0,0,1,0,0,0,0,0,0,"- ","- ",36.045749999999998,-117.9472,INYO,UNINCORPORATED,-117.94717236,36.045758769999999
90472306,2017,2017-06-06,9825,2017-06-04,1008,020335,,7,1,9,1400,0,1,3,,2,017,SR-190,"LEMOIGNE CANYON ROAD",72.00,W,N,A,-,N,,,190,,,,,,,Y,2,0,2,1,A,-,08,22107,,N,F,A,A,A,H,-,A,D,0,,,,,Y,,D,22,1,0,1,0,0,0,0,0,0,"- ","- ",36.538260000000001,-117.21420999999999,INYO,UNINCORPORATED,-117.21412558999999,36.538209539999997
90473746,2017,2017-06-08,9825,2017-06-01,1345,017941,,4,1,9,1400,0,2,4,,2,074,"DANTES VIEW ROAD","FURNACE CREEK WASH RD",26400.00,S,N,A,-,N,,,,,,,,,,Y,3,0,3,2,A,-,05,21650,,N,A,C,A,A,H,-,A,D,0,,,,,Y,,A,01,0,2,1,0,0,0,0,0,0,"- ","- ",36.217750000000002,-116.72232,INYO,UNINCORPORATED,-116.72130515000001,36.218711249999998
90475665,2017,2017-06-12,9825,2017-06-03,1630,017941,,6,2,9,1400,0,3,5,,2,050,"BIG PINE ROAD","UBEHEBE RD",5808.00,N,N,A,-,N,,,,,,,,,,Y,2,0,2,1,A,-,03,22350,,N,F,A,A,A,G,-,A,D,0,,,Y,,Y,,C,02,2,0,0,0,0,0,0,0,2,"- ","- ",37.033769999999997,-117.41225,INYO,UNINCORPORATED,,
90475711,2017,2017-06-12,9825,2017-06-02,2000,020736,,5,2,9,1400,0,2,4,,2,077,"PANAMINT VALLEY RD",SR-190,15840.00,S,N,A,-,Y,,,,,,,,,,N,4,0,1,1,A,-,08,22107,,N,F,A,A,A,H,-,B,D,0,,,,,Y,,D,22,0,0,1,0,0,0,0,0,0,"- ","- ",36.302729999999997,-117.39257000000001,INYO,UNINCORPORATED,-117.39350562,36.303633570000002
90475852,2017,2017-06-12,9825,2017-06-09,1235,017565,,5,1,9,1400,0,3,5,,2,040,"UNNAMED CANAL ROAD","RIVERSIDE ROAD",1056.00,W,N,A,-,N,,,,,,,,,,Y,3,0,1,1,B,-,22,,,N,H,A,A,A,H,-,A,D,0,,,,,Y,,D,22,0,1,0,0,0,0,0,0,0,"- ","- ",37.400579999999998,-118.42462,INYO,UNINCORPORATED,-118.424736,37.400478999999997
90475933,2017,2017-06-12,9825,2017-06-04,2205,021400,Bisho,7,3,9,1400,0,2,4,,2,021,"PA-HA LN","UNITED STATES HIGHWAY 395",300.00,S,N,A,-,N,,,,,,,,,,N,4,0,1,2,A,-,10,21950,A,N,G,B,C,A,H,-,D,D,0,Y,,,,Y,,A,01,0,0,1,0,1,0,0,0,0,"- ","- ",37.374920000000003,-118.42757,INYO,UNINCORPORATED,-118.4275241,37.375060869999999
90478672,2017,2017-06-15,9825,2017-06-07,2047,018960,,3,2,9,1400,0,1,3,,1,011,SR-168,"PA HA LN.",0.00,,Y,A,-,Y,,,168,,,,,,,Y,3,0,4,2,A,-,09,21801,A,N,D,C,A,A,H,-,C,D,0,,,,,Y,,A,07,0,4,0,0,0,0,0,0,0,"- ","- ",37.361310000000003,-118.42752,INYO,UNINCORPORATED,-118.42751943,37.361342120000003
90478741,2017,2017-06-15,9825,2017-06-10,1245,017941,,6,1,9,1400,0,1,3,,1,018,"STATE ROUTE 190","BADWATER ROAD",5280.00,E,N,A,-,Y,,,190,,,,,,,N,3,0,1,1,A,-,08,22107,,N,F,A,A,A,H,-,A,D,0,,,Y,,Y,,C,02,0,1,0,0,0,0,0,0,1,"- ","- ",36.445270000000001,-116.83959,INYO,UNINCORPORATED,-116.83961050000001,36.445215330000003
90478751,2017,2017-06-15,9825,2017-06-09,1445,017941,,5,2,9,1400,0,1,3,,1,019,"STATE ROUTE 127","STATE ROUTE 178",9504.00,S,N,A,-,Y,,,127,,,,,,,Y,3,0,3,1,A,-,08,22107,,N,F,A,A,A,H,-,A,D,0,,,,,Y,,A,01,0,3,0,0,0,0,0,0,0,"- ","- ",35.946429999999999,-116.26979,INYO,UNINCORPORATED,-116.26970008000001,35.946418999999999
90478763,2017,2017-06-15,9825,2017-06-11,0729,016784,,7,1,9,1400,0,1,2,,1,005,"US-395 N/B (EDWARDS STREET)","INYO STREET",0.00,,Y,A,-,Y,,,395,,,,,,N,Y,3,0,4,1,A,-,08,22107,,N,E,I,A,A,H,-,A,D,0,,,,,Y,,A,07,0,3,1,0,0,0,0,0,0,"- ","- ",36.806350000000002,-118.20193,INYO,UNINCORPORATED,-118.20203598000001,36.806276529999998
90479751,2017,2017-06-16,9825,2017-06-09,2245,020736,,5,3,9,1400,0,1,2,,1,007,"LOCUST ST","JACKSON ST",0.00,,Y,A,-,N,,,,,,,,,,N,3,0,2,3,A,-,03,22350,,N,G,B,D,A,H,-,C,D,0,Y,,,,Y,,A,01,0,2,0,0,2,0,0,0,0,"- ","- ",36.608049999999999,-118.06343,INYO,UNINCORPORATED,-118.06344011,36.608060039999998
90479834,2017,2017-06-16,9825,2017-06-14,1840,018441,,3,2,9,1400,0,1,2,,2,001,US-395,"GORGE RD",0.00,,Y,A,-,Y,,,395,,,,,,,Y,3,0,4,2,A,-,09,21802,A,N,D,C,A,A,H,-,A,A,0,,,,,Y,,A,07,0,2,2,0,0,0,0,0,0,"- ","- ",37.445810000000002,-118.57208,INYO,UNINCORPORATED,-118.57208221,37.445809930000003
90480438,2017,2017-06-19,9825,2017-06-11,0801,020118,,7,1,9,1400,0,1,2,,1,007,"US-395 S/B","HAIWEE CANYON ROAD",15312.00,S,N,A,-,Y,,,395,,,,,,S,Y,3,0,1,1,A,-,08,22107,,N,F,A,A,A,H,-,A,D,0,,,,,Y,,A,01,0,1,0,0,0,0,0,0,0,"- ","- ",36.111199999999997,-117.97148,INYO,UNINCORPORATED,-117.97136379,36.111217060000001
90481481,2017,2017-06-20,9825,2017-06-15,1751,018925,,4,2,9,1400,0,1,2,,1,003,US-395,"REYNOLDS RD.",0.00,,Y,A,-,Y,,,395,,,,,,,Y,4,0,4,2,A,-,09,21802,A,N,D,C,A,A,H,-,A,D,0,,,,,Y,,A,01,0,0,4,0,0,0,0,0,0,"- ","- ",37.187730000000002,-118.30432999999999,INYO,UNINCORPORATED,-118.30436646,37.187694430000001
90483000,2017,2017-06-21,9825,2017-06-13,1925,020335,,2,2,9,1400,0,3,5,,2,050,"BADWATER RD","WEST SIDE RD",12144.00,N,N,A,-,N,,,,,,,,,,Y,3,0,3,1,A,-,08,22107,,N,F,A,A,A,H,-,A,D,0,,,,,Y,,A,07,0,3,0,0,0,0,0,0,0,"- ","- ",35.966009999999997,-116.7261,INYO,UNINCORPORATED,-116.84737561,36.397268199999999
90483065,2017,2017-06-21,9825,2017-06-20,0710,016784,,2,1,9,1400,0,1,2,,1,005,"US-395 S/B","DUMP RD",9504.00,S,N,A,-,Y,,,395,,,,,,S,Y,4,0,1,1,A,-,08,22107,,N,F,A,A,A,H,-,A,D,0,,,,,Y,,A,07,0,0,1,0,0,0,0,0,0,"- ","- ",36.766120000000001,-118.17343,INYO,UNINCORPORATED,-118.17344605,36.766108320000001
90484124,2017,2017-06-22,9825,2017-06-21,0600,015522,Bisho,3,1,9,1400,0,2,4,,2,021,"DIAZ LANE","SEE VEE LANE",0.00,,Y,A,-,Y,,,,,,,,,,Y,4,0,1,1,B,-,22,,,N,E,I,A,A,H,-,A,A,0,,,,,Y,,A,01,0,0,1,0,0,0,0,0,0,"- ","- ",37.368589999999998,-118.41376,INYO,UNINCORPORATED,-118.41384004,37.368529959999996
90487408,2017,2017-06-26,9825,2017-06-18,2100,021400,,7,2,9,1400,0,1,2,,1,003,"US-395 S/B","REYNOLDS RD",3168.00,N,N,B,-,Y,,,395,,,,,,S,Y,3,0,1,1,A,-,08,22107,,N,F,A,A,A,H,-,D,D,0,,,,,Y,,A,07,0,1,0,0,0,0,0,0,0,"- ","- ",37.194850000000002,-118.31144,INYO,UNINCORPORATED,-118.31141233,37.194877550000001
90487454,2017,2017-06-26,9825,2017-06-18,1030,017565,,7,1,9,1400,0,1,3,,1,012,"RT 168","CANYON ROAD",8448.00,W,N,A,-,Y,,,,,,,,,,Y,2,0,1,1,A,-,17,21662,A,N,F,A,A,A,H,-,A,D,0,,,Y,,Y,,C,02,1,0,0,0,0,0,0,0,1,"- ","- ",37.265500000000003,-117.55526999999999,INYO,UNINCORPORATED,,
90489056,2017,2017-06-27,9825,2017-06-22,1500,018925,,4,2,9,1400,0,1,3,,1,012,SR-168E,"CANYON RD.",14784.00,W,N,A,-,Y,,,168,,,,,,,Y,3,0,1,1,A,-,03,22350,,N,E,I,A,A,H,-,A,D,0,,,Y,,Y,,C,02,0,1,0,0,0,0,0,0,1,"- ","- ",37.439160000000001,-117.94441,INYO,UNINCORPORATED,-117.94437477,37.439193760000002
90490888,2017,2017-06-29,9825,2017-06-26,0728,020335,,1,1,9,1400,0,1,3,,2,017,SR-190,"DAYLIGHT PASS RD",4224.00,E,N,A,-,Y,,,190,,,,,,,Y,4,0,1,1,A,-,08,22107,,N,E,A,A,A,H,-,A,D,0,,,,,Y,,A,01,0,0,1,0,0,0,0,0,0,"- ","- ",36.580739999999999,-116.93209,INYO,UNINCORPORATED,-116.93205267,36.580773170000001
90493800,2017,2017-07-05,9825,2017-06-24,1625,017565,,6,2,2,1401,0,3,5,,2,040,"SUNLAND DRIVE","SCHOBER LANE",0.00,,Y,A,-,Y,,,,,,,,,,Y,4,0,1,2,A,-,09,21802,A,N,D,C,A,A,H,-,A,A,0,,,,,Y,,A,01,0,0,1,0,0,0,0,0,0,"- ","- ",37.346730000000001,-118.40455,INYO,BISHOP,-118.40452001,37.346739960000001
90495942,2017,2017-07-07,9825,2017-06-27,1605,018960,,2,2,9,1400,0,3,5,,2,040,"GERKIN RD.","SUNLAD DR.",0.00,,Y,A,-,N,,,,,,,,,,Y,3,0,2,2,A,-,12,22450,A,N,D,C,A,A,H,-,A,A,0,,,,,Y,,A,07,0,1,1,0,0,0,0,0,0,"- ","- ",37.317929999999997,-118.39053,INYO,UNINCORPORATED,-118.39059011000001,37.317949990000002
90497930,2017,2017-07-11,9825,2017-07-01,1105,018925,,6,1,9,1400,0,1,3,,1,011,SR-168,"MEADOW LN",12.00,E,N,A,-,Y,,,168,,,,,,,N,4,0,1,2,A,-,03,22350,,N,C,C,A,A,H,-,E,D,0,,Y,,,Y,,L,04,0,0,1,0,0,0,1,0,0,"- ","- ",37.361310000000003,-118.43635999999999,INYO,UNINCORPORATED,-118.43636021,37.361273410000003
90497951,2017,2017-07-11,9825,2017-07-01,1614,020736,,6,2,9,1400,0,3,5,,2,060,"GILL STATION COSO RD","US-395 N/B",49.00,E,N,A,-,N,,,,,,,,,,Y,3,0,3,2,A,-,05,21460,A,N,D,C,A,A,H,-,A,D,0,,,,,Y,,A,01,0,2,1,0,0,0,0,0,0,"- ","- ",36.045909999999999,-117.94698,INYO,UNINCORPORATED,-117.94702368,36.045837130000002
90498053,2017,2017-07-11,9825,2017-07-06,0753,018685,,4,1,9,1400,0,1,2,,1,006,US-395,"TEYA RD",0.00,,Y,A,-,Y,,,395,,,,,,,Y,3,0,3,2,A,-,09,21801,A,N,D,C,A,A,H,-,A,D,0,,,,,Y,,A,07,0,2,1,0,0,0,0,0,0,"- ","- ",36.593919999999997,-118.05771,INYO,UNINCORPORATED,-118.05772515,36.593915529999997
90499720,2017,2017-07-13,9825,2017-07-08,0615,017565,,6,1,9,1400,0,3,5,,2,040,"BARLOW LN","SIERRA VISTA WAY",144.00,N,N,A,-,N,,,,,,,,,,Y,3,0,1,1,A,-,01,23152,A,N,E,I,A,A,H,-,A,D,0,,,,,Y,Y,A,01,0,1,0,0,0,0,0,0,0,"- ","- ",37.348970000000001,-118.42297000000001,INYO,UNINCORPORATED,-118.42292664,37.348984790000003
90500048,2017,2017-07-13,9825,2017-07-08,0050,018685,,6,3,9,1400,0,1,2,,1,006,"US-395 N/B","ASH CREEK ROAD",12144.00,S,N,A,-,Y,,,395,,,,,,N,Y,4,0,2,1,A,-,08,22107,,N,F,A,A,A,H,-,D,D,0,,,,,Y,,A,01,0,0,2,0,0,0,0,0,0,"- ","- ",36.341410000000003,-118.02126,INYO,UNINCORPORATED,-118.02108518,36.34144723
90500321,2017,2017-09-19,9825,2017-07-01,0315,012536,,6,3,9,1400,0,1,3,,2,020,SR-178,"CALIFORNIA/NEVADA STATE LINE",12144.00,W,N,A,-,Y,,,178,,,,,,,Y,1,1,0,1,A,-,01,23152,E,N,E,I,A,A,H,-,D,D,0,,,,,Y,,A,08,0,0,0,0,0,0,0,0,0,"- ","- ",36.157580000000003,-116.14703,INYO,UNINCORPORATED,-116.14704261,36.157603539999997
90501106,2017,2017-07-14,9825,2017-07-09,1315,016784,,7,1,9,1400,0,1,2,,1,007,"US-395 N/B","GILL STATION COSO RD",8976.00,S,N,A,-,Y,,,395,,,,,,N,Y,3,0,2,1,A,-,08,22107,,N,F,A,A,A,H,-,A,D,0,,,,,Y,,A,01,0,1,1,0,0,0,0,0,0,"- ","- ",36.021380000000001,-117.93939,INYO,UNINCORPORATED,-117.9394733,36.021353550000001
90504516,2017,2017-07-20,9825,2017-07-14,2352,020183,,5,3,9,1400,0,3,5,,2,040,"BAKER CREEK RD","NORTH SCHOOL STREET",317.00,W,N,B,-,N,,,,,,,,,,Y,3,0,1,1,A,-,08,22107,,N,E,I,A,A,H,-,D,D,0,,,,,Y,,A,07,0,1,0,0,0,0,0,0,0,"- ","- ",37.169690000000003,-118.30763,INYO,UNINCORPORATED,-118.29515592999999,37.169808979999999
90504727,2017,2017-07-20,9825,2017-07-16,1715,016784,,7,2,9,1400,0,1,2,,1,007,"US-395 S/B","S. HAIWEE RD.",11616.00,S,N,B,C,Y,,,395,,,,,,S,Y,3,0,1,1,A,-,03,22350,,N,F,A,A,B,H,-,A,D,0,,,,,Y,,A,01,0,1,0,0,0,0,0,0,0,"- ","- ",36.109160000000003,-117.97071,INYO,UNINCORPORATED,-117.97063639,36.109191279999997
90505490,2017,2017-07-21,9825,2017-07-17,1140,017035,,1,1,9,1400,0,1,2,,1,003,"US-395 S/B","KEOUGH HOT SPRINGS RD",7920.00,S,N,A,-,Y,,,,,,,,,,Y,3,0,1,1,A,-,08,22107,,N,E,I,A,A,H,-,A,D,0,,,,,Y,,A,01,0,1,0,0,0,0,0,0,0,"- ","- ",37.238900000000001,-118.31095999999999,INYO,UNINCORPORATED,,
90505691,2017,2017-07-21,9825,2017-07-16,1022,017565,,7,1,9,1400,0,3,5,,2,040,"TINNEMAHA ROAD","ABERDEEN STATION RD",3696.00,S,N,A,-,N,,,,,,,,,,Y,3,0,3,1,A,-,08,22107,,N,F,A,A,A,A,-,A,D,0,,,,,Y,,D,22,0,2,1,0,0,0,0,0,0,"- ","- ",36.5959,-118.1515,INYO,UNINCORPORATED,-118.24596699999999,36.991140000000001
90510093,2017,2017-07-27,9825,2017-07-25,2100,017941,,2,2,9,1400,0,2,4,,2,051,"STATE LINE ROAD","STATE ROUTE 127",10032.00,E,N,A,-,N,,,,,,,,,,Y,4,0,1,1,C,-,18,,,N,H,H,A,A,H,-,D,D,0,,,,,Y,,-,"- ",0,0,1,0,0,0,0,0,0,"- ","- ",36.317630000000001,-116.38449,INYO,UNINCORPORATED,-116.38568094,36.316653639999998
90514199,2017,2017-08-01,9825,2017-07-29,0320,017565,,6,3,9,1400,0,1,3,,1,011,"RT 168","EAST BISHOP CREEK ROAD",560.00,E,N,A,-,Y,,,168,,,,,,,Y,4,0,1,1,A,-,08,22107,,N,E,I,A,A,H,-,D,D,0,,,,,Y,Y,A,01,0,0,1,0,0,0,0,0,0,"- ","- ",37.342219999999998,-118.47985,INYO,UNINCORPORATED,-118.47986224,37.34226692
90516763,2017,2017-08-04,9825,2017-07-27,1326,018685,,4,1,9,1400,0,1,2,,1,006,US-395,"WHITNEY ST",300.00,S,N,A,-,Y,,,395,,,,,,,Y,4,0,1,1,C,-,18,,,N,E,I,A,A,H,-,A,D,0,,,,,Y,,-,"- ",0,0,1,0,0,0,0,0,0,"- ","- ",36.321640000000002,-118.02697000000001,INYO,UNINCORPORATED,-118.02687885,36.321623590000002
90516814,2017,2017-08-04,9825,2017-07-31,0130,017072,,1,3,9,1400,0,1,3,,1,019,SR-127,"SAN BERNARDINO COUNTY",10560.00,N,N,A,-,Y,,,127,,,,,,,Y,3,0,3,2,A,-,05,21460,A,F,F,A,A,A,H,-,D,D,0,,,,,Y,,-,99,0,3,0,0,0,0,0,0,0,"- ","- ",35.823,-116.32306,INYO,UNINCORPORATED,-116.32298104,35.822953409999997
90521840,2017,2017-08-11,9825,2017-08-04,1350,018685,,5,1,9,1400,0,1,A,,2,712,"COSO REST AREA PARKING LOT","GILL STATION COSO RD",300.00,S,N,A,-,N,,,,,,,,,,N,2,0,1,1,A,-,13,22515,A,N,G,B,A,A,H,-,A,D,0,,,,,Y,,A,07,1,0,0,0,0,0,0,0,0,"- ","- ",36.045250000000003,-117.94605,INYO,UNINCORPORATED,-117.94557413,36.045878469999998
90523062,2017,2017-08-14,9825,2017-08-07,0950,016784,,1,1,9,1400,0,1,2,,1,007,"US-395 N/B","NINE MILE CANYON RD",2640.00,N,N,A,-,Y,,,,,,,,,,Y,3,0,2,1,C,-,18,,,N,F,A,A,A,H,-,A,D,0,,,,,Y,,-,"- ",0,1,1,0,0,0,0,0,0,"- ","- ",35.505600000000001,-117.523,INYO,UNINCORPORATED,-117.87587564,35.849334400000004
90525197,2017,2018-03-14,9825,2017-07-23,1758,020335,,7,2,9,1400,0,2,4,,2,078,"TRONA WILDROSE RD","QUARRY RD",2112.00,N,N,A,-,N,,,,,,,,,,Y,1,2,1,1,A,-,08,22107,,N,F,A,A,A,H,-,A,D,0,,,,,Y,,A,07,0,1,0,0,0,0,0,0,0,"- ","- ",35.924720000000001,-117.33071,INYO,UNINCORPORATED,-117.33114964000001,35.926576519999998
90527203,2017,2017-08-21,9825,2017-08-10,1230,020736,,4,1,9,1400,0,1,3,,2,016,SR-190,SR-136,18480.00,E,N,A,-,Y,,,190,,,,,,,Y,3,0,1,1,C,-,18,,,N,E,J,A,A,H,-,A,D,0,,,,,Y,,-,"- ",0,1,0,0,0,0,0,0,0,"- ","- ",36.382950000000001,-117.80459999999999,INYO,UNINCORPORATED,-117.80458539999999,36.38295506
90529251,2017,2017-08-23,9825,2017-08-17,1521,020335,,4,2,9,1400,0,1,2,,1,006,US-395,"LAKE ST",528.00,S,N,A,-,Y,,,395,,,,,,,N,3,0,1,2,A,-,03,22350,,N,C,C,A,A,D,H,A,D,0,,,,,Y,,D,22,0,1,0,0,0,0,0,0,0,"- ","- ",36.317770000000003,-118.02709,INYO,UNINCORPORATED,-118.02705533,36.317770119999999
90539061,2017,2017-09-01,9825,2017-08-27,1155,017072,,7,1,9,1400,0,2,4,,2,072,"BADWATER RD","BADWATER VISITORS CENTER",11616.00,S,N,B,-,N,,,,,,,,,,Y,3,0,1,1,A,-,08,22107,,N,F,A,A,A,H,-,A,D,0,,,Y,,Y,,C,02,0,1,0,0,0,0,0,0,1,"- ","- ",36.114199999999997,-116.4624,INYO,UNINCORPORATED,-116.76710199999999,36.229816999999997
90539065,2017,2017-09-01,9825,2017-08-25,0555,018685,,5,3,9,1400,0,1,3,,1,015,SR-136,"WEST DOLOMITE LOOP RD",6336.00,E,N,A,-,Y,,,136,,,,,,,Y,4,0,1,1,A,-,08,22107,,N,F,A,A,A,H,-,A,D,0,,,,,Y,,A,01,0,0,1,0,0,0,0,0,0,"- ","- ",36.557470000000002,-117.96308999999999,INYO,UNINCORPORATED,-117.96312738,36.557398800000001
90541481,2017,2017-09-06,9825,2017-08-29,1015,017072,,2,1,9,1400,0,2,4,,2,074,"DANTES VIEW RD",SR-190,14256.00,S,N,A,-,N,,,,,,,,,,N,3,0,1,1,A,-,08,22107,,N,F,A,A,A,H,-,A,D,0,,,Y,,Y,,C,02,0,1,0,0,0,0,0,0,1,"- ","- ",36.170299999999997,-116.40309999999999,INYO,UNINCORPORATED,-116.68861226,36.330201819999999
90541575,2017,2017-09-06,9825,2017-08-30,1325,016784,,3,1,9,1400,0,1,2,,1,006,"US-395 N/B","LUBKEN CANYON RD",7392.00,S,N,B,C,Y,,,,,,,,,,Y,3,0,1,1,A,-,03,22350,,N,E,I,A,B,H,-,A,D,0,,,,,Y,,A,07,0,1,0,0,0,0,0,0,0,"- ","- ",36.3123,-118.0232,INYO,UNINCORPORATED,-118.04496,36.530149999999999
90541723,2017,2017-09-06,9825,2017-09-03,0740,017072,,7,1,9,1400,0,1,3,,1,018,SR-190,"SLAB CITY",12672.00,E,N,B,-,Y,,,,,,,,,,Y,3,0,1,1,A,-,08,22107,,N,F,A,A,A,H,-,A,D,0,,,,,Y,,A,01,0,1,0,0,0,0,0,0,0,"- ","- ",36.191600000000001,-116.3313,INYO,UNINCORPORATED,,
90542261,2017,2017-09-06,9825,2017-09-05,1145,017072,,2,1,9,1400,0,1,3,,1,019,SR-190,"SR-178 W/B",4699.00,N,N,B,-,Y,,,,,,,,,,Y,2,0,1,1,A,-,08,22107,,N,F,A,A,A,H,-,A,D,0,,,Y,,Y,,C,02,1,0,0,0,0,0,0,0,1,"- ","- ",36.010399999999997,-116.1739,INYO,UNINCORPORATED,,
90546229,2017,2017-09-12,9825,2017-08-30,1830,012536,,3,2,9,1400,0,3,5,,2,060,"LOCUST ST","HAY ST.",183.00,W,N,A,-,N,,,,,,,,,,N,4,0,1,1,A,-,17,21200,,N,F,A,A,A,H,-,A,D,0,,Y,,,Y,Y,L,04,0,0,1,0,0,0,1,0,0,"- ","- ",36.608429999999998,-118.06081,INYO,UNINCORPORATED,-118.06064218,36.608394820000001
90548202,2017,2017-09-14,9825,2017-09-07,1717,013479,,4,2,9,1400,0,1,2,,1,010,US-6,"DIXON LANE",0.00,,Y,A,-,Y,,,6,,,,,,,Y,4,0,1,3,A,-,09,21801,A,N,D,C,A,A,H,-,A,D,0,,,,,Y,,D,22,0,0,1,0,0,0,0,0,0,"- ","- ",37.390369999999997,-118.39543999999999,INYO,UNINCORPORATED,-118.39537747999999,37.390368770000002
90548415,2017,2017-09-15,9825,2017-09-08,2100,020530,,5,2,9,1400,0,1,2,,2,002,"US-395 S/B","TU SU LN.",200.00,N,N,A,-,Y,,,395,,,,,,S,N,3,0,1,2,A,-,03,22350,,F,G,B,E,A,H,-,D,D,0,Y,,,,Y,Y,-,99,0,1,0,0,1,0,0,0,0,"- ","- ",37.37576,-118.41929,INYO,UNINCORPORATED,-118.41929072000001,37.375786509999998
90550804,2017,2017-09-19,9825,2017-09-12,0540,018685,,2,3,9,1400,0,1,3,,2,016,SR-190,US-395,36960.00,E,N,A,-,Y,,,,,,,,,,Y,3,0,1,1,A,-,03,22350,,N,F,A,A,B,F,-,D,D,0,,,,,Y,,A,07,0,1,0,0,0,0,0,0,0,"- ","- ",,,INYO,UNINCORPORATED,-117.91438268,36.347440669999997
90550883,2017,2017-09-19,9825,2017-09-14,1815,021400,,4,2,9,1400,0,3,5,,2,040,"SUNLAND LN","MANDICH ST",0.00,,Y,A,-,Y,,,,,,,,,,Y,4,0,1,1,A,-,03,22350,,N,E,I,A,A,H,-,A,A,0,,,,,Y,,A,01,0,0,1,0,0,0,0,0,0,"- ","- ",37.356960000000001,-118.40469,INYO,UNINCORPORATED,-118.40463009,37.356919910000002
90550941,2017,2017-09-19,9825,2017-09-14,2243,020118,,4,3,9,1400,0,1,2,,1,006,US-395,"CACTUS FLAT ROAD",5280.00,S,N,A,-,Y,,,395,,,,,,,Y,4,0,1,2,A,-,09,21801,A,N,D,C,A,A,H,-,D,D,0,,,,,Y,,M,59,0,0,1,0,0,0,0,0,0,"- ","- ",36.252470000000002,-117.99187000000001,INYO,UNINCORPORATED,-117.991833,36.252488169999999
90552858,2017,2017-09-21,9825,2017-09-19,1230,017072,,2,1,9,1400,0,2,4,,2,072,"BADWATER RD","MORMON POINT",8976.00,N,N,A,-,N,,,,,,,,,,Y,2,0,1,2,A,-,06,21751,,N,B,C,A,A,H,-,A,D,0,,,Y,,Y,,C,02,1,0,0,0,0,0,0,0,1,"- ","- ",36.061,-116.43559999999999,INYO,UNINCORPORATED,-116.747461,36.069015
90556063,2017,2017-09-26,9825,2017-09-14,0130,017057,,4,3,9,1400,0,1,2,,1,004,"US-395 N/B","GOODALE RD",6336.00,S,N,B,-,Y,,,,,,,,,,Y,4,0,1,1,A,-,08,22107,,N,F,A,A,A,H,-,D,D,0,,,,,Y,,A,01,0,0,1,0,0,0,0,0,0,"- ","- ",39.961880000000001,-118.23983,INYO,UNINCORPORATED,-118.24004435000001,36.96126993
90565657,2017,2017-10-09,9825,2017-10-01,1445,018925,,7,2,9,1400,0,1,2,,2,001,US-395,"ED POWERS RD",538.00,S,N,A,-,Y,,,395,,,,,,,Y,3,0,2,2,A,-,08,22107,,N,B,C,A,A,H,-,A,D,0,,,,,Y,,A,07,0,1,1,0,0,0,0,0,0,"- ","- ",37.380119999999998,-118.47523,INYO,UNINCORPORATED,-118.47525077,37.380067320000002
90565741,2017,2017-10-09,9825,2017-10-02,1550,017035,,1,2,9,1400,0,1,2,,2,002,US-395,"SEE VEE LANE",5.00,N,N,A,-,Y,,,395,,,,,,,N,4,0,1,2,A,-,09,21804,A,M,A,C,A,A,H,-,A,A,0,,,,,Y,,A,08,0,0,1,0,0,0,0,0,0,"- ","- ",37.375799999999998,-118.41387,INYO,UNINCORPORATED,-118.41387004000001,37.375817040000001
90566649,2017,2017-10-10,9825,2017-10-03,1300,013479,,2,1,9,1400,0,1,2,,1,004,"US-395 N/B","GOODALE ROAD",3696.00,S,N,A,-,Y,,,395,,,,,,N,Y,3,0,2,1,A,-,08,22107,,N,F,I,A,A,H,-,A,D,0,,,,,Y,,E,22,0,2,0,0,0,0,0,0,0,"- ","- ",36.967140000000001,-118.23847000000001,INYO,UNINCORPORATED,-118.23839604,36.967124550000001
90569458,2017,2017-10-12,9825,2017-10-07,0730,017941,,6,1,9,1400,0,3,5,,2,050,"FURNACE CREEK RD","OLD SPANISH TRAIL HWY",4752.00,N,N,A,-,N,,,,,,,,,,N,2,0,1,1,A,-,21,22106,,N,H,A,A,A,G,-,A,D,0,,,,,Y,,A,07,1,0,0,0,0,0,0,0,0,"- ","- ",35.859670000000001,-116.21114,INYO,UNINCORPORATED,-116.21167848,35.860538820000002
90569914,2017,2017-10-13,9825,2017-10-06,1415,017941,,5,2,9,1400,0,1,3,,1,018,"STATE ROUTE 190","STATE ROUTE 127",35376.00,W,N,A,-,Y,,,190,,,,,,,Y,2,0,1,1,A,-,08,22107,,N,F,A,A,A,D,-,A,D,0,,,Y,,Y,,C,02,1,0,0,0,0,0,0,0,1,"- ","- ",36.311639999999997,-116.53377,INYO,UNINCORPORATED,-116.53373216,36.311723960000002
90576894,2017,2017-10-24,9825,2017-10-17,1243,018685,,2,1,9,1400,0,1,3,,1,015,SR-136,"DOLOMITE LOOP RD",8976.00,E,N,A,-,Y,,,136,,,,,,,Y,2,0,2,1,A,-,08,22107,,N,F,A,A,A,H,-,A,D,0,,,,,Y,,A,01,1,1,0,0,0,0,0,0,0,"- ","- ",36.56082,-117.96969,INYO,UNINCORPORATED,-117.96967964,36.560839729999998
90577054,2017,2017-10-24,9825,2017-10-22,2210,017072,,7,3,9,1400,0,1,3,,2,017,SR-190,"MESQUITE DUNES RD",4224.00,W,N,A,-,Y,,,,,,,,,,Y,4,0,1,1,A,-,08,22107,,N,F,A,A,A,H,-,D,D,0,,,,,Y,,A,01,0,0,1,0,0,0,0,0,0,"- ","- ",36.361199999999997,-117.07380000000001,INYO,UNINCORPORATED,,
90577526,2017,2017-10-24,9825,2017-10-22,1240,020118,,7,1,9,1400,0,3,5,,2,060,"OFF HIGHWAY-OPEN DESERT (OLANCHA)",US-395,5280.00,E,N,A,-,N,,,,,,,,,,Y,4,0,2,1,B,-,22,,,N,F,I,A,A,A,G,A,D,0,,,Y,,Y,,C,06,0,0,2,0,0,0,0,0,2,"- ","- ",36.276850000000003,-117.99536000000001,INYO,UNINCORPORATED,-117.99536000000001,36.276850000000003
90580945,2017,2017-10-27,9825,2017-10-25,0800,015522,,3,1,9,1400,0,1,2,,1,003,US-395,"SUNLAND DRIVE",1967.00,S,N,A,-,Y,,,395,,,,,,,Y,2,0,4,1,A,-,08,22107,,N,F,I,A,A,H,-,A,D,0,,,,,Y,,A,01,2,2,0,0,0,0,0,0,0,"- ","- ",37.313330000000001,-118.38491,INYO,UNINCORPORATED,-118.38491618,37.31332681
90581572,2017,2017-10-27,9825,2017-10-27,0625,018925,,5,1,9,1400,0,1,2,,1,004,US-395,"BLACK ROCK SPRINGS RD",5280.00,N,N,A,-,Y,,,395,,,,,,,Y,3,0,2,1,A,-,08,22107,,N,E,I,A,A,H,-,D,D,0,,,,,Y,,A,07,0,2,0,0,0,0,0,0,0,"- ","- ",36.93206,-118.24074,INYO,UNINCORPORATED,-118.24063407,36.932056780000003
90583948,2017,2017-10-31,9825,2017-10-29,1015,017072,,7,1,9,1400,0,1,3,,2,017,SR-190,"NORTH HWY",11352.00,W,N,A,-,Y,,,,,,,,,,Y,3,0,2,2,A,-,08,22107,,N,D,C,A,A,H,-,A,D,0,,,Y,,Y,,C,02,0,2,0,0,0,0,0,0,2,"- ","- ",36.370600000000003,-117.03579999999999,INYO,UNINCORPORATED,-117.06582419,36.619177209999997
90587044,2017,2017-11-03,9825,2017-10-21,1116,012536,,6,1,9,1400,0,2,4,,2,072,"BADWATER RD.","FURNACE CREEK WASH RD.",79728.00,W,N,A,-,N,,,,,,,,,,Y,2,0,2,1,A,-,03,22350,,N,E,I,A,A,H,-,A,A,0,,,Y,,Y,,C,02,2,0,0,0,0,0,0,0,2,"- ","- ",35.912120000000002,-116.60818,INYO,UNINCORPORATED,-116.60812900000001,35.912042999999997
90587052,2017,2017-11-03,9825,2017-10-21,1115,012536,,6,1,9,1400,0,2,4,,2,072,"BADWATER RD.","FURNACE CREEK WASH RD.",79728.00,W,N,A,-,N,,,,,,,,,,Y,2,0,1,1,A,-,03,22350,,N,F,A,A,A,H,-,A,A,0,,,Y,,Y,,C,02,1,0,0,0,0,0,0,0,1,"- ","- ",35.912120000000002,-116.60818,INYO,UNINCORPORATED,-116.60814999999999,35.912042999999997
90589006,2017,2017-11-07,9825,2017-10-23,0833,018685,,1,1,9,1400,0,1,3,,2,016,"SR-190 W/B","PANAMINT VALLEY RD",26928.00,E,N,A,-,Y,,,190,,,,,,W,Y,1,1,0,1,A,-,03,22350,,N,F,A,A,A,H,-,A,D,0,,,,Y,Y,,G,25,0,0,0,0,0,0,0,0,0,"- ","- ",36.347839999999998,-117.33783,INYO,UNINCORPORATED,-117.33787792,36.347934289999998
90589423,2017,2017-11-07,9825,2017-11-01,1600,017072,,3,2,9,1400,0,2,4,,2,072,"BADWATER RD","WEST SIDE RD",16896.00,N,N,A,-,N,,,,,,,,,,Y,3,0,2,1,A,-,08,22107,,N,F,A,A,A,H,-,A,D,0,,,,,Y,,A,01,0,2,0,0,0,0,0,0,0,"- ","- ",35.564799999999998,-116.42489999999999,INYO,UNINCORPORATED,-116.84557776,36.410193360000001
90593217,2017,2017-11-13,9825,2017-11-08,1200,017072,,3,1,9,1400,0,3,5,,2,050,"WEST SIDE ROAD","WARM SPRINGS RD",20064.00,N,N,A,-,N,,,,,,,,,,N,4,0,1,1,A,-,03,22350,,N,F,A,A,A,H,-,A,D,0,,,Y,,Y,,C,02,0,0,1,0,0,0,0,0,1,"- ","- ",35.573500000000003,-116.45059999999999,INYO,UNINCORPORATED,-116.449547,35.575558999999998
90593275,2017,2017-11-13,9825,2017-11-08,1230,017072,,3,1,9,1400,0,2,4,,2,072,"BADWATER RD","HARRY WADE RD",5808.00,E,N,A,-,N,,,,,,,,,,Y,3,0,1,1,A,-,08,22107,,N,F,A,A,A,H,-,A,D,0,,,Y,,Y,,C,02,0,1,0,0,0,0,0,0,1,"- ","- ",35.542499999999997,-116.38339999999999,INYO,UNINCORPORATED,-116.65680999999999,35.899859999999997
90603897,2017,2017-11-28,9825,2017-11-21,1515,017072,,2,2,9,1400,0,2,4,,2,072,"BADWATER RD","MORMON POINT",14256.00,S,N,A,-,N,,,,,,,,,,Y,2,0,1,1,A,-,08,22107,,N,F,A,A,A,H,-,A,D,0,,,Y,,Y,,C,02,1,0,0,0,0,0,0,0,1,"- ","- ",36.004899999999999,-116.4511,INYO,UNINCORPORATED,-116.74900100000001,36.018689000000002
90608396,2017,2017-12-01,9825,2017-11-20,1654,012536,,1,2,9,1400,0,1,2,,1,005,US-395,"MOFFAT RANCH RD.",3696.00,N,N,A,-,Y,,,395,,,,,,,Y,3,0,1,1,A,-,08,22107,,N,E,I,A,A,H,-,B,D,0,,,,,Y,,D,22,0,1,0,0,0,0,0,0,0,"- ","- ",36.69068,-118.11229,INYO,UNINCORPORATED,-118.11231687999999,36.690657469999998
90610411,2017,2017-12-05,9825,2017-12-02,0303,021411,,6,3,9,1400,0,3,5,,2,040,"CHALK BLUFF RD","FIVE BRIDGES RD",5280.00,W,N,A,-,N,,,,,,,,,,Y,4,0,1,1,A,-,03,22350,,N,F,A,A,A,H,-,D,D,0,,,,,Y,,A,01,0,0,1,0,0,0,0,0,0,"- ","- ",37.417900000000003,-118.4247,INYO,UNINCORPORATED,-118.42469800000001,37.417850000000001
90611661,2017,2017-12-06,9825,2017-12-04,1615,017035,,1,2,9,1400,0,1,2,,2,002,US-395,"MACGREGOR AVE",0.00,,Y,A,-,Y,,,395,,,,,,,Y,3,0,1,3,A,-,01,23152,A,N,D,C,A,A,H,-,A,A,0,,,,,Y,Y,M,47,0,1,0,0,0,0,0,0,0,"- ","- ",37.375909999999998,-118.41575,INYO,UNINCORPORATED,-118.41575002,37.375905469999999
90613150,2017,2018-02-02,9825,2017-12-01,1015,019814,,5,1,9,1400,0,3,5,,2,040,"ROCKING W DR","BAR L LN",19.00,S,N,A,-,Y,,,,,,,,,,N,2,0,2,3,A,-,03,22350,,N,G,B,E,A,H,-,A,D,0,Y,,,,Y,,A,07,1,1,0,0,2,0,0,0,0,"- ","- ",37.377800000000001,-118.42034,INYO,UNINCORPORATED,-118.4203005,37.377837909999997
90614583,2017,2017-12-11,9825,2017-12-01,1445,016784,,5,2,9,1400,0,1,3,,1,019,SR-127,SR-190,79200.00,S,N,A,-,Y,,,127,,,,,,,N,3,0,1,1,A,-,08,22107,,N,E,I,A,A,H,-,A,D,0,,,,,Y,,A,01,0,1,0,0,0,0,0,0,0,"- ","- ",36.304679999999998,-116.41519,INYO,UNINCORPORATED,-116.41522153,36.304669220000001
90614610,2017,2017-12-11,9825,2017-12-05,0830,017072,,2,1,9,1400,0,1,3,,1,018,SR-190,"SLAB CITY",10032.00,W,N,A,-,Y,,,,,,,,,,Y,3,0,1,1,A,-,08,22107,,N,E,I,A,A,H,-,A,D,0,,,,,Y,,D,22,0,1,0,0,0,0,0,0,0,"- ","- ",36.2104,-116.3753,INYO,UNINCORPORATED,,
90615753,2017,2017-12-12,9825,2017-12-07,1715,013479,,4,2,9,1400,0,3,5,,2,040,"POLETA ROAD","AIRPORT ROAD",0.00,,Y,A,-,N,,,,,,,,,,Y,2,0,1,2,A,-,12,22450,A,N,D,C,A,A,H,-,D,A,0,,,,,Y,,D,22,1,0,0,0,0,0,0,0,0,"- ","- ",37.361510000000003,-118.36790000000001,INYO,UNINCORPORATED,-118.36792007,37.361490000000003
90615840,2017,2018-01-12,9825,2017-12-07,0120,020335,,4,3,9,1400,0,1,2,,1,006,US-395,"WHITNEY ST",10032.00,N,N,A,-,Y,,,395,,,,,,,Y,2,0,1,1,C,-,18,,,N,H,H,A,A,H,-,D,D,0,,,,Y,Y,,-,"- ",1,0,0,0,0,0,0,0,0,"- ","- ",36.347619999999999,-118.02237,INYO,UNINCORPORATED,-118.0223838,36.34761657
90619390,2017,2017-12-18,9825,2017-12-10,1820,017941,,7,2,9,1400,0,1,3,,1,019,"STATE ROUTE 127","STATE LINE ROAD",14256.00,S,N,A,-,Y,,,127,,,,,,,N,4,0,1,1,A,-,08,22107,,N,E,I,A,A,H,-,D,D,0,,,,,Y,,D,22,0,0,1,0,0,0,0,0,0,"- ","- ",36.266970000000001,-116.4346,INYO,UNINCORPORATED,-116.43458603000001,36.2669669
90625343,2017,2017-12-22,9825,2017-12-18,0825,015522,,1,1,9,1400,0,1,2,,1,004,"US-395 N/B","DIVISION CREEK",1320.00,N,N,A,-,Y,,,,,,,,,,N,4,0,1,2,A,-,07,21658,A,N,B,C,A,A,H,-,A,D,0,,,,,Y,,D,22,0,0,1,0,0,0,0,0,0,"- ","- ",36.570509999999999,-118.14237,INYO,UNINCORPORATED,,
90627567,2017,2017-12-27,9825,2017-12-20,1500,017035,Bisho,3,2,9,1400,0,2,4,,2,021,"TU SU LANE","DIAZ LANE",100.00,S,N,A,G,N,,,,,,,,,,N,3,0,1,1,C,-,18,,,N,H,J,A,A,H,-,A,D,0,,,,,Y,,-,"- ",0,1,0,0,0,0,0,0,0,"- ","- ",37.367289999999997,-118.4183,INYO,UNINCORPORATED,-118.41838,37.368255810000001
90628051,2017,2017-12-27,9825,2017-12-20,0840,018685,,3,1,9,1400,0,1,2,,1,007,"US-395 N/B","HAIWEE CANYON RD",3696.00,N,N,A,G,Y,,,395,,,,,,N,Y,4,0,1,1,A,-,03,22350,,N,F,A,A,A,H,-,A,D,0,,,,Y,Y,,G,25,0,0,1,0,0,0,0,0,0,"- ","- ",36.164789999999996,-117.9772,INYO,UNINCORPORATED,-117.97738644,36.164778089999999
90630950,2017,2018-01-02,9825,2017-12-23,1300,017941,,6,1,9,1400,0,1,3,,1,018,"STATE ROUTE 190","RYAN ROAD",26400.00,E,N,A,-,Y,,,190,,,,,,,Y,3,0,3,1,A,-,08,22107,,N,F,A,A,A,H,-,A,D,0,,,,,Y,,A,08,0,3,0,0,0,0,0,0,0,"- ","- ",36.368899999999996,-116.65951,INYO,UNINCORPORATED,-116.65955329000001,36.368838539999999
90631135,2017,2018-01-02,9825,2017-12-22,1007,017941,,5,1,9,1400,0,1,3,,1,018,"STATE ROUTE 190","RYAN ROAD",25872.00,E,N,A,-,Y,,,190,,,,,,,Y,4,0,2,1,A,-,08,22107,,N,E,J,A,A,H,-,A,D,0,,,,,Y,,A,01,0,0,2,0,0,0,0,0,0,"- ","- ",36.368899999999996,-116.65951,INYO,UNINCORPORATED,-116.65955329000001,36.368838539999999
90634419,2017,2018-01-08,9825,2017-12-26,2025,020335,,2,2,9,1400,0,1,2,,1,006,US-395,"POST ST",2.00,S,N,A,-,Y,,,395,,,,,,,N,3,0,1,2,A,-,10,21950,A,N,G,B,B,A,H,-,C,D,0,Y,,,,Y,,D,22,0,1,0,0,1,0,0,0,0,"- ","- ",36.604149999999997,-118.06263,INYO,UNINCORPORATED,-118.06265521,36.604137979999997
90635036,2018,2018-01-08,9825,2018-01-01,1545,017072,,1,2,9,1400,0,2,4,,2,052,"OLD SPANISH TRAIL HWY","OLD SPANISH TRAIL SUMMIT",5808.00,W,N,A,-,N,,,,,,,,,,Y,4,0,1,1,A,-,08,22107,,N,F,A,A,A,H,-,A,D,0,,,Y,,Y,,C,02,0,0,1,0,0,0,0,0,1,"- ","- ",35.531200408935547,-116.04070281982422,INYO,UNINCORPORATED,-116.28691101074219,35.871349334716797
90635076,2017,2018-01-08,9825,2017-12-30,1400,017941,,6,2,9,1400,0,1,3,,2,017,"STATE ROUTE 190","WILDROSE CANYON ROAD",29568.00,W,N,A,-,Y,,,190,,,,,,,Y,4,0,1,1,A,-,08,22107,,N,F,A,A,A,H,-,A,D,0,,,Y,,Y,,C,02,0,0,1,0,0,0,0,0,1,"- ","- ",36.421999999999997,-117.26593,INYO,UNINCORPORATED,-117.26585557,36.4220057
90635082,2017,2018-01-08,9825,2017-12-31,1140,018925,,7,1,9,1400,0,1,2,,1,005,US-395,"MARKET ST",221.00,N,N,A,-,Y,,,395,,,,,,,Y,4,0,1,1,A,-,08,22107,,N,E,I,A,A,H,-,A,D,0,,,,,Y,,A,07,0,0,1,0,0,0,0,0,0,"- ","- ",36.802880000000002,-118.19976,INYO,UNINCORPORATED,-118.19984798,36.802825749999997
90635119,2018,2018-01-08,9825,2018-01-04,1016,017941,,4,1,9,1400,0,3,5,,2,050,"TECOPA HOT SPRINGS PARKING LOT","STATE ROUTE 127",13728.00,E,N,A,-,N,,,,,,,,,,Y,4,0,1,1,A,-,03,22350,,N,A,I,A,A,H,-,A,D,0,,,,,Y,,A,01,0,0,1,0,0,0,0,0,0,"- ","- ",35.871921539306641,-116.23239898681641,INYO,UNINCORPORATED,-116.232248,35.872543
90637098,2017,2018-01-10,9825,2017-12-28,1240,016784,,4,1,9,1400,0,1,2,,1,005,US-395,"MOFFAT RANCH RD",6336.00,N,N,A,-,Y,,,,,,,,,,Y,3,0,2,1,C,-,18,,,N,F,A,A,A,H,-,A,D,0,,,,,Y,,-,"- ",0,2,0,0,0,0,0,0,0,"- ","- ",36.415010000000002,-118.07080000000001,INYO,UNINCORPORATED,-118.11941091,36.697715250000002
90639079,2018,2018-01-12,9825,2018-01-06,1315,017941,,6,1,9,1400,0,1,3,,2,020,"STATE ROUTE 178","CHICAGO VALLEY ROAD",24816.00,E,N,A,-,Y,,,178,,,,,,,Y,3,0,1,1,A,-,08,22107,,N,F,A,A,A,H,-,A,D,0,,,,,Y,,A,01,0,1,0,0,0,0,0,0,0,"- ","- ",36.072620391845703,-116.18743896484375,INYO,UNINCORPORATED,-116.18738555908203,36.072612762451172
90644924,2018,2018-01-22,9825,2018-01-18,1515,017565,,4,2,9,1400,0,1,2,,2,002,"US 395","BARLOW LN",28.00,N,N,A,-,Y,,,,,,,,,,Y,3,0,2,2,A,-,01,23153,F,F,C,C,A,A,H,-,A,A,0,,,,,Y,,A,01,0,1,1,0,0,0,0,0,0,"- ","- ",37.375820159912109,-118.42301940917969,INYO,UNINCORPORATED,,
90649354,2018,2018-01-26,9825,2018-01-20,1430,017941,,6,2,9,1400,0,3,5,,2,050,"TITUS CANYON RD","SCOTTY'S CASTLE ROAD",26400.00,E,N,A,-,N,,,,,,,,,,N,3,0,1,1,A,-,08,22107,,N,F,A,A,A,G,-,A,D,0,,,Y,,Y,,C,02,0,1,0,0,0,0,0,0,1,"- ","- ",36.8212890625,-117.17491149902344,INYO,UNINCORPORATED,,
90649458,2017,2018-01-30,9825,2017-12-27,1651,020736,,3,2,9,1400,0,1,2,,1,007,US-395,"FALL RD",2112.00,S,N,A,-,Y,,,395,,,,,,,Y,1,2,2,2,A,-,08,22107,,N,A,C,A,A,H,-,B,A,0,,,,Y,Y,,A,01,1,1,0,0,0,0,0,0,0,"- ","- ",36.270969999999998,-118.00069000000001,INYO,UNINCORPORATED,-118.0007066,36.270961970000002
90649508,2018,2018-01-26,9825,2018-01-21,1230,020125,,7,1,9,1400,0,3,5,,2,040,"TUNGSTEN CITY RD","ED POWERS RD",1320.00,N,N,A,-,N,,,,,,,,,,N,3,0,1,1,A,-,03,38305,,N,F,A,A,A,G,H,A,D,0,,,Y,,Y,,C,02,0,1,0,0,0,0,0,0,1,"- ","- ",37.215370178222656,-118.2852783203125,INYO,UNINCORPORATED,-118.47762298583984,37.364849090576172
90651040,2018,2018-01-30,9825,2018-01-28,1500,017072,,7,2,9,1400,0,1,3,,1,018,SR-190,"BADWATER RD",1531.00,E,N,A,-,Y,,,,,,,,,,N,3,0,2,1,A,-,08,22107,,N,F,A,A,A,H,-,A,D,0,,,Y,,Y,,C,02,0,2,0,0,0,0,0,0,2,"- ","- ",36.270301818847656,-116.50569915771484,INYO,UNINCORPORATED,-116.84911346435547,36.451351165771484
90654133,2018,2018-02-08,9825,2018-01-26,1516,018925,,5,2,9,1400,0,3,5,,2,040,"GERKIN RD","SUNLAND DRIVE",0.00,,Y,A,-,N,,,,,,,,,,Y,3,0,2,2,A,-,12,22450,A,N,D,C,A,A,H,-,A,A,0,,,,,Y,,A,01,0,1,1,0,0,0,0,0,0,"- ","- ",37.317821502685547,-118.39060974121094,INYO,UNINCORPORATED,-118.39058685302734,37.317951202392578
90658638,2018,2018-02-26,9825,2018-02-04,1620,020125,,7,2,9,1400,0,3,5,,2,040,"WARM SPRINGS RD","US-395 N/B",11088.00,E,N,A,-,N,,,,,,,,,,N,2,0,1,2,A,-,06,21755,,N,C,G,A,A,H,-,A,D,0,,Y,Y,,Y,,C,02,1,0,0,0,0,0,1,0,0,"- ","- ",37.193019866943359,-118.21102905273438,INYO,UNINCORPORATED,-118.352835,37.325353
90663139,2018,2018-02-16,9825,2018-02-11,1105,017072,,7,1,9,1400,0,1,3,,1,019,SR-127,"DEADMANS PASS ROAD",19536.00,S,N,A,-,Y,,,,,,,,,,Y,2,0,1,1,A,-,08,22107,,N,F,A,A,A,H,-,A,D,0,,,Y,,Y,,C,02,1,0,0,0,0,0,0,0,1,"- ","- ",36.104000091552734,-116.20349884033203,INYO,UNINCORPORATED,-116.34198760986328,36.187751770019531
90666643,2018,2018-02-22,9825,2018-02-18,1000,017072,,7,1,9,1400,0,2,4,,2,072,"BADWATER RD","WEST SIDE RD",52800.00,N,N,A,-,N,,,,,,,,,,N,2,0,2,1,A,-,08,22107,,N,F,A,A,A,H,-,A,D,0,,,Y,,Y,,C,02,1,0,1,0,0,0,0,0,2,"- ","- ",36.01409912109375,-116.45120239257812,INYO,UNINCORPORATED,-116.85276031494141,36.448448181152344
90666779,2018,2018-02-22,9825,2018-02-19,1715,017072,,1,2,9,1400,0,1,3,,1,019,SR-127,"SMITH LANE",7392.00,S,N,B,-,Y,,,,,,,,,,Y,3,0,1,1,A,-,08,22107,,N,F,A,A,A,H,-,B,D,0,,,,,Y,,A,08,0,1,0,0,0,0,0,0,0,"- ","- ",35.561500549316406,-116.16069793701172,INYO,UNINCORPORATED,,
90669555,2018,2018-02-26,9825,2018-02-17,1245,017941,,6,1,9,1400,0,3,5,,2,050,"WARMS SPRING CANYON ROAD","WEST SIDE ROAD",84480.00,W,N,A,-,N,,,,,,,,,,N,2,0,1,1,A,-,08,22107,,N,F,A,A,A,G,-,A,D,0,,,Y,,Y,,C,02,1,0,0,0,0,0,0,0,1,"- ","- ",35.937961578369141,-117.06867980957031,INYO,UNINCORPORATED,-116.95957183837891,35.976020812988281
90669924,2018,2018-02-26,9825,2018-02-18,1500,019814,,7,2,9,1400,0,1,2,,2,002,US-395,"BROCKMAN LN",0.00,,Y,B,G,Y,,,395,,,,,,,Y,4,0,1,2,A,-,12,22450,A,N,D,C,A,A,H,-,A,A,0,,,,,Y,,A,01,0,0,1,0,0,0,0,0,0,"- ","- ",37.37567138671875,-118.43211364746094,INYO,UNINCORPORATED,-118.43210601806641,37.375804901123047
90671477,2018,2018-02-28,9825,2018-02-20,1700,018685,,2,2,9,1400,0,3,5,,2,060,"SALINE VALLEY RD","WARM SPRINGS RD",1584.00,N,N,A,-,N,,,,,,,,,,Y,4,0,2,1,A,-,08,22107,,N,F,A,A,A,H,-,A,D,0,,,,,Y,,D,22,0,0,2,0,0,0,0,0,0,"- ","- ",36.790809631347656,-117.88559722900391,INYO,UNINCORPORATED,-117.83888244628906,36.714702606201172
90673504,2018,2018-03-02,9825,2018-02-26,1505,015522,,1,2,9,1400,0,3,5,,2,040,"GERKIN RD",US-395,528.00,W,N,A,-,N,,,,,,,,,,N,4,0,1,1,A,-,08,22107,,N,E,I,A,A,H,-,A,D,0,,,,,Y,,A,01,0,0,1,0,0,0,0,0,0,"- ","- ",37.320919036865234,-118.39044189453125,INYO,UNINCORPORATED,-118.39057159423828,37.321063995361328
90675943,2018,2018-03-06,9825,2018-02-28,1530,017072,,3,2,9,1400,0,2,4,,2,072,"BADWATER RD","HARRY WADE ROAD",4699.00,E,N,A,-,N,,,,,,,,,,Y,2,0,1,1,A,-,08,22107,,N,F,A,A,A,H,-,A,D,0,,,Y,,Y,,C,02,1,0,0,0,0,0,0,0,1,"- ","- ",35.540000915527344,-116.3822021484375,INYO,UNINCORPORATED,-116.65680694580078,35.899860382080078
90680437,2018,2018-03-12,9825,2018-03-12,0544,018685,,1,3,9,1400,0,1,2,,1,005,"US-395 S/B","MANZANAR REWARD RD",672.00,N,N,A,-,Y,,,,,,,,,,Y,4,0,1,1,A,-,08,22107,,N,E,I,A,A,H,-,D,D,0,,,,,Y,,A,07,0,0,1,0,0,0,0,0,0,"- ","- ",36.735759735107422,-118.14993286132812,INYO,UNINCORPORATED,,
90684853,2018,2018-03-19,9825,2018-03-09,1444,020736,,5,2,9,1400,0,1,2,,1,006,"S/B US-395","COTTONWOOD RD",6864.00,S,N,A,-,Y,,,,,,,,,,Y,2,0,2,1,A,-,08,22107,,N,F,I,A,A,H,-,A,D,0,,,,,Y,,A,01,1,1,0,0,0,0,0,0,0,"- ","- ",36.426059722900391,-117.96201324462891,INYO,UNINCORPORATED,-118.03075408935547,36.424736022949219
90686720,2018,2018-04-10,9825,2018-03-13,1419,018685,,2,2,9,1400,0,3,5,,2,060,"TRONA WILDROSE RD","QUARRY RD",20592.00,N,N,A,G,N,,,,,,,,,,N,2,0,1,1,A,-,08,22107,,N,E,I,A,A,H,-,A,D,0,,,Y,,Y,,C,02,1,0,0,0,0,0,0,0,1,"- ","- ",35.968158721923828,-117.34108734130859,INYO,UNINCORPORATED,-117.33919525146484,35.971790313720703
90688243,2018,2018-03-22,9825,2018-03-12,1410,012536,,1,2,9,1400,0,1,3,,2,017,"SR-190 E/B",74.00,1056.00,E,N,A,-,Y,,,190,,,,,,E,Y,3,0,1,1,A,-,03,22350,,N,E,I,A,A,H,-,A,D,0,,,,Y,Y,,G,25,0,1,0,0,0,0,0,0,0,"- ","- ",36.463588714599609,-117.23618316650391,INYO,UNINCORPORATED,-117.2362060546875,36.463600158691406
90689683,2018,2018-03-26,9825,2018-03-17,1330,017941,,6,1,9,1400,0,3,5,,2,050,"TITUS CANYON ROAD","SCOTTY'S CASTLE ROAD",29040.00,E,N,A,-,N,,,,,,,,,,N,2,0,1,1,A,-,08,22107,,N,F,A,A,A,G,-,A,D,0,,,Y,,Y,,C,02,1,0,0,0,0,0,0,0,1,"- ","- ",36.8212890625,-117.17491149902344,INYO,UNINCORPORATED,-117.134219,36.823892999999998
90689715,2018,2018-03-26,9825,2018-03-19,1500,020118,,1,2,9,1400,0,3,5,,2,060,"TRONA WILDROSE ROAD","HOMEWOOD CANYON ROAD",27456.00,E,N,A,-,N,,,,,,,,,,Y,3,0,1,1,A,-,08,22107,,N,F,A,A,A,H,-,A,D,0,,,Y,,Y,,C,02,0,1,0,0,0,0,0,0,1,"- ","- ",35.957469940185547,-117.33345794677734,INYO,UNINCORPORATED,-117.33274841308594,35.885440826416016
90690522,2018,2018-03-27,9825,2018-03-22,0215,016784,,4,3,9,1400,0,1,2,,1,006,US-395,"ASH CREEK RD",15312.00,S,N,B,C,Y,,,,,,,,,,Y,3,0,1,1,A,-,08,22107,,N,E,I,A,B,H,-,D,D,0,,,,,Y,,A,07,0,1,0,0,0,0,0,0,0,"- ","- ",36.220500946044922,-117.58937072753906,INYO,UNINCORPORATED,-118.02055358886719,36.338363647460938
90697059,2018,2018-04-02,9825,2018-03-21,2010,012536,,3,2,9,1400,0,1,2,,1,006,US-395,"INYO ST.",48.00,N,N,A,-,Y,,,395,,,,,,,Y,3,0,5,2,A,-,07,21658,A,N,B,C,A,A,H,-,C,D,0,,,,,Y,,A,01,0,5,0,0,0,0,0,0,0,"- ","- ",36.601131439208984,-118.06104278564453,INYO,UNINCORPORATED,-118.06111907958984,36.601093292236328
90697397,2018,2018-04-03,9825,2018-03-29,1821,020183,,4,2,9,1400,0,3,5,,2,040,"PLEASANT VALLEY DAM RD",US-395,2112.00,E,N,A,-,N,,,,,,,,,,Y,3,0,3,1,A,-,01,23152,A,N,F,I,A,A,H,-,A,D,0,,,,,Y,Y,D,22,0,2,1,0,0,0,0,0,0,"- ","- ",37.39501953125,-118.49732208251953,INYO,UNINCORPORATED,-118.49726867675781,37.394569396972656
90697610,2018,2018-04-03,9825,2018-03-23,1430,017941,,5,2,9,1400,0,3,5,,2,050,"CLAY RD","STATE ROUTE 127",25344.00,W,N,A,-,N,,,,,,,,,,N,2,0,1,1,A,-,08,22107,,N,F,A,A,A,G,-,A,D,0,,,Y,,Y,,C,02,1,0,0,0,0,0,0,0,1,"- ","- ",36.356681823730469,-116.43618774414062,INYO,UNINCORPORATED,-116.44441986083984,36.385471343994141
90698345,2018,2018-04-04,9825,2018-04-02,1205,015522,,1,1,9,1400,0,1,2,,1,004,US-395,"INYO STREET",528.00,N,N,A,-,Y,,,395,,,,,,,Y,4,0,1,2,A,-,03,22350,,N,C,C,A,A,H,-,A,D,0,,,,Y,Y,,F,26,0,0,1,0,0,0,0,0,0,"- ","- ",36.808158874511719,-118.20320892333984,INYO,UNINCORPORATED,-118.2032470703125,36.808139801025391
90702207,2018,2018-04-10,9825,2018-04-01,2110,020118,,7,2,9,1400,0,1,2,,1,006,"S/B US-395","CARROLL CREEK ROAD",7920.00,N,N,B,-,Y,,,395,,,,,,,Y,3,0,2,1,A,-,01,23152,A,N,E,I,A,A,H,-,D,D,0,,,,,Y,Y,A,07,0,2,0,0,0,0,0,0,0,"- ","- ",36.511669158935547,-118.03412628173828,INYO,UNINCORPORATED,-118.0341796875,36.511638641357422
90707827,2018,2018-04-18,9825,2018-04-04,1610,012536,,3,2,9,1400,0,1,2,,1,006,US-395,"WILLOW ST.",80.00,N,N,A,-,Y,,,395,,,,,,,Y,4,0,3,2,A,-,08,22100,B,N,D,C,A,A,H,-,A,D,0,,,,,Y,,A,01,0,0,3,0,0,0,0,0,0,"- ","- ",36.60723876953125,-118.06410217285156,INYO,UNINCORPORATED,-118.06417083740234,36.607200622558594
90709793,2018,2018-04-20,9825,2018-04-17,1132,020118,,2,1,9,1400,0,3,5,,2,060,"HORSESHOE MEADOW ROAD","SUNSET DRIVE",21.00,S,N,A,-,N,,,,,,,,,,Y,3,0,1,1,C,-,18,,,N,E,A,A,A,H,-,A,D,0,,,,,Y,,-,"- ",0,1,0,0,0,0,0,0,0,"- ","- ",36.567291259765625,-118.10334014892578,INYO,UNINCORPORATED,-118.103515625,36.567863464355469
90711388,2018,2018-04-23,9825,2018-04-17,2314,020118,,2,3,9,1400,0,1,2,,1,006,US-395,"MOUNTAIN VIEW ST.",107.00,S,N,A,-,Y,,,395,,,,,,,Y,2,0,1,1,A,-,08,22107,,N,E,I,A,A,H,-,C,D,0,,,,,Y,,A,01,1,0,0,0,0,0,0,0,0,"- ","- ",36.605159759521484,-118.06320190429688,INYO,UNINCORPORATED,-118.06315612792969,36.605182647705078
90716316,2018,2018-04-30,9825,2018-04-20,0925,016784,,5,1,9,1400,0,1,2,,1,007,"US-395 N/B","SOUTH HAIWEE ROAD",10032.00,S,N,A,-,Y,,,,,,,,,,Y,4,0,2,1,A,-,08,22107,,N,E,I,A,A,H,-,A,D,0,,,,,Y,,A,01,0,0,2,0,0,0,0,0,0,"- ","- ",36.063701629638672,-117.581298828125,INYO,UNINCORPORATED,-117.95429992675781,36.068084716796875
90719420,2018,2018-05-03,9825,2018-04-30,1845,017072,,1,2,9,1400,0,1,3,,2,017,SR-190,"GROTTO CANYON RD",1056.00,E,N,A,-,Y,,,,,,,,,,Y,3,0,1,1,A,-,08,22107,,N,F,A,A,A,H,-,A,D,0,,,Y,,Y,,C,02,0,1,0,0,0,0,0,0,1,"- ","- ",36.355800628662109,-117.05570220947266,INYO,UNINCORPORATED,-117.10230255126953,36.603137969970703
90726065,2018,2018-05-14,9825,2018-05-08,1700,018685,,2,2,9,1400,0,3,5,,2,060,"NINE MILE CANYON RD",US-395,17952.00,W,N,A,-,N,,,,,,,,,,Y,3,0,1,1,A,-,08,22107,,N,F,A,A,A,H,-,A,D,0,,,,,Y,Y,D,22,0,1,0,0,0,0,0,0,0,"- ","- ",35.855388641357422,-117.98635101318359,INYO,UNINCORPORATED,-117.930908203125,35.847446441650391
90727064,2018,2018-05-15,9825,2018-05-04,0415,012536,,5,3,9,1400,0,1,3,,1,019,SR-127,SR-190,8448.00,N,N,A,-,Y,,,127,,,,,,,Y,2,0,1,1,A,-,08,22107,,N,E,I,A,A,H,-,D,D,0,,,,Y,Y,,G,25,1,0,0,0,0,0,0,0,0,"- ","- ",36.326290130615234,-116.42276763916016,INYO,UNINCORPORATED,-116.42282104492188,36.326271057128906
90729290,2018,2018-05-18,9825,2018-05-17,1440,019814,,4,2,9,1400,0,1,2,,2,002,US-395,"BROCKMAN LN.",0.00,,Y,A,-,Y,,,395,,,,,,,Y,4,0,1,2,A,-,09,21802,A,N,D,C,A,A,H,-,A,A,0,,,,,Y,,A,07,0,0,1,0,0,0,0,0,0,"- ","- ",37.375869750976562,-118.43203735351562,INYO,UNINCORPORATED,-118.43203735351562,37.375919342041016
90729593,2018,2018-05-18,9825,2018-05-12,1015,020736,,6,1,9,1400,0,1,2,,1,006,US-395,SR-190,455.00,N,N,A,-,Y,,,395,,,,,,,Y,2,0,1,1,A,-,08,22107,,N,F,A,A,A,H,-,A,D,0,,,Y,,Y,,C,02,1,0,0,0,0,0,0,0,1,"- ","- ",36.283390045166016,-118.00685882568359,INYO,UNINCORPORATED,-118.0069580078125,36.283306121826172
90730786,2018,2018-05-21,9825,2018-05-13,1430,020118,,7,2,9,1400,0,1,3,,2,016,SR-190,"PANAMINT VALLEY RD",12672.00,W,N,A,-,Y,,,190,,,,,,,Y,2,0,3,2,A,-,03,22350,,N,D,C,A,A,H,-,A,D,0,,,Y,,Y,,C,02,1,2,0,0,0,0,0,0,3,"- ","- ",36.339580535888672,-117.46743774414062,INYO,UNINCORPORATED,-117.46744537353516,36.339561462402344
90738099,2018,2018-05-31,9825,2018-05-23,2130,022003,,3,2,9,1400,0,2,4,,2,077,"PANAMINT VALLEY RD",SR-190,13200.00,S,N,A,-,N,,,,,,,,,,Y,3,0,1,1,A,-,08,22107,,N,F,I,A,A,H,-,D,D,0,,,,,Y,,A,08,0,1,0,0,0,0,0,0,0,"- ","- ",36.30670166015625,-117.39640808105469,INYO,UNINCORPORATED,-117.39876556396484,36.309474945068359
90739284,2018,2018-06-01,9825,2018-05-28,1504,014450,,1,2,9,1400,0,1,2,,1,003,"US 395","KEOUGHS HOT SPRINGS ROAD",0.00,,Y,A,-,Y,,,,,,,,,,Y,3,0,3,2,A,-,08,22107,,N,D,C,A,A,H,-,A,A,0,,,,,Y,,A,01,0,3,0,0,0,0,0,0,0,"- ","- ",37.155429840087891,-118.21672058105469,INYO,UNINCORPORATED,,
90740429,2018,2018-06-04,9825,2018-05-25,1455,017565,,5,2,9,1400,0,3,5,,2,040,"GERKIN RD","SUNLAND DRIVE",0.00,,Y,A,-,N,,,,,,,,,,Y,2,0,3,2,A,-,12,22450,A,N,D,C,A,A,H,-,A,A,0,,,,,Y,,A,01,3,0,0,0,0,0,0,0,0,"- ","- ",37.317951202392578,-118.39057922363281,INYO,UNINCORPORATED,-118.39058685302734,37.317951202392578
90742029,2018,2018-06-06,9825,2018-05-31,0730,017941,,4,1,9,1400,0,2,4,,2,072,"BADWATER ROAD","STATE ROUTE 190",40.00,S,N,A,-,N,,,,,,,,,,Y,3,0,2,1,A,-,08,22107,,N,F,A,A,A,H,-,A,D,0,,,,,Y,,A,01,0,2,0,0,0,0,0,0,0,"- ","- ",35.96630859375,-116.72608184814453,INYO,UNINCORPORATED,-116.85268402099609,36.448360443115234
90742695,2018,2018-06-06,9825,2018-06-04,0027,018685,,1,3,9,1400,0,1,2,,1,007,"US-395 N/B","NORTH HALWEE RD",1056.00,S,N,A,-,Y,,,,,,,,,,Y,2,0,4,1,A,-,08,22107,,N,E,I,A,A,H,-,D,D,0,,,,,Y,,A,08,1,3,0,0,0,0,0,0,0,"- ","- ",,,INYO,UNINCORPORATED,,
90743153,2018,2018-06-07,9825,2018-06-04,1220,015522,,1,1,9,1400,0,1,2,,1,003,US-395,"REYNOLDS ROAD",103.00,N,N,A,-,Y,,,395,,,,,,,Y,4,0,2,2,A,-,03,22350,,N,C,C,A,A,D,-,A,D,0,,,,,Y,,A,07,0,0,2,0,0,0,0,0,0,"- ","- ",37.188011169433594,-118.30419158935547,INYO,UNINCORPORATED,-118.30433654785156,37.1878662109375
90748381,2018,2018-06-14,9825,2018-06-06,1749,020736,,3,2,9,1400,0,1,2,,1,006,US-395,"TEYA RD",3168.00,S,N,A,-,Y,,,395,,,,,,,Y,3,0,1,2,A,-,09,21804,A,N,F,A,A,A,H,-,A,D,0,,,Y,,Y,,A,01,0,1,0,0,0,0,0,0,1,"- ","- ",36.584068298339844,-118.05767059326172,INYO,UNINCORPORATED,-118.05758666992188,36.584068298339844
90749701,2018,2018-06-18,9825,2018-06-14,1930,017941,,4,2,9,1400,0,1,3,,1,018,"STATE ROUTE 190","STATE ROUTE 127",38016.00,W,N,A,G,Y,,,190,,,,,,,Y,3,0,1,1,A,-,08,22107,,N,F,A,A,A,H,-,A,D,0,,,,,Y,,A,07,0,1,0,0,0,0,0,0,0,"- ","- ",36.314929962158203,-116.54078674316406,INYO,UNINCORPORATED,-116.54078674316406,36.314929962158203
90750279,2018,2018-06-18,9820,2018-06-12,1415,021208,,2,2,9,1400,0,3,5,,2,050,"ROCK CREEK RD",US-395,44880.00,W,N,A,-,N,,,,,,,,,,Y,4,0,1,1,A,-,08,22107,,N,E,I,A,A,H,-,A,D,0,,,,,Y,,D,22,0,0,1,0,0,0,0,0,0,"- ","- ",37.457378387451172,-118.73455047607422,INYO,UNINCORPORATED,-118.734515,37.457341999999997
90753760,2018,2018-06-22,9825,2018-06-19,2100,020125,,2,2,9,1400,0,3,5,,2,040,"GUS CASHBAUGH RD","US-395 N/B",1901.00,E,N,A,-,N,,,,,,,,,,Y,3,0,1,1,A,-,03,38305,,N,E,I,A,A,D,-,D,A,0,,,Y,,Y,,C,02,0,1,0,0,0,0,0,0,1,"- ","- ",37.204868316650391,-118.23184204101562,INYO,UNINCORPORATED,,
90757316,2018,2018-06-27,9825,2018-06-20,0800,017941,,3,1,9,1400,0,1,3,,1,019,"STATE ROUTE 127","TECOPA HOT SPRINGS RD",528.00,S,N,A,-,Y,,,127,,,,,,,Y,4,0,3,1,A,-,08,22107,,N,E,I,A,A,H,-,A,C,0,,,,,Y,,D,22,0,0,3,0,0,0,0,0,0,"- ","- ",35.899269104003906,-116.25849151611328,INYO,UNINCORPORATED,-116.25857543945312,35.899242401123047
90765338,2018,2018-07-09,9825,2018-06-29,0005,017941,,5,3,9,1400,0,2,4,,2,072,"BADWATER RD","STATE ROUTE 190",6864.00,S,N,A,-,N,,,,,,,,,,Y,3,0,1,1,A,-,08,22107,,N,E,I,A,A,H,-,D,D,0,,,,,Y,Y,D,22,0,1,0,0,0,0,0,0,0,"- ","- ",36.431060791015625,-116.85234832763672,INYO,UNINCORPORATED,-116.85199737548828,36.430332183837891
90766127,2018,2018-07-10,9825,2018-07-02,0945,017565,,1,1,9,1400,0,1,2,,1,003,"US 395","CROCKER AVE",0.00,,Y,A,-,Y,,,,,,,,,,N,3,0,1,2,A,-,10,21950,A,N,G,B,B,A,H,-,A,A,0,Y,,,,Y,,A,01,0,1,0,0,1,0,0,0,0,"- ","- ",37.166179656982422,-118.28961944580078,INYO,UNINCORPORATED,,
90766241,2018,2018-07-10,9825,2018-07-04,0742,018685,,3,1,9,1400,0,1,2,,1,007,"US-39 N/B","HAIWEE CANYON RD",334.00,N,N,A,-,Y,,,,,,,,,,Y,3,0,2,1,C,-,18,,,N,F,A,A,A,H,-,A,D,0,,,,,Y,,-,"- ",0,2,0,0,0,0,0,0,0,"- ","- ",,,INYO,UNINCORPORATED,-117.97621154785156,36.154212951660156
90767983,2018,2018-07-12,9825,2018-07-07,1020,017941,,6,1,9,1400,0,1,3,,2,017,"STATE ROUTE 190","WILDROSE CANYON ROAD",7392.00,E,N,A,-,Y,,,190,,,,,,,Y,2,0,2,1,C,-,18,,,N,F,A,A,A,H,-,A,D,0,,,Y,,Y,,-,"- ",1,1,0,0,0,0,0,0,2,"- ","- ",36.51483154296875,-117.2236328125,INYO,UNINCORPORATED,-117.22370147705078,36.514835357666016
90770522,2018,2018-07-17,9825,2018-07-12,0448,020183,,4,3,9,1400,0,1,3,,1,011,SR-168,"BARLOW LN",0.00,,Y,B,-,Y,,,168,,,,,,,Y,3,0,1,1,A,-,08,22107,,N,E,I,A,A,H,-,C,A,0,,,,,Y,,D,22,0,1,0,0,0,0,0,0,0,"- ","- ",37.361408233642578,-118.42060089111328,INYO,UNINCORPORATED,-118.42060089111328,37.361312866210938
90771728,2018,2018-07-18,9825,2018-07-07,1230,012536,,6,1,9,1400,0,1,3,,2,016,"US-395 SOUTHBOUND","NINE MILE CANYON RD.",13200.00,N,N,A,-,Y,,,395,,,,,,S,Y,2,0,1,1,A,-,08,22107,,N,E,I,A,A,H,-,A,D,0,,,,,Y,,D,22,1,0,0,0,0,0,0,0,0,"- ","- ",35.874088287353516,-117.88828277587891,INYO,UNINCORPORATED,-117.88841247558594,35.874038696289062
90775358,2018,2018-07-24,9825,2018-07-17,1910,022003,,2,2,9,1400,0,3,5,,2,060,"HOMEWOOD CANYON RD",SR-178,26400.00,W,N,A,-,N,,,,,,,,,,Y,2,0,3,1,A,-,01,23152,A,N,F,A,A,A,H,-,B,D,0,,,,,Y,Y,D,22,1,2,0,0,0,0,0,0,0,"- ","- ",35.899990081787109,-117.39325714111328,INYO,UNINCORPORATED,-117.41105651855469,35.890369415283203
90777550,2018,2018-07-26,9825,2018-07-18,1814,017057,,3,2,9,1400,0,3,5,,2,040,"GERKIN RD","SUNLAND DR",0.00,,Y,B,-,N,,,,,,,,,,Y,2,0,4,2,A,-,09,21802,A,N,D,C,A,A,H,-,A,A,0,,,,,Y,,D,22,1,3,0,0,0,0,0,0,0,"- ","- ",37.317939758300781,-118.39057922363281,INYO,UNINCORPORATED,-118.39058685302734,37.317951202392578
90780448,2018,2018-07-30,9825,2018-07-21,1300,017941,,6,1,9,1400,0,1,3,,2,020,"STATE ROUTE 178","CHICAGO VALLEY ROAD",23760.00,E,N,A,G,Y,,,178,,,,,,,Y,2,0,2,1,A,-,08,22107,,N,F,A,A,A,H,-,A,D,0,,,Y,,Y,,C,02,2,0,0,0,0,0,0,0,2,"- ","- ",36.064418792724609,-116.18850708007812,INYO,UNINCORPORATED,-116.18858337402344,36.064430236816406
90783388,2018,2018-08-02,9825,2018-07-25,1643,019119,,3,2,9,1400,0,1,2,,1,010,"RIVERSIDE RD","5 BRIDGES RD.",100.00,W,N,A,-,N,,,,,,,,,,Y,4,0,1,1,A,-,01,23152,A,N,E,I,A,A,H,-,A,D,0,,,,,Y,Y,A,07,0,0,1,0,0,0,0,0,0,"- ","- ",37.397598266601562,-118.39659881591797,INYO,UNINCORPORATED,-118.39575958251953,37.39764404296875
90787944,2018,2018-08-09,9825,2018-08-05,1426,020118,,7,2,9,1400,0,3,5,,2,060,"FALL ROAD","SPRING CIRCLE",394.00,E,N,A,-,N,,,,,,,,,,N,2,0,1,1,A,-,03,22350,,N,H,A,A,A,H,-,A,D,0,,,Y,,Y,,C,06,1,0,0,0,0,0,0,0,1,"- ","- ",36.275180816650391,-118.01165008544922,INYO,UNINCORPORATED,-118.01172637939453,36.275127410888672
90790246,2018,2018-08-14,9825,2018-08-09,0355,017072,,4,3,9,1400,0,1,3,,1,019,SR-127,"TECOPA HOT SPRINGS RD",2798.00,N,N,A,-,Y,,,,,,,,,,Y,3,0,1,2,A,-,08,22107,,N,A,C,A,A,H,-,D,D,0,,,,Y,Y,,A,07,0,1,0,0,0,0,0,0,0,"- ","- ",35.543800354003906,-116.15529632568359,INYO,UNINCORPORATED,-116.26325988769531,35.906200408935547
90790501,2018,2018-08-14,9825,2018-08-02,0935,022003,,4,1,9,1400,0,1,3,,1,019,SR-127,"DEATH VALLEY JUCTION ROAD",34320.00,N,N,A,-,Y,,,127,,,,,,,Y,4,0,1,1,A,-,08,22107,,N,E,I,A,A,H,-,A,D,0,,,,,Y,,A,07,0,0,1,0,0,0,0,0,0,"- ","- ",36.392601013183594,-116.42243194580078,INYO,UNINCORPORATED,-116.42244720458984,36.392601013183594
90790516,2018,2018-08-14,9825,2018-08-02,1535,022003,,4,2,9,1400,0,1,3,,1,018,SR-190,SR-127,52800.00,W,N,A,-,Y,,,190,,,,,,,Y,4,0,1,1,A,-,08,22107,,N,F,I,A,A,H,-,A,D,0,,,,,Y,,A,01,0,0,1,0,0,0,0,0,0,"- ","- ",36.350318908691406,-116.63317108154297,INYO,UNINCORPORATED,-116.63314819335938,36.350387573242188
90790560,2018,2018-08-14,9825,2018-08-03,1344,016784,,5,1,9,1400,0,1,2,,1,006,"US-395 N/B","CHARCOAL KILN RD",3696.00,N,N,A,F,Y,,,,,,,,,,Y,2,0,1,1,A,-,08,22107,,N,F,A,A,A,H,-,A,D,0,,,Y,,Y,,C,02,1,0,0,0,0,0,0,0,1,"- ","- ",36.253910064697266,-118.01502227783203,INYO,UNINCORPORATED,,
90790656,2018,2018-08-14,9825,2018-08-06,1545,020118,,1,2,9,1400,0,1,2,,1,007,"N/B US-395","CINDER ROAD",20.00,N,N,A,-,Y,,,395,,,,,,,Y,2,0,1,1,A,-,08,22107,,N,F,I,A,A,H,-,A,D,0,,,,,Y,,D,22,1,0,0,0,0,0,0,0,0,"- ","- ",35.979270935058594,-117.92381286621094,INYO,UNINCORPORATED,-117.92383575439453,35.979255676269531
90792308,2018,2018-08-16,9825,2018-08-09,0715,017072,,4,1,9,1400,0,1,3,,1,019,SR-127,"IBEX SUMMET",13200.00,N,N,A,-,Y,,,,,,,,,,Y,3,0,1,1,A,-,08,22107,,N,F,A,A,A,H,-,A,D,0,,,,,Y,,D,22,0,1,0,0,0,0,0,0,0,"- ","- ",35.492298126220703,-116.19229888916016,INYO,UNINCORPORATED,,
90793183,2018,2018-09-04,9825,2018-08-11,1630,019814,,6,2,9,1400,0,3,5,,2,040,"RIVER RD N/OF WARM SPRINGS RD","WARM SPRINGS RD",3960.00,N,N,A,-,N,,,,,,,,,,Y,2,0,3,2,A,-,03,38305,,N,A,C,A,A,H,-,A,D,0,,,,,Y,Y,A,07,1,2,0,0,0,0,0,0,0,"- ","- ",37.336521148681641,-118.32692718505859,INYO,UNINCORPORATED,,
90793263,2018,2018-08-17,9825,2018-08-13,1436,022003,,1,2,9,1400,0,1,2,,1,007,"GILL STATION COSO RD",US-395,809.00,E,N,A,-,N,,,,,,,,,,N,3,0,1,1,A,-,03,22350,,N,H,J,A,A,H,-,A,D,0,,,Y,,Y,,C,02,0,1,0,0,0,0,0,0,1,"- ","- ",36.047260284423828,-117.94506072998047,INYO,UNINCORPORATED,-117.94515991210938,36.047176361083984
90801262,2018,2018-08-29,9825,2018-08-22,1815,013479,,3,2,9,1400,0,3,5,,2,040,"RIVERSIDE ROAD","FIVE BRIDGES ROAD",0.00,,Y,A,-,N,,,,,,,,,,N,3,0,1,1,A,-,08,22107,,N,F,A,A,A,H,-,A,D,0,,,Y,,Y,,C,02,0,1,0,0,0,0,0,0,1,"- ","- ",37.397708892822266,-118.39546203613281,INYO,UNINCORPORATED,-118.39542388916016,37.397621154785156
90806930,2018,2018-09-06,9825,2018-08-31,1830,020125,,5,2,9,1400,0,3,5,,2,040,"GLACIER LODGE RD",US-395,42240.00,W,N,A,-,N,,,,,,,,,,Y,2,0,1,1,A,-,03,22350,,N,E,J,A,A,H,-,A,D,0,,,,,Y,,D,23,1,0,0,0,0,0,0,0,0,"- ","- ",37.749290466308594,-118.24479675292969,INYO,UNINCORPORATED,-118.40428161621094,37.128131866455078
90809013,2018,2018-09-10,9825,2018-08-31,2355,020183,,5,3,9,1400,0,1,2,,1,004,US-395,"BLACK ROCK SPRINGS RD",158.00,S,N,A,-,Y,,,395,,,,,,,Y,3,0,1,1,C,-,18,,,N,H,H,A,A,H,-,D,D,0,,,,,Y,,-,"- ",0,1,0,0,0,0,0,0,0,"- ","- ",36.913120269775391,-118.24166107177734,INYO,UNINCORPORATED,-118.24118804931641,36.913108825683594
90809991,2018,2018-09-11,9825,2018-09-03,1237,018685,,1,1,9,1400,0,1,2,,1,005,"US-395 S/B","PANGBORNE LN",4224.00,N,N,A,-,Y,,,395,,,,,,S,Y,3,0,5,2,A,-,03,22350,,N,C,C,A,A,H,-,A,D,0,,,,,Y,,A,08,0,3,2,0,0,0,0,0,0,"- ","- ",36.633419036865234,-118.07730865478516,INYO,UNINCORPORATED,-118.07724761962891,36.633457183837891
90813226,2018,2018-09-14,9825,2018-09-03,1705,020736,,1,2,9,1400,0,1,3,,2,016,SR-190,US-395,0.00,,Y,A,-,Y,,,190,,,,,,,Y,4,0,1,2,A,-,09,21802,A,N,D,C,A,A,H,-,A,A,0,,,,Y,Y,,A,07,0,0,1,0,0,0,0,0,0,"- ","- ",36.282199859619141,-118.00608825683594,INYO,UNINCORPORATED,-118.00608825683594,36.282203674316406
90815968,2018,2018-09-18,9825,2018-09-10,1354,018925,,1,1,9,1400,0,2,4,,2,021,"TU-SU LN",US-395,233.00,S,N,A,-,N,,,,,,,,,,Y,4,0,1,2,A,-,09,21804,A,N,A,C,A,A,H,-,A,D,0,,,,,Y,,D,22,0,0,1,0,0,0,0,0,0,"- ","- ",37.375240325927734,-118.41842651367188,INYO,UNINCORPORATED,-118.41847991943359,37.375095367431641
90816292,2018,2018-09-19,9825,2018-09-12,1605,013479,,3,2,9,1400,0,1,2,,1,004,"US-395 N/B","NORTH FORT ROAD",3168.00,N,N,A,G,Y,,,395,,,,,,N,Y,3,0,1,2,A,-,03,22350,,N,C,C,A,A,H,-,A,D,0,,,Y,,Y,,C,02,0,1,0,0,0,0,0,0,1,"- ","- ",36.857040405273438,-118.23358154296875,INYO,UNINCORPORATED,-118.23355865478516,36.857044219970703
90818469,2018,2018-09-21,9825,2018-09-14,2225,020736,,5,3,9,1400,0,1,2,,1,005,US-395,"MOFFAT RANCH RD",7920.00,N,N,A,-,Y,,,395,,,,,,,Y,4,0,1,1,C,-,18,,,N,E,H,A,A,H,-,D,D,0,,,,,Y,,-,"- ",0,0,1,0,0,0,0,0,0,"- ","- ",36.702171325683594,-118.12306976318359,INYO,UNINCORPORATED,-118.12311553955078,36.702125549316406
90824225,2018,2018-09-28,9825,2018-09-20,1645,020736,,4,2,9,1400,0,1,2,,1,007,"S/B US-395",DUNMOVIN,2640.00,N,N,A,-,Y,,,395,,,,,,,Y,2,0,1,1,A,-,08,22107,,N,F,A,A,A,H,-,A,A,0,,,,,Y,,A,01,1,0,0,0,0,0,0,0,0,"- ","- ",36.095218658447266,-117.96482849121094,INYO,UNINCORPORATED,-117.96458435058594,36.095325469970703
90830756,2018,2018-10-08,9825,2018-09-29,1521,020118,,6,2,9,1400,0,3,5,,2,040,"DESERT TRAIL, NORTHEAST OF INDEPENDENCE","MAZOURKA CANYON ROAD",26400.00,N,N,A,G,N,,,,,,,,,,N,2,0,1,1,B,-,22,,,N,F,A,A,A,B,H,A,D,0,,,Y,,Y,,C,06,1,0,0,0,0,0,0,0,1,"- ","- ",36.876480102539062,-118.17555236816406,INYO,UNINCORPORATED,-118.175229,36.876477000000001
90830775,2018,2018-10-08,9825,2018-09-30,1255,018685,,7,1,9,1400,0,1,3,,2,016,SR-190,"PANAMINT VALLEY RD",26928.00,E,N,A,-,Y,,,,,,,,,,Y,3,0,5,1,A,-,08,22107,,N,F,A,A,A,H,-,A,D,0,,,,,Y,,A,07,0,5,0,0,0,0,0,0,0,"- ","- ",,,INYO,UNINCORPORATED,-117.33393859863281,36.348621368408203
90830793,2018,2018-10-08,9825,2018-09-28,1230,017941,,5,1,9,1400,0,1,3,,1,018,"STATE ROUTE 190","STATE ROUTE 127",68640.00,W,N,A,-,Y,,,190,,,,,,,Y,2,0,1,1,A,-,08,22107,,N,F,A,A,A,H,-,A,D,0,,,Y,,Y,,C,02,1,0,0,0,0,0,0,0,1,"- ","- ",36.351490020751953,-116.63730621337891,INYO,UNINCORPORATED,-116.63729858398438,36.351539611816406
90832420,2018,2018-10-10,9825,2018-09-27,0810,012536,,4,1,9,1400,0,1,2,,1,005,US-395,"PANGBORN ST",6864.00,N,N,A,-,Y,,,,,,,,,,Y,4,0,1,1,A,-,08,22107,,N,E,I,A,A,H,-,A,D,0,,,,,Y,,A,01,0,0,1,0,0,0,0,0,0,"- ","- ",,,INYO,UNINCORPORATED,-118.07909393310547,36.637027740478516
90833684,2018,2018-10-11,9825,2018-10-02,1659,020118,,2,2,9,1400,0,1,3,,1,015,SR-136,"DOLOMITE LOOP ROAD",1056.00,W,N,A,-,Y,,,136,,,,,,,Y,3,0,3,2,A,-,08,22107,,N,F,A,A,A,H,-,A,D,0,,,,,Y,,A,07,0,3,0,0,0,0,0,0,0,"- ","- ",36.574211120605469,-118.00126647949219,INYO,UNINCORPORATED,-118.00126647949219,36.574195861816406
90839410,2018,2018-10-18,9825,2018-10-11,0800,012536,,4,1,9,1400,0,1,3,,1,018,SR-190,"TWENTY MULE TEAM ROAD",0.00,,Y,A,-,Y,,,190,,,,,,,Y,4,0,2,2,A,-,03,22350,,N,B,C,A,A,H,-,A,D,0,,,,,Y,,E,22,0,0,2,0,0,0,0,0,0,"- ","- ",36.409519195556641,-116.79454040527344,INYO,UNINCORPORATED,-116.79451751708984,36.409564971923828
90839633,2018,2018-10-19,9825,2018-10-11,1430,020118,,4,2,9,1400,0,1,2,,1,007,"US-395 NORTHBOUND","COSO GILL STATION ROAD",3696.00,S,N,A,-,Y,,,395,,,,,,N,Y,2,0,2,1,A,-,08,22107,,N,F,I,A,A,H,-,A,D,0,,,,,Y,,D,22,1,1,0,0,0,0,0,0,0,"- ","- ",36.034671783447266,-117.94367218017578,INYO,UNINCORPORATED,-117.94364166259766,36.034679412841797
90839677,2018,2018-10-19,9825,2018-10-05,1540,018441,,5,2,9,1400,0,3,5,,2,040,"PA ME LN",SR-168,52.00,S,N,A,-,N,,,,,,,,,,N,4,0,1,2,A,-,05,21460,A,N,A,C,A,A,H,-,A,A,0,,Y,,,Y,,L,04,0,0,1,0,0,0,1,0,0,"- ","- ",37.361141204833984,-118.4320068359375,INYO,UNINCORPORATED,-118.43208312988281,37.361183166503906
90840117,2018,2018-10-19,9825,2018-10-13,0940,017941,,6,1,9,1400,0,2,4,,2,072,"ARTIST'S DRIVE","BADWATER ROAD",15840.00,E,N,A,-,N,,,,,,,,,,Y,2,0,2,1,A,-,08,22107,,N,E,I,A,A,B,-,A,D,0,,,,,Y,,A,01,1,1,0,0,0,0,0,0,0,"- ","- ",36.348869323730469,-116.79385375976562,INYO,UNINCORPORATED,-116.82246398925781,36.372089385986328
90840245,2018,2018-10-19,9825,2018-10-15,2040,020183,,1,2,9,1400,0,1,2,,1,004,US-395,"FORT ROAD",0.00,,Y,A,-,Y,,,395,,,,,,,Y,3,0,2,2,A,-,07,21658,A,N,B,C,A,A,H,-,D,D,0,,,,,Y,,A,01,0,2,0,0,0,0,0,0,0,"- ","- ",36.847881317138672,-118.23119354248047,INYO,UNINCORPORATED,-118.23123931884766,36.847866058349609
90844826,2018,2018-10-25,9825,2018-10-18,0310,020444,,4,3,2,1401,0,1,3,,1,011,"SR-168 W/B","PA-HA LN",0.00,,Y,A,-,Y,,,,,,,,,,Y,4,0,2,2,A,-,09,21802,A,N,D,C,A,A,H,-,C,A,0,,,,,Y,Y,A,01,0,0,2,0,0,0,0,0,0,"- ","- ",37.361328125,-118.42752075195312,INYO,BISHOP,,
90854407,2018,2018-11-06,9825,2018-10-26,1250,018960,,5,1,9,1400,0,1,2,,1,004,US-395,"N. FORT RD.",6336.00,N,N,A,-,Y,,,395,,,,,,,Y,4,0,1,1,C,-,18,,,N,E,H,A,A,H,-,A,D,0,,,,,Y,,-,"- ",0,0,1,0,0,0,0,0,0,"- ","- ",36.864669799804688,-118.23580169677734,INYO,UNINCORPORATED,-118.23545074462891,36.864753723144531
90854475,2018,2018-11-06,9825,2018-10-26,1926,019814,,5,2,9,1400,0,1,2,,2,002,US-395,"WINUBA LN",0.00,,Y,A,-,Y,,,395,,,,,,,Y,3,0,1,2,A,-,09,21801,A,N,D,C,A,A,H,-,C,D,0,,,,,Y,,A,01,0,1,0,0,0,0,0,0,0,"- ","- ",37.375759124755859,-118.42980194091797,INYO,UNINCORPORATED,-118.42980194091797,37.375789642333984
90862831,2018,2018-11-19,9825,2018-11-07,1545,017072,,3,2,9,1400,0,2,4,,2,073,"NORTH HIGHWAY",SR-190,23760.00,N,N,A,-,N,,,,,,,,,,N,2,0,1,1,A,-,08,22107,,N,F,A,A,A,H,-,A,D,0,,,Y,,Y,,C,02,1,0,0,0,0,0,0,0,1,"- ","- ",36.423000335693359,-117.07009887695312,INYO,UNINCORPORATED,-117.09188079833984,36.684558868408203
90869175,2018,2018-11-28,9825,2018-11-21,0430,017941,,3,3,9,1400,0,1,3,,1,018,"STATE ROUTE 190","STATE ROUTE 127",63360.00,W,N,A,-,Y,,,190,,,,,,,Y,3,0,1,1,A,-,08,22107,,N,E,J,A,A,H,-,D,D,0,,,,,Y,,A,01,0,1,0,0,0,0,0,0,0,"- ","- ",36.348228454589844,-116.62554931640625,INYO,UNINCORPORATED,-116.62554168701172,36.348274230957031
90875102,2018,2018-12-04,9825,2018-11-22,1835,018960,,4,2,9,1400,0,1,2,,1,004,US-395,"FORT INDEPENDENCE TRAVEL PLAZA",200.00,S,N,A,-,Y,,,395,,,,,,,Y,3,0,4,1,A,-,08,22107,,N,F,I,A,A,H,-,C,D,0,,,,,Y,,A,07,0,4,0,0,0,0,0,0,0,"- ","- ",36.836170196533203,-118.22859954833984,INYO,UNINCORPORATED,-118.22855377197266,36.836185455322266
90875119,2018,2018-12-04,9825,2018-11-25,0001,017941,,7,3,9,1400,0,3,5,,2,050,"FURNACE CREEK WASH ROAD","STATE ROUTE 127",2112.00,W,N,A,-,N,,,,,,,,,,Y,4,0,1,1,A,-,08,22107,,N,E,I,A,A,G,-,D,D,0,,,,,Y,,A,07,0,0,1,0,0,0,0,0,0,"- ","- ",35.900279998779297,-116.26661682128906,INYO,UNINCORPORATED,-116.26640319824219,35.900016784667969
90878468,2018,2018-12-07,9825,2018-11-27,1555,022003,,2,2,9,1400,0,3,5,,2,060,"TUTTLE CREEK RD","WHITNEY PORTAL RD",12672.00,N,N,A,-,N,,,,,,,,,,Y,3,0,1,1,A,-,03,22350,,N,E,I,A,A,H,-,A,D,0,,,,,Y,,A,01,0,1,0,0,0,0,0,0,0,"- ","- ",36.576091766357422,-118.10121917724609,INYO,UNINCORPORATED,-118.07122039794922,36.602008819580078
90883492,2018,2018-12-14,9825,2018-12-03,0845,017072,,1,1,9,1400,0,1,3,,2,020,SR-178,"UNNAMED ROAD",0.00,,Y,A,-,Y,,,,,,,,,,Y,2,0,1,1,A,-,08,22107,,N,E,I,A,A,H,-,A,D,0,,,,,Y,,A,01,1,0,0,0,0,0,0,0,0,"- ","- ",35.582199096679688,-116.15080261230469,INYO,UNINCORPORATED,,
90886171,2018,2018-12-19,9825,2018-12-07,2000,017941,,5,2,9,1400,0,3,5,,2,050,"MESQUITE VALLEY RD","OLD SPANISH TRAIL HWY",22176.00,N,N,B,-,N,,,,,,,,,,Y,2,0,1,1,A,-,08,22107,,N,F,A,A,B,G,-,D,D,0,,,,,Y,,A,07,1,0,0,0,0,0,0,0,0,"- ","- ",36.029689788818359,-115.97897338867188,INYO,UNINCORPORATED,-115.97800445556641,36.029857635498047
90886439,2018,2018-12-19,9825,2018-12-11,0515,018685,,2,3,9,1400,0,1,3,,1,015,"SR-136 W/B","E DOLOMITE LOOP RD",3696.00,E,N,A,-,Y,,,136,,,,,,W,Y,2,0,2,1,A,-,08,22107,,N,F,A,A,A,H,-,D,D,0,,,,,Y,,A,01,1,1,0,0,0,0,0,0,0,"- ","- ",36.53070068359375,-117.91506195068359,INYO,UNINCORPORATED,-117.91499328613281,36.530841827392578
90886627,2018,2018-12-19,9825,2018-12-10,1428,020118,,1,2,9,1400,0,1,3,,1,015,SR-136,US-395,301.00,E,N,B,-,Y,,,136,,,,,,,Y,3,0,1,1,A,-,08,22107,,N,E,I,A,A,H,-,A,D,0,,,,,Y,,A,07,0,1,0,0,0,0,0,0,0,"- ","- ",36.579170227050781,-118.05635833740234,INYO,UNINCORPORATED,-118.05636596679688,36.579246520996094
90888705,2018,2018-12-24,9825,2018-12-11,1645,018441,,2,2,9,1400,0,1,3,,1,011,SR-168,"SHEPARD LN",135.00,E,N,A,-,Y,,,168,,,,,,,Y,3,0,1,2,A,-,05,21460,A,N,A,C,A,A,H,-,B,D,0,,,,,Y,,A,01,0,1,0,0,0,0,0,0,0,"- ","- ",37.361251831054688,-118.44869995117188,INYO,UNINCORPORATED,-118.44869995117188,37.361240386962891
90889029,2018,2018-12-24,9825,2018-12-16,1258,018685,,7,1,9,1400,0,1,2,,1,006,US-395,"WHITNEY ST",5808.00,N,N,A,-,Y,,,,,,,,,,Y,3,0,1,1,A,-,08,22107,,N,E,I,A,A,H,-,A,D,0,,,,,Y,,D,23,0,1,0,0,0,0,0,0,0,"- ","- ",,,INYO,UNINCORPORATED,-118.02055358886719,36.337863922119141
90893711,2018,2018-12-28,9825,2018-12-26,1115,013479,,3,1,9,1400,0,1,2,,1,003,"US-395 S/B","SR-168 EAST",3696.00,N,N,A,-,Y,,,395,,,,,,S,Y,2,0,2,1,A,-,08,22107,,N,E,I,A,A,H,-,A,D,0,,,,,Y,,A,01,2,0,0,0,0,0,0,0,0,"- ","- ",37.181610107421875,-118.29847717285156,INYO,UNINCORPORATED,-118.29837799072266,37.181709289550781
90898161,2018,2019-01-04,9825,2018-12-24,1300,014450,,1,1,9,1400,0,3,5,,2,040,"FOREST SERVICE ROAD","ED POWERS ROAD",31680.00,W,N,A,-,N,,,,,,,,,,N,2,0,1,1,B,-,22,,,N,F,A,A,A,B,-,A,D,0,,,Y,,Y,,C,02,1,0,0,0,0,0,0,0,1,"- ","- ",37.376091003417969,-118.54840087890625,INYO,UNINCORPORATED,,
90898164,2018,2019-01-04,9825,2018-12-24,1600,022003,,1,2,9,1400,0,3,5,,2,060,SR-178,"HEMLOCK STREET",3430.00,N,N,A,-,Y,,,,,,,,,,Y,3,0,1,1,A,-,03,22350,,N,F,A,A,A,G,-,D,D,0,,,,,Y,,A,01,0,1,0,0,0,0,0,0,0,"- ","- ",35.802909851074219,-117.24965667724609,INYO,UNINCORPORATED,,
90898168,2018,2019-01-04,9825,2018-12-26,1259,016784,,3,1,9,1400,0,1,2,,1,007,"US-395 S/B","ENCHANTED LAKES ROAD",25.00,N,N,A,-,Y,,,,,,,,,,Y,3,0,1,1,A,-,08,22107,,N,E,I,A,A,H,-,A,D,0,,,,,Y,,E,22,0,1,0,0,0,0,0,0,0,"- ","- ",36.120800018310547,-117.58451080322266,INYO,UNINCORPORATED,,
90898169,2018,2019-01-04,9825,2018-12-27,1830,020736,,4,2,9,1400,0,2,4,,2,078,"TRONA WILDROSE RD","NADEAU RD",9504.00,N,N,A,-,N,,,,,,,,,,Y,4,0,1,1,A,-,08,22107,,N,F,J,A,A,H,-,D,A,0,,,,,Y,,A,01,0,0,1,0,0,0,0,0,0,"- ","- ",36.023571014404297,-117.31266784667969,INYO,UNINCORPORATED,-117.31406402587891,36.022891998291016
90900318,2019,2019-01-09,9825,2019-01-02,1400,017072,,3,2,9,1400,0,2,4,,2,073,"NORTH HIGHWAY","MESQUITE RD",8870.00,S,N,A,-,N,,,,,,,,,,N,2,0,1,1,A,-,08,22107,,N,F,A,A,A,H,-,A,D,0,,,Y,,Y,,C,02,1,0,0,0,0,0,0,0,1,"- ","- ",36.581798553466797,-117.20369720458984,INYO,UNINCORPORATED,-117.34429931640625,36.972061157226562
90906945,2019,2019-01-17,9825,2019-01-12,0340,018685,,6,3,9,1400,0,1,2,,1,006,"US-395 N/B","INYO ST",0.00,,Y,A,-,Y,,,395,,,,,,N,Y,2,0,1,1,A,-,08,22107,,N,E,I,A,A,H,-,C,D,0,,,,,Y,,A,07,1,0,0,0,0,0,0,0,0,"- ","- ",36.601230621337891,-118.06130981445312,INYO,UNINCORPORATED,-118.06121826171875,36.601280212402344
90909236,2019,2019-01-22,9825,2019-01-14,2143,020118,,1,2,9,1400,0,1,2,,1,005,"N/B US-395","PANGBORN LANE",15840.00,N,N,B,-,Y,,,395,,,,,,,Y,3,0,1,1,A,-,08,22107,,N,E,I,A,B,H,-,D,D,0,,,,,Y,,A,07,0,1,0,0,0,0,0,0,0,"- ","- ",36.660301208496094,-118.09149169921875,INYO,UNINCORPORATED,-118.09158325195312,36.660251617431641
90915032,2019,2019-01-29,9825,2019-01-27,1545,020530,,7,2,9,1400,0,1,2,,2,002,"US HWY 395 N-BOUND","MACGREGOR AVE",0.00,,Y,A,-,Y,,,395,,,,,,N,N,2,0,1,2,A,-,09,21802,A,N,D,G,A,A,H,-,A,A,0,,Y,,,Y,,A,07,1,0,0,0,0,0,1,0,0,"- ","- ",37.375919342041016,-118.41587829589844,INYO,UNINCORPORATED,-118.41587829589844,37.375907897949219
90917250,2019,2019-02-01,9825,2019-01-27,0855,018685,,7,1,9,1400,0,1,2,,1,005,US-395,"LUBKEN AVE",35.00,S,N,A,-,Y,,,395,,,,,,,Y,4,0,1,1,A,-,08,22107,,N,E,I,A,A,H,-,A,D,0,,,,,Y,,A,01,0,0,1,0,0,0,0,0,0,"- ","- ",36.612838745117188,-118.06591796875,INYO,UNINCORPORATED,-118.06592559814453,36.612838745117188
90920831,2019,2019-02-06,9825,2019-01-31,1345,013479,,4,1,2,1401,0,3,5,,2,040,"COUNTY ROAD","REYNOLDS RD",14256.00,N,N,A,-,N,,,,,,,,,,Y,3,0,2,1,A,-,01,23152,A,N,E,I,A,A,H,-,A,D,0,,,,,Y,Y,D,22,0,2,0,0,0,0,0,0,0,"- ","- ",37.194129943847656,-118.39501190185547,INYO,BISHOP,-118.34508514404297,37.194446563720703
90924285,2019,2019-02-12,9825,2019-02-09,1100,018685,,6,1,9,1400,0,1,3,,2,016,SR-190,"DARWIN ROAD",2112.00,W,N,A,-,Y,,,190,,,,,,,Y,3,0,1,1,A,-,08,22107,,N,F,A,A,A,H,-,A,D,0,,,,,Y,,A,01,0,1,0,0,0,0,0,0,0,"- ","- ",36.315689086914062,-117.67855072021484,INYO,UNINCORPORATED,-117.67857360839844,36.315883636474609
90924696,2019,2019-02-12,9825,2019-02-09,0950,018685,,6,1,9,1400,0,1,2,,1,006,US-395,SR-190,90.00,N,N,A,-,Y,,,395,,,,,,,Y,2,0,1,1,A,-,08,22107,,N,E,I,A,A,H,-,A,D,0,,,,,Y,,D,23,1,0,0,0,0,0,0,0,0,"- ","- ",36.282669067382812,-118.00634765625,INYO,UNINCORPORATED,-118.00640869140625,36.282630920410156
90926283,2019,2019-02-20,9825,2019-02-10,1045,017565,,7,1,9,1400,0,1,3,,1,012,"RT 168","WHITE MOUNTAIN RD",6336.00,W,N,D,-,Y,,,168,,,,,,,Y,4,0,1,2,A,-,03,22350,,N,B,C,A,C,H,-,A,D,0,,,,,Y,,D,22,0,0,1,0,0,0,0,0,0,"- ","- ",37.265708923339844,-118.15651702880859,INYO,UNINCORPORATED,-118.15660095214844,37.265777587890625
90927628,2019,2019-02-15,9825,2019-02-07,1140,017941,,4,1,9,1400,0,2,4,,2,072,"BADWATER RD","STATE ROUTE 127",117216.00,W,N,A,-,N,,,,,,,,,,Y,3,0,2,2,A,-,08,22107,,N,D,C,A,A,H,-,A,D,0,,,,,Y,,A,01,0,1,1,0,0,0,0,0,0,"- ","- ",35.911048889160156,-116.59893798828125,INYO,UNINCORPORATED,-116.59892272949219,35.910976409912109
90928516,2019,2019-02-19,9825,2019-02-14,1558,021400,,4,2,9,1400,0,3,5,,2,040,"LAWS POLETA RD","SILVER CANYON RD",2904.00,S,N,C,-,N,,,,,,,,,,Y,3,0,1,1,A,-,01,23152,A,N,F,I,A,B,B,-,A,D,0,,,,,Y,Y,A,01,0,1,0,0,0,0,0,0,0,"- ","- ",37.394630432128906,-118.33209991455078,INYO,UNINCORPORATED,-118.33306884765625,37.394893646240234
90929261,2019,2020-02-19,9825,2019-02-08,0330,017941,,5,3,9,1400,0,1,3,,1,019,"STATE ROUTE 127","STATE LINE ROAD",14256.00,S,N,A,-,Y,,,127,,,,,,,Y,1,1,0,1,A,-,08,22107,,N,E,I,A,A,H,-,D,D,0,,,,,Y,,A,01,0,0,0,0,0,0,0,0,0,"- ","- ",36.267288208007812,-116.43441772460938,INYO,UNINCORPORATED,-116.43449401855469,36.267314910888672
90929286,2019,2019-02-19,9825,2019-02-11,1920,021400,,1,2,9,1400,0,1,2,,1,004,"US 395 S/B","FORT INDEPENDENCE TRAVEL PLAZA",0.00,,Y,A,-,Y,,,,,,,,,,Y,2,0,1,2,A,-,01,23152,A,N,D,C,A,A,H,-,D,A,0,,,,,Y,Y,A,01,1,0,0,0,0,0,0,0,0,"- ","- ",36.836620330810547,-118.22860717773438,INYO,UNINCORPORATED,,
90935159,2019,2019-02-27,9825,2019-02-22,1230,013479,,5,1,9,1400,0,1,2,,1,004,"US-395 S/B","WEST DUSTY LANE",1584.00,S,N,A,-,Y,,,395,,,,,,S,Y,2,0,3,3,A,-,09,21802,A,N,D,C,A,A,H,-,A,A,0,,,,,Y,,A,08,1,0,2,0,0,0,0,0,0,"- ","- ",36.836688995361328,-118.22868347167969,INYO,UNINCORPORATED,-118.22870635986328,36.836681365966797
90938057,2019,2019-03-01,9825,2019-02-24,1550,020118,,7,2,9,1400,0,3,5,,2,060,"TRONA WILDROSE ROAD","QUARRY ROAD",15840.00,N,N,A,-,N,,,,,,,,,,Y,4,0,1,1,A,-,08,22107,,N,F,A,A,A,H,-,A,D,0,,,,,Y,,A,01,0,0,1,0,0,0,0,0,0,"- ","- ",35.963958740234375,-117.33999633789062,INYO,UNINCORPORATED,-117.33702087402344,35.961940765380859
90939407,2019,2019-03-05,9825,2019-03-02,0650,018685,,6,1,9,1400,0,1,2,,1,007,"US-395 S/B","GILL STATION COSO RD",17424.00,S,N,C,-,Y,,,395,,,,,,S,Y,3,0,1,2,A,-,01,23152,A,N,B,C,A,B,H,-,A,D,0,,,,Y,Y,Y,D,22,0,1,0,0,0,0,0,0,0,"- ","- ",35.999221801757812,-117.93318176269531,INYO,UNINCORPORATED,-117.93324279785156,35.999202728271484
90948142,2019,2019-03-18,9825,2019-03-08,1435,018441,,5,2,9,1400,0,1,2,,2,002,US-395,"SEE VEE LANE",1056.00,S,N,A,-,Y,,,395,,,,,,,N,3,0,1,1,A,-,08,22107,,N,F,A,A,A,H,-,A,D,0,,Y,,,Y,,L,04,0,1,0,0,0,0,1,0,0,"- ","- ",37.375751495361328,-118.40892028808594,INYO,UNINCORPORATED,-118.40892028808594,37.375823974609375
90949675,2019,2019-03-20,9825,2019-03-18,0842,018960,,1,1,9,1400,0,1,2,,2,001,"US-395 S/B","SAWMILL RD.",1584.00,N,N,A,-,Y,,,395,,,,,,S,Y,2,0,2,1,A,-,08,22107,,N,F,A,A,A,H,-,A,D,0,,,,,Y,,D,22,1,1,0,0,0,0,0,0,0,"- ","- ",37.391819000244141,-118.50701141357422,INYO,UNINCORPORATED,-118.50703430175781,37.391754150390625
90952146,2019,2019-03-25,9825,2019-03-22,1500,017941,,5,2,9,1400,0,3,5,,2,050,"WEST SIDE ROAD","BADWATER ROAD",21648.00,W,N,A,-,N,,,,,,,,,,N,4,0,1,1,A,-,03,22350,,N,F,A,A,D,G,-,A,D,0,,,Y,,Y,,C,02,0,0,1,0,0,0,0,0,1,"- ","- ",36.320159912109375,-116.88874053955078,INYO,UNINCORPORATED,-116.88866424560547,36.320098876953125
90954058,2019,2019-03-26,9825,2019-03-23,2200,017941,,6,3,9,1400,0,2,4,,2,072,"BADWATER ROAD","STATE ROUTE 127",116688.00,W,N,A,-,N,,,,,,,,,,Y,4,0,1,1,A,-,08,22107,,N,F,A,A,A,H,-,D,D,0,,,,,Y,,D,22,0,0,1,0,0,0,0,0,0,"- ","- ",35.911628723144531,-116.60903167724609,INYO,UNINCORPORATED,-116.60909271240234,35.91168212890625
90955019,2019,2019-03-27,9825,2019-03-18,1035,012536,,1,1,9,1400,0,1,2,,1,006,"US-395 S/B","ASH CREEK RD.",5280.00,S,N,A,-,Y,,,395,,,,,,S,Y,3,0,1,1,A,-,08,22107,,N,F,A,A,A,H,-,A,D,0,,,,,Y,,A,01,0,1,0,0,0,0,0,0,0,"- ","- ",36.393539428710938,-118.02462005615234,INYO,UNINCORPORATED,-118.02469635009766,36.393524169921875
90955217,2019,2019-03-28,9825,2019-03-24,1833,017565,Bisho,7,2,9,1400,0,2,4,,2,021,"TU-SU LN","US 395",170.00,S,N,A,-,N,,,,,,,,,,N,3,0,1,2,A,-,01,23152,A,N,F,A,A,A,H,-,A,D,0,,,Y,,Y,Y,C,03,0,1,0,0,0,0,0,0,1,"- ","- ",37.375339508056641,-118.41848754882812,INYO,UNINCORPORATED,-118.41847991943359,37.375335693359375
90958080,2019,2019-04-01,9825,2019-03-21,1545,022270,,4,2,9,1400,0,1,3,,1,012,SR-168,"WYMAN CANYON RD.",4752.00,E,N,A,-,Y,,,168,,,,,,,Y,2,0,1,1,A,-,03,22350,,N,E,I,A,A,H,-,A,D,0,,,,Y,Y,,G,25,1,0,0,0,0,0,0,0,0,"- ","- ",37.415019989013672,-117.96528625488281,INYO,UNINCORPORATED,-117.96526336669922,37.415050506591797
90965409,2019,2019-04-10,9825,2019-04-09,0600,017072,,2,1,9,1400,0,1,3,,2,020,SR-178,"NEVADA STATE LINE",21384.00,W,N,A,-,Y,,,,,,,,,,N,4,0,1,2,A,-,03,22350,,N,C,G,A,A,H,-,B,D,0,,Y,,,Y,,D,22,0,0,1,0,0,0,1,0,0,"- ","- ",36.091499328613281,-116.09140014648438,INYO,UNINCORPORATED,,
90968300,2019,2019-04-16,9825,2019-04-06,1646,020118,,6,2,9,1400,0,3,5,,2,060,"PANAMINT VALLEY ROAD","TRONA WILDROASE ROAD",15840.00,N,N,A,-,N,,,,,,,,,,Y,4,0,2,1,A,-,08,22107,,N,E,I,A,A,H,-,A,D,0,,,,,Y,,A,07,0,0,2,0,0,0,0,0,0,"- ","- ",36.202201843261719,-117.33512115478516,INYO,UNINCORPORATED,-117.33426666259766,36.200958251953125
90968439,2019,2019-04-16,9825,2019-04-13,2200,020118,,6,3,9,1400,0,3,5,,2,060,"MOVIE ROAD","WHITNEY PORTAL ROAD",10560.00,N,N,A,-,N,,,,,,,,,,N,2,0,2,1,A,-,08,22107,,N,F,A,A,A,H,-,D,D,0,,,Y,,Y,Y,C,06,2,0,0,0,0,0,0,0,2,"- ","- ",36.612529754638672,-118.11770629882812,INYO,UNINCORPORATED,-118.11814117431641,36.612251281738281
90975369,2019,2020-02-19,9825,2019-04-08,1745,017072,,1,2,9,1400,0,1,3,,1,019,SR-127,"IBEX PASS",7656.00,N,N,B,-,Y,,,,,,,,,,Y,1,1,0,1,A,-,08,22107,,N,E,I,A,A,H,-,A,D,0,,,,,Y,,A,01,0,0,0,0,0,0,0,0,0,"- ","- ",35.484901428222656,-116.19529724121094,INYO,UNINCORPORATED,,
90977520,2019,2019-04-29,9825,2019-04-21,2100,021411,,7,2,9,1400,0,1,3,,1,012,"STATE HIGHWAY 168","DEEP SPRINGS RANCH RD",41184.00,W,N,A,-,Y,,,168,,,,,,,Y,4,0,1,1,A,-,08,22107,,N,E,I,A,A,H,-,D,D,0,,,,,Y,,A,07,0,0,1,0,0,0,0,0,0,"- ","- ",37.314899444580078,-118.10230255126953,INYO,UNINCORPORATED,-118.10215759277344,37.314868927001953
90978276,2019,2019-04-29,9825,2019-04-26,1540,017565,,5,2,9,1400,0,2,4,,2,021,"SEE-VEE LANE","WEST LINE STREET",0.00,,Y,A,-,Y,,,,,,,,,,N,2,0,1,2,A,-,11,21950,B,F,G,B,B,A,H,-,A,D,0,Y,,,,Y,,N,60,1,0,0,0,1,0,0,0,0,"- ","- ",37.361438751220703,-118.41384124755859,INYO,UNINCORPORATED,-118.41378784179688,37.361320495605469
90980245,2019,2019-05-02,9825,2019-04-21,1418,020736,,7,2,9,1400,0,2,4,,2,073,"SCOTTYYS CASTLE RD","UBEHEBE RD",8976.00,S,N,B,-,N,,,,,,,,,,Y,3,0,1,1,A,-,08,22107,,N,F,A,A,A,B,-,A,A,0,,,Y,,Y,,C,02,0,1,0,0,0,0,0,0,1,"- ","- ",36.976581573486328,-117.35134124755859,INYO,UNINCORPORATED,-117.35282135009766,36.977512359619141
90980246,2019,2019-05-02,9825,2019-04-21,1417,020736,,7,2,9,1400,0,2,4,,2,073,"SCOTTYS CASTLE RD","UBEHEBE RD",8976.00,S,N,B,-,N,,,,,,,,,,Y,2,0,1,1,A,-,08,22107,,N,F,A,A,A,B,-,A,A,0,,,Y,,Y,,C,02,1,0,0,0,0,0,0,0,1,"- ","- ",36.981010437011719,-117.35759735107422,INYO,UNINCORPORATED,-117.35279846191406,36.977527618408203
90980431,2019,2019-05-02,9825,2019-04-27,1900,017072,,6,2,9,1400,0,1,3,,1,019,SR-127,"DEADMANS PASS ROAD",1056.00,N,N,A,-,Y,,,,,,,,,,Y,2,0,1,1,A,-,08,22107,,N,F,A,A,A,H,-,A,D,0,,,Y,,Y,,C,02,1,0,0,0,0,0,0,0,1,"- ","- ",36.123798370361328,-116.23410034179688,INYO,UNINCORPORATED,-116.39850616455078,36.213111877441406
90982218,2019,2019-05-06,9825,2019-04-29,1400,020736,,1,2,9,1400,0,1,3,,1,019,"SR-127 N/B",SR-178,10032.00,S,N,A,-,Y,,,127,,,,,,N,Y,4,0,1,1,A,-,08,22107,,N,F,A,A,A,H,-,A,D,0,,,,,Y,,A,01,0,0,1,0,0,0,0,0,0,"- ","- ",35.945159912109375,-116.26986694335938,INYO,UNINCORPORATED,-116.26978302001953,35.945156097412109
90983725,2019,2019-05-07,9825,2019-05-03,0750,015522,,5,1,9,1400,0,1,2,,1,004,US-395,"ELNA RD",5016.00,S,N,A,-,Y,,,395,,,,,,,Y,4,0,2,1,A,-,08,22107,,N,E,I,A,A,H,-,A,D,0,,,,,Y,,A,07,0,0,2,0,0,0,0,0,0,"- ","- ",37.038909912109375,-118.23172760009766,INYO,UNINCORPORATED,-118.23216247558594,37.038860321044922
90984223,2019,2019-05-08,9825,2019-05-04,1120,018685,,6,1,9,1400,0,3,5,,2,060,"TRONA WILDROSE RD","QUARRY RD",20064.00,N,N,A,-,N,,,,,,,,,,Y,3,0,1,1,A,-,08,22107,,N,F,I,A,A,H,-,A,D,0,,,Y,,Y,,C,02,0,1,0,0,0,0,0,0,1,"- ","- ",35.971038818359375,-117.34066009521484,INYO,UNINCORPORATED,-117.34059143066406,35.971038818359375
90984491,2019,2019-05-20,9825,2019-04-29,1900,020736,,1,2,9,1400,0,2,4,,2,072,"BADWATER RD",SR-190,79200.00,S,N,A,-,N,,,,,,,,,,Y,2,0,4,2,A,-,05,21460,C,N,B,C,A,A,H,-,B,A,0,,,,,Y,,A,08,1,3,0,0,0,0,0,0,0,"- ","- ",36.284751892089844,-116.77324676513672,INYO,UNINCORPORATED,-116.77359771728516,36.250736236572266
90987896,2019,2019-05-14,9825,2019-05-05,0700,020118,,7,1,9,1400,0,3,5,,2,060,"DAYLIGHT PASS ROAD (MUD CANYON)","SCOTTY'S CASTLE ROAD",8448.00,E,N,A,-,N,,,,,,,,,,Y,2,0,1,1,A,-,08,22107,,N,F,A,A,A,H,-,A,D,0,,,,,Y,,A,01,1,0,0,0,0,0,0,0,0,"- ","- ",36.659450531005859,-117.02079010009766,INYO,UNINCORPORATED,-117.02079010009766,36.659450531005859
90992580,2019,2019-05-21,9825,2019-05-17,2210,020125,,5,3,9,1400,0,3,5,,2,040,"FISH SPRINGS RD",US-395,2640.00,S,N,B,-,N,,,,,,,,,,N,3,0,1,1,C,-,18,,,N,D,H,A,A,H,-,D,D,0,,,,,Y,,-,"- ",0,1,0,0,0,0,0,0,0,"- ","- ",37.098670959472656,-118.25386810302734,INYO,UNINCORPORATED,-118.25385284423828,37.098987579345703
90993149,2019,2019-05-21,9825,2019-05-16,1230,013479,,4,1,9,1400,0,1,2,,1,004,"US-395 S/B","NORTH FORT ROAD",7920.00,N,N,A,G,Y,,,395,,,,,,S,Y,4,0,1,1,C,-,18,,,N,F,A,A,A,H,-,A,D,0,,,,Y,Y,,-,"- ",0,0,1,0,0,0,0,0,0,"- ","- ",36.868869781494141,-118.23684692382812,INYO,UNINCORPORATED,-118.23648071289062,36.86895751953125
90994629,2019,2019-05-23,9825,2019-05-21,2145,020183,,2,2,9,1400,0,3,5,,2,040,"MANDICH ST","SUNLAND LN",301.00,E,N,B,-,N,,,,,,,,,,Y,3,0,1,1,A,-,08,22107,,N,E,I,A,A,H,-,D,D,0,,,,,Y,,A,08,0,1,0,0,0,0,0,0,0,"- ","- ",37.356979370117188,-118.4033203125,INYO,UNINCORPORATED,-118.40359497070312,37.35693359375
90995458,2019,2019-05-24,9825,2019-05-19,1510,020118,,7,2,9,1400,0,1,2,,1,006,US-395,"ASH CREEK BRIDGE",16368.00,S,N,A,G,Y,,,395,,,,,,,Y,3,0,1,1,A,-,03,22350,,N,E,I,A,A,H,-,A,D,0,,,,Y,Y,,G,25,0,1,0,0,0,0,0,0,0,"- ","- ",36.337959289550781,-118.0205078125,INYO,UNINCORPORATED,-118.02054595947266,36.337959289550781
90996735,2019,2019-05-28,9825,2019-05-19,1855,020736,,7,2,9,1400,0,1,2,,1,007,"US-395 S/B","LAKE VILLAGE RD",6336.00,S,N,B,G,Y,,,395,,,,,,S,Y,3,0,1,1,A,-,03,22350,,N,F,A,A,A,H,-,A,A,0,,,,Y,Y,,G,25,0,1,0,0,0,0,0,0,0,"- ","- ",36.167381286621094,-117.97786712646484,INYO,UNINCORPORATED,-117.97794342041016,36.167377471923828
90996844,2019,2019-06-03,9825,2019-05-22,1330,017072,,3,1,9,1400,0,1,3,,1,019,SR-127,"NEVADA STATE LINE",897.00,S,N,B,-,Y,,,,,,,,,,Y,4,0,1,2,A,-,08,22107,,N,D,C,A,A,H,-,A,D,0,,,,Y,Y,,A,01,0,0,1,0,0,0,0,0,0,"- ","- ",36.241901397705078,-116.25189971923828,INYO,UNINCORPORATED,-116.41489410400391,36.2999267578125
91002528,2019,2019-06-03,9825,2019-05-26,1140,016784,,7,1,9,1400,0,3,5,,2,060,"FOOTHILL RD","ONION VALLEY RD",7920.00,S,N,A,-,N,,,,,,,,,,Y,3,0,1,1,A,-,08,22107,,N,F,A,A,A,H,-,A,D,0,,,,,Y,,A,07,0,1,0,0,0,0,0,0,0,"- ","- ",36.45111083984375,-118.15361022949219,INYO,UNINCORPORATED,-118.26009368896484,36.754478454589844
91003133,2019,2019-06-04,9825,2019-05-29,1635,014450,,3,2,2,1401,0,1,2,,2,002,"US 395","SEE VEE LANE",0.00,,Y,A,B,Y,,,,,,,,,,Y,3,0,2,2,A,-,12,21453,A,N,A,C,A,A,H,-,A,A,0,,,,,Y,,A,08,0,1,1,0,0,0,0,0,0,"- ","- ",37.225379943847656,-118.24828338623047,INYO,BISHOP,,
91007705,2019,2019-06-11,9825,2019-06-05,1339,016173,,3,1,9,1400,0,3,5,,2,040,"AIRPORT RD","POLETA RD",0.00,,Y,A,-,N,,,,,,,,,,Y,3,0,2,2,A,-,09,21804,A,N,D,C,A,A,H,-,A,D,0,,,,,Y,,D,23,0,2,0,0,0,0,0,0,0,"- ","- ",37.361480712890625,-118.36791229248047,INYO,UNINCORPORATED,-118.367919921875,37.361488342285156
91011622,2019,2019-06-17,9825,2019-06-09,1940,017941,,7,2,9,1400,0,1,3,,2,020,"STATE ROUTE 178","STATE ROUTE 127",33264.00,W,N,A,-,Y,,,178,,,,,,,Y,4,0,1,1,A,-,08,22107,,N,E,I,A,A,H,-,A,D,0,,,,,Y,,A,01,0,0,1,0,0,0,0,0,0,"- ","- ",35.963619232177734,-116.37149810791016,INYO,UNINCORPORATED,-116.37145233154297,35.963493347167969
91011972,2019,2019-06-18,9825,2019-06-07,1408,022270,Bisho,5,2,9,1400,0,2,4,,2,021,"BROCKMAN LN",US-395,120.00,S,N,B,-,N,,,,,,,,,,Y,3,0,6,2,A,-,08,22107,,N,A,C,A,A,H,-,A,D,0,,,,,Y,,A,08,0,2,4,0,0,0,0,0,0,"- ","- ",37.37554931640625,-118.43199920654297,INYO,UNINCORPORATED,-118.43210601806641,37.37548828125
91015615,2019,2019-06-24,9825,2019-06-17,2058,021411,,1,2,9,1400,0,1,2,,1,004,"US HWY 395 N-BOUND","BLACK ROCK SPRINGS RD",21648.00,N,N,A,-,Y,,,395,,,,,,N,Y,4,0,1,1,A,-,08,22107,,N,E,I,A,A,C,-,D,D,0,,,,,Y,,A,01,0,0,1,0,0,0,0,0,0,"- ","- ",36.940811157226562,-118.24056243896484,INYO,UNINCORPORATED,-118.24039459228516,36.940807342529297
91016870,2019,2019-06-25,9825,2019-06-21,0825,017565,,5,1,9,1400,0,3,5,,2,040,"SCHOBER LANE","SUNLAND DRIVE",0.00,,Y,A,-,N,,,,,,,,,,Y,4,0,1,2,A,-,09,21802,A,N,D,C,A,A,H,-,A,A,0,,,,,Y,,A,07,0,0,1,0,0,0,0,0,0,"- ","- ",37.346721649169922,-118.40451812744141,INYO,UNINCORPORATED,-118.40451812744141,37.34674072265625
91018247,2019,2019-06-26,9825,2019-06-25,0400,018685,,2,3,9,1400,0,1,3,,1,019,"SR-127 N/B",SR-178,14256.00,S,N,A,-,Y,,,127,,,,,,N,Y,3,0,2,1,A,-,08,22107,,N,F,A,A,A,H,-,D,D,0,,,,,Y,,A,07,0,2,0,0,0,0,0,0,0,"- ","- ",35.933670043945312,-116.26856994628906,INYO,UNINCORPORATED,-116.26862335205078,35.933662414550781
91026504,2019,2019-07-08,9825,2019-07-01,2055,018441,,1,2,9,1400,0,1,2,,1,003,US-395,"BARTELL RD",359.00,N,N,A,-,Y,,,395,,,,,,,Y,3,0,1,2,A,-,01,23152,G,N,C,C,A,A,H,-,C,D,0,,,,,Y,Y,D,22,0,1,0,0,0,0,0,0,0,"- ","- ",37.159988403320312,-118.28941345214844,INYO,UNINCORPORATED,-118.28937530517578,37.159992218017578
91026574,2019,2019-07-08,9825,2019-06-30,1532,020736,,7,2,9,1400,0,1,2,,1,006,US-395,"PINE ST",15840.00,S,N,A,-,Y,,,395,,,,,,,Y,2,0,3,3,A,-,08,22107,,N,B,C,A,A,H,-,A,A,0,,,,,Y,,B,07,1,0,2,0,0,0,0,0,0,"- ","- ",36.314468383789062,-118.02696990966797,INYO,UNINCORPORATED,-118.02694702148438,36.314476013183594
91034207,2019,2019-07-19,9825,2019-06-27,1055,022270,,4,1,9,1400,0,1,2,,1,007,"US-395 N/B","CINDER RD",3168.00,S,N,A,-,Y,,,395,,,,,,N,Y,1,1,1,1,A,-,08,22107,,N,F,A,A,A,H,-,A,D,0,,,,,Y,,A,07,1,0,0,0,0,0,0,0,0,"- ","- ",35.967498779296875,-117.91919708251953,INYO,UNINCORPORATED,-117.91880035400391,35.967700958251953
91035892,2019,2019-07-23,9825,2019-07-19,1130,016173,,5,1,9,1400,0,1,2,,1,004,"US-395 N/B","WEST DUSTY LANE",1056.00,S,N,A,-,Y,,,395,,,,,,N,Y,4,0,1,2,A,-,09,21804,A,N,C,C,A,A,H,-,A,A,0,,,,,Y,,D,22,0,0,1,0,0,0,0,0,0,"- ","- ",36.836841583251953,-118.22852325439453,INYO,UNINCORPORATED,-118.22853088378906,36.836837768554688
91038064,2019,2019-07-25,9825,2019-07-19,0859,017035,,5,1,9,1400,0,1,3,,1,011,SR-168,"EAST BISHOP CREEK RD",528.00,W,N,A,-,Y,,,168,,,,,,,Y,3,0,1,2,A,-,08,22107,,N,C,C,A,A,H,-,A,D,0,,,Y,,Y,,D,22,0,1,0,0,0,0,0,0,1,"- ","- ",37.341789245605469,-118.48394012451172,INYO,UNINCORPORATED,-118.48394012451172,37.341773986816406
91039300,2019,2019-07-26,9825,2019-07-16,1950,017565,,2,2,9,1400,0,3,5,,2,040,"WHITE MOUNTAIN RD","SR 168 (E)",48576.00,N,N,A,-,N,,,,,,,,,,N,4,0,1,1,A,-,08,22107,,N,F,A,A,A,H,-,B,D,0,,,,,Y,,A,07,0,0,1,0,0,0,0,0,0,"- ","- ",37.376949310302734,-118.18425750732422,INYO,UNINCORPORATED,-118.18521118164062,37.337661743164062
91039439,2019,2019-07-26,9825,2019-07-21,1345,017057,,7,1,9,1400,0,1,2,,1,003,"US-395 N/B","SR-168 EAST",5.00,S,N,A,-,Y,,,395,,,,,,N,Y,3,0,2,2,A,-,09,21802,A,N,D,C,A,A,H,-,A,A,0,,,,,Y,,A,07,0,2,0,0,0,0,0,0,0,"- ","- ",37.173439025878906,-118.29032135009766,INYO,UNINCORPORATED,-118.29036712646484,37.173412322998047
91039455,2019,2019-07-26,9825,2019-07-25,0637,016173,,4,1,9,1400,0,1,2,,1,003,"US-395 N/B","BIG PINE CANAL",235.00,N,N,A,-,Y,,,395,,,,,,N,Y,3,0,1,1,A,-,08,22107,,N,E,I,A,A,H,-,A,D,0,,,,,Y,,A,07,0,1,0,0,0,0,0,0,0,"- ","- ",37.179889678955078,-118.29634094238281,INYO,UNINCORPORATED,-118.29647064208984,37.179756164550781
91040735,2019,2019-07-29,9825,2019-07-19,1210,015522,Bisho,5,1,9,1400,0,2,4,,2,021,"TU SU LANE","PAYAHUUPA WAY",109.00,N,N,A,-,N,,,,,,,,,,N,3,0,1,2,A,-,09,21804,A,N,D,G,A,A,H,-,A,D,0,,Y,,,Y,,L,04,0,1,0,0,0,0,1,0,0,"- ","- ",37.374710083007812,-118.41845703125,INYO,UNINCORPORATED,-118.41847991943359,37.374732971191406
91042278,2019,2019-07-31,9825,2019-07-26,2000,020530,,5,2,9,1400,0,1,2,,2,002,"US HWY 395 N-BOUND","BROCKMAN LN",300.00,S,N,A,-,Y,,,395,,,,,,N,Y,3,0,3,2,A,-,01,23152,A,N,C,C,A,A,H,-,B,D,0,,,,,Y,Y,A,01,0,1,2,0,0,0,0,0,0,"- ","- ",37.375881195068359,-118.43105316162109,INYO,UNINCORPORATED,-118.43105316162109,37.375892639160156
91043798,2019,2019-08-01,9825,2019-07-23,2230,017565,,2,3,9,1400,0,3,5,,2,040,"SOUTH LAKE ROAD","HABEGGER LN",10560.00,S,N,A,-,N,,,,,,,,,,Y,4,0,1,1,A,-,08,22107,,N,E,I,A,A,H,-,D,D,0,,,,,Y,,A,07,0,0,1,0,0,0,0,0,0,"- ","- ",37.206150054931641,-118.56981658935547,INYO,UNINCORPORATED,-118.57009887695312,37.206966400146484
91044585,2019,2019-08-14,9825,2019-07-23,1655,018441,,2,2,9,1400,0,3,5,,2,040,"SCHOBER LN","SUNLAND DR",0.00,,Y,A,-,N,,,,,,,,,,Y,3,0,2,2,A,-,09,21802,A,N,D,C,A,A,H,-,A,A,0,,,,,Y,,A,01,0,2,0,0,0,0,0,0,0,"- ","- ",37.34674072265625,-118.40451812744141,INYO,UNINCORPORATED,-118.40451812744141,37.34674072265625
91046277,2019,2019-08-06,9825,2019-07-30,0900,016173,,2,1,9,1400,0,1,2,,1,003,"US-395 S/B","SUNLAND INDIAN RESERVATION RD",0.00,,Y,A,-,Y,,,395,,,,,,S,Y,3,0,1,2,A,-,09,21802,A,N,D,C,A,A,H,-,A,A,0,,,,,Y,,A,07,0,1,0,0,0,0,0,0,0,"- ","- ",37.332210540771484,-118.39502716064453,INYO,UNINCORPORATED,-118.39482879638672,37.332279205322266
91046309,2019,2019-08-06,9825,2019-08-05,1245,017072,,1,1,9,1400,0,1,3,,1,018,SR-190,"SLAB CITY ROAD",2640.00,W,N,A,-,Y,,,,,,,,,,Y,2,0,4,1,A,-,08,22107,,N,F,A,A,A,H,-,A,D,0,,,,,Y,,A,01,2,2,0,0,0,0,0,0,0,"- ","- ",36.203998565673828,-116.36430358886719,INYO,UNINCORPORATED,,
91049130,2019,2019-08-09,9825,2019-08-01,1755,017565,,4,2,9,1400,0,1,3,,1,011,"SR 168 (WEST)","PA-HA LANE",0.00,,Y,A,-,Y,,,168,,,,,,,Y,4,0,1,2,A,-,09,21801,A,N,A,C,A,A,H,-,A,D,0,,,,,Y,,A,01,0,0,1,0,0,0,0,0,0,"- ","- ",37.361351013183594,-118.42752075195312,INYO,UNINCORPORATED,-118.42752075195312,37.361343383789062
91051743,2019,2019-08-14,9825,2019-08-07,0231,020118,,3,3,9,1400,0,1,2,,1,007,"N/B US-395","LITTLE LAKE ROAD",13728.00,S,N,A,-,Y,,,395,,,,,,,Y,3,0,2,1,A,-,08,22107,,N,F,A,A,A,H,-,D,D,0,,,,Y,Y,,G,25,0,2,0,0,0,0,0,0,0,"- ","- ",35.894481658935547,-117.89739990234375,INYO,UNINCORPORATED,-117.89736175537109,35.894500732421875
91052140,2019,2019-08-14,9825,2019-07-28,1106,012536,,7,1,9,1400,0,1,2,,1,006,US-395,"CACTUS FLATS RD.",75.00,N,N,A,-,Y,,,395,,,,,,,N,1,1,0,2,A,-,17,21805,C,N,H,J,A,A,H,-,A,D,0,,,,,Y,,-,99,0,0,0,0,0,0,0,0,0,"- ","- ",36.255321502685547,-117.99320983886719,INYO,UNINCORPORATED,-117.99319458007812,36.255329132080078
91056435,2019,2019-08-21,9825,2019-08-14,2235,020736,,3,3,9,1400,0,3,5,,2,060,"HORSEHOSE MEADOWS RD","LUBKEN CANYON RD",50160.00,S,N,A,-,N,,,,,,,,,,Y,3,0,1,1,A,-,08,22107,,N,F,A,A,A,H,-,D,D,0,,,,,Y,,A,01,0,1,0,0,0,0,0,0,0,"- ","- ",36.481109619140625,-118.09899139404297,INYO,UNINCORPORATED,-118.10036468505859,36.484462738037109
91062778,2019,2019-08-29,9825,2019-08-24,0300,020125,,6,3,9,1400,0,3,5,,2,040,"POLETA RD","VAN LOON LN",1584.00,E,N,A,-,N,,,,,,,,,,Y,3,0,1,1,A,-,08,22107,,M,A,I,A,A,H,-,D,D,0,,,,,Y,,A,01,0,1,0,0,0,0,0,0,0,"- ","- ",37.361549377441406,-118.35282897949219,INYO,UNINCORPORATED,-118.35340118408203,37.361549377441406
91066418,2019,2019-09-03,9825,2019-08-28,0800,017941,,3,1,9,1400,0,1,3,,2,020,"STATE ROUTE 178","CHICAGO VALLEY ROAD",63360.00,E,N,A,-,Y,,,178,,,,,,,Y,2,0,1,1,A,-,08,22107,,N,E,I,A,A,H,-,A,D,0,,,,,Y,,A,01,1,0,0,0,0,0,0,0,0,"- ","- ",36.160701751708984,-116.13941955566406,INYO,UNINCORPORATED,-116.13943481445312,36.1607666015625
91073746,2019,2019-09-17,9825,2019-09-09,1600,017072,,1,2,9,1400,0,2,4,,2,072,"BADWATER RD","DESOLATION CYN",4752.00,S,N,A,-,N,,,,,,,,,,Y,2,0,2,3,A,-,05,21460,A,N,B,C,A,A,H,-,A,D,0,,,Y,,Y,,A,07,2,0,0,0,0,0,0,0,2,"- ","- ",36.230899810791016,-116.51080322265625,INYO,UNINCORPORATED,-116.76709747314453,36.229816436767578
91073770,2019,2019-09-12,9825,2019-09-10,0400,017072,,2,3,9,1400,0,1,3,,2,020,SR-178,SR-127,5280.00,E,N,A,-,Y,,,,,,,,,,N,3,0,1,2,A,-,08,22107,,F,G,B,F,A,H,-,D,D,0,Y,,,,Y,,A,01,0,1,0,0,1,0,0,0,0,"- ","- ",35.583900451660156,-116.14530181884766,INYO,UNINCORPORATED,-116.270751953125,35.982681274414062
91076356,2019,2019-09-17,9825,2019-09-10,2000,020530,,2,2,9,1400,0,1,3,,1,012,SR-168,"DEATH VALLEY RD",15840.00,E,N,A,-,Y,,,168,,,,,,,Y,4,0,1,1,A,-,03,22350,,N,F,A,A,A,H,-,D,D,0,,,,Y,Y,,G,25,0,0,1,0,0,0,0,0,0,"- ","- ",37.217479705810547,-118.23058319091797,INYO,UNINCORPORATED,-118.23067474365234,37.21759033203125
91078297,2019,2019-09-19,9825,2019-09-16,0630,017072,,1,1,9,1400,0,2,4,,2,051,"STATE LINE RD",SR-127,1356.00,E,N,A,-,N,,,,,,,,,,Y,4,0,1,1,A,-,08,22107,,N,F,A,A,A,H,-,A,D,0,,,,,Y,,D,22,0,0,1,0,0,0,0,0,0,"- ","- ",36.181499481201172,-116.24369812011719,INYO,UNINCORPORATED,-116.41050720214844,36.304019927978516
91078305,2019,2019-09-19,9825,2019-09-17,1430,017072,,2,2,9,1400,0,1,3,,2,017,SR-190,"TOWNE PASS SUMMIT",10032.00,E,N,A,-,Y,,,,,,,,,,Y,4,0,1,1,A,-,08,22107,,N,E,I,A,A,H,-,A,D,0,,,Y,,Y,,C,02,0,0,1,0,0,0,0,0,1,"- ","- ",36.253700256347656,-117.15440368652344,INYO,UNINCORPORATED,,
91079630,2019,2019-09-20,9825,2019-09-14,1757,014450,Bisho,6,2,9,1400,0,2,4,,2,021,"TU SU LANE","TABOOSE LANE",92.00,N,N,A,-,N,,,,,,,,,,Y,3,0,1,1,A,-,01,23152,F,N,E,I,A,A,H,-,A,D,0,,,,,Y,,D,22,0,1,0,0,0,0,0,0,0,"- ","- ",37.218410491943359,-118.25105285644531,INYO,UNINCORPORATED,-118.41836547851562,37.364070892333984
91086903,2019,2019-09-30,9825,2019-09-21,2130,021411,,6,2,9,1400,0,1,2,,1,004,"US 395 SOUTHBOUND","BLACK ROCK SPRINGS RD",7920.00,S,N,A,-,Y,,,,,,,,,,Y,4,0,1,2,A,-,01,23152,A,N,C,C,A,A,H,-,C,D,0,,,,,Y,Y,A,01,0,0,1,0,0,0,0,0,0,"- ","- ",37.895530700683594,-118.24208831787109,INYO,UNINCORPORATED,,
91088313,2019,2019-10-01,9825,2019-09-19,2140,012536,,4,2,9,1400,0,1,2,,1,007,"US-395 N/B","CINDER RD.",2112.00,S,N,A,-,Y,,,395,,,,,,N,Y,2,0,1,1,A,-,08,22107,,N,F,A,A,A,H,-,D,D,0,,,,,Y,Y,D,22,1,0,0,0,0,0,0,0,0,"- ","- ",35.970890045166016,-117.92015075683594,INYO,UNINCORPORATED,-117.92023468017578,35.970855712890625
91088733,2019,2019-10-02,9825,2019-09-20,0545,012536,,5,3,9,1400,0,1,2,,1,007,"US-395 S/B","S. LITTLE LAKE RD.",13728.00,S,N,A,-,Y,,,395,,,,,,S,Y,3,0,2,1,A,-,08,22107,,N,F,A,A,A,H,-,D,D,0,,,,,Y,,A,01,0,1,1,0,0,0,0,0,0,"- ","- ",35.894458770751953,-117.89792633056641,INYO,UNINCORPORATED,-117.89802551269531,35.894428253173828
91092706,2019,2019-10-08,9825,2019-10-05,0537,016173,,6,3,9,1400,0,1,2,,1,003,"US-395 S/B","COUNTY RD",106.00,S,N,A,-,Y,,,395,,,,,,S,Y,2,0,3,2,A,-,05,21460,A,N,A,C,A,A,H,-,D,D,0,,,,,Y,,A,01,1,0,2,0,0,0,0,0,0,"- ","- ",37.173099517822266,-118.29026031494141,INYO,UNINCORPORATED,-118.29020690917969,37.173130035400391
91092723,2019,2019-10-08,9825,2019-09-27,1602,018685,,5,2,9,1400,0,1,3,,2,017,SR-190,"EMIGRANT CANYON RD",29568.00,W,N,A,-,Y,,,190,,,,,,,Y,3,0,2,1,A,-,08,22107,,N,F,A,A,A,H,-,A,D,0,,,,,Y,,A,07,0,2,0,0,0,0,0,0,0,"- ","- ",36.419258117675781,-117.27114105224609,INYO,UNINCORPORATED,-117.27075958251953,36.419013977050781
91092781,2019,2019-10-08,9825,2019-09-29,1115,017565,,7,1,9,1400,0,1,2,,1,003,"US 395","SR 168 (EASTBOUND)",0.00,,Y,A,-,Y,,,,,,,,,,Y,3,0,2,2,A,-,09,21802,A,N,C,C,A,A,H,-,A,A,0,,,,,Y,,D,22,0,2,0,0,0,0,0,0,0,"- ","- ",37.173080444335938,-118.29013061523438,INYO,UNINCORPORATED,-118.29032897949219,37.173480987548828
91093475,2019,2019-10-09,9825,2019-09-28,1220,012536,,6,1,9,1400,0,1,2,,1,007,"US-395 NORTHBOUND","PEARSON RD.",2280.00,S,N,A,G,Y,,,395,,,,,,N,Y,4,0,1,1,A,-,08,22107,,N,E,I,A,A,H,-,A,A,0,,,,Y,Y,,G,25,0,0,1,0,0,0,0,0,0,"- ","- ",35.809638977050781,-117.87306213378906,INYO,UNINCORPORATED,-117.87313842773438,35.809635162353516
91094908,2019,2019-10-10,9825,2019-09-30,2145,012536,,1,2,9,1400,0,1,3,,2,016,SR-190,"FATHER CROWLEY VISTA POINT",10032.00,E,N,A,-,Y,,,190,,,,,,,Y,3,0,1,1,A,-,08,22107,,N,E,I,A,A,H,-,D,D,0,,,,,Y,,A,01,0,1,0,0,0,0,0,0,0,"- ","- ",36.351398468017578,-117.53556060791016,INYO,UNINCORPORATED,-117.53556823730469,36.35137939453125
91099661,2019,2019-10-17,9825,2019-10-15,0945,016173,,2,1,9,1400,0,1,2,,1,003,"US-395 N/B","KEOUGH HOT SPRINGS RD",8448.00,S,N,A,-,Y,,,395,,,,,,N,Y,4,0,1,1,C,-,18,,,N,E,I,A,A,H,-,A,D,0,,,,,Y,,-,"- ",0,0,1,0,0,0,0,0,0,"- ","- ",37.236431121826172,-118.3497314453125,INYO,UNINCORPORATED,-118.34952545166016,37.236537933349609
91099701,2019,2019-10-17,9825,2019-10-16,0758,015522,,3,1,9,1400,0,1,3,,1,011,SR-168,"TU SU LANE",357.00,E,N,A,-,Y,,,168,,,,,,,Y,4,0,1,2,A,-,03,22350,,N,C,C,A,A,H,-,A,A,0,,,,,Y,,A,01,0,0,1,0,0,0,0,0,0,"- ","- ",37.361278533935547,-118.41706848144531,INYO,UNINCORPORATED,-118.41706848144531,37.361331939697266
91104314,2019,2019-10-23,9825,2019-10-13,1938,018685,,7,2,9,1400,0,3,5,,2,050,"TECOPA HOT SPRINGS RD","OLD SPANISH TRAIL HWY",5280.00,N,N,A,-,N,,,,,,,,,,Y,2,0,1,1,A,-,03,22350,,N,F,A,A,A,G,-,B,D,0,,,,,Y,,A,01,1,0,0,0,0,0,0,0,0,"- ","- ",35.858589172363281,-116.23194885253906,INYO,UNINCORPORATED,-116.22554016113281,35.848289489746094
91104432,2019,2019-10-23,9825,2019-10-19,1124,020118,,6,1,9,1400,0,1,2,,1,005,"S/B US-395","GEORGES CREEK",2640.00,N,N,A,-,Y,,,395,,,,,,,Y,4,0,1,2,A,-,03,22350,,N,C,C,A,A,H,-,A,D,0,,,,,Y,,A,01,0,0,1,0,0,0,0,0,0,"- ","- ",36.712188720703125,-118.13382720947266,INYO,UNINCORPORATED,-118.13375854492188,36.712242126464844
91106758,2019,2019-10-25,9825,2019-10-19,1234,020118,,6,1,9,1400,0,3,5,,2,060,"TRONA-WILDROSE ROAD","QUARRY RD",18480.00,N,N,A,-,N,,,,,,,,,,Y,3,0,1,1,A,-,08,22107,,N,E,I,A,A,H,-,A,D,0,,,Y,,Y,,C,02,0,1,0,0,0,0,0,0,1,"- ","- ",35.968521118164062,-117.34065246582031,INYO,UNINCORPORATED,-117.34109497070312,35.967742919921875
91107814,2019,2019-10-28,9825,2019-10-16,1314,016173,,3,1,9,1400,0,1,2,,1,003,"US-395 S/B","STEWARD LN",425.00,N,N,A,-,Y,,,395,,,,,,S,Y,4,0,1,1,A,-,01,23152,F,N,E,I,A,A,H,-,A,D,0,,,,Y,Y,,G,25,0,0,1,0,0,0,0,0,0,"- ","- ",37.145160675048828,-118.28018951416016,INYO,UNINCORPORATED,-118.28020477294922,37.145145416259766
91107872,2019,2019-10-28,9825,2019-10-27,0205,018685,,7,3,9,1400,0,2,4,,2,051,"STATELINE RD",SR-127,16368.00,E,N,A,-,N,,,,,,,,,,Y,4,0,1,1,A,-,08,22107,,N,E,I,A,A,H,-,D,D,0,,,,,Y,,D,22,0,0,1,0,0,0,0,0,0,"- ","- ",36.309551239013672,-116.40004730224609,INYO,UNINCORPORATED,-116.36740112304688,36.325695037841797
91107892,2019,2019-10-28,9825,2019-10-24,1610,014450,,4,2,9,1400,0,3,5,,2,040,"LOWER ROCK CREEK ROAD","PINE CREEK RD",606.00,N,N,A,-,N,,,,,,,,,,N,3,0,1,1,A,-,08,22107,,N,E,I,A,A,H,-,A,D,0,,,,,Y,,A,01,0,1,0,0,0,0,0,0,0,"- ","- ",37.252529144287109,-118.33432006835938,INYO,UNINCORPORATED,,
91112822,2019,2020-02-19,9825,2019-08-25,1518,018685,,7,2,9,1400,0,1,3,,1,018,SR-190,"20 MULE TEAM RD.",70.00,W,N,A,-,Y,,,,,,,,,,Y,1,1,0,1,A,-,08,22107,,N,E,I,A,A,H,-,A,D,0,,,,,Y,,A,07,0,0,0,0,0,0,0,0,0,"- ","- ",,,INYO,UNINCORPORATED,,
91123695,2019,2019-11-19,9825,2019-11-08,0731,018685,,5,1,9,1400,0,1,3,,1,019,SR-127,"SR-178 WEST",810.00,S,N,A,-,Y,,,127,,,,,,,Y,4,0,1,1,A,-,03,22350,,N,F,I,A,A,H,-,A,D,0,,,,Y,Y,,G,25,0,0,1,0,0,0,0,0,0,"- ","- ",35.994029998779297,-116.27359008789062,INYO,UNINCORPORATED,-116.27362060546875,35.994014739990234
91130850,2019,2019-11-27,9825,2019-11-17,0044,022390,,7,3,9,1400,0,1,2,,1,007,"US-395 N/B","GILL STATION COSO RD",16368.00,N,N,A,-,Y,,,395,,,,,,N,Y,2,0,2,1,A,-,08,22107,,N,E,I,A,A,H,-,D,D,0,,,,,Y,,A,01,2,0,0,0,0,0,0,0,0,"- ","- ",36.088798522949219,-117.96086120605469,INYO,UNINCORPORATED,-117.9609375,36.088768005371094
91133586,2019,2019-12-02,9825,2019-11-26,1125,016173,,2,1,9,1400,0,1,2,,1,003,US-395,"CROCKER AVE",217.00,N,N,A,-,Y,,,395,,,,,,,Y,2,0,1,2,A,-,03,22350,,N,C,C,A,A,H,-,A,D,0,,,,Y,Y,,F,26,1,0,0,0,0,0,0,0,0,"- ","- ",37.167049407958984,-118.28964233398438,INYO,UNINCORPORATED,-118.28959655761719,37.167049407958984
91136494,2019,2019-12-05,9825,2019-11-28,0725,016784,,4,1,9,1400,0,1,2,,1,007,"US-395 N/B","HAIWEE POWER PLANT ROAD",1056.00,N,N,B,D,Y,,,395,,,,,,N,Y,3,0,5,1,A,-,03,22350,,N,F,A,A,C,H,-,A,D,0,,,,,Y,,D,22,0,2,3,0,0,0,0,0,0,"- ","- ",36.143440246582031,-117.97416687011719,INYO,UNINCORPORATED,-117.97422790527344,36.1434326171875
91136596,2019,2019-12-05,9825,2019-11-28,0920,014387,,4,1,9,1400,0,1,3,,2,016,"SR-190 W/B",SR-136,1584.00,E,N,D,-,Y,,,190,,,,,,W,Y,4,0,1,1,A,-,03,22350,,N,F,A,A,C,H,-,A,D,0,,,,,Y,,D,23,0,0,1,0,0,0,0,0,0,"- ","- ",36.426181793212891,-117.82160186767578,INYO,UNINCORPORATED,-117.82163238525391,36.426158905029297
91136976,2019,2019-12-05,9825,2019-11-30,1050,017941,,6,1,9,1400,0,3,5,,2,050,"RACETRACK VALLEY RD","UBEHEBE RD",52800.00,W,N,A,-,N,,,,,,,,,,Y,3,0,2,2,A,-,03,22350,,N,A,C,A,C,G,-,A,D,0,,,,,Y,,A,01,0,2,0,0,0,0,0,0,0,"- ","- ",36.8809814453125,-117.50289916992188,INYO,UNINCORPORATED,-117.50289916992188,36.8809814453125
91138604,2019,2019-12-10,9825,2019-11-30,1730,017941,,6,2,9,1400,0,1,3,,1,018,"STATE ROUTE 190","HARMONY BORAX MINE ROAD",3696.00,E,N,B,-,Y,,,190,,,,,,,Y,4,0,1,2,A,-,06,21751,,N,B,C,A,A,H,-,D,D,0,,,,,Y,,A,01,0,0,1,0,0,0,0,0,0,"- ","- ",36.470458984375,-116.86701202392578,INYO,UNINCORPORATED,-116.86701965332031,36.470458984375
91139092,2019,2020-02-21,9825,2019-07-07,2220,020530,,7,3,9,1400,0,1,2,,1,006,US-395,SR-190,478.00,N,N,A,-,Y,,,395,,,,,,,Y,1,3,4,2,A,-,01,23152,A,N,A,C,A,A,H,-,D,D,0,,,,,Y,Y,D,22,4,0,0,0,0,0,0,0,0,"- ","- ",36.283519744873047,-118.00721740722656,INYO,UNINCORPORATED,-118.00719451904297,36.283546447753906
91140042,2019,2019-12-10,9825,2019-08-17,1755,022270,,6,2,9,1400,0,1,2,,1,004,"US-395 N/B","FORT INDEPENDENCE RD.",8976.00,N,N,A,-,Y,,,395,,,,,,N,Y,1,1,1,3,A,-,05,21651,B,N,A,C,A,A,H,-,A,D,0,,,,Y,Y,,A,07,1,0,0,0,0,0,0,0,0,"- ","- ",36.872821807861328,-118.23735809326172,INYO,UNINCORPORATED,-118.23743438720703,36.872806549072266
91142299,2019,2019-12-12,9825,2019-11-28,1600,017565,,4,2,9,1400,0,3,5,,2,040,"MACGREGOR AVENUE","MCGALLIARD AVE",0.00,,Y,B,D,N,,,,,,,,,,N,4,0,1,2,A,-,09,21801,A,M,D,C,A,B,H,-,A,D,0,,,Y,,Y,,A,01,0,0,1,0,0,0,0,0,1,"- ","- ",37.380119323730469,-118.4168701171875,INYO,UNINCORPORATED,-118.41690063476562,37.380081176757812
91142416,2019,2019-12-12,9825,2019-12-07,0055,020736,,6,3,9,1400,0,1,2,,1,005,US-395,"EAST LUBKEN AVE",345.00,N,N,A,-,Y,,,395,,,,,,,Y,3,0,1,2,A,-,03,22350,,N,C,C,A,A,H,-,D,D,0,,,,Y,Y,,A,01,0,1,0,0,0,0,0,0,0,"- ","- ",36.613918304443359,-118.06633758544922,INYO,UNINCORPORATED,-118.06626129150391,36.613945007324219
91153439,2019,2019-12-26,9825,2019-12-23,1530,014450,,1,2,9,1400,0,3,5,,2,040,"REATA MOTOCROSS TRACK","REATA RD",4224.00,S,N,B,C,N,,,,,,,,,,N,2,0,1,1,C,-,18,,,N,F,A,A,D,A,H,A,D,0,,,Y,,Y,,-,"- ",1,0,0,0,0,0,0,0,1,"- ","- ",37.341781616210938,-118.44048309326172,INYO,UNINCORPORATED,,
91158195,2019,2020-01-02,9825,2019-12-30,1650,017072,,1,2,9,1400,0,1,3,,2,017,SR-190,"MESQUITE DUNES PARKING LOT ENTRANCE",528.00,E,N,A,-,Y,,,,,,,,,,Y,2,0,5,2,A,-,05,21460,A,N,A,C,A,A,H,-,D,D,0,,,,,Y,,A,01,5,0,0,0,0,0,0,0,0,"- ","- ",36.36199951171875,-117.06459808349609,INYO,UNINCORPORATED,,
91161842,2020,2020-01-08,9825,2020-01-01,0730,017941,,3,1,9,1400,0,2,4,,2,072,"BADWATER RD","ASHFORD MILLS ROAD",21648.00,N,N,A,-,N,,,,,,,,,,Y,3,0,1,1,A,-,08,22107,,N,F,A,A,A,H,-,A,D,0,,,,,Y,,A,01,0,1,0,0,0,0,0,0,0,"- ","- ",35.967571258544922,-116.72678375244141,INYO,UNINCORPORATED,-116.72674560546875,35.967582702636719
91165471,2020,2020-01-14,9825,2020-01-13,1100,017072,,1,1,9,1400,0,1,3,,1,013,SR-178,"DRY WASH/CULVERT",102.00,E,N,A,-,Y,,,,,,,,,,Y,2,0,2,1,A,-,08,22107,,N,E,I,A,A,H,-,A,D,0,,,,,Y,,D,22,1,0,1,0,0,0,0,0,0,"- ","- ",36.055099487304688,-116.11000061035156,INYO,UNINCORPORATED,,
91167016,2019,2020-02-19,9825,2019-11-21,0515,020118,,4,3,9,1400,0,1,2,,1,007,"N/B US-395","PEARSON ROAD",0.00,,Y,A,B,Y,,,395,,,,,,,Y,1,2,1,2,A,-,09,21802,A,N,D,C,A,A,H,-,D,A,0,,,,Y,Y,,G,25,1,0,0,0,0,0,0,0,0,"- ","- ",35.798381805419922,-117.87255859375,INYO,UNINCORPORATED,-117.87259674072266,35.798377990722656
91169137,2020,2020-01-21,9825,2020-01-11,0200,016119,,6,3,9,1400,0,1,3,,1,011,SR-168,"EAST BISHOP CREEK RD",200.00,E,N,A,-,Y,,,168,,,,,,,Y,3,0,1,1,A,-,08,22107,,N,E,I,A,A,H,-,D,D,0,,,,,Y,Y,A,01,0,1,0,0,0,0,0,0,0,"- ","- ",37.342521667480469,-118.479248046875,INYO,UNINCORPORATED,-118.47922515869141,37.342460632324219
91171078,2020,2020-01-23,9825,2020-01-16,2325,020530,,4,3,9,1400,0,1,3,,1,011,SR-168,"PA ME LN",110.00,E,N,B,C,Y,,,168,,,,,,,Y,3,0,1,1,A,-,08,22107,,M,E,I,A,B,H,-,C,D,0,,,,,Y,,D,22,0,1,0,0,0,0,0,0,0,"- ","- ",37.361339569091797,-118.43163299560547,INYO,UNINCORPORATED,-118.43163299560547,37.361381530761719
91175577,2019,2020-01-28,9825,2019-12-20,1727,018685,,5,2,9,1400,0,1,3,,1,018,"STATE ROUTE 190","STATE ROUTE 127",43824.00,W,N,A,-,Y,,,190,,,,,,,Y,1,1,7,2,A,-,06,21751,,N,A,C,A,A,H,-,D,D,0,,,,,Y,,A,01,5,2,0,0,0,0,0,0,0,"- ","- ",36.322891235351562,-116.55837249755859,INYO,UNINCORPORATED,-116.55836486816406,36.322895050048828
91180941,2020,2020-02-18,9825,2020-01-24,1446,021411,,5,2,9,1400,0,1,3,,1,012,SR-168,"DEATH VALLEY RD",1690.00,E,N,A,-,Y,,,168,,,,,,,Y,2,0,2,1,A,-,01,23152,A,N,E,I,A,A,H,-,A,D,0,,,,,Y,Y,A,01,1,1,0,0,0,0,0,0,0,"- ","- ",37.187061309814453,-118.25054931640625,INYO,UNINCORPORATED,-118.250732421875,37.187118530273438
91180983,2020,2020-02-05,9825,2020-02-02,0100,015522,,7,3,9,1400,0,3,5,,2,040,"BUTTERMILK ROAD","FOREST SERVICE ROAD 7S108",210.00,W,N,A,-,N,,,,,,,,,,Y,3,0,1,1,B,-,22,,,N,E,I,A,A,H,-,D,D,0,,,,,Y,Y,A,01,0,1,0,0,0,0,0,0,0,"- ","- ",37.330970764160156,-118.55126190185547,INYO,UNINCORPORATED,-118.55123138427734,37.331092834472656
91182698,2020,2020-03-03,9825,2020-02-01,1454,020736,,6,2,9,1400,0,3,5,,2,060,"HORSESHOE MEADOWS RD","LUBKEN CANYON RD",2112.00,S,N,A,-,N,,,,,,,,,,Y,2,0,4,1,A,-,08,22107,,N,F,A,A,A,H,-,A,D,0,,,,,Y,,D,22,2,2,0,0,0,0,0,0,0,"- ","- ",34.540531158447266,-118.10572052001953,INYO,UNINCORPORATED,-118.10562896728516,36.541084289550781
91184355,2020,2020-02-11,9825,2020-02-09,1058,018685,,7,1,9,1400,0,1,3,,1,019,SR-127,"STATELINE RD",14256.00,S,N,B,-,Y,,,127,,,,,,,Y,2,0,1,1,A,-,08,22107,,N,F,A,A,A,H,-,A,D,0,,,Y,,Y,,C,02,1,0,0,0,0,0,0,0,1,"- ","- ",36.265998840332031,-116.43448638916016,INYO,UNINCORPORATED,-116.43443298339844,36.266021728515625
91185407,2020,2020-02-14,9825,2020-01-02,0823,016784,,4,1,9,1400,0,1,2,,1,006,US-395,SR-190,151.00,N,N,A,-,Y,,,,,,,,,,Y,1,1,6,1,A,-,08,22107,,N,F,A,A,A,H,-,A,D,0,,,,,Y,,A,07,1,5,0,0,0,0,0,0,0,"- ","- ",36.165699005126953,-118.00229644775391,INYO,UNINCORPORATED,-118.00638580322266,36.282596588134766
91201315,2020,2020-03-04,9825,2020-03-02,2100,017072,,1,2,9,1400,0,1,3,,1,019,SR-127,SR-190,7920.00,N,N,A,-,Y,,,,,,,,,,Y,3,0,1,1,A,-,08,22107,,N,F,A,A,A,H,-,D,D,0,,,,,Y,,D,22,0,1,0,0,0,0,0,0,0,"- ","- ",36.193199157714844,-116.25199890136719,INYO,UNINCORPORATED,-116.42254638671875,36.325458526611328
91203254,2020,2020-03-06,9825,2020-03-04,1245,017941,,3,1,9,1400,0,1,3,,2,020,"STATE ROUTE 178","STATE ROUTE 127",10032.00,E,N,A,-,Y,,,178,,,,,,,Y,3,0,1,1,A,-,08,22107,,N,E,I,A,A,H,-,A,D,0,,,,,Y,,A,01,0,1,0,0,0,0,0,0,0,"- ","- ",35.983871459960938,-116.24613189697266,INYO,UNINCORPORATED,-116.24607849121094,35.983844757080078
91205706,2020,2020-03-10,9825,2020-03-04,2030,017941,,3,2,9,1400,0,1,3,,1,019,"STATE ROUTE 127","STATE ROUTE 178",13728.00,S,N,A,-,Y,,,127,,,,,,,Y,2,0,2,2,C,-,18,,,N,E,J,A,A,H,-,D,D,0,,,,,Y,,-,"- ",2,0,0,0,0,0,0,0,0,"- ","- ",35.935081481933594,-116.26885223388672,INYO,UNINCORPORATED,-116.26878356933594,35.935089111328125
91209785,2020,2020-03-17,9825,2020-03-14,1540,018685,,6,2,9,1400,0,1,3,,1,019,SR-127,"STATELINE RD",6864.00,S,N,A,-,Y,,,,,,,,,,Y,3,0,1,1,A,-,03,22350,,N,F,A,A,A,H,-,A,D,0,,,Y,,Y,,C,02,0,1,0,0,0,0,0,0,1,"- ","- ",36.279888153076172,-116.41812133789062,INYO,UNINCORPORATED,-116.42404937744141,36.285491943359375
91210705,2020,2020-03-18,9825,2020-03-07,1330,022390,,6,1,9,1400,0,1,3,,2,017,"SR-190 E/B","PANAMINT VALLEY RD",68640.00,E,N,A,-,Y,,,190,,,,,,E,Y,4,0,1,1,A,-,08,22107,,N,E,I,A,A,H,-,A,D,0,,,,,Y,,A,01,0,0,1,0,0,0,0,0,0,"- ","- ",36.419960021972656,-117.26970672607422,INYO,UNINCORPORATED,-117.26969146728516,36.419857025146484
91216258,2020,2020-03-26,9825,2020-03-18,1830,017072,,3,2,9,1400,0,1,3,,2,020,"SR-178 WEST",SR-190,3696.00,W,N,B,-,Y,,,,,,,,,,Y,2,0,1,1,A,-,08,22107,,N,F,A,A,A,H,-,A,D,0,,,Y,,Y,,C,02,1,0,0,0,0,0,0,0,1,"- ","- ",35.594600677490234,-116.17120361328125,INYO,UNINCORPORATED,,
91218978,2020,2020-03-31,9825,2020-03-22,1304,018685,,7,1,9,1400,0,2,4,,2,052,"OLD SPANISH TRAIL HWY","TECOPA HOT SPRINGS RD",19008.00,E,N,A,-,N,,,,,,,,,,Y,2,0,1,1,A,-,08,22107,,N,F,A,A,A,H,-,A,D,0,,,Y,,Y,,C,02,1,0,0,0,0,0,0,0,1,"- ","- ",35.862380981445312,-116.17149353027344,INYO,UNINCORPORATED,-116.17372894287109,35.86279296875
91223714,2020,2020-04-09,9825,2020-03-30,1650,018685,,1,2,9,1400,0,2,4,,2,052,"OLD SPANISH TRAIL HWY","FURNACE CREEK RD",44880.00,E,N,A,-,N,,,,,,,,,,Y,2,0,2,1,A,-,08,22107,,N,F,A,A,A,H,-,A,D,0,,,Y,,Y,,C,02,2,0,0,0,0,0,0,0,2,"- ","- ",35.882659912109375,-116.05902862548828,INYO,UNINCORPORATED,-116.07334136962891,35.888626098632812
91223979,2020,2020-04-10,9825,2020-02-13,1400,020736,,4,2,9,1400,0,1,2,,1,007,"US-395 NORTHBOUND","GILL STATION COSO RD.",0.00,,Y,A,-,Y,,,395,,,,,,N,Y,1,2,0,2,A,-,12,22450,A,N,D,C,A,A,H,-,A,A,0,,,,Y,Y,,A,01,0,0,0,0,0,0,0,0,0,"- ","- ",36.045860290527344,-117.94724273681641,INYO,UNINCORPORATED,-117.94720458984375,36.045871734619141
91224083,2020,2020-04-10,9825,2020-04-03,1755,018685,,5,2,9,1400,0,2,4,,2,052,"OLD SPANISH TRAIL HWY","FURNACE CREEK RD",50688.00,E,N,A,-,N,,,,,,,,,,Y,2,0,2,1,A,-,08,22107,,N,F,A,A,A,H,-,A,D,0,,,Y,,Y,,C,02,1,1,0,0,0,0,0,0,2,"- ","- ",35.884071350097656,-116.05724334716797,INYO,UNINCORPORATED,-116.05699157714844,35.882694244384766
91227993,2020,2020-04-21,9825,2020-04-19,2128,020125,,7,2,9,1400,0,3,5,,2,040,"COLLINS ROAD",US-395,10032.00,E,N,A,-,N,,,,,,,,,,Y,4,0,1,1,A,-,08,22107,,N,E,J,A,A,H,-,D,D,0,,,,,Y,,A,07,0,0,1,0,0,0,0,0,0,"- ","- ",37.281929016113281,-118.36637115478516,INYO,UNINCORPORATED,-118.33853912353516,37.281951904296875
91230394,2020,2020-04-28,9825,2020-04-20,0620,015522,,1,1,9,1400,0,1,2,,1,004,US-395,"ELNA ROAD",528.00,N,N,A,-,Y,,,395,,,,,,,Y,3,0,1,1,A,-,01,23152,A,N,E,I,A,A,H,-,B,D,0,,,,,Y,Y,D,22,0,1,0,0,0,0,0,0,0,"- ","- ",37.055999755859375,-118.23470306396484,INYO,UNINCORPORATED,-118.23480987548828,37.055934906005859
91231195,2020,2020-04-30,9825,2020-04-20,0650,016119,,1,1,9,1400,0,1,3,,1,011,SR-168,"BITTERBRUSH CAMPGROUND",4752.00,E,N,A,-,Y,,,168,,,,,,,Y,4,0,1,1,A,-,08,22107,,N,E,J,A,A,H,-,A,D,0,,,,,Y,,D,22,0,0,1,0,0,0,0,0,0,"- ","- ",37.285209655761719,-118.56211090087891,INYO,UNINCORPORATED,-118.56218719482422,37.285301208496094
91232635,2020,2020-05-01,9825,2020-04-25,0710,020118,,6,1,9,1400,0,1,2,,1,005,"S/B US-395","E LUBKEN AVE",497.00,S,N,A,-,Y,,,395,,,,,,,Y,3,0,1,2,A,-,03,22350,,N,C,C,A,A,H,-,A,D,0,,,,,Y,,A,08,0,1,0,0,0,0,0,0,0,"- ","- ",36.611610412597656,-118.06562805175781,INYO,UNINCORPORATED,-118.06560516357422,36.611614227294922
91235990,2020,2020-05-11,9825,2020-05-10,1230,018685,,7,1,9,1400,0,1,3,,1,019,SR-127,"OLD SPANISH TRAIL HWY",21648.00,S,N,A,-,Y,,,127,,,,,,,Y,3,0,1,1,A,-,08,22107,,N,F,I,A,A,H,-,A,D,0,,,Y,,Y,,C,02,0,1,0,0,0,0,0,0,1,"- ","- ",35.821590423583984,-116.32377624511719,INYO,UNINCORPORATED,-116.32386016845703,35.821670532226562
91240026,2020,2020-05-20,9825,2020-05-11,1700,020530,,1,2,9,1400,0,3,5,,2,040,"SOUTH LAKE RD.","FOUR JEFFREY CAMPGROUND RD.",544.00,N,N,A,-,N,,,,,,,,,,Y,2,0,3,1,A,-,01,23152,A,N,E,I,A,A,B,D,A,D,0,,,,,Y,Y,A,07,1,1,1,0,0,0,0,0,0,"- ","- ",37.248741149902344,-118.57251739501953,INYO,UNINCORPORATED,-118.57251739501953,37.248741149902344
91242557,2020,2020-05-26,9825,2020-05-15,1405,016119,Bisho,5,2,9,1400,0,2,4,,2,021,"DIAZ LANE","NUUMU WAY",0.00,,Y,A,-,N,,,,,,,,,,Y,4,0,1,2,A,-,09,21802,A,N,D,C,A,A,H,-,A,A,0,,,,,Y,,A,01,0,0,1,0,0,0,0,0,0,"- ","- ",37.368518829345703,-118.41490936279297,INYO,UNINCORPORATED,-118.4161,37.36853
91245101,2020,2020-05-29,9825,2020-05-25,2200,020125,,1,3,9,1400,0,1,3,,1,012,SR-168,"DEEP SPRINGS RANCH RD",28512.00,E,N,A,-,Y,,,168,,,,,,,N,4,0,1,1,C,-,18,,,N,H,H,A,A,H,-,D,A,0,,,,,Y,,-,"- ",0,0,1,0,0,0,0,0,0,"- ","- ",37.452171325683594,-117.919921875,INYO,UNINCORPORATED,-117.91999816894531,37.452259063720703
91245260,2020,2020-05-29,9825,2020-05-24,1100,015522,,7,1,9,1400,0,3,5,,2,040,"SOUTH ROUND VALLEY ROAD","SAWMILL ROAD",5808.00,N,N,A,-,N,,,,,,,,,,N,2,0,1,1,A,-,08,22107,,N,H,A,A,A,H,-,A,D,0,,Y,,,Y,,L,04,1,0,0,0,0,0,1,0,0,"- ","- ",37.394741058349609,-118.5189208984375,INYO,UNINCORPORATED,-118.51934814453125,37.394725799560547
91246456,2020,2020-06-02,9825,2020-05-27,0313,016784,,3,3,9,1400,0,1,2,,1,006,"US-395 S/B","COTTONWOOD RD",5808.00,N,N,A,-,Y,,,,,,,,,,Y,4,0,1,1,A,-,21,22106,,N,E,I,A,A,H,-,D,D,0,,,,Y,Y,,G,25,0,0,1,0,0,0,0,0,0,"- ","- ",36.273708343505859,-118.02100372314453,INYO,UNINCORPORATED,,
91248969,2020,2020-06-08,9825,2020-06-03,0945,017941,,3,1,9,1400,0,1,3,,2,017,"STATE ROUTE 190","WILDROSE CANYON ROAD",15840.00,W,N,A,-,Y,,,190,,,,,,,Y,3,0,1,1,A,-,08,22107,,N,F,A,A,A,H,-,A,D,0,,,,,Y,,A,01,0,1,0,0,0,0,0,0,0,"- ","- ",36.453098297119141,-117.24122619628906,INYO,UNINCORPORATED,-117.24118041992188,36.453079223632812
91249634,2020,2020-06-09,9825,2020-06-07,0848,015522,,7,1,9,1400,0,1,2,,1,003,US-395,"STEWARD LANE",0.00,,Y,A,-,Y,,,395,,,,,,,Y,3,0,3,2,A,-,09,21802,A,N,D,C,A,A,H,-,A,A,0,,,,,Y,,A,01,0,1,2,0,0,0,0,0,0,"- ","- ",37.144161224365234,-118.27948760986328,INYO,UNINCORPORATED,-118.27947998046875,37.144168853759766
91253426,2020,2020-06-17,9825,2020-05-31,1241,018685,,7,1,9,1400,0,1,3,,2,017,SR-178,SR-127,9979.00,E,N,A,-,Y,,,178,,,,,,,Y,1,3,4,2,A,-,08,22107,,N,A,C,A,A,H,-,A,D,0,,,,,Y,Y,D,22,4,0,0,0,0,0,0,0,0,"- ","- ",35.982719421386719,-116.24639129638672,INYO,UNINCORPORATED,-116.24658966064453,35.982818603515625
91253522,2020,2020-06-17,9825,2020-06-06,1645,022390,,6,2,9,1400,0,1,2,,1,006,US-395,"CACTUS FLATS RD",2112.00,S,N,A,-,Y,,,395,,,,,,,N,4,0,1,3,A,-,06,21751,,M,C,C,A,A,D,-,A,D,0,,,,,Y,,A,08,0,0,1,0,0,0,0,0,0,"- ","- ",36.249668121337891,-117.99049377441406,INYO,UNINCORPORATED,-117.99047088623047,36.249679565429688
91256935,2020,2020-06-24,9825,2020-06-12,1300,016119,,5,1,9,1400,0,1,2,,1,004,"US 395","DUSTY LANE",0.00,,Y,A,-,Y,,,,,,,,,,Y,2,0,1,2,A,-,08,22107,,N,D,C,A,A,H,-,A,D,0,,,Y,Y,Y,,G,25,1,0,0,0,0,0,0,0,1,"- ","- ",36.842548370361328,-118.2384033203125,INYO,UNINCORPORATED,-118.22966003417969,36.840568542480469
91259894,2020,2020-06-29,9825,2020-06-18,1125,016119,,4,1,9,1400,0,1,2,,2,002,"US 395","MACGREGOR AVENUE",0.00,,Y,A,-,Y,,,,,,,,,,Y,2,0,1,2,A,-,09,21801,A,N,D,G,A,A,H,-,A,D,0,,,,,Y,,A,01,1,0,0,0,0,0,0,0,0,"- ","- ",37.375850677490234,-118.41578674316406,INYO,UNINCORPORATED,,
91263556,2020,2020-07-06,9825,2020-06-28,0525,022390,,7,3,9,1400,0,1,2,,1,006,US-395,"DIAZ LAKE TURN OFF",957.00,N,N,A,-,Y,,,395,,,,,,,Y,3,0,1,1,A,-,01,23152,A,N,F,A,A,A,H,-,B,D,0,,,,,Y,Y,D,22,0,1,0,0,0,0,0,0,0,"- ","- ",36.562591552734375,-118.05126953125,INYO,UNINCORPORATED,-118.05134582519531,36.562572479248047
91263943,2020,2020-07-06,9825,2020-06-29,1410,018685,,1,2,9,1400,0,1,3,,2,017,SR-190,"WILDROSE RD",26928.00,W,N,A,-,Y,,,190,,,,,,,Y,2,0,2,1,A,-,03,22350,,N,E,I,A,A,H,-,A,D,0,,,,,Y,,A,01,1,1,0,0,0,0,0,0,0,"- ","- ",36.422428131103516,-117.26583099365234,INYO,UNINCORPORATED,-117.26588439941406,36.42242431640625
91264471,2020,2020-07-07,9825,2020-06-27,1732,020736,,6,2,9,1400,0,1,2,,1,006,"NB US-395","ASH CREEK RD",5280.00,S,N,A,-,Y,,,395,,,,,,,Y,3,0,1,2,A,-,07,21658,A,N,B,C,A,A,G,-,A,D,0,,,,Y,Y,,A,01,0,1,0,0,0,0,0,0,0,"- ","- ",36.365470886230469,-118.02375793457031,INYO,UNINCORPORATED,-118.02372741699219,36.365470886230469
91269577,2020,2020-07-16,9825,2020-07-05,1555,022390,,7,2,9,1400,0,1,2,,1,006,US-395,"INYO ST.",0.00,,Y,A,-,Y,,,395,,,,,,,Y,2,0,5,2,A,-,03,22350,,N,D,C,A,A,H,-,A,D,0,,,,,Y,,D,22,1,3,1,0,0,0,0,0,0,"- ","- ",36.601158142089844,-118.06120300292969,INYO,UNINCORPORATED,-118.06116485595703,36.601177215576172
91270664,2020,2020-07-20,9825,2020-07-09,1920,017565,,4,2,9,1400,0,1,2,,1,004,"US 395 (SOUTHBOUND)","NORTH FISH SPRINGS ROAD",351.00,S,N,A,-,Y,,,,,,,,,,Y,3,0,1,1,A,-,08,22107,,N,F,A,A,A,H,-,B,D,0,,,,,Y,,A,07,0,1,0,0,0,0,0,0,0,"- ","- ",37.0897216796875,-118.24832916259766,INYO,UNINCORPORATED,-118.25290679931641,37.104846954345703
91271939,2020,2020-07-21,9825,2020-07-19,1243,016173,,7,1,9,1400,0,1,2,,2,001,"US-395 N/B","PINE CREEK RD",250.00,N,N,A,-,Y,,,395,,,,,,N,Y,3,0,2,1,A,-,08,22107,,N,F,A,A,A,H,-,A,D,0,,,,,Y,,E,22,0,1,1,0,0,0,0,0,0,"- ","- ",37.420558929443359,-118.55561065673828,INYO,UNINCORPORATED,-118.55567932128906,37.420520782470703
91272980,2020,2020-07-22,9825,2020-07-17,1705,020736,,5,2,9,1400,0,1,2,,1,006,US-395,"MOUNTAIN VIEW ST",0.00,,Y,A,-,Y,,,395,,,,,,,Y,4,0,1,2,A,-,09,21801,A,N,D,C,A,A,H,-,A,A,0,,,,,Y,,A,01,0,0,1,0,0,0,0,0,0,"- ","- ",36.605579376220703,-118.06340026855469,INYO,UNINCORPORATED,-118.06336975097656,36.605594635009766
91275488,2020,2020-07-28,9825,2020-07-23,0135,020125,,4,3,9,1400,0,1,3,,1,012,SR-168,"DEATH VALLEY ROAD",41184.00,E,N,A,-,Y,,,168,,,,,,,Y,4,0,1,1,A,-,03,22350,,N,E,I,A,A,H,-,D,D,0,,,,Y,Y,,G,25,0,0,1,0,0,0,0,0,0,"- ","- ",37.253311157226562,-118.16188049316406,INYO,UNINCORPORATED,-118.16183471679688,37.253334045410156
91276673,2020,2020-07-29,9825,2020-07-21,1350,017035,,2,1,9,1400,0,3,5,,2,040,"POLETA RD","OWENS RIVER BRIDGE",900.00,W,N,A,-,N,,,,,,,,,,Y,2,0,1,2,A,-,01,23152,G,N,B,C,A,A,H,-,A,D,0,,,Y,,Y,Y,C,02,1,0,0,0,0,0,0,0,1,"- ","- ",37.361591339111328,-118.34236907958984,INYO,UNINCORPORATED,-118.34236907958984,37.361549377441406
91280538,2020,2020-08-04,9825,2020-07-26,1605,018441,,7,2,9,1400,0,1,2,,2,001,US-395,"PINE CREEK ROAD",0.00,,Y,A,-,Y,,,395,,,,,,,Y,2,0,1,2,A,-,09,21802,B,N,D,C,A,A,H,-,A,A,0,,,,,Y,,A,07,1,0,0,0,0,0,0,0,0,"- ","- ",37.419441223144531,-118.55558776855469,INYO,UNINCORPORATED,-118.55556488037109,37.419456481933594
91284371,2020,2020-08-11,9825,2020-08-01,2338,021411,,6,3,9,1400,0,1,2,,1,004,"US 395","ELNA RD.",7392.00,S,N,A,-,Y,,,,,,,,,,Y,2,0,1,1,A,-,01,23152,A,N,F,A,A,A,H,-,D,D,0,,,Y,,Y,Y,C,02,1,0,0,0,0,0,0,0,1,"- ","- ",37.015701293945312,-118.135498046875,INYO,UNINCORPORATED,-118.23185729980469,37.032356262207031
91284460,2020,2020-08-11,9825,2020-07-31,1840,020736,,5,2,9,1400,0,2,4,,2,078,"SR-178 (TRONA WILDROSE RD)","BALLARAT RD",10560.00,S,N,A,-,Y,,,,,,,,,,Y,2,0,2,1,A,-,01,23152,A,N,F,A,A,A,H,-,A,D,0,,,,,Y,Y,A,07,1,0,1,0,0,0,0,0,0,"- ","- ",36.023101806640625,-117.31365966796875,INYO,UNINCORPORATED,,
91284718,2020,2020-08-12,9825,2020-08-06,1235,019814,,4,1,9,1400,0,1,2,,1,010,US-6,"UPPER MCNALLY CANAL",102.00,W,N,A,-,Y,,,6,,,,,,,Y,3,0,1,1,C,-,18,,,N,F,A,A,A,H,-,A,D,0,,,Y,,Y,,-,"- ",0,1,0,0,0,0,0,0,1,"- ","- ",37.448638916015625,-118.349609375,INYO,UNINCORPORATED,-118.34956359863281,37.448638916015625
91284778,2020,2020-08-12,9825,2020-08-10,2307,020125,,1,3,9,1400,0,3,5,,2,040,"BIR RD","BARLOW LN",726.00,S,N,A,-,N,,,,,,,,,,Y,4,0,1,1,A,-,01,23152,A,N,E,I,A,A,H,-,D,D,0,,,,,Y,Y,A,07,0,0,1,0,0,0,0,0,0,"- ","- ",37.336151123046875,-118.42397308349609,INYO,UNINCORPORATED,-118.42401885986328,37.336277008056641
91285518,2020,2020-08-13,9825,2020-08-12,0857,018685,,3,1,9,1400,0,2,4,,2,073,"SCOTTY'S CASTLE RD.","DAYLIGHT PASS RD",50160.00,N,N,A,-,N,,,,,,,,,,Y,2,0,1,1,A,-,08,22107,,N,F,A,A,A,H,-,A,D,0,,,,,Y,,A,08,1,0,0,0,0,0,0,0,0,"- ","- ",36.756278991699219,-117.13327789306641,INYO,UNINCORPORATED,,
91286364,2020,2020-08-14,9825,2020-08-08,1045,017941,,6,1,9,1400,0,2,4,,2,074,"DANTES VIEW ROAD","STATE ROUTE 190",68640.00,S,N,A,-,N,,,,,,,,,,Y,3,0,1,1,A,-,13,22515,A,N,E,I,A,A,H,-,A,D,0,,,,,Y,,A,08,0,1,0,0,0,0,0,0,0,"- ","- ",36.220500946044922,-116.72651672363281,INYO,UNINCORPORATED,-116.72478485107422,36.221519470214844
91287628,2020,2020-10-20,9825,2020-07-26,1305,017035,,7,1,9,1400,0,1,3,,1,011,SR-168,"STARLIGHT ROAD",9504.00,W,N,A,-,Y,,,168,,,,,,,Y,2,0,2,1,C,-,18,,,N,E,I,A,A,H,-,A,D,0,,,,,Y,,-,"- ",1,0,1,0,0,0,0,0,0,"- ","- ",37.315029144287109,-118.5184326171875,INYO,UNINCORPORATED,-118.51846313476562,37.315044403076172
91291187,2020,2020-08-24,9825,2020-08-18,0920,016784,,2,1,9,1400,0,1,3,,2,016,SR-190,"SALINE VALLEY RD",4752.00,E,N,A,-,Y,,,,,,,,,,Y,2,0,2,2,A,-,08,22107,,N,D,C,A,A,H,-,A,D,0,,,Y,,Y,,C,02,1,1,0,0,0,0,0,0,2,"- ","- ",36.2218017578125,-117.36441040039062,INYO,UNINCORPORATED,-117.61266326904297,36.371578216552734
91293102,2020,2020-08-26,9825,2020-08-24,1300,017072,,1,1,9,1400,0,1,3,,1,019,SR-127,"NEVADA STATE LINE",12672.00,S,N,A,-,Y,,,,,,,,,,Y,3,0,1,1,A,-,08,22107,,N,F,A,A,A,H,-,A,D,0,,,,,Y,,A,07,0,1,0,0,0,0,0,0,0,"- ","- ",36.232398986816406,-116.25199890136719,INYO,UNINCORPORATED,-116.43232727050781,36.271083831787109
91295216,2020,2020-08-28,9825,2020-08-26,0850,016784,,3,1,9,1400,0,1,3,,1,015,SR-136,"DOLOMITE LOOP",236.00,E,N,A,-,Y,,,,,,,,,,Y,4,0,1,1,A,-,08,22107,,N,F,A,A,A,H,-,A,D,0,,,,,Y,,A,01,0,0,1,0,0,0,0,0,0,"- ","- ",36.322509765625,-117.55500793457031,INYO,UNINCORPORATED,-117.99640655517578,36.573867797851562
91296298,2020,2020-08-31,9825,2020-08-22,0345,020118,,6,3,9,1400,0,1,2,,1,006,US-395,"LACEY LANE",2640.00,N,N,A,-,Y,,,395,,,,,,,Y,4,0,1,2,A,-,08,22107,,N,B,C,A,A,H,-,D,D,0,,,,Y,Y,,A,01,0,0,1,0,0,0,0,0,0,"- ","- ",36.296768188476562,-118.01918029785156,INYO,UNINCORPORATED,-118.01921081542969,36.296756744384766
91299502,2020,2020-09-04,9825,2020-08-30,0225,021400,,7,3,9,1400,0,3,5,,2,040,"STARLITE DRIVE",SR-168,491.00,N,N,A,-,N,,,,,,,,,,Y,4,0,2,1,A,-,08,22107,,N,E,I,A,A,H,-,D,D,0,,,,,Y,,A,01,0,0,2,0,0,0,0,0,0,"- ","- ",37.333419799804688,-118.52294158935547,INYO,UNINCORPORATED,-118.52301788330078,37.333229064941406
91300217,2020,2020-09-08,9825,2020-08-26,2049,020736,,3,2,9,1400,0,1,2,,1,007,US-395,"GILL STATION COSO RD",0.00,,Y,A,-,Y,,,395,,,,,,,Y,3,0,1,2,A,-,09,21802,A,N,D,C,A,A,H,-,C,A,0,,,,,Y,,D,22,0,1,0,0,0,0,0,0,0,"- ","- ",36.045841217041016,-117.94751739501953,INYO,UNINCORPORATED,-117.94722747802734,36.045932769775391
91300811,2020,2020-09-08,9825,2020-07-23,0800,017941,,4,1,9,1400,0,1,3,,1,019,"STATE ROUTE 127","THE OLD SPANISH TRAIL HIGHWAY",2112.00,S,N,A,-,Y,,,127,,,,,,,Y,1,1,0,1,A,-,08,22107,,N,F,A,A,A,H,-,A,D,0,,,,,Y,,A,07,0,0,0,0,0,0,0,0,0,"- ","- ",35.868621826171875,-116.29463195800781,INYO,UNINCORPORATED,-116.29463958740234,35.868679046630859
91301518,2020,2020-09-09,9825,2020-08-31,0309,021411,,1,3,9,1400,0,1,2,,1,004,"US HWY 395 N-BOUND","ELNA ROAD",8501.00,S,N,A,-,Y,,,395,,,,,,N,Y,2,0,1,1,A,-,01,23152,A,N,E,I,A,A,H,-,D,D,0,,,,,Y,Y,A,01,1,0,0,0,0,0,0,0,0,"- ","- ",37.028171539306641,-118.23117828369141,INYO,UNINCORPORATED,-118.23096466064453,37.028194427490234
91305154,2020,2020-09-15,9825,2020-09-10,1345,015522,,4,1,9,1400,0,3,5,,2,040,"SUNLAND INDIAN RESERVATION ROAD","SUNLAND DRIVE",2640.00,W,N,A,-,N,,,,,,,,,,Y,3,0,1,1,A,-,01,23152,A,N,E,I,A,A,H,-,A,A,0,,,,,Y,Y,D,22,0,1,0,0,0,0,0,0,0,"- ","- ",37.336021423339844,-118.41368865966797,INYO,UNINCORPORATED,-118.41363525390625,37.335952758789062
91305677,2020,2020-09-16,9825,2020-09-09,1455,017072,,3,2,9,1400,0,2,4,,2,052,"OLD SPANISH TRAIL HWY","ROSE AVE",0.00,,Y,A,-,N,,,,,,,,,,N,2,0,1,2,A,-,09,21800,A,N,B,C,A,A,H,-,A,D,0,,,Y,,Y,,A,07,1,0,0,0,0,0,0,0,1,"- ","- ",35.581798553466797,-115.53575897216797,INYO,UNINCORPORATED,-115.89951324462891,35.971900939941406
91306760,2020,2020-09-17,9825,2020-09-17,0515,017941,,4,3,9,1400,0,2,4,,2,051,"STATE LINE ROAD","THE NEVADA STATE LINE",21120.00,W,N,A,-,N,,,,,,,,,,Y,3,0,1,1,A,-,08,22107,,N,F,A,A,A,H,-,D,D,0,,,,,Y,,A,01,0,1,0,0,0,0,0,0,0,"- ","- ",36.311321258544922,-116.39640808105469,INYO,UNINCORPORATED,-116.396424,36.311338999999997
91306777,2020,2020-09-17,9825,2020-09-07,1943,020736,,1,2,9,1400,0,1,2,,1,006,US-395,"ASH CREEK ROAD",1584.00,S,N,F,-,Y,,,395,,,,,,,Y,2,0,1,3,A,-,03,22350,,N,C,C,A,A,H,-,B,D,0,,,,,Y,,A,07,1,0,0,0,0,0,0,0,0,"- ","- ",36.352840423583984,-118.02346038818359,INYO,UNINCORPORATED,-118.02337646484375,36.352848052978516
91307393,2020,2020-09-18,9825,2020-09-09,1500,022390,,3,2,9,1400,0,1,3,,2,016,SR-190,"PANAMINT VALLEY RD",44880.00,E,N,A,-,Y,,,190,,,,,,,Y,2,0,4,1,A,-,03,22350,,N,E,I,A,A,H,-,A,D,0,,,,,Y,,A,01,2,2,0,0,0,0,0,0,0,"- ","- ",36.369640350341797,-117.28629302978516,INYO,UNINCORPORATED,-117.28620910644531,36.369590759277344
91307911,2020,2020-09-21,9825,2020-09-13,1445,020736,,7,2,9,1400,0,3,5,,2,060,"MOVIE ROAD","MOFFAT RANCH RD",8448.00,S,N,A,-,N,,,,,,,,,,Y,4,0,1,1,A,-,08,22107,,N,F,A,A,A,G,-,A,D,0,,,,,Y,,A,07,0,0,1,0,0,0,0,0,0,"- ","- ",36.635429382324219,-118.12442779541016,INYO,UNINCORPORATED,-118.12440490722656,36.635379791259766
91312323,2020,2020-09-25,9825,2020-09-22,1113,020118,,2,1,9,1400,0,1,2,,1,006,US-395,"WALKER CREEK RD",870.00,N,N,A,-,Y,,,395,,,,,,,Y,3,0,1,2,A,-,08,22107,,N,B,C,A,A,H,-,A,D,0,,,,,Y,,A,01,0,1,0,0,0,0,0,0,0,"- ","- ",36.262741088867188,-117.99669647216797,INYO,UNINCORPORATED,-117.99674224853516,36.262722015380859
91312894,2020,2020-09-28,9825,2020-09-19,1445,020736,,6,2,9,1400,0,1,3,,1,015,SR-136,"DOLOMITE LOOP",1003.00,E,N,A,-,Y,,,136,,,,,,,Y,3,0,1,1,A,-,08,22107,,N,F,A,A,A,D,H,A,D,0,,,,,Y,,B,08,0,1,0,0,0,0,0,0,0,"- ","- ",36.538700103759766,-117.92865753173828,INYO,UNINCORPORATED,-117.92862701416016,36.538734436035156
91316526,2020,2020-10-02,9825,2020-10-01,0547,020118,,4,3,9,1400,0,1,2,,1,007,"S/B US-395","GILL STATION COSO RD",8448.00,S,N,A,-,Y,,,395,,,,,,,Y,3,0,1,1,A,-,08,22107,,N,F,A,A,A,H,-,D,D,0,,,,,Y,,A,01,0,1,0,0,0,0,0,0,0,"- ","- ",36.022731781005859,-117.94081878662109,INYO,UNINCORPORATED,-117.94069671630859,36.02276611328125
91319187,2020,2020-10-07,9825,2020-10-03,1215,017941,,6,1,9,1400,0,2,4,,2,052,"THE OLD SPANISH TRAIL HIGHWAY","TECOPA HOT SPRINGS RD",63360.00,E,N,A,-,N,,,,,,,,,,Y,2,0,1,1,A,-,08,22107,,N,F,A,A,A,H,-,A,D,0,,,Y,,Y,,C,02,1,0,0,0,0,0,0,0,1,"- ","- ",35.886581420898438,-116.06861877441406,INYO,UNINCORPORATED,,
91322746,2020,2020-10-13,9825,2020-10-12,1655,020530,,1,2,9,1400,0,3,5,,2,040,"SILVER CANYON RD",US-6,10032.00,E,N,A,-,N,,,,,,,,,,N,2,0,1,1,A,-,03,22350,,N,F,A,A,D,B,G,A,D,0,,,Y,,Y,,C,02,1,0,0,0,0,0,0,0,1,"- ","- ",37.404628753662109,-118.31817626953125,INYO,UNINCORPORATED,-118.31877899169922,37.404361724853516
91323688,2020,2020-10-14,9825,2020-10-07,1843,020118,,3,2,9,1400,0,1,2,,1,006,US-395,"WHITNEY ST",4224.00,N,N,A,-,Y,,,395,,,,,,,Y,3,0,1,2,A,-,05,21460,C,N,B,C,A,A,H,-,B,D,0,,,,,Y,,A,01,0,1,0,0,0,0,0,0,0,"- ","- ",36.333900451660156,-118.02158355712891,INYO,UNINCORPORATED,-118.02152252197266,36.333873748779297
91323724,2020,2020-10-14,9825,2020-10-07,2258,020118,,3,3,9,1400,0,1,2,,1,006,US-395,"FALL RD",528.00,S,N,A,-,Y,,,395,,,,,,,Y,3,0,4,3,A,-,08,22107,,N,D,E,A,A,H,-,D,D,0,,,,Y,Y,,D,22,0,2,2,0,0,0,0,0,0,"- ","- ",36.272678375244141,-118.00164031982422,INYO,UNINCORPORATED,-118.00154876708984,36.272720336914062
91323894,2020,2020-10-14,9825,2020-10-07,1100,016119,,3,1,9,1400,0,3,5,,2,040,"WHITE MOUNTAIN ROAD",SR-168,32736.00,N,N,A,-,N,,,,,,,,,,Y,4,0,1,1,A,-,08,22107,,N,F,A,A,A,H,-,A,D,0,,,Y,,Y,,C,02,0,0,1,0,0,0,0,0,1,"- ","- ",37.345249176025391,-118.18393707275391,INYO,UNINCORPORATED,-118.18521118164062,37.337661743164062
91325338,2020,2020-10-16,9825,2020-10-15,1430,017072,,4,2,9,1400,0,3,5,,2,050,"WEST SIDE RD","BADWATER RD",5438.00,W,N,A,-,N,,,,,,,,,,N,2,0,1,1,A,-,08,22107,,N,F,A,A,A,H,-,A,D,0,,,Y,,Y,,C,02,1,0,0,0,0,0,0,0,1,"- ","- ",35.560798645019531,-116.43199920654297,INYO,UNINCORPORATED,-116.85432434082031,36.353191375732422
91326081,2020,2020-10-19,9825,2020-10-12,1740,018685,,1,2,9,1400,0,1,3,,1,018,SR-190,"FURNACE CREEK WASH RD",27456.00,E,N,A,-,Y,,,190,,,,,,,Y,3,0,1,1,A,-,08,22107,,N,E,I,A,A,H,-,A,D,0,,,,,Y,,A,08,0,1,0,0,0,0,0,0,0,"- ","- ",36.353359222412109,-116.64259338378906,INYO,UNINCORPORATED,-116.64260101318359,36.353343963623047
91333209,2020,2020-10-28,9825,2020-10-19,0755,015522,,1,1,9,1400,0,1,3,,1,012,SR-168,"DEATH VALLEY ROAD",14256.00,E,N,A,-,Y,,,168,,,,,,,Y,2,0,2,1,A,-,03,22350,,N,E,I,A,A,H,-,A,A,0,,,,Y,Y,,G,25,2,0,0,0,0,0,0,0,0,"- ","- ",37.216739654541016,-118.23175048828125,INYO,UNINCORPORATED,-118.23177337646484,37.216796875
91334250,2020,2020-10-29,9825,2020-10-21,2143,020118,,3,2,9,1400,0,1,3,,2,016,"SR-190 E/B","PANAMINT VALLEY ROAD",22704.00,E,N,A,-,Y,,,190,,,,,,E,Y,2,0,1,1,A,-,01,23152,A,N,E,I,A,A,H,-,D,D,0,,,,,Y,Y,D,22,1,0,0,0,0,0,0,0,0,"- ","- ",36.345169067382812,-117.34661865234375,INYO,UNINCORPORATED,-117.34662628173828,36.345207214355469
91337928,2020,2020-11-03,9825,2020-10-27,0600,017072,,2,1,9,1400,0,1,3,,1,018,SR-190,SR-127,0.00,,Y,A,-,Y,,,,,,,,,,Y,2,0,1,1,A,-,12,22450,A,N,E,I,A,A,H,-,B,A,0,,,,,Y,,A,01,1,0,0,0,0,0,0,0,0,"- ","- ",36.18170166015625,-116.24530029296875,INYO,UNINCORPORATED,-116.41520690917969,36.304618835449219
91340970,2020,2020-12-21,9825,2020-09-08,0705,022390,,2,1,9,1400,0,1,3,,2,016,SR-190,SR-136,11088.00,E,N,A,-,Y,,,190,,,,,,,Y,1,1,1,1,A,-,08,22107,,N,E,J,A,A,H,-,A,D,0,,,,,Y,,A,01,1,0,0,0,0,0,0,0,0,"- ","- ",36.401870727539062,-117.80925750732422,INYO,UNINCORPORATED,-117.80941009521484,36.401832580566406
91340980,2020,2021-02-03,9825,2020-08-01,0345,020736,,6,3,9,1400,0,1,2,,1,006,US-395,"LOCUST ST.",246.00,N,N,A,-,Y,,,395,,,,,,,Y,1,1,0,1,A,-,08,22107,,N,E,I,A,A,H,-,C,A,0,,,,Y,Y,,G,25,0,0,0,0,0,0,0,0,0,"- ","- ",36.608318328857422,-118.06482696533203,INYO,UNINCORPORATED,-118.06475067138672,36.608352661132812
91345068,2020,2020-11-13,9825,2020-11-11,1150,017072,,3,1,9,1400,0,1,3,,1,019,SR-127,"FURNACE CREEK WASH RD",6019.00,N,N,A,-,Y,,,,,,,,,,Y,2,0,3,1,A,-,08,22107,,N,E,I,A,A,H,-,A,D,0,,,,,Y,,A,01,2,1,0,0,0,0,0,0,0,"- ","- ",35.5458984375,-116.16000366210938,INYO,UNINCORPORATED,,
91345995,2020,2020-11-16,9825,2020-11-13,1635,018685,,5,2,9,1400,0,1,3,,2,017,SR-190,"WILDROSE RD",32208.00,W,N,A,-,Y,,,,,,,,,,Y,2,0,1,1,A,-,08,22107,,N,F,A,A,A,H,-,A,D,0,,,,,Y,,A,07,1,0,0,0,0,0,0,0,0,"- ","- ",,,INYO,UNINCORPORATED,-117.27111053466797,36.418540954589844
91350614,2020,2020-11-20,9825,2020-11-11,1640,019814,,3,2,9,1400,0,1,2,,1,010,US-6,"SILVER CANYON RD",0.00,,Y,A,-,Y,,,6,,,,,,,Y,4,0,1,2,A,-,09,21802,A,N,D,C,A,A,H,-,A,A,0,,,,,Y,,A,01,0,0,1,0,0,0,0,0,0,"- ","- ",37.399971008300781,-118.35238647460938,INYO,UNINCORPORATED,-118.35240936279297,37.400001525878906
91351290,2020,2020-11-23,9825,2020-11-21,2023,018685,,6,2,9,1400,0,1,3,,2,020,SR-178,"STEWART VALLEY RD",10032.00,W,N,A,-,Y,,,178,,,,,,,Y,3,0,2,1,A,-,08,22107,,N,F,A,A,A,H,-,A,D,0,,,,,Y,,A,01,0,2,0,0,0,0,0,0,0,"- ","- ",36.138370513916016,-116.16880798339844,INYO,UNINCORPORATED,-116.16829681396484,36.138042449951172
91358305,2020,2020-12-21,9825,2020-10-18,1639,20736,,7,2,9,1400,0,1,2,,1,007,US-395,"GILL STATION COSO ROAD",0.00,,Y,A,-,Y,,,395,,,,,,,Y,1,2,6,2,A,-,09,21802,A,N,D,C,A,A,H,-,A,A,0,,,,,Y,,A,07,3,2,1,0,0,0,0,0,0,"- ","- ",36.045799255371094,-117.94721221923828,INYO,UNINCORPORATED,-117.94718933105469,36.045806884765625
91358307,2020,2020-12-21,9825,2020-09-01,1742,020118,,2,2,9,1400,0,1,2,,1,007,"US-395 N/B","GILL STATION COSO ROAD",4224.00,S,N,A,-,Y,,,395,,,,,,N,Y,1,1,3,1,A,-,08,22107,,N,F,A,A,A,H,-,A,D,0,,,,,Y,,A,07,2,1,0,0,0,0,0,0,0,"- ","- ",36.03369140625,-117.94331359863281,INYO,UNINCORPORATED,-117.94332122802734,36.033687591552734
91359298,2020,2020-12-04,9825,2020-11-26,2220,022390,,4,3,9,1400,0,2,4,,2,078,"TRONA WILDROSE RD","BALLARAT RD",4224.00,N,N,A,-,N,,,,,,,,,,Y,3,0,1,1,A,-,08,22107,,N,E,I,A,A,H,-,D,D,0,,,,,Y,,A,01,0,1,0,0,0,0,0,0,0,"- ","- ",36.045200347900391,-117.27948760986328,INYO,UNINCORPORATED,-117.27939605712891,36.045089721679688
91369492,2020,2020-12-17,9825,2020-12-14,0530,017072,,1,3,9,1400,0,1,3,,2,017,SR-190,"BEATTY CUT OFF ROAD",792.00,E,N,A,-,Y,,,,,,,,,,Y,2,0,2,1,A,-,08,22107,,N,E,I,A,A,H,-,D,D,0,,,,,Y,,A,01,2,0,0,0,0,0,0,0,0,"- ","- ",36.351200103759766,-116.56269836425781,INYO,UNINCORPORATED,,
91375590,2020,2020-12-28,9825,2020-12-22,2215,017072,,2,3,9,1400,0,1,3,,1,019,SR-127,"CLAY RD",16368.00,S,N,A,-,Y,,,,,,,,,,Y,3,0,3,1,A,-,01,23152,A,N,E,I,A,A,H,-,D,D,0,,,,,Y,Y,A,01,0,3,0,0,0,0,0,0,0,"- ","- ",36.203998565673828,-116.25229644775391,INYO,UNINCORPORATED,-116.42285919189453,36.354778289794922
91378270,2020,2020-12-30,9825,2020-12-28,2200,017072,,1,3,9,1400,0,2,4,,2,052,"OLD SPANISH TRAIL HWY","MESQUITE VALLEY RD",11246.00,W,N,B,-,N,,,,,,,,,,Y,3,0,1,1,A,-,08,22107,,N,F,A,A,B,H,-,D,D,0,,,,,Y,,A,07,0,1,0,0,0,0,0,0,0,"- ","- ",35.530101776123047,-116.03220367431641,INYO,UNINCORPORATED,-116.00289154052734,35.942100524902344
91379990,2020,2021-01-04,9825,2020-12-27,2045,020183,,7,2,9,1400,0,3,5,,2,040,"GUS CASHBAUGH LN",US-395,2640.00,E,N,B,-,N,,,,,,,,,,Y,3,0,2,1,A,-,08,22107,,N,E,I,A,A,H,-,D,D,0,,,,,Y,,D,22,0,2,0,0,0,0,0,0,0,"- ","- ",37.346881866455078,-118.38524627685547,INYO,UNINCORPORATED,,
91380745,2020,2021-01-05,9825,2020-12-27,1315,015522,,7,1,9,1400,0,3,5,,2,040,"SUNLAND DRIVE","GERKIN RD",3168.00,W,N,B,-,N,,,,,,,,,,Y,3,0,1,1,A,-,01,23152,A,N,F,A,A,A,H,-,A,A,0,,,,,Y,Y,A,07,0,1,0,0,0,0,0,0,0,"- ","- ",37.317909240722656,-118.40151977539062,INYO,UNINCORPORATED,-118.40146636962891,37.317913055419922
91382694,2020,2021-01-06,9825,2020-12-31,1315,017072,,4,1,9,1400,0,1,3,,2,017,SR-190,"EMIGRANT CANYON RD",1006.00,E,N,A,-,Y,,,,,,,,,,Y,2,0,1,2,A,-,09,21801,A,N,E,I,A,A,H,-,A,D,0,,,,,Y,,A,01,1,0,0,0,0,0,0,0,0,"- ","- ",36.295101165771484,-117.13369750976562,INYO,UNINCORPORATED,,
91389169,2021,2021-01-18,9825,2021-01-09,2310,020125,,6,3,9,1400,0,3,5,,2,040,"NORTH ROUND VALLEY RD","OCEAN VIEW RD",74.00,N,N,A,-,N,,,,,,,,,,Y,3,0,1,1,A,-,01,23152,A,N,E,I,A,A,H,-,D,D,0,,,,,Y,Y,A,01,0,1,0,0,0,0,0,0,0,"- ","- ",37.432201385498047,-118.59101104736328,INYO,UNINCORPORATED,-118.59101104736328,37.432353973388672
91392887,2021,2021-01-22,9825,2021-01-17,1405,016119,,7,2,9,1400,0,3,5,,2,040,"BIRCHIM LANE","OLD SHERWIN GRADE ROAD",6864.00,W,N,A,-,N,,,,,,,,,,Y,3,0,1,1,A,-,08,22107,,N,E,I,A,A,H,-,A,D,0,,,,,Y,,A,07,0,1,0,0,0,0,0,0,0,"- ","- ",37.433738708496094,-118.5860595703125,INYO,UNINCORPORATED,-118.59102630615234,37.433990478515625
91393360,2021,2021-01-25,9825,2021-01-16,1050,016119,,6,1,9,1400,0,3,5,,2,040,"MCMURRY MEADOWS ROAD","GLACIER LODGE ROAD",7920.00,S,N,A,-,N,,,,,,,,,,N,3,0,2,1,A,-,03,22350,,N,H,A,A,A,H,-,A,D,0,,,,,Y,,D,22,0,1,1,0,0,0,0,0,0,"- ","- ",37.123458862304688,-118.32562255859375,INYO,UNINCORPORATED,-118.32537078857422,37.126152038574219
91400741,2021,2021-02-02,9825,2021-01-28,1035,016631,,4,1,9,1400,0,1,2,,2,001,"US-395 S/B","ED POWERS ROAD",4752.00,S,N,D,E,Y,,,395,,,,,,S,Y,3,0,1,1,A,-,03,22350,,N,E,J,A,C,H,-,A,D,0,,,,,Y,,A,01,0,1,0,0,0,0,0,0,0,"- ","- ",37.375999450683594,-118.46186065673828,INYO,UNINCORPORATED,-118.46187591552734,37.375865936279297
91401886,2021,2021-02-03,9825,2021-02-02,0935,017072,,2,1,9,1400,0,1,3,,2,020,SR-178,SR-127,9979.00,E,N,A,-,Y,,,,,,,,,,Y,3,0,2,1,A,-,08,22107,,N,F,A,A,A,H,-,A,D,0,,,,,Y,,A,01,0,2,0,0,0,0,0,0,0,"- ","- ",35.590099334716797,-116.14450073242188,INYO,UNINCORPORATED,-116.26721954345703,35.9715576171875
91409378,2021,2021-02-16,9825,2021-02-14,1145,022390,,7,1,9,1400,0,1,2,,1,007,US-395,DUNMOVIN,6864.00,S,N,A,-,Y,,,395,,,,,,,Y,3,0,1,1,A,-,08,22107,,N,E,I,A,A,H,-,A,D,0,,,,,Y,,D,22,0,1,0,0,0,0,0,0,0,"- ","- ",36.068901062011719,-117.95491027832031,INYO,UNINCORPORATED,-117.95461273193359,36.068992614746094
91409846,2021,2021-02-22,9825,2021-02-16,0245,017072,,2,3,9,1400,0,1,3,,1,018,SR-190,"SLAB CITY ROAD",179.00,W,N,A,-,Y,,,,,,,,,,Y,3,0,1,1,A,-,08,22107,,N,F,A,A,A,H,-,D,D,0,,,,,Y,,A,01,0,1,0,0,0,0,0,0,0,"- ","- ",36.202701568603516,-116.35549926757812,INYO,UNINCORPORATED,,
91412860,2021,2021-02-22,9825,2021-02-21,0330,018685,,7,3,9,1400,0,2,4,,2,075,"DAYLIGHT PASS RD","BEATTY CUTOFF RD",28512.00,E,N,A,-,N,,,,,,,,,,Y,4,0,1,1,A,-,08,22107,,N,E,I,A,A,H,-,D,D,0,,,,,Y,,A,01,0,0,1,0,0,0,0,0,0,"- ","- ",36.776039123535156,-116.93316650390625,INYO,UNINCORPORATED,-116.933094,36.776046999999998
91420658,2021,2021-03-04,9825,2021-02-27,1415,017941,,6,2,9,1400,0,2,4,,2,072,"BADWATER RD","STATE ROUTE 190",95040.00,S,N,A,G,N,,,,,,,,,,Y,2,0,1,1,A,-,08,22107,,N,F,A,A,A,H,-,A,D,0,,,Y,,Y,,C,02,1,0,0,0,0,0,0,0,1,"- ","- ",36.212909698486328,-116.77371215820312,INYO,UNINCORPORATED,-116.77344512939453,36.217033386230469
91424684,2021,2021-03-10,9825,2021-03-02,1915,015522,,2,2,9,1400,0,1,2,,1,003,US-395,"KEOUGH HOT SPRINGS ROAD",11880.00,S,N,A,-,Y,,,395,,,,,,,Y,2,0,1,2,A,-,03,22350,,N,C,C,A,A,H,-,D,D,0,,,,Y,Y,,D,23,1,0,0,0,0,0,0,0,0,"- ","- ",37.228641510009766,-118.34468078613281,INYO,UNINCORPORATED,-118.34470367431641,37.228614807128906
91425023,2021,2021-03-11,9825,2021-03-02,0805,017057,,2,1,9,1400,0,1,3,,1,011,SR-168W,"SEE VEE LN",528.00,E,N,A,-,Y,,,168,,,,,,,Y,4,0,1,2,A,-,03,22350,,N,C,C,A,A,H,-,A,A,0,,,,,Y,,A,01,0,0,1,0,0,0,0,0,0,"- ","- ",37.361370086669922,-118.41246032714844,INYO,UNINCORPORATED,-118.41246032714844,37.361351013183594
91425090,2021,2021-03-11,9825,2021-03-07,0958,018685,,7,1,9,1400,0,1,3,,2,017,SR-190,"COW CREEK RD",25344.00,W,N,A,-,Y,,,,,,,,,,Y,4,0,3,1,A,-,08,22107,,N,E,I,A,A,H,-,A,D,0,,,,,Y,,A,01,0,0,3,0,0,0,0,0,0,"- ","- ",,,INYO,UNINCORPORATED,-116.90596008300781,36.562515258789062
91427075,2021,2021-03-15,9825,2021-03-13,1330,020530,,6,1,9,1400,0,3,5,,2,040,"BAKER CREEK RD","COUNTY RD.",2640.00,S,N,A,-,N,,,,,,,,,,N,4,0,1,1,A,-,08,22107,,N,F,A,A,A,H,-,A,D,0,,,Y,,Y,,C,02,0,0,1,0,0,0,0,0,1,"- ","- ",36.168361663818359,-118.30967712402344,INYO,UNINCORPORATED,,
91428217,2021,2021-03-16,9825,2021-03-06,0115,020125,,6,3,9,1400,0,1,2,,2,002,"US 395","PA HA LN.",582.00,S,N,A,-,Y,,,,,,,,,,N,2,0,2,3,A,-,11,21956,A,N,G,B,E,A,H,-,D,D,0,Y,,,,Y,Y,N,60,1,1,0,0,2,0,0,0,0,"- ","- ",37.375831604003906,-118.42709350585938,INYO,UNINCORPORATED,-118.42752075195312,37.375839233398438
91432045,2021,2021-03-22,9825,2021-03-18,0054,020118,,4,3,9,1400,0,3,5,,2,060,"ONION VALLEY ROAD","FOOTHILL ROAD",7920.00,W,N,A,-,N,,,,,,,,,,Y,2,0,1,1,A,-,08,22107,,N,F,A,A,A,H,-,D,D,0,,,,,Y,,A,07,1,0,0,0,0,0,0,0,0,"- ","- ",36.780479431152344,-118.28938293457031,INYO,UNINCORPORATED,-118.28856658935547,36.780723571777344
91439222,2021,2021-03-30,9825,2021-03-23,1430,017072,,2,2,9,1400,0,1,3,,1,018,SR-190,"HARMONY BORAX MILL RD",729.00,W,N,G,-,Y,,,,,,,,,,N,2,0,1,1,A,-,08,22107,,N,F,A,A,A,H,-,A,D,0,,Y,,,Y,,L,04,1,0,0,0,0,0,1,0,0,"- ","- ",36.285301208496094,-116.52149963378906,INYO,UNINCORPORATED,,
91447001,2021,2021-04-09,9825,2021-04-02,0230,020125,,5,3,9,1400,0,3,5,,2,040,"SUNLAND DR","SCHOEBER LN",1584.00,S,N,A,-,N,,,,,,,,,,Y,3,0,1,1,A,-,08,22107,,M,E,I,A,A,H,-,D,D,0,,,,,Y,Y,A,01,0,1,0,0,0,0,0,0,0,"- ","- ",37.341228485107422,-118.40442657470703,INYO,UNINCORPORATED,-118.40454864501953,37.342395782470703
91449718,2021,2021-04-13,9825,2021-04-06,1139,016173,Bisho,2,1,9,1400,0,2,4,,2,021,"S. PA HA LANE",SR-168,48.00,S,N,A,-,N,,,,,,,,,,Y,4,0,1,1,A,-,01,23152,F,N,E,I,A,A,H,-,A,D,0,,,,,Y,,A,01,0,0,1,0,0,0,0,0,0,"- ","- ",37.361228942871094,-118.427490234375,INYO,UNINCORPORATED,-118.42753601074219,37.361186981201172
91449768,2021,2021-04-13,9825,2021-04-12,0855,017035,,1,1,9,1400,0,3,5,,2,040,"WARM SPRINGS RD","A DITCH CANAL BRIDGE",10.00,E,N,A,-,N,,,,,,,,,,Y,2,0,1,1,A,-,08,22107,,N,E,I,A,A,H,-,A,D,0,,,,,Y,,A,08,1,0,0,0,0,0,0,0,0,"- ","- ",37.325248718261719,-118.37716674804688,INYO,UNINCORPORATED,,
91451480,2021,2021-04-15,9825,2021-04-13,1330,017072,,2,1,9,1400,0,3,5,,2,050,"CHINA RANCH RD","FURNACE CREEK RD",5808.00,S,N,A,-,N,,,,,,,,,,N,2,0,1,1,A,-,03,22350,,N,F,A,A,A,H,-,A,D,0,,,Y,,Y,,C,02,1,0,0,0,0,0,0,0,1,"- ","- ",35.484298706054688,-116.11160278320312,INYO,UNINCORPORATED,-116.18800354003906,35.812046051025391
91455902,2021,2021-04-22,9825,2021-04-15,1520,017072,,4,2,9,1400,0,1,3,,1,018,SR-190,"TWENTY MULE TEAM RD",0.00,,Y,A,-,Y,,,,,,,,,,Y,3,0,1,3,A,-,03,22350,,N,C,C,A,A,H,-,A,D,0,,,,,Y,,J,48,0,1,0,0,0,0,0,0,0,"- ","- ",36.243400573730469,-116.4739990234375,INYO,UNINCORPORATED,,
91458093,2021,2021-04-26,9825,2021-04-20,1230,017072,,2,1,9,1400,0,3,5,,2,050,"ARTISTS DR","ARTIST PALLET RD",8870.00,S,N,B,-,N,,,,,,,,,,Y,2,0,1,1,A,-,08,22107,,N,F,A,A,A,H,-,A,D,0,,,Y,,Y,,C,02,1,0,0,0,0,0,0,0,1,"- ","- ",36.203601837158203,-116.47370147705078,INYO,UNINCORPORATED,-116.79396057128906,36.344467163085938
91459654,2021,2021-05-10,9825,2021-04-17,0210,022270,,6,3,9,1400,0,3,5,,2,040,"PA ME LN","BIRCH ST",17.00,S,N,A,-,N,,,,,,,,,,Y,3,0,1,1,A,-,01,23152,A,N,E,I,A,A,H,-,D,D,0,,,,,Y,Y,A,01,0,1,0,0,0,0,0,0,0,"- ","- ",37.359691619873047,-118.43212127685547,INYO,UNINCORPORATED,-118.43206024169922,37.359691619873047
91460698,2021,2021-04-28,9825,2021-04-16,0620,016119,,5,1,9,1400,0,1,2,,2,001,"US 395","GORGE ROAD",1056.00,S,N,A,-,Y,,,,,,,,,,Y,2,0,1,1,A,-,08,22107,,N,E,I,A,A,H,-,A,D,0,,,,,Y,,A,01,1,0,0,0,0,0,0,0,0,"- ","- ",37.439739227294922,-118.50739288330078,INYO,UNINCORPORATED,-118.57175445556641,37.442920684814453
91465030,2021,2021-05-04,9825,2021-04-22,2314,020125,,4,3,9,1400,0,1,2,,2,001,US-395,"PA HA LN",528.00,S,N,A,-,Y,,,395,,,,,,,Y,3,0,1,1,A,-,01,23152,A,N,E,I,A,A,H,-,C,D,0,,,,,Y,Y,A,01,0,1,0,0,0,0,0,0,0,"- ","- ",37.375930786132812,-118.42617797851562,INYO,UNINCORPORATED,-118.42617797851562,37.375885009765625
91468797,2021,2021-05-10,9825,2021-05-02,1000,020736,,7,1,9,1400,0,1,2,,1,007,US-395,"HAIWEE CANYON RD",3168.00,N,N,A,G,Y,,,395,,,,,,,Y,2,0,4,1,A,-,03,22350,,N,F,A,A,A,G,-,A,A,0,,,,,Y,,E,22,1,2,1,0,0,0,0,0,0,"- ","- ",36.163318634033203,-117.97709655761719,INYO,UNINCORPORATED,-117.97714996337891,36.163307189941406
91469942,2021,2021-05-11,9825,2021-05-06,0422,020125,,4,3,9,1400,0,1,2,,2,001,"US-395 S/B","GORGE RD.",1056.00,S,N,A,-,Y,,,395,,,,,,S,Y,3,0,1,1,A,-,08,22107,,N,E,J,A,A,H,-,D,D,0,,,,,Y,,A,07,0,1,0,0,0,0,0,0,0,"- ","- ",37.442920684814453,-118.57228088378906,INYO,UNINCORPORATED,-118.57218170166016,37.442947387695312
91472497,2021,2021-05-13,9825,2021-05-10,1551,020118,,1,2,9,1400,0,1,2,,1,007,"US-395 N/B","GILL STATION COSO RD",0.00,,Y,A,-,Y,,,395,,,,,,N,Y,3,0,4,2,A,-,09,21802,A,N,D,C,A,A,H,-,A,A,0,,,,Y,Y,,A,07,0,3,1,0,0,0,0,0,0,"- ","- ",36.045799255371094,-117.94722747802734,INYO,UNINCORPORATED,-117.94718933105469,36.045814514160156
91473511,2021,2021-05-14,9825,2021-05-05,2200,021400,,3,3,9,1400,0,3,5,,2,040,"S VALLEY VIEW DRIVE","DIXON LN",165.00,S,N,A,-,N,,,,,,,,,,Y,3,0,1,3,A,-,01,23152,A,N,C,E,A,A,H,-,D,A,0,,,,,Y,Y,A,01,0,1,0,0,0,0,0,0,0,"- ","- ",37.389659881591797,-118.41457366943359,INYO,UNINCORPORATED,-118.41462707519531,37.389926910400391
91474524,2021,2021-05-17,9825,2021-05-14,1601,018685,,5,2,9,1400,0,1,3,,2,017,SR-190,"BADWATER RD",19008.00,E,N,A,-,Y,,,,,,,,,,Y,3,0,2,1,A,-,08,22107,,N,F,A,A,A,H,-,A,D,0,,,,,Y,,A,01,0,2,0,0,0,0,0,0,0,"- ","- ",,,INYO,UNINCORPORATED,-116.80825805664062,36.420475006103516
91474841,2021,2021-05-17,9825,2021-05-14,1115,018685,,5,1,9,1400,0,1,3,,2,017,SR-178,SR-127,9504.00,E,N,A,-,Y,,,,,,,,,,Y,3,0,1,1,A,-,08,22107,,N,F,A,A,A,H,-,A,D,0,,,,,Y,,D,22,0,1,0,0,0,0,0,0,0,"- ","- ",,,INYO,UNINCORPORATED,-116.26870727539062,35.972007751464844
91479649,2021,2021-05-24,9825,2021-05-17,0155,020530,,1,3,9,1400,0,3,5,,2,040,"S. BARLOW LN.","BIR RD.",80.00,N,N,B,-,N,,,,,,,,,,Y,2,0,1,1,A,-,01,23152,A,N,E,I,A,A,H,-,D,D,0,,,,,Y,Y,A,07,1,0,0,0,0,0,0,0,0,"- ","- ",37.339099884033203,-118.42275238037109,INYO,UNINCORPORATED,-118.42282104492188,37.3382568359375
91480504,2021,2021-05-24,9825,2021-04-22,1900,018925,"Big P",4,2,9,1400,0,3,5,,2,040,"BARTELL RD","CRATER ST",0.00,,Y,A,-,N,,,,,,,,,,N,2,0,3,2,A,-,12,22450,A,F,D,C,A,A,H,-,A,D,0,,,,,Y,,A,01,3,0,0,0,0,0,0,0,0,"- ","- ",37.159061431884766,-118.28491973876953,INYO,UNINCORPORATED,-118.28497314453125,37.159000396728516
91488382,2021,2021-06-03,9825,2021-05-27,1140,015522,,4,1,9,1400,0,1,3,,1,011,SR-168,"BROCKMAN LANE",54.00,W,N,A,-,Y,,,168,,,,,,,N,3,0,1,1,A,-,17,21200,,N,F,A,A,A,H,-,A,D,0,,Y,,,Y,,L,04,0,1,0,0,0,0,1,0,0,"- ","- ",37.3614501953125,-118.43108367919922,INYO,UNINCORPORATED,-118.43108367919922,37.361385345458984
91489408,2021,2021-06-04,9825,2021-05-28,1441,018685,,5,2,9,1400,0,1,3,,1,019,SR-127,"STATELINE ROAD",13728.00,S,N,A,-,Y,,,,,,,,,,Y,3,0,1,1,A,-,08,22107,,N,E,I,A,A,H,-,A,D,0,,,,,Y,,A,01,0,1,0,0,0,0,0,0,0,"- ","- ",,,INYO,UNINCORPORATED,-116.43386077880859,36.268474578857422
91492277,2021,2021-06-08,9825,2021-06-07,1815,018685,,1,2,9,1400,0,1,3,,2,020,SR-178,SR-127,9504.00,E,N,A,-,Y,,,178,,,,,,,Y,2,0,3,1,A,-,08,22107,,N,F,A,A,A,H,-,A,D,0,,,,,Y,,A,01,1,2,0,0,0,0,0,0,0,"- ","- ",35.982620239257812,-116.24664306640625,INYO,UNINCORPORATED,-116.24668121337891,35.982639312744141
91492288,2021,2021-06-08,9825,2021-06-06,0400,018685,,7,3,9,1400,0,1,3,,1,019,SR-127,"OLD SPANISH TRAIL HWY",5808.00,S,N,A,-,Y,,,,,,,,,,Y,4,0,1,1,A,-,08,22107,,N,E,I,A,A,H,-,D,D,0,,,,,Y,,A,07,0,0,1,0,0,0,0,0,0,"- ","- ",,,INYO,UNINCORPORATED,-116.30387115478516,35.864433288574219
91494296,2021,2021-06-10,9825,2021-06-03,1755,019814,,4,2,9,1400,0,1,2,,2,001,US-395,"BROCKMAN LN",1600.00,N,N,B,-,Y,,,395,,,,,,,Y,4,0,1,1,A,-,08,22107,,N,E,I,A,A,H,-,A,D,0,,,,,Y,,A,01,0,0,1,0,0,0,0,0,0,"- ","- ",37.375770568847656,-118.43533325195312,INYO,UNINCORPORATED,-118.43533325195312,37.375820159912109
91494924,2021,2021-06-11,9825,2021-06-04,1100,017941,,5,1,9,1400,0,2,4,,2,072,"BADWATER RD","EAST OF JUBILEE PASS",4752.00,W,N,A,-,N,,,,,,,,,,Y,3,0,1,1,A,-,08,22107,,N,F,A,A,A,H,-,A,D,0,,,Y,,Y,,C,02,0,1,0,0,0,0,0,0,1,"- ","- ",39.905139923095703,-116.56533813476562,INYO,UNINCORPORATED,-116.66938781738281,35.907886505126953
91495020,2021,2021-06-11,9825,2021-06-10,0659,020736,,4,1,9,1400,0,1,2,,1,007,"US-395 N/B","CINDER ROAD",1500.00,N,N,A,-,Y,,,395,,,,,,N,Y,4,0,1,1,A,-,08,22107,,N,E,I,A,A,H,-,A,D,0,,,,,Y,,D,22,0,0,1,0,0,0,0,0,0,"- ","- ",35.981929779052734,-117.92565155029297,INYO,UNINCORPORATED,-117.92509460449219,35.982170104980469
91496574,2021,2021-06-14,9825,2021-06-09,1602,020118,,3,2,9,1400,0,1,3,,2,016,SR-190,"PANAMINT VALLEY ROAD",25344.00,E,N,A,-,Y,,,190,,,,,,,Y,2,0,2,1,A,-,08,22107,,N,F,A,A,A,H,-,A,D,0,,,,,Y,,A,01,1,1,0,0,0,0,0,0,0,"- ","- ",36.348331451416016,-117.33715057373047,INYO,UNINCORPORATED,-117.33713531494141,36.348300933837891
91497159,2021,2021-06-15,9825,2021-06-11,0950,015522,,5,1,9,1400,0,1,3,,1,012,SR-168,SR-266,15840.00,W,N,A,B,Y,,,168,,,,,,,Y,3,0,1,1,A,-,03,22350,,N,F,A,A,A,H,-,A,A,0,,,Y,,Y,Y,C,03,0,1,0,0,0,0,0,0,1,"- ","- ",37.448711395263672,-117.93128204345703,INYO,UNINCORPORATED,-117.93128204345703,37.448703765869141
91498713,2021,2021-06-16,9825,2021-06-14,0534,020118,,1,3,9,1400,0,1,2,,1,007,"US-395 N/B","SAGE FLATS DRIVE",11088.00,S,N,B,-,Y,,,395,,,,,,N,Y,2,0,3,1,A,-,08,22107,,N,E,I,A,A,H,-,B,D,0,,,,,Y,,A,01,2,1,0,0,0,0,0,0,0,"- ","- ",36.181011199951172,-117.97802734375,INYO,UNINCORPORATED,-117.97811126708984,36.181007385253906
91498763,2021,2021-06-16,9825,2021-06-11,0800,017941,,5,1,9,1400,0,1,3,,1,019,"STATE ROUTE 127","STELLA LANE",1056.00,N,N,A,-,Y,,,127,,,,,,,Y,3,0,1,1,A,-,08,22107,,N,F,A,A,A,H,-,A,D,0,,,,,Y,,A,07,0,1,0,0,0,0,0,0,0,"- ","- ",35.959648132324219,-116.26747894287109,INYO,UNINCORPORATED,-116.26740264892578,35.959667205810547
91501567,2021,2021-06-21,9825,2021-06-18,2100,020118,,5,2,9,1400,0,3,5,,2,060,"DUMP ROAD",US-395,1056.00,E,N,A,-,N,,,,,,,,,,N,3,0,1,1,A,-,08,22107,,N,E,J,A,A,H,-,D,D,0,,,,,Y,,A,07,0,1,0,0,0,0,0,0,0,"- ","- ",36.790088653564453,-118.18666076660156,INYO,UNINCORPORATED,-118.18675231933594,36.790058135986328
91501984,2021,2021-06-21,9825,2021-06-11,1110,017057,,5,1,9,1400,0,1,2,,2,002,"US-395 SB","PA HA LANE",242.00,E,N,A,-,Y,,,395,,,,,,S,Y,4,0,2,3,A,-,09,21801,A,N,D,C,A,A,H,-,A,D,0,,,,,Y,,A,07,0,0,2,0,0,0,0,0,0,"- ","- ",37.375778198242188,-118.42668151855469,INYO,UNINCORPORATED,-118.42668151855469,37.375789642333984
91502070,2021,2021-06-21,9825,2021-06-17,0007,020183,,4,3,9,1400,0,1,2,,1,004,US-395,"NORTH FISH SPRINGS RD",320.00,S,N,A,-,Y,,,395,,,,,,,Y,4,0,1,1,C,-,18,,,N,E,H,A,A,H,-,D,D,0,,,,,Y,,-,"- ",0,0,1,0,0,0,0,0,0,"- ","- ",37.092029571533203,-118.24844360351562,INYO,UNINCORPORATED,-118.24838256835938,37.092048645019531
91506610,2021,2021-06-25,9825,2021-06-22,2349,020118,,2,3,9,1400,0,1,2,,1,006,US-395,"WHITNEY PORTAL ROAD",0.00,,Y,A,-,Y,,,395,,,,,,,N,3,0,1,2,A,-,12,21453,A,M,D,C,A,A,H,-,C,A,0,,,Y,,Y,,C,02,0,1,0,0,0,0,0,0,1,"- ","- ",36.604900360107422,-118.06301116943359,INYO,UNINCORPORATED,-118.06301116943359,36.604900360107422
91506909,2021,2021-06-25,9825,2021-06-18,2354,020736,,5,3,9,1400,0,1,2,,1,006,"US-395 N/B",SR-136,110.00,S,N,A,-,Y,,,395,,,,,,N,Y,4,0,1,1,C,-,18,,,N,H,H,A,A,H,-,D,A,0,,,,,Y,,-,"- ",0,0,1,0,0,0,0,0,0,"- ","- ",36.578948974609375,-118.05745697021484,INYO,UNINCORPORATED,-118.05762481689453,36.578948974609375
91510314,2021,2021-06-30,9825,2021-06-18,1955,019814,,5,2,9,1400,0,1,2,,2,002,US-395,"SEE VEE LN",0.00,,Y,A,-,Y,,,395,,,,,,,Y,2,0,1,2,A,-,01,23152,A,N,D,C,A,A,H,-,A,A,0,,,,,Y,Y,A,01,1,0,0,0,0,0,0,0,0,"- ","- ",37.375850677490234,-118.41381072998047,INYO,UNINCORPORATED,-118.41381072998047,37.375816345214844
91511233,2021,2021-07-01,9825,2021-06-25,1230,017057,,5,1,9,1400,0,1,2,,1,003,"US-395 N/B","GUS CASHBAUGH LN",1584.00,S,N,A,-,Y,,,395,,,,,,N,Y,3,0,1,2,A,-,03,22350,,N,C,C,A,A,H,-,A,A,0,,,,,Y,,A,01,0,1,0,0,0,0,0,0,0,"- ","- ",37.342300415039062,-118.39498901367188,INYO,UNINCORPORATED,-118.39496612548828,37.342300415039062
91513321,2021,2021-07-06,9825,2021-06-26,1800,017941,,6,2,9,1400,0,3,5,,2,050,"OPEN DESERT WEST OF STATE LINE ROAD","CICCHI STREET",2640.00,N,N,A,-,N,,,,,,,,,,Y,3,0,1,1,B,-,22,,,N,F,A,A,A,H,-,A,D,0,,,Y,,Y,,C,06,0,1,0,0,0,0,0,0,1,"- ","- ",35.831340789794922,-115.67666625976562,INYO,UNINCORPORATED,,
91513409,2021,2021-07-06,9825,2021-06-26,0825,022390,,6,1,9,1400,0,1,2,,1,005,US-395,"MOFFAT RANCH RD.",8976.00,S,N,A,-,Y,,,395,,,,,,,Y,3,0,1,1,A,-,08,22107,,N,E,J,A,A,H,-,A,D,0,,,,,Y,,A,01,0,1,0,0,0,0,0,0,0,"- ","- ",36.661968231201172,-118.09467315673828,INYO,UNINCORPORATED,-118.09489440917969,36.661979675292969
91516761,2021,2021-07-09,9825,2021-07-05,1415,022390,,1,2,9,1400,0,1,2,,1,007,US-395,"COSO GILL STATION RD",0.00,,Y,A,-,Y,,,395,,,,,,,Y,2,0,1,2,A,-,09,21802,A,N,D,C,A,A,H,-,A,A,0,,,,,Y,,A,01,1,0,0,0,0,0,0,0,0,"- ","- ",36.045829772949219,-117.94721984863281,INYO,UNINCORPORATED,-117.94719696044922,36.04583740234375
91517144,2021,2021-07-09,9825,2021-07-02,1310,020736,,5,1,9,1400,0,1,2,,1,007,"US-395 N/B","PEARSON ROAD",0.00,,Y,A,-,Y,,,395,,,,,,N,Y,3,0,3,2,A,-,09,21802,A,N,D,C,A,A,H,-,A,A,0,,,,,Y,,A,01,0,3,0,0,0,0,0,0,0,"- ","- ",35.798408508300781,-117.87261199951172,INYO,UNINCORPORATED,-117.87259674072266,35.798412322998047
91518441,2021,2021-07-12,9825,2021-07-09,0208,020736,,5,3,9,1400,0,3,5,,2,060,"HORSESHOE MEADOWS ROAD","TUTTLE CREEK CAMPGROUND ROAD",1056.00,N,N,A,-,N,,,,,,,,,,Y,2,0,1,1,A,-,08,22107,,N,F,A,A,A,H,-,D,A,0,,,,,Y,,A,07,1,0,0,0,0,0,0,0,0,"- ","- ",36.574108123779297,-118.11139678955078,INYO,UNINCORPORATED,,
91518779,2021,2021-07-13,9825,2021-07-07,0655,022390,,3,1,9,1400,0,3,5,,2,060,"LUBKEN CANYON RD.",US-395,8448.00,W,N,A,-,N,,,,,,,,,,Y,3,0,1,1,A,-,08,22107,,N,F,A,A,A,H,-,A,D,0,,,,,Y,,D,22,0,1,0,0,0,0,0,0,0,"- ","- ",36.545738220214844,-118.07350921630859,INYO,UNINCORPORATED,-118.07381439208984,36.545875549316406
91522453,2021,2021-07-16,9825,2021-07-05,1950,017072,,1,2,9,1400,0,1,3,,2,016,"SR-190 W/B E/OF PANAMINT DUNES ROAD","PANAMINT DUNES ROAD",15734.00,E,N,A,-,Y,,,,,,,,,,Y,1,1,0,1,A,-,08,22107,,N,F,A,A,A,H,-,A,D,0,,,,,Y,,D,22,0,0,0,0,0,0,0,0,0,"- ","- ",36.205398559570312,-117.20110321044922,INYO,UNINCORPORATED,,
91530637,2021,2021-07-28,9825,2021-07-19,2115,017565,,1,2,9,1400,0,1,2,,1,004,"US 395","GOODALE ROAD",5808.00,S,N,A,-,Y,,,,,,,,,,Y,2,0,3,2,A,-,01,23153,A,N,C,2,A,A,H,-,D,D,0,,,,,Y,Y,A,01,2,0,1,0,0,0,0,0,0,"- ","- ",36.958370208740234,-118.23983764648438,INYO,UNINCORPORATED,-118.23976898193359,36.962699890136719
91531083,2021,2021-09-27,9825,2021-04-27,1125,017072,,2,1,9,1400,0,1,3,,2,020,SR-178,"CHICAGO VALLEY RD",20064.00,E,N,B,-,Y,,,,,,,,,,Y,2,0,2,2,A,-,03,22350,,N,C,C,A,A,D,-,A,A,0,,,,,Y,,A,08,2,0,0,0,0,0,0,0,0,"- ","- ",36.024700164794922,-116.11289978027344,INYO,UNINCORPORATED,-116.18991088867188,36.055419921875
91535124,2021,2021-08-02,9825,2021-07-25,1910,020736,,7,2,9,1400,0,1,3,,2,016,SR-190,SR-178,26400.00,E,N,A,G,Y,,,190,,,,,,,N,3,0,1,1,A,-,08,22107,,N,E,8,A,A,H,-,A,A,0,,,,,Y,,A,07,0,1,0,0,0,0,0,0,0,"- ","- ",36.348400115966797,-117.33702850341797,INYO,UNINCORPORATED,-117.33701324462891,36.348354339599609
91538635,2021,2021-08-06,9825,2021-08-04,1012,018925,,3,1,9,1400,0,1,2,,1,004,US-395,"INYO ST",2112.00,N,N,A,-,Y,,,395,,,,,,,Y,3,0,2,1,A,-,08,22107,,N,E,8,A,A,H,-,A,D,0,,,,,Y,,A,01,0,1,1,0,0,0,0,0,0,"- ","- ",36.81201171875,-118.20575714111328,INYO,UNINCORPORATED,-118.20567321777344,36.812065124511719
91541700,2021,2021-08-10,9825,2021-08-09,1343,017072,,1,1,9,1400,0,1,3,,1,018,SR-190,"HARMONY BORAX MILL RD",1056.00,W,N,A,-,Y,,,,,,,,,,Y,3,0,3,1,A,-,08,22107,,N,F,A,A,A,H,-,A,D,0,,,,,Y,,A,01,0,3,0,0,0,0,0,0,0,"- ","- ",36.285598754882812,-116.52169799804688,INYO,UNINCORPORATED,,
91542691,2021,2021-08-11,9825,2021-08-10,1627,020183,,2,2,9,1400,0,1,2,,1,009,US-395,"BARLOW LANE",0.00,,Y,A,-,Y,,,395,,,,,,,N,3,0,1,2,A,-,12,21453,A,N,B,G,A,A,H,-,A,A,0,,Y,,,Y,,L,04,0,1,0,0,0,0,1,0,0,"- ","- ",37.3756103515625,-118.42330169677734,INYO,UNINCORPORATED,-118.42330169677734,37.375782012939453
91543345,2021,2021-08-12,9825,2021-08-07,1025,017941,,6,1,9,1400,0,1,3,,1,019,"STATE HIGHWAY 127","STATE ROUTE 178",24288.00,S,N,A,-,Y,,,127,,,,,,,Y,3,0,1,1,A,-,08,22107,,N,F,A,A,A,H,-,A,D,0,,,,,Y,,A,01,0,1,0,0,0,0,0,0,0,"- ","- ",35.909019470214844,-116.26515197753906,INYO,UNINCORPORATED,-116.26516723632812,35.909011840820312
91551855,2021,2021-08-23,9825,2021-08-11,1343,020118,,3,1,9,1400,0,3,5,,2,060,"HORSESHOE MEADOW ROAD","LUBKEN CANYON RD",58080.00,W,N,A,-,N,,,,,,,,,,Y,2,0,2,1,C,-,18,,,N,G,B,A,A,H,-,A,D,0,,,,,Y,,-,"- ",1,1,0,0,0,0,0,0,0,"- ","- ",36.479999542236328,-118.10749053955078,INYO,UNINCORPORATED,-118.1051025390625,36.546840667724609
91553121,2021,2021-08-24,9825,2021-08-12,1256,022652,,4,1,9,1400,0,1,2,,1,003,US-395,"GOLF COURSE DRIVE",0.00,,Y,A,-,Y,,,395,,,,,,,Y,3,0,2,2,A,-,09,21802,A,N,D,C,A,A,H,-,A,A,0,,,,,Y,Y,A,01,0,2,0,0,0,0,0,0,0,"- ","- ",37.343021392822266,-118.39510345458984,INYO,UNINCORPORATED,-118.39507293701172,37.343021392822266
91553162,2021,2021-08-24,9825,2021-08-14,2215,020530,,6,3,9,1400,0,1,2,,1,004,"US-395 N/B","ELNA RD.",2112.00,N,N,A,-,Y,,,395,,,,,,N,Y,3,0,1,1,A,-,08,22107,,N,E,I,A,A,H,-,D,D,0,,,,,Y,,A,01,0,1,0,0,0,0,0,0,0,"- ","- ",37.058448791503906,-118.23689270019531,INYO,UNINCORPORATED,-118.23694610595703,37.058406829833984
91554313,2021,2022-01-21,9825,2021-05-17,0042,016173,,1,3,9,1400,0,1,2,,1,003,"US-395 N/B","SR-168 E/B",2640.00,N,N,A,-,Y,,,395,,,,,,N,Y,1,1,0,1,A,-,01,23152,F,N,E,I,A,A,H,-,D,D,0,,,,,Y,,D,22,0,0,0,0,0,0,0,0,0,"- ","- ",37.178939819335938,-118.29544067382812,INYO,UNINCORPORATED,-118.29554748535156,37.178836822509766
91564173,2021,2021-09-07,9825,2021-08-28,1600,017941,,6,2,9,1400,0,1,3,,1,019,"STATE ROUTE 127","STELLA LANE",528.00,S,N,A,-,Y,,,127,,,,,,,N,2,0,1,1,A,-,08,22107,,N,E,I,A,A,H,-,A,D,0,,,,,Y,,A,01,1,0,0,0,0,0,0,0,0,"- ","- ",35.958160400390625,-116.26737213134766,INYO,UNINCORPORATED,-116.26728057861328,35.958156585693359
91564180,2021,2021-09-07,9830,2021-08-26,0440,021553,,4,3,9,1400,0,3,5,,2,004,"SR-14 N/B","COW HEAVEN CANYON RD",23760.00,S,N,A,-,Y,,,,,,,,,,Y,3,0,1,1,A,-,08,22107,,N,F,A,A,A,H,-,D,D,0,,,,,Y,,A,01,0,1,0,0,0,0,0,0,0,"- ","- ",35.485668182373047,-117.95577239990234,INYO,UNINCORPORATED,,
91567622,2021,2021-09-10,9825,2021-09-01,2145,020118,,3,2,9,1400,0,3,5,,2,060,"POST STREET","LONE PINE AVE",188.00,W,N,A,-,N,,,,,,,,,,Y,2,0,1,3,A,-,08,22107,,M,E,I,A,A,H,-,C,D,0,,,,,Y,Y,A,07,1,0,0,0,0,0,0,0,0,"- ","- ",36.604301452636719,-118.06169128417969,INYO,UNINCORPORATED,-118.06198120117188,36.604381561279297
91567743,2021,2021-09-10,9825,2021-09-05,1420,020736,,7,2,9,1400,0,1,2,,1,007,US-395,"GILL STATION COSO ROAD",0.00,,Y,A,-,Y,,,395,,,,,,,Y,4,0,1,2,A,-,09,21802,A,N,D,C,A,A,H,-,A,A,0,,,,Y,Y,,A,01,0,0,1,0,0,0,0,0,0,"- ","- ",36.045829772949219,-117.94721984863281,INYO,UNINCORPORATED,-117.94719696044922,36.04583740234375
91568493,2021,2021-09-13,9825,2021-09-03,1528,020736,,5,2,9,1400,0,1,2,,1,007,"US-395 S/B","HAIWEE CANYON RD",6336.00,N,N,A,-,Y,,,395,,,,,,S,Y,4,0,1,2,A,-,07,21658,A,N,C,C,A,A,H,-,A,A,0,,,,,Y,,A,01,0,0,1,0,0,0,0,0,0,"- ","- ",36.170768737792969,-117.97811126708984,INYO,UNINCORPORATED,-117.97808837890625,36.170772552490234
91571927,2021,2021-09-16,9825,2021-09-09,1830,017072,,4,2,9,1400,0,1,3,,2,017,SR-190,"MESQUITE DUNES PARKING LOT ENTRANCE",4752.00,E,N,B,-,Y,,,,,,,,,,Y,2,0,1,1,A,-,08,22107,,N,F,A,A,A,H,-,A,D,0,,,Y,,Y,,C,02,1,0,0,0,0,0,0,0,1,"- ","- ",36.360099792480469,-117.06004333496094,INYO,UNINCORPORATED,,
91573088,2021,2021-09-17,9825,2021-09-14,1624,020118,,2,2,9,1400,0,1,2,,1,006,"US-395 N/B","COTTONWOOD CHARCOAL KILNS",528.00,S,N,A,-,Y,,,395,,,,,,N,Y,3,0,1,1,C,-,18,,,N,E,I,A,A,H,-,A,D,0,,,,,Y,,-,"- ",0,1,0,0,0,0,0,0,0,"- ","- ",36.416618347167969,-118.02861022949219,INYO,UNINCORPORATED,-118.02862548828125,36.416618347167969
91592907,2021,2021-10-11,9825,2021-10-03,0600,017035,,7,1,9,1400,0,3,5,,2,040,"BROCKMAN LANE","DIXON LANE",1056.00,S,N,A,-,N,,,,,,,,,,N,3,0,1,1,A,-,03,22350,,N,F,A,A,A,H,-,A,D,0,,Y,,,Y,,L,04,0,1,0,0,0,0,1,0,0,"- ","- ",37.387290954589844,-118.43193054199219,INYO,UNINCORPORATED,-118.43191528320312,37.387523651123047
91594989,2021,2021-10-13,9825,2021-10-09,2110,020530,,6,2,9,1400,0,1,2,,2,002,"US-395 S/B","SEE VEE LN.",600.00,S,N,A,-,Y,,,395,,,,,,S,N,2,0,1,2,A,-,11,21954,A,F,G,B,D,A,H,-,D,D,0,Y,,,,Y,Y,N,60,1,0,0,0,1,0,0,0,0,"- ","- ",37.375900268554688,-118.41172027587891,INYO,UNINCORPORATED,-118.41172027587891,37.375820159912109
91597572,2021,2021-10-15,9825,2021-10-05,1405,017565,,2,2,9,1400,0,1,2,,2,001,"US 395 N/OF BROCKMAN LANE","BROCKMAN LANE",2640.00,N,N,A,-,Y,,,,,,,,,,Y,2,0,3,3,A,-,08,22100,B,N,D,C,A,A,H,-,A,D,0,,,,,Y,,A,01,1,0,2,0,0,0,0,0,0,"- ","- ",37.375911712646484,-118.44184112548828,INYO,UNINCORPORATED,-118.43209838867188,37.375850677490234
91597578,2021,2021-10-15,9825,2021-10-07,1820,017941,,4,2,9,1400,0,2,4,,2,052,"OLD SPANISH TRAIL HWY","EMIGRANT PASS",2640.00,W,N,A,-,N,,,,,,,,,,Y,2,0,1,1,A,-,08,22107,,N,F,A,A,A,H,-,B,D,0,,,Y,,Y,,C,02,1,0,0,0,0,0,0,0,1,"- ","- ",35.886600494384766,-116.06858825683594,INYO,UNINCORPORATED,,
91597583,2021,2021-10-15,9825,2021-10-07,1830,017941,,4,2,9,1400,0,2,4,,2,052,"OLD SPANISH TRAIL HWY","FURNACE CREEK WASH RD",118.00,W,N,A,-,N,,,,,,,,,,N,2,0,1,1,A,-,08,22107,,N,F,A,A,A,H,-,B,D,0,,,Y,,Y,,C,02,1,0,0,0,0,0,0,0,1,"- ","- ",36.032150268554688,-116.19335174560547,INYO,UNINCORPORATED,-116.2059326171875,35.848762512207031
91597606,2021,2021-10-15,9825,2021-10-09,1045,020736,,6,1,9,1400,0,1,3,,2,016,SR-190,"PANAMINT VALLEY ROAD",22704.00,E,N,A,-,Y,,,190,,,,,,,Y,3,0,1,1,A,-,08,22107,,N,E,8,A,A,H,-,A,A,0,,,,,Y,,A,01,0,1,0,0,0,0,0,0,0,"- ","- ",36.344539642333984,-117.34577178955078,INYO,UNINCORPORATED,-117.34598541259766,36.345371246337891
91598096,2021,2021-10-15,9825,2021-10-13,0736,015522,,3,1,9,1400,0,1,3,,1,011,SR-168,"SEE VEE LANE",0.00,,Y,A,-,Y,,,,,,,,,,Y,3,0,3,2,A,-,12,21453,A,N,D,C,A,A,H,-,A,A,0,,,,,Y,,A,07,0,2,1,0,0,0,0,0,0,"- ","- ",37.3631591796875,-118.41378784179688,INYO,UNINCORPORATED,-118.41379547119141,37.361320495605469
91600753,2021,2021-10-19,9825,2021-10-17,1012,018685,,7,1,9,1400,0,1,3,,2,017,SR-190,"MOSAIC CANYON RD",4752.00,W,N,A,-,Y,,,190,,,,,,,Y,2,0,2,2,A,-,03,22350,,N,C,C,A,A,H,-,A,D,0,,,Y,,Y,,C,02,1,1,0,0,0,0,0,0,2,"- ","- ",36.595279693603516,-117.16013336181641,INYO,UNINCORPORATED,-117.16009521484375,36.595241546630859
91606581,2021,2021-10-26,9825,2021-10-25,1030,020118,,1,1,9,1400,0,1,3,,2,016,SR-190,"PANAMINT VALLEY ROAD",2112.00,W,N,F,G,Y,,,190,,,,,,,Y,4,0,1,2,A,-,03,22350,,N,C,C,A,A,H,-,A,D,0,,,Y,,Y,,A,07,0,0,1,0,0,0,0,0,1,"- ","- ",36.338848114013672,-117.43173217773438,INYO,UNINCORPORATED,-117.43173217773438,36.338916778564453
91608792,2021,2021-10-28,9825,2021-10-20,1545,018441,,3,2,9,1400,0,1,2,,2,002,US-395,"SEE VEE LANE",45.00,E,N,A,-,Y,,,395,,,,,,,Y,4,0,1,2,A,-,03,22350,,N,C,C,A,A,H,-,A,A,0,,,,,Y,,D,22,0,0,1,0,0,0,0,0,0,"- ","- ",37.375888824462891,-118.41358947753906,INYO,UNINCORPORATED,-118.41358947753906,37.375919342041016
91610664,2021,2021-10-29,9825,2021-10-24,1921,020183,,7,2,9,1400,0,1,3,,1,013,SR-168,"SHEPARD LN",0.00,,Y,B,-,N,,,168,,,,,,,Y,2,0,2,2,A,-,05,21460,A,N,A,C,A,A,H,-,D,D,0,,,,,Y,,A,01,2,0,0,0,0,0,0,0,0,"- ","- ",37.361171722412109,-118.44925689697266,INYO,UNINCORPORATED,-118.44925689697266,37.361240386962891
91611130,2021,2021-10-29,9825,2021-10-20,1305,016119,,3,1,9,1400,0,1,2,,1,003,"US 395","COLLINS ROAD",0.00,,Y,A,-,Y,,,,,,,,,,N,4,0,2,2,A,-,09,21802,A,N,D,C,A,A,H,-,A,A,0,,,,,Y,Y,B,07,0,0,2,0,0,0,0,0,0,"- ","- ",37.282051086425781,-118.37294006347656,INYO,UNINCORPORATED,-118.37281036376953,37.281814575195312
91612740,2021,2021-11-01,9825,2021-10-24,1325,021400,,7,1,9,1400,0,3,5,,2,040,"SOUTH LAKE RD","SR 168W",80.00,S,N,B,-,Y,,,,,,,,,,Y,3,0,2,1,A,-,08,22107,,N,F,A,A,A,H,-,A,D,0,,,,,Y,,A,01,0,2,0,0,0,0,0,0,0,"- ","- ",37.256179809570312,-118.57980346679688,INYO,UNINCORPORATED,-118.57977294921875,37.256206512451172
91617285,2021,2021-11-05,9825,2021-11-03,1335,020118,,3,1,9,1400,0,3,5,,2,060,"NINE MILE CANYON ROAD","US-395 SOUTHBOUND",49632.00,W,N,A,-,N,,,,,,,,,,Y,2,0,1,1,A,-,08,22107,,N,E,I,A,A,H,-,A,D,0,,,Y,,Y,,C,02,1,0,0,0,0,0,0,0,1,"- ","- ",35.856910705566406,-118.00138092041016,INYO,UNINCORPORATED,-118.00035095214844,35.855808258056641
91622000,2021,2021-11-10,9825,2021-11-06,0510,020736,,6,3,9,1400,0,1,2,,1,007,US-395,"NORTH HAIWEE ROAD",1310.00,S,N,A,-,Y,,,395,,,,,,,Y,3,0,1,1,A,-,08,22107,,N,E,8,A,A,H,-,D,A,0,,,,,Y,,A,01,0,1,0,0,0,0,0,0,0,"- ","- ",36.228500366210938,-117.98027038574219,INYO,UNINCORPORATED,-117.98035430908203,36.228477478027344
91623241,2021,2021-11-12,9825,2021-11-04,2005,017941,,4,2,9,1400,0,1,3,,2,017,"STATE ROUTE 190","WILDROSE CANYON ROAD",31680.00,W,N,A,-,Y,,,190,,,,,,,N,2,0,2,1,A,-,08,22107,,N,E,I,A,A,H,-,D,D,0,,,,,Y,,A,07,2,0,0,0,0,0,0,0,0,"- ","- ",36.419921875,-117.26941680908203,INYO,UNINCORPORATED,-117.26941680908203,36.419891357421875
91624261,2021,2021-11-15,9825,2021-11-05,0920,017057,,5,1,9,1400,0,1,2,,2,002,"US-395 S/B","BARLOW LANE",4.00,S,N,A,-,Y,,,395,,,,,,S,N,3,0,1,2,A,-,10,21950,A,N,G,B,B,A,H,-,A,A,0,Y,,,,Y,,A,01,0,1,0,0,1,0,0,0,0,"- ","- ",37.375801086425781,-118.42288970947266,INYO,UNINCORPORATED,-118.42288970947266,37.375782012939453
91626449,2021,2021-11-16,9825,2021-11-12,1440,020125,,5,2,9,1400,0,3,5,,2,040,"COUNTY RD.","KEOUGH HOT SPRINGS RD",13200.00,S,N,A,-,N,,,,,,,,,,Y,3,0,1,1,A,-,03,22350,,N,F,A,A,A,H,-,A,D,0,,,,,Y,,A,07,0,1,0,0,0,0,0,0,0,"- ","- ",37.205039978027344,-118.35076904296875,INYO,UNINCORPORATED,-118.35623931884766,37.222019195556641
91627394,2021,2021-11-17,9825,2021-11-15,1620,018685,,1,2,9,1400,0,1,3,,2,020,SR-178,"STEWART VALLEY RD",8976.00,W,N,A,-,Y,,,,,,,,,,Y,2,0,1,2,A,-,03,22350,,N,C,C,A,A,H,-,A,D,0,,,Y,,Y,,C,02,1,0,0,0,0,0,0,0,1,"- ","- ",,,INYO,UNINCORPORATED,,
91627428,2021,2021-11-17,9825,2021-11-07,1620,020736,,7,2,9,1400,0,1,2,,1,006,US-395,SR-190,160.00,S,N,A,-,Y,,,395,,,,,,,Y,2,0,1,1,A,-,01,23152,A,N,E,8,A,A,H,-,B,A,0,,,,Y,Y,Y,G,25,1,0,0,0,0,0,0,0,0,"- ","- ",36.281780242919922,-118.00575256347656,INYO,UNINCORPORATED,-118.00586700439453,36.281719207763672
91636500,2021,2021-11-29,9825,2021-11-21,1104,020118,,7,1,9,1400,0,1,2,,1,006,US-395,SR-190,0.00,,Y,A,-,Y,,,395,,,,,,,Y,2,0,2,2,A,-,01,23152,A,N,D,C,A,A,H,-,A,A,0,,,,,Y,Y,D,22,1,1,0,0,0,0,0,0,0,"- ","- ",36.282188415527344,-118.00611877441406,INYO,UNINCORPORATED,-118.00612640380859,36.282184600830078
91642020,2021,2021-12-03,9825,2021-11-26,1205,017941,,5,1,9,1400,0,1,3,,1,018,"STATE ROUTE 190","BLM ROAD AR441",2640.00,W,N,A,-,Y,,,190,,,,,,,Y,2,0,2,1,A,-,08,22107,,N,F,A,A,A,H,-,A,A,0,,,,,Y,,A,01,1,1,0,0,0,0,0,0,0,"- ","- ",36.367210388183594,-116.65733337402344,INYO,UNINCORPORATED,-116.65729522705078,36.36724853515625
91642374,2021,2021-12-06,9825,2021-10-22,2230,020736,,5,3,9,1400,0,2,4,,2,077,"PANAMINT VALLEY ROAD",SR-190,22176.00,S,N,A,-,N,,,,,,,,,,N,1,1,0,1,C,-,18,,,N,H,A,A,A,H,-,D,D,0,,,,,Y,Y,-,"- ",0,0,0,0,0,0,0,0,0,"- ","- ",36.293098449707031,-117.38359069824219,INYO,UNINCORPORATED,-117.38052368164062,36.289791107177734
91642435,2021,2021-12-03,9825,2021-11-24,1140,018925,,3,1,9,1400,0,1,2,,1,006,US-395,"CACTUS FLATS ROAD",4224.00,S,N,A,-,Y,,,395,,,,,,,Y,4,0,2,3,A,-,03,22350,,N,C,C,A,A,D,-,A,A,0,,,,Y,Y,,G,25,0,0,2,0,0,0,0,0,0,"- ","- ",36.244209289550781,-117.98780822753906,INYO,UNINCORPORATED,-117.98783111572266,36.24420166015625
91645613,2021,2021-12-07,9820,2021-12-04,1235,020934,,6,1,9,1400,0,3,5,,2,050,"ROCK CREEK RD","ROCK CREEK CAMPGROUND RD",6.00,W,N,A,-,N,,,,,,,,,,N,2,0,3,2,A,-,03,22350,,N,B,C,A,A,H,-,A,D,0,,,Y,,Y,,C,02,1,1,1,0,0,0,0,0,3,"- ","- ",37.568618774414062,-118.73542022705078,INYO,UNINCORPORATED,,
91646851,2021,2021-12-08,9825,2021-11-24,1735,022652,,3,2,9,1400,0,1,2,,1,006,US-395,"ASH CREEK RD",14256.00,S,N,A,-,Y,,,395,,,,,,,Y,2,0,1,2,A,-,06,21751,,N,A,C,A,A,H,-,B,D,0,,,,,Y,,D,22,1,0,0,0,0,0,0,0,0,"- ","- ",36.368549346923828,-118.02378082275391,INYO,UNINCORPORATED,-118.02378082275391,36.368549346923828
91647911,2021,2021-12-09,9825,2021-12-07,1425,020118,,2,2,9,1400,0,1,2,,1,006,US-395,"WHITNEY PORTAL ROAD",0.00,,Y,B,-,Y,,,395,,,,,,,N,4,0,1,2,A,-,12,21453,A,N,D,C,A,A,H,-,A,A,0,,,,,Y,,D,22,0,0,1,0,0,0,0,0,0,"- ","- ",36.604949951171875,-118.06308746337891,INYO,UNINCORPORATED,-118.06304931640625,36.604972839355469
91655371,2021,2021-12-17,9825,2021-12-12,1450,022616,Bisho,7,2,9,1400,0,2,4,,2,021,"N. BARLOW LN.",US-395,231.00,S,N,A,-,N,,,,,,,,,,Y,3,0,1,1,A,-,01,23152,F,N,E,I,A,A,H,-,A,D,0,,,,,Y,,D,22,0,1,0,0,0,0,0,0,0,"- ","- ",37.375530242919922,-118.42276000976562,INYO,UNINCORPORATED,-118.4229736328125,37.375186920166016
91656138,2021,2021-12-20,9825,2021-12-18,2100,017941,,6,2,9,1400,0,1,3,,2,020,"STATE ROUTE 127","THE NEVADA STATE LINE",13200.00,W,N,A,-,Y,,,,,,,,,,Y,3,0,1,1,A,-,08,22107,,N,E,A,A,A,H,-,D,D,0,,,,,Y,,A,01,0,1,0,0,0,0,0,0,0,"- ","- ",36.155910491943359,-116.15012359619141,INYO,UNINCORPORATED,,
91658813,2021,2021-12-22,9825,2021-12-19,1300,017941,,7,1,9,1400,0,1,3,,1,018,"STATE ROUTE 190","BLM ROAD AR441",3696.00,W,N,A,-,Y,,,190,,,,,,,Y,3,0,1,1,A,-,08,22107,,N,F,A,A,A,H,-,A,D,0,,,,,Y,,A,01,0,1,0,0,0,0,0,0,0,"- ","- ",36.367279052734375,-116.65746307373047,INYO,UNINCORPORATED,-116.65741729736328,36.367340087890625
91662177,2021,2021-12-27,9825,2021-12-16,0830,017057,,4,1,2,1401,0,1,2,,1,003,US-395,"WARM SPRINGS RD",5280.00,S,N,B,D,Y,,,,,,,,,,Y,3,0,1,1,A,-,03,22350,,N,F,A,A,C,H,-,A,D,0,,,,,Y,,A,01,0,1,0,0,0,0,0,0,0,"- ","- ",37.303230285644531,-118.37925720214844,INYO,BISHOP,-118.38414764404297,37.311763763427734
91662778,2021,2021-12-27,9825,2021-12-19,0550,022652,,7,3,9,1400,0,1,2,,1,006,"SB 395","ASH CREEK",2323.00,N,N,A,-,Y,,,,,,,,,,Y,3,0,3,1,A,-,08,22107,,N,F,I,A,A,H,-,B,D,0,,,,,Y,,A,07,0,3,0,0,0,0,0,0,0,"- ","- ",36.389430999755859,-118.02423095703125,INYO,UNINCORPORATED,,
91663260,2021,2021-12-28,9825,2021-12-19,0040,021400,,7,3,9,1400,0,3,5,,2,040,"TINEMAHA RD","BLACK ROCK SPRINGS RD",7392.00,S,N,A,-,N,,,,,,,,,,Y,4,0,1,1,A,-,03,22350,,N,E,I,A,A,A,-,D,D,0,,,,,Y,,A,01,0,0,1,0,0,0,0,0,0,"- ","- ",36.898109436035156,-118.25108337402344,INYO,UNINCORPORATED,-118.25059509277344,36.897201538085938
91663363,2021,2021-12-28,9825,2021-12-21,0740,017941,,2,1,9,1400,0,1,3,,1,018,"STATE ROUTE 190","COW CREEK RD",28512.00,W,N,A,-,Y,,,190,,,,,,,N,3,0,3,1,A,-,08,22107,,N,F,A,A,A,H,-,A,D,0,,,,,Y,,A,01,0,3,0,0,0,0,0,0,0,"- ","- ",36.570320129394531,-116.91239166259766,INYO,UNINCORPORATED,-116.91239929199219,36.570297241210938
91668446,2021,2022-01-03,9825,2021-12-29,1835,022616,,3,2,9,1400,0,1,2,,1,003,US-395,"SUNLAND RES RD.",845.00,N,N,D,-,Y,,,395,,,,,,,Y,3,0,1,1,A,-,03,22350,,N,F,I,A,C,G,-,D,D,0,,,,,Y,,A,07,0,1,0,0,0,0,0,0,0,"- ","- ",37.334609985351562,-118.39517974853516,INYO,UNINCORPORATED,-118.39509582519531,37.334609985351562
91677291,2022,2022-01-13,9825,2022-01-04,2140,022652,,2,2,9,1400,0,1,2,,1,005,"US-395 S/B","MANZANAR REWARD ROAD",10032.00,N,N,A,-,Y,INY,,395,,,69.917,H,,R,Y,3,0,1,1,A,-,08,22107,,N,F,A,A,A,H,-,D,D,0,,,,Y,Y,,G,26,0,1,0,0,0,0,0,0,0,"- ","- ",36.758350372314453,-118.16718292236328,INYO,UNINCORPORATED,-118.16724395751953,36.758319854736328
91680851,2022,2022-01-19,9825,2022-01-14,0900,020118,,5,1,9,1400,0,1,2,,1,005,"US-395 S/B","PANGBORN LANE",6864.00,N,N,A,-,Y,INY,,395,,R,60.174,H,,L,Y,3,0,1,1,A,-,08,22107,,N,F,I,A,A,H,-,A,D,0,,,,,Y,,E,22,0,1,0,0,0,0,0,0,0,"- ","- ",36.637641906738281,-118.08013153076172,INYO,UNINCORPORATED,-118.07998657226562,36.637699127197266
91686855,2022,2022-01-27,9825,2022-01-14,0830,022616,,5,1,9,1400,0,1,2,,2,001,"US-395 NORTHBOUND","BROCKMAN LN.",1531.00,N,N,A,-,Y,INY,,395,,,118.635,H,,R,Y,2,0,2,3,A,-,06,21755,A,N,B,2,A,A,H,-,A,D,0,,,,Y,Y,,A,07,1,1,0,0,0,0,0,0,0,"- ","- ",37.375961303710938,-118.43747711181641,INYO,UNINCORPORATED,-118.43747711181641,37.375919342041016
91688729,2022,2022-01-28,9825,2022-01-08,1200,018925,,6,1,9,1400,0,1,3,,2,017,SR-190,"EMIGRANT CANYON RD.",5280.00,E,N,A,-,Y,INY,,190,,,77.612,H,,R,Y,1,1,0,1,A,-,08,22107,,N,F,A,A,A,H,-,A,D,0,,,Y,,Y,,C,02,0,0,0,0,0,0,0,1,0,"- ","- ",36.510429382324219,-117.22402191162109,INYO,UNINCORPORATED,-117.22405242919922,36.510433197021484
91692995,2022,2022-02-03,9825,2022-01-25,1533,020118,,2,2,9,1400,0,1,2,,1,005,US-395,"PARK STREET",50.00,S,N,A,-,Y,INY,,395,,,73.125,H,,R,Y,2,0,1,2,A,-,03,22350,,N,B,2,A,A,H,-,A,D,0,,,,,Y,,D,22,1,0,0,0,0,0,0,0,0,"- ","- ",36.798690795898438,-118.19722747802734,INYO,UNINCORPORATED,-118.19728851318359,36.798667907714844
91693001,2022,2022-02-03,9825,2022-01-29,1256,020118,,6,1,9,1400,0,1,2,,1,006,"US-395 S/B","LAKE DIAZ ENTRANCE",245.00,S,N,A,-,Y,INY,,395,,,54.422,H,,L,Y,3,0,2,2,A,-,09,21801,A,N,D,C,A,A,H,-,A,D,0,,,,,Y,,A,01,0,2,0,0,0,0,0,0,0,"- ","- ",36.559650421142578,-118.05082702636719,INYO,UNINCORPORATED,-118.05076599121094,36.559658050537109
91701920,2022,2022-02-16,9825,2022-02-13,0701,017035,,7,1,9,1400,0,3,5,,2,060,"MANDICH ST","SUNLAND DRIVE",5.00,W,N,A,-,N,,,,,,,,,,Y,3,0,1,1,A,-,03,22350,,N,E,I,A,A,H,-,A,A,0,,,,,Y,,A,01,0,1,0,0,0,0,0,0,0,"- ","- ",37.356918334960938,-118.40471649169922,INYO,UNINCORPORATED,-118.40463256835938,37.356918334960938
91702482,2022,2022-02-16,9825,2022-02-06,1310,018441,,7,1,2,1401,0,1,2,,1,004,US-395,"TRAVEL PLAZA DRIVEWAY",0.00,,Y,A,-,Y,,,,,,,,,,Y,2,0,1,2,A,-,09,21802,A,N,D,C,A,A,H,-,A,B,0,,,,,Y,,A,01,1,0,0,0,0,0,0,0,0,"- ","- ",37.83660888671875,-118.22869110107422,INYO,BISHOP,,
91705852,2022,2022-02-22,9825,2022-02-19,1200,018925,,6,1,9,1400,0,1,2,,1,006,US-395,"WHITNEY ST.",6864.00,N,N,A,-,Y,INY,,395,,,39.077,H,,R,Y,3,0,2,1,A,-,08,22107,,N,E,8,A,A,H,-,A,D,0,,,,,Y,,A,07,0,1,1,0,0,0,0,0,0,"- ","- ",36.340778350830078,-118.02101898193359,INYO,UNINCORPORATED,-118.02094268798828,36.340789794921875
91708306,2022,2022-02-24,9825,2022-02-14,1745,020125,,1,2,9,1400,0,3,5,,2,040,"MUMY LN.",SR-168,94.00,S,N,A,-,Y,INY,,168,,,15.298,H,,R,Y,3,0,1,1,A,-,01,23152,A,M,E,I,A,A,H,-,B,D,0,,,,,Y,Y,A,01,0,1,0,0,0,0,0,0,0,"- ","- ",37.361129760742188,-118.4503173828125,INYO,UNINCORPORATED,-118.4503173828125,37.361232757568359
91711516,2022,2022-02-28,9825,2022-02-27,1712,018685,,7,2,9,1400,0,1,3,,2,020,SR-178,"CHICAGO VALLEY RD",46464.00,E,N,A,-,Y,,,,,,,,,,Y,2,0,1,1,A,-,08,22107,,N,F,A,A,A,H,-,A,D,0,,,,,Y,,A,01,1,0,0,0,0,0,0,0,0,"- ","- ",,,INYO,UNINCORPORATED,-116.17574310302734,36.126358032226562
91712067,2022,2022-03-01,9825,2022-02-25,1353,020736,,5,1,9,1400,0,1,2,,1,005,US-395,"EAST LOCUST STREET",115.00,N,N,A,-,Y,INY,,395,,,57.927,H,,R,Y,3,0,1,2,A,-,03,22350,,N,C,C,A,A,H,-,A,A,0,,,,,Y,,A,01,0,1,0,0,0,0,0,0,0,"- ","- ",36.608108520507812,-118.06459808349609,INYO,UNINCORPORATED,-118.06464385986328,36.608097076416016
91712082,2022,2022-03-01,9825,2022-02-21,0125,017565,,1,3,9,1400,0,3,5,,2,040,"BARLOW LANE","BIR ROAD",3168.00,S,N,A,-,N,,,,,,,,,,Y,3,0,1,1,A,-,08,22107,,M,E,J,A,A,H,-,D,D,0,,,,,Y,Y,-,"- ",0,1,0,0,0,0,0,0,0,"- ","- ",37.321910858154297,-118.42237854003906,INYO,UNINCORPORATED,-118.4222412109375,37.329471588134766
91722439,2022,2022-03-14,9825,2022-03-10,1956,022652,,4,2,9,1400,0,1,2,,1,006,US-395,"CACTUS FLATS ROAD",4224.00,S,N,A,-,Y,INY,,395,,,31.874,H,,R,N,4,0,1,1,C,-,18,,,N,H,H,A,A,H,-,D,D,0,,,,,Y,,-,"- ",0,0,1,0,0,0,0,0,0,"- ","- ",36.244518280029297,-117.98792266845703,INYO,UNINCORPORATED,-117.98797607421875,36.244503021240234
91723517,2022,2022-03-15,9825,2022-03-12,2239,020118,,6,3,9,1400,0,1,2,,1,006,"US-395 S/B","COTTONWOOD CHARCOAL KILNS",1584.00,N,N,B,-,Y,INY,,395,,,44.690,H,,L,Y,3,0,1,1,A,-,01,23152,A,N,E,8,A,A,H,-,D,D,0,,,,,Y,Y,A,01,0,1,0,0,0,0,0,0,0,"- ","- ",36.421501159667969,-118.030029296875,INYO,UNINCORPORATED,-118.02998352050781,36.421504974365234
91723546,2022,2022-03-15,9825,2022-03-13,1000,016173,,7,1,9,1400,0,1,2,,2,001,"US-395 N/B","PLEASANT VALLEY DAM ROAD",1056.00,S,N,A,G,Y,INY,,395,,T,122.139,H,,R,Y,4,0,1,1,A,-,03,22350,,N,F,A,A,A,H,-,A,D,0,,,,Y,Y,,G,25,0,0,1,0,0,0,0,0,0,"- ","- ",37.388370513916016,-118.49703216552734,INYO,UNINCORPORATED,-118.49704742431641,37.388343811035156
91724123,2022,2022-03-16,9825,2022-02-10,1100,017941,,4,1,9,1400,0,1,3,,2,017,"STATE ROUTE 190","EMIGRANT CANYON ROAD",31152.00,W,N,A,-,Y,INY,,190,,,70.497,H,,R,Y,1,1,1,1,A,-,08,22107,,N,E,I,A,A,H,-,A,D,0,,,,,Y,,A,01,1,0,0,0,0,0,0,0,0,"- ","- ",36.419769287109375,-117.26844024658203,INYO,UNINCORPORATED,-117.26844024658203,36.419773101806641
91724135,2022,2022-03-16,9825,2022-03-06,1200,022652,,7,1,9,1400,0,1,2,,1,006,US-395,"MOUNTAIN VIEW ST",50.00,N,N,A,-,Y,INY,,395,,,57.751,H,,R,N,3,0,1,2,A,-,11,21954,A,N,G,B,D,A,H,-,A,D,0,Y,,,,Y,,N,60,0,1,0,0,1,0,0,0,0,"- ","- ",36.605770111083984,-118.06345367431641,INYO,UNINCORPORATED,-118.06346130371094,36.605766296386719
91736013,2022,2022-03-29,9825,2022-03-24,1456,020183,,4,2,2,1401,0,1,2,,1,005,US-395,"MANZANAR REWARD RD",1016.40,S,N,A,-,Y,INY,,395,,,67.769,H,,L,Y,3,0,1,1,A,-,08,22107,,N,F,J,A,A,H,-,A,D,0,,,,,Y,,A,01,0,1,0,0,0,0,0,0,0,"- ","- ",36.731990814208984,-118.14742279052734,INYO,BISHOP,-118.14752960205078,36.731937408447266
91737013,2022,2022-03-30,9825,2022-03-28,0835,018685,,1,1,9,1400,0,1,3,,1,019,SR-127,SR-190,7920.00,N,N,A,G,Y,INY,,127,,,43.800,H,,R,Y,3,0,1,1,A,-,08,22107,,N,F,A,A,A,H,-,A,D,0,,,,,Y,,A,01,0,1,0,0,0,0,0,0,0,"- ","- ",36.327548980712891,-116.42298126220703,INYO,UNINCORPORATED,-116.42312622070312,36.327541351318359
91737136,2022,2022-03-30,9825,2022-03-24,1520,022652,,4,2,9,1400,0,1,3,,2,016,SR-190,US-395,11090.00,E,N,A,-,Y,INY,,190,,,12.122,H,,R,Y,3,0,1,1,A,-,08,22107,,N,F,A,A,A,H,-,A,D,0,,,,,Y,,A,01,0,1,0,0,0,0,0,0,0,"- ","- ",36.306278228759766,-117.98094940185547,INYO,UNINCORPORATED,-117.98094940185547,36.306282043457031
91742409,2022,2022-04-06,9825,2022-04-03,1105,018685,,7,1,9,1400,0,1,3,,1,018,SR-190,"DANTE'S VIEW RD",5280.00,W,N,A,-,Y,INY,,190,,,121.580,H,,R,Y,2,0,1,1,A,-,08,22107,,N,F,A,A,A,H,-,A,D,0,,,Y,,Y,,C,02,1,0,0,0,0,0,0,0,1,"- ","- ",36.365638732910156,-116.72528076171875,INYO,UNINCORPORATED,-116.72522735595703,36.365718841552734
91746248,2022,2022-04-12,9825,2022-04-05,1800,019814,,2,2,9,1400,0,3,5,,2,040,"BAKER CREEK ROAD","BAKER CREEK CAMPGROUND ROAD",33.00,E,N,A,-,N,,,,,,,,,,N,2,0,1,1,A,-,08,22107,,N,E,I,A,A,H,-,A,D,0,,Y,,,Y,,-,"- ",1,0,0,0,0,0,1,0,0,"- ","- ",37.169731140136719,-118.30763244628906,INYO,UNINCORPORATED,,
91746259,2022,2022-04-12,9825,2022-04-02,2500,022270,,6,4,9,1400,0,1,2,,1,003,"US-395 S/B","SUNLAND INDIAN RESERVATION ROAD",0.00,,Y,A,-,Y,INY,,395,,,113.364,H,,L,Y,3,0,1,1,A,-,01,23152,A,N,E,I,A,A,H,-,D,D,0,,,,,Y,Y,A,01,0,1,0,0,0,0,0,0,0,"- ","- ",37.332141876220703,-118.39495086669922,INYO,UNINCORPORATED,-118.39478302001953,37.332183837890625
91746644,2022,2022-04-12,9825,2022-02-19,1924,020736,,6,2,9,1400,0,1,2,,1,007,"US-395 NORTHBOUND","GILL STATION COSO ROAD",0.00,,Y,A,-,Y,INY,,395,,R,17.877,H,,R,Y,1,2,0,2,A,-,12,22450,A,N,D,C,A,A,H,-,C,A,0,,,,Y,Y,,A,01,0,0,0,0,0,0,0,0,0,"- ","- ",36.045928955078125,-117.94732666015625,INYO,UNINCORPORATED,-117.94723510742188,36.045951843261719
91748997,2022,2022-04-15,9825,2022-04-11,1125,020530,,1,1,9,1400,0,1,2,,1,004,"US-395 S/B","BLACK ROCK SPRINGS RD",8976.00,S,N,A,G,Y,INY,,395,,R,80.247,H,,L,Y,3,0,1,1,C,-,18,,,N,F,A,A,A,H,-,A,D,0,,,,Y,Y,,-,"- ",0,1,0,0,0,0,0,0,0,"- ","- ",36.893268585205078,-118.24205780029297,INYO,UNINCORPORATED,-118.2421875,36.893272399902344
91749039,2022,2022-04-15,9825,2022-04-11,1126,020530,,1,1,9,1400,0,1,2,,1,004,"US-395 S/B","BLACK ROCK SPRINGS RD",9504.00,S,N,G,-,Y,INY,,395,,R,80.047,H,,L,Y,3,0,1,1,C,-,18,,,N,F,A,A,A,H,-,A,D,0,,,,Y,Y,,-,"- ",0,1,0,0,0,0,0,0,0,"- ","- ",36.890369415283203,-118.24207305908203,INYO,UNINCORPORATED,-118.24211120605469,36.890365600585938
91757065,2022,2022-04-26,9825,2022-04-16,1320,020736,,6,1,9,1400,0,1,2,,1,006,US-395,"SIERRA ST",15312.00,N,N,A,G,Y,INY,,395,,,40.836,H,,R,Y,3,0,1,1,A,-,08,22107,,N,F,A,A,A,H,-,A,A,0,,,,Y,Y,,G,25,0,1,0,0,0,0,0,0,0,"- ","- ",36.365989685058594,-118.02365875244141,INYO,UNINCORPORATED,-118.02373504638672,36.365989685058594
91761257,2022,2022-04-29,9825,2022-04-26,0955,020530,,2,1,9,1400,0,1,2,,2,061,"SIERRA VISTA WAY","S. BARLOW LN.",350.00,W,N,A,-,N,,,,,,,,,,Y,4,0,1,2,A,-,08,22107,,N,E,E,A,A,H,-,A,D,0,,,,,Y,,A,07,0,0,1,0,0,0,0,0,0,"- ","- ",37.348529815673828,-118.42420959472656,INYO,UNINCORPORATED,-118.42412567138672,37.348590850830078
91770670,2022,2022-05-12,9825,2022-05-08,1123,018925,,7,1,9,1400,0,1,2,,1,006,US-395,"MOUNTAIN VIEW ST",51.00,S,N,A,-,Y,INY,,395,,,57.722,H,,R,N,4,0,1,2,A,-,03,22350,,N,C,C,A,A,H,-,A,D,0,,,Y,,Y,,C,02,0,0,1,0,0,0,0,0,1,"- ","- ",36.605461120605469,-118.06320953369141,INYO,UNINCORPORATED,-118.06328582763672,36.605434417724609
91773131,2022,2022-05-16,9825,2022-05-10,0928,017035,BISHO,2,1,9,1400,0,2,4,,2,021,"WINUBA LANE","DIAZ LANE",0.00,,Y,A,-,N,,,,,,,,,,Y,3,0,1,2,A,-,12,22450,A,N,D,C,A,A,H,-,A,A,0,,,,,Y,,A,07,0,1,0,0,0,0,0,0,0,"- ","- ",37.368461608886719,-118.42980194091797,INYO,UNINCORPORATED,-118.42980194091797,37.368450164794922
91773243,2022,2022-08-23,9825,2022-03-23,2057,022652,,3,2,9,1400,0,1,2,,1,006,US-395,"ASH CREEK BRIDGE",5280.00,S,N,A,-,Y,INY,,395,,,40.947,H,,R,Y,1,1,0,2,A,-,08,22107,,N,A,C,A,A,H,-,D,D,0,,,,Y,Y,,F,26,0,0,0,0,0,0,0,0,0,"- ","- ",36.367568969726562,-118.02375793457031,INYO,UNINCORPORATED,-118.02376556396484,36.367568969726562
91774924,2022,2022-05-18,9825,2022-05-07,2315,021400,,6,3,9,1400,0,1,2,,1,003,"NB US-395","BLACK ROCK SPRINGS RD",7392.00,S,N,A,-,Y,INY,,395,,R,80.524,H,,R,Y,3,0,1,1,C,-,18,,,N,H,H,A,A,H,-,D,D,0,,,,,Y,,-,"- ",0,1,0,0,0,0,0,0,0,"- ","- ",36.897281646728516,-118.24163818359375,INYO,UNINCORPORATED,-118.24162292480469,36.89727783203125
91789325,2022,2022-06-06,9825,2022-05-27,1213,020118,,5,1,9,1400,0,1,3,,1,015,SR-136,"W. DOLOMITE ROAD",1584.00,E,N,A,-,Y,INY,,136,,,3.794,H,,R,Y,2,0,1,1,A,-,01,23152,A,N,F,A,A,A,H,-,A,D,0,,,,,Y,Y,D,22,1,0,0,0,0,0,0,0,0,"- ","- ",36.572151184082031,-117.99118804931641,INYO,UNINCORPORATED,-117.9912109375,36.572120666503906
91789890,2022,2022-06-07,9825,2022-06-04,1121,018685,,6,1,9,1400,0,1,3,,2,020,SR-178,SR-127,528.00,E,N,A,-,Y,INY,,178,,,43.244,H,,R,Y,4,0,1,1,A,-,08,22107,,N,E,I,A,A,H,-,A,D,0,,,,,Y,,D,22,0,0,1,0,0,0,0,0,0,"- ","- ",35.971389770507812,-116.26510620117188,INYO,UNINCORPORATED,-116.26510620117188,35.971454620361328
91792722,2022,2022-06-10,9825,2022-06-02,1132,018925,,4,1,9,1400,0,1,2,,1,007,"S/B US-395","CINDER RD",550.00,N,N,A,-,Y,INY,,395,,R,13.072,H,,L,Y,2,0,1,1,C,-,18,,,N,F,A,A,A,H,-,A,D,0,,,Y,,Y,,-,"- ",1,0,0,0,0,0,0,0,1,"- ","- ",35.979061126708984,-117.92462921142578,INYO,UNINCORPORATED,-117.92472076416016,35.979034423828125
91792766,2022,2022-06-10,9825,2022-06-06,1315,018685,,1,1,9,1400,0,3,5,,2,060,"STATELINE ROAD",SR-127,2640.00,E,N,A,-,N,,,,,,,,,,Y,3,0,2,1,A,-,08,22107,,N,F,A,A,A,H,-,A,D,0,,,,,Y,,-,"- ",0,2,0,0,0,0,0,0,0,"- ","- ",36.305221557617188,-116.40875244140625,INYO,UNINCORPORATED,-116.40695190429688,36.306037902832031
91795103,2022,2022-06-14,9825,2022-06-08,2220,017565,,3,3,9,1400,0,1,2,,1,004,"US 395","NORTH FISH SPRINGS ROAD",300.00,S,N,A,-,Y,INY,,395,,,95.567,H,,R,Y,4,0,1,1,C,-,18,,,N,H,H,A,A,H,-,D,D,0,,,,,Y,,-,"- ",0,0,1,0,0,0,0,0,0,"- ","- ",37.105140686035156,-118.25261688232422,INYO,UNINCORPORATED,-118.25260162353516,37.105144500732422
91796184,2022,2022-06-15,9825,2022-06-04,1747,020736,,6,2,9,1400,0,1,2,,1,005,US-395,"MAIN STREET",0.00,,Y,A,-,Y,INY,,395,,,73.559,H,,R,Y,3,0,1,2,A,-,09,21802,A,N,D,C,A,A,H,-,A,A,0,,,,,Y,,A,07,0,1,0,0,0,0,0,0,0,"- ","- ",36.804378509521484,-118.20082092285156,INYO,UNINCORPORATED,-118.20082092285156,36.804378509521484
91796700,2022,2022-06-16,9825,2022-06-15,1210,016119,,3,1,9,1400,0,1,2,,2,002,"US 395","BROCKMAN LANE",0.00,,Y,A,-,Y,INY,,395,,,118.295,H,,L,Y,3,0,1,2,A,-,01,23152,A,N,D,C,A,A,H,-,A,A,0,,,,,Y,Y,A,01,0,1,0,0,0,0,0,0,0,"- ","- ",37.375831604003906,-118.4315185546875,INYO,UNINCORPORATED,-118.4315185546875,37.375801086425781
91796896,2022,2022-06-16,9825,2022-06-04,0515,016119,,6,3,9,1400,0,1,2,,1,004,"US 395","ELNA ROAD",8976.00,S,N,A,-,Y,INY,,395,,,90.286,H,,R,Y,2,0,1,1,A,-,08,22107,,N,F,A,A,A,H,-,B,D,0,,,,,Y,,D,22,1,0,0,0,0,0,0,0,0,"- ","- ",37.031780242919922,-118.23142242431641,INYO,UNINCORPORATED,-118.23137664794922,37.031784057617188
91800397,2022,2022-06-21,9825,2022-06-15,1959,018925,,3,2,9,1400,0,1,3,,2,016,SR-190,SR-136,13200.00,E,N,A,-,Y,INY,,190,,,27.135,H,,R,Y,3,0,1,1,A,-,01,23152,A,N,F,A,A,A,H,-,B,D,0,,,,,Y,Y,E,22,0,1,0,0,0,0,0,0,0,"- ","- ",36.395980834960938,-117.80792999267578,INYO,UNINCORPORATED,-117.80786895751953,36.395992279052734
91800927,2022,2022-06-22,9825,2022-06-21,0855,016119,,2,1,2,1401,0,1,2,,1,005,"US 395 (SOUTHBOUND)","SCHOBER LANE",528.00,N,N,A,-,Y,,,,,,,,,,Y,3,0,1,1,A,-,08,22107,,N,E,8,A,A,H,-,A,D,0,,,,,Y,,D,22,0,1,0,0,0,0,0,0,0,"- ","- ",37.248958587646484,-118.39527130126953,INYO,BISHOP,-118.3951416015625,37.348308563232422
91804086,2022,2022-07-01,9825,2022-06-20,0701,022757,,1,1,9,1400,0,1,3,,1,011,SR-168W,"GRANDVIEW DRIVE",22.00,W,N,A,-,Y,INY,,168,,,16.200,H,,R,Y,3,0,1,1,A,-,01,23152,A,N,E,8,A,A,H,-,A,D,0,,,,,Y,Y,A,01,0,1,0,0,0,0,0,0,0,"- ","- ",37.361198425292969,-118.43389892578125,INYO,UNINCORPORATED,-118.43390655517578,37.361305236816406
91815138,2022,2022-07-12,9825,2022-07-10,0631,020118,,7,1,9,1400,0,1,2,,1,005,"N/B US-395","ALABAMA GATES",3168.00,S,N,A,-,Y,INY,,395,,R,62.208,H,,R,Y,3,0,1,1,A,-,08,22107,,N,F,0,A,A,H,-,A,D,0,,,,,Y,,D,22,0,1,0,0,0,0,0,0,0,"- ","- ",36.664890289306641,-118.0938720703125,INYO,UNINCORPORATED,-118.09394073486328,36.664867401123047
91815187,2022,2022-07-12,9825,2022-07-11,0514,020118,,1,3,9,1400,0,1,2,,1,007,"N/B US-395","GILL STATION COSO ROAD",14256.00,S,N,A,-,Y,INY,,395,,R,15.082,H,,R,Y,2,0,1,1,A,-,08,22107,,N,F,0,A,A,H,-,D,D,0,,,,,Y,,D,22,1,0,0,0,0,0,0,0,0,"- ","- ",36.006610870361328,-117.93486022949219,INYO,UNINCORPORATED,-117.93476867675781,36.006629943847656
91817457,2022,2022-07-14,9825,2022-07-07,1600,022652,,4,2,9,1400,0,1,2,,1,006,US-395,"MUIR ST",0.00,,Y,A,-,Y,INY,,395,,,57.501,H,,R,N,3,0,1,2,A,-,03,22350,,N,C,C,A,A,H,-,A,D,0,,,,,Y,,A,07,0,1,0,0,0,0,0,0,0,"- ","- ",36.602531433105469,-118.06181335449219,INYO,UNINCORPORATED,-118.06185150146484,36.602516174316406
91818097,2022,2022-07-15,9825,2022-07-10,1918,022905,BISHO,7,2,9,1400,0,2,4,,2,021,"TU SU LANE","NUUMU WAY",232.00,S,N,A,-,N,,,,,,,,,,N,3,0,1,1,A,-,01,23152,A,N,E,I,A,A,H,-,B,D,0,,,,,Y,Y,D,22,0,1,0,0,0,0,0,0,0,"- ","- ",37.372501373291016,-118.41829681396484,INYO,UNINCORPORATED,-118.41838836669922,37.372425079345703
91820718,2022,2022-07-19,9825,2022-07-18,1258,020118,,1,1,9,1400,0,1,2,,1,006,US-395,SR-136,1584.00,N,N,A,-,Y,INY,,395,,,56.178,H,,R,Y,3,0,1,1,A,-,08,22107,,N,E,8,A,A,H,-,A,D,0,,,,,Y,,A,08,0,1,0,0,0,0,0,0,0,"- ","- ",36.584499359130859,-118.05745697021484,INYO,UNINCORPORATED,-118.0574951171875,36.584499359130859
91823067,2022,2022-07-22,9825,2022-07-14,2245,020736,,4,3,9,1400,0,1,3,,1,015,SR-136,"DOLOMITE LOOP",5808.00,E,N,A,-,Y,,,,,,,,,,Y,3,0,1,1,C,-,18,,,N,H,H,A,B,H,-,D,D,0,,,,,Y,,-,"- ",0,1,0,0,0,0,0,0,0,"- ","- ",36.503948211669922,-117.91523742675781,INYO,UNINCORPORATED,-117.98006439208984,36.566299438476562
91824040,2022,2022-07-25,9825,2022-07-18,1840,018685,,1,2,9,1400,0,1,3,,2,020,SR-178,SR-127,20592.00,W,N,C,-,Y,,,,,,,,,,Y,2,0,1,1,A,-,03,22350,,N,E,I,A,B,H,-,A,D,0,,,,,Y,,A,08,1,0,0,0,0,0,0,0,0,"- ","- ",35.985660552978516,-116.33553314208984,INYO,UNINCORPORATED,-116.33616638183594,35.982830047607422
91825377,2022,2022-07-26,9825,2022-07-25,1522,022961,,1,2,9,1400,0,1,2,,2,002,"US 395","MATLICK LN.",0.00,,Y,A,-,Y,INY,,395,,,117.640,H,,R,N,4,0,1,2,A,-,09,21804,,N,H,G,A,A,H,-,A,A,0,,Y,,,Y,,A,01,0,0,1,0,0,0,1,0,0,"- ","- ",37.375850677490234,-118.41951751708984,INYO,UNINCORPORATED,-118.41952514648438,37.375896453857422
91827284,2022,2022-07-28,9825,2022-07-16,1304,020118,,6,1,9,1400,0,1,2,,1,007,"US-395 N/B","SOUTH HAIWEE ROAD",13728.00,S,N,A,-,Y,INY,,395,,R,21.972,H,,R,Y,1,2,0,2,A,-,03,22350,,N,C,C,A,A,H,-,A,D,0,,,,Y,Y,,A,01,0,0,0,0,0,0,0,0,0,"- ","- ",36.103069305419922,-117.96714019775391,INYO,UNINCORPORATED,-117.96713256835938,36.103069305419922
91828881,2022,2022-07-29,9825,2022-07-27,0730,020118,,3,1,9,1400,0,1,3,,2,016,SR-190,"SALINE VALLEY ROAD",11616.00,W,N,A,-,Y,INY,,190,,,32.436,H,,R,Y,4,0,1,1,A,-,01,23152,A,N,F,A,A,A,H,-,A,D,0,,,,,Y,Y,A,01,0,0,1,0,0,0,0,0,0,"- ","- ",36.337749481201172,-117.75357818603516,INYO,UNINCORPORATED,-117.75348663330078,36.337848663330078
91830101,2022,2022-08-01,9825,2022-07-29,1325,020183,BISHO,5,1,2,1401,0,3,5,,2,030,"TU SU LANE","NUUMU WAY",0.00,,Y,A,-,N,,,,,,,,,,N,3,0,1,2,A,-,09,21801,A,N,H,G,A,A,H,-,A,D,0,,Y,,,Y,,A,01,0,1,0,0,0,0,1,0,0,"- ","- ",37.373069763183594,-118.41832733154297,INYO,BISHOP,-118.41838836669922,37.373058319091797
91840302,2022,2022-08-15,9825,2022-08-06,1800,017941,,6,2,9,1400,0,1,3,,1,019,"STATE ROUTE 127","STELLA ROAD",8448.00,S,N,A,-,Y,INY,,127,,,12.155,H,,R,Y,2,0,2,1,A,-,08,22107,,N,F,A,A,A,H,-,A,D,0,,,,,Y,,A,07,1,1,0,0,0,0,0,0,0,"- ","- ",35.936130523681641,-116.26883697509766,INYO,UNINCORPORATED,-116.26889038085938,35.936126708984375
91840681,2022,2022-08-15,9825,2022-08-08,1050,020736,,1,1,9,1400,0,2,4,,2,052,"OLD SPANISH TRAIL HIGHWAY","ASTER WAY",53328.00,W,N,B,-,Y,,,,,,,,,,Y,3,0,1,1,A,-,08,22107,,N,F,A,A,A,H,-,A,D,0,,,,,Y,,E,22,0,1,0,0,0,0,0,0,0,"- ","- ",36.004531860351562,-115.44022369384766,INYO,UNINCORPORATED,-116.05636596679688,35.883720397949219
91840716,2022,2022-08-15,9825,2022-08-14,0706,020183,,7,1,9,1400,0,1,3,,1,019,SR-127,SR-190,16368.00,S,N,A,-,Y,INY,,127,,,39.307,H,,R,N,3,0,1,1,A,-,08,22107,,N,E,I,A,A,H,-,A,D,0,,,Y,,Y,,C,02,0,1,0,0,0,0,0,0,1,"- ","- ",36.267898559570312,-116.43411254882812,INYO,UNINCORPORATED,-116.43418121337891,36.267925262451172
91846625,2022,2022-08-23,9825,2022-08-20,0530,016119,,6,3,9,1400,0,1,2,,2,002,"US 395","SEE VEE LN",3168.00,S,N,A,-,Y,INY,,395,,,116.814,H,,R,Y,4,0,1,1,A,-,08,22107,,M,E,I,A,A,H,-,D,D,0,,,,,Y,Y,A,01,0,0,1,0,0,0,0,0,0,"- ","- ",37.375999450683594,-118.40480804443359,INYO,UNINCORPORATED,-118.40480804443359,37.375923156738281
91852455,2022,2023-02-17,9825,2022-08-08,1917,020183,,1,2,9,1400,0,3,5,,2,060,"TUTTLE CREEK RD","WHITNEY PORTAL RD",372.20,S,N,B,-,N,,,,,,,,,,N,1,1,0,1,A,-,03,22350,,N,E,I,A,A,H,-,A,D,0,,Y,,,Y,,-,"- ",0,0,0,0,0,1,0,0,0,"- ","- ",36.600978851318359,-118.07106781005859,INYO,UNINCORPORATED,-118.07108306884766,36.601036071777344
91860914,2022,2022-09-09,9825,2022-08-31,1725,019814,,3,2,9,1400,0,1,3,,1,011,"SR-168 W","E BISHOP CREEK ROAD",664.00,E,N,A,-,Y,INY,,168,,R,13.016,H,,R,Y,2,0,1,1,A,-,08,22107,,N,F,A,A,A,H,-,A,D,0,,,,,Y,,D,22,1,0,0,0,0,0,0,0,0,"- ","- ",37.341861724853516,-118.48094177246094,INYO,UNINCORPORATED,-118.48097229003906,37.342056274414062
91862062,2022,2022-09-12,9825,2022-09-07,0600,023021,,3,1,9,1400,0,1,2,,2,041,"SUNLAND DR","SUNLAND INDIAN RESERVATION RD",226.00,S,N,A,-,N,,,,,,,,,,Y,4,0,1,1,A,-,08,22107,,N,E,I,A,A,H,-,B,D,0,,,,,Y,,A,07,0,0,1,0,0,0,0,0,0,"- ","- ",37.330108642578125,-118.40464019775391,INYO,UNINCORPORATED,,
91863608,2022,2022-09-13,9825,2022-08-22,1756,022014,,1,2,9,1400,0,1,2,,1,003,US-395,"BAKER CREEK RD",0.00,,Y,A,-,Y,INY,,395,,,100.599,H,,R,Y,3,0,3,2,A,-,09,21802,A,N,D,2,A,A,H,-,A,A,0,,,,,Y,,A,07,0,2,1,0,0,0,0,0,0,"- ","- ",37.1697998046875,-118.28961181640625,INYO,UNINCORPORATED,-118.28951263427734,37.1697998046875
91869366,2022,2022-09-20,9825,2022-09-06,1945,022961,,2,2,9,1400,0,1,3,,1,011,SR-168,"WINUBA LANE",130.00,W,N,A,-,Y,INY,,168,,,16.399,H,,R,Y,3,0,1,1,A,-,01,23152,A,N,E,8,A,A,H,-,D,D,0,,,,,Y,Y,A,01,0,1,0,0,0,0,0,0,0,"- ","- ",37.361469268798828,-118.43026733398438,INYO,UNINCORPORATED,-118.43026733398438,37.361381530761719
91870006,2022,2022-09-21,9825,2022-09-17,1130,023021,,6,1,9,1400,0,1,3,,1,013,SR-168,"DEEP SPRING RANCH ROAD",29040.00,E,N,A,-,Y,INY,,168,,,47.906,H,,R,N,2,0,1,1,A,-,03,22350,,N,F,A,A,A,B,-,A,D,0,,,Y,,Y,,C,02,1,0,0,0,0,0,0,0,1,"- ","- ",37.415031433105469,-117.96527099609375,INYO,UNINCORPORATED,-117.96525573730469,37.415042877197266
91872261,2022,2022-11-07,9825,2022-09-11,1705,022014,BISHO,7,2,9,1400,0,2,4,,2,021,"NUU MUU LANE","TU SU LANE",0.00,,Y,A,-,N,,,,,,,,,,Y,3,0,2,2,B,-,22,,,N,A,C,A,A,H,-,A,A,0,,,,,Y,,A,01,0,1,1,0,0,0,0,0,0,"- ","- ",37.373081207275391,-118.41838836669922,INYO,UNINCORPORATED,,
91875464,2022,2022-09-28,9825,2022-09-20,1650,017941,,2,2,9,1400,0,1,3,,1,018,"STATE ROUTE 190","DANTES VIEW RD",160.00,E,N,A,-,N,,,,,,,,,,Y,3,0,2,2,A,-,08,22107,,N,D,C,A,A,H,-,A,D,0,,,,,Y,,A,01,0,1,1,0,0,0,0,0,0,"- ","- ",36.363449096679688,-116.70851135253906,INYO,UNINCORPORATED,-116.70847320556641,36.363372802734375
91883195,2022,2022-10-05,9825,2022-09-30,1620,022961,,5,2,9,1400,0,1,3,,1,012,SR-168,"WYMAN CREEK RD",3727.00,E,N,A,-,Y,INY,,168,,,49.347,H,,R,Y,4,0,1,1,A,-,08,22107,,N,E,J,A,A,H,-,A,D,0,,,Y,,Y,,C,02,0,0,1,0,0,0,0,0,1,"- ","- ",37.433921813964844,-117.95169067382812,INYO,UNINCORPORATED,-117.95165252685547,37.43389892578125
91885300,2022,2022-10-07,9825,2022-10-02,1742,022270,,7,2,9,1400,0,1,2,,1,003,"US-395 S/B","BISHOP GOLF COUSRE RD",0.00,,Y,A,-,Y,INY,,395,,,114.127,H,,L,Y,2,0,2,2,A,-,09,21804,A,N,D,D,A,A,H,-,A,A,0,,,,,Y,,A,07,2,0,0,0,0,0,0,0,0,"- ","- ",37.343040466308594,-118.39511108398438,INYO,UNINCORPORATED,-118.39507293701172,37.343040466308594
91886140,2022,2022-10-10,9825,2022-10-05,0837,020118,,3,1,9,1400,0,3,5,,2,060,"S. MOUNT WHITNEY DRIVE","E. POST STREET",158.00,S,N,A,-,N,,,,,,,,,,Y,3,0,1,2,A,-,08,22107,,N,D,E,A,A,H,-,A,D,0,,,,,Y,,A,07,0,1,0,0,0,0,0,0,0,"- ","- ",36.603839874267578,-118.05889129638672,INYO,UNINCORPORATED,-118.05877685546875,36.603935241699219
91886564,2022,2022-10-10,9825,2022-10-02,1600,022961,,7,2,9,1400,0,1,3,,1,012,SR-168,"OASIS RD",4627.00,W,N,A,-,Y,INY,,168,,,52.822,H,,R,N,4,0,1,1,A,-,08,22107,,N,F,A,A,A,H,-,B,D,0,,,Y,,Y,,C,02,0,0,1,0,0,0,0,0,1,"- ","- ",37.44873046875,-117.93131256103516,INYO,UNINCORPORATED,-117.93128967285156,37.448699951171875
91896565,2022,2022-10-21,9825,2022-10-20,0542,015522,,4,3,9,1400,0,1,3,,1,011,SR-168,"BARLOW LANE",0.00,,Y,A,-,Y,INY,,168,,,16.795,H,,R,Y,4,0,1,2,A,-,17,21451,A,N,A,C,A,A,H,-,C,D,0,,,,,Y,,D,22,0,0,1,0,0,0,0,0,0,"- ","- ",37.361320495605469,-118.42308044433594,INYO,UNINCORPORATED,-118.42308044433594,37.361309051513672
91898129,2022,2022-10-24,9825,2022-10-19,0635,020118,,3,1,9,1400,0,1,2,,1,005,"S/B US-395","GEORGES CREEK",2112.00,S,N,A,-,Y,INY,,395,,R,65.205,H,,L,Y,3,0,1,1,A,-,08,22107,,N,E,8,A,A,H,-,B,D,0,,,,,Y,,A,01,0,1,0,0,0,0,0,0,0,"- ","- ",36.699951171875,-118.12164306640625,INYO,UNINCORPORATED,-118.12158966064453,36.699981689453125
91898132,2022,2022-10-24,9825,2022-10-18,1430,017941,,2,2,9,1400,0,1,3,,1,019,"STATE ROUTE 127","SAN BERNARDINO COUNTY LINE",11616.00,S,N,A,-,Y,INY,,127,,,2.199,H,,R,Y,3,0,1,1,A,-,01,23152,A,N,E,I,A,A,H,-,A,D,0,,,,,Y,Y,D,22,0,1,0,0,0,0,0,0,0,"- ","- ",35.821941375732422,-116.32356262207031,INYO,UNINCORPORATED,-116.32359313964844,35.821956634521484
91900201,2022,2022-10-26,9825,2022-10-17,1000,022905,,1,1,9,1400,0,1,2,,1,003,"US-395 S/B","SUNLAND INDIAN RESERVATION RD",1373.00,N,N,A,-,Y,INY,,395,,,113.643,H,,L,Y,4,0,1,2,A,-,03,22350,,N,C,C,A,A,H,-,A,D,0,,,,,Y,,A,07,0,0,1,0,0,0,0,0,0,"- ","- ",37.336139678955078,-118.39508056640625,INYO,UNINCORPORATED,-118.39508056640625,37.336139678955078
91900961,2022,2022-10-27,9825,2022-10-17,0755,022961,,1,1,9,1400,0,1,2,,1,009,US-6,"PETROGLYPH ROAD",1272.00,N,N,A,-,Y,MNO,,6,,,8.819,H,,R,N,4,0,2,3,A,-,17,23114,,N,H,C,A,A,H,-,A,D,0,,,Y,Y,Y,,G,25,0,0,2,0,0,0,0,0,2,"- ","- ",37.587348937988281,-118.38600158691406,INYO,UNINCORPORATED,-118.38594055175781,37.587360382080078
91901434,2022,2022-10-27,9825,2022-10-19,0755,022905,,3,1,9,1400,0,1,2,,1,006,"US-395 N/B","LAKE ST",327.00,S,N,A,-,Y,INY,,395,,,37.535,H,,R,Y,4,0,1,2,A,-,05,21460,A,M,B,C,A,A,H,-,A,D,0,,,,Y,Y,,-,99,0,0,1,0,0,0,0,0,0,"- ","- ",36.319210052490234,-118.02709197998047,INYO,UNINCORPORATED,-118.02706909179688,36.319210052490234
91906646,2022,2022-11-01,9825,2022-10-26,1000,015522,,3,1,9,1400,0,2,4,,2,076,"LOCUST STREET","PINE STREET",54.00,W,N,A,-,N,,,,,,,,,,Y,3,0,1,1,A,-,01,23152,A,N,E,I,A,A,H,-,A,D,0,,,,,Y,Y,A,07,0,1,0,0,0,0,0,0,0,"- ","- ",37.167938232421875,-118.28904724121094,INYO,UNINCORPORATED,-118.28901672363281,37.168037414550781
91909852,2022,2022-11-04,9825,2022-10-28,2016,020736,,5,2,9,1400,0,1,2,,1,006,"US-395 S/B","BARTLETT ROAD",5808.00,S,N,A,-,Y,INY,,395,,,47.902,H,,L,Y,3,0,2,1,A,-,08,22107,,N,E,8,A,A,H,-,D,D,0,,,,,Y,,A,07,0,2,0,0,0,0,0,0,0,"- ","- ",36.467830657958984,-118.03623199462891,INYO,UNINCORPORATED,-118.03655242919922,36.467853546142578
91911598,2022,2022-11-07,9825,2022-11-06,0935,018685,,7,1,9,1400,0,1,3,,1,019,SR-127,"STATELINE ROAD",39072.00,S,N,A,-,Y,INY,,127,,,34.607,H,,R,Y,2,0,1,1,A,-,08,22107,,N,F,A,A,A,H,-,A,D,0,,,Y,,Y,,C,02,1,0,0,0,0,0,0,0,1,"- ","- ",36.210670471191406,-116.39498138427734,INYO,UNINCORPORATED,-116.39496612548828,36.210735321044922
91928209,2022,2022-11-28,9825,2022-11-24,0810,018925,,4,1,9,1400,0,3,5,,2,060,"MAIN ST","JACKSON ST",0.00,,Y,A,-,N,,,,,,,,,,Y,4,0,1,2,A,-,09,21800,A,N,D,C,A,A,H,-,A,D,0,,,,,Y,,A,01,0,0,1,0,0,0,0,0,0,"- ","- ",36.804798126220703,-118.19959259033203,INYO,UNINCORPORATED,-118.19966125488281,36.804805755615234
91930784,2022,2022-11-30,9825,2022-11-29,0653,020118,,2,1,9,1400,0,1,2,,1,006,"N/B US-395","BARTLETT ROAD",6336.00,S,N,A,-,Y,INY,,395,,,47.648,H,,R,Y,3,0,1,1,A,-,08,22107,,N,F,A,A,A,H,-,A,D,0,,,,,Y,,A,07,0,1,0,0,0,0,0,0,0,"- ","- ",36.464149475097656,-118.03623199462891,INYO,UNINCORPORATED,-118.03636932373047,36.464145660400391
91937680,2022,2023-02-17,9825,2022-10-14,1912,020736,,5,2,9,1400,0,1,2,,1,006,US-395,SR-136,1260.00,N,N,A,-,Y,INY,,395,,,56.064,H,,R,Y,1,1,0,2,A,-,11,21954,A,N,G,B,D,A,H,-,D,D,0,Y,,,,Y,,N,60,0,0,0,1,0,0,0,0,0,"- ","- ",36.582809448242188,-118.05751800537109,INYO,UNINCORPORATED,-118.05750274658203,36.582809448242188
91942471,2022,2022-12-14,9825,2022-12-13,0630,015522,,2,1,9,1400,0,1,2,,1,003,US-395,"KEOUGH HOT SPRINGS ROAD",11088.00,S,N,A,-,Y,INY,,395,,,105.850,H,,R,N,4,0,1,1,A,-,08,22107,,N,F,0,A,A,H,-,A,D,0,,,,,Y,,D,22,0,0,1,0,0,0,0,0,0,"- ","- ",37.23046875,-118.34629058837891,INYO,UNINCORPORATED,-118.3463134765625,37.230457305908203
91942630,2022,2022-12-14,9825,2022-10-07,0410,020736,,5,3,9,1400,0,3,5,,2,050,"TECOPA HOT SPRINGS ROAD","FURNACE CREEK ROAD",1030.00,N,N,A,-,N,,,,,,,,,,Y,1,2,0,1,A,-,01,23152,A,N,F,A,A,A,H,-,D,D,0,,,,,Y,Y,A,01,0,0,0,0,0,0,0,0,0,"- ","- ",35.883861541748047,-116.23377990722656,INYO,UNINCORPORATED,-116.23380279541016,35.883831024169922
91943612,2022,2022-12-15,9825,2022-12-05,1715,023021,,1,2,9,1400,0,1,3,,1,011,"SR-168 W/B","BARLOW LN",26.00,E,N,A,-,Y,INY,,168,,,16.838,H,,L,N,4,0,1,2,A,-,17,21208,,N,D,G,A,A,H,-,D,D,0,,Y,,,Y,,L,04,0,0,1,0,0,0,1,0,0,"- ","- ",37.361400604248047,-118.42230987548828,INYO,UNINCORPORATED,-118.42230987548828,37.361309051513672
91943650,2022,2022-12-15,9825,2022-02-20,1956,020736,,7,2,9,1400,0,1,2,,1,006,US-395,"SIERRA STREET",4224.00,N,N,B,-,Y,INY,,395,,,38.955,H,,R,Y,1,1,0,1,A,-,01,23152,G,N,E,8,A,A,H,-,D,D,0,,,,,Y,Y,D,23,0,0,0,0,0,0,0,0,0,"- ","- ",36.339038848876953,-118.02056121826172,INYO,UNINCORPORATED,-118.02062225341797,36.339035034179688
91951470,2022,2022-12-23,9825,2022-12-16,1510,020183,,5,2,9,1400,0,2,4,,2,078,"TRONA WILDROSE RD","INDIAN RANCH RD",8448.00,S,N,A,-,N,,,,,,,,,,Y,2,0,2,1,A,-,03,22350,,N,F,J,A,A,H,-,A,D,0,,,,,Y,,A,01,2,0,0,0,0,0,0,0,0,"- ","- ",36.139999389648438,-117.29596710205078,INYO,UNINCORPORATED,-117.29603576660156,36.140716552734375
91953160,2022,2022-12-27,9825,2022-12-16,2020,022270,,5,2,9,1400,0,1,3,,1,012,"SR-168 EAST",SR-266,9504.00,W,N,A,-,Y,INY,,168,,,53.116,H,,R,N,3,0,1,1,A,-,03,22350,,N,F,8,A,C,H,-,D,D,0,,,,,Y,,D,22,0,1,0,0,0,0,0,0,0,"- ","- ",37.448390960693359,-117.92733764648438,INYO,UNINCORPORATED,-117.92733764648438,37.448383331298828
91953449,2022,2022-12-27,9825,2022-12-22,2312,018685,,4,3,9,1400,0,1,3,,2,017,SR-190,"EMIGRANT CANYON RD",31152.00,W,N,A,-,Y,INY,,190,,,70.796,H,,R,Y,3,0,1,1,A,-,03,22350,,N,F,A,A,A,H,-,D,D,0,,,,,Y,,A,01,0,1,0,0,0,0,0,0,0,"- ","- ",36.422691345214844,-117.2659912109375,INYO,UNINCORPORATED,-117.26591491699219,36.422672271728516
91953483,2022,2022-12-27,9825,2022-12-19,1915,023021,,1,2,9,1400,0,3,5,,2,040,"POLETA RD","NORTH AIRPORT RD",0.00,,Y,A,-,N,,,,,,,,,,Y,3,0,2,2,A,-,12,22450,A,N,D,C,A,A,H,-,D,D,0,,,,,Y,,A,07,0,1,1,0,0,0,0,0,0,"- ","- ",37.361488342285156,-118.36795043945312,INYO,UNINCORPORATED,-118.367919921875,37.361492156982422
91959022,2022,2023-01-03,9825,2022-12-23,1100,015522,,5,1,9,1400,0,1,2,,1,003,US-395,"STEWARD LANE",790.00,S,N,A,-,Y,INY,,395,,,98.462,H,,L,Y,2,0,2,2,A,-,07,21658,A,N,C,C,A,A,H,-,A,D,0,,,,,Y,,A,07,1,1,0,0,0,0,0,0,0,"- ","- ",37.141170501708984,-118.27783966064453,INYO,UNINCORPORATED,-118.27787017822266,37.141155242919922
91961781,2022,2023-01-06,9825,2022-12-30,2100,018685,,5,2,9,1400,0,1,3,,2,017,SR-190,"BEATTY CUTOFF RD",8448.00,W,N,A,-,Y,INY,,190,,,98.099,H,,R,Y,4,0,1,1,A,-,08,22107,,N,E,I,A,A,H,-,D,D,0,,,,,Y,,D,23,0,0,1,0,0,0,0,0,0,"- ","- ",36.596958160400391,-116.97067260742188,INYO,UNINCORPORATED,-116.97066497802734,36.596961975097656
91964393,2022,2023-01-10,9825,2022-12-31,1018,022961,,6,1,9,1400,0,1,3,,1,011,"SR-168 W/B","S. LAKE RD",1584.00,W,N,D,-,Y,INY,,168,,R,2.962,H,,L,N,3,0,1,1,A,-,03,22350,,N,F,A,A,C,H,-,A,D,0,,,,,Y,,A,07,0,1,0,0,0,0,0,0,0,"- ","- ",37.252048492431641,-118.58151245117188,INYO,UNINCORPORATED,-118.58151245117188,37.252048492431641
91966135,2022,2023-01-11,9825,2022-12-29,1825,022014,,4,2,2,1401,0,1,2,,2,002,"US-395 (SIERRA HIGHWAY)","ROCKING W DRIVE",50.00,W,N,A,-,Y,INY,,395,,,117.719,H,,R,N,4,0,1,2,A,-,11,21950,B,N,G,B,D,A,H,-,C,D,0,Y,,,,Y,,N,60,0,0,1,0,1,0,0,0,0,"- ","- ",37.375900268554688,-118.42102813720703,INYO,BISHOP,-118.42102813720703,37.375885009765625
91966136,2023,2023-01-11,9825,2023-01-06,"750 ",018925,,5,1,9,1400,0,1,2,,1,005,US-395,"PANGBORNE LN",7392.00,N,N,A,-,Y,INY,,395," ",R,60.285,H,,R,Y,2,0,1,1,A,-,03,22350,,N,F,0,A,C,H,-,A,D,0,,,,,Y,,D,22,1,0,0,0,0,0,0,0,0,"- ","- ",36.639350891113281,-118.08036041259766,INYO,UNINCORPORATED,-118.08057403564453,36.639259338378906
91966723,2023,2023-03-07,9825,2023-01-09,1603,020183,,1,2,9,1400,0,1,2,,1,005,US-395,"MAZOURKA CANYON ROAD",43.90,N,N,C,-,Y,INY,,395," "," ",73.025,H,,R,Y,2,0,1,3,A,-,01,23152,F,N,E,2,A,B,H,-,A,D,0,,,,,Y,,A,01,1,0,0,0,0,0,0,0,0,"- ","- ",36.797359466552734,-118.19622802734375,INYO,UNINCORPORATED,-118.1964111328125,36.797286987304688
91970044,2023,2023-01-17,9825,2023-01-09,1716,022270,,1,2,9,1400,0,3,5,,2,040,"GERKIN ROAD","SIERRA BONITA ST",3860.00,N,N,B,C,N,,,,,,,,,,N,4,0,1,2,A,-,03,22350,,N,C,C,A,B,B,C,D,D,0,,,,,Y,,A,01,0,0,1,0,0,0,0,0,0,"- ","- ",37.299381256103516,-118.38758087158203,INYO,UNINCORPORATED,-118.38755798339844,37.299308776855469
91974825,2023,2023-01-23,9825,2023-01-14,1804,022270,,6,2,9,1400,0,1,2,,2,001,"US-395 S/B","ED POWERS ROAD",0.00,,Y,B,C,Y,INY,,395," "," ",120.951,H,,L,Y,2,0,1,3,A,-,09,21801,A,N,D,3,A,A,H,-,C,A,0,,,,,Y,,A,01,1,0,0,0,0,0,0,0,0,"- ","- ",37.380760192871094,-118.47744750976562,INYO,UNINCORPORATED,-118.47742462158203,37.38079833984375
91976283,2023,2023-01-24,9825,2023-01-15,1345,022961,,7,1,9,1400,0,1,3,,1,011,"SR-168 W/B","STARLITE DR",9504.00,W,N,A,-,Y,INY,,168," ",R,8.772,H,,L,Y,3,0,4,1,A,-,03,22350,,N,F,A,A,C,H,-,A,D,0,,,,,Y,,D,22,0,1,3,0,0,0,0,0,0,"- ","- ",37.314430236816406,-118.51885986328125,INYO,UNINCORPORATED,-118.51881408691406,37.314407348632812
91983071,2023,2023-01-31,9825,2023-01-22,1405,022270,,7,2,9,1400,0,3,5,,2,040,"MCLAREN LN","MOUNTAIN VIEW RD",488.00,E,N,A,-,N,,,,,,,,,,Y,3,0,1,1,A,-,01,23152,A,M,E,8,A,A,H,-,A,D,0,,,,,Y,Y,A,07,0,1,0,0,0,0,0,0,0,"- ","- ",37.363349914550781,-118.44368743896484,INYO,UNINCORPORATED,-118.44524383544922,37.361495971679688
91985454,2023,2023-02-03,9825,2023-01-22,"33  ",022757,,7,3,9,1400,0,3,5,,2,040,"GERKIN RD.","SUNLAND DRIVE",1426.00,N,N,A,-,N,,,,,,,,,,Y,3,0,1,1,A,-,01,23152,A,N,E,I,A,A,H,-,D,D,0,,,,,Y,Y,K,45,0,1,0,0,0,0,0,0,0,"- ","- ",37.321929931640625,-118.39055633544922,INYO,UNINCORPORATED,-118.39051055908203,37.321849822998047
91987677,2023,2023-02-06,9825,2023-01-31,2000,020118,,2,2,9,1400,0,3,5,,2,060,"SUB STATION ROAD","E-SHA ROAD",2112.00,E,N,A,-,N,,,,,,,,,,N,4,0,1,1,A,-,08,22107,,N,E,I,A,A,H,-,D,D,0,,,,,Y,,A,01,0,0,1,0,0,0,0,0,0,"- ","- ",36.600761413574219,-118.04131317138672,INYO,UNINCORPORATED,-118.04148101806641,36.601142883300781
91989740,2022,2023-02-08,9825,2022-09-26,1235,016119,,1,1,9,1400,0,1,3,,1,015,SR-136,"DOLOMITE LOOPE ROAD",13728.00,E,N,A,-,Y,INY,,136,,,5.973,H,,R,N,1,1,0,1,A,-,08,22107,,N,F,A,A,A,H,-,A,D,0,,,,,Y,,A,07,0,0,0,0,0,0,0,0,0,"- ","- ",36.555038452148438,-117.95867156982422,INYO,UNINCORPORATED,-117.95864868164062,36.555061340332031
91990622,2023,2023-02-09,9825,2023-02-04,1635,018685,,6,2,9,1400,0,3,5,,2,050,"MESQUITE VALLEY ROAD","OLD SPANISH TRAIL HIGHWAY",2112.00,S,N,A,-,N,,,,,,,,,,Y,2,0,2,1,A,-,03,22350,,N,F,A,A,A,H,-,A,D,0,,,Y,,Y,,C,06,2,0,0,0,0,0,0,0,2,"- ","- ",35.890251159667969,-116.02046966552734,INYO,UNINCORPORATED,-115.99446105957031,35.96612548828125
91994175,2023,2023-02-14,9825,2023-02-04,"150 ",017941,,6,3,9,1400,0,1,3,,2,020,"STATE ROUTE 178","NEVADA STATE LINE",52800.00,W,N,A,-,Y,INY,,178," "," ",52.597,H,,R,Y,3,0,2,1,A,-,08,22107,,N,F,A,A,A,H,-,D,D,0,,,,,Y,,A,01,0,1,1,0,0,0,0,0,0,"- ","- ",36.061599731445312,-116.18897247314453,INYO,UNINCORPORATED,-116.18901062011719,36.061603546142578
91995346,2023,2023-02-15,9825,2023-02-08,1813,020118,,3,2,9,1400,0,1,2,,1,006,US-395,"MUIR STREET",0.00,,Y,A,-,Y,INY,,395," "," ",57.494,H,,R,N,3,0,1,2,A,-,06,21951,,N,G,B,B,A,H,-,C,C,0,Y,,,,Y,,A,07,0,1,0,0,1,0,0,0,0,"- ","- ",36.602401733398438,-118.06188201904297,INYO,UNINCORPORATED,-118.06180572509766,36.602424621582031
91997242,2023,2023-02-17,9825,2023-02-13,1035,018925,,1,1,9,1400,0,2,4,,2,078,"TRONA-WILDROSE RD.","QUARRY RD.",19536.00,N,N,A,-,N,,,,,,,,,,N,4,0,1,1,A,-,03,22350,,N,F,0,A,A,H,-,A,D,0,,,Y,,Y,,C,02,0,0,1,0,0,0,0,0,1,"- ","- ",35.972328186035156,-117.34024810791016,INYO,UNINCORPORATED,-117.33987426757812,35.969818115234375
92000387,2023,2023-02-22,9825,2023-02-14,"115 ",022616,,2,3,9,1400,0,1,2,,1,003,"N/B US-395","SR-168 E.",2482.00,N,N,A,-,Y,INY,,395," "," ",101.364,H,,R,Y,3,0,1,1,A,-,03,22350,,N,H,7,A,A,H,-,D,D,0,,,,Y,Y,,F,26,0,1,0,0,0,0,0,0,0,"- ","- ",37.179439544677734,-118.29611968994141,INYO,UNINCORPORATED,-118.29604339599609,37.179485321044922
92012919,2023,2023-03-08,9825,2023-02-28,"800 ",017941,,2,1,9,1400,0,1,3,,1,019,"STATE ROUTE 127","THE OLD SPANISH TRAIL HIGHWAY",22704.00,S,N,A,-,Y,INY,,127," "," ",2.258,H,,R,Y,4,0,1,1,A,-,08,22107,,N,F,A,A,A,H,-,A,D,0,,,,,Y,,A,01,0,0,1,0,0,0,0,0,0,"- ","- ",35.822731018066406,-116.32318878173828,INYO,UNINCORPORATED,-116.32312774658203,35.822704315185547
92012989,2023,2023-03-08,9825,2023-02-28,1605,020183,,2,2,9,1400,0,1,2,,1,006,US-395,"CACTUS FLATS ROAD",4752.00,S,N,B,-,Y,INY,,395," "," ",32.070,H,,R,Y,4,0,2,1,A,-,03,22350,,N,F,A,A,B,F,-,A,A,0,,,,,Y,,-,"- ",0,0,2,0,0,0,0,0,0,"- ","- ",36.247138977050781,-117.98934173583984,INYO,UNINCORPORATED,-117.98926544189453,36.247165679931641
92027882,2023,2023-03-24,9825,2023-03-17,1530,017941,,5,2,9,1400,0,3,5,,2,060,"BALARATT ROAD","TRONA WILDROSE RD",5280.00,E,N,A,-,N,,,,,,,,,,N,4,0,1,1,A,-,08,22107,,N,F,A,A,A,B,-,A,D,0,,,Y,,Y,,C,02,0,0,1,0,0,0,0,0,1,"- ","- ",36.033031463623047,-117.26547241210938,INYO,UNINCORPORATED,,
92038860,2023,2023-06-13,9825,2023-02-13,"215 ",020118,,1,3,9,1400,0,3,5,,2,060,"TUTTLE CREEK ROAD","LUBKEN CANYON ROAD",0.00,,Y,A,-,N,,,,,,,,,,Y,1,1,0,1,A,-,01,23152,A,N,E,I,A,A,H,-,D,A,0,,,,,Y,Y,A,01,0,0,0,0,0,0,0,0,0,"- ","- ",36.546798706054688,-118.09825134277344,INYO,UNINCORPORATED,-118.09835052490234,36.546840667724609
92041327,2023,2023-04-10,9825,2023-03-30,1506,022270,,4,2,9,1400,0,3,5,,2,040,"SUNLAND DRIVE","SUNLAND INDIAN RESERVATION RD",0.00,,Y,A,-,N,,,,,,,,,,Y,3,0,1,2,A,-,01,23152,G,N,C,C,A,A,H,-,A,D,0,,,,,Y,Y,D,22,0,1,0,0,0,0,0,0,0,"- ","- ",37.335948944091797,-118.40460968017578,INYO,UNINCORPORATED,,
92045087,2023,2023-04-14,9825,2023-04-11,1515,018441,,2,2,9,1400,0,3,5,,2,040,"POLETA-LAWS ROAD","POLETA ROAD",1584.00,N,N,A,-,N,,,,,,,,,,N,3,0,1,1,A,-,08,22107,,N,F,A,A,A,H,-,A,D,0,,,,Y,Y,,F,26,0,1,0,0,0,0,0,0,0,"- ","- ",37.367069244384766,-118.33170318603516,INYO,UNINCORPORATED,-118.33164215087891,37.365833282470703
92045094,2023,2023-04-14,9825,2023-04-07,"230 ",022757,,5,3,9,1400,0,1,2,,1,004,"SB US-395","DUSTY LANE",1373.00,N,N,A,-,Y,INY,,395," "," ",76.800,H,,R,Y,3,0,1,2,A,-,03,22350,,N,C,C,A,A,H,-,D,D,0,,,,Y,Y,,A,01,0,1,0,0,0,0,0,0,0,"- ","- ",36.844200134277344,-118.23014831542969,INYO,UNINCORPORATED,-118.23033905029297,36.844169616699219
92047541,2023,2023-11-16,9825,2023-04-14,"134 ",022757,,5,3,9,1400,0,3,5,,2,040,"BIR ROAD","BARLOW LANE",528.00,E,N,A,-,N,,,,,,,,,,Y,2,0,2,1,A,-,01,23152,A,N,F,A,A,A,H,-,D,D,0,,,,,Y,Y,A,01,1,1,0,0,0,0,0,0,0,"- ","- ",37.336669921875,-118.42394256591797,INYO,UNINCORPORATED,-118.42291259765625,37.338050842285156
92047560,2023,2023-04-18,9825,2023-04-08,1826,022270,BISHO,6,2,9,1400,0,2,4,,2,021,"DIAZ LN","N. PA HA LN.",120.00,E,N,A,-,N,,,,,,,,,,Y,3,0,2,1,A,-,01,23152,A,N,F,0,A,A,H,-,A,A,0,,,,,Y,Y,A,01,0,2,0,0,0,0,0,0,0,"- ","- ",37.368549346923828,-118.42709350585938,INYO,UNINCORPORATED,-118.42714691162109,37.368446350097656
92060297,2023,2023-05-03,9825,2023-04-28,"910 ",015522,,5,1,9,1400,0,1,2,,1,003,"US-395 SOUTHBOUND","KEOUGH HOT SPRINGS ROAD",11088.00,S,N,A,-,Y,INY,,395," "," ",105.808,H,,L,Y,3,0,3,1,A,-,08,22107,,N,F,A,A,A,H,-,A,D,0,,,,,Y,,D,22,0,2,1,0,0,0,0,0,0,"- ","- ",37.229831695556641,-118.34610748291016,INYO,UNINCORPORATED,-118.34607696533203,37.229846954345703
92063962,2023,2023-05-08,9825,2023-05-06,"340 ",017941,,6,3,9,1400,0,1,3,,1,019,"STATE ROUTE 127","THE OLD SPANISH TRAIL HIGHWAY",20064.00,S,N,A,-,Y,INY,,127," "," ",2.991,H,,R,Y,3,0,2,1,A,-,08,22107,,N,E,I,A,A,H,-,D,D,0,,,,,Y,,A,01,0,2,0,0,0,0,0,0,0,"- ","- ",35.832878112792969,-116.31993865966797,INYO,UNINCORPORATED,-116.31999969482422,35.8328857421875
92067977,2023,2023-05-12,9825,2023-04-29,1435,020736,,6,2,9,1400,0,3,5,,2,060,"9 MILE CANYON ROAD",US-395,42240.00,W,N,A,-,N,,,,,,,,,,Y,2,0,1,1,A,-,08,22107,,N,F,A,A,A,H,-,A,A,0,,,Y,,Y,,C,02,1,0,0,0,0,0,0,0,1,"- ","- ",35.854511260986328,-117.98155212402344,INYO,UNINCORPORATED,,
92069804,2023,2023-05-16,9825,2023-05-05,2210,022905,,5,3,9,1400,0,1,2,,2,002,"SB US-395","BARLOW LN",42.00,N,N,A,-,Y,INY,,395," "," ",117.836,H,,R,N,4,0,1,2,A,-,21,22106,,N,C,C,A,A,H,-,C,A,0,,,,,Y,,A,07,0,0,1,0,0,0,0,0,0,"- ","- ",37.375789642333984,-118.42324066162109,INYO,UNINCORPORATED,-118.42324066162109,37.375885009765625
92070132,2023,2023-05-16,9825,2023-05-10,1428,017941,,3,2,9,1400,0,1,3,,1,018,"STATE ROUTE 190","BLM ROAD AR441",9504.00,W,N,A,-,Y,INY,,190," "," ",124.906,H,,R,Y,2,0,2,1,A,-,08,22107,,N,E,I,A,A,H,-,A,D,0,,,,,Y,,A,07,1,1,0,0,0,0,0,0,0,"- ","- ",36.374229431152344,-116.67382049560547,INYO,UNINCORPORATED,-116.67383575439453,36.374183654785156
92074121,2023,2023-05-22,9825,2023-05-18,1125,018925,,4,1,9,1400,0,1,2,,1,007,US-395,"LITTLE LAKE RD",14256.00,S,N,A,-,Y,INY,,395," ",R,6.843,H,,L,Y,4,0,2,1,A,-,08,22107,,N,E,9,A,A,H,-,A,D,0,,,,,Y,,A,01,0,0,2,0,0,0,0,0,0,"- ","- ",35.893150329589844,-117.89749908447266,INYO,UNINCORPORATED,-117.89739227294922,35.8931884765625
92074196,2023,2023-05-22,9825,2023-05-13,1416,018925,,6,2,9,1400,0,1,3,,1,019,SR-127,"CLAY RD",4224.00,S,N,A,-,Y,INY,,127," "," ",47.923,H,,R,Y,3,0,1,1,A,-,01,23153,A,N,E,8,A,A,D,-,A,D,0,,,,,Y,Y,A,01,0,1,0,0,0,0,0,0,0,"- ","- ",36.386940002441406,-116.42262268066406,INYO,UNINCORPORATED,-116.42251586914062,36.386940002441406
92081189,2023,2023-06-28,9825,2023-05-06,1050,020118,,6,1,9,1400,0,1,3,,2,016,SR-190,"PANAMINT VALLEY ROAD",16368.00,W,N,A,-,Y,INY,,190," "," ",54.670,H,,R,Y,1,1,0,2,A,-,08,22107,,N,A,C,A,A,H,-,A,D,0,,,Y,,Y,,C,02,0,0,0,0,0,0,0,1,0,"- ","- ",36.335491180419922,-117.47901916503906,INYO,UNINCORPORATED,-117.47892761230469,36.335548400878906
92083859,2023,2023-06-01,9825,2023-05-23,1900,017941,,2,2,9,1400,0,1,3,,1,018,"STATE ROUTE 190","BADWATER ROAD",3168.00,E,N,A,G,Y,INY,,190," "," ",112.349,H,,R,Y,3,0,1,1,A,-,01,23152,A,N,E,I,A,A,H,-,A,D,0,,,,,Y,Y,A,07,0,1,0,0,0,0,0,0,0,"- ","- ",36.450260162353516,-116.84355163574219,INYO,UNINCORPORATED,-116.84359741210938,36.450214385986328
92095644,2023,2023-06-16,9825,2023-06-11,2054,022270,,7,2,9,1400,0,1,2,,1,003,"US-395 N/B","COLLINS RD",2000.00,N,N,B,-,Y,INY,,395," "," ",110.053,H,,R,Y,4,0,1,1,C,-,18,,,N,H,H,A,A,H,-,D,D,0,,,,,Y,,-,"- ",0,0,1,0,0,0,0,0,0,"- ","- ",37.287338256835938,-118.37362670898438,INYO,UNINCORPORATED,-118.37369537353516,37.287334442138672
92095705,2023,2023-06-16,9825,2023-06-14,1210,018925,,3,1,9,1400,0,1,2,,1,006,US-395,"WHITNEY ST.",4801.00,N,N,A,-,Y,INY,,395," "," ",38.690,H,,R,Y,3,0,2,2,A,-,09,21804,A,N,D,2,A,A,D,-,A,D,0,,,,,Y,,D,22,0,2,0,0,0,0,0,0,0,"- ","- ",36.335220336914062,-118.02101135253906,INYO,UNINCORPORATED,-118.02097320556641,36.335212707519531
92102173,2023,2023-06-26,9825,2023-06-14,1634,022961,BISHO,3,2,9,1400,0,2,4,,2,021,"TU SU LANE","NUMU WAY",272.00,S,N,A,-,N,,,,,,,,,,N,3,0,1,2,A,-,09,21804,A,N,D,C,A,A,H,-,A,D,0,,,Y,,Y,,C,06,0,1,0,0,0,0,0,0,1,"- ","- ",37.372299194335938,-118.41844177246094,INYO,UNINCORPORATED,,
92103096,2023,2023-06-27,9825,2023-06-17,1606,022961,,6,2,9,1400,0,3,5,,2,040,"SAWMILL RD","ED POWERS RD",3399.00,W,N,A,-,N,,,,,,,,,,Y,3,0,1,1,A,-,08,22107,,N,E,8,A,A,H,-,A,D,0,,,,,Y,,D,22,0,1,0,0,0,0,0,0,0,"- ","- ",37.380260467529297,-118.48954772949219,INYO,UNINCORPORATED,-118.47757720947266,37.377101898193359
92110218,2023,2023-07-05,9825,2023-06-25,"942 ",020183,,7,1,9,1400,0,1,2,,1,006,US-395,"LOCUST STREET",0.00,,Y,A,-,Y,INY,,395," "," ",57.898,H,,R,N,4,0,1,2,A,-,09,21802,A,N,D,C,A,A,H,-,A,D,0,,,,,Y,,A,01,0,0,1,0,0,0,0,0,0,"- ","- ",36.607730865478516,-118.06436157226562,INYO,UNINCORPORATED,-118.06443786621094,36.607704162597656
92112958,2023,2023-07-10,9825,2023-06-29,1710,020118,,4,2,9,1400,0,1,2,,1,005,US-395,"PAYNE STREET",0.00,,Y,A,-,Y,INY,,395," "," ",73.252,H,,R,Y,3,0,5,2,A,-,09,21802,A,N,D,C,A,A,H,-,A,A,0,,,,,Y,,D,22,0,5,0,0,0,0,0,0,0,"- ","- ",36.800540924072266,-118.19817352294922,INYO,UNINCORPORATED,-118.19837188720703,36.800457000732422
92115292,2023,2023-07-12,9825,2023-07-02,1231,018925,,7,1,9,1400,0,1,2,,1,007,US-395,"PEARSON RD.",0.00,,Y,A,-,Y,INY,,395," ",R,0.019,H,,R,Y,3,0,2,2,A,-,09,21802,A,N,D,C,A,A,H,-,A,D,0,,,,,Y,,A,01,0,2,0,0,0,0,0,0,0,"- ","- ",35.798381805419922,-117.87261962890625,INYO,UNINCORPORATED,-117.87259674072266,35.798381805419922
92116056,2023,2023-07-13,9825,2023-07-03,1905,022270,,1,2,9,1400,0,1,2,,2,002,"US-395 S/B","MATLICK LN",28.00,E,N,A,-,Y,INY,,395," "," ",117.622,H,,L,N,3,0,1,2,A,-,09,21804,A,N,D,G,A,A,H,-,A,A,0,,Y,,Y,Y,,L,04,0,1,0,0,0,0,1,0,0,"- ","- ",37.375778198242188,-118.41922760009766,INYO,UNINCORPORATED,-118.41922760009766,37.375785827636719
92118702,2023,2023-07-17,9825,2023-07-10,1710,022616,,1,2,9,1400,0,3,5,,2,040,"CHESTNUT ST.","HALL ST.",0.00,,Y,A,-,N,,,,,,,,,,N,3,0,1,2,A,-,09,21800,A,N,D,C,A,A,H,-,A,D,0,,,,,Y,,M,94,0,1,0,0,0,0,0,0,0,"- ","- ",37.163101196289062,-118.29129028320312,INYO,UNINCORPORATED,-118.29131317138672,37.163089752197266
92118743,2023,2023-07-17,9825,2023-07-16,"545 ",020118,,7,3,9,1400,0,1,2,,1,006,"S/B US-395","COTTONWOOD CREEK",3696.00,N,N,A,-,Y,INY,,395," "," ",44.723,H,,L,Y,3,0,1,1,A,-,08,22107,,N,E,I,A,A,H,-,B,D,0,,,,,Y,,A,01,0,1,0,0,0,0,0,0,0,"- ","- ",36.421989440917969,-118.03005981445312,INYO,UNINCORPORATED,-118.03006744384766,36.421989440917969
92121285,2023,2023-07-19,9825,2023-07-16,1319,020118,,7,1,9,1400,0,1,2,,1,007,"N/B US-395","S. HAIWEE ROAD",6864.00,S,N,A,-,Y,INY,,395," ",R,23.184,H,,R,Y,3,0,2,2,A,-,08,22107,,N,C,C,A,A,H,-,A,D,0,,,,Y,Y,,A,07,0,1,1,0,0,0,0,0,0,"- ","- ",36.120128631591797,-117.97161102294922,INYO,UNINCORPORATED,-117.97161865234375,36.120128631591797
92125688,2023,2023-07-25,9825,2023-07-20,"810 ",023336,,4,1,9,1400,0,3,5,,2,040,"SUNLAND DR","SCHOBER LN",0.00,,Y,A,-,N,,,,,,,,,,Y,2,0,2,2,A,-,05,21460,A,N,A,C,A,A,H,-,A,D,0,,,,,Y,,A,07,1,1,0,0,0,0,0,0,0,"- ","- ",37.346611022949219,-118.404541015625,INYO,UNINCORPORATED,-118.40452575683594,37.34674072265625
92132898,2023,2023-08-01,9825,2023-07-26,1255,023336,,3,1,9,1400,0,1,2,,1,003,"US 395 S/B","SUNLAND INDIAN RESERVATION RD",223.00,N,N,A,-,Y,INY,,395," "," ",113.418,H,,L,N,2,0,1,1,C,-,18,,,N,F,A,A,A,H,-,A,D,0,,,Y,,Y,,-,"- ",1,0,0,0,0,0,0,0,1,"- ","- ",37.332931518554688,-118.39505767822266,INYO,UNINCORPORATED,-118.39501190185547,37.332939147949219
92134014,2023,2023-08-02,9825,2023-07-22,1435,023296,,6,2,9,1400,0,1,2,,1,004,"US 395 SOUTHBOUND","GOODALE RD",267.00,S,N,A,-,Y,INY,,395," ",R,86.059,H,,L,Y,4,0,1,1,A,-,01,23152,F,N,E,8,A,A,H,-,A,D,0,,,,,Y,,-,"- ",0,0,1,0,0,0,0,0,0,"- ","- ",36.977058410644531,-118.23665618896484,INYO,UNINCORPORATED,-118.23675537109375,36.977073669433594
92142910,2023,2023-08-14,9825,2023-07-30,1420,023021,,7,2,9,1400,0,1,2,,1,003,US-395,"W CROCKER AVE",23.00,N,N,B,-,Y,INY,,395," "," ",100.328,H,,R,N,3,0,1,1,A,-,03,22350,,N,H,A,A,A,H,-,A,D,0,,,,,Y,,A,08,0,1,0,0,0,0,0,0,0,"- ","- ",37.16632080078125,-118.28958892822266,INYO,UNINCORPORATED,-118.28949737548828,37.16632080078125
92143012,2023,2023-08-14,9825,2023-08-10,1030,020183,,4,1,9,1400,0,1,2,,1,006,US-395,"FALL RD",1056.00,S,N,B,-,Y,INY,,395," "," ",34.038,H,,R,N,4,0,1,2,A,-,03,22350,,N,C,C,A,A,H,-,A,D,0,,,,,Y,,A,07,0,0,1,0,0,0,0,0,0,"- ","- ",36.273899078369141,-118.00199127197266,INYO,UNINCORPORATED,-118.00209808349609,36.27386474609375
92145274,2023,2023-08-16,9825,2023-07-30,1925,023021,,7,2,9,1400,0,3,5,,2,040,"CROCKER AVE","N SCHOOL STREET",0.00,,Y,A,-,N,,,,,,,,,,N,2,0,1,2,A,-,12,21453,A,N,D,C,A,A,H,-,A,D,0,,,,,Y,,D,22,1,0,0,0,0,0,0,0,0,"- ","- ",37.166110992431641,-118.29405212402344,INYO,UNINCORPORATED,-118.29402160644531,37.1661376953125
92149678,2023,2023-08-22,9825,2023-08-16,"940 ",018925,,3,1,9,1400,0,3,5,,2,060,"MARKET ST.","WEBSTER ST.",0.00,,Y,A,-,N,,,,,,,,,,Y,3,0,2,2,A,-,12,22450,A,N,D,C,A,A,H,-,A,D,0,,,,Y,Y,,F,26,0,2,0,0,0,0,0,0,0,"- ","- ",36.801528930664062,-118.20201873779297,INYO,UNINCORPORATED,-118.20194244384766,36.801601409912109
92158749,2023,2023-08-30,9825,2023-08-19,1630,023336,,6,2,9,1400,0,3,5,,2,040,"BISHOP CREEK CANAL ROAD","DIXON LANE",1214.00,N,N,B,-,N,,,,,,,,,,Y,3,0,1,1,A,-,01,23152,A,M,F,I,A,A,H,-,A,D,0,,,,,Y,Y,D,22,0,1,0,0,0,0,0,0,0,"- ","- ",37.393558502197266,-118.41568756103516,INYO,UNINCORPORATED,-118.408146,37.392102000000001
92164840,2023,2023-09-07,9825,2023-08-30,"955 ",020118,,3,1,9,1400,0,1,3,,1,015,SR-136,"MALONE STREET",5280.00,W,N,A,-,Y,INY,,136," "," ",11.680,H,,R,Y,2,0,1,1,A,-,08,22107,,N,E,8,A,A,H,-,A,D,0,,,,Y,Y,,F,27,1,0,0,0,0,0,0,0,0,"- ","- ",36.501579284667969,-117.88398742675781,INYO,UNINCORPORATED,-117.88396453857422,36.501598358154297
92165649,2023,2023-10-31,9825,2023-09-01,"745 ",020118,,5,1,9,1400,0,3,5,,2,060,"EAST POST STREET","SOUTH LAKE VIEW STREET",30.00,E,N,A,-,N,,,,,,,,,,Y,4,0,1,2,A,-,08,22107,,N,C,2,A,A,H,-,A,D,0,,,,,Y,,A,07,0,0,1,0,0,0,0,0,0,"- ","- ",36.603839874267578,-118.05735778808594,INYO,UNINCORPORATED,-118.05741882324219,36.603931427001953
92165661,2023,2023-09-08,9825,2023-09-01,2330,020118,,5,3,9,1400,0,1,2,,1,006,"S/B US-395","BARTLETT ROAD",6864.00,S,N,A,G,Y,INY,,395," "," ",48.307,H,,L,Y,2,0,1,1,A,-,08,22107,,N,E,8,A,A,H,-,D,D,0,,,,,Y,,A,08,1,0,0,0,0,0,0,0,0,"- ","- ",36.473709106445312,-118.03636169433594,INYO,UNINCORPORATED,-118.03624725341797,36.473709106445312
92165671,2023,2023-09-08,9825,2023-08-20,1448,020736,,7,2,9,1400,0,1,2,,1,007,US-395,"DUNMOVIN ROAD",8448.00,N,N,B,C,Y,INY,,395," ",R,22.559,H,,L,Y,3,0,1,1,A,-,03,22350,,N,F,A,A,B,H,-,A,D,0,,,,,Y,,A,07,0,1,0,0,0,0,0,0,0,"- ","- ",36.110950469970703,-117.97116851806641,INYO,UNINCORPORATED,-117.9713134765625,36.110931396484375
92166043,2023,2023-09-08,9825,2023-08-26,2240,020736,,6,3,9,1400,0,2,4,,2,078,"SR-178/TRONA WILDROSE ROAD","TRONA AIRPORT RD",2650.00,S,N,A,-,N,,,,,,,,,,Y,2,0,1,1,A,-,08,22107,,N,F,A,A,A,G,-,D,D,0,,,,,Y,Y,-,"- ",1,0,0,0,0,0,0,0,0,"- ","- ",35.810798645019531,-117.34416961669922,INYO,UNINCORPORATED,-117.34412384033203,35.811023712158203
92167454,2023,2023-09-11,9825,2023-08-31,"602 ",023296,,4,1,9,1400,0,1,2,,1,004,"US-395 N/B","MILLER LN",350.00,N,N,A,-,Y,INY,,395," "," ",76.252,H,,R,N,4,0,1,2,A,-,07,21658,A,N,C,C,A,A,H,-,D,D,0,,,,Y,Y,,A,07,0,0,1,0,0,0,0,0,0,"- ","- ",36.836280822753906,-118.22843933105469,INYO,UNINCORPORATED,-118.2283935546875,36.836288452148438
92167477,2023,2023-09-11,9825,2023-07-22,1930,020736,,6,2,9,1400,0,1,3,,2,017,SR-190,"EMIGRANT CANYON ROAD",23074.00,E,N,A,-,Y,INY,,190," "," ",80.972,H,,R,Y,1,1,0,1,A,-,08,22107,,N,F,A,A,A,H,-,B,D,0,,,,,Y,,A,01,0,0,0,0,0,0,0,0,0,"- ","- ",36.555019378662109,-117.20446014404297,INYO,UNINCORPORATED,-117.20444488525391,36.555015563964844
92175239,2023,2023-09-20,9825,2023-09-14,1630,023336,BISHO,4,2,9,1400,0,2,4,,2,021,"N. TU-SU LANE","US 395",685.00,S,N,A,-,N,,,,,,,,,,Y,4,0,1,1,A,-,01,23152,F,M,E,8,A,A,H,-,A,D,0,,,,,Y,,A,01,0,0,1,0,0,0,0,0,0,"- ","- ",37.373878479003906,-118.41841888427734,INYO,UNINCORPORATED,-118.41844940185547,37.373950958251953
92176072,2023,2023-09-21,9825,2023-09-20,"630 ",015522,,3,1,9,1400,0,3,5,,2,040,"PINE CREEK ROAD","LOWER ROCK CREEK RD",2640.00,W,N,A,-,N,,,,,,,,,,N,3,0,1,1,A,-,08,22107,,N,E,I,A,A,H,-,A,D,0,,,,,Y,,A,07,0,1,0,0,0,0,0,0,0,"- ","- ",37.419601440429688,-118.56652069091797,INYO,UNINCORPORATED,,
92176430,2023,2023-09-21,9825,2023-09-04,2000,018441,,1,2,9,1400,0,3,5,,2,040,"S. ROUND VALLEY RD","HORTON CREEK RD",2112.00,E,N,A,-,N,,,,,,,,,,N,3,0,1,1,A,-,17,21200,,N,F,A,A,A,H,-,D,D,0,,Y,,,Y,Y,L,04,0,1,0,0,0,0,1,0,0,"- ","- ",37.396610260009766,-118.56613922119141,INYO,UNINCORPORATED,-118.56608581542969,37.396614074707031
92177353,2023,2023-09-22,9825,2023-09-13,1830,017941,,3,2,9,1400,0,1,3,,1,019,"STATE ROUTE 127","STATE ROUTE 190",7920.00,N,N,A,-,Y,INY,,127," "," ",43.639,H,,R,Y,3,0,2,1,A,-,01,23152,A,N,E,J,A,A,H,-,A,D,0,,,,,Y,Y,A,01,0,2,0,0,0,0,0,0,0,"- ","- ",36.325260162353516,-116.42256164550781,INYO,UNINCORPORATED,-116.42247772216797,36.325279235839844
92179845,2023,2023-09-26,9825,2023-09-20,2210,020118,,3,3,9,1400,0,1,2,,1,006,US-395,"TIM HOLT STREET",0.00,,Y,A,-,Y,INY,,395," "," ",57.574,H,,R,Y,3,0,1,2,A,-,08,22107,,N,B,E,A,A,H,-,C,D,0,,,,,Y,,A,08,0,1,0,0,0,0,0,0,0,"- ","- ",36.603530883789062,-118.06224060058594,INYO,UNINCORPORATED,-118.06234741210938,36.603496551513672
92187707,2023,2023-10-02,9825,2023-09-20,1843,023376,,3,2,9,1400,0,1,3,,1,011,SR-168,"SEE VEE LN",188.00,E,N,A,-,N,,,,,,,,,,Y,3,0,1,2,A,-,03,22350,,N,C,C,A,A,H,-,D,A,0,,,,,Y,,A,01,0,1,0,0,0,0,0,0,0,"- ","- ",37.36138916015625,-118.41378784179688,INYO,UNINCORPORATED,-118.41378784179688,37.361343383789062
92188149,2023,2023-10-02,9825,2023-09-20,1755,020118,,3,2,9,1400,0,3,5,,2,060,"WHITNEY PORTAL ROAD","TUTTLE CREEK ROAD",1584.00,W,N,A,-,N,,,,,,,,,,Y,4,0,1,1,A,-,01,23152,A,N,E,I,A,A,C,D,A,A,0,,,,,Y,Y,A,08,0,0,1,0,0,0,0,0,0,"- ","- ",36.601810455322266,-118.07769012451172,INYO,UNINCORPORATED,-118.07656860351562,36.601886749267578
92189122,2023,2023-10-11,9825,2023-09-26,"743 ",023468,,2,1,9,1400,0,1,2,,2,002,"US-395 N/B","TU SU LANE",89.00,S,N,A,-,Y,INY,,395," "," ",117.555,H,,R,Y,2,0,1,1,A,-,00,22017,,N,E,I,A,A,H,-,A,D,0,,,,,Y,,A,01,1,0,0,0,0,0,0,0,0,"- ","- ",37.375919342041016,-118.41808319091797,INYO,UNINCORPORATED,-118.41808319091797,37.375904083251953
92197820,2023,2023-10-12,9825,2023-09-29,1210,023021,BISHO,5,1,9,1400,0,2,4,,2,021,"N TU SU LANE","DIAZ LANE",113.00,N,N,A,-,N,,,,,,,,,,Y,3,0,1,1,A,-,08,22107,,N,E,9,A,A,H,-,C,D,0,,,,,Y,,D,22,0,1,0,0,0,0,0,0,0,"- ","- ",37.368881225585938,-118.41835021972656,INYO,UNINCORPORATED,-118.41838073730469,37.368839263916016
92201446,2023,2023-10-17,9825,2023-09-29,1345,023376,,5,1,9,1400,0,1,3,,1,012,SR-168,"WHITE MOUNTAIN RD",6336.00,W,N,A,-,Y,INY,,168," "," ",30.189,H,,R,Y,2,0,1,1,A,-,08,22107,,N,F,I,A,A,H,-,A,D,0,,,Y,,Y,,-,"- ",1,0,0,0,0,0,0,0,1,"- ","- ",37.266281127929688,-118.15653228759766,INYO,UNINCORPORATED,-118.15641784667969,37.266262054443359
92202754,2023,2023-10-18,9825,2023-10-14,"104 ",018925,,6,3,9,1400,0,1,2,,1,006,US-395,"CACTUS FLATS RD.",2640.00,S,N,A,-,Y,INY,,395," "," ",32.149,H,,R,Y,4,0,1,2,A,-,03,22350,,N,C,C,A,A,H,-,D,D,0,,,,,Y,,A,08,0,0,1,0,0,0,0,0,0,"- ","- ",36.248241424560547,-117.98975372314453,INYO,UNINCORPORATED,-117.98978424072266,36.24822998046875
92204129,2023,2023-10-19,9825,2023-10-13,1626,022270,,5,2,9,1400,0,1,2,,2,001,"US-395 S/B","PINE CREEK ROAD",90.00,S,N,A,-,Y,INY,,395," ",R,126.126,H,,L,N,4,0,1,2,A,-,03,22350,,N,C,C,A,A,H,-,A,A,0,,,Y,,Y,,C,02,0,0,1,0,0,0,0,0,1,"- ","- ",37.419208526611328,-118.55560302734375,INYO,UNINCORPORATED,-118.55546569824219,37.419254302978516
92207641,2023,2023-11-06,9825,2023-10-22,2000,023336,,7,2,9,1400,0,1,3,,1,012,SR-168,"INYO MPM 26.00",136.00,E,N,A,-,Y,INY,,168," "," ",26.081,H,,R,Y,3,0,1,1,A,-,03,22350,,N,E,9,A,A,H,-,D,D,0,,,,Y,Y,,-,"- ",0,1,0,0,0,0,0,0,0,"- ","- ",37.239471435546875,-118.19837951660156,INYO,UNINCORPORATED,-118.19834899902344,37.239459991455078
92221955,2023,2023-10-27,9825,2023-10-22,1723,020118,,7,2,9,1400,0,1,2,,1,007,"S/B US-395","FIVE MILE CANYON",1056.00,S,N,A,-,Y,INY,,395," ",R,5.117,H,,L,Y,3,0,3,1,A,-,08,22107,,N,F,0,A,A,H,-,A,D,0,,,,,Y,,A,08,0,3,0,0,0,0,0,0,0,"- ","- ",35.870059967041016,-117.88578033447266,INYO,UNINCORPORATED,-117.88576507568359,35.870075225830078
92223404,2023,2023-10-31,9825,2023-10-28,1315,018685,,6,1,9,1400,0,1,3,,2,017,SR-190,"EMIGRANT CANYON RD",28512.00,W,N,A,-,Y,INY,,190," "," ",71.275,H,,R,Y,3,0,1,2,A,-,03,22350,,N,C,C,A,A,H,-,A,D,0,,,Y,,Y,,C,02,0,1,0,0,0,0,0,0,1,"- ","- ",36.428241729736328,-117.26119232177734,INYO,UNINCORPORATED,-117.26123809814453,36.428279876708984
92237178,2023,2023-11-15,9825,2023-11-05,"955 ",020118,,7,1,9,1400,0,1,3,,2,016,SR-190,"PANAMINT VALLEY ROAD",25872.00,E,N,A,-,Y,INY,,190," "," ",62.899,H,,R,Y,2,0,1,1,A,-,08,22107,,N,E,8,A,A,H,-,A,D,0,,,,Y,Y,,G,25,1,0,0,0,0,0,0,0,0,"- ","- ",36.348499298095703,-117.33689880371094,INYO,UNINCORPORATED,-117.33686828613281,36.348442077636719
92245522,2023,2023-11-27,9825,2023-11-22,1158,023552,,3,1,9,1400,0,1,3,,1,012,SR-168,"DEATH VALLEY RD",3168.00,W,N,A,-,Y,INY,,168," "," ",21.476,H,,R,N,3,0,1,1,A,-,03,22350,,N,E,I,A,A,H,-,A,D,0,,,,Y,Y,,F,26,0,1,0,0,0,0,0,0,0,"- ","- ",37.193508148193359,-118.24929809570312,INYO,UNINCORPORATED,-118.24927520751953,37.193477630615234
92246665,2023,2024-06-17,9825,2023-11-24,2136,022270,,5,2,9,1400,0,3,5,,2,040,"BIG TREES RD",SR-168,320.00,S,N,A,-,N,,,,,,,,,,N,3,0,1,1,A,-,01,23152,A,N,E,I,A,A,H,-,D,D,0,,,,,Y,Y,A,07,0,1,0,0,0,0,0,0,0,"- ","- ",37.277599334716797,-118.57103729248047,INYO,UNINCORPORATED,-118.57102203369141,37.277748107910156
92247049,2023,2023-11-28,9825,2023-11-17,1530,020736,,5,2,9,1400,0,1,2,,1,006,US-395,"POST STREET",57.90,N,N,A,-,Y,INY,,395," "," ",57.618,H,,R,N,3,0,1,1,C,-,18,,,N,E,I,A,A,H,-,A,A,0,,,,,Y,,-,"- ",0,1,0,0,0,0,0,0,0,"- ","- ",36.604080200195312,-118.06249237060547,INYO,UNINCORPORATED,-118.06260681152344,36.604042053222656
92249549,2023,2023-11-30,9825,2023-10-29,1350,020736,,7,1,9,1400,0,1,2,,1,007,"US-395 NORTHBOUND","GILL STATION/COSO ROAD",0.00,,Y,A,-,Y,INY,,395," ",R,17.867,H,,R,Y,1,2,0,2,A,-,09,21802,A,N,D,C,A,A,H,-,A,A,0,,,,Y,Y,,A,01,0,0,0,0,0,0,0,0,0,"- ","- ",36.045810699462891,-117.94721221923828,INYO,UNINCORPORATED,-117.94718933105469,36.045814514160156
92254458,2023,2023-12-06,9825,2023-11-25,1307,023534,,6,1,9,1400,0,1,3,,1,012,SR-168,"WYMAN CREEK RD",14784.00,E,N,A,-,Y,INY,,168," "," ",49.524,H,,R,N,3,0,1,2,A,-,05,21460,A,N,B,C,A,A,H,-,A,A,0,,,,Y,Y,,G,27,0,1,0,0,0,0,0,0,0,"- ","- ",37.432289123535156,-117.94899749755859,INYO,UNINCORPORATED,-117.94900512695312,37.432300567626953
92262368,2023,2023-12-14,9825,2023-08-24,"231 ",018685,,4,3,9,1400,0,2,4,,2,052,"OLD SPANISH TRAIL HWY","TOPAZ ST",1584.00,E,N,A,-,N,,,,,,,,,,N,1,1,0,2,A,-,11,21956,A,N,G,B,E,A,H,-,D,D,0,Y,,,,Y,,N,60,0,0,0,1,0,0,0,0,0,"- ","- ",35.971889495849609,-115.90235900878906,INYO,UNINCORPORATED,-115.90309143066406,35.971885681152344
92263151,2023,2023-12-15,9825,2023-12-08,2200,023468,,5,3,2,1401,0,3,5,,2,040,"BARLOW LN.",SR-168,264.00,S,N,A,-,N,,,,,,,,,,Y,4,0,1,1,A,-,01,23152,A,N,E,I,A,A,H,-,D,D,0,,,,,Y,,A,01,0,0,1,0,0,0,0,0,0,"- ","- ",37.360691070556641,-118.42298126220703,INYO,BISHOP,-118.42302703857422,37.360565185546875
92267619,2023,2023-12-20,9825,2023-12-04,2201,018685,,1,3,9,1400,0,1,3,,1,018,SR-190,"BADWATER RD",2112.00,W,N,A,-,Y,INY,,190," "," ",111.277,H,,R,Y,2,0,1,1,A,-,08,22107,,N,E,I,A,A,H,-,D,D,0,,,,,Y,Y,D,22,1,0,0,0,0,0,0,0,0,"- ","- ",36.450130462646484,-116.86022186279297,INYO,UNINCORPORATED,-116.86017608642578,36.450191497802734
92269189,2023,2023-12-22,9825,2023-12-15,1615,018925,,5,2,9,1400,0,1,3,,2,017,"COW CREEK","COW CREEK RD",4794.00,N,N,A,-,Y,INY,,190," "," ",106.497,H,,R,Y,4,0,2,1,A,-,08,22107,,N,E,J,A,A,H,-,D,D,0,,,,,Y,,A,01,0,0,2,0,0,0,0,0,0,"- ","- ",36.513938903808594,-116.88191223144531,INYO,UNINCORPORATED,-116.88188934326172,36.513942718505859
92269405,2023,2023-12-22,9825,2023-12-19,1800,023534,,2,2,9,1400,0,1,2,,2,002,US-395,"MACGREGOR AVE",0.00,,Y,B,-,Y,INY,,395," "," ",117.438,H,,R,Y,3,0,1,2,A,-,09,21802,A,N,D,C,A,B,H,-,D,D,0,,,,,Y,Y,A,01,0,1,0,0,0,0,0,0,0,"- ","- ",37.375900268554688,-118.41580963134766,INYO,UNINCORPORATED,-118.41580963134766,37.375904083251953
92274908,2023,2024-01-03,9825,2023-12-23,"649 ",023296,,6,1,9,1400,0,1,2,,1,003,"N/B US-395","SUNLAND INDIAN RESERVATION RD",5280.00,S,N,A,-,Y,INY,,395," "," ",113.102,H,,R,Y,4,0,1,2,A,-,03,22350,,N,C,C,A,A,H,-,B,D,0,,,,Y,Y,,A,01,0,0,1,0,0,0,0,0,0,"- ","- ",37.328498840332031,-118.39286804199219,INYO,UNINCORPORATED,-118.39281463623047,37.328517913818359
92274912,2023,2023-12-29,9825,2023-12-23,1502,018685,,6,2,9,1400,0,1,3,,2,020,SR-178,"CHICAGO VALLEY RD",34320.00,E,N,A,-,Y,INY,,178," "," ",54.927,H,,R,Y,3,0,2,1,A,-,08,22107,,N,E,I,A,A,H,-,A,D,0,,,,,Y,,A,07,0,2,0,0,0,0,0,0,0,"- ","- ",36.095111846923828,-116.18412017822266,INYO,UNINCORPORATED,-116.18405914306641,36.095104217529297
92274913,2023,2023-12-29,9825,2023-12-22,"900 ",015522,,5,1,9,1400,0,1,3,,1,012,SR-168,"WHITE MOUNTAIN ROAD",6336.00,W,N,B,-,Y,,,,,,,,,,N,3,0,1,1,C,-,18,,,N,E,I,A,C,G,-,A,D,0,,,,,Y,,-,"- ",0,1,0,0,0,0,0,0,0,"- ","- ",,,INYO,UNINCORPORATED,-118.15388488769531,37.299545288085938
92274962,2023,2023-12-29,9825,2023-12-25,1740,018685,,1,2,9,1400,0,1,3,,1,018,SR-190,"DANTES VIEW RD",27456.00,E,N,A,-,Y,INY,,190," "," ",126.803,H,,R,Y,3,0,1,1,A,-,08,22107,,N,E,I,A,A,H,-,D,D,0,,,,,Y,,A,07,0,1,0,0,0,0,0,0,0,"- ","- ",36.357810974121094,-116.64794921875,INYO,UNINCORPORATED,-116.64799499511719,36.357776641845703
92274991,2023,2023-12-29,9825,2023-12-25,2125,018925,,1,2,9,1400,0,1,2,,1,005,US-395,"BEGOLE ST",400.00,N,N,A,-,Y,,,,,,,,,,N,2,0,1,2,A,-,11,21950,B,N,G,B,D,A,H,-,C,D,0,Y,,,,Y,,N,60,1,0,0,0,1,0,0,0,0,"- ","- ",,,INYO,UNINCORPORATED,-118.06509399414062,36.609500885009766
92276812,2023,2024-01-02,9825,2023-12-27,1147,018925,,3,1,9,1400,0,2,4,,2,078,"TRONA-WILDROSE RD.","PANAMINT VALLEY RD.",27456.00,S,N,B,-,N,,,,,,,,,,Y,3,0,1,1,A,-,08,22107,,N,E,8,A,A,H,-,A,D,0,,,,,Y,,A,01,0,1,0,0,0,0,0,0,0,"- ","- ",36.08489990234375,-117.2857666015625,INYO,UNINCORPORATED,-117.28784942626953,36.094520568847656
92279128,2024,2024-01-04,9825,2024-01-02,"645 ",023296,,2,1,9,1400,0,1,2,,1,023,US-395,"LOWER ROCK CREEK ROAD",21120.00,S,N,A,-,Y,MNO,,395," "," ",7.250,H,,R,Y,4,0,1,1,C,-,18,,,N,H,H,A,A,H,-,B,D,0,,,,,Y,,-,"- ",0,0,1,0,0,0,0,0,0,"- ","- ",37.541629791259766,-118.63995361328125,INYO,UNINCORPORATED,-118.63991546630859,37.541629791259766
92279293,2024,2024-01-04,9825,2024-01-03,"900 ",023296,,3,1,9,1400,0,3,5,,2,040,"WAUCOBA SALINE RD","DEATH VALLEY RD",2640.00,S,N,A,-,N,,,,,,,,,,Y,3,0,1,1,A,-,03,22350,,N,F,A,A,C,G,-,A,D,0,,,,,Y,,D,22,0,1,0,0,0,0,0,0,0,"- ","- ",37.13690185546875,-118.04422760009766,INYO,UNINCORPORATED,-118.04515075683594,37.136775970458984
92280275,2023,2024-01-05,9825,2023-12-29,1345,020736,,5,1,9,1400,0,1,2,,1,007,"S/B US-395","PEARSON ROAD",132000.00,N,N,A,-,Y,INY,,395," ",R,1.446,H,,L,Y,2,0,3,1,A,-,08,22107,,N,E,I,A,A,H,-,A,D,0,,,,,Y,,D,22,1,2,0,0,0,0,0,0,0,"- ","- ",35.819301605224609,-117.87416839599609,INYO,UNINCORPORATED,-117.87406921386719,35.819301605224609
92284227,2024,2024-01-10,9825,2024-01-04,"630 ",020736,,4,1,9,1400,0,1,3,,2,017,SR-190,"SCOTTY'S CASTLE ROAD",15840.00,E,N,A,-,Y,INY,,190," "," ",93.514,H,,R,Y,3,0,1,1,A,-,08,22107,,N,E,I,A,A,H,-,B,D,0,,,,,Y,,A,07,0,1,0,0,0,0,0,0,0,"- ","- ",36.639961242675781,-117.03102111816406,INYO,UNINCORPORATED,-117.03105163574219,36.639869689941406
92284231,2023,2024-01-10,9825,2023-12-31,1413,020736,,7,2,9,1400,0,2,4,,2,022,"WHITNEY PORTAL RD","HORSESHOE MEADOWS RD",5016.00,W,N,A,-,N,,,,,,,,,,N,2,0,1,2,A,-,05,21460,A,F,B,C,A,A,H,-,A,A,0,,,,,Y,,D,22,1,0,0,0,0,0,0,0,0,"- ","- ",36.593940734863281,-118.13289642333984,INYO,UNINCORPORATED,-118.13282012939453,36.594009399414062
92294892,2024,2024-01-23,9825,2024-01-15,1438,018685,,1,2,9,1400,0,1,3,,1,018,SR-190,"DANTES VIEW RD",11088.00,E,N,A,-,Y,INY,,190," "," ",124.816,H,,R,Y,4,0,1,1,A,-,08,22107,,N,F,A,A,A,A,-,A,D,0,,,,,Y,,A,07,0,0,1,0,0,0,0,0,0,"- ","- ",36.374469757080078,-116.67539978027344,INYO,UNINCORPORATED,-116.6754150390625,36.374412536621094
92295060,2024,2024-01-23,9825,2024-01-17,1435,020118,,3,2,9,1400,0,3,5,,2,060,"PANAMINT VALLEY ROAD","TRONA WILDROSE RD",70.00,N,N,A,-,N,,,,,,,,,,Y,3,0,1,1,A,-,08,22107,,N,F,A,A,A,H,-,A,D,0,,,,,Y,,A,01,0,1,0,0,0,0,0,0,0,"- ","- ",36.169170379638672,-117.30120849609375,INYO,UNINCORPORATED,-117.30049896240234,36.169010162353516
92310085,2024,2024-02-09,9825,2024-02-02,"626 ",023534,,5,1,9,1400,0,1,2,,1,010,US-6,"DIXON LN",1056.00,N,N,B,-,Y,INY,,6," ",R,1.286,H,,R,Y,3,0,1,1,C,-,18,,,N,H,H,A,A,H,-,B,D,0,,,,,Y,,-,"- ",0,1,0,0,0,0,0,0,0,"- ","- ",37.392631530761719,-118.39524841308594,INYO,UNINCORPORATED,-118.39520263671875,37.392620086669922
92311768,2024,2024-02-12,9825,2024-02-09,1920,018685,,5,2,9,1400,0,1,3,,1,019,SR-127,"OLD SPANISH TRAIL HWY",23760.00,S,N,C,-,Y,INY,,127," "," ",2.342,H,,R,Y,3,0,2,1,A,-,08,22107,,N,F,A,A,B,H,-,D,D,0,,,,,Y,,A,01,0,1,1,0,0,0,0,0,0,"- ","- ",35.823841094970703,-116.32254791259766,INYO,UNINCORPORATED,-116.32247924804688,35.823810577392578
92312118,2024,2024-02-12,9825,2024-02-03,1410,023534,T804,6,2,2,1401,0,2,4,,2,021,"BROCKMAN LANE","DIAZ LN",1056.00,N,N,A,-,N,,,,,,,,,,Y,3,0,1,1,A,-,01,23152,A,N,E,I,A,A,H,-,A,D,0,,,,,Y,Y,A,01,0,1,0,0,0,0,0,0,0,"- ","- ",37.372699737548828,-118.43216705322266,INYO,BISHOP,-118.43215179443359,37.371334075927734
92320831,2024,2024-02-22,9825,2024-02-07,2315,018441,,3,3,2,1401,0,1,2,,1,003,US-395,"SCHOBER LANE",580.00,N,N,A,-,Y,INY,,395," "," ",114.492,H,,R,Y,4,0,1,2,A,-,03,22350,,N,C,C,A,A,H,-,C,D,0,,,,Y,Y,,-,"- ",0,0,1,0,0,0,0,0,0,"- ","- ",37.348491668701172,-118.39510345458984,INYO,BISHOP,-118.39507293701172,37.348491668701172
92325330,2024,2024-02-28,9825,2024-02-26,1155,023552,,1,1,9,1400,0,1,2,,1,007,"N/B US-395","COSO JUNCTION",2640.00,S,N,A,-,Y,INY,,395," ",R,17.205,H,,R,Y,4,0,1,1,A,-,08,22107,,N,F,A,A,A,H,-,A,A,0,,,,Y,Y,,-,"- ",0,0,1,0,0,0,0,0,0,"- ","- ",36.036468505859375,-117.94435119628906,INYO,UNINCORPORATED,-117.94423675537109,36.036491394042969
92325618,2024,2024-02-28,9825,2024-01-05,2330,020736,,5,3,9,1400,0,1,3,,1,019,SR-127,SR-190,8184.00,N,N,A,-,Y,INY,,127," "," ",43.708,H,,R,Y,1,1,0,1,A,-,08,22107,,N,F,A,A,A,H,-,D,D,0,,,,Y,Y,,G,25,0,0,0,0,0,0,0,0,0,"- ","- ",36.326248168945312,-116.42278289794922,INYO,UNINCORPORATED,-116.42281341552734,36.326240539550781
92325621,2023,2024-02-28,9825,2023-09-15,1959,020736,,5,2,9,1400,0,1,2,,1,005,"US-395/EDWARDS STREET","PAVILLION STREET",15.00,N,N,A,-,Y,INY,,395," "," ",73.224,H,,R,N,1,1,0,2,A,-,10,21950,A,N,G,B,D,A,H,-,C,D,0,Y,,,,Y,,B,07,0,0,0,1,0,0,0,0,0,"- ","- ",36.799831390380859,-118.19792938232422,INYO,UNINCORPORATED,-118.19797515869141,36.799812316894531
92325725,2024,2024-02-28,9825,2024-02-27,"400 ",020118,,2,3,9,1400,0,1,2,,1,007,"N/B US-395","S. HAIWEE ROAD",18480.00,S,N,A,-,Y,INY,,395," ",R,21.016,H,,R,Y,3,0,1,1,A,-,08,22107,,N,E,8,A,A,H,-,D,D,0,,,,,Y,,A,07,0,1,0,0,0,0,0,0,0,"- ","- ",36.089939117431641,-117.96150207519531,INYO,UNINCORPORATED,-117.96144104003906,36.089954376220703
92326375,2024,2024-02-29,9825,2024-02-19,1713,023376,T804,1,2,9,1400,0,2,4,,2,021,"N TU SU LANE","TABOOSE LN",0.00,,Y,B,-,N,,,,,,,,,,N,3,0,1,1,A,-,08,22107,,N,F,A,A,A,H,-,A,D,0,,,,,Y,,M,94,0,1,0,0,0,0,0,0,0,"- ","- ",37.363819122314453,-118.41837310791016,INYO,UNINCORPORATED,-118.41835784912109,37.363822937011719
92333508,2024,2024-03-08,9825,2024-03-02,"10  ",023534,,6,3,9,1400,0,1,2,,1,004,US-395,"ABERDEEN STATION ROAD",3696.00,N,N,B,-,Y,INY,,395," ",R,88.263,H,,R,Y,4,0,1,1,A,-,08,22107,,N,F,J,A,B,H,-,D,D,0,,,,,Y,,D,22,0,0,1,0,0,0,0,0,0,"- ","- ",37.009109497070312,-118.23213195800781,INYO,UNINCORPORATED,-118.2320556640625,37.009105682373047
92333588,2024,2024-03-08,9825,2024-03-02,1232,023602,,6,1,2,1401,0,1,3,,1,015,SR-190,"IMMIGRANT CANYON ROAD",15840.00,W,N,A,-,N,,,,,,,,,,Y,3,0,1,1,A,-,08,22107,,N,E,J,A,A,H,-,A,D,0,,,,,Y,,-,"- ",0,1,0,0,0,0,0,0,0,"- ","- ",36.453170776367188,-117.24120330810547,INYO,BISHOP,,
92333837,2024,2024-03-11,9825,2024-03-03,"324 ",020736,,7,3,9,1400,0,1,2,,1,006,US-395,"BARTLETT ROAD",5544.00,S,N,G,-,Y,INY,,395," "," ",47.897,H,,L,Y,3,0,1,1,A,-,03,22350,,N,F,A,A,A,H,-,D,A,0,,,,Y,Y,,G,25,0,1,0,0,0,0,0,0,0,"- ","- ",36.467769622802734,-118.03653717041016,INYO,UNINCORPORATED,-118.03656768798828,36.4677734375
92336396,2024,2024-03-12,9825,2024-02-25,1800,023534,,7,2,9,1400,0,1,2,,2,002,"US-395 N/B","BROCKMAN LN",0.00,,Y,B,-,Y,INY,,395," "," ",118.331,H,,R,Y,4,0,2,2,A,-,01,23152,A,N,D,C,A,A,H,-,B,A,0,,,,,Y,Y,A,01,0,0,2,0,0,0,0,0,0,"- ","- ",37.375888824462891,-118.43215179443359,INYO,UNINCORPORATED,-118.43215179443359,37.375919342041016
92337108,2024,2024-03-13,9825,2024-03-07,"850 ",023534,,4,1,9,1400,0,1,2,,1,003,"US-395 NORTHBOUND","REYNOLDS RD",13200.00,N,N,A,-,Y,INY,,395," "," ",104.621,H,,R,N,4,0,1,1,A,-,01,23152,F,N,E,I,A,A,H,-,A,D,0,,,,,Y,,A,07,0,0,1,0,0,0,0,0,0,"- ","- ",37.216300964355469,-118.33278656005859,INYO,UNINCORPORATED,-118.33258819580078,37.216426849365234
92338537,2024,2024-03-14,9825,2024-03-12,1607,023534,,2,2,9,1400,0,1,3,,1,011,"SR-168W E/B","BARLOW LN",320.00,W,N,B,-,N,,,,,,,,,,N,4,0,1,1,A,-,08,22107,,N,E,8,A,A,H,-,A,D,0,,,,,Y,,A,01,0,0,1,0,0,0,0,0,0,"- ","- ",37.361221313476562,-118.42423248291016,INYO,UNINCORPORATED,-118.42423248291016,37.361316680908203
92346645,2024,2024-03-25,9825,2024-03-17,1506,018685,,7,2,9,1400,0,1,3,,2,017,SR-190,"EMIGRANT CANYON RD",32208.00,W,N,A,-,Y,INY,,190," "," ",70.428,H,,R,Y,3,0,2,1,A,-,08,22107,,N,E,I,A,A,B,-,A,D,0,,,,,Y,,A,07,0,1,1,0,0,0,0,0,0,"- ","- ",36.419849395751953,-117.26962280273438,INYO,UNINCORPORATED,-117.26962280273438,36.419868469238281
92356531,2024,2024-04-04,9825,2024-03-23,"615 ",022014,,6,1,9,1400,0,3,5,,2,040,"STARLITE DRIVE",SR-168,460.00,W,N,B,C,N,,,,,,,,,,Y,3,0,1,1,A,-,08,22107,,N,E,I,A,B,H,-,D,D,0,,,,,Y,,A,01,0,1,0,0,0,0,0,0,0,"- ","- ",37.333358764648438,-118.52297210693359,INYO,UNINCORPORATED,-118.52293395996094,37.333248138427734
92357257,2024,2024-04-05,9825,2024-04-01,1546,018685,,1,2,9,1400,0,1,3,,2,017,SR-190,"EMIGRANT CANYON ROAD",21648.00,E,N,A,-,Y,INY,,190," "," ",80.609,H,,R,Y,4,0,1,1,A,-,03,22350,,N,E,J,A,B,B,-,A,D,0,,,,,Y,,A,01,0,0,1,0,0,0,0,0,0,"- ","- ",36.550361633300781,-117.20719146728516,INYO,UNINCORPORATED,-117.20714569091797,36.550342559814453
92358893,2024,2024-04-08,9825,2024-03-19,"30  ",023336,,2,3,9,1400,0,1,3,,1,012,SR-168E,"MPM 25.50",1685.00,W,N,A,-,N,,,,,,,,,,Y,2,0,4,1,A,-,01,23152,A,N,F,I,A,A,H,-,D,D,0,,,,,Y,Y,D,22,2,2,0,0,0,0,0,0,0,"- ","- ",37.232448577880859,-118.20574951171875,INYO,UNINCORPORATED,-118.20571899414062,37.232433319091797
92358964,2024,2024-04-08,9825,2024-03-30,"930 ",023534,,6,1,9,1400,0,1,3,,1,011,SR-168W,"S. LAKE RD",3168.00,E,N,B,D,Y,INY,,168," ",R,3.849,H,,R,Y,3,0,1,1,A,-,03,22350,,N,E,I,A,C,G,-,A,D,0,,,,,Y,,A,01,0,1,0,0,0,0,0,0,0,"- ","- ",37.264518737792969,-118.58023834228516,INYO,UNINCORPORATED,-118.580322265625,37.264537811279297
92358983,2024,2024-04-08,9825,2024-03-29,1520,017941,,5,2,9,1400,0,1,3,,2,017,"STATE ROUTE 190","EMIGRANT CANYON ROAD",15840.00,E,N,G,-,Y,INY,,190," "," ",79.489,H,,R,N,3,0,1,2,A,-,06,21750,A,N,B,C,A,A,H,-,A,D,0,,,Y,,Y,,A,07,0,1,0,0,0,0,0,0,1,"- ","- ",36.535919189453125,-117.21543121337891,INYO,UNINCORPORATED,-117.21548461914062,36.535942077636719
92362204,2024,2024-09-16,9825,2024-03-30,1825,023602,,6,2,9,1400,0,3,5,,2,060,"STOCKWELL MINE ROAD","VALLEY WELLS RD",9504.00,S,N,A,-,N,,,,,,,,,,N,2,0,1,1,A,-,03,22350,,N,E,I,A,A,A,-,D,D,0,,,,,Y,,A,01,1,0,0,0,0,0,0,0,0,"- ","- ",35.840969085693359,-117.31269836425781,INYO,UNINCORPORATED,-117.33164978027344,35.827911376953125
92364408,2024,2024-04-15,9825,2024-04-05,1528,022270,,5,2,9,1400,0,1,2,,2,002,"US-395 (N. SEIRRA HIGHWAY)","BARLOW LN",200.00,S,N,A,-,Y,INY,,395," "," ",117.781,H,,R,Y,3,0,2,2,A,-,01,23152,A,N,C,2,A,A,H,-,A,D,0,,,,,Y,Y,A,07,0,2,0,0,0,0,0,0,0,"- ","- ",37.375789642333984,-118.42221069335938,INYO,UNINCORPORATED,-118.42221069335938,37.375885009765625
92364586,2024,2024-04-15,9825,2024-04-07,1750,023552,,7,2,9,1400,0,3,5,,2,040,"WARM SPRINGS","EASTSIDE RD",3168.00,W,N,A,-,N,,,,,,,,,,Y,3,0,1,1,A,-,08,22107,,N,E,I,A,A,H,-,A,D,0,,,,,Y,,-,"- ",0,1,0,0,0,0,0,0,0,"- ","- ",37.325351715087891,-118.31730651855469,INYO,UNINCORPORATED,-118.318603515625,37.325298309326172
92365307,2024,2024-04-16,9825,2024-04-12,1700,023336,,5,2,9,1400,0,3,5,,2,040,"WAUCOBA SPRING RD","DEATH VALLEY RD",24288.00,S,N,A,-,N,,,,,,,,,,N,3,0,1,1,A,-,03,22350,,N,E,I,A,A,B,-,A,D,0,,,Y,,Y,,-,"- ",0,1,0,0,0,0,0,0,1,"- ","- ",37.102771759033203,-117.99423217773438,INYO,UNINCORPORATED,-118.01593780517578,37.123790740966797
92365452,2024,2024-04-16,9825,2024-04-12,1907,023336,,5,2,9,1400,0,1,2,,1,010,US-6,"FIVE BRIDGES ROAD",1100.00,N,N,A,-,Y,INY,,6," ",R,1.666,H,,R,Y,4,0,1,2,A,-,01,23152,A,N,C,C,A,A,H,-,A,D,0,,,,,Y,Y,-,"- ",0,0,1,0,0,0,0,0,0,"- ","- ",37.396858215332031,-118.39127349853516,INYO,UNINCORPORATED,-118.39126586914062,37.3968505859375
92365527,2024,2024-04-16,9825,2024-04-02,1800,022616,,2,2,2,1401,0,3,5,,2,040,"CASA DIABLO MINE RD.","FISH SLOUGH RD.",2482.00,W,N,A,-,N,,,,,,,,,,Y,3,0,1,1,A,-,03,22350,,N,F,A,A,A,B,-,A,D,0,,,,,Y,,D,22,0,1,0,0,0,0,0,0,0,"- ","- ",37.424259185791016,-118.41636657714844,INYO,BISHOP,-118.41585540771484,37.4232177734375
92365804,2024,2024-04-16,9825,2024-04-09,1443,023755,,2,2,9,1400,1,3,5,,2,040,"441 PA ME LANE","MESQUITE RD",168.00,N,N,A,-,N,,,,,,,,,,N,4,0,1,2,A,-,21,22106,,N,D,C,A,A,H,-,A,D,0,,,,,Y,,A,01,0,0,1,0,0,0,0,0,0,"- ","- ",37.35565185546875,-118.43202972412109,INYO,UNINCORPORATED,-118.43205261230469,37.355960845947266
92365910,2024,2024-04-16,9825,2024-04-12,1500,022014,,5,2,9,1400,0,3,5,,2,040,"NORTH ROUND VALLEY ROAD","PINE CREEK ROAD",835.00,N,N,A,-,N,,,,,,,,,,N,2,0,1,1,A,-,08,22107,,N,B,I,A,A,H,-,A,D,0,,,Y,,Y,,C,02,1,0,0,0,0,0,0,0,1,"- ","- ",37.421459197998047,-118.58840942382812,INYO,UNINCORPORATED,-118.58845520019531,37.421379089355469
92369159,2024,2024-04-19,9825,2024-04-12,1600,022520,,5,2,9,1400,0,1,2,,1,006,US-395,"CACTUS FLATS RD.",3062.00,S,N,A,-,Y,INY,,395," "," ",32.074,H,,R,Y,3,0,4,2,A,-,08,22107,,N,A,C,A,A,H,-,A,D,0,,,,,Y,,A,07,0,2,2,0,0,0,0,0,0,"- ","- ",36.247219085693359,-117.9892578125,INYO,UNINCORPORATED,-117.98928833007812,36.247211456298828
92377116,2024,2024-04-29,9825,2024-04-14,2230,023552,,7,3,9,1400,0,1,2,,1,004,"N/B US-395","DIVISION CREEK",4224.00,N,N,A,-,Y,INY,,395," ",R,84.843,H,,R,Y,4,0,1,1,A,-,00,23512,A,N,F,A,A,A,H,-,D,D,0,,,,,Y,Y,-,"- ",0,0,1,0,0,0,0,0,0,"- ","- ",36.959690093994141,-118.23989105224609,INYO,UNINCORPORATED,-118.23983764648438,36.959686279296875
92378416,2024,2024-04-30,9825,2024-04-19,"555 ",017941,,5,3,9,1400,0,1,3,,1,019,"STATE ROUTE 127","TECOPA HOT SPRINGS ROAD",3168.00,N,N,A,-,Y,INY,,127," "," ",10.078,H,,R,Y,3,0,1,2,A,-,08,22107,,N,B,D,A,A,H,-,A,D,0,,,,Y,Y,,A,01,0,1,0,0,0,0,0,0,0,"- ","- ",35.906810760498047,-116.26383972167969,INYO,UNINCORPORATED,-116.26377868652344,35.906841278076172
92378447,2024,2024-04-30,9825,2024-04-29,"320 ",018685,,1,3,9,1400,0,3,5,,2,050,"TECOPA HOT SPRINGS RD.","OLD SPANISH TRAIL HWY",5808.00,N,N,A,-,N,,,,,,,,,,Y,3,0,1,1,A,-,08,22107,,M,F,A,A,A,H,-,D,D,0,,,Y,,Y,,C,02,0,1,0,0,0,0,0,0,1,"- ","- ",35.861049652099609,-116.23314666748047,INYO,UNINCORPORATED,-116.22554016113281,35.848289489746094
92378873,2024,2024-04-30,9825,2024-04-22,1530,021622,,1,2,9,1400,0,2,4,,2,078,"SR-178 N/B (TRONA WILDROSE ROAD)","BALLARAT ROAD",2534.00,N,N,A,-,N,,,,,,,,,,N,2,0,1,1,C,-,18,,,N,H,A,A,A,H,-,A,D,0,,,Y,,Y,,-,"- ",1,0,0,0,0,0,0,0,1,"- ","- ",36.040721893310547,-117.28012847900391,INYO,UNINCORPORATED,,
92379556,2024,2024-05-01,9825,2024-04-30,1657,023755,,2,2,9,1400,0,1,2,,2,001,"S/B US-395",BROCKMAN,3168.00,N,N,A,-,Y,INY,,395," "," ",118.937,H,,R,N,3,0,1,2,A,-,07,21658,A,N,B,C,A,A,H,-,A,D,0,,,,,Y,,A,07,0,1,0,0,0,0,0,0,0,"- ","- ",37.375839233398438,-118.44277954101562,INYO,UNINCORPORATED,-118.44277954101562,37.375926971435547
92381186,2024,2024-05-03,9825,2024-04-25,"530 ",017941,,4,3,9,1400,0,1,3,,1,018,"STATE ROUTE 190","DANTES VIEW ROAD",1584.00,E,N,A,-,Y,INY,,190," "," ",122.881,H,,R,Y,3,0,1,2,A,-,09,21801,A,N,E,J,A,A,D,-,D,D,0,,,,,Y,,D,22,0,1,0,0,0,0,0,0,0,"- ","- ",36.365978240966797,-116.7041015625,INYO,UNINCORPORATED,-116.70407104492188,36.365955352783203
92381300,2024,2024-05-03,9825,2024-04-26,"700 ",017941,,5,1,9,1400,0,1,3,,2,017,"STATE ROUTE 190","NORTH HIGHWAY",58080.00,W,N,A,-,Y,INY,,190," "," ",81.965,H,,R,Y,3,0,1,1,C,-,18,,,N,H,A,A,A,H,-,A,D,0,,,,Y,Y,,-,"- ",0,1,0,0,0,0,0,0,0,"- ","- ",36.567100524902344,-117.19570159912109,INYO,UNINCORPORATED,-117.19570159912109,36.567100524902344
92382691,2024,2024-05-06,9825,2024-04-25,2128,023376,,4,2,2,1401,0,1,3,,1,012,"SR-168 E/B","DEEP SPRINGS RANCH ROAD",15840.00,E,N,A,-,Y,INY,,168," "," ",47.759,H,,R,Y,3,0,1,1,A,-,03,22350,,N,F,I,A,A,H,-,D,A,0,,,Y,,Y,Y,C,02,0,1,0,0,0,0,0,0,1,"- ","- ",37.416271209716797,-117.96771240234375,INYO,BISHOP,-117.96767425537109,37.416301727294922
92386321,2024,2024-05-09,9825,2024-04-27,1650,023376,,6,2,9,1400,0,2,4,,2,021,"SR-168 E/B","SEE VEE LN",0.00,,Y,A,-,Y,INY,,168," "," ",17.301,H,,R,N,4,0,1,2,A,-,12,21453,A,N,D,G,A,A,H,-,A,A,0,,Y,,,Y,,D,22,0,0,1,0,0,0,1,0,0,"- ","- ",37.361461639404297,-118.41390991210938,INYO,UNINCORPORATED,-118.41390991210938,37.361343383789062
92389818,2024,2024-05-14,9825,2024-05-04,2150,022905,,6,2,9,1400,0,1,2,,1,006,"US-395 S/B","ASH CREEK RD",14256.00,S,N,B,G,N,,,,,,,,,,Y,3,0,1,1,C,-,18,,,N,F,A,A,A,D,-,D,A,0,,,,Y,Y,,-,"- ",0,1,0,0,0,0,0,0,0,"- ","- ",36.371269226074219,-118.02342987060547,INYO,UNINCORPORATED,-118.02103424072266,36.341228485107422
92395334,2024,2024-05-21,9825,2024-02-24,1500,020736,,6,2,9,1400,0,1,3,,2,020,SR-178,"NEVADA STATE LINE",10296.00,W,N,A,-,Y,INY,,178," "," ",60.250,H,,R,Y,1,1,1,1,A,-,03,22350,,N,E,8,A,A,H,-,A,A,0,,,Y,,Y,,C,02,1,0,0,0,0,0,0,1,1,"- ","- ",36.160251617431641,-116.14193725585938,INYO,UNINCORPORATED,-116.14192199707031,36.160213470458984
92395445,2024,2024-05-21,9825,2024-05-11,"5   ",023336,T804,6,3,9,1400,0,2,4,,2,021,"WINUBA LANE","DIAZ LANE",110.00,N,N,B,-,N,,,,,,,,,,Y,2,0,1,1,A,-,01,23152,A,N,F,0,A,A,H,-,C,D,0,,,,,Y,Y,A,01,1,0,0,0,0,0,0,0,0,"- ","- ",37.368820190429688,-118.42974853515625,INYO,UNINCORPORATED,-118.42980194091797,37.368751525878906
92396403,2024,2024-05-22,9825,2024-05-18,1538,023602,,6,2,9,1400,0,1,2,,1,006,"N/B US-395","BARTLETT RD",50.00,S,N,A,-,Y,INY,,395," "," ",48.406,H,,R,Y,3,0,1,1,A,-,08,22107,,N,E,8,A,A,H,-,A,D,0,,,,,Y,,A,01,0,1,0,0,0,0,0,0,0,"- ","- ",36.475109100341797,-118.03581237792969,INYO,UNINCORPORATED,-118.03572845458984,36.475101470947266
92413123,2024,2024-06-12,9825,2024-06-05,1908,023755,,3,2,9,1400,0,1,2,,2,001,"S/B US-395","PINE CREEK ROAD",0.00,,Y,A,-,Y,INY,,395," ",R,126.142,H,,L,Y,4,0,2,2,A,-,12,22450,A,N,D,C,A,A,H,-,A,A,0,,,,,Y,,A,01,0,0,2,0,0,0,0,0,0,"- ","- ",37.419460296630859,-118.55561065673828,INYO,UNINCORPORATED,-118.55557250976562,37.419471740722656
92416478,2024,2024-06-17,9825,2024-06-16,1700,018685,,7,2,9,1400,0,2,4,,2,052,"OLD SPANISH TRAIL HWY","TUSCARORA ST",448.00,W,N,A,-,N,,,,,,,,,,Y,4,0,1,1,A,-,08,22107,,N,E,I,A,A,H,-,A,D,0,,,,,Y,,A,07,0,0,1,0,0,0,0,0,0,"- ","- ",35.972061157226562,-115.85904693603516,INYO,UNINCORPORATED,,
92417434,2024,2024-06-18,9825,2024-06-12,1045,023872,T804,3,1,9,1400,0,2,4,,2,021,"DIAZ LN.","NUUMU WAY",25.00,E,N,A,-,N,,,,,,,,,,N,3,0,1,2,A,-,03,22350,,N,D,G,A,A,H,-,A,D,0,,Y,,,Y,,D,22,0,1,0,0,0,0,1,0,0,"- ","- ",37.368579864501953,-118.41597747802734,INYO,UNINCORPORATED,-118.416015625,37.3685302734375
92427477,2024,2024-07-01,9825,2024-06-21,"758 ",022014,,5,1,9,1400,0,3,5,,2,040,"SCHOBER LANE","SUNLAND DRIVE",0.00,,Y,A,-,N,,,,,,,,,,Y,3,0,2,2,A,-,12,22450,A,N,D,C,A,A,H,-,A,A,0,,,,,Y,,-,"- ",0,2,0,0,0,0,0,0,0,"- ","- ",37.346771240234375,-118.40451049804688,INYO,UNINCORPORATED,-118.40452575683594,37.34674072265625
92428389,2024,2024-07-02,9825,2024-06-25,"834 ",018960,,2,1,9,1400,0,1,2,,1,004,"US-395 SOUTHBOUND","MILLER LANE",285.00,N,N,B,-,Y,INY,,395," "," ",76.223,H,,L,Y,3,0,3,1,A,-,08,22107,,N,E,8,A,A,H,-,A,D,0,,,,,Y,,A,01,0,3,0,0,0,0,0,0,0,"- ","- ",36.835838317871094,-118.22840881347656,INYO,UNINCORPORATED,-118.2283935546875,36.835845947265625
92430240,2024,2024-07-03,9825,2024-07-01,1425,017035,,1,2,9,1400,0,3,5,,2,040,"PA ME LANE","EAST BIRCH ST",0.00,,Y,A,-,N,,,,,,,,,,Y,4,0,2,5,A,-,09,21801,A,N,D,2,A,A,H,-,A,D,0,,,,,Y,,A,01,0,0,2,0,0,0,0,0,0,"- ","- ",37.355968475341797,-118.43209838867188,INYO,UNINCORPORATED,-118.43206024169922,37.359737396240234
92433326,2024,2024-07-08,9825,2024-06-23,"315 ",023552,T804,7,3,9,1400,0,2,4,,2,021,"NORTH BARLOW LANE","DIAZ LANE",1584.00,S,N,A,-,N,,,,,,,,,,N,4,0,1,1,A,-,01,23152,A,M,B,I,A,A,H,-,D,D,0,,,,,Y,Y,A,01,0,0,1,0,0,0,0,0,0,"- ","- ",37.365169525146484,-118.42298126220703,INYO,UNINCORPORATED,-118.42302703857422,37.364166259765625
92433339,2024,2024-07-08,9825,2024-05-26,"713 ",023602,,7,1,9,1400,0,1,3,,1,018,SR-190,"20 MULE TEAM CANYON ROAD",16896.00,E,N,A,-,Y,INY,,190," "," ",119.804,H,,R,Y,1,1,0,1,A,-,08,22107,,N,E,8,A,A,H,-,A,D,0,,,,,Y,,A,01,0,0,0,0,0,0,0,0,0,"- ","- ",36.385471343994141,-116.74478912353516,INYO,UNINCORPORATED,-116.74480438232422,36.385444641113281
92435920,2024,2024-07-11,9825,2024-06-28,"530 ",023602,,5,3,9,1400,0,1,2,,1,005,"S/B US-395","MANZANAR REWARD ROAD",16896.00,S,N,A,-,Y,INY,,395," ",R,64.929,H,,L,Y,3,0,1,1,A,-,08,22107,,N,E,8,A,A,H,-,A,D,0,,,,,Y,,A,01,0,1,0,0,0,0,0,0,0,"- ","- ",36.69683837890625,-118.11852264404297,INYO,UNINCORPORATED,-118.11857604980469,36.696807861328125
92436543,2024,2024-07-11,9825,2024-07-07,1215,023468,,7,1,9,1400,0,1,3,,1,011,"SR-168 E/B","SEE VEE LN",265.00,E,N,A,-,Y,INY,,168," "," ",17.360,H,,R,N,3,0,1,1,A,-,08,22107,,N,F,A,A,A,H,-,A,D,0,,,Y,,Y,,C,02,0,1,0,0,0,0,0,0,1,"- ","- ",37.361320495605469,-118.41282653808594,INYO,UNINCORPORATED,-118.41282653808594,37.361347198486328
92440573,2024,2024-07-22,9825,2024-07-13,1056,023602,,6,1,9,1400,0,1,2,,1,005,US-395,"W PAYNE ST",0.00,,Y,A,-,Y,INY,,395," "," ",73.258,H,,R,N,4,0,1,2,A,-,01,23153,A,F,E,8,A,A,H,-,A,D,0,,,Y,,Y,Y,A,01,0,0,1,0,0,0,0,0,1,"- ","- ",36.800590515136719,-118.19846343994141,INYO,UNINCORPORATED,-118.19845581054688,36.800590515136719
92442959,2024,2024-07-18,9825,2024-07-16,1040,017035,,2,1,9,1400,0,1,3,,1,015,SR-136,"DOLOMITE LOOP RD",5280.00,E,N,A,-,Y,INY,,136," "," ",5.415,H,,R,Y,3,0,1,1,A,-,08,22107,,N,F,A,A,A,H,-,A,D,0,,,,Y,Y,,G,27,0,1,0,0,0,0,0,0,0,"- ","- ",36.559520721435547,-117.9669189453125,INYO,UNINCORPORATED,-117.96698760986328,36.559436798095703
92596916,2024,2024-08-12,9825,2024-06-25,1550,021622,,2,2,9,1400,0,1,2,,1,006,US-395,"CACTUS FLATS ROAD",0.00,,Y,B,G,Y,INY,,395," "," ",32.654,H,,R,Y,1,3,1,2,A,-,09,21801,A,N,D,C,A,A,H,-,A,D,0,,,,,Y,,D,22,1,0,0,0,0,0,0,0,0,"- ","- ",36.255088806152344,-117.9930419921875,INYO,UNINCORPORATED,-117.99307250976562,36.255077362060547
92602344,2024,2024-07-25,9825,2024-07-15,1606,022520,,1,2,9,1400,0,1,2,,1,007,"US-395 S/B","HAIWEE RESERVIOR RD",5966.00,N,N,A,-,N,,,,,,,,,,Y,4,0,1,1,A,-,03,22350,,N,E,J,A,A,H,-,A,D,0,,,,,Y,,-,"- ",0,0,1,0,0,0,0,0,0,"- ","- ",36.12384033203125,-117.97206115722656,INYO,UNINCORPORATED,-117.97644805908203,36.156524658203125
9312364,2021,2021-09-17,1401,2021-02-28,1226,546,,7,5,2,1401,0,0,0,,0,,"NORTH MAIN","W PINE ST",0.00,,Y,A,-,Y,INY,9,395,-,-,115.560,I,5,S,Y,3,0,1,2,A,-,09,21802,A,N,D,C,A,A,H,-,A,A,0,,,,,Y,,A,01,0,1,0,0,0,0,0,0,0,"- ","- ",37.36376953125,-118.39546203613281,INYO,BISHOP,-118.39530944824219,37.363254547119141
9312368,2021,2021-09-17,1401,2021-05-29,1156,489,0100,6,5,2,1401,0,0,0,,0,,"WYE RD","RT 6",0.00,,Y,A,-,Y,INY,9,6,-,-,0.130,I,5,N,N,2,0,3,3,A,-,09,21802,A,N,D,C,A,A,H,-,A,A,0,,,,,Y,,A,07,1,2,0,0,0,0,0,0,0,"- ","- ",,,INYO,BISHOP,-118.39534759521484,37.375804901123047
9315877,2020,2021-09-28,1401,2020-03-12,1556,608,0100,4,5,2,1401,0,0,0,,0,CITY,"N SIERRA HWY","RT 6",0.00,,Y,A,-,Y,INY,9,6,-,-,0.000,I,5,S,Y,3,0,1,1,A,-,03,22350,,N,E,J,A,A,H,-,A,D,0,,,,,Y,,A,07,0,1,0,0,0,0,0,0,0,"- ","- ",37.37548828125,-118.39624786376953,INYO,BISHOP,-118.39559173583984,37.374225616455078
9317618,2020,2021-09-28,1401,2020-08-01,1941,1431,0100,6,5,2,1401,0,0,0,,0,,"RT 6","WYE RD",0.00,,Y,A,-,Y,INY,9,6,-,-,0.130,I,5,S,Y,3,0,4,3,A,-,09,21802,A,N,D,C,A,A,H,-,A,A,0,,,,,Y,,D,22,0,3,1,0,0,0,0,0,0,"- ","- ",,,INYO,BISHOP,-118.39534759521484,37.376010894775391
9317633,2020,2021-09-15,1401,2020-09-03,1158,470,0100,4,5,2,1401,0,0,0,,0,,"NORTH MAIN","HORACE ALBRIGHT AV",139.00,N,N,A,-,N,,,,,,,,,,N,4,0,1,2,A,-,05,21202,,N,D,C,A,A,H,-,A,D,0,,Y,,,Y,,L,04,0,0,1,0,0,0,1,0,0,"- ","- ",37.367931365966797,-118.39483642578125,INYO,BISHOP,,
9317637,2020,2021-09-09,1401,2020-10-18,2254,470,0100,7,5,2,1401,0,0,0,,0,,"CLARKE ST","2ND ST",217.00,W,N,A,-,N,,,,,,,,,,Y,2,0,2,2,A,-,01,23153,,N,H,C,A,A,H,-,C,D,0,,,,,Y,Y,A,01,1,0,1,0,0,0,0,0,0,"- ","- ",37.359901428222656,-118.38971710205078,INYO,BISHOP,-118.38976287841797,37.359615325927734
9317654,2020,2022-03-22,1401,2020-03-18,1409,608,0100,3,5,2,1401,0,0,0,,0,CITY,"RT 395","W LINE ST",221.00,S,N,A,-,Y,INY,9,395,-,-,115.420,H,-,S,Y,3,0,1,5,A,-,03,22350,,N,F,C,A,A,H,-,A,D,0,,,,Y,Y,,A,07,0,1,0,0,0,0,0,0,0,"- ","- ",37.360420227050781,-118.39575958251953,INYO,BISHOP,-118.39529418945312,37.361484527587891
9317662,2020,2021-09-14,1401,2020-11-09,1000,1494,,1,5,2,1401,0,0,0,,0,,"W ELM ST","SCHLEY ST",0.00,,Y,A,-,N,,,,,,,,,,N,2,0,1,2,A,-,12,22450,A,N,H,B,D,A,H,-,A,A,0,Y,,,,Y,,D,22,1,0,0,0,1,0,0,0,0,"- ","- ",37.365379333496094,-118.39919281005859,INYO,BISHOP,-118.39914703369141,37.365379333496094
9317674,2020,2022-03-22,1401,2020-01-17,1824,608,0100,5,5,2,1401,0,0,0,,0,,"RT 395","WYE RD",0.00,,Y,A,-,Y,INY,9,395,-,-,116.400,H,-,S,N,3,0,1,2,A,-,08,22107,,N,D,C,A,A,H,-,D,D,0,,,,,Y,,D,22,0,1,0,0,0,0,0,0,0,"- ","- ",37.37548828125,-118.39624786376953,INYO,BISHOP,-118.39816284179688,37.375736236572266
9322212,2020,2021-09-14,1401,2020-08-02,1801,489,0100,7,5,2,1401,0,0,0,,0,,"MAIN ST","MAC IVER ST",0.00,,Y,A,-,Y,INY,9,395,-,-,116.070,I,5,N,N,3,0,1,2,A,-,09,21802,A,N,D,G,A,A,H,-,A,A,0,,Y,,,Y,,A,07,0,1,0,0,0,0,1,0,0,"- ","- ",37.371559143066406,-118.39486694335938,INYO,BISHOP,-118.39529418945312,37.371688842773438
9325770,2021,2021-10-04,1401,2021-08-29,1525,1494,100,7,5,2,1401,0,0,0,,0,100,"NORTH MAIN","HORACE ALBRIGHT AV",0.00,,Y,A,-,N,,,,,,,,,,N,2,0,1,2,A,-,10,21950,,N,G,B,B,A,H,-,A,A,0,Y,,,,Y,,D,22,1,0,0,0,1,0,0,0,0,"- ","- ",37.368080139160156,-118.39433288574219,INYO,BISHOP,,
93280560,2024,2024-08-01,9825,2024-07-21,1635,020736,,7,2,9,1400,0,2,4,,2,077,"PANAMINT VALLEY ROAD (SR-178)","TRONA WILDROSE RD",16368.00,W,N,A,-,Y,,,,,,,,,,Y,4,0,1,2,A,-,00,20002,A,M,F,A,A,A,H,-,A,D,0,,,,,Y,,-,99,0,0,1,0,0,0,0,0,0,"- ","- ",36.202259063720703,-117.33502197265625,INYO,UNINCORPORATED,-117.33506011962891,36.202251434326172
93644802,2024,2024-08-05,9825,2024-07-24,"630 ",021622,,3,1,9,1400,0,1,3,,2,016,"SR-190 EASTBOUND","MILE POST MARKER 61",1056.00,E,N,A,-,Y,INY,,190," "," ",61.667,H,,R,Y,3,0,2,1,A,-,08,22107,,N,E,J,A,A,H,-,B,D,0,,,,,Y,,D,22,0,2,0,0,0,0,0,0,0,"- ","- ",36.344341278076172,-117.35751342773438,INYO,UNINCORPORATED,-117.35749816894531,36.344303131103516
93687389,2024,2024-08-06,9825,2024-07-12,1730,023376,,5,2,9,1400,0,3,5,,2,040,"MATLICK LN",US-395,0.00,,Y,A,-,N,,,,,,,,,,N,4,0,1,2,A,-,12,22450,A,N,G,B,D,A,H,-,A,A,0,Y,,,,Y,,A,07,0,0,1,0,1,0,0,0,0,"- ","- ",37.375949859619141,-118.42034149169922,INYO,UNINCORPORATED,-118.41948699951172,37.375820159912109
9369629,2021,2021-12-21,1401,2021-10-15,1629,489,,5,5,2,1401,0,0,0,,0,,"NORTH MAIN","W YANEY ST",0.00,,Y,A,-,N,,,,,,,,,,N,3,0,1,2,A,-,08,22107,,N,D,G,A,A,H,-,A,A,0,,Y,,,Y,,A,07,0,1,0,0,0,0,1,0,0,"- ","- ",,,INYO,BISHOP,-118.39528656005859,37.369537353515625
93744430,2024,2024-08-06,9825,2024-07-27,1011,023602,,6,1,9,1400,0,1,3,,2,017,SR-190,"WILDROSE RD",29040.00,W,N,A,-,Y,INY,,190," "," ",70.757,H,,R,Y,2,0,1,1,A,-,03,22350,,N,E,8,A,A,H,-,A,D,0,,,Y,,Y,,C,02,1,0,0,0,0,0,0,0,1,"- ","- ",36.422119140625,-117.26583862304688,INYO,UNINCORPORATED,-117.26590728759766,36.422115325927734
93768848,2024,2024-08-07,9825,2024-07-30,"840 ",023986,,2,1,9,1400,0,1,2,,1,003,"US-395 N/B","ALL FIVE DRIVE",2112.00,N,N,A,-,Y,INY,,395," "," ",97.780,H,,R,Y,3,0,1,2,A,-,03,22350,,N,C,C,A,A,H,-,A,D,0,,,,Y,Y,,A,01,0,1,0,0,0,0,0,0,0,"- ","- ",37.132930755615234,-118.27130126953125,INYO,UNINCORPORATED,-118.27133178710938,37.132915496826172
93857671,2024,2024-08-08,9825,2024-07-29,2305,022520,,1,3,9,1400,0,1,2,,1,006,"US-395 N/B","BARTLET RD",1045.00,N,N,A,-,N,,,,,,,,,,Y,2,0,1,1,A,-,08,22107,,N,F,I,A,A,H,-,D,D,0,,,,,Y,,A,01,1,0,0,0,0,0,0,0,0,"- ","- ",36.485771179199219,-118.03443908691406,INYO,UNINCORPORATED,-118.03437805175781,36.485649108886719
94360151,2024,2024-08-19,9825,2024-08-14,"829 ",023986,,3,1,9,1400,0,1,3,,1,011,SR-168,"MEADOW LANE",100.00,E,N,A,-,Y,INY,,168," "," ",16.102,H,,R,Y,3,0,1,2,A,-,09,21804,A,N,D,C,A,A,H,-,A,D,0,,,,,Y,,A,01,0,1,0,0,0,0,0,0,0,"- ","- ",37.361251831054688,-118.43566131591797,INYO,UNINCORPORATED,-118.43566131591797,37.361259460449219
94368226,2024,2024-08-23,9825,2024-08-21,1505,023988,,3,2,9,1400,0,1,2,,1,006,"US-395 S/B","CARROLL CREEK ROAD",0.00,,Y,A,-,N,,,,,,,,,,Y,2,0,3,2,A,-,09,21801,A,N,D,C,A,A,H,-,A,D,0,,,,,Y,,M,47,1,2,0,0,0,0,0,0,0,"- ","- ",36.491111755371094,-118.03411102294922,INYO,UNINCORPORATED,-118.03411102294922,36.491119384765625
94371096,2024,2024-08-27,9825,2024-07-31,1810,024003,,3,2,2,1401,0,1,2,,2,001,US-395,"BROCKMAN LANE",0.00,,Y,B,-,Y,INY,,395," "," ",118.322,H,,R,Y,2,0,1,2,A,-,09,21804,A,F,D,2,A,A,H,-,B,A,0,,,,,Y,,A,07,1,0,0,0,0,0,0,0,0,"- ","- ",37.375759124755859,-118.43199157714844,INYO,BISHOP,-118.43198394775391,37.37591552734375
94373780,2024,2024-08-28,9825,2024-08-24,1740,023376,,6,2,9,1400,0,1,2,,2,002,US-395,"SEE VEE LN",2112.00,S,N,A,-,Y,INY,,395," "," ",116.923,H,,R,Y,4,0,1,1,A,-,08,22107,,N,E,I,A,A,H,-,A,D,0,,,,,Y,,A,07,0,0,1,0,0,0,0,0,0,"- ","- ",37.375968933105469,-118.40676116943359,INYO,UNINCORPORATED,-118.40676116943359,37.375926971435547
94375790,2024,2024-08-29,9825,2024-08-22,"950 ",023755,,4,1,9,1400,0,3,5,,2,040,"SUNLAND DRIVE","WARM SPRINGS ROAD",1056.00,S,N,A,-,N,,,,,,,,,,Y,4,0,1,1,A,-,01,23152,A,M,B,8,A,A,H,-,A,D,0,,,,,Y,Y,A,07,0,0,1,0,0,0,0,0,0,"- ","- ",37.322639465332031,-118.40463256835938,INYO,UNINCORPORATED,-118.40460205078125,37.322154998779297
94382636,2024,2025-04-03,9825,2024-08-09,1955,023336,,5,2,9,1400,0,1,2,,1,007,"US-395 S/B","LITTLE LAKE ROAD",1584.00,N,N,A,-,Y,INY,,395," "," ",9.957,H,,L,Y,1,1,0,1,A,-,03,22350,,N,F,A,A,A,H,-,B,D,0,,,,,Y,,A,01,0,0,0,0,0,0,0,0,0,"- ","- ",35.936561584472656,-117.90602111816406,INYO,UNINCORPORATED,-117.90596771240234,35.936557769775391
94388073,2024,2024-09-10,9825,2024-08-28,"745 ",022520,,3,1,9,1400,0,1,2,,1,005,"US-395 S/B","MOFFAT RANCH RD.",4283.00,S,N,A,-,N,,,,,,,,,,Y,4,0,1,1,A,-,08,22107,,N,E,I,A,A,H,-,A,D,0,,,,,Y,,A,01,0,0,1,0,0,0,0,0,0,"- ","- ",36.676670074462891,-118.09976959228516,INYO,UNINCORPORATED,-118.09777069091797,36.674415588378906
94388577,2024,2024-09-10,9825,2024-09-04,1321,021622,,3,1,9,1400,0,1,2,,1,006,US-395,"WALKER CREEK ROAD",1060.00,N,N,A,-,Y,INY,,395," "," ",33.251,H,,R,Y,2,0,1,2,A,-,08,22107,,N,B,D,A,A,H,-,A,D,0,,,,,Y,,A,08,1,0,0,0,0,0,0,0,0,"- ","- ",36.263168334960938,-117.99698638916016,INYO,UNINCORPORATED,-117.99696350097656,36.263179779052734
94389765,2024,2024-09-11,9825,2024-09-02,1730,022905,,1,2,9,1400,0,1,2,,1,003,"SB US-395","WARM SPRINGS ROAD",0.00,,Y,A,-,Y,INY,,395," "," ",112.864,H,,R,Y,2,0,2,2,A,-,01,23152,A,N,D,C,A,A,H,-,A,D,0,,,Y,,Y,Y,A,01,2,0,0,0,0,0,0,0,2,"- ","- ",37.325130462646484,-118.39128112792969,INYO,UNINCORPORATED,-118.39110565185547,37.325187683105469
94389781,2024,2024-09-11,9825,2024-07-12,1620,023468,,5,2,9,1400,0,1,3,,1,011,"STARLITE DR.","SR-168 WEST",452.00,W,N,A,-,N,,,,,,,,,,Y,1,1,1,1,A,-,08,22107,,N,F,A,A,A,H,-,A,D,0,,,,,Y,,D,22,1,0,0,0,0,0,0,0,0,"- ","- ",37.333381652832031,-118.52308654785156,INYO,UNINCORPORATED,-118.52291107177734,37.333244323730469
94391883,2024,2024-09-12,9825,2024-09-06,1531,023602,,5,2,9,1400,0,1,3,,1,015,SR-190,"PANAMINT VALLEY ROAD",19536.00,W,N,A,-,Y,INY,,190," "," ",53.483,H,,R,N,2,0,1,1,A,-,03,22350,,N,H,A,A,A,H,-,A,D,0,,,Y,,Y,,-,"- ",1,0,0,0,0,0,0,0,1,"- ","- ",36.346549987792969,-117.49208831787109,INYO,UNINCORPORATED,-117.49210357666016,36.346530914306641
94395359,2024,2024-09-16,9825,2024-09-07,1530,023755,,6,2,9,1400,0,1,2,,2,001,"US-395 N/B","MILL CREEK ROAD",2112.00,N,N,A,-,Y,INY,,395," ",R,125.357,H,,R,Y,2,0,1,1,A,-,08,22107,,N,F,A,A,A,H,-,A,D,0,,,,,Y,Y,A,08,1,0,0,0,0,0,0,0,0,"- ","- ",37.409370422363281,-118.54898071289062,INYO,UNINCORPORATED,-118.5489501953125,37.409393310546875
94400725,2024,2024-09-19,9825,2024-09-14,1105,023755,,6,1,9,1400,0,1,2,,1,004,"US-395 N/B","NORTH FISH SPRINGS ROAD",4752.00,S,N,A,-,Y,INY,,395," "," ",94.654,H,,R,N,3,0,2,1,C,-,18,,,N,F,A,A,A,H,-,A,D,0,,,Y,,Y,,-,"- ",0,1,1,0,0,0,0,0,2,"- ","- ",37.092540740966797,-118.24858856201172,INYO,UNINCORPORATED,-118.24854278564453,37.092548370361328
94402277,2024,2024-09-20,9825,2024-09-13,1805,023534,,5,2,9,1400,0,1,3,,1,011,"SR-168 E/B","MEADOW LN",0.00,,Y,A,-,Y,INY,,168," "," ",16.068,H,,R,Y,3,0,2,2,A,-,09,21801,A,N,D,C,A,A,H,-,A,B,0,,,,,Y,,-,35,0,2,0,0,0,0,0,0,0,"- ","- ",37.361251831054688,-118.43627166748047,INYO,UNINCORPORATED,-118.43627166748047,37.361270904541016
94405769,2024,2024-09-24,9825,2024-09-12,1115,018960,,4,1,9,1400,0,1,3,,1,011,SR-168,"MEADOW LANE",0.00,,Y,A,-,N,,,,,,,,,,N,4,0,1,2,A,-,09,21802,A,N,D,C,A,A,H,-,A,D,0,,,,,Y,,A,07,0,0,1,0,0,0,0,0,0,"- ","- ",37.361209869384766,-118.4364013671875,INYO,UNINCORPORATED,-118.43637847900391,37.361240386962891
94405906,2024,2024-09-24,9825,2024-09-20,1445,020736,,5,2,9,1400,0,3,5,,2,060,"LONE PINE CAMPGROUND ROAD","WHITNEY PORTAL RD",3062.00,W,N,A,-,N,,,,,,,,,,N,3,0,1,1,A,-,08,22107,,N,F,A,A,A,B,-,A,D,0,,,Y,,Y,,C,02,0,1,0,0,0,0,0,0,1,"- ","- ",36.596981048583984,-118.18550109863281,INYO,UNINCORPORATED,-118.18519592285156,36.596893310546875
94406550,2024,2024-09-24,9825,2024-09-20,1210,023602,,5,1,9,1400,0,1,2,,1,007,"S/B US-395","NINE MILE CANYON ROAD",23232.00,N,N,B,-,Y,INY,,395," ",R,7.438,H,,L,Y,2,0,1,1,A,-,08,22107,,N,E,J,A,A,H,-,A,D,0,,,Y,,Y,,C,02,1,0,0,0,0,0,0,0,1,"- ","- ",35.901538848876953,-117.900390625,INYO,UNINCORPORATED,-117.90045166015625,35.901527404785156
94413411,2024,2024-10-08,9825,2024-09-24,1605,021400,,2,2,9,1400,0,1,2,,2,002,"N/B US-395","BARLOW LANE",380.00,E,N,A,-,Y,INY,,395," "," ",117.749,H,,R,N,4,0,1,2,A,-,05,21650,,N,D,G,A,A,H,-,A,D,0,,Y,Y,,Y,Y,L,04,0,0,1,0,0,0,1,0,0,"- ","- ",37.375900268554688,-118.42159271240234,INYO,UNINCORPORATED,-118.42159271240234,37.375885009765625
94413434,2024,2024-09-30,9825,2024-09-23,2019,022520,,1,2,9,1400,0,2,4,,2,078,"TRONA WILDROSE ROAD","QUARRY RD",3432.00,S,N,A,-,Y,,,,,,,,,,Y,4,0,1,1,C,-,18,,,N,E,H,A,A,H,-,D,D,0,,,,,Y,,-,"- ",0,0,1,0,0,0,0,0,0,"- ","- ",35.911628723144531,-117.33052062988281,INYO,UNINCORPORATED,-117.33054351806641,35.911533355712891
94418620,2024,2024-10-03,9825,2024-09-26,"40  ",021622,,4,3,9,1400,0,1,2,,1,007,"US-395 NORTHBOUND","GILL STATION COSO ROAD",5280.00,N,N,A,-,Y,INY,,395," ",R,18.901,H,,R,N,2,0,1,2,A,-,11,21954,A,N,G,B,E,A,H,-,D,D,0,Y,,,Y,Y,,N,60,1,0,0,0,1,0,0,0,0,"- ","- ",36.060329437255859,-117.95181274414062,INYO,UNINCORPORATED,-117.95182037353516,36.060329437255859
94418657,2024,2024-10-03,9825,2024-09-19,1357,022520,,4,1,9,1400,0,1,2,,1,007,"US-395 N/B","GILL STATION COSO RD",576.00,S,N,A,-,Y,INY,,395," ",R,17.746,H,,R,Y,2,0,1,1,A,-,08,22107,,N,E,I,A,A,H,-,A,D,0,,,,,Y,,A,01,1,0,0,0,0,0,0,0,0,"- ","- ",36.04412841796875,-117.94660186767578,INYO,UNINCORPORATED,-117.9466552734375,36.044120788574219
94420074,2024,2024-10-04,9825,2024-09-29,1800,020736,,7,2,9,1400,0,1,3,,2,016,SR-190,"CENTENNIAL ROAD",1915.00,W,N,A,-,Y,INY,,190," "," ",34.294,H,,R,Y,3,0,1,1,A,-,08,22107,,N,F,A,A,A,H,-,B,D,0,,,,,Y,,A,01,0,1,0,0,0,0,0,0,0,"- ","- ",36.331748962402344,-117.72193908691406,INYO,UNINCORPORATED,-117.72196960449219,36.331619262695312
94422726,2024,2024-10-08,9825,2024-10-04,1615,022014,,5,2,2,1401,0,3,5,,2,040,"SCHOBER LANE","SUNLAND DRIVE",0.00,,Y,A,-,N,,,,,,,,,,N,3,0,1,2,A,-,09,21802,A,N,E,8,A,A,H,-,A,A,0,,,,,Y,,D,22,0,1,0,0,0,0,0,0,0,"- ","- ",37.3466796875,-118.40460968017578,INYO,BISHOP,-118.40452575683594,37.34674072265625
94423580,2024,2024-10-08,9825,2024-09-30,1615,022520,,1,2,9,1400,0,1,2,,1,007,"US-395 N/B",DUNMOVIN,682.00,N,N,A,-,Y,INY,,395," ",R,21.006,H,,R,N,3,0,1,1,A,-,08,22107,,N,E,I,A,A,H,-,A,D,0,,,,,Y,,A,07,0,1,0,0,0,0,0,0,0,"- ","- ",36.089839935302734,-117.96128845214844,INYO,UNINCORPORATED,-117.96138763427734,36.089813232421875
94431324,2024,2024-10-15,9825,2024-10-03,"415 ",021622,,4,3,9,1400,0,2,4,,2,078,"SR-178 SOUTHBOUND (TRONA WILDROSE ROAD)","QUARRY ROAD",16896.00,N,N,A,-,N,,,,,,,,,,Y,3,0,1,1,A,-,08,22107,,N,E,I,A,A,H,-,D,D,0,,,,,Y,,A,01,0,1,0,0,0,0,0,0,0,"- ","- ",35.963058471679688,-117.33918762207031,INYO,UNINCORPORATED,,
94435433,2024,2024-10-17,9825,2024-10-09,1732,023988,,3,2,2,1401,0,1,2,,2,001,"US HWY 395 NORTHBOUND","BROCKMAN LN.",20.00,N,N,A,-,N,,,,,,,,,,Y,2,0,1,5,A,-,01,23152,A,N,D,4,F,A,H,-,B,D,0,Y,,,,Y,Y,A,01,1,0,0,0,1,0,0,0,0,"- ","- ",37.375938415527344,-118.43254089355469,INYO,BISHOP,-120.50231170654297,40.960926055908203
94441150,2024,2024-10-22,9825,2024-08-30,1906,020736,,5,2,9,1400,0,1,2,,1,006,"SOUTHBOUND US-395","LUBKEN CANYON RD",31.00,N,N,A,-,Y,INY,,395," "," ",53.286,H,,L,Y,1,1,0,2,A,-,09,21801,A,N,B,G,A,A,H,-,A,D,0,,Y,,Y,Y,,L,04,0,0,0,0,0,1,0,0,0,"- ","- ",36.543159484863281,-118.04752349853516,INYO,UNINCORPORATED,-118.04753875732422,36.543159484863281
94443859,2024,2024-11-01,9825,2024-10-18,1045,023336,,5,1,9,1400,0,1,2,,1,004,"US-395 S/B","BLACK ROCK SPRINGS ROAD",158.00,N,N,G,-,Y,INY,,395," ",R,82.433,H,,L,Y,2,0,1,1,A,-,08,22107,,N,E,8,A,A,H,-,A,D,0,,,,,Y,,-,"- ",1,0,0,0,0,0,0,0,0,"- ","- ",36.924930572509766,-118.24122619628906,INYO,UNINCORPORATED,-118.24129486083984,36.924930572509766
94449877,2024,2024-10-29,9825,2024-10-27,1630,018685,,7,2,9,1400,0,1,3,,2,017,SR-190,"COTTONWOOD CANYON RD",0.00,,Y,A,-,Y,INY,,190," "," ",85.818,H,,R,Y,4,0,1,2,A,-,05,21460,A,N,D,C,A,A,H,-,A,D,0,,,Y,,Y,,C,02,0,0,1,0,0,0,0,0,1,"- ","- ",36.605701446533203,-117.14759063720703,INYO,UNINCORPORATED,-117.14764404296875,36.605731964111328
94450665,2024,2024-10-30,9825,2024-10-25,1330,023602,,5,1,9,1400,0,1,2,,1,007,"N/B US-395","CINDER ROAD",0.00,,Y,A,-,Y,INY,,395," ",R,12.960,H,,R,Y,3,0,1,2,A,-,09,21804,A,N,D,C,A,A,H,-,A,D,0,,,,,Y,,E,23,0,1,0,0,0,0,0,0,0,"- ","- ",35.977340698242188,-117.92298889160156,INYO,UNINCORPORATED,-117.92301177978516,35.977333068847656
94453039,2024,2024-10-31,9825,2024-10-23,"20  ",021622,,3,3,9,1400,0,1,2,,1,006,"US-395 SOUTHBOUND","WHITNEY PORTAL ROAD",15.00,N,N,A,-,Y,INY,,395," "," ",57.682,H,,L,N,3,0,1,2,A,-,08,22107,,F,G,B,E,A,H,-,C,A,0,Y,,,,Y,Y,-,99,0,1,0,0,1,0,0,0,0,"- ","- ",36.604999542236328,-118.06314086914062,INYO,UNINCORPORATED,-118.06307220458984,36.605022430419922
94454773,2024,2024-11-01,9825,2024-10-25,1335,023872,,5,1,9,1400,0,3,5,,2,040,"SOUTH LAKE RD.","SHABEGGAR LANE",6864.00,S,N,A,-,N,,,,,,,,,,Y,3,0,2,1,A,-,08,22107,,N,E,8,A,A,H,-,A,D,0,,,,,Y,,D,22,0,2,0,0,0,0,0,0,0,"- ","- ",37.199668884277344,-118.56806945800781,INYO,UNINCORPORATED,,
94462695,2024,2024-11-07,9825,2024-11-03,1712,023602,,7,2,9,1400,0,1,2,,1,007,"S/B US-395","HAIWEE CANYON RD.",1056.00,N,N,A,-,Y,,,,,,,,,,Y,4,0,1,1,A,-,08,22107,,N,E,8,A,A,H,-,D,D,0,,,,,Y,,A,01,0,0,1,0,0,0,0,0,0,"- ","- ",35.158561706542969,-117.97666168212891,INYO,UNINCORPORATED,-117.97641754150391,36.156253814697266
94471687,2024,2024-11-15,9825,2024-11-10,1150,022270,,7,1,9,1400,0,1,2,,1,003,"US-395 S/B","SCHOEBER LN.",0.00,,Y,A,-,Y,INY,,395," "," ",114.369,H,,L,N,3,0,1,2,A,-,21,22106,,N,D,C,A,A,H,-,A,A,0,,,,,Y,,D,22,0,1,0,0,0,0,0,0,0,"- ","- ",37.346710205078125,-118.39523315429688,INYO,UNINCORPORATED,-118.39514923095703,37.346710205078125
94475076,2024,2024-11-19,9825,2024-11-07,"720 ",017941,,4,1,9,1400,0,1,3,,1,018,"STATE ROUTE 190","STATE ROUTE 127",0.00,,Y,A,-,Y,INY,,190," "," ",140.692,H,,R,Y,2,0,3,1,A,-,01,23152,A,N,F,J,A,A,H,-,B,A,0,,,,,Y,Y,A,01,1,2,0,0,0,0,0,0,0,"- ","- ",36.304580688476562,-116.41513061523438,INYO,UNINCORPORATED,-116.41520690917969,36.304634094238281
94477080,2024,2024-11-20,9825,2024-11-14,"730 ",017941,,4,1,9,1400,0,2,4,,2,078,"TRONA WILDROSE ROAD","BALLARATT ROAD",18480.00,S,N,A,-,N,,,,,,,,,,Y,3,0,1,1,C,-,18,,,N,E,I,A,A,H,-,A,D,0,,,,,Y,,-,"- ",0,1,0,0,0,0,0,0,0,"- ","- ",36.007720947265625,-117.33129119873047,INYO,UNINCORPORATED,-117.33112335205078,36.008018493652344
94482104,2024,2024-11-25,9825,2024-11-15,1619,023602,,5,2,9,1400,0,1,3,,1,019,"S/B SR-127","ASH MEADOWS ROAD",500.00,S,N,A,-,Y,INY,,127," "," ",41.865,H,,R,Y,4,0,1,1,A,-,03,22350,,N,E,8,A,A,H,-,A,D,0,,,,,Y,,A,07,0,0,1,0,0,0,0,0,0,"- ","- ",36.300670623779297,-116.41401672363281,INYO,UNINCORPORATED,-116.4140625,36.300678253173828
94482243,2024,2024-11-25,9825,2024-11-16,1510,023602,,6,2,9,1400,0,1,2,,1,006,"S/B US-395","ASH CREEK RD.",20027.00,N,N,A,-,Y,INY,,395," "," ",42.201,H,,L,Y,4,0,1,3,A,-,03,22350,,N,B,C,A,A,H,-,A,D,0,,,Y,,Y,,C,02,0,0,1,0,0,0,0,0,1,"- ","- ",36.385688781738281,-118.02410125732422,INYO,UNINCORPORATED,-118.02409362792969,36.385688781738281
94484167,2024,2024-11-26,9825,2024-11-24,"700 ",022270,,7,1,9,1400,0,1,2,,2,001,"US-395 N/B","PLEASANT VALLEY DAM ROAD",135.00,N,N,A,-,Y,INY,,395," ",R,122.391,H,,R,Y,4,0,2,1,C,-,18,,,N,H,H,A,A,H,-,A,D,0,,,,,Y,,-,"- ",0,0,2,0,0,0,0,0,0,"- ","- ",37.389949798583984,-118.50119018554688,INYO,UNINCORPORATED,-118.50120544433594,37.389926910400391
94487870,2024,2024-12-13,9825,2024-11-28,1640,022270,,4,2,9,1400,0,3,5,,2,040,"COUNTY RD.","REYNOLDS RD.",3168.00,N,N,A,-,N,,,,,,,,,,N,3,0,1,2,A,-,01,23152,,F,H,H,E,A,H,-,B,D,0,Y,,,,Y,Y,A,07,0,1,0,0,1,0,0,0,0,"- ","- ",37.181308746337891,-118.31318664550781,INYO,UNINCORPORATED,-118.31307983398438,37.181255340576172
94489459,2024,2024-12-27,9825,2024-11-28,1642,023872,,4,2,9,1400,0,3,5,,2,040,"COUNTY ROAD","REYNOLDS ROAD",6336.00,N,N,A,-,N,,,,,,,,,,Y,1,1,1,1,A,-,01,23152,A,N,F,0,A,A,H,-,B,D,0,,,,,Y,Y,A,07,0,1,0,0,0,0,0,0,0,"- ","- ",37.187679290771484,-118.32122039794922,INYO,UNINCORPORATED,-118.32054138183594,37.187427520751953
94496594,2024,2024-12-12,9825,2024-11-23,"102 ",023602,,6,3,9,1400,0,1,2,,1,006,US-395,"FALL ROAD",1800.00,S,N,G,-,Y,,,,,,,,,,Y,3,0,1,1,A,-,03,22350,,N,F,A,A,A,H,-,D,D,0,,,,Y,Y,,G,25,0,1,0,0,0,0,0,0,0,"- ","- ",36.269359588623047,-118.01818084716797,INYO,UNINCORPORATED,-118.00047302246094,36.270473480224609
94496623,2024,2024-12-13,9825,2024-11-23,"244 ",023602,,6,3,9,1400,0,1,2,,1,006,"S/B US-395","ASH CREEK RD",3775.00,S,N,G,-,Y,INY,,395," "," ",41.099,H,,R,Y,3,0,1,1,A,-,03,22350,,N,F,A,A,A,H,-,D,D,0,,,,Y,Y,,G,25,0,1,0,0,0,0,0,0,0,"- ","- ",36.369731903076172,-118.02384948730469,INYO,UNINCORPORATED,-118.02381134033203,36.369731903076172
94496689,2024,2024-12-13,9825,2024-11-23,2030,020736,,6,2,9,1400,0,1,2,,1,006,"N/B US-395","WALKER CREEK RD",9504.00,S,N,A,-,Y,,,,,,,,,,Y,3,0,1,1,A,-,08,22107,,N,E,I,A,A,H,-,D,D,0,,,,,Y,,A,07,0,1,0,0,0,0,0,0,0,"- ","- ",36.234828948974609,-117.98906707763672,INYO,UNINCORPORATED,-117.98389434814453,36.236049652099609
94502434,2024,2024-12-13,9825,2024-11-30,1335,020736,,6,1,9,1400,0,2,4,,2,077,"PANAMINT VALLEY ROAD","MINIETTA ROAD",14995.00,S,N,A,-,N,,,,,,,,,,Y,2,0,1,1,A,-,08,22107,,N,F,A,A,A,H,-,A,D,0,,,,,Y,,D,22,1,0,0,0,0,0,0,0,0,"- ","- ",36.209648132324219,-117.33856964111328,INYO,UNINCORPORATED,-117.33866882324219,36.209728240966797
94520682,2024,2024-12-30,9825,2024-12-24,1250,024218,,2,1,9,1400,0,3,5,,2,040,"SOUTH LAKE ROAD","FOUR JEFFREY CAMPGROUND",3168.00,S,N,D,-,N,,,,,,,,,,Y,4,0,1,1,A,-,03,22350,,N,E,9,A,C,H,-,A,D,0,,,,,Y,,-,"- ",0,0,1,0,0,0,0,0,0,"- ","- ",37.240211486816406,-118.56680297851562,INYO,UNINCORPORATED,,
94525132,2024,2025-01-03,9825,2024-12-25,"525 ",024083,,3,3,9,1400,0,1,2,,1,005,"US-395 N/B","MOFFAT RANCH RD.",1056.00,S,N,A,-,Y,INY,,395," ",R,63.521,H,,R,Y,3,0,1,1,A,-,08,22107,,N,F,A,A,A,H,-,D,D,0,,,,,Y,,A,07,0,1,0,0,0,0,0,0,0,"- ","- ",36.681560516357422,-118.10414123535156,INYO,UNINCORPORATED,-118.10417175292969,36.681541442871094
94532217,2024,2025-01-09,9825,2024-12-27,"920 ",023999,,5,1,9,1400,0,1,2,,2,002,"US-395 S/B","SEE VEE LN.",528.00,N,N,A,-,Y,INY,,395," "," ",117.427,H,,L,Y,4,0,1,1,A,-,08,22107,,N,E,8,A,A,H,-,A,D,0,,,,,Y,,A,08,0,0,1,0,0,0,0,0,0,"- ","- ",37.375751495361328,-118.41562652587891,INYO,UNINCORPORATED,-118.41562652587891,37.375812530517578
94535769,2024,2025-01-13,9825,2024-12-29,1017,020736,,7,1,9,1400,0,1,3,,2,016,SR-190,"LAVA LAKE ROAD",670.00,E,N,A,-,Y,INY,,190," "," ",14.755,H,,R,Y,2,0,2,1,A,-,08,22107,,N,E,I,A,A,H,-,A,D,0,,,,,Y,,D,22,2,0,0,0,0,0,0,0,0,"- ","- ",36.326560974121094,-117.94264984130859,INYO,UNINCORPORATED,-117.94263458251953,36.326545715332031
94537512,2025,2025-01-14,9825,2025-01-02,1440,024083,,4,2,9,1400,0,1,2,,1,006,"US-395 S/B","MUIR ST",5.00,S,N,A,-,Y,INY,,395," "," ",57.493,H,,L,N,4,0,1,2,A,-,10,21950,A,N,G,B,B,A,H,-,A,A,0,Y,,,,Y,,A,07,0,0,1,0,1,0,0,0,0,"- ","- ",36.602401733398438,-118.06182098388672,INYO,UNINCORPORATED,-118.06179809570312,36.602405548095703
94540409,2024,2025-01-16,9825,2024-12-24,2245,017941,,2,3,9,1400,0,1,3,,1,019,"STATE ROUTE 127","STATE LINE ROAD",79200.00,S,N,B,G,Y,INY,,127," "," ",27.060,H,,R,Y,1,1,2,1,A,-,08,22107,,N,F,A,A,A,H,-,D,D,0,,,,,Y,,A,01,1,0,1,0,0,0,0,0,0,"- ","- ",36.139438629150391,-116.31098175048828,INYO,UNINCORPORATED,-116.31099700927734,36.139434814453125
94549227,2025,2025-01-24,9825,2025-01-18,"6   ",018685,,6,3,9,1400,0,1,3,,1,018,SR-190,"BADWATER ROAD",1374.00,E,N,A,-,Y,INY,,190," "," ",112.007,H,,R,Y,2,0,4,1,A,-,08,22107,,N,F,A,A,A,H,-,D,D,0,,,,,Y,,A,07,2,1,1,0,0,0,0,0,0,"- ","- ",36.451290130615234,-116.84942626953125,INYO,UNINCORPORATED,-116.84937286376953,36.451225280761719
94553345,2025,2025-01-28,9825,2025-01-20,1555,022520,,1,2,9,1400,0,3,5,,2,060,"TUTTLE CREEK ROAD","THUNDERCLOUD LANE",1697.00,N,N,A,-,N,,,,,,,,,,Y,4,0,1,1,A,-,08,22107,,N,E,I,A,A,H,-,A,D,0,,,,,Y,,A,01,0,0,1,0,0,0,0,0,0,"- ","- ",36.576118469238281,-118.10117340087891,INYO,UNINCORPORATED,-118.10099792480469,36.575065612792969
94565198,2025,2025-02-04,9825,2025-01-22,"935 ",021622,,3,1,9,1400,0,1,2,,1,006,US-395,"WHITNEY PORTAL ROAD",60.00,N,N,A,-,Y,INY,,395," "," ",57.691,H,,R,Y,4,0,1,2,A,-,08,22107,,N,B,E,A,A,H,-,A,D,0,,,,,Y,,A,01,0,0,1,0,0,0,0,0,0,"- ","- ",36.605091094970703,-118.06318664550781,INYO,UNINCORPORATED,-118.06311798095703,36.605113983154297
94565239,2025,2025-02-04,9825,2025-01-09,"935 ",022014,,4,1,9,1400,0,3,5,,2,040,"A DRAIN ROAD","GUS CASHBAUGH RD.",3696.00,S,N,A,-,N,,,,,,,,,,Y,3,0,1,1,A,-,01,23152,A,N,F,J,A,A,H,-,A,D,0,,,,,Y,Y,A,01,0,1,0,0,0,0,0,0,0,"- ","- ",37.340030670166016,-118.37725067138672,INYO,UNINCORPORATED,,
94567439,2025,2025-02-06,9825,2025-02-01,"10  ",023552,,6,3,9,1400,0,3,5,,2,040,"E LINE STREET","AIRPORT RD",500.00,W,N,A,-,N,,,,,,,,,,N,4,0,1,1,A,-,01,23152,A,N,E,I,A,A,H,-,D,D,0,,,,,Y,Y,A,01,0,0,1,0,0,0,0,0,0,"- ","- ",37.361419677734375,-118.37130737304688,INYO,UNINCORPORATED,-118.36964416503906,37.361503601074219
94586361,2025,2025-05-09,9825,2025-02-07,1347,020736,,5,1,9,1400,0,1,2,,1,007,"S/B US-395","WALKER CREEK ROAD",2180.00,S,N,G,-,Y,,,,,,,,,,Y,2,0,1,1,A,-,03,22350,,N,F,A,A,A,H,-,A,A,0,,,,Y,Y,,G,25,1,0,0,0,0,0,0,0,0,"- ","- ",36.251800537109375,-118.00389862060547,INYO,UNINCORPORATED,-117.99291229248047,36.254749298095703
94586367,2025,2025-02-21,9825,2025-02-10,"600 ",024264,,1,1,9,1400,0,2,4,,2,077,"PANAMINT VALLEY RD",SR-190,13728.00,S,N,A,-,N,,,,,,,,,,Y,3,0,1,1,A,-,08,22107,,N,F,A,A,A,H,-,B,D,0,,,,,Y,,-,"- ",0,1,0,0,0,0,0,0,0,"- ","- ",36.307861328125,-117.39747619628906,INYO,UNINCORPORATED,-117.39774322509766,36.308261871337891
94586371,2025,2025-02-21,9825,2025-02-13,"758 ",024264,,4,1,9,1400,0,2,4,,2,021,"S. PA HA LANE","W LINE ST.",559.00,S,N,D,-,N,,,,,,,,,,N,4,0,1,1,A,-,03,22350,,N,E,8,A,C,H,-,A,D,0,,,,,Y,,-,"- ",0,0,1,0,0,0,0,0,0,"- ","- ",37.35968017578125,-118.427490234375,INYO,UNINCORPORATED,-118.42752838134766,37.359786987304688
94598869,2025,2025-03-13,9825,2025-02-23,1550,023988,,7,2,9,1400,0,3,5,,2,040,"NORTH ROUND VALLEY ROAD","HARDY ROAD",200.00,S,N,A,-,N,,,,,,,,,,Y,3,0,1,1,A,-,01,23152,A,N,A,I,A,A,H,-,A,D,0,,,,,Y,Y,-,"- ",0,1,0,0,0,0,0,0,0,"- ","- ",37.429519653320312,-118.59097290039062,INYO,UNINCORPORATED,-118.59099578857422,37.429733276367188
94599964,2025,2025-03-18,9825,2025-03-02,1623,022014,,7,2,9,1400,0,1,2,,2,001,"US-395 S/B","GORGE ROAD",615.00,S,N,A,-,Y,,,,,,,,,,Y,3,0,1,1,A,-,01,23152,A,N,E,I,A,A,H,-,A,D,0,,,,,Y,Y,A,01,0,1,0,0,0,0,0,0,0,"- ","- ",37.443161010742188,-118.57260131835938,INYO,UNINCORPORATED,-118.57240295410156,37.444156646728516
94599997,2025,2025-03-18,9825,2025-02-28,1030,017941,,5,1,9,1400,0,1,3,,2,017,"STATE ROUTE 190","TRONA WILDROSE ROAD",15840.00,W,N,A,-,Y,INY,,190," "," ",73.453,H,,R,Y,4,0,1,1,A,-,08,22107,,N,E,J,A,A,H,-,A,D,0,,,,,Y,,A,01,0,0,1,0,0,0,0,0,0,"- ","- ",36.453239440917969,-117.24108123779297,INYO,UNINCORPORATED,-117.24111175537109,36.4532470703125
94611286,2025,2025-03-19,9825,2025-03-07,1533,023986,,5,2,9,1400,0,3,5,,2,040,"SCHOBER LANE","SUNLAND DRIVE",0.00,,Y,A,-,N,,,,,,,,,,Y,2,0,3,2,A,-,09,21802,A,N,D,2,A,A,H,-,A,A,0,,,,,Y,,A,07,1,2,0,0,0,0,0,0,0,"- ","- ",37.346759796142578,-118.404541015625,INYO,UNINCORPORATED,-118.40452575683594,37.34674072265625
94611349,2025,2025-03-19,9825,2025-03-12,1545,017941,,3,2,9,1400,0,1,3,,1,018,"STATE ROUTE 190","STATE ROUTE 127",3168.00,W,N,B,G,Y,INY,,190," "," ",140.191,H,,R,Y,4,0,1,1,A,-,08,22107,,N,E,J,A,A,H,-,A,D,0,,,Y,,Y,,C,02,0,0,1,0,0,0,0,0,1,"- ","- ",36.304489135742188,-116.42420196533203,INYO,UNINCORPORATED,-116.42420196533203,36.304454803466797
94611368,2025,2025-03-19,9825,2025-03-17,"805 ",024218,,1,1,9,1400,0,1,2,,1,007,US-395,"CRYSTAL GEYSER ROAD",2112.00,N,N,A,-,Y,,,,,,,,,,Y,4,0,1,3,A,-,03,22350,,N,C,C,A,A,H,-,A,D,0,,,,,Y,,A,01,0,0,1,0,0,0,0,0,0,"- ","- ",36.308578491210938,-118.02803802490234,INYO,UNINCORPORATED,,
94611947,2025,2025-03-20,9825,2025-03-14,1050,023999,,5,1,9,1400,0,3,5,,2,060,"TUTTLE CREEK ROAD","LUBKEN CANYON ROAD",0.00,,Y,A,-,N,,,,,,,,,,Y,3,0,1,1,A,-,08,22107,,N,E,I,A,A,H,-,A,A,0,,,,,Y,,A,08,0,1,0,0,0,0,0,0,0,"- ","- ",36.64678955078125,-118.09835815429688,INYO,UNINCORPORATED,-118.09835052490234,36.546840667724609
94627386,2025,2025-03-26,9825,2025-03-19,2015,018685,,3,2,9,1400,0,2,4,,2,052,"OLD SPANISH TRAIL HWY","FURNACE CREEK RD",34320.00,E,N,A,-,N,,,,,,,,,,Y,2,0,1,1,A,-,08,22107,,N,F,A,A,A,H,-,D,D,0,,,,,Y,,A,08,1,0,0,0,0,0,0,0,0,"- ","- ",35.8909912109375,-116.10131072998047,INYO,UNINCORPORATED,-116.10759735107422,35.888626098632812
94634968,2025,2025-04-02,9825,2025-03-21,1315,023999,,5,1,9,1400,0,2,4,,2,078,"TRONA WILDROSE ROAD","BALLARAT ROAD",31680.00,S,N,A,-,N,,,,,,,,,,Y,3,0,1,1,A,-,03,22350,,N,F,A,A,A,H,-,A,D,0,,,Y,,Y,,C,02,0,1,0,0,0,0,0,0,1,"- ","- ",35.962551116943359,-117.33831024169922,INYO,UNINCORPORATED,-117.34346008300781,35.975387573242188
94635078,2025,2025-04-02,9825,2025-03-29,1311,018685,,6,1,9,1400,0,1,3,,1,018,SR-190,"AIRPORT RD",0.00,,Y,A,-,Y,INY,,190," "," ",110.520,H,,R,Y,3,0,1,2,A,-,09,21801,A,N,D,C,A,A,H,-,A,D,0,,,,,Y,,A,01,0,1,0,0,0,0,0,0,0,"- ","- ",36.460838317871094,-116.86551666259766,INYO,UNINCORPORATED,-116.86548614501953,36.460842132568359
94643631,2025,2025-04-09,9825,2025-03-29,1030,023999,,6,1,9,1400,0,1,3,,1,015,SR-136,US-395,5808.00,E,N,A,-,Y,INY,,136," "," ",1.133,H,,R,Y,4,0,1,1,A,-,08,22107,,N,F,I,A,A,H,-,A,D,0,,,,,Y,,A,01,0,0,1,0,0,0,0,0,0,"- ","- ",36.579238891601562,-118.03749847412109,INYO,UNINCORPORATED,-118.03750610351562,36.579196929931641
94643658,2024,2025-08-20,9825,2024-12-14,1705,022014,,6,2,2,1401,0,1,2,,1,003,US-395,"COUNTY ROAD",30.00,S,N,A,-,Y,INY,,395," "," ",100.824,H,,R,Y,1,1,0,2,A,-,08,22107,,N,H,G,A,A,H,-,D,D,0,,Y,,,Y,,A,08,0,0,0,0,0,1,0,0,0,"- ","- ",37.173259735107422,-118.29033660888672,INYO,BISHOP,-118.29017639160156,37.173316955566406
94646665,2025,2025-04-11,9825,2025-04-02,2300,017941,,3,3,9,1400,0,2,4,,2,052,"THE OLD SPANISH TRAIL HIGHWAY","FURNACE CREEK WASH ROAD",12144.00,E,N,A,-,Y,,,,,,,,,,Y,2,0,1,1,A,-,08,22107,,N,F,A,A,A,H,-,D,D,0,,,,,Y,,A,07,1,0,0,0,0,0,0,0,0,"- ","- ",35.864521026611328,-116.17018127441406,INYO,UNINCORPORATED,-116.17404174804688,35.862411499023438
94654045,2025,2025-04-17,9825,2025-04-14,1927,023872,,1,2,9,1400,0,1,3,,2,016,"SR-190 W/B","LAVA LAKE ROAD",4752.00,E,N,A,-,N,,,,,,,,,,Y,3,0,2,1,A,-,08,22107,,N,F,A,A,A,H,-,D,D,0,,,,,Y,,A,01,0,2,0,0,0,0,0,0,0,"- ","- ",36.334121704101562,-117.93208312988281,INYO,UNINCORPORATED,-117.93274688720703,36.333560943603516
94657520,2025,2025-04-22,9825,2025-04-13,1212,020736,,7,1,9,1400,0,3,5,,2,060,"W. MOUNTAIN VIEW STREET",US-395,93.00,W,N,A,-,N,,,,,,,,,,N,3,0,1,2,A,-,21,22106,,N,G,B,E,A,H,-,A,D,0,Y,,,,Y,,A,01,0,1,0,0,1,0,0,0,0,"- ","- ",36.605510711669922,-118.06375885009766,INYO,UNINCORPORATED,-118.06364440917969,36.605518341064453
9466207,2022,2022-12-22,1401,2022-08-18,0746,1431,0100,4,5,2,1401,0,0,0,,0,,"HOME ST","GROVE ST",0.00,,Y,A,-,N,,,,,,,,,,Y,3,0,1,2,A,-,09,21801,A,N,A,C,A,A,H,-,A,D,0,,,,,Y,,D,22,0,1,0,0,0,0,0,0,0,"- ","- ",,,INYO,BISHOP,-118.40238189697266,37.364608764648438
94667281,2025,2025-04-28,9825,2025-04-21,1346,024273,,1,1,9,1400,0,3,5,,2,060,"DARWIN RD",SR-190,7920.00,E,N,A,-,N,,,,,,,,,,Y,3,0,1,1,A,-,01,23152,A,N,F,J,A,A,H,-,A,D,0,,,,,Y,Y,A,07,0,1,0,0,0,0,0,0,0,"- ","- ",36.309410095214844,-117.64547729492188,INYO,UNINCORPORATED,-117.64707183837891,36.309989929199219
94673347,2025,2025-05-02,9825,2025-04-29,1720,017941,,2,2,9,1400,0,1,3,,2,020,"STATE ROUTE 178","NEVADA STATE LINE",18480.00,W,N,A,-,Y,INY,,178," "," ",58.616,H,,R,Y,3,0,1,1,A,-,08,22107,,N,F,A,A,A,H,-,A,D,0,,,,,Y,,-,"- ",0,1,0,0,0,0,0,0,0,"- ","- ",36.145179748535156,-116.1636962890625,INYO,UNINCORPORATED,-116.16373443603516,36.145195007324219
94681568,2024,2025-05-09,9825,2024-09-02,1328,022520,,1,1,9,1400,0,1,2,,1,006,"US-395 SOUTHBOUND","COTTONWOOD ROAD",9451.00,N,N,A,-,Y,INY,,395," "," ",48.021,H,,L,Y,1,2,2,1,A,-,08,22107,,N,F,A,A,A,H,-,A,D,0,,,,,Y,,-,"- ",0,2,0,0,0,0,0,0,0,"- ","- ",36.469570159912109,-118.03639221191406,INYO,UNINCORPORATED,-118.03640747070312,36.469570159912109
94681627,2025,2025-05-09,9825,2025-05-01,1135,017941,,4,1,9,1400,0,1,3,,2,020,"STATE ROUTE 178","NEVADA STATE LINE",19008.00,W,N,A,-,Y,INY,,178," "," ",58.345,H,,R,N,2,0,1,1,A,-,08,22107,,N,F,A,A,A,H,-,A,D,0,,,Y,,Y,,C,02,1,0,0,0,0,0,0,0,1,"- ","- ",36.141719818115234,-116.16600036621094,INYO,UNINCORPORATED,-116.16596984863281,36.141704559326172
94682168,2025,2025-05-09,9825,2025-05-03,1256,018685,,6,1,9,1400,0,1,3,,1,019,SR-127,"STATELINE ROAD",467.00,S,N,A,-,Y,INY,,127," "," ",41.874,H,,R,Y,3,0,1,1,A,-,03,22350,,N,F,A,A,A,H,-,A,D,0,,,Y,,Y,,C,02,0,1,0,0,0,0,0,0,1,"- ","- ",36.300800323486328,-116.41397857666016,INYO,UNINCORPORATED,-116.41403198242188,36.300800323486328
94682202,2025,2025-05-09,9825,2025-05-06,1445,017941,,2,2,9,1400,0,1,3,,2,020,"STATE ROUTE 178","STATE ROUTE 127",2112.00,E,N,B,-,Y,INY,,178," "," ",43.494,H,,R,Y,4,0,1,1,A,-,08,22107,,N,F,A,A,A,H,-,A,D,0,,,,,Y,,A,01,0,0,1,0,0,0,0,0,0,"- ","- ",35.971279144287109,-116.26064300537109,INYO,UNINCORPORATED,-116.26064300537109,35.971332550048828
94687688,2025,2025-05-14,9825,2025-05-02,1230,020736,,5,1,9,1400,0,2,4,,2,077,"PANAMINT VALLEY RD","MINIETTA ROAD",8237.00,S,N,A,-,N,,,,,,,,,,Y,4,0,1,1,A,-,06,21751,,N,F,A,A,A,H,-,A,D,0,,,,,Y,,A,01,0,0,1,0,0,0,0,0,0,"- ","- ",36.227359771728516,-117.34441375732422,INYO,UNINCORPORATED,-117.34450531005859,36.2275390625
94693767,2025,2025-05-20,9825,2025-05-11,"138 ",024083,,7,3,9,1400,0,1,2,,1,006,"N/B US-395","ASH CREEK ROAD",898.00,N,N,A,-,Y,INY,,395," "," ",41.914,H,,L,Y,3,0,1,1,A,-,08,22107,,N,F,A,A,A,D,-,D,D,0,,,,,Y,,A,07,0,1,0,0,0,0,0,0,0,"- ","- ",36.381450653076172,-118.02397155761719,INYO,UNINCORPORATED,-118.02400207519531,36.381450653076172
94697833,2025,2025-07-22,9825,2025-05-13,1630,024273,,2,2,9,1400,0,1,2,,1,004,"S/B US-395","DIVISION CREEK REST AREA",1849.00,N,N,B,-,Y,INY,,395," ",R,84.348,H,,L,Y,3,0,1,1,A,-,08,22107,,N,E,I,A,A,H,-,A,D,0,,,,,Y,Y,A,01,0,1,0,0,0,0,0,0,0,"- ","- ",36.952579498291016,-118.24044799804688,INYO,UNINCORPORATED,-118.24050140380859,36.952579498291016
94707713,2025,2025-05-30,9825,2025-04-29,"945 ",017941,,2,1,9,1400,0,1,3,,2,020,"STATE ROUTE 178","STATE ROUTE 127",9504.00,E,N,A,-,Y,INY,,178," "," ",44.800,H,,R,Y,1,1,0,1,A,-,08,22107,,N,F,A,A,A,H,-,A,D,0,,,,,Y,Y,A,01,0,0,0,0,0,0,0,0,0,"- ","- ",35.9835205078125,-116.24629974365234,INYO,UNINCORPORATED,-116.24625396728516,35.983505249023438
94709808,2025,2025-06-02,9825,2025-05-20,1350,024273,,2,1,9,1400,0,3,5,,2,040,"N/B GREGG RD","BIG PINE DUMP RD",768.00,N,N,A,-,N,,,,,,,,,,Y,3,0,1,1,A,-,01,23152,A,N,E,I,A,A,H,-,A,D,0,,,,,Y,Y,D,22,0,1,0,0,0,0,0,0,0,"- ","- ",37.150230407714844,-118.28749084472656,INYO,UNINCORPORATED,-118.28620147705078,37.148048400878906
94716603,2025,2025-06-06,9825,2025-05-25,1200,023988,,7,1,9,1400,0,2,4,,2,078,"TRONA WILDROSE RD","QUARRY RD",10560.00,N,N,A,-,N,,,,,,,,,,Y,3,0,2,1,A,-,08,22107,,N,E,I,A,A,H,-,A,D,0,,,,,Y,,A,01,0,1,1,0,0,0,0,0,0,"- ","- ",35.961368560791016,-117.33592224121094,INYO,UNINCORPORATED,-117.33503723144531,35.949085235595703
94720061,2025,2025-06-10,9825,2025-06-03,1630,024273,T804,2,2,2,1401,0,2,4,,2,021,"WINUBA LN","DIAZ LN",0.00,,Y,A,-,N,,,,,,,,,,N,3,0,1,2,A,-,09,21800,A,M,B,G,A,A,H,-,A,A,0,,Y,,,Y,Y,L,04,0,1,0,0,0,0,1,0,0,"- ","- ",37.368438720703125,-118.42977905273438,INYO,BISHOP,-118.42980194091797,37.368450164794922
94721553,2025,2025-06-11,9825,2025-05-23,1010,020736,,5,1,9,1400,0,1,2,,1,006,"S/B US-395","INYO ST",0.00,,Y,A,-,Y,INY,,395," "," ",57.396,H,,R,Y,3,0,1,2,A,-,09,21802,A,N,D,C,A,A,H,-,A,A,0,,,,,Y,,A,01,0,1,0,0,0,0,0,0,0,"- ","- ",36.601211547851562,-118.06123352050781,INYO,UNINCORPORATED,-118.06118774414062,36.601222991943359
94727711,2025,2025-06-16,9825,2025-06-09,1023,018685,,1,1,9,1400,0,2,4,,2,051,"STATELINE ROAD",SR-127,19853.00,E,N,A,-,N,,,,,,,,,,Y,3,0,1,1,A,-,08,22107,,N,E,I,A,A,H,-,A,D,0,,,,,Y,,A,07,0,1,0,0,0,0,0,0,0,"- ","- ",36.331039428710938,-116.35674285888672,INYO,UNINCORPORATED,-116.35735321044922,36.330669403076172
94734509,2025,2025-06-23,9825,2025-06-08,"930 ",022270,,7,1,9,1400,0,1,2,,1,006,"US-395 N/B CRYSTAL GEYSER DETOUR","CRYSTAL GEYSER ROAD",0.00,,Y,A,-,Y,,,,,,,,,,Y,4,0,1,1,A,-,08,22107,,N,E,8,A,A,D,-,A,A,0,,,,,Y,,-,"- ",0,0,1,0,0,0,0,0,0,"- ","- ",36.302600860595703,-118.02738189697266,INYO,UNINCORPORATED,,
94742679,2025,2025-06-27,9825,2025-05-10,1000,017941,,6,1,9,1400,0,1,3,,1,019,"STATE ROUTE 127","STATE ROUTE 178 WEST",1056.00,S,N,A,-,Y,INY,,127," "," ",16.166,H,,R,Y,1,1,1,2,A,-,08,22107,,N,A,C,A,A,H,-,A,D,0,,,Y,,Y,,C,02,0,1,0,0,0,0,0,1,0,"- ","- ",35.992988586425781,-116.27346801757812,INYO,UNINCORPORATED,-116.27350616455078,35.992996215820312
94743029,2025,2025-06-30,9825,2025-06-20,1220,022520,,5,1,9,1400,0,1,2,,1,006,US-395,"WILLOW STREET",0.00,,Y,A,-,Y,INY,,395," "," ",57.848,H,,R,N,4,0,5,2,A,-,09,21802,A,N,D,C,A,A,H,-,A,D,0,,,,,Y,,A,01,0,0,5,0,0,0,0,0,0,"- ","- ",36.606998443603516,-118.06401824951172,INYO,UNINCORPORATED,-118.06406402587891,36.606986999511719
94746093,2025,2025-07-01,9825,2025-06-27,1115,020736,,5,1,9,1400,0,1,2,,1,006,US-395,"WHITNEY PORTAL ROAD",70.00,S,N,A,-,Y,INY,,395," "," ",57.654,H,,R,Y,4,0,1,2,A,-,07,21658,A,N,B,C,A,A,H,-,A,A,0,,,Y,,Y,,C,02,0,0,1,0,0,0,0,0,1,"- ","- ",36.604621887207031,-118.06284332275391,INYO,UNINCORPORATED,-118.06287384033203,36.604610443115234
94746114,2025,2025-07-01,9825,2025-06-29,"449 ",020736,,7,3,9,1400,0,1,2,,1,007,US-395,"CINDER ROAD",2735.00,S,N,A,-,Y,INY,,395," ",R,12.447,H,,L,Y,3,0,3,1,A,-,08,22107,,N,F,I,A,A,H,-,B,D,0,,,,,Y,,A,07,0,3,0,0,0,0,0,0,0,"- ","- ",35.970470428466797,-117.92070770263672,INYO,UNINCORPORATED,-117.92090606689453,35.970413208007812
94746122,2025,2025-07-01,9825,2025-06-24,1540,017941,,2,2,9,1400,0,1,3,,2,020,"STATE ROUTE 178","CHICAGO VALLEY RD",7392.00,W,N,A,-,Y,INY,,178," "," ",46.936,H,,R,Y,3,0,1,1,A,-,08,22107,,N,A,I,A,A,H,-,A,D,0,,,,,Y,,A,07,0,1,0,0,0,0,0,0,0,"- ","- ",35.994861602783203,-116.21691131591797,INYO,UNINCORPORATED,-116.21695709228516,35.994827270507812
94746646,2025,2025-07-07,9825,2025-06-25,1305,017941,,3,1,9,1400,0,1,3,,2,020,"STATE ROUTE 178","THE NEVADA STATE LINE",16896.00,W,N,A,-,Y,INY,,178," "," ",59.120,H,,R,Y,2,0,1,1,A,-,08,22107,,N,E,I,A,A,H,-,A,D,0,,,,,Y,,A,01,1,0,0,0,0,0,0,0,0,"- ","- ",36.151248931884766,-116.15882873535156,INYO,UNINCORPORATED,-116.15879821777344,36.151210784912109
94746652,2025,2025-07-07,9825,2025-06-22,1335,020736,,7,1,9,1400,0,1,3,,2,016,SR-190,"EMIGRANT CANYON ROAD",51216.00,W,N,A,-,Y,INY,,190," ",R,66.840,H,,R,Y,3,0,1,1,A,-,08,22107,,N,F,A,A,A,H,-,A,D,0,,,,,Y,,A,01,0,1,0,0,0,0,0,0,0,"- ","- ",36.367710113525391,-117.28701782226562,INYO,UNINCORPORATED,-117.28704833984375,36.367706298828125
94750486,2025,2025-07-07,9825,2025-06-29,2029,020736,,7,2,9,1400,0,1,2,,1,007,US-395,"HAIWEE CANYON ROAD",4300.00,N,N,A,-,Y,INY,,395," "," ",26.308,H,,R,Y,3,0,1,1,A,-,08,22107,,N,F,A,A,A,H,-,D,D,0,,,,,Y,,A,07,0,1,0,0,0,0,0,0,0,"- ","- ",36.165069580078125,-117.97731781005859,INYO,UNINCORPORATED,-117.97740173339844,36.165069580078125
94753521,2025,2025-07-08,9825,2025-06-21,1129,024431,,6,1,9,1400,0,3,5,,2,040,"BROCKMAN LANE","SR-168 W",152.00,N,N,A,-,N,,,,,,,,,,Y,3,0,2,1,A,-,08,22107,,N,E,8,A,A,H,-,A,D,0,,,,,Y,,A,07,0,2,0,0,0,0,0,0,0,"- ","- ",37.361930847167969,-118.43125915527344,INYO,UNINCORPORATED,-118.43130493164062,37.361804962158203
94753575,2025,2025-07-08,9825,2025-07-04,1925,017941,,5,2,9,1400,0,3,5,,2,050,"PAHRUMP VALLEY DRY LAKEBED","MESQUITE VALLEY ROAD",1000.00,N,N,A,-,N,,,,,,,,,,N,4,0,1,1,A,-,08,22107,,N,F,A,A,A,G,-,B,D,0,,,Y,,Y,,C,06,0,0,1,0,0,0,0,0,1,"- ","- ",36.040241241455078,-115.97721099853516,INYO,UNINCORPORATED,,
94768253,2025,2025-07-18,9825,2025-07-11,1640,024431,,5,2,9,1400,0,1,2,,2,002,US-395,"PA-HA LANE",105.00,E,N,A,-,Y,INY,,395," "," ",118.050,H,,R,N,4,0,1,2,A,-,21,22106,,N,B,C,A,A,H,-,A,D,0,,,,,Y,,D,22,0,0,1,0,0,0,0,0,0,"- ","- ",37.375820159912109,-118.42709350585938,INYO,UNINCORPORATED,-118.42708587646484,37.375892639160156
94768262,2025,2025-07-18,9825,2025-07-13,1240,020736,,7,1,9,1400,0,1,3,,2,020,SR-178,"CHICAGO VALLEY RD",8448.00,W,N,A,-,Y,INY,,178," "," ",46.786,H,,R,Y,4,0,1,1,C,-,18,,,N,E,I,A,A,H,-,D,D,0,,,,,Y,,-,"- ",0,0,1,0,0,0,0,0,0,"- ","- ",35.996391296386719,-116.21881103515625,INYO,UNINCORPORATED,-116.21878051757812,35.996414184570312
94768309,2025,2025-07-18,9825,2025-03-31,1804,020736,,1,2,9,1400,0,1,2,,1,007,"S/B US-395","WALKER CREEK ROAD",4400.00,N,N,C,G,Y,,,,,,,,,,Y,1,1,0,1,A,-,03,22350,,N,F,A,A,B,D,-,B,A,0,,,,Y,Y,,G,25,0,0,0,0,0,0,0,0,0,"- ","- ",36.266269683837891,-118.01609802246094,INYO,UNINCORPORATED,-118.00099182128906,36.271556854248047
94785142,2025,2025-07-31,9825,2025-07-28,1345,020118,,1,1,9,1400,0,1,2,,1,006,"N/B US-395","OLD BUSINESS US-395",5280.00,N,N,A,-,Y,,,,,,,,,,N,3,0,1,2,A,-,07,21658,A,N,B,E,A,A,H,-,A,D,0,,,,,Y,Y,M,47,0,1,0,0,0,0,0,0,0,"- ","- ",36.243129730224609,-117.99604034423828,INYO,UNINCORPORATED,,
94802575,2025,2025-08-14,9825,2025-08-03,1244,022520,,7,1,2,1401,0,1,3,,1,011,SR-168,"SUNLAND DRIVE",0.00,,Y,A,-,Y,INY,,168," "," ",17.810,H,,R,N,4,0,1,2,A,-,09,21802,A,N,D,C,A,A,H,-,A,D,0,,,,,Y,,A,07,0,0,1,0,0,0,0,0,0,"- ","- ",37.361301422119141,-118.40469360351562,INYO,BISHOP,-118.40468597412109,37.361328125
94807472,2025,2025-08-20,9825,2025-08-03,1905,020736,,7,2,9,1400,0,1,2,,1,006,US-395,SR-136,940.00,S,N,A,-,Y,INY,,395," "," ",55.650,H,,R,Y,3,0,1,1,A,-,08,22107,,N,E,I,A,A,H,-,B,D,0,,,,,Y,,A,01,0,1,0,0,0,0,0,0,0,"- ","- ",36.576671600341797,-118.0576171875,INYO,UNINCORPORATED,-118.05731964111328,36.576717376708984
94808522,2025,2025-08-19,9825,2025-08-11,"641 ",020118,,1,1,9,1400,0,1,2,,1,007,"S/B US-395","GILL STATION COSO ROAD",23760.00,N,N,A,-,Y,INY,,395," ",R,22.445,H,,L,Y,3,0,1,1,A,-,08,22107,,N,F,0,A,A,H,-,A,D,0,,,,,Y,,A,01,0,1,0,0,0,0,0,0,0,"- ","- ",36.109291076660156,-117.97078704833984,INYO,UNINCORPORATED,-117.97068786621094,36.109317779541016
94809314,2025,2025-08-19,9825,2025-08-18,"835 ",020118,,1,1,9,1400,0,1,2,,1,007,"N/B US-395","ENCHANTED LAKES ROAD",50.00,S,N,A,-,Y,INY,,395," "," ",27.504,H,,R,Y,3,0,2,1,A,-,08,22107,,N,E,I,A,A,H,-,A,D,0,,,,,Y,,D,22,0,2,0,0,0,0,0,0,0,"- ","- ",36.182270050048828,-117.97823333740234,INYO,UNINCORPORATED,-117.97816467285156,36.182270050048828
94813107,2025,2025-08-21,9825,2025-07-08,"541 ",024273,,2,3,9,1400,0,1,2,,1,007,"S/B US-395","9 MILE CANYON ROAD",7973.00,N,N,A,-,Y,INY,,395," ",R,5.559,H,,L,Y,4,0,1,2,A,-,07,21658,A,N,C,C,A,A,H,-,A,A,0,,,,,Y,,A,01,0,0,1,0,0,0,0,0,0,"- ","- ",35.875740051269531,-117.88910675048828,INYO,UNINCORPORATED,-117.88902282714844,35.875759124755859
94816106,2025,2025-08-25,9825,2025-07-26,1930,024083,,6,2,9,1400,0,3,5,,2,040,"CHALK BLUFF ROAD","PLEASANT VALLEY DAM ROAD",62.00,E,N,A,-,N,,,,,,,,,,N,2,0,1,1,A,-,08,22107,,N,F,A,A,A,H,-,A,D,0,,,Y,,Y,,C,06,1,0,0,0,0,0,0,0,1,"- ","- ",37.408901214599609,-118.50885772705078,INYO,UNINCORPORATED,-118.5107421875,37.410476684570312
94817952,2025,2025-08-26,9825,2025-08-15,1115,020736,,5,1,9,1400,0,1,3,,1,015,SR-136,"DOLOMITE LOOP WEST ENTRANCE",5280.00,W,N,A,-,Y,INY,,136," "," ",2.390,H,,R,Y,3,0,1,1,A,-,16,24002,A,N,E,I,A,A,H,-,A,D,0,,,,Y,Y,,F,87,0,1,0,0,0,0,0,0,0,"- ","- ",36.575180053710938,-118.01577758789062,INYO,UNINCORPORATED,-118.01578521728516,36.575141906738281
94822428,2025,2025-08-28,9825,2025-08-10,1320,020736,,7,1,9,1400,0,1,3,,1,015,SR-136,US-395,26400.00,E,N,A,-,Y,INY,,136," "," ",4.368,H,,R,Y,4,0,1,1,A,-,08,22107,,N,E,I,A,A,H,-,A,D,0,,,,,Y,,A,07,0,0,1,0,0,0,0,0,0,"- ","- ",36.567600250244141,-117.98265075683594,INYO,UNINCORPORATED,-117.98262023925781,36.567638397216797
94826003,2025,2025-09-17,9825,2025-08-16,1737,023755,,6,2,9,1400,0,1,2,,1,004,US-395,"FISH HATCHERY RD",0.00,,Y,A,-,Y,INY,,395," "," ",75.726,H,,R,Y,3,0,1,2,A,-,09,21802,A,N,D,C,A,A,H,-,A,A,0,,,,,Y,,A,07,0,1,0,0,0,0,0,0,0,"- ","- ",36.829730987548828,-118.223388671875,INYO,UNINCORPORATED,-118.22332000732422,36.829765319824219
94826060,2025,2025-09-02,9825,2025-08-17,"900 ",020736,,7,1,9,1400,0,2,4,,2,052,"OLD SPANISH TRAIL","MESQUITE VALLEY ROAD",15840.00,W,N,A,-,N,,,,,,,,,,Y,2,0,1,1,A,-,08,22107,,N,F,A,A,A,H,-,A,D,0,,,Y,,Y,,C,02,1,0,0,0,0,0,0,0,1,"- ","- ",35.886711120605469,-116.06838989257812,INYO,UNINCORPORATED,-116.00679016113281,35.929946899414062
94830706,2025,2025-09-04,9825,2025-08-28,"640 ",017941,,4,1,9,1400,0,1,3,,1,019,"STATE ROUTE 127","STATE ROUTE 178 WEST",4752.00,N,N,B,-,Y,INY,,127," "," ",17.342,H,,R,Y,3,0,1,1,A,-,08,22107,,N,E,8,A,A,H,-,A,D,0,,,,Y,Y,,G,25,0,1,0,0,0,0,0,0,0,"- ","- ",36.005340576171875,-116.28533172607422,INYO,UNINCORPORATED,-116.28531646728516,36.005348205566406
94832242,2025,2025-09-05,9825,2025-08-15,1540,020736,,5,2,9,1400,0,1,2,,1,007,"US-395 N/B","GILL STATION COSO ROAD",0.00,,Y,A,-,Y,INY,,395," ",R,17.867,H,,R,Y,2,0,4,2,A,-,12,22450,A,N,D,C,A,A,H,-,A,A,0,,,,,Y,,D,22,1,0,3,0,0,0,0,0,0,"- ","- ",36.045799255371094,-117.94724273681641,INYO,UNINCORPORATED,-117.94718933105469,36.045810699462891
94832261,2025,2025-09-05,9825,2025-08-22,2225,020736,,5,3,9,1400,0,1,2,,1,007,"US-395 N/B",SR-190,2760.00,S,N,A,-,Y,INY,,395," "," ",30.322,H,,L,Y,3,0,1,1,A,-,01,23152,A,N,F,0,A,A,D,-,D,D,0,,,,,Y,Y,A,01,0,1,0,0,0,0,0,0,0,"- ","- ",36.223369598388672,-117.98045349121094,INYO,UNINCORPORATED,-117.98040771484375,36.223369598388672
94839183,2025,2025-09-10,9825,2025-09-03,1137,021622,,3,1,9,1400,0,1,2,,2,002,US-395,"TU-SU LANE",45.00,E,N,A,-,Y,INY,,395," "," ",117.563,H,,R,Y,2,0,1,6,A,-,08,22107,,N,E,8,A,A,D,-,A,D,0,,,,Y,Y,,G,26,1,0,0,0,0,0,0,0,0,"- ","- ",37.375911712646484,-118.41824340820312,INYO,UNINCORPORATED,-118.41824340820312,37.375904083251953
94841236,2025,2025-09-11,9825,2025-09-06,1620,020736,,6,2,9,1400,0,2,4,,2,022,"WHITNEY PORTAL ROAD","CAMPGROUND ROAD",830.00,W,N,A,-,N,,,,,,,,,,Y,3,0,1,1,A,-,08,22107,,N,E,8,A,A,H,-,A,D,0,,,,,Y,,A,01,0,1,0,0,0,0,0,0,0,"- ","- ",36.589488983154297,-118.23417663574219,INYO,UNINCORPORATED,-118.23422241210938,36.589469909667969
94848699,2025,2025-09-17,9825,2025-09-03,"615 ",024632,,3,1,9,1400,0,1,2,,1,003,US-395,"STEWARD LN",3696.00,S,N,A,-,Y,INY,,395," "," ",97.912,H,,R,Y,2,0,1,2,A,-,05,21460,,N,A,C,A,A,H,-,D,D,0,,,,Y,Y,,G,25,1,0,0,0,0,0,0,0,0,"- ","- ",37.134548187255859,-118.27250671386719,INYO,UNINCORPORATED,-118.27252197265625,37.134544372558594
9485252,2022,2022-09-09,1401,2022-07-09,1249,1431,0100,6,5,2,1401,0,0,0,,0,,"NORTH MAIN","CHURCH ST",60.00,N,N,A,-,Y,INY,9,395,-,-,115.460,H,-,N,N,4,0,2,2,A,-,08,22107,,N,B,C,A,A,H,-,A,D,0,,,,Y,Y,,G,25,0,0,2,0,0,0,0,0,0,"- ","- ",37.362850189208984,-118.39527130126953,INYO,BISHOP,-118.39530944824219,37.362289428710938
94862321,2025,2025-09-29,9825,2025-09-26,1400,018441,,5,2,9,1400,0,1,2,,2,002,US-395,"BARLOW LANE",27.00,S,N,A,-,Y,INY,,395," "," ",117.811,H,,R,N,3,0,1,1,A,-,08,22107,,N,E,I,A,A,H,-,A,D,0,,,Y,,Y,,O,05,0,1,0,0,0,0,0,0,1,"- ","- ",37.375911712646484,-118.42276763916016,INYO,UNINCORPORATED,-118.42276763916016,37.375885009765625
94862326,2025,2025-09-29,9825,2025-09-18,1840,024273,,4,2,9,1400,0,1,2,,1,007,US-395,"LITTLE LAKE RD",350.00,S,N,B,C,Y,INY,,395," "," ",9.501,H,,R,Y,3,0,1,1,A,-,08,22107,,N,F,A,A,B,H,-,D,D,0,,,,,Y,,A,01,0,1,0,0,0,0,0,0,0,"- ","- ",35.93048095703125,-117.90809631347656,INYO,UNINCORPORATED,-117.90791320800781,35.930458068847656
94876100,2025,2025-10-07,9825,2025-10-02,1020,017983,,4,1,9,1400,0,1,3,,2,016,"SR-190 E/B","FATHER CROWLEY LOOKOUT",3960.00,W,N,A,-,Y,INY,,190," "," ",46.778,H,,R,Y,4,0,1,1,A,-,08,22107,,N,E,I,A,A,H,-,A,D,0,,,,,Y,,A,07,0,0,1,0,0,0,0,0,0,"- ","- ",36.352741241455078,-117.56234741210938,INYO,UNINCORPORATED,-117.56233215332031,36.352775573730469
94879401,2024,2025-10-10,9825,2024-07-11,2324,020736,,4,3,9,1400,0,1,2,,1,007,"NORTHBOUND US-395","GILL STATION COSO ROAD",0.00,,Y,B,-,Y,INY,,395," ",R,17.869,H,,R,Y,1,1,0,2,A,-,09,21802,A,N,D,C,A,A,H,-,C,A,0,,,,Y,Y,,G,25,0,0,0,0,0,0,0,0,0,"- ","- ",36.045829772949219,-117.94724273681641,INYO,UNINCORPORATED,-117.94719696044922,36.04583740234375
94899743,2025,2025-10-23,9825,2025-10-15,1915,022270,,3,2,9,1400,0,3,5,,2,040,"SCHOBER LN","SUNLAND DR",1125.00,W,N,A,-,N,,,,,,,,,,N,2,0,1,2,A,-,00,21760,B,F,H,G,A,A,H,-,D,D,0,,Y,,,Y,Y,-,99,1,0,0,0,0,0,1,0,0,"- ","- ",37.346809387207031,-118.40057373046875,INYO,UNINCORPORATED,-118.40838623046875,37.346744537353516
94901012,2025,2025-10-24,9825,2025-10-11,1855,024431,,6,2,9,1400,0,3,5,,2,040,"E LINE STREET","AIRPORT ROAD",1660.00,W,N,A,-,N,,,,,,,,,,N,4,0,1,1,A,-,08,22107,,N,E,I,A,A,H,-,D,D,0,,,,,Y,,A,01,0,0,1,0,0,0,0,0,0,"- ","- ",37.361461639404297,-118.37371063232422,INYO,UNINCORPORATED,,
94901024,2025,2025-10-24,9825,2025-10-11,"120 ",024431,,6,3,9,1400,0,3,5,,2,060,"GILL STATION COSO ROAD",US-395,21120.00,E,N,A,-,N,,,,,,,,,,Y,3,0,1,1,A,-,08,22107,,N,F,A,A,A,H,-,D,D,0,,,,,Y,,J,43,0,1,0,0,0,0,0,0,0,"- ","- ",36.060508728027344,-117.91619110107422,INYO,UNINCORPORATED,-117.88210296630859,36.061458587646484
94904793,2025,2025-10-28,9825,2025-10-05,1900,024264,,7,2,9,1400,0,3,5,,2,040,"SOUTH ROUND VALLEY RD","OWENS CIRCLE RD",1056.00,S,N,A,-,N,,,,,,,,,,Y,3,0,1,1,A,-,01,23152,G,N,F,A,A,A,H,-,D,D,0,,,,,Y,Y,D,22,0,1,0,0,0,0,0,0,0,"- ","- ",37.393508911132812,-118.54411315917969,INYO,UNINCORPORATED,-118.56020355224609,37.395359039306641
94911304,2025,2025-11-03,9825,2025-10-21,"920 ",024840,,2,1,9,1400,0,1,2,,1,010,US-6,"FIVE BRIDGES ROAD",384.00,S,N,A,-,Y,INY,,6," ",R,1.257,H,,R,N,4,0,1,1,A,-,03,22350,,N,E,9,A,A,D,-,A,D,0,,Y,,,Y,,L,04,0,0,1,0,0,0,1,0,0,"- ","- ",37.392250061035156,-118.39544677734375,INYO,UNINCORPORATED,-118.39529418945312,37.392230987548828
94911403,2025,2025-11-03,9825,2025-10-05,1350,023999,,7,1,9,1400,0,3,5,,2,040,"BARLOW LANE","SCHOBER LN",1779.00,S,N,A,-,N,,,,,,,,,,N,3,0,1,1,A,-,01,23152,F,N,E,I,A,A,H,-,A,D,0,,,,,Y,,D,22,0,1,0,0,0,0,0,0,0,"- ","- ",37.340358734130859,-118.42272186279297,INYO,UNINCORPORATED,-118.42276763916016,37.340381622314453
94926586,2025,2025-11-12,9825,2025-06-13,2500,018685,,5,4,9,1400,0,1,3,,2,017,SR-190,"NORTH HIGHWAY (SCOTTY'S CASTLE ROAD)",2112.00,E,N,A,-,Y,INY,,190," "," ",93.497,H,,R,Y,1,1,0,1,A,-,08,22107,,N,E,I,A,A,H,-,D,D,0,,,,,Y,,A,07,0,0,0,0,0,0,0,0,0,"- ","- ",36.639991760253906,-117.03134155273438,INYO,UNINCORPORATED,-117.03135681152344,36.639930725097656
94928647,2025,2025-11-13,9825,2025-11-12,1832,023986,,3,2,9,1400,0,1,2,,1,003,"S/B US-395","STEWARD LN",2006.00,S,N,A,-,Y,INY,,395," "," ",98.309,H,,L,N,3,0,1,1,C,-,18,,,N,H,H,A,A,H,-,D,D,0,,,,,Y,,-,"- ",0,1,0,0,0,0,0,0,0,"- ","- ",37.139301300048828,-118.27644348144531,INYO,UNINCORPORATED,-118.27648162841797,37.139278411865234
94933444,2025,2025-11-17,9825,2025-11-04,"804 ",017035,,2,1,9,1400,0,1,2,,2,002,"US-395 (NORTH SIERRA HIGHWAY)","SEE VEE LANE",2640.00,S,N,A,-,Y,INY,,395," "," ",116.784,H,,R,N,3,0,1,2,A,-,08,22107,,F,H,G,A,A,D,-,A,A,0,,Y,,,Y,,L,04,0,1,0,0,0,0,1,0,0,"- ","- ",37.375938415527344,-118.40426635742188,INYO,UNINCORPORATED,-118.40427398681641,37.375919342041016
94935356,2025,2025-11-18,9825,2025-10-30,1905,020736,,4,2,9,1400,0,1,2,,1,007,"PEARSON ROAD","STERLING ROAD",10.00,E,N,A,-,N,,,,,,,,,,Y,4,0,1,1,A,-,08,22107,,N,E,I,A,A,H,-,D,D,0,,,,,Y,,A,07,0,0,1,0,0,0,0,0,0,"- ","- ",35.798259735107422,-117.87310028076172,INYO,UNINCORPORATED,,
94936433,2025,2025-11-18,9825,2025-11-07,"530 ",017941,,5,3,9,1400,0,1,3,,1,019,"STATE ROUTE 127","SAN BERNARDINO COUNTY LINE",500.00,N,N,A,-,Y,INY,,127," "," ",0.158,H,,R,Y,2,0,1,1,A,-,08,22107,,N,F,A,A,A,H,-,D,D,0,,,,Y,Y,,G,25,1,0,0,0,0,0,0,0,0,"- ","- ",35.796108245849609,-116.33989715576172,INYO,UNINCORPORATED,-116.33992767333984,35.796115875244141
94941420,2025,2025-11-21,9825,2025-11-08,1223,024852,,6,1,9,1400,0,1,2,,2,002,US-395,"BROCKMAN LN",0.00,,Y,A,-,Y,INY,,395," "," ",118.328,H,,R,Y,3,0,2,2,A,-,09,21802,A,N,D,C,A,A,H,-,A,A,0,,,,,Y,,D,22,0,2,0,0,0,0,0,0,0,"- ","- ",37.375831604003906,-118.43208312988281,INYO,UNINCORPORATED,-118.43208312988281,37.375919342041016
94947393,2025,2025-11-25,9825,2025-10-29,2040,024800,,3,2,9,1400,0,1,2,,1,005,"S/B US-395","LOS ANGELES AQUADUCT",165.00,S,N,A,-,Y,INY,,395," "," ",68.981,H,,L,N,4,0,1,1,A,-,08,22107,,N,E,I,A,A,H,-,D,D,0,,,,,Y,,A,01,0,0,1,0,0,0,0,0,0,"- ","- ",36.746601104736328,-118.15898132324219,INYO,UNINCORPORATED,-118.1590576171875,36.746562957763672
94952182,2025,2025-12-01,9825,2025-11-20,"200 ",020736,,4,3,9,1400,0,2,4,,2,077,"SR-178/PANAMINT VALLEY ROAD","TRONA WILDROSE ROAD",5280.00,W,N,A,-,N,,,,,,,,,,Y,2,0,1,1,A,-,08,22107,,N,F,A,A,A,H,-,D,D,0,,,,,Y,,A,08,1,0,0,0,0,0,0,0,0,"- ","- ",36.181221008300781,-117.31194305419922,INYO,UNINCORPORATED,-117.3109130859375,36.180000305175781
94956049,2025,2025-12-03,9825,2025-11-26,"525 ",020118,,3,3,9,1400,0,1,2,,1,007,"N/B US-395","PEARSONVILLE ROAD",1056.00,N,N,A,-,Y,INY,,395," ",R,0.195,H,,R,Y,3,0,2,2,A,-,08,22107,,N,F,A,A,A,H,-,D,D,0,,,,,Y,,A,01,0,2,0,0,0,0,0,0,0,"- ","- ",35.800998687744141,-117.87274932861328,INYO,UNINCORPORATED,-117.87269592285156,35.801002502441406
94957631,2025,2025-12-04,9825,2025-12-01,"555 ",018441,,1,3,9,1400,0,3,5,,2,040,"POLETA-LAWS ROAD","SILVER CANYON RD",3696.00,S,N,A,-,N,,,,,,,,,,Y,3,0,1,1,A,-,03,22350,,N,E,I,A,A,H,-,A,D,0,,,,,Y,,A,07,0,1,0,0,0,0,0,0,0,"- ","- ",37.393531799316406,-118.33167266845703,INYO,UNINCORPORATED,-118.33177185058594,37.393100738525391
94958091,2025,2025-12-04,9825,2025-11-23,"800 ",017983,,7,1,9,1400,0,2,4,,2,052,"OLD SPANISH TRAIL HWY","FURNACE CREEK RD",34320.00,E,N,A,-,Y,,,,,,,,,,Y,3,0,1,1,A,-,08,22107,,N,F,A,A,A,H,-,A,D,0,,,,,Y,,D,22,0,1,0,0,0,0,0,0,0,"- ","- ",35.890560150146484,-116.10265350341797,INYO,UNINCORPORATED,-116.10759735107422,35.888626098632812
94963572,2025,2025-12-09,9825,2025-12-04,"739 ",020118,,4,1,9,1400,0,1,2,,1,007,"S/B US-395","PEARSONVILLE ROAD",5280.00,N,N,A,-,Y,INY,,395," ",R,0.768,H,,L,Y,3,0,1,1,A,-,08,22107,,N,E,8,A,A,H,-,A,D,0,,,,,Y,,A,01,0,1,0,0,0,0,0,0,0,"- ","- ",35.8094482421875,-117.87364196777344,INYO,UNINCORPORATED,-117.87357330322266,35.809452056884766
94964663,2025,2025-12-09,9825,2025-12-06,1100,018685,,6,1,9,1400,0,1,3,,2,017,SR-190,"EMIGRANT CANYON ROAD",35376.00,W,N,A,-,Y,INY,,190," "," ",69.367,H,,R,N,3,0,1,1,A,-,03,22350,,N,F,A,A,A,H,-,A,D,0,,Y,,,Y,,L,04,0,1,0,0,0,0,1,0,0,"- ","- ",36.40673828125,-117.27783966064453,INYO,UNINCORPORATED,-117.27783966064453,36.406742095947266
94967851,2025,2025-12-11,9825,2025-12-06,1730,024273,,6,2,9,1400,0,1,2,,1,003,"SB US-395","COLLINS RD",2652.00,S,N,A,-,Y,INY,,395," "," ",109.174,H,,R,Y,4,0,1,1,C,-,18,,,N,H,H,A,A,H,-,D,D,0,,,,,Y,,-,"- ",0,0,1,0,0,0,0,0,0,"- ","- ",37.275051116943359,-118.36965179443359,INYO,UNINCORPORATED,-118.36955261230469,37.275081634521484
94971843,2025,2025-12-15,9825,2025-12-09,1635,018441,,2,2,9,1400,0,1,3,,1,011,SR-168,"REATA ROAD",75.00,E,N,A,-,Y,INY,,168," "," ",15.702,H,,R,Y,3,0,1,3,A,-,01,23152,A,N,C,C,A,A,H,-,B,D,0,,,,,Y,Y,D,22,0,1,0,0,0,0,0,0,0,"- ","- ",37.361289978027344,-118.44312286376953,INYO,UNINCORPORATED,-118.44312286376953,37.361289978027344
94978162,2025,2025-12-18,9825,2025-12-13,1300,017983,,6,1,9,1400,0,1,3,,2,020,"SR-178 CHARLES BROWN HIGHWAY","CHICAGO VALLEY ROAD",29040.00,E,N,A,-,Y,INY,,178," "," ",53.928,H,,R,Y,3,0,1,1,A,-,08,22107,,N,F,A,A,A,H,-,A,D,0,,,,,Y,,A,01,0,1,0,0,0,0,0,0,0,"- ","- ",36.080741882324219,-116.18621063232422,INYO,UNINCORPORATED,-116.18616485595703,36.080734252929688
94982031,2025,2025-12-22,9825,2025-12-18,"820 ",017983,,4,1,9,1400,0,1,3,,1,019,SR-127,"STATE LINE ROAD/ASH MEADOWS RD.",0.00,,Y,A,-,Y,INY,,127," "," ",41.970,H,,R,Y,3,0,1,1,A,-,12,22450,A,N,E,8,A,A,H,-,A,D,0,,,,,Y,,A,07,0,1,0,0,0,0,0,0,0,"- ","- ",36.302139282226562,-116.41443634033203,INYO,UNINCORPORATED,-116.41439819335938,36.302146911621094
94993801,2025,2025-12-31,9825,2025-12-19,1615,020736,,5,2,9,1400,0,1,2,,1,007,"S/B US-395","LAKE VILLAGE ROAD",22070.00,S,N,A,-,Y,INY,,395," "," ",23.489,H,,L,Y,3,0,1,1,C,-,18,,,N,E,I,A,A,H,-,B,D,0,,,,,Y,,-,"- ",0,1,0,0,0,0,0,0,0,"- ","- ",36.124530792236328,-117.97296142578125,INYO,UNINCORPORATED,-117.97288513183594,36.124534606933594
94996269,2025,2026-01-02,9825,2025-12-19,2048,024264,,5,2,9,1400,0,1,3,,1,011,"S PA HA LN","SR-168 E/B",0.00,,Y,A,-,Y,INY,,168," "," ",16.531,H,,R,Y,3,0,3,2,A,-,09,21802,A,N,D,C,A,A,H,-,C,A,0,,,,,Y,,A,01,0,2,1,0,0,0,0,0,0,"- ","- ",37.361351013183594,-118.427490234375,INYO,UNINCORPORATED,-118.427490234375,37.361343383789062
94996272,2025,2026-01-02,9825,2025-12-23,1358,024953,,2,1,9,1400,0,3,5,,2,060,"US-395 (OLD HIGHWAY)","WHITNEY ST",1415.00,N,N,B,-,N,,,,,,,,,,N,3,0,1,1,A,-,08,22107,,N,E,I,A,A,H,-,A,A,0,,,,,Y,,D,22,0,1,0,0,0,0,0,0,0,"- ","- ",36.326389312744141,-118.02471160888672,INYO,UNINCORPORATED,-118.02492523193359,36.326416015625
95001616,2025,2026-01-06,9825,2025-05-30,1812,023755,,5,2,9,1400,0,1,2,,1,006,"N/B US-395",SR-190,2640.00,N,N,A,-,Y,,,,,,,,,,Y,1,1,0,1,A,-,08,22107,,N,F,0,A,A,D,-,A,D,0,,,,,Y,,A,01,0,0,0,0,0,0,0,0,0,"- ","- ",36.236309051513672,-117.99034118652344,INYO,UNINCORPORATED,-118.01179504394531,36.287818908691406
95006780,2025,2026-01-09,9825,2025-12-21,"155 ",024436,,7,3,9,1400,0,2,S,,2,904,"LASKY LN","PANGHORN ST",50.00,S,N,A,-,N,,,,,,,,,,N,4,0,1,3,A,-,01,23152,A,N,A,4,A,A,H,-,D,D,0,,,,,Y,Y,A,01,0,0,1,0,0,0,0,0,0,"- ","- ",36.61676025390625,-118.07331085205078,INYO,UNINCORPORATED,-118.07321166992188,36.616844177246094
95020111,2025,2026-01-20,9825,2025-10-05,1320,022014,,7,1,9,1400,0,1,2,,2,001,"US-395 N/B","GORGE ROAD",20.00,S,N,A,-,Y,INY,,395," ",R,128.202,H,,R,N,2,0,1,2,A,-,03,22350,,N,C,C,A,A,H,-,A,D,0,,,Y,,Y,,C,02,1,0,0,0,0,0,0,0,1,"- ","- ",37.445648193359375,-118.57211303710938,INYO,UNINCORPORATED,-118.57208251953125,37.445652008056641
95020897,2025,2026-01-20,9825,2025-05-20,1408,018685,,2,2,9,1400,0,1,3,,2,017,SR-190,"EMIGRANT CANYON ROAD",701.00,E,N,A,-,Y,INY,,190," "," ",76.653,H,,R,Y,1,1,0,1,A,-,08,22107,,N,E,8,A,A,H,-,A,D,0,,,,Y,Y,,G,25,0,0,0,0,0,0,0,0,0,"- ","- ",36.497039794921875,-117.22682952880859,INYO,UNINCORPORATED,-117.22691345214844,36.497039794921875
9519727,2022,2023-02-09,1401,2022-12-20,1119,455,1401,2,5,2,1401,0,0,0,,0,CITY,"NORTH MAIN","WILLOW ST",49.00,N,N,A,-,N,,,,,,,,,,N,4,0,1,2,A,-,03,22350,,M,C,C,A,A,H,-,A,D,0,,,,,Y,,A,01,0,0,1,0,0,0,0,0,0,"- ","- ",37.363559722900391,-118.39527893066406,INYO,BISHOP,-118.39528656005859,37.36297607421875
9526710,2022,2023-02-23,1401,2022-10-19,1458,1516,0100,3,5,2,1401,0,0,0,,0,,"1ST ST","LINE ST",96.00,S,N,A,-,N,,,,,,,,,,N,3,0,1,5,A,-,08,22107,,N,C,E,A,A,H,-,A,D,0,,,Y,,Y,Y,A,07,0,1,0,0,0,0,0,0,0,"- ","- ",37.361518859863281,-118.38665771484375,INYO,BISHOP,-118.38662719726562,37.361248016357422
9536077,2022,2022-12-23,1401,2022-09-19,1634,1516,0100,1,5,2,1401,0,0,0,,0,,"RT 168","HOME ST",0.00,,Y,A,-,Y,INY,9,168,-,-,17.930,I,5,W,N,3,0,1,2,A,-,09,21453,C,N,H,C,A,A,H,-,A,A,0,,,,,Y,,M,94,0,1,0,0,0,0,0,0,0,"- ","- ",37.361351013183594,-118.4073486328125,INYO,BISHOP,-118.40238952636719,37.361412048339844
9539354,2022,2023-01-18,1401,2022-08-28,0655,1516,0100,7,5,2,1401,0,0,0,,0,,"LAGOON ST","FULTON ST",0.00,,Y,A,-,N,,,,,,,,,,Y,2,0,1,1,A,-,01,23152,A,N,F,I,A,A,H,-,A,D,0,,,,,Y,Y,A,07,1,0,0,0,0,0,0,0,0,"- ","- ",,,INYO,BISHOP,-118.39937591552734,37.359817504882812
9548556,2022,2023-02-22,1401,2022-11-29,1640,1516,0100,2,5,2,1401,0,0,0,,0,,"RT 395","HORACE ALBRIGHT",48.00,N,N,A,-,Y,INY,9,395,-,-,115.840,H,-,S,N,3,0,1,2,A,-,03,22350,,N,G,B,E,A,H,-,A,D,0,Y,,,,Y,,A,01,0,1,0,0,1,0,0,0,0,"- ","- ",37.368080139160156,-118.39433288574219,INYO,BISHOP,-118.3953857421875,37.367813110351562
9554998,2023,2023-03-24,1401,2023-02-07,"400 ",455,1401,2,5,2,1401,0,0,0,,0,CITY,"RT 395","HORACE ALBRIGHT AV",142.00,N,N,A,-,Y,INY,9,395,-,-,115.850,H,-,N,Y,3,0,1,1,A,-,03,22350,,N,A,I,A,A,H,-,C,D,0,,,,,Y,,A,07,0,1,0,0,0,0,0,0,0,"- ","- ",37.367771148681641,-118.39824676513672,INYO,BISHOP,-118.395263671875,37.367977142333984
9576516,2023,2023-05-18,1401,2023-03-05,1129,626,0100,7,5,2,1401,0,0,0,,0,,"RT 395","MACIVER ST",162.00,N,N,A,-,Y,INY,9,395,-,-,116.100,H,-,N,N,4,0,1,2,A,-,09,21804,A,N,D,C,A,A,H,-,A,D,0,,,,,Y,,A,08,0,0,1,0,0,0,0,0,0,"- ","- ",37.371379852294922,-118.39534759521484,INYO,BISHOP,-118.39529418945312,37.371871948242188
9584178,2023,2023-05-17,1401,2023-03-17,1645,1468,100,5,5,2,1401,0,0,0,,0,,"EAST LINE ST","MOFFETT DR",0.00,,Y,A,-,N,,,,,,,,,,N,3,0,1,2,A,-,11,21954,A,N,G,B,D,A,H,-,A,D,0,Y,,,,Y,,N,60,0,1,0,0,1,0,0,0,0,"- ","- ",37.361221313476562,-118.39016723632812,INYO,BISHOP,-118.38999938964844,37.361465454101562
9592748,2023,2023-07-05,1401,2023-06-11,1128,489,100,7,5,2,1401,0,0,0,,0,0100,"WARREN ST","LINE ST",0.00,,Y,A,-,N,,,,,,,,,,N,3,0,1,2,A,-,09,21802,A,N,D,C,A,A,H,-,A,A,0,,,,,Y,,A,01,0,1,0,0,0,0,0,0,0,"- ","- ",37.361560821533203,-118.39643859863281,INYO,BISHOP,-118.39626312255859,37.361392974853516
9592928,2023,2023-08-18,1401,2023-05-23,1549,489,0100,2,5,2,1401,0,0,0,,0,,"N FOWLER ST","CHURCH ST",90.00,N,N,A,-,N,,,,,,,,,,N,3,0,4,2,A,-,21,22106,,N,A,C,A,A,H,-,A,D,0,,,,,Y,,A,07,0,4,0,0,0,0,0,0,0,"- ","- ",37.363079071044922,-118.3992919921875,INYO,BISHOP,-118.39820098876953,37.36236572265625
9601172,2023,2023-08-18,1401,2023-06-26,2133,608,0100,1,5,2,1401,0,0,0,,0,,"RT 6","WYE RD",0.00,,Y,A,-,Y,INY,9,6,-,-,0.130,I,5,N,Y,2,0,1,2,A,-,08,22100,5,N,D,C,A,A,H,-,C,D,0,,,Y,,Y,,A,07,1,0,0,0,0,0,0,0,1,"- ","- ",37.375801086425781,-118.39534759521484,INYO,BISHOP,-118.39534759521484,37.375862121582031
9621613,2023,2023-10-10,1401,2023-08-25,1551,489,0100,5,5,2,1401,0,0,0,,0,,"NORTH MAIN","E ELM ST",30.00,N,N,A,-,Y,INY,9,395,-,-,115.720,H,-,S,N,4,0,1,2,A,-,03,22350,,N,C,C,A,A,H,-,A,A,0,,,,,Y,,D,22,0,0,1,0,0,0,0,0,0,"- ","- ",37.365829467773438,-118.39376068115234,INYO,BISHOP,-118.39539337158203,37.365970611572266
9648899,2023,2024-03-08,1401,2023-11-06,1216,1468,100,1,5,2,1401,0,0,0,,0,,"RT 168","N WARREN ST",8.00,W,N,A,G,Y,INY,9,168,-,-,18.270,I,5,W,N,3,0,2,3,A,-,10,21950,A,N,G,B,B,A,H,-,A,D,0,Y,,,,Y,,D,22,0,2,0,0,2,0,0,0,0,"- ","- ",37.361560821533203,-118.39643859863281,INYO,BISHOP,-118.39626312255859,37.361438751220703
9648917,2023,2024-02-23,1401,2023-09-26,"950 ",455,1401,2,5,2,1401,0,0,0,,0,CITY,"RT 395","W ELM ST",60.00,S,N,A,-,Y,INY,9,395,-,-,115.650,H,-,N,Y,4,0,1,1,A,-,01,23152,B,N,A,I,A,A,H,-,A,D,0,,,,,Y,Y,D,22,0,0,1,0,0,0,0,0,0,"- ","- ",37.365268707275391,-118.39495849609375,INYO,BISHOP,-118.39532470703125,37.365135192871094
9679506,2024,2024-04-05,1401,2024-01-18,1940,608,100,4,5,2,1401,0,0,0,,0,,"RT 395","EAST LINE ST",51.00,N,N,A,-,Y,INY,9,395,-,-,115.410,H,-,N,N,3,0,1,2,A,-,05,21651,B,N,A,G,A,A,H,-,C,D,0,,Y,,,Y,Y,L,04,0,1,0,0,0,0,1,0,0,"- ","- ",37.373908996582031,-118.39195251464844,INYO,BISHOP,-118.39529418945312,37.361515045166016
9679524,2023,2024-04-26,1401,2023-12-21,1127,1431,0100,4,5,2,1401,0,0,0,,0,,"NORTH MAIN","E ELM ST",212.00,N,N,B,C,Y,INY,9,395,-,-,115.750,H,-,N,N,4,0,1,2,A,-,05,21650,,N,H,G,A,B,H,-,A,D,0,,Y,,,Y,,L,04,0,0,1,0,0,0,1,0,0,"- ","- ",,,INYO,BISHOP,-118.39527893066406,37.366424560546875
9679532,2023,2024-04-26,1401,2023-12-08,1340,485,100,5,5,2,1401,0,0,0,,0,,"RT 6","WYE RD",0.00,,Y,A,-,Y,INY,9,6,-,-,0.130,I,5,S,N,3,0,1,2,A,-,12,22450,,N,D,C,A,A,H,-,A,A,0,,,,,Y,,A,01,0,1,0,0,0,0,0,0,0,"- ","- ",37.375801086425781,-118.39534759521484,INYO,BISHOP,-118.39534759521484,37.375862121582031
9702313,2024,2024-07-18,1401,2024-06-01,"755 ",489,,6,5,2,1401,0,0,0,,0,,"NORTH MAIN","E ELM ST",289.00,N,N,A,-,Y,INY,9,395,-,-,115.766,H,-,S,N,4,0,2,2,A,-,09,21804,A,N,D,C,A,A,H,-,A,D,0,,,,,Y,,A,07,0,0,2,0,0,0,0,0,0,"- ","- ",37.368080139160156,-118.39433288574219,INYO,BISHOP,-118.39539337158203,37.366672515869141
9705121,2024,2024-07-01,1401,2024-05-24,1441,608,100,5,5,2,1401,0,0,0,,0,,"S FOWLER ST","LAGOON ST",147.00,N,N,A,-,N,,,,,,,,,,N,3,0,1,2,A,-,09,21804,A,N,H,G,A,A,H,-,A,D,0,,Y,,,Y,,L,04,0,1,0,0,0,0,1,0,0,"- ","- ",37.361381530761719,-118.39817810058594,INYO,BISHOP,-118.39822387695312,37.360244750976562
9726603,2024,2024-10-10,1401,2024-04-19,2309,1468,100,5,5,2,1401,0,0,0,,0,CITY,"NORTH MAIN","E ELM ST",0.00,,N,A,-,Y,INY,9,395,-,-,115.750,H,-,S,N,2,0,1,2,A,-,01,23152,A,N,D,C,A,A,H,-,C,D,0,,,Y,Y,Y,Y,C,03,1,0,0,0,0,0,0,0,1,"- ","- ",37.366100311279297,-118.39595794677734,INYO,BISHOP,-118.39539337158203,37.366428375244141
9755716,2024,2024-11-20,1401,2024-10-20,1806,489,100,7,5,2,1401,0,0,0,,0,,"LINE ST","3RD ST",140.00,E,N,A,-,N,,,,,,,,,,N,2,0,1,2,A,-,09,21804,A,N,D,G,A,A,H,-,B,D,0,,Y,,,Y,,L,04,1,0,0,0,0,0,1,0,0,"- ","- ",37.361499786376953,-118.39138793945312,INYO,BISHOP,-118.39087677001953,37.361484527587891
9755824,2024,2024-11-22,1401,2024-08-19,1431,626,0100,1,5,2,1401,0,0,0,,0,,"WEST SOUTH ST","SOUTH FOWLER ST",0.00,,Y,A,-,N,,,,,,,,,,N,3,0,1,2,A,-,09,21801,,N,D,C,A,A,H,-,A,D,0,,,,,Y,,A,01,0,1,0,0,0,0,0,0,0,"- ","- ",37.35858154296875,-118.398193359375,INYO,BISHOP,-118.39817047119141,37.358623504638672
9755851,2024,2024-11-21,1401,2024-07-05,"850 ",1620,100,5,5,2,1401,0,0,0,,0,,"E YANEY","HANBY AV",33.00,W,N,A,-,N,,,,,,,,,,Y,3,0,1,1,A,-,08,22107,,M,A,I,A,A,H,-,A,D,0,,,,,Y,Y,A,01,0,1,0,0,0,0,0,0,0,"- ","- ",37.369621276855469,-118.39076232910156,INYO,BISHOP,-118.38880157470703,37.369609832763672
9756083,2024,2024-12-12,1401,2024-09-13,1517,1431,100,5,5,2,1401,0,0,0,,0,,"WYE RD","RT 6",0.00,,Y,A,-,Y,INY,9,6,-,-,0.130,I,5,N,Y,3,0,3,3,A,-,09,21802,A,N,D,C,A,A,H,-,A,A,0,,,,,Y,,D,22,0,1,2,0,0,0,0,0,0,"- ","- ",37.375801086425781,-118.39534759521484,INYO,BISHOP,-118.39534759521484,37.375862121582031
9756087,2024,2024-12-18,1401,2024-09-18,1029,1623,100,3,5,2,1401,0,0,0,,0,,"NORTH MAIN","SIERRA ST",0.00,,Y,A,-,Y,INY,9,395,-,-,116.020,I,5,S,Y,3,0,1,2,A,-,09,21804,A,N,D,C,A,A,H,-,A,A,0,,,,,Y,,A,01,0,1,0,0,0,0,0,0,0,"- ","- ",37.370410919189453,-118.39534759521484,INYO,BISHOP,-118.39539337158203,37.370429992675781
9756095,2024,2024-12-12,1401,2024-10-19,1502,1620,100,6,5,2,1401,0,0,0,,0,,"W LINE ST","HOME ST",6.00,W,N,A,-,Y,INY,9,168,-,-,17.660,I,5,W,N,4,0,1,2,A,-,05,21650,,N,B,G,A,A,H,-,A,A,0,,Y,,,Y,,L,04,0,0,1,0,0,0,1,0,0,"- ","- ",37.361351013183594,-118.4073486328125,INYO,BISHOP,-118.40739440917969,37.361366271972656
9770256,2024,2025-02-12,1401,2024-11-26,1227,626,,2,5,2,1401,0,0,0,,0,,"RT 395","RT 6",0.00,,Y,B,C,Y,INY,9,6,-,-,0.000,I,6,N,N,3,0,2,2,A,-,12,21453,A,N,D,C,A,B,H,-,A,A,0,,,,Y,Y,,D,22,0,2,0,0,0,0,0,0,0,"- ","- ",37.375801086425781,-118.39534759521484,INYO,BISHOP,-118.39557647705078,37.374111175537109
9793305,2024,2025-03-17,1401,2024-12-13,1520,1623,100,5,5,2,1401,0,0,0,,0,,"HANBY AV","WILLOW ST",0.00,,Y,A,-,N,,,,,,,,,,N,3,0,1,2,A,-,21,22106,,F,C,C,E,A,H,-,B,D,0,Y,,,,Y,,-,99,0,1,0,0,1,0,0,0,0,"- ","- ",37.362728118896484,-118.38896179199219,INYO,BISHOP,-118.38812255859375,37.362888336181641
9803667,2025,2025-05-09,1401,2025-02-28,1700,485,,5,5,2,1401,0,0,0,,0,,"RT 395","MACIVER ST",2.00,W,N,A,-,Y,INY,9,395,-,-,116.070,I,6,N,N,4,0,1,2,A,-,00,21650,G,M,D,G,A,A,H,-,A,D,0,,Y,,,Y,,L,04,0,0,1,0,0,0,1,0,0,"- ","- ",37.371379852294922,-118.39534759521484,INYO,BISHOP,-118.39529418945312,37.37139892578125
9814385,2025,2025-06-27,1401,2025-05-02,1400,1623,100,5,5,2,1401,0,0,0,,0,,"MAIN ST","MAY ST",0.00,,Y,A,-,N,,,,,,,,,,N,3,0,1,2,D,-,00,,,N,D,G,A,A,H,-,A,D,0,,Y,,,Y,,-,"- ",0,1,0,0,0,0,1,0,0,"- ","- ",37.36199951171875,-118.39499664306641,INYO,BISHOP,-118.39528656005859,37.363571166992188
9828814,2025,2025-07-25,1401,2025-06-19,1005,1431,,4,5,2,1401,0,0,0,,0,,"W LINE ST","HOME ST",30.00,E,N,A,-,Y,INY,9,168,-,-,17.950,H,-,W,N,3,0,1,2,A,-,03,22350,,N,C,C,A,A,H,-,A,A,0,,,,,Y,,A,07,0,1,0,0,0,0,0,0,0,"- ","- ",,,INYO,BISHOP,-118.40215301513672,37.361412048339844
9833595,2025,2025-07-23,1401,2025-06-14,1008,1431,,6,5,2,1401,0,0,0,,0,,"WARREN ST","W LINE ST",0.00,,Y,A,-,N,,,,,,,,,,N,3,0,2,2,A,-,09,21802,A,N,D,C,A,A,H,-,A,A,0,,,,,Y,,A,01,0,1,1,0,0,0,0,0,0,"- ","- ",,,INYO,BISHOP,-118.39626312255859,37.361392974853516
9866913,2025,2025-10-01,1401,2025-02-08,1926,608,0100,6,5,2,1401,0,0,0,,0,,"RT 395","WYE RD",25.00,S,N,A,-,Y,INY,9,395,-,-,116.380,H,-,N,Y,1,1,0,2,A,-,09,21804,,N,D,C,A,A,H,-,D,A,0,,,Y,,Y,,A,01,0,0,0,0,0,0,0,1,0,"- ","- ",37.37548828125,-118.39624786376953,INYO,BISHOP,-118.39714050292969,37.375545501708984
9870088,2025,2025-08-26,1401,2025-07-11,1816,1623,100,5,5,2,1401,0,0,0,,0,,"SIERRA ST","NORTH MAIN",0.00,,Y,A,-,N,,,,,,,,,,N,3,0,1,2,A,-,11,21954,A,M,G,B,D,A,H,-,A,D,0,Y,,,,Y,,N,60,0,1,0,0,1,0,0,0,0,"- ","- ",37.370948791503906,-118.39557647705078,INYO,BISHOP,-118.39528656005859,37.37042236328125
9879662,2025,2025-11-17,1401,2025-09-26,1417,1431,0100,5,5,2,1401,0,0,0,,0,,"N FOWLER ST","GROVE ST",0.00,,Y,A,-,N,,,,,,,,,,Y,2,0,1,2,A,-,09,21801,A,N,A,C,A,A,H,-,A,D,0,,,Y,,Y,,D,22,1,0,0,0,0,0,0,0,1,"- ","- ",37.364601135253906,-118.39823150634766,INYO,BISHOP,-118.398193359375,37.364616394042969
9887259,2025,2025-11-18,1401,2025-10-02,1758,626,100,4,5,2,1401,0,0,0,,0,,"MACIVER ST","SPRUCE ST",0.00,,Y,A,-,N,,,,,,,,,,N,3,0,2,2,A,-,10,21950,A,N,H,G,A,A,H,-,A,D,0,,Y,,,Y,,A,07,0,2,0,0,0,0,2,0,0,"- ","- ",,,INYO,BISHOP,-118.39054870605469,37.371410369873047
9897515,2025,2026-01-21,1401,2025-12-04,1630,1431,100,4,5,2,1401,0,0,0,,0,,"N 3RD ST","WILLOW ST",0.00,,Y,A,-,N,,,,,,,,,,N,3,0,1,2,A,-,12,22450,A,N,D,C,A,A,H,-,A,A,0,,,Y,,Y,,C,02,0,1,0,0,0,0,0,0,1,"- ","- ",37.362869262695312,-118.39138793945312,INYO,BISHOP,-118.39141082763672,37.362850189208984
9898947,2025,2026-02-06,1401,2025-12-27,1428,1468,0100,6,5,2,1401,0,0,0,,0,,"RT 168","S FOWLER ST",20.00,E,N,A,-,Y,INY,9,168,-,-,18.160,I,5,E,N,3,0,1,2,A,-,12,21453,A,N,D,G,A,A,H,-,A,A,0,,Y,,,Y,,L,04,0,1,0,0,0,0,1,0,0,"- ","- ",37.361381530761719,-118.39817810058594,INYO,BISHOP,-118.39820098876953,37.361351013183594
9903010,2025,2026-01-30,1401,2025-12-11,1934,1468,0100,4,5,2,1401,0,0,0,,0,,"RT 395","SHORT ST",19.00,S,N,A,-,Y,INY,9,395,-,-,115.340,I,5,N,N,3,0,1,2,A,-,09,21801,A,N,D,C,A,A,H,-,C,D,0,,,,,Y,Y,A,01,0,1,0,0,0,0,0,0,0,"- ","- ",37.360511779785156,-118.39521789550781,INYO,BISHOP,-118.39525604248047,37.360507965087891
9903014,2025,2026-01-30,1401,2025-12-28,1409,608,100,7,5,2,1401,0,0,0,,0,,"RT 395","MAY ST",0.00,,Y,A,-,Y,INY,9,395,-,-,115.550,I,6,N,N,4,0,1,2,A,-,09,21804,A,N,D,G,A,A,H,-,A,D,0,,Y,,,Y,,L,04,0,0,1,0,0,0,1,0,0,"- ","- ",37.363559722900391,-118.39527893066406,INYO,BISHOP,-118.39530944824219,37.363567352294922
