CASE_ID,ACCIDENT_YEAR,PROC_DATE,JURIS,COLLISION_DATE,COLLISION_TIME,OFFICER_ID,REPORTING_DISTRICT,DAY_OF_WEEK,CHP_SHIFT,POPULATION,CNTY_CITY_LOC,SPECIAL_COND,BEAT_TYPE,CHP_BEAT_TYPE,CITY_DIVISION_LAPD,CHP_BEAT_CLASS,BEAT_NUMBER,PRIMARY_RD,SECONDARY_RD,DISTANCE,DIRECTION,INTERSECTION,WEATHER_1,WEATHER_2,STATE_HWY_IND,CALTRANS_COUNTY,CALTRANS_DISTRICT,STATE_ROUTE,ROUTE_SUFFIX,POSTMILE_PREFIX,POSTMILE,LOCATION_TYPE,RAMP_INTERSECTION,SIDE_OF_HWY,TOW_AWAY,COLLISION_SEVERITY,NUMBER_KILLED,NUMBER_INJURED,PARTY_COUNT,PRIMARY_COLL_FACTOR,PCF_CODE_OF_VIOL,PCF_VIOL_CATEGORY,PCF_VIOLATION,PCF_VIOL_SUBSECTION,HIT_AND_RUN,TYPE_OF_COLLISION,MVIW,PED_ACTION,ROAD_SURFACE,ROAD_COND_1,ROAD_COND_2,LIGHTING,CONTROL_DEVICE,CHP_ROAD_TYPE,PEDESTRIAN_ACCIDENT,BICYCLE_ACCIDENT,MOTORCYCLE_ACCIDENT,TRUCK_ACCIDENT,NOT_PRIVATE_PROPERTY,ALCOHOL_INVOLVED,STWD_VEHTYPE_AT_FAULT,CHP_VEHTYPE_AT_FAULT,COUNT_SEVERE_INJ,COUNT_VISIBLE_INJ,COUNT_COMPLAINT_PAIN,COUNT_PED_KILLED,COUNT_PED_INJURED,COUNT_BICYCLIST_KILLED,COUNT_BICYCLIST_INJURED,COUNT_MC_KILLED,COUNT_MC_INJURED,PRIMARY_RAMP,SECONDARY_RAMP,LATITUDE,LONGITUDE,COUNTY,CITY,POINT_X,POINT_Y
6290635,2014,2014-06-12,9255,2014-05-24,0943,16918,,6,1,9,0500,0,1,3,,2,031,"RT 26","DEARDORFF RD",1808.00,E,N,A,-,Y,CAL,10,26,-,-,28.970,H,-,E,Y,1,1,1,1,A,-,08,22107,,N,E,I,A,A,H,-,A,D,0,,,,,Y,,D,22,0,1,0,0,0,0,0,0,0,"- ","- ",38.363520000000001,-120.56018,CALAVERAS,UNINCORPORATED,-120.55973702999999,38.365019250000003
6291082,2014,2015-01-05,9255,2014-05-18,1810,20713,,7,2,9,0500,0,2,4,,2,042,"PARROTS FERRY RD","AIROLO RD",1056.00,N,N,A,-,N,,,,,,,,,,Y,1,1,0,1,A,-,01,23152,A,N,F,A,A,A,H,-,A,D,0,,,Y,,Y,Y,C,02,0,0,0,0,0,0,0,1,0,"- ","- ",38.049509999999998,-120.4704,CALAVERAS,UNINCORPORATED,-120.47187182,38.05428199
6291592,2014,2015-04-14,9255,2014-10-19,2500,16918,,7,4,9,0500,0,3,5,,2,003,"GOLD STRIKE RD","HAWVER RD",1023.00,S,N,A,-,N,,,,,,,,,,Y,1,1,0,1,A,-,01,23152,A,N,F,A,A,A,H,-,D,A,0,,,,,Y,Y,A,07,0,0,0,0,0,0,0,0,0,"- ","- ",38.214219999999997,-120.68769,CALAVERAS,UNINCORPORATED,-120.68690789999999,38.213226409999997
6291607,2014,2014-11-17,9255,2014-10-25,0210,13939,,6,3,9,0500,0,1,3,,1,011,"RT 26","HEINEMANN DR",528.00,W,N,A,-,Y,CAL,10,26,-,-,7.010,H,-,W,N,1,1,0,1,C,-,18,,,N,H,A,A,A,H,-,D,D,0,,,,,Y,Y,-,"- ",0,0,0,0,0,0,0,0,0,"- ","- ",38.153869999999998,-120.85428,CALAVERAS,UNINCORPORATED,-120.85411408,38.153791679999998
6292138,2015,2017-04-25,9255,2015-02-22,0325,18873,,7,3,9,0500,0,1,3,,2,030,"RT 49","GOLD STRIKE RD",2112.00,S,N,A,-,Y,CAL,10,49,-,R,21.810,H,-,N,Y,1,1,0,1,A,-,08,22107,,N,E,I,A,A,H,-,D,D,0,,,,,Y,Y,A,01,0,0,0,0,0,0,0,0,0,"- ","- ",38.222799999999999,-120.70088,CALAVERAS,UNINCORPORATED,-120.70104238,38.223231329999997
6292176,2015,2017-04-25,9255,2015-03-25,1515,13556,,3,2,9,0500,0,1,3,,2,030,"RT 49","GOLD RUSH LN",1177.00,S,N,A,-,Y,CAL,10,49,-,-,28.930,H,-,S,Y,1,1,0,1,A,-,08,22107,,N,F,A,A,A,H,-,A,D,0,,,,,Y,Y,D,22,0,0,0,0,0,0,0,0,0,"- ","- ",38.29804,-120.72584000000001,CALAVERAS,UNINCORPORATED,-120.72633018000001,38.298047400000002
6292443,2015,2017-04-06,9255,2015-07-01,2500,20713,,3,4,9,0500,0,3,5,,2,006,"RT 4","BLACK SPRING RD",3696.00,E,N,A,-,Y,CAL,10,4,-,R,55.700,H,-,E,Y,1,1,0,1,A,-,08,22107,,N,E,I,A,A,H,-,B,D,0,,,,,Y,Y,A,01,0,0,0,0,0,0,0,0,0,"- ","- ",38.229129999999998,-120.1109,CALAVERAS,UNINCORPORATED,-120.18463438000001,38.382349779999998
6333465,2014,2016-03-05,9255,2014-01-20,1410,018022,,1,2,9,0500,0,1,3,,2,050,"RT 4","OLD HWY 4",0.00,,Y,A,-,Y,CAL,10,4,-,R,47.620,I,5,E,Y,3,0,2,2,A,-,09,21802,A,N,D,C,A,A,H,-,A,A,0,,,,,Y,,D,22,0,1,1,0,0,0,0,0,0,"- ","- ",38.183599999999998,-120.16379999999999,CALAVERAS,UNINCORPORATED,-120.27784319,38.308348500000001
6336559,2014,2014-06-05,9255,2014-01-06,1840,19643,,1,2,9,0500,0,2,4,,2,034,"RAILROAD FLAT RD","JESUS MARIA RD",528.00,S,N,A,-,N,,,,,,,,,,Y,3,0,1,1,A,-,01,23152,A,N,F,A,A,A,H,-,D,D,0,,,,,Y,,A,07,0,1,0,0,0,0,0,0,0,"- ","- ",38.19173,-120.69607999999999,CALAVERAS,UNINCORPORATED,-120.50459404999999,38.283335950000001
6336678,2014,2016-03-02,9255,2014-01-06,2045,19525,,1,2,9,0500,0,1,3,,1,020,"RT 49","COSGROVE RD",6336.00,N,N,A,-,Y,CAL,10,49,-,-,12.880,H,-,N,Y,3,0,1,1,A,-,03,22350,,N,E,J,A,A,C,-,D,D,0,,,,,Y,,A,07,0,1,0,0,0,0,0,0,0,"- ","- ",38.119340000000001,-120.62076999999999,CALAVERAS,UNINCORPORATED,-120.61971576000001,38.118317910000002
6337593,2014,2014-06-04,9255,2014-01-10,1203,018022,,5,1,9,0500,0,2,4,,2,034,"MOUNTAIN RANCH RD","ROCKY RD",1584.00,W,N,A,-,N,,,,,,,,,,Y,4,0,1,1,A,-,01,23152,A,N,E,I,A,A,H,-,A,D,0,,,,,Y,Y,A,01,0,0,1,0,0,0,0,0,0,"- ","- ",38.18985,-120.62443,CALAVERAS,UNINCORPORATED,-120.61820991,38.19022142
6340937,2014,2014-06-02,9255,2014-01-12,0001,017324,,7,3,9,0500,0,3,5,,2,002,"ROCK CREEK RD","FELIX RD",1056.00,N,N,B,-,N,,,,,,,,,,Y,4,0,1,1,A,-,08,22107,,N,E,I,A,A,H,-,D,D,0,,,,,Y,,A,07,0,0,1,0,0,0,0,0,0,"- ","- ",38.026589999999999,-120.7257,CALAVERAS,UNINCORPORATED,-120.72162,38.027940000000001
6351960,2014,2016-03-02,9255,2014-01-18,0750,018459,,6,1,9,0500,0,1,3,,2,030,"RT 49","UNION MINE RD",223.00,N,N,A,-,Y,CAL,10,49,-,-,16.160,H,-,S,Y,2,0,1,1,A,-,08,22107,,N,E,I,A,A,H,-,A,D,0,,,,,Y,,A,01,1,0,0,0,0,0,0,0,0,"- ","- ",38.158239999999999,-120.64632,CALAVERAS,UNINCORPORATED,-120.64652769999999,38.158652689999997
6352135,2014,2014-06-10,9255,2014-01-19,1500,18022,,7,2,9,0500,0,2,4,,1,022,"OBYRNES FERRY RD","COPPER COVE DR",0.00,,Y,A,-,N,,,,,,,,,,Y,4,0,3,2,A,-,03,22350,,N,C,C,A,A,H,-,A,A,0,,,,,Y,,A,07,0,0,3,0,0,0,0,0,0,"- ","- ",37.940170000000002,-120.60542,CALAVERAS,UNINCORPORATED,-120.60543993,37.940029899999999
6356007,2014,2016-03-05,9255,2014-01-25,0930,017324,,6,1,9,0500,0,1,3,,2,040,"RT 4","MAIN ST",26.00,W,N,A,-,Y,CAL,10,4,-,-,27.490,H,-,E,Y,4,0,2,3,A,-,03,22350,,N,D,C,A,A,H,-,A,D,0,,,,,Y,,A,01,0,0,2,0,0,0,0,0,0,"- ","- ",38.11177,-120.45777,CALAVERAS,UNINCORPORATED,-120.45793152,38.111639349999997
6358044,2014,2016-03-05,9255,2014-01-31,0640,018873,,5,1,9,0500,0,1,3,,2,050,"RT 4","COUNTRY CLUB DR",1200.00,E,N,A,-,Y,CAL,10,4,-,-,40.530,H,-,E,Y,4,0,1,1,A,-,03,22350,,N,E,I,A,C,H,-,B,D,0,,,,,Y,,D,22,0,0,1,0,0,0,0,0,0,"- ","- ",38.244700000000002,-120.36038000000001,CALAVERAS,UNINCORPORATED,-120.36015270999999,38.245842570000001
6359118,2014,2014-06-18,9255,2014-02-06,1350,013556,,4,1,9,0500,0,3,5,,2,003,"SKULL FLAT RD","WINTON RD",1584.00,N,N,A,-,N,,,,,,,,,,Y,2,0,1,3,A,-,16,24002,A,N,G,B,E,B,D,-,A,A,0,Y,,,Y,Y,,D,22,1,0,0,0,1,0,0,0,0,"- ","- ",38.408149999999999,-120.52343999999999,CALAVERAS,UNINCORPORATED,-120.52296402,38.407460010000001
6366373,2014,2015-10-09,9255,2014-01-24,2340,018776,,5,3,9,0500,0,2,4,,2,034,"MOUNTAIN RANCH RD","WILLOW CREEK",1056.00,E,N,A,-,N,,,,,,,,,,Y,2,0,1,1,A,-,01,23152,A,N,F,A,A,A,H,-,D,D,0,,,,,Y,Y,D,22,1,0,0,0,0,0,0,0,0,"- ","- ",38.190869999999997,-120.63977,CALAVERAS,UNINCORPORATED,-120.63976715,38.190953710000002
6370231,2014,2014-06-11,9255,2014-01-27,0650,017324,,1,1,9,0500,0,2,4,,1,022,"OBYRNES FERRY RD","COPPER COVE DR",2640.00,N,N,A,-,N,,,,,,,,,,Y,4,0,2,1,A,-,08,22107,,N,F,A,A,A,H,-,A,D,0,,,,,Y,,A,01,0,0,2,0,0,0,0,0,0,"- ","- ",37.948329999999999,-120.61023,CALAVERAS,UNINCORPORATED,-120.60921845999999,37.946614080000003
6372498,2014,2016-03-05,9255,2014-02-03,1405,019389,,1,2,9,0500,0,1,3,,2,030,"RT 49","LOMBARDI DR",528.00,S,N,A,-,Y,CAL,10,49,-,R,23.300,H,-,S,Y,3,0,2,1,A,-,08,22107,,N,E,I,A,A,H,-,A,D,0,,,,,Y,,D,22,0,2,0,0,0,0,0,0,0,"- ","- ",38.241219999999998,-120.71281,CALAVERAS,UNINCORPORATED,-120.71252392,38.241233309999998
6372499,2014,2016-03-05,9255,2014-02-03,0507,019525,,1,3,9,0500,0,1,3,,2,040,"RT 4","STRAWBERRY HILL RD",1584.00,W,N,B,-,Y,CAL,10,4,-,-,32.630,H,-,E,Y,4,0,1,1,A,-,03,22350,,N,F,A,A,C,H,-,D,D,0,,,,,Y,,D,22,0,0,1,0,0,0,0,0,0,"- ","- ",38.165260000000004,-120.43051,CALAVERAS,UNINCORPORATED,-120.41961809999999,38.1659656
6373311,2014,2016-02-24,9255,2014-01-19,0020,019389,,7,3,9,0500,0,1,3,,1,011,"RT 26","PALOMA RD",1.10,W,N,A,-,Y,CAL,10,26,-,-,13.180,H,-,E,Y,3,0,1,1,A,-,01,23152,A,N,F,A,A,A,H,-,D,D,0,,,,,Y,Y,A,01,0,1,0,0,0,0,0,0,0,"- ","- ",38.248620000000003,-120.75545,CALAVERAS,UNINCORPORATED,-120.75552132,38.248366529999998
6373314,2014,2014-06-06,9255,2014-01-22,1940,19389,,3,2,9,0500,0,3,5,,2,001,"SPARROWK RD","MCATEE ST",83.00,S,N,A,-,N,,,,,,,,,,Y,4,0,1,1,A,-,01,23152,A,N,F,A,A,A,H,-,D,D,0,,,,,Y,Y,A,01,0,0,1,0,0,0,0,0,0,"- ","- ",38.108159999999998,-120.85965,CALAVERAS,UNINCORPORATED,-120.85961881,38.108112089999999
6373318,2014,2016-03-05,9255,2014-01-27,1750,18022,,1,2,9,0500,0,1,3,,1,010,"RT 12","BURSON RD",1056.00,E,N,A,-,Y,CAL,10,12,-,-,6.500,H,-,W,Y,2,0,2,2,A,-,03,22350,,N,C,C,A,A,H,-,D,D,0,,,,,Y,,A,07,1,0,1,0,0,0,0,0,0,"- ","- ",38.18309,-120.88695,CALAVERAS,UNINCORPORATED,-120.88686203,38.183371520000001
6376867,2014,2016-01-29,9255,2014-02-03,0925,019525,,1,1,9,0500,0,1,3,,2,050,"RT 4","SALT SPRINGS RD",5808.00,E,N,B,-,Y,CAL,10,4,-,R,64.950,H,-,E,Y,3,0,1,1,A,-,03,22350,,N,F,A,A,C,H,-,A,D,0,,,,,Y,,A,07,0,1,0,0,0,0,0,0,0,"- ","- ",,,CALAVERAS,UNINCORPORATED,-120.06458188000001,38.44670112
6382098,2014,2016-03-05,9255,2014-02-14,1845,15546,,5,2,9,0500,0,1,3,,2,040,"RT 4","PENNSYLVANIA GULCH RD",37.00,E,N,A,-,Y,CAL,10,4,-,-,29.250,H,-,W,N,4,0,5,3,A,-,03,22350,,N,C,C,A,A,H,-,C,D,0,,,,,Y,,A,07,0,0,5,0,0,0,0,0,0,"- ","- ",38.13411,-120.45565000000001,CALAVERAS,UNINCORPORATED,-120.4556139,38.134288849999997
6389335,2014,2016-02-24,9255,2014-02-18,1507,019389,,2,2,9,0500,0,1,3,,1,011,"RT 26","DRIVER RD",172.00,W,N,A,B,Y,CAL,10,26,-,-,5.850,H,-,E,Y,3,0,1,1,A,-,08,22107,,N,E,I,A,A,H,-,A,D,0,,,,,Y,,A,07,0,1,0,0,0,0,0,0,0,"- ","- ",38.136479999999999,-120.86535000000001,CALAVERAS,UNINCORPORATED,-120.86527258,38.13957216
6389598,2014,2014-06-18,9255,2014-02-15,0130,13401,,6,3,9,0500,0,2,4,,2,034,"RAILROAD FLAT RD","JESUS MARIA RD",1056.00,S,N,B,-,N,,,,,,,,,,N,4,0,1,1,A,-,08,22107,,N,E,I,A,A,H,-,D,D,0,,,,,Y,,A,01,0,0,1,0,0,0,0,0,0,"- ","- ",38.277670000000001,-120.50776999999999,CALAVERAS,UNINCORPORATED,-120.50531835,38.282109820000002
6390498,2014,2016-03-02,9255,2014-02-25,0735,19525,,2,1,9,0500,0,1,3,,1,020,"RT 49","GUN CLUB RD",528.00,S,N,A,-,Y,CAL,10,49,-,-,5.750,H,-,S,Y,4,0,2,1,A,-,05,21650,,N,E,I,A,A,H,-,A,D,0,,,,,Y,,D,22,0,0,2,0,0,0,0,0,0,"- ","- ",38.191319999999997,-120.67111,CALAVERAS,UNINCORPORATED,-120.53012699999999,38.049279239999997
6392716,2014,2016-03-05,9255,2014-02-23,1430,18873,,7,2,9,0500,0,1,3,,2,050,"RT 4","SPICER DAM RD",3000.00,W,N,A,-,Y,CAL,10,4,-,R,62.590,H,-,W,Y,3,0,2,1,A,-,08,22107,,N,E,J,A,A,H,-,A,D,0,,,,,Y,,D,22,0,1,1,0,0,0,0,0,0,"- ","- ",38.420720000000003,-120.08881,CALAVERAS,UNINCORPORATED,-120.08856532,38.420793490000001
6396866,2014,2014-06-20,9255,2014-03-02,2000,19643,,7,2,9,0500,0,3,5,,2,005,"SIERRA PKWY","MOJAVE DR",1056.00,S,N,A,-,N,,,,,,,,,,Y,2,0,1,1,A,-,08,22107,,N,E,I,A,B,H,-,D,D,0,,,,,Y,Y,D,22,1,0,0,0,0,0,0,0,0,"- ","- ",38.206580000000002,-120.3689,CALAVERAS,UNINCORPORATED,-120.26458780999999,38.303780830000001
6398977,2014,2016-02-24,9255,2014-02-27,1345,013556,,4,1,9,0500,0,1,3,,2,031,"RT 26","LOWER DORRAY RD",1056.00,E,N,B,C,Y,CAL,10,26,-,-,24.980,H,-,W,N,2,0,1,1,A,-,03,22350,,N,F,A,A,B,H,-,A,D,0,,,Y,,Y,,C,02,1,0,0,0,0,0,0,0,1,"- ","- ",38.340470000000003,-120.60722,CALAVERAS,UNINCORPORATED,-120.60751073,38.34035386
6398981,2014,2016-06-07,9255,2014-02-28,0800,018459,,5,1,9,0500,0,1,3,,1,020,"RT 49","CARSON HILL CT",1056.00,S,N,B,-,Y,CAL,10,49,-,-,2.970,H,-,N,Y,3,0,2,1,A,-,03,22350,,N,F,A,A,B,H,-,A,D,0,,,,,Y,,A,01,0,2,0,0,0,0,0,0,0,"- ","- ",38.016530000000003,-120.30418,CALAVERAS,UNINCORPORATED,-120.51304767000001,38.024406050000003
6398985,2014,2016-02-24,9255,2014-02-22,1255,018022,,6,1,9,0500,0,1,3,,1,011,"RT 26","ST ANDREWS RD",528.00,W,N,A,-,Y,CAL,10,26,-,-,8.900,H,-,E,Y,4,0,1,3,A,-,03,22350,,N,C,C,A,A,H,-,A,D,0,,,,,Y,,A,01,0,0,1,0,0,0,0,0,0,"- ","- ",38.173769999999998,-120.83378,CALAVERAS,UNINCORPORATED,-120.83367749999999,38.173849799999999
6401418,2014,2014-06-18,9255,2014-02-08,2000,16918,,6,2,9,0500,0,3,5,,2,001,"CAMPO SECO TPKE","RT 49",615.00,W,N,C,-,N,,,,,,,,,,N,2,0,1,1,A,-,03,22350,,N,H,A,A,B,H,-,D,D,0,,,Y,,Y,,C,06,1,0,0,0,0,0,0,0,1,"- ","- ",38.296999999999997,-120.71344999999999,CALAVERAS,UNINCORPORATED,-120.71238219999999,38.298335960000003
6405402,2014,2016-02-24,9255,2014-03-10,1000,016918,,1,1,9,0500,0,1,3,,2,031,"RT 26","AMA/CAL CO LINE",2640.00,W,N,B,-,Y,CAL,10,26,-,-,37.830,H,-,E,Y,3,0,1,1,A,-,08,22107,,N,E,I,A,B,H,-,A,D,0,,,,,Y,,D,22,0,1,0,0,0,0,0,0,0,"- ","- ",38.419370000000001,-120.54786,CALAVERAS,UNINCORPORATED,-120.54827494,38.419358719999998
6409088,2014,2016-02-25,9255,2014-03-17,1840,13401,,1,2,9,0500,0,1,3,,1,010,"RT 12","CENTRAL HILL RD",312.00,E,N,A,-,Y,CAL,10,12,-,-,16.550,H,-,E,Y,3,0,1,1,A,-,08,22107,,N,E,I,A,A,H,-,A,D,0,,,,,Y,,A,01,0,1,0,0,0,0,0,0,0,"- ","- ",38.114170000000001,-120.41357000000001,CALAVERAS,UNINCORPORATED,-120.72059049000001,38.200521420000001
6409113,2014,2015-10-02,9255,2014-03-14,2050,019389,,5,2,9,0500,0,3,5,,2,001,"BURSON RD","RT 12",4224.00,S,N,A,-,N,,,,,,,,,,Y,3,0,1,1,A,-,01,23152,A,N,F,A,A,A,H,-,D,D,0,,,,,Y,Y,A,01,0,1,0,0,0,0,0,0,0,"- ","- ",38.085160000000002,-120.36354,CALAVERAS,UNINCORPORATED,-120.89059865,38.171994609999999
6409114,2014,2016-03-05,9255,2014-03-12,0500,015546,,3,3,9,0500,0,1,3,,1,021,"RT 4","APPALOOSA RD",1056.00,W,N,A,-,Y,CAL,10,4,-,-,15.630,H,-,W,Y,4,0,1,1,A,-,05,21650,,N,E,I,A,A,H,-,D,D,0,,,,,Y,,A,01,0,0,1,0,0,0,0,0,0,"- ","- ",38.048290000000001,-120.63558999999999,CALAVERAS,UNINCORPORATED,-120.63467242,38.048837630000001
6411386,2014,2016-03-05,9255,2014-03-18,0827,016918,,2,1,9,0500,1,1,3,,1,010,"RT 12","DOUBLE SPRINGS RD",1949.00,E,N,A,-,Y,CAL,10,12,-,-,14.810,H,-,E,Y,3,0,1,2,A,-,05,21460,A,N,B,C,A,A,H,-,A,D,0,,,,Y,Y,,G,79,0,1,0,0,0,0,0,0,0,"- ","- ",38.21246,-120.74861,CALAVERAS,UNINCORPORATED,-120.74800197,38.212350999999998
6411394,2014,2014-06-26,9255,2014-03-13,1420,018736,,4,2,9,0500,1,3,5,,2,001,"GABOR ST","JENNY LIND RD",0.00,,Y,A,-,N,,,,,,,,,,N,4,0,1,1,C,-,18,,,N,H,A,A,A,H,-,A,D,0,,,,,Y,,-,"- ",0,0,1,0,0,0,0,0,0,"- ","- ",38.115900000000003,-120.87939,CALAVERAS,UNINCORPORATED,-120.87944988,38.11595999
6411398,2014,2014-06-26,9255,2014-03-13,1816,019389,,4,2,9,0500,0,3,5,,2,001,"CAMANCHE PKWY S","WILKINSON LN",250.00,S,N,A,-,N,,,,,,,,,,Y,2,0,1,1,A,-,01,23152,A,N,E,I,A,A,H,-,A,D,0,,,,,Y,Y,D,22,1,0,0,0,0,0,0,0,0,"- ","- ",38.212769999999999,-120.87887000000001,CALAVERAS,UNINCORPORATED,-120.87901604,38.213250729999999
6414378,2014,2014-06-26,9255,2014-03-02,0600,13401,,7,1,9,0500,0,3,5,,2,001,"MILTON RD","HUNT RD",5808.00,N,N,B,-,N,,,,,,,,,,Y,3,0,2,1,A,-,08,22107,,M,E,I,A,A,H,-,D,D,0,,,,,Y,,A,08,0,2,0,0,0,0,0,0,0,"- ","- ",38.115369999999999,-121.04477,CALAVERAS,UNINCORPORATED,-120.86060113000001,38.049317670000001
6414604,2014,2014-06-19,9255,2014-02-24,1250,19389,,1,1,9,0500,0,3,5,,2,003,"RAILROAD FLAT RD","RIDGE RD",1056.00,N,N,A,-,N,,,,,,,,,,N,3,0,1,1,C,-,18,,,N,H,H,A,A,H,-,A,D,0,,,,,Y,,-,"- ",0,1,0,0,0,0,0,0,0,"- ","- ",38.336219999999997,-120.51819,CALAVERAS,UNINCORPORATED,-120.51827968000001,38.336159090000002
6421011,2014,2016-02-24,9255,2014-03-08,1225,12129,,6,1,9,0500,0,1,3,,1,011,"RT 26","PALOMA RD",4752.00,W,N,A,-,Y,CAL,10,26,-,-,13.380,H,-,W,Y,3,0,1,1,A,-,08,22107,,M,E,I,A,A,H,-,A,D,0,,,Y,,Y,,C,02,0,1,0,0,0,0,0,0,1,"- ","- ",38.251959999999997,-120.75467,CALAVERAS,UNINCORPORATED,-120.75485595000001,38.251160429999999
6421188,2014,2014-07-03,9255,2014-03-08,1030,012129,,6,1,9,0500,0,2,4,,2,034,"MOUNTAIN RANCH RD","MARSHALL AV",0.00,,Y,A,-,N,,,,,,,,,,N,4,0,1,2,A,-,10,21950,A,M,G,B,B,A,H,-,A,D,0,Y,,,,Y,,A,01,0,0,1,0,1,0,0,0,0,"- ","- ",38.190519999999999,-120.67099,CALAVERAS,UNINCORPORATED,-120.67120988000001,38.190209930000002
6422064,2014,2016-03-05,9255,2014-03-09,0314,13401,,7,3,9,0500,0,1,3,,2,040,"RT 4","ANGELS RD",311.00,W,N,B,-,Y,CAL,10,4,-,-,25.560,H,-,E,Y,2,0,1,1,A,-,08,22107,,N,E,I,A,A,H,-,D,D,0,,,,,Y,,J,48,1,0,0,0,0,0,0,0,0,"- ","- ",38.090730000000001,-120.47703,CALAVERAS,UNINCORPORATED,-120.47761629999999,38.09108741
6427524,2014,2014-06-25,9255,2014-03-23,2320,018022,,7,3,9,0500,0,3,5,,2,002,"REEDS TURNPIKE","RANCH RD",528.00,W,N,A,-,N,,,,,,,,,,Y,3,0,1,1,A,-,01,23152,A,N,E,J,A,A,H,-,D,D,0,,,,,Y,Y,D,22,0,1,0,0,0,0,0,0,0,"- ","- ",37.974060000000001,-120.64749,CALAVERAS,UNINCORPORATED,-120.64664670000001,37.974179999999997
6432458,2014,2016-02-24,9255,2014-03-26,1705,019389,,3,2,9,0500,0,1,3,,1,011,"RT 26","HOGAN DAM RD",1056.00,W,N,C,-,Y,CAL,10,26,-,-,9.670,H,-,E,Y,4,0,1,1,A,-,01,23152,A,N,E,I,A,B,H,-,A,A,0,,,,,Y,Y,A,01,0,0,1,0,0,0,0,0,0,"- ","- ",38.183610000000002,-120.82581,CALAVERAS,UNINCORPORATED,-120.82613686000001,38.183055250000002
6433313,2014,2015-10-09,9255,2014-03-07,1755,18873,,5,2,9,0500,0,2,4,,1,041,"MURPHYS GRADE RD","UPPER FRENCH GULCH RD",7920.00,W,N,A,-,N,,,,,,,,,,Y,3,0,1,1,A,-,08,22107,,N,F,A,A,A,H,-,D,D,0,,,Y,,Y,,C,02,0,1,0,0,0,0,0,0,1,"- ","- ",38.108620000000002,-120.51382,CALAVERAS,UNINCORPORATED,-120.49057961,38.126792369999997
6436682,2014,2016-04-09,9255,2014-04-06,1530,020713,,7,2,9,0500,0,1,3,,1,020,"RT 49","SAN DOMINGO CREEK BRIDGE",4752.00,N,N,A,-,Y,CAL,10,49,-,-,13.440,H,-,S,Y,4,0,1,1,A,-,08,22107,,N,E,I,A,A,H,-,A,D,0,,,,,Y,,D,22,0,0,1,0,0,0,0,0,0,"- ","- ",38.123730000000002,-120.62738,CALAVERAS,UNINCORPORATED,-120.62732869,38.123712859999998
6436694,2014,2014-07-08,9255,2014-03-28,2000,013939,,5,2,9,0500,0,3,5,,2,001,"EBERHARDT DR","HARPER LN",0.00,,Y,A,-,N,,,,,,,,,,Y,3,0,1,1,A,-,01,23152,A,N,E,I,A,A,H,-,B,D,0,,,,,Y,Y,D,22,0,1,0,0,0,0,0,0,0,"- ","- ",38.174379999999999,-120.81819,CALAVERAS,UNINCORPORATED,-120.81816997,38.174439939999999
6438261,2014,2014-06-30,9255,2014-03-21,2150,13939,,5,2,9,0500,0,3,5,,2,004,"ALGIERS ST","SHEEP RANCH RD",320.00,E,N,A,-,N,,,,,,,,,,Y,3,0,1,1,A,-,05,21650,,F,E,I,A,A,H,-,D,D,0,,,,,Y,,A,01,0,1,0,0,0,0,0,0,0,"- ","- ",38.037889999999997,-120.62327000000001,CALAVERAS,UNINCORPORATED,-120.46691703,38.143141319999998
6445098,2014,2016-04-09,9255,2014-04-02,0705,15546,,3,1,9,0500,0,1,3,,2,040,"RT 4","DARBY RUSSELL RD",528.00,E,N,A,-,Y,CAL,10,4,-,-,35.090,H,-,W,Y,4,0,1,1,A,-,03,22350,,N,F,A,A,A,H,-,A,D,0,,,,,Y,,A,07,0,0,1,0,0,0,0,0,0,"- ","- ",38.104500000000002,-120.22539999999999,CALAVERAS,UNINCORPORATED,-120.38160265,38.179349690000002
6445177,2014,2016-01-29,9255,2014-03-31,1905,019643,,1,2,9,0500,0,1,3,,2,050,"RT 4","SHIREWOOD LN",130.00,E,N,A,D,Y,CAL,10,4,-,-,39.580,H,-,E,Y,4,0,2,2,A,-,03,22350,,N,A,C,A,C,H,-,B,D,0,,,,,Y,,A,07,0,0,2,0,0,0,0,0,0,"- ","- ",38.166069999999998,-120.41929,CALAVERAS,UNINCORPORATED,-120.36712146000001,38.233861539999999
6449787,2014,2016-04-09,9255,2014-04-01,0740,020713,,2,1,9,0500,0,1,3,,1,010,"RT 12","HILLCREST DR",233.00,E,N,C,-,Y,CAL,10,12,-,-,3.200,H,-,W,Y,4,0,1,1,A,-,08,22107,,N,E,I,A,B,H,-,A,D,0,,,,,Y,,A,01,0,0,1,0,0,0,0,0,0,"- ","- ",38.17765,-120.94687999999999,CALAVERAS,UNINCORPORATED,-120.94637459,38.17764451
6470530,2014,2016-04-14,9255,2014-04-29,1025,20713,,2,1,9,0500,0,1,3,,2,030,"RT 49","COURT ST",2.00,N,N,A,-,Y,CAL,10,49,-,-,19.490,H,-,S,Y,4,0,1,2,A,-,03,22350,,N,C,C,A,A,H,-,A,D,0,,,,,Y,,D,22,0,0,1,0,0,0,0,0,0,"- ","- ",38.196579999999997,-120.68227,CALAVERAS,UNINCORPORATED,-120.68233485,38.1966939
6471225,2014,2016-04-09,9255,2014-04-18,0130,19389,,5,3,9,0500,0,1,3,,2,040,"RT 4","PARROTS FERRY RD",29.00,W,N,A,-,Y,CAL,10,4,-,-,26.070,H,-,W,Y,4,0,1,1,A,-,01,23152,A,N,E,I,A,A,H,-,D,A,0,,,,,Y,Y,A,01,0,0,1,0,0,0,0,0,0,"- ","- ",38.095080000000003,-120.47194,CALAVERAS,UNINCORPORATED,-120.47176272,38.095004940000003
6471839,2014,2014-07-22,9255,2014-04-27,1250,20713,,7,1,9,0500,0,2,4,,2,034,"MOUNTAIN RANCH RD","ROCKY RD",2113.00,E,N,A,-,N,,,,,,,,,,Y,3,0,1,1,A,-,08,22107,,N,E,I,A,A,H,-,A,D,0,,,,,Y,,A,01,0,1,0,0,0,0,0,0,0,"- ","- ",38.190449999999998,-120.60608000000001,CALAVERAS,UNINCORPORATED,-120.60555296,38.190526409999997
6489881,2014,2014-08-08,9255,2014-06-11,0107,18459,,3,3,9,0500,0,3,5,,2,005,"EL DORADO DR","COUNTRY CLUB DR",0.00,W,N,A,-,N,,,,,,,,,,Y,3,0,1,1,A,-,01,23152,A,N,E,I,A,A,H,-,D,D,0,,,,,Y,Y,D,22,0,1,0,0,0,0,0,0,0,"- ","- ",38.242199999999997,-120.35784,CALAVERAS,UNINCORPORATED,-120.35780988,38.242239949999998
6491476,2014,2014-07-25,9255,2014-05-02,1635,13556,,5,2,9,0500,0,3,5,,2,002,"CONESTOGA TR","CANTLE RD",23.00,N,N,A,-,N,,,,,,,,,,Y,4,0,1,2,A,-,05,21650,,N,A,C,A,A,H,-,A,D,0,,,,,Y,,A,01,0,0,1,0,0,0,0,0,0,"- ","- ",37.97983,-120.6936,CALAVERAS,UNINCORPORATED,-120.69351826,37.97991382
6491484,2014,2016-04-09,9255,2014-05-01,1118,16918,,4,1,9,0500,0,1,3,,1,011,"RT 26","HEINEMANN DR",1157.00,W,N,A,-,Y,CAL,10,26,-,-,6.930,H,-,W,Y,3,0,1,1,A,-,08,22107,,N,F,A,A,A,H,-,A,D,0,,,,,Y,,A,07,0,1,0,0,0,0,0,0,0,"- ","- ",38.152839999999998,-120.85559000000001,CALAVERAS,UNINCORPORATED,-120.85519802,38.153095090000001
6493142,2014,2015-02-11,9255,2014-05-18,1515,016918,,7,2,9,0500,0,1,3,,1,010,"RT 12","TOLL BRIDGE RD",100.00,E,N,A,-,Y,CAL,10,12,-,-,17.350,H,-,W,Y,3,0,4,2,A,-,03,22350,,N,B,C,A,A,H,-,A,D,0,,,,,Y,,D,22,0,1,3,0,0,0,0,0,0,"- ","- ",38.207009999999997,-120.70985,CALAVERAS,UNINCORPORATED,-120.70987435000001,38.207041439999998
6493486,2014,2016-04-09,9255,2014-05-20,1740,18873,,2,2,9,0500,0,1,3,,1,021,"RT 4","HUNT RD",136.00,E,N,B,-,Y,CAL,10,4,-,R,14.040,H,-,E,Y,3,0,1,1,A,-,01,23152,A,N,E,I,A,A,H,-,A,D,0,,,,,Y,Y,D,22,0,1,0,0,0,0,0,0,0,"- ","- ",38.259999999999998,-120.38590000000001,CALAVERAS,UNINCORPORATED,-120.64962868000001,38.035666139999996
6497433,2014,2016-04-09,9255,2014-05-25,2345,019389,,7,3,9,0500,0,1,3,,2,050,"RT 4","UPPER MORAN RD",192.00,W,N,A,-,Y,CAL,10,4,-,R,42.390,H,-,W,Y,3,0,1,1,A,-,08,22107,,N,E,I,A,A,H,-,D,D,0,,,,,Y,,D,22,0,1,0,0,0,0,0,0,0,"- ","- ",38.264850000000003,-120.33459000000001,CALAVERAS,UNINCORPORATED,-120.33664996,38.262700670000001
6501320,2014,2014-07-28,9255,2014-05-14,1100,013556,,3,1,9,0500,0,2,4,,1,022,"OBYRNES FERRY RD","SANGUINETTI RD",7392.00,S,N,A,-,N,,,,,,,,,,Y,4,0,1,1,A,-,08,22107,,N,E,I,A,A,H,-,A,D,0,,,,,Y,,A,01,0,0,1,0,0,0,0,0,0,"- ","- ",37.897770000000001,-120.57773,CALAVERAS,UNINCORPORATED,-120.57557518,37.89650932
6501347,2014,2014-07-28,9255,2014-05-10,1410,018776,,6,2,9,0500,0,3,5,,2,002,"POOL STATION RD","RIATA WY",350.00,S,N,A,-,N,,,,,,,,,,N,2,0,1,1,A,-,08,22107,,N,F,A,A,A,H,-,A,D,0,,,Y,,Y,,C,02,1,0,0,0,0,0,0,0,1,"- ","- ",38.091500000000003,-120.66414,CALAVERAS,UNINCORPORATED,-120.66409255000001,38.091520029999998
6501351,2014,2014-07-28,9255,2014-05-11,1105,020713,,7,1,9,0500,0,3,5,,2,003,"JESUS MARIA RD","HUGHES RANCH RD",1584.00,S,N,A,-,N,,,,,,,,,,Y,4,0,2,2,A,-,17,21662,A,N,A,C,A,A,E,-,A,D,0,,,,,Y,,A,01,0,0,2,0,0,0,0,0,0,"- ","- ",38.284950000000002,-120.62132,CALAVERAS,UNINCORPORATED,-120.62256575000001,38.287713449999998
6501497,2014,2016-04-14,9255,2014-05-09,1518,016918,,5,2,9,0500,0,1,3,,2,030,"RT 49","O CONNELL LN",100.00,S,N,A,-,Y,CAL,10,49,-,-,17.580,H,-,N,Y,2,0,1,1,A,-,08,22107,,N,F,A,A,A,H,-,A,D,0,,,,,Y,,A,01,1,0,0,0,0,0,0,0,0,"- ","- ",38.175190000000001,-120.66101999999999,CALAVERAS,UNINCORPORATED,-120.66124388999999,38.175332339999997
6501501,2014,2016-04-09,9255,2014-05-15,0820,019643,,4,1,9,0500,0,1,3,,2,031,"RT 26","MONTGOMERY DR",290.00,E,N,A,-,Y,CAL,10,26,-,-,20.700,H,-,W,Y,2,0,1,1,A,-,08,22107,,N,E,I,A,A,H,-,A,D,0,,,Y,,Y,,C,02,1,0,0,0,0,0,0,0,1,"- ","- ",37.30742,-120.66865,CALAVERAS,UNINCORPORATED,-120.66805001,38.308298120000003
6501505,2014,2016-04-14,9255,2014-05-12,1230,020713,,1,1,9,0500,0,1,3,,2,030,"RT 49","O CONNELL LN",163.00,S,N,A,-,Y,CAL,10,49,-,-,17.560,H,-,N,Y,4,0,3,2,A,-,09,21804,A,N,D,C,A,A,H,-,A,D,0,,,,,Y,,A,01,0,0,3,0,0,0,0,0,0,"- ","- ",37.175409999999999,-120.66144,CALAVERAS,UNINCORPORATED,-120.66095558000001,38.175153119999997
6502759,2014,2016-04-09,9255,2014-05-15,2239,017324,,4,3,9,0500,0,1,3,,2,030,"RT 49","UNION MINE RD",787.00,S,N,A,-,Y,CAL,10,49,-,-,15.920,H,-,N,Y,3,0,2,1,A,-,01,23152,A,N,F,A,A,A,H,-,D,D,0,,,,,Y,Y,A,07,0,2,0,0,0,0,0,0,0,"- ","- ",38.158259999999999,-120.64641,CALAVERAS,UNINCORPORATED,-120.64381568,38.156028300000003
6502760,2014,2016-04-14,9255,2014-05-16,2010,013939,,5,2,9,0500,0,1,3,,2,030,"RT 49","RT 12",0.00,,Y,A,-,Y,CAL,10,12,-,-,18.200,I,5,W,Y,4,0,2,2,A,-,09,21802,A,N,D,C,A,A,H,-,B,A,0,,,,,Y,,A,01,0,0,2,0,0,0,0,0,0,"- ","- ",38.204129999999999,-120.69687999999999,CALAVERAS,UNINCORPORATED,-120.697377,38.204854109999999
6503191,2014,2016-04-09,9255,2014-05-23,1915,013556,,5,2,9,0500,0,1,3,,1,021,"RT 4","POOL STATION RD",1584.00,W,N,A,-,Y,CAL,10,4,-,R,14.400,H,-,W,Y,3,0,1,1,A,-,08,22107,,N,E,I,A,A,H,-,A,A,0,,,,,Y,,A,07,0,1,0,0,0,0,0,0,0,"- ","- ",38.039589999999997,-120.64771,CALAVERAS,UNINCORPORATED,-120.64785615,38.040251349999998
6508724,2014,2014-07-31,9255,2014-05-23,0855,16918,,5,1,9,0500,0,3,5,,2,001,"VISTA DEL LAGO DR","GOLDEN WEST CT",0.00,,Y,A,-,N,,,,,,,,,,Y,4,0,1,2,A,-,09,21800,A,N,D,C,A,A,H,-,A,A,0,,,,,Y,,A,01,0,0,1,0,0,0,0,0,0,"- ","- ",38.167789999999997,-120.83784,CALAVERAS,UNINCORPORATED,-120.83783997,38.167779969999998
6509722,2014,2016-04-09,9255,2014-05-31,1600,12954,,6,2,9,0500,0,1,3,,1,021,"RT 4","WATERMAN CREEK BR",210.00,E,N,A,-,Y,CAL,10,4,-,-,16.990,H,-,E,Y,4,0,1,1,A,-,08,22107,,N,F,A,A,A,H,-,A,A,0,,,,,Y,,A,07,0,0,1,0,0,0,0,0,0,"- ","- ",38.061520000000002,-120.61921,CALAVERAS,UNINCORPORATED,-120.61929991,38.061315
6510714,2014,2016-04-09,9255,2014-06-07,0215,13939,,6,3,9,0500,0,1,3,,2,040,"RT 4","STRAWBERRY HILL RD",1584.00,E,N,A,-,Y,CAL,10,4,-,-,32.460,H,-,E,Y,3,0,1,1,A,-,01,23152,A,N,F,A,A,A,H,-,D,D,0,,,,,Y,Y,A,07,0,1,0,0,0,0,0,0,0,"- ","- ",38.165059999999997,-120.42241,CALAVERAS,UNINCORPORATED,-120.42236123000001,38.165135829999997
6510718,2014,2016-04-09,9255,2014-06-01,0400,13939,,7,3,9,0500,0,1,3,,2,040,"RT 4","ANSIL DAVIS RD",790.00,W,N,A,-,Y,CAL,10,4,-,-,27.880,H,-,E,Y,3,0,4,1,A,-,05,21650,,N,E,I,A,A,H,-,D,D,0,,,,,Y,,A,01,0,4,0,0,0,0,0,0,0,"- ","- ",38.11741,-120.45237,CALAVERAS,UNINCORPORATED,-120.45344055,38.115643939999998
6511995,2014,2016-04-09,9255,2014-06-08,2315,019525,,7,3,9,0500,0,1,3,,1,021,"RT 4","STALLION WY",10560.00,E,N,A,-,Y,CAL,10,4,-,-,18.770,H,-,E,Y,4,0,1,1,A,-,01,23152,A,N,E,I,A,A,H,-,D,D,0,,,,,Y,Y,A,07,0,0,1,0,0,0,0,0,0,"- ","- ",38.066519999999997,-120.60142999999999,CALAVERAS,UNINCORPORATED,-120.59482384,38.069038429999999
6512112,2014,2015-12-21,9255,2014-05-17,1420,020713,,6,2,9,0500,0,3,5,,2,004,"OLD VALLECITO RD","RT 4",223.00,S,N,A,-,N,,,,,,,,,,Y,3,0,1,1,A,-,03,22350,,N,E,I,A,A,H,-,A,D,0,,,Y,,Y,,C,02,0,1,0,0,0,0,0,0,1,"- ","- ",38.079009999999997,-120.52683,CALAVERAS,UNINCORPORATED,-120.53838193,38.068285359999997
6513686,2014,2014-08-11,9255,2014-06-13,0030,019643,,5,3,9,0500,0,3,5,,2,001,"HOGAN DAM RD","QUARTZ HILL DR",2640.00,W,N,A,-,N,,,,,,,,,,N,2,0,1,1,A,-,03,22350,,N,E,I,A,A,H,-,D,D,0,,,Y,,Y,,C,02,1,0,0,0,0,0,0,0,1,"- ","- ",38.11591,-120.79479000000001,CALAVERAS,UNINCORPORATED,-120.79300977,38.116725940000002
6513690,2014,2016-04-13,9255,2014-06-07,2130,013939,,6,2,9,0500,0,1,3,,2,050,"RT 4","CABBAGE PATCH MAINT STATION",2640.00,W,N,A,-,Y,CAL,10,4,-,R,55.550,H,-,W,N,4,0,1,1,C,-,18,,,N,H,H,A,A,H,-,D,D,0,,,Y,,Y,,-,"- ",0,0,1,0,0,0,0,0,1,"- ","- ",38.412889999999997,-120.13648000000001,CALAVERAS,UNINCORPORATED,-120.18677443999999,38.381020069999998
6514549,2014,2014-08-12,9255,2014-06-08,1511,13401,,7,2,9,0500,0,3,5,,2,001,"WATERTOWN RD","PALOMA RD",1056.00,N,N,A,-,N,,,,,,,,,,Y,3,0,2,2,A,-,01,23152,A,N,A,C,A,A,H,-,A,D,0,,,,,Y,Y,D,22,0,2,0,0,0,0,0,0,0,"- ","- ",38.54777,-120.43357,CALAVERAS,UNINCORPORATED,-120.82656821,38.20633205
6516878,2014,2016-04-09,9255,2014-06-21,2300,018459,,6,3,9,0500,0,1,3,,2,040,"RT 4","MAIN ST",100.00,W,N,A,-,Y,CAL,10,4,-,-,27.480,H,-,E,N,2,0,1,1,A,-,03,22350,,N,F,A,A,A,H,-,C,D,0,,,Y,,Y,,C,02,1,0,0,0,0,0,0,0,1,"- ","- ",38.135860000000001,-120.45628000000001,CALAVERAS,UNINCORPORATED,-120.458049,38.111541860000003
6517703,2014,2015-09-21,9255,2014-06-02,1515,019389,,1,2,9,0500,0,1,3,,2,030,"RT 49","RT 12",0.00,,Y,A,-,Y,CAL,10,12,-,-,18.200,I,5,W,Y,4,0,1,2,A,-,09,21802,A,N,D,C,A,A,H,-,A,A,0,,,,,Y,,A,01,0,0,1,0,0,0,0,0,0,"- ","- ",38.204970000000003,-120.69732,CALAVERAS,UNINCORPORATED,-120.697377,38.204854109999999
6521563,2014,2016-04-09,9255,2014-05-05,0145,018873,,1,3,9,0500,0,1,3,,1,010,"RT 12","RT 26",4224.00,W,N,A,-,Y,CAL,10,12,-,-,9.120,H,-,E,Y,2,0,1,1,A,-,08,22107,,N,E,I,A,A,H,-,D,D,0,,,,,Y,,A,07,1,0,0,0,0,0,0,0,0,"- ","- ",38.184840000000001,-120.83913,CALAVERAS,UNINCORPORATED,-120.84061672,38.184596569999997
6523457,2014,2014-08-07,9255,2014-05-31,2105,13939,,6,2,9,0500,0,2,4,,2,034,"RAILROAD FLAT RD","BLAGEN BL",145.00,N,N,A,-,N,,,,,,,,,,Y,3,0,2,1,A,-,08,22107,,F,E,I,A,A,H,-,D,D,0,,,,,Y,,A,01,0,2,0,0,0,0,0,0,0,"- ","- ",38.225709999999999,-120.82064,CALAVERAS,UNINCORPORATED,-120.51390000000001,38.37876
6523461,2014,2014-08-08,9255,2014-06-08,1310,13401,,7,1,9,0500,0,2,4,,1,022,"OBYRNES FERRY RD","REEDS TPKE",1056.00,S,N,A,-,N,,,,,,,,,,Y,3,0,1,2,A,-,09,21801,A,N,A,C,A,A,H,-,A,D,0,,,,,Y,,A,01,0,1,0,0,0,0,0,0,0,"- ","- ",37.583370000000002,-120.38977,CALAVERAS,UNINCORPORATED,-120.63488245000001,37.975360719999998
6523465,2014,2015-02-11,9255,2014-06-09,1824,18459,,1,2,9,0500,0,1,3,,1,010,"RT 12","SAN JOAQUIN CO LINE",504.00,E,N,A,-,Y,CAL,10,12,-,-,0.100,H,-,W,Y,3,0,1,1,A,-,08,22107,,N,F,A,A,A,H,-,A,D,0,,,,,Y,,A,07,0,1,0,0,0,0,0,0,0,"- ","- ",38.204509999999999,-120.98581,CALAVERAS,UNINCORPORATED,-120.98537318,38.204224109999998
6523847,2014,2014-08-05,9255,2014-05-11,0335,019389,,7,3,9,0500,0,3,5,,2,003,"CALAVERITAS RD","FRICOT CITY RD",1056.00,W,N,A,-,N,,,,,,,,,,Y,3,0,1,1,A,-,01,23152,A,N,E,I,A,A,H,-,D,D,0,,,,,Y,Y,A,01,0,1,0,0,0,0,0,0,0,"- ","- ",38.151809999999998,-120.60099,CALAVERAS,UNINCORPORATED,-120.59754,38.152059999999999
6523974,2014,2014-07-21,9255,2014-04-28,1805,017324,,1,2,9,0500,0,3,5,,2,005,"BULLWACKER RUN","MANUEL RD",37.00,E,N,A,-,N,,,,,,,,,,N,3,0,1,1,A,-,01,23152,A,N,E,J,A,A,A,-,A,D,0,,,,,Y,Y,A,07,0,1,0,0,0,0,0,0,0,"- ","- ",38.257980000000003,-120.35239,CALAVERAS,UNINCORPORATED,-120.35228367000001,38.258033619999999
6527307,2014,2016-04-09,9255,2014-04-26,1339,017324,,6,1,9,0500,0,1,3,,1,020,"RT 49","SAN DOMINGO CREEK",715.00,N,N,A,-,Y,CAL,10,49,-,-,12.680,H,-,N,Y,4,0,1,1,A,-,03,22350,,N,F,A,A,A,H,-,A,D,0,,,Y,,Y,,C,02,0,0,1,0,0,0,0,0,1,"- ","- ",38.11636,-120.61752,CALAVERAS,UNINCORPORATED,-120.61727057,38.11620027
6529301,2014,2015-04-04,9255,2014-06-18,1730,14939,,3,2,9,0500,0,1,3,,2,031,"RT 26","ASSOCIATED OFFICE RD",528.00,W,N,A,-,Y,CAL,10,26,-,-,32.470,H,-,E,Y,3,0,1,1,A,-,08,22107,,F,E,I,A,A,H,-,A,D,0,,,,,Y,Y,A,01,0,1,0,0,0,0,0,0,0,"- ","- ",38.165059999999997,-120.42241,CALAVERAS,UNINCORPORATED,-120.53674889,38.379182919999998
6530415,2014,2014-08-06,0501,2014-05-09,1309,217,ANGEL,5,5,2,0501,0,0,0,,0,00B,"MARK TWAIN RD","PACIFIC AV",19.00,E,N,A,-,N,,,,,,,,,,N,2,0,1,2,A,-,03,22350,,N,A,G,A,A,H,-,A,A,0,,Y,,,Y,,L,04,1,0,0,0,0,0,1,0,0,"- ","- ",,,CALAVERAS,"ANGELS CAMP",-120.54764628,38.073914770000002
6530447,2014,2016-04-09,0501,2014-05-16,0936,220,CALAV,5,5,2,0501,0,0,0,,0,,"S MAIN ST","MURPHYS GRADE RD",236.00,N,N,A,-,Y,CAL,10,49,-,-,8.370,H,-,N,Y,4,0,1,2,A,-,03,22350,,N,C,C,A,A,H,-,A,A,0,,,,,Y,,A,01,0,0,1,0,0,0,0,0,0,"- ","- ",,,CALAVERAS,"ANGELS CAMP",-120.55484061,38.079704030000002
6530782,2014,2015-12-21,9255,2014-06-20,0735,13556,,5,1,9,0500,0,1,3,,1,021,"RT 4","BONANZA MINE RD",1584.00,W,N,A,-,N,,,4,,,,,,,Y,3,0,3,2,A,-,03,22350,,N,B,C,A,A,H,-,A,D,0,,,,,Y,,B,07,0,2,1,0,0,0,0,0,0,"- ","- ",38.015270000000001,-120.64443,CALAVERAS,UNINCORPORATED,-120.64441123,38.015263830000002
6530786,2014,2014-08-13,9255,2014-06-21,1930,013939,,6,2,9,0500,0,3,5,,2,003,"RIDGE RD","RAILROAD FLAT RD",2640.00,W,N,A,-,N,,,,,,,,,,Y,3,0,3,2,A,-,03,22350,,N,C,D,A,A,H,-,A,D,0,,,,Y,Y,,A,01,0,3,0,0,0,0,0,0,0,"- ","- ",38.309890000000003,-120.72257999999999,CALAVERAS,UNINCORPORATED,-120.52785312,38.335998230000001
6531043,2014,2015-02-04,9255,2014-06-22,1000,13401,,7,1,9,0500,0,1,3,,2,030,"RT 49","CHURCH HILL RD",0.00,,Y,A,-,Y,CAL,10,49,-,-,19.412,I,5,S,N,3,0,1,2,A,-,"- ",,,N,D,C,A,A,H,-,A,D,0,,,Y,,Y,,C,02,0,1,0,0,0,0,0,0,1,"- ","- ",38.112369999999999,-120.40187,CALAVERAS,UNINCORPORATED,-120.68091330999999,38.196183730000001
6531047,2014,2015-02-04,9255,2014-06-21,1655,13939,,6,2,9,0500,0,1,3,,2,030,"RT 49","AMADOR CO LINE",528.00,S,N,A,-,Y,CAL,10,49,-,-,30.550,H,-,N,Y,3,0,1,1,A,-,08,22107,,N,F,A,A,A,H,-,A,D,0,,,Y,,Y,,C,02,0,1,0,0,0,0,0,0,1,"- ","- ",38.338230000000003,-120.54441,CALAVERAS,UNINCORPORATED,-120.72346181,38.309261120000002
6531099,2014,2014-08-09,9255,2014-06-12,2345,18459,,4,3,9,0500,0,3,5,,2,001,"BALDWIN ST","TREOSTI PL",1056.00,N,N,A,-,N,,,,,,,,,,Y,3,0,1,1,A,-,08,22107,,N,E,J,A,A,H,-,D,D,0,,,,,Y,,A,01,0,1,0,0,0,0,0,0,0,"- ","- ",38.074579999999997,-120.50861,CALAVERAS,UNINCORPORATED,-120.86416964999999,38.140950359999998
6531103,2014,2015-02-04,9255,2014-06-17,0100,19525,,2,3,9,0500,0,1,3,,2,030,"RT 49","ELECTRA RD",1584.00,S,N,A,-,Y,CAL,10,49,-,-,30.770,H,-,S,Y,3,0,3,1,A,-,08,22107,,N,F,A,A,A,H,-,D,D,0,,,,,Y,,A,01,0,1,2,0,0,0,0,0,0,"- ","- ",38.309440000000002,-120.72265,CALAVERAS,UNINCORPORATED,-120.72062253,38.311320219999999
6531791,2014,2016-04-09,9255,2014-06-26,1140,19389,,4,1,9,0500,0,1,3,,1,011,"RT 26","HOGAN DAM RD",171.00,E,N,A,-,Y,CAL,10,26,-,-,9.890,H,-,W,Y,4,0,2,2,A,-,03,22350,,N,C,C,A,A,H,-,A,D,0,,,,,Y,,D,22,0,0,2,0,0,0,0,0,0,"- ","- ",38.186750000000004,-120.82575,CALAVERAS,UNINCORPORATED,-120.82552602,38.186244100000003
6533008,2014,2016-03-02,0501,2014-03-22,1208,221,,6,5,2,0501,0,0,0,,0,,"RT 49","CLIFTON LN",21.00,N,N,A,-,Y,CAL,10,49,-,-,8.850,H,-,N,N,4,0,1,2,A,-,09,21804,A,N,B,C,A,A,H,-,A,D,0,,,,,Y,,A,01,0,0,1,0,0,0,0,0,0,"- ","- ",,,CALAVERAS,"ANGELS CAMP",-120.56162913999999,38.084375459999997
6533079,2014,2014-07-24,0501,2014-04-28,1707,220,CALAV,1,5,2,0501,0,0,0,,0,,"STANISLAUS AV","ONEIDA ST",0.00,,Y,A,-,N,,,,,,,,,,N,2,0,1,2,A,-,05,21460,A,N,G,G,A,A,D,-,B,A,0,,Y,,,Y,,A,01,1,0,0,0,0,0,1,0,0,"- ","- ",,,CALAVERAS,"ANGELS CAMP",-120.55011989,38.075629990000003
6533713,2014,2014-08-20,9255,2014-06-04,2015,19643,,3,2,9,0500,0,2,4,,2,034,"RAILROAD FLAT RD","CEDAR SPRINGS RD",291.00,S,N,A,-,N,,,,,,,,,,Y,3,0,1,1,A,-,01,23152,A,N,E,I,A,A,H,-,B,D,0,,,,,Y,Y,D,22,0,1,0,0,0,0,0,0,0,"- ","- ",38.259300000000003,-120.51985000000001,CALAVERAS,UNINCORPORATED,-120.51957839000001,38.25943642
6533890,2014,2014-08-18,9255,2014-06-18,1730,019643,,3,2,9,0500,0,3,5,,2,004,"CAMP NINE RD","AVERY  RANCH CAM 9 RD",0.00,,Y,A,-,N,,,,,,,,,,Y,2,0,2,1,A,-,01,23152,A,N,E,I,A,A,H,-,A,D,0,,,,,Y,Y,A,01,1,1,0,0,0,0,0,0,0,"- ","- ",38.124839999999999,-120.3852,CALAVERAS,UNINCORPORATED,-120.38535899999999,38.124791999999999
6539475,2014,2016-04-09,0501,2014-06-10,1048,220,CALAV,2,5,2,0501,0,0,0,,0,,"RT 49","RAMORINI LN",48.00,S,N,A,-,Y,CAL,10,49,-,-,6.700,H,-,S,Y,2,0,1,1,A,-,08,22107,,N,E,I,A,A,H,-,A,A,0,,,,,Y,,A,07,1,0,0,0,0,0,0,0,0,"- ","- ",,,CALAVERAS,"ANGELS CAMP",-120.53694508,38.061630729999997
6541530,2014,2016-04-28,9255,2014-07-30,1608,016918,,3,2,9,0500,0,1,3,,1,010,"RT 12","BURSON RD",650.00,E,N,A,-,Y,CAL,10,12,-,-,6.420,H,-,W,Y,3,0,3,2,A,-,03,22350,,N,C,C,A,A,H,-,A,D,0,,,,,Y,,D,22,0,1,2,0,0,0,0,0,0,"- ","- ",38.183590000000002,-120.88921999999999,CALAVERAS,UNINCORPORATED,-120.8882868,38.183463609999997
6541607,2014,2016-04-28,9255,2014-07-30,0725,016918,,3,1,9,0500,0,1,3,,1,011,"RT 26","ST ANDREWS DR",0.00,,Y,A,-,Y,CAL,10,26,-,-,8.995,I,5,W,Y,4,0,4,2,A,-,03,22350,,N,C,C,A,A,H,-,A,D,0,,,,,Y,,A,01,0,0,4,0,0,0,0,0,0,"- ","- ",38.173969999999997,-120.83329000000001,CALAVERAS,UNINCORPORATED,-120.83259940000001,38.174877100000003
6541611,2014,2016-04-28,9255,2014-07-29,1730,018022,,2,2,9,0500,0,1,3,,1,011,"RT 26","HAGEN CT",300.00,W,N,A,-,Y,CAL,10,26,-,-,5.540,H,-,W,Y,3,0,1,1,A,-,03,22350,,N,F,A,A,A,H,-,A,D,0,,,Y,,Y,,C,02,0,1,0,0,0,0,0,0,1,"- ","- ",38.13541,-120.86812,CALAVERAS,UNINCORPORATED,-120.86803064999999,38.135689200000002
6547264,2014,2016-04-09,9255,2014-06-29,1530,018873,,7,2,9,0500,0,1,3,,2,031,"RT 26","JOJOBA LN",400.00,W,N,A,-,Y,CAL,10,26,-,-,20.490,H,-,W,Y,2,0,1,2,A,-,"- ",,,F,E,I,A,A,H,-,A,D,0,,,,,Y,,A,01,1,0,0,0,0,0,0,0,0,"- ","- ",,,CALAVERAS,UNINCORPORATED,-120.66889214,38.30548203
6547266,2014,2016-04-09,9255,2014-06-26,0015,013939,,4,3,9,0500,0,1,3,,1,010,"RT 12","SAWMILL ST",0.00,,Y,A,-,Y,CAL,10,12,-,-,0.820,H,-,W,Y,2,0,1,1,A,-,01,23152,A,N,E,I,A,A,H,-,C,D,0,,,,,Y,Y,D,22,1,0,0,0,0,0,0,0,0,"- ","- ",38.194870000000002,-120.97893000000001,CALAVERAS,UNINCORPORATED,-120.97887858999999,38.1948984
6548520,2014,2016-04-09,9255,2014-06-30,1500,19389,,1,2,9,0500,0,1,3,,2,031,"RT 26","SPORT HILL RD",171.00,W,N,A,-,Y,CAL,10,26,-,-,19.060,H,-,W,Y,4,0,1,2,A,-,03,22350,,N,C,C,A,A,D,-,A,A,0,,,,,Y,,D,22,0,0,1,0,0,0,0,0,0,"- ","- ",38.301360000000003,-120.69159999999999,CALAVERAS,UNINCORPORATED,-120.69181364000001,38.301516980000002
6549237,2014,2014-08-14,9255,2014-06-28,2155,19643,,6,2,9,0500,0,2,4,,1,022,"OBYRNES FERRY RD","ENTRANCE TO LAKE TULLOCH RESORT",300.00,N,N,A,-,N,,,,,,,,,,Y,3,0,4,1,A,-,08,22107,,N,F,A,A,A,H,-,D,D,0,,,,,Y,,A,08,0,4,0,0,0,0,0,0,0,"- ","- ",37.896250000000002,-120.5752,CALAVERAS,UNINCORPORATED,,
6549542,2014,2014-08-22,9255,2014-07-07,2020,18459,,1,2,9,0500,0,3,5,,2,001,"LIME CREEK RD","S PETERSBURG RD",1056.00,W,N,B,-,N,,,,,,,,,,Y,3,0,1,1,A,-,08,22107,,N,E,I,A,A,H,-,B,D,0,,,,,Y,,A,01,0,1,0,0,0,0,0,0,0,"- ","- ",38.194589999999998,-120.80257,CALAVERAS,UNINCORPORATED,-120.81013294,38.19255399
6549996,2014,2016-04-28,9255,2014-06-01,0750,13401,,7,1,9,0500,0,1,3,,1,011,"RT 26","PENROD RD",511.00,E,N,A,-,Y,CAL,10,26,-,-,2.200,H,-,E,Y,3,0,1,1,A,-,08,22107,,N,E,I,A,A,H,-,A,D,0,,,,,Y,,A,07,0,1,0,0,0,0,0,0,0,"- ","- ",38.910769999999999,-120.50467,CALAVERAS,UNINCORPORATED,-120.90862902000001,38.107893079999997
6550726,2014,2016-04-13,9255,2014-06-29,2005,013939,,7,2,9,0500,0,1,3,,1,010,"RT 12","SOUTHWORTH RD",3168.00,W,N,A,-,Y,CAL,10,12,-,-,1.850,H,-,W,Y,3,0,3,2,A,-,05,21650,,N,B,C,A,A,D,-,A,D,0,,,,Y,Y,,A,01,0,2,1,0,0,0,0,0,0,"- ","- ",38.183480000000003,-120.96897,CALAVERAS,UNINCORPORATED,-120.96924204,38.183641080000001
6551357,2014,2016-04-28,9255,2014-07-10,1730,013939,,4,2,9,0500,0,1,3,,1,010,"RT 12","WARD AV",0.00,,Y,A,-,Y,CAL,10,12,-,-,0.910,H,-,E,Y,3,0,1,1,A,-,01,23152,A,N,E,I,A,A,H,-,A,D,0,,,,,Y,Y,D,22,0,1,0,0,0,0,0,0,0,"- ","- ",38.197470000000003,-120.09811000000001,CALAVERAS,UNINCORPORATED,-120.97760624,38.19412209
6557257,2014,2014-08-14,9255,2014-06-21,1521,018776,,6,2,9,0500,0,3,5,,2,100,"NEW HOGAN PKWY","HOGAN DAM RD",1584.00,E,N,A,-,N,,,,,,,,,,Y,2,0,1,1,A,-,01,23152,A,N,E,I,A,A,H,-,A,D,0,,,,,Y,Y,A,01,1,0,0,0,0,0,0,0,0,"- ","- ",38.172750000000001,-120.79886,CALAVERAS,UNINCORPORATED,-120.80804988,38.176444699999998
6558592,2014,2014-08-13,9255,2014-06-29,1850,020713,,7,2,9,0500,0,2,4,,2,034,"RAILROAD FLAT RD","SHEEP RANCH RD",845.00,N,N,A,-,N,,,,,,,,,,Y,3,0,1,1,A,-,01,23152,F,N,E,I,A,A,H,-,A,D,0,,,,,Y,Y,A,01,0,1,0,0,0,0,0,0,0,"- ","- ",38.244579999999999,-120.51727,CALAVERAS,UNINCORPORATED,-120.51762179000001,38.245480149999999
6558651,2014,2014-08-25,9255,2014-07-06,1750,020713,,7,2,9,0500,0,3,5,,2,004,"SIX MILE RD","ALGIERS ST",4224.00,S,N,A,-,N,,,,,,,,,,Y,2,0,2,1,A,-,01,23152,A,N,F,A,A,A,H,-,A,D,0,,,,,Y,Y,A,07,1,1,0,0,0,0,0,0,0,"- ","- ",,,CALAVERAS,UNINCORPORATED,-120.46483633,38.124146070000002
6558663,2014,2016-04-28,9255,2014-07-07,1540,018873,,1,2,9,0500,0,1,3,,1,010,"RT 12","RT 26",0.00,,Y,A,-,Y,CAL,10,12,-,-,9.927,I,5,E,Y,4,0,1,2,A,-,09,21802,A,N,D,C,A,A,H,-,A,A,0,,,Y,,Y,,-,"- ",0,0,1,0,0,0,0,0,1,"- ","- ",38.19153,-120.82899,CALAVERAS,UNINCORPORATED,-120.82903786999999,38.191568760000003
6559948,2014,2014-08-21,9255,2014-07-09,1525,19389,,3,2,9,0500,0,3,5,,2,001,"HARTVICKSON LN","DUNN RD",121.00,S,N,A,-,N,,,,,,,,,,Y,4,0,2,3,A,-,03,22350,,N,C,C,A,A,H,-,A,D,0,,,,,Y,,A,07,0,0,2,0,0,0,0,0,0,"- ","- ",38.153930000000003,-120.84057,CALAVERAS,UNINCORPORATED,-120.8406226,38.153925899999997
6560012,2014,2014-08-20,9255,2014-07-03,1935,013939,,4,2,9,0500,0,3,5,,2,100,"HOGAN DAM RD","SILVER RAPIDS RD",245.00,S,N,A,-,N,,,,,,,,,,Y,2,0,1,1,A,-,08,22107,,N,E,I,A,A,H,-,A,D,0,,,,,Y,,A,07,1,0,0,0,0,0,0,0,0,"- ","- ",38.147849999999998,-120.82545,CALAVERAS,UNINCORPORATED,-120.82551662,38.147959630000003
6563731,2014,2014-08-25,9255,2014-07-23,2138,019525,,3,2,9,0500,0,3,5,,2,003,"LEWIS AV","CALIFORNIA ST",110.00,E,N,A,-,N,,,,,,,,,,Y,3,0,1,2,A,-,17,21657,,M,B,C,A,A,H,-,C,D,0,,,Y,,Y,Y,A,07,0,1,0,0,0,0,0,0,1,"- ","- ",38.198439999999998,-120.67749999999999,CALAVERAS,UNINCORPORATED,-120.67741974,38.198452789999997
6566395,2014,2016-04-28,9255,2014-07-09,1945,019525,,3,2,9,0500,0,1,3,,1,021,"RT 4","POOL STATION RD",528.00,E,N,A,-,Y,CAL,10,4,-,-,14.820,H,-,E,Y,3,0,1,1,A,-,08,22107,,N,E,I,A,A,H,-,A,D,0,,,Y,,Y,,C,02,0,1,0,0,0,0,0,0,1,"- ","- ",38.044789999999999,-120.64731999999999,CALAVERAS,UNINCORPORATED,-120.64683167,38.04609705
6573611,2014,2014-08-27,9255,2014-07-23,0730,018776,,3,1,9,0500,0,3,5,,2,002,"STALLION WY","PINTO DR",1000.00,N,N,A,-,N,,,,,,,,,,N,3,0,1,1,C,-,18,,,N,F,A,A,A,H,-,A,D,0,,,Y,,Y,,-,"- ",0,1,0,0,0,0,0,0,1,"- ","- ",38.04965,-120.61121,CALAVERAS,UNINCORPORATED,-120.61080536999999,38.049240070000003
6582773,2014,2016-04-28,9255,2014-08-01,1614,16918,,5,2,9,0500,0,1,3,,1,010,"RT 12","CHESTNUT ST",515.00,E,N,A,-,Y,CAL,10,12,-,-,10.100,H,-,E,Y,4,0,2,2,A,-,09,21804,A,N,D,C,A,A,H,-,A,D,0,,,,,Y,,A,01,0,0,2,0,0,0,0,0,0,"- ","- ",38.192659999999997,-120.82555000000001,CALAVERAS,UNINCORPORATED,-120.82627417,38.19251534
6587633,2014,2014-08-15,9255,2014-07-29,1934,18022,,2,2,9,0500,0,3,5,,2,003,"JESUS MARIA RD","KERSTAN LN",164.00,N,N,A,-,N,,,,,,,,,,Y,3,0,1,1,A,-,01,23152,A,N,E,I,A,A,H,-,A,D,0,,,,,Y,Y,A,01,0,1,0,0,0,0,0,0,0,"- ","- ",38.235039999999998,-120.52500999999999,CALAVERAS,UNINCORPORATED,-120.52283523,38.283090909999999
6587750,2014,2016-04-28,9255,2014-08-09,1410,020713,,6,2,9,0500,0,1,3,,2,030,"RT 49","S LOMBARDI DR",528.00,S,N,A,-,Y,CAL,10,49,-,R,23.270,H,-,S,N,3,0,1,1,A,-,08,22107,,N,E,I,A,-,H,-,A,D,0,,,,,Y,,D,22,0,1,0,0,0,0,0,0,0,"- ","- ",38.240729999999999,-120.71204,CALAVERAS,UNINCORPORATED,-120.71218926,38.240943399999999
6589049,2014,2016-04-28,9255,2014-08-03,1845,018022,,7,2,9,0500,0,1,3,,2,030,"RT 49","CAROL KENNEDY RD",3168.00,S,N,A,-,Y,CAL,10,49,-,-,14.710,H,-,S,Y,3,0,4,1,A,-,03,22350,,N,E,I,A,A,H,-,A,D,0,,,,,Y,,A,07,0,4,0,0,0,0,0,0,0,"- ","- ",37.142719999999997,-120.63632,CALAVERAS,UNINCORPORATED,-120.63529701,38.140166270000002
6591116,2014,2016-04-28,9255,2014-08-08,1830,013556,,5,2,9,0500,0,1,3,,1,020,"RT 49","FRICOT CITY RD",16.00,S,N,A,-,Y,CAL,10,49,-,-,14.200,I,5,S,Y,4,0,1,1,A,-,01,23152,A,N,E,I,A,A,H,-,A,D,0,,,,,Y,Y,A,07,0,0,1,0,0,0,0,0,0,"- ","- ",38.265149999999998,-120.76537,CALAVERAS,UNINCORPORATED,-120.63497094,38.132551790000001
6592664,2014,2016-04-28,9255,2014-08-09,2215,019525,,6,3,9,0500,0,1,3,,1,020,"RT 49","RED HILL RD",1056.00,S,N,A,-,Y,CAL,10,49,-,R,3.940,H,-,S,Y,3,0,1,1,A,-,08,22107,,N,E,I,A,A,H,-,D,D,0,,,,,Y,,A,01,0,1,0,0,0,0,0,0,0,"- ","- ",38.034469999999999,-120.50712,CALAVERAS,UNINCORPORATED,-120.50729135,38.034671420000002
6603525,2014,2016-04-28,9255,2014-08-18,1157,13401,,1,1,9,0500,0,1,3,,2,030,"RT 49","GOLD RUSH LN",4224.00,N,N,A,-,Y,CAL,10,49,-,-,29.900,H,-,N,N,4,0,2,2,A,-,04,21703,,N,C,C,A,A,H,-,A,D,0,,,,,Y,,D,22,0,0,2,0,0,0,0,0,0,"- ","- ",38.55977,-120.59367,CALAVERAS,UNINCORPORATED,-120.72977482,38.304739069999997
6603745,2014,2016-04-28,9255,2014-08-23,1235,13401,,6,1,9,0500,0,1,3,,2,030,"RT 49","GOLD RUSH LN",1584.00,N,N,A,-,Y,CAL,10,49,-,-,29.600,H,-,N,N,3,0,1,1,A,-,08,22107,,N,E,I,A,A,H,-,A,D,0,,,Y,,Y,,C,02,0,1,0,0,0,0,0,0,1,"- ","- ",38.111370000000001,-120.41347,CALAVERAS,UNINCORPORATED,-120.73117458,38.301081590000003
6603746,2014,2016-04-28,9255,2014-08-25,0703,13401,,1,1,9,0500,0,1,3,,1,011,"RT 26","DOUBLE SPRINGS RD",0.00,,Y,A,-,Y,CAL,10,26,-,-,10.670,I,5,E,Y,4,0,1,2,A,-,09,21802,A,N,D,C,A,A,H,-,A,A,0,,,,,Y,,A,01,0,0,1,0,0,0,0,0,0,"- ","- ",38.725769999999997,-120.29467,CALAVERAS,UNINCORPORATED,-120.76328571000001,38.215181319999999
6603960,2014,2016-04-28,9255,2014-08-09,1923,018492,,6,2,9,0500,0,1,3,,2,050,"RT 4","RANCHO PARADISO RD",100.00,W,N,A,-,Y,CAL,10,4,-,-,38.900,H,-,E,Y,3,0,1,1,A,-,01,23152,A,N,E,I,A,A,H,-,B,D,0,,,,,Y,Y,A,01,0,1,0,0,0,0,0,0,0,"- ","- ",38.224080000000001,-120.63934,CALAVERAS,UNINCORPORATED,-120.36943655,38.224322669999999
6603964,2014,2014-09-09,9255,2014-08-08,1240,018492,,5,1,9,0500,0,3,5,,2,005,"CYPRESS POINT DR","BLUE LAKE SPRINGS DR",1056.00,S,N,A,-,N,,,,,,,,,,N,3,0,1,1,A,-,08,22107,,N,E,I,A,A,H,-,A,D,0,,,,,Y,,M,96,0,1,0,0,0,0,0,0,0,"- ","- ",38.256050000000002,-120.3279,CALAVERAS,UNINCORPORATED,,
6603968,2014,2016-04-28,9255,2014-08-17,0940,020713,,7,1,9,0500,0,1,3,,1,020,"RT 49","GUN CLUB RD",0.00,,Y,A,-,Y,CAL,10,49,-,-,5.920,I,5,S,Y,2,0,1,2,A,-,09,21801,A,N,D,C,A,A,H,-,A,D,0,,,Y,,Y,,A,01,1,0,0,0,0,0,0,0,1,"- ","- ",38.051349999999999,-120.53156,CALAVERAS,UNINCORPORATED,-120.53161513000001,38.051304950000002
6606183,2014,2014-09-25,9255,2014-06-16,1550,13401,,1,2,9,0500,0,2,4,,2,034,"MOUNTAIN RANCH RD","SUN RD",500.00,W,N,A,-,N,,,,,,,,,,Y,1,1,2,2,A,-,08,22107,,N,A,C,A,A,H,-,A,D,0,,,,,Y,,A,01,2,0,0,0,0,0,0,0,0,"- ","- ",38.235480000000003,-120.52431,CALAVERAS,UNINCORPORATED,-120.52322399000001,38.236033200000001
6606490,2014,2014-09-12,9255,2014-08-22,1135,018492,,5,1,9,0500,0,3,5,,2,005,"BLAGEN RD","HENRY DR",0.00,,Y,A,-,N,,,,,,,,,,Y,3,0,1,2,A,-,09,21804,A,N,D,C,A,A,H,-,A,A,0,,,,,Y,,A,07,0,1,0,0,0,0,0,0,0,"- ","- ",38.257330000000003,-120.34761,CALAVERAS,UNINCORPORATED,-120.34747999,38.257409979999998
6606494,2014,2016-04-28,9255,2014-08-24,1455,13401,,7,2,9,0500,0,1,3,,1,021,"RT 4","OBYRNES FERRY RD",7392.00,E,N,A,-,Y,CAL,10,4,-,R,9.540,H,-,W,Y,2,0,2,1,A,-,17,21711,,N,F,A,A,A,H,-,A,D,0,,,,,Y,,E,22,1,1,0,0,0,0,0,0,0,"- ","- ",38.013770000000001,-120.40267,CALAVERAS,UNINCORPORATED,-120.64925900999999,38.002422580000001
6606498,2014,2016-04-28,9255,2014-08-26,1518,13401,,2,2,9,0500,0,1,3,,1,010,"RT 12","CHESTNUT ST",72.00,E,N,A,-,Y,CAL,10,12,-,-,10.010,H,-,W,N,4,0,1,2,A,-,04,21703,,N,C,C,A,A,H,-,A,D,0,,,,,Y,,A,01,0,0,1,0,0,0,0,0,0,"- ","- ",37.11327,-120.49337,CALAVERAS,UNINCORPORATED,-120.82783008,38.192253119999997
6607108,2014,2014-09-23,9255,2014-08-22,1445,018492,,5,2,9,0500,0,3,5,,2,004,"SIX MILE RD","ALGIERS ST",4224.00,W,N,A,-,N,,,,,,,,,,Y,3,0,1,1,A,-,08,22107,,N,F,A,A,A,H,-,A,A,0,,,,,Y,Y,A,01,0,1,0,0,0,0,0,0,0,"- ","- ",38.12312,-120.46559999999999,CALAVERAS,UNINCORPORATED,-120.46207,38.134160000000001
6607112,2014,2014-09-23,9255,2014-08-29,1213,016918,,5,1,9,0500,0,3,5,,2,001,"CAMPO SECO RD","PALOMA RD",335.00,W,N,A,-,N,,,,,,,,,,N,3,0,1,2,A,-,05,21650,,N,B,C,A,A,H,-,A,D,0,,,Y,,Y,,C,02,0,1,0,0,0,0,0,0,1,"- ","- ",38.20046,-120.82722,CALAVERAS,UNINCORPORATED,-120.82172905,38.226619999999997
6607818,2014,2016-04-28,9255,2014-08-26,1545,018459,,2,2,9,0500,0,1,3,,2,030,"RT 49","MOUNTAIN RANCH RD",0.00,,Y,A,-,Y,CAL,10,49,-,-,18.794,I,5,S,Y,4,0,2,2,A,-,09,21801,A,N,A,C,A,A,H,-,A,D,0,,,,,Y,,A,01,0,0,2,0,0,0,0,0,0,"- ","- ",38.189129999999999,-120.67449999999999,CALAVERAS,UNINCORPORATED,-120.67452616999999,38.189131289999999
6611179,2014,2016-04-28,0501,2014-07-18,1351,217,CALAV,5,5,2,0501,0,0,0,,0,00B,"RT 49","BRAGG ST",30.00,N,N,A,-,Y,CAL,10,49,-,-,7.690,H,-,S,Y,4,0,5,3,A,-,03,22350,,N,C,C,A,A,H,-,A,A,0,,,,,Y,,D,22,0,0,5,0,0,0,0,0,0,"- ","- ",,,CALAVERAS,"ANGELS CAMP",-120.54418162,38.074234629999999
6613061,2014,2016-04-28,9255,2014-08-30,1015,018492,,6,1,9,0500,0,1,3,,2,050,"RT 4","BOARDS CROSSING RD",15.00,W,N,A,-,Y,CAL,10,4,-,R,47.080,H,-,E,Y,3,0,1,2,A,-,04,21703,,N,F,A,A,A,H,-,A,D,0,,,Y,,Y,,C,02,0,1,0,0,0,0,0,0,1,"- ","- ",38.30059,-120.27708,CALAVERAS,UNINCORPORATED,-120.27752681,38.3003529
6619091,2014,2016-04-28,9255,2014-09-02,2125,019525,,2,2,9,0500,0,1,3,,1,010,"RT 12","PINE ST",5280.00,W,N,A,-,Y,CAL,10,12,-,-,8.780,H,-,W,Y,4,0,1,1,A,-,01,23152,A,N,E,I,A,A,H,-,D,D,0,,,,,Y,Y,D,22,0,0,1,0,0,0,0,0,0,"- ","- ",38.184910000000002,-120.84361,CALAVERAS,UNINCORPORATED,-120.84626711,38.186268400000003
6621612,2014,2016-04-28,9255,2014-08-30,0855,015546,,6,1,9,0500,0,1,3,,2,030,"RT 49","FRICOT CITY RD",181.00,N,N,A,-,Y,CAL,10,49,-,-,14.230,H,-,S,Y,4,0,1,1,A,-,08,22107,,N,E,I,A,A,H,-,A,D,0,,,,,Y,,A,07,0,0,1,0,0,0,0,0,0,"- ","- ",38.133040000000001,-120.63508,CALAVERAS,UNINCORPORATED,-120.63503504000001,38.133005730000001
6621626,2014,2016-04-28,9255,2014-09-10,1040,15546,,3,1,9,0500,0,1,3,,1,021,"RT 4","POOL STATION RD",2376.00,W,N,A,-,Y,CAL,10,4,-,-,14.250,H,-,E,Y,3,0,1,1,A,-,08,22107,,N,E,I,A,A,H,-,A,D,0,,,,,Y,,A,07,0,1,0,0,0,0,0,0,0,"- ","- ",38.216000000000001,-120.38509999999999,CALAVERAS,UNINCORPORATED,-120.64746612,38.038023639999999
6621720,2014,2014-09-23,0501,2014-05-23,1554,217,ANGEL,5,5,2,0501,0,0,0,,0,00B,"PLACER ST","TUOLUMNE AV",83.00,W,N,A,-,N,,,,,,,,,,N,3,0,1,2,A,-,11,21956,A,N,A,J,E,A,H,-,A,A,0,Y,,,,Y,,N,60,0,1,0,0,1,0,0,0,0,"- ","- ",,,CALAVERAS,"ANGELS CAMP",-120.55591187,38.07400775
6622271,2014,2014-10-01,9255,2014-09-11,2015,013939,,4,2,9,0500,0,3,5,,2,001,"BALDWIN ST","GARNER PL",0.00,,Y,A,-,N,,,,,,,,,,Y,3,0,2,2,A,-,09,21802,A,N,D,D,A,A,H,-,D,A,0,,,,,Y,,A,01,0,1,1,0,0,0,0,0,0,"- ","- ",38.118180000000002,-120.86085,CALAVERAS,UNINCORPORATED,-120.86093997,38.11816992
6628673,2014,2016-04-28,9255,2014-09-13,0555,13401,,6,3,9,0500,0,1,3,,1,010,"RT 12","RT 26",0.00,,Y,A,-,Y,CAL,10,12,-,-,9.927,I,5,W,Y,4,0,1,2,A,-,01,23152,A,N,A,C,A,A,H,-,D,A,0,,,,,Y,Y,A,01,0,0,1,0,0,0,0,0,0,"- ","- ",38.112969999999997,-120.49447000000001,CALAVERAS,UNINCORPORATED,-120.82903788,38.191568740000001
6631088,2014,2014-11-03,9255,2014-09-12,1930,013939,,5,2,9,0500,0,3,5,,2,002,"POOL STATION RD","RIATA WY",4224.00,N,N,A,-,N,,,,,,,,,,Y,3,0,1,1,A,-,08,22107,,N,E,I,A,A,H,-,B,D,0,,,Y,,Y,,C,02,0,1,0,0,0,0,0,0,1,"- ","- ",38.10127,-120.65997,CALAVERAS,UNINCORPORATED,-120.659757,38.100942019999998
6633057,2014,2016-04-28,9255,2014-09-11,1955,013939,,4,2,9,0500,0,1,3,,1,011,"RT 26","GARNER PL",500.00,W,N,A,-,Y,CAL,10,26,-,-,4.950,H,-,W,Y,3,0,1,2,A,-,01,23152,F,N,B,C,A,A,H,-,B,D,0,,,,,Y,Y,A,01,0,1,0,0,0,0,0,0,0,"- ","- ",38.12726,-120.87501,CALAVERAS,UNINCORPORATED,-120.87450377,38.129472530000001
6635933,2014,2016-04-28,9255,2014-09-21,1120,020713,,7,1,9,0500,0,1,3,,2,050,"RT 4","BEATRICE DR",1056.00,W,N,A,-,Y,CAL,10,4,-,R,53.010,H,-,W,N,3,0,1,1,A,-,03,22350,,N,F,A,A,A,H,-,A,D,0,,,Y,,Y,,C,02,0,1,0,0,0,0,0,0,1,"- ","- ",38.358409999999999,-120.21102,CALAVERAS,UNINCORPORATED,-120.21061664,38.353625110000003
6635934,2014,2016-04-28,9255,2014-09-21,1340,018022,,7,1,9,0500,0,1,3,,2,031,"RT 26","JOJOBA LN",300.00,W,N,A,-,Y,CAL,10,26,-,-,20.490,H,-,E,Y,3,0,1,1,A,-,08,22107,,N,E,I,A,A,H,-,A,D,0,,,,,Y,,A,01,0,1,0,0,0,0,0,0,0,"- ","- ",38.305070000000001,-120.66907,CALAVERAS,UNINCORPORATED,-120.66889239,38.305481610000001
6636808,2014,2014-10-31,9255,2014-09-16,0025,019389,,2,3,9,0500,0,3,5,,2,002,"LITTLE JOHN RD","MOCCASIN ST",1056.00,N,N,A,-,N,,,,,,,,,,Y,4,0,1,1,A,-,08,22107,,N,E,I,A,A,H,-,D,D,0,,,,,Y,,A,01,0,0,1,0,0,0,0,0,0,"- ","- ",37.91357,-120.62193000000001,CALAVERAS,UNINCORPORATED,-120.62225013,37.913842680000002
6636812,2014,2016-04-28,9255,2014-09-18,1720,013939,,4,2,9,0500,0,1,3,,1,010,"RT 12","CEDAR ST",0.00,,Y,A,-,Y,CAL,10,12,-,-,9.860,I,5,E,Y,4,0,1,2,A,-,09,21801,A,N,D,C,A,A,H,-,A,D,0,,,,,Y,,A,01,0,0,1,0,0,0,0,0,0,"- ","- ",38.191510000000001,-120.8289,CALAVERAS,UNINCORPORATED,-120.82976447999999,38.190617690000003
6643002,2014,2014-11-14,9255,2014-10-03,1039,019525,,5,1,9,0500,0,1,3,,2,030,"RT 49","CORRAL FLAT RD",1056.00,S,N,A,-,Y,,,49,,,,,,,Y,4,0,1,2,A,-,08,22107,,N,D,C,A,A,H,-,A,D,0,,,,,Y,,A,07,0,0,1,0,0,0,0,0,0,"- ","- ",38.292639999999999,-120.70437,CALAVERAS,UNINCORPORATED,-120.70447781999999,38.292702470000002
6645963,2014,2014-10-08,9255,2014-09-15,1400,018022,,1,2,9,0500,0,2,4,,2,034,"MOUNTAIN RANCH RD","MICHEL RD",3696.00,W,N,A,-,N,,,,,,,,,,Y,3,0,1,1,A,-,01,23152,E,N,F,A,A,A,H,-,A,D,0,,,,,Y,,A,07,0,1,0,0,0,0,0,0,0,"- ","- ",38.191670000000002,-120.5964,CALAVERAS,UNINCORPORATED,-120.59699453,38.191679999999998
6645967,2014,2014-10-16,9255,2014-09-28,1330,020713,,7,1,9,0500,0,3,5,,2,002,"COPPER COVE DR","QUIVER ST",300.00,E,N,C,-,N,,,,,,,,,,Y,4,0,1,1,A,-,03,22350,,N,E,I,A,B,H,-,A,D,0,,,,,Y,,A,07,0,0,1,0,0,0,0,0,0,"- ","- ",37.935760000000002,-120.63630999999999,CALAVERAS,UNINCORPORATED,-120.63636624,37.935607230000002
6645969,2014,2016-04-28,9255,2014-09-23,1350,012954,,2,1,9,0500,0,1,3,,2,040,"RT 4","GREEN MEADOW CT",528.00,E,N,A,-,Y,CAL,10,4,-,-,28.480,H,-,E,N,3,0,1,1,A,-,03,22350,,N,F,A,A,A,D,-,A,D,0,,,Y,,Y,,C,02,0,1,0,0,0,0,0,0,1,"- ","- ",38.12377,-120.45021,CALAVERAS,UNINCORPORATED,-120.45016138,38.123977089999997
6647590,2014,2014-10-16,9255,2014-09-30,1740,013939,,2,2,9,0500,0,3,5,,2,003,"GOLD OAK RD","FRENCH CIR",75.00,W,N,A,-,N,,,,,,,,,,N,3,0,1,1,C,-,18,,,N,H,A,A,A,H,-,A,D,0,,,,,Y,,-,"- ",0,1,0,0,0,0,0,0,0,"- ","- ",38.200940000000003,-120.68821,CALAVERAS,UNINCORPORATED,-120.68896783,38.201134750000001
6648330,2014,2016-04-28,9255,2014-09-24,2155,018776,,3,2,9,0500,0,1,3,,1,021,"RT 4","BONANZA MINE WY",2640.00,W,N,A,-,Y,CAL,10,4,-,R,10.350,H,-,W,Y,3,0,1,1,A,-,08,22107,,N,E,I,A,A,H,-,D,D,0,,,,,Y,,A,07,0,1,0,0,0,0,0,0,0,"- ","- ",,,CALAVERAS,UNINCORPORATED,-120.64461928999999,38.011815140000003
6653316,2014,2014-10-21,0501,2014-09-27,1914,226,AGLCP,6,5,2,0501,0,0,0,,0,00B,"BOOSTER WY","BRET HARTE RD",222.00,S,N,B,-,N,,,,,,,,,,Y,4,0,1,2,A,-,03,22350,,N,A,I,A,B,H,-,C,A,0,,,,Y,Y,Y,F,21,0,0,1,0,0,0,0,0,0,"- ","- ",,,CALAVERAS,"ANGELS CAMP",-120.53997436,38.072571109999998
6657697,2014,2014-12-11,9255,2014-10-11,1150,019525,,6,1,9,0500,0,1,3,,1,020,"RT 49","DEER CREEK RD",300.00,S,N,A,-,Y,,,,,,,,,,Y,4,0,1,1,A,-,08,22107,,N,E,I,A,A,H,-,A,D,0,,,,,Y,,A,07,0,0,1,0,0,0,0,0,0,"- ","- ",39.100920000000002,-120.58978999999999,CALAVERAS,UNINCORPORATED,-120.58861434000001,38.099644929999997
6657921,2014,2014-12-11,9255,2014-10-11,1137,13401,,6,1,9,0500,0,1,3,,2,030,"RT 49","CHURCH HILL RD",127.00,N,N,A,-,Y,,,,,,,,,,N,4,0,1,2,A,-,04,21703,,N,C,C,A,A,H,-,A,D,0,,,,,Y,,A,01,0,0,1,0,0,0,0,0,0,"- ","- ",38.114570000000001,-120.40497000000001,CALAVERAS,UNINCORPORATED,-120.68131685,38.19628633
6669873,2014,2014-12-19,9255,2014-10-11,1310,18492,,6,1,9,0500,0,1,3,,2,040,"RT 4","PENNSYLVANIA GULCH RD",1056.00,W,N,A,-,Y,,,,,,,,,,Y,3,0,1,2,A,-,06,21750,,N,B,C,A,A,D,-,A,D,0,,,Y,,Y,,C,02,0,1,0,0,0,0,0,0,1,"- ","- ",,,CALAVERAS,UNINCORPORATED,-120.45671888,38.13683597
6670791,2014,2014-12-18,9255,2014-10-12,1700,18873,,7,2,9,0500,0,3,5,,2,004,"SIX MILE RD","VALLECITO CAMP RD",1584.00,E,N,A,-,N,,,,,,,,,,Y,4,0,2,1,A,-,08,22107,,N,F,A,A,A,B,-,A,D,0,,,,,Y,,D,22,0,0,2,0,0,0,0,0,0,"- ","- ",38.548999999999999,-120.3116,CALAVERAS,UNINCORPORATED,-120.47173977,38.115583460000003
6679714,2014,2014-12-30,9255,2014-10-15,1335,015546,,3,1,9,0500,0,1,3,,1,021,"RT 4","ANGEL OAKS DR",8448.00,W,N,B,-,Y,,,4,,,,,,,Y,3,0,1,1,A,-,08,22107,,N,E,I,A,A,H,-,A,D,0,,,,,Y,,D,22,0,1,0,0,0,0,0,0,0,"- ","- ",38.070529999999998,-120.59173,CALAVERAS,UNINCORPORATED,-120.59159270000001,38.069988440000003
6688775,2014,2014-11-06,9255,2014-10-30,2233,13556,,4,3,9,0500,0,3,5,,2,001,"BALDWIN ST","HARTVICKSON LN",121.00,S,N,A,-,N,,,,,,,,,,Y,4,0,1,1,C,-,18,,,N,E,H,A,A,H,-,D,D,0,,,,,Y,,-,"- ",0,0,1,0,0,0,0,0,0,"- ","- ",38.135120000000001,-120.84768,CALAVERAS,UNINCORPORATED,-120.84747514,38.134774380000003
6689534,2014,2014-11-19,9255,2014-10-28,1300,016751,,2,1,9,0500,0,3,5,,2,002,"CHEYENNE RD","BRAVE ST",256.00,N,N,A,-,N,,,,,,,,,,Y,3,0,2,2,A,-,03,22350,,N,C,C,A,A,H,-,A,D,0,,,,,Y,,A,07,0,1,1,0,0,0,0,0,0,"- ","- ",37.954700000000003,-120.63442999999999,CALAVERAS,UNINCORPORATED,-120.63587226,37.956661939999996
6689631,2014,2015-01-06,9255,2014-10-26,0645,016054,,7,1,9,0500,0,1,3,,1,020,"RT 49","4TH CROSSING RD",2640.00,S,N,E,-,Y,,,49,,,,,,,Y,4,0,1,1,A,-,08,22107,,N,F,A,A,A,H,-,B,D,0,,,,,Y,,A,01,0,0,1,0,0,0,0,0,0,"- ","- ",38.126860000000001,-120.63105,CALAVERAS,UNINCORPORATED,-120.63105652,38.126855140000004
6690824,2014,2014-12-29,9255,2014-10-19,1420,016054,,7,2,9,0500,0,1,3,,1,021,"RT 4","HODSON RD",10.00,W,N,A,-,Y,,,4,,,,,,,N,4,0,1,1,C,-,18,,,N,H,A,A,A,H,-,A,A,0,,,Y,,Y,,-,"- ",0,0,1,0,0,0,0,0,1,"- ","- ",37.974130000000002,-120.65412999999999,CALAVERAS,UNINCORPORATED,-120.65404888,37.974017439999997
6691105,2014,2016-04-28,0501,2014-09-29,1556,220,CALAV,1,5,2,0501,0,0,0,,0,,"RT 49","N BAKER ST",743.00,N,N,A,-,Y,CAL,10,49,-,-,9.150,H,-,N,Y,4,0,1,2,A,-,13,22515,A,N,D,C,A,A,H,-,A,A,0,,,,,Y,,A,08,0,0,1,0,0,0,0,0,0,"- ","- ",,,CALAVERAS,"ANGELS CAMP",-120.56662187000001,38.085776809999999
6694274,2014,2014-12-30,9255,2014-10-22,1645,013939,,3,2,9,0500,0,3,5,,2,001,"SOUTHWORTH RD","PETTINGER RD",0.00,,Y,A,-,N,,,,,,,,,,Y,3,0,2,2,A,-,03,22350,,N,C,C,A,A,H,-,A,D,0,,,Y,,Y,,C,02,0,2,0,0,0,0,0,0,2,"- ","- ",38.148589999999999,-120.91775,CALAVERAS,UNINCORPORATED,-120.91792988,38.148579990000002
6694315,2014,2015-01-05,9255,2014-10-25,1520,017324,,6,2,9,0500,0,3,5,,2,002,"POOL STATION RD","UPPER ANDY RD",8976.00,S,N,B,-,N,,,,,,,,,,Y,3,0,1,2,A,-,03,22350,,N,A,C,A,B,H,-,A,D,0,,,,,Y,,A,01,0,1,0,0,0,0,0,0,0,"- ","- ",38.106589999999997,-120.66228,CALAVERAS,UNINCORPORATED,-120.66204465,38.106885349999999
6696640,2014,2015-01-06,9255,2014-10-29,1550,13939,,3,2,9,0500,0,3,5,,2,003,"OLD GULCH RD","SHALOM WY",188.00,E,N,A,-,N,,,,,,,,,,Y,3,0,1,2,A,-,05,21650,,N,B,C,A,A,H,-,A,D,0,,,Y,,Y,,A,01,0,1,0,0,0,0,0,0,1,"- ","- ",38.164020000000001,-120.60424,CALAVERAS,UNINCORPORATED,-120.60401895,38.164019629999999
6697338,2014,2015-01-08,9255,2014-11-03,1715,013556,,1,2,9,0500,0,1,3,,1,021,"RT 4","TELEGRAPH CT",50.00,E,N,A,-,Y,,,4,,,,,,,Y,3,0,1,1,C,-,18,,,N,E,I,A,A,B,C,D,D,0,,,Y,,Y,,-,"- ",0,1,0,0,0,0,0,0,1,"- ","- ",37.940010000000001,-120.75238,CALAVERAS,UNINCORPORATED,-120.75238426999999,37.940049870000003
6697342,2014,2015-01-08,9255,2014-11-03,1610,013556,,1,2,9,0500,0,1,3,,1,021,"RT 4","REEDS TPKE",0.00,,Y,A,-,Y,,,,,,,,,,Y,4,0,3,2,A,-,09,21802,A,N,D,C,A,A,H,-,B,A,0,,,,,Y,,A,01,0,0,3,0,0,0,0,0,0,"- ","- ",38.885640000000002,-120.63836000000001,CALAVERAS,UNINCORPORATED,,
6706045,2014,2015-01-08,9255,2014-11-01,0728,016918,,6,1,9,0500,0,1,3,,1,011,"RT 26","GARNER PL",710.00,E,N,B,-,Y,,,26,,,,,,,Y,4,0,1,1,A,-,03,22350,,N,E,I,A,B,H,-,A,D,0,,,,,Y,,A,01,0,0,1,0,0,0,0,0,0,"- ","- ",38.13214,-120.87219,CALAVERAS,UNINCORPORATED,-120.87219544,38.132150090000003
6706049,2014,2015-01-08,9255,2014-11-01,1408,016918,,6,2,9,0500,0,1,3,,2,030,"RT 49","AMA/CAL CO LINE",6864.00,S,N,A,-,Y,,,49,,,,,,,Y,4,0,1,1,A,-,08,22107,,N,F,A,A,A,H,-,A,D,0,,,Y,,Y,,C,02,0,0,1,0,0,0,0,0,1,"- ","- ",38.30124,-120.73117999999999,CALAVERAS,UNINCORPORATED,-120.73113531,38.301228010000003
6707792,2014,2014-11-25,9255,2014-10-26,0155,013556,,7,3,9,0500,0,1,3,,2,040,"RT 4","HORSESHOE DR",260.00,W,N,A,-,Y,,,,,,,,,,Y,3,0,1,1,A,-,01,23152,A,N,F,A,A,A,H,-,D,D,0,,,,,Y,Y,A,01,0,1,0,0,0,0,0,0,0,"- ","- ",38.537640000000003,-120.36872,CALAVERAS,UNINCORPORATED,-120.68765134,37.955937849999998
6714202,2014,2015-01-14,9255,2014-11-10,1735,013556,,1,2,9,0500,0,1,3,,2,040,"RT 4","MITCHLER AV",300.00,E,N,A,-,Y,,,4,,,,,,,Y,4,0,1,2,A,-,09,21804,A,N,D,C,A,A,H,-,C,D,0,,,,,Y,,A,01,0,0,1,0,0,0,0,0,0,"- ","- ",38.138509999999997,-120.45656,CALAVERAS,UNINCORPORATED,-120.45648649,38.138478210000002
6714284,2014,2015-01-12,9255,2014-11-16,0538,016918,,7,3,9,0500,0,3,5,,2,001,"OLIVE ORCHARD RD","RT 26",288.00,N,N,E,-,N,,,,,,,,,,Y,4,0,1,1,A,-,01,23152,A,N,E,I,A,A,H,-,D,D,0,,,,,Y,Y,A,01,0,0,1,0,0,0,0,0,0,"- ","- ",38.130400000000002,-120.87538000000001,CALAVERAS,UNINCORPORATED,-120.87513232000001,38.130322049999997
6717058,2014,2015-01-13,9255,2014-11-20,1815,015546,,4,2,9,0500,0,1,3,,2,040,"RT 4","HOLIDAY MINE RD",2112.00,W,N,B,C,Y,,,4,,,,,,,Y,4,0,1,2,A,-,03,22350,,N,C,C,A,B,H,-,D,D,0,,,,,Y,,D,22,0,0,1,0,0,0,0,0,0,"- ","- ",38.10577,-120.46510000000001,CALAVERAS,UNINCORPORATED,-120.46507836000001,38.10574622
6717062,2014,2015-01-13,9255,2014-11-20,0840,015546,,4,1,9,0500,0,3,5,,2,002,"ROCK CREEK RD","RT 4",2.00,N,N,B,-,Y,,,,,,,,,,Y,4,0,1,2,A,-,09,21802,A,N,D,C,A,A,H,-,A,A,0,,,,,Y,,A,07,0,0,1,0,0,0,0,0,0,"- ","- ",37.983339999999998,-120.64559,CALAVERAS,UNINCORPORATED,-120.64543,37.98339
6717117,2014,2015-01-13,9255,2014-11-20,0755,13401,,4,1,9,0500,0,1,3,,1,010,"RT 12","DOUBLE SPRINGS RD",472.00,W,N,B,-,Y,,,,,,,,,,Y,4,0,1,2,A,-,03,22350,,N,C,C,A,A,H,-,A,D,0,,,,,Y,,A,01,0,0,1,0,0,0,0,0,0,"- ","- ",38.124769999999998,-120.48287000000001,CALAVERAS,UNINCORPORATED,-120.79065815,38.205572060000001
6717171,2014,2015-01-09,9255,2014-11-14,1650,13939,,5,2,9,0500,0,1,3,,1,011,"RT 26","ANDREW LN",2640.00,W,N,A,-,Y,,,,,,,,,,N,4,0,1,2,A,-,09,21801,B,N,D,C,A,A,H,-,B,D,0,,,,,Y,,A,01,0,0,1,0,0,0,0,0,0,"- ","- ",38.38935,-120.71699,CALAVERAS,UNINCORPORATED,-120.71678128000001,38.289390269999998
6718046,2014,2016-01-13,9255,2014-12-02,1618,16918,,2,2,9,0500,0,1,3,,1,021,"RT 4","POOL STATION RD",665.00,E,N,B,C,Y,CAL,10,4,-,-,14.910,H,-,E,Y,1,1,1,2,A,-,03,22350,,N,A,C,A,B,H,-,A,A,0,,,,Y,Y,Y,D,22,0,0,1,0,0,0,0,0,0,"- ","- ",38.046869999999998,-120.64633000000001,CALAVERAS,UNINCORPORATED,-120.64602465,38.047147719999998
6718504,2014,2014-12-18,9255,2014-11-20,1615,19389,,4,2,9,0500,0,1,3,,1,021,"RT 4","STALLION WY",4224.00,E,N,B,C,Y,CAL,10,4,-,-,17.250,H,-,E,Y,1,1,2,2,A,-,08,22107,,N,A,C,A,B,H,-,B,D,0,,,,,Y,,A,01,2,0,0,0,0,0,0,0,0,"- ","- ",38.064700000000002,-120.61905,CALAVERAS,UNINCORPORATED,-120.61908604,38.065122119999998
6718523,2014,2015-02-11,9255,2014-11-23,2500,18022,,7,4,9,0500,0,3,5,,2,100,"HOGAN DAM RD","SILVER RAPIDS RD",2112.00,E,N,A,F,N,,,,,,,,,,Y,1,1,0,1,A,-,01,23152,A,N,F,A,A,A,H,-,D,D,0,,,Y,,Y,Y,C,02,0,0,0,0,0,0,0,1,0,"- ","- ",38.150970000000001,-120.81856000000001,CALAVERAS,UNINCORPORATED,-120.8210187,38.14628957
6723530,2014,2015-01-20,9255,2014-11-20,2020,019389,,4,2,9,0500,0,1,3,,1,021,"RT 4","HUNT RD",25.00,W,N,B,-,Y,,,4,,,,,,,Y,3,0,1,1,A,-,08,22107,,N,E,I,A,B,H,-,D,D,0,,,,,Y,,D,22,0,1,0,0,0,0,0,0,0,"- ","- ",38.034950000000002,-120.64962,CALAVERAS,UNINCORPORATED,-120.64987114,38.03499953
6723684,2014,2015-01-13,9255,2014-11-17,0800,18776,,1,1,9,0500,0,3,5,,2,001,"PETTINGER RD","MESSING RD",0.00,,Y,A,-,N,,,,,,,,,,Y,3,0,4,2,A,-,09,21804,A,N,D,C,A,A,H,-,A,D,0,,,,,Y,,A,01,0,1,3,0,0,0,0,0,0,"- ","- ",38.163229999999999,-120.91804,CALAVERAS,UNINCORPORATED,-120.91811997000001,38.163219959999999
6723717,2014,2015-01-15,9255,2014-11-20,2040,013939,,4,2,9,0500,0,1,3,,1,021,"RT 4","ANGEL OAKS DR",10560.00,W,N,B,-,Y,,,4,,,,,,,Y,4,0,1,1,A,-,08,22107,,N,E,I,A,B,H,-,D,D,0,,,,,Y,,A,01,0,0,1,0,0,0,0,0,0,"- ","- ",38.069850000000002,-120.59258,CALAVERAS,UNINCORPORATED,-120.59257621,38.069819430000003
6724166,2014,2015-01-20,9255,2014-11-23,1330,018022,,7,1,9,0500,0,1,3,,1,011,"RT 26","GARNER PL",0.00,,Y,B,-,Y,,,26,,,,,,,Y,3,0,4,2,A,-,09,21802,A,N,D,C,A,A,H,-,A,A,0,,,,,Y,,D,22,0,1,3,0,0,0,0,0,0,"- ","- ",38.130180000000003,-120.87488,CALAVERAS,UNINCORPORATED,-120.87430135,38.1298508
6724202,2014,2015-01-16,9255,2014-11-29,1400,13556,,6,2,9,0500,0,3,5,,2,002,"COPPER COVE DR","BLACK CREEK DR",600.00,E,N,B,-,N,,,,,,,,,,Y,4,0,3,2,A,-,03,22350,,N,A,C,A,B,H,-,A,D,0,,,,,Y,,A,01,0,0,3,0,0,0,0,0,0,"- ","- ",37.936309999999999,-120.61888999999999,CALAVERAS,UNINCORPORATED,-120.617943,37.936200960000001
6724206,2014,2015-01-15,9255,2014-11-30,1900,018873,,7,2,9,0500,0,1,3,,2,031,"RT 26","RIDGE GULCH RD",1056.00,E,N,C,-,Y,,,,,,,,,,Y,4,0,3,2,A,-,08,22107,,N,A,C,A,B,H,-,D,D,0,,,,,Y,,A,07,0,0,3,0,0,0,0,0,0,"- ","- ",38.1815,-120.3914,CALAVERAS,UNINCORPORATED,-120.58251266000001,38.348864329999998
6724274,2014,2015-01-15,9255,2014-11-26,1515,13401,,3,2,9,0500,0,2,4,,2,034,"RAILROAD FLAT RD","BLIZZARD MINE RD",528.00,N,N,A,-,N,,,,,,,,,,Y,4,0,1,1,A,-,08,22107,,N,F,A,A,A,H,-,A,D,0,,,,,Y,,A,07,0,0,1,0,0,0,0,0,0,"- ","- ",38.263770000000001,-120.33356999999999,CALAVERAS,UNINCORPORATED,-120.51674623,38.379675040000002
6727834,2014,2015-01-15,9255,2014-11-30,1700,17324,,7,2,9,0500,0,1,3,,1,021,"RT 4","POOL STATION RD",1056.00,E,N,C,-,Y,,,4,,,,,,,Y,4,0,1,1,A,-,03,22350,,N,E,I,A,B,H,-,B,D,0,,,,,Y,,A,07,0,0,1,0,0,0,0,0,0,"- ","- ",38.046779999999998,-120.64646,CALAVERAS,UNINCORPORATED,-120.64644681,38.046765030000003
6743862,2014,2015-01-30,9255,2014-12-05,1220,018873,,5,1,9,0500,0,1,3,,1,010,"RT 12","SOUTHWORTH RD",2640.00,E,N,B,-,Y,,,,,,,,,,N,4,0,1,2,A,-,03,22350,,N,C,C,A,A,H,-,A,D,0,,,,,Y,,A,07,0,0,1,0,0,0,0,0,0,"- ","- ",38.1248,-120.5736,CALAVERAS,UNINCORPORATED,-120.95097669,38.177613890000003
6744149,2014,2015-01-28,9255,2014-12-08,0940,017324,,1,1,9,0500,0,1,3,,2,031,"RT 26","RICH GULCH RD",3168.00,W,N,A,-,Y,,,26,,,,,,,Y,3,0,1,1,A,-,03,22350,,N,E,I,A,A,H,-,A,D,0,,,,,Y,,A,01,0,1,0,0,0,0,0,0,0,"- ","- ",38.325429999999997,-120.63606,CALAVERAS,UNINCORPORATED,-120.63605753,38.325424669999997
6745928,2014,2015-02-17,9255,2014-12-10,1250,18776,,3,1,9,0500,0,1,3,,2,050,"RT 4 E","SKYLINE DR",1584.00,E,N,B,-,Y,,,4,,,,,,,Y,4,0,1,1,A,-,08,22107,,N,E,I,A,A,H,-,A,D,0,,,,,Y,,D,22,0,0,1,0,0,0,0,0,0,"- ","- ",38.418660000000003,-120.09423,CALAVERAS,UNINCORPORATED,-120.09425509,38.4187631
6751570,2014,2015-02-04,9255,2014-12-25,2040,013939,,4,2,9,0500,0,1,3,,1,011,"RT 26","SILVER RAPIDS RD",0.00,,Y,A,-,Y,,,26,,,,,,,Y,4,0,3,2,A,-,09,21801,B,N,D,C,A,A,H,-,D,A,0,,,,,Y,,D,22,0,0,3,0,0,0,0,0,0,"- ","- ",38.159309999999998,-120.84650999999999,CALAVERAS,UNINCORPORATED,-120.84646035999999,38.159143350000001
6752531,2014,2015-02-05,9255,2014-12-14,0130,020713,,7,3,9,0500,0,3,5,,2,005,"BOARDS CROSSING RD","KENSHAW CT",40.00,W,N,A,-,N,,,,,,,,,,N,4,0,1,1,A,-,01,23152,A,N,E,I,A,C,H,-,D,D,0,,,,,Y,Y,A,07,0,0,1,0,0,0,0,0,0,"- ","- ",38.299460000000003,-120.27016999999999,CALAVERAS,UNINCORPORATED,-120.26952264000001,38.299837879999998
6754975,2014,2015-02-05,9255,2014-12-13,0200,13939,,6,3,9,0500,0,3,5,,2,001,"BURSON RD","RT 12",65.00,S,N,B,-,Y,,,,,,,,,,Y,4,0,1,1,A,-,01,23152,A,M,E,I,A,B,H,-,C,D,0,,,,,Y,Y,A,01,0,0,1,0,0,0,0,0,0,"- ","- ",38.183250000000001,-120.89042000000001,CALAVERAS,UNINCORPORATED,-120.89042207999999,38.183381519999998
6756368,2014,2015-07-22,9255,2014-12-15,1505,15872,,1,2,9,0500,0,1,3,,2,030,"RT 49","CAROL KENNEDY RD",2640.00,N,N,B,C,Y,,,49,,,,,,,Y,2,0,1,1,A,-,01,23152,A,N,E,I,A,B,H,-,A,D,0,,,,,Y,Y,A,01,1,0,0,0,0,0,0,0,0,"- ","- ",38.154350000000001,-120.64292,CALAVERAS,UNINCORPORATED,-120.64286264,38.15437455
6761941,2014,2015-02-03,9255,2014-12-14,1900,015872,,7,2,9,0500,0,3,5,,2,003,"OLD GULCH RD","HIGH COUNTRY RD",1584.00,E,N,A,-,N,,,,,,,,,,Y,3,0,1,1,A,-,01,23152,A,N,E,I,A,A,H,-,D,D,0,,,,,Y,Y,D,22,0,1,0,0,0,0,0,0,0,"- ","- ",38.164050000000003,-120.60414,CALAVERAS,UNINCORPORATED,-120.60427325000001,38.16400926
6761942,2014,2015-02-03,9255,2014-12-13,2220,016918,,6,3,9,0500,0,3,5,,2,001,"MILTON RD","HUNT RD",6336.00,N,N,A,-,N,,,,,,,,,,Y,3,0,1,1,A,-,01,23152,A,N,F,A,A,A,H,-,D,D,0,,,,,Y,Y,D,22,0,1,0,0,0,0,0,0,0,"- ","- ",38.049190000000003,-120.86056000000001,CALAVERAS,UNINCORPORATED,-120.86178390000001,38.050412299999998
6763325,2014,2015-02-03,9255,2014-12-23,1749,16918,,2,2,9,0500,0,1,3,,1,010,"RT 12","BURSON RD",150.00,E,N,A,-,Y,,,12,,,,,,,Y,4,0,1,2,A,-,01,23152,A,F,B,C,A,A,H,-,C,D,0,,,,,Y,Y,A,01,0,0,1,0,0,0,0,0,0,"- ","- ",38.18356,-120.88982,CALAVERAS,UNINCORPORATED,-120.88982008000001,38.183557819999997
6764778,2014,2015-02-10,9255,2014-12-12,1020,018873,,5,1,9,0500,0,1,3,,2,031,"RT 26","RAILROAD FLAT RD",1500.00,W,N,C,-,Y,,,,,,,,,,Y,4,0,3,2,A,-,05,21650,,F,A,C,A,B,H,-,A,D,0,,,,,Y,,D,22,0,0,3,0,0,0,0,0,0,"- ","- ",38.941000000000003,-120.4845,CALAVERAS,UNINCORPORATED,-120.53212101,38.388711729999997
6767670,2014,2015-02-06,9255,2014-12-01,1350,20713,,1,1,9,0500,0,2,4,,1,022,"OBYRNES FERRY RD","DUCHESS DR",5280.00,S,N,A,-,N,,,,,,,,,,Y,3,0,1,1,A,-,08,22107,,N,E,I,A,A,H,-,A,D,0,,,,,Y,,A,01,0,1,0,0,0,0,0,0,0,"- ","- ",37.897190000000002,-120.57209,CALAVERAS,UNINCORPORATED,-120.57161666,37.89875447
6772589,2014,2015-01-28,9255,2014-12-29,1730,015872,,1,2,9,0500,0,1,3,,2,031,"RT 26","RAILROAD FLAT RD",0.00,,Y,A,-,Y,,,26,,,,,,,Y,4,0,1,1,A,-,03,22350,,N,E,I,A,C,H,-,C,D,0,,,,,Y,,D,22,0,0,1,0,0,0,0,0,0,"- ","- ",38.388950000000001,-120.52749,CALAVERAS,UNINCORPORATED,-120.52750422,38.389038489999997
6773411,2014,2015-02-18,9255,2014-12-20,1230,019557,,6,1,9,0500,0,2,4,,2,034,"MOUNTAIN RANCH RD","WINDMILL CIR",1056.00,W,N,B,-,N,,,,,,,,,,Y,3,0,1,1,A,-,03,22350,,N,E,I,A,B,H,-,A,D,0,,,,,Y,,A,07,0,1,0,0,0,0,0,0,0,"- ","- ",38.112279999999998,-120.39258,CALAVERAS,UNINCORPORATED,-120.6575603,38.189634439999999
6779049,2014,2015-02-17,9255,2014-12-29,1550,016054,,1,2,9,0500,0,1,3,,1,021,"RT 4","POOL STATION RD",790.00,E,N,A,-,Y,,,,,,,,,,Y,4,0,1,1,A,-,08,22107,,N,B,I,A,A,H,-,A,A,0,,,,,Y,,A,01,0,0,1,0,0,0,0,0,0,"- ","- ",38.047910000000002,-120.8451,CALAVERAS,UNINCORPORATED,-120.64654495000001,38.046685050000001
6783011,2015,2016-09-16,9255,2015-01-13,0800,17324,,2,1,9,0500,0,1,3,,1,021,"RT 4","HORSESHOE DR",528.00,W,N,E,-,Y,CAL,10,4,-,R,4.890,H,-,W,Y,3,0,1,2,A,-,06,21751,,F,E,I,A,A,H,-,A,D,0,,,,,Y,,A,01,0,1,0,0,0,0,0,0,0,"- ","- ",37.955770000000001,-120.69011,CALAVERAS,UNINCORPORATED,-120.69019419999999,37.955783480000001
6784960,2014,2015-02-17,9255,2014-12-20,0035,015546,,6,3,9,0500,0,1,3,,1,010,"RT 12","BURSON RD",75.00,E,N,B,C,Y,,,12,,,,,,,Y,3,0,2,1,A,-,05,21650,,M,E,I,A,B,H,-,A,D,0,,,,,Y,Y,D,22,0,2,0,0,0,0,0,0,0,"- ","- ",38.183500000000002,-120.88979999999999,CALAVERAS,UNINCORPORATED,-120.88979801000001,38.183557049999997
6787108,2015,2016-09-14,9255,2015-01-06,1350,017324,,2,1,9,0500,0,1,3,,2,030,"RT 49","AMA/CAL CO LINE",2640.00,S,N,A,-,Y,CAL,10,49,-,-,30.340,H,-,N,Y,4,0,1,1,A,-,03,22350,,N,F,A,A,A,H,-,A,D,0,,,,,Y,,A,01,0,0,1,0,0,0,0,0,0,"- ","- ",38.30782,-120.72535999999999,CALAVERAS,UNINCORPORATED,-120.72521979,38.307559320000003
6787116,2015,2016-04-18,9255,2015-01-01,0935,018873,,4,1,9,0500,0,3,5,,2,001,"HENEY LN","JENSEN CT",55.00,W,N,A,-,N,,,,,,,,,,N,2,0,1,2,A,-,11,21954,A,N,G,B,E,A,H,-,A,D,0,Y,,,,Y,,N,60,1,0,0,0,1,0,0,0,0,"- ","- ",38.167740000000002,-120.85533,CALAVERAS,UNINCORPORATED,-120.85559021,38.167062899999998
6789104,2015,2016-09-16,9255,2015-01-25,1340,020713,,7,1,9,0500,0,1,3,,2,050,"RT 4","BIG TREES PKY",5280.00,W,N,A,-,Y,CAL,10,4,-,-,43.540,H,-,W,Y,3,0,2,1,A,-,03,22350,,N,E,I,A,A,H,-,A,D,0,,,,,Y,,A,01,0,1,1,0,0,0,0,0,0,"- ","- ",38.235149999999997,-120.36527,CALAVERAS,UNINCORPORATED,-120.3224123,38.270345949999999
6789116,2015,2015-02-27,9255,2015-01-29,1545,013556,,4,2,9,0500,0,3,5,,2,001,"S CAMANCHE PKWY","ARAPAHO WY",150.00,E,N,A,-,N,,,,,,,,,,Y,2,0,1,1,A,-,03,22350,,N,F,A,A,A,H,-,A,D,0,,,Y,,Y,,C,02,1,0,0,0,0,0,0,0,1,"- ","- ",38.202030000000001,-120.88535,CALAVERAS,UNINCORPORATED,-120.88487800999999,38.202251680000003
6798236,2015,2016-09-16,9255,2015-01-20,1815,019389,,2,2,9,0500,0,1,3,,1,011,"RT 26","GARNER PL",0.00,,Y,B,-,Y,CAL,10,26,-,-,5.040,I,5,W,Y,4,0,1,2,A,-,09,21802,A,N,D,C,A,A,H,-,D,A,0,,,,,Y,,A,01,0,0,1,0,0,0,0,0,0,"- ","- ",38.13015,-120.87409,CALAVERAS,UNINCORPORATED,-120.87378424000001,38.130708009999999
6800894,2015,2016-09-16,9255,2015-02-02,1850,020713,,1,2,9,0500,0,1,3,,2,050,"RT 4","RANCHO PARADISO",400.00,W,N,A,-,Y,CAL,10,4,-,-,38.830,H,-,E,Y,4,0,1,1,A,-,08,22107,,N,E,I,A,A,H,-,D,D,0,,,,,Y,,A,07,0,0,1,0,0,0,0,0,0,"- ","- ",38.223390000000002,-120.36892,CALAVERAS,UNINCORPORATED,-120.36905397,38.22336662
6801997,2015,2016-09-14,9255,2015-01-17,2310,13939,,6,3,9,0500,0,1,3,,2,030,"RT 49","GOLD STRIKE RD",528.00,S,N,A,-,Y,CAL,10,49,-,R,22.080,H,-,S,Y,3,0,2,1,A,-,08,22107,,N,E,I,A,A,H,-,D,D,0,,,,,Y,,A,07,0,2,0,0,0,0,0,0,0,"- ","- ",38.226559999999999,-120.70261000000001,CALAVERAS,UNINCORPORATED,-120.70286045,38.226921930000003
6812512,2015,2015-03-05,9255,2015-01-26,1545,18022,,1,2,9,0500,0,3,5,,2,001,"HOFFMAN DR","HARTVICKSON LN",0.00,,Y,A,-,N,,,,,,,,,,Y,4,0,2,2,A,-,09,21802,A,N,D,C,A,A,H,-,A,A,0,,,,,Y,,I,11,0,0,2,0,0,0,0,0,0,"- ","- ",38.155630000000002,-120.84005000000001,CALAVERAS,UNINCORPORATED,-120.84018994,38.155499990000003
6817293,2015,2016-09-14,9255,2015-02-13,1615,13556,,5,2,9,0500,0,1,3,,2,030,"RT 49","BROADWAY ST",0.00,,Y,A,-,Y,CAL,10,49,-,-,19.480,I,5,N,Y,3,0,1,2,A,-,09,21802,A,N,D,C,A,A,H,-,C,A,0,,,,,Y,,A,01,0,1,0,0,0,0,0,0,0,"- ","- ",38.114800000000002,-120.40560000000001,CALAVERAS,UNINCORPORATED,-120.68217299,38.196645619999998
6817694,2015,2016-09-16,9255,2015-02-07,2040,018022,,6,2,9,0500,0,1,3,,1,010,"RT 12","DOUBLE SPRINGS RD",2640.00,E,N,C,-,Y,CAL,10,12,-,-,12.920,H,-,E,N,4,0,1,1,A,-,03,22350,,N,H,A,A,B,F,-,D,D,0,,,,,Y,,A,01,0,0,1,0,0,0,0,0,0,"- ","- ",38.206249999999997,-120.78977,CALAVERAS,UNINCORPORATED,-120.7812426,38.209064050000002
6818027,2015,2016-09-16,9255,2015-01-28,2140,019525,,3,2,9,0500,0,1,3,,1,010,"RT 12","DOUBLE SPRINGS RD",2112.00,E,N,A,-,Y,CAL,10,12,-,-,12.830,H,-,E,Y,4,0,1,1,A,-,08,22107,,N,E,J,A,A,H,-,D,D,0,,,,,Y,,A,08,0,0,1,0,0,0,0,0,0,"- ","- ",38.209200000000003,-120.78185999999999,CALAVERAS,UNINCORPORATED,-120.78290101,38.2092271
6818970,2015,2016-09-16,9255,2015-02-18,0801,13401,,3,1,9,0500,0,1,3,,1,010,"RT 12","DOUBLE SPRINGS RD",0.00,,Y,E,-,Y,CAL,10,12,-,-,14.440,I,5,W,Y,4,0,1,2,A,-,09,21802,A,N,D,C,A,D,H,-,A,A,0,,,,,Y,,D,22,0,0,1,0,0,0,0,0,0,"- ","- ",38.124670000000002,-120.45247000000001,CALAVERAS,UNINCORPORATED,-120.7544766,38.21232294
6819623,2015,2016-09-16,9255,2015-02-18,1645,13556,,3,2,9,0500,0,1,3,,1,010,"RT 12","LAUREL ST",0.00,,Y,A,-,Y,CAL,10,12,-,-,9.927,I,5,W,Y,4,0,1,2,A,-,09,21800,C,N,D,C,A,A,H,-,A,A,0,,,,,Y,,D,22,0,0,1,0,0,0,0,0,0,"- ","- ",38.191099999999999,-120.82933,CALAVERAS,UNINCORPORATED,-120.82903788,38.191568740000001
6821536,2015,2016-05-09,9255,2015-02-18,1415,013556,,3,2,9,0500,0,1,3,,1,020,"RT 49","COPELLO RD",3696.00,N,N,A,-,Y,CAL,10,49,-,-,10.120,H,-,N,Y,3,0,1,2,A,-,09,21804,A,N,D,C,A,A,H,-,A,A,0,,,,,Y,,A,01,0,1,0,0,0,0,0,0,0,"- ","- ",38.093299999999999,-120.5813,CALAVERAS,UNINCORPORATED,-120.58114553999999,38.093271229999999
6821622,2015,2015-03-10,9255,2015-02-18,0945,015546,,3,1,9,0500,0,3,5,,2,004,"SIX MILE RD","ALGIERS ST",4224.00,W,N,A,-,N,,,,,,,,,,Y,3,0,2,1,A,-,05,21650,,N,E,I,A,A,H,-,A,D,0,,,,,Y,,A,01,0,1,1,0,0,0,0,0,0,"- ","- ",38.123289999999997,-120.46572,CALAVERAS,UNINCORPORATED,-120.46207,38.134160000000001
6826136,2015,2016-09-16,9255,2015-02-20,0442,16918,,5,3,9,0500,0,1,3,,1,011,"RT 26","OLIVE BRANCH DR",500.00,E,N,E,-,Y,CAL,10,26,-,-,3.260,H,-,W,Y,3,0,1,1,A,-,08,22107,,N,F,A,A,B,H,-,D,D,0,,,,,Y,,A,01,0,1,0,0,0,0,0,0,0,"- ","- ",38.115690000000001,-120.89207,CALAVERAS,UNINCORPORATED,-120.8956276,38.11554615
6828477,2015,2016-09-16,9255,2015-02-17,0023,020142,,2,3,9,0500,0,3,5,,2,001,"QUAIL OAKS RD","RT 26",104.00,N,N,A,-,Y,CAL,10,26,-,-,8.530,I,5,W,Y,3,0,3,1,A,-,08,22107,,N,E,I,A,A,H,-,D,D,0,,,,,Y,,D,22,0,2,1,0,0,0,0,0,0,"- ","- ",38.170560000000002,-120.8379,CALAVERAS,UNINCORPORATED,-120.83798283,38.170015909999996
6836212,2015,2016-09-16,9255,2015-02-17,1948,020142,,2,2,9,0500,0,1,3,,2,031,"RT 26","STANLEY RD",148.00,W,N,A,-,Y,CAL,10,26,-,-,33.000,H,-,E,Y,2,0,1,1,A,-,01,23152,A,N,E,I,A,A,H,-,D,D,0,,,,,Y,Y,A,01,1,0,0,0,0,0,0,0,0,"- ","- ",38.38476,-120.5335,CALAVERAS,UNINCORPORATED,-120.53364401,38.384994519999999
6847629,2015,2016-09-14,9255,2015-03-08,0945,018022,,7,1,9,0500,0,1,3,,2,030,"RT 49","RT 26",0.00,,Y,A,-,Y,CAL,10,26,-,-,18.069,I,5,E,Y,4,0,2,2,A,-,09,21802,A,N,A,C,A,A,H,-,A,A,0,,,,,Y,,A,01,0,0,2,0,0,0,0,0,0,"- ","- ",38.297759999999997,-120.70483,CALAVERAS,UNINCORPORATED,-120.70464701,38.297818110000001
6847633,2015,2016-09-16,9255,2015-02-08,2100,18022,,7,2,9,0500,0,1,3,,2,031,"RT 26","NIDEROST LN",200.00,W,N,C,-,Y,CAL,10,26,-,-,35.910,H,-,W,Y,2,0,2,1,A,-,08,22107,,N,E,I,A,B,H,-,D,D,0,,,,,Y,,D,22,1,1,0,0,0,0,0,0,0,"- ","- ",38.41234,-120.54083,CALAVERAS,UNINCORPORATED,-120.540997,38.41249114
6849129,2015,2016-09-16,9255,2015-03-11,1600,013556,,3,2,9,0500,0,1,3,,2,050,"RT 4","BIG TREES VILLAGE DR",100.00,W,N,B,-,Y,CAL,10,4,-,-,46.610,H,-,E,Y,4,0,1,1,A,-,08,22107,,N,E,I,A,B,H,-,A,D,0,,,,,Y,,A,07,0,0,1,0,0,0,0,0,0,"- ","- ",,,CALAVERAS,UNINCORPORATED,-120.28409686000001,38.296381220000001
6849322,2015,2016-09-16,9255,2015-03-08,1252,018022,,7,1,9,0500,0,1,3,,1,010,"RT 12","TOLL BRIDGE RD",1260.00,W,N,A,-,Y,CAL,10,12,-,-,17.090,H,-,W,Y,2,0,1,1,A,-,08,22107,,N,E,I,A,A,H,-,A,D,0,,,,,Y,,A,01,1,0,0,0,0,0,0,0,0,"- ","- ",38.205060000000003,-120.71339999999999,CALAVERAS,UNINCORPORATED,-120.713663,38.204809349999998
6851481,2015,2016-09-16,9255,2015-03-05,1125,18492,,4,1,9,0500,0,1,3,,2,050,"RT 4","RED TAIL HAWK RD",448.00,E,N,A,-,Y,CAL,10,4,-,-,38.750,H,-,W,Y,4,0,1,2,A,-,09,21801,A,N,D,C,A,A,H,-,A,D,0,,,,,Y,,A,01,0,0,1,0,0,0,0,0,0,"- ","- ",38.22242,-120.36887,CALAVERAS,UNINCORPORATED,-120.36900842999999,38.222230740000001
6853007,2015,2016-09-16,9255,2015-03-15,1450,13401,,7,2,9,0500,0,1,3,,2,031,"RT 26","WINTON RD",97.00,E,N,A,-,Y,CAL,10,26,-,-,34.810,H,-,E,Y,3,0,1,1,A,-,01,23152,A,M,E,I,A,A,H,-,A,A,0,,,,,Y,Y,A,07,0,1,0,0,0,0,0,0,0,"- ","- ",38.403100000000002,-120.52643,CALAVERAS,UNINCORPORATED,-120.52563209,38.402850389999998
6854237,2015,2015-04-14,9255,2015-02-11,0130,18022,,3,3,9,0500,0,3,5,,2,003,"SWISS RANCH RD","MILLER RANCH RD",2428.00,E,N,A,-,N,,,,,,,,,,Y,1,1,2,1,A,-,01,23152,A,N,E,I,A,A,H,-,D,D,0,,,,,Y,Y,D,22,0,1,1,0,0,0,0,0,0,"- ","- ",38.267510000000001,-120.46736,CALAVERAS,UNINCORPORATED,-120.46658252,38.267887479999999
6858833,2015,2016-09-16,9255,2015-03-05,2020,18776,,4,2,9,0500,0,1,3,,1,021,"RT 4","APPALOOSA RD",911.00,E,N,A,-,Y,CAL,10,4,-,-,16.040,H,-,E,Y,3,0,1,1,A,-,01,23152,A,N,E,I,A,A,H,-,D,D,0,,,,,Y,Y,A,01,0,1,0,0,0,0,0,0,0,"- ","- ",38.050699999999999,-120.62793000000001,CALAVERAS,UNINCORPORATED,-120.6278117,38.050716809999997
6861038,2015,2016-09-14,9255,2015-03-22,2315,20142,,7,3,9,0500,0,1,3,,2,030,"RT 49","RT 26",0.00,,Y,A,-,Y,CAL,10,49,-,-,18.069,I,5,S,Y,4,0,1,2,A,-,09,21802,A,N,D,C,A,A,H,-,A,A,0,,,,,Y,,D,22,0,0,1,0,0,0,0,0,0,"- ","- ",38.297870000000003,-120.70486,CALAVERAS,UNINCORPORATED,-120.6672228,38.180564850000003
6865862,2015,2015-04-09,9255,2015-03-26,1515,17324,,4,2,9,0500,0,3,5,,2,004,"MAIN ST","CHURCH ST",11.00,W,N,A,-,N,,,,,,,,,,Y,4,0,1,2,A,-,09,21801,A,N,A,C,A,A,H,-,A,D,0,,,,,Y,,A,01,0,0,1,0,0,0,0,0,0,"- ","- ",38.138069999999999,-120.46778999999999,CALAVERAS,UNINCORPORATED,-120.70648002999999,38.299974249999998
6865866,2015,2015-04-09,9255,2015-03-26,0930,13556,,4,1,9,0500,0,3,5,,2,003,"PINE ST","MARIPOSA ST",500.00,S,N,A,-,N,,,,,,,,,,N,3,0,1,2,A,-,09,21804,A,N,D,G,A,A,H,-,A,D,0,,Y,,,Y,,L,04,0,1,0,0,0,0,1,0,0,"- ","- ",38.45879,-120.62938,CALAVERAS,UNINCORPORATED,-120.68396734,38.194827940000003
6866342,2015,2015-04-23,9255,2015-04-04,0914,13401,,6,1,9,0500,0,3,5,,2,003,"DOSTER RD","HAWVER RD",1056.00,E,N,A,-,N,,,,,,,,,,N,3,0,3,2,A,-,05,21650,,N,A,C,A,A,H,-,A,D,0,,,,,Y,,D,22,0,2,1,0,0,0,0,0,0,"- ","- ",38.246569999999998,-120.64516999999999,CALAVERAS,UNINCORPORATED,-120.64539866,38.24704303
6869205,2015,2016-11-02,9255,2015-04-02,1209,15546,,4,1,9,0500,0,1,3,,2,040,"RT 4","ALLEN LN",70.00,E,N,A,-,Y,CAL,10,4,-,-,29.150,H,-,E,Y,4,0,2,2,A,-,03,22350,,N,C,C,A,A,H,-,A,D,0,,,,,Y,,D,22,0,0,2,0,0,0,0,0,0,"- ","- ",38.13335,-120.45534000000001,CALAVERAS,UNINCORPORATED,-120.45504814,38.132871170000001
6869245,2015,2016-09-14,9255,2015-03-25,1835,013939,,3,2,9,0500,0,1,3,,1,011,"RT 26","QUAIL OAKS RD",0.00,,Y,A,-,Y,CAL,10,26,-,-,8.530,I,5,E,Y,4,0,1,2,A,-,03,22350,,N,C,C,A,A,H,-,A,D,0,,,,,Y,,D,22,0,0,1,0,0,0,0,0,0,"- ","- ",38.191330000000001,-120.67106,CALAVERAS,UNINCORPORATED,-120.83798496,38.170013070000003
6870562,2015,2016-09-16,9255,2015-03-25,0930,018776,,3,1,9,0500,0,1,3,,1,010,"RT 12","LIME CREEK RD",995.00,W,N,A,-,Y,CAL,10,12,-,-,11.340,H,-,E,Y,4,0,1,1,A,-,08,22107,,N,E,I,A,A,H,-,A,D,0,,,,,Y,,A,01,0,0,1,0,0,0,0,0,0,"- ","- ",38.196379999999998,-120.80289,CALAVERAS,UNINCORPORATED,-120.8047862,38.195931330000001
6870566,2015,2016-09-14,9255,2015-03-28,1840,013939,,6,2,9,0500,0,1,3,,2,030,"RT 49","KNIEF LN",590.00,S,N,A,-,Y,CAL,10,49,-,-,18.100,H,-,S,Y,3,0,1,2,A,-,03,22350,,N,C,C,A,A,H,-,A,D,0,,,Y,,Y,,C,02,0,1,0,0,0,0,0,0,1,"- ","- ",38.180959999999999,-120.66739,CALAVERAS,UNINCORPORATED,-120.66757619000001,38.180915040000002
6875542,2015,2016-09-16,9255,2015-03-19,2110,013939,,4,2,9,0500,0,1,3,,1,010,"RT 12","EVANS RD",1056.00,E,N,A,-,Y,CAL,10,12,-,-,7.830,H,-,E,Y,3,0,1,1,C,-,18,,,N,E,J,A,A,H,-,D,D,0,,,,,Y,,-,"- ",0,1,0,0,0,0,0,0,0,"- ","- ",,,CALAVERAS,UNINCORPORATED,-120.86335832,38.186096550000002
6875569,2015,2016-09-16,9255,2015-03-15,2040,019557,,7,2,9,0500,0,1,3,,2,040,"RT 4","UPPER U POWERHOUSE RD",30.00,W,N,A,-,Y,CAL,10,4,-,-,31.210,H,-,W,Y,3,0,1,1,A,-,08,22107,,N,E,I,A,A,H,-,D,D,0,,,,,Y,,A,01,0,1,0,0,0,0,0,0,0,"- ","- ",,,CALAVERAS,UNINCORPORATED,-120.43705283,38.157296959999996
6875711,2015,2016-09-16,9255,2015-03-29,1125,18873,,7,1,9,0500,0,1,3,,2,040,"RT 4","UPPER UTICA POWERHOUSE RD",300.00,E,N,A,-,Y,CAL,10,4,-,-,31.380,H,-,W,Y,4,0,1,1,A,-,08,22107,,N,E,I,A,A,H,-,A,D,0,,,,,Y,,A,01,0,0,1,0,0,0,0,0,0,"- ","- ",39.158749999999998,-120.43671000000001,CALAVERAS,UNINCORPORATED,-120.43664678,38.159839580000003
6875719,2015,2015-04-15,9255,2015-03-23,1820,19557,,1,2,9,0500,0,2,4,,2,042,"PARROTS FERRY RD","MOANING CAVE RD",240.00,N,N,A,-,N,,,,,,,,,,Y,4,0,7,2,A,-,05,21460,A,N,D,C,A,A,H,-,A,D,0,,,,,Y,,A,01,0,0,7,0,0,0,0,0,0,"- ","- ",38.444879999999998,-120.27346,CALAVERAS,UNINCORPORATED,-120.45958292,38.080284200000001
6875723,2015,2016-09-14,9255,2015-03-28,1358,13556,,6,1,9,0500,0,1,3,,2,030,"RT 49","CAROL KENNEDY DR",3168.00,N,N,A,-,Y,CAL,10,49,-,-,15.780,H,-,N,Y,4,0,1,1,A,-,01,23152,A,N,E,I,A,A,H,-,A,D,0,,,,,Y,Y,A,01,0,0,1,0,0,0,0,0,0,"- ","- ",38.214419999999997,-120.69717,CALAVERAS,UNINCORPORATED,-120.64279716999999,38.154221589999999
6876909,2015,2016-11-02,9255,2015-04-07,0730,018873,,2,1,9,0500,0,1,3,,1,021,"RT 4","POOL STATION RD",1584.00,W,N,B,C,Y,CAL,10,4,-,R,14.410,H,-,W,Y,4,0,3,3,A,-,08,22107,,N,A,C,A,B,H,-,A,D,0,,,,,Y,,A,01,0,0,3,0,0,0,0,0,0,"- ","- ",38.03593,-120.64757,CALAVERAS,UNINCORPORATED,-120.64784804,38.040395940000003
6876921,2015,2016-11-05,9255,2015-04-14,2205,019389,,2,3,9,0500,0,3,5,,2,001,"BURSON RD","RT 12",7.00,S,N,A,-,Y,CAL,10,12,-,-,6.300,I,5,E,Y,4,0,1,2,A,-,09,21802,A,N,A,C,A,A,H,-,C,A,0,,,,,Y,,A,01,0,0,1,0,0,0,0,0,0,"- ","- ",38.183390000000003,-120.89042000000001,CALAVERAS,UNINCORPORATED,-120.89042603,38.18354609
6881112,2015,2015-04-27,9255,2015-04-11,0958,016918,,6,1,9,0500,0,3,5,,2,001,"SILVER RAPIDS RD","BERKESEY DR",0.00,,Y,A,-,N,,,,,,,,,,Y,2,0,1,2,A,-,11,21954,A,N,G,B,D,A,H,-,A,A,0,Y,,,,Y,,N,60,1,0,0,0,1,0,0,0,0,"- ","- ",38.160620000000002,-120.84833,CALAVERAS,UNINCORPORATED,-120.84833994,38.160629950000001
6882286,2015,2016-11-02,9255,2015-04-07,1805,019557,,2,2,9,0500,0,1,3,,1,021,"RT 4","STALLION WAY",3696.00,E,N,B,-,Y,CAL,10,4,-,-,17.140,H,-,E,Y,4,0,1,1,A,-,03,22350,,N,E,I,A,B,H,-,A,D,0,,,,,Y,,A,01,0,0,1,0,0,0,0,0,0,"- ","- ",,,CALAVERAS,UNINCORPORATED,-120.61929667,38.063506050000001
6883319,2015,2016-12-07,9255,2015-04-04,0500,13401,,6,3,9,0500,0,1,3,,1,011,"RT 26","JOSEPHINE LN",22.00,W,N,A,-,Y,CAL,10,26,-,-,3.580,H,-,E,Y,4,0,1,1,A,-,01,23152,A,N,E,I,A,A,H,-,D,D,0,,,,,Y,Y,A,01,0,0,1,0,0,0,0,0,0,"- ","- ",38.116370000000003,-120.88997000000001,CALAVERAS,UNINCORPORATED,-120.88981155,38.11615003
6883359,2015,2016-11-02,9255,2015-04-04,1100,20713,,6,1,9,0500,0,1,3,,2,050,"RT 4","SHIREWOOD LN",280.00,E,N,A,-,Y,CAL,10,4,-,-,39.630,H,-,E,Y,4,0,1,1,A,-,08,22107,,N,F,A,A,A,H,-,A,D,0,,,,,Y,,A,01,0,0,1,0,0,0,0,0,0,"- ","- ",38.13458,-120.22181,CALAVERAS,UNINCORPORATED,-120.36647993,38.23424404
6884641,2015,2016-11-02,9255,2015-04-11,1712,020713,,6,2,9,0500,0,3,5,,2,005,"MORAN RD","RT 4",30.00,S,N,A,-,Y,CAL,10,4,-,R,42.620,I,6,E,Y,4,0,1,2,A,-,08,22100,B,M,A,C,A,A,H,-,A,D,0,,,,,Y,,-,99,0,0,1,0,0,0,0,0,0,"- ","- ",,,CALAVERAS,UNINCORPORATED,-120.33371221,38.264998370000001
6884645,2015,2016-11-02,9255,2015-04-07,1810,019557,,2,2,9,0500,0,1,3,,1,020,"RT 4","RED HILL RD",3168.00,S,N,C,-,Y,CAL,10,49,-,R,3.540,H,-,S,Y,4,0,1,1,A,-,03,22350,,N,F,A,A,B,H,-,A,D,0,,,,,Y,Y,D,22,0,0,1,0,0,0,0,0,0,"- ","- ",38.137889999999999,-120.30398,CALAVERAS,UNINCORPORATED,-120.50641505,38.031508530000004
6884649,2015,2015-04-24,9255,2015-04-10,1120,016054,,5,1,9,0500,0,2,4,,2,034,"RAILROAD FLAT RD","NOBLE RD",2640.00,S,N,A,-,N,,,,,,,,,,Y,4,0,1,2,A,-,08,22107,,N,A,C,A,A,H,-,A,D,0,,,Y,,Y,,D,22,0,0,1,0,0,0,0,0,1,"- ","- ",,,CALAVERAS,UNINCORPORATED,-120.5085632,38.366671859999997
6889668,2015,2016-11-02,9255,2015-04-18,1600,020142,,6,2,9,0500,0,1,3,,1,021,"RT 4","BONANZA MINE WY",566.00,W,N,A,-,Y,CAL,10,4,-,-,12.700,H,-,E,Y,4,0,1,1,A,-,08,22107,,N,E,I,A,A,H,-,A,D,0,,,,,Y,,A,07,0,0,1,0,0,0,0,0,0,"- ","- ",38.109999999999999,-120.3835,CALAVERAS,UNINCORPORATED,-120.64292991000001,38.017220119999998
6895512,2015,2016-12-07,9255,2015-04-15,1700,013556,,3,2,9,0500,0,1,3,,2,030,"RT 49","POVERTY GULCH CT",1056.00,N,N,A,-,Y,CAL,10,49,-,-,29.140,H,-,N,Y,2,0,3,2,A,-,05,21460,A,N,A,C,A,A,H,-,A,A,0,,,,,Y,,D,22,2,1,0,0,0,0,0,0,0,"- ","- ",38.175800000000002,-120.43600000000001,CALAVERAS,UNINCORPORATED,-120.72988276,38.298280300000002
6895708,2015,2015-05-11,9255,2015-04-18,0110,013556,,6,3,9,0500,0,2,4,,1,022,"OBYRNES FERRY RD","TUOLUMNE COUNTY LINE",1056.00,N,N,A,-,N,,,,,,,,,,Y,3,0,2,1,A,-,08,22107,,N,E,I,A,A,H,-,D,A,0,,,,,Y,,A,01,0,2,0,0,0,0,0,0,0,"- ","- ",,,CALAVERAS,UNINCORPORATED,-120.57030827,37.898960959999997
6901562,2015,2016-11-02,9255,2015-04-20,1415,20142,,1,2,9,0500,0,1,3,,2,050,"RT 4","WILLOW ST",215.00,W,N,A,-,Y,CAL,10,4,-,-,41.300,H,-,E,Y,3,0,3,2,A,-,05,21460,A,N,B,C,A,A,H,-,A,D,0,,,,,Y,,A,07,0,2,1,0,0,0,0,0,0,"- ","- ",38.2545,-120.3533,CALAVERAS,UNINCORPORATED,-120.35272864,38.254845619999998
6903166,2015,2016-12-07,9255,2015-04-26,1440,015872,,7,2,9,0500,0,1,3,,2,030,"RT 49","O CONNELL LN",2640.00,S,N,A,-,Y,CAL,10,49,-,-,17.100,H,-,S,Y,3,0,3,1,A,-,08,22107,,N,F,A,A,A,H,-,A,D,0,,,,,Y,,D,22,0,2,1,0,0,0,0,0,0,"- ","- ",38.169339999999998,-120.65461000000001,CALAVERAS,UNINCORPORATED,-120.65542044999999,38.170137029999999
6907395,2015,2016-12-07,9255,2015-04-24,1545,016054,,5,2,9,0500,0,1,3,,1,020,"RT 49","GUN CLUB RD",551.00,N,N,A,-,Y,CAL,10,49,-,-,6.020,H,-,S,Y,2,0,4,1,A,-,08,22107,,N,E,I,A,A,H,-,A,D,0,,,,,Y,Y,D,22,1,0,3,0,0,0,0,0,0,"- ","- ",38.052660000000003,-120.53279999999999,CALAVERAS,UNINCORPORATED,-120.53261762,38.052481059999998
6907399,2015,2015-05-29,9255,2015-04-22,2230,13939,,3,3,9,0500,0,3,5,,2,001,"BURSON RD","CIRCLE HILL DR",0.00,,Y,A,-,N,,,,,,,,,,Y,3,0,1,1,A,-,01,23152,A,N,E,I,A,A,H,-,D,D,0,,,,,Y,Y,D,22,0,1,0,0,0,0,0,0,0,"- ","- ",38.162520000000001,-120.89559,CALAVERAS,UNINCORPORATED,-120.89563986,38.162519920000001
6907601,2015,2016-12-07,9255,2015-04-26,1155,16918,,7,1,9,0500,0,1,3,,1,020,"RT 49","TUOLUMNE CALAVERAS CO",8448.00,N,N,A,-,Y,CAL,10,49,-,-,2.790,H,-,N,N,4,0,1,1,A,-,08,22107,,N,F,A,A,A,H,-,A,D,0,,,Y,,Y,,C,02,0,0,1,0,0,0,0,0,1,"- ","- ",38.021560000000001,-120.51224999999999,CALAVERAS,UNINCORPORATED,-120.51232134999999,38.021943419999999
6909039,2015,2015-05-26,9255,2015-05-06,1705,013556,,3,2,9,0500,0,3,5,,2,004,"SIX MILE RD","OLD MURPHYS RD",4224.00,E,N,A,-,N,,,,,,,,,,Y,2,0,1,1,A,-,03,22350,,N,E,I,A,A,H,-,A,D,0,,,,,Y,,D,22,1,0,0,0,0,0,0,0,0,"- ","- ",38.109650000000002,-120.4837,CALAVERAS,UNINCORPORATED,-120.48588988,38.109839020000003
6909264,2015,2016-11-02,9255,2015-04-24,1100,16054,,5,1,9,0500,0,1,3,,2,040,"RT 4","PENNSYLVANIA GULCH RD",0.00,,Y,A,-,Y,CAL,10,4,-,-,29.240,I,5,E,Y,4,0,2,2,A,-,03,22350,,N,C,C,A,A,H,-,A,D,0,,,,,Y,,A,01,0,0,2,0,0,0,0,0,0,"- ","- ",38.134219999999999,-120.45554,CALAVERAS,UNINCORPORATED,-120.45555065000001,38.134150069999997
6916856,2015,2016-06-06,9255,2015-05-02,1235,018873,,6,1,9,0500,0,3,5,,2,002,"REEDS TPKE","RANCH RD",25.00,E,N,A,-,N,,,,,,,,,,N,4,0,1,2,A,-,03,22350,,N,C,C,A,A,H,-,A,D,0,,,,,Y,,A,07,0,0,1,0,0,0,0,0,0,"- ","- ",37.974299999999999,-120.64555,CALAVERAS,UNINCORPORATED,-120.64476593000001,37.97445681
6917003,2015,2016-11-02,9255,2015-05-12,1540,020713,,2,2,9,0500,0,1,3,,2,050,"RT 4","MEADOWMONT WY",36.00,W,N,A,-,Y,CAL,10,4,-,-,40.170,H,-,W,Y,4,0,1,1,C,-,18,,,N,E,I,A,A,H,-,A,D,0,,,,,Y,,-,"- ",0,0,1,0,0,0,0,0,0,"- ","- ",38.240729999999999,-120.36205,CALAVERAS,UNINCORPORATED,-120.36198324999999,38.240719319999997
6917007,2015,2016-12-07,9255,2015-05-14,1650,013939,,4,2,9,0500,0,1,3,,1,011,"RT 26","JOSEPHINE LN",30.00,W,N,C,-,Y,CAL,10,26,-,-,3.580,H,-,E,Y,3,0,1,1,A,-,08,22107,,N,E,I,A,B,H,-,A,D,0,,,,,Y,,D,22,0,1,0,0,0,0,0,0,0,"- ","- ",38.116239999999998,-120.88992,CALAVERAS,UNINCORPORATED,-120.88981155,38.11615003
6920294,2015,2016-09-14,0501,2015-02-14,1113,217,ANGEL,6,5,2,0501,0,0,0,,0,00B,"RT 49","DEMAREST ST",75.00,S,N,A,-,Y,CAL,10,49,-,-,8.320,H,-,S,N,4,0,1,2,A,-,03,22350,,N,C,C,A,A,H,-,A,A,0,,,,,Y,,A,01,0,0,1,0,0,0,0,0,0,"- ","- ",,,CALAVERAS,"ANGELS CAMP",-120.55421488,38.079337619999997
6920298,2015,2016-09-14,0501,2015-02-15,1138,217,ANGEL,7,5,2,0501,0,0,0,,0,00B,"RT 49","DOGTOWN RD",197.00,N,N,A,-,Y,CAL,10,49,-,-,8.760,H,-,N,Y,4,0,1,2,A,-,09,21801,A,N,B,C,A,A,H,-,A,A,0,,,,,Y,,A,01,0,0,1,0,0,0,0,0,0,"- ","- ",,,CALAVERAS,"ANGELS CAMP",-120.56015438999999,38.083473320000003
6920931,2015,2016-04-18,9255,2015-05-12,1445,18873,,2,2,9,0500,0,3,5,,2,003,"W MURRAY CREEK RD","WHISKEY SLIDE RD",2000.00,W,N,A,-,N,,,,,,,,,,Y,2,0,3,2,A,-,01,23152,B,N,A,C,A,A,H,-,A,D,0,,,,,Y,Y,A,08,2,0,1,0,0,0,0,0,0,"- ","- ",38.232379999999999,-120.58557,CALAVERAS,UNINCORPORATED,-120.57502205,38.238640160000003
6920976,2015,2015-07-01,9255,2015-05-14,1610,13556,,4,2,9,0500,0,3,5,,2,003,"SMITTY LN","WINTON RD",5.00,S,N,C,-,,,,,,,,,,,Y,4,0,1,2,A,-,03,22350,,N,D,C,A,B,H,-,A,A,0,,,,Y,Y,,A,01,0,0,1,0,0,0,0,0,0,"- ","- ",38.191360000000003,-120.67115,CALAVERAS,UNINCORPORATED,,
6923669,2015,2016-12-07,9255,2015-05-16,1815,020142,,6,2,9,0500,0,1,3,,1,020,"RT 49","RED HILL RD",5280.00,S,N,A,-,Y,CAL,10,49,-,-,3.120,H,-,N,Y,2,0,1,1,A,-,08,22107,,N,E,I,A,A,H,-,A,D,0,,,,,Y,,D,22,1,0,0,0,0,0,0,0,0,"- ","- ",38.022419999999997,-120.51276,CALAVERAS,UNINCORPORATED,-120.51215739,38.026490010000003
6923852,2015,2016-11-02,9255,2015-05-10,1145,018894,,7,1,9,0500,0,1,3,,1,021,"RT 4","LITTLE JOHN RD",0.00,,Y,A,-,Y,CAL,10,4,-,R,7.323,I,5,E,Y,4,0,2,2,A,-,09,21802,A,N,D,C,A,A,H,-,A,A,0,,,,,Y,,A,01,0,0,2,0,0,0,0,0,0,"- ","- ",37.974170000000001,-120.65375,CALAVERAS,UNINCORPORATED,-120.65382466,37.974179040000003
6927384,2015,2016-11-05,9255,2015-05-11,0605,15872,,1,1,9,0500,0,1,3,,1,010,"RT 12","RT 49",1584.00,W,N,A,-,Y,CAL,10,12,-,-,17.900,H,-,E,Y,4,0,1,1,A,-,08,22107,,N,F,A,A,A,H,-,B,D,0,,,,,Y,,A,01,0,0,1,0,0,0,0,0,0,"- ","- ",38.20702,-120.70086000000001,CALAVERAS,UNINCORPORATED,-120.70166718,38.207539939999997
6927392,2015,2015-06-08,9255,2015-05-13,1635,13556,,3,2,9,0500,0,3,5,,2,003,"WINTON RD","SKULL FLAT RD",343.00,W,N,A,-,N,,,,,,,,,,Y,2,0,1,1,A,-,01,23152,A,N,E,I,A,A,H,-,A,D,0,,,,,Y,Y,A,07,1,0,0,0,0,0,0,0,0,"- ","- ",38.403440000000003,-120.52213,CALAVERAS,UNINCORPORATED,-120.52155463,38.403432430000002
6932440,2015,2016-12-07,9255,2015-05-16,1345,18873,,6,1,9,0500,0,1,3,,1,020,"RT 49","RED HILL RD",4224.00,S,N,A,-,Y,CAL,10,49,-,R,3.740,H,-,S,Y,2,0,1,1,A,-,08,22107,,N,E,I,A,A,H,-,A,D,0,,,Y,,Y,,C,02,1,0,0,0,0,0,0,0,1,"- ","- ",38.023739999999997,-120.54340999999999,CALAVERAS,UNINCORPORATED,-120.50629422999999,38.033197659999999
6932443,2015,2016-12-07,9255,2015-05-17,1138,15872,,7,1,9,0500,0,1,3,,1,011,"RT 26","BEAL RANCH RD",2112.00,W,N,A,-,Y,CAL,10,26,-,-,11.240,H,-,W,Y,4,0,1,1,A,-,08,22107,,N,E,I,A,A,H,-,A,D,0,,,,,Y,,A,01,0,0,1,0,0,0,0,0,0,"- ","- ",38.10257,-120.49447000000001,CALAVERAS,UNINCORPORATED,-120.7615844,38.222976639999999
6937476,2015,2016-12-07,9255,2015-05-30,1745,020142,,6,2,9,0500,0,1,3,,1,011,"RT 26","CHESTNUT ST",1056.00,E,N,A,-,Y,CAL,10,26,-,-,10.190,H,-,E,N,4,0,2,2,A,-,03,22350,,N,C,C,A,A,H,-,A,D,0,,,,,Y,,D,22,0,0,2,0,0,0,0,0,0,"- ","- ",,,CALAVERAS,UNINCORPORATED,-120.82779316,38.190317229999998
6943851,2015,2015-06-27,9255,2015-05-12,1640,15872,,2,2,9,0500,0,2,4,,1,041,"MURPHYS GRADE RD","FRENCH GULCH RD",3168.00,E,N,A,-,N,,,,,,,,,,Y,2,0,3,2,A,-,09,21804,A,N,D,C,A,A,H,-,A,D,0,,,,,Y,,A,01,1,1,1,0,0,0,0,0,0,"- ","- ",38.110039999999998,-120.51040999999999,CALAVERAS,UNINCORPORATED,-120.5102684,38.110114340000003
6943855,2015,2016-11-02,9255,2015-05-23,1130,13556,,6,1,9,0500,0,1,3,,2,050,"RT 4","BLAGEN RD",500.00,W,N,B,-,Y,CAL,10,4,-,-,41.430,H,-,W,Y,3,0,1,2,A,-,03,22350,,N,C,C,A,A,H,-,A,D,0,,,,,Y,,A,01,0,1,0,0,0,0,0,0,0,"- ","- ",38.19135,-120.67113000000001,CALAVERAS,UNINCORPORATED,-120.35069658,38.255656469999998
6943863,2015,2015-06-27,9255,2015-05-20,0630,18776,,3,1,9,0500,0,3,5,,2,003,"JESUS MARIA RD","KERSTAN LN",1584.00,W,N,A,-,N,,,,,,,,,,Y,2,0,1,1,A,-,08,22107,,N,E,I,A,A,H,-,A,D,0,,,,,Y,,A,01,1,0,0,0,0,0,0,0,0,"- ","- ",38.282780000000002,-120.52752,CALAVERAS,UNINCORPORATED,-120.52858779,38.282874970000002
6944633,2015,2015-07-09,9255,2015-06-04,1600,13556,,4,2,9,0500,0,3,5,,2,001,"HARTVICKSON LN","DUNN RD",30.00,S,N,A,-,N,,,,,,,,,,N,4,0,1,2,A,-,03,22350,,N,C,C,A,A,H,-,A,D,0,,,,,Y,,D,22,0,0,1,0,0,0,0,0,0,"- ","- ",38.191380000000002,-120.67113999999999,CALAVERAS,UNINCORPORATED,-120.84055296,38.154169639999999
6945939,2015,2016-12-07,9255,2015-06-09,1320,015936,,2,1,9,0500,0,1,3,,2,030,"RT 49","GOLD RUSH LN",3168.00,N,N,B,-,Y,CAL,10,49,-,-,30.200,H,-,N,N,3,0,1,1,A,-,08,22107,,N,F,A,A,A,H,-,A,D,0,,,Y,,Y,,C,02,0,1,0,0,0,0,0,0,1,"- ","- ",38.305489999999999,-120.72722,CALAVERAS,UNINCORPORATED,-120.72718465,38.306496809999999
6946404,2015,2016-12-07,9255,2015-06-05,1215,018894,,5,1,9,0500,0,1,3,,1,011,"RT 26","JOHNSON TRL",0.00,,Y,A,-,Y,CAL,10,26,-,-,2.150,H,-,E,Y,3,0,1,2,A,-,09,21802,A,N,D,C,A,A,H,-,A,A,0,,,Y,,Y,,D,22,0,1,0,0,0,0,0,0,1,"- ","- ",38.106769999999997,-120.90859,CALAVERAS,UNINCORPORATED,-120.90862902000001,38.10702818
6946473,2015,2016-11-02,9255,2015-06-01,1630,020713,,1,2,9,0500,0,1,3,,2,050,"RT 4","LAKEMONT DR",416.00,E,N,A,-,Y,CAL,10,4,-,-,39.870,H,-,E,Y,3,0,2,2,A,-,05,21460,A,F,B,C,A,A,H,-,A,D,0,,,,,Y,,A,01,0,2,0,0,0,0,0,0,0,"- ","- ",38.236780000000003,-120.36459000000001,CALAVERAS,UNINCORPORATED,-120.36445189,38.237010750000003
6946591,2015,2016-12-07,9255,2015-06-01,1554,19525,,1,2,9,0500,0,1,3,,2,030,"RT 49","UNION MINE RD",214.00,N,N,A,-,Y,CAL,10,49,-,-,16.170,H,-,N,Y,2,0,1,1,A,-,08,22107,,N,E,I,A,A,H,-,A,D,0,,,,,Y,,D,22,1,0,0,0,0,0,0,0,0,"- ","- ",38.158580000000001,-120.6465,CALAVERAS,UNINCORPORATED,-120.64660833000001,38.158779899999999
6946742,2015,2016-11-02,9255,2015-05-25,1330,20713,,1,1,9,0500,0,1,3,,2,050,"RT 4","CEDAR LN",25.00,E,N,A,-,Y,CAL,10,4,-,-,40.060,H,-,W,Y,3,0,1,1,C,-,18,,,N,F,A,A,D,H,-,A,D,0,,,Y,,Y,,-,"- ",0,1,0,0,0,0,0,0,1,"- ","- ",38.240729999999999,-120.36205,CALAVERAS,UNINCORPORATED,-120.36270198,38.23925268
6946744,2015,2016-12-07,9255,2015-05-26,0630,15872,,2,1,9,0500,0,1,3,,1,011,"RT 26","CAMPO SECO TPKE",2640.00,W,N,A,-,Y,CAL,10,26,-,-,15.730,H,-,W,Y,4,0,1,1,A,-,08,22107,,N,F,A,A,A,H,-,A,D,0,,,,,Y,,A,07,0,0,1,0,0,0,0,0,0,"- ","- ",38.275950000000002,-120.73192,CALAVERAS,UNINCORPORATED,-120.73195583,38.276235460000002
6958573,2015,2015-07-06,9255,2015-06-06,2155,019389,,6,2,9,0500,0,3,5,,2,004,"FRENCH GULCH RD","LONE DOVE LN",2640.00,N,N,B,-,N,,,,,,,,,,Y,3,0,3,1,A,-,01,23152,F,F,E,I,A,A,H,-,D,A,0,,,,,Y,Y,D,22,0,3,0,0,0,0,0,0,0,"- ","- ",38.113509999999998,-120.5154,CALAVERAS,UNINCORPORATED,-120.51871183999999,38.113554540000003
6958577,2015,2016-12-07,9255,2015-06-16,1920,013939,,2,2,9,0500,0,1,3,,1,011,"RT 26","ANDREW LN",370.00,E,N,A,-,Y,CAL,10,26,-,-,17.570,H,-,E,Y,3,0,1,1,A,-,08,22107,,N,E,I,A,A,H,-,A,A,0,,,Y,,Y,,C,02,0,1,0,0,0,0,0,0,1,"- ","- ",38.293170000000003,-120.70735000000001,CALAVERAS,UNINCORPORATED,-120.7084345,38.29292177
6958643,2014,2015-07-09,0501,2014-11-20,1953,217,ANGEL,4,5,2,0501,0,0,0,,0,00B,"RT 49","PINE ST",12.00,S,N,C,-,Y,,,,,,,,,,Y,2,0,1,1,B,-,22,,,N,B,I,A,B,H,-,C,A,0,,,,,Y,,D,22,1,0,0,0,0,0,0,0,0,"- ","- ",,,CALAVERAS,"ANGELS CAMP",-120.54131091000001,38.070631349999999
6958647,2014,2015-07-09,0501,2014-11-13,0822,237,,4,5,2,0501,0,0,0,,0,,"RT 49","MURPHYS GRADE RD",0.00,,Y,C,-,Y,,,,,,,,,,N,4,0,1,2,A,-,12,21453,A,N,A,C,A,B,H,-,A,A,0,,,,,Y,,D,22,0,0,1,0,0,0,0,0,0,"- ","- ",,,CALAVERAS,"ANGELS CAMP",-120.554379,38.079422999999998
6959354,2015,2016-12-07,9255,2015-06-14,0030,20142,,7,3,9,0500,0,1,3,,2,031,"RT 26","WOODHOUSE MINE RD",7920.00,W,N,A,-,Y,CAL,10,26,-,-,30.040,H,-,W,Y,4,0,1,1,A,-,08,22107,,N,E,I,A,A,H,-,E,D,0,,,,,Y,,D,22,0,0,1,0,0,0,0,0,0,"- ","- ",38.369529999999997,-120.54666,CALAVERAS,UNINCORPORATED,-120.54663802,38.369331989999999
6960671,2015,2016-06-14,9255,2015-06-12,1645,013556,,5,2,9,0500,0,3,5,,2,002,"POOL STATION RD","RT 4",5808.00,N,N,A,-,N,,,,,,,,,,Y,4,0,1,1,A,-,08,22107,,N,E,I,A,A,H,-,A,D,0,,,,,Y,,D,22,0,0,1,0,0,0,0,0,0,"- ","- ",38.335999999999999,-120.3912,CALAVERAS,UNINCORPORATED,-120.65265782,38.059283929999999
6961149,2015,2015-07-11,9255,2015-06-14,1356,019525,,7,1,9,0500,0,2,4,,1,022,"O'BYRNES FERRY RD","BLACK CREEK DR",5280.00,N,N,A,-,N,,,,,,,,,,Y,4,0,2,2,A,-,05,21460,A,N,A,C,A,A,H,-,A,D,0,,,,,Y,,A,07,0,0,2,0,0,0,0,0,0,"- ","- ",37.964829999999999,-120.61899,CALAVERAS,UNINCORPORATED,-120.61871747000001,37.964489630000003
6961263,2015,2015-07-15,9255,2015-06-08,1930,020713,,1,2,9,0500,0,3,5,,2,005,"BOARDS CROSSING RD","SIERRA PKY",100.00,W,N,A,-,N,,,,,,,,,,N,4,0,1,1,A,-,08,22107,,N,F,A,A,A,H,-,A,D,0,,,Y,,Y,,C,02,0,0,1,0,0,0,0,0,1,"- ","- ",38.299030000000002,-120.26617,CALAVERAS,UNINCORPORATED,-120.26542734,38.298710739999997
6964815,2015,2016-11-02,9255,2015-06-19,1725,13556,,5,2,9,0500,0,1,3,,1,021,"RT 4","POOL STATION RD",2112.00,E,N,A,-,Y,SJ,10,4,-,-,15.120,H,-,E,Y,2,0,3,2,A,-,05,21460,A,N,A,C,A,A,H,-,A,D,0,,,,,Y,,A,01,2,1,0,0,0,0,0,0,0,"- ","- ",38.048369999999998,-120.64286,CALAVERAS,UNINCORPORATED,-121.31148355000001,37.9330766
6964819,2015,2015-07-15,9255,2015-06-18,1330,18894,,4,1,9,0500,0,2,4,,2,034,"MOUNTAIN RANCH RD","SHEEP RANCH RD",2112.00,W,N,A,-,N,,,,,,,,,,Y,2,0,1,2,A,-,03,22350,,N,D,C,A,A,H,-,A,D,0,,,Y,,Y,,C,02,1,0,0,0,0,0,0,0,1,"- ","- ",38.238680000000002,-120.51832,CALAVERAS,UNINCORPORATED,-120.51624,38.242530000000002
6965191,2015,2016-11-02,9255,2015-06-19,0630,016054,,5,1,9,0500,0,1,3,,1,021,"RT 4","HODSON RD",0.00,,Y,A,-,Y,CAL,10,4,-,R,7.323,I,5,W,N,4,0,1,2,D,-,00,,,M,G,B,D,A,H,-,A,D,0,Y,,,,Y,Y,-,"- ",0,0,1,0,1,0,0,0,0,"- ","- ",37.97419,-120.65376000000001,CALAVERAS,UNINCORPORATED,-120.65382466,37.974179040000003
6965296,2015,2015-07-11,9255,2015-06-16,2357,20142,,2,3,9,0500,0,3,5,,2,001,"EVERGREEN RD","WARREN RD",1584.00,N,N,A,-,N,,,,,,,,,,Y,4,0,1,1,A,-,08,22107,,N,E,I,A,A,H,-,D,D,0,,,,,Y,,A,01,0,0,1,0,0,0,0,0,0,"- ","- ",38.13814,-120.91336,CALAVERAS,UNINCORPORATED,-120.91330000000001,38.138329560000003
6965334,2015,2015-07-09,9255,2015-06-10,2345,19389,,3,3,9,0500,0,3,5,,2,002,"COPPER COVE DR","BLACK CREEK DR",265.00,E,N,A,-,N,,,,,,,,,,Y,3,0,1,1,A,-,01,23152,A,N,F,A,A,A,H,-,D,D,0,,,,,Y,Y,A,01,0,1,0,0,0,0,0,0,0,"- ","- ",37.93627,-120.61906999999999,CALAVERAS,UNINCORPORATED,-120.61907279,37.936274619999999
6967155,2015,2016-12-07,9255,2015-06-04,0705,18894,,4,1,9,0500,0,1,3,,1,011,"RT 26","PALOMA RD",1000.00,W,N,A,-,Y,CAL,10,26,-,-,14.090,H,-,E,Y,3,0,3,2,A,-,08,22107,,N,D,C,A,A,H,-,A,D,0,,,,,Y,,A,01,0,1,2,0,0,0,0,0,0,"- ","- ",38.255710000000001,-120.74884,CALAVERAS,UNINCORPORATED,-120.74504889000001,38.25677022
6973800,2015,2016-12-07,9255,2015-06-19,0830,018873,,5,1,9,0500,0,1,3,,2,031,"RT 26","SKY HIGH DRIVE",1584.00,W,N,A,-,Y,CAL,10,26,-,-,25.500,H,-,W,Y,3,0,1,1,A,-,08,22107,,N,E,I,A,A,H,-,A,D,0,,,,,Y,,D,22,0,1,0,0,0,0,0,0,0,"- ","- ",38.338549999999998,-120.59965,CALAVERAS,UNINCORPORATED,-120.59933545,38.338610469999999
6974677,2015,2015-07-15,9255,2015-06-20,1045,018873,,6,1,9,0500,0,3,5,,2,003,"RIDGE RD","RAYJEN LN",310.00,E,N,A,-,N,,,,,,,,,,N,2,0,1,1,A,-,08,22107,,N,F,A,A,A,H,-,A,D,0,,,Y,,Y,,C,02,1,0,0,0,0,0,0,0,1,"- ","- ",38.335920000000002,-120.54078,CALAVERAS,UNINCORPORATED,-120.53878399,38.336572859999997
6975553,2015,2016-12-07,9255,2015-06-14,1600,018022,,7,2,9,0500,0,1,3,,1,020,"RT 49","OLD HWY 49",0.00,,Y,A,-,Y,CAL,10,49,-,R,1.094,I,5,N,Y,3,0,1,1,A,-,08,22107,,M,E,J,A,A,H,-,A,A,0,,,,,Y,,A,07,0,1,0,0,0,0,0,0,0,"- ","- ",38.016469999999998,-120.5095,CALAVERAS,UNINCORPORATED,-120.50970259,38.01638947
6975926,2015,2016-11-05,9255,2015-06-23,1024,13401,,2,1,9,0500,0,1,3,,1,010,"RT 12","CENTRAL HILL RD",7.00,W,N,A,-,Y,CAL,10,12,-,-,16.360,H,-,E,Y,3,0,5,4,A,-,03,22350,,N,C,C,A,A,D,-,A,A,0,,,,,Y,,D,22,0,1,4,0,0,0,0,0,0,"- ","- ",38.200569999999999,-120.96756999999999,CALAVERAS,UNINCORPORATED,-120.72334067,38.202274610000003
6978897,2015,2016-11-05,9255,2015-06-16,1445,018022,,2,2,9,0500,0,1,3,,1,010,"RT 12","RT 26",528.00,E,N,A,-,Y,CAL,10,12,-,-,10.030,H,-,E,Y,3,0,3,2,A,-,09,21804,A,N,D,C,A,A,H,-,A,A,0,,,,,Y,,A,01,0,2,1,0,0,0,0,0,0,"- ","- ",,,CALAVERAS,UNINCORPORATED,-120.82748625000001,38.192317500000001
6978898,2015,2015-07-10,9255,2015-06-16,1400,018022,,2,2,9,0500,0,2,4,,2,034,"MOUNTAIN RANCH RD","WILLOW CREEK RD",5808.00,E,N,A,-,N,,,,,,,,,,Y,4,0,1,1,C,-,18,,,N,H,H,A,A,H,-,A,D,0,,,,,Y,,-,"- ",0,0,1,0,0,0,0,0,0,"- ","- ",,,CALAVERAS,UNINCORPORATED,-120.62396079,38.18994
6978899,2015,2016-11-05,9255,2015-06-09,1400,015872,,2,2,9,0500,0,1,3,,1,010,"RT 12","WARDS AV",2112.00,E,N,A,-,Y,CAL,10,12,-,-,1.300,H,-,W,Y,3,0,1,1,A,-,03,22350,,N,E,I,A,A,H,-,A,D,0,,,,,Y,,A,01,0,1,0,0,0,0,0,0,0,"- ","- ",38.191409999999998,-120.97287,CALAVERAS,UNINCORPORATED,-120.97256568,38.190524179999997
6978900,2015,2015-07-10,9255,2015-06-23,1755,020142,,2,2,9,0500,0,3,5,,2,001,"BLAKE LN","LEWIS WY",160.00,S,N,A,-,N,,,,,,,,,,Y,3,0,1,1,A,-,01,23152,A,N,E,I,A,A,H,-,A,D,0,,,,,Y,Y,A,01,0,1,0,0,0,0,0,0,0,"- ","- ",,,CALAVERAS,UNINCORPORATED,-120.84888748,38.166970679999999
6980232,2015,2015-07-14,9255,2015-06-28,2035,20142,,7,2,9,0500,0,3,5,,2,002,"COPPER COVE DR","PASEO VERDE DR",518.00,E,N,A,-,N,,,,,,,,,,Y,3,0,1,1,A,-,01,23152,A,N,E,I,A,A,H,-,A,D,0,,,,,Y,Y,A,07,0,1,0,0,0,0,0,0,0,"- ","- ",37.936140000000002,-120.61228,CALAVERAS,UNINCORPORATED,-120.61194603,37.936169999999997
7006001,2015,2015-07-27,9255,2015-06-01,1605,15872,,1,2,9,0500,0,1,3,,2,031,"RT 26","SANDY GULCH LN",1056.00,E,N,A,-,Y,CAL,10,26,-,-,32.260,H,-,E,Y,1,1,4,1,A,-,08,22107,,N,E,I,A,A,H,-,A,D,0,,,,,Y,,A,01,2,0,2,0,0,0,0,0,0,"- ","- ",38.275950000000002,-120.73192,CALAVERAS,UNINCORPORATED,-120.54041562,38.379041979999997
7006174,2015,2015-09-29,9255,2015-08-02,1445,20142,,7,2,9,0500,0,1,3,,2,050,"RT 4","UPPER MORAN RD",1584.00,E,N,A,-,Y,CAL,10,4,-,-,42.930,H,-,E,Y,1,1,1,2,A,-,08,22107,,N,F,A,A,A,H,-,A,D,0,,,Y,,Y,,C,02,0,0,1,0,0,0,0,1,0,"- ","- ",38.263629999999999,-120.33591,CALAVERAS,UNINCORPORATED,-120.33143914999999,38.2677823
7030913,2015,2015-08-25,0501,2015-03-12,1630,217,,4,5,2,0501,0,0,0,,0,00B,"MURPHYS GRADE RD","GARDNER LN",744.00,E,N,A,-,N,,,,,,,,,,N,4,0,4,2,A,-,03,22350,,N,C,C,A,A,H,-,A,A,0,,,,,Y,,A,01,0,0,4,0,0,0,0,0,0,"- ","- ",,,CALAVERAS,"ANGELS CAMP",-120.54843836000001,38.081784040000002
7053940,2015,2016-12-07,0501,2015-06-02,1413,238,,2,5,2,0501,0,0,0,,0,,"RT 49","BRAGG ST",90.00,N,N,A,-,Y,CAL,10,49,-,-,7.700,H,-,S,N,3,0,1,1,A,-,03,22350,,N,H,I,A,A,H,-,A,A,0,,,Y,,Y,,C,02,0,1,0,0,0,0,0,0,1,"- ","- ",,,CALAVERAS,"ANGELS CAMP",-120.54432507,38.074332169999998
7105180,2015,2017-01-13,9255,2015-09-02,1320,13556,,3,1,9,0500,0,1,3,,2,030,"RT 49","CENTER ST",5808.00,N,N,A,-,Y,CAL,10,49,-,-,49.360,H,-,N,Y,2,0,1,1,A,-,03,22350,,N,F,A,A,A,H,-,A,D,0,,,,Y,Y,,F,27,1,0,0,0,0,0,0,0,0,"- ","- ",38.181310000000003,-120.45321,CALAVERAS,UNINCORPORATED,-120.70352,38.295132639999999
8077293,2016,2017-02-03,0501,2016-03-19,0904,220,CALAV,6,5,2,0501,0,0,0,,0,,"RT 49","DOGTOWN RD",16.00,N,N,A,-,Y,CAL,10,49,-,-,8.730,H,-,S,Y,3,0,1,2,A,-,03,22350,,N,C,C,A,A,H,-,A,A,0,,,,,Y,,A,07,0,1,0,0,0,0,0,0,0,"- ","- ",,,CALAVERAS,"ANGELS CAMP",-120.55966592999999,38.083151839999999
8077302,2016,2017-02-13,0501,2016-04-30,1452,220,CALAV,6,5,2,0501,0,0,0,,0,,"RT 49","LEE LN",200.00,N,N,A,-,Y,CAL,10,49,-,-,8.210,H,-,N,N,3,0,1,2,A,-,11,21950,B,N,G,B,D,A,H,-,A,D,0,Y,,,,Y,,N,60,0,1,0,0,1,0,0,0,0,"- ","- ",,,CALAVERAS,"ANGELS CAMP",-120.5524662,38.078430050000001
8077334,2015,2017-01-14,0501,2015-09-01,1532,238,,2,5,2,0501,0,0,0,,0,0501,"RT 49","SAM'S WY",86.00,N,N,A,-,Y,CAL,10,49,-,-,7.500,H,-,S,Y,4,0,1,2,A,-,01,23152,A,N,D,C,A,A,H,-,A,D,0,,,,,Y,,A,01,0,0,1,0,0,0,0,0,0,"- ","- ",,,CALAVERAS,"ANGELS CAMP",-120.54209745,38.071998440000002
8077338,2015,2017-01-14,0501,2015-08-30,1543,238,0501,7,5,2,0501,0,0,0,,0,,"RT 49","FINNEGAN LN",548.00,S,N,A,-,Y,CAL,10,49,-,-,7.110,H,-,S,Y,3,0,1,1,A,-,01,23152,A,N,E,I,A,A,H,-,A,D,0,,,Y,,Y,Y,C,02,0,1,0,0,0,0,0,0,1,"- ","- ",,,CALAVERAS,"ANGELS CAMP",-120.53855783,38.067312059999999
8084703,2016,2017-02-11,0501,2016-01-01,1203,218,CALAV,5,5,2,0501,0,0,0,,0,00B,"RT 49","RT 4",3.00,N,N,A,-,Y,CAL,10,49,-,-,8.680,H,-,S,N,4,0,1,2,A,-,04,21703,,N,C,C,A,A,H,-,A,A,0,,,,,Y,,A,01,0,0,1,0,0,0,0,0,0,"- ","- ",,,CALAVERAS,"ANGELS CAMP",-120.55898046999999,38.082625950000001
8084772,2016,2017-02-15,0501,2016-06-02,1351,238,,4,5,2,0501,0,0,0,,0,0501,"RT 49","DOGTOWN RD",184.00,N,N,A,-,Y,CAL,10,49,-,-,8.750,H,-,N,Y,4,0,2,2,A,-,09,21804,A,N,D,C,A,A,H,-,A,A,0,,,,,Y,,A,07,0,0,2,0,0,0,0,0,0,"- ","- ",,,CALAVERAS,"ANGELS CAMP",-120.55998975,38.083367600000003
8357640,2016,2017-07-28,0501,2016-09-28,1040,207,CCSC,3,5,2,0501,0,0,0,,0,,"RT 49","MURPHYS GRADE RD",100.00,N,N,A,-,Y,CAL,10,49,-,-,8.380,H,-,S,N,4,0,1,2,A,-,03,22350,,N,C,C,A,A,H,-,A,A,0,,,,,Y,,D,22,0,0,1,0,0,0,0,0,0,"- ","- ",,,CALAVERAS,"ANGELS CAMP",-120.55495881,38.079773850000002
8364962,2017,2017-05-11,0501,2017-04-07,1538,217,ANGEL,5,5,2,0501,0,0,0,,0,00B,"TUOLUMNE AV","HILLSIDE CT",98.00,W,N,C,-,N,,,,,,,,,,N,3,0,1,2,A,-,03,22350,,N,D,G,A,B,H,-,A,A,0,,Y,,,Y,,L,04,0,1,0,0,0,0,1,0,0,"- ","- ",,,CALAVERAS,"ANGELS CAMP",-120.55454363,38.074385460000002
8381968,2017,2018-04-10,0501,2017-04-30,1557,220,CALAV,7,5,2,0501,0,0,0,,0,,"RT 49","MURPHYS GRADE RD",33.00,N,N,A,-,Y,CAL,10,49,-,-,8.340,H,-,S,Y,4,0,1,2,A,-,03,22350,,N,C,C,A,A,H,-,A,A,0,,,,,Y,,A,01,0,0,1,0,0,0,0,0,0,"- ","- ",,,CALAVERAS,"ANGELS CAMP",-120.5544883,38.079493030000002
8426445,2017,2018-06-11,0501,2017-07-05,1100,218,,3,5,2,0501,0,0,0,,0,,"RT 49","STOCKTON RD",0.00,,Y,A,-,Y,CAL,10,49,-,-,8.450,I,5,S,N,4,0,1,2,A,-,09,21804,A,N,D,C,A,A,H,-,A,A,0,,,,,Y,,A,01,0,0,1,0,0,0,0,0,0,"- ","- ",,,CALAVERAS,"ANGELS CAMP",-120.55577606999999,38.080272170000001
8463619,2017,2017-10-26,0501,2017-08-24,1454,237,,4,5,2,0501,0,0,0,,0,,"MARK TWAIN RD","GOLD CLIFF RD",0.00,,Y,A,-,N,,,,,,,,,,N,4,0,1,2,A,-,11,21950,B,N,G,B,D,A,H,-,A,A,0,Y,,,,Y,,N,60,0,0,1,0,1,0,0,0,0,"- ","- ",,,CALAVERAS,"ANGELS CAMP",-120.54758987,38.073959969999997
8465379,2018,2018-09-18,0501,2018-07-01,0500,240,,7,5,2,0501,0,0,0,,0,,"S MAIN ST","MAYO ST",5.00,N,N,A,-,Y,CAL,10,49,-,-,6.850,H,-,N,N,1,1,0,2,A,-,03,22350,,N,G,B,E,A,H,-,C,A,0,Y,,,,Y,Y,A,01,0,0,0,1,0,0,0,0,0,"- ","- ",,,CALAVERAS,"ANGELS CAMP",-120.53763580322266,38.06378173828125
8471834,2017,2018-06-05,0501,2017-08-13,1647,218,,7,5,2,0501,0,0,0,,0,,"RT 49","RT 4",50.00,N,N,A,-,Y,CAL,10,49,-,-,8.706,H,-,S,N,4,0,1,2,A,-,04,21703,,N,C,C,A,A,H,-,A,A,0,,,,,Y,,A,07,0,0,1,0,0,0,0,0,0,"- ","- ",,,CALAVERAS,"ANGELS CAMP",-120.55932176,38.08289791
8471879,2017,2018-06-05,0501,2017-08-21,1432,218,,1,5,2,0501,0,0,0,,0,,"RT 49","PARK AV",30.00,S,N,A,-,Y,CAL,10,49,-,-,69.605,H,-,S,N,4,0,1,2,A,-,21,22106,,M,C,C,A,A,H,-,A,A,0,,,,,Y,Y,-,,0,0,1,0,0,0,0,0,0,"- ","- ",,,CALAVERAS,"ANGELS CAMP",-120.53733587000001,38.065624640000003
8504550,2017,2018-07-05,0501,2017-12-15,1533,217,ANGEL,5,5,2,0501,0,0,0,,0,00B,"RT 49","STANISLAUS AV",178.00,N,N,A,-,Y,CAL,10,49,-,-,8.110,H,-,S,Y,4,0,1,2,A,-,09,21804,A,N,-,C,A,A,H,-,A,A,0,,,,,Y,,A,01,0,0,1,0,0,0,0,0,0,"- ","- ",,,CALAVERAS,"ANGELS CAMP",-120.5508827,38.077602980000002
8504960,2017,2018-07-05,0501,2017-10-18,1237,217,ANGEL,3,5,2,0501,0,0,0,,0,00B,"RT 49","PINE ST",31.00,S,N,A,-,Y,CAL,10,49,-,-,7.390,H,-,N,N,4,0,2,2,A,-,03,22350,,N,-,C,A,A,H,-,A,A,0,,,,,Y,,A,01,0,0,2,0,0,0,0,0,0,"- ","- ",,,CALAVERAS,"ANGELS CAMP",-120.54117007000001,38.070487880000002
8622287,2018,2018-05-30,0501,2018-05-03,0104,237,,4,5,2,0501,0,0,0,,0,,"GREENHORN CREEK RD","MCCAULEY RANCH RD",171.00,N,N,A,-,N,,,,,,,,,,Y,2,0,1,1,A,-,03,22350,,N,E,I,A,A,-,-,C,D,0,,,,,Y,,A,01,1,0,0,0,0,0,0,0,0,"- ","- ",,,CALAVERAS,"ANGELS CAMP",-120.55126953125,38.068370819091797
8629439,2018,2018-08-09,0501,2018-02-27,1354,218,,2,5,2,0501,0,0,0,,0,,"RT 49","DOGTOWN RD",200.00,N,N,A,-,Y,CAL,10,49,-,-,8.750,H,-,S,N,4,0,1,2,A,-,05,21650,1,N,D,G,A,A,H,-,A,A,0,,Y,,,Y,,L,04,0,0,1,0,0,0,1,0,0,"- ","- ",,,CALAVERAS,"ANGELS CAMP",-120.55998992919922,38.083366394042969
8676991,2018,2018-10-25,0501,2018-07-02,1600,238,0501,1,5,2,0501,0,0,0,,0,,"MURPHYS GRADE RD","SOUTH MAIN ST",0.00,,Y,A,-,Y,CAL,10,49,-,-,8.330,I,5,N,Y,4,0,1,2,A,-,12,21453,A,N,D,C,A,A,H,-,A,A,0,,,,,Y,,A,01,0,0,1,0,0,0,0,0,0,"- ","- ",,,CALAVERAS,"ANGELS CAMP",-120.55437469482422,38.079421997070312
8744150,2018,2019-01-30,0501,2018-10-12,0830,240,CALAV,5,5,2,0501,0,0,0,,0,,"RT 49","RT 4",96.00,N,N,A,-,Y,CAL,10,49,-,-,8.700,H,-,N,Y,4,0,1,2,A,-,03,22350,,N,C,C,A,A,H,-,A,D,0,,,,,Y,,A,01,0,0,1,0,0,0,0,0,0,"- ","- ",,,CALAVERAS,"ANGELS CAMP",-120.55924224853516,38.082836151123047
8744154,2018,2019-01-30,0501,2018-10-07,1125,240,0501,7,5,2,0501,0,0,0,,0,,"RT 49","MONTE VERDE ST",27.00,S,N,A,-,Y,CAL,10,49,-,-,8.540,I,5,S,N,3,0,1,2,A,-,10,21950,A,N,D,B,C,A,H,-,A,D,0,Y,,,,Y,,E,22,0,1,0,0,1,0,0,0,0,"- ","- ",,,CALAVERAS,"ANGELS CAMP",-120.55706024169922,38.081150054931641
90005217,2015,2015-10-19,9255,2015-07-03,0845,018776,,5,1,9,0500,0,3,5,,2,001,"BURSON RD","WARREN RD",300.00,S,N,A,-,N,,,,,,,,,,Y,4,0,1,1,A,-,03,22350,,N,F,A,A,A,H,-,A,D,0,,,Y,,Y,,C,02,0,0,1,0,0,0,0,0,1,"- ","- ",38.132860000000001,-120.90411,CALAVERAS,UNINCORPORATED,-120.90409429,38.1330575
90005453,2015,2015-10-19,9255,2015-07-04,1655,015872,,6,2,9,0500,0,3,5,,2,002,"SAWMILL ROAD","COPPERCOVE DRIVE",70.00,N,N,A,-,N,,,,,,,,,,Y,3,0,1,1,A,-,01,23152,A,N,E,I,A,A,H,-,A,D,0,,,,,Y,Y,A,01,0,1,0,0,0,0,0,0,0,"- ","- ",37.934469999999997,-120.62626,CALAVERAS,UNINCORPORATED,-120.62636704000001,37.934537040000002
90005459,2015,2015-10-19,9255,2015-07-10,1520,018873,,5,2,9,0500,0,1,3,,2,040,SR-4,"PENNSYLVANIA GULCH RD",700.00,W,N,A,-,Y,,,4,,,,,,,N,4,0,1,2,A,-,08,22107,,N,D,C,A,A,H,-,A,D,0,,,,,Y,,A,01,0,0,1,0,0,0,0,0,0,"- ","- ",38.131030000000003,-120.45443,CALAVERAS,UNINCORPORATED,-120.45435564,38.131059260000001
90005478,2015,2015-10-19,9255,2015-07-05,1434,019525,,7,2,9,0500,0,1,3,,1,010,SR-12,"CENTRAL HILL RD",1584.00,W,N,A,-,Y,,,12,,,,,,,Y,3,0,2,2,A,-,08,22107,,N,B,C,A,A,H,-,A,D,0,,,,,Y,,A,01,0,1,1,0,0,0,0,0,0,"- ","- ",38.205219999999997,-120.72713,CALAVERAS,UNINCORPORATED,-120.72716597,38.205146280000001
90005581,2015,2015-10-19,9255,2015-07-12,1925,019557,,7,2,9,0500,0,2,4,,1,022,"O'BYRNES FERRY RD.","DUCHESS DR.",941.00,S,N,A,-,N,,,,,,,,,,Y,4,0,1,1,A,-,08,22107,,N,E,I,A,A,H,-,A,D,0,,,,,Y,,D,22,0,0,1,0,0,0,0,0,0,"- ","- ",37.546779999999998,-120.34506,CALAVERAS,UNINCORPORATED,-120.58074472,37.901925210000002
90005833,2015,2017-05-08,9255,2015-07-17,1345,016054,,5,1,9,0500,0,1,3,,2,050,SR-4,"GOLDEN TORCH DR",0.00,,Y,A,-,Y,,,,,,,,,,Y,4,0,2,2,A,-,03,22350,,N,C,C,A,A,H,-,A,D,0,,,,,Y,,A,01,0,0,2,0,0,0,0,0,0,"- ","- ",38.177320000000002,-120.17140999999999,CALAVERAS,UNINCORPORATED,-120.28550998,38.295659929999999
90006067,2015,2015-10-19,9255,2015-07-25,1710,020713,,6,2,9,0500,0,3,5,,2,005,"SIERRA PKY","WIKAMI WAY",60.00,S,N,A,-,N,,,,,,,,,,Y,3,0,1,1,C,-,18,,,N,E,I,A,A,H,-,A,D,0,,,,,Y,,-,"- ",0,1,0,0,0,0,0,0,0,"- ","- ",38.297919999999998,-120.26596000000001,CALAVERAS,UNINCORPORATED,-120.26612265999999,38.297807509999998
90006068,2015,2015-10-19,9255,2015-07-21,0804,019389,,2,1,9,0500,0,1,3,,2,030,SR-49,"CAROL KENNEDY RD",2640.00,N,N,A,-,Y,,,49,,,,,,,Y,4,0,1,1,A,-,08,22107,,N,E,I,A,A,H,-,A,D,0,,,,,Y,,A,01,0,0,1,0,0,0,0,0,0,"- ","- ",38.154490000000003,-120.64312,CALAVERAS,UNINCORPORATED,-120.64294425,38.154565220000002
90006165,2015,2015-10-19,9255,2015-07-27,1440,019389,,1,2,9,0500,0,3,5,,2,002,"LITTLE JOHN RD","QUIVER ST",3696.00,N,N,A,-,N,,,,,,,,,,Y,3,0,1,1,A,-,08,22107,,N,E,I,A,A,H,-,A,D,0,,,,,Y,,A,01,0,1,0,0,0,0,0,0,0,"- ","- ",37.945369999999997,-120.65006,CALAVERAS,UNINCORPORATED,-120.65005669999999,37.944737379999999
90006394,2015,2015-10-19,9255,2015-07-28,1715,013939,,2,2,9,0500,0,1,3,,2,030,SR-49,"UNION MINE ROAD",1056.00,N,N,A,-,Y,,,49,,,,,,,Y,3,0,1,3,A,-,03,22350,,N,C,C,A,A,H,-,A,D,0,,,,,Y,,D,22,0,1,0,0,0,0,0,0,0,"- ","- ",38.16133,-120.64838,CALAVERAS,UNINCORPORATED,-120.64843902,38.161278469999999
90006633,2015,2015-10-19,9255,2015-07-26,2210,019557,,7,3,9,0500,0,3,5,,2,100,"NEW HOGAN PKWY","S. PETERSBURG DR.",1056.00,S,N,A,-,N,,,,,,,,,,Y,3,0,1,1,A,-,08,22107,,N,E,I,A,A,H,-,D,D,0,,,,,Y,,A,01,0,1,0,0,0,0,0,0,0,"- ","- ",38.101759999999999,-120.47546,CALAVERAS,UNINCORPORATED,-120.79857033,38.172535449999998
90006826,2015,2015-10-19,9255,2015-07-05,0745,018894,,7,1,9,0500,0,1,3,,1,011,"STATE ROUTE 26","FARRIS DR",1056.00,E,N,A,-,Y,,,26,,,,,,,Y,3,0,1,1,A,-,08,22107,,N,F,A,A,A,H,-,A,D,0,,,,,Y,,A,07,0,1,0,0,0,0,0,0,0,"- ","- ",38.151899999999998,-120.8567,CALAVERAS,UNINCORPORATED,-120.8566788,38.15187306
90006841,2015,2015-10-19,9255,2015-07-31,1825,017324,,5,2,9,0500,0,1,3,,2,050,"STATE ROUTE 4","MEADOWMONT WAY",0.00,,Y,A,-,Y,,,4,,,,,,,N,4,0,1,2,A,-,09,21802,A,N,F,A,A,A,H,-,A,A,0,,,Y,,Y,,A,07,0,0,1,0,0,0,0,0,1,"- ","- ",38.240929999999999,-120.36221,CALAVERAS,UNINCORPORATED,-120.36194571,38.240792579999997
90007002,2015,2015-10-19,9255,2015-08-03,1300,020142,,1,1,9,0500,0,1,3,,2,030,SR-49,"TREAT AVE",528.00,S,N,A,-,Y,,,49,,,,,,,N,4,0,1,2,A,-,09,21804,A,N,D,C,A,A,H,-,A,D,0,,,,,Y,,A,01,0,0,1,0,0,0,0,0,0,"- ","- ",38.192990000000002,-120.67668,CALAVERAS,UNINCORPORATED,-120.67657256,38.193076499999997
90007109,2015,2015-10-19,9255,2015-07-24,1535,018776,,5,2,9,0500,0,1,3,,2,040,"SR-4 W/B","PENNSYLVANIA GULCH RD",5.00,E,N,A,-,Y,,,4,,,,,,W,Y,3,0,1,2,A,-,03,22350,,N,C,C,A,A,H,-,A,D,0,,,,,Y,,A,01,0,1,0,0,0,0,0,0,0,"- ","- ",38.134210000000003,-120.45560999999999,CALAVERAS,UNINCORPORATED,-120.45558346999999,38.134222090000002
90007296,2015,2015-10-29,9255,2015-07-19,1324,019525,,7,1,9,0500,0,2,4,,2,034,"RAILROAD FLAT RD","JUNE AVE",178.00,N,N,A,-,N,,,,,,,,,,Y,4,0,1,2,A,-,01,23152,A,N,D,C,A,A,H,-,A,D,0,,,,,Y,Y,D,22,0,0,1,0,0,0,0,0,0,"- ","- ",38.387300000000003,-120.52432,CALAVERAS,UNINCORPORATED,-120.52599375,38.38466081
90007534,2015,2015-10-19,9255,2015-07-30,0940,018776,,4,1,9,0500,0,1,3,,2,040,"SR-4 E/B","DARBY RUSSELL RD",300.00,W,N,A,-,Y,,,4,,,,,,E,Y,4,0,1,1,A,-,08,22107,,N,E,I,A,A,H,-,A,D,0,,,,,Y,,A,07,0,0,1,0,0,0,0,0,0,"- ","- ",38.178019999999997,-120.38482,CALAVERAS,UNINCORPORATED,-120.38482318,38.178035520000002
90007840,2015,2015-10-19,9255,2015-08-08,1630,020142,,6,2,9,0500,0,1,3,,1,021,SR-4,"POOL STATION RD",1584.00,W,N,A,-,Y,,,4,,,,,,,Y,2,0,2,1,A,-,03,22350,,N,F,I,A,A,H,-,A,D,0,,,Y,,Y,,C,02,1,1,0,0,0,0,0,0,2,"- ","- ",38.040190000000003,-120.64785000000001,CALAVERAS,UNINCORPORATED,-120.64784648,38.040190559999999
90008056,2015,2015-10-19,9255,2015-08-08,1730,018022,,6,2,9,0500,0,3,5,,2,001,"BURSON ROAD","SOUTHWORTH RD",1056.00,S,N,A,-,N,,,,,,,,,,Y,2,0,1,1,A,-,01,23152,E,N,E,I,A,A,H,-,A,D,0,,,,,Y,,D,22,1,0,0,0,0,0,0,0,0,"- ","- ",38.146090000000001,-120.90039,CALAVERAS,UNINCORPORATED,-120.90032718000001,38.145991119999998
90008125,2015,2015-10-19,9255,2015-08-08,1805,018022,,6,2,9,0500,0,3,5,,2,001,"SOUTHWORTH RD","PETTINGER ROAD",0.00,,Y,A,-,N,,,,,,,,,,Y,3,0,1,2,A,-,09,21802,A,N,D,C,A,A,H,-,A,A,0,,,,,Y,,D,22,0,1,0,0,0,0,0,0,0,"- ","- ",38.148670000000003,-120.91798,CALAVERAS,UNINCORPORATED,-120.91792988,38.148579990000002
90008133,2015,2015-10-19,9255,2015-08-04,1650,015872,,2,2,9,0500,0,1,3,,2,030,SR-49,"DEL ORTO ROAD",6336.00,N,N,A,-,Y,,,,,,,,,,Y,3,0,1,1,A,-,08,22107,,N,F,A,A,A,H,-,A,D,0,,,Y,,Y,,C,02,0,1,0,0,0,0,0,0,1,"- ","- ",38.191380000000002,-120.67113999999999,CALAVERAS,UNINCORPORATED,-120.70389079,38.293722099999997
90008152,2015,2015-10-19,9255,2015-08-10,1055,019389,,1,1,9,0500,0,1,3,,2,030,SR-49,"BIG BAR RD",2640.00,S,N,A,-,Y,,,49,,,,,,,Y,4,0,1,1,A,-,08,22107,,N,E,I,A,A,H,-,A,D,0,,,,,Y,,A,07,0,0,1,0,0,0,0,0,0,"- ","- ",38.307479999999998,-120.72533,CALAVERAS,UNINCORPORATED,-120.72522042999999,38.307466419999997
90009114,2015,2015-10-19,9255,2015-08-07,1825,019557,,5,2,9,0500,0,1,3,,1,020,SR-49,"DEER CREEK RD.",1056.00,N,N,A,-,Y,,,,,,,,,,Y,4,0,1,1,A,-,08,22107,,N,F,A,A,A,H,-,A,D,0,,,,,Y,,A,07,0,0,1,0,0,0,0,0,0,"- ","- ",38.694699999999997,-120.35297,CALAVERAS,UNINCORPORATED,-120.59143066,38.102659000000003
90009115,2015,2015-10-19,9255,2015-08-06,1810,018492,,4,2,9,0500,0,1,3,,2,050,SR-4,"RED TAIL HAWK RD",285.00,E,N,B,-,Y,,,4,,,,,,,Y,2,0,1,1,A,-,08,22107,,N,E,I,A,A,H,-,A,D,0,,,,,Y,,A,01,1,0,0,0,0,0,0,0,0,"- ","- ",38.221910000000001,-120.36915999999999,CALAVERAS,UNINCORPORATED,-120.36906931,38.221897689999999
90009221,2015,2015-10-19,9255,2015-08-07,1030,018492,,5,1,9,0500,0,1,3,,2,050,SR-4,"BLACK SPRINGS RD",4224.00,E,N,A,-,Y,,,4,,,,,,,Y,3,0,1,1,A,-,08,22107,,N,E,I,A,A,H,-,D,D,0,,,,,Y,,A,01,0,1,0,0,0,0,0,0,0,"- ","- ",38.381659999999997,-120.18494,CALAVERAS,UNINCORPORATED,-120.18501096,38.38173141
90009904,2015,2015-10-19,9255,2015-08-12,0600,019525,,3,1,9,0500,0,1,3,,1,010,SR-12,SR-49,3696.00,W,N,A,-,Y,,,12,,,,,,,Y,4,0,1,1,A,-,08,22107,,N,E,I,A,A,H,-,A,D,0,,,,,Y,,A,01,0,0,1,0,0,0,0,0,0,"- ","- ",38.208280000000002,-120.70871,CALAVERAS,UNINCORPORATED,-120.70867697,38.20824211
90009906,2015,2015-10-19,9255,2015-08-01,1005,019525,,6,1,9,0500,0,1,3,,2,050,SR-4,"BIG TREES PKY",3168.00,W,N,A,-,Y,,,4,,,,,,,Y,3,0,1,2,A,-,05,21651,A,N,B,C,A,A,H,-,A,D,0,,,,,Y,,A,01,0,1,0,0,0,0,0,0,0,"- ","- ",38.273870000000002,-120.31762000000001,CALAVERAS,UNINCORPORATED,-120.31761328,38.273855930000003
90009933,2015,2015-10-19,9255,2015-08-14,1400,013556,,5,2,9,0500,0,3,5,,2,005,"VENADO DR","SULTANA RD",300.00,S,N,A,-,N,,,,,,,,,,Y,4,0,1,2,A,-,05,21650,,N,A,C,A,A,H,-,A,D,0,,,,,Y,,A,07,0,0,1,0,0,0,0,0,0,"- ","- ",38.142400000000002,-120.22190000000001,CALAVERAS,UNINCORPORATED,-120.37269000000001,38.240166649999999
90010329,2015,2015-10-19,9255,2015-08-14,1437,019525,,5,2,9,0500,0,3,5,,2,001,"VISTA DEL LAGO DR","GREENBRIAR RD",60.00,N,N,A,-,N,,,,,,,,,,Y,3,0,1,1,A,-,08,22107,,N,E,I,A,A,H,-,A,D,0,,,,,Y,,A,01,0,1,0,0,0,0,0,0,0,"- ","- ",38.16619,-120.83519,CALAVERAS,UNINCORPORATED,-120.83702604,38.167209389999996
90010851,2015,2015-10-19,9255,2015-08-18,1520,020142,,2,2,9,0500,0,1,3,,1,021,SR-4,"ROCK CREEK RD",2112.00,E,N,A,-,Y,,,4,,,,,,,Y,2,0,2,1,A,-,08,22107,,N,E,I,A,A,H,-,A,D,0,,,,,Y,,A,01,2,0,0,0,0,0,0,0,0,"- ","- ",37.988610000000001,-120.64897999999999,CALAVERAS,UNINCORPORATED,-120.64850479,37.988876580000003
90010854,2015,2015-10-19,9255,2015-08-22,1428,020142,,6,2,9,0500,0,3,5,,2,001,"JENNY LIND RD","KIRBY ST",0.00,,Y,A,-,N,,,,,,,,,,Y,3,0,1,2,A,-,03,22350,,N,C,C,A,A,H,-,A,D,0,,,,,Y,,A,01,0,1,0,0,0,0,0,0,0,"- ","- ",38.11063,-120.87936999999999,CALAVERAS,UNINCORPORATED,-120.87923991,38.111149900000001
90012046,2015,2015-10-19,9255,2015-08-20,1415,013556,,4,2,9,0500,0,3,5,,2,001,"DAPHNE ST","CHESTNUT ST",0.00,,Y,A,-,N,,,,,,,,,,N,4,0,1,2,A,-,09,21802,A,N,D,G,A,A,H,-,A,A,0,,Y,,,Y,,A,01,0,0,1,0,0,0,1,0,0,"- ","- ",38.113460000000003,-120.49454,CALAVERAS,UNINCORPORATED,-120.82923986,38.192909929999999
90012051,2015,2015-10-19,9255,2015-08-21,1335,013556,,5,1,9,0500,0,1,3,,2,030,SR-49,"BEVERLYNN LN",52.00,N,N,A,-,Y,,,,,,,,,,Y,3,0,1,1,A,-,08,22107,,N,E,I,A,A,H,-,A,D,0,,,,,Y,,A,01,0,1,0,0,0,0,0,0,0,"- ","- ",38.19088,-120.83228,CALAVERAS,UNINCORPORATED,-120.70896209999999,38.231812099999999
90013936,2015,2015-10-19,9255,2015-08-22,1310,018492,,6,1,9,0500,0,3,5,,2,005,"FR-7N01 (SPICER RESERVOIR ROAD)","FR-7N01C (COW CAMP RD)",140.00,N,N,A,-,N,,,,,,,,,,N,3,0,1,1,A,-,03,22350,,N,F,A,A,A,H,-,A,D,0,,,Y,,Y,,C,02,0,1,0,0,0,0,0,0,1,"- ","- ",38.432009999999998,-120.05959,CALAVERAS,UNINCORPORATED,-120.05977482,38.431845559999999
90015189,2015,2015-10-19,9255,2015-09-07,1345,018022,,1,1,9,0500,0,1,3,,1,010,SR-12,"OAK LEAF LANE",200.00,E,N,A,-,Y,,,12,,,,,,,Y,4,0,2,1,A,-,08,22107,,N,E,I,A,A,H,-,A,D,0,,,,,Y,,A,01,0,0,2,0,0,0,0,0,0,"- ","- ",38.185360000000003,-120.85999,CALAVERAS,UNINCORPORATED,-120.85998558999999,38.185387339999998
90015571,2015,2015-10-19,9255,2015-08-30,0839,013401,,7,1,9,0500,0,1,3,,1,020,SR-49,"FOURTH CROSSING RD",2640.00,S,N,A,-,Y,,,,,,,,,,Y,2,0,1,1,A,-,08,22107,,N,E,I,A,A,H,-,A,D,0,,,,,Y,,A,01,1,0,0,0,0,0,0,0,0,"- ","- ",38.532769999999999,-120.37107,CALAVERAS,UNINCORPORATED,-120.63063661,38.12625826
90019093,2015,2015-10-19,9255,2015-09-08,2025,017324,,2,2,9,0500,0,1,3,,2,031,"STATE ROUTE 26","NIDEROST LANE",1056.00,E,N,A,-,Y,,,26,,,,,,,Y,3,0,1,1,A,-,01,23152,A,N,E,I,A,A,H,-,D,D,0,,,,,Y,Y,A,01,0,1,0,0,0,0,0,0,0,"- ","- ",38.414920000000002,-120.54371,CALAVERAS,UNINCORPORATED,-120.54373065999999,38.41479039
90019101,2015,2015-10-19,9255,2015-09-08,1645,020142,,2,2,9,0500,0,1,3,,2,031,SR-26,"TOLOMA CT",56.00,E,N,A,-,Y,,,,,,,,,,Y,2,0,1,1,A,-,08,22107,,N,E,I,A,A,H,-,A,A,0,,,Y,,Y,,C,02,1,0,0,0,0,0,0,0,1,"- ","- ",38.241610000000001,-120.3145,CALAVERAS,UNINCORPORATED,,
90019140,2015,2015-10-19,9255,2015-09-10,1510,020142,,4,2,9,0500,0,2,4,,2,034,"RAILROAD FLAT RD","WHARREGARD RD",0.00,,Y,A,-,N,,,,,,,,,,Y,3,0,2,1,A,-,08,22107,,N,E,I,A,A,H,-,A,D,0,,,,,Y,,D,22,0,2,0,0,0,0,0,0,0,"- ","- ",38.174410000000002,-120.29470999999999,CALAVERAS,UNINCORPORATED,-120.49626994,38.295549880000003
90019818,2015,2015-10-19,9255,2015-09-05,0945,015872,,6,1,9,0500,0,2,4,,2,034,"RAILROAD FLAT ROAD","INDEPENDENCE ROAD",457.00,N,N,A,-,N,,,,,,,,,,Y,3,0,1,1,A,-,08,22107,,N,F,A,A,A,H,-,A,D,0,,,Y,,Y,,C,02,0,1,0,0,0,0,0,0,1,"- ","- ",38.350020000000001,-120.51275,CALAVERAS,UNINCORPORATED,-120.51270502,38.350006700000002
90019821,2015,2015-10-19,9255,2015-09-03,2255,013939,,4,3,9,0500,0,1,3,,2,040,SR-4,"NORTHWOOD DRIVE (E)",980.00,W,N,A,-,Y,,,4,,,,,,,Y,4,0,1,1,A,-,08,22107,,N,E,I,A,A,H,-,D,D,0,,,,,Y,,A,08,0,0,1,0,0,0,0,0,0,"- ","- ",38.173859999999998,-120.39563,CALAVERAS,UNINCORPORATED,-120.39563599,38.173868210000002
90019831,2015,2015-10-19,9255,2015-09-16,0800,020142,,3,1,9,0500,0,1,3,,1,020,SR-49,"COPELLO DR",3168.00,N,N,A,-,Y,,,,,,,,,,Y,4,0,1,2,A,-,09,21801,A,N,D,C,A,A,H,-,A,D,0,,,,,Y,,A,01,0,0,1,0,0,0,0,0,0,"- ","- ",38.530000000000001,-120.3446,CALAVERAS,UNINCORPORATED,-120.57939291,38.091843240000003
90019947,2015,2015-10-19,9255,2015-09-17,1500,013556,,4,2,9,0500,0,1,3,,1,020,SR-49,"WHITTLE RD",2640.00,N,N,A,-,Y,,,,,,,,,,Y,4,0,1,1,A,-,08,22107,,N,E,I,A,A,H,-,A,D,0,,,,,Y,,A,01,0,0,1,0,0,0,0,0,0,"- ","- ",38.315750000000001,-120.32431,CALAVERAS,UNINCORPORATED,-120.53171396,38.051402959999997
90019982,2015,2015-10-19,9255,2015-09-19,1600,020142,,6,2,9,0500,0,1,3,,2,031,SR-26,"DEARDORFF RD",266.00,E,N,A,-,Y,,,,,,,,,,N,2,0,1,2,A,-,11,21954,A,N,G,B,D,A,H,-,A,D,0,Y,,,,Y,,N,60,1,0,0,0,1,0,0,0,0,"- ","- ",38.214599999999997,-120.33499999999999,CALAVERAS,UNINCORPORATED,-120.56385349999999,38.362827019999997
90020094,2015,2015-10-19,9255,2015-09-08,1115,015872,,2,1,9,0500,0,1,3,,2,030,SR-49,"CALIFORNIA STREET",100.00,N,N,A,-,Y,,,49,,,,,,,N,4,0,1,2,A,-,04,21703,,N,C,C,A,A,H,-,A,D,0,,,,,Y,,A,01,0,0,1,0,0,0,0,0,0,"- ","- ",38.195779999999999,-120.67998,CALAVERAS,UNINCORPORATED,-120.67996623000001,38.195809259999997
90022525,2015,2015-10-19,9255,2015-09-24,1200,019389,,4,1,9,0500,0,1,3,,1,020,SR-49,"COPELLO RD",4224.00,N,N,A,-,Y,,,49,,,,,,,Y,2,0,1,1,A,-,03,22350,,N,F,A,A,A,H,-,A,D,0,,,Y,,Y,,C,02,1,0,0,0,0,0,0,0,1,"- ","- ",38.094450000000002,-120.5826,CALAVERAS,UNINCORPORATED,-120.58257718999999,38.094474929999997
90022643,2015,2015-11-18,9255,2015-09-04,1355,018776,,5,1,9,0500,0,1,3,,2,040,SR-4,"UTICA POWER HOUSE RD. (LOWER)",3696.00,E,N,A,-,Y,,,4,,,,,,,Y,2,0,3,2,A,-,08,22107,,N,E,I,A,A,H,-,A,D,0,,,,,Y,,A,07,3,0,0,0,0,0,0,0,0,"- ","- ",38.1539,-120.43849,CALAVERAS,UNINCORPORATED,-120.4384816,38.153893629999999
90022650,2015,2016-01-12,9255,2015-09-18,2045,013939,,5,2,9,0500,0,1,3,,2,040,SR-4,"NORTHWOOD DRIVE (WEST)",1584.00,E,N,A,-,Y,,,4,,,,,,,Y,1,1,0,1,A,-,01,23152,A,N,E,I,A,A,H,-,D,D,0,,,,,Y,Y,A,01,0,0,0,0,0,0,0,0,0,"- ","- ",38.17313,-120.39605,CALAVERAS,UNINCORPORATED,-120.39624533,38.17343743
90022905,2015,2015-10-19,9255,2015-09-06,1000,015872,,7,1,9,0500,0,3,5,,2,003,"GOLD STRIKE ROAD","LEONARD ROAD",50.00,S,N,A,-,N,,,,,,,,,,N,3,0,1,1,A,-,08,22107,,N,E,I,A,A,H,-,A,D,0,,,Y,,Y,,C,02,0,1,0,0,0,0,0,0,1,"- ","- ",38.210979999999999,-120.68473,CALAVERAS,UNINCORPORATED,-120.68471142999999,38.210908170000003
90022926,2015,2015-10-19,9255,2015-09-22,2000,017324,,2,2,9,0500,0,2,4,,2,034,"RAILROAD FLAT RD","SWISS RANCH ROAD",4224.00,S,N,A,-,N,,,,,,,,,,Y,4,0,1,1,A,-,03,22350,,N,H,J,A,A,H,-,D,D,0,,,,,Y,,D,22,0,0,1,0,0,0,0,0,0,"- ","- ",38.154299999999999,-120.2046,CALAVERAS,UNINCORPORATED,-120.51263720999999,38.261533440000001
90024356,2015,2015-10-19,9255,2015-08-31,1530,018022,,1,2,9,0500,0,3,5,,2,003,"SKULL FLAT RD","MEADOW VIEW RD",5280.00,N,N,A,-,N,,,,,,,,,,Y,2,0,1,1,A,-,01,23152,A,N,E,I,A,A,H,-,A,D,0,,,,,Y,Y,D,22,1,0,0,0,0,0,0,0,0,"- ","- ",38.434370000000001,-120.50246,CALAVERAS,UNINCORPORATED,-120.5063371,38.431169629999999
90024888,2015,2015-10-19,9255,2015-09-30,2035,013556,,3,2,9,0500,0,3,5,,2,001,"SANDRETTO RD","CAMPO SECO RD",2640.00,N,N,A,-,N,,,,,,,,,,Y,4,0,1,1,A,-,08,22107,,N,E,I,A,A,H,-,D,D,0,,,,,Y,,A,01,0,0,1,0,0,0,0,0,0,"- ","- ",38.135379999999998,-120.50105000000001,CALAVERAS,UNINCORPORATED,-120.83897799,38.235324040000002
90025591,2015,2015-10-19,9255,2015-10-02,0850,017324,,5,1,9,0500,0,1,3,,1,021,"STATE ROUTE 4","LITTLE JOHN RD",2112.00,W,N,A,-,Y,,,,,,,,,,Y,4,0,1,1,A,-,08,22107,,N,E,I,A,A,H,-,A,D,0,,,,,Y,,A,01,0,0,1,0,0,0,0,0,0,"- ","- ",37.5871,-120.3942,CALAVERAS,UNINCORPORATED,-120.65918575000001,37.970287999999996
90025818,2015,2015-10-19,9255,2015-09-13,2213,018022,,7,3,9,0500,0,3,5,,2,004,"SIX MILE ROAD",SR-4,7920.00,N,N,A,-,N,,,,,,,,,,Y,4,0,2,1,A,-,08,22107,,N,F,A,A,A,H,-,D,D,0,,,,,Y,,A,07,0,0,2,0,0,0,0,0,0,"- ","- ",38.110489999999999,-120.47757,CALAVERAS,UNINCORPORATED,-120.49408941,38.107030780000002
90027031,2015,2015-10-19,9255,2015-10-03,1140,015872,,6,1,9,0500,0,1,3,,1,010,SR-12,SR-26,0.00,,Y,A,-,Y,,,12,,,,,,,N,3,0,1,2,A,-,09,21802,B,M,F,A,A,A,H,-,A,A,0,,,Y,,Y,,A,01,0,1,0,0,0,0,0,0,1,"- ","- ",38.19162,-120.82911,CALAVERAS,UNINCORPORATED,-120.82904048,38.191565429999997
90029140,2015,2015-10-19,9255,2015-10-01,1900,018873,,4,2,9,0500,0,1,3,,1,011,SR-26,"ST ANDREWS RD",0.00,,Y,A,-,Y,,,26,,,,,,,Y,4,0,2,2,A,-,03,22350,,N,C,C,A,A,H,-,C,D,0,,,,,Y,,A,07,0,0,2,0,0,0,0,0,0,"- ","- ",38.174039999999998,-120.83347000000001,CALAVERAS,UNINCORPORATED,-120.83347492999999,38.17404509
90031145,2015,2015-10-19,9255,2015-10-12,0055,020142,,1,3,9,0500,0,1,3,,1,011,SR-26,"JOSEPHINE LN",1056.00,E,N,A,-,Y,,,,,,,,,,Y,3,0,1,2,A,-,08,22107,,N,B,C,A,A,H,-,D,D,0,,,Y,,Y,,A,01,0,1,0,0,0,0,0,0,1,"- ","- ",38.760100000000001,-120.53700000000001,CALAVERAS,UNINCORPORATED,-120.8865241,38.117347950000003
90033484,2015,2015-10-19,9255,2015-10-03,0330,015872,,6,3,9,0500,0,2,4,,2,034,"MOUNTAIN RANCH ROAD","UPPER MICHEL ROAD",1584.00,W,N,A,-,N,,,,,,,,,,Y,3,0,1,1,A,-,01,23152,A,M,E,I,A,A,H,-,D,D,0,,,,,Y,Y,D,22,0,1,0,0,0,0,0,0,0,"- ","- ",38.219729999999998,-120.54971,CALAVERAS,UNINCORPORATED,-120.59007883,38.19114278
90034239,2015,2015-10-20,9255,2015-10-17,2025,020142,,6,2,9,0500,0,3,5,,2,001,"BURSON RD",SR-12,1584.00,S,N,A,-,N,,,,,,,,,,N,4,0,1,2,D,-,00,,,N,B,C,A,A,H,-,D,D,0,,,,,Y,,-,"- ",0,0,1,0,0,0,0,0,0,"- ","- ",38.104599999999998,-120.5326,CALAVERAS,UNINCORPORATED,-120.89058197999999,38.17921261
90034245,2015,2015-10-20,9255,2015-10-13,2000,018894,,2,2,9,0500,0,1,3,,2,050,"STATE ROUTE 4","SHIREWOOD LN",1000.00,W,N,A,-,Y,,,4,,,,,,,N,3,0,1,2,A,-,08,22107,,F,G,B,E,A,H,-,D,D,0,Y,,,,Y,,-,99,0,1,0,0,1,0,0,0,0,"- ","- ",38.232289999999999,-120.36803999999999,CALAVERAS,UNINCORPORATED,-120.36810756,38.232301579999998
90034952,2015,2015-10-20,9255,2015-10-17,0530,018022,,6,3,9,0500,0,1,3,,1,011,SR-26,"JENNY LIND ROAD",68.00,E,N,B,C,Y,,,,,,,,,,Y,3,0,2,2,A,-,01,23152,A,N,B,C,A,B,H,-,D,D,0,,,,,Y,Y,A,01,0,1,1,0,0,0,0,0,0,"- ","- ",38.722850000000001,-120.52397999999999,CALAVERAS,UNINCORPORATED,-120.87736508,38.122815580000001
90036709,2015,2015-11-09,9255,2015-09-06,1113,018022,,7,1,9,0500,0,1,3,,1,020,SR-49,"GUN CLUB RD",0.00,,Y,A,-,Y,,,,,,,,,,N,1,1,0,2,A,-,09,21801,A,N,F,A,A,A,H,-,A,D,0,,,Y,,Y,,A,01,0,0,0,0,0,0,0,1,0,"- ","- ",38.340000000000003,-120.3152,CALAVERAS,UNINCORPORATED,-120.53162992999999,38.051329920000001
90036738,2015,2015-10-22,9255,2015-09-12,1750,019557,,6,2,9,0500,0,1,3,,1,021,SR-4,"O'BYRNES FERRY ROAD",0.00,,Y,B,-,Y,,,,,,,,,,Y,1,1,5,2,A,-,12,22450,A,N,D,C,A,A,H,-,A,A,0,,,,,Y,,A,08,1,2,2,0,0,0,0,0,0,"- ","- ",37.590119999999999,-120.38433999999999,CALAVERAS,UNINCORPORATED,-120.645432,37.983393
90039063,2015,2015-10-27,9255,2015-10-15,2230,018873,,4,3,9,0500,0,1,3,,1,020,SR-49,"RED HILL RD",2925.00,S,N,A,-,Y,,,49,,,,,,,Y,4,0,1,2,A,-,03,22350,,N,D,C,A,A,H,-,C,D,0,,,Y,,Y,,C,02,0,0,1,0,0,0,0,0,1,"- ","- ",38.028840000000002,-120.50657,CALAVERAS,UNINCORPORATED,-120.50653575,38.02883791
90039711,2015,2015-10-29,9255,2015-10-26,1719,020142,,1,2,9,0500,0,1,3,,1,011,SR-26,"VISTA DEL LAGO DR",0.00,,Y,A,-,Y,,,,,,,,,,Y,3,0,3,3,A,-,01,23152,A,N,D,C,A,A,H,-,A,A,0,,,,,Y,Y,A,01,0,2,1,0,0,0,0,0,0,"- ","- ",38.107999999999997,-120.502,CALAVERAS,UNINCORPORATED,-120.83911992,38.168669970000003
90039960,2015,2015-10-29,9255,2015-10-22,1215,017324,,4,1,9,0500,0,1,3,,2,030,"STATE ROUTE 49","SAN ANTONIO CREEK",6336.00,S,N,A,-,Y,,,49,,,,,,,Y,3,0,1,1,A,-,08,22107,,N,E,I,A,A,H,-,A,D,0,,,,,Y,,A,01,0,1,0,0,0,0,0,0,0,"- ","- ",38.117170000000002,-120.6185,CALAVERAS,UNINCORPORATED,-120.6184664,38.117207809999996
90040012,2015,2015-10-29,9255,2015-10-22,1555,013556,,4,2,9,0500,0,3,5,,2,002,"REEDS TPKE",SR-4,2.00,S,N,A,-,N,,,,,,,,,,Y,3,0,1,2,A,-,09,21802,A,N,D,C,A,A,H,-,A,A,0,,,,Y,Y,,F,26,0,1,0,0,0,0,0,0,0,"- ","- ",37.582700000000003,-120.39134,CALAVERAS,UNINCORPORATED,-120.653808,37.974176999999997
90040538,2015,2015-10-29,9255,2015-10-20,1510,018022,,2,2,9,0500,0,1,3,,1,010,SR-12,"SOUTHWORTH RD",1056.00,W,N,A,-,Y,,,12,,,,,,,Y,4,0,1,1,A,-,08,22107,,N,E,J,A,A,H,-,A,D,0,,,,,Y,,A,07,0,0,1,0,0,0,0,0,0,"- ","- ",38.18065,-120.96194,CALAVERAS,UNINCORPORATED,-120.96192068000001,38.18069947
90040724,2015,2015-10-29,9255,2015-10-23,1915,016054,,5,2,9,0500,0,1,3,,1,021,SR-4,"HORSESHOE RD",5280.00,E,N,A,-,Y,,,4,,,,,,,Y,3,0,2,2,A,-,09,21801,A,N,C,C,A,A,H,-,D,D,0,,,,,Y,,A,01,0,2,0,0,0,0,0,0,0,"- ","- ",37.962470000000003,-120.67100000000001,CALAVERAS,UNINCORPORATED,-120.67099894,37.962468430000001
90040733,2015,2015-10-29,9255,2015-10-08,1700,018873,,4,2,9,0500,0,1,3,,2,030,SR-49,"CAMPO SECO TPKE",130.00,S,N,A,-,Y,,,49,,,,,,,Y,2,0,1,2,A,-,08,22107,,N,A,C,A,A,H,-,A,D,0,,,,,Y,,D,22,1,0,0,0,0,0,0,0,0,"- ","- ",38.29983,-120.71136,CALAVERAS,UNINCORPORATED,-120.71135545,38.299817470000001
90041575,2015,2015-10-30,9255,2015-10-29,0735,017324,,4,1,9,0500,0,1,3,,1,011,"STATE ROUTE 26","PALOMA ROAD",5280.00,E,N,A,-,Y,,,26,,,,,,,Y,4,0,1,1,A,-,03,22350,,N,E,I,A,A,H,-,A,D,0,,,,,Y,,A,01,0,0,1,0,0,0,0,0,0,"- ","- ",38.270609999999998,-120.73173,CALAVERAS,UNINCORPORATED,-120.73170510999999,38.270611289999998
90041586,2015,2015-10-30,9255,2015-10-23,2030,018873,,5,2,9,0500,0,3,5,,2,003,"FRICOT CITY RD","CALAVERITAS RD",3696.00,E,N,A,-,N,,,,,,,,,,Y,2,0,1,1,A,-,08,22107,,N,F,I,A,A,H,-,D,D,0,,,,,Y,,A,01,1,0,0,0,0,0,0,0,0,"- ","- ",38.154330000000002,-120.58548,CALAVERAS,UNINCORPORATED,-120.58666622,38.154108260000001
90041827,2015,2015-10-30,9255,2015-10-30,0803,013401,,5,1,9,0500,0,3,5,,2,003,SR-49,"POOL STATION RD",528.00,N,N,A,-,Y,,,,,,,,,,Y,3,0,2,2,C,-,18,,,N,E,J,A,A,H,-,A,D,0,,,,Y,Y,,-,"- ",0,2,0,0,0,0,0,0,0,"- ","- ",38.12377,-120.41327,CALAVERAS,UNINCORPORATED,-120.69432557,38.202015490000001
90043737,2015,2015-11-03,9255,2015-11-02,1420,017324,,1,2,9,0500,0,1,3,,1,020,"STATE ROUTE 49","RED HILL ROAD",1056.00,S,N,C,-,Y,,,49,,,,,,,Y,4,0,2,1,A,-,03,22350,,N,E,I,A,B,H,-,A,A,0,,,,,Y,,D,22,0,0,2,0,0,0,0,0,0,"- ","- ",38.021039999999999,-120.51326,CALAVERAS,UNINCORPORATED,-120.51324747,38.021021500000003
90043854,2015,2015-11-03,9255,2015-10-28,0320,018894,,3,3,9,0500,0,1,3,,2,031,"STATE ROUTE 26","RICH GULCH RD",2000.00,E,N,B,C,Y,,,,,,,,,,Y,4,0,1,1,A,-,08,22107,,N,E,I,A,B,H,-,D,D,0,,,,,Y,,A,01,0,0,1,0,0,0,0,0,0,"- ","- ",38.164909999999999,-120.42409000000001,CALAVERAS,UNINCORPORATED,-120.62135471000001,38.333131469999998
90043884,2015,2015-11-03,9255,2015-11-02,1540,013556,,1,2,9,0500,0,1,3,,2,030,SR-49,"CENTER ST (MOKELUMNE HILL)",7920.00,N,N,B,C,Y,,,,,,,,,,Y,3,0,1,2,A,-,03,22350,,N,A,C,A,B,H,-,A,D,0,,,,,Y,,A,01,0,1,0,0,0,0,0,0,0,"- ","- ",38.182040000000001,-120.43382,CALAVERAS,UNINCORPORATED,-120.70619961,38.289772470000003
90043921,2015,2015-11-03,9255,2015-10-31,0745,018022,,6,1,9,0500,0,1,3,,1,011,SR-26,"OLIVE BRANCH DR.",325.00,W,N,A,-,Y,,,26,,,,,,,Y,3,0,1,1,A,-,08,22107,,N,E,I,A,A,H,-,A,D,0,,,,,Y,,A,01,0,1,0,0,0,0,0,0,0,"- ","- ",38.115690000000001,-120.89373000000001,CALAVERAS,UNINCORPORATED,-120.89372714,38.115642280000003
90044642,2015,2015-11-04,9255,2015-10-27,2210,020142,,2,3,9,0500,0,1,3,,2,030,SR-49,"GOLD STRIKE RD",630.00,S,N,A,-,Y,,,49,,,,,,,Y,4,0,1,1,A,-,08,22107,,N,E,I,A,A,H,-,D,D,0,,,,,Y,,A,01,0,0,1,0,0,0,0,0,0,"- ","- ",38.226990000000001,-120.70237,CALAVERAS,UNINCORPORATED,-120.70276502,38.226758850000003
90045708,2015,2015-11-05,9255,2015-11-04,1830,013939,,3,2,9,0500,0,3,5,,2,001,SR-4,"SIX MILE ROAD",400.00,W,N,A,-,Y,,,4,,,,,,,Y,3,0,1,1,C,-,18,,,N,H,H,A,A,H,-,D,D,0,,,,,Y,,-,"- ",0,1,0,0,0,0,0,0,0,"- ","- ",38.08954,-120.50537,CALAVERAS,UNINCORPORATED,-120.5054112,38.089599620000001
90047044,2015,2015-11-12,9255,2015-11-03,1320,017324,,2,1,9,0500,0,1,3,,1,021,"STATE ROUTE 4","STALLION WAY",1584.00,E,N,A,-,Y,,,4,,,,,,,Y,4,0,3,3,A,-,03,22350,,N,C,C,A,A,H,-,A,A,0,,,,,Y,,A,01,0,0,3,0,0,0,0,0,0,"- ","- ",38.056609999999999,-120.62027,CALAVERAS,UNINCORPORATED,-120.62028854,38.056613710000001
90047309,2015,2015-11-09,9255,2015-11-09,0635,015872,,1,1,9,0500,0,1,3,,2,031,SR-26,"CENTENNIAL MINE RD",1584.00,W,N,B,-,Y,,,26,,,,,,,Y,4,0,1,1,A,-,08,22107,,N,E,I,A,B,H,-,A,D,0,,,,,Y,,A,07,0,0,1,0,0,0,0,0,0,"- ","- ",38.414630000000002,-120.54527,CALAVERAS,UNINCORPORATED,-120.54526641,38.414617270000001
90051415,2015,2015-11-16,9255,2015-11-10,1025,017324,,2,1,9,0500,0,3,5,,2,002,"ROCK CREEK RD","HUNT RD",19536.00,S,N,A,-,N,,,,,,,,,,Y,3,0,1,1,A,-,08,22107,,N,E,I,A,A,H,-,A,D,0,,,,,Y,,A,08,0,1,0,0,0,0,0,0,0,"- ","- ",38.021700000000003,-120.68465,CALAVERAS,UNINCORPORATED,-120.79911052999999,38.016978459999997
90052794,2015,2015-11-17,9255,2015-10-20,2050,018894,,2,2,9,0500,0,3,5,,2,003,"RIDGE RD","GARNER RD",403.00,W,N,A,-,N,,,,,,,,,,Y,2,0,2,2,A,-,05,21460,A,F,A,C,A,A,H,-,D,D,0,,,,,Y,,A,07,1,0,1,0,0,0,0,0,0,"- ","- ",38.33916,-120.55006,CALAVERAS,UNINCORPORATED,-120.55001899,38.339125180000003
90053372,2015,2015-11-18,9255,2015-10-17,2335,018894,,6,3,9,0500,0,1,3,,2,040,"STATE ROUTE 4","VALLECITO BYPASS RD",179.00,E,N,B,-,Y,,,4,,,,,,,Y,1,1,2,1,A,-,08,22107,,N,E,I,A,A,H,-,D,D,0,,,,,Y,,A,01,1,1,0,0,0,0,0,0,0,"- ","- ",38.092579999999998,-120.4796,CALAVERAS,UNINCORPORATED,-120.47962711,38.09254284
90054450,2015,2015-11-19,9255,2015-11-06,1302,019525,,5,1,9,0500,0,1,3,,1,010,SR-12,"CARAMEL RD",1056.00,W,N,A,-,Y,,,12,,,,,,,Y,3,0,1,3,A,-,03,22350,,N,C,C,A,A,H,-,A,D,0,,,,,Y,,A,01,0,1,0,0,0,0,0,0,0,"- ","- ",38.18385,-120.88099,CALAVERAS,UNINCORPORATED,-120.88099015,38.183851760000003
90056532,2015,2015-11-20,9255,2015-11-12,1350,018873,,4,1,9,0500,0,1,3,,1,020,SR-49,"CARSON ROCK QUARRY RD.",3800.00,S,N,A,-,Y,,,49,,,,,,,Y,4,0,1,1,A,-,08,22107,,N,F,A,A,A,H,-,A,D,0,,,,Y,Y,,F,27,0,0,1,0,0,0,0,0,0,"- ","- ",38.02131,-120.51239,CALAVERAS,UNINCORPORATED,-120.5124603,38.021375540000001
90057571,2015,2015-11-23,9255,2015-11-18,0750,013401,,3,1,9,0500,0,1,3,,2,030,SR-49,"O'CONNELL LANE",128.00,N,N,A,-,Y,,,,,,,,,,Y,3,0,1,1,A,-,01,23152,A,N,E,I,A,A,H,-,A,D,0,,,,,Y,Y,A,07,0,1,0,0,0,0,0,0,0,"- ","- ",38.103070000000002,-120.39297000000001,CALAVERAS,UNINCORPORATED,-120.66190763,38.175729560000001
90057679,2015,2015-11-23,9255,2015-11-19,1215,020142,,4,1,9,0500,0,1,3,,2,040,SR-4,"STRAWBERRY HILL RD",2.00,E,N,A,-,Y,,,4,,,,,,,N,4,0,1,2,A,-,03,22350,,N,C,C,A,A,H,-,A,D,0,,,,,Y,,A,01,0,0,1,0,0,0,0,0,0,"- ","- ",38.166840000000001,-120.41670000000001,CALAVERAS,UNINCORPORATED,-120.41675153,38.166974119999999
90057778,2015,2015-11-23,9255,2015-11-19,1728,020142,,4,2,9,0500,0,1,3,,1,020,SR-49,"FRICOT CITY RD",5808.00,S,N,A,-,Y,,,49,,,,,,,Y,4,0,1,1,A,-,08,22107,,N,F,A,A,A,H,-,D,D,0,,,,,Y,,D,22,0,0,1,0,0,0,0,0,0,"- ","- ",38.120669999999997,-120.62248,CALAVERAS,UNINCORPORATED,-120.62243458,38.120729519999998
90058402,2015,2015-11-24,9255,2015-11-22,1020,017324,,7,1,9,0500,0,3,5,,2,002,"REEDS TURNPIKE","LITTLE JOHN ROAD",408.00,E,N,A,-,N,,,,,,,,,,Y,4,0,1,2,A,-,03,22350,,N,C,C,A,A,H,-,A,D,0,,,,,Y,,A,01,0,0,1,0,0,0,0,0,0,"- ","- ",37.97392,-120.65127,CALAVERAS,UNINCORPORATED,-120.65139728,37.973758480000001
90060123,2015,2015-11-25,9255,2015-11-09,1655,015872,,1,2,9,0500,0,1,3,,1,010,SR-26,"CENTRAL HILL RD",1584.00,W,N,B,C,Y,,,,,,,,,,Y,3,0,1,1,A,-,08,22107,,N,E,I,A,B,H,-,B,D,0,,,,,Y,,A,07,0,1,0,0,0,0,0,0,0,"- ","- ",38.20628,-120.7324,CALAVERAS,UNINCORPORATED,-120.72687148999999,38.204970529999997
90060126,2015,2015-11-25,9255,2015-11-20,1408,020142,,5,2,9,0500,0,1,3,,1,020,SR-49,"RED HILL RD",5280.00,S,N,A,-,Y,,,49,,,,,,,Y,4,0,1,1,A,-,08,22107,,N,E,I,A,A,H,-,A,A,0,,,,,Y,,A,07,0,0,1,0,0,0,0,0,0,"- ","- ",38.020090000000003,-120.51376999999999,CALAVERAS,UNINCORPORATED,-120.51366613,38.020088909999998
90061883,2015,2015-12-03,9255,2015-11-20,1017,019525,,5,1,9,0500,0,1,3,,2,031,SR-26,"CHURCH ST",0.00,,Y,A,-,Y,,,26,,,,,,,Y,3,0,2,2,A,-,09,21802,A,N,D,C,A,A,H,-,A,A,0,,,,,Y,,A,01,0,1,1,0,0,0,0,0,0,"- ","- ",38.29813,-120.70347,CALAVERAS,UNINCORPORATED,-120.70346761,38.2981202
90063530,2015,2015-12-02,9255,2015-11-28,1830,018894,,6,2,9,0500,0,1,3,,1,011,"STATE ROUTE 26","HOGAN DAM RD",0.00,,Y,A,-,Y,,,26,,,,,,,N,3,0,1,1,A,-,08,22107,,N,F,A,A,A,G,-,D,D,0,,,Y,,Y,,C,02,0,1,0,0,0,0,0,0,1,"- ","- ",38.186419999999998,-120.82555000000001,CALAVERAS,UNINCORPORATED,-120.82555072,38.186419829999998
90064527,2015,2015-12-03,9255,2015-11-25,1915,013939,,3,2,9,0500,0,1,3,,2,031,SR-26,"MONTGOMERY DR",277.00,W,N,A,-,Y,,,26,,,,,,,Y,3,0,1,1,A,-,01,23152,A,N,E,I,A,B,H,-,D,D,0,,,,,Y,Y,D,22,0,1,0,0,0,0,0,0,0,"- ","- ",38.307290000000002,-120.66864,CALAVERAS,UNINCORPORATED,-120.66867843,38.307287899999999
90066717,2015,2015-12-07,9255,2015-11-25,2015,019557,,3,2,9,0500,0,1,3,,2,050,SR-4,"MC KENZIE AVE",1056.00,W,N,A,-,Y,,,,,,,,,,Y,4,0,1,1,A,-,03,22350,,N,F,A,A,C,H,-,D,D,0,,,,,Y,,A,07,0,0,1,0,0,0,0,0,0,"- ","- ",38.135019999999997,-120.22635,CALAVERAS,UNINCORPORATED,-120.36954009,38.226024670000001
90068523,2015,2015-12-09,9255,2015-12-01,1630,013556,,2,2,9,0500,0,1,3,,1,021,SR-4,"HORSESHOE DR",3696.00,W,N,A,-,Y,,,,,,,,,,Y,3,0,1,1,A,-,08,22107,,N,F,A,A,A,H,-,A,D,0,,,,,Y,,D,22,0,1,0,0,0,0,0,0,0,"- ","- ",38.565770000000001,-120.41489,CALAVERAS,UNINCORPORATED,-120.69613859,37.950447519999997
90068624,2015,2015-12-09,9255,2015-12-01,1345,018022,,2,1,9,0500,0,2,4,,1,022,"OBYRNES FERRY RD","COPPER COVE DR",0.00,,Y,A,-,N,,,,,,,,,,Y,4,0,6,2,A,-,03,22350,,N,C,C,A,A,H,-,A,D,0,,,,,Y,,M,51,0,0,6,0,0,0,0,0,0,"- ","- ",37.940190000000001,-120.60541000000001,CALAVERAS,UNINCORPORATED,-120.60543993,37.940029899999999
90068648,2015,2015-12-09,9255,2015-12-07,1620,013556,,1,2,9,0500,0,1,3,,1,011,SR-26,"PALOMA RD",2112.00,W,N,A,-,Y,,,,,,,,,,Y,3,0,1,1,A,-,08,22107,,N,E,I,A,A,H,-,A,D,0,,,,,Y,,D,22,0,1,0,0,0,0,0,0,0,"- ","- ",38.152169999999998,-120.44575,CALAVERAS,UNINCORPORATED,-120.74852224999999,38.25583993
90068835,2015,2015-12-09,9255,2015-11-21,0719,019525,,6,1,9,0500,0,1,3,,2,030,SR-49,SR-12,20.00,N,N,A,-,Y,,,49,,,,,,,Y,3,0,1,2,A,-,08,22107,,N,D,C,A,A,H,-,A,A,0,,,,,Y,,A,07,0,1,0,0,0,0,0,0,0,"- ","- ",38.205010000000001,-120.69738,CALAVERAS,UNINCORPORATED,-120.6973224,38.204985100000002
90072661,2015,2015-12-14,9255,2015-12-10,0800,016054,,4,1,9,0500,0,1,3,,1,021,SR-4,"POOL STATION RD",3168.00,E,N,C,-,Y,,,,,,,,,,Y,4,0,1,1,A,-,08,22107,,N,E,I,A,B,H,-,A,D,0,,,,,Y,,D,22,0,0,1,0,0,0,0,0,0,"- ","- ",38.283299999999997,-120.38279,CALAVERAS,UNINCORPORATED,-120.63938487999999,38.047199370000001
90072813,2015,2015-12-14,9255,2015-12-12,1129,015872,,6,1,9,0500,0,3,5,,2,001,"GARNER PLACE","FRIEDMAN WAY",15.00,N,N,A,-,N,,,,,,,,,,Y,4,0,1,2,A,-,09,21802,A,N,A,C,A,A,H,-,A,D,0,,,Y,,Y,,D,22,0,0,1,0,0,0,0,0,1,"- ","- ",38.125059999999998,-120.86663,CALAVERAS,UNINCORPORATED,-120.8731513,38.130077399999998
90072816,2015,2015-12-14,9255,2015-12-07,0820,018894,,1,1,9,0500,0,1,3,,2,030,"STATE ROUTE 49","CHURCH HILL RD",0.00,,Y,B,-,Y,,,49,,,,,,,Y,4,0,2,2,A,-,09,21802,A,N,D,C,A,A,H,-,A,A,0,,,,,Y,,A,01,0,0,2,0,0,0,0,0,0,"- ","- ",38.196170000000002,-120.68092,CALAVERAS,UNINCORPORATED,-120.68091477,38.196184270000003
90073112,2015,2015-12-15,9255,2015-12-10,1310,020142,,4,1,9,0500,0,1,3,,1,021,SR-4,"POOL STATION RD",1056.00,E,N,B,-,Y,,,,,,,,,,Y,4,0,1,1,A,-,08,22107,,N,F,A,A,B,H,-,A,D,0,,,,,Y,,A,07,0,0,1,0,0,0,0,0,0,"- ","- ",38.247999999999998,-120.3847,CALAVERAS,UNINCORPORATED,-120.6459468,38.047241319999998
90075210,2015,2015-12-16,9255,2015-12-14,0640,017324,,1,1,9,0500,0,1,3,,1,020,"STATE ROUTE 49","SAN ANTONIO CREEK",9.00,N,N,B,-,Y,,,49,,,,,,,Y,4,0,1,1,A,-,03,22350,,N,E,I,A,C,H,-,B,D,0,,,,,Y,,D,22,0,0,1,0,0,0,0,0,0,"- ","- ",38.131320000000002,-120.63475,CALAVERAS,UNINCORPORATED,-120.63470764,38.131335909999997
90078846,2015,2015-12-21,9255,2015-12-05,1925,013939,,6,2,9,0500,0,1,3,,2,030,SR-49,SR-26,0.00,,Y,A,-,Y,,,49,,,,,,,Y,4,0,2,2,A,-,09,21802,A,N,D,C,A,A,H,-,C,A,0,,,,,Y,,A,01,0,0,2,0,0,0,0,0,0,"- ","- ",38.297809999999998,-120.70462999999999,CALAVERAS,UNINCORPORATED,-120.7046343,38.297806029999997
90079297,2015,2015-12-21,9255,2015-12-12,0734,015872,,6,1,9,0500,0,3,5,,2,001,"DOUBLE SPRINGS RD",SR-26,1584.00,W,N,A,-,N,,,,,,,,,,Y,2,0,1,1,A,-,03,22350,,N,F,A,A,A,H,-,A,D,0,,,,,Y,,A,07,1,0,0,0,0,0,0,0,0,"- ","- ",38.215780000000002,-120.76951,CALAVERAS,UNINCORPORATED,-120.76878857,38.21573034
90081968,2015,2015-12-24,9255,2015-12-17,0925,018776,,4,1,9,0500,0,2,4,,2,034,"SR-26 E/B","HUMBUG CREEK RD",400.00,E,N,A,-,Y,,,26,,,,,,E,Y,3,0,1,1,A,-,03,22350,,N,E,I,A,A,H,-,A,D,0,,,,,Y,,D,22,0,1,0,0,0,0,0,0,0,"- ","- ",38.364370000000001,-120.56005,CALAVERAS,UNINCORPORATED,-120.5600728,38.364387059999999
90081969,2015,2015-12-24,9255,2015-12-16,1530,018776,,3,2,9,0500,0,3,5,,2,003,"WINTON RD","SMITTY LN",3.00,W,N,A,-,N,,,,,,,,,,Y,4,0,1,2,A,-,09,21804,A,N,D,C,A,A,H,-,A,D,0,,,,,Y,,A,01,0,0,1,0,0,0,0,0,0,"- ","- ",38.407049999999998,-120.51804,CALAVERAS,UNINCORPORATED,-120.51797569,38.40711555
90082876,2015,2015-12-28,9255,2015-12-22,1930,013556,,2,2,9,0500,0,1,3,,2,040,SR-4,"UTICA POWER HOUSE RD (UPPER)",5808.00,E,N,B,-,Y,,,4,,,,,,,Y,4,0,1,2,A,-,03,22350,,N,C,C,A,B,H,-,D,D,0,,,,,Y,,A,07,0,0,1,0,0,0,0,0,0,"- ","- ",38.164900000000003,-120.42421,CALAVERAS,UNINCORPORATED,-120.42421079,38.16494762
90083150,2015,2015-12-28,9255,2015-12-21,1215,015872,,1,1,9,0500,0,1,3,,1,011,SR-26,"HEINEMANN DR",528.00,W,N,B,C,Y,,,26,,,,,,,Y,4,0,1,1,A,-,03,22350,,N,F,A,A,B,H,-,A,D,0,,,,,Y,,A,01,0,0,1,0,0,0,0,0,0,"- ","- ",38.154809999999998,-120.85277000000001,CALAVERAS,UNINCORPORATED,-120.85274526000001,38.154786860000002
90084375,2015,2015-12-29,9255,2015-12-28,1210,015872,,1,1,9,0500,0,1,3,,1,011,SR-26,"VISTA DEL LAGO DR",0.00,,Y,B,-,Y,,,26,,,,,,,Y,4,0,1,2,A,-,09,21802,A,N,D,C,A,A,H,-,A,A,0,,,,,Y,,A,07,0,0,1,0,0,0,0,0,0,"- ","- ",38.168669999999999,-120.83915,CALAVERAS,UNINCORPORATED,-120.83914670999999,38.168666930000001
90084382,2015,2015-12-29,9255,2015-12-26,1515,015872,,6,2,9,0500,0,3,5,,2,001,"CAMPO SECO TURNPIKE",SR-49,1584.00,W,N,A,-,N,,,,,,,,,,Y,4,0,2,2,A,-,17,21662,A,N,A,C,A,A,H,-,B,D,0,,,,,Y,,A,01,0,0,2,0,0,0,0,0,0,"- ","- ",38.296840000000003,-120.71427,CALAVERAS,UNINCORPORATED,-120.71444750000001,38.29650461
90087675,2015,2016-01-04,9255,2015-12-31,1625,020142,,4,2,9,0500,0,1,3,,1,011,SR-26,"ST ANDREWS RD",40.00,E,N,A,-,Y,,,26,,,,,,,N,4,0,1,3,A,-,03,22350,,N,C,C,A,A,H,-,A,D,0,,,,,Y,,A,01,0,0,1,0,0,0,0,0,0,"- ","- ",38.17409,-120.83322,CALAVERAS,UNINCORPORATED,-120.83332109,38.17419426
90088547,2015,2016-01-05,9255,2015-12-31,1800,020142,,4,2,9,0500,0,1,3,,1,011,SR-26,"YEATON LN",5280.00,E,N,A,-,Y,,,26,,,,,,,Y,3,0,1,1,A,-,08,22107,,N,E,I,A,A,H,-,D,D,0,,,,,Y,,A,01,0,1,0,0,0,0,0,0,0,"- ","- ",38.248060000000002,-120.75563,CALAVERAS,UNINCORPORATED,-120.75558239999999,38.248050939999999
90088596,2016,2016-01-05,9255,2016-01-04,1014,019389,,1,1,9,0500,0,1,3,,2,031,SR-26,"RICH GULCH RD",3696.00,W,N,B,-,Y,,,26,,,,,,,Y,3,0,2,1,A,-,08,22107,,N,E,I,A,A,H,-,A,D,0,,,,,Y,,A,01,0,1,1,0,0,0,0,0,0,"- ","- ",38.325049999999997,-120.6369,CALAVERAS,UNINCORPORATED,-120.63689621,38.325043389999998
90089744,2015,2016-03-11,9255,2015-12-31,2245,013939,,4,3,9,0500,0,3,5,,2,001,"BARBOUR ROAD","SILVER RAPIDS ROAD",677.00,E,N,A,-,N,,,,,,,,,,Y,1,1,0,1,A,-,08,22107,,N,F,A,A,A,H,-,D,D,0,,,,,Y,Y,D,22,0,0,0,0,0,0,0,0,0,"- ","- ",38.160699999999999,-120.84504,CALAVERAS,UNINCORPORATED,-120.84532326,38.160626209999997
90091495,2015,2016-01-08,9255,2015-12-23,1415,018776,,3,2,9,0500,0,1,3,,2,030,SR-49,SR-12,1200.00,N,N,B,-,Y,,,49,,,,,,,Y,4,0,3,3,A,-,03,22350,,N,C,C,A,A,H,-,A,D,0,,,,,Y,,A,07,0,0,3,0,0,0,0,0,0,"- ","- ",38.208399999999997,-120.69718,CALAVERAS,UNINCORPORATED,-120.69719741999999,38.208400330000003
90092352,2016,2016-01-11,9255,2016-01-05,0755,018894,,2,1,9,0500,0,1,3,,1,020,"STATE ROUTE 49","TUOULUMNE/CALAVERAS COUNTY LINE",5280.00,N,N,C,-,Y,,,49,,,,,,,Y,4,0,1,1,A,-,08,22107,,N,F,A,A,B,H,-,A,D,0,,,,,Y,,A,01,0,0,1,0,0,0,0,0,0,"- ","- ",38.009790000000002,-120.50518,CALAVERAS,UNINCORPORATED,-120.50519294999999,38.009786509999998
90095113,2016,2016-01-14,9255,2016-01-08,1005,018873,,5,1,9,0500,0,1,3,,2,030,SR-49,"MOUNTAIN RANCH RD",0.00,,Y,A,-,Y,,,49,,,,,,,Y,4,0,1,2,A,-,09,21802,A,N,D,C,A,A,H,-,A,A,0,,,,Y,Y,,F,26,0,0,1,0,0,0,0,0,0,"- ","- ",38.189149999999998,-120.67458000000001,CALAVERAS,UNINCORPORATED,-120.67453276000001,38.189160620000003
90095602,2015,2016-01-14,9255,2015-12-31,1409,019525,,4,2,9,0500,0,1,3,,1,010,SR-12,"EVANS RD (WEST)",0.00,,Y,A,-,Y,,,12,,,,,,,Y,4,0,2,2,A,-,03,22350,,N,C,C,A,A,H,-,A,D,0,,,,,Y,,D,22,0,0,2,0,0,0,0,0,0,"- ","- ",38.184269999999998,-120.87237,CALAVERAS,UNINCORPORATED,-120.87237273,38.184292409999998
90098333,2016,2016-01-19,9255,2016-01-14,1650,013939,,4,2,9,0500,0,1,3,,1,011,SR-26,"JEAN STREET",353.00,W,N,B,-,Y,,,26,,,,,,,Y,4,0,1,2,A,-,03,22350,,N,C,C,A,B,H,-,A,D,0,,,,,Y,,A,01,0,0,1,0,0,0,0,0,0,"- ","- ",38.189390000000003,-120.82724,CALAVERAS,UNINCORPORATED,-120.82724895,38.189384580000002
90099151,2016,2016-01-20,9255,2016-01-06,0620,018776,,3,1,9,0500,0,1,3,,1,011,"SR-26 E/B","PALOMA RD",4224.00,E,N,B,C,Y,,,26,,,,,,E,Y,4,0,1,2,A,-,08,22107,,M,B,C,A,B,H,-,D,D,0,,,,,Y,,-,99,0,0,1,0,0,0,0,0,0,"- ","- ",38.268999999999998,-120.73148999999999,CALAVERAS,UNINCORPORATED,-120.73154243,38.269001350000003
90101904,2016,2016-01-25,9255,2016-01-17,1613,015872,,7,2,9,0500,0,1,3,,1,010,SR-12,"MEAGAN LANE",6.00,E,N,B,-,Y,,,12,,,,,,,N,2,0,1,1,A,-,01,23152,A,N,F,A,A,A,H,-,A,D,0,,,Y,,Y,Y,C,06,1,0,0,0,0,0,0,0,1,"- ","- ",38.178339999999999,-120.92574,CALAVERAS,UNINCORPORATED,-120.9257398,38.178316369999997
90102153,2016,2016-01-25,9255,2016-01-23,2300,020142,,6,3,9,0500,0,1,3,,1,021,SR-4,"POOL STATION RD",1584.00,W,N,B,-,Y,,,4,,,,,,,Y,3,0,1,1,A,-,08,22107,,N,E,I,A,B,H,-,D,D,0,,,,,Y,,A,01,0,1,0,0,0,0,0,0,0,"- ","- ",38.040019999999998,-120.64781000000001,CALAVERAS,UNINCORPORATED,-120.64780124000001,38.040022630000003
90102697,2016,2016-01-26,9255,2016-01-23,1700,013939,,6,2,9,0500,0,1,3,,1,011,SR-26,"BEAL RANCH ROAD",1056.00,E,N,B,-,Y,,,26,,,,,,,Y,4,0,1,1,A,-,08,22107,,N,E,I,A,B,H,-,A,D,0,,,,,Y,,A,01,0,0,1,0,0,0,0,0,0,"- ","- ",38.232460000000003,-120.76043,CALAVERAS,UNINCORPORATED,-120.76073005000001,38.232771479999997
90105059,2016,2016-01-28,9255,2016-01-28,0645,017324,,4,1,9,0500,0,1,3,,1,021,"STATE ROUTE 4","O'BRYNES FERRY ROAD",0.00,,Y,A,-,Y,,,,,,,,,,Y,3,0,1,2,A,-,09,21802,A,N,D,C,A,A,H,-,B,A,0,,,,,Y,,A,01,0,1,0,0,0,0,0,0,0,"- ","- ",32.983420000000002,-120.64576,CALAVERAS,UNINCORPORATED,-120.645432,37.983393
90107416,2016,2016-02-02,9255,2016-01-27,1550,018736,,3,2,9,0500,0,2,4,,2,034,"RAILROAD FLAT RD","BUCHANAN WAY",30.00,E,N,A,-,N,,,,,,,,,,Y,2,0,3,2,A,-,05,21460,A,N,A,C,A,A,H,-,A,D,0,,,,,Y,,D,22,2,0,1,0,0,0,0,0,0,"- ","- ",38.331069999999997,-120.51841,CALAVERAS,UNINCORPORATED,-120.51838656,38.331011969999999
90108772,2016,2016-02-03,9255,2016-01-19,1250,015872,,2,1,9,0500,0,3,5,,2,001,"BURSON ROAD","SOUTH CAMANCHE PARKWAY",1056.00,S,N,B,-,N,,,,,,,,,,N,4,0,1,1,A,-,03,22350,,N,F,A,A,B,H,-,A,D,0,,,,,Y,,A,01,0,0,1,0,0,0,0,0,0,"- ","- ",38.195839999999997,-120.89116,CALAVERAS,UNINCORPORATED,-120.89165069000001,38.196122870000004
90110773,2016,2016-02-08,9255,2016-02-03,1740,013556,,3,2,9,0500,0,1,3,,1,020,SR-49,"SAN ANTONIO CREEK BRIDGE 30-17",60.00,S,N,A,-,Y,,,,,,,,,,Y,3,0,1,1,A,-,08,22107,,N,E,I,A,A,H,-,B,D,0,,,,,Y,Y,D,22,0,1,0,0,0,0,0,0,0,"- ","- ",38.753999999999998,-120.386,CALAVERAS,UNINCORPORATED,,
90110880,2016,2016-02-08,9255,2016-02-01,1050,019389,,1,1,9,0500,0,1,3,,2,031,SR-26,"DEARDORFF RD",2640.00,W,N,A,-,Y,,,26,,,,,,,Y,2,0,2,2,A,-,05,21460,A,N,A,C,A,A,H,-,A,D,0,,,,,Y,,A,01,1,1,0,0,0,0,0,0,0,"- ","- ",38.358379999999997,-120.57201000000001,CALAVERAS,UNINCORPORATED,-120.5720633,38.358504119999999
90111862,2016,2016-02-09,9255,2016-02-08,1520,019389,,1,2,9,0500,0,2,4,,2,034,"RAILROAD FLAT RD","DOE RD",1584.00,S,N,A,-,N,,,,,,,,,,Y,3,0,1,1,A,-,08,22107,,N,E,I,A,A,H,-,A,D,0,,,,,Y,,A,01,0,1,0,0,0,0,0,0,0,"- ","- ",38.309350000000002,-120.50843,CALAVERAS,UNINCORPORATED,-120.51343,38.309429999999999
90111894,2016,2016-02-09,9255,2016-02-02,1230,018894,,2,1,9,0500,0,1,3,,1,011,"STATE ROUTE 26","WHITE RD",213.00,W,N,C,-,Y,,,,,,,,,,Y,3,0,4,2,A,-,03,22350,,N,C,C,A,B,H,-,A,D,0,,,,,Y,,A,01,0,3,1,0,0,0,0,0,0,"- ","- ",38.143979999999999,-120.96250000000001,CALAVERAS,UNINCORPORATED,-120.86272583,38.143670980000003
90112434,2016,2016-02-10,9255,2016-01-28,0330,019525,,4,3,9,0500,0,1,3,,1,020,SR-49,"RED HILL RD",4752.00,S,N,A,-,Y,,,49,,,,,,,Y,2,0,1,1,A,-,01,23152,E,N,E,I,A,A,H,-,D,D,0,,,,,Y,,A,08,1,0,0,0,0,0,0,0,0,"- ","- ",38.0276,-120.51076999999999,CALAVERAS,UNINCORPORATED,-120.51075126000001,38.027578990000002
90112894,2016,2016-02-10,9255,2016-02-05,1215,018492,,5,1,9,0500,0,1,3,,2,040,SR-4,"PONDEROSA WAY",30.00,W,N,A,-,Y,,,4,,,,,,,N,4,0,1,2,A,-,03,22350,,N,C,C,A,A,H,-,A,D,0,,,,,Y,,A,08,0,0,1,0,0,0,0,0,0,"- ","- ",38.091679999999997,-120.50247,CALAVERAS,UNINCORPORATED,-120.50241391,38.091541220000003
90115704,2016,2016-02-16,9255,2016-01-25,0900,015872,,1,1,9,0500,0,1,3,,1,010,SR-12,"CHESTNUT ST",1056.00,E,N,A,-,Y,,,12,,,,,,,Y,4,0,3,2,A,-,09,21804,A,N,D,C,A,A,H,-,A,D,0,,,,,Y,,A,01,0,0,3,0,0,0,0,0,0,"- ","- ",38.192529999999998,-120.82635000000001,CALAVERAS,UNINCORPORATED,-120.82634571,38.192503510000002
90116788,2016,2016-02-17,9255,2016-02-08,0435,019557,,1,3,9,0500,0,1,3,,2,030,SR-49,"BIG BAR RD.",528.00,S,N,A,-,Y,,,,,,,,,,Y,3,0,1,1,A,-,08,22107,,N,E,I,A,A,H,-,D,D,0,,,,,Y,,A,01,0,1,0,0,0,0,0,0,0,"- ","- ",38.183070000000001,-120.43316,CALAVERAS,UNINCORPORATED,-120.72160531999999,38.310564399999997
90118404,2016,2016-02-18,9255,2016-02-04,1445,018776,,4,2,9,0500,0,1,3,,2,040,SR-4,"PONDEROSA WAY",100.00,W,N,A,-,Y,,,4,,,,,,,Y,3,0,1,2,A,-,01,23152,A,F,E,I,A,A,H,-,A,D,0,,,,,Y,Y,A,01,0,1,0,0,0,0,0,0,0,"- ","- ",38.091589999999997,-120.50247,CALAVERAS,UNINCORPORATED,-120.50244121999999,38.091529170000001
90118416,2016,2016-02-18,9255,2016-02-12,0755,015872,,5,1,9,0500,0,1,3,,1,011,SR-26,"DOUBLE SPRINGS ROAD",0.00,,Y,A,-,Y,,,26,,,,,,,Y,4,0,1,3,A,-,09,21802,A,N,D,C,A,A,H,-,A,A,0,,,,,Y,,A,01,0,0,1,0,0,0,0,0,0,"- ","- ",38.2151,-120.76333,CALAVERAS,UNINCORPORATED,-120.76333246999999,38.215101449999999
90118422,2016,2016-02-18,9255,2016-02-03,1445,015872,,3,2,9,0500,0,1,3,,1,011,SR-26,"COUNTRY VIEW DR",1056.00,E,N,A,-,Y,,,26,,,,,,,N,3,0,1,1,A,-,03,22350,,N,F,A,A,A,H,-,A,D,0,,,Y,,Y,,C,02,0,1,0,0,0,0,0,0,1,"- ","- ",38.17606,-120.83137000000001,CALAVERAS,UNINCORPORATED,-120.83137648,38.176065559999998
90118453,2016,2016-02-18,9255,2016-02-05,2215,013556,,5,3,9,0500,0,1,3,,1,011,SR-26,"JENNY LIND RD",115.00,E,N,A,-,Y,,,,,,,,,,Y,4,0,1,1,A,-,01,23152,A,N,E,I,A,A,H,-,D,D,0,,,,,Y,Y,D,22,0,0,1,0,0,0,0,0,0,"- ","- ",38.722099999999998,-120.5239,CALAVERAS,UNINCORPORATED,-120.87724418000001,38.122902379999999
90118687,2016,2016-02-18,9255,2016-02-16,1745,020142,,2,2,9,0500,0,2,4,,2,034,"RAILROAD FLAT RD","PAUL RD",300.00,N,N,A,-,N,,,,,,,,,,Y,4,0,1,1,A,-,08,22107,,N,E,I,A,A,H,-,D,D,0,,,,,Y,,D,22,0,0,1,0,0,0,0,0,0,"- ","- ",38.374789999999997,-120.50978000000001,CALAVERAS,UNINCORPORATED,-120.50909803,38.374265780000002
90119616,2016,2016-02-22,9255,2016-02-12,0955,015872,,5,1,9,0500,0,1,3,,2,030,SR-49,"BUCKSKIN WAY",277.00,N,N,A,-,Y,,,49,,,,,,,Y,3,0,1,1,A,-,08,22107,,N,E,I,A,A,H,-,A,D,0,,,,,Y,,A,01,0,1,0,0,0,0,0,0,0,"- ","- ",38.17942,-120.66598,CALAVERAS,UNINCORPORATED,-120.66602646,38.179373810000001
90120563,2016,2016-02-22,9255,2016-02-20,1725,020142,,6,2,9,0500,0,1,3,,2,031,SR-26,"MONTGOMERY DR",8448.00,E,N,A,-,Y,,,26,,,,,,,Y,4,0,1,1,A,-,08,22107,,N,E,I,A,A,H,-,A,D,0,,,,,Y,,A,01,0,0,1,0,0,0,0,0,0,"- ","- ",38.317540000000001,-120.65278000000001,CALAVERAS,UNINCORPORATED,-120.65268018,38.317513660000003
90121143,2016,2016-02-22,9255,2016-02-16,1650,019389,,2,2,9,0500,0,3,5,,2,003,"W MURRAY CREEK RD","POPE ST",1056.00,E,N,A,-,N,,,,,,,,,,Y,3,0,1,1,A,-,08,22107,,N,E,I,A,A,H,-,B,A,0,,,,,Y,,A,07,0,1,0,0,0,0,0,0,0,"- ","- ",38.195779999999999,-120.66871,CALAVERAS,UNINCORPORATED,-120.66913585,38.194735950000002
90121487,2016,2016-02-23,9255,2016-02-16,2245,020142,,2,3,9,0500,0,3,5,,2,001,"MILTON RD","SCENIC VALLEY RD",740.00,E,N,A,-,N,,,,,,,,,,Y,2,0,1,1,A,-,08,22107,,N,F,A,A,A,H,-,D,D,0,,,Y,,Y,,C,02,1,0,0,0,0,0,0,0,1,"- ","- ",38.09769,-120.89041,CALAVERAS,UNINCORPORATED,-120.8904323,38.097667299999998
90122516,2016,2016-02-24,9255,2016-02-05,1709,019525,,5,2,9,0500,0,1,3,,1,011,SR-26,"VISTA DEL LAGO DR",0.00,,Y,A,-,Y,,,26,,,,,,,Y,2,0,1,1,A,-,01,23152,A,N,F,A,A,A,H,-,A,D,0,,,Y,,Y,Y,C,02,1,0,0,0,0,0,0,0,1,"- ","- ",38.168840000000003,-120.8391,CALAVERAS,UNINCORPORATED,-120.83903863,38.168782710000002
90125460,2016,2016-02-29,9255,2016-02-19,1615,016054,,5,2,9,0500,0,1,3,,1,021,SR-4,"OBYRNES FERRY RD",6864.00,E,N,B,-,Y,,,4,,,,,,,Y,4,0,1,1,A,-,08,22107,,N,E,I,A,A,H,-,A,D,0,,,,,Y,,A,01,0,0,1,0,0,0,0,0,0,"- ","- ",38.001809999999999,-120.64981,CALAVERAS,UNINCORPORATED,-120.64988336,38.001883360000001
90129353,2016,2016-03-10,9255,2016-03-02,1220,017324,,3,1,9,0500,0,1,3,,2,030,"STATE ROUTE 49","CALIFORNIA STREET",32.00,S,N,A,-,Y,,,49,,,,,,,N,4,0,1,2,A,-,03,22350,,N,C,C,A,A,H,-,A,D,0,,,,,Y,,A,01,0,0,1,0,0,0,0,0,0,"- ","- ",38.195830000000001,-120.67986000000001,CALAVERAS,UNINCORPORATED,-120.67988724999999,38.195772089999998
90129835,2016,2016-03-04,9255,2016-02-29,1850,019557,,1,2,9,0500,0,2,4,,1,041,"MURPHYS GRADE RD.","RANCH RD.",3168.00,W,N,A,-,N,,,,,,,,,,Y,3,0,2,1,A,-,08,22107,,N,F,A,A,A,H,-,D,D,0,,,,,Y,,D,22,0,2,0,0,0,0,0,0,0,"- ","- ",38.53199,-120.32258,CALAVERAS,UNINCORPORATED,-120.53406536,38.092196270000002
90131824,2016,2016-03-08,9255,2016-03-05,1345,018873,,6,1,9,0500,0,1,3,,1,021,SR-4,"POOL STATION RD",1584.00,W,N,B,C,Y,,,,,,,,,,Y,4,0,2,2,A,-,08,22107,,N,D,C,A,B,H,-,A,D,0,,,,,Y,,A,07,0,0,2,0,0,0,0,0,0,"- ","- ",38.03593,-120.64757,CALAVERAS,UNINCORPORATED,-120.64785482000001,38.04034626
90131864,2016,2016-03-24,9255,2016-03-06,0835,018318,,7,1,9,0500,0,3,5,,2,004,SR-4,"BLACK SPRINGS RD.",2640.00,W,N,A,-,Y,,,4,,,,,,,Y,3,0,4,2,A,-,08,22107,,N,A,C,A,C,H,-,A,D,0,,,,,Y,,D,22,0,1,3,0,0,0,0,0,0,"- ","- ",38.369689999999999,-120.19489,CALAVERAS,UNINCORPORATED,-120.19489065,38.369691199999998
90132999,2016,2016-05-03,9255,2016-03-03,1550,018363,,4,2,9,0500,0,3,5,,2,001,"BUTLER LANE","HENEY LN",1237.00,N,N,A,-,N,,,,,,,,,,N,3,0,2,1,A,-,08,22107,,N,F,A,A,A,H,-,A,D,0,,,,,Y,,D,22,0,1,1,0,0,0,0,0,0,"- ","- ",38.173789999999997,-120.84932000000001,CALAVERAS,UNINCORPORATED,-120.8545,38.168880000000001
90134488,2016,2016-03-11,9255,2016-03-04,0550,016054,,5,3,9,0500,0,1,3,,1,021,SR-4,"STALLION WAY",1515.00,E,N,B,-,Y,,,4,,,,,,,Y,4,0,2,1,A,-,08,22107,,N,E,I,A,A,H,-,D,D,0,,,,,Y,,A,01,0,0,2,0,0,0,0,0,0,"- ","- ",38.063220000000001,-120.61935,CALAVERAS,UNINCORPORATED,-120.61938418,38.063230140000002
90134511,2016,2016-03-11,9255,2016-03-05,1645,018492,,6,2,9,0500,0,1,3,,1,021,SR-4,"POOL STATION RD",528.00,E,N,B,C,Y,,,4,,,,,,,Y,4,0,2,3,A,-,03,22350,,N,A,C,A,B,H,-,A,D,0,,,,,Y,,A,01,0,0,2,0,0,0,0,0,0,"- ","- ",38.046250000000001,-120.64682000000001,CALAVERAS,UNINCORPORATED,-120.64680898,38.046246490000001
90136573,2016,2016-03-15,9255,2016-03-13,0630,018873,CA,7,1,9,0500,0,2,4,,1,041,"MURPHYS GRADE RD","FAIRWAY PARK CT",6864.00,E,N,B,C,N,,,,,,,,,,Y,4,0,1,1,A,-,08,22107,,N,E,I,A,B,H,-,D,D,0,,,,,Y,,A,01,0,0,1,0,0,0,0,0,0,"- ","- ",38.131929999999997,-120.48286,CALAVERAS,UNINCORPORATED,-120.48429512,38.131335249999999
90136904,2016,2016-03-15,9255,2016-03-14,0735,018318,,1,1,9,0500,0,3,5,,2,001,"SOUTHWORTH RD","ADAMS RD",1056.00,W,N,A,-,N,,,,,,,,,,Y,4,0,1,1,A,-,08,22107,,N,E,I,A,B,H,-,A,D,0,,,,,Y,,A,07,0,0,1,0,0,0,0,0,0,"- ","- ",38.147109999999998,-120.93057,CALAVERAS,UNINCORPORATED,-120.93036926000001,38.14696661
90137332,2016,2016-03-15,9255,2016-03-14,0928,018318,,1,1,9,0500,0,2,4,,2,034,"RAILROAD FLAT RD","HILLSVIEW LANE",1056.00,E,N,A,-,N,,,,,,,,,,Y,3,0,2,2,A,-,08,22107,,N,A,C,A,B,H,-,A,D,0,,,,,Y,,A,01,0,1,1,0,0,0,0,0,0,"- ","- ",38.265810000000002,-120.51018000000001,CALAVERAS,UNINCORPORATED,-120.51316031,38.26192425
90139291,2016,2016-03-18,9255,2016-03-12,0130,019389,,6,3,9,0500,0,1,3,,1,020,SR-49,"REDHILL RD",4752.00,S,N,C,-,Y,,,49,,,,,,,Y,2,0,1,1,A,-,01,23152,A,N,F,A,A,B,H,-,D,D,0,,,,,Y,Y,A,01,1,0,0,0,0,0,0,0,0,"- ","- ",38.02704,-120.5112,CALAVERAS,UNINCORPORATED,-120.51122241,38.027069220000001
90140424,2016,2016-03-21,9255,2016-03-19,0245,019389,,6,3,9,0500,0,1,3,,1,010,SR-12,"SAHARAN RD",353.00,W,N,A,-,Y,,,12,,,,,,,Y,4,0,1,1,A,-,03,22350,,N,H,H,A,A,H,-,D,D,0,,,,,Y,,A,01,0,0,1,0,0,0,0,0,0,"- ","- ",38.178350000000002,-120.92525000000001,CALAVERAS,UNINCORPORATED,-120.92524975000001,38.178320470000003
90140678,2016,2016-03-21,9255,2016-03-20,0400,019525,,7,3,9,0500,0,1,3,,2,040,SR-4,"FOLENDORF ROAD",80.00,E,N,A,-,Y,,,4,,,,,,,Y,4,0,1,1,A,-,08,22107,,N,F,A,A,A,H,-,D,D,0,,,,,Y,,D,22,0,0,1,0,0,0,0,0,0,"- ","- ",38.163049999999998,-120.43661,CALAVERAS,UNINCORPORATED,-120.43664853999999,38.163074530000003
90140987,2016,2016-03-22,9255,2016-03-18,1835,013939,,5,2,9,0500,0,1,3,,1,011,SR-26,"SILVER RAPIDS ROAD",1828.00,E,N,A,-,Y,,,26,,,,,,,N,4,0,1,2,A,-,04,21703,,N,C,C,A,A,H,-,A,D,0,,,,,Y,,A,07,0,0,1,0,0,0,0,0,0,"- ","- ",38.162970000000001,-120.8429,CALAVERAS,UNINCORPORATED,-120.8429392,38.1629875
90141384,2016,2016-03-22,9255,2016-03-19,1245,018318,,6,1,9,0500,0,3,5,,2,001,"BURSON RD","OLIVE ORCHARD RD",1584.00,N,N,A,-,N,,,,,,,,,,Y,4,0,1,2,A,-,05,21460,A,M,E,I,A,A,H,-,A,D,0,,,,,Y,,-,99,0,0,1,0,0,0,0,0,0,"- ","- ",38.145960000000002,-120.90031999999999,CALAVERAS,UNINCORPORATED,-120.90003833,38.145519350000001
90143275,2016,2016-03-24,9255,2016-03-23,1305,018363,,3,1,9,0500,0,2,4,,2,034,"RAILROAD FLAT RD","BLUE MOUNTAIN RD",0.00,,Y,A,-,N,,,,,,,,,,Y,4,0,2,2,A,-,09,21802,A,N,A,C,A,A,H,-,A,A,0,,,,,Y,,D,22,0,0,2,0,0,0,0,0,0,"- ","- ",38.372520000000002,-120.50745999999999,CALAVERAS,UNINCORPORATED,-120.50758985,38.372579989999998
90144586,2016,2016-03-28,9255,2016-03-23,1625,013556,,3,2,9,0500,0,1,3,,2,030,SR-49,SR-12,96.00,S,N,A,-,Y,,,,,,,,,,Y,3,0,3,2,A,-,09,21802,A,N,D,C,A,A,H,-,A,A,0,,,,,Y,,A,07,0,1,2,0,0,0,0,0,0,"- ","- ",38.1218,-120.41512,CALAVERAS,UNINCORPORATED,-120.6976442,38.205240519999997
90145993,2016,2016-03-28,9255,2016-03-19,1118,019525,,6,1,9,0500,0,2,4,,2,042,"PARROTS FERRY RD","AIROLA ROAD",4752.00,S,N,A,-,N,,,,,,,,,,Y,3,0,2,1,A,-,08,22107,,N,E,I,A,A,H,-,A,D,0,,,,,Y,,A,01,0,2,0,0,0,0,0,0,0,"- ","- ",38.039740000000002,-120.45616,CALAVERAS,UNINCORPORATED,-120.46030140000001,38.042320750000002
90146018,2016,2016-03-28,9255,2016-03-20,1650,018894,,7,2,9,0500,0,1,3,,2,050,"STATE ROUTE 4","SIERRA PKY",0.00,,Y,B,-,Y,,,4,,,,,,,N,4,0,1,1,A,-,03,22350,,N,E,I,A,A,H,-,A,D,0,,,,,Y,,D,22,0,0,1,0,0,0,0,0,0,"- ","- ",38.307189999999999,-120.27661000000001,CALAVERAS,UNINCORPORATED,-120.27674672000001,38.307085970000003
90147335,2016,2016-03-29,9255,2016-03-28,1710,020142,,1,2,9,0500,0,3,5,,2,100,"S PETERSBURG RD","N SHORE CT",2112.00,W,N,A,-,N,,,,,,,,,,Y,4,0,1,1,A,-,08,22107,,N,E,I,A,A,H,-,A,D,0,,,,,Y,,D,22,0,0,1,0,0,0,0,0,0,"- ","- ",38.179430000000004,-120.7941,CALAVERAS,UNINCORPORATED,-120.79701597,38.19000879
90148877,2016,2016-04-01,9255,2016-03-31,1855,019389,,4,2,9,0500,0,1,3,,1,021,SR-4,"POOL STATION RD",1584.00,W,N,A,-,Y,,,4,,,,,,,Y,3,0,2,1,A,-,08,22107,,N,E,I,A,A,H,-,A,D,0,,,,,Y,,D,22,0,1,1,0,0,0,0,0,0,"- ","- ",38.039700000000003,-120.64767000000001,CALAVERAS,UNINCORPORATED,-120.64769492000001,38.039690569999998
90151142,2016,2016-04-05,9255,2016-04-04,0000,020142,,1,3,9,0500,0,3,5,,2,003,"SHEEP RANCH RD","GOLD MOUNTAIN RD",1056.00,N,N,A,-,N,,,,,,,,,,Y,2,0,1,1,A,-,01,23152,A,N,E,I,A,A,H,-,D,D,0,,,,,Y,Y,A,01,1,0,0,0,0,0,0,0,0,"- ","- ",38.217959999999998,-120.47384,CALAVERAS,UNINCORPORATED,-120.47056000000001,38.2211
90151852,2016,2016-04-06,9255,2016-04-03,1900,018873,,7,2,9,0500,0,1,3,,2,040,SR-4,"UTICA POWER HOUSE RD",1056.00,E,N,A,-,Y,,,4,,,,,,,Y,3,0,1,1,A,-,08,22107,,N,E,I,A,A,H,-,A,D,0,,,,,Y,,E,22,0,1,0,0,0,0,0,0,0,"- ","- ",38.150750000000002,-120.4426,CALAVERAS,UNINCORPORATED,-120.44259577,38.150714950000001
90159798,2016,2016-04-18,9255,2016-04-03,1120,015872,,7,1,9,0500,0,1,3,,1,011,SR-26,"COUNTRY VIEW DRIVE",0.00,,Y,A,-,Y,,,26,,,,,,,Y,4,0,1,2,A,-,03,22350,,N,F,A,A,A,H,-,A,D,0,,,Y,,Y,,C,02,0,0,1,0,0,0,0,0,1,"- ","- ",38.1751,-120.83235999999999,CALAVERAS,UNINCORPORATED,-120.83236336,38.175103550000003
90160632,2016,2016-04-19,9255,2016-04-08,0030,018363,,5,3,9,0500,0,1,3,,2,030,SR-49,"GOLD STRIKE RD",1584.00,S,N,A,-,Y,,,,,,,,,,Y,4,0,1,1,A,-,08,22107,,N,E,I,A,A,H,-,D,D,0,,,,,Y,,A,07,0,0,1,0,0,0,0,0,0,"- ","- ",38.27167,-120.70053,CALAVERAS,UNINCORPORATED,-120.70172456,38.224624470000002
90161225,2016,2016-04-19,9255,2016-04-16,1105,018318,,6,1,9,0500,0,3,5,,2,002,SR-4,"POOL STATION RD",1200.00,E,N,A,-,Y,,,4,,,,,,,Y,3,0,1,1,A,-,08,22107,,N,F,A,A,A,H,-,A,D,0,,,Y,,Y,,C,02,0,1,0,0,0,0,0,0,1,"- ","- ",38.046680000000002,-120.64623,CALAVERAS,UNINCORPORATED,-120.64636692000001,38.04683541
90161548,2016,2016-04-20,9255,2016-04-10,1727,019525,,7,2,9,0500,0,1,3,,1,011,SR-26,"HAGEN CT",1056.00,W,N,B,-,Y,,,26,,,,,,,Y,3,0,1,1,A,-,01,23152,A,N,E,I,A,A,H,-,A,D,0,,,,,Y,Y,A,08,0,1,0,0,0,0,0,0,0,"- ","- ",38.133069999999996,-120.8704,CALAVERAS,UNINCORPORATED,-120.87036367,38.133015829999998
90163257,2016,2016-04-22,9255,2016-04-14,1635,013556,,4,2,9,0500,0,1,3,,2,040,SR-4,"VALLECITO BYPASS RD",172.00,W,N,A,-,Y,,,,,,,,,,Y,2,0,1,2,A,-,05,21460,A,N,A,C,A,A,H,-,A,D,0,,,,,Y,,A,01,1,0,0,0,0,0,0,0,0,"- ","- ",38.534999999999997,-120.282,CALAVERAS,UNINCORPORATED,-120.48077198999999,38.093142999999998
90165779,2016,2016-04-26,9255,2016-04-16,1540,018318,,6,2,9,0500,0,1,3,,1,020,SR-49,"RED HILL RD",2640.00,S,N,A,-,Y,,,,,,,,,,Y,3,0,1,1,A,-,08,22107,,N,F,A,A,A,H,-,A,D,0,,,Y,,Y,,C,02,0,1,0,0,0,0,0,0,1,"- ","- ",38.073270000000001,-120.54948,CALAVERAS,UNINCORPORATED,-120.50646288999999,38.029963819999999
90165922,2016,2016-04-26,9255,2016-04-19,0908,015872,,2,1,9,0500,0,1,3,,2,040,SR-4,"VALLECITO BYPASS RD",300.00,E,N,A,-,Y,,,4,,,,,,,Y,4,0,1,1,C,-,18,,,N,H,H,A,A,H,-,A,D,0,,,,,Y,,-,"- ",0,0,1,0,0,0,0,0,0,"- ","- ",38.094290000000001,-120.47196,CALAVERAS,UNINCORPORATED,-120.47191943,38.094280820000002
90169364,2016,2016-04-29,9255,2016-04-20,1920,019389,,3,2,9,0500,0,1,3,,1,010,SR-12,"DOUBLE SPRINGS RD",1584.00,E,N,A,-,Y,,,12,,,,,,,Y,3,0,2,1,A,-,08,22107,,N,F,A,A,A,H,-,B,D,0,,,,,Y,,D,22,0,1,1,0,0,0,0,0,0,"- ","- ",38.212409999999998,-120.75005,CALAVERAS,UNINCORPORATED,-120.750051,38.212444900000001
90171463,2016,2016-05-18,9255,2016-04-27,2025,018363,,3,2,9,0500,0,1,3,,1,020,"STATE ROUTE 49","DEER CREEK RD",1642.00,S,N,B,-,Y,,,49,,,,,,,Y,2,0,3,3,A,-,01,23152,A,N,C,C,A,B,H,-,D,D,0,,,,,Y,Y,A,01,1,0,2,0,0,0,0,0,0,"- ","- ",38.096919999999997,-120.58539,CALAVERAS,UNINCORPORATED,-120.58540778,38.096899139999998
90171752,2016,2016-05-03,9255,2016-04-29,1940,018363,,5,2,9,0500,0,1,3,,1,021,"STATE ROUTE 4","OBYRNES FERRY RD",0.00,,Y,A,-,Y,,,,,,,,,,Y,4,0,1,2,A,-,09,21802,A,N,D,C,A,A,H,-,A,A,0,,,,,Y,,A,01,0,0,1,0,0,0,0,0,0,"- ","- ",37.983460000000001,-120.64361,CALAVERAS,UNINCORPORATED,-120.645432,37.983393
90175714,2016,2016-05-09,9255,2016-04-26,1100,019557,,2,1,9,0500,0,3,5,,2,005,"OAK CT.","OAK CIR.",0.00,,Y,A,-,N,,,,,,,,,,N,4,0,1,2,A,-,11,21954,A,N,D,B,D,A,H,-,A,D,0,Y,,,,Y,,N,60,0,0,1,0,1,0,0,0,0,"- ","- ",38.151600000000002,-120.21189,CALAVERAS,UNINCORPORATED,-120.82988987,38.160169969999998
90175717,2016,2016-05-09,9255,2016-05-02,1140,018894,,1,1,9,0500,0,1,3,,2,050,"STATE ROUTE 4","RED TAIL HAWK RD",1092.00,W,N,A,-,Y,,,4,,,,,,,Y,3,0,2,1,A,-,08,22107,,N,E,I,A,A,H,-,A,D,0,,,,,Y,,A,01,0,2,0,0,0,0,0,0,0,"- ","- ",38.219250000000002,-120.37022,CALAVERAS,UNINCORPORATED,-120.37018552000001,38.219221560000001
90175720,2016,2016-05-09,9255,2016-05-03,1055,017324,,2,1,9,0500,0,3,5,,2,002,"POOL STATION ROAD","RIATA WAY",6336.00,N,N,A,-,N,,,,,,,,,,Y,3,0,1,1,A,-,08,22107,,N,E,I,A,A,H,-,A,D,0,,,,,Y,,D,22,0,1,0,0,0,0,0,0,0,"- ","- ",38.106070000000003,-120.66705,CALAVERAS,UNINCORPORATED,-120.66226158000001,38.106318350000002
90175724,2016,2016-05-09,9255,2016-05-04,1500,013556,,3,2,9,0500,0,1,3,,2,031,SR-26,"NIDEROST LN",1584.00,W,N,B,-,Y,,,,,,,,,,Y,2,0,3,2,A,-,09,21804,B,F,D,C,A,A,H,-,A,D,0,,,,,Y,,A,07,1,0,2,0,0,0,0,0,0,"- ","- ",38.243600000000001,-120.3219,CALAVERAS,UNINCORPORATED,-120.54598331,38.414391690000002
90180005,2016,2016-05-16,9255,2016-05-02,1650,018318,,1,2,9,0500,0,1,3,,2,030,"SR-49 S/B","TREAT AVE",300.00,N,N,A,-,Y,,,,,,,,,,Y,4,0,2,4,A,-,03,22350,,N,C,C,A,A,H,-,A,D,0,,,,,Y,,A,01,0,0,2,0,0,0,0,0,0,"- ","- ",38.194560000000003,-120.68727,CALAVERAS,UNINCORPORATED,-120.67855418000001,38.194819189999997
90180027,2016,2016-05-16,9255,2016-05-08,1655,017324,,7,2,9,0500,0,1,3,,2,030,"STATE ROUTE 49","GOLD RUSH LANE",1584.00,N,N,A,-,Y,,,,,,,,,,Y,3,0,1,1,A,-,08,22107,,N,E,I,A,A,H,-,A,D,0,,,Y,,Y,,C,02,0,1,0,0,0,0,0,0,1,"- ","- ",38.429259999999999,-120.84701,CALAVERAS,UNINCORPORATED,-120.73222865,38.300747119999997
90181324,2016,2016-05-17,9255,2016-05-02,1200,015872,,1,1,9,0500,0,1,3,,1,011,SR-26,"DOUBLE SPRINGS RD",1056.00,E,N,A,-,Y,,,26,,,,,,,Y,3,0,1,1,A,-,01,23152,E,N,E,I,A,A,H,-,A,D,0,,,,,Y,,A,07,0,1,0,0,0,0,0,0,0,"- ","- ",38.22383,-120.76143,CALAVERAS,UNINCORPORATED,-120.7613855,38.223833050000003
90183343,2016,2016-05-19,9255,2016-05-18,0945,019389,,3,1,9,0500,0,1,3,,2,030,SR-49,"FOURTH CROSSING RD",122.00,N,N,A,-,Y,,,49,,,,,,,Y,2,0,1,3,A,-,03,22350,,N,C,C,A,A,H,-,A,D,0,,,,,Y,,A,01,1,0,0,0,0,0,0,0,0,"- ","- ",38.132930000000002,-120.63509000000001,CALAVERAS,UNINCORPORATED,-120.63502573,38.132938959999997
90183620,2016,2016-05-20,9255,2016-05-18,2135,013556,,3,2,9,0500,0,3,5,,2,003,"SHEEP RANCH RD","MANZANITA RIDGE RD",5280.00,S,N,A,-,N,,,,,,,,,,Y,3,0,1,1,A,-,01,23152,A,N,F,A,A,A,H,-,D,D,0,,,,,Y,Y,A,08,0,1,0,0,0,0,0,0,0,"- ","- ",38.134,-120.28270000000001,CALAVERAS,UNINCORPORATED,-120.47401651,38.217756180000002
90187494,2016,2016-05-25,9255,2016-05-21,1330,013556,,6,1,9,0500,0,1,3,,2,040,SR-4,"MAIN ST (VALLECITO)",430.00,W,N,B,-,Y,,,,,,,,,,Y,2,0,1,1,A,-,01,23152,A,N,F,A,A,A,H,-,A,D,0,,,Y,,Y,Y,C,02,1,0,0,0,0,0,0,0,1,"- ","- ",38.526000000000003,-120.2833,CALAVERAS,UNINCORPORATED,-120.64579581,37.984532049999999
90189648,2016,2016-05-31,9255,2016-05-19,1450,016054,,4,2,9,0500,0,1,3,,1,021,SR-4,"HODSON RD",2640.00,W,N,A,-,Y,,,4,,,,,,,Y,4,0,3,1,A,-,08,22107,,N,F,A,A,A,H,-,A,D,0,,,,,Y,,A,07,0,0,3,0,0,0,0,0,0,"- ","- ",37.969239999999999,-120.66085,CALAVERAS,UNINCORPORATED,-120.66079181000001,37.969156980000001
90189776,2016,2016-05-31,9255,2016-05-22,0155,013939,,7,3,9,0500,0,1,3,,1,010,SR-12,"WARDS AVENUE",118.00,W,N,A,-,Y,,,,,,,,,,Y,3,0,1,1,A,-,01,23152,A,N,E,I,A,A,H,-,C,D,0,,,,,Y,Y,A,01,0,1,0,0,0,0,0,0,0,"- ","- ",39.194299999999998,-120.97794,CALAVERAS,UNINCORPORATED,-120.97813006,38.19440153
90191281,2016,2016-05-31,9255,2016-05-09,1455,015872,,1,2,9,0500,0,2,4,,2,034,"MOUNTAIN RANCH ROAD","3M LANE",528.00,W,N,A,-,N,,,,,,,,,,Y,3,0,1,1,A,-,08,22107,,N,E,I,A,A,H,-,A,D,0,,,,,Y,,D,22,0,1,0,0,0,0,0,0,0,"- ","- ",38.233539999999998,-120.53073000000001,CALAVERAS,UNINCORPORATED,-120.53032927,38.233891309999997
90191325,2016,2016-05-31,9255,2016-05-23,1615,018318,,1,2,9,0500,0,3,5,,2,001,"JESUS MARIA RD","RAILROAD FLAT RD",2640.00,W,N,B,-,N,,,,,,,,,,N,4,0,1,1,A,-,08,22107,,N,E,I,A,A,H,-,A,D,0,,,,,Y,,A,01,0,0,1,0,0,0,0,0,0,"- ","- ",38.28342,-120.50826000000001,CALAVERAS,UNINCORPORATED,-120.51308311,38.284010000000002
90191327,2016,2016-05-31,9255,2016-05-18,1745,018492,,3,2,9,0500,0,3,5,,2,004,"SIX MILE RD","ALGIERS ST",4224.00,W,N,A,-,N,,,,,,,,,,N,3,0,1,1,A,-,08,22107,,N,F,A,A,A,H,-,A,A,0,,,Y,,Y,,C,02,0,1,0,0,0,0,0,0,1,"- ","- ",38.123579999999997,-120.46568000000001,CALAVERAS,UNINCORPORATED,-120.46207,38.134160000000001
90191375,2016,2016-05-31,9255,2016-05-25,1935,018873,,3,2,9,0500,0,3,5,,2,004,"DOGTOWN RD","LAKESIDE DR",6864.00,N,N,A,-,N,,,,,,,,,,N,2,0,1,1,A,-,08,22107,,N,E,I,A,A,H,-,A,D,0,,,,,Y,,A,07,1,0,0,0,0,0,0,0,0,"- ","- ",38.119390000000003,-120.57102999999999,CALAVERAS,UNINCORPORATED,-120.56842326,38.116923419999999
90193035,2016,2016-06-02,9255,2016-05-26,2155,013939,,4,2,9,0500,0,1,3,,1,011,SR-12,"VISTA DEL LAGO DR",779.00,W,N,A,-,Y,,,,,,,,,,N,3,0,1,2,A,-,03,22350,,N,C,C,A,A,H,-,C,D,0,,,,,Y,,A,01,0,1,0,0,0,0,0,0,0,"- ","- ",38.166820000000001,-120.84074,CALAVERAS,UNINCORPORATED,-120.84074,38.166820000000001
90195779,2016,2016-06-07,9255,2016-06-02,0810,019389,,4,1,9,0500,0,3,5,,2,001,"PETTINGER RD","MESSING RD",0.00,,Y,A,-,N,,,,,,,,,,Y,3,0,1,2,A,-,09,21802,A,N,D,C,A,A,H,-,A,A,0,,,,,Y,,D,22,0,1,0,0,0,0,0,0,0,"- ","- ",38.16301,-120.91819,CALAVERAS,UNINCORPORATED,-120.91811997000001,38.163219959999999
90195783,2016,2016-06-07,9255,2016-05-24,1230,019557,,2,1,9,0500,0,3,5,,2,002,"POOL STATION RD.","RIATA WAY",3168.00,N,N,A,-,N,,,,,,,,,,Y,4,0,1,1,A,-,08,22107,,N,E,I,A,A,H,-,A,D,0,,,,,Y,,A,01,0,0,1,0,0,0,0,0,0,"- ","- ",38.640999999999998,-120.39355999999999,CALAVERAS,UNINCORPORATED,-120.65987122999999,38.098048380000002
90195851,2016,2016-06-07,9255,2016-05-28,1015,020142,,6,1,9,0500,0,1,3,,2,031,SR-26,"HUMBUG CREEK RD",528.00,E,N,A,-,Y,,,26,,,,,,,N,3,0,2,2,A,-,08,22107,,N,E,I,A,A,H,-,A,D,0,,,Y,,Y,,C,02,0,2,0,0,0,0,0,0,2,"- ","- ",38.363799999999998,-120.56037000000001,CALAVERAS,UNINCORPORATED,-120.560406,38.363827129999997
90196664,2016,2016-06-21,9255,2016-05-30,1715,018318,,1,2,9,0500,0,3,5,,2,001,"HOGAN DAM RD",SR-26,2640.00,E,N,A,-,N,,,,,,,,,,Y,4,0,2,1,A,-,08,22107,,N,E,I,A,A,H,-,A,D,0,,,,,Y,,A,01,0,0,2,0,0,0,0,0,0,"- ","- ",38.183630000000001,-120.81693,CALAVERAS,UNINCORPORATED,-120.81714276,38.183898749999997
90202592,2016,2016-06-15,9255,2016-06-04,1655,013939,,6,2,9,0500,0,1,3,,1,011,SR-26,"MANGILI RD",195.00,E,N,A,-,Y,,,26,,,,,,,Y,4,0,1,2,A,-,03,22350,,N,B,C,A,A,H,-,A,D,0,,,Y,,Y,,C,02,0,0,1,0,0,0,0,0,1,"- ","- ",38.186210000000003,-120.82554,CALAVERAS,UNINCORPORATED,-120.82552737,38.186209509999998
90203193,2016,2016-06-16,9255,2016-06-06,0615,015872,,1,1,9,0500,0,2,4,,2,034,"MOUNTAIN RANCH ROAD","OAK PARK DRIVE",528.00,E,N,A,-,N,,,,,,,,,,Y,3,0,1,1,A,-,03,22350,,N,F,A,A,A,H,-,A,D,0,,,,Y,Y,,G,25,0,1,0,0,0,0,0,0,0,"- ","- ",38.189500000000002,-120.65795,CALAVERAS,UNINCORPORATED,-120.65846557,38.189110409999998
90206323,2016,2016-06-21,9255,2016-06-14,1040,019557,,2,1,9,0500,0,3,5,,2,003,"BLUE MOUNTAIN RD.","JEWEL CT.",528.00,W,N,A,-,N,,,,,,,,,,Y,4,0,2,1,A,-,08,22107,,N,F,A,A,A,H,-,A,D,0,,,,,Y,,D,22,0,0,2,0,0,0,0,0,0,"- ","- ",38.223559999999999,-120.29312,CALAVERAS,UNINCORPORATED,-120.49269128,38.376593990000003
90206325,2016,2016-06-21,9255,2016-06-19,1300,019557,,7,1,9,0500,0,1,3,,2,030,SR-49,"NEILSON RD.",50.00,N,N,A,-,Y,,,,,,,,,,N,3,0,1,1,D,-,00,,,N,F,A,A,A,H,-,A,D,0,,Y,,,Y,,-,"- ",0,1,0,0,0,0,1,0,0,"- ","- ",38.165990000000001,-120.42568,CALAVERAS,UNINCORPORATED,-120.71580477000001,38.268340190000004
90207682,2016,2016-06-22,9255,2016-06-16,1820,013939,,4,2,9,0500,0,1,3,,2,031,SR-26,"MAIN STREET",904.00,E,N,A,-,Y,,,26,,,,,,,Y,2,0,4,1,A,-,01,23152,A,N,E,I,A,A,H,-,A,D,0,,,,,Y,Y,A,01,1,3,0,0,0,0,0,0,0,"- ","- ",38.404739999999997,-120.52961000000001,CALAVERAS,UNINCORPORATED,-120.52959842999999,38.404771869999998
90208886,2016,2016-06-24,9255,2016-06-23,1730,013939,,4,2,9,0500,0,2,4,,2,034,"RAILROAD FLAT ROAD","INDEPENDENCE RD",4224.00,N,N,A,-,N,,,,,,,,,,Y,2,0,1,1,A,-,08,22107,,N,E,I,A,A,H,-,A,D,0,,,,Y,Y,,F,24,1,0,0,0,0,0,0,0,0,"- ","- ",38.356520000000003,-120.50484,CALAVERAS,UNINCORPORATED,-120.50388674,38.357242419999999
90210985,2016,2016-06-28,9255,2016-06-12,1020,019525,,7,1,9,0500,0,2,4,,2,042,"PARROTS FERRY RD","MOANING CAVE RD",1056.00,S,N,A,-,N,,,,,,,,,,Y,4,0,1,1,A,-,08,22107,,N,E,I,A,A,H,-,A,D,0,,,,,Y,,A,01,0,0,1,0,0,0,0,0,0,"- ","- ",38.075690000000002,-120.45811,CALAVERAS,UNINCORPORATED,-120.45743311,38.077396210000003
90212721,2016,2016-06-30,9255,2016-06-21,2140,018318,,2,2,9,0500,0,3,5,,2,001,"CAMANCHE PKY S","BURSON RD",4752.00,W,N,A,-,N,,,,,,,,,,Y,3,0,1,1,A,-,08,22107,,N,E,I,A,A,H,-,D,D,0,,,,,Y,,A,01,0,1,0,0,0,0,0,0,0,"- ","- ",38.19594,-120.91481,CALAVERAS,UNINCORPORATED,-120.90559693,38.198989679999997
90215837,2016,2016-07-05,9255,2016-06-30,2100,013939,,4,2,9,0500,0,3,5,,2,003,"LOMBARDI DRIVE",SR-49,1207.00,E,N,A,-,N,,,,,,,,,,N,4,0,1,1,A,-,05,21650,,N,E,I,A,A,H,-,B,D,0,,,,,Y,,D,22,0,0,1,0,0,0,0,0,0,"- ","- ",38.243139999999997,-120.71026000000001,CALAVERAS,UNINCORPORATED,-120.71409645,38.252924489999998
90215857,2016,2016-07-05,9255,2016-06-24,1715,020142,,5,2,9,0500,0,1,3,,1,020,SR-49,"MEACHAM RANCH RD",50.00,S,N,A,-,Y,,,49,,,,,,,Y,3,0,2,3,A,-,03,22350,,N,C,C,A,A,H,-,A,D,0,,,,,Y,,A,08,0,1,1,0,0,0,0,0,0,"- ","- ",38.104439999999997,-120.59301000000001,CALAVERAS,UNINCORPORATED,-120.5930233,38.104427569999999
90216396,2016,2016-07-05,9255,2016-06-28,2208,018318,,2,3,9,0500,0,1,3,,1,011,SR-26,"PALOMA RD",0.00,,Y,A,-,Y,,,26,,,,,,,Y,3,0,2,2,A,-,03,22350,,N,A,C,A,A,H,-,D,A,0,,,,,Y,Y,A,01,0,1,1,0,0,0,0,0,0,"- ","- ",38.259909999999998,-120.74361,CALAVERAS,UNINCORPORATED,-120.74356801,38.259839110000001
90216406,2016,2016-07-05,9255,2016-06-27,1730,018363,,1,2,9,0500,0,3,5,,2,003,"JESUS MARIA RD","BAKER RILEY WAY",545.00,W,N,A,-,N,,,,,,,,,,N,1,1,0,2,A,-,01,23152,A,N,D,E,A,A,H,-,A,D,0,,,Y,,Y,Y,C,06,0,0,0,0,0,0,0,1,0,"- ","- ",38.281869999999998,-120.54268999999999,CALAVERAS,UNINCORPORATED,-120.54274633,38.281870099999999
90217738,2016,2016-07-07,9255,2016-07-02,0445,019640,,6,3,9,0500,0,1,3,,2,031,SR-26,"PONDEROSA WAY",3696.00,W,N,A,-,Y,,,26,,,,,,,Y,4,0,1,1,A,-,08,22107,,N,E,I,A,A,H,-,D,D,0,,,,,Y,,D,22,0,0,1,0,0,0,0,0,0,"- ","- ",38.322960000000002,-120.63996,CALAVERAS,UNINCORPORATED,-120.63996174,38.322963909999999
90217744,2016,2016-07-07,9255,2016-07-01,2115,019640,,5,2,9,0500,0,3,5,,2,004,"BOARDS CROSSING RD","FOREST ROUTE 5N02",7920.00,E,N,A,-,N,,,,,,,,,,N,4,0,1,1,A,-,03,22350,,N,E,I,A,A,H,-,B,D,0,,,Y,,Y,,C,02,0,0,1,0,0,0,0,0,1,"- ","- ",38.298810000000003,-120.24191,CALAVERAS,UNINCORPORATED,-120.24191,38.298810000000003
90218904,2016,2016-07-20,9255,2016-07-02,1530,019640,,6,2,9,0500,0,2,4,,2,034,"MOUNTAIN RANCH RD","RODESINO RD",1056.00,E,N,A,-,N,,,,,,,,,,Y,3,0,1,1,A,-,08,22107,,N,E,I,A,A,H,-,A,D,0,,,,,Y,,D,22,0,1,0,0,0,0,0,0,0,"- ","- ",38.233469999999997,-120.52878,CALAVERAS,UNINCORPORATED,-120.52915045,38.234234200000003
90219906,2016,2016-07-11,9255,2016-07-06,2210,013939,,3,3,9,0500,0,1,3,,1,011,SR-26,"LUCAS LANE",190.00,W,N,A,-,Y,,,26,,,,,,,Y,2,0,2,3,A,-,01,23152,A,N,C,C,A,A,D,-,D,A,0,,,,Y,Y,Y,D,22,2,0,0,0,0,0,0,0,0,"- ","- ",38.14235,-120.8635,CALAVERAS,UNINCORPORATED,-120.86351944,38.142361870000002
90223220,2016,2016-07-14,9255,2016-07-13,1515,018873,,3,2,9,0500,0,1,3,,1,021,SR-4,"TELEGRAPH RD",600.00,E,N,A,-,Y,,,4,,,,,,,Y,4,0,1,2,A,-,08,22107,,N,B,C,A,A,H,-,A,D,0,,,,,Y,,A,07,0,0,1,0,0,0,0,0,0,"- ","- ",37.942430000000002,-120.71498,CALAVERAS,UNINCORPORATED,-120.71498114000001,37.942417470000002
90223914,2016,2016-07-15,9255,2016-07-06,1730,013939,,3,2,9,0500,0,1,3,,1,010,SR-12,"SOUTHWORTH ROAD",78.00,W,N,A,-,Y,,,12,,,,,,,Y,4,0,1,2,A,-,03,22350,,N,C,C,A,A,H,-,A,D,0,,,,,Y,,A,01,0,0,1,0,0,0,0,0,0,"- ","- ",38.179870000000001,-120.95987,CALAVERAS,UNINCORPORATED,-120.95986025000001,38.179894959999999
90224600,2016,2016-07-18,9255,2016-07-04,0400,020142,,1,3,9,0500,0,1,3,,1,020,SR-49,"GUN CLUB RD",1056.00,N,N,A,-,Y,,,49,,,,,,,Y,3,0,1,1,C,-,18,,,N,E,H,A,A,H,-,D,D,0,,,,,Y,,-,"- ",0,1,0,0,0,0,0,0,0,"- ","- ",38.054279999999999,-120.53425,CALAVERAS,UNINCORPORATED,-120.53429925,38.054228010000003
90224612,2016,2016-07-18,9255,2016-07-05,1650,018363,,2,2,9,0500,0,3,5,,2,002,"LITTLE JOHN RD.","BOW DR.",0.00,,Y,A,-,N,,,,,,,,,,Y,3,0,6,4,A,-,09,21801,A,N,D,C,A,A,H,-,A,D,0,,,,,Y,,A,01,0,2,4,0,0,0,0,0,0,"- ","- ",37.927190000000003,-120.63163,CALAVERAS,UNINCORPORATED,-120.64079986,37.929609910000003
90224732,2016,2016-07-18,9255,2016-07-09,2225,015872,,6,3,9,0500,0,1,3,,1,011,SR-26,"ST ANDREWS RD",694.00,W,N,A,-,Y,,,26,,,,,,,Y,3,0,1,1,A,-,01,23152,A,N,F,A,A,A,H,-,D,D,0,,,Y,,Y,Y,C,02,0,1,0,0,0,0,0,0,1,"- ","- ",38.172780000000003,-120.83523,CALAVERAS,UNINCORPORATED,-120.83520751,38.17274003
90224884,2016,2016-07-18,9255,2016-07-07,1925,013939,,4,2,9,0500,0,1,3,,1,010,SR-12,SR-49,528.00,W,N,A,-,Y,,,12,,,,,,,Y,2,0,1,2,A,-,08,22107,,N,E,I,A,A,H,-,A,D,0,,,,,Y,,A,01,1,0,0,0,0,0,0,0,0,"- ","- ",38.207079999999998,-120.70093,CALAVERAS,UNINCORPORATED,-120.70091346,38.207115350000002
90227411,2016,2016-07-21,9255,2016-07-15,1340,019389,,5,1,9,0500,0,3,5,,2,001,"CAMANCHE PKWY SOUTH","ARAPAHO WAY",471.00,S,N,A,-,N,,,,,,,,,,Y,3,0,3,2,A,-,08,22107,,N,E,I,A,A,H,-,A,D,0,,,,,Y,,D,22,0,1,2,0,0,0,0,0,0,"- ","- ",38.201090000000001,-120.88724999999999,CALAVERAS,UNINCORPORATED,-120.88679412,38.201467620000003
90227770,2016,2016-07-21,9255,2016-07-20,1700,013556,,3,2,9,0500,0,1,3,,1,011,SR-26,"HEINEMANN DR",346.00,W,N,A,-,Y,,,,,,,,,,Y,3,0,1,1,A,-,08,22107,,N,F,A,A,A,H,-,A,D,0,,,,,Y,,A,01,0,1,0,0,0,0,0,0,0,"- ","- ",38.912999999999997,-120.5116,CALAVERAS,UNINCORPORATED,-120.85337568999999,38.154290330000002
9022806,2019,2020-05-19,0501,2019-06-05,1346,241,,3,5,2,0501,0,0,0,,0,,"STANISLAUS AV","RT 49",0.00,,Y,A,-,Y,CAL,10,49,-,-,8.070,I,6,S,N,3,0,1,2,A,-,10,21950,A,N,G,B,B,A,H,-,A,D,0,Y,,,,Y,,D,23,0,1,0,0,1,0,0,0,0,"- ","- ",,,CALAVERAS,"ANGELS CAMP",-120.55025482177734,38.0772705078125
90228082,2016,2016-07-22,9255,2016-07-15,1950,013939,,5,2,9,0500,0,1,3,,2,031,SR-26,"PRINDLE ROAD",1584.00,E,N,A,-,Y,,,26,,,,,,,Y,2,0,3,2,A,-,01,23152,A,N,A,C,A,A,H,-,A,A,0,,,,,Y,Y,A,07,1,1,1,0,0,0,0,0,0,"- ","- ",38.303510000000003,-120.69653,CALAVERAS,UNINCORPORATED,-120.69651609,38.30348935
9022809,2019,2020-07-10,0501,2019-12-18,1034,240,,3,5,2,0501,0,0,0,,0,,"RT 49","STOCKTON RD",0.00,,Y,A,-,Y,CAL,10,49,-,-,8.450,I,5,S,N,4,0,1,3,A,-,09,21802,A,N,D,C,A,A,H,-,A,A,0,,,,,Y,,A,01,0,0,1,0,0,0,0,0,0,"- ","- ",,,CALAVERAS,"ANGELS CAMP",-120.55577850341797,38.080272674560547
9022814,2019,2020-06-03,0501,2019-07-05,1631,220,CALAV,5,5,2,0501,0,0,0,,0,,"RT 49","ASPEN ST",145.00,S,N,A,-,Y,CAL,10,49,-,-,9.100,H,-,S,Y,2,0,2,2,A,-,08,22107,,N,B,C,A,A,H,-,A,D,0,,,,Y,Y,,D,22,2,0,0,0,0,0,0,0,0,"- ","- ",,,CALAVERAS,"ANGELS CAMP",-120.56574249267578,38.085594177246094
90228347,2016,2016-07-22,9255,2016-07-16,1930,013939,,6,2,9,0500,0,3,5,,2,001,"MILTON ROAD","HUNT ROAD",6336.00,N,N,A,-,N,,,,,,,,,,Y,4,0,1,1,A,-,05,21650,,N,E,I,A,A,H,-,A,D,0,,,,,Y,,A,01,0,0,1,0,0,0,0,0,0,"- ","- ",38.049190000000003,-120.86031,CALAVERAS,UNINCORPORATED,-120.86178390000001,38.050412299999998
90229161,2016,2016-07-25,9255,2016-07-15,1915,019557,,5,2,9,0500,0,3,5,,2,004,"SIX MILE RD","OLD MURPHYS RD",1056.00,N,N,A,-,N,,,,,,,,,,Y,4,0,1,1,A,-,08,22107,,N,F,A,A,A,H,-,A,D,0,,,,,Y,Y,D,22,0,0,1,0,0,0,0,0,0,"- ","- ",38.632280000000002,-120.29156999999999,CALAVERAS,UNINCORPORATED,-120.49394301,38.106097779999999
90230168,2016,2016-07-26,9255,2016-07-19,1250,019525,,2,1,9,0500,0,1,3,,2,031,SR-26,"DEARDORFF RD",1584.00,W,N,A,-,Y,,,26,,,,,,,Y,3,0,1,1,A,-,08,22107,,N,E,I,A,A,H,-,A,D,0,,,,,Y,,A,01,0,1,0,0,0,0,0,0,0,"- ","- ",38.359499999999997,-120.57043,CALAVERAS,UNINCORPORATED,-120.57041110999999,38.359455480000001
90231705,2016,2016-07-27,9255,2016-07-21,1430,019389,,4,2,9,0500,0,3,5,,2,001,"CANE LN","HARTVICKSON LN",0.00,,Y,A,-,N,,,,,,,,,,Y,4,0,3,2,A,-,09,21802,A,N,D,C,A,A,H,-,A,A,0,,,,,Y,,D,22,0,0,3,0,0,0,0,0,0,"- ","- ",38.140830000000001,-120.84448999999999,CALAVERAS,UNINCORPORATED,-120.84450997,38.14071998
90231725,2016,2016-07-27,9255,2016-07-22,1352,019389,,5,1,2,0501,0,2,S,,2,901,"MURPHYS GRADE RD","GARDNER LN",0.00,,Y,A,-,N,,,,,,,,,,N,4,0,1,2,A,-,03,22350,,N,C,C,A,A,H,-,A,D,0,,,,,Y,,J,48,0,0,1,0,0,0,0,0,0,"- ","- ",38.081049999999998,-120.55087,CALAVERAS,"ANGELS CAMP",-120.55092998000001,38.081249990000003
90233488,2016,2016-07-29,9255,2016-07-16,1230,018894,,6,1,9,0500,0,1,3,,2,050,"STATE ROUTE 4","SEGALE DR",1000.00,W,N,A,-,Y,,,4,,,,,,,Y,3,0,2,1,A,-,08,22107,,N,E,I,A,A,H,-,A,D,0,,,,,Y,,A,01,0,2,0,0,0,0,0,0,0,"- ","- ",38.352339999999998,-120.21075999999999,CALAVERAS,UNINCORPORATED,-120.21074249,38.352330909999999
90233489,2016,2016-07-29,9255,2016-07-27,1540,013556,,3,2,9,0500,0,1,3,,2,030,SR-49,"CENTER ST",2.00,N,N,A,-,Y,,,,,,,,,,Y,4,0,1,2,A,-,03,22350,,N,C,C,A,A,H,-,A,D,0,,,,,Y,,A,01,0,0,1,0,0,0,0,0,0,"- ","- ",37.174999999999997,-120.43899999999999,CALAVERAS,UNINCORPORATED,-120.71951304,38.297360320000003
90233575,2016,2016-07-29,9255,2016-07-28,0659,019640,,4,1,9,0500,0,1,3,,1,011,SR-26,"DRIVER RD",5.00,E,N,A,-,Y,,,26,,,,,,,Y,4,0,3,2,A,-,03,22350,,N,C,C,A,A,D,-,A,D,0,,,,,Y,,A,01,0,0,3,0,0,0,0,0,0,"- ","- ",38.139780000000002,-120.86519,CALAVERAS,UNINCORPORATED,-120.86514633,38.139748779999998
90233581,2016,2016-07-29,9255,2016-07-17,1948,018894,,7,2,9,0500,0,1,3,,2,050,"STATE ROUTE 4","SMOKEY COURT",0.00,,Y,A,-,Y,,,4,,,,,,,Y,2,0,3,1,A,-,08,22107,,N,E,I,A,A,H,-,B,D,0,,,,,Y,,A,01,1,2,0,0,0,0,0,0,0,"- ","- ",38.319560000000003,-120.26221,CALAVERAS,UNINCORPORATED,-120.26219444,38.319553220000003
90234732,2016,2016-08-01,9255,2016-07-27,1930,013939,,3,2,9,0500,0,1,3,,2,040,SR-4,"HUNTER DAM ROAD",231.00,W,N,A,-,Y,,,4,,,,,,,Y,2,0,1,1,A,-,01,23152,A,N,E,I,A,A,H,-,A,D,0,,,Y,,Y,Y,C,02,1,0,0,0,0,0,0,0,1,"- ","- ",38.199019999999997,-120.36561,CALAVERAS,UNINCORPORATED,-120.36569554,38.199028239999997
90234888,2016,2016-08-01,9255,2016-07-23,1045,018894,,6,1,9,0500,0,1,3,,2,050,"STATE ROUTE 4","OAK CIR",0.00,,Y,A,-,Y,,,4,,,,,,,Y,4,0,1,2,A,-,03,22350,,N,C,C,A,A,H,-,A,D,0,,,,,Y,,A,01,0,0,1,0,0,0,0,0,0,"- ","- ",38.25412,-120.35387,CALAVERAS,UNINCORPORATED,-120.35386004,38.254107380000001
90234903,2016,2016-08-01,9255,2016-07-22,2110,018894,,5,2,9,0500,0,3,5,,2,005,"AVERY SHEEP RANCH RD","BLUEBIRD LN",40.00,W,N,A,-,N,,,,,,,,,,Y,3,0,1,1,A,-,01,23152,A,N,E,I,A,A,H,-,D,D,0,,,,,Y,Y,A,07,0,1,0,0,0,0,0,0,0,"- ","- ",38.205590000000001,-120.37385999999999,CALAVERAS,UNINCORPORATED,-120.37375507,38.205566429999998
90235580,2016,2016-08-02,9255,2016-07-25,0917,018453,,1,1,9,0500,0,3,5,,2,003,"MOUNTAIN RANCH RD","WINDMILL CIRCLE",800.00,W,N,A,-,N,,,,,,,,,,Y,4,0,2,1,A,-,08,22107,,N,E,I,A,A,H,-,A,A,0,,,,,Y,,A,01,0,0,2,0,0,0,0,0,0,"- ","- ",38.189729999999997,-120.65689,CALAVERAS,UNINCORPORATED,-120.65670348,38.189685410000003
90236855,2016,2016-08-03,9255,2016-07-27,1301,019389,,3,1,9,0500,0,1,3,,1,010,SR-12,"TOLL BRIDGE RD",1584.00,E,N,A,-,Y,,,12,,,,,,,Y,2,0,2,2,A,-,05,21650,,N,A,C,A,A,D,-,A,D,0,,,,,Y,,D,22,1,1,0,0,0,0,0,0,0,"- ","- ",38.209220000000002,-120.70551,CALAVERAS,UNINCORPORATED,-120.70550738,38.20927537
90238694,2016,2016-08-05,9255,2016-07-31,1405,017324,,7,2,9,0500,0,1,3,,2,040,"STATE ROUTE 4","NORTHWOOD DR",58.00,W,N,A,-,Y,,,,,,,,,,Y,4,0,1,2,A,-,03,22350,,N,C,C,A,A,H,-,A,D,0,,,,,Y,,A,01,0,0,1,0,0,0,0,0,0,"- ","- ",38.173900000000003,-120.2411,CALAVERAS,UNINCORPORATED,-120.40328653,38.172632970000002
90238762,2016,2016-08-05,9255,2016-07-30,1745,013556,,6,2,9,0500,0,2,4,,1,022,"OBYRNES FERRY RD","REEDS TPKE",5280.00,S,N,A,-,N,,,,,,,,,,Y,4,0,1,3,A,-,03,22350,,N,C,C,A,A,H,-,A,D,0,,,,,Y,,A,07,0,0,1,0,0,0,0,0,0,"- ","- ",37.588000000000001,-120.37260000000001,CALAVERAS,UNINCORPORATED,-120.62305927,37.968120939999999
90240536,2016,2016-08-09,9255,2016-08-03,1600,019389,,3,2,9,0500,0,1,3,,1,010,SR-12,"PINE ST",7.00,W,N,A,-,Y,,,12,,,,,,,Y,4,0,2,3,A,-,03,22350,,N,C,C,A,A,H,-,A,D,0,,,,,Y,,D,22,0,0,2,0,0,0,0,0,0,"- ","- ",38.189799999999998,-120.8304,CALAVERAS,UNINCORPORATED,-120.83038968,38.189792160000003
90240914,2016,2016-08-09,9255,2016-07-24,1358,019525,,7,1,9,0500,0,1,3,,2,040,SR-4,"ANGELS RD",20.00,E,N,A,-,Y,,,4,,,,,,,Y,3,0,1,1,A,-,01,23152,A,N,F,A,A,A,H,-,A,D,0,,,,,Y,Y,A,07,0,1,0,0,0,0,0,0,0,"- ","- ",38.09057,-120.47575999999999,CALAVERAS,UNINCORPORATED,-120.47576323,38.090509820000001
90241640,2016,2016-08-10,9255,2016-08-06,1659,018453,,6,2,9,0500,0,2,4,,1,041,"MURPHYS GRADE ROAD (2700 BLOCK)","FAIRVIEW PARK CT",405.00,E,N,A,-,N,,,,,,,,,,Y,3,0,1,1,A,-,08,22107,,N,E,I,A,A,H,-,A,A,0,,,,,Y,,A,01,0,1,0,0,0,0,0,0,0,"- ","- ",38.11842,-120.49811,CALAVERAS,UNINCORPORATED,-120.49819562,38.118355350000002
90241653,2016,2016-08-10,9255,2016-07-26,1315,019525,,2,1,9,0500,0,1,3,,2,031,SR-26,"DEARDORFF ROAD",4224.00,E,N,A,-,Y,,,26,,,,,,,Y,3,0,1,1,A,-,08,22107,,N,F,A,A,A,H,-,A,D,0,,,Y,,Y,,C,02,0,1,0,0,0,0,0,0,1,"- ","- ",38.368319999999997,-120.55592,CALAVERAS,UNINCORPORATED,-120.55592625,38.368310469999997
90241926,2016,2016-08-10,9255,2016-08-03,1830,015872,,3,2,9,0500,0,1,3,,2,030,SR-49,"CHURCH HILL ROAD",45.00,S,N,A,-,Y,,,49,,,,,,,N,3,0,1,2,A,-,09,21801,A,N,A,G,A,A,H,-,A,D,0,,Y,,,Y,,A,07,0,1,0,0,0,0,1,0,0,"- ","- ",38.19603,-120.6807,CALAVERAS,UNINCORPORATED,-120.68067587,38.196092370000002
90242900,2016,2016-08-11,9255,2016-07-27,2230,019557,,3,3,9,0500,0,1,3,,1,010,SR-12,"LIME CREEK RD",2640.00,E,N,A,-,Y,,,,,,,,,,Y,2,0,4,2,A,-,08,22107,,N,A,C,A,A,D,-,D,D,0,,,,,Y,Y,A,01,2,0,2,0,0,0,0,0,0,"- ","- ",38.12565,-120.47432000000001,CALAVERAS,UNINCORPORATED,-120.81177685,38.194875740000001
90243493,2016,2016-08-12,9255,2016-08-03,1405,019389,,3,2,9,0500,0,1,3,,1,011,SR-26,"VISTA DEL LAGO DR",0.00,,Y,A,-,N,,,26,,,,,,,Y,4,0,1,2,A,-,09,21802,A,N,D,C,A,A,D,-,A,A,0,,,,,Y,,A,07,0,0,1,0,0,0,0,0,0,"- ","- ",38.168869999999998,-120.83920999999999,CALAVERAS,UNINCORPORATED,-120.83907488,38.16874387
90246392,2016,2016-08-17,9255,2016-08-14,2055,018453,,7,2,9,0500,0,3,5,,2,001,"MILTON ROAD (10000 BLOCK)","SHALIMAR DR",220.00,W,N,A,-,N,,,,,,,,,,N,4,0,1,2,A,-,11,21956,,N,G,B,E,A,H,-,D,D,0,Y,,,,Y,Y,N,60,0,0,1,0,1,0,0,0,0,"- ","- ",38.097270000000002,-120.90228,CALAVERAS,UNINCORPORATED,-120.90867,38.103099999999998
90246405,2016,2016-08-30,9255,2016-08-09,1128,018453,,2,1,9,0500,0,1,3,,2,030,SR-49,"AIRPORT ROAD",334.00,S,N,A,-,Y,,,49,,,,,,,Y,4,0,1,3,A,-,16,24002,A,N,B,C,A,A,H,-,A,D,0,,,,,Y,,D,22,0,0,1,0,0,0,0,0,0,"- ","- ",38.184489999999997,-120.67119,CALAVERAS,UNINCORPORATED,-120.67119031,38.184489679999999
90246410,2016,2016-08-17,9255,2016-08-09,1307,018453,,2,1,9,0500,0,1,3,,2,030,SR-49,SR-26,0.00,,Y,A,-,Y,,,49,,,,,,,Y,4,0,1,3,A,-,09,21802,A,N,D,C,A,A,H,-,A,A,0,,,,,Y,,A,07,0,0,1,0,0,0,0,0,0,"- ","- ",38.297870000000003,-120.70471999999999,CALAVERAS,UNINCORPORATED,-120.70471376,38.297877290000002
90246435,2016,2016-08-17,9255,2016-08-04,1730,015872,,4,2,9,0500,0,1,3,,1,011,SR-26,"YEATON ROAD",5808.00,E,N,A,-,Y,,,26,,,,,,,Y,4,0,1,1,A,-,01,23152,F,N,E,I,A,A,H,-,A,D,0,,,,,Y,,A,01,0,0,1,0,0,0,0,0,0,"- ","- ",38.251170000000002,-120.75482,CALAVERAS,UNINCORPORATED,-120.75485123,38.251178260000003
90246951,2016,2016-08-17,9255,2016-08-13,0850,019389,,6,1,9,0500,0,1,3,,1,010,SR-12,SR-49,971.00,W,N,A,-,Y,,,12,,,,,,,Y,2,0,1,1,A,-,08,22107,,N,E,I,A,A,D,-,A,D,0,,,,,Y,,A,01,1,0,0,0,0,0,0,0,0,"- ","- ",38.20702,-120.70044,CALAVERAS,UNINCORPORATED,-120.70047604,38.206926709999998
90247690,2016,2016-08-18,9255,2016-08-10,2000,019557,,3,2,9,0500,0,2,4,,1,041,"MURPHYS GRADE RD","FRENCH GULCH RD",1584.00,E,N,B,-,N,,,,,,,,,,Y,3,0,1,1,A,-,01,23152,A,N,F,A,A,A,H,-,B,D,0,,,,,Y,Y,A,07,0,1,0,0,0,0,0,0,0,"- ","- ",38.628549999999997,-120.30522000000001,CALAVERAS,UNINCORPORATED,-120.51460351,38.107735079999998
90248692,2016,2016-08-19,9255,2016-08-18,0855,017324,,4,1,9,0500,0,1,3,,1,021,"STATE ROUTE 4","STALLION WAY",1584.00,E,N,A,-,Y,,,4,,,,,,,Y,4,0,1,1,A,-,08,22107,,N,E,I,A,A,H,-,A,D,0,,,,,Y,,A,01,0,0,1,0,0,0,0,0,0,"- ","- ",38.059449999999998,-120.61987999999999,CALAVERAS,UNINCORPORATED,-120.61983327999999,38.059442619999999
90251569,2016,2016-08-24,9255,2016-08-09,1922,018453,,2,2,9,0500,0,2,4,,2,034,"MOUNTAIN RANCH ROAD (5900 BLOCK)","MICHEL RD (LOWER)",7973.00,E,N,A,-,N,,,,,,,,,,N,4,0,1,1,A,-,01,23152,A,N,E,I,A,A,H,-,A,D,0,,,,,Y,Y,A,01,0,0,1,0,0,0,0,0,0,"- ","- ",38.207999999999998,-120.56753,CALAVERAS,UNINCORPORATED,-120.56767892000001,38.2080676
90251577,2016,2016-08-24,9255,2016-08-14,1045,018318,,7,1,9,0500,0,3,5,,2,001,"BERKESEY LN","HEINEMANN DR",822.00,W,N,A,-,N,,,,,,,,,,Y,3,0,2,1,A,-,01,23152,A,N,F,A,A,A,H,-,A,D,0,,,,,Y,Y,A,01,0,2,0,0,0,0,0,0,0,"- ","- ",38.153030000000001,-120.85639,CALAVERAS,UNINCORPORATED,-120.85555100000001,38.153866780000001
90252640,2016,2016-08-25,9255,2016-08-16,1720,019640,,2,2,9,0500,0,1,3,,1,021,SR-4,"WATERMAN CREEK",5808.00,E,N,A,-,Y,,,4,,,,,,,Y,4,0,1,1,A,-,08,22107,,N,E,I,A,A,H,-,A,D,0,,,,,Y,,A,01,0,0,1,0,0,0,0,0,0,"- ","- ",38.067549999999997,-120.59674,CALAVERAS,UNINCORPORATED,-120.59673318999999,38.06753982
90254346,2016,2016-08-26,9255,2016-08-23,0705,016918,,2,1,9,0500,0,1,3,,2,030,SR-49,"BIG BAR RD",5280.00,S,N,A,-,Y,,,49,,,,,,,Y,3,0,1,1,A,-,03,22350,,N,F,A,A,A,H,-,A,D,0,,,Y,,Y,,C,02,0,1,0,0,0,0,0,0,1,"- ","- ",38.303840000000001,-120.73005000000001,CALAVERAS,UNINCORPORATED,-120.73008693,38.303876529999997
90254513,2016,2016-08-26,9255,2016-08-20,1737,018453,,6,2,9,0500,0,1,3,,1,010,SR-12,"MESSING RD",59.00,E,N,A,-,Y,,,12,,,,,,,N,4,0,1,2,A,-,03,22350,,N,C,C,A,A,H,-,A,D,0,,,,,Y,,A,07,0,0,1,0,0,0,0,0,0,"- ","- ",38.18074,-120.90871,CALAVERAS,UNINCORPORATED,-120.90870691000001,38.180726759999999
90254571,2016,2016-08-26,9255,2016-08-21,2228,019640,,7,3,9,0500,0,1,3,,1,011,SR-26,"HEINEMANN DR",475.00,E,N,A,-,Y,,,,,,,,,,Y,4,0,1,1,A,-,08,22107,,N,E,I,A,A,H,-,D,D,0,,,,,Y,,A,01,0,0,1,0,0,0,0,0,0,"- ","- ",36.156440000000003,-120.85158,CALAVERAS,UNINCORPORATED,-120.85184058,38.156161609999998
90254779,2016,2017-02-16,9255,2016-08-02,1820,019640,,2,2,9,0500,0,3,5,,2,002,"RIATA WAY","TAPADERO STREET",1584.00,N,N,A,-,N,,,,,,,,,,Y,1,1,1,1,A,-,01,23152,A,N,E,I,A,A,H,-,A,D,0,,,,,Y,Y,A,01,0,0,1,0,0,0,0,0,0,"- ","- ",38.09554,-120.66773000000001,CALAVERAS,UNINCORPORATED,-120.66923039,38.096325210000003
90254786,2016,2016-08-26,9255,2016-08-19,1100,018363,,5,1,9,0500,0,1,3,,1,011,"STATE ROUTE 26","DRIVER RD",30.00,E,N,A,-,Y,,,26,,,,,,,Y,3,0,5,3,A,-,03,22350,,N,C,C,A,A,H,-,A,D,0,,,,,Y,,A,01,0,1,4,0,0,0,0,0,0,"- ","- ",38.139510000000001,-120.86485999999999,CALAVERAS,UNINCORPORATED,-120.86516245,38.13972622
90254964,2016,2016-08-26,9255,2016-08-26,0400,018363,,5,3,9,0500,0,1,3,,2,040,"STATE ROUTE 4","CANYON VIEW DR",800.00,E,N,A,-,Y,,,4,,,,,,,Y,3,0,1,1,A,-,08,22107,,N,E,I,A,A,H,-,D,D,0,,,,,Y,,D,22,0,1,0,0,0,0,0,0,0,"- ","- ",38.193800000000003,-120.36405999999999,CALAVERAS,UNINCORPORATED,-120.36406049999999,38.193799890000001
90255780,2016,2016-08-29,9255,2016-08-20,2318,019640,,6,3,9,0500,0,1,3,,1,011,SR-26,"BALDWIN LN",74.00,E,N,A,-,Y,,,,,,,,,,Y,3,0,1,3,A,-,03,22350,,N,C,C,A,A,H,-,C,D,0,,,,,Y,,A,01,0,1,0,0,0,0,0,0,0,"- ","- ",38.141060000000003,-120.96433,CALAVERAS,UNINCORPORATED,-120.86425885,38.141183249999997
90256134,2016,2016-08-29,9255,2016-08-26,1730,016918,,5,2,9,0500,0,3,5,,2,003,"OLD TOLL ROAD","CENTER STREET",1500.00,W,N,A,-,N,,,,,,,,,,N,4,0,1,1,A,-,05,21650,,N,F,A,A,A,H,-,A,D,0,,,Y,,Y,,C,02,0,0,1,0,0,0,0,0,1,"- ","- ",38.301099999999998,-120.72056000000001,CALAVERAS,UNINCORPORATED,-120.71953316,38.302019360000003
90256557,2016,2016-08-30,9255,2016-08-16,0700,018318,,2,1,9,0500,0,3,5,,2,003,"JESUS MARIA RD","MUSIC GULCH RD.",1584.00,N,N,A,-,N,,,,,,,,,,Y,4,0,1,1,A,-,08,22107,,N,E,I,A,A,H,-,A,D,0,,,,,Y,,A,07,0,0,1,0,0,0,0,0,0,"- ","- ",,,CALAVERAS,UNINCORPORATED,-120.61700184,38.293439149999998
90257599,2016,2016-09-21,9255,2016-08-25,1205,018363,,4,1,9,0500,0,1,3,,1,010,SR-12,"CENTRAL HILL RD",889.00,E,N,A,-,Y,,,12,,,,,,,Y,3,0,1,2,A,-,08,22107,,N,A,C,A,A,H,-,A,D,0,,,,,Y,,A,01,0,1,0,0,0,0,0,0,0,"- ","- ",38.200499999999998,-120.72055,CALAVERAS,UNINCORPORATED,-120.72054759,38.200507379999998
90259077,2016,2016-09-01,9255,2016-08-27,1625,018363,,6,2,9,0500,0,3,5,,2,002,"LITTLE JOHN RD","COPPER COVE DR",0.00,,Y,A,-,N,,,,,,,,,,Y,3,0,1,2,A,-,09,21802,A,N,F,A,A,A,H,-,A,D,0,,,,,Y,,D,22,0,1,0,0,0,0,0,0,0,"- ","- ",37.931759999999997,-120.64310999999999,CALAVERAS,UNINCORPORATED,-120.64305992,37.931779949999999
90261334,2016,2016-09-06,9255,2016-09-01,1050,018492,,4,1,9,0500,0,1,3,,2,050,SR-4,"FOREST ROUTE 6N58",2112.00,E,N,A,-,Y,,,,,,,,,,Y,4,0,1,2,C,-,18,,,N,H,H,A,A,H,-,A,D,0,,,,,Y,,-,"- ",0,0,1,0,0,0,0,0,0,"- ","- ",38.038310000000003,-120.19126,CALAVERAS,UNINCORPORATED,-120.23077010999999,38.333779419999999
90261728,2016,2016-09-06,9255,2016-09-03,1310,018318,,6,1,9,0500,0,1,3,,1,010,SR-12,"WARDS AVE",528.00,W,N,A,-,Y,,,12,,,,,,,Y,3,0,1,1,A,-,08,22107,,N,F,A,A,A,H,-,A,D,0,,,Y,,Y,,C,02,0,1,0,0,0,0,0,0,1,"- ","- ",38.194569999999999,-120.97832,CALAVERAS,UNINCORPORATED,-120.97834104,38.194532670000001
90262191,2016,2016-09-06,9255,2016-08-30,0235,019640,,2,3,9,0500,0,3,5,,2,003,"POOL STATION RD",SR-49,1056.00,S,N,A,-,N,,,,,,,,,,Y,4,0,1,1,A,-,08,22107,,N,E,I,A,A,H,-,D,D,0,,,,,Y,,A,07,0,0,1,0,0,0,0,0,0,"- ","- ",38.19867,-120.69232,CALAVERAS,UNINCORPORATED,-120.69243193,38.198276200000002
90262200,2016,2016-09-06,9255,2016-09-03,1458,019640,,6,2,9,0500,0,2,4,,2,034,"MOUNTAIN RANCH RD",SR-49,528.00,E,N,A,-,N,,,,,,,,,,Y,4,0,1,1,A,-,08,22107,,N,E,I,A,A,H,-,A,D,0,,,,,Y,,D,22,0,0,1,0,0,0,0,0,0,"- ","- ",38.189190000000004,-120.67324000000001,CALAVERAS,UNINCORPORATED,-120.67259430999999,38.189237040000002
90264806,2016,2016-09-09,9255,2016-09-08,0748,018363,,4,1,9,0500,0,1,3,,2,040,"STATE ROUTE 4","PENNSYLVANIA GULCH RD",239.00,W,N,A,-,Y,,,,,,,,,,Y,4,0,2,2,A,-,08,22107,,N,B,C,A,A,H,-,A,D,0,,,,,Y,,J,48,0,0,2,0,0,0,0,0,0,"- ","- ",38.466470000000001,-120.45536,CALAVERAS,UNINCORPORATED,-120.45579911,38.134717999999999
90265532,2016,2016-09-12,9255,2016-08-27,1000,018873,,6,1,9,0500,0,1,3,,1,010,SR-12,SR-26,860.00,E,N,A,-,Y,,,12,,,,,,,Y,4,0,2,2,A,-,09,21802,A,N,D,C,A,A,H,-,A,A,0,,,,,Y,,A,07,0,0,2,0,0,0,0,0,0,"- ","- ",38.19267,-120.8263,CALAVERAS,UNINCORPORATED,-120.82627373,38.192515409999999
90265561,2016,2016-09-12,9255,2016-08-31,1250,018873,,3,1,9,0500,0,2,4,,2,034,"MOUNTAIN RANCH RD","COACHMAN WAY",3400.00,W,N,A,-,N,,,,,,,,,,Y,4,0,1,3,A,-,08,22107,,N,B,C,A,A,H,-,A,D,0,,,,,Y,,A,07,0,0,1,0,0,0,0,0,0,"- ","- ",38.21396,-120.55774,CALAVERAS,UNINCORPORATED,-120.56840167999999,38.208045519999999
90266590,2016,2016-09-13,9255,2016-09-07,0805,019389,,3,1,9,0500,0,1,3,,2,031,SR-26,"PONDEROSA WAY",8448.00,W,N,A,-,Y,,,26,,,,,,,Y,3,0,1,1,A,-,08,22107,,N,E,I,A,A,H,-,A,D,0,,,,,Y,,A,01,0,1,0,0,0,0,0,0,0,"- ","- ",38.317520000000002,-120.65251000000001,CALAVERAS,UNINCORPORATED,-120.65266754,38.317561570000002
90268621,2016,2016-09-15,9255,2016-09-08,1238,018363,,4,1,9,0500,0,1,3,,2,040,"STATE ROUTE 4","BORBE RANCH RD",1056.00,W,N,A,-,Y,,,4,,,,,,,Y,3,0,3,2,A,-,01,23152,A,N,A,C,A,A,H,-,A,D,0,,,,,Y,Y,A,01,0,3,0,0,0,0,0,0,0,"- ","- ",38.081009999999999,-120.5185,CALAVERAS,UNINCORPORATED,-120.5184898,38.0809748
90271379,2016,2016-09-20,9255,2016-09-06,0100,019640,,2,3,9,0500,0,1,3,,1,020,SR-49,"RED HILL RD",6864.00,S,N,A,-,Y,,,49,,,,,,,Y,2,0,2,1,A,-,01,23152,A,N,F,A,A,A,H,-,D,D,0,,,,,Y,Y,D,22,2,0,0,0,0,0,0,0,0,"- ","- ",38.022950000000002,-120.51308,CALAVERAS,UNINCORPORATED,-120.51303203000001,38.02298382
90272448,2016,2016-10-05,9255,2016-09-13,2034,018453,,2,2,9,0500,0,1,3,,1,010,SR-12,"CHESTNUT ST",496.00,E,N,A,-,Y,,,12,,,,,,,Y,3,0,1,2,A,-,09,21802,A,N,D,C,A,A,H,-,C,A,0,,,,,Y,,A,01,0,1,0,0,0,0,0,0,0,"- ","- ",38.192480000000003,-120.82635999999999,CALAVERAS,UNINCORPORATED,-120.82636334,38.19250066
90273798,2016,2016-11-01,9255,2016-09-03,0243,017324,,6,3,9,0500,0,1,3,,1,021,"STATE ROUTE 4","BONANZA MINE WAY",593.00,W,N,A,-,Y,,,4,,,,,,,Y,1,1,0,1,A,-,01,23152,A,N,E,I,A,A,D,-,D,D,0,,,,,Y,Y,D,22,0,0,0,0,0,0,0,0,0,"- ","- ",38.015830000000001,-120.64415,CALAVERAS,UNINCORPORATED,-120.64411929000001,38.01580654
90274415,2016,2016-09-23,9255,2016-09-22,0800,018363,,4,1,9,0500,0,1,3,,2,030,"STATE ROUTE 49","CHURCH HILL RD",50.00,S,N,A,-,Y,,,,,,,,,,N,4,0,1,2,A,-,03,22350,,N,C,C,A,A,D,-,A,D,0,,,,,Y,,A,01,0,0,1,0,0,0,0,0,0,"- ","- ",38.160589999999999,-120.68069,CALAVERAS,UNINCORPORATED,-120.68087697,38.19615142
90274709,2016,2016-09-23,9255,2016-09-16,1230,013556,,5,1,9,0500,0,3,5,,2,003,"JESUS MARIA RD","RAILROAD FLAT RD",327.00,W,N,A,-,N,,,,,,,,,,Y,1,1,0,2,A,-,03,22350,,N,F,A,A,A,H,-,A,D,0,,,Y,,Y,,C,02,0,0,0,0,0,0,0,1,0,"- ","- ",38.284500000000001,-120.50467,CALAVERAS,UNINCORPORATED,-120.50512895,38.284593319999999
90275606,2016,2016-09-26,9255,2016-09-21,0545,018492,,3,3,9,0500,0,1,3,,2,050,SR-4,"OAK CIR",55.00,E,N,B,C,Y,,,4,,,,,,,Y,4,0,1,1,A,-,08,22107,,N,E,I,A,B,H,-,B,D,0,,,,,Y,,A,01,0,0,1,0,0,0,0,0,0,"- ","- ",38.25414,-120.35393999999999,CALAVERAS,UNINCORPORATED,-120.35389342000001,38.254081020000001
90276644,2016,2016-09-27,9255,2016-09-18,1730,018453,,7,2,9,0500,0,3,5,,2,002,"WHITTLE RD","ANGELS CREEK ACCESS RD",2746.00,E,N,A,-,N,,,,,,,,,,Y,4,0,1,1,A,-,01,23152,A,N,E,I,A,A,H,-,A,A,0,,,,,Y,Y,A,01,0,0,1,0,0,0,0,0,0,"- ","- ",38.008980000000001,-120.5275,CALAVERAS,UNINCORPORATED,-120.52746534000001,38.008996070000002
90277857,2016,2016-09-28,9255,2016-09-19,1958,019557,,1,2,9,0500,0,3,5,,2,001,"PARDEE DAM RD.","CAMPO SECO RD.",1584.00,N,N,A,-,N,,,,,,,,,,Y,4,0,2,2,A,-,03,22350,,N,C,C,A,A,H,-,D,D,0,,,,,Y,,A,01,0,0,2,0,0,0,0,0,0,"- ","- ",38.135919999999999,-120.50158,CALAVERAS,UNINCORPORATED,-120.83733703999999,38.232787760000001
90280795,2016,2016-09-30,9255,2016-09-23,0620,018363,,5,1,9,0500,0,1,3,,2,040,"STATE ROUTE 4","NORTHWOOD DR",8.00,E,N,A,-,Y,,,4,,,,,,,Y,3,0,1,1,C,-,18,,,N,H,H,A,A,H,-,B,D,0,,,,,Y,,-,"- ",0,1,0,0,0,0,0,0,0,"- ","- ",38.175060000000002,-120.39400000000001,CALAVERAS,UNINCORPORATED,-120.39398079,38.175027589999999
90281165,2016,2016-09-30,9255,2016-09-24,1520,018363,,6,2,9,0500,0,1,3,,1,021,"STATE ROUTE 4","BONANZA MINE WAY",1010.00,W,N,A,-,Y,,,4,,,,,,,Y,4,0,2,2,A,-,03,22350,,N,C,C,A,A,D,-,A,D,0,,,,,Y,,A,01,0,0,2,0,0,0,0,0,0,"- ","- ",38.015560000000001,-120.64418999999999,CALAVERAS,UNINCORPORATED,-120.64425977000001,38.01560619
90281305,2016,2017-06-08,9255,2016-09-23,0710,018363,,5,1,9,0500,0,1,3,,1,021,"STATE ROUTE 4","HORSESHOE LANE",309.00,E,N,A,-,Y,,,4,,,,,,,Y,1,1,1,3,A,-,03,22350,,N,C,C,A,A,D,-,A,A,0,,,,Y,Y,,D,22,0,1,0,0,0,0,0,0,0,"- ","- ",37.955889999999997,-120.68555000000001,CALAVERAS,UNINCORPORATED,-120.68555012,37.955908819999998
90282238,2016,2016-10-03,9255,2016-09-25,0055,013939,,7,3,9,0500,0,1,3,,2,040,SR-4,"HORSESHOE DR",50.00,E,N,A,-,Y,,,4,,,,,,,Y,2,0,1,1,A,-,01,23152,A,N,E,I,A,A,H,-,C,D,0,,,,,Y,Y,D,22,1,0,0,0,0,0,0,0,0,"- ","- ",38.186799999999998,-120.36891,CALAVERAS,UNINCORPORATED,-120.36893103,38.186844059999999
90286354,2016,2016-10-07,9255,2016-10-05,1220,018363,,3,1,9,0500,0,1,3,,1,021,"STATE ROUTE 4","BONZANZA MINE WAY",2112.00,E,N,A,-,Y,,,4,,,,,,,Y,4,0,2,2,A,-,03,22350,,N,C,C,A,A,D,-,A,A,0,,,,,Y,,A,01,0,0,2,0,0,0,0,0,0,"- ","- ",38.024189999999997,-120.64476000000001,CALAVERAS,UNINCORPORATED,-120.64485635,38.024150839999997
90286374,2016,2016-10-07,9255,2016-10-04,1950,015156,,2,2,9,0500,0,2,4,,2,034,"MOUNTAIN RANCH ROAD","LUCKY JIM MINE ROAD",2640.00,E,N,A,-,N,,,,,,,,,,Y,4,0,2,1,A,-,08,22107,,N,E,I,A,A,H,-,D,D,0,,,,,Y,,A,01,0,0,2,0,0,0,0,0,0,"- ","- ",38.202599999999997,-120.57996,CALAVERAS,UNINCORPORATED,-120.57521119,38.204716269999999
90287457,2016,2016-10-10,9255,2016-09-24,1000,019525,,6,1,9,0500,0,3,5,,2,001,"SOUTHWORTH RD","WESTWOOD CT",200.00,S,N,A,-,N,,,,,,,,,,N,3,0,1,1,A,-,08,22107,,N,E,I,A,A,H,-,A,D,0,,,Y,,Y,,C,02,0,1,0,0,0,0,0,0,1,"- ","- ",38.156239999999997,-120.95458000000001,CALAVERAS,UNINCORPORATED,-120.9545524,38.156343589999999
90287489,2016,2016-10-10,9255,2016-10-07,0640,013556,,5,1,9,0500,0,1,3,,1,021,SR-4,"HORSESHOE LN",92.00,E,N,A,-,Y,,,,,,,,,,Y,2,0,1,2,A,-,09,21802,A,N,F,A,A,A,D,-,B,A,0,,,Y,,Y,,D,22,1,0,0,0,0,0,0,0,1,"- ","- ",37.572099999999999,-120.41800000000001,CALAVERAS,UNINCORPORATED,-120.68643102999999,37.95591477
90287504,2016,2016-10-10,9255,2016-10-07,1130,013556,,5,1,9,0500,0,3,5,,2,002,"LITTLE JOHN RD","QUIVER ST",7920.00,N,N,A,-,N,,,,,,,,,,Y,4,0,1,1,A,-,08,22107,,N,E,I,A,A,H,-,A,D,0,,,,,Y,,A,01,0,0,1,0,0,0,0,0,0,"- ","- ",37.573700000000002,-120.39109999999999,CALAVERAS,UNINCORPORATED,-120.65166886,37.955649800000003
90287523,2016,2016-10-10,9255,2016-09-30,2042,017324,,5,2,9,0500,0,3,5,,2,003,"BALD MOUNTAIN RD","CAMPO FLORES LANE",2112.00,S,N,A,-,N,,,,,,,,,,Y,3,0,1,1,A,-,01,23152,A,N,E,I,A,A,H,-,D,D,0,,,,,Y,Y,A,01,0,1,0,0,0,0,0,0,0,"- ","- ",38.397120000000001,-120.48199,CALAVERAS,UNINCORPORATED,-120.48927999999999,38.396650000000001
90291636,2016,2016-10-13,9255,2016-10-05,2300,017324,,3,3,9,0500,0,1,3,,1,021,"STATE ROUTE 4","BONANZA MINE WAY",4224.00,W,N,A,-,Y,,,4,,,,,,,Y,3,0,1,1,A,-,03,22350,,N,E,I,A,A,D,-,D,A,0,,,,,Y,,A,07,0,1,0,0,0,0,0,0,0,"- ","- ",38.005710000000001,-120.64438,CALAVERAS,UNINCORPORATED,-120.64443787,38.005752000000001
90291670,2016,2016-10-13,9255,2016-10-05,2113,019525,,3,2,9,0500,0,1,3,,2,031,SR-26,"LOWER DORRAY RD",282.00,W,N,A,-,Y,,,26,,,,,,,Y,2,0,1,2,A,-,05,21460,A,N,D,C,A,A,H,-,D,D,0,,,,,Y,,A,01,1,0,0,0,0,0,0,0,0,"- ","- ",38.338819999999998,-120.61169,CALAVERAS,UNINCORPORATED,-120.6116754,38.338803820000003
90293199,2016,2016-10-17,9255,2016-10-06,1844,017324,,4,2,9,0500,0,1,3,,2,040,"STATE ROUTE 4","HORSESHOE DR",3696.00,W,N,A,-,Y,,,4,,,,,,,Y,2,0,1,1,A,-,01,23152,E,N,E,I,A,A,H,-,D,D,0,,,,,Y,,B,01,1,0,0,0,0,0,0,0,0,"- ","- ",38.182200000000002,-120.37962,CALAVERAS,UNINCORPORATED,-120.37962553,38.182217350000002
90293215,2016,2016-10-17,9255,2016-10-10,1955,020142,,1,2,9,0500,0,1,3,,2,031,SR-26,"BUCKSAW LN",155.00,E,N,A,-,Y,,,26,,,,,,,Y,3,0,1,1,A,-,01,23152,A,N,E,I,A,A,H,-,D,D,0,,,,,Y,Y,A,01,0,1,0,0,0,0,0,0,0,"- ","- ",38.365540000000003,-120.55971,CALAVERAS,UNINCORPORATED,-120.55974694,38.365550769999999
90293392,2016,2016-10-17,9255,2016-10-11,1300,018873,,2,1,9,0500,0,3,5,,2,001,"POOL STATION RD","CEMENT PLANT RD.",7920.00,W,N,A,-,N,,,,,,,,,,Y,4,0,1,1,A,-,08,22107,,N,E,I,A,A,H,-,A,D,0,,,,,Y,,A,01,0,0,1,0,0,0,0,0,0,"- ","- ",38.144100000000002,-120.66112,CALAVERAS,UNINCORPORATED,-120.66009526000001,38.147790569999998
90294665,2016,2016-10-18,9255,2016-10-09,1500,019557,,7,2,9,0500,0,3,5,,2,002,"APPALOOSA RD.","PINTO DR.",400.00,N,N,A,-,N,,,,,,,,,,Y,2,0,1,1,A,-,08,22107,,N,F,A,A,A,H,-,A,D,0,,,,,Y,,D,22,1,0,0,0,0,0,0,0,0,"- ","- ",38.141449999999999,-120.36425,CALAVERAS,UNINCORPORATED,-120.61186281000001,38.02827825
90295710,2016,2016-10-19,9255,2016-10-16,2020,019557,,7,2,9,0500,0,3,5,,2,001,"BALDWIN ST.","MCCAULEY ST.",780.00,S,N,B,-,N,,,,,,,,,,Y,2,0,2,1,A,-,03,22350,,N,E,I,A,B,H,-,C,D,0,,,,,Y,,A,01,1,0,1,0,0,0,0,0,0,"- ","- ",38.714109999999998,-120.5128,CALAVERAS,UNINCORPORATED,-120.85764999,38.120573329999999
90297090,2016,2017-07-06,9255,2016-10-05,1411,018453,,3,2,9,0500,0,1,3,,2,031,SR-26,"HIGDON RD",4752.00,E,N,A,-,Y,,,26,,,,,,,Y,2,0,2,2,A,-,05,21460,A,N,A,C,A,A,H,-,A,D,0,,,,,Y,,A,01,1,0,1,0,0,0,0,0,0,"- ","- ",38.419649999999997,-120.54656,CALAVERAS,UNINCORPORATED,-120.54654558,38.419626010000002
90297960,2016,2016-10-21,9255,2016-10-08,2345,019525,,6,3,9,0500,0,3,5,,2,003,"CAROL KENNEDY RD","NORTH RAMP ROAD",500.00,W,N,A,-,N,,,,,,,,,,Y,3,0,3,1,A,-,03,22350,,N,E,I,A,A,H,-,C,D,0,,,,,Y,,A,01,0,1,2,0,0,0,0,0,0,"- ","- ",38.144480000000001,-120.64532,CALAVERAS,UNINCORPORATED,-120.64514045999999,38.144198889999998
90297981,2016,2016-10-21,9255,2016-10-16,0955,015872,,7,1,9,0500,0,1,3,,1,010,SR-12,"DOUBLE SPRINGS ROAD",2112.00,E,N,B,C,Y,,,12,,,,,,,Y,4,0,1,1,A,-,03,22350,,N,E,I,A,B,H,-,A,D,0,,,,,Y,,D,22,0,0,1,0,0,0,0,0,0,"- ","- ",38.212269999999997,-120.74769000000001,CALAVERAS,UNINCORPORATED,-120.74768698,38.212279670000001
90299260,2016,2016-10-24,9255,2016-10-20,0908,018363,,4,1,9,0500,0,1,3,,2,030,"STATE ROUTE 49","AMADOR/CALAVERS CO. LINE.",2942.00,S,N,A,-,Y,,,49,,,,,,,Y,3,0,4,2,A,-,05,21460,A,N,A,C,A,A,H,-,A,D,0,,,,Y,Y,,G,26,0,2,2,0,0,0,0,0,0,"- ","- ",38.307380000000002,-120.72526000000001,CALAVERAS,UNINCORPORATED,-120.72523772,38.307370450000001
90300870,2016,2016-10-25,9255,2016-09-24,1225,018894,,6,1,9,0500,0,1,3,,2,040,"STATE ROUTE 4","LOWER UTICA POWERHOUSE ROAD",68.00,E,N,A,-,Y,,,4,,,,,,,Y,3,0,1,1,C,-,18,,,N,F,A,A,A,H,-,A,D,0,,,,,Y,,-,"- ",0,1,0,0,0,0,0,0,0,"- ","- ",38.146720000000002,-120.44799,CALAVERAS,UNINCORPORATED,-120.44800235,38.146739599999997
90301470,2016,2016-10-26,9255,2016-10-19,0855,013556,,3,1,9,0500,0,1,3,,1,020,SR-49,COSGRAVE,450.00,N,N,A,-,Y,,,49,,,,,,,Y,3,0,1,2,A,-,01,23152,A,N,E,I,A,A,H,-,A,D,0,,,,Y,Y,Y,A,07,0,1,0,0,0,0,0,0,0,"- ","- ",38.110860000000002,-120.60411000000001,CALAVERAS,UNINCORPORATED,-120.60409179,38.110909239999998
90301545,2016,2016-10-26,9255,2016-10-21,1025,018492,,5,1,9,0500,0,1,3,,2,050,SR-4,"GANNS MEADOW DR",2112.00,W,N,A,-,Y,,,4,,,,,,,Y,2,0,1,2,A,-,05,21460,A,N,B,C,A,A,H,-,A,D,0,,,Y,,Y,,C,02,1,0,0,0,0,0,0,0,1,"- ","- ",38.400100000000002,-120.16441,CALAVERAS,UNINCORPORATED,-120.16443809,38.400120200000003
90308166,2016,2016-11-01,9255,2016-10-24,2050,019640,,1,2,9,0500,0,3,5,,2,003,"FRICOT CITY RD",SR-49,5280.00,E,N,A,-,N,,,,,,,,,,Y,4,0,1,1,A,-,01,23152,A,N,E,I,A,A,H,-,D,D,0,,,,,Y,Y,D,22,0,0,1,0,0,0,0,0,0,"- ","- ",38.142240000000001,-120.62142,CALAVERAS,UNINCORPORATED,-120.62273741,38.140674519999997
90308662,2016,2016-11-01,9255,2016-10-11,0852,015872,,2,1,9,0500,0,1,3,,2,030,SR-49,"UNION MINE ROAD",528.00,S,N,A,-,Y,,,49,,,,,,,Y,2,0,1,2,A,-,01,23152,A,F,B,C,A,A,H,-,A,D,0,,,,Y,Y,Y,A,07,1,0,0,0,0,0,0,0,0,"- ","- ",38.157440000000001,-120.64565,CALAVERAS,UNINCORPORATED,-120.64561492999999,38.157477040000003
90311267,2016,2016-11-04,9255,2016-10-29,1745,020142,,6,2,9,0500,0,1,3,,1,011,SR-26,"CAMPO SECO TPKE",116.00,W,N,A,-,Y,,,,,,,,,,Y,2,0,3,2,A,-,05,21460,A,N,A,C,A,A,H,-,A,D,0,,,,,Y,Y,D,22,2,0,1,0,0,0,0,0,0,"- ","- ",38.165700000000001,-120.43389999999999,CALAVERAS,UNINCORPORATED,-120.72775126000001,38.282197369999999
90311319,2016,2017-06-08,9255,2016-10-21,1620,018492,,5,2,9,0500,0,1,3,,2,050,SR-4,"MEKO DR",0.00,,Y,A,-,Y,,,4,,,,,,,Y,1,1,1,2,A,-,09,21802,A,N,D,C,A,A,H,-,A,A,0,,,,,Y,,A,01,1,0,0,0,0,0,0,0,0,"- ","- ",38.322150000000001,-120.25254,CALAVERAS,UNINCORPORATED,-120.25255333,38.322248610000003
90312470,2016,2016-11-07,9255,2016-10-23,0000,018894,,7,3,9,0500,0,1,3,,2,050,"STATE ROUTE 4","BLAGEN RD",500.00,E,N,A,-,Y,,,4,,,,,,,Y,4,0,2,2,A,-,03,22350,,N,C,C,A,A,H,-,D,D,0,,,,,Y,,A,07,0,0,2,0,0,0,0,0,0,"- ","- ",38.256439999999998,-120.34824999999999,CALAVERAS,UNINCORPORATED,-120.34824698,38.25642448
90313738,2016,2016-11-08,9255,2016-10-28,1434,018453,,5,2,9,0500,0,1,3,,1,011,SR-26,"VISTA DEL LAGO DR",0.00,,Y,B,C,Y,,,26,,,,,,,Y,3,0,2,2,A,-,09,21801,A,N,A,C,A,B,H,-,A,D,0,,,,,Y,,A,01,0,2,0,0,0,0,0,0,0,"- ","- ",38.168680000000002,-120.83911000000001,CALAVERAS,UNINCORPORATED,-120.83912307999999,38.168692219999997
90313838,2016,2016-11-08,9255,2016-10-30,0845,018318,,7,1,9,0500,0,1,3,,1,010,SR-12,"SONNY LANE",4752.00,E,N,B,C,Y,,,12,,,,,,,Y,4,0,1,2,A,-,05,21460,A,N,D,C,A,B,H,-,A,D,0,,,,,Y,,A,01,0,0,1,0,0,0,0,0,0,"- ","- ",38.182830000000003,-120.89498,CALAVERAS,UNINCORPORATED,-120.89497131,38.182883599999997
90314389,2016,2016-11-08,9255,2016-11-01,1905,019525,,2,2,9,0500,0,1,3,,1,021,SR-4,"POOL STATION RD",1584.00,W,N,A,-,Y,,,4,,,,,,,Y,3,0,1,1,A,-,08,22107,,N,F,A,A,A,D,-,D,D,0,,,Y,,Y,,C,02,0,1,0,0,0,0,0,0,1,"- ","- ",38.040199999999999,-120.64784,CALAVERAS,UNINCORPORATED,-120.64784778000001,38.040198760000003
90314509,2016,2016-11-08,9255,2016-11-01,1005,018363,,2,1,9,0500,0,1,3,,2,031,"STATE ROUTE 26","BUCKEYE LN",790.00,E,N,B,-,Y,,,26,,,,,,,Y,4,0,1,1,A,-,08,22107,,N,F,A,A,B,H,-,A,D,0,,,,,Y,,D,22,0,0,1,0,0,0,0,0,0,"- ","- ",38.301720000000003,-120.67789999999999,CALAVERAS,UNINCORPORATED,-120.67788901,38.301782119999999
90316213,2016,2016-11-10,9255,2016-11-04,1940,019640,,5,2,9,0500,0,1,3,,2,030,SR-49,"FRICOT CITY RD",528.00,N,N,A,-,Y,,,49,,,,,,,Y,3,0,1,1,A,-,01,23152,A,N,F,A,A,A,H,-,D,D,0,,,,,Y,Y,A,07,0,1,0,0,0,0,0,0,0,"- ","- ",38.135680000000001,-120.63542,CALAVERAS,UNINCORPORATED,-120.63535529000001,38.135674369999997
90318458,2016,2016-11-14,9255,2016-11-07,1810,013939,,1,2,9,0500,0,1,3,,1,011,SR-26,"SILVER RAPIDS RD",1056.00,E,N,A,-,Y,,,26,,,,,,,N,4,0,1,2,A,-,03,22350,,N,C,C,A,A,H,-,D,D,0,,,,,Y,,A,01,0,0,1,0,0,0,0,0,0,"- ","- ",38.165190000000003,-120.84186,CALAVERAS,UNINCORPORATED,-120.84179136,38.165122510000003
90320164,2016,2016-11-15,9255,2016-11-11,1500,017324,,5,2,9,0500,0,3,5,,2,003,"HAWVER ROAD","GOLD STRIKE ROAD",7392.00,E,N,A,-,N,,,,,,,,,,Y,3,0,1,1,A,-,08,22107,,N,E,I,A,A,H,-,A,D,0,,,,,Y,,A,01,0,1,0,0,0,0,0,0,0,"- ","- ",38.228200000000001,-120.67074,CALAVERAS,UNINCORPORATED,-120.68885,38.215580000000003
90325786,2016,2016-11-21,9255,2016-11-05,1102,015872,,6,1,9,0500,0,1,3,,1,010,SR-12,"CHESTNUT STREET",1056.00,E,N,A,-,N,,,12,,,,,,,Y,3,0,4,2,A,-,09,21804,A,N,D,C,A,A,H,-,A,A,0,,,,,Y,,A,01,0,1,3,0,0,0,0,0,0,"- ","- ",38.192509999999999,-120.82638,CALAVERAS,UNINCORPORATED,-120.8263781,38.192498270000002
90325811,2016,2017-06-08,9255,2016-10-27,1449,018453,,4,2,9,0500,0,2,4,,1,041,"MURPHYS GRADE RD","FAIRVIEW PARK CT",530.00,E,N,B,C,N,,,,,,,,,,Y,1,2,3,2,A,-,05,21460,A,N,D,C,A,B,H,-,A,A,0,,,,,Y,,A,01,0,3,0,0,0,0,0,0,0,"- ","- ",38.118499999999997,-120.49818,CALAVERAS,UNINCORPORATED,-120.49810949,38.118691660000003
90325935,2016,2016-11-21,9255,2016-11-07,1215,015872,,1,1,9,0500,0,1,3,,1,010,SR-12,SR-26,1584.00,W,N,A,-,Y,,,12,,,,,,,Y,4,0,2,2,A,-,03,22350,,N,C,C,A,A,H,-,A,D,0,,,,,Y,,D,22,0,0,2,0,0,0,0,0,0,"- ","- ",38.210520000000002,-120.76776,CALAVERAS,UNINCORPORATED,-120.76777109,38.210542510000003
90327108,2016,2016-11-22,9255,2016-11-19,1450,018873,,6,2,9,0500,0,2,4,,2,034,"RAILROAD FLAT RD","LAKESIDE DR",2640.00,S,N,B,-,N,,,,,,,,,,N,4,0,1,1,A,-,08,22107,,N,F,A,A,B,H,-,A,D,0,,,,,Y,,D,22,0,0,1,0,0,0,0,0,0,"- ","- ",38.307729999999999,-120.50805,CALAVERAS,UNINCORPORATED,-120.51990151,38.237215229999997
90330742,2016,2016-11-28,9255,2016-11-17,0825,017324,,4,1,9,0500,0,3,5,,2,001,"BURSON ROAD","CAMANCHE PARKWAY SOUTH",0.00,,Y,A,-,N,,,,,,,,,,Y,4,0,1,2,A,-,09,21803,A,N,D,C,A,A,H,-,A,A,0,,,,Y,Y,,F,26,0,0,1,0,0,0,0,0,0,"- ","- ",38.198320000000002,-120.89368,CALAVERAS,UNINCORPORATED,-120.89380986,38.19843994
90335540,2016,2016-12-02,9255,2016-11-30,2100,017324,,3,2,9,0500,0,3,5,,2,003,"JESUS MARIA ROAD","POTTEROFF RD",336.00,S,N,A,-,N,,,,,,,,,,Y,3,0,1,1,A,-,08,22107,,N,E,I,A,A,H,-,C,D,0,,,,,Y,,A,01,0,1,0,0,0,0,0,0,0,"- ","- ",38.281210000000002,-120.53807,CALAVERAS,UNINCORPORATED,-120.53787,38.281199999999998
9034392,2019,2020-06-03,0501,2019-11-18,1259,220,,1,5,2,0501,0,0,0,,0,,"RT 49","LEE LN",225.00,S,N,A,-,Y,CAL,10,49,-,-,8.130,H,-,S,Y,3,0,1,2,B,-,22,,,N,C,E,A,A,H,-,A,D,0,,,,,Y,,A,01,0,1,0,0,0,0,0,0,0,"- ","- ",,,CALAVERAS,"ANGELS CAMP",-120.55120086669922,38.077770233154297
90344774,2016,2016-12-14,9255,2016-12-10,1630,016918,,6,2,9,0500,0,1,3,,2,030,SR-49,"BIG BAR RD",4224.00,S,N,B,C,Y,,,49,,,,,,,Y,4,0,1,2,A,-,03,22350,,N,B,C,A,B,H,-,D,A,0,,,,,Y,,A,07,0,0,1,0,0,0,0,0,0,"- ","- ",38.305929999999996,-120.7294,CALAVERAS,UNINCORPORATED,-120.72938836,38.305919119999999
90344778,2016,2016-12-14,9255,2016-12-10,2110,016918,,6,2,9,0500,0,1,3,,2,031,SR-26,"HIGDON RD",4752.00,E,N,B,C,Y,,,26,,,,,,,Y,4,0,2,2,A,-,03,22350,,N,A,C,A,B,H,-,D,A,0,,,,,Y,,A,01,0,0,2,0,0,0,0,0,0,"- ","- ",38.419240000000002,-120.54868999999999,CALAVERAS,UNINCORPORATED,-120.54867738999999,38.419217349999997
90345737,2016,2016-12-15,9255,2016-12-09,1615,018318,,5,2,9,0500,0,1,3,,1,011,SR-26,"MANGILI RD",0.00,,Y,B,-,Y,,,26,,,,,,,Y,4,0,1,2,A,-,08,22107,,N,A,C,A,A,H,-,A,D,0,,,,,Y,,A,07,0,0,1,0,0,0,0,0,0,"- ","- ",38.185470000000002,-120.82565,CALAVERAS,UNINCORPORATED,-120.82565249,38.185470369999997
90346221,2016,2016-12-15,9255,2016-12-15,1330,018363,,4,1,9,0500,0,2,4,,2,034,"MOUNTAIN RANCH RD.","BLACK TRAIL CREEK RD.",2930.00,E,N,C,-,N,,,,,,,,,,N,4,0,1,1,A,-,08,22107,,N,F,A,A,B,H,-,A,D,0,,,,,Y,,D,22,0,0,1,0,0,0,0,0,0,"- ","- ",38.190100000000001,-120.6263,CALAVERAS,UNINCORPORATED,-120.62777996,38.19040073
90346592,2016,2016-12-16,9255,2016-12-14,1915,013939,,3,2,9,0500,0,3,5,,2,003,"RIDGE ROAD","SIMPSON ROAD",40.00,W,N,B,-,N,,,,,,,,,,Y,3,0,1,1,A,-,05,21650,,N,E,I,A,A,H,-,D,D,0,,,,,Y,,A,07,0,1,0,0,0,0,0,0,0,"- ","- ",38.335909999999998,-120.53532,CALAVERAS,UNINCORPORATED,-120.53535431,38.33600972
90355406,2016,2016-12-27,9255,2016-12-20,1535,015156,,2,2,9,0500,0,1,3,,1,011,"STATE ROUTE 26","HEINEMANN DRIVE",1584.00,W,N,A,-,Y,,,26,,,,,,,Y,4,0,1,1,C,-,18,,,N,F,A,A,A,H,-,A,D,0,,,,,Y,,-,"- ",0,0,1,0,0,0,0,0,0,"- ","- ",38.15316,-120.85504,CALAVERAS,UNINCORPORATED,-120.85505667,38.153185929999999
90355878,2016,2016-12-28,9255,2016-12-19,1730,019557,,1,2,9,0500,0,1,3,,1,010,SR-12,"SOUTHWORTH RD.",32.00,E,N,A,-,Y,,,,,,,,,,Y,2,0,2,3,A,-,03,22350,,N,C,C,A,A,H,-,D,D,0,,,,,Y,,A,01,1,0,1,0,0,0,0,0,0,"- ","- ",38.104709999999997,-120.57342,CALAVERAS,UNINCORPORATED,-120.95949837000001,38.179754129999999
90358154,2016,2016-12-30,9255,2016-12-22,0150,016054,,4,3,9,0500,0,3,5,,2,004,"BRET HARTE DR","FIELDSTONE DR",35.00,N,N,A,-,N,,,,,,,,,,Y,3,0,1,1,A,-,01,23152,A,M,E,I,A,A,H,-,C,D,0,,,,,Y,Y,A,01,0,1,0,0,0,0,0,0,0,"- ","- ",38.141539999999999,-120.45610000000001,CALAVERAS,UNINCORPORATED,-120.4561061,38.141477889999997
90358484,2016,2016-12-30,9255,2016-12-29,0824,017324,,4,1,9,0500,0,2,4,,2,034,"MOUNTAIN RANCH ROAD","ROCKY ROAD",633.00,W,N,A,-,N,,,,,,,,,,Y,3,0,1,1,A,-,03,22350,,N,F,A,A,C,H,-,A,A,0,,,,,Y,,J,48,0,1,0,0,0,0,0,0,0,"- ","- ",38.190060000000003,-120.61463999999999,CALAVERAS,UNINCORPORATED,-120.61493808,38.190089999999998
90359848,2016,2017-01-03,9255,2016-12-17,1650,018894,,6,2,9,0500,0,1,3,,2,050,"STATE ROUTE 4","COUNTRY CLUB DR",500.00,E,N,A,-,Y,,,4,,,,,,,Y,4,0,1,1,A,-,08,22107,,N,E,I,A,A,H,-,D,D,0,,,,,Y,,A,07,0,0,1,0,0,0,0,0,0,"- ","- ",38.243459999999999,-120.36082999999999,CALAVERAS,UNINCORPORATED,-120.36070809,38.243427660000002
90359859,2016,2017-01-03,9255,2016-12-18,1545,018894,,7,2,9,0500,0,1,3,,2,050,"STATE ROUTE 4","BIG TREES PKY",1040.00,E,N,A,-,Y,,,4,,,,,,,Y,3,0,2,1,A,-,08,22107,,N,F,A,A,A,H,-,A,D,0,,,,,Y,,D,22,0,2,0,0,0,0,0,0,0,"- ","- ",38.280059999999999,-120.30938,CALAVERAS,UNINCORPORATED,-120.30935628,38.280015640000002
90360690,2016,2017-01-04,9255,2016-12-31,0035,013939,,6,3,9,0500,0,2,4,,1,041,SR-4,"FOLENDORF ROAD",792.00,E,N,B,-,Y,,,4,,,,,,,Y,4,0,1,1,A,-,01,23152,A,N,E,I,A,A,H,-,D,D,0,,,,,Y,Y,A,01,0,0,1,0,0,0,0,0,0,"- ","- ",38.164070000000002,-120.43497000000001,CALAVERAS,UNINCORPORATED,-120.43497044,38.16407985
90361536,2016,2017-02-16,9255,2016-12-30,1113,017324,,5,1,9,0500,0,1,3,,2,040,"STATE ROUTE 4","ANSIL DAVIS RD",468.00,E,N,A,-,Y,,,,,,,,,,Y,3,0,1,3,A,-,03,22350,,N,C,C,A,A,H,-,A,D,0,,,,,Y,,D,22,0,1,0,0,0,0,0,0,0,"- ","- ",38.119039999999998,-120.11904,CALAVERAS,UNINCORPORATED,-120.45182916,38.119102400000003
90362879,2016,2017-01-06,9255,2016-12-31,1540,019389,,6,2,9,0500,0,1,3,,1,010,SR-12,SR-49,1056.00,W,N,B,-,Y,,,12,,,,,,,Y,2,0,1,1,A,-,01,23152,A,N,F,A,A,B,H,-,A,D,0,,,,,Y,Y,D,22,1,0,0,0,0,0,0,0,0,"- ","- ",38.207070000000002,-120.70057,CALAVERAS,UNINCORPORATED,-120.70060834,38.20697887
90364483,2017,2017-02-16,9255,2017-01-06,1600,013556,,5,2,9,0500,0,2,4,,1,022,"OBYRNES FERRY RD",SR-4,47.00,S,N,B,-,N,,,,,,,,,,Y,4,0,2,2,A,-,05,21460,A,N,A,C,A,A,H,-,A,D,0,,,,,Y,,A,07,0,0,2,0,0,0,0,0,0,"- ","- ",37.590000000000003,-120.38420000000001,CALAVERAS,UNINCORPORATED,-120.64543426,37.983339729999997
90366305,2017,2017-01-10,9255,2017-01-03,1150,018873,,2,1,9,0500,0,1,3,,2,030,"69 W ST CHARLES ST.","ADAMS ST",3.00,N,N,B,-,Y,,,,,,,,,,N,4,0,1,2,A,-,03,22350,,N,D,E,A,A,H,-,A,D,0,,,,,Y,,A,01,0,0,1,0,0,0,0,0,0,"- ","- ",38.195920000000001,-120.6802,CALAVERAS,UNINCORPORATED,-120.68217961000001,38.196613210000002
90368229,2017,2017-01-12,9255,2017-01-11,1125,017324,,3,1,9,0500,0,3,5,,2,001,"MILTON ROAD","SO. GULCH ROAD",662.00,N,N,A,-,N,,,,,,,,,,Y,3,0,1,1,A,-,08,22107,,N,F,A,A,A,H,-,A,D,0,,,,,Y,,D,22,0,1,0,0,0,0,0,0,0,"- ","- ",38.062460000000002,-120.87115,CALAVERAS,UNINCORPORATED,-120.87119269999999,38.062727039999999
90370423,2017,2017-01-17,9255,2017-01-12,0600,013556,,4,1,9,0500,0,1,3,,2,040,SR-4,"BRICE STATION RD",100.00,E,N,D,-,Y,,,,,,,,,,Y,4,0,1,2,A,-,03,22350,,N,A,C,A,C,H,-,D,D,0,,,,,Y,,A,07,0,0,1,0,0,0,0,0,0,"- ","- ",38.101129999999998,-120.24435,CALAVERAS,UNINCORPORATED,-120.41173298,38.169962839999997
90371464,2017,2017-02-16,9255,2017-01-10,1925,019640,,2,2,9,0500,0,1,3,,1,021,SR-4,"HUNT RD",3168.00,W,N,B,C,Y,,,4,,,,,,,N,4,0,2,2,A,-,03,22350,,N,C,C,A,B,C,-,D,D,0,,,,,Y,,D,22,0,0,2,0,0,0,0,0,0,"- ","- ",38.026290000000003,-120.64574,CALAVERAS,UNINCORPORATED,-120.64578658000001,38.026266030000002
90372185,2017,2017-12-28,9255,2017-01-07,1815,019557,,6,2,9,0500,0,1,3,,2,040,SR-4,"BRICE STATION RD.",150.00,W,N,C,-,Y,,,,,,,,,,Y,4,0,2,2,A,-,05,21460,A,N,B,C,A,B,H,-,D,D,0,,,,,Y,Y,A,08,0,0,2,0,0,0,0,0,0,"- ","- ",38.101059999999997,-120.24455,CALAVERAS,UNINCORPORATED,-120.41252179,38.169674909999998
90373052,2017,2017-02-16,9255,2017-01-16,0940,018894,,1,1,9,0500,0,1,3,,2,050,"STATE ROUTE 4","UPPER FRONTAGE RD",100.00,W,N,A,-,Y,,,4,,,,,,,N,4,0,1,1,A,-,05,21650,,N,F,A,A,C,H,-,A,D,0,,,,,Y,,A,07,0,0,1,0,0,0,0,0,0,"- ","- ",38.312130000000003,-120.27475,CALAVERAS,UNINCORPORATED,-120.27475952,38.312150610000003
90373667,2017,2017-01-20,9255,2017-01-18,1940,013939,,3,2,9,0500,0,3,5,,2,001,"SOUTHWORTH ROAD","QUESTO ROAD",958.00,S,N,C,-,N,,,,,,,,,,Y,3,0,1,1,A,-,05,21650,,N,E,I,A,B,H,-,D,D,0,,,,,Y,,D,22,0,1,0,0,0,0,0,0,0,"- ","- ",38.166980000000002,-120.9585,CALAVERAS,UNINCORPORATED,-120.95846775,38.167063169999999
90373860,2016,2017-06-08,9255,2016-11-26,1415,019557,,6,2,9,0500,0,1,3,,1,010,SR-12,"CENTRAL HILL RD.",1572.00,W,N,B,C,Y,,,,,,,,,,Y,1,1,2,2,A,-,03,22350,,N,E,I,A,B,H,-,A,A,0,,,,Y,Y,,F,27,1,0,1,0,0,0,0,0,0,"- ","- ",38.121850000000002,-120.43378,CALAVERAS,UNINCORPORATED,-120.72714307,38.20515133
90375004,2017,2017-01-23,9255,2017-01-19,2335,013939,,4,3,9,0500,0,1,3,,1,011,SR-26,"BEAL RANCH ROAD",1584.00,E,N,B,C,Y,,,26,,,,,,,Y,3,0,1,1,A,-,01,23152,A,N,F,A,A,B,H,-,D,D,0,,,,,Y,Y,A,08,0,1,0,0,0,0,0,0,0,"- ","- ",38.233229999999999,-120.7604,CALAVERAS,UNINCORPORATED,-120.76043953,38.23323602
90375038,2017,2017-01-23,9255,2017-01-17,1250,018363,,2,1,9,0500,0,1,3,,2,030,"STATE ROUTE 49","POOL STATION RD",252.00,S,N,A,-,Y,,,49,,,,,,,Y,3,0,1,3,A,-,08,22107,,N,C,E,A,A,H,-,A,D,0,,,,,Y,,A,01,0,1,0,0,0,0,0,0,0,"- ","- ",38.200879999999998,-120.69213999999999,CALAVERAS,UNINCORPORATED,-120.69211779,38.200928259999998
90375063,2017,2017-01-23,9255,2017-01-15,0825,018363,,7,1,9,0500,0,1,3,,2,050,"STATE ROUTE 4","BIG TREES PKY",1320.00,W,N,A,-,Y,,,4,,,,,,,Y,4,0,1,1,A,-,08,22107,,N,F,A,A,C,H,-,A,D,0,,,,,Y,,D,22,0,0,1,0,0,0,0,0,0,"- ","- ",38.274520000000003,-120.31457,CALAVERAS,UNINCORPORATED,-120.3145645,38.27445926
90375468,2017,2017-01-23,9255,2017-01-22,1410,018318,,7,2,9,0500,0,1,3,,1,021,SR-4,"APPALOOSA RD",528.00,E,N,B,C,Y,,,4,,,,,,,Y,4,0,1,1,A,-,08,22107,,N,E,I,A,A,H,-,A,D,0,,,,,Y,,A,07,0,0,1,0,0,0,0,0,0,"- ","- ",38.051450000000003,-120.62564,CALAVERAS,UNINCORPORATED,-120.62565883000001,38.051501170000002
90380628,2017,2017-06-06,9255,2017-01-14,2500,018363,,6,4,9,0500,0,3,5,,2,002,"POOL STATION RD","STATE ROUTE 4",4382.00,N,N,B,-,N,,,,,,,,,,Y,1,1,0,1,A,-,08,22107,,N,F,A,A,B,H,-,D,D,0,,,,,Y,,A,01,0,0,0,0,0,0,0,0,0,"- ","- ",38.056100000000001,-120.65165,CALAVERAS,UNINCORPORATED,-120.65152214,38.055540989999997
90382725,2017,2017-01-31,9255,2017-01-29,1748,020142,,7,2,9,0500,0,1,3,,1,011,SR-26,"COUNTRY VIEW DR",555.00,E,N,A,-,Y,,,26,,,,,,,Y,4,0,1,2,A,-,05,21460,A,N,B,C,A,A,H,-,B,D,0,,,,,Y,,A,08,0,0,1,0,0,0,0,0,0,"- ","- ",38.176319999999997,-120.83113,CALAVERAS,UNINCORPORATED,-120.83120925999999,38.176344880000002
90383642,2017,2017-02-01,9255,2017-01-30,0840,018873,,1,1,9,0500,0,1,3,,2,031,SR-26,"RAILROAD FLAT RD",45.00,E,N,A,-,Y,,,26,,,,,,,Y,4,0,1,1,A,-,08,22107,,N,F,A,A,C,H,-,A,D,0,,,,,Y,,D,22,0,0,1,0,0,0,0,0,0,"- ","- ",38.389049999999997,-120.52742000000001,CALAVERAS,UNINCORPORATED,-120.52742032,38.389051979999998
90385565,2017,2017-02-03,9255,2017-02-02,2205,013939,,4,3,9,0500,0,1,3,,1,010,SR-12,"LIME CREEK ROAD (WEST)",825.00,W,N,B,C,Y,,,12,,,,,,,N,3,0,1,2,A,-,11,21954,A,N,G,B,E,B,H,-,C,A,0,Y,,,,Y,Y,N,60,0,1,0,0,1,0,0,0,0,"- ","- ",38.192979999999999,-120.82375999999999,CALAVERAS,UNINCORPORATED,-120.82376748,38.193015760000002
90388527,2017,2017-02-08,9255,2017-02-03,1948,015872,,5,2,9,0500,0,1,3,,1,011,SR-26,"OLIVE BRANCH DRIVE",300.00,W,N,B,C,Y,,,26,,,,,,,Y,4,0,1,1,A,-,08,22107,,N,E,I,A,B,H,-,D,D,0,,,,,Y,,A,01,0,0,1,0,0,0,0,0,0,"- ","- ",38.115670000000001,-120.8925,CALAVERAS,UNINCORPORATED,-120.89250271,38.115715010000002
90389500,2017,2017-02-09,9255,2017-02-01,1115,019525,,3,1,9,0500,0,3,5,,2,001,"KIRBY ST","ROBERTS RD",600.00,W,N,B,-,N,,,,,,,,,,N,4,0,2,2,A,-,05,21460,A,N,C,C,A,A,H,-,A,D,0,,,,,Y,,D,22,0,0,2,0,0,0,0,0,0,"- ","- ",38.110259999999997,-120.87256000000001,CALAVERAS,UNINCORPORATED,-120.87244337,38.11020096
90389612,2017,2017-02-09,9255,2017-02-03,1925,015872,,5,2,9,0500,0,1,3,,1,010,SR-12,"CHESTNUT STREET",528.00,E,N,B,C,Y,,,12,,,,,,,N,4,0,1,2,A,-,09,21804,A,N,D,C,A,B,H,-,C,D,0,,,,,Y,,A,07,0,0,1,0,0,0,0,0,0,"- ","- ",38.192509999999999,-120.82635000000001,CALAVERAS,UNINCORPORATED,-120.82634887,38.192503000000002
90389794,2017,2017-02-09,9255,2017-02-03,1800,018492,,5,2,9,0500,0,1,3,,2,050,SR-4,"GOLDEN TORCH DR",528.00,W,N,C,-,Y,,,4,,,,,,,Y,3,0,1,1,A,-,08,22107,,N,F,A,A,B,H,-,B,D,0,,,,,Y,,D,22,0,1,0,0,0,0,0,0,0,"- ","- ",38.294750000000001,-120.28634,CALAVERAS,UNINCORPORATED,-120.28622446,38.294686480000003
90390215,2017,2017-02-10,9255,2017-02-02,1830,015872,,4,2,9,0500,0,1,3,,1,010,SR-12,"WARDS AVE",2112.00,E,N,B,-,N,,,12,,,,,,,N,4,0,1,1,C,-,18,,,N,H,H,A,B,H,-,D,D,0,,,,,Y,,-,"- ",0,0,1,0,0,0,0,0,0,"- ","- ",38.190989999999999,-120.97256,CALAVERAS,UNINCORPORATED,-120.97270674000001,38.19092397
90391228,2017,2017-02-13,9255,2017-02-07,0811,019640,,2,1,9,0500,0,1,3,,1,010,SR-12,"CENTRAL HILL RD",528.00,W,N,B,C,Y,,,12,,,,,,,Y,4,0,1,1,C,-,18,,,N,E,J,A,B,H,-,A,D,0,,,,,Y,,-,"- ",0,0,1,0,0,0,0,0,0,"- ","- ",38.204419999999999,-120.72626,CALAVERAS,UNINCORPORATED,-120.72619228000001,38.204503940000002
9039664,2019,2020-07-06,0501,2019-10-12,0237,244,,6,5,2,0501,0,0,0,,0,,"RT 4","RT 49",2112.00,E,N,A,-,Y,CAL,10,4,-,-,21.490,H,-,W,Y,3,0,1,1,A,-,03,22350,,N,F,A,A,A,H,-,D,D,0,,,,,Y,Y,A,01,0,1,0,0,0,0,0,0,0,"- ","- ",38.084999084472656,-120.55079650878906,CALAVERAS,"ANGELS CAMP",-120.54731750488281,38.0833740234375
90397047,2017,2017-02-21,9255,2017-02-19,1700,020142,,7,2,9,0500,0,3,5,,2,003,"JESUS MARIA RD","KERSTAN LN",60.00,W,N,C,-,N,,,,,,,,,,Y,3,0,1,1,A,-,05,21650,,N,E,I,A,B,H,-,A,D,0,,,,,Y,,A,01,0,1,0,0,0,0,0,0,0,"- ","- ",38.282890000000002,-120.5234,CALAVERAS,UNINCORPORATED,-120.52346209,38.282737019999999
90397481,2017,2017-02-21,9255,2017-02-19,1500,018873,,7,2,9,0500,0,1,3,,1,021,SR-4,"MAIN ST.",0.00,,Y,B,C,Y,,,4,,,,,,,Y,4,0,1,3,A,-,09,21802,A,N,D,C,A,B,H,-,A,A,0,,,,,Y,,A,07,0,0,1,0,0,0,0,0,0,"- ","- ",37.983379999999997,-120.64543,CALAVERAS,UNINCORPORATED,-120.64543978,37.983379040000003
90400693,2017,2017-02-27,9255,2017-02-21,0850,019389,,2,1,9,0500,0,1,3,,1,010,SR-12,"DOUBLE SPRINGS RD",80.00,W,N,B,C,Y,,,12,,,,,,,Y,4,0,3,3,A,-,03,22350,,N,C,C,A,B,H,-,A,D,0,,,,,Y,,A,07,0,0,3,0,0,0,0,0,0,"- ","- ",38.206119999999999,-120.78998,CALAVERAS,UNINCORPORATED,-120.7899534,38.206084670000003
90404456,2017,2017-03-02,9255,2017-02-23,2205,018492,,4,3,9,0500,0,1,3,,2,050,SR-4,"MORAN RD",1584.00,E,N,A,-,Y,,,4,,,,,,,Y,4,0,1,1,A,-,03,22350,,N,E,I,A,C,H,-,D,D,0,,,,,Y,,A,07,0,0,1,0,0,0,0,0,0,"- ","- ",38.269500000000001,-120.32494,CALAVERAS,UNINCORPORATED,-120.32486364,38.26931209
90406250,2017,2017-03-06,9255,2017-03-02,1925,019557,,4,2,9,0500,0,1,3,,1,020,SR-49,"DEER CREEK RD.",1056.00,S,N,A,-,Y,,,,,,,,,,Y,4,0,1,1,A,-,08,22107,,N,F,A,A,A,H,-,D,D,0,,,,,Y,,A,01,0,0,1,0,0,0,0,0,0,"- ","- ",38.550179999999997,-120.35935000000001,CALAVERAS,UNINCORPORATED,-120.58686554000001,38.098095639999997
90406570,2017,2017-03-06,9255,2017-02-26,0715,018894,,7,1,9,0500,0,1,3,,2,050,"STATE ROUTE 4","BIG TREES PKY",2000.00,W,N,A,-,Y,,,4,,,,,,,Y,3,0,1,1,A,-,08,22107,,N,E,I,A,A,H,-,A,D,0,,,,,Y,,A,07,0,1,0,0,0,0,0,0,0,"- ","- ",38.27458,-120.31113000000001,CALAVERAS,UNINCORPORATED,-120.31115535000001,38.274652750000001
90406742,2017,2017-03-06,9255,2017-02-27,2200,020142,,1,3,9,0500,0,3,5,,2,100,"S PETERSBURG RD","N SHORE CT",3168.00,W,N,A,-,N,,,,,,,,,,Y,2,0,1,2,A,-,13,22515,A,N,H,J,A,A,H,-,D,D,0,,,,,Y,,A,07,1,0,0,0,0,0,0,0,0,"- ","- ",38.177770000000002,-120.79637,CALAVERAS,UNINCORPORATED,-120.80039985000001,38.18928468
90408067,2017,2017-03-08,9255,2017-02-27,1330,018873,,1,1,9,0500,0,1,3,,2,030,SR-49,"CALIFORNIA ST",0.00,,Y,C,-,Y,,,49,,,,,,,N,3,0,1,2,A,-,03,22350,,F,G,B,B,B,H,-,A,A,0,Y,,,,Y,Y,A,01,0,1,0,0,1,0,0,0,0,"- ","- ",38.195569999999996,-120.67959999999999,CALAVERAS,UNINCORPORATED,-120.67958342999999,38.195596969999997
90408460,2017,2017-03-08,9255,2017-02-25,1820,018453,,6,2,9,0500,0,1,3,,1,020,SR-49,"CALVERAS/TUOLUMNE CO. LINE",5280.00,N,N,A,-,Y,,,49,,,,,,,Y,4,0,2,1,A,-,08,22107,,N,E,I,A,A,H,-,A,D,0,,,,,Y,,A,01,0,0,2,0,0,0,0,0,0,"- ","- ",38.00817,-120.50517000000001,CALAVERAS,UNINCORPORATED,-120.50524459,38.008181620000002
90409215,2017,2017-03-09,9255,2017-03-05,1400,015872,,7,2,9,0500,0,3,5,,2,003,"POOL STATION RD","CEMENT PLANT ROAD",9240.00,S,N,B,-,N,,,,,,,,,,Y,4,0,1,1,A,-,03,22350,,N,E,I,A,C,H,-,A,D,0,,,,,Y,,A,07,0,0,1,0,0,0,0,0,0,"- ","- ",38.145029999999998,-120.66039000000001,CALAVERAS,UNINCORPORATED,-120.66082915,38.14435864
90409232,2017,2017-03-09,9255,2017-03-05,1832,018453,,7,2,9,0500,0,1,3,,1,021,SR-4,"POOL STATION RD",528.00,E,N,B,-,Y,,,4,,,,,,,N,4,0,1,1,A,-,03,22350,,N,E,I,A,C,H,-,D,D,0,,,,,Y,,A,01,0,0,1,0,0,0,0,0,0,"- ","- ",38.04654,-120.64673000000001,CALAVERAS,UNINCORPORATED,-120.64669266999999,38.046509049999997
90409258,2017,2017-03-09,9255,2017-03-06,0820,019389,,1,1,9,0500,0,1,3,,2,030,SR-49,SR-12,1056.00,N,N,B,-,Y,,,49,,,,,,,Y,4,0,1,2,A,-,03,22350,,N,C,C,A,B,H,-,A,D,0,,,,,Y,,D,22,0,0,1,0,0,0,0,0,0,"- ","- ",38.208689999999997,-120.69732999999999,CALAVERAS,UNINCORPORATED,-120.69719198999999,38.208687390000001
90410290,2017,2017-03-10,9255,2017-03-10,0728,019640,,5,1,9,0500,0,1,3,,1,011,SR-26,"HAGEN CT",0.00,,Y,A,-,Y,,,26,,,,,,,Y,4,0,1,3,A,-,09,21802,A,N,D,C,A,A,H,-,A,A,0,,,,,Y,,D,22,0,0,1,0,0,0,0,0,0,"- ","- ",38.136650000000003,-120.86742,CALAVERAS,UNINCORPORATED,-120.86742445,38.136653240000001
90412671,2017,2017-03-15,9255,2017-03-13,1725,020142,,1,2,9,0500,0,1,3,,2,030,SR-49,"BIG BAR RD",1056.00,S,N,A,-,Y,,,49,,,,,,,Y,3,0,1,1,A,-,08,22107,,N,F,A,A,A,H,-,A,D,0,,,Y,,Y,,C,02,0,1,0,0,0,0,0,0,1,"- ","- ",38.309849999999997,-120.72261,CALAVERAS,UNINCORPORATED,-120.72247932000001,38.309789170000002
90413721,2017,2017-03-16,9255,2017-03-10,1635,018459,,5,2,9,0500,0,1,3,,1,010,SR-12,"CENTRAL HILL RD",0.00,,Y,B,-,Y,,,12,,,,,,,Y,4,0,1,2,A,-,03,22350,,N,B,C,A,A,H,-,A,D,0,,,,,Y,,A,01,0,0,1,0,0,0,0,0,0,"- ","- ",38.201700000000002,-120.72349,CALAVERAS,UNINCORPORATED,-120.72316991,38.202146370000001
90415544,2017,2017-03-20,9255,2017-03-10,1820,013939,,5,2,9,0500,0,1,3,,1,010,SR-12,"TOYON CIRCLE",3696.00,W,N,A,-,Y,,,12,,,,,,,Y,4,0,1,1,A,-,08,22107,,N,E,I,A,A,H,-,A,D,0,,,,,Y,,A,01,0,0,1,0,0,0,0,0,0,"- ","- ",38.208689999999997,-120.77898999999999,CALAVERAS,UNINCORPORATED,-120.77899019,38.208688119999998
90416900,2017,2017-03-22,9255,2017-02-25,0120,015872,,6,3,9,0500,0,2,4,,2,042,"PARROTS FERRY RD","CAMP NINE RD",86.00,N,N,A,-,N,,,,,,,,,,Y,4,0,1,1,A,-,01,23152,A,N,E,I,A,A,H,-,D,D,0,,,,,Y,Y,A,01,0,0,1,0,0,0,0,0,0,"- ","- ",38.084429999999998,-120.46138000000001,CALAVERAS,UNINCORPORATED,-120.46113292,38.084165599999999
90417512,2017,2017-03-22,9255,2017-03-17,0500,013556,,5,3,9,0500,0,1,3,,2,040,SR-4,"BRICE STATION RD",200.00,W,N,A,-,Y,,,,,,,,,,Y,4,0,2,2,A,-,05,21460,A,N,A,C,A,A,H,-,D,D,0,,,,,Y,,A,01,0,0,2,0,0,0,0,0,0,"- ","- ",38.109000000000002,-120.24460000000001,CALAVERAS,UNINCORPORATED,-120.41267585,38.169611279999998
90417629,2017,2017-03-22,9255,2017-03-11,1520,018873,,6,2,9,0500,0,1,3,,2,030,SR-26,"SPORT HILL RD",100.00,E,N,A,-,Y,,,26,,,,,,,N,2,0,1,1,A,-,08,22107,,N,E,I,A,A,H,-,A,D,0,,,,,Y,,A,08,1,0,0,0,0,0,0,0,0,"- ","- ",38.300939999999997,-120.68986,CALAVERAS,UNINCORPORATED,-120.6898607,38.300906009999999
90418000,2017,2017-03-22,9255,2017-03-22,0915,015156,,3,1,9,0500,0,1,3,,2,050,"STATE ROUTE 4","SUMMIT LEVEL ROAD",30.00,W,N,B,D,Y,,,4,,,,,,,Y,4,0,2,1,A,-,03,22350,,N,F,A,A,C,H,-,A,D,0,,,,,Y,,A,07,0,0,2,0,0,0,0,0,0,"- ","- ",38.394649999999999,-120.17277,CALAVERAS,UNINCORPORATED,-120.17277098,38.394666970000003
90418726,2017,2017-03-23,9255,2017-03-15,1825,016054,,3,2,9,0500,0,2,4,,1,041,"MURPHYS GRADE RD","FAIRVIEW PARK CT",422.00,E,N,A,-,N,,,,,,,,,,Y,2,0,2,2,A,-,01,23152,A,N,A,C,A,A,H,-,A,A,0,,,,,Y,Y,A,01,2,0,0,0,0,0,0,0,0,"- ","- ",38.125959999999999,-120.49115,CALAVERAS,UNINCORPORATED,-120.49818261,38.118400870000002
90420157,2017,2017-03-24,9255,2017-03-22,2230,013939,,3,3,9,0500,0,1,3,,2,031,SR-26,"STANLEY ROAD",1240.00,E,N,A,-,Y,,,26,,,,,,,Y,3,0,1,1,A,-,08,22107,,N,E,I,A,B,H,-,A,D,0,,,,,Y,,A,01,0,1,0,0,0,0,0,0,0,"- ","- ",38.388469999999998,-120.53228,CALAVERAS,UNINCORPORATED,-120.53219792,38.388436570000003
90420285,2017,2017-03-24,9255,2017-03-17,0808,019525,,5,1,9,0500,0,1,3,,1,010,SR-12,"DOUBLE SPRINGS RD",1056.00,E,N,A,-,Y,,,12,,,,,,,Y,4,0,1,3,A,-,03,22350,,N,C,C,A,A,H,-,A,D,0,,,,,Y,,A,01,0,0,1,0,0,0,0,0,0,"- ","- ",38.212350000000001,-120.74804,CALAVERAS,UNINCORPORATED,-120.74803806,38.212358879999996
90425087,2017,2017-03-31,9255,2017-03-26,2019,018453,,7,2,9,0500,0,1,3,,1,011,SR-26,"PONDEROSA WAY",2640.00,W,N,B,C,Y,,,26,,,,,,,Y,3,0,1,1,A,-,01,23152,A,N,E,I,A,B,H,-,D,D,0,,,,,Y,Y,A,07,0,1,0,0,0,0,0,0,0,"- ","- ",38.324759999999998,-120.63755,CALAVERAS,UNINCORPORATED,-120.63749645999999,38.324670599999997
90425961,2017,2017-04-03,9255,2017-03-29,1730,013939,,3,2,9,0500,0,1,3,,2,031,SR-26,"FLYING DOVE LANE",49.00,W,N,A,-,Y,,,26,,,,,,,Y,3,0,1,2,A,-,03,22350,,N,C,C,A,A,H,-,A,D,0,,,,,Y,,A,01,0,1,0,0,0,0,0,0,0,"- ","- ",38.3566,-120.57544,CALAVERAS,UNINCORPORATED,-120.57544944,38.356621609999998
90429780,2017,2017-04-07,9255,2017-03-25,0110,016054,,6,3,9,0500,0,3,5,,2,003,"CALAVERITAS RD","MOUNTAIN RANCH RD",10560.00,S,N,B,-,N,,,,,,,,,,Y,2,0,1,1,A,-,08,22107,,N,E,I,A,A,H,-,D,D,0,,,,,Y,,D,22,1,0,0,0,0,0,0,0,0,"- ","- ",38.176310000000001,-120.64955999999999,CALAVERAS,UNINCORPORATED,-120.63959810999999,38.171075139999999
90430755,2017,2017-04-10,9255,2017-04-02,1905,018459,,7,2,9,0500,0,1,3,,1,011,SR-26,"HEINEMANN DR",40.00,E,N,A,-,Y,,,,,,,,,,Y,4,0,1,3,A,-,03,22350,,N,C,C,A,A,H,-,B,D,0,,,,,Y,,D,22,0,0,1,0,0,0,0,0,0,"- ","- ",38.091859999999997,-120.51090000000001,CALAVERAS,UNINCORPORATED,-120.85252778,38.155098240000001
90430797,2017,2017-04-10,9255,2017-04-02,1925,018453,,7,2,9,0500,0,1,3,,2,031,SR-26,"HUMBUG CREEK RD",2640.00,E,N,B,-,Y,,,26,,,,,,,Y,3,0,1,1,A,-,01,23152,A,N,E,I,A,A,H,-,D,D,0,,,,,Y,Y,D,22,0,1,0,0,0,0,0,0,0,"- ","- ",38.365569999999998,-120.55970000000001,CALAVERAS,UNINCORPORATED,-120.55973809,38.365581110000001
90431821,2017,2017-04-11,9255,2017-04-02,1445,015872,,7,2,9,0500,0,3,5,,2,001,"CAMANCHE PARKWAY","PATTISON RD",2640.00,S,N,A,-,N,,,,,,,,,,Y,3,0,1,1,A,-,03,22350,,N,E,J,A,A,A,-,A,D,0,,,Y,,Y,,C,02,0,1,0,0,0,0,0,0,1,"- ","- ",38.195180000000001,-120.90634,CALAVERAS,UNINCORPORATED,-120.90654646,38.194972649999997
90434812,2017,2017-04-17,9255,2017-04-12,1513,020142,,3,2,9,0500,0,1,3,,1,010,SR-12,"DOUBLE SPRINGS RD",2640.00,E,N,B,C,Y,,,12,,,,,,,Y,2,0,2,1,A,-,01,23152,A,N,E,I,A,B,H,-,A,D,0,,,,,Y,Y,A,01,1,1,0,0,0,0,0,0,0,"- ","- ",38.212000000000003,-120.74718,CALAVERAS,UNINCORPORATED,-120.74714391000001,38.212079549999999
90435443,2017,2017-04-17,9255,2017-04-10,0300,018453,,1,3,9,0500,0,1,3,,1,021,SR-4,"STALLION WAY",10560.00,E,N,B,-,Y,,,4,,,,,,,N,4,0,1,1,A,-,21,22106,,N,E,I,A,A,H,-,D,D,0,,,,,Y,,A,01,0,0,1,0,0,0,0,0,0,"- ","- ",38.067219999999999,-120.59962,CALAVERAS,UNINCORPORATED,-120.59961643,38.067146180000002
90437140,2017,2017-04-18,9255,2017-04-11,0945,018873,,2,1,9,0500,0,1,3,,2,040,"STATE ROUTE 4","MORAN RD (LOWER)",168.00,W,N,B,C,Y,,,4,,,,,,,Y,3,0,1,1,A,-,08,22107,,N,F,A,A,B,H,-,A,D,0,,,,,Y,,D,22,0,1,0,0,0,0,0,0,0,"- ","- ",38.202689999999997,-120.36962,CALAVERAS,UNINCORPORATED,-120.36963157,38.202682770000003
90437448,2017,2017-05-31,9255,2017-04-08,1130,015872,,6,1,9,0500,0,1,3,,1,011,SR-26,"JEAN STREET",100.00,W,N,B,C,Y,,,26,,,,,,,Y,3,0,2,2,A,-,09,21801,A,N,D,C,A,B,H,-,A,D,0,,,,,Y,,A,01,0,1,1,0,0,0,0,0,0,"- ","- ",38.189889999999998,-120.82762,CALAVERAS,UNINCORPORATED,-120.82756538,38.189921720000001
90439444,2017,2017-04-21,9255,2017-04-13,0130,019557,,4,3,9,0500,0,3,5,,2,003,"CALAVERITAS RD.","CALAVERITAS ST.",528.00,S,N,B,-,N,,,,,,,,,,Y,4,0,1,1,A,-,08,22107,,N,E,I,A,A,H,-,D,D,0,,,,,Y,,A,01,0,0,1,0,0,0,0,0,0,"- ","- ",38.919490000000003,-120.36332,CALAVERAS,UNINCORPORATED,-120.61008637,38.156346910000003
90439745,2017,2017-04-21,9255,2017-04-15,0920,017324,,6,1,9,0500,0,1,3,,2,030,"STATE ROUTE 49","POOL STATION RD",3.00,S,N,A,-,Y,,,49,,,,,,,N,4,0,1,2,A,-,03,22350,,N,C,C,A,A,H,-,A,D,0,,,,,Y,,D,22,0,0,1,0,0,0,0,0,0,"- ","- ",38.201230000000002,-120.69262000000001,CALAVERAS,UNINCORPORATED,-120.692654,38.201154090000003
90441263,2017,2017-04-25,9255,2017-04-18,0850,018873,,2,1,9,0500,0,2,4,,1,041,"MURPHYS GRADE RD","FAIRVIEW PARK CT",3696.00,E,N,B,C,N,,,,,,,,,,Y,4,0,1,1,A,-,08,22107,,N,E,I,A,B,H,-,A,D,0,,,,,Y,,A,07,0,0,1,0,0,0,0,0,0,"- ","- ",38.130879999999998,-120.48627999999999,CALAVERAS,UNINCORPORATED,-120.49176814,38.125546880000002
90441268,2017,2017-04-25,9255,2017-04-22,1600,018318,,6,2,9,0500,0,1,3,,1,021,SR-4,"POOL STATION RD",1584.00,W,N,A,-,Y,,,,,,,,,,Y,3,0,1,1,A,-,08,22107,,N,E,I,A,A,H,-,A,D,0,,,Y,,Y,,C,02,0,1,0,0,0,0,0,0,1,"- ","- ",38.040219999999998,-120.44792,CALAVERAS,UNINCORPORATED,-120.64785482000001,38.04034626
90441940,2017,2017-04-25,9255,2017-04-22,1210,018318,,6,1,9,0500,0,2,4,,1,022,"OBYRNES FERRY RD","COPPER COVE DR",0.00,,Y,A,-,N,,,,,,,,,,Y,3,0,2,2,A,-,03,22350,,N,C,C,A,A,H,-,A,D,0,,,,,Y,,A,08,0,1,1,0,0,0,0,0,0,"- ","- ",37.940019999999997,-120.60541000000001,CALAVERAS,UNINCORPORATED,-120.60543993,37.940029899999999
90445458,2017,2017-04-28,9255,2017-04-26,1210,017324,,3,1,9,0500,0,1,3,,2,030,"STATE ROUTE 49","MOUNTAIN RANCH ROAD",0.00,,Y,B,-,Y,,,49,,,,,,,Y,3,0,1,2,A,-,09,21801,A,N,A,C,A,B,H,-,A,A,0,,,,,Y,,A,01,0,1,0,0,0,0,0,0,0,"- ","- ",38.1892,-120.67452,CALAVERAS,UNINCORPORATED,-120.67454057,38.189195380000001
90446432,2017,2017-05-01,9255,2017-04-26,1110,020142,,3,1,9,0500,0,3,5,,2,002,"POOL STATION RD","OLD OAK RD",0.00,,Y,C,-,N,,,,,,,,,,Y,4,0,4,2,A,-,09,21802,A,N,D,C,A,B,H,-,A,A,0,,,,,Y,,A,07,0,0,4,0,0,0,0,0,0,"- ","- ",38.18824,-120.68946,CALAVERAS,UNINCORPORATED,-120.68971987,38.18861991
90446539,2017,2017-05-01,9255,2017-04-23,2259,018453,,7,3,9,0500,0,1,3,,1,011,SR-26,"HOGAN DAM RD",1056.00,W,N,A,-,Y,,,26,,,,,,,Y,3,0,2,2,A,-,05,21460,A,N,A,C,A,A,H,-,D,A,0,,,,,Y,Y,A,07,0,1,1,0,0,0,0,0,0,"- ","- ",38.183070000000001,-120.8261,CALAVERAS,UNINCORPORATED,-120.82611106,38.183081059999999
90447172,2017,2017-05-02,9255,2017-04-24,0411,019640,,1,3,9,0500,0,1,3,,1,021,SR-4,"HUNT RD",1584.00,W,N,B,-,Y,,,4,,,,,,,N,2,0,1,2,A,-,11,21956,,N,G,B,E,A,H,-,D,D,0,Y,,,,Y,,N,60,1,0,0,0,1,0,0,0,0,"- ","- ",38.030320000000003,-120.6477,CALAVERAS,UNINCORPORATED,-120.64770387999999,38.030318899999997
90447239,2017,2017-05-02,9255,2017-04-24,1355,018318,,1,1,9,0500,0,1,3,,1,020,SR-49,"GUN CLUB RD",528.00,N,N,A,-,Y,,,49,,,,,,,N,4,0,1,2,A,-,05,21460,A,N,B,C,A,A,H,-,A,D,0,,,,,Y,,A,07,0,0,1,0,0,0,0,0,0,"- ","- ",38.053350000000002,-120.53349,CALAVERAS,UNINCORPORATED,-120.53353799999999,38.053302789999996
90447715,2017,2018-01-19,9255,2017-04-14,1525,019389,,5,2,9,0500,0,2,4,,1,022,"O'BYRNES FERRY RD","COSMIC CT",433.00,S,N,A,-,N,,,,,,,,,,Y,1,1,1,2,A,-,05,21460,A,N,A,C,A,A,H,-,A,D,0,,,,,Y,,A,01,1,0,0,0,0,0,0,0,0,"- ","- ",37.934600000000003,-120.60377,CALAVERAS,UNINCORPORATED,-120.60383508,37.934647779999999
90448392,2017,2017-05-03,9255,2017-05-02,0110,019640,,2,3,9,0500,0,1,3,,1,010,SR-12,"DOUBLE SPRINGS RD",1584.00,W,N,A,-,Y,,,12,,,,,,,Y,4,0,1,1,A,-,08,22107,,N,E,I,A,A,H,-,D,D,0,,,,,Y,,A,07,0,0,1,0,0,0,0,0,0,"- ","- ",38.203519999999997,-120.79322999999999,CALAVERAS,UNINCORPORATED,-120.79319795000001,38.203484899999999
90448886,2017,2017-05-04,9255,2017-04-26,1705,019557,,3,2,9,0500,0,1,3,,2,031,SR-26,"DIRT RD.",1056.00,E,N,B,-,Y,,,,,,,,,,Y,4,0,1,1,A,-,08,22107,,N,E,I,A,B,H,-,A,D,0,,,,,Y,,D,22,0,0,1,0,0,0,0,0,0,"- ","- ",38.183300000000003,-120.3954,CALAVERAS,UNINCORPORATED,-120.65591096999999,38.313679659999998
90449005,2017,2017-05-04,9255,2017-04-20,1710,019525,,4,2,9,0500,0,1,3,,1,020,SR-49,"REDHILL ROAD",1584.00,S,N,A,-,Y,,,49,,,,,,,Y,3,0,1,1,A,-,08,22107,,N,E,I,A,A,H,-,A,D,0,,,Y,,Y,,C,02,0,1,0,0,0,0,0,0,1,"- ","- ",38.027509999999999,-120.51088,CALAVERAS,UNINCORPORATED,-120.51084908999999,38.027487209999997
90449396,2017,2017-05-04,9255,2017-04-14,2220,019525,,5,3,9,0500,0,2,4,,2,034,"MOUNTAIN RANCH RD","MICHEL RD",1790.00,W,N,A,-,N,,,,,,,,,,Y,2,0,1,1,A,-,01,23152,A,N,E,I,A,A,H,-,D,D,0,,,,,Y,Y,A,07,1,0,0,0,0,0,0,0,0,"- ","- ",38.218719999999998,-120.55136,CALAVERAS,UNINCORPORATED,-120.59070179,38.191152629999998
90450058,2017,2017-05-05,9255,2017-04-30,1100,018873,,7,1,9,0500,0,1,3,,2,031,SR-26,"DIRT RD",3696.00,E,N,A,-,Y,,,26,,,,,,,Y,4,0,1,1,A,-,08,22107,,N,F,A,A,A,H,-,A,D,0,,,Y,,Y,,C,02,0,0,1,0,0,0,0,0,1,"- ","- ",38.314300000000003,-120.65523,CALAVERAS,UNINCORPORATED,-120.65521024,38.31428871
90450243,2017,2017-06-08,9255,2017-04-30,1610,018459,,7,2,9,0500,0,1,3,,1,020,SR-49,"RED HILL RD",1056.00,S,N,A,-,Y,,,49,,,,,,,Y,1,1,0,1,A,-,01,23152,A,N,E,I,A,A,H,-,A,D,0,,,Y,,Y,Y,C,02,0,0,0,0,0,0,0,1,0,"- ","- ",38.033909999999999,-120.50658,CALAVERAS,UNINCORPORATED,-120.50659503999999,38.033900510000002
90451122,2017,2017-05-08,9255,2017-05-07,2045,019640,,7,2,9,0500,0,1,3,,1,010,SR-12,SR-49,1584.00,W,N,A,-,Y,,,12,,,,,,,Y,3,0,2,1,C,-,18,,,N,H,H,A,A,H,-,D,D,0,,,Y,,Y,,-,"- ",0,2,0,0,0,0,0,0,2,"- ","- ",38.206650000000003,-120.69973,CALAVERAS,UNINCORPORATED,-120.69973157,38.206645760000001
90451135,2017,2017-05-08,9255,2017-05-07,1310,018318,,7,1,9,0500,0,2,4,,1,041,"MURPHYS GRADE RD","ROLLERI BYP",816.00,E,N,B,-,N,,,,,,,,,,Y,4,0,1,1,A,-,08,22107,,N,E,I,A,A,H,-,A,D,0,,,,,Y,,A,01,0,0,1,0,0,0,0,0,0,"- ","- ",38.086399999999998,-120.53997,CALAVERAS,UNINCORPORATED,-120.53812981,38.087908300000002
90451856,2017,2017-05-09,9255,2017-04-27,1655,020142,,4,2,9,0500,0,1,3,,2,030,SR-49,"POVERTY GULCH CT",50.00,N,N,A,-,Y,,,49,,,,,,,Y,4,0,1,2,A,-,03,22350,,N,C,C,A,A,H,-,A,D,0,,,,,Y,,A,01,0,0,1,0,0,0,0,0,0,"- ","- ",38.297370000000001,-120.72193,CALAVERAS,UNINCORPORATED,-120.72188375,38.29761594
90451878,2017,2017-05-09,9255,2017-05-02,2155,019640,,2,2,9,0500,0,3,5,,2,001,"QUAIL OAKS RD","BUTLER LN",178.00,N,N,A,-,N,,,,,,,,,,Y,3,0,1,1,A,-,01,23152,A,N,F,A,A,A,H,-,D,D,0,,,,,Y,Y,A,07,0,1,0,0,0,0,0,0,0,"- ","- ",38.177210000000002,-120.84469,CALAVERAS,UNINCORPORATED,-120.84464756,38.177221899999999
90453830,2017,2017-05-11,9255,2017-05-06,1200,018363,,6,1,9,0500,0,1,3,,1,021,"STATE ROUTE 4","POOL STATION RD",1592.00,W,N,A,-,Y,,,4,,,,,,,Y,3,0,1,1,A,-,08,22107,,N,E,I,A,A,H,-,A,D,0,,,,,Y,,D,22,0,1,0,0,0,0,0,0,0,"- ","- ",38.040089999999999,-120.64776000000001,CALAVERAS,UNINCORPORATED,-120.64781637999999,38.04007309
90454679,2017,2017-05-12,9255,2017-05-04,1014,013806,,4,1,9,0500,0,1,3,,2,030,"STATE ROUTE 49","GOLD RUSH LANE",1584.00,N,N,A,-,Y,,,,,,,,,,Y,2,0,2,1,A,-,03,22350,,N,E,I,A,A,H,-,A,A,0,,,Y,,Y,,C,02,2,0,0,0,0,0,0,0,2,"- ","- ",38.180199999999999,-120.4353,CALAVERAS,UNINCORPORATED,-120.73222865,38.300747119999997
90460445,2017,2017-05-22,9255,2017-05-15,0840,018363,,1,1,9,0500,0,1,3,,1,020,"STATE ROUTE 49","WHITTLE RD",84.00,N,N,A,-,Y,,,49,,,,,,,N,3,0,1,1,A,-,03,22350,,N,F,A,A,A,H,-,A,D,0,,,Y,,Y,,C,02,0,1,0,0,0,0,0,0,1,"- ","- ",38.045969999999997,-120.52588,CALAVERAS,UNINCORPORATED,-120.52594388,38.045889989999999
90460510,2017,2017-09-26,9255,2017-05-08,1410,018825,,1,2,9,0500,0,3,5,,2,001,"MILTON RD","JENNY LIND RD",0.00,,Y,A,-,N,,,,,,,,,,Y,2,0,2,2,A,-,12,22450,A,N,D,C,A,A,H,-,A,A,0,,,,,Y,,D,22,1,0,1,0,0,0,0,0,0,"- ","- ",38.0991,-120.8736,CALAVERAS,UNINCORPORATED,-120.87843989,38.099189969999998
90460556,2017,2017-05-22,9255,2017-05-14,0915,018825,,7,1,9,0500,0,1,3,,1,011,SR-26,"FARRIS DR",1056.00,E,N,A,-,Y,,,26,,,,,,,N,4,0,1,2,A,-,03,22350,,N,C,C,A,A,H,-,A,D,0,,,,,Y,,A,07,0,0,1,0,0,0,0,0,0,"- ","- ",38.152000000000001,-120.8565,CALAVERAS,UNINCORPORATED,-120.85650704,38.152008420000001
90461477,2017,2017-05-23,9255,2017-05-16,0112,018453,,2,3,9,0500,0,1,3,,2,040,SR-4,"NORTHWOOD DR",1056.00,W,N,B,-,Y,,,4,,,,,,,Y,3,0,1,1,A,-,01,23152,A,N,E,I,A,A,H,-,D,D,0,,,,,Y,Y,D,22,0,1,0,0,0,0,0,0,0,"- ","- ",38.173969999999997,-120.39561999999999,CALAVERAS,UNINCORPORATED,-120.39557708,38.173911189999998
90462394,2017,2017-05-24,9255,2017-05-20,1525,018363,,6,2,9,0500,0,2,4,,1,041,"MURPHYS GRADE RD","FRENCH GULCH RD (LOWER)",255.00,E,N,A,-,N,,,,,,,,,,Y,3,0,1,1,A,-,01,23152,A,N,F,A,A,A,H,-,A,D,0,,,Y,,Y,Y,C,02,0,1,0,0,0,0,0,0,1,"- ","- ",38.105809999999998,-120.51822,CALAVERAS,UNINCORPORATED,-120.51825099,38.105752430000003
90467050,2017,2017-05-30,9255,2017-05-21,0224,018453,,7,3,9,0500,0,1,3,,1,010,SR-12,"HASKELL ST",2.00,E,N,A,-,Y,,,12,,,,,,,Y,3,0,1,1,A,-,08,22107,,N,E,I,A,A,H,-,D,D,0,,,,,Y,,A,01,0,1,0,0,0,0,0,0,0,"- ","- ",38.18188,-120.96473,CALAVERAS,UNINCORPORATED,-120.96474078999999,38.181853789999998
90467066,2017,2017-05-30,9255,2017-05-17,1513,018459,,3,2,9,0500,1,1,3,,1,010,SR-12,"DOUBLE SPRINGS RD",2112.00,E,N,A,-,Y,,,,,,,,,,Y,3,0,4,1,A,-,08,22107,,N,E,I,A,A,H,-,A,D,0,,,,,Y,,H,64,0,1,3,0,0,0,0,0,0,"- ","- ",38.124490000000002,-120.44557,CALAVERAS,UNINCORPORATED,-120.78322661999999,38.209237379999998
90467073,2017,2017-07-18,9255,2017-05-16,0950,018825,,2,1,9,0500,0,1,3,,1,011,SR-26,"COUNTRY VIEW DR",1000.00,E,N,B,-,Y,,,26,,,,,,,Y,2,0,3,3,A,-,01,23152,A,N,B,C,A,A,H,-,A,D,0,,,,,Y,Y,A,07,1,1,1,0,0,0,0,0,0,"- ","- ",38.177300000000002,-120.831,CALAVERAS,UNINCORPORATED,-120.83106133,38.177317520000003
90467109,2017,2017-05-30,9255,2017-05-23,1600,018363,,2,2,9,0500,0,3,5,,2,001,"VISTA DEL LAGO DR","GOLDEN WEST CT",0.00,,Y,A,-,N,,,,,,,,,,Y,4,0,1,2,A,-,09,21802,A,N,D,C,A,A,H,-,A,D,0,,,,,Y,,A,07,0,0,1,0,0,0,0,0,0,"- ","- ",38.167949999999998,-120.83819,CALAVERAS,UNINCORPORATED,-120.83783997,38.167779969999998
90468014,2017,2017-07-11,9255,2017-05-20,2500,013939,,6,4,9,0500,0,1,3,,1,010,SR-12,SR-49,3696.00,W,N,A,-,Y,,,12,,,,,,,Y,1,1,0,1,A,-,01,23152,G,N,E,I,A,A,H,-,D,D,0,,,Y,,Y,Y,C,02,0,0,0,0,0,0,0,1,0,"- ","- ",38.208359999999999,-120.7086,CALAVERAS,UNINCORPORATED,-120.70857484,38.208331129999998
90468034,2017,2017-11-07,9255,2017-05-19,1025,017324,,5,1,9,0500,0,1,3,,1,021,"STATE ROUTE 4","MPM 4CAL18.00",135.00,W,N,A,-,N,,,,,,,,,,Y,1,1,2,2,A,-,08,22107,,N,A,C,A,A,H,-,A,D,0,,,,,Y,,A,01,1,1,0,0,0,0,0,0,0,"- ","- ",38.414200000000001,-120.36041,CALAVERAS,UNINCORPORATED,,
90468384,2017,2017-05-31,9255,2017-05-23,2040,018453,,2,2,9,0500,0,1,3,,2,031,SR-26,"MAIN ST (WEST POINT)",325.00,W,N,A,-,Y,,,26,,,,,,,Y,4,0,1,1,A,-,08,22107,,N,E,I,A,A,H,-,D,D,0,,,,,Y,,A,01,0,0,1,0,0,0,0,0,0,"- ","- ",38.396299999999997,-120.52725,CALAVERAS,UNINCORPORATED,-120.52728274,38.396285740000003
90469003,2017,2017-06-01,9255,2017-05-25,1545,018459,,4,2,9,0500,0,1,3,,2,031,SR-26,"SPORT HILL RD",528.00,E,N,A,-,Y,,,26,,,,,,,Y,4,0,1,2,A,-,05,21460,A,N,E,I,A,A,H,-,A,D,0,,,,,Y,,A,01,0,0,1,0,0,0,0,0,0,"- ","- ",38.300960000000003,-120.68946,CALAVERAS,UNINCORPORATED,-120.68946323,38.300892169999997
90469024,2017,2017-06-01,9255,2017-05-26,1540,018459,,5,2,9,0500,0,1,3,,1,010,SR-12,"LIME CREEK RD",528.00,E,N,A,-,Y,,,12,,,,,,,Y,3,0,1,3,A,-,03,22350,,N,C,C,A,A,H,-,A,D,0,,,,,Y,,A,01,0,1,0,0,0,0,0,0,0,"- ","- ",38.194540000000003,-120.81417999999999,CALAVERAS,UNINCORPORATED,-120.81417566,38.19450964
90469034,2017,2017-06-01,9255,2017-05-19,0100,013939,,5,3,9,0500,0,3,5,,2,003,"INDEPENDENCE ROAD","IMPROBABILITY DRIVE",162.00,W,N,A,-,N,,,,,,,,,,Y,2,0,2,1,A,-,01,23152,A,N,E,I,A,A,H,-,D,D,0,,,,,Y,Y,A,01,2,0,0,0,0,0,0,0,0,"- ","- ",38.348950000000002,-120.56337000000001,CALAVERAS,UNINCORPORATED,-120.56297779000001,38.348993610000001
90469093,2017,2017-06-01,9255,2017-05-26,1240,013806,,5,1,9,0500,0,1,3,,2,030,"STATE ROUTE 49","MURRAY CREEK BRIDGE",198.00,N,N,A,-,Y,,,49,,,,,,,Y,4,0,2,3,A,-,03,22350,,N,C,C,A,A,H,-,A,D,0,,,,,Y,,E,22,0,0,2,0,0,0,0,0,0,"- ","- ",38.207700000000003,-120.6972,CALAVERAS,UNINCORPORATED,-120.69721231,38.207700289999998
90469104,2017,2017-06-01,9255,2017-05-20,1335,020142,,6,1,9,0500,0,1,3,,1,021,SR-4,"POOL STATION RD",1584.00,W,N,A,-,Y,,,4,,,,,,,N,3,0,1,1,A,-,05,21650,,N,F,A,A,A,H,-,A,D,0,,,Y,,Y,,C,02,0,1,0,0,0,0,0,0,1,"- ","- ",38.039999999999999,-120.6477,CALAVERAS,UNINCORPORATED,-120.64778665999999,38.039974000000001
90469765,2017,2017-06-02,9255,2017-05-30,2021,019640,,2,2,9,0500,0,3,5,,2,001,"JENNY LIND RD","DALEE RD",0.00,,Y,A,-,N,,,,,,,,,,N,4,0,2,2,A,-,09,21801,A,N,A,C,A,A,H,-,D,D,0,,,,,Y,,A,01,0,0,2,0,0,0,0,0,0,"- ","- ",38.12236,-120.87719,CALAVERAS,UNINCORPORATED,-120.87721993,38.122349980000003
90469790,2017,2017-06-02,9255,2017-05-27,1940,013939,,6,2,9,0500,0,2,4,,2,034,"MOUNTAIN RANCH ROAD","RODESINO ROAD",435.00,E,N,A,-,N,,,,,,,,,,Y,3,0,1,1,A,-,01,23152,A,N,E,I,A,A,H,-,A,D,0,,,,,Y,Y,A,07,0,1,0,0,0,0,0,0,0,"- ","- ",38.233339999999998,-120.53086,CALAVERAS,UNINCORPORATED,-120.53094732,38.233388120000001
90470067,2017,2017-06-29,9255,2017-05-16,1348,018363,,2,1,9,0500,0,1,3,,2,031,"STATE ROUTE 26","SKY HIGH DRIVE",863.00,W,N,A,-,Y,,,26,,,,,,,Y,1,1,2,2,A,-,01,23152,F,N,A,C,A,A,H,-,A,D,0,,,,,Y,,A,01,0,0,2,0,0,0,0,0,0,"- ","- ",38.338799999999999,-120.59775999999999,CALAVERAS,UNINCORPORATED,-120.59780223,38.338874300000001
90470933,2017,2017-06-05,9255,2017-05-31,0223,018453,,3,3,9,0500,0,3,5,,2,003,"RIDGE ROAD","BLUE RIDGE RD",2640.00,E,N,A,-,N,,,,,,,,,,Y,4,0,1,2,A,-,05,21460,A,N,B,C,A,A,H,-,D,D,0,,,,,Y,,A,01,0,0,1,0,0,0,0,0,0,"- ","- ",38.338610000000003,-120.56169,CALAVERAS,UNINCORPORATED,-120.56246586,38.338093819999997
90472143,2017,2017-06-06,9255,2017-05-27,0200,018894,,6,3,9,0500,0,3,5,,2,005,"USFS ROAD 6N65","USFS ROAD 6N64",10560.00,E,N,A,-,N,,,,,,,,,,N,2,0,1,1,A,-,08,22107,,N,F,A,A,A,A,-,D,D,0,,,,,Y,,A,42,1,0,0,0,0,0,0,0,0,"- ","- ",38.370190000000001,-120.25517000000001,CALAVERAS,UNINCORPORATED,-120.24278640999999,38.376014490000003
90472261,2017,2017-06-06,9255,2017-06-04,1555,018825,,7,2,9,0500,0,3,5,,2,001,"CAMANCHE PKY S","QUARTZ DR",0.00,,Y,A,-,N,,,,,,,,,,N,4,0,1,2,A,-,09,21804,A,N,D,C,A,A,H,-,A,D,0,,,Y,,Y,,C,02,0,0,1,0,0,0,0,0,1,"- ","- ",38.195500000000003,-120.93049999999999,CALAVERAS,UNINCORPORATED,-120.93048998,38.195529899999997
90472954,2017,2017-06-07,9255,2017-06-04,1610,019557,,7,2,9,0500,0,1,3,,1,010,SR-12,"CENTRAL HILL RD.",2112.00,E,N,A,-,Y,,,,,,,,,,Y,4,0,2,2,A,-,17,23114,A,N,E,J,A,A,H,-,A,D,0,,,Y,,Y,,E,22,0,0,2,0,0,0,0,0,2,"- ","- ",38.12838,-120.42536,CALAVERAS,UNINCORPORATED,-120.71678849,38.200771150000001
90473726,2017,2017-06-08,9255,2017-06-04,1800,019640,,7,2,9,0500,0,1,3,,2,031,SR-26,"WOODHOUSE MINE RD",5808.00,W,N,A,-,Y,,,26,,,,,,,N,3,0,1,1,A,-,08,22107,,N,E,I,A,A,H,-,A,D,0,,,Y,,Y,,C,02,0,1,0,0,0,0,0,0,1,"- ","- ",38.369610000000002,-120.54671999999999,CALAVERAS,UNINCORPORATED,-120.5466795,38.369654689999997
90475976,2017,2017-06-12,9255,2017-06-04,1530,018318,,7,2,9,0500,0,3,5,,2,001,"PALOMA RD.","CAMPO SECO RD",20.00,W,N,A,-,N,,,,,,,,,,Y,3,0,1,1,A,-,08,22107,,N,F,A,A,A,H,-,A,D,0,,,Y,,Y,,C,02,0,1,0,0,0,0,0,0,1,"- ","- ",38.226520000000001,-120.82065,CALAVERAS,UNINCORPORATED,-120.82059,38.226509999999998
90476206,2017,2017-06-12,9255,2017-05-29,2100,018894,,1,2,9,0500,0,3,5,,2,005,"MEADOW DR","BONFILIO DR",500.00,W,N,A,-,N,,,,,,,,,,Y,3,0,4,2,A,-,03,22350,,N,C,C,A,A,H,-,D,D,0,,,,,Y,,A,07,0,3,1,0,0,0,0,0,0,"- ","- ",38.24924,-120.32965,CALAVERAS,UNINCORPORATED,-120.32972396,38.249196040000001
90476740,2017,2017-06-13,9255,2017-06-06,1155,018825,,2,1,9,0500,0,3,5,,2,003,"BALD MOUNTAIN RD","JOHN EAPH TRL",528.00,W,N,A,-,N,,,,,,,,,,Y,4,0,1,2,A,-,05,21460,A,N,B,C,A,A,H,-,A,D,0,,,,,Y,,A,01,0,0,1,0,0,0,0,0,0,"- ","- ",38.399999999999999,-120.5119,CALAVERAS,UNINCORPORATED,-120.51178593,38.400135310000003
90476961,2017,2017-06-13,9255,2017-06-04,1350,018318,,7,1,9,0500,0,1,3,,1,011,SR-26,"PALOMA RD",6336.00,W,N,A,-,Y,,,26,,,,,,,Y,2,0,1,1,A,-,08,22107,,N,F,A,A,A,H,-,A,D,0,,,Y,,Y,,C,02,1,0,0,0,0,0,0,0,1,"- ","- ",38.245519999999999,-120.75743,CALAVERAS,UNINCORPORATED,-120.75745846,38.245545120000003
90477318,2017,2017-06-13,9255,2017-06-04,0900,018894,,7,1,9,0500,0,3,5,,2,005,"USFS ROAD 5N75","BOARDS CROSSING RD",2640.00,W,N,A,-,N,,,,,,,,,,N,2,0,1,1,A,-,03,22350,,N,F,A,A,A,A,-,A,D,0,,,Y,,Y,,C,02,1,0,0,0,0,0,0,0,1,"- ","- ",38.296840000000003,-120.2543,CALAVERAS,UNINCORPORATED,-120.26248455,38.2975487
90477586,2017,2017-06-14,9255,2017-06-07,1300,018873,,3,1,9,0500,0,1,3,,2,031,SR-26,"JOJOBA LN",280.00,W,N,A,-,Y,,,26,,,,,,,Y,2,0,1,1,A,-,08,22107,,N,F,A,A,A,H,-,A,D,0,,,,,Y,,D,22,1,0,0,0,0,0,0,0,0,"- ","- ",38.304650000000002,-120.67024000000001,CALAVERAS,UNINCORPORATED,-120.67023648999999,38.304640849999998
90478639,2017,2017-06-15,9255,2017-06-08,0030,013806,,4,3,9,0500,0,1,3,,2,050,"STATE ROUTE 4","CBTSP FIRE ROAD",108.00,W,N,A,-,Y,,,,,,,,,,Y,3,0,1,2,A,-,03,22350,,N,E,J,A,A,H,-,D,D,0,,,,,Y,,A,07,0,1,0,0,0,0,0,0,0,"- ","- ",38.164400000000001,-120.18380000000001,CALAVERAS,UNINCORPORATED,-120.22201538,38.339771229999997
90478677,2017,2017-06-15,9255,2017-06-10,1825,013939,,6,2,9,0500,0,1,3,,2,030,SR-49,"POVERTY GULCH CT",2000.00,N,N,A,-,Y,,,49,,,,,,,Y,4,0,1,1,A,-,05,21650,,N,F,A,A,A,H,-,A,D,0,,,Y,,Y,,C,02,0,0,1,0,0,0,0,0,1,"- ","- ",38.304079999999999,-120.72991,CALAVERAS,UNINCORPORATED,-120.72993801,38.30408868
90482259,2017,2017-06-20,9255,2017-06-17,1610,018363,,6,2,9,0500,0,1,3,,1,010,"STATE ROUTE 12","STATE ROUTE 49",860.00,W,N,A,-,Y,,,12,,,,,,,Y,3,0,4,2,A,-,05,21460,A,N,B,C,A,A,H,-,A,D,0,,,,,Y,,A,07,0,4,0,0,0,0,0,0,0,"- ","- ",38.206539999999997,-120.69958,CALAVERAS,UNINCORPORATED,-120.69956161,38.206581999999997
90482513,2017,2017-06-21,9255,2017-06-17,1645,019640,,6,2,9,0500,0,1,3,,2,031,SR-26,"MONTGOMERY DR",6336.00,E,N,A,-,Y,,,26,,,,,,,Y,3,0,1,1,A,-,08,22107,,N,E,I,A,A,H,-,A,D,0,,,Y,,Y,,C,02,0,1,0,0,0,0,0,0,1,"- ","- ",38.317210000000003,-120.65282000000001,CALAVERAS,UNINCORPORATED,-120.65275789,38.317193570000001
90482789,2017,2017-06-21,9255,2017-06-17,2345,019640,,6,3,9,0500,0,3,5,,2,003,"RAILROAD FLAT RD","JESUS MARIA RD",1056.00,S,N,A,-,N,,,,,,,,,,Y,4,0,1,1,A,-,01,23152,A,N,E,I,A,A,H,-,D,D,0,,,,,Y,Y,A,07,0,0,1,0,0,0,0,0,0,"- ","- ",38.28219,-120.50548999999999,CALAVERAS,UNINCORPORATED,-120.50531835,38.282109820000002
90483135,2017,2017-06-21,9255,2017-06-15,1330,013556,,4,1,9,0500,0,1,3,,2,040,SR-4,"BIG TREES RD",300.00,W,N,A,-,Y,,,,,,,,,,Y,4,0,1,2,A,-,09,21801,A,N,D,C,A,A,H,-,A,D,0,,,,,Y,,D,23,0,0,1,0,0,0,0,0,0,"- ","- ",38.917000000000002,-120.2724,CALAVERAS,UNINCORPORATED,-120.45657057,38.138347809999999
90483226,2017,2017-06-21,9255,2017-06-15,1635,013806,,4,2,9,0500,0,1,3,,1,010,"STATE ROUTE 12","CHESTNUT ST",538.00,N,N,A,-,Y,,,,,,,,,,Y,3,0,2,2,A,-,09,21804,A,N,D,C,A,A,H,-,A,A,0,,,,,Y,,A,07,0,1,1,0,0,0,0,0,0,"- ","- ",38.113199999999999,-120.49339999999999,CALAVERAS,UNINCORPORATED,-120.82626823,38.192539199999999
90483230,2017,2017-06-21,9255,2017-06-18,1050,015156,,7,1,9,0500,0,1,3,,2,031,"STATE ROUTE 26","DEARDORFF ROAD",3696.00,E,N,A,-,Y,,,26,,,,,,,N,3,0,2,1,A,-,03,22350,,N,F,A,A,A,H,-,A,D,0,,,Y,,Y,,C,02,0,1,1,0,0,0,0,0,2,"- ","- ",38.362830000000002,-120.56307,CALAVERAS,UNINCORPORATED,-120.56307117,38.362811440000002
90483901,2017,2017-06-22,9255,2017-06-19,2015,019640,,1,2,9,0500,0,1,3,,1,010,SR-12,"SONNY LANE",0.00,,Y,A,-,Y,,,12,,,,,,,Y,4,0,2,3,A,-,03,22350,,N,C,C,A,A,H,-,A,D,0,,,,,Y,,A,01,0,0,2,0,0,0,0,0,0,"- ","- ",38.185639999999999,-120.86587,CALAVERAS,UNINCORPORATED,-120.86585655,38.185593390000001
90483908,2017,2017-06-22,9255,2017-06-16,1155,018873,,5,1,9,0500,0,3,5,,2,001,"S PETERSBURG RD","LIME CREEK RD",209.00,S,N,A,-,N,,,,,,,,,,N,4,0,1,1,A,-,03,22350,,N,F,A,A,A,H,-,A,D,0,,,Y,,Y,,C,02,0,0,1,0,0,0,0,0,1,"- ","- ",38.192700000000002,-120.80624,CALAVERAS,UNINCORPORATED,-120.80605367,38.192454410000003
90486484,2017,2017-06-23,9255,2017-06-21,2300,020142,,3,3,9,0500,0,3,5,,2,004,"SHEEP RANCH RD","FULLEN RD",115.00,W,N,A,-,N,,,,,,,,,,Y,3,0,1,1,A,-,08,22107,,N,E,I,A,A,H,-,D,A,0,,,,,Y,Y,A,07,0,1,0,0,0,0,0,0,0,"- ","- ",38.19464,-120.40412000000001,CALAVERAS,UNINCORPORATED,-120.44899852,38.175246909999998
90487756,2017,2017-06-26,9255,2017-06-12,1610,019557,,1,2,9,0500,0,1,3,,1,011,SR-26,"NOVE WY.",275.00,E,N,A,-,Y,,,,,,,,,,Y,4,0,1,2,A,-,08,22107,,N,H,C,A,A,H,-,A,D,0,,,,,Y,,A,01,0,0,1,0,0,0,0,0,0,"- ","- ",38.111980000000003,-120.49373,CALAVERAS,UNINCORPORATED,-120.82606403,38.187406250000002
90487839,2017,2017-07-10,9255,2017-05-19,1710,019640,,5,2,9,0500,0,3,5,,2,001,"OSPITAL RD","LIVE OAK RD",755.00,N,N,A,-,N,,,,,,,,,,Y,1,1,1,1,A,-,01,23152,F,N,F,A,A,A,H,-,A,D,0,,,,,Y,,D,22,1,0,0,0,0,0,0,0,0,"- ","- ",38.13729,-120.94479,CALAVERAS,UNINCORPORATED,-120.94484,38.137663209999999
90487858,2017,2017-06-26,9255,2017-06-17,1515,018825,,6,2,9,0500,0,1,3,,1,010,SR-12,"CHESTNUT ST",534.00,E,N,A,-,Y,,,12,,,,,,,Y,4,0,1,2,A,-,09,21804,A,N,D,C,A,A,H,-,A,A,0,,,,,Y,,A,01,0,0,1,0,0,0,0,0,0,"- ","- ",38.192500000000003,-120.8263,CALAVERAS,UNINCORPORATED,-120.82630181,38.192510640000002
90487883,2017,2017-06-29,9255,2017-06-17,0030,018894,,6,3,9,0500,0,1,3,,2,050,"STATE ROUTE 4","HOWARD CT",580.00,E,N,A,-,Y,,,4,,,,,,,Y,3,0,3,2,A,-,01,23152,A,N,E,I,A,A,H,-,D,D,0,,,,,Y,Y,A,01,0,3,0,0,0,0,0,0,0,"- ","- ",38.210090000000001,-120.36823,CALAVERAS,UNINCORPORATED,-120.36828088,38.210080150000003
90487897,2017,2017-06-30,9255,2017-05-27,2330,015872,,6,3,9,0500,0,3,5,,2,003,"MITCHELL MILL ROAD","BLUE MOUNTAIN ROAD",7709.00,E,N,A,-,N,,,,,,,,,,N,1,1,0,1,A,-,01,23152,G,N,F,A,A,A,H,-,D,D,0,,,Y,,Y,Y,C,02,0,0,0,0,0,0,0,1,0,"- ","- ",38.368760000000002,-120.44244,CALAVERAS,UNINCORPORATED,-120.44225883999999,38.368684909999999
90487919,2017,2017-06-26,9255,2017-06-18,1800,019557,,7,2,9,0500,0,3,5,,2,003,"BLUE MOUNTAIN RD.","JEWEL CT.",200.00,W,N,A,-,N,,,,,,,,,,N,4,0,1,1,A,-,08,22107,,N,E,I,A,A,H,-,A,D,0,,,,,Y,,A,01,0,0,1,0,0,0,0,0,0,"- ","- ",38.223570000000002,-120.29309000000001,CALAVERAS,UNINCORPORATED,-120.4915879,38.376651029999998
90488718,2017,2017-06-27,9255,2017-06-26,0802,018363,,1,1,9,0500,0,1,3,,2,030,"STATE ROUTE 49","POOL STATION ROAD",594.00,N,N,A,-,Y,,,49,,,,,,,Y,4,0,5,2,A,-,03,22350,,N,C,C,A,A,H,-,A,D,0,,,,,Y,,J,48,0,0,5,0,0,0,0,0,0,"- ","- ",38.203009999999999,-120.6957,CALAVERAS,UNINCORPORATED,-120.69567386999999,38.2030393
90489011,2017,2017-06-27,9255,2017-06-25,0645,018318,,7,1,9,0500,0,3,5,,2,004,"SR-4 E/B","SUNSET RIDGE CT",272.00,W,N,A,-,Y,,,4,,,,,,E,Y,3,0,1,1,A,-,00,22017,,N,E,I,A,A,H,-,B,D,0,,,,,Y,,A,07,0,1,0,0,0,0,0,0,0,"- ","- ",38.167580000000001,-120.41552,CALAVERAS,UNINCORPORATED,-120.41554587,38.167616649999999
90489031,2017,2017-06-27,9255,2017-06-19,1425,015872,,1,2,9,0500,0,1,3,,1,011,SR-26,"SHELTON ROAD",1138.00,W,N,A,-,Y,,,26,,,,,,,Y,3,0,2,2,A,-,08,22107,,N,B,C,A,A,H,-,A,D,0,,,,,Y,,A,01,0,2,0,0,0,0,0,0,0,"- ","- ",38.100610000000003,-120.93125000000001,CALAVERAS,UNINCORPORATED,-120.93124992,38.100609779999999
90489036,2017,2017-06-27,9255,2017-06-25,1350,018318,,7,1,9,0500,0,1,3,,2,040,SR-4,"BORBE RANCH RD",1200.00,W,N,A,-,Y,,,4,,,,,,,N,3,0,1,2,A,-,08,22107,,N,B,C,A,A,H,-,A,D,0,,,,,Y,,A,08,0,1,0,0,0,0,0,0,0,"- ","- ",38.08126,-120.51787,CALAVERAS,UNINCORPORATED,-120.51784751,38.081205310000001
90489506,2017,2017-06-28,9255,2017-06-23,1110,013556,,5,1,9,0500,0,1,3,,1,021,SR-4,"ANGEL OAKS DR",15840.00,W,N,A,-,Y,,,,,,,,,,Y,4,0,1,1,A,-,03,22350,,N,E,I,A,A,H,-,A,D,0,,,,,Y,,A,01,0,0,1,0,0,0,0,0,0,"- ","- ",38.479999999999997,-120.364,CALAVERAS,UNINCORPORATED,-120.61546923,38.067579279999997
90490427,2017,2017-06-29,9255,2017-06-28,2035,013939,,3,2,9,0500,0,1,3,,1,011,SR-26,"GOLD CREEK DRIVE",682.00,W,N,A,-,Y,,,26,,,,,,,Y,4,0,1,1,A,-,08,22107,,N,F,A,A,A,H,-,B,D,0,,,Y,,Y,,C,02,0,0,1,0,0,0,0,0,1,"- ","- ",38.17662,-120.83098,CALAVERAS,UNINCORPORATED,-120.83114645000001,38.176627570000001
90491721,2017,2017-06-30,9255,2017-06-28,1705,020142,,3,2,9,0500,0,1,3,,2,040,SR-4,"MAIN ST",10.00,W,N,A,-,Y,,,4,,,,,,,N,4,0,1,2,A,-,01,23152,A,M,C,C,A,A,H,-,A,D,0,,,,,Y,Y,A,01,0,0,1,0,0,0,0,0,0,"- ","- ",38.136119999999998,-120.45645,CALAVERAS,UNINCORPORATED,-120.45645878000001,38.136115920000002
90492935,2017,2017-07-03,9255,2017-06-25,1210,015872,,7,1,9,0500,0,1,3,,2,031,SR-26,"RICH GULCH ROAD",153.00,E,N,A,-,Y,,,26,,,,,,,N,2,0,2,1,A,-,08,22107,,N,F,A,A,A,H,-,A,D,0,,,Y,,Y,,C,02,1,1,0,0,0,0,0,0,2,"- ","- ",38.331240000000001,-120.62712999999999,CALAVERAS,UNINCORPORATED,-120.62713522,38.331173849999999
90493075,2017,2017-07-03,9255,2017-06-27,0830,015872,,2,1,9,0500,0,1,3,,2,040,SR-4,"CEDAR VISTA DRIVE",0.00,,Y,A,-,Y,,,4,,,,,,,Y,3,0,2,1,C,-,18,,,N,E,H,A,A,H,-,A,D,0,,,,,Y,,-,"- ",0,1,1,0,0,0,0,0,0,"- ","- ",38.171109999999999,-120.4071,CALAVERAS,UNINCORPORATED,-120.40710261,38.171130759999997
90494062,2017,2017-07-05,9255,2017-06-25,1405,018825,,7,2,9,0500,0,1,3,,1,010,"LIME CREEK RD",SR-12,54.00,S,N,A,-,Y,,,,,,,,,,N,4,0,1,1,A,-,01,23152,A,N,F,A,A,A,H,-,A,D,0,,,,,Y,Y,D,22,0,0,1,0,0,0,0,0,0,"- ","- ",38.193300000000001,-120.82170000000001,CALAVERAS,UNINCORPORATED,-120.82071619,38.193387299999998
90495142,2017,2017-07-06,9255,2017-07-05,1825,013939,,3,2,9,0500,0,3,5,,2,003,"RIDGE ROAD","INDEPENDENCE ROAD",864.00,N,N,A,-,N,,,,,,,,,,Y,4,0,1,1,A,-,08,22107,,N,E,I,A,A,H,-,A,D,0,,,,,Y,,A,01,0,0,1,0,0,0,0,0,0,"- ","- ",38.343110000000003,-120.57658000000001,CALAVERAS,UNINCORPORATED,-120.57656108,38.343167379999997
90495423,2017,2017-07-11,9255,2017-06-20,1500,019557,,2,2,9,0500,0,1,3,,2,031,"MAIN ST. (WEST POINT)",SR-26,15.00,N,N,A,-,Y,,,,,,,,,,Y,2,0,5,3,A,-,08,22107,,N,D,C,F,A,H,-,A,D,0,Y,,,,Y,,A,08,1,4,0,0,1,0,0,0,0,"- ","- ",38.241160000000001,-120.31367,CALAVERAS,UNINCORPORATED,-120.52755000000001,38.397489999999998
90495578,2017,2017-07-06,9255,2017-06-30,0630,018873,,5,1,9,0500,0,2,4,,1,022,"OBYRNES FERRY RD","DUCHESS DR",3168.00,S,N,A,-,N,,,,,,,,,,Y,4,0,1,1,A,-,08,22107,,N,E,I,A,A,H,-,A,D,0,,,,,Y,,A,01,0,0,1,0,0,0,0,0,0,"- ","- ",37.534829999999999,-120.34326,CALAVERAS,UNINCORPORATED,-120.57664459,37.89689199
90495804,2017,2017-07-07,9255,2017-06-30,1040,018873,,5,1,9,0500,0,1,3,,2,030,"SR-49 (W ST. CHARLES ST)","TREAT AVE",755.00,S,N,A,-,Y,,,,,,,,,,Y,4,0,1,2,A,-,08,22107,,N,C,E,A,A,H,-,A,D,0,,,,,Y,,D,22,0,0,1,0,0,0,0,0,0,"- ","- ",38.113329999999998,-120.40349999999999,CALAVERAS,UNINCORPORATED,-120.67625284,38.192538319999997
90495810,2017,2017-07-07,9255,2017-06-30,2355,013939,,5,3,9,0500,0,3,5,,2,001,"SOUTH PETERSBURG ROAD","LIME CREEK ROAD",208.00,S,N,A,-,N,,,,,,,,,,Y,2,0,1,1,A,-,01,23152,A,N,F,A,A,A,H,-,D,D,0,,,Y,,Y,Y,C,02,1,0,0,0,0,0,0,0,1,"- ","- ",38.192610000000002,-120.80598999999999,CALAVERAS,UNINCORPORATED,-120.80605559,38.192456700000001
90495822,2017,2017-07-07,9255,2017-06-30,1640,018459,,5,2,9,0500,0,1,3,,2,031,SR-26,"SKY HIGH DR.",187.00,E,N,A,-,Y,,,,,,,,,,Y,2,0,2,2,A,-,05,21460,A,N,A,C,A,A,H,-,A,D,0,,,,,Y,,A,07,2,0,0,0,0,0,0,0,0,"- ","- ",38.333849999999998,-120.59393,CALAVERAS,UNINCORPORATED,-120.59453756000001,38.338262819999997
90497050,2017,2017-07-10,9255,2017-07-01,0015,020142,,6,3,9,0500,0,1,3,,1,010,SR-12,"CENTRAL HILL RD",3168.00,E,N,A,-,Y,,,12,,,,,,,Y,3,0,1,1,A,-,08,22107,,N,E,I,A,A,H,-,D,D,0,,,,,Y,,A,01,0,1,0,0,0,0,0,0,0,"- ","- ",38.203449999999997,-120.71432,CALAVERAS,UNINCORPORATED,-120.71429927,38.20344231
90497116,2017,2017-07-10,9255,2017-07-04,1710,018453,,2,2,9,0500,0,3,5,,2,003,"CALAVERITAS RD","MOUNTAIN RANCH RD",630.00,S,N,A,-,N,,,,,,,,,,N,4,0,1,2,A,-,21,22106,,N,C,C,A,A,H,-,A,D,0,,,,,Y,,D,22,0,0,1,0,0,0,0,0,0,"- ","- ",38.18777,-120.66477,CALAVERAS,UNINCORPORATED,-120.66475663999999,38.187774560000001
90497946,2017,2017-07-11,9255,2017-07-04,1620,018825,,2,2,9,0500,0,3,5,,2,003,"PROSPECT ST","LAFAYETTE ST",300.00,S,N,A,-,N,,,,,,,,,,N,3,0,1,2,A,-,01,23152,A,N,A,C,A,A,H,-,A,D,0,,,,,Y,Y,A,01,0,1,0,0,0,0,0,0,0,"- ","- ",38.300699999999999,-120.7028,CALAVERAS,UNINCORPORATED,-120.70284818,38.300716119999997
90498376,2017,2017-07-11,9255,2017-07-11,1025,018825,,2,1,9,0500,0,2,4,,2,034,"MOUNTAIN RANCH RD","WILLOW CREEK RD",27.00,E,N,A,-,N,,,,,,,,,,Y,4,0,1,1,A,-,08,22107,,N,E,I,A,A,H,-,A,D,0,,,,,Y,,A,01,0,0,1,0,0,0,0,0,0,"- ","- ",38.190100000000001,-120.643,CALAVERAS,UNINCORPORATED,-120.64312757,38.190143200000001
90499173,2017,2017-08-04,9255,2017-06-12,1515,018825,,1,2,9,0500,0,1,3,,2,030,SR-49,"AMADOR/CALAVERAS CO. LINE",5280.00,S,N,A,-,Y,,,49,,,,,,,Y,1,1,0,2,A,-,08,22107,,N,F,A,A,A,H,-,A,A,0,,,Y,,Y,,C,02,0,0,0,0,0,0,0,1,0,"- ","- ",38.303800000000003,-120.73009999999999,CALAVERAS,UNINCORPORATED,-120.73012745,38.303846710000002
90499991,2017,2017-07-13,9255,2017-07-07,1605,018459,,5,2,9,0500,0,1,3,,2,040,SR-4,"ERNEST ST",60.00,W,N,A,-,Y,,,4,,,,,,,Y,3,0,2,2,A,-,03,22350,,N,C,C,A,A,H,-,A,D,0,,,,,Y,,A,01,0,1,1,0,0,0,0,0,0,"- ","- ",38.135170000000002,-120.45608,CALAVERAS,UNINCORPORATED,-120.45603077,38.135192889999999
90500577,2017,2017-07-14,9255,2017-07-06,1050,019557,,4,1,9,0500,0,1,3,,1,010,SR-12,"CENTRAL HILL RD.",1056.00,E,N,A,-,Y,,,,,,,,,,Y,4,0,2,1,A,-,08,22107,,N,E,I,A,A,H,-,A,D,0,,,,,Y,,A,01,0,0,2,0,0,0,0,0,0,"- ","- ",38.124000000000002,-120.42572,CALAVERAS,UNINCORPORATED,-120.72032245,38.200427869999999
90500600,2017,2017-07-14,9255,2017-07-08,0150,020142,,6,3,9,0500,0,2,4,,2,034,"MOUNTAIN RANCH RD","RODESINO RD",922.00,S,N,A,-,N,,,,,,,,,,Y,3,0,1,1,A,-,01,23152,A,N,E,I,A,A,H,-,D,D,0,,,,,Y,Y,A,01,0,1,0,0,0,0,0,0,0,"- ","- ",38.231789999999997,-120.53448,CALAVERAS,UNINCORPORATED,-120.5348451,38.231871730000002
90502797,2017,2017-07-18,9255,2017-07-07,1500,015872,,5,2,9,0500,0,3,5,,2,003,"JESUS MARIA ROAD","MUSIC GULCH ROAD",3168.00,W,N,A,-,N,,,,,,,,,,Y,2,0,1,1,A,-,08,22107,,N,F,A,A,A,H,-,A,D,0,,,,,Y,,A,07,1,0,0,0,0,0,0,0,0,"- ","- ",38.284529999999997,-120.62154,CALAVERAS,UNINCORPORATED,-120.62150033,38.284039790000001
90503179,2017,2017-07-18,9255,2017-07-15,2210,019640,,6,3,9,0500,0,3,5,,2,003,"WHISKEY SLIDE RD","W. MURRY CREEK ROAD",340.00,S,N,A,-,N,,,,,,,,,,N,2,0,1,1,A,-,01,23152,A,N,F,A,A,A,H,-,D,D,0,,,Y,,Y,Y,C,02,1,0,0,0,0,0,0,0,1,"- ","- ",38.241909999999997,-120.5697,CALAVERAS,UNINCORPORATED,-120.57004628999999,38.241995410000001
90505174,2017,2017-07-20,9255,2017-07-12,1510,019557,,3,2,9,0500,0,1,3,,1,010,SR-12,"SOUTHWORTH RD.",2640.00,W,N,A,-,Y,,,,,,,,,,Y,2,0,1,2,A,-,01,23152,A,N,D,C,A,A,H,-,A,D,0,,,,Y,Y,Y,D,22,1,0,0,0,0,0,0,0,0,"- ","- ",38.105800000000002,-120.58176,CALAVERAS,UNINCORPORATED,-120.96779447,38.183062909999997
90505499,2017,2017-07-21,9255,2017-07-12,2305,013939,,3,3,9,0500,0,1,3,,2,030,SR-49,"CENTER STREET",5280.00,N,N,A,-,Y,,,49,,,,,,,Y,2,0,3,1,A,-,05,21650,,N,E,I,A,A,H,-,D,D,0,,,,,Y,,D,22,1,2,0,0,0,0,0,0,0,"- ","- ",38.301960000000001,-120.73101,CALAVERAS,UNINCORPORATED,-120.73102303,38.301959320000002
90505832,2017,2017-11-07,9255,2017-07-02,1415,019557,,7,2,9,0500,0,3,5,,2,001,SR-49,"DEL ORTO RD.",6336.00,N,N,A,-,Y,,,49,,,,,,,Y,1,1,1,1,A,-,03,22350,,N,E,I,A,A,H,-,A,D,0,,,Y,,Y,,C,02,0,0,1,0,0,0,0,1,1,"- ","- ",38.306069999999998,-120.72905,CALAVERAS,UNINCORPORATED,-120.72904973,38.306050079999999
90507768,2017,2017-07-25,9255,2017-07-16,2130,019640,,7,2,9,0500,0,1,3,,1,020,SR-49,"DEER CREEK RD",1056.00,N,N,A,-,Y,,,49,,,,,,,Y,4,0,1,3,A,-,03,22350,,N,C,C,A,A,H,-,D,D,0,,,,,Y,Y,A,01,0,0,1,0,0,0,0,0,0,"- ","- ",38.102359999999997,-120.59122000000001,CALAVERAS,UNINCORPORATED,-120.59116747,38.102408150000002
90507838,2017,2017-07-25,9255,2017-07-18,1420,018825,,2,2,9,0500,0,3,5,,2,001,"PATTISON RD","BRANDY LN",1004.00,W,N,A,-,N,,,,,,,,,,Y,3,0,3,1,A,-,08,22107,,N,E,I,A,A,H,-,A,D,0,,,,,Y,,A,01,0,1,2,0,0,0,0,0,0,"- ","- ",38.212499999999999,-120.91119999999999,CALAVERAS,UNINCORPORATED,-120.91166927,38.212530979999997
90509099,2017,2017-07-26,9255,2017-07-21,1010,017324,,5,1,9,0500,0,1,3,,1,020,"STATE ROUTE 49","TUOLUMNE/CALAVERAS CO LINE",2640.00,N,N,A,-,Y,,,49,,,,,,,Y,2,0,1,1,A,-,08,22107,,N,F,A,A,A,H,-,A,D,0,,,Y,,Y,,C,02,1,0,0,0,0,0,0,0,1,"- ","- ",38.009810000000002,-120.50527,CALAVERAS,UNINCORPORATED,-120.50520591999999,38.009830559999997
90509107,2017,2017-07-26,9255,2017-07-09,0015,018894,,7,3,9,0500,0,3,5,,2,005,"PLACER WAY","FAIRWAY DR",114.00,E,N,A,-,N,,,,,,,,,,Y,2,0,1,1,A,-,08,22107,,F,E,I,A,A,H,-,D,D,0,,,,,Y,,A,07,1,0,0,0,0,0,0,0,0,"- ","- ",38.247999999999998,-120.37061,CALAVERAS,UNINCORPORATED,-120.3668562,38.245291629999997
90509603,2017,2017-07-28,9255,2017-07-20,1410,017324,,4,2,9,0500,0,1,3,,1,021,"STATE ROUTE 4","MAIN STREET",0.00,,Y,A,-,Y,,,4,,,,,,,Y,4,0,3,3,A,-,09,21802,A,N,D,C,A,A,H,-,A,A,0,,,,,Y,,A,01,0,0,3,0,0,0,0,0,0,"- ","- ",37.9833,-120.64524,CALAVERAS,UNINCORPORATED,-120.64543016,37.983281300000002
90511558,2017,2017-07-28,9255,2017-07-22,0330,017324,,6,3,9,0500,0,2,4,,1,022,"O'BYRNES FERRY ROAD","BLACK CREEK DRIVE",586.00,N,N,A,-,N,,,,,,,,,,Y,3,0,1,1,A,-,01,23152,A,N,E,I,A,A,H,-,D,D,0,,,,,Y,Y,D,22,0,1,0,0,0,0,0,0,0,"- ","- ",37.952260000000003,-120.61398,CALAVERAS,UNINCORPORATED,-120.61417254,37.95305218
90512802,2017,2017-07-31,9255,2017-07-18,2130,019640,,2,2,9,0500,0,1,3,,2,050,SR-4,"BIG TREES PKY",2245.00,W,N,A,-,Y,,,4,,,,,,,Y,2,0,1,1,A,-,01,23152,A,N,E,I,A,A,D,E,D,A,0,,,Y,,Y,Y,C,02,1,0,0,0,0,0,0,0,1,"- ","- ",38.274430000000002,-120.31511999999999,CALAVERAS,UNINCORPORATED,-120.31511175,38.274381689999998
90513887,2017,2017-08-01,9255,2017-07-24,0730,015872,,1,1,9,0500,0,3,5,,2,001,"SILVER RAPIDS ROAD",SR-26,25.00,S,N,A,-,N,,,,,,,,,,N,4,0,2,2,A,-,03,22350,,N,C,C,A,A,H,-,A,D,0,,,,,Y,,D,22,0,0,2,0,0,0,0,0,0,"- ","- ",38.159010000000002,-120.84653,CALAVERAS,UNINCORPORATED,-120.84658612,38.159046119999999
90515236,2017,2017-08-02,9255,2017-07-30,0810,015872,,7,1,9,0500,0,2,4,,2,034,"RAILROAD FLAT ROAD","E. MURRAY CREEK ROAD",528.00,S,N,A,-,N,,,,,,,,,,Y,2,0,1,1,A,-,01,23152,A,N,E,I,A,A,H,-,A,D,0,,,,,Y,Y,A,01,1,0,0,0,0,0,0,0,0,"- ","- ",38.251690000000004,-120.52034,CALAVERAS,UNINCORPORATED,-120.52044205999999,38.25032015
90515670,2017,2017-08-23,9255,2017-07-25,1530,018318,,2,2,9,0500,0,3,5,,2,002,SR-49,"REDHILL RD",2112.00,S,N,A,-,Y,,,49,,,,,,,N,4,0,1,2,A,-,09,21804,B,N,D,C,A,A,H,-,A,D,0,,,Y,Y,Y,,C,02,0,0,1,0,0,0,0,0,1,"- ","- ",38.02843,-120.50662,CALAVERAS,UNINCORPORATED,-120.50656085,38.02842639
90515927,2017,2017-08-03,9255,2017-07-28,1900,020142,,5,2,9,0500,0,1,3,,2,050,SR-4,"COUNTRY CLUB DR",0.00,,Y,A,-,Y,,,4,,,,,,,Y,3,0,3,2,A,-,08,22107,,N,A,C,A,A,H,-,A,D,0,,,,,Y,,A,01,0,1,2,0,0,0,0,0,0,"- ","- ",38.243340000000003,-120.36134,CALAVERAS,UNINCORPORATED,-120.36080117,38.243141639999997
90518916,2017,2017-08-08,9255,2017-08-01,1400,015872,,2,2,9,0500,0,1,3,,2,031,SR-26,"CENTENNIAL MINE RD",375.00,W,N,A,-,Y,,,26,,,,,,,Y,4,0,1,1,A,-,08,22107,,N,E,I,A,A,H,-,A,D,0,,,,,Y,,D,22,0,0,1,0,0,0,0,0,0,"- ","- ",38.413550000000001,-120.54839,CALAVERAS,UNINCORPORATED,-120.54840118,38.413605490000002
90519697,2017,2017-08-09,9255,2017-08-07,1810,018363,,1,2,9,0500,0,1,3,,1,010,SR-12,"SOUTHWORTH RD",450.00,E,N,A,-,Y,,,12,,,,,,,Y,4,0,1,1,A,-,00,22017,,N,F,A,A,A,H,-,A,D,0,,,,,Y,,D,22,0,0,1,0,0,0,0,0,0,"- ","- ",38.179029999999997,-120.95779,CALAVERAS,UNINCORPORATED,-120.95777021000001,38.17908053
90520673,2017,2017-08-10,9255,2017-07-29,1455,019525,,6,2,9,0500,0,1,3,,2,030,SR-49,"CALAVERAS RIVER BRIDGE",460.00,S,N,A,-,Y,,,49,,,,,,,Y,3,0,1,1,A,-,08,22107,,N,E,I,A,A,H,-,A,D,0,,,,,Y,,A,01,0,1,0,0,0,0,0,0,0,"- ","- ",38.217390000000002,-120.69825,CALAVERAS,UNINCORPORATED,-120.69822409,38.217402139999997
90520923,2017,2017-08-11,9255,2017-08-09,0746,017324,,3,1,9,0500,0,2,4,,2,042,"PARROTTS FERRY ROAD","AIROLA ROAD",3696.00,N,N,A,-,N,,,,,,,,,,Y,2,0,4,2,A,-,05,21460,A,N,A,C,A,A,H,-,A,D,0,,,,,Y,,A,01,1,0,3,0,0,0,0,0,0,"- ","- ",38.058610000000002,-120.47141999999999,CALAVERAS,UNINCORPORATED,-120.46922098,38.060005990000001
90521650,2017,2017-08-11,9255,2017-08-09,0705,018825,,3,1,9,0500,0,2,4,,2,034,"MOUNTAIN RANCH RD","COACHMAN WAY",1648.00,W,N,A,-,N,,,,,,,,,,Y,4,0,1,1,A,-,08,22107,,N,E,I,A,A,H,-,A,D,0,,,,,Y,,A,07,0,0,1,0,0,0,0,0,0,"- ","- ",38.210099999999997,-120.5637,CALAVERAS,UNINCORPORATED,-120.56334536999999,38.210295279999997
90522534,2017,2017-08-14,9255,2017-08-07,0001,018318,,1,3,9,0500,0,1,3,,2,040,SR-4,"CANYON VIEW DR",303.00,E,N,A,-,Y,,,4,,,,,,,Y,3,0,1,1,A,-,08,22107,,N,F,A,A,A,H,-,D,D,0,,,,,Y,,A,08,0,1,0,0,0,0,0,0,0,"- ","- ",38.193770000000001,-120.36402,CALAVERAS,UNINCORPORATED,-120.36405363999999,38.193767080000001
90522575,2017,2017-08-14,9255,2017-08-09,1150,018492,,3,1,9,0500,0,1,3,,2,050,SR-4,"LAKEMONT DR",0.00,,Y,A,-,Y,,,4,,,,,,,Y,4,0,1,3,A,-,09,21801,A,N,D,C,A,A,H,-,A,A,0,,,,,Y,,D,22,0,0,1,0,0,0,0,0,0,"- ","- ",38.246169999999999,-120.3603,CALAVERAS,UNINCORPORATED,-120.36007159,38.246097239999997
90523420,2017,2017-08-15,9255,2017-08-04,1958,018459,,5,2,9,0500,0,1,3,,1,021,SR-4,"STALLION WAY",6336.00,E,N,A,-,Y,,,4,,,,,,,Y,3,0,1,1,A,-,01,23152,A,M,E,I,A,A,H,-,B,D,0,,,,,Y,Y,A,01,0,1,0,0,0,0,0,0,0,"- ","- ",38.068350000000002,-120.61324,CALAVERAS,UNINCORPORATED,-120.61326965000001,38.068426330000001
90523449,2017,2017-08-15,9255,2017-08-08,1645,015872,,2,2,9,0500,0,1,3,,1,010,SR-12,"CENTRAL HILL ROAD",1056.00,E,N,A,-,Y,,,,,,,,,,N,4,0,1,2,A,-,03,22350,,N,C,C,A,A,H,-,A,D,0,,,,,Y,,A,01,0,0,1,0,0,0,0,0,0,"- ","- ",,,CALAVERAS,UNINCORPORATED,-120.72032245,38.200427869999999
90523665,2017,2017-08-15,9255,2017-08-13,0830,019640,,7,1,9,0500,0,1,3,,2,040,SR-4,"BORBE RANCH RD",1056.00,W,N,A,-,Y,,,4,,,,,,,Y,3,0,1,1,A,-,08,22107,,N,E,I,A,A,H,-,A,D,0,,,,,Y,,A,01,0,1,0,0,0,0,0,0,0,"- ","- ",38.080959999999997,-120.51844,CALAVERAS,UNINCORPORATED,-120.51844781,38.080986959999997
90524258,2017,2017-08-16,9255,2017-08-07,1925,019557,,1,2,9,0500,0,3,5,,2,002,"DOGTOWN RD.","SCHMAUDER MINE RD.",528.00,E,N,A,-,N,,,,,,,,,,Y,3,0,1,1,A,-,08,22107,,N,F,A,A,A,H,-,A,D,0,,,,,Y,,A,01,0,1,0,0,0,0,0,0,0,"- ","- ",38.099559999999997,-120.56247999999999,CALAVERAS,UNINCORPORATED,-120.55858339,38.095990290000003
90524266,2017,2017-08-16,9255,2017-08-08,1625,019557,,2,2,9,0500,0,1,3,,1,010,SR-12,"CENTRAL HILL RD.",0.00,,Y,A,-,Y,,,,,,,,,,Y,4,0,1,2,A,-,09,21802,A,N,D,C,A,A,H,-,A,D,0,,,,,Y,,A,01,0,0,1,0,0,0,0,0,0,"- ","- ",38.127360000000003,-120.43234,CALAVERAS,UNINCORPORATED,-120.72320986,38.202159889999997
90524278,2017,2017-08-17,9255,2017-08-09,1400,017324,,3,2,9,0500,0,2,4,,1,022,"O'BYRNES FERRY ROAD","DUCHESS DRIVE",61.00,S,N,A,-,N,,,,,,,,,,Y,4,0,1,2,A,-,04,21703,,N,C,C,A,A,H,-,A,D,0,,,,,Y,,D,22,0,0,1,0,0,0,0,0,0,"- ","- ",37.904040000000002,-120.58206,CALAVERAS,UNINCORPORATED,-120.5820259,37.90407544
90524739,2017,2017-08-16,9255,2017-08-11,0915,018825,,5,1,9,0500,0,1,3,,1,010,SR-12,"PINE ST",4224.00,W,N,A,-,Y,,,12,,,,,,,Y,4,0,2,2,A,-,08,22107,,N,B,C,A,A,H,-,A,D,0,,,,,Y,,A,07,0,0,2,0,0,0,0,0,0,"- ","- ",38.185000000000002,-120.8437,CALAVERAS,UNINCORPORATED,-120.84369368,38.185010869999999
90524757,2017,2017-08-16,9255,2017-08-10,1708,019525,,4,2,9,0500,0,1,3,,2,040,SR-4,"NORTHWOOD DR",1584.00,E,N,A,-,Y,,,4,,,,,,,Y,2,0,1,1,A,-,08,22107,,N,E,I,A,A,H,-,A,D,0,,,,,Y,,D,22,1,0,0,0,0,0,0,0,0,"- ","- ",38.173459999999999,-120.39617,CALAVERAS,UNINCORPORATED,-120.39618215,38.173477830000003
90525481,2017,2017-08-17,9255,2017-08-11,1100,018825,,5,1,9,0500,0,1,3,,1,011,SR-26,"CAMPO SECO TPKE",0.00,,Y,A,-,Y,,,26,,,,,,,Y,4,0,2,2,A,-,09,21801,A,N,A,C,A,A,H,-,A,D,0,,,,,Y,,A,01,0,0,2,0,0,0,0,0,0,"- ","- ",38.282200000000003,-120.7277,CALAVERAS,UNINCORPORATED,-120.72768546,38.282187610000001
90527247,2017,2017-08-21,9255,2017-08-14,1815,018363,,1,2,9,0500,0,1,3,,1,010,"STATE ROUTE 12","STATE ROUTE 26",3474.00,W,N,A,-,Y,,,12,,,,,,,Y,3,0,2,1,A,-,01,23153,A,N,E,I,A,A,H,-,A,D,0,,,,,Y,Y,A,01,0,2,0,0,0,0,0,0,0,"- ","- ",38.208599999999997,-120.77561,CALAVERAS,UNINCORPORATED,-120.77560941,38.208580480000002
90528346,2017,2017-08-22,9255,2017-08-20,0948,019640,,7,1,9,0500,0,1,3,,1,011,SR-26,"VISTA DEL LAGO DR",850.00,W,N,A,-,Y,,,26,,,,,,,Y,4,0,1,2,A,-,03,22350,,N,C,C,A,A,H,-,A,D,0,,,,,Y,,A,01,0,0,1,0,0,0,0,0,0,"- ","- ",38.167070000000002,-120.84063999999999,CALAVERAS,UNINCORPORATED,-120.84055802,38.167004259999999
90528995,2017,2017-08-23,9255,2017-08-15,2010,019557,,2,2,9,0500,0,3,5,,2,001,"BALDWIN ST.","GARNER PL.",20.00,W,N,A,-,N,,,,,,,,,,Y,4,0,1,1,A,-,01,23152,A,N,E,I,A,A,H,-,B,D,0,,,,,Y,Y,A,01,0,0,1,0,0,0,0,0,0,"- ","- ",38.118139999999997,-120.86096000000001,CALAVERAS,UNINCORPORATED,-120.86099032,38.118132109999998
90529703,2017,2017-08-23,9255,2017-08-11,1500,019525,,5,2,9,0500,0,1,3,,1,011,SR-26,"OLIVE ORCHARD RD",0.00,,Y,A,-,Y,,,26,,,,,,,Y,4,0,1,2,A,-,03,22350,,N,C,C,A,A,H,-,A,D,0,,,,,Y,,D,22,0,0,1,0,0,0,0,0,0,"- ","- ",38.130180000000003,-120.8741,CALAVERAS,UNINCORPORATED,-120.87411056000001,38.130186010000003
90529944,2017,2017-08-24,9255,2017-08-18,2122,013939,,5,2,9,0500,0,1,3,,2,030,SR-49,SR-12,205.00,N,N,A,-,Y,,,49,,,,,,,Y,4,0,1,1,A,-,08,22107,,N,F,A,A,A,H,-,C,D,0,,,,,Y,,A,01,0,0,1,0,0,0,0,0,0,"- ","- ",38.205559999999998,-120.69726,CALAVERAS,UNINCORPORATED,-120.69724511,38.205559999999998
90533764,2017,2017-08-25,9255,2017-08-20,0245,013939,,7,3,9,0500,0,1,3,,1,010,SR-12,"SAWMILL STREET",0.00,,Y,A,-,Y,,,12,,,,,,,Y,4,0,1,1,A,-,08,22107,,N,E,I,A,A,H,-,C,A,0,,,,,Y,,A,07,0,0,1,0,0,0,0,0,0,"- ","- ",38.195129999999999,-120.97924,CALAVERAS,UNINCORPORATED,-120.97913143,38.195196840000001
90535977,2017,2017-08-29,9255,2017-08-20,1130,015872,,7,1,9,0500,0,1,3,,1,021,SR-4,"STALLION WAY",1584.00,W,N,A,-,Y,,,4,,,,,,,Y,2,0,4,2,A,-,08,22107,,N,A,C,A,A,H,-,A,D,0,,,,,Y,,A,07,1,2,1,0,0,0,0,0,0,"- ","- ",38.051630000000003,-120.62532,CALAVERAS,UNINCORPORATED,-120.62532057,38.051631469999997
90536957,2017,2017-08-30,9255,2017-08-20,1645,019557,,7,2,9,0500,0,1,3,,1,021,SR-4,"STOCKTON RD.",12672.00,W,N,A,-,Y,,,4,,,,,,,Y,4,0,2,2,A,-,08,22107,,N,D,C,A,A,H,-,A,D,0,,,,,Y,,A,07,0,0,2,0,0,0,0,0,0,"- ","- ",38.067129999999999,-120.59905999999999,CALAVERAS,UNINCORPORATED,-120.59905972,38.067134889999998
90537242,2017,2017-08-30,9255,2017-08-20,1815,018894,,7,2,9,0500,0,3,5,,2,004,"UTICA POWER HOUSE RD","STATE ROUTE 4",500.00,W,N,A,-,N,,,,,,,,,,Y,4,0,1,1,A,-,08,22107,,N,F,A,A,A,H,-,A,D,0,,,Y,,Y,,C,02,0,0,1,0,0,0,0,0,1,"- ","- ",38.15645,-120.43715,CALAVERAS,UNINCORPORATED,-120.44848,38.146529999999998
90538167,2017,2017-08-31,9255,2017-08-22,1118,015872,,2,1,9,0500,0,1,3,,1,020,SR-49,"GUN CLUB ROAD",145.00,S,N,A,-,Y,,,49,,,,,,,Y,3,0,3,2,A,-,08,22107,,N,E,I,A,A,H,-,A,D,0,,,,,Y,,A,01,0,1,2,0,0,0,0,0,0,"- ","- ",38.045349999999999,-120.52522999999999,CALAVERAS,UNINCORPORATED,-120.52529632,38.045284090000003
90538374,2017,2017-08-31,9255,2017-08-26,1425,015872,,6,2,9,0500,0,1,3,,2,040,SR-4,"SUNSET RIDGE COURT",192.00,E,N,A,-,Y,,,4,,,,,,,Y,2,0,3,2,A,-,05,21460,A,N,A,C,A,A,H,-,A,D,0,,,,,Y,,A,07,3,0,0,0,0,0,0,0,0,"- ","- ",38.168520000000001,-120.41448,CALAVERAS,UNINCORPORATED,-120.41446062,38.168496130000001
90538711,2017,2017-09-01,9255,2017-08-28,2200,018318,,1,3,9,0500,0,1,3,,1,010,SR-12,"CENTRAL HILL RD",900.00,E,N,A,-,Y,,,12,,,,,,,Y,4,0,1,1,C,-,18,,,N,H,H,A,A,H,-,D,D,0,,,,,Y,,-,"- ",0,0,1,0,0,0,0,0,0,"- ","- ",38.201160000000002,-120.7162,CALAVERAS,UNINCORPORATED,-120.71617264,38.201116769999999
90540299,2017,2017-09-05,9255,2017-08-25,1538,017324,,5,2,9,0500,0,1,3,,1,021,"STATE ROUTE 4","BONANZA MINE WAY",2640.00,E,N,A,-,Y,,,4,,,,,,,Y,3,0,2,1,A,-,08,22107,,N,E,I,A,A,H,-,A,D,0,,,,,Y,,A,08,0,1,1,0,0,0,0,0,0,"- ","- ",38.0261,-120.64569,CALAVERAS,UNINCORPORATED,-120.64569882000001,38.026095460000001
90540307,2017,2017-09-05,9255,2017-08-30,0955,018825,,3,1,9,0500,0,1,3,,2,031,SR-26,"PONDEROSA WAY",1584.00,W,N,A,-,Y,,,26,,,,,,,N,4,0,1,2,A,-,05,21460,A,N,B,C,A,A,H,-,A,D,0,,,,,Y,,-,"- ",0,0,1,0,0,0,0,0,0,"- ","- ",38.335599999999999,-120.6186,CALAVERAS,UNINCORPORATED,-120.61859634,38.335595060000003
90540437,2017,2017-09-05,9255,2017-08-24,1641,019525,,4,2,9,0500,0,1,3,,2,030,SR-49,"POOL STATION RD",20.00,S,N,A,-,Y,,,49,,,,,,,Y,3,0,1,2,A,-,03,22350,,N,C,C,A,A,H,-,A,D,0,,,,,Y,,A,01,0,1,0,0,0,0,0,0,0,"- ","- ",38.201079999999997,-120.69244,CALAVERAS,UNINCORPORATED,-120.69244596999999,38.20106509
90542199,2017,2017-09-06,9255,2017-09-05,0710,019389,,2,1,9,0500,0,1,3,,1,011,SR-26,"GOLD CREEK DR",417.00,W,N,A,-,Y,,,26,,,,,,,Y,3,0,1,1,A,-,08,22107,,N,F,A,A,A,H,-,A,D,0,,,,Y,Y,,F,26,0,1,0,0,0,0,0,0,0,"- ","- ",38.176490000000001,-120.83103,CALAVERAS,UNINCORPORATED,-120.83116320000001,38.176510639999996
90542552,2017,2017-09-07,9255,2017-09-02,0730,020142,,6,1,9,0500,0,3,5,,2,002,"VALLECITO RD",SR-4,272.00,S,N,A,-,N,,,,,,,,,,Y,2,0,1,1,A,-,08,22107,,N,F,A,A,A,H,-,A,D,0,,,Y,,Y,,C,02,1,0,0,0,0,0,0,0,1,"- ","- ",38.078749999999999,-120.52731,CALAVERAS,UNINCORPORATED,-120.52716494000001,38.078533129999997
90542923,2017,2017-09-07,9255,2017-08-27,1525,015872,,7,2,9,0500,0,1,3,,1,011,SR-26,"HOGAN DAM ROAD",80.00,W,N,A,-,Y,,,,,,,,,,Y,4,0,2,2,A,-,03,22350,,N,E,I,A,A,H,-,A,D,0,,,,,Y,,A,01,0,0,2,0,0,0,0,0,0,"- ","- ",,,CALAVERAS,UNINCORPORATED,-120.82566,38.185490000000001
90544553,2017,2017-09-11,9255,2017-09-05,1305,018894,,2,1,9,0500,0,1,3,,1,020,"STATE ROUTE 49","RED HILL RD",5280.00,S,N,A,-,Y,,,49,,,,,,,N,3,0,1,1,A,-,08,22107,,N,F,A,A,A,H,-,A,D,0,,,Y,,Y,,C,02,0,1,0,0,0,0,0,0,1,"- ","- ",38.026969999999999,-120.51132,CALAVERAS,UNINCORPORATED,-120.51133636,38.027001900000002
90545774,2017,2017-11-13,9255,2017-07-13,2030,013939,,4,2,9,0500,0,1,3,,2,030,SR-49,"BIG BAR ROAD",1584.00,S,N,A,-,Y,,,49,,,,,,,Y,1,1,0,1,C,-,18,,,N,E,I,A,A,H,-,D,D,0,,,,Y,Y,,-,"- ",0,0,0,0,0,0,0,0,0,"- ","- ",38.30912,-120.72516,CALAVERAS,UNINCORPORATED,-120.72517247,38.309130260000003
90546140,2017,2017-09-12,9255,2017-09-07,1835,018492,,4,2,9,0500,0,3,5,,2,004,"RED HILL RD","RUNNING SPRINGS RD",1584.00,N,N,A,-,N,,,,,,,,,,Y,4,0,1,1,A,-,03,22350,,N,E,I,A,A,H,-,A,D,0,,,,,Y,,A,07,0,0,1,0,0,0,0,0,0,"- ","- ",38.067129999999999,-120.49713,CALAVERAS,UNINCORPORATED,-120.49550186,38.06942385
90548456,2017,2017-09-15,9255,2017-09-13,0550,020142,,3,3,9,0500,0,3,5,,2,001,"MILTON RD","MAIN ST",4752.00,S,N,A,-,N,,,,,,,,,,Y,3,0,1,1,A,-,08,22107,,N,F,A,A,A,H,-,C,D,0,,,,,Y,,D,22,0,1,0,0,0,0,0,0,0,"- ","- ",38.082349999999998,-120.87336999999999,CALAVERAS,UNINCORPORATED,-120.87111165,38.075926709999997
90548464,2017,2017-09-15,9255,2017-09-13,0735,020142,,3,1,9,0500,0,1,3,,2,031,SR-26,"LOWER DORRAY RD",528.00,E,N,A,-,Y,,,26,,,,,,,Y,3,0,1,2,A,-,05,21460,A,N,B,C,A,A,H,-,A,D,0,,,,,Y,,A,01,0,1,0,0,0,0,0,0,0,"- ","- ",38.34064,-120.60601,CALAVERAS,UNINCORPORATED,-120.60599375,38.340686679999997
90549687,2017,2017-09-18,9255,2017-09-10,0020,019557,,7,3,9,0500,0,3,5,,2,001,"BALDWIN ST.","USHER DR.",1584.00,S,N,A,-,Y,,,,,,,,,,Y,2,0,1,1,A,-,08,22107,,N,E,I,A,A,H,-,D,D,0,,,,,Y,Y,D,22,1,0,0,0,0,0,0,0,0,"- ","- ",38.724890000000002,-120.50565,CALAVERAS,UNINCORPORATED,-120.84853527999999,38.123763480000001
90549931,2017,2017-09-18,9255,2017-09-15,1849,017324,,5,2,9,0500,0,1,3,,1,020,"STATE ROUTE 49","RED HILL ROAD",1056.00,S,N,A,-,Y,,,49,,,,,,,Y,4,0,1,1,A,-,08,22107,,N,E,J,A,A,D,-,B,A,0,,,,,Y,,A,01,0,0,1,0,0,0,0,0,0,"- ","- ",38.033189999999998,-120.50623,CALAVERAS,UNINCORPORATED,-120.50629135,38.033184419999998
90551856,2017,2017-09-20,9255,2017-09-08,1410,015872,,5,2,9,0500,0,1,3,,2,030,SR-49,SR-12,1320.00,N,N,A,-,Y,,,49,,,,,,,Y,4,0,1,2,A,-,04,21703,,N,C,C,A,A,H,-,A,D,0,,,,,Y,,A,01,0,0,1,0,0,0,0,0,0,"- ","- ",38.208390000000001,-120.69719000000001,CALAVERAS,UNINCORPORATED,-120.69719762,38.208390139999999
90552084,2017,2017-09-20,9255,2017-09-12,1922,018453,,2,2,9,0500,0,1,3,,1,010,SR-12,"OAK LEAF LANE",55.00,E,N,A,-,Y,,,12,,,,,,,Y,3,0,1,1,A,-,01,23152,A,N,E,I,A,A,H,-,D,D,0,,,,,Y,Y,D,22,0,1,0,0,0,0,0,0,0,"- ","- ",38.185389999999998,-120.85972,CALAVERAS,UNINCORPORATED,-120.85972545,38.18535018
90553164,2017,2017-10-19,9255,2017-09-13,0708,019525,,3,1,9,0500,0,1,3,,2,040,SR-4,"REDHILL ROAD",2640.00,W,N,A,-,Y,,,4,,,,,,,Y,4,0,3,2,A,-,03,22350,,N,C,C,A,A,D,-,A,D,0,,,,,Y,,A,07,0,0,3,0,0,0,0,0,0,"- ","- ",38.093519999999998,-120.49088,CALAVERAS,UNINCORPORATED,-120.49087992,38.09352414
90555331,2017,2017-09-25,9255,2017-09-21,1800,017324,,4,2,9,0500,0,1,3,,2,030,"STATE ROUTE 49","SAN DOMINGO CREEK",3168.00,N,N,A,-,Y,,,49,,,,,,,Y,4,0,1,1,A,-,08,22107,,N,F,A,A,A,H,-,A,D,0,,,,,Y,,A,01,0,0,1,0,0,0,0,0,0,"- ","- ",38.121600000000001,-120.62365,CALAVERAS,UNINCORPORATED,-120.62368050000001,38.121548910000001
90556199,2017,2017-09-26,9255,2017-09-16,1415,018894,,6,2,9,0500,0,3,5,,2,005,"USFS ROAD 7N08","SUMMIT LEVEL RD",10560.00,N,N,A,-,N,,,,,,,,,,Y,4,0,1,1,A,-,08,22107,,N,F,A,A,A,H,-,A,D,0,,,Y,,Y,,C,02,0,0,1,0,0,0,0,0,1,"- ","- ",38.312060000000002,-120.32052,CALAVERAS,UNINCORPORATED,-120.32125711,38.311608769999999
90556222,2017,2017-09-26,9255,2017-09-15,0810,015872,,5,1,9,0500,0,2,4,,2,034,"MOUNTAIN RANCH ROAD","LOWER MICHEL ROAD",2640.00,N,N,A,-,N,,,,,,,,,,Y,3,0,1,1,A,-,01,23152,F,N,E,I,A,A,H,-,A,D,0,,,,,Y,,A,07,0,1,0,0,0,0,0,0,0,"- ","- ",38.204360000000001,-120.57628,CALAVERAS,UNINCORPORATED,-120.58224678000001,38.199920329999998
90556326,2017,2017-09-26,9255,2017-09-25,0727,019640,,1,1,9,0500,0,1,3,,2,040,SR-4,"LASHKOFF RD",1584.00,E,N,A,-,Y,,,4,,,,,,,N,3,0,1,1,C,-,18,,,N,H,H,A,A,H,-,A,D,0,,,Y,,Y,,-,"- ",0,1,0,0,0,0,0,0,1,"- ","- ",38.165039999999998,-120.42493,CALAVERAS,UNINCORPORATED,-120.42493247,38.164980730000003
90556346,2017,2017-09-26,9255,2017-09-23,1811,018453,,6,2,9,0500,0,1,3,,1,020,SR-49,"COSGRAVE ROAD",4752.00,N,N,A,-,Y,,,49,,,,,,,Y,4,0,4,3,A,-,05,21460,A,M,A,C,A,A,H,-,A,D,0,,,,Y,Y,,A,01,0,0,4,0,0,0,0,0,0,"- ","- ",38.11504,-120.61524,CALAVERAS,UNINCORPORATED,-120.61523883,38.115042510000002
90557486,2017,2017-09-27,9255,2017-09-27,1255,015156,,3,1,9,0500,0,2,4,,1,022,"O'BYRNES FERRY ROAD","PHEASANT RUN DRIVE",4752.00,S,N,A,-,N,,,,,,,,,,Y,4,0,1,1,C,-,18,,,N,E,I,A,A,H,-,A,D,0,,,,,Y,,-,"- ",0,0,1,0,0,0,0,0,0,"- ","- ",37.928609999999999,-120.5979,CALAVERAS,UNINCORPORATED,-120.59607468999999,37.92471449
90559662,2017,2017-09-29,9255,2017-09-21,1625,015872,,4,2,9,0500,0,1,3,,2,030,SR-49,"ANGELS ROAD",319.00,N,N,A,-,Y,,,49,,,,,,,N,3,0,1,2,A,-,09,21801,A,N,F,A,A,A,H,-,A,D,0,,,Y,,Y,,A,07,0,1,0,0,0,0,0,0,1,"- ","- ",38.191519999999997,-120.67552000000001,CALAVERAS,UNINCORPORATED,-120.67551693,38.191521940000001
90559668,2017,2017-09-29,9255,2017-09-22,1630,015872,,5,2,9,0500,0,3,5,,2,001,"BURSON ROAD","RICKS DRIVE",105.00,N,N,A,-,N,,,,,,,,,,Y,4,0,1,2,A,-,05,21460,A,M,F,A,A,A,H,-,A,D,0,,,,Y,Y,,A,07,0,0,1,0,0,0,0,0,0,"- ","- ",38.126800000000003,-120.90837000000001,CALAVERAS,UNINCORPORATED,-120.90836987,38.126737249999998
90559809,2017,2017-09-29,9255,2017-09-28,0300,020142,,4,3,9,0500,0,3,5,,2,001,"GWIN MINE RD","THOMAS ST",5808.00,N,N,A,-,N,,,,,,,,,,Y,3,0,1,1,A,-,21,22106,,N,E,I,A,A,H,-,D,D,0,,,,,Y,,A,07,0,1,0,0,0,0,0,0,0,"- ","- ",38.274700000000003,-120.75839999999999,CALAVERAS,UNINCORPORATED,-120.75838724,38.27489654
90560187,2017,2017-09-29,9255,2017-09-22,1310,019525,,5,1,9,0500,0,1,3,,2,040,SR-4,"GOLDEN CREEK DR",24.00,E,N,B,-,Y,,,4,,,,,,,Y,4,0,2,3,A,-,03,22350,,N,C,C,A,A,H,-,A,D,0,,,,,Y,,D,22,0,0,2,0,0,0,0,0,0,"- ","- ",38.0929,-120.49578,CALAVERAS,UNINCORPORATED,-120.49577667,38.092881429999998
90560322,2017,2017-09-29,9255,2017-09-22,0910,020142,,5,1,9,0500,0,1,3,,2,031,SR-26,"STORMY LN",130.00,E,N,A,-,Y,,,26,,,,,,,Y,4,0,1,1,A,-,08,22107,,N,E,I,A,A,H,-,A,D,0,,,,,Y,,A,07,0,0,1,0,0,0,0,0,0,"- ","- ",38.340879999999999,-120.59173,CALAVERAS,UNINCORPORATED,-120.59167166,38.340825979999998
90561438,2017,2018-01-10,9255,2017-09-16,1510,015872,,6,2,9,0500,0,1,3,,1,021,SR-4,"STALLION WAY",4224.00,E,N,A,-,Y,,,4,,,,,,,Y,1,1,1,2,A,-,03,22350,,N,F,A,A,A,H,-,A,D,0,,,Y,,Y,,C,02,0,1,0,0,0,0,0,1,0,"- ","- ",38.064050000000002,-120.61906,CALAVERAS,UNINCORPORATED,-120.61907673,38.06405668
90561834,2017,2017-10-03,9255,2017-09-25,0025,018453,,1,3,9,0500,0,1,3,,2,031,SR-26,"STORMY LN",45.00,E,N,A,-,Y,,,26,,,,,,,Y,3,0,1,1,A,-,08,22107,,N,E,I,A,A,H,-,D,D,0,,,,,Y,,A,07,0,1,0,0,0,0,0,0,0,"- ","- ",38.340949999999999,-120.59162999999999,CALAVERAS,UNINCORPORATED,-120.5915969,38.340904569999999
90562201,2017,2017-10-03,9255,2017-09-25,1615,018894,,1,2,9,0500,0,1,3,,2,050,"STATE ROUTE 4","PINE DR",57.00,E,N,A,-,Y,,,4,,,,,,,Y,3,0,1,2,A,-,03,22350,,N,C,C,A,A,H,-,A,D,0,,,,,Y,,A,07,0,1,0,0,0,0,0,0,0,"- ","- ",38.2532,-120.35505000000001,CALAVERAS,UNINCORPORATED,-120.35502479,38.253168129999999
90563308,2017,2017-10-04,9255,2017-09-30,1920,018825,,6,2,9,0500,0,1,3,,1,011,SR-26,"HAGEN CT",25.00,W,N,A,-,Y,,,26,,,,,,,N,2,0,2,2,C,-,18,,,N,E,J,A,A,H,-,D,D,0,,,Y,,Y,,-,"- ",1,0,1,0,0,0,0,0,2,"- ","- ",38.136200000000002,-120.8677,CALAVERAS,UNINCORPORATED,-120.86771673,38.136210079999998
90564774,2017,2017-10-06,9255,2017-09-27,1250,019525,,3,1,9,0500,0,1,3,,2,030,SR-49,"COURT ST",18.00,N,N,A,-,Y,,,49,,,,,,,N,3,0,1,2,A,-,03,22350,,N,G,B,D,A,H,-,A,A,0,Y,,,,Y,,D,22,0,1,0,0,1,0,0,0,0,"- ","- ",38.196739999999998,-120.68226,CALAVERAS,UNINCORPORATED,-120.68228071,38.196676289999999
90566298,2017,2017-10-09,9255,2017-10-01,1238,019640,,7,1,9,0500,0,1,3,,2,031,SR-26,"WINTON RD",5.00,W,N,A,-,Y,,,26,,,,,,,Y,4,0,1,1,A,-,08,22107,,N,E,I,A,A,H,-,A,D,0,,,Y,,Y,,C,02,0,0,1,0,0,0,0,0,1,"- ","- ",38.40269,-120.52500000000001,CALAVERAS,UNINCORPORATED,-120.52517822,38.402611370000002
90566522,2017,2017-10-10,9255,2017-10-01,2312,018453,,7,3,9,0500,0,1,3,,2,030,SR-49,"CAROL KENNEDY RD",1800.00,S,N,A,-,Y,,,49,,,,,,,Y,3,0,1,1,A,-,01,23152,A,N,E,I,A,A,H,-,D,D,0,,,,,Y,Y,D,22,0,1,0,0,0,0,0,0,0,"- ","- ",38.1417,-120.63583,CALAVERAS,UNINCORPORATED,-120.63585872,38.141689249999999
90568378,2017,2017-10-11,9255,2017-10-05,1120,018825,,4,1,9,0500,0,1,3,,2,031,SR-26,"STORMY LN",255.00,E,N,A,-,Y,,,26,,,,,,,N,4,0,1,1,A,-,08,22107,,N,B,I,A,A,H,-,A,D,0,,,,,Y,,D,22,0,0,1,0,0,0,0,0,0,"- ","- ",38.341099999999997,-120.5912,CALAVERAS,UNINCORPORATED,-120.59119824,38.341092719999999
90568921,2017,2017-10-12,9255,2017-10-09,2030,018363,,1,2,9,0500,0,3,5,,2,005,"MORAN RD","LIGHTNING LN",2308.00,N,N,A,-,N,,,,,,,,,,Y,2,0,1,1,A,-,08,22107,,N,F,A,A,A,B,-,D,D,0,,,Y,,Y,,C,02,1,0,0,0,0,0,0,0,1,"- ","- ",38.230899999999998,-120.3546,CALAVERAS,UNINCORPORATED,-120.34322037,38.239504529999998
90570191,2017,2017-10-13,9255,2017-10-06,1000,019525,,5,1,9,0500,0,1,3,,2,031,SR-26,"DEARDORFF RD",4224.00,E,N,A,-,Y,,,26,,,,,,,Y,3,0,1,1,A,-,08,22107,,N,E,I,A,A,H,-,A,D,0,,,,,Y,,D,22,0,1,0,0,0,0,0,0,0,"- ","- ",38.368319999999997,-120.55592,CALAVERAS,UNINCORPORATED,-120.55592625,38.368310469999997
90570965,2017,2017-10-16,9255,2017-10-10,1515,020142,,2,2,9,0500,0,2,4,,2,034,"MOUNTAIN RANCH RD","OAK PARK DR",1056.00,E,N,A,-,N,,,,,,,,,,Y,3,0,1,1,A,-,08,22107,,N,F,A,A,A,H,-,A,D,0,,,Y,,Y,,C,02,0,1,0,0,0,0,0,0,1,"- ","- ",38.189729999999997,-120.65711,CALAVERAS,UNINCORPORATED,-120.65687336000001,38.189730900000001
90572364,2017,2017-10-18,9255,2017-10-08,1420,019557,,7,2,9,0500,0,3,5,,2,001,"PARDEE DAM RD.","CAMPO SECO RD.",5280.00,N,N,A,-,N,,,,,,,,,,N,4,0,2,1,A,-,03,22350,,N,E,I,A,A,H,-,A,D,0,,,Y,,Y,,C,02,0,0,2,0,0,0,0,0,2,"- ","- ",38.143189999999997,-120.50345,CALAVERAS,UNINCORPORATED,-120.84235876,38.241998119999998
90573350,2017,2017-10-18,9255,2017-10-10,1250,019557,,2,1,9,0500,0,1,3,,2,030,SR-49,"ANGELS  RD.",347.00,N,N,A,-,Y,,,49,,,,,,,Y,3,0,3,2,A,-,09,21801,A,N,A,C,A,A,H,-,A,D,0,,,,,Y,,A,07,0,3,0,0,0,0,0,0,0,"- ","- ",38.186819999999997,-120.67350999999999,CALAVERAS,UNINCORPORATED,-120.67352092,38.186808990000003
90574088,2017,2017-10-19,9255,2017-10-16,1700,020142,,1,2,9,0500,0,3,5,,2,001,"BURSON RD","DICKANSON CT",630.00,S,N,A,-,N,,,,,,,,,,Y,3,0,1,1,A,-,08,22107,,N,E,I,A,A,H,-,A,D,0,,,,,Y,,D,22,0,1,0,0,0,0,0,0,0,"- ","- ",38.188699999999997,-120.89019,CALAVERAS,UNINCORPORATED,-120.89017979,38.188851239999998
90574555,2017,2017-10-19,9255,2017-10-12,1040,019525,,4,1,9,0500,0,1,3,,1,010,SR-12,"MESSING ROAD",380.00,E,N,A,-,Y,,,12,,,,,,,Y,3,0,1,2,A,-,09,21804,A,N,D,C,A,A,H,-,A,D,0,,,,Y,Y,,A,01,0,1,0,0,0,0,0,0,0,"- ","- ",38.18103,-120.90749,CALAVERAS,UNINCORPORATED,-120.90748564,38.181011900000001
90574950,2017,2017-10-20,9255,2017-09-15,2030,018825,,5,2,9,0500,0,3,5,,2,001,"CHILLANO AVE","ARKANSAS FERRY RD",133.00,E,N,A,-,N,,,,,,,,,,N,2,0,1,2,D,-,00,,,F,G,B,E,A,H,-,D,D,0,Y,,,,Y,Y,-,"- ",1,0,0,0,1,0,0,0,0,"- ","- ",38.228299999999997,-120.8536,CALAVERAS,UNINCORPORATED,-120.85369995000001,38.227784010000001
90576939,2017,2017-10-24,9255,2017-10-15,1215,019640,,7,1,9,0500,0,1,3,,1,011,SR-26,"GOLD CREEK DRIVE",750.00,W,N,A,-,Y,,,26,,,,,,,Y,4,0,1,1,A,-,08,22107,,N,F,A,A,A,H,-,A,D,0,,,Y,,Y,,C,02,0,0,1,0,0,0,0,0,1,"- ","- ",38.17662,-120.83105999999999,CALAVERAS,UNINCORPORATED,-120.83114662,38.176623939999999
90576958,2017,2017-10-24,9255,2017-10-14,1555,018492,,6,2,9,0500,0,1,3,,2,050,SR-4,"COUNTRY CLUB DR",35.00,W,N,A,-,Y,,,4,,,,,,,Y,3,0,1,2,A,-,09,21802,A,N,F,A,A,A,H,-,A,A,0,,,Y,,Y,,A,01,0,1,0,0,0,0,0,0,1,"- ","- ",38.241909999999997,-120.36132000000001,CALAVERAS,UNINCORPORATED,-120.3613603,38.241930330000002
90578495,2017,2017-10-25,9255,2017-10-16,0810,019557,,1,1,9,0500,0,1,3,,1,020,SR-49,"DEER CREEK RD.",3696.00,S,N,A,-,Y,,,49,,,,,,,Y,4,0,1,2,A,-,09,21801,A,N,D,C,A,A,H,-,A,D,0,,,,,Y,,A,07,0,0,1,0,0,0,0,0,0,"- ","- ",38.092959999999998,-120.58087,CALAVERAS,UNINCORPORATED,-120.58082322999999,38.093020789999997
90579061,2017,2017-11-13,9255,2017-09-30,1635,020142,,6,2,9,0500,0,1,3,,2,030,SR-49,"BIG BAR ROAD",1584.00,S,N,A,-,Y,,,49,,,,,,,Y,1,1,0,3,A,-,05,21460,A,N,B,C,A,A,H,-,A,D,0,,,Y,,Y,,C,02,0,0,0,0,0,0,0,1,0,"- ","- ",38.30885,-120.7255,CALAVERAS,UNINCORPORATED,-120.72536189,38.308803619999999
90581076,2017,2017-10-27,9255,2017-10-26,1300,018825,,4,1,9,0500,0,1,3,,2,050,SR-4,"AVERY SHEEP RANCH RD",0.00,,Y,A,-,Y,,,4,,,,,,,Y,4,0,1,2,A,-,09,21802,A,N,D,C,A,A,H,-,A,A,0,,,,,Y,,A,07,0,0,1,0,0,0,0,0,0,"- ","- ",38.204799999999999,-120.3695,CALAVERAS,UNINCORPORATED,-120.36951096999999,38.20480354
90581081,2017,2017-10-27,9255,2017-10-21,1230,020142,,6,1,9,0500,0,3,5,,2,003,"BALD MOUNTAIN RD","ACORN WAY",54.00,S,N,A,-,N,,,,,,,,,,Y,4,0,1,1,A,-,08,22107,,M,F,A,A,A,H,-,A,D,0,,,Y,,Y,,C,02,0,0,1,0,0,0,0,0,1,"- ","- ",38.398760000000003,-120.51723,CALAVERAS,UNINCORPORATED,-120.51747211,38.398724170000001
90581104,2017,2017-10-27,9255,2017-10-19,0805,018825,,4,1,9,0500,0,1,3,,1,010,SR-12,"TOYON CIR",558.00,W,N,A,-,Y,,,12,,,,,,,Y,3,0,2,2,A,-,09,21801,A,N,A,C,A,A,H,-,A,D,0,,,,,Y,,A,01,0,1,1,0,0,0,0,0,0,"- ","- ",38.211199999999998,-120.7664,CALAVERAS,UNINCORPORATED,-120.76640657999999,38.211213749999999
90581117,2017,2017-10-27,9255,2017-10-25,1030,018825,,3,1,9,0500,0,3,5,,2,003,"MAIN ST",SR-26,375.00,S,N,A,-,N,,,,,,,,,,Y,2,0,1,1,A,-,08,22107,,N,E,I,A,A,H,-,A,D,0,,,,,Y,,D,22,1,0,0,0,0,0,0,0,0,"- ","- ",38.402500000000003,-120.5278,CALAVERAS,UNINCORPORATED,-120.52745,38.396830000000001
90581307,2017,2017-10-27,9255,2017-10-20,1420,019525,,5,2,9,0500,0,3,5,,2,001,"CAMANCHE PKY S","QUARTZ RD",1056.00,E,N,B,-,N,,,,,,,,,,Y,3,0,1,1,A,-,08,22107,,N,E,I,A,A,H,-,A,D,0,,,,,Y,,A,01,0,1,0,0,0,0,0,0,0,"- ","- ",38.194940000000003,-120.92806,CALAVERAS,UNINCORPORATED,-120.92693317,38.194822729999999
90582732,2017,2017-10-30,9255,2017-10-21,1510,019640,,6,2,9,0500,0,1,3,,1,011,SR-26,"MANGILI RD",1056.00,W,N,A,-,Y,,,26,,,,,,,Y,3,0,1,1,A,-,01,23152,A,N,E,I,A,A,H,-,A,A,0,,,Y,,Y,Y,C,02,0,1,0,0,0,0,0,0,1,"- ","- ",38.182780000000001,-120.82644999999999,CALAVERAS,UNINCORPORATED,-120.82646518999999,38.182801259999998
90582767,2017,2017-11-07,9255,2017-10-22,0320,018363,,7,3,9,0500,0,2,4,,1,022,"OBYRNES FERRY RD","PYLE RD",175.00,S,N,A,-,N,,,,,,,,,,Y,4,0,1,1,A,-,08,22107,,N,E,I,A,A,H,-,D,D,0,,,,,Y,,A,01,0,0,1,0,0,0,0,0,0,"- ","- ",37.966830000000002,-120.62032000000001,CALAVERAS,UNINCORPORATED,-120.62058421,37.967026359999998
90584917,2017,2017-11-01,9255,2017-10-23,0920,019557,,1,1,9,0500,0,1,3,,1,010,SR-12,SR-26,0.00,,Y,A,-,Y,,,12,,,,,,,Y,4,0,1,2,A,-,12,22450,A,N,D,C,A,A,H,-,A,A,0,,,,,Y,,D,22,0,0,1,0,0,0,0,0,0,"- ","- ",38.191569999999999,-120.82905,CALAVERAS,UNINCORPORATED,-120.82904189,38.191563639999998
90585562,2017,2017-11-02,9255,2017-10-19,0853,018318,,4,1,9,0500,0,3,5,,2,002,SR-4,"HORESHOE DR.",655.00,W,N,A,-,Y,,,4,,,,,,,Y,3,0,3,2,A,-,05,21460,A,N,A,C,A,A,H,-,A,D,0,,,,,Y,,D,22,0,3,0,0,0,0,0,0,0,"- ","- ",38.186549999999997,-120.37260000000001,CALAVERAS,UNINCORPORATED,-120.37258420000001,38.186520450000003
90588845,2017,2017-11-07,9255,2017-10-28,1115,018894,,6,1,9,0500,0,1,3,,2,040,"STATE ROUTE 4","SIX MILE RD",631.00,W,N,A,-,Y,,,4,,,,,,,Y,2,0,1,1,A,-,08,22107,,N,E,I,A,A,H,-,A,D,0,,,,,Y,,A,07,1,0,0,0,0,0,0,0,0,"- ","- ",38.089309999999998,-120.50586,CALAVERAS,UNINCORPORATED,-120.5058504,38.089296109999999
90588879,2017,2017-11-07,9255,2017-10-30,0235,018363,,1,3,9,0500,0,2,4,,2,034,"MOUNTAIN RANCH RD","MICHEL RD",1560.00,W,N,A,-,N,,,,,,,,,,Y,4,0,1,1,A,-,01,23152,A,N,E,I,A,A,H,-,D,D,0,,,,,Y,Y,A,01,0,0,1,0,0,0,0,0,0,"- ","- ",38.21848,-120.55161,CALAVERAS,UNINCORPORATED,-120.58990948,38.191230859999997
90588920,2017,2017-11-07,9255,2017-10-31,1530,016055,,2,2,9,0500,0,1,3,,2,031,SR-26,"HIGDON RD",2112.00,E,N,A,-,Y,,,26,,,,,,,Y,3,0,2,1,A,-,08,22107,,N,F,A,A,A,H,-,A,D,0,,,,,Y,,A,01,0,1,1,0,0,0,0,0,0,"- ","- ",38.41872,-120.54927000000001,CALAVERAS,UNINCORPORATED,-120.54922686,38.418670200000001
90590002,2017,2017-11-08,9255,2017-11-01,1420,019525,,3,2,9,0500,0,1,3,,1,010,SR-12,"LIME CREEK ROAD",200.00,E,N,A,-,Y,,,12,,,,,,,Y,3,0,1,1,A,-,08,22107,,N,E,I,A,A,H,-,A,D,0,,,,,Y,,A,07,0,1,0,0,0,0,0,0,0,"- ","- ",38.197670000000002,-120.80018,CALAVERAS,UNINCORPORATED,-120.80021831000001,38.197719800000002
90590766,2017,2017-11-08,9255,2017-10-28,1425,018318,,6,2,9,0500,0,1,3,,1,021,SR-4,"HUNT RD",172.00,W,N,A,-,Y,,,4,,,,,,,Y,2,0,6,5,A,-,01,23152,A,N,B,C,A,A,H,-,A,D,0,,,Y,,Y,Y,E,22,5,1,0,0,0,0,0,0,4,"- ","- ",38.029449999999997,-120.64743,CALAVERAS,UNINCORPORATED,-120.64740345,38.029460280000002
90591186,2017,2017-11-09,9255,2017-11-03,0910,017324,,5,1,9,0500,0,3,5,,2,002,"POOL STATION ROAD","UPPER ANDY ROAD",6336.00,S,N,B,-,N,,,,,,,,,,Y,3,0,1,1,A,-,03,22350,,N,E,I,A,B,H,-,A,A,0,,,,,Y,,A,01,0,1,0,0,0,0,0,0,0,"- ","- ",38.109659999999998,-120.65644,CALAVERAS,UNINCORPORATED,-120.65697663,38.111179929999999
90591971,2017,2017-11-10,9255,2017-11-06,1630,018825,,1,2,9,0500,0,1,3,,1,010,SR-12,"CHESTNUT ST",550.00,E,N,A,-,Y,,,12,,,,,,,Y,3,0,2,2,A,-,09,21804,A,N,D,C,A,A,H,-,A,A,0,,,,,Y,,A,08,0,2,0,0,0,0,0,0,0,"- ","- ",38.192500000000003,-120.8263,CALAVERAS,UNINCORPORATED,-120.82630181,38.192510640000002
90591976,2017,2017-11-10,9255,2017-11-04,0150,013939,,6,3,9,0500,0,1,3,,2,040,SR-4,"UTICA POWERHOUSE (EAST)",1584.00,W,N,B,-,Y,,,4,,,,,,,Y,3,0,3,1,A,-,08,22107,,N,E,I,A,B,H,-,D,D,0,,,,,Y,,A,07,0,3,0,0,0,0,0,0,0,"- ","- ",38.15325,-120.43922000000001,CALAVERAS,UNINCORPORATED,-120.43924041,38.15327593
90592985,2017,2017-11-13,9255,2017-11-07,0745,018363,,2,1,9,0500,0,1,3,,2,031,"STATE ROUTE 26","MAIN ST.",105.00,E,N,A,-,Y,,,26,,,,,,,N,4,0,1,2,A,-,09,21801,A,N,B,C,A,A,H,-,A,D,0,,,,,Y,,D,22,0,0,1,0,0,0,0,0,0,"- ","- ",38.40361,-120.52719999999999,CALAVERAS,UNINCORPORATED,-120.5272105,38.40359642
90593357,2017,2017-11-13,9255,2017-11-06,1605,018363,,1,2,9,0500,0,1,3,,2,030,"STATE ROUTE 49","COURT ST",50.00,N,N,A,-,Y,,,49,,,,,,,N,4,0,1,2,A,-,11,21954,A,N,G,B,D,A,H,-,A,D,0,Y,,,,Y,,N,60,0,0,1,0,1,0,0,0,0,"- ","- ",38.196730000000002,-120.68237000000001,CALAVERAS,UNINCORPORATED,-120.68237726,38.196707680000003
90593826,2017,2017-11-14,9255,2017-11-13,1605,018363,,1,2,9,0500,0,1,3,,2,031,"STATE ROUTE 26","TOLOMA CT.",55.00,W,N,A,-,Y,,,26,,,,,,,Y,2,0,2,1,A,-,08,22107,,N,E,I,A,A,H,-,A,D,0,,,,,Y,,A,01,2,0,0,0,0,0,0,0,0,"- ","- ",38.404499999999999,-120.52873,CALAVERAS,UNINCORPORATED,-120.52872004,38.404534990000002
90595026,2017,2017-11-15,9255,2017-11-04,2005,019557,,6,2,9,0500,0,3,5,,2,003,"WINTON RD.","BUMMERVILLE RD.",50.00,W,N,B,-,N,,,,,,,,,,Y,2,0,1,1,A,-,08,22107,,N,E,I,A,B,H,-,D,D,0,,,,,Y,Y,A,01,1,0,0,0,0,0,0,0,0,"- ","- ",38.408639999999998,-120.506,CALAVERAS,UNINCORPORATED,-120.50616427,38.408626220000002
90595210,2017,2017-12-20,9255,2017-10-27,1730,018873,,5,2,9,0500,0,3,5,,2,003,"WINTON RD","LILY GAP RD",1159.00,S,N,A,-,N,,,,,,,,,,Y,1,1,0,1,A,-,01,23152,G,N,E,I,A,A,H,-,A,D,0,,,,,Y,Y,A,01,0,0,0,0,0,0,0,0,0,"- ","- ",38.415750000000003,-120.49319,CALAVERAS,UNINCORPORATED,-120.50023188,38.412004279999998
90596106,2017,2017-11-16,9255,2017-11-11,0755,017324,,6,1,9,0500,0,1,3,,2,050,"STATE ROUTE 4","AVERY HOTEL RD",2112.00,E,N,A,-,Y,,,4,,,,,,,Y,2,0,1,1,A,-,08,22107,,N,F,A,A,A,H,-,A,D,0,,,,,Y,,D,22,1,0,0,0,0,0,0,0,0,"- ","- ",38.213990000000003,-120.3699,CALAVERAS,UNINCORPORATED,-120.36987481,38.214000259999999
90598797,2017,2017-11-20,9255,2017-11-19,1145,018825,,7,1,9,0500,0,1,3,,2,050,SR-4,"ARNOLD BYWAY",108.00,W,N,A,-,Y,,,4,,,,,,,Y,4,0,1,1,A,-,08,22107,,N,F,A,A,A,H,-,A,D,0,,,,,Y,,A,01,0,0,1,0,0,0,0,0,0,"- ","- ",38.262700000000002,-120.33669999999999,CALAVERAS,UNINCORPORATED,-120.33666798,38.262676310000003
90599498,2017,2017-11-21,9255,2017-11-18,1535,018363,,6,2,9,0500,0,2,4,,1,022,"OBYRNES FERRY RD","PYLE RD",650.00,N,N,A,-,N,,,,,,,,,,Y,4,0,1,2,C,-,18,,,N,B,C,A,A,H,-,A,D,0,,,,,Y,,-,"- ",0,0,1,0,0,0,0,0,0,"- ","- ",37.96893,-120.62416,CALAVERAS,UNINCORPORATED,-120.62291556,37.968321349999997
90599504,2017,2017-11-21,9255,2017-11-14,1030,018363,,2,1,9,0500,0,3,5,,2,003,"JESUS MARIA RD","RAILROAD FLAT RD",1010.00,W,N,A,-,N,,,,,,,,,,Y,4,0,3,2,A,-,08,22107,,N,B,C,A,A,H,-,A,D,0,,,,,Y,,A,07,0,0,3,0,0,0,0,0,0,"- ","- ",38.284329999999997,-120.50769,CALAVERAS,UNINCORPORATED,-120.50747269,38.284278430000001
90602315,2017,2017-11-27,9255,2017-11-17,0340,018873,,5,3,9,0500,0,3,5,,2,003,"RAILROAD FLAT RD","CEDAR SPRINGS RD",2350.00,E,N,B,C,N,,,,,,,,,,Y,4,0,1,1,A,-,08,22107,,N,E,I,A,B,H,-,D,D,0,,,,,Y,,A,07,0,0,1,0,0,0,0,0,0,"- ","- ",38.261519999999997,-120.51258,CALAVERAS,UNINCORPORATED,-120.5127827,38.26159243
90602509,2017,2017-11-27,9255,2017-11-26,1245,018363,,7,1,9,0500,0,2,4,,2,034,"MOUNTAIN RANCH ROAD","ROCKY ROAD",3150.00,E,N,C,-,N,,,,,,,,,,Y,4,0,1,1,A,-,08,22107,,N,E,I,A,B,H,-,A,D,0,,,,,Y,,A,01,0,0,1,0,0,0,0,0,0,"- ","- ",38.191339999999997,-120.60216,CALAVERAS,UNINCORPORATED,-120.6022423,38.19128018
90602963,2017,2017-11-27,9255,2017-11-20,0130,019640,,1,3,9,0500,0,1,3,,2,031,SR-26,"MAIN ST",0.00,,Y,B,-,Y,,,26,,,,,,,N,3,0,1,1,A,-,03,22350,,M,E,I,A,A,H,-,D,A,0,,,,,Y,,D,22,0,1,0,0,0,0,0,0,0,"- ","- ",38.40343,-120.5271,CALAVERAS,UNINCORPORATED,-120.527061,38.403493140000002
90603723,2017,2017-11-28,9255,2017-11-16,2350,013939,,4,3,9,0500,0,1,3,,1,010,SR-12,"SAWMILL STREET",158.00,W,N,B,-,Y,,,12,,,,,,,Y,2,0,1,1,A,-,08,22107,,N,E,I,A,B,H,-,D,D,0,,,,,Y,,D,22,1,0,0,0,0,0,0,0,0,"- ","- ",38.195129999999999,-120.97924,CALAVERAS,UNINCORPORATED,-120.97913143,38.195196840000001
90608350,2017,2017-12-01,9255,2017-11-24,2330,018873,,5,3,9,0500,0,3,5,,2,002,"KIVA DR","LITTLE JOHN RD",0.00,,Y,A,-,N,,,,,,,,,,Y,3,0,1,1,A,-,05,21650,,N,E,I,A,A,H,-,D,D,0,,,,,Y,Y,A,01,0,1,0,0,0,0,0,0,0,"- ","- ",37.908360000000002,-120.61376,CALAVERAS,UNINCORPORATED,-120.61376989999999,37.908409929999998
90611328,2017,2017-12-06,9255,2017-11-26,1835,019389,,7,2,9,0500,0,1,3,,1,010,SR-12,"LIME CREEK RD",892.00,W,N,B,C,Y,,,12,,,,,,,Y,2,0,4,2,A,-,01,23152,A,N,A,C,A,B,H,-,D,A,0,,,,,Y,Y,A,07,2,2,0,0,0,0,0,0,0,"- ","- ",38.192999999999998,-120.82384,CALAVERAS,UNINCORPORATED,-120.82384012,38.193000570000002
90611813,2017,2018-01-10,9255,2017-11-26,1545,019389,,7,2,9,0500,0,3,5,,2,003,"SUNSET ST","RUSSELLS RD",0.00,,Y,B,C,N,,,,,,,,,,N,2,0,1,1,A,-,01,23152,A,N,F,A,A,B,H,-,C,A,0,,,Y,,Y,Y,C,02,1,0,0,0,0,0,0,0,1,"- ","- ",38.192929999999997,-120.69123999999999,CALAVERAS,UNINCORPORATED,-120.69121996,38.192909989999997
90611845,2017,2017-12-06,9255,2017-11-26,1500,018825,,7,2,9,0500,0,3,5,,2,002,"CHARMSTONE WAY","BOW DR",308.00,S,N,B,C,N,,,,,,,,,,N,3,0,1,1,C,-,18,,,N,G,B,A,B,H,-,A,D,0,,,,,Y,,-,"- ",0,1,0,0,0,0,0,0,0,"- ","- ",37.929900000000004,-120.6336,CALAVERAS,UNINCORPORATED,-120.63543,37.931644249999998
90612147,2017,2017-12-07,9255,2017-11-03,1505,019525,,5,2,9,0500,0,3,5,,2,003,"MICHEL RD","CAVE CITY RD",1056.00,N,N,B,-,N,,,,,,,,,,Y,1,1,0,1,A,-,01,23152,F,N,E,I,A,A,H,-,A,D,0,,,,,Y,,A,07,0,0,0,0,0,0,0,0,0,"- ","- ",38.218330000000002,-120.54295,CALAVERAS,UNINCORPORATED,-120.54292977999999,38.218392309999999
90612336,2017,2017-12-07,9255,2017-12-01,0900,019525,,5,1,9,0500,0,1,3,,1,010,SR-12,"LIME CREEK RD",0.30,E,N,A,-,Y,,,12,,,,,,,Y,3,0,1,1,C,-,18,,,N,H,H,A,A,H,-,A,D,0,,,,,Y,,-,"- ",0,1,0,0,0,0,0,0,0,"- ","- ",38.201079999999997,-120.79591000000001,CALAVERAS,UNINCORPORATED,-120.79589194,38.201055719999999
90612345,2017,2017-12-07,9255,2017-11-30,1815,013939,,4,2,9,0500,0,3,5,,2,003,"WHISKEY SLIDE ROAD","EAST MURRY CREEK",222.00,N,N,A,-,N,,,,,,,,,,Y,4,0,1,1,A,-,08,22107,,N,E,I,A,A,H,-,D,D,0,,,,,Y,,A,01,0,0,1,0,0,0,0,0,0,"- ","- ",38.23113,-120.5474,CALAVERAS,UNINCORPORATED,-120.54804568,38.231431280000002
90612538,2017,2017-12-07,9255,2017-12-01,1405,018453,,5,2,9,0500,0,1,3,,2,031,SR-26,"HAPPY VALLEY RD",95.00,E,N,A,-,Y,,,26,,,,,,,Y,4,0,1,1,A,-,08,22107,,N,E,I,A,A,H,-,A,D,0,,,,,Y,,A,01,0,0,1,0,0,0,0,0,0,"- ","- ",38.299880000000002,-120.68715,CALAVERAS,UNINCORPORATED,-120.68715371,38.299858669999999
90612888,2017,2017-12-08,9255,2017-12-02,1330,018363,,6,1,9,0500,0,1,3,,1,021,"STATE ROUTE 4","STALLION WAY",8342.00,E,N,A,-,Y,,,4,,,,,,,Y,2,0,1,2,A,-,08,22107,,N,E,I,A,A,H,-,A,D,0,,,,,Y,,A,01,1,0,0,0,0,0,0,0,0,"- ","- ",38.068420000000003,-120.60821,CALAVERAS,UNINCORPORATED,-120.60820931000001,38.06842426
90615376,2017,2017-12-12,9255,2017-12-05,1440,020142,,2,2,9,0500,0,1,3,,2,031,SR-26,SR-49,0.00,,Y,A,-,Y,,,26,,,,,,,Y,4,0,1,2,A,-,09,21801,A,N,D,C,A,A,H,-,A,A,0,,,,,Y,,E,22,0,0,1,0,0,0,0,0,0,"- ","- ",38.297609999999999,-120.70439,CALAVERAS,UNINCORPORATED,-120.70445896,38.297868319999999
90616828,2017,2017-12-13,9255,2017-12-05,1230,018894,,2,1,9,0500,0,1,3,,2,050,"STATE ROUTE 4","BLAGEN RD",0.00,,Y,A,-,Y,,,4,,,,,,,N,4,0,1,2,A,-,09,21801,A,N,B,C,A,A,H,-,A,D,0,,,,,Y,,A,07,0,0,1,0,0,0,0,0,0,"- ","- ",38.25629,-120.349,CALAVERAS,UNINCORPORATED,-120.34899627,38.256272770000002
90618106,2017,2017-12-15,9255,2017-12-06,0105,019557,,3,3,9,0500,0,3,5,,2,001,"BERGSMA LN.","MCCAULEY RD",241.00,E,N,A,-,N,,,,,,,,,,Y,4,0,1,1,A,-,08,22107,,N,E,I,A,A,H,-,D,D,0,,,,,Y,,A,01,0,0,1,0,0,0,0,0,0,"- ","- ",38.129640000000002,-120.85413,CALAVERAS,UNINCORPORATED,-120.85336737999999,38.129470550000001
90618119,2017,2017-12-15,9255,2017-12-11,1235,020142,,1,1,9,0500,0,3,5,,2,001,"TREOSTI PL","BERGSMA LN",3168.00,N,N,A,-,N,,,,,,,,,,Y,4,0,2,2,A,-,05,21650,,N,A,C,A,A,H,-,A,D,0,,,,,Y,,A,01,0,0,2,0,0,0,0,0,0,"- ","- ",38.135860000000001,-120.85917999999999,CALAVERAS,UNINCORPORATED,-120.85794727,38.135724549999999
90618395,2017,2017-12-15,9255,2017-12-08,1224,017324,,5,1,9,0500,0,2,4,,1,022,"O'BYRNES FERRY ROAD","REEDS TPKE",52.00,S,N,A,-,N,,,,,,,,,,Y,3,0,1,2,A,-,08,22107,,N,A,C,A,A,H,-,A,D,0,,,,,Y,,A,01,0,1,0,0,0,0,0,0,0,"- ","- ",37.977209999999999,-120.63745,CALAVERAS,UNINCORPORATED,-120.63753,37.977372000000003
90619315,2017,2017-12-18,9255,2017-12-09,0039,018318,,6,3,9,0500,0,1,3,,1,011,SR-26,"MANGILI RD",50.00,E,N,A,-,Y,,,26,,,,,,,Y,3,0,1,1,A,-,08,22107,,N,E,I,A,A,H,-,D,D,0,,,,,Y,,A,07,0,1,0,0,0,0,0,0,0,"- ","- ",38.185490000000001,-120.82565,CALAVERAS,UNINCORPORATED,-120.82564949,38.1854899
90619340,2017,2017-12-18,9255,2017-12-11,1420,020563,,1,2,9,0500,0,1,3,,1,011,SR-26,"CAMPO SECO TPKE",2112.00,W,N,A,-,Y,,,26,,,,,,,Y,4,0,1,1,A,-,01,23152,A,N,F,A,A,A,H,-,A,D,0,,,,,Y,Y,A,07,0,0,1,0,0,0,0,0,0,"- ","- ",38.276800000000001,-120.73206999999999,CALAVERAS,UNINCORPORATED,-120.73199172,38.276787290000001
90619505,2017,2017-12-18,9255,2017-12-11,0747,019640,,1,1,9,0500,0,1,3,,2,040,SR-4,"HOLIDAY MINE",1056.00,W,N,A,-,Y,,,4,,,,,,,Y,3,0,1,2,A,-,03,22350,,N,C,C,A,A,H,-,A,D,0,,,,,Y,,A,01,0,1,0,0,0,0,0,0,0,"- ","- ",38.108159999999998,-120.46210000000001,CALAVERAS,UNINCORPORATED,-120.46212217999999,38.108186879999998
90622332,2017,2017-12-21,9255,2017-12-16,2220,019557,,6,3,9,0500,0,1,3,,2,031,SR-26,"SPORT HILL RD.",315.00,E,N,A,-,Y,,,26,,,,,,,Y,4,0,1,1,A,-,01,23152,A,N,E,I,A,A,H,-,D,D,0,,,,,Y,Y,D,22,0,0,1,0,0,0,0,0,0,"- ","- ",38.300939999999997,-120.68978,CALAVERAS,UNINCORPORATED,-120.68978074,38.300904359999997
90625212,2017,2017-12-22,9255,2017-12-20,0614,017324,,3,1,9,0500,0,1,3,,1,021,"STATE ROUTE 4","POOL STATION ROAD",640.00,E,N,C,-,Y,,,4,,,,,,,Y,3,0,2,2,A,-,03,22350,,N,A,C,A,B,H,-,A,A,0,,,,,Y,,D,22,0,2,0,0,0,0,0,0,0,"- ","- ",38.046759999999999,-120.64648,CALAVERAS,UNINCORPORATED,-120.64646729,38.046746650000003
90626407,2017,2018-01-09,9255,2017-11-23,1800,019557,,4,2,9,0500,0,1,3,,2,040,SR-4,"HOLIDAY MINE RD.",244.00,W,N,B,-,Y,,,4,,,,,,,Y,1,2,1,1,C,-,18,,,N,H,H,A,A,H,-,D,D,0,,,,,Y,,-,"- ",0,1,0,0,0,0,0,0,0,"- ","- ",38.109079999999999,-120.46109,CALAVERAS,UNINCORPORATED,-120.46107118,38.109057129999997
90626827,2017,2017-12-26,9255,2017-12-22,1250,018363,,5,1,9,0500,0,1,3,,2,040,"STATE ROUTE 4","SUNSET RIDGE CT.",255.00,W,N,A,-,Y,,,4,,,,,,,Y,4,0,1,1,A,-,08,22107,,N,E,I,A,A,H,-,A,D,0,,,,,Y,,A,01,0,0,1,0,0,0,0,0,0,"- ","- ",38.168140000000001,-120.41495999999999,CALAVERAS,UNINCORPORATED,-120.41493503,38.168109989999998
90627355,2017,2017-12-27,9255,2017-12-18,2000,018825,,1,2,9,0500,0,2,4,,1,022,"OBYRNES FERRY RD","TUOLUMNE/CALAVERAS COUNTY LINE",1270.00,N,N,A,-,N,,,,,,,,,,Y,3,0,1,1,A,-,01,23152,A,N,E,I,A,A,H,-,D,D,0,,,,,Y,Y,A,07,0,1,0,0,0,0,0,0,0,"- ","- ",37.899500000000003,-120.5707,CALAVERAS,UNINCORPORATED,-120.57072669,37.899406829999997
90628022,2017,2017-12-27,9255,2017-11-27,1827,018453,,1,2,9,0500,0,1,3,,1,011,SR-26,"VISTA DEL LAGO DR",800.00,W,N,B,-,Y,,,26,,,,,,,Y,1,1,2,3,A,-,03,22350,,N,C,C,A,A,H,-,D,D,0,,,,,Y,,D,22,0,1,1,0,0,0,0,0,0,"- ","- ",38.166800000000002,-120.84076,CALAVERAS,UNINCORPORATED,-120.84073676,38.166781370000002
90628407,2017,2017-12-28,9255,2017-12-08,2220,013939,,5,3,9,0500,0,3,5,,2,002,"CHEYENNE ROAD","BEAR CLAW WAY",814.00,S,N,A,-,N,,,,,,,,,,Y,2,0,1,1,A,-,08,22107,,F,E,I,A,A,H,-,D,D,0,,,,,Y,,D,22,1,0,0,0,0,0,0,0,0,"- ","- ",37.944540000000003,-120.62957,CALAVERAS,UNINCORPORATED,-120.62908381,37.944167950000001
90628799,2017,2018-01-09,9255,2017-12-16,2100,018894,,6,2,9,0500,0,3,5,,2,005,"BOARDS CROSSING RD","SNOWSHOE THOMPSON TRL",0.00,,Y,A,-,N,,,,,,,,,,Y,1,1,0,1,A,-,01,23152,A,N,E,I,A,A,H,-,D,D,0,,,,,Y,Y,D,22,0,0,0,0,0,0,0,0,0,"- ","- ",38.30003,-120.27464999999999,CALAVERAS,UNINCORPORATED,-120.27461991,38.300049889999997
90630809,2017,2018-01-02,9255,2017-12-28,0850,017324,,4,1,9,0500,0,1,3,,1,021,"STATE ROUTE 4","STALLION WAY",362.00,W,N,A,-,Y,,,4,,,,,,,Y,4,0,1,1,A,-,03,22350,,N,E,I,A,A,H,-,A,D,0,,,,,Y,,A,01,0,0,1,0,0,0,0,0,0,"- ","- ",38.053539999999998,-120.62161,CALAVERAS,UNINCORPORATED,-120.6216697,38.05357935
90631574,2017,2018-01-02,9255,2017-12-25,1330,020563,,1,1,9,0500,0,1,3,,2,031,SR-26,"HIGDON RD",60.00,W,N,A,-,Y,,,26,,,,,,,Y,3,0,1,1,A,-,01,23152,A,N,E,I,A,A,H,-,A,D,0,,,,,Y,Y,D,22,0,1,0,0,0,0,0,0,0,"- ","- ",38.409849999999999,-120.55539,CALAVERAS,UNINCORPORATED,-120.55536666,38.409910480000001
90633066,2017,2018-01-04,9255,2017-12-29,1459,017324,,5,2,9,0500,0,2,4,,1,022,"O'BYRNES FERRY ROAD","STATE ROUTE 4",54.00,S,N,A,-,N,,,,,,,,,,Y,4,0,2,2,A,-,03,22350,,N,A,C,A,A,H,-,A,D,0,,,,,Y,,A,01,0,0,2,0,0,0,0,0,0,"- ","- ",37.983429999999998,-120.64503999999999,CALAVERAS,UNINCORPORATED,-120.645432,37.983393
90633225,2017,2018-01-04,9255,2017-12-29,1619,017324,,5,2,9,0500,0,1,3,,1,021,"STATE ROUTE 4","POOL STATION ROAD",696.00,E,N,A,-,Y,,,4,,,,,,,Y,2,0,1,1,A,-,03,22350,,N,E,I,A,A,H,-,A,A,0,,,Y,,Y,,C,02,1,0,0,0,0,0,0,0,1,"- ","- ",38.046759999999999,-120.64648,CALAVERAS,UNINCORPORATED,-120.64646729,38.046746650000003
90636128,2017,2018-01-09,9255,2017-12-29,1545,16918,,5,2,9,0500,0,2,4,,1,022,"O'BYRNES FERRY RD.","SPANGLER LN",0.00,,Y,A,-,N,,,,,,,,,,N,4,0,1,2,A,-,09,21802,A,N,D,C,A,A,H,-,A,D,0,,,,,Y,,A,07,0,0,1,0,0,0,0,0,0,"- ","- ",37.93676,-120.60469000000001,CALAVERAS,UNINCORPORATED,-120.60469990999999,37.936769980000001
90636584,2018,2018-01-09,9255,2018-01-01,1320,018894,,1,1,9,0500,0,1,3,,2,050,"STATE ROUTE 4","AVERY SHEEP RANCH RD",120.00,W,N,A,-,Y,,,4,,,,,,,N,3,0,1,2,A,-,09,21801,A,N,F,A,A,A,H,-,A,D,0,,,Y,,Y,,D,22,0,1,0,0,0,0,0,0,1,"- ","- ",38.204448699951172,-120.36962127685547,CALAVERAS,UNINCORPORATED,-120.36962127685547,38.204452514648438
90636968,2018,2018-01-10,9255,2018-01-08,1531,020142,,1,2,9,0500,0,1,3,,2,030,SR-49,"RUSSELLS RD",40.00,S,N,C,-,Y,,,49,,,,,,,N,4,0,1,2,A,-,03,22350,,N,C,C,A,B,H,-,A,D,0,,,,,Y,,A,01,0,0,1,0,0,0,0,0,0,"- ","- ",38.198238372802734,-120.68669891357422,CALAVERAS,UNINCORPORATED,-120.68673706054688,38.19818115234375
90640210,2018,2018-01-16,9255,2018-01-08,1830,020142,,1,2,9,0500,0,1,3,,1,010,SR-12,"CHESTNUT ST",470.00,E,N,C,-,Y,,,12,,,,,,,Y,4,0,2,2,A,-,09,21801,A,N,A,C,A,B,H,-,D,D,0,,,,,Y,,A,07,0,0,2,0,0,0,0,0,0,"- ","- ",38.192550659179688,-120.82573699951172,CALAVERAS,UNINCORPORATED,-120.82575225830078,38.192607879638672
90642193,2018,2018-01-17,9255,2018-01-12,1815,016918,,5,2,9,0500,0,2,4,,2,034,"MOUNTAIN RANCH RD","MICHEL RD (UPPER)",1584.00,W,N,E,-,N,,,,,,,,,,Y,2,0,2,1,A,-,05,21650,,N,E,I,A,A,H,-,D,D,0,,,Y,,Y,,C,02,2,0,0,0,0,0,0,0,2,"- ","- ",38.219451904296875,-120.55040740966797,CALAVERAS,UNINCORPORATED,-120.58999633789062,38.191226959228516
90642763,2018,2018-01-18,9255,2018-01-10,1450,018363,,3,2,9,0500,0,1,3,,2,031,"STATE ROUTE 26","RICH GULCH RD",440.00,E,N,B,-,Y,,,26,,,,,,,Y,4,0,1,1,A,-,08,22107,,N,E,I,A,B,H,-,A,D,0,,,,,Y,,A,07,0,0,1,0,0,0,0,0,0,"- ","- ",38.330841064453125,-120.62596130371094,CALAVERAS,UNINCORPORATED,-120.62596130371094,38.330860137939453
90643333,2018,2018-01-19,9255,2018-01-11,0825,018363,,4,1,9,0500,0,1,3,,1,010,"STATE ROUTE 12","BOLLEA RD.",415.00,E,N,A,-,Y,,,,,,,,,,Y,3,0,1,1,A,-,01,23152,A,N,E,I,A,A,H,-,A,D,0,,,,,Y,Y,D,22,0,1,0,0,0,0,0,0,0,"- ","- ",38.194671630859375,-120.98766326904297,CALAVERAS,UNINCORPORATED,-120.97880554199219,38.19482421875
90643367,2018,2018-01-19,9255,2018-01-12,2325,020563,,5,3,9,0500,0,3,5,,2,004,"FRENCH GULCH RD","MURPHYS GRADE RD",2640.00,W,N,E,-,N,,,,,,,,,,N,4,0,2,1,A,-,08,22107,,N,E,I,A,B,H,-,D,D,0,,,,,Y,,D,22,0,0,2,0,0,0,0,0,0,"- ","- ",38.140338897705078,-120.47799682617188,CALAVERAS,UNINCORPORATED,-120.52102661132812,38.112110137939453
90644273,2018,2018-01-22,9255,2018-01-18,2050,018459,,4,2,9,0500,0,1,3,,1,020,SR-49,"RED HILL RD",4148.00,S,N,C,-,Y,,,49,,,,,,,Y,4,0,1,1,A,-,03,22350,,N,F,A,A,B,H,-,D,D,0,,,,,Y,,A,01,0,0,1,0,0,0,0,0,0,"- ","- ",38.027538299560547,-120.50688934326172,CALAVERAS,UNINCORPORATED,-120.50696563720703,38.027671813964844
90644298,2018,2018-01-22,9255,2018-01-13,2235,019557,,6,3,9,0500,0,1,3,,1,021,SR-4,"O'BYRNES FERRY RD.",0.00,,Y,E,-,Y,,,4,,,,,,,Y,3,0,1,1,A,-,08,22107,,N,F,A,A,A,H,-,C,D,0,,,,,Y,,D,22,0,1,0,0,0,0,0,0,0,"- ","- ",37.9833984375,-120.64540100097656,CALAVERAS,UNINCORPORATED,-120.64543914794922,37.983394622802734
90644519,2018,2018-01-22,9255,2018-01-17,1440,018363,,3,2,9,0500,0,2,4,,2,034,"MOUNTAIN RANCH ROAD","ROCKY ROAD",3155.00,E,N,A,-,N,,,,,,,,,,Y,2,0,1,1,A,-,01,23152,A,N,E,I,A,A,H,-,A,D,0,,,,,Y,Y,D,22,1,0,0,0,0,0,0,0,0,"- ","- ",38.191078186035156,-120.60243988037109,CALAVERAS,UNINCORPORATED,-120.60223388671875,38.191291809082031
90644838,2018,2018-01-22,9255,2018-01-15,1401,019640,,1,2,9,0500,0,3,5,,2,001,"HARTVICKSON LN","DUNN RD",528.00,S,N,A,-,N,,,,,,,,,,Y,4,0,1,2,A,-,09,21801,A,N,D,C,A,A,H,-,A,D,0,,,Y,,Y,Y,A,01,0,0,1,0,0,0,0,0,1,"- ","- ",38.153480529785156,-120.84072875976562,CALAVERAS,UNINCORPORATED,-120.84097290039062,38.152843475341797
90644898,2018,2018-01-22,9255,2018-01-22,0829,019640,,1,1,9,0500,0,1,3,,1,011,SR-26,"GARNER PL",1056.00,E,N,B,C,Y,,,26,,,,,,,N,3,0,1,2,A,-,03,22350,,N,C,C,A,B,H,-,A,D,0,,,,,Y,,A,01,0,1,0,0,0,0,0,0,0,"- ","- ",38.132461547851562,-120.87149047851562,CALAVERAS,UNINCORPORATED,-120.87148284912109,38.132423400878906
90645607,2018,2018-01-23,9255,2018-01-08,1625,018894,,1,2,9,0500,0,1,3,,1,020,"STATE ROUTE 49","GUN CLUB RD",0.00,,Y,C,-,Y,,,49,,,,,,,Y,4,0,2,2,A,-,09,21801,A,N,D,C,A,B,H,-,B,A,0,,,,,Y,,D,22,0,0,2,0,0,0,0,0,0,"- ","- ",38.051288604736328,-120.53160858154297,CALAVERAS,UNINCORPORATED,-120.53160858154297,38.051292419433594
90645612,2018,2018-01-23,9255,2018-01-17,2125,020142,,3,2,9,0500,0,3,5,,2,003,"MAIN ST","PINE ST",20.00,W,N,A,-,N,,,,,,,,,,N,3,0,1,1,A,-,08,22107,,M,E,I,A,A,H,-,C,A,0,,,,,Y,,D,22,0,1,0,0,0,0,0,0,0,"- ","- ",38.400459289550781,-120.52931213378906,CALAVERAS,UNINCORPORATED,-120.52935791015625,38.400531768798828
90647418,2018,2018-01-25,9255,2018-01-19,0940,018363,,5,1,9,0500,0,1,3,,1,011,"STATE ROUTE 26","COUNTRY VIEW DR",505.00,E,N,A,-,Y,,,26,,,,,,,Y,4,0,1,2,A,-,03,22350,,N,B,C,A,B,H,-,A,D,0,,,,Y,Y,,G,25,0,0,1,0,0,0,0,0,0,"- ","- ",38.176200866699219,-120.83120727539062,CALAVERAS,UNINCORPORATED,-120.83126831054688,38.176227569580078
90649159,2018,2018-01-26,9255,2018-01-20,1745,018459,,6,2,9,0500,0,1,3,,1,021,SR-4,"STALLION WAY",3696.00,E,N,A,-,Y,,,4,,,,,,,Y,2,0,1,2,A,-,01,23152,A,N,B,C,A,A,H,-,B,D,0,,,Y,,Y,Y,C,02,1,0,0,0,0,0,0,0,1,"- ","- ",38.06011962890625,-120.61942291259766,CALAVERAS,UNINCORPORATED,-120.61971282958984,38.060176849365234
90651136,2018,2018-01-30,9255,2018-01-21,0445,019640,,7,3,9,0500,0,3,5,,2,003,"WINTON RD","BUMMERVILLE RD",39.00,E,N,A,-,N,,,,,,,,,,Y,2,0,1,1,A,-,08,22107,,N,E,I,A,A,H,-,D,D,0,,,,,Y,,A,07,1,0,0,0,0,0,0,0,0,"- ","- ",38.408821105957031,-120.50556182861328,CALAVERAS,UNINCORPORATED,-120.50585174560547,38.408634185791016
90651158,2018,2018-01-30,9255,2018-01-29,0735,019640,,1,1,9,0500,0,1,3,,2,030,SR-49,"POOL STATION RD",1056.00,N,N,A,-,Y,,,49,,,,,,,Y,4,0,1,1,A,-,08,22107,,N,E,I,A,A,H,-,A,D,0,,,,,Y,,A,01,0,0,1,0,0,0,0,0,0,"- ","- ",38.202991485595703,-120.69554138183594,CALAVERAS,UNINCORPORATED,-120.69557189941406,38.202953338623047
90651692,2018,2018-01-30,9255,2018-01-29,1150,015156,,1,1,9,0500,0,1,3,,2,030,"STATE ROUTE 49","CEMENT PLANT ROAD",1056.00,N,N,B,-,Y,,,49,,,,,,,Y,3,0,1,1,A,-,08,22107,,N,E,I,A,A,H,-,A,D,0,,,,,Y,,A,01,0,1,0,0,0,0,0,0,0,"- ","- ",38.163230895996094,-120.65000915527344,CALAVERAS,UNINCORPORATED,-120.6500244140625,38.163219451904297
90651700,2018,2018-01-30,9255,2018-01-23,0540,019525,,2,3,9,0500,0,1,3,,1,010,SR-12,"MEGAN LANE",1584.00,W,N,A,-,Y,,,12,,,,,,,Y,4,0,1,2,A,-,01,23152,F,N,C,C,A,A,H,-,D,D,0,,,,,Y,,A,01,0,0,1,0,0,0,0,0,0,"- ","- ",38.178188323974609,-120.93038177490234,CALAVERAS,UNINCORPORATED,-120.93038177490234,38.178173065185547
90653036,2018,2018-02-01,9255,2018-01-06,0010,018873,,6,3,9,0500,0,3,5,,2,003,SR-26,"BUCKEYE LN",337.00,E,N,B,C,Y,,,26,,,,,,,N,2,0,1,1,A,-,05,21650,,N,E,I,A,B,H,-,D,D,0,,,,,Y,,A,01,1,0,0,0,0,0,0,0,0,"- ","- ",38.302131652832031,-120.67896270751953,CALAVERAS,UNINCORPORATED,-120.67896270751953,38.302131652832031
90656173,2018,2018-02-06,9255,2018-02-05,1630,018459,,1,2,9,0500,0,3,5,,2,003,"SCHAAD RD","BLUE MOUNTAIN RD",6864.00,N,N,A,-,N,,,,,,,,,,Y,2,0,1,1,A,-,03,22350,,N,E,I,A,A,H,-,B,D,0,,,,,Y,,D,22,1,0,0,0,0,0,0,0,0,"- ","- ",38.387920379638672,-120.45243835449219,CALAVERAS,UNINCORPORATED,-120.45083618164062,38.388248443603516
90658308,2018,2018-02-09,9255,2018-02-03,1655,020142,,6,2,9,0500,0,1,3,,2,031,SR-26,"MONTGOMERY DR",3696.00,E,N,A,-,Y,,,26,,,,,,,Y,3,0,1,1,A,-,08,22107,,N,E,I,A,A,H,-,A,D,0,,,,,Y,,A,01,0,1,0,0,0,0,0,0,0,"- ","- ",38.31121826171875,-120.66227722167969,CALAVERAS,UNINCORPORATED,-120.66230010986328,38.311275482177734
90660151,2018,2018-02-13,9255,2018-02-05,1035,019640,,1,1,9,0500,0,3,5,,2,003,"MAIN STREET","SMITH LN",225.00,W,N,A,-,N,,,,,,,,,,Y,4,0,1,2,A,-,05,21460,A,N,B,C,A,A,H,-,A,D,0,,,,,Y,,A,01,0,0,1,0,0,0,0,0,0,"- ","- ",38.399120330810547,-120.53050994873047,CALAVERAS,UNINCORPORATED,-120.53025817871094,38.399436950683594
90660169,2018,2018-02-13,9255,2018-02-10,1250,019640,,6,1,9,0500,0,3,5,,2,001,"CAMANCHE ROAD","BRANDY LN",2112.00,W,N,A,-,N,,,,,,,,,,Y,4,0,1,1,A,-,08,22107,,N,F,A,A,A,H,-,A,D,0,,,Y,,Y,,C,02,0,0,1,0,0,0,0,0,1,"- ","- ",38.212661743164062,-120.91120910644531,CALAVERAS,UNINCORPORATED,-120.91526794433594,38.211433410644531
90660276,2018,2018-02-13,9255,2018-02-06,1550,018459,,2,2,9,0500,0,1,3,,1,011,SR-26,"OLIVE BRANCH DR",528.00,W,N,A,-,Y,,,26,,,,,,,Y,3,0,1,1,A,-,08,22107,,N,E,I,A,A,H,-,A,D,0,,,,,Y,,A,07,0,1,0,0,0,0,0,0,0,"- ","- ",38.115558624267578,-120.89505004882812,CALAVERAS,UNINCORPORATED,-120.89505004882812,38.115570068359375
90660391,2018,2018-02-13,9255,2018-02-07,1820,020142,,3,2,9,0500,0,2,4,,2,042,"PARROTS FERRY RD","AIROLA RD",3696.00,N,N,A,-,N,,,,,,,,,,Y,4,0,1,1,A,-,08,22107,,N,F,A,A,A,H,-,D,D,0,,,,,Y,,A,01,0,0,1,0,0,0,0,0,0,"- ","- ",38.057369232177734,-120.47299194335938,CALAVERAS,UNINCORPORATED,-120.46922302246094,38.060005187988281
90660637,2018,2018-02-13,9255,2018-02-06,1325,018459,,2,1,9,0500,0,3,5,,2,001,"EVERGREEN RD","SOUTHWORTH RD",2077.00,S,N,A,-,N,,,,,,,,,,Y,3,0,2,2,A,-,09,21801,A,N,A,C,A,A,H,-,A,D,0,,,,,Y,,D,22,0,2,0,0,0,0,0,0,0,"- ","- ",38.142948150634766,-120.91329956054688,CALAVERAS,UNINCORPORATED,-120.91329956054688,38.142925262451172
90660642,2018,2018-02-13,9255,2018-02-10,1500,018459,,6,2,9,0500,0,1,3,,2,031,SR-26,"CENTENNIAL MINE RD",528.00,W,N,A,-,Y,,,26,,,,,,,N,2,0,1,2,A,-,09,21804,A,F,F,A,A,A,H,-,A,D,0,,,Y,,Y,,D,22,1,0,0,0,0,0,0,0,1,"- ","- ",38.413959503173828,-120.54695129394531,CALAVERAS,UNINCORPORATED,-120.54695892333984,38.413982391357422
90661750,2018,2018-02-14,9255,2018-02-04,0300,018318,,7,3,9,0500,0,1,3,,1,011,SR-26,"HEINEMANN DR",410.00,W,N,A,-,Y,,,26,,,,,,,Y,3,0,1,1,A,-,08,22107,,N,F,A,A,A,H,-,D,D,0,,,,,Y,Y,A,01,0,1,0,0,0,0,0,0,0,"- ","- ",38.154571533203125,-120.85301208496094,CALAVERAS,UNINCORPORATED,-120.85299682617188,38.154552459716797
90669381,2018,2018-02-26,9255,2018-02-18,1720,020563,,7,2,9,0500,0,3,5,,2,001,"VISTA DEL LAGO DR","LA CONTENTA DR",185.00,W,N,A,-,N,,,,,,,,,,N,3,0,1,2,A,-,11,21954,A,N,G,B,E,A,H,-,A,D,0,Y,,,,Y,,N,60,0,1,0,0,1,0,0,0,0,"- ","- ",38.165870666503906,-120.83342742919922,CALAVERAS,UNINCORPORATED,-120.83334350585938,38.165889739990234
90669461,2018,2018-02-26,9255,2018-02-20,1640,018459,,2,2,9,0500,0,1,3,,2,031,SR-26,"FLAT GULCH LN",1056.00,E,N,B,-,Y,,,26,,,,,,,Y,3,0,1,1,A,-,08,22107,,N,E,I,A,A,H,-,A,D,0,,,,,Y,,A,07,0,1,0,0,0,0,0,0,0,"- ","- ",38.336391448974609,-120.61737823486328,CALAVERAS,UNINCORPORATED,-120.617431640625,38.336441040039062
90671202,2018,2018-02-27,9255,2018-02-22,2058,018453,,4,2,9,0500,0,1,3,,2,031,SR-26,"MONTGOMERY DR",2640.00,E,N,B,-,Y,,,26,,,,,,,Y,3,0,1,1,A,-,01,23152,F,N,E,I,A,B,H,-,D,D,0,,,,,Y,,A,07,0,1,0,0,0,0,0,0,0,"- ","- ",38.311408996582031,-120.66195678710938,CALAVERAS,UNINCORPORATED,-120.66196441650391,38.311412811279297
90671598,2018,2018-02-28,9255,2018-02-20,2245,020414,,2,3,9,0500,0,1,3,,2,030,SR-49,"LOMBARDI DR",2904.00,N,N,A,-,Y,,,49,,,,,,,Y,3,0,1,1,C,-,18,,,N,H,A,A,A,H,-,D,D,0,,,Y,,Y,,-,"- ",0,1,0,0,0,0,0,0,1,"- ","- ",38.260009765625,-120.7139892578125,CALAVERAS,UNINCORPORATED,-120.71403503417969,38.260021209716797
90671605,2018,2018-02-28,9255,2018-02-20,1730,020414,,2,2,9,0500,0,1,3,,2,030,SR-49,"MAIN ST",35.00,N,N,A,-,Y,,,49,,,,,,,Y,3,0,1,3,A,-,03,22350,,N,C,C,A,A,H,-,A,D,0,,,,,Y,,D,22,0,1,0,0,0,0,0,0,0,"- ","- ",38.299381256103516,-120.70699310302734,CALAVERAS,UNINCORPORATED,-120.70699310302734,38.299373626708984
90671614,2018,2018-02-28,9255,2018-02-26,0820,020414,,1,1,9,0500,0,3,5,,2,004,"FRENCH GULCH RD","DARBY LN",7920.00,W,N,B,C,N,,,,,,,,,,Y,4,0,1,1,A,-,08,22107,,N,E,I,A,B,H,-,A,D,0,,,,,Y,,A,01,0,0,1,0,0,0,0,0,0,"- ","- ",38.113628387451172,-120.51661682128906,CALAVERAS,UNINCORPORATED,-120.51494598388672,38.114253997802734
90672780,2018,2018-03-01,9255,2018-02-17,1250,018873,,6,1,9,0500,0,1,3,,2,030,SR-49,SR-12,55.00,S,N,A,-,Y,,,49,,,,,,,N,2,0,1,2,A,-,03,22350,,N,F,A,A,A,H,-,A,D,0,,,Y,,Y,,C,02,1,0,0,0,0,0,0,0,1,"- ","- ",38.204879760742188,-120.69743347167969,CALAVERAS,UNINCORPORATED,-120.69737243652344,38.204860687255859
90672972,2018,2018-03-01,9255,2018-02-23,1220,018492,,5,1,9,0500,0,3,5,,2,005,"PINE DR","COUNTRY CLUB DR",0.00,,Y,A,-,N,,,,,,,,,,Y,4,0,1,2,A,-,17,21461,A,N,D,C,A,C,H,-,A,A,0,,,,,Y,,D,22,0,0,1,0,0,0,0,0,0,"- ","- ",38.242580413818359,-120.36171722412109,CALAVERAS,UNINCORPORATED,-120.36219787597656,38.242511749267578
90673865,2018,2018-03-02,9255,2018-03-01,1525,018363,,4,2,9,0500,0,1,3,,2,030,"STATE ROUTE 49","BIG BAR LAUNCH (EXIT)",410.00,S,N,B,-,Y,,,49,,,,,,,Y,4,0,1,1,A,-,08,22107,,N,E,I,A,B,H,-,A,D,0,,,,,Y,,D,22,0,0,1,0,0,0,0,0,0,"- ","- ",38.309291839599609,-120.72338104248047,CALAVERAS,UNINCORPORATED,-120.72339630126953,38.309238433837891
90676809,2018,2018-03-07,9255,2018-02-24,0830,019525,,6,1,9,0500,0,3,5,,2,002,"HUNT RD","MILTON RD",3168.00,E,N,B,-,N,,,,,,,,,,Y,3,0,1,1,A,-,01,23152,F,N,E,I,A,A,H,-,A,D,0,,,,,Y,,A,01,0,1,0,0,0,0,0,0,0,"- ","- ",38.03900146484375,-120.84324645996094,CALAVERAS,UNINCORPORATED,-120.85192108154297,38.035240173339844
90677324,2018,2018-03-07,9255,2018-03-02,2245,013939,,5,3,9,0500,0,1,3,,1,021,SR-4,"SHIRLEY RD",3942.00,E,N,B,C,Y,,,4,,,,,,,Y,4,0,1,1,C,-,18,,,N,E,J,A,B,H,-,D,D,0,,,,,Y,,-,"- ",0,0,1,0,0,0,0,0,0,"- ","- ",37.942958831787109,-120.70467376708984,CALAVERAS,UNINCORPORATED,-120.70468902587891,37.943016052246094
90679647,2018,2018-03-12,9255,2018-02-03,2200,020142,,6,3,9,0500,0,1,3,,2,030,SR-49,"CENTER ST",0.00,,Y,A,-,Y,,,49,,,,,,,Y,1,2,1,2,A,-,09,21802,A,N,D,C,A,A,H,-,C,A,0,,,,Y,Y,,A,08,0,0,1,0,0,0,0,0,0,"- ","- ",38.297481536865234,-120.72015380859375,CALAVERAS,UNINCORPORATED,-120.72015380859375,38.297378540039062
90681434,2017,2018-03-13,9255,2017-09-05,0453,019640,,2,3,9,0500,0,1,3,,2,040,SR-4,"RED HILL RD",1225.00,W,N,A,-,Y,,,4,,,,,,,Y,1,1,0,3,A,-,01,23152,F,F,D,C,A,A,D,-,D,D,0,,,,Y,Y,,M,96,0,0,0,0,0,0,0,0,0,"- ","- ",38.093589999999999,-120.49048999999999,CALAVERAS,UNINCORPORATED,-120.4904914,38.093516729999997
90683473,2018,2018-03-19,9255,2018-02-23,1510,018873,,5,2,9,0500,0,1,3,,2,031,SR-26,"PONDEROSA WAY",57.00,E,N,A,-,Y,,,26,,,,,,,Y,1,2,0,2,A,-,01,23152,F,N,A,C,A,A,H,-,A,D,0,,,,,Y,,A,01,0,0,0,0,0,0,0,0,0,"- ","- ",38.330089569091797,-120.63127899169922,CALAVERAS,UNINCORPORATED,-120.63125610351562,38.330013275146484
90683757,2018,2018-03-16,9255,2018-03-16,1005,018363,,5,1,9,0500,0,3,5,,2,003,"JESUS MARIA RD","KERSTAN LN",375.00,N,N,C,-,N,,,,,,,,,,Y,4,0,1,1,A,-,08,22107,,N,E,I,A,B,H,-,A,D,0,,,,,Y,,A,01,0,0,1,0,0,0,0,0,0,"- ","- ",38.282428741455078,-120.52449035644531,CALAVERAS,UNINCORPORATED,-120.52219390869141,38.283367156982422
90685774,2018,2018-03-20,9255,2018-03-12,1350,017340,,1,1,9,0500,0,3,5,,2,001,"RIPPON ROAD","CANE LANE",0.00,,Y,B,-,N,,,,,,,,,,Y,2,0,1,2,A,-,09,21802,A,N,D,C,A,A,H,-,A,A,0,,,Y,,Y,,D,22,1,0,0,0,0,0,0,0,1,"- ","- ",38.138431549072266,-120.84789276123047,CALAVERAS,UNINCORPORATED,-120.84792327880859,38.139400482177734
90686985,2018,2018-03-21,9255,2018-03-17,1435,017324,,6,2,9,0500,0,1,3,,1,021,"STATE ROUTE 4","POOL STATION RAOD",1584.00,W,N,A,-,Y,,,4,,,,,,,Y,2,0,1,1,A,-,03,22350,,N,E,I,A,A,H,-,A,D,0,,,,,Y,,A,01,1,0,0,0,0,0,0,0,0,"- ","- ",38.039508819580078,-120.64756774902344,CALAVERAS,UNINCORPORATED,-120.64762115478516,38.03948974609375
90688543,2018,2018-03-23,9255,2018-03-22,0630,018825,,4,1,9,0500,0,3,5,,2,001,"CAMANCHE PKY S","QUARTZ DR",1575.00,E,N,B,C,N,,,,,,,,,,Y,4,0,1,1,A,-,08,22107,,N,E,I,A,B,H,-,B,D,0,,,,,Y,,A,01,0,0,1,0,0,0,0,0,0,"- ","- ",38.194599151611328,-120.92469787597656,CALAVERAS,UNINCORPORATED,-120.92514038085938,38.194644927978516
90692498,2018,2018-03-29,9255,2018-03-21,0200,019557,,3,3,9,0500,0,3,5,,2,001,"S BURSON RD.","CIRCLE HILL DR.",90.00,N,N,C,-,Y,,,,,,,,,,Y,3,0,1,1,A,-,08,22107,,N,E,I,A,B,H,-,D,D,0,,,,,Y,,A,01,0,1,0,0,0,0,0,0,0,"- ","- ",38.162849426269531,-120.89569854736328,CALAVERAS,UNINCORPORATED,-120.89564514160156,38.162765502929688
90698426,2018,2018-04-04,9255,2018-03-24,2135,019557,,6,2,9,0500,0,1,3,,1,021,SR-4,"HORSESHOE LN.",1056.00,W,N,A,-,Y,,,4,,,,,,,Y,3,0,2,1,C,-,18,,,N,H,H,A,B,H,-,D,D,0,,,,,Y,,-,"- ",0,2,0,0,0,0,0,0,0,"- ","- ",37.953590393066406,-120.69419097900391,CALAVERAS,UNINCORPORATED,-120.69422149658203,37.953620910644531
90699536,2018,2018-04-05,9255,2018-03-29,1220,017324,,4,1,9,0500,0,2,4,,1,022,"O'BRYNES FERRY ROAD","COPPER COVE DR",0.00,,Y,A,-,N,,,,,,,,,,Y,2,0,2,3,A,-,03,22350,,N,C,C,A,A,H,-,A,A,0,,,,,Y,,M,47,1,1,0,0,0,0,0,0,0,"- ","- ",37.940040588378906,-120.60549926757812,CALAVERAS,UNINCORPORATED,-120.60544,37.94003
90700295,2018,2018-04-06,9255,2018-04-01,1830,020563,,7,2,9,0500,0,3,5,,2,001,"MEADOWWOOD DR","STAGECOACH DR",50.00,N,N,A,-,N,,,,,,,,,,N,4,0,1,1,A,-,21,22106,,N,F,A,A,A,H,-,A,D,0,,,Y,,Y,,C,03,0,0,1,0,0,0,0,0,1,"- ","- ",38.160888671875,-120.83026123046875,CALAVERAS,UNINCORPORATED,-120.83029174804688,38.160835266113281
90704308,2018,2018-04-12,9255,2018-04-03,1320,019525,,2,1,9,0500,0,3,5,,2,001,"OLIVE ORCHARD RD",SR-26,1056.00,N,N,A,-,N,,,,,,,,,,Y,4,0,1,1,A,-,08,22107,,N,E,I,A,A,H,-,A,D,0,,,,,Y,,A,01,0,0,1,0,0,0,0,0,0,"- ","- ",38.132148742675781,-120.87712860107422,CALAVERAS,UNINCORPORATED,-120.87683868408203,38.131900787353516
90705222,2018,2018-04-13,9255,2018-04-11,1444,017324,,3,2,9,0500,0,1,3,,1,021,"STATE ROUTE 4","MAIN STREET",0.00,,Y,A,-,Y,,,4,,,,,,,Y,3,0,1,2,A,-,09,21802,A,N,D,C,A,A,H,-,A,A,0,,,,,Y,,A,01,0,1,0,0,0,0,0,0,0,"- ","- ",37.9840087890625,-120.64562225341797,CALAVERAS,UNINCORPORATED,-120.64559173583984,37.984020233154297
90709048,2018,2018-04-19,9255,2018-04-12,1840,020414,,4,2,9,0500,0,3,5,,2,001,"HARTVICKSON LN","MULFORD CT",191.00,E,N,A,-,N,,,,,,,,,,Y,2,0,2,2,A,-,09,21804,A,N,H,C,A,A,H,-,A,D,0,,,,,Y,,D,22,1,0,1,0,0,0,0,0,0,"- ","- ",38.135150909423828,-120.84544372558594,CALAVERAS,UNINCORPORATED,-120.84555053710938,38.135162353515625
90712739,2018,2018-04-25,9255,2018-04-16,1700,019557,,1,2,9,0500,0,3,5,,2,002,"COPPER COVE DR.","QUIVER ST.",528.00,E,N,B,-,N,,,,,,,,,,Y,4,0,1,1,A,-,03,22350,,N,E,I,A,B,H,-,D,D,0,,,,,Y,,A,01,0,0,1,0,0,0,0,0,0,"- ","- ",37.938098907470703,-120.03530883789062,CALAVERAS,UNINCORPORATED,-120.63628387451172,37.936229705810547
90713602,2018,2018-04-26,9255,2018-04-18,2230,020414,,3,3,9,0500,0,1,3,,1,020,SR-49,"BIG BONANZA LANE",414.00,S,N,A,-,Y,,,49,,,,,,,Y,3,0,1,1,A,-,08,22107,,N,E,I,A,A,H,-,D,D,0,,,,,Y,,A,07,0,1,0,0,0,0,0,0,0,"- ","- ",38.054668426513672,-120.53485107421875,CALAVERAS,UNINCORPORATED,-120.53482818603516,38.0546875
90714018,2018,2018-04-26,9255,2018-04-24,1620,020142,,2,2,9,0500,0,1,3,,1,021,SR-4,"APPALOOSA RD",1584.00,W,N,A,-,Y,,,4,,,,,,,Y,3,0,2,1,A,-,08,22107,,N,E,I,A,A,H,-,A,D,0,,,,,Y,,D,22,0,1,1,0,0,0,0,0,0,"- ","- ",38.047130584716797,-120.63838195800781,CALAVERAS,UNINCORPORATED,-120.63838195800781,38.047107696533203
90715270,2018,2018-04-27,9255,2018-04-20,0250,018363,,5,3,9,0500,0,1,3,,1,020,"STATE ROUTE 49","REDHILL RD.",6336.00,S,N,A,-,Y,,,49,,,,,,,Y,4,0,2,1,A,-,08,22107,,N,E,I,A,A,H,-,D,D,0,,,,,Y,,D,22,0,0,2,0,0,0,0,0,0,"- ","- ",38.027641296386719,-120.50913238525391,CALAVERAS,UNINCORPORATED,-120.50913238525391,38.027629852294922
90717124,2018,2018-05-01,9255,2018-04-20,1030,018825,,5,1,9,0500,0,1,3,,2,031,SR-26,"DIRT RD",6336.00,E,N,A,-,Y,,,26,,,,,,,Y,2,0,1,1,A,-,08,22107,,N,E,I,A,A,H,-,A,D,0,,,,,Y,,D,22,1,0,0,0,0,0,0,0,0,"- ","- ",38.320999145507812,-120.64309692382812,CALAVERAS,UNINCORPORATED,-120.64309692382812,38.320976257324219
90717129,2018,2018-05-01,9255,2018-04-25,0640,018825,,3,1,9,0500,0,1,3,,1,011,SR-26,"HEINEMANN DR",370.00,W,N,A,-,Y,,,26,,,,,,,Y,3,0,1,1,A,-,03,22350,,N,F,A,A,A,H,-,A,D,0,,,,,Y,Y,A,08,0,1,0,0,0,0,0,0,0,"- ","- ",38.154499053955078,-120.85320281982422,CALAVERAS,UNINCORPORATED,-120.8531494140625,38.154430389404297
90717606,2018,2018-05-01,9255,2018-04-29,1205,015156,,7,1,9,0500,0,1,3,,2,030,"STATE ROUTE 49","ADAMS AVENUE",0.00,,Y,B,-,Y,,,49,,,,,,,Y,2,0,2,2,A,-,09,21802,A,N,D,C,A,A,H,-,A,A,0,,,Y,,Y,,A,01,2,0,0,0,0,0,0,0,2,"- ","- ",38.196601867675781,-120.68221282958984,CALAVERAS,UNINCORPORATED,-120.68219757080078,38.196651458740234
90718007,2018,2018-05-02,9255,2018-04-24,1215,019525,,2,1,9,0500,0,3,5,,2,001,"JENNY LIND RD",SR-26,95.00,S,N,A,-,N,,,,,,,,,,Y,4,0,1,1,A,-,01,23152,A,N,E,I,A,A,H,-,A,D,0,,,,,Y,Y,A,01,0,0,1,0,0,0,0,0,0,"- ","- ",38.122608184814453,-120.87735748291016,CALAVERAS,UNINCORPORATED,-120.87734222412109,38.122482299804688
90719963,2018,2018-05-04,9255,2018-05-02,0640,017324,,3,1,9,0500,0,1,3,,2,031,"STATE ROUTE 26","MONTGOMERY DRIVE",6864.00,E,N,A,-,Y,,,26,,,,,,,Y,4,0,1,1,A,-,08,22107,,N,E,I,A,A,H,-,B,D,0,,,,,Y,,A,01,0,0,1,0,0,0,0,0,0,"- ","- ",38.319908142089844,-120.65071868896484,CALAVERAS,UNINCORPORATED,-120.65071105957031,38.319896697998047
90719998,2018,2018-05-04,9255,2018-04-30,0450,019640,,1,3,9,0500,0,1,3,,1,010,SR-12,"BRAUN CT",528.00,E,N,A,-,Y,,,12,,,,,,,Y,4,0,1,1,A,-,08,22107,,N,E,I,A,A,H,-,C,D,0,,,,,Y,,A,01,0,0,1,0,0,0,0,0,0,"- ","- ",38.212379455566406,-120.75227355957031,CALAVERAS,UNINCORPORATED,-120.75227355957031,38.212379455566406
90721079,2018,2018-05-07,9255,2018-04-29,1350,018894,,7,1,9,0500,0,1,3,,2,050,"STATE ROUTE 4","BIG TREES PKY",500.00,E,N,A,-,Y,,,4,,,,,,,Y,3,0,1,1,A,-,08,22107,,N,F,A,A,A,H,-,A,D,0,,,Y,,Y,,C,02,0,1,0,0,0,0,0,0,1,"- ","- ",38.278541564941406,-120.31063079833984,CALAVERAS,UNINCORPORATED,-120.31058502197266,38.278541564941406
90721579,2018,2018-07-26,9255,2018-04-19,2100,018363,,4,2,9,0500,0,2,4,,1,041,"MURPHYS GRADE ROAD","RANCH RD",329.00,W,N,A,-,N,,,,,,,,,,Y,4,0,1,2,A,-,08,22107,,M,B,C,A,A,H,-,D,D,0,,,,,Y,,D,22,0,0,1,0,0,0,0,0,0,"- ","- ",38.098491668701172,-120.52876281738281,CALAVERAS,UNINCORPORATED,-120.52860260009766,38.098636627197266
90722672,2018,2018-05-09,9255,2018-05-03,1544,017324,,4,2,9,0500,0,2,4,,1,022,"O'BYRNES FERRY ROAD","DUCHESS DR",528.00,S,N,A,-,N,,,,,,,,,,Y,2,0,1,1,A,-,08,22107,,N,E,I,A,A,H,-,A,D,0,,,Y,,Y,,C,02,1,0,0,0,0,0,0,0,1,"- ","- ",37.902111053466797,-120.580810546875,CALAVERAS,UNINCORPORATED,-120.58115386962891,37.903011322021484
90722907,2018,2018-05-09,9255,2018-05-08,0810,020142,,2,1,9,0500,0,1,3,,1,010,SR-12,"EVANS RD",15.00,E,N,A,-,Y,,,12,,,,,,,Y,4,0,2,2,A,-,03,22350,,N,C,C,A,A,H,-,A,D,0,,,,,Y,,A,01,0,0,2,0,0,0,0,0,0,"- ","- ",38.185791015625,-120.86686706542969,CALAVERAS,UNINCORPORATED,-120.86675262451172,38.185348510742188
90723750,2018,2018-05-10,9255,2018-05-04,1330,018825,,5,1,9,0500,0,3,5,,2,001,"NOVE WAY",SR-26,335.00,S,N,A,-,N,,,,,,,,,,N,4,0,2,2,A,-,09,21804,A,N,A,C,A,A,H,-,A,D,0,,,,,Y,,A,01,0,0,2,0,0,0,0,0,0,"- ","- ",38.1885986328125,-120.82540130615234,CALAVERAS,UNINCORPORATED,-120.82646942138672,38.188091278076172
90724445,2018,2018-05-11,9255,2018-04-30,2240,020563,,1,3,9,0500,0,2,4,,1,022,"OBYRNES FERRY RD","SANGUINETTI DRIVE",740.00,N,N,B,-,N,,,,,,,,,,Y,4,0,1,1,A,-,01,23152,A,N,E,I,A,A,H,-,D,D,0,,,,,Y,Y,A,01,0,0,1,0,0,0,0,0,0,"- ","- ",37.9139404296875,-120.59190368652344,CALAVERAS,UNINCORPORATED,-120.59188842773438,37.913898468017578
90726759,2018,2018-05-15,9255,2018-05-12,0550,020142,,6,3,9,0500,0,1,3,,2,031,SR-26,"GILLHAVEN RD",740.00,E,N,A,-,Y,,,26,,,,,,,Y,3,0,2,1,A,-,08,22107,,N,E,I,A,A,H,-,B,D,0,,,,,Y,,A,01,0,1,1,0,0,0,0,0,0,"- ","- ",38.314479827880859,-120.65516662597656,CALAVERAS,UNINCORPORATED,-120.65511322021484,38.314437866210938
90727335,2018,2018-10-26,9255,2018-05-07,1930,019557,,1,2,9,0500,0,2,4,,2,034,"RAILROAD FLAT RD.","SIERRA OAKS DR.",1056.00,N,N,A,-,N,,,,,,,,,,Y,3,0,1,2,A,-,08,22107,,F,D,C,A,A,H,-,B,D,0,,,,,Y,,A,01,0,1,0,0,0,0,0,0,0,"- ","- ",38.303871154785156,-120.50592041015625,CALAVERAS,UNINCORPORATED,-120.50572967529297,38.303672790527344
90727350,2018,2018-05-16,9255,2018-05-06,1805,019557,,7,2,9,0500,0,1,3,,2,030,SR-49,SR-26,0.00,,Y,B,-,Y,,,49,,,,,,,Y,2,0,3,2,A,-,09,21802,A,N,D,C,A,A,H,-,A,D,0,,,,,Y,,A,01,3,0,0,0,0,0,0,0,0,"- ","- ",38.2978515625,-120.70468139648438,CALAVERAS,UNINCORPORATED,-120.70468139648438,38.297847747802734
90727973,2018,2018-05-16,9255,2018-05-15,1410,015156,,2,2,9,0500,0,1,3,,2,040,"STATE ROUTE 4","BIG TREES ROAD",315.00,W,N,A,-,Y,,,4,,,,,,,N,4,0,1,2,A,-,08,22107,,N,A,C,A,A,H,-,A,D,0,,,,,Y,,A,07,0,0,1,0,0,0,0,0,0,"- ","- ",38.13800048828125,-120.45673370361328,CALAVERAS,UNINCORPORATED,-120.4566650390625,38.137985229492188
90728895,2018,2018-07-03,9255,2018-05-11,0850,018825,,5,1,9,0500,0,1,3,,2,030,SR-49,"UNION MINE RD",348.00,N,N,A,-,Y,,,49,,,,,,,Y,3,0,2,2,A,-,03,22350,,N,C,C,A,A,H,-,A,D,0,,,,,Y,,D,22,0,2,0,0,0,0,0,0,0,"- ","- ",38.159198760986328,-120.64689636230469,CALAVERAS,UNINCORPORATED,-120.64688110351562,38.159210205078125
90730699,2018,2018-05-21,9255,2018-05-11,1500,018825,,5,2,9,0500,0,3,5,,2,001,"LA CONTENTA DR","VISTA DEL LAGO DR",0.00,,Y,A,-,N,,,,,,,,,,N,4,0,1,2,A,-,09,21802,A,N,A,C,A,A,H,-,A,A,0,,,,,Y,,A,01,0,0,1,0,0,0,0,0,0,"- ","- ",38.165798187255859,-120.83270263671875,CALAVERAS,UNINCORPORATED,-120.83271789550781,38.165760040283203
90732312,2018,2018-05-23,9255,2018-05-08,1408,019525,,2,2,9,0500,0,1,3,,1,020,SR-49,"BRUNNER HILL ROAD",5.00,S,N,A,-,Y,,,49,,,,,,,Y,4,0,2,1,A,-,08,22107,,N,F,A,A,A,D,-,A,D,0,,,,,Y,,D,22,0,0,2,0,0,0,0,0,0,"- ","- ",38.087970733642578,-120.57174682617188,CALAVERAS,UNINCORPORATED,-120.57172393798828,38.088020324707031
90732456,2018,2018-05-23,9255,2018-05-20,1750,019640,,7,2,9,0500,0,1,3,,1,020,SR-49,"RED HILL RD",1584.00,S,N,A,-,N,,,49,,,,,,,N,3,0,1,1,A,-,01,23152,A,N,E,I,A,A,H,-,A,D,0,,,Y,,Y,Y,C,02,0,1,0,0,0,0,0,0,1,"- ","- ",38.034309387207031,-120.50675964355469,CALAVERAS,UNINCORPORATED,-120.50684356689453,38.034244537353516
90732632,2018,2018-05-23,9255,2018-05-17,2145,018492,,4,2,9,0500,0,1,3,,2,050,SR-4,"RAMSEY RD",3696.00,W,N,A,-,Y,,,4,,,,,,,Y,2,0,1,1,A,-,01,23152,A,N,F,A,A,A,H,-,D,D,0,,,,,Y,Y,D,22,1,0,0,0,0,0,0,0,0,"- ","- ",38.340560913085938,-120.21518707275391,CALAVERAS,UNINCORPORATED,-120.21516418457031,38.340530395507812
90732906,2018,2018-05-24,9255,2018-05-17,0030,013939,,4,3,9,0500,0,1,3,,1,011,SR-26,"HOGAN DAM ROAD",1.00,E,N,A,-,Y,,,26,,,,,,,Y,4,0,1,1,A,-,05,21650,,N,E,I,A,A,H,-,A,D,0,,,,,Y,,A,01,0,0,1,0,0,0,0,0,0,"- ","- ",38.186378479003906,-120.82549285888672,CALAVERAS,UNINCORPORATED,-120.82553863525391,38.186370849609375
90735896,2018,2018-05-29,9255,2018-05-15,0820,017340,,2,1,9,0500,0,1,3,,2,030,SR-49,SR-12,0.00,,Y,A,-,Y,,,49,,,,,,,Y,4,0,1,3,A,-,09,21801,A,N,D,C,A,A,H,-,A,A,0,,,,,Y,,A,01,0,0,1,0,0,0,0,0,0,"- ","- ",38.204158782958984,-120.69689178466797,CALAVERAS,UNINCORPORATED,-120.69682312011719,38.204219818115234
90737274,2018,2018-05-30,9255,2018-05-26,2130,019525,,6,2,9,0500,0,3,5,,2,002,"POOL STATION RD","SPRING HILL RANCH RD",70.00,S,N,A,-,N,,,,,,,,,,Y,3,0,1,1,A,-,08,22107,,N,F,A,A,A,H,-,D,D,0,,,,,Y,,A,07,0,1,0,0,0,0,0,0,0,"- ","- ",38.069629669189453,-120.66094970703125,CALAVERAS,UNINCORPORATED,-120.66098785400391,38.069690704345703
90738730,2018,2018-05-31,9255,2018-05-30,1155,018825,,3,1,9,0500,0,1,3,,2,031,SR-26,"HIGDON RD",266.00,E,N,A,-,Y,,,26,,,,,,,Y,2,0,1,1,A,-,08,22107,,N,D,I,A,A,H,-,A,D,0,,,Y,,Y,,C,02,1,0,0,0,0,0,0,0,1,"- ","- ",38.410400390625,-120.55590057373047,CALAVERAS,UNINCORPORATED,-120.55583953857422,38.410434722900391
90738746,2018,2018-05-31,9255,2018-05-30,0515,018825,,3,3,9,0500,0,2,4,,2,034,"MOUNTAIN RANCH RD","BLACKSMITH AVE",177.00,W,N,A,-,N,,,,,,,,,,Y,3,0,1,1,A,-,01,23152,A,N,E,I,A,A,H,-,B,D,0,,,,,Y,Y,A,01,0,1,0,0,0,0,0,0,0,"- ","- ",38.227699279785156,-120.54290008544922,CALAVERAS,UNINCORPORATED,-120.54290008544922,38.227764129638672
90738863,2018,2018-06-01,9255,2018-05-18,1800,020563,,5,2,9,0500,0,3,5,,2,002,"GUN CLUB RD",SR-49,145.00,E,N,A,-,N,,,,,,,,,,Y,2,0,2,1,A,-,08,22107,,N,F,A,A,A,H,-,A,D,0,,,Y,,Y,,C,06,1,1,0,0,0,0,0,0,2,"- ","- ",38.051109313964844,-120.53106689453125,CALAVERAS,UNINCORPORATED,-120.53116607666016,38.051181793212891
90739222,2018,2018-10-29,9255,2018-05-09,1200,018825,,3,1,9,0500,0,1,3,,1,010,"STATE ROUTE 12","CENTRAL HILL RD",4515.00,E,N,A,-,Y,,,12,,,,,,,Y,1,1,0,2,A,-,03,22350,,N,C,C,A,A,H,-,A,D,0,,,Y,,Y,,C,02,0,0,0,0,0,0,0,1,0,"- ","- ",38.206199645996094,-120.71150207519531,CALAVERAS,UNINCORPORATED,-120.71152496337891,38.206260681152344
90741084,2018,2018-06-05,9255,2018-05-22,1500,017340,,2,2,9,0500,0,1,3,,1,010,SR-12,"TOYON CIRCLE",0.00,,Y,A,-,Y,,,12,,,,,,,Y,3,0,1,2,A,-,09,21802,B,N,D,C,A,A,H,-,A,A,0,,,,Y,Y,,A,01,0,1,0,0,0,0,0,0,0,"- ","- ",38.211578369140625,-120.76406097412109,CALAVERAS,UNINCORPORATED,-120.76411437988281,38.211925506591797
90741121,2018,2018-06-05,9255,2018-05-26,1730,019557,,6,2,9,0500,0,1,3,,2,031,SR-26,"3 CENT FLAT RD.",1584.00,E,N,A,-,Y,,,26,,,,,,,Y,2,0,1,1,A,-,01,23152,A,N,E,I,A,A,H,-,A,D,0,,,,,Y,Y,A,01,1,0,0,0,0,0,0,0,0,"- ","- ",38.357261657714844,-120.57395935058594,CALAVERAS,UNINCORPORATED,-120.57395935058594,38.357250213623047
90741133,2018,2018-06-05,9255,2018-05-25,0140,013939,,5,3,9,0500,0,1,3,,2,031,"STATE ROUTE 26","HIGDON ROAD",274.00,W,N,B,-,Y,,,26,,,,,,,Y,2,0,3,1,A,-,01,23152,A,N,E,I,A,A,H,-,D,D,0,,,,,Y,Y,A,01,3,0,0,0,0,0,0,0,0,"- ","- ",38.409721374511719,-120.55509185791016,CALAVERAS,UNINCORPORATED,-120.55506896972656,38.409820556640625
90741163,2018,2018-06-05,9255,2018-05-07,1555,018894,,1,2,9,0500,0,1,3,,1,021,"STATE ROUTE 4","APPALOOSA RD",200.00,E,N,A,-,Y,,,4,,,,,,,N,4,0,2,2,A,-,03,22350,,N,C,C,A,A,H,-,A,D,0,,,,,Y,,A,07,0,0,2,0,0,0,0,0,0,"- ","- ",38.049640655517578,-120.63060760498047,CALAVERAS,UNINCORPORATED,-120.630615234375,38.049652099609375
90741646,2018,2018-07-25,9255,2018-05-29,1415,019640,,2,2,9,0500,0,1,3,,1,010,SR-12,"BURSON ROAD",335.00,E,N,A,-,Y,,,12,,,,,,,Y,3,0,1,2,A,-,05,21460,A,N,D,C,A,A,H,-,A,D,0,,,Y,,Y,,C,02,0,1,0,0,0,0,0,0,1,"- ","- ",38.1834716796875,-120.88922882080078,CALAVERAS,UNINCORPORATED,-120.88922882080078,38.183525085449219
90742596,2018,2018-06-06,9255,2018-06-03,1900,017340,,7,2,9,0500,0,1,3,,2,031,SR-26,"HIGDON RD",8.00,E,N,A,-,Y,,,26,,,,,,,Y,4,0,1,1,A,-,08,22107,,N,E,I,A,A,H,-,A,D,0,,,,,Y,,D,22,0,0,1,0,0,0,0,0,0,"- ","- ",38.409820556640625,-120.55592346191406,CALAVERAS,UNINCORPORATED,-120.55561065673828,38.410072326660156
90744399,2018,2018-06-08,9255,2018-06-07,0950,018363,,4,1,9,0500,0,1,3,,2,030,"STATE ROUTE 49","BIG BAR LAUNCH",1046.00,S,N,A,-,Y,,,49,,,,,,,Y,3,0,1,1,A,-,08,22107,,N,F,A,A,A,H,-,A,D,0,,,Y,,Y,,C,02,0,1,0,0,0,0,0,0,1,"- ","- ",38.309150695800781,-120.72524261474609,CALAVERAS,UNINCORPORATED,-120.72518920898438,38.309108734130859
90745129,2018,2018-06-11,9255,2018-06-04,1445,020414,,1,2,9,0500,0,1,3,,1,011,SR-26,"HAGEN CT",200.00,W,N,A,-,Y,,,26,,,,,,,Y,3,0,1,1,A,-,08,22107,,N,E,I,A,A,H,-,A,D,0,,,,,Y,,A,01,0,1,0,0,0,0,0,0,0,"- ","- ",38.133090972900391,-120.87033843994141,CALAVERAS,UNINCORPORATED,-120.87031555175781,38.133049011230469
90745794,2018,2018-06-11,9255,2018-06-10,1520,020563,,7,2,9,0500,0,1,3,,1,011,SR-26,"DRIVER RD",95.00,E,N,A,-,Y,,,26,,,,,,,Y,2,0,1,1,A,-,08,22107,,N,E,I,A,A,H,-,A,D,0,,,,,Y,,D,22,1,0,0,0,0,0,0,0,0,"- ","- ",38.139900207519531,-120.86517333984375,CALAVERAS,UNINCORPORATED,-120.86508178710938,38.139839172363281
90746839,2018,2018-06-12,9255,2018-06-09,0340,018894,,6,3,9,0500,0,3,5,,2,005,"MORAN RD","LIGHTNING LN",5280.00,S,N,A,-,N,,,,,,,,,,Y,3,0,1,1,A,-,08,22107,,N,E,I,A,A,H,-,D,D,0,,,,,Y,,A,01,0,1,0,0,0,0,0,0,0,"- ","- ",38.230861663818359,-120.35463714599609,CALAVERAS,UNINCORPORATED,-120.35753631591797,38.225967407226562
90748615,2018,2018-06-14,9255,2018-06-10,1420,018894,,7,2,9,0500,0,3,5,,2,005,"DUNBAR RD","MANDEL RD",1000.00,S,N,A,-,N,,,,,,,,,,Y,3,0,3,1,A,-,08,22107,,N,E,I,A,A,H,-,A,D,0,,,,,Y,,A,07,0,1,2,0,0,0,0,0,0,"- ","- ",38.262901306152344,-120.34445953369141,CALAVERAS,UNINCORPORATED,-120.34486389160156,38.261970520019531
90755297,2018,2018-06-25,9255,2018-06-16,2255,013939,,6,3,9,0500,0,1,3,,2,030,SR-49,"UNION MINE RD",1180.00,S,N,A,-,Y,,,49,,,,,,,Y,4,0,2,1,A,-,01,23152,A,N,E,I,A,A,H,-,D,D,0,,,,,Y,Y,D,22,0,0,2,0,0,0,0,0,0,"- ","- ",38.156040191650391,-120.64378356933594,CALAVERAS,UNINCORPORATED,-120.64380645751953,38.156017303466797
90760842,2018,2018-07-02,9255,2018-06-20,1645,018318,,3,2,9,0500,0,3,5,,2,004,"AVERY SHEEP RANCH RD","FULLEN RD",2640.00,W,N,A,-,N,,,,,,,,,,Y,3,0,1,1,A,-,08,22107,,M,F,A,A,A,H,-,A,D,0,,,Y,,Y,,C,02,0,1,0,0,0,0,0,0,1,"- ","- ",38.192981719970703,-120.41148376464844,CALAVERAS,UNINCORPORATED,-120.41250610351562,38.193000793457031
90763048,2018,2018-07-05,9255,2018-06-23,1529,020563,,6,2,9,0500,0,1,3,,1,021,SR-4,"HUNT RD",1320.00,W,N,A,-,Y,,,4,,,,,,,Y,4,0,1,1,A,-,08,22107,,N,E,I,A,A,H,-,A,D,0,,,,,Y,,A,01,0,0,1,0,0,0,0,0,0,"- ","- ",38.032310485839844,-120.6484375,CALAVERAS,UNINCORPORATED,-120.64839935302734,38.032333374023438
90765706,2018,2018-07-09,9255,2018-07-02,1600,020142,,1,2,9,0500,0,3,5,,2,003,"RIDGE RD","RUTHERFORD RD",408.00,W,N,A,-,N,,,,,,,,,,Y,2,0,1,2,A,-,08,22107,,M,B,C,A,A,H,-,A,D,0,,,,,Y,,M,96,1,0,0,0,0,0,0,0,0,"- ","- ",38.335369110107422,-120.52517700195312,CALAVERAS,UNINCORPORATED,-120.52520751953125,38.335384368896484
90767381,2018,2018-07-11,9255,2018-07-06,2145,018363,,5,2,9,0500,0,1,3,,2,040,"STATE ROUTE 4","DARBY RUSSELL RD",925.00,E,N,A,-,Y,,,4,,,,,,,Y,4,0,1,1,C,-,18,,,N,E,H,A,A,H,-,D,D,0,,,,,Y,,-,"- ",0,0,1,0,0,0,0,0,0,"- ","- ",38.180519104003906,-120.38117218017578,CALAVERAS,UNINCORPORATED,-120.38121795654297,38.180534362792969
90768117,2018,2018-07-12,9255,2018-07-02,1600,018894,,1,2,9,0500,0,3,5,,2,005,"MORAN RD","LOVE CREEK RD",2640.00,S,N,A,-,N,,,,,,,,,,Y,4,0,1,2,A,-,04,21703,,N,C,C,A,A,H,-,A,D,0,,,,,Y,,A,01,0,0,1,0,0,0,0,0,0,"- ","- ",38.214859008789062,-120.36031341552734,CALAVERAS,UNINCORPORATED,-120.36260986328125,38.211822509765625
90768699,2018,2018-07-13,9255,2018-07-02,1345,018894,,1,1,9,0500,0,1,3,,2,050,"STATE ROUTE 4","COUNTRY CLUB DR",0.00,,Y,A,-,Y,,,,,,,,,,Y,4,0,3,2,A,-,09,21802,A,N,D,C,A,A,H,-,A,A,0,,,,,Y,,D,22,0,0,3,0,0,0,0,0,0,"- ","- ",38.342430114746094,-120.36109924316406,CALAVERAS,UNINCORPORATED,-120.36113739013672,38.242439270019531
90769731,2018,2018-07-16,9255,2018-07-11,2000,020142,,3,2,9,0500,0,1,3,,2,030,SR-49,"BIG BAR RD",287.00,N,N,A,-,Y,,,49,,,,,,,Y,4,0,1,1,A,-,08,22107,,N,E,I,A,A,H,-,A,D,0,,,,,Y,,A,07,0,0,1,0,0,0,0,0,0,"- ","- ",38.311679840087891,-120.72017669677734,CALAVERAS,UNINCORPORATED,-120.72030639648438,38.311729431152344
90772472,2018,2018-07-19,9255,2018-07-13,1935,020563,,5,2,9,0500,0,3,5,,2,001,"DAPHNE ST","MYRTLE ST",50.00,N,N,A,-,N,,,,,,,,,,N,2,0,1,1,A,-,03,22350,,N,F,A,A,A,H,-,A,D,0,,,Y,,Y,,C,02,1,0,0,0,0,0,0,0,1,"- ","- ",38.193920135498047,-120.82842254638672,CALAVERAS,UNINCORPORATED,-120.82840728759766,38.193885803222656
90772938,2018,2018-07-19,9255,2018-07-13,1153,019640,,5,1,9,0500,0,3,5,,2,003,"RIDGE RD","RAJEN RD",150.00,E,N,A,-,N,,,,,,,,,,Y,4,0,1,1,A,-,08,22107,,N,E,I,A,A,H,-,A,D,0,,,,,Y,,A,01,0,0,1,0,0,0,0,0,0,"- ","- ",38.336509704589844,-120.53884887695312,CALAVERAS,UNINCORPORATED,-120.5391845703125,38.336269378662109
90773677,2018,2018-08-28,9255,2018-07-13,2055,020563,,5,2,9,0500,0,3,5,,2,001,"BALDWIN ST","KIRBY ST",140.00,S,N,A,-,N,,,,,,,,,,Y,2,0,1,2,A,-,09,21804,B,N,D,C,A,A,H,-,D,D,0,,,Y,,Y,,C,02,1,0,0,0,0,0,0,0,1,"- ","- ",38.110130310058594,-120.86683654785156,CALAVERAS,UNINCORPORATED,-120.86690521240234,38.109882354736328
90775207,2018,2018-07-24,9255,2018-07-16,1424,020414,,1,2,9,0500,0,1,3,,1,011,SR-26,"FARRIS DRIVE",263.00,E,N,A,-,Y,,,26,,,,,,,Y,2,0,1,1,A,-,08,22107,,N,E,I,A,A,H,-,A,D,0,,,,,Y,,D,22,1,0,0,0,0,0,0,0,0,"- ","- ",38.150890350341797,-120.85761260986328,CALAVERAS,UNINCORPORATED,-120.85761260986328,38.150890350341797
90775359,2018,2018-07-24,9255,2018-07-20,1740,015156,,5,2,9,0500,0,1,3,,2,040,"STATE ROUTE 4","GREEN MEADOW COURT",0.00,,Y,A,-,Y,,,,,,,,,,Y,3,0,1,2,A,-,03,22350,,N,C,C,A,A,H,-,A,D,0,,,,,Y,,D,22,0,1,0,0,0,0,0,0,0,"- ","- ",37.122581481933594,-120.45037841796875,CALAVERAS,UNINCORPORATED,-120.45037078857422,38.122600555419922
90775541,2018,2018-07-24,9255,2018-07-10,1800,018894,,2,2,9,0500,0,1,3,,1,020,"STATE ROUTE 49","WHITTLE RD",500.00,N,N,A,-,Y,,,49,,,,,,,N,4,0,1,2,A,-,05,21460,A,N,D,C,A,A,H,-,A,D,0,,,,,Y,,A,01,0,0,1,0,0,0,0,0,0,"- ","- ",38.046520233154297,-120.52680969238281,CALAVERAS,UNINCORPORATED,-120.52679443359375,38.046539306640625
90775647,2018,2018-07-24,9255,2018-07-22,1315,018825,,7,1,9,0500,0,1,3,,2,030,SR-49,"EDNA DR",55.00,S,N,A,-,Y,,,49,,,,,,,Y,4,0,1,3,A,-,03,22350,,N,C,C,A,A,H,-,A,D,0,,,,,Y,,D,22,0,0,1,0,0,0,0,0,0,"- ","- ",38.23590087890625,-120.71050262451172,CALAVERAS,UNINCORPORATED,-120.71053314208984,38.235897064208984
90776947,2018,2018-07-26,9255,2018-07-19,2215,018363,,4,3,9,0500,0,1,3,,2,031,"STATE ROUTE 26","SANDY GULCH RD",725.00,W,N,A,-,Y,,,26,,,,,,,Y,4,0,1,1,A,-,01,23152,A,N,E,I,A,A,H,-,D,D,0,,,Y,,Y,Y,C,02,0,0,1,0,0,0,0,0,1,"- ","- ",38.378749847412109,-120.5458984375,CALAVERAS,UNINCORPORATED,-120.54589080810547,38.378665924072266
90777552,2018,2018-07-26,9255,2018-07-21,1550,020563,,6,2,9,0500,0,3,5,,2,005,SR-4,"GOLDEN TORCH DR",10.00,W,N,A,-,Y,,,4,,,,,,,Y,3,0,4,2,A,-,01,23152,G,N,C,C,A,A,H,-,A,D,0,,,,,Y,Y,D,22,0,1,3,0,0,0,0,0,0,"- ","- ",38.295600891113281,-120.28562927246094,CALAVERAS,UNINCORPORATED,-120.28562927246094,38.295597076416016
90779845,2018,2018-08-06,9255,2018-07-22,1308,019640,,7,1,9,0500,0,3,5,,2,003,"STANLEY RD","RABBIT'S FOOT RD",1056.00,E,N,A,-,N,,,,,,,,,,Y,2,0,1,2,A,-,05,21460,A,N,A,C,A,A,H,-,A,D,0,,,Y,,Y,,C,02,1,0,0,0,0,0,0,0,1,"- ","- ",38.385410308837891,-120.55290985107422,CALAVERAS,UNINCORPORATED,-120.55208587646484,38.385421752929688
90783264,2018,2018-08-02,9255,2018-07-25,0854,019640,,3,1,9,0500,0,1,3,,2,031,SR-26,SR-49,0.00,,Y,A,-,Y,,,26,,,,,,,Y,3,0,1,2,A,-,09,21802,A,N,D,C,A,A,H,-,A,A,0,,,,Y,Y,,D,22,0,1,0,0,0,0,0,0,0,"- ","- ",38.297958374023438,-120.70465850830078,CALAVERAS,UNINCORPORATED,-120.70462799072266,38.297824859619141
90785098,2018,2018-08-06,9255,2018-08-01,0845,017324,,3,1,9,0500,0,2,4,,2,034,"MOUNTAIN RANCH ROAD","WILLOW CREEK RD",528.00,E,N,A,-,N,,,,,,,,,,N,3,0,1,2,A,-,05,21460,A,N,B,C,A,A,H,-,A,D,0,,,,Y,Y,,D,22,0,1,0,0,0,0,0,0,0,"- ","- ",38.19049072265625,-120.64456939697266,CALAVERAS,UNINCORPORATED,-120.64141082763672,38.190380096435547
90785105,2018,2019-11-07,9255,2018-07-04,1403,020563,,3,2,9,0500,0,2,4,,1,022,"OBYRNES FERRY RD","DUCHESS DR",0.00,,Y,A,-,N,,,,,,,,,,Y,1,1,3,2,A,-,09,21801,A,N,D,C,A,A,H,-,A,D,0,,,,,Y,,A,07,2,1,0,0,0,0,0,0,0,"- ","- ",37.904159545898438,-120.58229064941406,CALAVERAS,UNINCORPORATED,-120.58217620849609,37.904190063476562
90785565,2018,2018-08-07,9255,2018-08-01,0530,018363,,3,3,9,0500,0,1,3,,2,040,"STATE ROUTE 4","PENNSYLVANIA GULCH RD",83.00,W,N,A,-,Y,,,4,,,,,,,N,3,0,1,2,A,-,10,21950,A,N,G,B,C,A,H,-,D,D,0,Y,,,,Y,,A,01,0,1,0,0,1,0,0,0,0,"- ","- ",38.133869171142578,-120.45542907714844,CALAVERAS,UNINCORPORATED,-120.45543670654297,38.133869171142578
90785668,2018,2018-08-07,9255,2018-08-02,0825,016918,,4,1,9,0500,0,1,3,,1,011,SR-26,SR-49,10.00,W,N,A,-,Y,,,26,,,,,,,N,4,0,1,2,A,-,21,22106,,M,C,C,A,A,H,-,A,A,0,,,,,Y,,E,22,0,0,1,0,0,0,0,0,0,"- ","- ",38.29779052734375,-120.70481872558594,CALAVERAS,UNINCORPORATED,-120.70481872558594,38.297782897949219
90786503,2018,2018-08-08,9255,2018-07-27,1310,019525,,5,1,9,0500,0,3,5,,2,004,"AVERY SHEEP RANCH RD","FULLEN RD",27.00,N,N,A,-,N,,,,,,,,,,Y,4,0,1,2,A,-,09,21801,A,N,A,C,A,A,H,-,D,D,0,,,,,Y,,A,01,0,0,1,0,0,0,0,0,0,"- ","- ",38.194728851318359,-120.40402984619141,CALAVERAS,UNINCORPORATED,-120.40397644042969,38.194755554199219
90787586,2018,2018-08-09,9255,2018-07-19,1310,019640,,4,1,9,0500,0,3,5,,2,003,"RUSSELL RD","MARKET ST",1056.00,S,N,B,-,N,,,,,,,,,,Y,3,0,1,1,C,-,18,,,N,E,I,A,A,H,-,A,D,0,,,,,Y,,-,"- ",0,1,0,0,0,0,0,0,0,"- ","- ",38.195888519287109,-120.68834686279297,CALAVERAS,UNINCORPORATED,-120.68909454345703,38.194782257080078
90787694,2018,2018-08-09,9255,2018-08-06,1650,015156,,1,2,9,0500,0,2,4,,2,034,"MOUNTAIN RANCH ROAD","WILLOW CREEK ROAD",528.00,E,N,A,-,N,,,,,,,,,,Y,3,0,2,1,A,-,08,22107,,N,F,A,A,A,H,-,A,D,0,,,,,Y,,A,07,0,2,0,0,0,0,0,0,0,"- ","- ",38.190971374511719,-120.63973236083984,CALAVERAS,UNINCORPORATED,-120.64141082763672,38.190380096435547
90788122,2018,2018-08-10,9255,2018-08-01,0135,013939,,3,3,9,0500,0,3,5,,2,001,"ANTONOVICH ROAD","PRISCILLA COURT",114.00,E,N,A,-,N,,,,,,,,,,Y,2,0,1,1,A,-,01,23152,A,N,E,I,A,A,H,-,C,D,0,,,,,Y,Y,A,07,1,0,0,0,0,0,0,0,0,"- ","- ",38.159019470214844,-120.83612823486328,CALAVERAS,UNINCORPORATED,-120.83622741699219,38.158798217773438
90788238,2018,2018-08-10,9255,2018-07-15,1920,020414,,7,2,9,0500,0,3,5,,2,004,"VALLECITO RD","ROLLERI BYPASS",714.00,E,N,A,-,N,,,,,,,,,,Y,1,1,1,2,A,-,01,23152,A,N,B,C,A,A,H,-,A,D,0,,,,,Y,Y,A,01,0,1,0,0,0,0,0,0,0,"- ","- ",38.07781982421875,-120.52982330322266,CALAVERAS,UNINCORPORATED,-120.53065490722656,38.07745361328125
90789232,2018,2018-08-13,9255,2018-08-07,0520,018318,,2,3,9,0500,0,3,5,,2,001,"CAMANCHE PARKWAY S","PATTISON RD",472.00,E,N,A,-,N,,,,,,,,,,Y,3,0,1,1,A,-,08,22107,,N,E,I,A,A,H,-,D,D,0,,,,,Y,,A,08,0,1,0,0,0,0,0,0,0,"- ","- ",38.201808929443359,-120.90354156494141,CALAVERAS,UNINCORPORATED,-120.90354919433594,38.201839447021484
90789420,2018,2018-08-13,9255,2018-08-09,1615,019640,,4,2,9,0500,0,1,3,,1,011,SR-26,"OLIVE ORCHARD RD",0.00,,Y,A,-,Y,,,26,,,,,,,Y,3,0,1,2,A,-,03,22350,,N,C,C,A,A,H,-,A,D,0,,,,,Y,Y,A,01,0,1,0,0,0,0,0,0,0,"- ","- ",38.130268096923828,-120.87396240234375,CALAVERAS,UNINCORPORATED,-120.87403106689453,38.130313873291016
90790077,2018,2018-08-14,9255,2018-08-08,1015,018363,,3,1,9,0500,0,3,5,,2,003,"CALAVERITAS RD","GOLD RUSH DR",0.00,,Y,A,-,N,,,,,,,,,,Y,4,0,1,1,A,-,08,22107,,N,E,I,A,A,H,-,A,D,0,,,,,Y,,A,01,0,0,1,0,0,0,0,0,0,"- ","- ",38.186599731445312,-120.66181182861328,CALAVERAS,UNINCORPORATED,-120.66185760498047,38.186668395996094
90790226,2018,2018-08-14,9255,2018-08-12,0750,020142,,7,1,9,0500,0,1,3,,2,031,SR-26,"RICH GULCH RD",3168.00,W,N,A,-,Y,,,26,,,,,,,Y,3,0,2,2,A,-,05,21460,A,N,A,C,A,A,H,-,A,D,0,,,,,Y,,D,22,0,2,0,0,0,0,0,0,0,"- ","- ",38.322360992431641,-120.64086151123047,CALAVERAS,UNINCORPORATED,-120.64087677001953,38.322376251220703
90790634,2018,2018-08-14,9255,2018-08-07,1610,018873,,2,2,9,0500,0,1,3,,1,020,SR-4,"ANGEL OAKS DR",8290.00,W,N,A,-,Y,,,4,,,,,,,Y,2,0,1,1,A,-,08,22107,,N,E,J,A,A,H,-,A,D,0,,,,,Y,,D,22,1,0,0,0,0,0,0,0,0,"- ","- ",38.069801330566406,-120.59217071533203,CALAVERAS,UNINCORPORATED,-120.59217834472656,38.069869995117188
90792222,2018,2018-08-16,9255,2018-08-14,0335,018318,,2,3,9,0500,0,1,3,,2,031,SR-26,"MONTGOMERY DRIVE",8448.00,E,N,A,-,Y,,,26,,,,,,,Y,4,0,1,1,A,-,08,22107,,N,F,A,A,A,H,-,D,D,0,,,,,Y,,A,07,0,0,1,0,0,0,0,0,0,"- ","- ",38.321060180664062,-120.64646148681641,CALAVERAS,UNINCORPORATED,-120.64647674560547,38.321113586425781
90792229,2018,2018-08-16,9255,2018-08-13,0719,018363,,1,1,9,0500,0,1,3,,1,010,"STATE ROUTE 12","STATE ROUTE 26",0.00,,Y,A,-,Y,,,12,,,,,,,Y,4,0,1,1,A,-,08,22107,,N,E,I,A,A,H,-,A,A,0,,,,,Y,,A,01,0,0,1,0,0,0,0,0,0,"- ","- ",38.191600799560547,-120.82888793945312,CALAVERAS,UNINCORPORATED,-120.82896423339844,38.191658020019531
90792481,2018,2018-08-16,9255,2018-08-13,1200,020142,,1,1,9,0500,0,1,3,,2,030,SR-49,"GOLD RUSH LN",1770.00,N,N,A,-,Y,,,49,,,,,,,Y,2,0,1,1,A,-,03,22350,,N,F,A,A,A,B,D,A,D,0,,,Y,,Y,,C,02,1,0,0,0,0,0,0,0,1,"- ","- ",38.301090240478516,-120.73114013671875,CALAVERAS,UNINCORPORATED,-120.73117065429688,38.301097869873047
90792522,2018,2018-08-16,9255,2018-08-09,2110,019557,,4,2,9,0500,0,1,3,,1,011,SR-26,"GOLD CREEK DR",690.00,E,N,A,-,Y,,,26,,,,,,,Y,2,0,1,1,A,-,01,23152,A,N,F,A,A,A,H,-,D,D,0,,,Y,,Y,Y,C,02,1,0,0,0,0,0,0,0,1,"- ","- ",38.179088592529297,-120.830322265625,CALAVERAS,UNINCORPORATED,-120.83036804199219,38.179107666015625
90795120,2018,2018-08-21,9255,2018-08-10,1955,018873,,5,2,9,0500,0,1,3,,2,040,SR-4,"MAIN ST",0.00,,Y,A,-,Y,,,4,,,,,,,Y,2,0,1,1,A,-,01,23152,A,N,F,A,A,A,H,-,D,D,0,,,,,Y,Y,A,01,1,0,0,0,0,0,0,0,0,"- ","- ",38.111740112304688,-120.45791625976562,CALAVERAS,UNINCORPORATED,-120.45787811279297,38.111686706542969
90795484,2018,2018-08-22,9255,2018-08-16,1639,018492,,4,2,9,0500,0,1,3,,2,050,SR-4,"MORAN RD",1056.00,E,N,A,-,Y,,,4,,,,,,,Y,3,0,1,1,A,-,01,23152,A,N,E,I,A,A,H,-,A,D,0,,,,,Y,Y,A,08,0,1,0,0,0,0,0,0,0,"- ","- ",38.268268585205078,-120.3309326171875,CALAVERAS,UNINCORPORATED,-120.33088684082031,38.268115997314453
90795493,2018,2018-08-22,9255,2018-08-17,0700,018825,,5,1,9,0500,0,3,5,,2,001,"SILVER RAPIDS RD","HEINEMANN DR",444.00,W,N,A,-,N,,,,,,,,,,Y,4,0,1,2,A,-,09,21801,A,N,A,C,A,A,H,-,A,D,0,,,,Y,Y,,A,07,0,0,1,0,0,0,0,0,0,"- ","- ",38.158000946044922,-120.84329986572266,CALAVERAS,UNINCORPORATED,-120.84324645996094,38.158012390136719
90796481,2018,2018-08-23,9255,2018-08-20,1320,017324,,1,1,9,0500,0,3,5,,2,003,"WHISKEY SLIDE ROAD","EAST MURRAY CREEK RD",3696.00,N,N,A,-,N,,,,,,,,,,Y,4,0,1,1,A,-,08,22107,,N,E,I,A,A,H,-,A,D,0,,,,,Y,,A,01,0,0,1,0,0,0,0,0,0,"- ","- ",38.236419677734375,-120.55792236328125,CALAVERAS,UNINCORPORATED,-120.55714416503906,38.236930847167969
90797421,2018,2018-08-24,9255,2018-08-19,2254,017340,,7,3,9,0500,0,2,4,,2,034,"MOUNTAIN RANCH ROAD","WILLOW CREEK ROAD",560.00,E,N,A,-,N,,,,,,,,,,Y,3,0,2,1,A,-,01,23152,A,N,E,I,A,A,H,-,D,D,0,,,,,Y,Y,A,01,0,1,1,0,0,0,0,0,0,"- ","- ",38.19049072265625,-120.64044952392578,CALAVERAS,UNINCORPORATED,-120.64130401611328,38.190391540527344
90797854,2018,2018-08-27,9255,2018-08-23,0755,018825,,4,1,9,0500,0,3,5,,2,001,"OLIVE ORCHARD RD","BURSON RD",1032.00,E,N,A,-,N,,,,,,,,,,Y,4,0,1,1,A,-,08,22107,,N,E,I,A,A,H,-,A,D,0,,,,,Y,,A,01,0,0,1,0,0,0,0,0,0,"- ","- ",38.141201019287109,-120.89569854736328,CALAVERAS,UNINCORPORATED,-120.89572906494141,38.14117431640625
90805714,2018,2018-09-05,9255,2018-08-30,2100,019640,,4,2,9,0500,0,1,3,,2,040,SR-4,"VALLECITO BYPASS RD",120.00,E,N,A,-,Y,,,4,,,,,,,Y,4,0,2,1,A,-,08,22107,,N,E,I,A,A,H,-,D,D,0,,,,,Y,,A,01,0,0,2,0,0,0,0,0,0,"- ","- ",38.092781066894531,-120.47984313964844,CALAVERAS,UNINCORPORATED,-120.47988128662109,38.092716217041016
90806807,2018,2018-09-06,9255,2018-08-25,1655,019640,,6,2,9,0500,0,3,5,,2,001,"OSPITAL RD","LIVE OAK LN",4752.00,S,N,A,-,N,,,,,,,,,,N,3,0,1,1,A,-,08,22107,,N,E,I,A,A,H,-,A,D,0,,,Y,,Y,,C,02,0,1,0,0,0,0,0,0,1,"- ","- ",38.123390197753906,-120.94484710693359,CALAVERAS,UNINCORPORATED,-120.94488525390625,38.122547149658203
90806820,2018,2018-09-06,9255,2018-08-31,2335,013939,,5,3,9,0500,0,3,5,,2,004,"FRENCH GULCH ROAD","ST. JOHNS",400.00,W,N,A,-,N,,,,,,,,,,Y,2,0,1,1,A,-,01,23152,A,N,E,I,A,A,H,-,D,D,0,,,,,Y,Y,A,07,1,0,0,0,0,0,0,0,0,"- ","- ",38.139560699462891,-120.48879241943359,CALAVERAS,UNINCORPORATED,-120.48857879638672,38.139575958251953
90806916,2018,2018-09-06,9255,2018-08-24,1214,017324,,5,1,9,0500,0,1,3,,1,021,"STATE ROUTE 4","POOL STATION ROAD",826.00,E,N,A,-,Y,,,4,,,,,,,Y,2,0,1,3,A,-,05,21460,A,F,A,A,A,A,H,-,A,A,0,,,Y,Y,Y,,C,02,1,0,0,0,0,0,0,0,1,"- ","- ",38.046379089355469,-120.64679718017578,CALAVERAS,UNINCORPORATED,-120.64676666259766,38.046371459960938
90806925,2018,2018-09-06,9255,2018-08-25,1200,018894,,6,1,9,0500,0,1,3,,2,050,"STATE ROUTE 4","UPPER MORAN RD",1500.00,E,N,A,-,Y,,,4,,,,,,,Y,4,0,1,2,A,-,08,22107,,N,D,C,A,A,H,-,A,D,0,,,Y,,Y,,C,02,0,0,1,0,0,0,0,0,1,"- ","- ",38.268108367919922,-120.33094024658203,CALAVERAS,UNINCORPORATED,-120.33094024658203,38.268100738525391
90809053,2018,2018-09-10,9255,2018-09-06,1125,018825,,4,1,9,0500,0,1,3,,2,031,SR-26,"PINE CREST LN",618.00,W,N,A,-,Y,,,26,,,,,,,Y,4,0,1,1,A,-,08,22107,,N,E,I,A,A,H,-,A,D,0,,,,,Y,Y,A,07,0,0,1,0,0,0,0,0,0,"- ","- ",38.407901763916016,-120.53199768066406,CALAVERAS,UNINCORPORATED,-120.53205871582031,38.407859802246094
90811341,2018,2018-09-12,9255,2018-09-11,0715,018825,,2,1,9,0500,0,1,3,,1,020,SR-49,"GUN CLUB RD",165.00,N,N,A,-,Y,,,49,,,,,,,Y,4,0,1,2,A,-,03,22350,,N,C,C,A,A,H,-,A,D,0,,,,,Y,,A,01,0,0,1,0,0,0,0,0,0,"- ","- ",38.051700592041016,-120.53199768066406,CALAVERAS,UNINCORPORATED,-120.53197479248047,38.051719665527344
90812228,2018,2018-09-13,9255,2018-09-06,1315,016479,,4,1,9,0500,0,1,3,,2,030,SR-49,"POOL STATION RD",0.00,,Y,A,-,Y,,,49,,,,,,,Y,2,0,1,2,A,-,03,22350,,N,C,C,A,A,H,-,A,D,0,,,,,Y,,A,01,1,0,0,0,0,0,0,0,0,"- ","- ",38.201519012451172,-120.69274139404297,CALAVERAS,UNINCORPORATED,-120.69286346435547,38.201248168945312
90812424,2018,2018-09-13,9255,2018-09-07,1249,016479,,5,1,9,0500,0,1,3,,2,040,SR-4,"PONDEROSA WAY",0.00,,Y,A,-,Y,,,4,,,,,,,Y,3,0,2,2,A,-,03,22350,,N,C,C,A,A,H,-,A,D,0,,,,,Y,,A,01,0,2,0,0,0,0,0,0,0,"- ","- ",38.091548919677734,-120.50234222412109,CALAVERAS,UNINCORPORATED,-120.50234985351562,38.091567993164062
90814639,2018,2018-09-17,9255,2018-09-10,0730,018363,,1,1,9,0500,0,3,5,,2,002,"REEDS TURNPIKE","TOWN SQUARE ROAD",405.00,E,N,A,-,N,,,,,,,,,,Y,4,0,1,2,A,-,01,23152,A,N,D,C,A,A,H,-,A,D,0,,,,,Y,Y,D,22,0,0,1,0,0,0,0,0,0,"- ","- ",37.973251342773438,-120.65139770507812,CALAVERAS,UNINCORPORATED,-120.65140533447266,37.9737548828125
90814673,2018,2018-09-17,9255,2018-09-09,1530,018894,,7,2,9,0500,0,1,3,,2,050,"STATE ROUTE 4",NF-6N45,323.00,E,N,A,-,Y,,,4,,,,,,,Y,2,0,1,1,C,-,18,,,N,H,H,A,A,H,-,A,D,0,,,Y,,Y,,-,"- ",1,0,0,0,0,0,0,0,1,"- ","- ",38.386310577392578,-120.18524932861328,CALAVERAS,UNINCORPORATED,-120.18527221679688,38.386344909667969
90816269,2018,2018-09-19,9255,2018-09-12,2310,018873,,3,3,9,0500,0,3,5,,2,001,"PATTISON RD","WADE LN",0.00,,Y,A,-,N,,,,,,,,,,Y,2,0,1,1,A,-,05,21650,,N,E,I,A,A,H,-,D,D,0,,,,,Y,,A,01,1,0,0,0,0,0,0,0,0,"- ","- ",38.212490081787109,-120.90792083740234,CALAVERAS,UNINCORPORATED,-120.9078369140625,38.212360382080078
90817393,2018,2018-09-20,9255,2018-09-15,1030,016479,,6,1,9,0500,0,1,3,,1,020,SR-49,"MEACHAM RANCH RD",1056.00,N,N,A,-,Y,,,49,,,,,,,Y,2,0,1,1,A,-,08,22107,,N,E,I,A,A,H,-,A,D,0,,,,,Y,,A,01,1,0,0,0,0,0,0,0,0,"- ","- ",38.105129241943359,-120.59378051757812,CALAVERAS,UNINCORPORATED,-120.59378814697266,38.105121612548828
90818061,2018,2018-09-20,9255,2018-09-10,1745,020563,,1,2,9,0500,0,1,3,,2,030,SR-49,"BEVERLYNN LANE",0.00,,Y,A,-,Y,,,49,,,,,,,Y,2,0,2,2,A,-,09,21804,A,N,D,C,A,A,D,-,A,D,0,,,,Y,Y,,A,01,1,1,0,0,0,0,0,0,0,"- ","- ",38.23175048828125,-120.70887756347656,CALAVERAS,UNINCORPORATED,-120.70888519287109,38.231746673583984
90818307,2018,2018-09-21,9255,2018-09-17,0400,019557,,1,3,9,0500,0,2,4,,1,022,"OBYRNES FERRY RD","DUCHESS DR",800.00,S,N,A,-,N,,,,,,,,,,Y,3,0,1,1,C,-,18,,,N,H,H,A,A,H,-,D,D,0,,,Y,,Y,,-,"- ",0,1,0,0,0,0,0,0,1,"- ","- ",37.546699523925781,-120.34506225585938,CALAVERAS,UNINCORPORATED,-120.58087921142578,37.902297973632812
90819452,2018,2018-09-24,9255,2018-09-14,1720,020414,,5,2,9,0500,0,1,3,,1,010,SR-12,"TOLL BRIDGE RD",2112.00,W,N,A,-,Y,,,12,,,,,,,Y,3,0,1,2,A,-,08,22107,,N,E,I,A,A,H,-,A,D,0,,,,,Y,Y,A,01,0,1,0,0,0,0,0,0,0,"- ","- ",38.201488494873047,-120.71559143066406,CALAVERAS,UNINCORPORATED,-120.71561431884766,38.201519012451172
90819557,2018,2018-09-24,9255,2018-09-22,1130,018363,,6,1,9,0500,0,1,3,,1,020,"STATE ROUTE 49","RED HILL RD",6494.00,S,N,A,-,Y,,,49,,,,,,,Y,4,0,1,1,A,-,03,22350,,N,E,I,A,A,H,-,A,D,0,,,Y,,Y,,C,02,0,0,1,0,0,0,0,0,1,"- ","- ",38.023769378662109,-120.51332092285156,CALAVERAS,UNINCORPORATED,-120.51325225830078,38.023761749267578
90819566,2018,2018-09-24,9255,2018-09-16,0040,019525,,7,3,9,0500,0,1,3,,1,021,SR-4,"POOL STATION RD",528.00,E,N,A,-,Y,,,4,,,,,,,Y,3,0,1,1,A,-,01,23152,A,N,E,I,A,A,H,-,D,D,0,,,,,Y,Y,A,07,0,1,0,0,0,0,0,0,0,"- ","- ",38.046398162841797,-120.64684295654297,CALAVERAS,UNINCORPORATED,-120.64676666259766,38.046375274658203
90820860,2018,2019-10-02,9255,2018-09-04,0900,018363,,2,1,9,0500,0,1,3,,1,020,"STATE ROUTE 49","FOURTH CROSSING RD",1647.00,S,N,A,-,Y,,,49,,,,,,,Y,1,1,6,4,A,-,05,21460,A,N,B,C,A,A,H,-,A,D,0,,,,Y,Y,,D,22,1,3,2,0,0,0,0,0,0,"- ","- ",38.128429412841797,-120.63229370117188,CALAVERAS,UNINCORPORATED,-120.63224029541016,38.128463745117188
90824149,2018,2018-09-28,9255,2018-09-24,1507,020414,,1,2,9,0500,0,3,5,,2,001,"DOUBLE SPRINGS RD",SR-12,816.00,N,N,A,-,N,,,,,,,,,,N,3,0,1,2,A,-,11,21954,A,N,G,B,D,A,H,-,A,D,0,Y,,,,Y,,N,60,0,1,0,0,1,0,0,0,0,"- ","- ",38.21337890625,-120.75849151611328,CALAVERAS,UNINCORPORATED,-120.78767395019531,38.208164215087891
90825301,2018,2018-10-01,9255,2018-09-22,1245,018492,,6,1,9,0500,0,3,5,,2,004,"SIX MILE RD","ALGIERS ST",4224.00,W,N,A,-,N,,,,,,,,,,Y,2,0,2,1,A,-,08,22107,,N,F,A,A,A,H,-,A,A,0,,,Y,,Y,,C,02,1,1,0,0,0,0,0,0,2,"- ","- ",38.123580932617188,-120.46568298339844,CALAVERAS,UNINCORPORATED,-120.46206665039062,38.134159088134766
90825306,2018,2018-10-01,9255,2018-09-28,1022,020414,,5,1,9,0500,0,1,3,,2,030,SR-49,"GOLD RUSH LANE",1584.00,N,N,A,-,Y,,,49,,,,,,,Y,3,0,2,1,A,-,08,22107,,N,F,A,A,A,H,-,A,D,0,,,Y,,Y,,C,02,0,2,0,0,0,0,0,0,2,"- ","- ",38.300868988037109,-120.73127746582031,CALAVERAS,UNINCORPORATED,-120.73127746582031,38.300865173339844
90825388,2018,2018-10-01,9255,2018-09-29,1100,018825,,6,1,9,0500,0,2,4,,2,034,"RAILROAD FLAT RD","BLAGEN BLVD",37.00,W,N,A,-,N,,,,,,,,,,N,4,0,1,1,A,-,08,22107,,N,F,A,A,A,H,-,A,D,0,,,Y,,Y,,C,02,0,0,1,0,0,0,0,0,1,"- ","- ",38.378700256347656,-120.51429748535156,CALAVERAS,UNINCORPORATED,-120.51402282714844,38.378738403320312
90827686,2018,2018-10-03,9255,2018-09-24,1805,019640,,1,2,9,0500,0,2,4,,1,022,"OBYRNES FERRY RD","COPPER COVE DR",0.00,,Y,A,-,N,,,,,,,,,,Y,3,0,2,2,A,-,09,21801,A,N,D,C,A,A,H,-,A,D,0,,,,,Y,,A,01,0,1,1,0,0,0,0,0,0,"- ","- ",37.939521789550781,-120.60533142089844,CALAVERAS,UNINCORPORATED,-120.60543823242188,37.940029144287109
90829109,2018,2018-10-04,9255,2018-09-30,1315,019640,,7,1,9,0500,0,3,5,,2,001,"WARREN RD","CHENIN BLANC AVE",323.00,S,N,A,-,N,,,,,,,,,,Y,3,0,1,2,A,-,05,21460,A,N,A,C,A,A,H,-,A,D,0,,,Y,,Y,,C,02,0,1,0,0,0,0,0,0,1,"- ","- ",38.112689971923828,-120.92606353759766,CALAVERAS,UNINCORPORATED,-120.92600250244141,38.112834930419922
90830659,2018,2018-10-08,9255,2018-10-03,0505,013939,,3,3,9,0500,0,1,3,,2,040,SR-4,"UTICA POWERHOUSE ROAD",374.00,W,N,B,-,Y,,,4,,,,,,,Y,3,0,1,1,A,-,08,22107,,N,E,I,A,B,H,-,D,D,0,,,,,Y,,A,01,0,1,0,0,0,0,0,0,0,"- ","- ",38.156501770019531,-120.43743896484375,CALAVERAS,UNINCORPORATED,-120.43740081787109,38.156471252441406
90831308,2018,2018-10-08,9255,2018-10-03,1400,016479,,3,2,9,0500,0,1,3,,1,021,SR-4,"STALLION WAY",6864.00,E,N,B,-,Y,,,4,,,,,,,Y,3,0,1,1,A,-,08,22107,,N,F,A,A,B,H,-,A,D,0,,,,,Y,,A,01,0,1,0,0,0,0,0,0,0,"- ","- ",38.068611145019531,-120.61048889160156,CALAVERAS,UNINCORPORATED,-120.61048889160156,38.068706512451172
90831554,2018,2018-10-09,9255,2018-10-02,0454,019525,,2,3,9,0500,0,2,4,,1,022,"MAIN ST COPPEROPOLIS","REEDS TPKE",1090.00,S,N,B,-,N,,,,,,,,,,Y,2,0,1,1,A,-,08,22107,,N,E,I,A,A,H,-,D,D,0,,,,,Y,,A,01,1,0,0,0,0,0,0,0,0,"- ","- ",37.975440979003906,-120.63504028320312,CALAVERAS,UNINCORPORATED,-120.63752746582031,37.977371215820312
90832343,2018,2018-10-09,9255,2018-10-01,1525,018873,,1,2,9,0500,0,1,3,,2,030,SR-49,"HOWELL RD",0.00,,Y,A,-,Y,,,49,,,,,,,N,3,0,3,2,A,-,03,22350,,N,B,C,A,A,H,-,A,D,0,,,,,Y,,A,01,0,2,1,0,0,0,0,0,0,"- ","- ",38.177619934082031,-120.66432952880859,CALAVERAS,UNINCORPORATED,-120.66427612304688,38.177677154541016
90832793,2018,2018-10-10,9255,2018-10-07,1339,016479,,7,1,9,0500,0,1,3,,1,021,SR-4,"POOL STATION RD",1621.00,W,N,A,-,Y,,,4,,,,,,,Y,4,0,1,1,A,-,05,21650,,N,E,I,A,A,H,-,A,D,0,,,,,Y,,A,01,0,0,1,0,0,0,0,0,0,"- ","- ",38.039909362792969,-120.64791870117188,CALAVERAS,UNINCORPORATED,-120.64778137207031,38.039951324462891
90832826,2018,2018-10-10,9255,2018-10-04,1140,019246,,4,1,9,0500,0,2,4,,2,034,"RAILROAD FLAT RD","EAGLE VIEW DR",1584.00,W,N,C,-,N,,,,,,,,,,Y,4,0,1,1,A,-,03,22350,,N,E,I,A,B,H,-,A,D,0,,,,,Y,,A,01,0,0,1,0,0,0,0,0,0,"- ","- ",38.265579223632812,-120.50998687744141,CALAVERAS,UNINCORPORATED,-120.50966644287109,38.265579223632812
90833604,2018,2018-10-11,9255,2018-09-30,1705,020563,,7,2,9,0500,0,1,3,,2,031,SR-26,"WOODHOUSE MINE RD",450.00,E,N,A,-,Y,,,26,,,,,,,N,3,0,1,1,C,-,18,,,N,E,I,A,A,H,-,A,D,0,,,,,Y,,-,"- ",0,1,0,0,0,0,0,0,0,"- ","- ",38.37677001953125,-120.55760192871094,CALAVERAS,UNINCORPORATED,-120.55759429931641,38.376762390136719
90835786,2018,2018-10-15,9255,2018-10-07,0320,020563,,7,3,9,0500,0,3,5,,2,001,"HARTVICKSON LN","BROOKS ROAD",490.00,S,N,A,-,N,,,,,,,,,,Y,3,0,1,1,A,-,01,23152,A,N,E,I,A,A,H,-,D,D,0,,,,,Y,Y,D,22,0,1,0,0,0,0,0,0,0,"- ","- ",38.138408660888672,-120.84272766113281,CALAVERAS,UNINCORPORATED,-120.8427734375,38.138408660888672
90841124,2018,2018-10-22,9255,2018-10-13,2355,020563,,6,3,9,0500,0,1,3,,2,030,SR-49,"CENTER ST",800.00,S,N,A,-,Y,,,49,,,,,,,Y,3,0,1,1,A,-,08,22107,,N,E,I,A,A,H,-,D,D,0,,,,,Y,,A,07,0,1,0,0,0,0,0,0,0,"- ","- ",38.297939300537109,-120.71675872802734,CALAVERAS,UNINCORPORATED,-120.71674346923828,38.297893524169922
90843539,2018,2018-10-24,9255,2018-10-13,1205,018318,,6,1,9,0500,0,3,5,,2,004,"FRENCH GULCH RD","DARBY LN",500.00,E,N,A,-,N,,,,,,,,,,Y,2,0,1,1,A,-,08,22107,,N,E,I,A,A,H,-,A,D,0,,,,,Y,,A,07,1,0,0,0,0,0,0,0,0,"- ","- ",38.133190155029297,-120.49810791015625,CALAVERAS,UNINCORPORATED,-120.49859619140625,38.132411956787109
90843554,2018,2018-10-24,9255,2018-10-14,1415,021070,,7,2,9,0500,0,1,3,,2,040,SR-4,"BATTEN RD",569.00,W,N,A,-,Y,,,4,,,,,,,Y,2,0,6,2,A,-,01,23152,A,N,A,C,A,A,H,-,A,D,0,,,,,Y,Y,D,22,2,3,1,0,0,0,0,0,0,"- ","- ",38.099071502685547,-120.47057342529297,CALAVERAS,UNINCORPORATED,-120.47057342529297,38.099071502685547
90844438,2018,2018-10-25,9255,2018-10-22,1900,019557,,1,2,9,0500,0,1,3,,1,021,SR-4,"HUNT RD.",60.00,W,N,A,-,Y,,,4,,,,,,,Y,3,0,1,1,A,-,08,22107,,N,F,A,A,A,H,-,D,D,0,,,Y,,Y,,C,02,0,1,0,0,0,0,0,0,1,"- ","- ",38.034381866455078,-120.64988708496094,CALAVERAS,UNINCORPORATED,-120.64984130859375,38.034400939941406
90847680,2018,2018-10-29,9255,2018-10-26,0540,020563,,5,3,9,0500,0,1,3,,1,010,SR-12,"PETTINGER RD",950.00,E,N,A,-,Y,,,,,,,,,,Y,4,0,1,1,C,-,18,,,N,H,H,A,A,H,-,D,D,0,,,,,Y,,-,"- ",0,0,1,0,0,0,0,0,0,"- ","- ",38.179641723632812,-120.14697265625,CALAVERAS,UNINCORPORATED,-120.91476440429688,38.179607391357422
90847911,2018,2018-10-29,9255,2018-09-15,2500,020563,,6,4,9,0500,0,2,4,,2,034,"RAILROAD FLAT RD","SIERRA OAKS DRIVE",1848.00,S,N,A,-,N,,,,,,,,,,Y,1,1,0,1,A,-,08,22107,,N,E,I,A,A,H,-,A,D,0,,,Y,,Y,,C,02,0,0,0,0,0,0,0,1,0,"- ","- ",38.296798706054688,-120.50344848632812,CALAVERAS,UNINCORPORATED,-120.50334167480469,38.296810150146484
90848995,2018,2018-10-30,9255,2018-10-24,1330,017340,,3,1,9,0500,0,1,3,,1,011,SR-26,"GARNER PL",0.00,,Y,A,-,Y,,,26,,,,,,,Y,3,0,1,2,A,-,09,21802,A,N,D,C,A,A,H,-,A,A,0,,,,,Y,,D,22,0,1,0,0,0,0,0,0,0,"- ","- ",38.12969970703125,-120.87429046630859,CALAVERAS,UNINCORPORATED,-120.87436676025391,38.129741668701172
90852827,2018,2018-11-05,9255,2018-10-28,1530,019557,,7,2,9,0500,0,2,4,,1,022,"MAIN ST. (COPPEROPOLIS)",SR-4,20.00,S,N,A,-,Y,,,,,,,,,,N,4,0,2,2,A,-,03,22350,,N,A,C,A,A,H,-,A,A,0,,,,,Y,,A,01,0,0,2,0,0,0,0,0,0,"- ","- ",37.983371734619141,-120.64540100097656,CALAVERAS,UNINCORPORATED,-120.64536285400391,37.983386993408203
90853700,2018,2018-11-06,9255,2018-10-29,0440,018873,,1,3,9,0500,0,1,3,,2,031,SR-26,"HIGDON RD",4000.00,E,N,A,-,Y,,,26,,,,,,,Y,4,0,1,1,A,-,08,22107,,N,E,I,A,A,H,-,D,D,0,,,,,Y,,A,01,0,0,1,0,0,0,0,0,0,"- ","- ",38.415630340576172,-120.55062103271484,CALAVERAS,UNINCORPORATED,-120.55062866210938,38.415634155273438
90855999,2018,2018-11-08,9255,2018-11-03,0058,021070,,6,3,9,0500,0,1,3,,1,011,SR-26,"PALOMA RD",6230.00,W,N,A,-,Y,,,26,,,,,,,Y,4,0,2,1,A,-,08,22107,,N,E,I,A,A,H,-,D,D,0,,,,,Y,,A,01,0,0,2,0,0,0,0,0,0,"- ","- ",38.247489929199219,-120.75576782226562,CALAVERAS,UNINCORPORATED,-120.75576782226562,38.247489929199219
90857183,2018,2018-11-09,9255,2018-11-06,1740,020142,,2,2,9,0500,0,1,3,,1,011,SR-26,"HOGAN DAM RD",100.00,E,N,A,-,Y,,,26,,,,,,,Y,3,0,1,1,A,-,08,22107,,N,E,I,A,A,H,-,D,D,0,,,,,Y,,A,01,0,1,0,0,0,0,0,0,0,"- ","- ",38.186710357666016,-120.82572937011719,CALAVERAS,UNINCORPORATED,-120.82567596435547,38.186744689941406
90857831,2018,2018-11-12,9255,2018-11-03,1515,019557,,6,2,9,0500,0,1,3,,2,040,SR-4,"BORBE RANCH RD.",300.00,E,N,A,-,Y,,,4,,,,,,,N,4,0,1,2,A,-,05,21650,,N,H,G,A,A,H,-,A,D,0,,Y,,,Y,,D,22,0,0,1,0,0,0,1,0,0,"- ","- ",38.084220886230469,-120.51322174072266,CALAVERAS,UNINCORPORATED,-120.51322937011719,38.084236145019531
90858865,2018,2018-11-13,9255,2018-11-12,1150,016479,,1,1,9,0500,0,1,3,,2,040,SR-4,"JONES ST",0.00,,Y,A,-,Y,,,4,,,,,,,N,4,0,2,2,A,-,03,22350,,N,C,C,A,A,H,-,A,D,0,,,,,Y,,D,22,0,0,2,0,0,0,0,0,0,"- ","- ",38.136188507080078,-120.45639038085938,CALAVERAS,UNINCORPORATED,-120.45647430419922,38.136154174804688
90861162,2018,2018-11-15,9255,2018-11-03,1850,020270,,6,2,9,0500,0,3,5,,2,001,"BURSON RD","CAMANCHE PARKWAY SOUTH",221.00,S,N,A,-,N,,,,,,,,,,Y,2,0,6,2,A,-,09,21801,A,N,D,C,A,A,H,-,D,D,0,,,,,Y,Y,A,08,1,5,0,0,0,0,0,0,0,"- ","- ",38.197898864746094,-120.89334106445312,CALAVERAS,UNINCORPORATED,-120.89335632324219,38.197952270507812
90862651,2018,2018-11-19,9255,2018-11-13,1525,017340,,2,2,9,0500,0,3,5,,2,005,"QUARTZ DR","FAIRWAY DRIVE",528.00,S,N,A,-,N,,,,,,,,,,Y,4,0,1,1,A,-,08,22107,,N,E,I,A,A,H,-,A,D,0,,,,,Y,,A,07,0,0,1,0,0,0,0,0,0,"- ","- ",38.250759124755859,-120.36805725097656,CALAVERAS,UNINCORPORATED,-120.36788177490234,38.250984191894531
90863375,2018,2018-11-19,9255,2018-11-18,1024,017340,,7,1,9,0500,0,1,3,,1,011,"VISTA DEL LAGO DR",SR-26,114.00,N,N,A,-,Y,,,,,,,,,,N,4,0,1,2,A,-,09,21804,A,N,D,C,A,A,H,-,A,D,0,,,,,Y,,A,01,0,0,1,0,0,0,0,0,0,"- ","- ",38.169010162353516,-120.03926849365234,CALAVERAS,UNINCORPORATED,-120.83943939208984,38.168857574462891
90863664,2018,2018-11-20,9255,2018-11-19,1720,015156,,1,2,9,0500,0,1,3,,1,010,"STATE ROUTE 12","CHESTNUT STREET",528.00,E,N,A,-,Y,,,12,,,,,,,Y,4,0,1,2,A,-,09,21804,A,N,D,C,A,A,H,-,B,A,0,,,,,Y,,A,01,0,0,1,0,0,0,0,0,0,"- ","- ",38.192508697509766,-120.82634735107422,CALAVERAS,UNINCORPORATED,-120.82634735107422,38.1925048828125
90866029,2018,2018-11-26,9255,2018-11-16,2045,020563,,5,2,9,0500,0,1,3,,2,031,SR-26,"WOODHOUSE MINE RD",5280.00,W,N,A,-,Y,,,26,,,,,,,Y,4,0,1,1,A,-,08,22107,,N,E,I,A,A,H,-,D,D,0,,,,,Y,,A,07,0,0,1,0,0,0,0,0,0,"- ","- ",38.369609832763672,-120.54667663574219,CALAVERAS,UNINCORPORATED,-120.54665374755859,38.369636535644531
90866031,2018,2018-11-26,9255,2018-11-16,1842,021070,,5,2,9,0500,0,3,5,,2,001,"S BURSON RD",SR-12,3325.00,S,N,A,-,N,,,,,,,,,,Y,2,0,2,1,A,-,08,22107,,N,E,I,A,A,H,-,D,D,0,,,,,Y,,A,08,1,0,1,0,0,0,0,0,0,"- ","- ",38.174350738525391,-120.89058685302734,CALAVERAS,UNINCORPORATED,-120.89067840576172,38.174446105957031
90866316,2018,2018-11-26,9255,2018-11-21,1335,020142,,3,1,9,0500,0,1,3,,2,030,SR-49,SR-26,0.00,,Y,B,C,Y,,,49,,,,,,,Y,3,0,1,2,A,-,09,21802,A,N,D,C,A,B,H,-,A,A,0,,,,,Y,,A,08,0,1,0,0,0,0,0,0,0,"- ","- ",38.298011779785156,-120.70424652099609,CALAVERAS,UNINCORPORATED,-120.70455932617188,38.297725677490234
90866545,2018,2018-11-26,9255,2018-11-24,1210,017324,,6,1,9,0500,0,1,3,,1,021,"STATE ROUTE 4","POOL STATION RD",528.00,E,N,C,-,Y,,,4,,,,,,,N,4,0,1,2,A,-,03,22350,,N,B,C,A,B,H,-,A,D,0,,,Y,,Y,,C,02,0,0,1,0,0,0,0,0,1,"- ","- ",38.04656982421875,-120.64665985107422,CALAVERAS,UNINCORPORATED,-120.64665222167969,38.046562194824219
90868689,2018,2018-11-27,9255,2018-11-24,2130,020270,,6,2,9,0500,0,1,3,,2,040,SR-4,"BORBE RANCH RD",320.00,W,N,A,-,Y,,,4,,,,,,,Y,3,0,2,1,C,-,18,,,N,H,H,A,A,H,-,D,D,0,,,,,Y,,-,"- ",0,2,0,0,0,0,0,0,0,"- ","- ",38.08306884765625,-120.51503753662109,CALAVERAS,UNINCORPORATED,-120.51500701904297,38.083019256591797
90868702,2018,2018-11-27,9255,2018-11-25,1120,020142,,7,1,9,0500,0,1,3,,1,011,SR-26,"CAMPO SECO TPKE",3696.00,W,N,A,-,Y,,,26,,,,,,,Y,2,0,1,1,A,-,03,22350,,N,F,A,A,A,H,-,A,D,0,,,Y,,Y,,C,02,1,0,0,0,0,0,0,0,1,"- ","- ",38.274150848388672,-120.73123168945312,CALAVERAS,UNINCORPORATED,-120.73118591308594,38.274162292480469
90872693,2018,2018-11-30,9255,2018-11-28,0955,020142,,3,1,9,0500,0,2,4,,2,034,"MOUNTAIN RANCH RD","MICHEL RD",2112.00,W,N,C,-,N,,,,,,,,,,Y,4,0,1,1,A,-,08,22107,,N,F,A,A,B,H,-,A,D,0,,,,,Y,,A,07,0,0,1,0,0,0,0,0,0,"- ","- ",38.191188812255859,-120.59269714355469,CALAVERAS,UNINCORPORATED,-120.59178924560547,38.190948486328125
90875363,2018,2018-12-04,9255,2018-12-04,1010,018363,,2,1,9,0500,0,3,5,,2,004,"PENNSYLVANIA GULCH RD","STATE ROUTE 4",35.00,S,N,A,-,Y,,,,,,,,,,N,4,0,1,2,A,-,21,22106,,N,C,C,A,A,H,-,A,A,0,,,,,Y,,J,48,0,0,1,0,0,0,0,0,0,"- ","- ",38.134151458740234,-120.45540618896484,CALAVERAS,UNINCORPORATED,-120.45552062988281,38.134101867675781
90876436,2018,2018-12-05,9255,2018-11-30,1620,020563,,5,2,9,0500,0,3,5,,2,003,"WINTON ROAD","BUMMERVILLE RD",285.00,E,N,B,-,N,,,,,,,,,,Y,2,0,1,1,A,-,01,23152,A,N,E,I,A,B,H,-,B,D,0,,,,,Y,Y,A,01,1,0,0,0,0,0,0,0,0,"- ","- ",38.40869140625,-120.50562286376953,CALAVERAS,UNINCORPORATED,-120.50508117675781,38.408920288085938
90876560,2018,2018-12-05,9255,2018-11-26,1145,016055,,1,1,9,0500,0,1,3,,1,010,SR-12,"DOUBLE SPRINGS RD",2300.00,E,N,A,-,N,,,12,,,,,,,Y,2,0,1,1,A,-,01,23152,A,N,E,I,A,A,H,-,A,D,0,,,,,Y,Y,A,01,1,0,0,0,0,0,0,0,0,"- ","- ",38.211528778076172,-120.74632263183594,CALAVERAS,UNINCORPORATED,-120.74626922607422,38.211593627929688
90877575,2018,2018-12-06,9255,2018-12-05,1050,019525,,3,1,9,0500,0,2,4,,1,022,"OBYRNES FERRY RD","DUCHESS DR",3168.00,E,N,B,-,N,,,,,,,,,,Y,3,0,1,1,A,-,03,22350,,N,F,A,A,B,H,-,A,D,0,,,,,Y,,A,01,0,1,0,0,0,0,0,0,0,"- ","- ",37.896820068359375,-120.57640838623047,CALAVERAS,UNINCORPORATED,-120.57664489746094,37.896892547607422
90877580,2018,2019-07-11,9255,2018-11-02,2052,020414,,5,2,9,0500,0,1,3,,1,010,SR-12,"WARDS AVENUE",1285.00,E,N,A,-,Y,,,12,,,,,,,Y,1,1,0,1,A,-,01,23152,G,N,F,A,A,A,H,-,D,D,0,,,,Y,Y,Y,F,27,0,0,0,0,0,0,0,0,0,"- ","- ",38.192279815673828,-120.97441101074219,CALAVERAS,UNINCORPORATED,-120.97438812255859,38.19232177734375
90881223,2018,2018-12-12,9255,2018-12-10,2000,020142,,1,2,9,0500,0,1,3,,1,011,SR-26,"PALOMA RD",1056.00,W,N,A,-,Y,,,26,,,,,,,Y,4,0,1,1,A,-,08,22107,,N,E,I,A,A,H,-,D,D,0,,,,,Y,,A,01,0,0,1,0,0,0,0,0,0,"- ","- ",38.256050109863281,-120.74630737304688,CALAVERAS,UNINCORPORATED,-120.74631500244141,38.256072998046875
90881279,2018,2018-12-12,9255,2018-12-05,1130,019640,,3,1,9,0500,0,1,3,,1,011,SR-26,"PALOMA RD",1056.00,E,N,B,C,Y,,,26,,,,,,,Y,4,0,1,1,A,-,08,22107,,N,E,I,A,B,H,-,A,D,0,,,,,Y,,A,01,0,0,1,0,0,0,0,0,0,"- ","- ",38.261421203613281,-120.73983764648438,CALAVERAS,UNINCORPORATED,-120.73983764648438,38.261425018310547
90885586,2018,2018-12-18,9255,2018-12-06,1215,020142,,4,1,9,0500,0,2,4,,2,034,"RAILROAD FLAT RD","JESUS MARIA RD",1056.00,N,N,A,-,N,,,,,,,,,,Y,2,0,1,1,A,-,01,23152,F,N,E,I,A,A,H,-,A,D,0,,,,,Y,,A,07,1,0,0,0,0,0,0,0,0,"- ","- ",38.286109924316406,-120.4996337890625,CALAVERAS,UNINCORPORATED,-120.50066375732422,38.28582763671875
90885880,2018,2018-12-19,9255,2018-12-11,1228,020270,,2,1,9,0500,0,1,3,,2,030,SR-49,"MAIN ST",0.00,,Y,A,-,Y,,,49,,,,,,,Y,3,0,2,2,A,-,09,21802,A,N,D,C,A,A,H,-,A,A,0,,,,,Y,,A,07,0,2,0,0,0,0,0,0,0,"- ","- ",38.299098968505859,-120.70658111572266,CALAVERAS,UNINCORPORATED,-120.70656585693359,38.299121856689453
90886604,2018,2018-12-19,9255,2018-12-16,1915,019534,,7,2,9,0500,0,1,3,,2,031,"STATE ROUTE 26","PONDEROSA WAY",0.00,,N,B,-,N,,,26,,,,,,,N,4,0,1,1,A,-,08,22107,,N,E,I,A,A,H,-,D,D,0,,,,,Y,,D,22,0,0,1,0,0,0,0,0,0,"- ","- ",38.324211120605469,-120.63655090332031,CALAVERAS,UNINCORPORATED,-120.63699340820312,38.324985504150391
90889362,2018,2018-12-24,9255,2018-12-14,1806,020563,,5,2,9,0500,0,3,5,,2,001,"PINE ST",SR-12,20.00,N,N,A,-,N,,,,,,,,,,N,4,0,1,2,A,-,11,21950,B,N,G,B,D,A,H,-,C,D,0,Y,,,,Y,,N,60,0,0,1,0,1,0,0,0,0,"- ","- ",38.189838409423828,-120.83055114746094,CALAVERAS,UNINCORPORATED,-120.83048248291016,38.189807891845703
90889491,2018,2018-12-24,9255,2018-12-16,1758,020563,,7,2,9,0500,0,3,5,,2,003,"JESUS MARIA RD",SR-26,2640.00,S,N,C,-,N,,,,,,,,,,Y,4,0,1,1,A,-,08,22107,,N,F,A,A,B,H,-,D,D,0,,,Y,,Y,,C,02,0,0,1,0,0,0,0,0,1,"- ","- ",38.297328948974609,-120.676513671875,CALAVERAS,UNINCORPORATED,-120.67728424072266,38.296710968017578
90890704,2018,2018-12-26,9255,2018-12-20,1549,016479,,4,2,9,0500,0,1,3,,2,030,"RUSSELLS RD","SR-49 (EAST ST CHARLES STREET)",0.00,,Y,A,-,Y,,,,,,,,,,Y,3,0,1,2,A,-,09,21802,A,N,D,C,A,A,H,-,A,A,0,,,,,Y,,A,01,0,1,0,0,0,0,0,0,0,"- ","- ",38.198219299316406,-120.68683624267578,CALAVERAS,UNINCORPORATED,-120.686841,38.198222999999999
90891777,2018,2018-12-27,9255,2018-12-22,1215,020142,,6,1,9,0500,0,1,3,,1,010,SR-12,"LIME CREEK RD",528.00,W,N,B,-,Y,,,12,,,,,,,N,4,0,1,2,A,-,03,22350,,N,C,C,A,A,H,-,A,D,0,,,,,Y,,A,08,0,0,1,0,0,0,0,0,0,"- ","- ",38.192989349365234,-120.82383728027344,CALAVERAS,UNINCORPORATED,-120.82384490966797,38.193000793457031
90893713,2018,2018-12-28,9255,2018-12-19,0210,019246,,3,3,9,0500,0,1,3,,2,031,SR-26,"HIGDON RD",200.00,E,N,A,-,Y,,,26,,,,,,,Y,3,0,1,1,A,-,01,23152,A,N,E,I,A,B,H,-,D,D,0,,,,,Y,Y,D,22,0,1,0,0,0,0,0,0,0,"- ","- ",38.409778594970703,-120.55476379394531,CALAVERAS,UNINCORPORATED,-120.55475616455078,38.409793853759766
90894550,2018,2018-12-31,9255,2018-12-21,2140,018318,,5,2,9,0500,0,1,3,,2,031,SR-26,"PONDEROSA WAY",3696.00,W,N,B,-,Y,,,26,,,,,,,Y,3,0,1,2,A,-,05,21460,A,M,E,I,A,A,H,-,D,D,0,,,,,Y,Y,A,01,0,1,0,0,0,0,0,0,0,"- ","- ",38.3231201171875,-120.63973999023438,CALAVERAS,UNINCORPORATED,-120.63971710205078,38.323085784912109
90896155,2018,2019-01-02,9255,2018-12-22,2255,018894,,6,3,9,0500,0,1,3,,2,040,"STATE ROUTE 4","BIG TREES RD",60.00,W,N,A,-,Y,,,4,,,,,,,Y,4,0,1,2,A,-,09,21801,A,N,D,C,A,A,H,-,C,D,0,,,,,Y,,D,22,0,0,1,0,0,0,0,0,0,"- ","- ",38.138881683349609,-120.45632934570312,CALAVERAS,UNINCORPORATED,-120.45628356933594,38.138851165771484
90896661,2018,2019-01-03,9255,2018-12-28,1330,020270,,5,1,9,0500,0,2,4,,2,034,"RAILROAD FLAT RD","JESUS MARIA RD",15.00,S,N,A,-,N,,,,,,,,,,N,2,0,2,1,A,-,08,22107,,N,F,A,A,A,H,-,A,D,0,,,Y,,Y,,C,02,1,0,1,0,0,0,0,0,2,"- ","- ",38.284671783447266,-120.50408935546875,CALAVERAS,UNINCORPORATED,-120.5040283203125,38.284664154052734
90896785,2019,2019-01-03,9255,2019-01-02,1625,019389,,3,2,9,0500,0,1,3,,2,031,SR-26,"PONDEROSA WAY",640.00,W,N,A,-,Y,,,26,,,,,,,Y,4,0,1,1,A,-,08,22107,,N,E,I,A,A,H,-,B,D,0,,,,,Y,,A,01,0,0,1,0,0,0,0,0,0,"- ","- ",38.337390899658203,-120.61522674560547,CALAVERAS,UNINCORPORATED,-120.61522674560547,38.337375640869141
90897758,2018,2019-01-04,9255,2018-12-29,0001,018318,,6,3,9,0500,0,3,5,,2,002,"FEATHER DR","BLACK CREEK DR",0.00,,Y,A,-,N,,,,,,,,,,Y,2,0,1,1,A,-,01,23152,A,N,E,I,A,B,H,-,D,A,0,,,,,Y,Y,A,01,1,0,0,0,0,0,0,0,0,"- ","- ",37.948040008544922,-120.61721801757812,CALAVERAS,UNINCORPORATED,-120.61717987060547,37.948070526123047
90897948,2018,2019-02-11,9255,2018-12-09,0145,013939,,7,3,9,0500,0,3,5,,2,001,"MILTON ROAD","SOUTH GULCH ROAD",1650.00,N,N,A,-,N,,,,,,,,,,Y,1,1,0,1,A,-,01,23152,G,N,F,A,A,A,H,-,D,A,0,,,,,Y,Y,D,22,0,0,0,0,0,0,0,0,0,"- ","- ",38.064430236816406,-120.87075042724609,CALAVERAS,UNINCORPORATED,-120.87021636962891,38.06524658203125
90897952,2018,2019-01-04,9255,2018-12-09,2500,019534,,7,4,9,0500,0,1,3,,2,031,"STATE ROUTE 26","SPORT HILL ROAD",147.00,E,N,B,-,Y,,,26,,,,,,,Y,1,1,0,1,A,-,08,22107,,N,E,I,A,A,H,-,A,D,0,,,Y,,Y,,C,02,0,0,0,0,0,0,0,1,0,"- ","- ",38.300979614257812,-120.69098663330078,CALAVERAS,UNINCORPORATED,-120.69098663330078,38.300998687744141
90898675,2018,2019-01-07,9255,2018-12-30,0932,020270,,7,1,9,0500,0,1,3,,2,031,SR-26,"HIGDON RD",2456.00,E,N,A,-,Y,,,26,,,,,,,Y,3,0,1,1,C,-,18,,,N,E,I,A,C,H,-,A,D,0,,,,,Y,,-,"- ",0,1,0,0,0,0,0,0,0,"- ","- ",38.419418334960938,-120.54736328125,CALAVERAS,UNINCORPORATED,-120.54735565185547,38.4193115234375
90901150,2019,2019-01-09,9255,2019-01-03,1335,019534,,4,1,9,0500,0,2,4,,2,034,"RAILROAD FLAT ROAD","SWISS RANCH ROAD",25.00,N,N,A,-,N,,,,,,,,,,Y,2,0,1,1,A,-,01,23152,A,N,E,I,A,A,H,-,A,D,0,,,,,Y,Y,D,22,1,0,0,0,0,0,0,0,0,"- ","- ",38.266399383544922,-120.50356292724609,CALAVERAS,UNINCORPORATED,-120.50371551513672,38.266365051269531
90901901,2019,2019-01-10,9255,2019-01-06,1015,018363,,7,1,9,0500,0,1,3,,1,021,"STATE ROUTE 4","POOL STATION RD",900.00,E,N,B,C,Y,,,4,,,,,,,Y,4,0,2,1,A,-,08,22107,,N,E,I,A,B,H,-,A,A,0,,,,,Y,,A,07,0,0,2,0,0,0,0,0,0,"- ","- ",38.046989440917969,-120.64627838134766,CALAVERAS,UNINCORPORATED,-120.646240234375,38.046947479248047
90902156,2019,2019-01-10,9255,2019-01-07,0050,020142,,1,3,9,0500,0,1,3,,2,040,SR-4,"VALLECITO RD",2.00,E,N,C,-,Y,,,4,,,,,,,Y,4,0,1,1,A,-,08,22107,,N,F,A,A,B,H,-,C,A,0,,,,,Y,,A,01,0,0,1,0,0,0,0,0,0,"- ","- ",38.078811645507812,-120.52699279785156,CALAVERAS,UNINCORPORATED,-120.52703857421875,38.079212188720703
90904471,2019,2019-01-15,9255,2019-01-08,1545,019525,,2,2,9,0500,0,3,5,,2,001,"HARTVICKSON LN","HANLEY DR",20.00,N,N,B,-,N,,,,,,,,,,Y,4,0,2,2,A,-,09,21802,A,N,B,C,A,A,H,-,A,D,0,,,,,Y,,A,07,0,0,2,0,0,0,0,0,0,"- ","- ",38.148078918457031,-120.84841156005859,CALAVERAS,UNINCORPORATED,-120.84844207763672,38.148063659667969
90905615,2019,2019-01-31,9255,2019-01-14,1738,019389,,1,2,9,0500,0,1,3,,1,010,SR-12,"LIME CREEK RD",0.00,,Y,B,-,Y,,,12,,,,,,,Y,4,0,1,2,A,-,09,21802,A,N,D,C,A,A,H,-,D,A,0,,,,,Y,,A,01,0,0,1,0,0,0,0,0,0,"- ","- ",38.193489074707031,-120.82077789306641,CALAVERAS,UNINCORPORATED,-120.82078552246094,38.193511962890625
90906300,2019,2019-01-17,9255,2019-01-11,2000,020414,,5,2,9,0500,0,1,3,,1,010,SR-12,"SAWMILL STREET",0.00,,Y,A,-,Y,,,12,,,,,,,N,4,0,2,2,A,-,09,21802,A,N,B,C,A,A,H,-,C,D,0,,,,,Y,,A,01,0,0,2,0,0,0,0,0,0,"- ","- ",38.194919586181641,-120.97888946533203,CALAVERAS,UNINCORPORATED,-120.97889709472656,38.194915771484375
90906361,2019,2019-01-17,9255,2019-01-11,1330,019557,,5,1,9,0500,0,3,5,,2,001,"VISTA DEL LAGO DR.","CARSON DR",37.00,W,N,A,-,N,,,,,,,,,,N,2,0,1,2,A,-,03,22350,,N,D,C,A,A,H,-,A,D,0,,,Y,,Y,,C,02,1,0,0,0,0,0,0,0,1,"- ","- ",38.161651611328125,-120.82221221923828,CALAVERAS,UNINCORPORATED,-120.82234191894531,38.161651611328125
90907198,2019,2019-01-18,9255,2019-01-17,0540,017324,,4,3,9,0500,0,2,4,,1,022,"O'BYRNES FERRY ROAD","TUOLUMNE/CALAVERAS COUNTY LINE",2112.00,N,N,B,-,N,,,,,,,,,,Y,4,0,1,1,A,-,03,22350,,N,E,I,A,B,H,-,D,D,0,,,,,Y,,A,01,0,0,1,0,0,0,0,0,0,"- ","- ",37.896739959716797,-120.57254791259766,CALAVERAS,UNINCORPORATED,-120.57198333740234,37.897621154785156
90910251,2019,2019-01-23,9255,2019-01-16,2000,019534,,3,2,9,0500,0,2,4,,2,034,"SHEEP RANCH RD","LIVE OAK DR",1320.00,N,N,C,G,N,,,,,,,,,,Y,4,0,1,1,A,-,08,22107,,N,E,I,A,B,H,-,D,D,0,,,,,Y,,D,22,0,0,1,0,0,0,0,0,0,"- ","- ",38.239311218261719,-120.50190734863281,CALAVERAS,UNINCORPORATED,-120.49823760986328,38.234481811523438
90910981,2019,2019-01-24,9255,2019-01-20,1140,018363,,7,1,9,0500,0,1,3,,1,011,"STATE ROUTE 26","BEAL RANCH RD",1000.00,E,N,C,-,Y,,,26,,,,,,,Y,4,0,1,1,A,-,08,22107,,N,E,I,A,B,H,-,A,D,0,,,,,Y,,A,01,0,0,1,0,0,0,0,0,0,"- ","- ",38.232109069824219,-120.76200103759766,CALAVERAS,UNINCORPORATED,-120.76200103759766,38.232109069824219
90913425,2019,2019-01-28,9255,2019-01-18,2100,020142,,5,2,9,0500,0,2,4,,2,034,"RAILROAD FLAT RD","CEDAR SPRINGS RD",528.00,S,N,A,-,N,,,,,,,,,,Y,4,0,1,1,A,-,01,23152,A,N,F,A,A,A,H,-,D,D,0,,,,,Y,Y,A,07,0,0,1,0,0,0,0,0,0,"- ","- ",38.258941650390625,-120.51946258544922,CALAVERAS,UNINCORPORATED,-120.51956939697266,38.258811950683594
90915359,2019,2019-01-30,9255,2019-01-21,1035,018894,,1,1,9,0500,0,1,3,,2,050,"STATE ROUTE 4","BEATRICE DR",10560.00,E,N,A,-,Y,,,4,,,,,,,N,3,0,1,2,C,-,18,,,N,D,C,A,C,C,-,A,D,0,,,,,Y,,-,"- ",0,1,0,0,0,0,0,0,0,"- ","- ",38.362991333007812,-120.20143127441406,CALAVERAS,UNINCORPORATED,-120.20144653320312,38.362991333007812
90915402,2019,2019-01-30,9255,2019-01-21,1548,019525,,1,2,9,0500,0,2,4,,1,022,"OBYRNES FERRY RD","COSMIC CT",176.00,S,N,A,-,N,,,,,,,,,,Y,3,0,2,2,A,-,03,22350,,N,C,C,A,A,H,-,A,D,0,,,,,Y,,A,07,0,1,1,0,0,0,0,0,0,"- ","- ",37.935268402099609,-120.60411834716797,CALAVERAS,UNINCORPORATED,-120.6041259765625,37.935314178466797
90915461,2019,2019-01-30,9255,2019-01-21,1840,019389,,1,2,9,0500,0,3,5,,2,001,"BALDWIN ST","MCATEE ST",0.00,,Y,A,-,N,,,,,,,,,,N,2,0,1,2,A,-,09,21801,B,N,D,C,A,A,H,-,D,A,0,,,Y,,Y,,C,02,1,0,0,0,0,0,0,0,1,"- ","- ",38.108230590820312,-120.86773681640625,CALAVERAS,UNINCORPORATED,-120.86769866943359,38.108211517333984
90917383,2019,2019-02-01,9255,2019-01-25,2359,013939,,5,3,9,0500,0,3,5,,2,001,"BURSON ROAD","OLIVE ORCHARD ROAD",41.00,N,N,A,-,N,,,,,,,,,,N,3,0,1,1,A,-,01,23152,A,N,F,A,A,A,H,-,D,D,0,,,Y,,Y,Y,C,02,0,1,0,0,0,0,0,0,1,"- ","- ",38.141399383544922,-120.89920043945312,CALAVERAS,UNINCORPORATED,-120.89922332763672,38.141483306884766
90917579,2019,2019-02-11,9255,2019-01-29,2308,018318,,2,3,9,0500,0,1,3,,1,011,SR-26,"SILVER RAPIDS RD",1056.00,W,N,A,-,Y,,,26,,,,,,,Y,3,0,3,2,A,-,05,21460,A,N,A,C,A,A,H,-,D,D,0,,,,,Y,Y,A,01,0,3,0,0,0,0,0,0,0,"- ","- ",38.157520294189453,-120.85070037841797,CALAVERAS,UNINCORPORATED,-120.85070037841797,38.157516479492188
90917641,2019,2019-02-01,9255,2019-01-26,1310,019534,,6,1,9,0500,0,3,5,,2,001,"KEYSTONE WAY","CAMANCHE PARKWAY",10.00,S,N,A,-,N,,,,,,,,,,Y,3,0,1,1,A,-,08,22107,,N,F,A,A,A,A,B,A,D,0,,,Y,,Y,Y,C,02,0,1,0,0,0,0,0,0,1,"- ","- ",38.203701019287109,-120.88134765625,CALAVERAS,UNINCORPORATED,-120.88133239746094,38.203754425048828
90918077,2019,2019-02-04,9255,2019-01-29,1025,018363,,2,1,9,0500,0,1,3,,1,010,"STATE ROUTE 12","DOUBLE SPRINGS RD",2640.00,E,N,A,-,Y,,,12,,,,,,,Y,4,0,1,1,A,-,08,22107,,N,E,I,A,A,H,-,A,D,0,,,,,Y,,A,01,0,0,1,0,0,0,0,0,0,"- ","- ",38.212020874023438,-120.74693298339844,CALAVERAS,UNINCORPORATED,-120.74694061279297,38.211990356445312
90922009,2018,2019-02-08,9255,2018-12-23,2023,021070,,7,2,9,0500,0,3,5,,2,001,"PETTINGER RD","MESSING RD",836.00,N,N,B,-,N,,,,,,,,,,Y,1,1,3,3,A,-,01,23152,A,N,A,C,A,A,H,-,D,D,0,,,,,Y,Y,D,22,2,1,0,0,0,0,0,0,0,"- ","- ",38.165519714355469,-120.91822814941406,CALAVERAS,UNINCORPORATED,-120.91817474365234,38.165515899658203
90922289,2019,2019-02-08,9255,2019-02-05,1430,020142,,2,2,9,0500,0,1,3,,1,010,SR-12,"TOLL BRIDGE RD",50.00,W,N,B,D,Y,,,12,,,,,,,Y,4,0,2,2,A,-,05,21650,,N,A,C,A,C,H,-,A,D,0,,,,,Y,,A,01,0,0,2,0,0,0,0,0,0,"- ","- ",38.20697021484375,-120.70983123779297,CALAVERAS,UNINCORPORATED,-120.70988464355469,38.207035064697266
90922306,2019,2019-02-08,9255,2019-02-02,1900,021070,,6,2,9,0500,0,1,3,,2,031,SR-26,"GILLHAVEN RD.",2700.00,E,N,B,-,Y,,,26,,,,,,,N,4,0,1,1,A,-,08,22107,,N,F,A,A,B,H,-,D,D,0,,,,,Y,,D,22,0,0,1,0,0,0,0,0,0,"- ","- ",38.31781005859375,-120.65220642089844,CALAVERAS,UNINCORPORATED,-120.65232849121094,38.317943572998047
90922317,2019,2019-02-08,9255,2019-02-02,1200,018492,,6,1,9,0500,0,1,3,,2,050,SR-4,"BIG TREES PARKWAY",1056.00,E,N,B,D,Y,,,4,,,,,,,Y,4,0,1,1,A,-,08,22107,,N,F,A,A,C,H,-,A,D,0,,,,,Y,,D,22,0,0,1,0,0,0,0,0,0,"- ","- ",38.282520294189453,-120.30435943603516,CALAVERAS,UNINCORPORATED,-120.30463409423828,38.282863616943359
90923165,2019,2019-02-11,9255,2019-02-06,2155,013939,,3,2,9,0500,0,3,5,,2,004,"VALLECITO ROAD",SR-4,304.00,S,N,A,-,N,,,,,,,,,,Y,3,0,1,1,A,-,01,23152,A,N,F,A,A,A,H,-,D,D,0,,,,,Y,Y,A,07,0,1,0,0,0,0,0,0,0,"- ","- ",38.078678131103516,-120.52667236328125,CALAVERAS,UNINCORPORATED,-120.52725982666016,38.078445434570312
90923188,2019,2019-02-11,9255,2019-02-05,1013,019525,,2,1,9,0500,0,1,3,,1,021,SR-4,"TELEGRAPH RD",4752.00,E,N,B,-,Y,,,4,,,,,,,Y,4,0,1,1,A,-,03,22350,,N,F,A,A,C,H,-,A,D,0,,,,,Y,,D,22,0,0,1,0,0,0,0,0,0,"- ","- ",37.942440032958984,-120.73578643798828,CALAVERAS,UNINCORPORATED,-120.73578643798828,37.942436218261719
90923507,2019,2019-02-11,9255,2019-02-06,1815,020142,,3,2,9,0500,0,1,3,,1,010,SR-12,"BURSON RD",0.00,,Y,A,-,Y,,,12,,,,,,,Y,3,0,1,2,A,-,09,21802,A,N,D,C,A,A,H,-,C,A,0,,,,,Y,,D,22,0,1,0,0,0,0,0,0,0,"- ","- ",38.183441162109375,-120.8905029296875,CALAVERAS,UNINCORPORATED,-120.8905029296875,38.183540344238281
90928768,2019,2019-02-19,9255,2019-02-08,1625,019640,,5,2,9,0500,0,1,3,,1,010,SR-12,"PETTINGER RD",0.00,,Y,A,-,Y,,,12,,,,,,,Y,3,0,2,2,A,-,09,21801,A,N,D,C,A,A,H,-,A,D,0,,,,,Y,,D,22,0,1,1,0,0,0,0,0,0,"- ","- ",38.179061889648438,-120.91796875,CALAVERAS,UNINCORPORATED,-120.91796875,38.179061889648438
90928974,2019,2019-02-19,9255,2019-02-13,1623,020270,,3,2,9,0500,0,1,3,,2,031,SR-26,"HIGDON RD",67.00,W,N,C,-,Y,,,26,,,,,,,Y,4,0,1,1,A,-,03,22350,,N,E,I,A,B,H,-,D,D,0,,,,,Y,,A,01,0,0,1,0,0,0,0,0,0,"- ","- ",38.409999847412109,-120.55551910400391,CALAVERAS,UNINCORPORATED,-120.55552673339844,38.409992218017578
90930249,2019,2019-02-20,9255,2019-02-13,1330,019557,,3,1,9,0500,0,1,3,,2,040,SR-4,"HUNTER DAM RD,.",75.00,E,N,C,-,Y,,,4,,,,,,,Y,3,0,1,1,A,-,08,22107,,N,F,A,A,B,H,-,A,D,0,,,,,Y,,A,07,0,1,0,0,0,0,0,0,0,"- ","- ",38.197189331054688,-120.36621856689453,CALAVERAS,UNINCORPORATED,-120.36622619628906,38.197189331054688
90930906,2019,2019-02-21,9255,2019-02-17,0830,016479,,7,1,9,0500,0,3,5,,2,002,"POOL STATION RD","RIATA WAY",725.00,S,N,C,-,N,,,,,,,,,,Y,4,0,1,1,A,-,05,21650,,N,E,I,A,B,H,-,A,D,0,,,,,Y,,A,01,0,0,1,0,0,0,0,0,0,"- ","- ",38.091159820556641,-120.66291046142578,CALAVERAS,UNINCORPORATED,-120.66289520263672,38.091140747070312
90931134,2019,2019-02-21,9255,2019-02-18,1025,018894,,1,1,9,0500,0,1,3,,2,040,"STATE ROUTE 4","HILLCREST DR",200.00,W,N,A,-,Y,,,4,,,,,,,Y,4,0,1,2,A,-,03,22350,,N,D,C,A,C,G,-,A,A,0,,,,,Y,,A,07,0,0,1,0,0,0,0,0,0,"- ","- ",38.19171142578125,-120.36519622802734,CALAVERAS,UNINCORPORATED,-120.36521911621094,38.191719055175781
90931522,2019,2019-02-21,9255,2019-02-14,1945,020142,,4,2,9,0500,0,1,3,,1,010,SR-12,"TOLL BRIDGE RD",350.00,W,N,C,-,Y,,,12,,,,,,,Y,4,0,1,1,A,-,01,23152,A,N,E,I,A,B,H,-,D,D,0,,,,,Y,Y,A,07,0,0,1,0,0,0,0,0,0,"- ","- ",38.206378936767578,-120.71124267578125,CALAVERAS,UNINCORPORATED,-120.71123504638672,38.206367492675781
90932090,2019,2019-02-22,9255,2019-02-16,1600,018492,,6,2,9,0500,0,1,3,,2,050,SR-4,"BIG TREES PKWY",1584.00,W,N,B,D,Y,,,4,,,,,,,N,4,0,1,2,A,-,02,22400,A,N,C,C,A,C,H,-,A,D,0,,,,Y,Y,,A,07,0,0,1,0,0,0,0,0,0,"- ","- ",38.273971557617188,-120.3167724609375,CALAVERAS,UNINCORPORATED,-120.31678771972656,38.274093627929688
90933245,2019,2019-02-25,9255,2019-02-23,1700,016918,,6,2,9,0500,0,1,3,,1,010,SR-12,"CHESTNUT ST",545.00,E,N,A,-,N,,,12,,,,,,,Y,4,0,1,2,A,-,09,21802,A,N,D,C,A,A,H,-,A,A,0,,,,,Y,,A,07,0,0,1,0,0,0,0,0,0,"- ","- ",38.192550659179688,-120.82633972167969,CALAVERAS,UNINCORPORATED,-120.82633209228516,38.1925048828125
90943206,2019,2019-05-07,9255,2019-03-02,2000,018318,,6,2,9,0500,0,1,3,,1,021,SR-4,"ANGEL OAKS DR",5280.00,W,N,B,C,Y,,,4,,,,,,,Y,4,0,1,3,A,-,05,21650,,N,B,C,A,B,H,-,D,D,0,,,,,Y,,D,22,0,0,1,0,0,0,0,0,0,"- ","- ",38.071998596191406,-120.57877349853516,CALAVERAS,UNINCORPORATED,-120.57881164550781,38.072193145751953
90943229,2019,2019-03-11,9255,2019-03-05,1728,020270,,2,2,9,0500,0,1,3,,2,040,SR-4,"PARROTS FERRY RD",0.00,,Y,A,-,Y,,,4,,,,,,,Y,3,0,2,2,A,-,09,21801,A,N,A,C,A,A,H,-,A,D,0,,,,,Y,,D,22,0,2,0,0,0,0,0,0,0,"- ","- ",38.095180511474609,-120.47168731689453,CALAVERAS,UNINCORPORATED,-120.47172546386719,38.095188140869141
90945442,2019,2019-03-13,9255,2019-03-10,0940,016479,,7,1,9,0500,0,1,3,,1,021,SR-4,"POOL STATION RD",686.00,E,N,A,-,Y,,,4,,,,,,,Y,4,0,4,1,A,-,05,21650,,N,E,I,A,A,H,-,A,D,0,,,,,Y,,A,01,0,0,4,0,0,0,0,0,0,"- ","- ",38.046470642089844,-120.64678192138672,CALAVERAS,UNINCORPORATED,-120.646728515625,38.046443939208984
90946879,2019,2019-03-15,9255,2019-03-10,1735,018894,,7,2,9,0500,0,1,3,,1,021,"STATE ROUTE 4","STALLION WAY",7920.00,E,N,B,-,Y,,,4,,,,,,,Y,3,0,1,1,A,-,01,23152,A,N,E,I,A,B,H,-,B,D,0,,,,,Y,Y,D,22,0,1,0,0,0,0,0,0,0,"- ","- ",38.068660736083984,-120.61044311523438,CALAVERAS,UNINCORPORATED,-120.61044311523438,38.068706512451172
90947247,2019,2019-03-15,9255,2019-03-09,1855,019534,,6,2,9,0500,0,2,4,,1,041,"FRENCH GULCH ROAD","MURPHYS GRADE RD",133.00,W,N,B,C,N,,,,,,,,,,Y,4,0,1,1,A,-,08,22107,,N,F,A,A,B,H,-,C,D,0,,,,,Y,Y,D,22,0,0,1,0,0,0,0,0,0,"- ","- ",38.137958526611328,-120.4691162109375,CALAVERAS,UNINCORPORATED,-120.51919555664062,38.105552673339844
90948182,2019,2019-03-18,9255,2019-03-09,1821,018318,,6,2,9,0500,0,3,5,,2,002,"LITTLE JOHN RD","OXYOKE LN",2233.00,S,N,B,C,N,,,,,,,,,,Y,4,0,2,2,A,-,01,23152,A,N,B,C,A,B,H,-,A,D,0,,,,,Y,Y,A,01,0,0,2,0,0,0,0,0,0,"- ","- ",37.964008331298828,-120.65518188476562,CALAVERAS,UNINCORPORATED,-120.655517578125,37.964561462402344
90948676,2019,2019-03-19,9255,2019-03-14,1430,020270,,4,2,9,0500,0,1,3,,1,010,SR-12,"MESSING RD",7.00,E,N,A,-,Y,,,12,,,,,,,Y,2,0,2,1,A,-,08,22107,,N,E,I,A,A,H,-,A,D,0,,,,,Y,,A,08,2,0,0,0,0,0,0,0,0,"- ","- ",38.180751800537109,-120.90878295898438,CALAVERAS,UNINCORPORATED,-120.90876770019531,38.180713653564453
90951323,2019,2019-03-22,9255,2019-03-18,1609,020270,,1,2,9,0500,0,3,5,,2,001,"BALDWIN ST","TREOSTI PL",351.00,W,N,A,-,N,,,,,,,,,,N,3,0,1,1,A,-,08,22107,,N,F,A,A,A,H,-,A,D,0,,,Y,,Y,,C,02,0,1,0,0,0,0,0,0,1,"- ","- ",38.122760772705078,-120.85202789306641,CALAVERAS,UNINCORPORATED,-120.86193084716797,38.14019775390625
90951327,2019,2019-03-22,9255,2019-03-15,1510,021070,,5,2,9,0500,0,3,5,,2,001,"MILTON RD","LANFORD PACHECO RD",1607.00,N,N,A,-,N,,,,,,,,,,N,2,0,1,1,C,-,18,,,N,H,H,A,A,H,-,A,D,0,,,Y,,Y,,-,"- ",1,0,0,0,0,0,0,0,1,"- ","- ",38.082199096679688,-120.87335205078125,CALAVERAS,UNINCORPORATED,-120.87332916259766,38.082489013671875
90958723,2019,2019-04-02,9255,2019-03-26,1100,016479,,2,1,9,0500,0,2,4,,1,022,"OBYRNES FERRY RD","COPPER COVE DR",41.00,S,N,B,-,N,,,,,,,,,,Y,3,0,2,2,A,-,03,22350,,N,C,C,A,A,H,-,A,D,0,,,,,Y,,A,01,0,1,1,0,0,0,0,0,0,"- ","- ",37.939990997314453,-120.60543060302734,CALAVERAS,UNINCORPORATED,-120.60542297363281,37.939918518066406
90958827,2019,2019-04-02,9255,2019-03-25,1145,020142,,1,1,9,0500,0,1,3,,2,031,SR-26,"MAIN ST",43.00,W,N,A,-,Y,,,26,,,,,,,Y,3,0,1,2,A,-,03,22350,,N,C,C,A,A,H,-,A,D,0,,,,,Y,,D,22,0,1,0,0,0,0,0,0,0,"- ","- ",38.403099060058594,-120.52649688720703,CALAVERAS,UNINCORPORATED,-120.52645874023438,38.403186798095703
90960433,2019,2019-04-03,9255,2019-03-27,1120,018894,,3,1,9,0500,0,1,3,,2,050,"STATE ROUTE 4","BIG TREES PKY",575.00,E,N,B,C,Y,,,4,,,,,,,Y,2,0,1,1,A,-,08,22107,,N,E,I,A,B,H,-,A,D,0,,,,,Y,,D,22,1,0,0,0,0,0,0,0,0,"- ","- ",38.278640747070312,-120.31060028076172,CALAVERAS,UNINCORPORATED,-120.31059265136719,38.278640747070312
90960773,2019,2019-04-04,9255,2019-04-02,1500,019534,,2,2,9,0500,0,1,3,,2,031,"STATE ROUTE 26","GILLHAVEN RD",0.00,,N,B,C,Y,,,26,,,,,,,Y,4,0,1,1,A,-,03,22350,,N,E,I,A,B,H,-,A,D,0,,,,,Y,,D,22,0,0,1,0,0,0,0,0,0,"- ","- ",38.317211151123047,-120.65267944335938,CALAVERAS,UNINCORPORATED,-120.65274810791016,38.317226409912109
90961415,2019,2019-04-04,9255,2019-03-28,1625,020414,,4,2,9,0500,0,1,3,,1,010,SR-12,"DOUBLE SPRINGS RD",4224.00,E,N,B,-,Y,,,12,,,,,,,Y,4,0,1,1,A,-,08,22107,,N,E,I,A,B,H,-,A,D,0,,,,,Y,,A,07,0,0,1,0,0,0,0,0,0,"- ","- ",38.209980010986328,-120.74417114257812,CALAVERAS,UNINCORPORATED,-120.74414825439453,38.210025787353516
90963393,2019,2019-04-08,9255,2019-03-29,1355,016479,,5,1,9,0500,0,1,3,,2,040,SR-4,"HOLIDAY MINE",712.00,W,N,A,-,Y,,,4,,,,,,,Y,3,0,4,2,A,-,09,21804,A,N,D,C,A,A,H,-,A,D,0,,,,,Y,Y,A,01,0,2,2,0,0,0,0,0,0,"- ","- ",38.108001708984375,-120.46240234375,CALAVERAS,UNINCORPORATED,-120.46237945556641,38.107975006103516
90965715,2019,2019-04-11,9255,2019-04-08,1330,018363,,1,1,9,0500,0,1,3,,2,040,"STATE ROUTE 4","INDIAN SPRINGS",2400.00,E,N,A,-,Y,,,4,,,,,,,Y,4,0,1,1,A,-,08,22107,,N,E,I,A,A,H,-,A,D,0,,,,,Y,,A,01,0,0,1,0,0,0,0,0,0,"- ","- ",38.165081024169922,-120.42252349853516,CALAVERAS,UNINCORPORATED,-120.42252349853516,38.165103912353516
90966597,2019,2019-04-12,9255,2019-04-05,1535,020414,,5,2,9,0500,0,1,3,,1,011,SR-26,"JENNY LIND RD",1676.00,E,N,B,-,Y,,,26,,,,,,,Y,2,0,1,1,A,-,08,22107,,N,E,I,A,B,H,-,A,D,0,,,,,Y,,D,22,1,0,0,0,0,0,0,0,0,"- ","- ",38.126850128173828,-120.87490844726562,CALAVERAS,UNINCORPORATED,-120.87494659423828,38.126853942871094
90966606,2019,2019-04-12,9255,2019-04-06,1525,020414,,6,2,9,0500,0,1,3,,1,011,SR-26,"HEINEMANN DR",296.00,E,N,A,-,Y,,,26,,,,,,,N,4,0,1,2,A,-,21,22106,,N,B,E,A,A,H,-,A,D,0,,,Y,,Y,,C,02,0,0,1,0,0,0,0,0,1,"- ","- ",38.155731201171875,-120.85205841064453,CALAVERAS,UNINCORPORATED,-120.85215759277344,38.155792236328125
90967568,2019,2019-04-15,9255,2019-04-07,1200,016479,,7,1,9,0500,0,1,3,,1,020,SR-49,"RED HILL RD",4682.00,S,N,A,-,Y,,,49,,,,,,,Y,2,0,1,1,A,-,03,22350,,N,F,A,A,A,H,-,A,D,0,,,Y,,Y,,C,02,1,0,0,0,0,0,0,0,1,"- ","- ",38.027351379394531,-120.51077270507812,CALAVERAS,UNINCORPORATED,-120.51088714599609,38.027435302734375
90968631,2019,2019-04-16,9255,2019-04-07,2057,020414,,7,2,9,0500,0,1,3,,1,011,SR-26,"NOVE WAY",195.00,E,N,A,-,Y,,,26,,,,,,,Y,3,0,1,2,A,-,01,23152,A,N,D,C,A,A,H,-,C,D,0,,,,,Y,Y,D,22,0,1,0,0,0,0,0,0,0,"- ","- ",38.188709259033203,-120.82679748535156,CALAVERAS,UNINCORPORATED,-120.82682800292969,38.188690185546875
90969509,2019,2019-04-17,9255,2019-03-10,2006,020270,,7,2,9,0500,0,3,5,,2,002,"LITTLE JOHN RD","SADDLE CREEK DR",255.00,S,N,A,-,N,,,,,,,,,,N,1,1,0,2,A,-,11,21954,A,N,G,B,D,A,H,-,D,D,0,Y,,,,Y,,N,60,0,0,0,1,0,0,0,0,0,"- ","- ",37.922161102294922,-120.63292694091797,CALAVERAS,UNINCORPORATED,-120.63338470458984,37.922500610351562
90971986,2019,2019-04-22,9255,2019-04-14,2500,021070,,7,4,9,0500,0,1,3,,2,030,SR-49,"FRICOT CITY RD",1082.00,N,N,A,-,Y,,,49,,,,,,,Y,2,0,1,1,A,-,01,23152,A,N,E,I,A,A,H,-,D,D,0,,,,,Y,Y,A,01,1,0,0,0,0,0,0,0,0,"- ","- ",38.1356201171875,-120.63542175292969,CALAVERAS,UNINCORPORATED,-120.63535308837891,38.1356201171875
90972255,2019,2019-04-22,9255,2019-03-18,0720,018363,,1,1,9,0500,0,1,3,,1,010,"STATE ROUTE 12","SOUTHWORTH RD",0.00,,Y,A,-,Y,,,12,,,,,,,Y,2,0,2,3,A,-,09,21802,A,F,D,C,A,A,H,-,A,A,0,,,,,Y,,A,01,2,0,0,0,0,0,0,0,0,"- ","- ",38.179740905761719,-120.95957183837891,CALAVERAS,UNINCORPORATED,-120.95955657958984,38.179775238037109
90973038,2019,2019-04-23,9255,2019-04-18,2005,020414,,4,2,9,0500,0,3,5,,2,001,"KIRBY ST","BALDWIN ST",157.00,W,N,A,-,N,,,,,,,,,,N,4,0,1,2,A,-,03,22350,,M,G,B,E,A,H,-,D,D,0,Y,,,,Y,,A,07,0,0,1,0,1,0,0,0,0,"- ","- ",38.110248565673828,-120.8673095703125,CALAVERAS,UNINCORPORATED,-120.86727905273438,38.1102294921875
90976973,2019,2019-04-26,9255,2019-04-25,2122,021070,,4,2,9,0500,0,1,3,,2,050,SR-4,"HOWARD CT",1151.00,E,N,A,-,Y,,,4,,,,,,,Y,2,0,1,1,C,-,18,,,N,H,H,A,A,H,-,D,D,0,,,Y,,Y,,-,"- ",1,0,0,0,0,0,0,0,1,"- ","- ",38.210941314697266,-120.36859893798828,CALAVERAS,UNINCORPORATED,-120.36857604980469,38.210948944091797
90977663,2019,2019-04-29,9255,2019-04-19,1401,019525,,5,2,9,0500,0,3,5,,2,001,"BALDWIN ST","GARNER PL",0.00,,Y,B,-,N,,,,,,,,,,Y,3,0,2,2,A,-,09,21802,A,N,D,C,A,A,H,-,A,A,0,,,,,Y,,A,01,0,2,0,0,0,0,0,0,0,"- ","- ",38.118110656738281,-120.86097717285156,CALAVERAS,UNINCORPORATED,-120.86093902587891,38.118171691894531
90977894,2019,2019-04-29,9255,2019-04-22,1550,020142,,1,2,9,0500,0,1,3,,2,040,SR-4,"RED HILL RD",11.00,W,N,A,-,Y,,,4,,,,,,,Y,3,0,1,2,A,-,09,21801,A,N,D,C,A,A,H,-,A,D,0,,,,,Y,,A,01,0,1,0,0,0,0,0,0,0,"- ","- ",38.093410491943359,-120.48471069335938,CALAVERAS,UNINCORPORATED,-120.48471069335938,38.093368530273438
90978245,2019,2019-04-29,9255,2019-04-23,0940,016918,,2,1,9,0500,0,3,5,,2,002,"WHITTLE RD",SR-49,4224.00,W,N,A,-,N,,,,,,,,,,N,2,0,1,2,A,-,03,22350,,N,C,G,A,A,H,-,A,D,0,,Y,,,Y,,L,04,1,0,0,0,0,0,1,0,0,"- ","- ",38.037891387939453,-120.53163909912109,CALAVERAS,UNINCORPORATED,-120.53500366210938,38.054897308349609
90978788,2019,2019-04-30,9255,2019-04-24,1105,018363,,3,1,9,0500,0,1,3,,2,030,"STATE ROUTE 49","FOURTH CROSSING RD",0.00,,Y,A,-,Y,,,49,,,,,,,Y,2,0,1,2,A,-,03,22350,,N,C,C,A,A,H,-,A,D,0,,,,,Y,,A,01,1,0,0,0,0,0,0,0,0,"- ","- ",38.132671356201172,-120.63503265380859,CALAVERAS,UNINCORPORATED,-120.63498687744141,38.132675170898438
90980462,2019,2019-05-02,9255,2019-04-19,2100,018873,,5,2,9,0500,0,1,3,,2,040,"LIVE OAK DR",SR-4,0.00,,Y,A,-,Y,,,,,,,,,,N,4,0,1,2,A,-,12,22450,A,F,G,B,D,A,H,-,D,A,0,Y,,,,Y,,-,99,0,0,1,0,1,0,0,0,0,"- ","- ",38.110939025878906,-120.45870208740234,CALAVERAS,UNINCORPORATED,-120.45876312255859,38.110939025878906
90981170,2019,2019-05-03,9255,2019-04-26,1920,020142,,5,2,9,0500,0,1,3,,1,011,SR-26,"GOLD CREEK DR",471.00,W,N,A,-,Y,,,26,,,,,,,Y,4,0,1,2,A,-,08,22107,,N,A,C,A,A,H,-,A,D,0,,,,,Y,,A,01,0,0,1,0,0,0,0,0,0,"- ","- ",38.177589416503906,-120.83101654052734,CALAVERAS,UNINCORPORATED,-120.83097076416016,38.177570343017578
90981774,2019,2019-05-03,9255,2019-04-25,1725,018873,,4,2,9,0500,0,1,3,,2,050,SR-4,6N45,1200.00,E,N,A,-,Y,,,4,,,,,,,Y,3,0,1,1,A,-,01,23152,A,N,E,I,A,A,H,-,A,D,0,,,,,Y,Y,D,22,0,1,0,0,0,0,0,0,0,"- ","- ",38.388221740722656,-120.18402862548828,CALAVERAS,UNINCORPORATED,-120.18394470214844,38.388156890869141
90982730,2019,2019-05-06,9255,2019-04-28,1750,019534,,7,2,9,0500,0,3,5,,2,001,"HANLEY DR","HARTVICKSON LN",528.00,W,N,A,-,N,,,,,,,,,,N,3,0,1,1,A,-,13,22515,A,N,H,A,A,A,H,-,A,D,0,,,,,Y,,D,22,0,1,0,0,0,0,0,0,0,"- ","- ",38.147769927978516,-120.85060119628906,CALAVERAS,UNINCORPORATED,-120.85025024414062,38.147811889648438
90985381,2019,2019-05-09,9255,2019-05-05,0750,016479,,7,1,9,0500,0,1,3,,2,030,SR-49,"CALAVERAS/AMADOR CO LINE",4752.00,S,N,A,-,Y,,,49,,,,,,,Y,3,0,1,1,A,-,03,22350,,N,F,A,A,A,H,-,A,D,0,,,,Y,Y,,F,26,0,1,0,0,0,0,0,0,0,"- ","- ",38.305671691894531,-120.72831726074219,CALAVERAS,UNINCORPORATED,-120.72835540771484,38.305644989013672
90986996,2019,2019-05-13,9255,2019-05-04,1525,019640,,6,2,9,0500,0,1,3,,1,021,SR-4,"POOL STATION RD",1584.00,W,N,A,-,Y,,,4,,,,,,,Y,3,0,2,1,A,-,08,22107,,N,E,I,A,A,H,-,A,D,0,,,,,Y,,D,22,0,1,1,0,0,0,0,0,0,"- ","- ",38.039588928222656,-120.64771270751953,CALAVERAS,UNINCORPORATED,-120.64766693115234,38.039608001708984
90990912,2019,2019-05-17,9255,2019-05-15,1800,018318,,3,2,9,0500,0,1,3,,2,030,SR-49,"BIG BAR LAUNCH",70.00,S,N,B,-,Y,,,49,,,,,,,Y,4,0,1,1,A,-,08,22107,,N,E,I,A,A,H,-,A,D,0,,,,,Y,,D,22,0,0,1,0,0,0,0,0,0,"- ","- ",38.309879302978516,-120.72251129150391,CALAVERAS,UNINCORPORATED,-120.72245025634766,38.309837341308594
90991660,2019,2019-05-20,9255,2019-05-16,1546,019996,,4,2,9,0500,0,1,3,,2,030,SR-49,"MOUNTAIN RANCH ROAD",0.00,,Y,B,C,Y,,,49,,,,,,,Y,4,0,1,2,A,-,09,21801,A,N,A,C,A,B,H,-,A,A,0,,,,,Y,,A,01,0,0,1,0,0,0,0,0,0,"- ","- ",38.189151763916016,-120.67453765869141,CALAVERAS,UNINCORPORATED,-120.67453002929688,38.189151763916016
90993165,2019,2019-05-21,9255,2019-05-17,1715,019996,,5,2,9,0500,0,3,5,,2,003,"HAWVER ROAD","DOSTER ROAD",7920.00,W,N,A,B,N,,,,,,,,,,Y,3,0,1,1,A,-,01,23152,A,N,E,I,A,B,H,-,A,D,0,,,,,Y,Y,A,07,0,1,0,0,0,0,0,0,0,"- ","- ",38.231601715087891,-120.65534973144531,CALAVERAS,UNINCORPORATED,-120.6622314453125,38.259819030761719
90995198,2019,2019-05-23,9255,2019-05-18,0650,017324,,6,1,9,0500,0,1,3,,2,040,"STATE ROUTE 4","PARROTS FERRY ROAD",430.00,E,N,A,-,Y,,,4,,,,,,,Y,3,0,1,1,A,-,01,23152,A,N,E,I,A,A,H,-,A,D,0,,,,,Y,Y,D,22,0,1,0,0,0,0,0,0,0,"- ","- ",38.096458435058594,-120.47157287597656,CALAVERAS,UNINCORPORATED,-120.47148132324219,38.096443176269531
90995205,2019,2019-05-23,9255,2019-05-19,1655,020142,,7,2,9,0500,0,1,3,,1,011,SR-26,"JEAN ST",210.00,E,N,B,C,Y,,,26,,,,,,,Y,3,0,2,2,A,-,09,21804,A,N,D,C,A,B,H,-,A,A,0,,,,,Y,Y,D,22,0,1,1,0,0,0,0,0,0,"- ","- ",38.190799713134766,-120.82804107666016,CALAVERAS,UNINCORPORATED,-120.82806396484375,38.190788269042969
90997046,2019,2019-05-28,9255,2019-05-19,1705,019996,,7,2,9,0500,0,1,3,,1,011,"HOGAN DAM ROAD",SR-26,226.00,S,N,B,-,Y,,,,,,,,,,N,4,0,1,1,C,-,18,,,N,E,I,A,A,H,-,A,D,0,,,,,Y,,-,"- ",0,0,1,0,0,0,0,0,0,"- ","- ",38.185691833496094,-120.82530212402344,CALAVERAS,UNINCORPORATED,-120.82566070556641,38.185489654541016
90998929,2019,2019-05-30,9255,2019-05-25,1715,020142,,6,2,9,0500,0,3,5,,2,100,"NEW HOGAN PKY","WRINKLE COVE ACCESS RD",528.00,E,N,A,-,N,,,,,,,,,,N,3,0,1,1,A,-,03,22350,,N,F,A,A,A,H,-,A,D,0,,,Y,,Y,,C,06,0,1,0,0,0,0,0,0,1,"- ","- ",38.173751831054688,-120.80606079101562,CALAVERAS,UNINCORPORATED,-120.80584716796875,38.173629760742188
91000825,2019,2019-05-31,9255,2019-05-23,0710,018873,,4,1,9,0500,0,1,3,,1,011,SR-26,"DRIVER RD",60.00,E,N,A,-,Y,,,26,,,,,,,Y,4,0,2,2,A,-,03,22350,,N,C,C,A,A,H,-,A,D,0,,,,,Y,,D,22,0,0,2,0,0,0,0,0,0,"- ","- ",38.139980316162109,-120.86508941650391,CALAVERAS,UNINCORPORATED,-120.86502075195312,38.139934539794922
91001937,2019,2019-06-03,9255,2019-05-24,1349,019534,,5,1,9,0500,0,3,5,,2,001,"CHESTNUT ST","DAPHNE ST",0.00,,Y,A,-,N,,,,,,,,,,Y,2,0,1,2,A,-,09,21802,A,N,D,C,A,A,H,-,A,A,0,,,Y,,Y,Y,A,01,1,0,0,0,0,0,0,0,1,"- ","- ",38.192958831787109,-120.82920074462891,CALAVERAS,UNINCORPORATED,-120.82923889160156,38.192909240722656
91002275,2019,2019-06-03,9255,2019-05-30,1115,018363,,4,1,9,0500,0,1,3,,2,050,"STATE ROUTE 4","PINE DR",140.00,W,N,A,-,Y,,,4,,,,,,,Y,3,0,1,2,A,-,09,21801,A,N,D,C,A,A,H,-,A,D,0,,,,,Y,,A,07,0,1,0,0,0,0,0,0,0,"- ","- ",38.252811431884766,-120.35546112060547,CALAVERAS,UNINCORPORATED,-120.35546875,38.252819061279297
91002855,2019,2019-06-04,9255,2019-05-27,1745,019557,,1,2,9,0500,0,1,3,,2,040,SR-4,"HUNTER DAM RD",1056.00,E,N,B,-,Y,,,4,,,,,,,Y,2,0,3,2,A,-,05,21460,A,N,A,C,A,A,H,-,A,D,0,,,,,Y,,D,22,1,2,0,0,0,0,0,0,0,"- ","- ",38.198410034179688,-120.36593627929688,CALAVERAS,UNINCORPORATED,-120.36590576171875,38.198387145996094
91004068,2019,2019-06-05,9255,2019-05-31,1821,019996,,5,2,9,0500,0,1,3,,2,030,SR-26,SR-49,0.00,,Y,A,-,Y,,,26,,,,,,,Y,4,0,1,2,A,-,09,21802,A,N,D,C,A,A,H,-,A,A,0,,,,,Y,,A,01,0,0,1,0,0,0,0,0,0,"- ","- ",38.297821044921875,-120.70465087890625,CALAVERAS,UNINCORPORATED,-120.70465087890625,38.297817230224609
91006958,2019,2019-06-10,9255,2019-06-06,1055,019534,,4,1,9,0500,0,1,3,,1,011,"STATE ROUTE 26","DOUBLE SPRINGS RD",0.00,,Y,A,-,Y,,,26,,,,,,,Y,4,0,2,2,A,-,09,21802,A,N,D,C,A,A,H,-,A,A,0,,,,,Y,,A,07,0,0,2,0,0,0,0,0,0,"- ","- ",38.215099334716797,-120.76332855224609,CALAVERAS,UNINCORPORATED,-120.76333618164062,38.215103149414062
91012562,2019,2019-06-18,9255,2019-06-14,1219,019525,,5,1,9,0500,0,1,3,,1,011,SR-26,"HEINEMANN DR",528.00,W,N,A,-,Y,,,26,,,,,,,Y,4,0,1,1,A,-,08,22107,,N,E,I,A,A,H,-,A,D,0,,,,,Y,,A,01,0,0,1,0,0,0,0,0,0,"- ","- ",38.152328491210938,-120.85617065429688,CALAVERAS,UNINCORPORATED,-120.85615539550781,38.152317047119141
91012673,2019,2019-06-18,9255,2019-06-15,0250,013939,,6,3,9,0500,0,2,4,,2,042,"PARROTS FERRY ROAD","CONFLUENCE LANE",36.00,N,N,A,-,N,,,,,,,,,,Y,2,0,1,1,A,-,03,22350,,N,F,A,A,A,H,-,D,D,0,,,Y,,Y,,C,02,1,0,0,0,0,0,0,0,1,"- ","- ",38.081951141357422,-120.45937347412109,CALAVERAS,UNINCORPORATED,-120.45936584472656,38.081779479980469
91012757,2019,2019-06-18,9255,2019-06-15,1620,020270,,6,2,9,0500,0,3,5,,2,003,"INDEPENDENCE RD","RIDGE RD",2464.00,N,N,A,-,N,,,,,,,,,,N,3,0,1,2,A,-,05,21460,A,N,B,C,A,A,H,-,A,D,0,,,Y,,Y,,C,02,0,1,0,0,0,0,0,0,1,"- ","- ",38.346668243408203,-120.56564331054688,CALAVERAS,UNINCORPORATED,-120.56644439697266,38.346607208251953
91014043,2019,2019-06-20,9255,2019-06-17,1602,021070,,1,2,9,0500,0,3,5,,2,001,"JENNY LIND RD","KIRBY ST",0.00,,Y,A,-,N,,,,,,,,,,Y,4,0,2,3,A,-,09,21801,A,N,D,C,A,A,H,-,A,A,0,,,,,Y,,A,01,0,0,2,0,0,0,0,0,0,"- ","- ",38.111148834228516,-120.87920379638672,CALAVERAS,UNINCORPORATED,-120.87924194335938,38.111148834228516
91014064,2019,2019-06-20,9255,2019-06-18,2310,013939,,2,3,9,0500,0,3,5,,2,001,"PALOMA ROAD","WATERTOWN ROAD",4281.00,N,N,A,-,N,,,,,,,,,,N,3,0,1,1,A,-,05,21650,,N,E,I,A,A,H,-,D,D,0,,,,,Y,,A,07,0,1,0,0,0,0,0,0,0,"- ","- ",38.217731475830078,-120.82527160644531,CALAVERAS,UNINCORPORATED,-120.82530975341797,38.216007232666016
91014822,2019,2019-06-21,9255,2019-06-16,1557,019996,,7,2,9,0500,0,1,3,,2,030,SR-49,"CENTER STREET",8448.00,N,N,A,-,Y,,,49,,,,,,,Y,3,0,1,1,A,-,08,22107,,N,E,I,A,A,H,-,A,D,0,,,Y,,Y,,C,02,0,1,0,0,0,0,0,0,1,"- ","- ",38.305820465087891,-120.72711944580078,CALAVERAS,UNINCORPORATED,-120.72724151611328,38.305801391601562
91016852,2019,2019-06-25,9255,2019-06-22,2130,013939,,6,2,9,0500,0,3,5,,2,001,"ADAMS ROAD","WARREN ROAD",0.00,,Y,A,-,N,,,,,,,,,,Y,2,0,1,1,A,-,01,23152,A,N,E,I,A,A,H,-,D,D,0,,,,,Y,Y,A,07,1,0,0,0,0,0,0,0,0,"- ","- ",38.133731842041016,-120.92643737792969,CALAVERAS,UNINCORPORATED,-120.92642974853516,38.133831024169922
91016875,2019,2019-06-25,9255,2019-06-22,2028,019996,,6,2,9,0500,0,1,3,,2,031,SR-26,"IRIS WAY",298.00,E,N,A,-,Y,,,26,,,,,,,Y,2,0,1,1,A,-,01,23152,G,N,E,I,A,A,H,-,A,D,0,,,,,Y,,A,01,1,0,0,0,0,0,0,0,0,"- ","- ",38.409778594970703,-120.55478668212891,CALAVERAS,UNINCORPORATED,-120.55478668212891,38.409793853759766
91017462,2019,2019-06-25,9255,2019-06-17,0905,019525,,1,1,9,0500,0,3,5,,2,001,"BALDWIN ST","DIXON CT",234.00,E,N,A,-,N,,,,,,,,,,Y,3,0,2,1,A,-,08,22107,,N,E,I,A,A,H,-,A,D,0,,,,,Y,,A,01,0,2,0,0,0,0,0,0,0,"- ","- ",38.139228820800781,-120.85761260986328,CALAVERAS,UNINCORPORATED,-120.85797119140625,38.139198303222656
91018206,2019,2019-06-26,9255,2019-06-20,1115,018873,,4,1,9,0500,0,3,5,,2,003,"BALD MOUNTAIN RD",SR-26,97.00,E,N,A,-,N,,,,,,,,,,Y,4,0,1,1,C,-,18,,,N,E,I,A,A,H,-,A,D,0,,,,,Y,,-,"- ",0,0,1,0,0,0,0,0,0,"- ","- ",38.399028778076172,-120.52609252929688,CALAVERAS,UNINCORPORATED,-120.52665710449219,38.3992919921875
91018313,2019,2019-06-26,9255,2019-06-23,1220,019525,,7,1,9,0500,0,1,3,,1,021,SR-4,"POOL STATION RD",528.00,E,N,A,-,Y,,,4,,,,,,,N,3,0,1,1,A,-,08,22107,,N,F,A,A,A,H,-,A,D,0,,,Y,,Y,,C,02,0,1,0,0,0,0,0,0,1,"- ","- ",38.046669006347656,-120.6466064453125,CALAVERAS,UNINCORPORATED,-120.64658355712891,38.046638488769531
91018470,2019,2019-06-26,9255,2019-06-21,1730,020414,,5,2,9,0500,0,3,5,,2,004,"FRENCH GULCH RD","DARBY LN",4752.00,W,N,A,-,N,,,,,,,,,,Y,4,0,1,1,A,-,08,22107,,N,E,I,A,A,H,-,A,D,0,,,,,Y,,A,07,0,0,1,0,0,0,0,0,0,"- ","- ",38.128631591796875,-120.50170135498047,CALAVERAS,UNINCORPORATED,-120.50926971435547,38.121109008789062
91018865,2019,2019-06-27,9255,2019-06-22,0255,020563,,6,3,9,0500,0,1,3,,1,010,SR-12,"DOUBLE SPRINGS RD",3696.00,E,N,A,-,Y,,,12,,,,,,,Y,3,0,1,1,A,-,01,23152,A,N,F,A,A,A,H,-,D,D,0,,,,,Y,Y,D,22,0,1,0,0,0,0,0,0,0,"- ","- ",38.209648132324219,-120.74346923828125,CALAVERAS,UNINCORPORATED,-120.74343872070312,38.209735870361328
91023811,2019,2019-07-03,9255,2019-06-22,1430,018894,,6,2,9,0500,0,3,5,,2,005,"USFS ROAD 7N23","USFS ROAD 6N03",25.00,N,N,A,-,N,,,,,,,,,,N,2,0,1,1,A,-,08,38314,,N,E,I,A,A,H,-,A,D,0,,,Y,,Y,,C,06,1,0,0,0,0,0,0,0,1,"- ","- ",38.408500671386719,-120.19403076171875,CALAVERAS,UNINCORPORATED,-120.19392395019531,38.408481597900391
91023834,2019,2019-07-03,9255,2019-06-29,2230,013939,,6,3,9,0500,0,2,4,,1,022,"OBYRNES FERRY ROAD","COSMIC COURT",3168.00,S,N,A,-,N,,,,,,,,,,Y,2,0,1,1,A,-,05,21650,,N,E,I,A,A,H,-,D,D,0,,,,,Y,,A,07,1,0,0,0,0,0,0,0,0,"- ","- ",38.926948547363281,-120.59677124023438,CALAVERAS,UNINCORPORATED,-120.5982666015625,37.928611755371094
91024249,2019,2019-07-17,9255,2019-07-01,0030,019557,,1,3,9,0500,0,1,3,,2,030,SR-49,"RIVER RANCH RD.",50.00,N,N,A,-,Y,,,49,,,,,,,Y,2,0,1,1,A,-,01,23152,A,N,E,I,A,A,H,-,D,D,0,,,,,Y,Y,A,01,1,0,0,0,0,0,0,0,0,"- ","- ",38.237789154052734,-120.71056365966797,CALAVERAS,UNINCORPORATED,-120.710693359375,38.237781524658203
91024983,2019,2019-07-05,9255,2019-06-30,1632,021070,,7,2,9,0500,0,1,3,,1,010,SR-12,"BOLLEA RD",203.00,S,N,A,-,Y,,,12,,,,,,,Y,3,0,1,2,A,-,09,21804,A,N,D,C,A,A,H,-,A,D,0,,,,,Y,,A,07,0,1,0,0,0,0,0,0,0,"- ","- ",38.195209503173828,-120.97908782958984,CALAVERAS,UNINCORPORATED,-120.9791259765625,38.195186614990234
91026135,2019,2019-07-08,9255,2019-07-05,1538,021070,,5,2,9,0500,0,1,3,,2,030,SR-49,"BIG BAR RD",5256.00,S,N,A,-,Y,,,49,,,,,,,Y,4,0,4,2,A,-,05,21460,A,N,A,C,A,A,H,-,A,D,0,,,,,Y,,D,22,0,0,4,0,0,0,0,0,0,"- ","- ",38.303920745849609,-120.72994232177734,CALAVERAS,UNINCORPORATED,-120.73001098632812,38.303958892822266
91027614,2019,2019-10-21,9255,2019-07-03,1227,020270,,3,1,9,0500,0,1,3,,2,031,SR-26,"DOWLING RD.",233.00,W,N,A,-,Y,,,26,,,,,,,Y,3,0,1,2,A,-,09,21804,A,N,D,C,A,A,H,-,A,D,0,,,Y,,Y,,A,07,0,1,0,0,0,0,0,0,1,"- ","- ",38.409328460693359,-120.53507232666016,CALAVERAS,UNINCORPORATED,-120.53506469726562,38.409351348876953
91031354,2019,2019-07-16,9255,2019-07-12,1035,019534,,5,1,9,0500,0,1,3,,1,010,"STATE ROUTE 12","DOUBLE SPRINGS RD",1275.00,E,N,A,-,Y,,,12,,,,,,,Y,3,0,1,1,A,-,01,23152,F,N,F,A,A,A,H,-,A,D,0,,,,,Y,,D,22,0,1,0,0,0,0,0,0,0,"- ","- ",38.208389282226562,-120.78675842285156,CALAVERAS,UNINCORPORATED,-120.78672027587891,38.20831298828125
91035415,2019,2019-07-22,9255,2019-07-12,1948,021070,,5,2,9,0500,0,1,3,,1,010,SR-12,"BURSON RD",0.00,,Y,A,-,Y,,,12,,,,,,,N,4,0,2,2,A,-,09,21802,A,N,D,C,A,A,H,-,B,A,0,,,,,Y,,A,01,0,0,2,0,0,0,0,0,0,"- ","- ",38.183559417724609,-120.89044189453125,CALAVERAS,UNINCORPORATED,-120.89044189453125,38.183544158935547
91036674,2019,2019-07-24,9255,2019-07-20,1035,018363,,6,1,9,0500,0,3,5,,2,002,"LITTLE JOHN RD","MOCCASIN ST",890.00,N,N,A,-,N,,,,,,,,,,Y,3,0,5,3,A,-,05,21460,A,N,B,C,A,A,H,-,A,D,0,,,,,Y,,A,01,0,5,0,0,0,0,0,0,0,"- ","- ",37.913608551025391,-120.62187957763672,CALAVERAS,UNINCORPORATED,-120.62183380126953,37.913532257080078
91037506,2019,2019-07-25,9255,2019-07-23,0920,020142,,2,1,9,0500,0,1,3,,1,011,SR-26,"JENNY LIND RD",0.00,,Y,A,-,Y,,,26,,,,,,,N,4,0,1,2,A,-,09,21802,A,N,D,C,A,A,H,-,A,A,0,,,,,Y,,A,01,0,0,1,0,0,0,0,0,0,"- ","- ",38.122699737548828,-120.87754058837891,CALAVERAS,UNINCORPORATED,-120.87754821777344,38.122718811035156
91037522,2019,2019-07-25,9255,2019-07-20,1800,020563,,6,2,9,0500,0,3,5,,2,001,"DAPHNE ST","CEDAR ST",0.00,,Y,A,-,N,,,,,,,,,,N,3,0,1,1,A,-,08,22107,,N,E,I,A,A,H,-,A,D,0,,,,,Y,,A,07,0,1,0,0,0,0,0,0,0,"- ","- ",38.191089630126953,-120.83083343505859,CALAVERAS,UNINCORPORATED,-120.83071136474609,38.191139221191406
91037528,2019,2019-07-25,9255,2019-07-15,1535,020563,,1,2,9,0500,0,1,3,,1,011,SR-26,"OLIVE ORCHARD RD",750.00,E,N,A,-,Y,,,26,,,,,,,Y,4,0,1,1,A,-,01,23152,A,N,E,I,A,A,H,-,A,D,0,,,,,Y,Y,A,07,0,0,1,0,0,0,0,0,0,"- ","- ",38.131881713867188,-120.87286376953125,CALAVERAS,UNINCORPORATED,-120.872802734375,38.131793975830078
91039433,2019,2019-07-26,9255,2019-07-20,1235,015156,,6,1,9,0500,0,1,3,,2,040,"STATE ROUTE 4","MAIN STREET",40.00,W,N,A,-,Y,,,4,,,,,,,Y,4,0,2,4,A,-,03,22350,,N,C,C,A,A,H,-,A,D,0,,,,,Y,,A,07,0,0,2,0,0,0,0,0,0,"- ","- ",38.136039733886719,-120.45642852783203,CALAVERAS,UNINCORPORATED,-120.4564208984375,38.136043548583984
91039436,2019,2019-07-26,9255,2019-07-20,1110,019534,,6,1,9,0500,0,1,3,,2,031,"STATE ROUTE 26","HUMBUG CREEK RD",0.00,,Y,A,-,Y,,,26,,,,,,,Y,2,0,1,1,A,-,08,22107,,N,E,I,A,A,H,-,A,D,0,,,Y,,Y,,C,02,1,0,0,0,0,0,0,0,1,"- ","- ",38.363121032714844,-120.56140899658203,CALAVERAS,UNINCORPORATED,-120.56140899658203,38.363121032714844
91039621,2019,2019-07-26,9255,2019-07-19,1135,019534,,5,1,9,0500,0,1,3,,2,030,"STATE ROUTE 49","POOL STATION RD",300.00,S,N,A,-,Y,,,49,,,,,,,Y,4,0,1,2,A,-,09,21801,A,N,D,C,A,A,H,-,A,D,0,,,,,Y,,A,07,0,0,1,0,0,0,0,0,0,"- ","- ",38.201030731201172,-120.69228363037109,CALAVERAS,UNINCORPORATED,-120.69229125976562,38.201004028320312
91039632,2019,2019-07-26,9255,2019-07-20,2040,020563,,6,2,9,0500,0,1,3,,1,010,SR-12,SR-49,1320.00,W,N,A,-,Y,,,12,,,,,,,Y,4,0,1,1,A,-,08,22107,,N,E,I,A,A,H,-,D,D,0,,,,,Y,,D,22,0,0,1,0,0,0,0,0,0,"- ","- ",38.207168579101562,-120.70101165771484,CALAVERAS,UNINCORPORATED,-120.70101165771484,38.207164764404297
91040712,2019,2019-07-29,9255,2019-07-25,1355,021070,,4,1,9,0500,0,1,3,,1,011,SR-26,"OLIVE ORCHARD RD",0.00,,Y,A,-,Y,,,26,,,,,,,N,4,0,2,2,A,-,09,21801,A,N,B,C,A,A,H,-,A,D,0,,,,,Y,,E,22,0,0,2,0,0,0,0,0,0,"- ","- ",38.130191802978516,-120.87409973144531,CALAVERAS,UNINCORPORATED,-120.87410736083984,38.130191802978516
91041042,2019,2019-07-29,9255,2019-07-22,1551,019996,,1,2,9,0500,0,1,3,,1,021,SR-4,"POOL STATION RD",2250.00,W,N,A,-,Y,,,4,,,,,,,Y,2,0,1,1,A,-,08,22107,,N,E,I,A,A,H,-,A,D,0,,,Y,,Y,,C,02,1,0,0,0,0,0,0,0,1,"- ","- ",38.038379669189453,-120.64736175537109,CALAVERAS,UNINCORPORATED,-120.64744567871094,38.038379669189453
91041483,2019,2019-07-30,9255,2019-07-24,2100,013939,,3,2,9,0500,0,1,3,,2,040,SR-4,"SUNSET RIDGE COURT",1800.00,W,N,A,-,Y,,,4,,,,,,,N,2,0,1,1,C,-,18,,,N,H,A,A,A,H,-,C,D,0,,,,,Y,,-,"- ",1,0,0,0,0,0,0,0,0,"- ","- ",38.165420532226562,-120.42111968994141,CALAVERAS,UNINCORPORATED,-120.42112731933594,38.165443420410156
91041510,2019,2019-07-30,9255,2019-07-25,1055,018492,,4,1,9,0500,0,3,5,,2,005,"MEADOW DR","RAINY DR",500.00,S,N,A,-,N,,,,,,,,,,Y,4,0,1,2,A,-,09,21804,A,N,H,C,A,A,H,-,A,D,0,,,,Y,Y,,A,07,0,0,1,0,0,0,0,0,0,"- ","- ",38.246730804443359,-120.33212280273438,CALAVERAS,UNINCORPORATED,-120.33284759521484,38.246475219726562
91042227,2019,2019-07-31,9255,2019-07-24,2330,019246,,3,3,9,0500,0,3,5,,2,003,"MOUNTAIN RANCH RD","WILLOW CREEK RD",739.00,E,N,A,-,N,,,,,,,,,,Y,2,0,1,1,A,-,08,22107,,N,F,A,A,A,H,-,D,D,0,,,,,Y,,D,22,1,0,0,0,0,0,0,0,0,"- ","- ",38.19049072265625,-120.64044952392578,CALAVERAS,UNINCORPORATED,-120.64068603515625,38.190483093261719
91043499,2019,2019-08-01,9255,2019-07-31,0415,020142,,3,3,9,0500,0,1,3,,2,030,SR-49,"POVERTY GULCH LN",50.00,S,N,A,-,Y,,,49,,,,,,,Y,3,0,1,1,C,-,18,,,N,H,H,A,A,H,-,D,D,0,,,,,Y,,-,"- ",0,1,0,0,0,0,0,0,0,"- ","- ",38.297821044921875,-120.72274017333984,CALAVERAS,UNINCORPORATED,-120.72274780273438,38.297775268554688
91046916,2019,2019-08-07,9255,2019-08-01,1800,020563,,4,2,9,0500,0,1,3,,1,010,SR-12,"PINE STREET",90.00,E,N,A,-,Y,,,12,,,,,,,N,4,0,1,2,A,-,03,22350,,N,C,C,A,A,H,-,A,D,0,,,Y,,Y,,C,02,0,0,1,0,0,0,0,0,1,"- ","- ",38.190010070800781,-120.83019256591797,CALAVERAS,UNINCORPORATED,-120.83021545410156,38.190025329589844
91047874,2019,2019-08-08,9255,2019-08-05,0842,017324,,1,1,9,0500,0,1,3,,1,021,"STATE ROUTE 4","ANGEL OAKS DRIVE",6336.00,W,N,A,-,Y,,,,,,,,,,Y,2,0,2,2,A,-,05,21460,C,N,A,C,A,A,H,-,A,D,0,,,,,Y,,A,01,2,0,0,0,0,0,0,0,0,"- ","- ",38.071800231933594,-120.05856323242188,CALAVERAS,UNINCORPORATED,-120.5853271484375,38.071796417236328
91047882,2019,2019-08-08,9255,2019-08-01,1345,017324,,4,1,9,0500,0,1,3,,2,030,"STATE ROUTE 49","STATE ROUTE 12",96.00,S,N,A,-,Y,,,49,,,,,,,Y,2,0,2,3,A,-,09,21802,A,N,D,C,A,A,H,-,A,A,0,,,,,Y,,A,07,1,1,0,0,0,0,0,0,0,"- ","- ",38.204910278320312,-120.69745635986328,CALAVERAS,UNINCORPORATED,-120.69736480712891,38.204879760742188
91049156,2019,2019-08-09,9255,2019-08-03,0845,019534,,6,1,9,0500,0,1,3,,2,031,"STATE ROUTE 26","PINE ST",180.00,E,N,A,-,Y,,,26,,,,,,,Y,4,0,1,1,A,-,08,22107,,N,E,I,A,A,H,-,A,D,0,,,,,Y,,A,01,0,0,1,0,0,0,0,0,0,"- ","- ",38.399948120117188,-120.52651977539062,CALAVERAS,UNINCORPORATED,-120.52655029296875,38.399971008300781
91049180,2019,2019-08-09,9255,2019-08-04,1809,021070,,7,2,9,0500,0,3,5,,2,004,"SCOTT ST","JONES ST",468.00,S,N,A,-,N,,,,,,,,,,Y,2,0,1,3,A,-,01,23152,F,N,B,C,A,A,H,-,A,D,0,,,,,Y,Y,A,07,1,0,0,0,0,0,0,0,0,"- ","- ",38.135528564453125,-120.46044158935547,CALAVERAS,UNINCORPORATED,-120.46040344238281,38.135505676269531
91050033,2019,2019-08-12,9255,2019-08-05,0950,019525,,1,1,9,0500,0,3,5,,2,003,"W MURRAY CREEK ROAD","DOSTER RD",1056.00,E,N,A,-,N,,,,,,,,,,Y,3,0,1,2,A,-,05,21650,,N,A,C,A,A,H,-,A,D,0,,,,,Y,,D,22,0,1,0,0,0,0,0,0,0,"- ","- ",38.230129241943359,-120.59902191162109,CALAVERAS,UNINCORPORATED,-120.59867858886719,38.230228424072266
91050894,2019,2019-08-13,9255,2019-08-09,1500,021070,,5,2,9,0500,0,1,3,,1,011,SR-26,"MANGILI RD",565.00,W,N,A,-,Y,,,26,,,,,,,Y,3,0,1,2,A,-,03,22350,,N,C,C,A,A,H,-,A,D,0,,,,,Y,,A,01,0,1,0,0,0,0,0,0,0,"- ","- ",38.183891296386719,-120.82585906982422,CALAVERAS,UNINCORPORATED,-120.82585144042969,38.183887481689453
91051716,2019,2019-08-14,9255,2019-08-06,1416,019996,,2,2,9,0500,0,1,3,,2,031,SR-26,"GILLHAVEN DR",850.00,W,N,A,-,Y,,,26,,,,,,,Y,4,0,1,2,A,-,05,21460,A,F,E,I,A,A,H,-,A,D,0,,,,,Y,,-,99,0,0,1,0,0,0,0,0,0,"- ","- ",38.311508178710938,-120.66191101074219,CALAVERAS,UNINCORPORATED,-120.66188049316406,38.311447143554688
91052540,2019,2019-08-15,9255,2019-08-06,1505,020563,,2,2,9,0500,0,1,3,,2,030,SR-49,SR-12,108.00,S,N,A,-,Y,,,49,,,,,,,Y,3,0,2,2,A,-,09,21802,A,N,A,C,A,A,H,-,A,A,0,,,,,Y,,A,01,0,1,1,0,0,0,0,0,0,"- ","- ",38.204940795898438,-120.69743347167969,CALAVERAS,UNINCORPORATED,-120.69735717773438,38.204906463623047
91052560,2019,2019-08-15,9255,2019-08-11,1437,019996,,7,2,9,0500,0,3,5,,2,003,"RIDGE ROAD","SIMPSON ROAD",475.00,W,N,A,-,N,,,,,,,,,,Y,4,0,1,1,A,-,01,23152,A,N,E,I,A,A,H,-,A,D,0,,,,,Y,Y,A,01,0,0,1,0,0,0,0,0,0,"- ","- ",38.336788177490234,-120.53656768798828,CALAVERAS,UNINCORPORATED,-120.53659057617188,38.336696624755859
91057608,2019,2019-08-22,9255,2019-08-13,1405,019996,,2,2,9,0500,0,1,3,,1,010,SR-12,"LIME CREEK ROAD",230.00,W,N,A,-,Y,,,12,,,,,,,N,4,0,1,2,A,-,08,22107,,N,D,G,A,A,H,-,A,D,0,,Y,,,Y,,L,04,0,0,1,0,0,0,1,0,0,"- ","- ",38.193359375,-120.82167816162109,CALAVERAS,UNINCORPORATED,-120.82168579101562,38.193374633789062
91057625,2019,2019-08-22,9255,2019-08-13,1110,018363,,2,1,9,0500,0,1,3,,1,011,"STATE ROUTE 26","CAMPO SECO TPKE",2871.00,E,N,A,-,Y,,,26,,,,,,,Y,2,0,1,3,A,-,09,21801,A,N,B,C,A,A,H,-,A,D,0,,,Y,,Y,,D,22,1,0,0,0,0,0,0,0,1,"- ","- ",38.288398742675781,-120.71977996826172,CALAVERAS,UNINCORPORATED,-120.71977996826172,38.288387298583984
91057755,2019,2019-08-22,9255,2019-08-14,1045,018363,,3,1,9,0500,0,3,5,,2,003,"RIDGE RD","INDEPENDENCE RD",0.00,,Y,A,-,N,,,,,,,,,,Y,3,0,1,1,A,-,01,23152,A,N,E,I,A,A,H,-,A,D,0,,,,,Y,Y,A,07,0,1,0,0,0,0,0,0,0,"- ","- ",38.343208312988281,-120.57367706298828,CALAVERAS,UNINCORPORATED,-120.57362365722656,38.343280792236328
91058195,2019,2019-08-23,9255,2019-08-17,1840,020270,,6,2,9,0500,0,1,3,,1,010,SR-12,"CHESTNUT ST",525.00,E,N,A,-,Y,,,12,,,,,,,Y,3,0,2,2,A,-,09,21804,A,N,D,C,A,A,H,-,A,A,0,,,,,Y,,A,07,0,1,1,0,0,0,0,0,0,"- ","- ",38.192489624023438,-120.82633972167969,CALAVERAS,UNINCORPORATED,-120.82633972167969,38.1925048828125
91058405,2019,2019-08-23,9255,2019-08-16,0945,018318,,5,1,9,0500,0,1,3,,1,011,SR-26,"HEINEMANN DR",70.00,W,N,A,-,Y,,,,,,,,,,Y,4,0,1,1,A,-,08,22107,,N,E,I,A,A,H,-,A,D,0,,,,,Y,,A,01,0,0,1,0,0,0,0,0,0,"- ","- ",38.154830932617188,-120.85714721679688,CALAVERAS,UNINCORPORATED,-120.85271453857422,38.154834747314453
91059703,2019,2019-08-26,9255,2019-08-12,1000,019525,,1,1,9,0500,0,1,3,,2,031,SR-26,"HIGDON RD",0.00,,Y,A,-,Y,,,26,,,,,,,Y,2,0,1,2,A,-,08,22107,,N,F,A,A,A,H,-,A,D,0,,,Y,,Y,,C,02,1,0,0,0,0,0,0,0,1,"- ","- ",38.409999847412109,-120.55554962158203,CALAVERAS,UNINCORPORATED,-120.5555419921875,38.410007476806641
91060308,2019,2019-08-27,9255,2019-08-24,1040,019525,,6,1,9,0500,0,1,3,,2,030,SR-49,SR-26,0.00,,Y,A,-,Y,,,49,,,,,,,Y,4,0,1,2,A,-,12,22450,A,N,D,C,A,A,H,-,A,A,0,,,,,Y,,A,01,0,0,1,0,0,0,0,0,0,"- ","- ",38.297809600830078,-120.70468139648438,CALAVERAS,UNINCORPORATED,-120.70465850830078,38.297832489013672
91066177,2019,2019-09-03,9255,2019-08-23,0915,018318,,5,1,9,0500,0,1,3,,1,020,SR-49,"MEACHAM RANCH RD",125.00,N,N,A,-,Y,,,49,,,,,,,Y,3,0,2,3,A,-,03,22350,,N,A,C,A,A,H,-,A,D,0,,,,,Y,,A,01,0,1,1,0,0,0,0,0,0,"- ","- ",38.104320526123047,-120.59291839599609,CALAVERAS,UNINCORPORATED,-120.59291839599609,38.104320526123047
91067299,2019,2019-09-04,9255,2019-08-25,1725,018894,,7,2,9,0500,0,1,3,,2,040,"STATE ROUTE 4","BRICE STATION RD",197.00,W,N,A,-,Y,,,4,,,,,,,Y,2,0,2,1,A,-,08,22107,,N,E,I,A,A,H,-,A,D,0,,,,,Y,,A,07,2,0,0,0,0,0,0,0,0,"- ","- ",38.169601440429688,-120.41275024414062,CALAVERAS,UNINCORPORATED,-120.41273498535156,38.169570922851562
91067936,2019,2019-09-05,9255,2019-08-31,1715,019996,,6,2,9,0500,0,1,3,,2,030,SR-49,"DELL ORTO ROAD",2200.00,N,N,A,-,Y,,,49,,,,,,,Y,2,0,1,1,A,-,01,23152,A,N,F,A,A,A,H,-,A,D,0,,,Y,,Y,Y,C,02,1,0,0,0,0,0,0,0,1,"- ","- ",38.298061370849609,-120.72724151611328,CALAVERAS,UNINCORPORATED,-120.72724151611328,38.298053741455078
91069011,2019,2019-09-06,9255,2019-08-30,1745,021070,,5,2,9,0500,0,3,5,,2,001,"OSPITAL RD","LIVE OAK RD",2165.00,S,N,A,-,N,,,,,,,,,,Y,4,0,1,1,A,-,08,22107,,N,E,I,A,A,H,-,A,D,0,,,,,Y,,A,07,0,0,1,0,0,0,0,0,0,"- ","- ",38.127941131591797,-120.94489288330078,CALAVERAS,UNINCORPORATED,-120.94493103027344,38.129646301269531
91069021,2019,2019-09-06,9255,2019-09-01,1540,021070,,7,2,9,0500,0,2,4,,2,042,"PARROTS FERRY RD",SR-4,49.00,S,N,A,-,Y,,,,,,,,,,Y,4,0,1,1,A,-,08,22107,,N,E,I,A,A,H,-,A,A,0,,,Y,,Y,,C,02,0,0,1,0,0,0,0,0,1,"- ","- ",38.095161437988281,-120.47168731689453,CALAVERAS,UNINCORPORATED,-120.47154235839844,38.09515380859375
91069526,2019,2019-09-06,9255,2019-09-01,1215,019534,,7,1,9,0500,0,2,4,,1,022,"OBYRNES FERRY RD","COPPER COVE DR",0.00,,Y,A,-,N,,,,,,,,,,Y,4,0,1,2,A,-,03,22350,,N,C,C,A,A,H,-,A,D,0,,,,,Y,,D,22,0,0,1,0,0,0,0,0,0,"- ","- ",37.940021514892578,-120.60543060302734,CALAVERAS,UNINCORPORATED,-120.60543823242188,37.940029144287109
91071340,2019,2019-09-10,9255,2019-09-02,1340,018894,,1,1,9,0500,0,1,3,,2,050,"STATE ROUTE 4","MORAN ROAD",1200.00,E,N,A,-,Y,,,4,,,,,,,Y,3,0,4,2,A,-,08,22107,,N,F,A,A,A,H,-,A,D,0,,,Y,,Y,,C,02,0,4,0,0,0,0,0,0,4,"- ","- ",38.267929077148438,-120.33126831054688,CALAVERAS,UNINCORPORATED,-120.33127593994141,38.267936706542969
91071422,2019,2019-09-10,9255,2019-09-07,0120,013939,,6,3,9,0500,0,1,3,,1,011,"STATE ROUTE 26 (SR-26)","JOSEPHINE LANE",685.00,E,N,A,-,Y,,,26,,,,,,,Y,3,0,1,1,A,-,01,23152,A,N,E,I,A,A,H,-,D,D,0,,,,,Y,Y,A,01,0,1,0,0,0,0,0,0,0,"- ","- ",38.117290496826172,-120.88670349121094,CALAVERAS,UNINCORPORATED,-120.88668823242188,38.117259979248047
91072704,2019,2019-09-11,9255,2019-09-03,1335,018873,,2,1,9,0500,0,1,3,,1,021,SR-4,"STALLION WAY",5280.00,E,N,A,-,Y,,,4,,,,,,,Y,3,0,1,1,A,-,08,22107,,N,E,I,A,A,H,-,A,D,0,,,,,Y,,A,01,0,1,0,0,0,0,0,0,0,"- ","- ",38.067001342773438,-120.61884307861328,CALAVERAS,UNINCORPORATED,-120.61885833740234,38.067054748535156
91073194,2019,2019-09-12,9255,2019-09-03,0800,019525,,2,1,9,0500,0,1,3,,1,010,SR-12,"DOUBLE SPRINGS RD",3168.00,E,N,A,-,Y,,,12,,,,,,,Y,3,0,2,1,A,-,08,22107,,N,E,I,A,A,H,-,A,D,0,,,,,Y,,D,22,0,1,1,0,0,0,0,0,0,"- ","- ",38.210289001464844,-120.74471282958984,CALAVERAS,UNINCORPORATED,-120.74468231201172,38.210330963134766
91073247,2019,2019-09-12,9255,2019-09-11,1140,018363,,3,1,9,0500,0,3,5,,2,001,"HUNT ROAD","MILTON RD.",1598.00,E,N,A,-,N,,,,,,,,,,Y,4,0,1,1,A,-,08,22107,,N,H,A,A,A,H,-,A,D,0,,,,,Y,,A,07,0,0,1,0,0,0,0,0,0,"- ","- ",38.038581848144531,-120.84844970703125,CALAVERAS,UNINCORPORATED,-120.85192108154297,38.035240173339844
91073717,2019,2019-09-12,9255,2019-09-11,1000,018363,,3,1,9,0500,0,1,3,,2,031,"STATE ROUTE 26","IRIS WAY",400.00,E,N,A,-,Y,,,26,,,,,,,Y,3,0,1,1,A,-,08,22107,,N,E,I,A,A,H,-,A,D,0,,,,,Y,,A,07,0,1,0,0,0,0,0,0,0,"- ","- ",38.411739349365234,-120.55243682861328,CALAVERAS,UNINCORPORATED,-120.55242919921875,38.411727905273438
91074284,2019,2019-09-13,9255,2019-09-07,1340,019534,,6,1,9,0500,0,3,5,,2,003,"MAIN ST","BOUVARD ST",38.00,E,N,A,-,N,,,,,,,,,,Y,4,0,1,1,A,-,01,23152,F,N,E,I,A,A,H,-,A,D,0,,,,,Y,,A,01,0,0,1,0,0,0,0,0,0,"- ","- ",38.397739410400391,-120.52912902832031,CALAVERAS,UNINCORPORATED,-120.52922821044922,38.397754669189453
91074577,2019,2019-09-13,9255,2019-09-03,1522,019996,,2,2,9,0500,0,1,3,,2,030,SR-49,SR-12,100.00,S,N,A,-,Y,,,49,,,,,,,Y,3,0,2,2,A,-,09,21802,A,N,A,C,A,A,H,-,A,A,0,,,,,Y,,A,01,0,2,0,0,0,0,0,0,0,"- ","- ",38.204940795898438,-120.69743347167969,CALAVERAS,UNINCORPORATED,-120.69735717773438,38.204906463623047
91075837,2019,2019-09-16,9255,2019-09-07,2359,019534,,6,3,9,0500,0,3,5,,2,003,"RIDGE ROAD","RAJEN ROAD",40.00,W,N,A,-,N,,,,,,,,,,N,4,0,1,1,A,-,08,22107,,N,E,I,A,A,H,-,D,D,0,,,,,Y,,A,01,0,0,1,0,0,0,0,0,0,"- ","- ",38.335941314697266,-120.54015350341797,CALAVERAS,UNINCORPORATED,-120.53971862792969,38.335979461669922
91076571,2019,2019-09-17,9255,2019-09-09,1335,017324,,1,1,9,0500,0,1,3,,2,040,"STATE ROUTE 4","TANNER STREET",33.00,E,N,A,-,Y,,,4,,,,,,,Y,4,0,3,3,A,-,03,22350,,N,C,C,A,A,H,-,A,D,0,,,,,Y,,A,07,0,0,3,0,0,0,0,0,0,"- ","- ",38.14202880859375,-120.45231628417969,CALAVERAS,UNINCORPORATED,-120.45232391357422,38.142036437988281
91077155,2019,2019-09-18,9255,2019-09-07,2245,020414,,6,3,9,0500,0,3,5,,2,002,"ROCK CREEK ROAD","FELIX DRIVE",8448.00,W,N,A,-,N,,,,,,,,,,Y,2,0,1,1,A,-,08,22107,,N,F,A,A,A,H,-,D,D,0,,,Y,,Y,,C,02,1,0,0,0,0,0,0,0,1,"- ","- ",38.018299102783203,-120.74893951416016,CALAVERAS,UNINCORPORATED,-120.74790191650391,38.018802642822266
91077718,2019,2020-01-14,9255,2019-08-20,1320,017324,,2,1,9,0500,0,3,5,,2,002,"COPPER COVE DRIVE","ACORN STREET",255.00,W,N,A,-,N,,,,,,,,,,Y,1,1,0,1,A,-,01,23152,A,N,E,I,A,A,H,-,A,D,0,,,,,Y,Y,D,22,0,0,0,0,0,0,0,0,0,"- ","- ",37.934650421142578,-120.62487030029297,CALAVERAS,UNINCORPORATED,-120.62506103515625,37.9345703125
91077756,2019,2019-09-18,9255,2019-09-13,1614,019996,,5,2,9,0500,0,1,3,,2,030,SR-49,SR-12,1200.00,N,N,A,-,Y,,,49,,,,,,,Y,4,0,1,2,A,-,03,22350,,N,C,C,A,A,H,-,A,D,0,,,,,Y,,A,01,0,0,1,0,0,0,0,0,0,"- ","- ",38.208400726318359,-120.69718933105469,CALAVERAS,UNINCORPORATED,-120.69719696044922,38.208400726318359
91078347,2019,2019-09-19,9255,2019-09-13,0805,019525,,5,1,9,0500,0,3,5,,2,001,"PALOMA ROAD","GOODELL RD",5280.00,S,N,A,-,N,,,,,,,,,,Y,3,0,1,1,A,-,08,22107,,N,E,I,A,A,H,-,A,D,0,,,,,Y,,A,01,0,1,0,0,0,0,0,0,0,"- ","- ",38.248729705810547,-120.77906799316406,CALAVERAS,UNINCORPORATED,-120.77920532226562,38.24859619140625
91078493,2019,2019-09-19,9255,2019-09-15,1650,021070,,7,2,9,0500,0,3,5,,2,004,"DOGTOWN RD","LAKESIDE DR",6981.00,N,N,A,-,N,,,,,,,,,,Y,4,0,1,1,A,-,08,22107,,N,E,I,A,A,H,-,A,D,0,,,,,Y,,A,07,0,0,1,0,0,0,0,0,0,"- ","- ",38.117221832275391,-120.56842803955078,CALAVERAS,UNINCORPORATED,-120.56838989257812,38.117244720458984
91079163,2019,2019-09-20,9255,2019-09-12,0945,018492,,4,1,9,0500,0,3,5,,2,005,"ANTLER DR","FAIRWAY DR",528.00,W,N,A,-,N,,,,,,,,,,N,2,0,1,1,A,-,03,22350,,N,H,A,A,A,H,-,A,D,0,,,,,Y,,M,96,1,0,0,0,0,0,0,0,0,"- ","- ",38.251819610595703,-120.36440277099609,CALAVERAS,UNINCORPORATED,-120.36409759521484,38.251895904541016
91079458,2019,2019-09-20,9255,2019-09-13,1145,019534,,5,1,9,0500,0,2,4,,2,034,"MOUNTAIN RANCH RD","POPE ST",50.00,W,N,A,-,N,,,,,,,,,,N,3,0,1,1,A,-,03,22350,,N,F,A,A,A,H,-,A,D,0,,,Y,,Y,,C,02,0,1,0,0,0,0,0,0,1,"- ","- ",38.191169738769531,-120.67047882080078,CALAVERAS,UNINCORPORATED,-120.67054748535156,38.191158294677734
91079758,2019,2019-09-20,9255,2019-09-12,1705,018873,,4,2,9,0500,0,1,3,,1,021,SR-4,"APPALOOSA RD",1065.00,W,N,A,-,Y,,,4,,,,,,,Y,2,0,1,1,A,-,01,23152,A,N,E,I,A,A,H,-,A,D,0,,,,,Y,Y,D,22,1,0,0,0,0,0,0,0,0,"- ","- ",38.048248291015625,-120.63594818115234,CALAVERAS,UNINCORPORATED,-120.63592529296875,38.048210144042969
91081387,2019,2019-09-24,9255,2019-09-18,0635,018318,,3,1,9,0500,0,1,3,,2,030,SR-49,"HOWELL RD",200.00,N,N,B,-,Y,,,49,,,,,,,N,4,0,1,2,A,-,05,21460,A,M,B,C,A,A,H,-,B,D,0,,,,,Y,,D,22,0,0,1,0,0,0,0,0,0,"- ","- ",38.177589416503906,-120.66433715820312,CALAVERAS,UNINCORPORATED,-120.66426849365234,38.177665710449219
91081787,2019,2019-09-24,9255,2019-09-21,1610,021070,,6,2,9,0500,0,1,3,,1,021,SR-4,"APPALOOSA RD",899.00,E,N,A,-,Y,,,4,,,,,,,N,4,0,2,2,A,-,03,22350,,N,C,C,A,A,H,-,A,D,0,,,,,Y,,A,07,0,0,2,0,0,0,0,0,0,"- ","- ",38.050521850585938,-120.62831878662109,CALAVERAS,UNINCORPORATED,-120.62831878662109,38.050525665283203
91085561,2019,2019-09-27,9255,2019-09-19,2330,016479,,4,3,9,0500,0,3,5,,2,004,"SHEEP RANCH RD","PONDEROSA WAY",334.00,N,N,A,-,N,,,,,,,,,,Y,2,0,1,1,A,-,05,21650,,N,F,A,A,A,H,-,D,D,0,,,,,Y,Y,A,07,1,0,0,0,0,0,0,0,0,"- ","- ",38.146598815917969,-120.47280120849609,CALAVERAS,UNINCORPORATED,-120.47275543212891,38.146514892578125
91085920,2019,2019-09-27,9255,2019-09-22,1525,021070,,7,2,9,0500,0,3,5,,2,002,"BAYVIEW DR","YUMA CT",971.00,W,N,A,-,N,,,,,,,,,,N,3,0,1,1,A,-,01,23152,A,N,E,I,A,A,H,-,A,D,0,,,,,Y,Y,A,01,0,1,0,0,0,0,0,0,0,"- ","- ",38.913230895996094,-120.61151123046875,CALAVERAS,UNINCORPORATED,-120.61148834228516,37.913173675537109
91087937,2019,2019-10-01,9255,2019-09-22,2315,019246,,7,3,9,0500,0,1,3,,1,020,SR-49,"FOURTH CROSSING RD",1109.00,S,N,A,-,Y,,,49,,,,,,,Y,3,0,2,1,A,-,08,22107,,N,F,A,A,A,H,-,D,D,0,,,,,Y,,A,01,0,2,0,0,0,0,0,0,0,"- ","- ",38.129669189453125,-120.63352966308594,CALAVERAS,UNINCORPORATED,-120.63347625732422,38.129734039306641
91087973,2019,2019-10-01,9255,2019-09-23,1640,018873,,1,2,9,0500,0,1,3,,2,040,SR-4,"UTICA POWER HOUSE RD",850.00,W,N,A,-,Y,,,4,,,,,,,Y,3,0,2,2,A,-,05,21460,A,N,A,C,A,A,H,-,A,D,0,,,,,Y,,A,07,0,1,1,0,0,0,0,0,0,"- ","- ",38.155509948730469,-120.43830108642578,CALAVERAS,UNINCORPORATED,-120.43826293945312,38.155502319335938
91088220,2019,2019-10-01,9255,2019-09-24,1515,020270,,2,2,9,0500,0,1,3,,1,010,SR-12,"CHESTNUT ST",1155.00,E,N,A,-,Y,,,12,,,,,,,Y,4,0,2,3,A,-,03,22350,,N,C,C,A,A,H,-,A,D,0,,,,,Y,,D,22,0,0,2,0,0,0,0,0,0,"- ","- ",38.192939758300781,-120.82421112060547,CALAVERAS,UNINCORPORATED,-120.82420349121094,38.192924499511719
91088240,2019,2019-10-01,9255,2019-08-25,1624,021070,,7,2,9,0500,0,1,3,,2,040,SR-4,"WILLIAMS ST",175.00,W,N,A,-,Y,,,4,,,,,,,Y,1,1,1,2,A,-,01,23152,F,N,A,C,A,A,H,-,A,D,0,,,,,Y,,A,01,1,0,0,0,0,0,0,0,0,"- ","- ",38.140941619873047,-120.45382690429688,CALAVERAS,UNINCORPORATED,-120.45376586914062,38.140846252441406
91088331,2019,2019-10-01,9255,2019-09-14,0025,021070,,6,3,9,0500,0,1,3,,1,011,SR-26,"GOLD CREEK DR",738.00,W,N,A,-,Y,,,26,,,,,,,Y,2,0,2,1,A,-,01,23152,A,N,F,A,A,A,H,-,D,D,0,,,,,Y,Y,A,07,2,0,0,0,0,0,0,0,0,"- ","- ",38.176651000976562,-120.83103942871094,CALAVERAS,UNINCORPORATED,-120.83114624023438,38.176654815673828
91088589,2019,2019-10-02,9255,2019-09-26,1515,018873,,4,2,9,0500,0,1,3,,1,020,SR-49,"FOURTH CROSSING RD",7920.00,S,N,A,-,Y,,,49,,,,,,,Y,2,0,1,1,A,-,08,22107,,N,E,I,A,A,H,-,A,D,0,,,,,Y,,E,22,1,0,0,0,0,0,0,0,0,"- ","- ",38.116050720214844,-120.61707305908203,CALAVERAS,UNINCORPORATED,-120.6170654296875,38.116054534912109
91090516,2019,2019-10-04,9255,2019-09-27,1554,021070,,5,2,9,0500,0,2,4,,1,041,"MURPHYS GRADE RD","FAIRVIEW PARK CT",1701.00,N,N,A,-,N,,,,,,,,,,Y,3,0,2,1,A,-,08,22107,,N,E,I,A,A,H,-,A,D,0,,,,,Y,,A,07,0,2,0,0,0,0,0,0,0,"- ","- ",38.121498107910156,-120.49614715576172,CALAVERAS,UNINCORPORATED,-120.49620056152344,38.121509552001953
91090623,2019,2019-10-04,9255,2019-09-28,0815,019525,,6,1,9,0500,0,1,3,,2,040,SR-4,"MAIN ST (EAST)(DOUGLAS FLAT)",262.00,E,N,B,-,Y,,,4,,,,,,,N,4,0,1,2,A,-,03,22350,,N,C,C,A,A,H,-,A,D,0,,,,,Y,,A,01,0,0,1,0,0,0,0,0,0,"- ","- ",38.121078491210938,-120.4510498046875,CALAVERAS,UNINCORPORATED,-120.45102691650391,38.121070861816406
91090916,2019,2019-10-04,9255,2019-09-28,1120,019534,,6,1,9,0500,0,1,3,,2,031,"STATE ROUTE 26","RAILROAD FLAT RD",1020.00,W,N,A,-,Y,,,26,,,,,,,Y,2,0,1,1,A,-,01,23152,A,N,E,I,A,A,H,-,A,D,0,,,,,Y,Y,A,01,1,0,0,0,0,0,0,0,0,"- ","- ",38.389400482177734,-120.53089141845703,CALAVERAS,UNINCORPORATED,-120.53089141845703,38.389347076416016
91090937,2019,2019-10-04,9255,2019-10-02,1445,019996,,3,2,9,0500,1,1,3,,2,031,SR-26,"GILLHAVEN ROAD",1360.00,W,N,A,-,Y,,,26,,,,,,,N,4,0,4,1,C,-,18,,,N,H,A,A,A,H,-,A,D,0,,,,,Y,,-,"- ",0,0,4,0,0,0,0,0,0,"- ","- ",38.311100006103516,-120.66345977783203,CALAVERAS,UNINCORPORATED,-120.66345977783203,38.311100006103516
91091576,2019,2019-10-07,9255,2019-09-28,2200,018492,,6,3,9,0500,0,1,3,,2,050,SR-4,"BIG TREES PKY",2112.00,W,N,C,D,Y,,,4,,,,,,,Y,3,0,1,2,A,-,01,23152,A,N,A,C,A,C,H,-,D,D,0,,,,,Y,Y,A,01,0,1,0,0,0,0,0,0,0,"- ","- ",38.274009704589844,-120.31520080566406,CALAVERAS,UNINCORPORATED,-120.31526184082031,38.274356842041016
91091767,2019,2019-10-07,9255,2019-10-04,2220,020414,,5,3,9,0500,0,3,5,,2,002,"COPPER COVE DR","SAWMILL RD",300.00,E,N,A,-,N,,,,,,,,,,Y,3,0,1,1,A,-,08,22107,,N,F,A,A,A,H,-,D,D,0,,,Y,,Y,,C,02,0,1,0,0,0,0,0,0,1,"- ","- ",37.934501647949219,-120.62528228759766,CALAVERAS,UNINCORPORATED,-120.62522888183594,37.934467315673828
91093911,2019,2020-01-14,9255,2019-09-13,2256,020414,,5,3,9,0500,0,1,3,,1,010,SR-12,SR-49,995.00,W,N,A,-,Y,,,12,,,,,,,Y,1,1,0,1,A,-,01,23152,A,N,E,I,A,A,H,-,D,D,0,,,,,Y,Y,D,22,0,0,0,0,0,0,0,0,0,"- ","- ",38.208240509033203,-120.70288848876953,CALAVERAS,UNINCORPORATED,-120.70286560058594,38.208282470703125
91094490,2019,2019-10-10,9255,2019-10-03,0943,020270,,4,1,9,0500,0,1,3,,2,030,SR-49,"POOL STATION RD",621.00,S,N,A,-,Y,,,49,,,,,,,Y,3,0,1,2,A,-,03,22350,,N,C,C,A,A,H,-,A,D,0,,,,,Y,,A,01,0,1,0,0,0,0,0,0,0,"- ","- ",38.200271606445312,-120.69074249267578,CALAVERAS,UNINCORPORATED,-120.69072723388672,38.200290679931641
91095635,2019,2019-10-11,9255,2019-10-11,0905,020270,,5,1,9,0500,0,1,3,,1,011,SR-26,"DOUBLE SPRINGS RD",0.00,,Y,A,-,Y,,,26,,,,,,,Y,3,0,1,2,A,-,09,21802,A,N,D,C,A,A,H,-,A,A,0,,,,Y,Y,,F,27,0,1,0,0,0,0,0,0,0,"- ","- ",38.215091705322266,-120.76334381103516,CALAVERAS,UNINCORPORATED,-120.76333618164062,38.215087890625
91096270,2019,2019-10-14,9255,2019-10-06,1730,020563,,7,2,9,0500,0,3,5,,2,001,"CAMANCHE PKY S","CRYSTAL DRIVE",1584.00,W,N,A,-,N,,,,,,,,,,Y,2,0,2,1,A,-,01,23152,A,N,F,A,A,A,H,-,A,D,0,,,,,Y,Y,A,01,1,0,1,0,0,0,0,0,0,"- ","- ",38.205570220947266,-120.94772338867188,CALAVERAS,UNINCORPORATED,-120.94765472412109,38.205390930175781
91098369,2019,2019-10-16,9255,2019-10-06,1630,019996,,7,2,9,0500,0,1,3,,2,050,SR-4,"UPPER MORAN RD",4380.00,E,N,A,-,Y,,,4,,,,,,,N,3,0,1,1,A,-,08,22107,,N,F,A,A,A,H,-,A,D,0,,,Y,,Y,,C,02,0,1,0,0,0,0,0,0,1,"- ","- ",38.270469665527344,-120.32241058349609,CALAVERAS,UNINCORPORATED,-120.32236480712891,38.270427703857422
91098488,2019,2019-10-16,9255,2019-10-07,1644,019996,,1,2,9,0500,0,2,4,,1,041,"MURPHYS GRADE ROAD","FAIRVIEW PARK CT",1450.00,E,N,A,-,N,,,,,,,,,,Y,4,0,1,1,A,-,08,22107,,N,F,A,A,A,H,-,A,D,0,,,,,Y,,D,22,0,0,1,0,0,0,0,0,0,"- ","- ",38.120998382568359,-120.49671936035156,CALAVERAS,UNINCORPORATED,-120.49674224853516,38.1209716796875
91100894,2019,2019-10-18,9255,2019-10-08,1755,020142,,2,2,9,0500,0,1,3,,1,010,SR-12,"DOUBLE SPRINGS RD",2112.00,E,N,A,-,Y,,,12,,,,,,,Y,2,0,1,1,A,-,01,23152,A,N,E,I,A,A,H,-,A,D,0,,,,,Y,Y,D,22,1,0,0,0,0,0,0,0,0,"- ","- ",38.212230682373047,-120.74745941162109,CALAVERAS,UNINCORPORATED,-120.74746704101562,38.212211608886719
91102872,2019,2019-10-22,9255,2019-10-13,1100,018894,,7,1,9,0500,0,1,3,,2,050,"STATE ROUTE 4","MEADOWMONT WAY",0.00,,Y,A,-,Y,,,4,,,,,,,Y,3,0,1,1,A,-,08,22107,,N,F,A,A,A,H,-,A,A,0,,,Y,,Y,,C,02,0,1,0,0,0,0,0,0,1,"- ","- ",38.240829467773438,-120.36209106445312,CALAVERAS,UNINCORPORATED,-120.36196136474609,38.240764617919922
91106550,2019,2019-10-25,9255,2019-10-19,2015,021070,,6,2,9,0500,0,3,5,,2,005,"MORAN RD","SEGALE RD",2868.00,N,N,B,-,N,,,,,,,,,,Y,3,0,1,1,A,-,01,23152,A,N,E,I,A,A,H,-,D,D,0,,,,,Y,Y,A,07,0,1,0,0,0,0,0,0,0,"- ","- ",38.212680816650391,-120.36205291748047,CALAVERAS,UNINCORPORATED,-120.362060546875,38.212879180908203
91107973,2019,2019-10-28,9255,2019-10-21,1000,016479,,1,1,9,0500,0,1,3,,1,020,SR-49,"RED HILL ROAD",6864.00,S,N,A,-,Y,,,49,,,,,,,Y,4,0,1,1,A,-,03,22350,,N,F,A,A,A,H,-,A,D,0,,,,Y,Y,,G,25,0,0,1,0,0,0,0,0,0,"- ","- ",38.021369934082031,-120.51251983642578,CALAVERAS,UNINCORPORATED,-120.51250457763672,38.021347045898438
91110675,2019,2019-10-31,9255,2019-10-22,0810,018873,,2,1,9,0500,0,2,4,,2,034,"RAILROAD FLAT RD","STRUCKMAN RD",1300.00,E,N,A,-,N,,,,,,,,,,Y,3,0,1,2,A,-,03,22350,,N,C,C,A,A,H,-,A,D,0,,,,Y,Y,,A,07,0,1,0,0,0,0,0,0,0,"- ","- ",38.257560729980469,-120.52030944824219,CALAVERAS,UNINCORPORATED,-120.52051544189453,38.250820159912109
91110716,2019,2019-10-31,9255,2019-10-24,1245,018873,,4,1,9,0500,0,1,3,,2,030,SR-49,"BIG BAR LAUNCH",250.00,S,N,A,-,Y,,,49,,,,,,,Y,3,0,1,1,A,-,08,22107,,N,F,A,A,A,H,-,A,D,0,,,Y,,Y,,C,02,0,1,0,0,0,0,0,0,1,"- ","- ",38.309249877929688,-120.72274017333984,CALAVERAS,UNINCORPORATED,-120.7227783203125,38.309291839599609
91111738,2019,2019-11-01,9255,2019-10-22,1415,020563,,2,2,9,0500,1,1,3,,1,011,SR-26,"ANDREW LANE",415.00,E,N,A,-,Y,,,26,,,,,,,N,4,0,1,2,A,-,05,21460,A,N,H,A,A,A,H,-,A,D,0,,,,Y,Y,,G,27,0,0,1,0,0,0,0,0,0,"- ","- ",38.292961120605469,-120.70778656005859,CALAVERAS,UNINCORPORATED,-120.70778656005859,38.292942047119141
91112536,2019,2019-11-04,9255,2019-10-27,0700,017324,,7,1,9,0500,0,3,5,,2,002,"FEATHER DR","PINON COURT",244.00,S,N,A,-,Y,,,,,,,,,,Y,2,0,1,1,A,-,08,22107,,N,E,I,A,A,H,-,B,D,0,,,,,Y,,A,01,1,0,0,0,0,0,0,0,0,"- ","- ",37.944881439208984,-120.61396789550781,CALAVERAS,UNINCORPORATED,-120.61425018310547,37.945072174072266
91112550,2019,2019-11-04,9255,2019-10-31,2230,020414,,4,3,9,0500,0,3,5,,2,001,"BALDWIN ST","TREOSTI PL",273.00,N,N,A,-,N,,,,,,,,,,Y,3,0,2,2,A,-,03,22350,,N,C,C,A,A,H,-,D,D,0,,,,,Y,,A,01,0,1,1,0,0,0,0,0,0,"- ","- ",38.123821258544922,-120.84832000732422,CALAVERAS,UNINCORPORATED,-120.8616943359375,38.140083312988281
91114069,2019,2020-01-14,9255,2019-10-08,1415,020142,,2,2,9,0500,0,3,5,,2,001,"LIME CREEK RD","S PETERSBURG RD",230.00,W,N,A,-,N,,,,,,,,,,Y,1,2,0,1,A,-,01,23152,A,N,E,I,A,A,H,-,A,D,0,,,,,Y,Y,A,01,0,0,0,0,0,0,0,0,0,"- ","- ",38.192760467529297,-120.80680847167969,CALAVERAS,UNINCORPORATED,-120.80726623535156,38.192699432373047
91118576,2019,2019-11-12,9255,2019-11-05,1650,018873,,2,2,9,0500,0,1,3,,2,031,SR-26,"WOODHOUSE MINE RD",275.00,W,N,A,-,Y,,,26,,,,,,,Y,3,0,1,1,A,-,08,22107,,N,E,I,A,A,H,-,B,D,0,,,,,Y,,A,07,0,1,0,0,0,0,0,0,0,"- ","- ",38.375171661376953,-120.55928039550781,CALAVERAS,UNINCORPORATED,-120.55928039550781,38.375167846679688
91118901,2019,2019-11-13,9255,2019-11-09,0020,013939,,6,3,9,0500,0,1,3,,2,040,"STATE ROUTE 4","MANZANITA ROAD",874.00,E,N,A,-,Y,,,4,,,,,,,Y,3,0,1,1,A,-,01,23152,A,N,E,I,A,A,H,-,D,D,0,,,,,Y,Y,A,07,0,1,0,0,0,0,0,0,0,"- ","- ",38.151271820068359,-120.44126129150391,CALAVERAS,UNINCORPORATED,-120.44123077392578,38.151229858398438
91121498,2019,2020-08-14,9255,2019-10-04,0902,020270,,5,1,9,0500,0,1,3,,1,010,SR-12,"HASKELL ST",2640.00,E,N,A,-,Y,,,12,,,,,,,Y,1,1,1,2,A,-,09,21804,A,N,D,C,A,A,H,-,A,D,0,,,,,Y,,A,01,0,0,1,0,0,0,0,0,0,"- ","- ",38.177978515625,-120.93578338623047,CALAVERAS,UNINCORPORATED,-120.93577575683594,38.177967071533203
91123410,2019,2019-11-19,9255,2019-11-07,1555,018894,,4,2,9,0500,0,3,5,,2,005,"MORAN RD","LOVE CREEK RD",450.00,N,N,A,-,N,,,,,,,,,,Y,4,0,3,1,A,-,08,22107,,N,F,A,A,A,H,-,A,D,0,,,,,Y,,A,07,0,0,3,0,0,0,0,0,0,"- ","- ",38.219058990478516,-120.35804748535156,CALAVERAS,UNINCORPORATED,-120.358154296875,38.2191162109375
91124509,2019,2019-11-20,9255,2019-11-14,1320,017324,,4,1,9,0500,0,3,5,,2,004,"PONDEROSA WAY RD","STATE ROUTE 4",12.00,N,N,A,-,Y,,,,,,,,,,N,3,0,1,2,A,-,08,22107,,N,B,C,A,A,H,-,A,A,0,,,,,Y,,A,01,0,1,0,0,0,0,0,0,0,"- ","- ",38.091690063476562,-120.50221252441406,CALAVERAS,UNINCORPORATED,,
91125885,2019,2019-11-21,9255,2019-11-15,0748,020270,,5,1,9,0500,0,1,3,,2,040,SR-4,"MAIN ST.",0.00,,Y,A,-,Y,,,4,,,,,,,Y,4,0,3,2,A,-,08,22107,,N,A,C,A,A,H,-,A,D,0,,,,,Y,,A,01,0,0,3,0,0,0,0,0,0,"- ","- ",38.136100769042969,-120.45645904541016,CALAVERAS,UNINCORPORATED,-120.45645141601562,38.136104583740234
91129234,2019,2019-11-25,9255,2019-11-16,0235,013939,,6,3,9,0500,0,1,3,,1,010,SR-12,"TOLL BRIDGE ROAD",205.00,W,N,A,-,Y,,,12,,,,,,,Y,3,0,1,2,A,-,03,22350,,F,C,C,A,A,H,-,D,D,0,,,,,Y,,A,01,0,1,0,0,0,0,0,0,0,"- ","- ",38.206039428710938,-120.71199035644531,CALAVERAS,UNINCORPORATED,-120.71200561523438,38.206069946289062
91129333,2019,2019-11-25,9255,2019-11-18,2139,018363,,1,2,9,0500,0,3,5,,2,001,"BALDWIN ST","TREOSTI PL",0.00,,Y,A,-,N,,,,,,,,,,N,4,0,1,2,B,-,22,,,N,D,C,A,A,H,-,D,A,0,,,,,Y,,J,48,0,0,1,0,0,0,0,0,0,"- ","- ",38.139690399169922,-120.86090087890625,CALAVERAS,UNINCORPORATED,-120.86089324951172,38.139690399169922
91129363,2019,2019-11-25,9255,2019-11-16,1405,019996,,6,2,9,0500,0,3,5,,2,005,"FOREST ROUTE 5N55","FOREST ROUTE 5N56",304.00,S,N,A,-,N,,,,,,,,,,Y,2,0,3,1,A,-,08,22107,,N,E,I,A,A,H,-,A,D,0,,,,,Y,,A,07,1,2,0,0,0,0,0,0,0,"- ","- ",38.268508911132812,-120.34525299072266,CALAVERAS,UNINCORPORATED,-120.34521484375,38.268501281738281
91129411,2019,2019-12-10,9255,2019-11-20,1939,021070,,3,2,9,0500,0,1,3,,1,021,SR-4,"APPALOOSA RD",1900.00,W,N,A,-,Y,,,4,,,,,,,Y,3,0,1,1,A,-,01,23152,A,N,E,I,A,A,H,-,D,D,0,,,,,Y,Y,A,01,0,1,0,0,0,0,0,0,0,"- ","- ",38.047409057617188,-120.63719940185547,CALAVERAS,UNINCORPORATED,-120.63721466064453,38.047443389892578
91130021,2019,2019-11-26,9255,2019-11-19,2050,020142,,2,2,9,0500,0,1,3,,1,010,SR-12,"BURSON RD",0.00,,Y,A,-,Y,,,12,,,,,,,N,4,0,1,2,A,-,01,23152,A,N,D,C,A,A,H,-,C,A,0,,,,,Y,Y,D,22,0,0,1,0,0,0,0,0,0,"- ","- ",38.183559417724609,-120.89041900634766,CALAVERAS,UNINCORPORATED,-120.89041900634766,38.183547973632812
91133402,2019,2019-12-02,9255,2019-11-24,2000,020563,,7,2,9,0500,0,1,3,,1,011,SR-26,"GARNER PL",0.00,,Y,A,-,Y,,,26,,,,,,,Y,4,0,1,2,A,-,09,21802,A,N,D,C,A,A,H,-,D,A,0,,,,,Y,,A,07,0,0,1,0,0,0,0,0,0,"- ","- ",38.130229949951172,-120.87403869628906,CALAVERAS,UNINCORPORATED,-120.87407684326172,38.1302490234375
91134469,2019,2019-12-03,9255,2019-11-20,1418,019996,,3,2,9,0500,0,1,3,,1,010,SR-12,SR-49,2800.00,W,N,A,-,Y,,,12,,,,,,,Y,2,0,1,1,A,-,08,22107,,N,E,I,A,A,H,-,A,D,0,,,,,Y,,A,01,1,0,0,0,0,0,0,0,0,"- ","- ",38.209339141845703,-120.70545959472656,CALAVERAS,UNINCORPORATED,-120.70545959472656,38.209274291992188
91135488,2019,2019-12-04,9255,2019-11-26,1630,019640,,2,2,9,0500,0,3,5,,2,005,"COUNTRY CLUB DR","PINE DR",0.00,,Y,B,D,N,,,,,,,,,,Y,3,0,1,1,A,-,03,22350,,N,E,I,A,C,H,-,B,A,0,,,,,Y,,A,07,0,1,0,0,0,0,0,0,0,"- ","- ",38.242610931396484,-120.36241149902344,CALAVERAS,UNINCORPORATED,-120.36219787597656,38.242511749267578
91135496,2019,2019-12-04,9255,2019-11-26,1710,018318,,2,2,9,0500,0,1,3,,2,040,SR-4,"SUNSET RIDGE COURT",1584.00,W,N,D,-,Y,,,4,,,,,,,Y,2,0,1,2,A,-,08,22107,,N,A,C,A,C,H,-,D,D,0,,,,,Y,,A,01,1,0,0,0,0,0,0,0,0,"- ","- ",38.164970397949219,-120.42385864257812,CALAVERAS,UNINCORPORATED,-120.42385864257812,38.164955139160156
91136535,2019,2019-12-05,9255,2019-12-02,2005,018318,,1,2,9,0500,0,2,4,,2,034,"MOUNTAIN RANCH ROAD","WILLOW CREEK RD",2640.00,E,N,B,C,N,,,,,,,,,,Y,3,0,1,1,A,-,08,22107,,N,E,I,A,B,H,-,D,D,0,,,,,Y,,A,01,0,1,0,0,0,0,0,0,0,"- ","- ",38.190471649169922,-120.6405029296875,CALAVERAS,UNINCORPORATED,-120.634521484375,38.190448760986328
91137628,2019,2019-12-06,9255,2019-12-01,0915,017324,,7,1,9,0500,0,1,3,,2,040,"STATE ROUTE 4","FOREST MEADOWS DR",1056.00,W,N,C,-,Y,,,4,,,,,,,Y,4,0,1,2,A,-,03,22350,,N,C,C,A,B,H,-,A,D,0,,,,Y,Y,,F,26,0,0,1,0,0,0,0,0,0,"- ","- ",38.170818328857422,-120.40908050537109,CALAVERAS,UNINCORPORATED,-120.40908813476562,38.170856475830078
91137637,2019,2019-12-06,9255,2019-12-02,1535,018318,,1,2,9,0500,0,3,5,,2,002,"COPPER COVE DR","QUIVER ST",1584.00,E,N,B,C,N,,,,,,,,,,Y,2,0,1,1,A,-,08,22107,,N,F,A,A,B,H,-,A,D,0,,,,,Y,,A,01,1,0,0,0,0,0,0,0,0,"- ","- ",37.936210632324219,-120.63107299804688,CALAVERAS,UNINCORPORATED,-120.63452911376953,37.937957763671875
91137855,2019,2019-12-06,9255,2019-12-05,1510,018492,,4,2,9,0500,0,3,5,,2,004,"BIG TREES RD","CREEK VIEW DR",125.00,W,N,A,-,N,,,,,,,,,,N,4,0,1,2,A,-,03,22350,,N,G,B,E,A,H,-,A,D,0,Y,,,,Y,,A,07,0,0,1,0,1,0,0,0,0,"- ","- ",38.138919830322266,-120.45691680908203,CALAVERAS,UNINCORPORATED,-120.45695495605469,38.138984680175781
91138778,2019,2019-12-10,9255,2019-12-01,1013,019525,,7,1,9,0500,0,1,3,,1,011,SR-26,"HOGAN DAM RD",1056.00,W,N,C,-,Y,,,26,,,,,,,Y,2,0,2,2,A,-,05,21460,A,N,A,C,A,B,H,-,A,D,0,,,,,Y,,A,01,2,0,0,0,0,0,0,0,0,"- ","- ",38.182781219482422,-120.82649993896484,CALAVERAS,UNINCORPORATED,-120.82649993896484,38.182777404785156
91140775,2019,2019-12-11,9255,2019-12-08,0340,019246,,7,3,9,0500,0,1,3,,1,011,SR-26,"JOSEPHINE LN",82.00,W,N,C,-,Y,,,26,,,,,,,Y,2,0,1,1,A,-,08,22107,,N,E,I,A,B,H,-,D,D,0,,,,,Y,,A,01,1,0,0,0,0,0,0,0,0,"- ","- ",38.115940093994141,-120.89015960693359,CALAVERAS,UNINCORPORATED,-120.89018249511719,38.115997314453125
91141114,2019,2020-03-17,9255,2019-11-09,2001,021070,,6,2,9,0500,0,1,3,,2,031,SR-26,"NIDEROST LN",347.00,E,N,A,-,Y,,,26,,,,,,,Y,1,1,0,1,A,-,01,23152,G,N,E,I,A,A,H,-,D,D,0,,,,,Y,Y,A,07,0,0,0,0,0,0,0,0,0,"- ","- ",38.414081573486328,-120.54216766357422,CALAVERAS,UNINCORPORATED,-120.54218292236328,38.414070129394531
91141327,2019,2019-12-11,9255,2019-12-06,1613,019640,,5,2,9,0500,0,1,3,,1,010,SR-12,"CHESTNUT ST",510.00,E,N,A,-,Y,,,12,,,,,,,Y,4,0,1,2,A,-,09,21804,A,N,D,C,A,A,H,-,A,A,0,,,,,Y,,A,08,0,0,1,0,0,0,0,0,0,"- ","- ",38.192470550537109,-120.82634735107422,CALAVERAS,UNINCORPORATED,-120.82635498046875,38.192501068115234
91141863,2019,2019-12-12,9255,2019-12-06,1544,018318,,5,2,9,0500,0,1,3,,2,040,SR-4,"LAWRENCE STREET",10.00,W,N,A,-,Y,,,4,,,,,,,N,4,0,1,2,A,-,03,22350,,N,C,C,A,A,H,-,A,D,0,,,,,Y,,D,22,0,0,1,0,0,0,0,0,0,"- ","- ",38.136219024658203,-120.4561767578125,CALAVERAS,UNINCORPORATED,-120.45645141601562,38.136093139648438
91141878,2019,2019-12-12,9255,2019-12-05,2245,018363,,4,3,9,0500,0,2,4,,1,041,"MURPHYS GRADE RD","FAIRVIEW PARK CT",4890.00,E,N,A,-,N,,,,,,,,,,Y,3,0,1,1,A,-,01,23152,A,N,E,I,A,A,H,-,D,D,0,,,,,Y,Y,A,07,0,1,0,0,0,0,0,0,0,"- ","- ",38.128368377685547,-120.48980712890625,CALAVERAS,UNINCORPORATED,-120.48978424072266,38.128318786621094
91142786,2019,2019-12-13,9255,2019-12-12,1135,020270,,4,1,9,0500,0,1,3,,2,031,SR-26,"RICH GULCH RD",303.00,E,N,B,-,Y,,,26,,,,,,,Y,4,0,1,1,A,-,08,22107,,N,E,I,A,B,H,-,A,D,0,,,,,Y,,D,22,0,0,1,0,0,0,0,0,0,"- ","- ",38.331031799316406,-120.62642669677734,CALAVERAS,UNINCORPORATED,-120.62644195556641,38.331001281738281
91142873,2019,2019-12-13,9255,2019-12-06,1328,017324,,5,1,9,0500,0,1,3,,1,021,"STATE ROUTE 4","MPM 4CAL18.00",150.00,W,N,A,-,Y,,,4,,,,,,,Y,2,0,2,2,A,-,08,22107,,N,A,C,A,A,H,-,A,D,0,,,,,Y,,A,01,1,1,0,0,0,0,0,0,0,"- ","- ",38.067798614501953,-120.60624694824219,CALAVERAS,UNINCORPORATED,-120.60623931884766,38.067840576171875
91144004,2019,2019-12-16,9255,2019-12-13,1740,013939,,5,2,9,0500,0,1,3,,1,011,"STATE ROUTE 26","QUAIL OAKS ROAD",30.00,E,N,B,C,Y,,,26,,,,,,,N,4,0,1,2,A,-,21,22106,,N,C,C,A,B,H,-,C,D,0,,,,,Y,,A,01,0,0,1,0,0,0,0,0,0,"- ","- ",38.170608520507812,-120.83766174316406,CALAVERAS,UNINCORPORATED,-120.83759307861328,38.170562744140625
91146991,2019,2019-12-19,9255,2019-12-10,1800,020563,,2,2,9,0500,0,1,3,,1,010,SR-12,SR-26,0.00,,Y,A,-,Y,,,12,,,,,,,Y,2,0,2,2,A,-,09,21802,A,N,D,C,A,A,H,-,D,A,0,,,,,Y,,D,22,2,0,0,0,0,0,0,0,0,"- ","- ",38.211940765380859,-120.76445007324219,CALAVERAS,UNINCORPORATED,-120.76444244384766,38.211875915527344
91150412,2019,2019-12-23,9255,2019-12-20,1725,018318,,5,2,9,0500,0,1,3,,1,021,SR-4,"HUNT RD",15.00,E,N,A,-,Y,,,4,,,,,,,Y,4,0,1,1,A,-,08,22107,,N,E,I,A,A,H,-,D,D,0,,,,,Y,,D,22,0,0,1,0,0,0,0,0,0,"- ","- ",38.035209655761719,-120.64977264404297,CALAVERAS,UNINCORPORATED,-120.64980316162109,38.035221099853516
91150990,2019,2019-12-23,9255,2019-12-19,0001,018363,,4,3,9,0500,0,1,3,,2,040,"STATE ROUTE 4","HOLIDAY MINE",446.00,W,N,A,-,Y,,,4,,,,,,,Y,2,0,1,1,A,-,08,22107,,N,F,A,A,B,H,-,D,D,0,,,,,Y,,D,22,1,0,0,0,0,0,0,0,0,"- ","- ",38.109100341796875,-120.46112060546875,CALAVERAS,UNINCORPORATED,-120.46108245849609,38.109050750732422
91154290,2019,2019-12-27,9255,2019-11-27,1648,019640,,3,2,9,0500,0,1,3,,1,021,SR-4,"ROCK CREEK ROAD",7920.00,E,N,B,C,Y,,,4,,,,,,,Y,1,1,1,2,A,-,03,22350,,N,A,C,A,B,H,-,B,D,0,,,,,Y,,A,07,1,0,0,0,0,0,0,0,0,"- ","- ",38.002540588378906,-120.64901733398438,CALAVERAS,UNINCORPORATED,-120.64904022216797,38.002574920654297
91155127,2019,2019-12-30,9255,2019-12-20,1555,021070,,5,2,9,0500,0,3,5,,2,003,"BALD MOUNTAIN RD","ACORN WAY",981.00,W,N,A,-,N,,,,,,,,,,N,4,0,1,1,A,-,08,22107,,N,E,I,A,A,H,-,A,D,0,,,,,Y,Y,D,22,0,0,1,0,0,0,0,0,0,"- ","- ",38.400108337402344,-120.51943206787109,CALAVERAS,UNINCORPORATED,-120.51948547363281,38.400112152099609
91155186,2019,2019-12-30,9255,2019-12-23,0740,017324,,1,1,9,0500,0,3,5,,2,002,"COPPER COVE DR","QUIVER STREET",1056.00,E,N,C,-,N,,,,,,,,,,Y,3,0,1,1,A,-,01,23152,A,N,F,A,A,B,H,-,A,D,0,,,,,Y,Y,D,22,0,1,0,0,0,0,0,0,0,"- ","- ",37.937950134277344,-120.63597106933594,CALAVERAS,UNINCORPORATED,-120.63608551025391,37.937671661376953
91155454,2019,2019-12-30,9255,2019-12-23,1907,019996,,1,2,9,0500,0,1,3,,1,010,SR-12,"4X RANCH ROAD",910.00,E,N,B,-,Y,,,12,,,,,,,Y,4,0,1,2,D,-,00,,,N,D,C,A,A,H,-,D,D,0,,,,,Y,,-,"- ",0,0,1,0,0,0,0,0,0,"- ","- ",38.182510375976562,-120.90125274658203,CALAVERAS,UNINCORPORATED,-120.90128326416016,38.182628631591797
91156130,2019,2019-12-31,9255,2019-12-19,1715,019640,,4,2,9,0500,0,1,3,,1,010,SR-12,"SOUTHWORTH RD",60.00,E,N,A,-,Y,,,,,,,,,,Y,3,0,1,4,A,-,03,22350,,N,C,C,A,A,H,-,D,D,0,,,,,Y,,A,01,0,1,0,0,0,0,0,0,0,"- ","- ",38.1768798828125,-120.9593505859375,CALAVERAS,UNINCORPORATED,-120.95941162109375,38.179721832275391
91157184,2019,2020-01-01,9255,2019-12-20,1705,019640,,5,2,9,0500,0,3,5,,2,001,"HOGAN DAM ROAD","SILVER RAPIDS RD",2112.00,E,N,B,-,N,,,,,,,,,,N,3,0,1,1,C,-,18,,,N,H,H,A,A,H,-,D,D,0,,,Y,,Y,,-,"- ",0,1,0,0,0,0,0,0,1,"- ","- ",38.151271820068359,-120.817138671875,CALAVERAS,UNINCORPORATED,-120.82102203369141,38.146289825439453
91157670,2019,2020-01-02,9255,2019-11-25,1820,019996,,1,2,9,0500,0,1,3,,2,040,SR-4,"SILVER DAWN RANCH RD",623.00,W,N,A,-,Y,,,4,,,,,,,Y,1,1,0,2,A,-,08,22107,,N,A,C,A,A,H,-,D,D,0,,,,,Y,,A,01,0,0,0,0,0,0,0,0,0,"- ","- ",38.164089202880859,-120.43498992919922,CALAVERAS,UNINCORPORATED,-120.43498992919922,38.164077758789062
91159992,2019,2020-01-06,9255,2019-12-29,2105,019246,,7,2,9,0500,0,2,4,,2,034,"MOUNTAIN RANCH RD","WINDMILL CIR",898.00,W,N,B,-,N,,,,,,,,,,Y,2,0,1,1,A,-,08,22107,,N,F,A,A,A,H,-,D,D,0,,,,,Y,,A,07,1,0,0,0,0,0,0,0,0,"- ","- ",38.189670562744141,-120.65728759765625,CALAVERAS,UNINCORPORATED,-120.65703582763672,38.189735412597656
91161128,2019,2020-01-07,9255,2019-12-29,2100,018363,,7,2,9,0500,0,2,4,,2,034,"MOUNTAIN RANCH RD","RODESINO RD",830.00,W,N,A,-,N,,,,,,,,,,Y,2,0,3,1,A,-,01,23152,A,N,E,J,A,A,H,-,D,D,0,,,,,Y,Y,E,22,2,1,0,0,0,0,0,0,0,"- ","- ",38.231178283691406,-120.53459930419922,CALAVERAS,UNINCORPORATED,-120.53453826904297,38.231800079345703
91161137,2019,2020-01-07,9255,2019-12-30,1410,019640,,1,2,9,0500,0,1,3,,1,010,SR-12,"TOLL BRIDGE RD",745.00,E,N,A,-,Y,,,12,,,,,,,Y,3,0,1,1,A,-,01,23152,A,N,E,I,A,A,H,-,A,D,0,,,,,Y,Y,A,07,0,1,0,0,0,0,0,0,0,"- ","- ",38.208480834960938,-120.70832061767578,CALAVERAS,UNINCORPORATED,-120.70834350585938,38.208515167236328
91162904,2020,2020-01-10,9255,2020-01-08,0720,018492,,3,1,9,0500,0,3,5,,2,005,"AVERY SHEEP RANCH RD","VALLEY VIEW DR",1584.00,E,N,A,-,N,,,,,,,,,,Y,3,0,2,1,A,-,03,22350,,N,F,A,A,C,H,-,A,D,0,,,,,Y,,A,07,0,1,1,0,0,0,0,0,0,"- ","- ",38.203060150146484,-120.38506317138672,CALAVERAS,UNINCORPORATED,-120.38817596435547,38.202434539794922
91169037,2020,2020-01-21,9255,2020-01-13,1445,020142,,1,2,9,0500,0,2,4,,2,034,"RAILROAD FLAT RD","CEDAR SPRINGS RD",150.00,S,N,A,-,N,,,,,,,,,,Y,3,0,1,1,A,-,08,22107,,N,E,I,A,A,H,-,A,D,0,,,,,Y,,A,01,0,1,0,0,0,0,0,0,0,"- ","- ",38.259620666503906,-120.51954650878906,CALAVERAS,UNINCORPORATED,-120.51930999755859,38.259754180908203
91170187,2020,2020-01-22,9255,2020-01-10,1515,020563,,5,2,9,0500,0,1,3,,2,031,SR-26,"IRIS WAY",138.00,E,N,B,-,Y,,,26,,,,,,,Y,3,0,1,1,A,-,08,22107,,N,E,I,A,A,H,-,A,D,0,,,,,Y,,D,22,0,1,0,0,0,0,0,0,0,"- ","- ",38.412441253662109,-120.55149841308594,CALAVERAS,UNINCORPORATED,-120.55152893066406,38.412490844726562
91176813,2020,2020-01-30,9255,2020-01-26,1220,017324,,7,1,9,0500,0,1,3,,1,021,"MAIN STREET","STATE ROUTE 4",29.00,S,N,B,-,Y,,,,,,,,,,Y,4,0,1,2,A,-,03,22350,,N,D,C,A,A,H,-,A,A,0,,,,,Y,,A,01,0,0,1,0,0,0,0,0,0,"- ","- ",37.983348846435547,-120.64488220214844,CALAVERAS,UNINCORPORATED,-120.64533233642578,37.983386993408203
91178535,2020,2020-02-03,9255,2020-01-23,1538,019640,,4,2,9,0500,0,1,3,,1,021,SR-4,"APPALOOSA RD",1056.00,E,N,A,-,Y,,,4,,,,,,,Y,2,0,3,2,A,-,08,22107,,N,E,I,A,A,H,-,A,D,0,,,,,Y,Y,A,01,1,0,2,0,0,0,0,0,0,"- ","- ",38.051288604736328,-120.62610626220703,CALAVERAS,UNINCORPORATED,-120.62612152099609,38.05133056640625
91178555,2020,2020-02-03,9255,2020-01-24,0825,018318,,5,1,9,0500,0,3,5,,2,001,"MILTON RD","S. GULCH RD.",5808.00,S,N,A,-,N,,,,,,,,,,Y,4,0,1,1,A,-,08,22107,,N,E,I,A,A,H,-,A,D,0,,,,,Y,,A,01,0,0,1,0,0,0,0,0,0,"- ","- ",38.05059814453125,-120.86196136474609,CALAVERAS,UNINCORPORATED,-120.86192321777344,38.050777435302734
91181439,2020,2020-02-06,9255,2020-01-31,1815,021070,,5,2,9,0500,0,1,3,,1,011,SR-26,"GARNER PL",0.00,,Y,A,-,Y,,,26,,,,,,,Y,4,0,1,2,A,-,12,22450,A,N,D,C,A,A,H,-,D,A,0,,,,,Y,,A,01,0,0,1,0,0,0,0,0,0,"- ","- ",38.130199432373047,-120.87409973144531,CALAVERAS,UNINCORPORATED,-120.87409973144531,38.130199432373047
91185512,2020,2020-02-12,9255,2020-02-01,1422,020563,,6,2,9,0500,0,3,5,,2,003,"SKULL FLAT ROAD","WINTON ROAD",30.00,N,N,A,-,N,,,,,,,,,,N,2,0,1,1,C,-,18,,,N,H,A,A,A,H,-,A,D,0,,,,,Y,,-,"- ",1,0,0,0,0,0,0,0,0,"- ","- ",38.4039306640625,-120.52059173583984,CALAVERAS,UNINCORPORATED,-120.52052307128906,38.403816223144531
91186731,2020,2020-02-14,9255,2020-02-08,1510,020563,,6,2,9,0500,0,1,3,,2,031,SR-26,"SANDY GULCH LANE",660.00,W,N,A,-,Y,,,26,,,,,,,Y,3,0,1,1,A,-,08,22107,,N,E,I,A,A,H,-,A,D,0,,,Y,,Y,,C,02,0,1,0,0,0,0,0,0,1,"- ","- ",38.378738403320312,-120.54592132568359,CALAVERAS,UNINCORPORATED,-120.54591369628906,38.378662109375
91189347,2020,2020-02-19,9255,2020-02-11,1357,019996,,2,1,9,0500,0,1,3,,1,010,SR-12,"PINE STREET",2112.00,W,N,A,-,Y,,,12,,,,,,,Y,2,0,1,1,A,-,08,22107,,N,E,I,A,A,H,-,A,D,0,,,,,Y,,D,22,1,0,0,0,0,0,0,0,0,"- ","- ",38.186161041259766,-120.83531188964844,CALAVERAS,UNINCORPORATED,-120.83537292480469,38.186264038085938
91190112,2020,2020-02-20,9255,2020-02-12,1519,019640,,3,2,9,0500,0,1,3,,2,040,SR-4,"PONDEROSA WAY",0.00,,Y,A,-,Y,,,4,,,,,,,Y,3,0,1,2,A,-,05,21460,A,F,E,I,A,A,H,-,A,D,0,,,,,Y,,-,99,0,1,0,0,0,0,0,0,0,"- ","- ",38.091690063476562,-120.50222778320312,CALAVERAS,UNINCORPORATED,-120.50220489501953,38.091625213623047
91193189,2020,2020-02-25,9255,2020-02-19,0345,018363,,3,3,9,0500,0,3,5,,2,005,"MORAN RD","LOVE CREEK RD",194.00,W,N,A,-,N,,,,,,,,,,Y,4,0,1,1,A,-,01,23152,A,N,E,I,A,A,H,-,D,D,0,,,,,Y,Y,A,07,0,0,1,0,0,0,0,0,0,"- ","- ",38.217300415039062,-120.35890197753906,CALAVERAS,UNINCORPORATED,-120.35842895507812,38.217380523681641
91195172,2020,2020-02-27,9255,2020-02-15,0205,020414,,6,3,9,0500,0,1,3,,1,020,SR-49,"BIG BONANZA LANE",294.00,S,N,A,-,Y,,,49,,,,,,,Y,2,0,1,1,A,-,01,23152,A,N,E,I,A,A,H,-,D,D,0,,,,,Y,Y,D,22,1,0,0,0,0,0,0,0,0,"- ","- ",38.053600311279297,-120.53388977050781,CALAVERAS,UNINCORPORATED,-120.53384399414062,38.053638458251953
91199504,2020,2020-03-02,9255,2020-02-20,1510,021070,,4,2,9,0500,0,3,5,,2,001,"DOUBLE SPRINGS RD",SR-26,1122.00,E,N,A,-,N,,,,,,,,,,N,4,0,2,2,A,-,03,22350,,N,C,C,A,A,H,-,A,D,0,,,,,Y,,A,01,0,0,2,0,0,0,0,0,0,"- ","- ",38.21392822265625,-120.75965118408203,CALAVERAS,UNINCORPORATED,-120.75979614257812,38.213958740234375
91200921,2020,2020-03-03,9255,2020-02-26,1330,016479,,3,1,9,0500,0,1,3,,1,020,SR-49,"RED HILL RD",6864.00,S,N,A,-,Y,,,49,,,,,,,Y,3,0,1,1,A,-,03,22350,,N,F,A,A,A,H,-,A,D,0,,,,Y,Y,,G,25,0,1,0,0,0,0,0,0,0,"- ","- ",38.021369934082031,-120.51251983642578,CALAVERAS,UNINCORPORATED,-120.51250457763672,38.021347045898438
91201326,2020,2020-03-04,9255,2020-02-29,0920,019534,,6,1,9,0500,0,1,3,,2,030,"STATE ROUTE 49","BIG BAR ROAD",550.00,S,N,A,-,Y,,,49,,,,,,,Y,4,0,2,2,A,-,08,22107,,N,D,C,A,A,H,-,A,D,0,,,,,Y,,A,07,0,0,2,0,0,0,0,0,0,"- ","- ",38.309268951416016,-120.72354125976562,CALAVERAS,UNINCORPORATED,-120.72353363037109,38.309288024902344
91204125,2020,2020-03-09,9255,2020-02-28,1850,021070,,5,2,9,0500,0,1,3,,2,040,SR-4,"VALLECITO BYPASS RD",150.00,W,N,A,-,Y,,,4,,,,,,,N,4,0,1,2,D,-,00,,,N,G,B,E,A,H,-,D,D,0,Y,,,,Y,,-,"- ",0,0,1,0,1,0,0,0,0,"- ","- ",38.093158721923828,-120.47215270996094,CALAVERAS,UNINCORPORATED,-120.47217559814453,38.093166351318359
91205166,2020,2020-03-10,9255,2020-02-26,0955,016479,,3,1,9,0500,0,1,3,,1,021,SR-4,"STOCKTON ROAD",6336.00,W,N,A,-,Y,,,4,,,,,,,Y,3,0,2,2,A,-,05,21460,A,N,A,C,A,A,H,-,A,D,0,,,,Y,Y,,D,22,0,1,1,0,0,0,0,0,0,"- ","- ",38.067150115966797,-120.60401916503906,CALAVERAS,UNINCORPORATED,-120.60408020019531,38.0670166015625
91205177,2020,2020-03-10,9255,2020-03-04,1950,020563,,3,2,9,0500,0,1,3,,2,031,SR-26,"RIDGE ROAD",1470.00,W,N,A,-,Y,,,26,,,,,,,Y,2,0,1,1,A,-,08,22107,,N,E,I,A,A,H,-,D,D,0,,,,,Y,,A,01,1,0,0,0,0,0,0,0,0,"- ","- ",38.341350555419922,-120.58740997314453,CALAVERAS,UNINCORPORATED,-120.58740234375,38.341335296630859
91205251,2020,2020-03-10,9255,2020-03-04,2233,018363,,3,3,9,0500,0,1,3,,1,021,"STATE ROUTE 4","OBYRNES FERRY RD",6970.00,E,N,A,-,Y,,,4,,,,,,,Y,4,0,1,1,A,-,08,22107,,N,E,I,A,A,H,-,D,D,0,,,,,Y,,A,01,0,0,1,0,0,0,0,0,0,"- ","- ",38.001701354980469,-120.65017700195312,CALAVERAS,UNINCORPORATED,-120.65011596679688,38.001640319824219
91206144,2020,2020-03-11,9255,2020-03-04,0950,017324,,3,1,9,0500,0,1,3,,1,021,"STATE ROUTE 4","STANISLAUS / CALAVERAS COUNTY LINE",225.00,E,N,A,-,Y,,,4,,,,,,,Y,3,0,2,2,A,-,06,21751,,N,A,C,A,A,H,-,A,D,0,,,,,Y,,A,01,0,2,0,0,0,0,0,0,0,"- ","- ",37.938869476318359,-120.76969146728516,CALAVERAS,UNINCORPORATED,-120.76969146728516,37.938846588134766
91207166,2020,2020-03-12,9255,2020-03-04,0325,018363,,3,3,9,0500,0,1,3,,1,020,"STATE ROUTE 49","RED HILL RD",943.00,S,N,A,-,Y,,,49,,,,,,,N,4,0,1,1,C,-,18,,,N,H,H,A,A,H,-,D,D,0,,,,,Y,,-,"- ",0,0,1,0,0,0,0,0,0,"- ","- ",38.034511566162109,-120.50717163085938,CALAVERAS,UNINCORPORATED,-120.50714111328125,38.034549713134766
91210678,2020,2020-03-18,9255,2020-03-08,1325,017324,,7,1,9,0500,0,2,4,,1,022,"O'BYRNES FERRY ROAD","PHEASANT RUN DRIVE",5808.00,S,N,A,-,N,,,,,,,,,,Y,3,0,1,1,A,-,08,22107,,N,E,I,A,A,H,-,A,D,0,,,,,Y,,A,01,0,1,0,0,0,0,0,0,0,"- ","- ",37.921791076660156,-120.59323883056641,CALAVERAS,UNINCORPORATED,-120.59376525878906,37.922477722167969
91210729,2020,2020-03-18,9255,2020-03-11,1313,019525,,3,1,9,0500,0,3,5,,2,001,"S BURSON ROAD","OLIVE ORCHARD RD",150.00,N,N,A,-,N,,,,,,,,,,N,3,0,1,2,A,-,05,21460,A,F,B,C,A,A,H,-,A,D,0,,,,,Y,,-,"- ",0,1,0,0,0,0,0,0,0,"- ","- ",38.141841888427734,-120.89923858642578,CALAVERAS,UNINCORPORATED,-120.89921569824219,38.141780853271484
91210750,2020,2020-03-18,9255,2020-03-11,1525,021070,,3,2,9,0500,0,1,3,,1,021,SR-4,"APPALOOSA RD",1235.00,W,N,A,-,Y,,,4,,,,,,,Y,3,0,1,1,A,-,01,23152,A,N,E,I,A,A,H,-,A,D,0,,,,,Y,Y,A,07,0,1,0,0,0,0,0,0,0,"- ","- ",38.04840087890625,-120.63556671142578,CALAVERAS,UNINCORPORATED,-120.63557434082031,38.048408508300781
91211680,2020,2020-03-19,9255,2020-03-16,0804,019525,,1,1,9,0500,0,3,5,,2,003,"RIDGE RD","CEDAR HILL RD",270.00,E,N,D,-,N,,,,,,,,,,Y,4,0,2,1,A,-,03,22350,,N,E,I,A,C,H,-,A,A,0,,,,,Y,,A,01,0,0,2,0,0,0,0,0,0,"- ","- ",38.337909698486328,-120.54315185546875,CALAVERAS,UNINCORPORATED,-120.54322052001953,38.337894439697266
91212738,2020,2020-03-20,9255,2020-03-13,0810,016479,,5,1,9,0500,0,3,5,,2,004,"BIG TREES ROAD","CREEKVIEW DRIVE",0.00,,Y,A,-,Y,,,,,,,,,,Y,4,0,1,1,A,-,03,22350,,N,F,A,A,A,H,-,A,D,0,,,Y,,Y,,C,02,0,0,1,0,0,0,0,0,1,"- ","- ",38.139228820800781,-120.45655059814453,CALAVERAS,UNINCORPORATED,-120.45659637451172,38.139179229736328
91213150,2020,2020-03-20,9255,2020-03-14,1524,021070,,6,2,9,0500,0,3,5,,2,001,"BURSON RD","OLIVE ORCHARD RD",1461.00,N,N,B,C,N,,,,,,,,,,Y,2,0,1,1,A,-,01,23152,A,N,E,I,A,B,H,-,A,D,0,,,,,Y,Y,D,22,1,0,0,0,0,0,0,0,0,"- ","- ",38.145259857177734,-120.89987182617188,CALAVERAS,UNINCORPORATED,-120.89975738525391,38.145267486572266
91214623,2020,2020-03-24,9255,2020-03-14,1755,020563,,6,2,9,0500,0,1,3,,1,010,SR-12,"WARDS AVE",1690.00,E,N,C,-,Y,,,12,,,,,,,Y,4,0,1,2,A,-,08,22107,,N,A,C,A,B,H,-,A,D,0,,,,,Y,,A,01,0,0,1,0,0,0,0,0,0,"- ","- ",38.191349029541016,-120.97306060791016,CALAVERAS,UNINCORPORATED,-120.97303009033203,38.191375732421875
91216353,2020,2020-06-02,9255,2020-03-24,0320,018318,,2,3,9,0500,0,3,5,,2,002,"LITTLE JOHN RD","FLINT TRL",605.00,N,N,B,-,N,,,,,,,,,,Y,2,0,1,1,A,-,01,23152,A,N,F,A,A,A,H,-,D,D,0,,,,,Y,Y,A,07,1,0,0,0,0,0,0,0,0,"- ","- ",37.918190002441406,-120.62796783447266,CALAVERAS,UNINCORPORATED,-120.62769317626953,37.9180908203125
91219374,2020,2020-04-01,9255,2020-03-25,1019,017324,,3,1,9,0500,0,1,3,,1,010,"STATE ROUTE 12","DOUBLE SPRINGS ROAD",1810.00,E,N,C,-,Y,,,12,,,,,,,Y,2,0,4,2,A,-,08,22107,,N,A,C,A,B,H,-,A,D,0,,,,,Y,,D,22,1,3,0,0,0,0,0,0,0,"- ","- ",38.212429046630859,-120.75025177001953,CALAVERAS,UNINCORPORATED,-120.75025177001953,38.212440490722656
91220259,2020,2020-04-03,9255,2020-03-29,2150,019246,,7,2,9,0500,0,3,5,,2,003,"SWISS RANCH RD","QUARTZ MINE RD",492.00,W,N,B,-,N,,,,,,,,,,Y,2,0,1,1,A,-,08,22107,,N,E,I,A,A,H,-,D,D,0,,,,,Y,,D,22,1,0,0,0,0,0,0,0,0,"- ","- ",38.270938873291016,-120.49456787109375,CALAVERAS,UNINCORPORATED,-120.49449920654297,38.270885467529297
91221223,2020,2020-04-06,9255,2020-03-26,1828,019640,,4,2,9,0500,0,3,5,,2,002,"COPPER COVE DR","SAWMILL RD",1056.00,W,N,A,-,N,,,,,,,,,,Y,4,0,1,1,A,-,01,23152,A,N,E,I,A,A,H,-,A,D,0,,,,,Y,Y,A,01,0,0,1,0,0,0,0,0,0,"- ","- ",37.936458587646484,-120.63147735595703,CALAVERAS,UNINCORPORATED,-120.62950897216797,37.935375213623047
91222503,2020,2020-04-07,9255,2020-03-31,1130,019525,,2,1,9,0500,0,1,3,,1,011,SR-26,"PALOMA ROAD",4752.00,W,N,A,-,Y,,,26,,,,,,,Y,3,0,1,1,A,-,08,22107,,M,E,I,A,A,H,-,A,D,0,,,,,Y,,D,22,0,1,0,0,0,0,0,0,0,"- ","- ",38.251029968261719,-120.75485229492188,CALAVERAS,UNINCORPORATED,-120.75489044189453,38.251041412353516
91222896,2020,2020-04-08,9255,2020-03-31,0810,017324,,2,1,9,0500,0,2,4,,2,042,"PARROTTS FERRY ROAD","AIROLA ROAD",4029.00,S,N,A,-,N,,,,,,,,,,Y,3,0,1,1,A,-,03,22350,,N,E,I,A,A,H,-,A,D,0,,,,,Y,,A,01,0,1,0,0,0,0,0,0,0,"- ","- ",38.040721893310547,-120.45758819580078,CALAVERAS,UNINCORPORATED,-120.46207427978516,38.043724060058594
91223680,2020,2020-07-07,9255,2020-02-15,1030,018873,,6,1,9,0500,0,1,3,,1,021,"STATE ROUTE 4","POOL STATION RD",777.00,E,N,A,-,Y,,,4,,,,,,,Y,1,2,4,2,A,-,03,22350,,N,A,C,A,A,H,-,A,A,0,,,,,Y,,A,07,4,0,0,0,0,0,0,0,0,"- ","- ",38.046661376953125,-120.64658355712891,CALAVERAS,UNINCORPORATED,-120.64656829833984,38.046649932861328
91224533,2020,2020-04-13,9255,2020-04-01,1748,019640,,3,2,9,0500,0,1,3,,1,011,SR-26,"BEAL RANCH RD",7392.00,E,N,A,-,Y,,,26,,,,,,,Y,4,0,1,1,A,-,01,23152,A,N,E,I,A,A,H,-,A,D,0,,,,,Y,Y,A,01,0,0,1,0,0,0,0,0,0,"- ","- ",38.248310089111328,-120.75547027587891,CALAVERAS,UNINCORPORATED,-120.75553131103516,38.248321533203125
91225385,2020,2020-04-14,9255,2020-04-11,2020,021070,,6,2,9,0500,0,1,3,,1,011,SR-26,"SILVER RAPIDS RD",1423.00,E,N,A,-,Y,,,26,,,,,,,N,4,0,2,3,A,-,03,22350,,N,C,C,A,A,H,-,D,D,0,,,,,Y,,A,07,0,0,2,0,0,0,0,0,0,"- ","- ",38.162769317626953,-120.84308624267578,CALAVERAS,UNINCORPORATED,-120.84304809570312,38.162750244140625
91225426,2020,2020-04-14,9255,2020-04-09,1640,019534,,4,2,9,0500,0,1,3,,1,010,"STATE ROUTE 12","LIME CREEK RD",0.00,,N,A,-,Y,,,12,,,,,,,Y,4,0,1,1,A,-,08,22107,,N,E,I,A,A,H,-,A,D,0,,,,,Y,,A,01,0,0,1,0,0,0,0,0,0,"- ","- ",38.1951904296875,-120.81002807617188,CALAVERAS,UNINCORPORATED,-120.81002044677734,38.195137023925781
91227329,2020,2020-04-20,9255,2020-04-12,1550,020142,,7,2,9,0500,0,3,5,,2,002,"MILTON RD","GRANITE ST",2640.00,S,N,A,-,N,,,,,,,,,,Y,2,0,1,1,A,-,08,22107,,N,E,I,A,A,H,-,A,D,0,,,,,Y,,D,22,1,0,0,0,0,0,0,0,0,"- ","- ",38.022491455078125,-120.85482025146484,CALAVERAS,UNINCORPORATED,-120.85475921630859,38.022914886474609
91227346,2020,2020-04-20,9255,2020-04-12,1605,020563,,7,2,9,0500,0,1,3,,2,030,SR-49,"GOLD RUSH LANE",1800.00,N,N,A,-,Y,,,49,,,,,,,Y,2,0,1,1,A,-,08,22107,,N,E,I,A,A,H,-,A,D,0,,,Y,,Y,,C,02,1,0,0,0,0,0,0,0,1,"- ","- ",38.300609588623047,-120.73162841796875,CALAVERAS,UNINCORPORATED,-120.73164367675781,38.300651550292969
91227930,2020,2020-04-21,9255,2020-04-15,1655,019534,,3,2,9,0500,0,1,3,,1,011,"STATE ROUTE 26","MANGILI RD",45.00,W,N,A,-,Y,,,26,,,,,,,Y,3,0,4,3,A,-,03,22350,,N,C,C,A,A,H,-,A,D,0,,,,,Y,,A,01,0,1,3,0,0,0,0,0,0,"- ","- ",38.185279846191406,-120.82566833496094,CALAVERAS,UNINCORPORATED,-120.82568359375,38.185279846191406
91228019,2020,2020-04-21,9255,2020-04-11,0745,018318,,6,1,9,0500,0,2,4,,2,042,"PARROTS FERRY RD","CALAVERAS/TUOLUMNE COUNTY LINE",1584.00,N,N,B,-,N,,,,,,,,,,Y,3,0,1,1,A,-,01,23152,A,N,E,I,A,A,H,-,A,D,0,,,,,Y,Y,A,01,0,1,0,0,0,0,0,0,0,"- ","- ",38.041011810302734,-120.45790863037109,CALAVERAS,UNINCORPORATED,,
91228910,2020,2020-04-30,9255,2020-04-14,1835,019557,,2,2,9,0500,0,1,3,,2,040,SR-4,"NORTHWOOD DR.",0.00,,Y,A,-,Y,,,4,,,,,,,Y,2,0,5,2,A,-,01,23152,A,N,A,C,A,A,H,-,A,D,0,,,,,Y,Y,A,01,2,3,0,0,0,0,0,0,0,"- ","- ",38.172721862792969,-120.40312194824219,CALAVERAS,UNINCORPORATED,-120.40310668945312,38.172687530517578
91229020,2020,2020-04-23,9255,2020-04-19,1847,021070,,7,2,9,0500,0,1,3,,1,020,SR-49,"FRICOT CITY RD",1224.00,S,N,B,-,Y,,,49,,,,,,,Y,3,0,2,1,A,-,08,22107,,N,E,I,A,A,H,-,A,D,0,,,,,Y,,A,01,0,1,1,0,0,0,0,0,0,"- ","- ",38.129920959472656,-120.63369750976562,CALAVERAS,UNINCORPORATED,-120.63369750976562,38.129924774169922
91230480,2020,2021-08-24,9255,2020-04-18,1048,018318,,6,1,9,0500,0,1,3,,1,021,SR-4,"POOL STATION RD",528.00,E,N,B,-,Y,,,4,,,,,,,Y,1,1,0,1,A,-,03,22350,,N,F,A,A,A,H,-,A,A,0,,,Y,,Y,,C,02,0,0,0,0,0,0,0,1,0,"- ","- ",38.046791076660156,-120.64658355712891,CALAVERAS,UNINCORPORATED,-120.64650726318359,38.046710968017578
91232688,2020,2020-05-01,9255,2020-04-25,2018,021070,,6,2,9,0500,0,3,5,,2,001,"HEDGEPETH RD","SPARROWK RD",875.00,W,N,A,-,N,,,,,,,,,,N,2,0,1,1,C,-,18,,,N,H,H,A,A,H,-,A,D,0,,,Y,,Y,,-,"- ",1,0,0,0,0,0,0,0,1,"- ","- ",38.10321044921875,-120.86255645751953,CALAVERAS,UNINCORPORATED,-120.86255645751953,38.10321044921875
91233190,2020,2020-05-04,9255,2020-04-24,1018,019525,,5,1,9,0500,0,1,3,,1,010,SR-12,"LIME CREEK RD",290.00,E,N,A,-,Y,,,12,,,,,,,Y,3,0,2,2,A,-,09,21801,A,N,D,C,A,A,H,-,A,D,0,,,,,Y,,A,01,0,1,1,0,0,0,0,0,0,"- ","- ",38.193668365478516,-120.81967163085938,CALAVERAS,UNINCORPORATED,-120.81967163085938,38.193683624267578
91234268,2020,2020-05-06,9255,2020-04-29,1650,018492,,3,2,9,0500,0,1,3,,2,040,SR-4,"UTICA POWER HOUSE RD",1056.00,E,N,B,-,Y,,,4,,,,,,,Y,3,0,1,1,A,-,08,22107,,N,E,I,A,A,H,-,A,D,0,,,,,Y,,A,01,0,1,0,0,0,0,0,0,0,"- ","- ",38.148860931396484,-120.44602966308594,CALAVERAS,UNINCORPORATED,-120.44596862792969,38.148796081542969
91234280,2020,2020-05-06,9255,2020-04-30,1653,019640,,4,2,9,0500,0,1,3,,1,021,SR-4,"HUNT ROAD",1584.00,W,N,A,-,Y,,,4,,,,,,,Y,4,0,1,2,A,-,08,22107,,N,A,C,A,A,H,-,A,D,0,,,,,Y,,A,01,0,0,1,0,0,0,0,0,0,"- ","- ",38.031658172607422,-120.64813995361328,CALAVERAS,UNINCORPORATED,-120.6480712890625,38.031684875488281
91237479,2020,2020-05-13,9255,2020-05-05,2020,020563,,2,2,9,0500,0,3,5,,2,003,"JESUS MARIA RD","HAWVER ROAD",1320.00,N,N,A,-,N,,,,,,,,,,Y,2,0,1,1,A,-,01,23152,A,N,F,I,A,A,H,-,D,D,0,,,,,Y,Y,D,22,1,0,0,0,0,0,0,0,0,"- ","- ",38.288280487060547,-120.67073059082031,CALAVERAS,UNINCORPORATED,-120.66591644287109,38.284358978271484
91238434,2020,2021-08-24,9255,2020-04-25,1752,020142,,6,2,9,0500,0,2,4,,1,022,"O'BYRNES FERRY ROAD","DUCHESS DR",2640.00,S,N,A,-,N,,,,,,,,,,Y,1,1,0,2,A,-,05,21460,A,N,A,C,A,A,H,-,A,D,0,,,Y,,Y,,C,02,0,0,0,0,0,0,0,1,0,"- ","- ",37.897331237792969,-120.57733154296875,CALAVERAS,UNINCORPORATED,-120.57779693603516,37.897960662841797
91238451,2020,2020-05-15,9255,2020-05-13,0830,017324,,3,1,9,0500,0,1,3,,2,040,"STATE ROUTE 4","APPLE BLOSSOM DRIVE",23.00,W,N,A,-,Y,,,4,,,,,,,Y,3,0,1,2,A,-,09,21801,A,N,D,C,A,A,H,-,A,D,0,,,,,Y,,A,07,0,1,0,0,0,0,0,0,0,"- ","- ",38.144241333007812,-120.45047760009766,CALAVERAS,UNINCORPORATED,-120.45043182373047,38.144203186035156
91239464,2020,2020-05-19,9255,2020-05-10,2017,019640,,7,2,9,0500,0,1,3,,2,040,SR-4,"UTICA POWER HOUSE RD",0.00,,N,A,-,Y,,,4,,,,,,,Y,4,0,1,1,A,-,01,23152,A,N,F,A,A,A,H,-,B,D,0,,,,,Y,Y,D,22,0,0,1,0,0,0,0,0,0,"- ","- ",38.156051635742188,-120.43781280517578,CALAVERAS,UNINCORPORATED,-120.43784332275391,38.156093597412109
91240693,2020,2020-05-21,9255,2020-05-12,1700,020563,,2,2,9,0500,0,1,3,,2,030,SR-49,SR-12,80.00,S,N,A,-,Y,,,49,,,,,,,Y,3,0,2,2,A,-,09,21802,A,N,D,C,A,A,H,-,A,A,0,,,,,Y,,A,01,0,2,0,0,0,0,0,0,0,"- ","- ",38.204891204833984,-120.69743347167969,CALAVERAS,UNINCORPORATED,-120.69737243652344,38.204868316650391
91241242,2020,2020-05-22,9255,2020-05-15,1500,019557,,5,2,9,0500,0,1,3,,1,021,SR-4,"STALLION WAY",528.00,E,N,A,-,Y,,,4,,,,,,,Y,3,0,1,2,A,-,05,21460,A,N,D,C,A,A,H,-,A,D,0,,,Y,,Y,Y,C,02,0,1,0,0,0,0,0,0,1,"- ","- ",38.054981231689453,-120.62084197998047,CALAVERAS,UNINCORPORATED,-120.62076568603516,38.054931640625
91242108,2020,2020-05-26,9255,2020-05-17,0245,019246,,7,3,9,0500,0,3,5,,2,001,"BURSON RD","CIRCLE HILL DR",30.00,S,N,A,-,N,,,,,,,,,,Y,3,0,1,1,A,-,08,22107,,N,E,I,A,A,H,-,C,D,0,,,,,Y,,A,01,0,1,0,0,0,0,0,0,0,"- ","- ",38.162361145019531,-120.89562225341797,CALAVERAS,UNINCORPORATED,-120.8956298828125,38.162437438964844
91243266,2020,2020-05-27,9255,2020-05-18,1645,020563,,1,2,9,0500,0,3,5,,2,004,"PRIVATE PROPERTY/CREEK VIEW","CREEK VIEW",32.00,W,N,B,-,N,,,,,,,,,,N,2,0,1,1,A,-,01,23152,A,N,H,A,A,D,H,-,A,D,0,,,Y,,Y,Y,C,02,1,0,0,0,0,0,0,0,1,"- ","- ",38.139720916748047,-120.45712280273438,CALAVERAS,UNINCORPORATED,,
91243691,2020,2020-05-28,9255,2020-05-23,1031,019525,,6,1,9,0500,0,1,3,,1,011,SR-26,"FARRIS DR",800.00,E,N,A,-,Y,,,26,,,,,,,Y,3,0,1,1,A,-,01,23152,A,N,E,I,A,A,H,-,A,D,0,,,,,Y,Y,A,01,0,1,0,0,0,0,0,0,0,"- ","- ",38.151889801025391,-120.85662841796875,CALAVERAS,UNINCORPORATED,-120.85664367675781,38.151905059814453
91243844,2020,2020-05-28,9255,2020-05-24,1315,018873,,7,1,9,0500,0,1,3,,2,030,SR-49,"BIG BAR LAUNCH",310.00,S,N,A,-,Y,,,49,,,,,,,Y,3,0,1,1,A,-,03,22350,,N,E,I,A,A,H,-,A,D,0,,,Y,,Y,,C,02,0,1,0,0,0,0,0,0,1,"- ","- ",38.309188842773438,-120.72293853759766,CALAVERAS,UNINCORPORATED,-120.72294616699219,38.309207916259766
91243851,2020,2020-05-28,9255,2020-05-18,1415,019534,,1,2,9,0500,0,1,3,,1,011,"STATE ROUTE 26","MANGILI RD",550.00,W,N,B,C,Y,,,26,,,,,,,Y,3,0,1,1,A,-,08,22107,,N,F,A,A,B,H,-,A,D,0,,,,,Y,,A,07,0,1,0,0,0,0,0,0,0,"- ","- ",38.183971405029297,-120.82592010498047,CALAVERAS,UNINCORPORATED,-120.82584381103516,38.1839599609375
91245175,2020,2020-05-29,9255,2020-05-27,0400,018363,,3,3,9,0500,0,1,3,,2,030,"STATE ROUTE 49","BIG BAR RD",1797.00,S,N,A,-,Y,,,49,,,,,,,Y,2,0,3,1,A,-,08,22107,,N,E,I,A,A,H,-,D,D,0,,,,,Y,,A,01,1,2,0,0,0,0,0,0,0,"- ","- ",38.307071685791016,-120.72556304931641,CALAVERAS,UNINCORPORATED,-120.72555541992188,38.307064056396484
91245539,2020,2021-08-24,9255,2020-04-23,1720,019640,,4,2,9,0500,0,3,5,,2,003,"WINTON RD","LILY GAP RD",10032.00,E,N,A,-,N,,,,,,,,,,Y,1,1,0,1,A,-,01,23152,A,N,E,I,A,A,H,-,A,D,0,,,,,Y,Y,A,01,0,0,0,0,0,0,0,0,0,"- ","- ",38.425319671630859,-120.48297882080078,CALAVERAS,UNINCORPORATED,-120.47521209716797,38.428627014160156
91245986,2020,2020-06-01,9255,2020-05-28,1755,019534,,4,2,9,0500,0,3,5,,2,003,"JESUS MARIA RD","MUSIC GULCH RD",2640.00,E,N,A,-,N,,,,,,,,,,N,3,0,2,2,A,-,08,22107,,N,E,I,A,A,H,-,A,D,0,,,,,Y,,A,07,0,1,1,0,0,0,0,0,0,"- ","- ",38.288818359375,-120.61213684082031,CALAVERAS,UNINCORPORATED,-120.62208557128906,38.285308837890625
91246446,2020,2020-06-02,9255,2020-05-29,1020,018318,,5,1,9,0500,0,1,3,,2,030,SR-49,"BIG BAR ROAD",3696.00,S,N,A,-,Y,,,49,,,,,,,Y,2,0,1,1,A,-,03,22350,,N,F,A,A,A,H,-,A,D,0,,,,Y,Y,,G,25,1,0,0,0,0,0,0,0,0,"- ","- ",38.305389404296875,-120.72821807861328,CALAVERAS,UNINCORPORATED,-120.72817993164062,38.305431365966797
91247014,2020,2020-06-03,9255,2020-05-24,2300,018363,,7,3,9,0500,0,1,3,,2,030,"STATE ROUTE 49","HIGH SCHOOL ST",20.00,N,N,A,-,Y,,,49,,,,,,,N,4,0,1,1,A,-,08,22107,,N,E,I,A,A,H,-,C,D,0,,,,,Y,,A,01,0,0,1,0,0,0,0,0,0,"- ","- ",38.198520660400391,-120.68747711181641,CALAVERAS,UNINCORPORATED,-120.68741607666016,38.198616027832031
91251002,2019,2020-06-11,9255,2019-09-29,1455,021070,,7,2,9,0500,0,1,3,,1,021,SR-4,"MPM R19.080",481.00,E,N,A,-,Y,,,4,,,,,,,Y,1,1,2,2,A,-,03,22350,,N,D,C,A,A,H,-,A,D,0,,,,,Y,,A,01,2,0,0,0,0,0,0,0,0,"- ","- ",38.070980072021484,-120.58949279785156,CALAVERAS,UNINCORPORATED,-120.58946990966797,38.070945739746094
91252190,2020,2020-06-15,9255,2020-06-11,1135,017324,,4,1,9,0500,0,2,4,,1,022,"O'BYRNES FERRY ROAD","COPPER COVE DR",0.00,,Y,A,-,N,,,,,,,,,,Y,3,0,2,2,A,-,03,22350,,N,C,C,A,A,H,-,A,D,0,,,,,Y,,D,22,0,2,0,0,0,0,0,0,0,"- ","- ",37.941429138183594,-120.60646057128906,CALAVERAS,UNINCORPORATED,-120.60543823242188,37.940029144287109
91253490,2020,2020-06-17,9255,2020-06-06,1130,018873,,6,1,9,0500,0,1,3,,1,011,SR-26,"HAGEN CT",975.00,S,N,A,-,Y,,,26,,,,,,,N,2,0,1,2,A,-,05,21202,A,N,B,G,A,A,H,-,A,D,0,,Y,,,Y,,L,04,1,0,0,0,0,0,1,0,0,"- ","- ",38.133731842041016,-120.86933135986328,CALAVERAS,UNINCORPORATED,-120.86934661865234,38.133743286132812
91253903,2020,2020-06-18,9255,2020-06-10,1625,019534,,3,2,9,0500,0,1,3,,1,011,"STATE ROUTE 26","VISTA DEL LAGO DR",0.00,,Y,A,-,Y,,,26,,,,,,,Y,3,0,2,2,A,-,12,21453,A,N,D,C,A,A,H,-,A,A,0,,,,,Y,,A,01,0,1,1,0,0,0,0,0,0,"- ","- ",38.168811798095703,-120.839111328125,CALAVERAS,UNINCORPORATED,-120.83905792236328,38.16876220703125
9125393,2020,2020-12-01,0501,2020-01-27,0849,218,,1,5,2,0501,0,0,0,,0,,"RT 49","COPELLO DR",1584.00,S,N,A,-,Y,CAL,10,49,-,-,9.060,H,-,N,Y,4,0,2,2,A,-,09,21804,A,N,D,C,A,A,H,-,A,D,0,,,,,Y,,D,22,0,0,2,0,0,0,0,0,0,"- ","- ",,,CALAVERAS,"ANGELS CAMP",-120.56502532958984,38.085479736328125
91255564,2020,2020-06-22,9255,2020-06-20,1200,018318,,6,1,9,0500,0,1,3,,2,040,SR-4,"TOM BELL DR",160.00,W,N,A,-,Y,,,4,,,,,,,Y,3,0,1,2,A,-,09,21801,A,N,D,C,A,A,H,-,A,D,0,,,,,Y,,A,07,0,1,0,0,0,0,0,0,0,"- ","- ",38.138248443603516,-120.45626068115234,CALAVERAS,UNINCORPORATED,-120.45653533935547,38.13836669921875
91257586,2020,2020-06-25,9255,2020-06-19,1430,019557,,5,2,9,0500,0,2,4,,1,022,"PARROTTS FERRY RD.","MAIN ST",500.00,S,N,A,-,N,,,,,,,,,,Y,3,0,1,1,A,-,08,22107,,N,E,I,A,A,H,-,A,D,0,,,,,Y,,A,01,0,1,0,0,0,0,0,0,0,"- ","- ",38.048229217529297,-120.46119689941406,CALAVERAS,UNINCORPORATED,-120.46119689941406,38.084213256835938
91257645,2020,2020-06-25,9255,2020-06-23,1415,020142,,2,2,9,0500,0,1,3,,1,010,SR-12,SR-49,25.00,W,N,A,-,Y,,,12,,,,,,,Y,4,0,1,2,A,-,03,22350,,N,C,C,A,A,H,-,A,A,0,,,,,Y,,A,01,0,0,1,0,0,0,0,0,0,"- ","- ",38.204940795898438,-120.69764709472656,CALAVERAS,UNINCORPORATED,-120.69754791259766,38.205036163330078
91259193,2020,2020-06-26,9255,2020-06-20,1652,020563,,6,2,9,0500,0,1,3,,1,021,S4-4,"POOL STATION RD",1450.00,W,N,A,-,Y,,,,,,,,,,Y,2,0,2,1,A,-,08,22107,,N,F,I,A,A,H,-,A,D,0,,,Y,,Y,,C,02,2,0,0,0,0,0,0,0,2,"- ","- ",38.040390014648438,-120.64787292480469,CALAVERAS,UNINCORPORATED,,
91259897,2020,2020-06-29,9255,2020-06-23,1530,019557,,2,2,9,0500,0,3,5,,2,002,"LITTLE JOHN RD.","BOW DR.",0.00,,Y,A,-,N,,,,,,,,,,N,4,0,1,2,A,-,09,21802,A,N,D,C,A,A,H,-,A,A,0,,,,,Y,,A,01,0,0,1,0,0,0,0,0,0,"- ","- ",37.929618835449219,-120.6407470703125,CALAVERAS,UNINCORPORATED,-120.64080047607422,37.929611206054688
91260299,2020,2020-06-29,9255,2020-06-17,1230,018894,,3,1,9,0500,0,3,5,,2,005,"LOVE CREEK RD","DOGWOOD RD",5280.00,S,N,A,-,N,,,,,,,,,,N,3,0,1,2,A,-,05,21650,,F,B,G,A,A,H,-,A,D,0,,Y,,,Y,,-,99,0,1,0,0,0,0,1,0,0,"- ","- ",38.236419677734375,-120.32080078125,CALAVERAS,UNINCORPORATED,-120.29920959472656,38.258438110351562
91261573,2020,2020-07-01,9255,2020-06-26,0825,019525,,5,1,9,0500,0,1,3,,1,020,SR-49,"RED HILL RD",6864.00,S,N,A,-,Y,,,49,,,,,,,Y,2,0,2,2,A,-,08,22107,,N,F,I,A,A,H,-,A,D,0,,,Y,Y,Y,,C,02,1,0,1,0,0,0,0,0,1,"- ","- ",38.016059875488281,-120.50953674316406,CALAVERAS,UNINCORPORATED,-120.50955200195312,38.016056060791016
91261606,2020,2020-07-01,9255,2020-06-26,1944,021070,,5,2,9,0500,0,1,3,,1,021,SR-4,"OBYRNES FERRY RD",0.00,,Y,A,-,Y,,,4,,,,,,,Y,3,0,4,2,A,-,09,21802,A,N,A,C,A,A,H,-,B,A,0,,,,,Y,,A,07,0,1,3,0,0,0,0,0,0,"- ","- ",37.983390808105469,-120.64540100097656,CALAVERAS,UNINCORPORATED,-120.64543914794922,37.983386993408203
91263117,2020,2020-07-03,9255,2020-06-26,2010,020563,,5,2,9,0500,0,1,3,,2,030,SR-49,"MAIN STREET",0.00,,Y,A,-,Y,,,49,,,,,,,N,2,0,1,2,A,-,11,21950,B,N,G,B,B,A,H,-,A,D,0,Y,,,,Y,,N,60,1,0,0,0,1,0,0,0,0,"- ","- ",38.196178436279297,-120.68087768554688,CALAVERAS,UNINCORPORATED,-120.68088531494141,38.196170806884766
91263135,2020,2020-07-03,9255,2020-06-23,1550,018894,,2,2,9,0500,0,1,3,,2,050,"STATE ROUTE 4","SHIREWOOD LN",0.00,,Y,A,-,Y,,,4,,,,,,,N,4,0,1,2,A,-,09,21801,A,N,D,C,A,A,H,-,A,D,0,,,,,Y,,A,01,0,0,1,0,0,0,0,0,0,"- ","- ",38.233421325683594,-120.36740112304688,CALAVERAS,UNINCORPORATED,-120.36752319335938,38.233543395996094
91263146,2020,2020-07-03,9255,2020-06-29,0808,016479,,1,1,9,0500,0,1,3,,2,040,SR-4,"SIX MILE RD",1935.00,W,N,A,-,Y,,,4,,,,,,,Y,3,0,1,2,A,-,03,22350,,N,C,C,A,A,H,-,A,D,0,,,,,Y,,A,01,0,1,0,0,0,0,0,0,0,"- ","- ",38.087100982666016,-120.50890350341797,CALAVERAS,UNINCORPORATED,-120.50894927978516,38.087169647216797
91264519,2020,2020-07-07,9255,2020-06-23,2150,019996,,2,2,9,0500,0,1,3,,1,011,SR-26,"QUAIL OAKS ROAD",173.00,E,N,A,-,Y,,,26,,,,,,,Y,2,0,2,1,A,-,01,23152,A,N,F,A,A,A,H,-,D,D,0,,,,,Y,Y,A,01,2,0,0,0,0,0,0,0,0,"- ","- ",38.172691345214844,-120.83541870117188,CALAVERAS,UNINCORPORATED,-120.83538818359375,38.172634124755859
91265586,2020,2020-07-08,9255,2020-06-27,1545,020563,,6,2,9,0500,0,1,3,,2,030,SR-49,"BIG BAR ROAD",3696.00,S,N,A,-,Y,,,49,,,,,,,Y,2,0,1,1,A,-,08,22107,,N,E,I,A,A,H,-,A,A,0,,,Y,,Y,,C,02,1,0,0,0,0,0,0,0,1,"- ","- ",38.305339813232422,-120.72808074951172,CALAVERAS,UNINCORPORATED,-120.72808074951172,38.305339813232422
91265840,2020,2020-07-09,9255,2020-07-02,1945,021070,,4,2,9,0500,0,1,3,,2,050,SR-4,"GOLDEN TORCH DR",318.00,W,N,A,-,Y,,,4,,,,,,,Y,3,0,1,1,A,-,01,23152,A,N,E,I,A,A,H,-,B,D,0,,,,,Y,Y,A,01,0,1,0,0,0,0,0,0,0,"- ","- ",38.294841766357422,-120.28617858886719,CALAVERAS,UNINCORPORATED,-120.28614807128906,38.294822692871094
91267733,2020,2020-07-13,9255,2020-07-07,1620,020563,,2,2,9,0500,0,1,3,,2,031,SR-26,"RICH GULCH RD",1777.00,W,N,A,-,Y,,,26,,,,,,,Y,4,0,1,1,A,-,08,22107,,N,E,I,A,A,H,-,A,D,0,,,,Y,Y,,G,26,0,0,1,0,0,0,0,0,0,"- ","- ",38.329208374023438,-120.63311004638672,CALAVERAS,UNINCORPORATED,-120.63308715820312,38.329174041748047
91269262,2020,2020-07-15,9255,2020-07-04,1810,020563,,6,2,9,0500,0,3,5,,2,001,"BURSON ROAD","CAMANCHE PKY S",0.00,,Y,A,-,N,,,,,,,,,,Y,4,0,2,2,A,-,09,21803,A,N,A,C,A,A,H,-,A,A,0,,,,,Y,,D,22,0,0,2,0,0,0,0,0,0,"- ","- ",38.198440551757812,-120.89380645751953,CALAVERAS,UNINCORPORATED,-120.89380645751953,38.198440551757812
91270907,2020,2020-07-20,9255,2020-07-11,0900,019534,,6,1,9,0500,0,1,3,,1,010,"STATE ROUTE 12","PINE ST",85.00,E,N,A,-,Y,,,12,,,,,,,N,4,0,1,2,C,-,18,,,N,H,B,F,A,H,-,A,D,0,Y,,,,Y,,-,"- ",0,0,1,0,1,0,0,0,0,"- ","- ",38.190090179443359,-120.83087921142578,CALAVERAS,UNINCORPORATED,-120.83042907714844,38.189743041992188
91270913,2020,2020-07-20,9255,2020-07-12,1410,021070,,7,2,9,0500,0,2,4,,2,034,"MOUNTAIN RANCH RD","ROCKY RD",3381.00,E,N,A,-,N,,,,,,,,,,Y,2,0,2,1,A,-,08,22107,,N,F,A,A,A,H,-,A,D,0,,,,,Y,,A,07,1,1,0,0,0,0,0,0,0,"- ","- ",38.191879272460938,-120.60117340087891,CALAVERAS,UNINCORPORATED,-120.60164642333984,38.191699981689453
91271780,2020,2020-07-21,9255,2020-07-18,1850,020142,,6,2,9,0500,0,3,5,,2,002,"QUAIL HILL RD","BOW DR",875.00,S,N,A,-,N,,,,,,,,,,N,3,0,1,1,A,-,08,22107,,N,F,A,A,A,H,-,A,D,0,,,Y,,Y,,C,02,0,1,0,0,0,0,0,0,1,"- ","- ",37.928970336914062,-120.62653350830078,CALAVERAS,UNINCORPORATED,-120.63658905029297,37.929012298583984
91273308,2020,2020-07-23,9255,2020-07-17,2108,021070,,5,2,9,0500,0,3,5,,2,001,"PETTINGER RD","MESSING RD",795.00,N,N,A,-,N,,,,,,,,,,N,4,0,1,2,A,-,05,21460,A,N,B,C,A,A,H,-,D,D,0,,,,,Y,,E,22,0,0,1,0,0,0,0,0,0,"- ","- ",38.165359497070312,-120.918212890625,CALAVERAS,UNINCORPORATED,-120.91817474365234,38.165401458740234
91273890,2020,2020-07-24,9255,2020-07-20,0750,018363,,1,1,9,0500,0,1,3,,2,040,"STATE ROUTE 4","PENNSYLVANIA GULCH RD",20.00,E,N,A,-,Y,,,4,,,,,,,Y,3,0,3,2,A,-,03,22350,,N,C,C,A,A,H,-,A,D,0,,,,,Y,,A,07,0,1,2,0,0,0,0,0,0,"- ","- ",38.134258270263672,-120.45558166503906,CALAVERAS,UNINCORPORATED,-120.45559692382812,38.134250640869141
91278614,2020,2020-07-31,9255,2020-07-27,2245,018363,,1,3,9,0500,0,3,5,,2,004,"6 MILE ROAD","VALLECITO BLUFFS ROAD",2190.00,S,N,A,-,N,,,,,,,,,,Y,4,0,2,1,A,-,08,22107,,N,E,I,A,A,H,-,D,D,0,,,,,Y,,A,01,0,0,2,0,0,0,0,0,0,"- ","- ",38.109329223632812,-120.4810791015625,CALAVERAS,UNINCORPORATED,,
91278652,2020,2020-07-31,9255,2020-07-22,1955,019557,,3,2,9,0500,0,1,3,,1,021,SR-4,"OBYRNES FERRY RD",0.00,,Y,A,-,Y,,,4,,,,,,,Y,3,0,1,2,A,-,12,22450,A,N,D,C,A,A,H,-,A,A,0,,,,,Y,,A,07,0,1,0,0,0,0,0,0,0,"- ","- ",37.983390808105469,-120.64541625976562,CALAVERAS,UNINCORPORATED,-120.64543914794922,37.983386993408203
91278887,2020,2020-07-31,9255,2020-06-10,2316,020270,,3,3,9,0500,0,1,3,,2,031,SR-26,"STANLEY RD",1554.00,E,N,A,-,Y,,,26,,,,,,,Y,1,1,0,1,A,-,01,23152,G,N,E,I,A,A,H,-,D,D,0,,,,,Y,Y,D,22,0,0,0,0,0,0,0,0,0,"- ","- ",38.389419555664062,-120.53093719482422,CALAVERAS,UNINCORPORATED,-120.53093719482422,38.389347076416016
91279642,2020,2020-08-03,9255,2020-07-26,1300,019525,,7,1,9,0500,0,1,3,,2,050,SR-4,"OAK CIRCLE (EAST)",0.00,,Y,A,-,Y,,,4,,,,,,,Y,4,0,3,2,A,-,09,21802,A,N,D,C,A,A,H,-,A,A,0,,,,,Y,,A,07,0,0,3,0,0,0,0,0,0,"- ","- ",38.254188537597656,-120.35378265380859,CALAVERAS,UNINCORPORATED,-120.35376739501953,38.254177093505859
91280892,2020,2020-08-05,9255,2020-07-30,1645,018318,,4,2,9,0500,0,1,3,,1,021,SR-4,"HUNT RD",500.00,W,N,A,-,Y,,,4,,,,,,,Y,3,0,3,1,A,-,08,22107,,N,E,I,A,A,H,-,A,D,0,,,,,Y,,A,01,0,3,0,0,0,0,0,0,0,"- ","- ",38.033740997314453,-120.64916229248047,CALAVERAS,UNINCORPORATED,-120.64923858642578,38.033676147460938
9128105,2020,2020-10-20,0501,2020-02-08,1246,241,,6,5,2,0501,0,0,0,,0,,"RT 49","COPELLO DR",243.00,S,N,A,-,Y,CAL,10,49,-,-,9.310,H,-,N,Y,4,0,1,2,A,-,09,21804,,N,B,D,A,A,H,-,A,D,0,,,,,Y,,A,01,0,0,1,0,0,0,0,0,0,"- ","- ",,,CALAVERAS,"ANGELS CAMP",-120.56927490234375,38.086872100830078
9128125,2020,2020-10-20,0501,2020-05-20,1630,238,,3,5,2,0501,0,0,0,,0,,"RT 4","RT 49",2640.00,E,N,A,-,Y,CAL,10,4,-,R,21.590,H,-,E,N,4,0,1,2,A,-,09,21804,A,N,D,C,A,A,H,-,A,D,0,,,,,Y,,A,01,0,0,1,0,0,0,0,0,0,"- ","- ",,,CALAVERAS,"ANGELS CAMP",-120.55062866210938,38.085113525390625
91282394,2020,2020-08-07,9255,2020-07-31,1435,018492,,5,2,9,0500,0,3,5,,2,005,"LAKEMONT DR","LAKEVIEW CT",55.00,W,N,A,-,N,,,,,,,,,,Y,4,0,1,1,A,-,08,22107,,N,B,I,A,A,H,-,A,D,0,,,,,Y,,A,01,0,0,1,0,0,0,0,0,0,"- ","- ",38.235698699951172,-120.37510681152344,CALAVERAS,UNINCORPORATED,-120.37521362304688,38.235904693603516
91283062,2020,2020-08-10,9255,2020-08-01,1125,018492,,6,1,9,0500,0,1,3,,2,050,SR-4,"CEDAR LN",0.00,,Y,A,-,Y,,,4,,,,,,,Y,3,0,1,2,A,-,09,21801,A,N,D,C,A,A,H,-,A,D,0,,,,,Y,,D,22,0,1,0,0,0,0,0,0,0,"- ","- ",38.239021301269531,-120.36274719238281,CALAVERAS,UNINCORPORATED,-120.36280059814453,38.239044189453125
91284719,2020,2020-08-12,9255,2020-08-02,1250,016479,,7,1,9,0500,0,1,3,,1,021,SR-4,"HUNT RD",1200.00,W,N,A,-,Y,,,4,,,,,,,Y,2,0,1,1,A,-,05,21650,,N,E,I,A,A,H,-,A,D,0,,,Y,,Y,,C,02,1,0,0,0,0,0,0,0,1,"- ","- ",38.028251647949219,-120.64676666259766,CALAVERAS,UNINCORPORATED,-120.64680480957031,38.028232574462891
91285952,2020,2020-08-13,9255,2020-08-04,1440,018894,,2,2,9,0500,0,1,3,,2,050,"STATE ROUTE 4","MEADOWVIEW DR",500.00,W,N,A,-,Y,,,4,,,,,,,Y,4,0,1,1,A,-,08,22107,,N,E,I,A,A,H,-,A,D,0,,,,,Y,,A,01,0,0,1,0,0,0,0,0,0,"- ","- ",38.2493896484375,-120.35894775390625,CALAVERAS,UNINCORPORATED,-120.35894775390625,38.2493896484375
91286435,2020,2020-08-14,9255,2020-08-09,0845,019525,,7,1,9,0500,0,2,4,,1,022,"OBYRNES FERRY RD","PYLE RD",75.00,S,N,A,-,N,,,,,,,,,,Y,3,0,1,1,A,-,08,22107,,N,E,I,A,A,H,-,A,D,0,,,,,Y,,A,01,0,1,0,0,0,0,0,0,0,"- ","- ",37.967208862304688,-120.62061309814453,CALAVERAS,UNINCORPORATED,-120.62082672119141,37.96722412109375
91287863,2020,2020-08-18,9255,2020-08-07,2010,020563,,5,2,9,0500,0,3,5,,2,003,"BLUE MOUNTAIN RD","POOR MANS WAY",150.00,W,N,A,-,N,,,,,,,,,,Y,3,0,1,1,A,-,01,23152,A,N,E,I,A,A,H,-,D,D,0,,,,,Y,Y,D,22,0,1,0,0,0,0,0,0,0,"- ","- ",38.376701354980469,-120.48291778564453,CALAVERAS,UNINCORPORATED,-120.482913,38.376733999999999
91288045,2020,2020-08-18,9255,2020-08-10,1505,020142,,1,2,9,0500,0,1,3,,2,031,SR-26,"EALEY ROAD",650.00,E,N,A,-,Y,,,26,,,,,,,Y,3,0,1,1,A,-,01,23152,A,N,E,I,A,A,H,-,A,D,0,,,,,Y,Y,A,07,0,1,0,0,0,0,0,0,0,"- ","- ",38.358280181884766,-120.57244110107422,CALAVERAS,UNINCORPORATED,-120.57245635986328,38.358299255371094
91288055,2020,2020-08-18,9255,2020-08-06,1035,019534,,4,1,9,0500,0,1,3,,1,021,"STATE ROUTE 4","STOCKTON RD",820.00,E,N,A,-,Y,,,4,,,,,,,Y,3,0,5,2,A,-,05,21460,A,N,C,C,A,A,H,-,A,D,0,,,,,Y,,A,01,0,2,3,0,0,0,0,0,0,"- ","- ",38.071811676025391,-120.58084869384766,CALAVERAS,UNINCORPORATED,-120.58084869384766,38.071788787841797
91289491,2020,2020-08-20,9255,2020-08-16,2035,019557,,7,2,9,0500,0,1,3,,1,021,SR-4,"HORSESHOE RD",2640.00,W,N,A,-,Y,,,4,,,,,,,Y,3,0,1,1,C,-,18,,,N,H,H,A,A,H,-,D,D,0,,,Y,,Y,,-,"- ",0,1,0,0,0,0,0,0,1,"- ","- ",37.953628540039062,-120.69415283203125,CALAVERAS,UNINCORPORATED,-120.69417572021484,37.953659057617188
91290120,2020,2020-08-21,9255,2020-08-08,2139,019996,,6,2,9,0500,0,3,5,,2,002,"FEATHER DRIVE","FEATHER COURT",50.00,N,N,A,-,N,,,,,,,,,,N,3,0,2,3,A,-,08,22107,,F,G,B,E,A,H,-,D,D,0,Y,,,,Y,,A,01,0,2,0,0,2,0,0,0,0,"- ","- ",37.9404296875,-120.60800170898438,CALAVERAS,UNINCORPORATED,-120.6080322265625,37.940376281738281
91291120,2020,2020-08-24,9255,2020-08-12,2015,020563,,3,2,9,0500,0,3,5,,2,001,"GARNER PLACE","FRIEDMAN WAY",440.00,S,N,A,-,N,,,,,,,,,,Y,2,0,1,1,A,-,01,23152,A,N,E,I,A,A,H,-,B,D,0,,,,,Y,Y,A,01,1,0,0,0,0,0,0,0,0,"- ","- ",38.123649597167969,-120.86588287353516,CALAVERAS,UNINCORPORATED,-120.87158203125,38.129901885986328
91291183,2020,2020-08-24,9255,2020-08-01,2240,019996,,6,3,9,0500,0,3,5,,2,001,"BURSON ROAD","DAKOTA DR",500.00,N,N,A,-,N,,,,,,,,,,Y,3,0,1,1,A,-,01,23152,A,N,E,I,A,A,H,-,D,D,0,,,,,Y,Y,A,01,0,1,0,0,0,0,0,0,0,"- ","- ",38.195228576660156,-120.89040374755859,CALAVERAS,UNINCORPORATED,-120.89040374755859,38.195159912109375
91291270,2020,2020-08-24,9255,2020-08-19,1810,020563,,3,2,9,0500,0,1,3,,2,030,SR-49,"BIG BAR ROAD",5100.00,S,N,A,-,Y,,,49,,,,,,,Y,2,0,1,1,A,-,08,22107,,N,F,A,A,A,H,-,A,D,0,,,Y,,Y,,C,02,1,0,0,0,0,0,0,0,1,"- ","- ",38.305629730224609,-120.72718048095703,CALAVERAS,UNINCORPORATED,-120.72721099853516,38.305633544921875
91292120,2020,2020-08-25,9255,2020-08-18,0526,018363,,2,3,9,0500,0,2,4,,2,034,"MOUNTAIN RANCH ROAD","COACHMAN WAY",970.00,W,N,A,-,N,,,,,,,,,,Y,4,0,1,1,A,-,08,22107,,N,E,I,A,A,H,-,B,D,0,,,,,Y,,D,22,0,0,1,0,0,0,0,0,0,"- ","- ",38.211311340332031,-120.56153869628906,CALAVERAS,UNINCORPORATED,-120.56146240234375,38.211414337158203
91292135,2020,2020-08-25,9255,2020-08-20,1415,018318,,4,2,9,0500,0,3,5,,2,003,"CALAVERITAS RD","FRICOT CITY RD",528.00,W,N,A,-,N,,,,,,,,,,Y,3,0,1,1,A,-,08,22107,,N,F,A,A,A,H,-,A,D,0,,,,,Y,,A,07,0,1,0,0,0,0,0,0,0,"- ","- ",38.151500701904297,-120.60414886474609,CALAVERAS,UNINCORPORATED,-120.59754180908203,38.152061462402344
91293122,2020,2020-08-26,9255,2020-08-20,2341,019996,,4,3,9,0500,0,3,5,,2,002,"POOL STATION ROAD",SR-4,1250.00,N,N,A,-,N,,,,,,,,,,Y,3,0,1,1,A,-,01,23152,A,N,E,I,A,A,H,-,D,D,0,,,,,Y,Y,D,22,0,1,0,0,0,0,0,0,0,"- ","- ",38.047290802001953,-120.64956665039062,CALAVERAS,UNINCORPORATED,-120.64949035644531,38.047260284423828
91296016,2020,2020-08-31,9255,2020-08-29,2254,020414,,6,3,9,0500,0,1,3,,2,040,SR-4,"TOM BELL ROAD",0.00,,Y,A,-,Y,,,4,,,,,,,Y,3,0,1,2,A,-,01,23153,A,N,A,C,A,A,H,-,C,A,0,,,,,Y,Y,D,22,0,1,0,0,0,0,0,0,0,"- ","- ",38.139068603515625,-120.45606994628906,CALAVERAS,UNINCORPORATED,-120.45610809326172,38.13909912109375
91298358,2020,2020-09-03,9255,2020-08-26,1120,019525,,3,1,9,0500,0,3,5,,2,002,"REEDS TPKE","TOWN SQUARE ROAD",1056.00,E,N,A,-,N,,,,,,,,,,Y,3,0,2,1,A,-,08,22107,,N,E,I,A,A,H,-,A,D,0,,,,,Y,,A,07,0,1,1,0,0,0,0,0,0,"- ","- ",37.974010467529297,-120.64750671386719,CALAVERAS,UNINCORPORATED,-120.64930725097656,37.973903656005859
91298681,2020,2020-09-03,9255,2020-08-27,1930,018492,,4,2,9,0500,0,1,3,,2,050,SR-4,"OTTAWA DR",2640.00,E,N,A,-,Y,,,4,,,,,,,Y,2,0,1,1,A,-,01,23152,A,N,F,A,A,A,H,-,B,D,0,,,,,Y,Y,D,22,1,0,0,0,0,0,0,0,0,"- ","- ",38.321250915527344,-120.2613525390625,CALAVERAS,UNINCORPORATED,-120.26136016845703,38.321254730224609
91299359,2020,2020-09-04,9255,2020-08-29,1215,018492,,6,1,9,0500,0,2,4,,1,041,"MURPHYS GRADE RD","FRENCH GULCH RD (UPPER)",1056.00,W,N,A,-,N,,,,,,,,,,N,3,0,1,1,A,-,03,22350,,N,F,A,A,A,H,-,A,D,0,,,Y,,Y,,C,02,0,1,0,0,0,0,0,0,1,"- ","- ",38.135158538818359,-120.47289276123047,CALAVERAS,UNINCORPORATED,-120.52146911621094,38.103229522705078
91299398,2020,2020-09-04,9255,2020-08-29,0900,019534,,6,1,9,0500,0,1,3,,2,030,"STATE ROUTE 49","FOURTH CROSSING RD",2000.00,N,N,A,-,Y,,,49,,,,,,,N,3,0,1,1,A,-,08,22107,,N,F,A,A,A,H,-,A,D,0,,,Y,,Y,,C,02,0,1,0,0,0,0,0,0,1,"- ","- ",38.137619018554688,-120.63480377197266,CALAVERAS,UNINCORPORATED,-120.63474273681641,38.137607574462891
91300680,2020,2020-09-08,9255,2020-09-02,0725,017324,,3,1,9,0500,0,1,3,,2,040,"STATE ROUTE 4","TANNER STREET",356.00,E,N,A,-,Y,,,4,,,,,,,Y,2,0,1,1,A,-,03,22350,,N,F,A,A,A,H,-,A,D,0,,,Y,,Y,,C,02,1,0,0,0,0,0,0,0,1,"- ","- ",38.142578125,-120.45176696777344,CALAVERAS,UNINCORPORATED,-120.45179748535156,38.142608642578125
91301805,2020,2020-09-09,9255,2020-09-06,1710,019557,,7,2,9,0500,0,3,5,,2,001,"PALOMA RD.","GOODELL RD",2640.00,W,N,A,-,N,,,,,,,,,,Y,3,0,1,1,A,-,08,22107,,N,E,I,A,A,H,-,A,D,0,,,,,Y,,A,07,0,1,0,0,0,0,0,0,0,"- ","- ",38.141799926757812,-120.47260284423828,CALAVERAS,UNINCORPORATED,-120.77269744873047,38.253131866455078
91304931,2020,2020-09-15,9255,2020-09-06,2345,019246,,7,3,9,0500,0,3,5,,2,001,"JENNY LIND RD","KIRBY ST",40.00,N,N,A,-,N,,,,,,,,,,Y,3,0,1,1,A,-,08,22107,,N,F,A,A,A,H,-,D,D,0,,,,,Y,,A,01,0,1,0,0,0,0,0,0,0,"- ","- ",38.113231658935547,-120.87924194335938,CALAVERAS,UNINCORPORATED,-120.87923431396484,38.111259460449219
91304946,2020,2020-09-15,9255,2020-09-03,2225,019996,,4,3,9,0500,0,3,5,,2,003,"HAWVER ROAD","GOLD STRIKE ROAD",530.00,E,N,A,-,Y,,,,,,,,,,Y,3,0,1,1,A,-,08,22107,,N,E,I,A,A,H,-,A,D,0,,,,,Y,,A,01,0,1,0,0,0,0,0,0,0,"- ","- ",38.217151641845703,-120.68895721435547,CALAVERAS,UNINCORPORATED,-120.68885040283203,38.215579986572266
91305186,2020,2020-09-15,9255,2020-09-04,1340,018894,,5,1,9,0500,0,2,4,,1,022,"OBYRNES FERRY RD","SANGUINETTI DR",200.00,N,N,A,-,N,,,,,,,,,,Y,4,0,1,2,A,-,05,21460,A,M,B,C,A,A,H,-,A,D,0,,,,,Y,,-,99,0,0,1,0,0,0,0,0,0,"- ","- ",37.912521362304688,-120.59137725830078,CALAVERAS,UNINCORPORATED,-120.59136962890625,37.912479400634766
91305189,2020,2020-09-15,9255,2020-09-04,1900,018894,,5,2,9,0500,0,1,3,,2,031,"STATE ROUTE 26","SPORT HILL RD",0.00,,Y,A,-,Y,,,26,,,,,,,Y,2,0,1,1,A,-,08,22107,,N,E,I,A,A,H,-,D,D,0,,,,,Y,,A,07,1,0,0,0,0,0,0,0,0,"- ","- ",38.300991058349609,-120.69107818603516,CALAVERAS,UNINCORPORATED,-120.69106292724609,38.301029205322266
91305901,2020,2020-09-16,9255,2020-09-04,1105,019534,,5,1,9,0500,0,1,3,,1,011,"STATE ROUTE 26","ST ANDREWS RD",750.00,E,N,A,-,Y,,,26,,,,,,,Y,4,0,1,2,A,-,05,21650,,N,B,C,A,A,H,-,A,D,0,,,,,Y,,A,01,0,0,1,0,0,0,0,0,0,"- ","- ",38.172550201416016,-120.8355712890625,CALAVERAS,UNINCORPORATED,-120.83555603027344,38.172531127929688
91307918,2020,2020-09-21,9255,2020-09-14,2117,019996,,1,2,9,0500,0,1,3,,2,030,SR-49,"CAROL KENNEDY RD",650.00,S,N,A,-,Y,,,49,,,,,,,Y,3,0,1,1,C,-,18,,,N,H,H,A,A,H,-,D,D,0,,,Y,,Y,,-,"- ",0,1,0,0,0,0,0,0,1,"- ","- ",38.144390106201172,-120.63764953613281,CALAVERAS,UNINCORPORATED,-120.63758850097656,38.144439697265625
91308007,2020,2020-09-21,9255,2020-09-12,1700,018894,,6,2,9,0500,0,2,4,,2,034,"RAILROAD FLAT RD","SIERRA OAKS RD",0.00,,Y,A,-,N,,,,,,,,,,Y,3,0,2,1,A,-,08,22107,,N,E,I,A,A,H,-,A,D,0,,,,,Y,,A,07,0,1,1,0,0,0,0,0,0,"- ","- ",38.296310424804688,-120.49907684326172,CALAVERAS,UNINCORPORATED,-120.50350189208984,38.301448822021484
91308111,2020,2020-09-21,9255,2020-09-11,1715,018363,,5,2,9,0500,0,3,5,,2,003,"GOLD STRIKE RD","LEONARD RD",1050.00,S,N,A,-,N,,,,,,,,,,Y,4,0,1,2,A,-,08,22107,,M,B,C,A,A,H,-,A,D,0,,,,,Y,,A,07,0,0,1,0,0,0,0,0,0,"- ","- ",38.207748413085938,-120.68377685546875,CALAVERAS,UNINCORPORATED,-120.68383026123047,38.208255767822266
91308800,2020,2021-08-24,9255,2020-08-29,1135,019525,,6,1,9,0500,0,1,3,,2,031,"STATE ROUTE 26","SPORT HILL RD",108.00,E,N,A,-,Y,,,26,,,,,,,Y,1,1,0,1,A,-,08,22107,,N,E,I,A,A,H,-,A,D,0,,,Y,,Y,,C,02,0,0,0,0,0,0,0,1,0,"- ","- ",38.300891876220703,-120.69055938720703,CALAVERAS,UNINCORPORATED,-120.69055938720703,38.300918579101562
91310495,2020,2020-09-24,9255,2020-09-18,0300,018363,,5,3,9,0500,0,1,3,,1,021,"STATE ROUTE 4","POOL STATION RD",1834.00,W,N,A,-,Y,,,4,,,,,,,Y,3,0,1,1,A,-,01,23152,A,N,E,I,A,A,H,-,C,D,0,,,,,Y,Y,A,01,0,1,0,0,0,0,0,0,0,"- ","- ",38.039840698242188,-120.64769744873047,CALAVERAS,UNINCORPORATED,-120.64774322509766,38.039825439453125
91314422,2020,2020-09-29,9255,2020-09-21,2230,020563,,1,3,9,0500,0,2,4,,1,022,"OBYRNES FERRY RD","DUCHESS DR",3440.00,S,N,A,-,N,,,,,,,,,,Y,3,0,1,1,A,-,01,23152,A,N,F,A,A,A,H,-,D,D,0,,,,,Y,Y,D,22,0,1,0,0,0,0,0,0,0,"- ","- ",37.896720886230469,-120.57579040527344,CALAVERAS,UNINCORPORATED,-120.57576751708984,37.896648406982422
91314431,2020,2020-09-29,9255,2020-09-19,1558,020270,,6,2,9,0500,0,3,5,,2,001,"SOUTHWORTH RD","BURSON RD",18.00,W,N,A,-,N,,,,,,,,,,Y,2,0,1,2,A,-,03,22350,,N,C,C,A,A,H,-,A,D,0,,,Y,,Y,,C,02,1,0,0,0,0,0,0,0,1,"- ","- ",38.148658752441406,-120.89958190917969,CALAVERAS,UNINCORPORATED,-120.89920043945312,38.148635864257812
91316827,2020,2020-10-02,9255,2020-09-26,1525,016918,,6,2,9,0500,0,1,3,,1,011,SR-26,"PALOMA RD",4752.00,W,N,A,-,Y,,,26,,,,,,,Y,2,0,1,1,A,-,08,22107,,N,F,A,A,A,H,-,A,D,0,,,Y,,Y,Y,C,02,1,0,0,0,0,0,0,0,1,"- ","- ",38.251220703125,-120.75485229492188,CALAVERAS,UNINCORPORATED,-120.75483703613281,38.251216888427734
91317322,2020,2020-10-05,9255,2020-09-30,1142,017324,,3,1,9,0500,0,1,3,,1,010,"STATE ROUTE 12","CHESTNUT STREET",528.00,E,N,A,-,N,,,12,,,,,,,Y,2,0,2,2,A,-,09,21801,A,N,D,C,A,A,H,-,A,A,0,,,,,Y,,D,22,1,1,0,0,0,0,0,0,0,"- ","- ",38.192489624023438,-120.82634735107422,CALAVERAS,UNINCORPORATED,-120.82635498046875,38.192501068115234
91317412,2020,2021-04-02,9255,2020-09-27,1355,020142,,7,1,9,0500,0,1,3,,2,031,SR-26,"WOODHOUSE MINE RD",2640.00,W,N,A,-,Y,,,26,,,,,,,Y,1,1,1,2,A,-,05,21460,A,N,B,C,A,A,H,-,A,D,0,,,,,Y,,A,01,0,1,0,0,0,0,0,0,0,"- ","- ",38.371868133544922,-120.55415344238281,CALAVERAS,UNINCORPORATED,-120.55415344238281,38.371864318847656
91318733,2020,2020-10-06,9255,2020-09-29,1528,019640,,2,2,9,0500,0,1,3,,1,010,SR-12,"CAMANCHE PKY S",2640.00,W,N,A,-,Y,,,12,,,,,,,Y,2,0,3,2,A,-,01,23152,A,N,E,I,A,A,H,-,A,D,0,,,,,Y,Y,E,22,3,0,0,0,0,0,0,0,0,"- ","- ",38.203948974609375,-120.98497009277344,CALAVERAS,UNINCORPORATED,-120.98494720458984,38.2039794921875
91321793,2020,2020-10-12,9255,2020-10-05,0005,019246,,1,3,9,0500,0,3,5,,2,004,"SIX MILE RD","OLD MURPHYS RD",1214.00,E,N,A,-,N,,,,,,,,,,Y,4,0,1,1,B,-,22,,,N,E,I,A,A,H,-,D,D,0,,,,,Y,,J,48,0,0,1,0,0,0,0,0,0,"- ","- ",38.106609344482422,-120.49417114257812,CALAVERAS,UNINCORPORATED,-120.49404144287109,38.106494903564453
91322582,2020,2020-10-13,9255,2020-10-07,1808,020142,,3,2,9,0500,0,1,3,,1,011,SR-26,"HEINEMANN DR",1056.00,E,N,A,-,Y,,,26,,,,,,,Y,4,0,3,2,A,-,09,21801,A,N,D,C,A,A,H,-,A,D,0,,,,,Y,,A,01,0,0,3,0,0,0,0,0,0,"- ","- ",38.157810211181641,-120.85057830810547,CALAVERAS,UNINCORPORATED,-120.85050964355469,38.157749176025391
91323458,2020,2020-10-14,9255,2020-10-09,0813,017324,,5,1,9,0500,0,1,3,,2,050,"STATE ROUTE 4","COUNTRY CLUB DRIVE",0.00,,Y,A,-,Y,,,4,,,,,,,Y,3,0,1,2,A,-,09,21802,A,N,D,C,A,A,H,-,A,A,0,,,,,Y,,A,07,0,1,0,0,0,0,0,0,0,"- ","- ",38.184680938720703,-120.37494659423828,CALAVERAS,UNINCORPORATED,-120.37495422363281,38.184688568115234
91325151,2020,2020-10-16,9255,2020-10-13,1935,020142,,2,2,9,0500,0,2,4,,2,034,"MOUNTAIN RANCH RD","WILLOW CREEK RD",900.00,E,N,A,-,Y,,,,,,,,,,Y,3,0,1,1,A,-,08,22107,,N,F,A,A,A,H,-,D,D,0,,,,,Y,,A,07,0,1,0,0,0,0,0,0,0,"- ","- ",38.190719604492188,-120.64006042480469,CALAVERAS,UNINCORPORATED,-120.64019775390625,38.190692901611328
91325208,2020,2020-10-16,9255,2020-10-15,1300,018318,,4,1,9,0500,0,1,3,,2,030,SR-49,"CENTER ST",4475.00,N,N,A,-,Y,,,49,,,,,,,Y,3,0,1,1,A,-,08,22107,,N,F,A,A,A,H,-,A,D,0,,,Y,,Y,,C,02,0,1,0,0,0,0,0,0,1,"- ","- ",38.302238464355469,-120.73104095458984,CALAVERAS,UNINCORPORATED,-120.7310791015625,38.302230834960938
91325463,2020,2020-10-16,9255,2020-10-10,1425,019640,,6,2,9,0500,0,1,3,,1,021,SR-4,"TELEGRAPH RD",855.00,W,N,A,-,Y,,,4,,,,,,,Y,2,0,1,1,A,-,17,21711,,N,F,A,A,A,H,-,A,D,0,,,,,Y,,B,07,1,0,0,0,0,0,0,0,0,"- ","- ",37.942989349365234,-120.72051239013672,CALAVERAS,UNINCORPORATED,-120.72052001953125,37.942920684814453
91329400,2020,2020-10-22,9255,2020-10-14,0035,019246,,3,3,9,0500,0,3,5,,2,001,"CHURCH HILL RD","POOL STATION RD",815.00,E,N,A,-,N,,,,,,,,,,Y,2,0,1,1,A,-,08,22107,,N,E,I,A,A,H,-,D,D,0,,,Y,,Y,,C,02,1,0,0,0,0,0,0,0,1,"- ","- ",38.182029724121094,-120.68065643310547,CALAVERAS,UNINCORPORATED,-120.68073272705078,38.181983947753906
91329623,2020,2020-10-22,9255,2020-10-11,2214,019996,,7,3,9,0500,0,3,5,,2,005,"MORAN ROAD","RAINY DR",70.00,S,N,A,-,Y,,,,,,,,,,Y,3,0,1,1,A,-,01,23152,A,N,E,I,A,A,H,-,D,D,0,,,,,Y,Y,A,01,0,1,0,0,0,0,0,0,0,"- ","- ",38.248340606689453,-120.33573913574219,CALAVERAS,UNINCORPORATED,-120.33570861816406,38.248367309570312
91331445,2020,2020-10-26,9255,2020-10-21,0915,017324,,3,1,9,0500,0,1,3,,1,010,"STATE ROUTE 12","BURSON ROAD",477.00,W,N,A,-,Y,,,12,,,,,,,Y,4,0,1,1,A,-,08,22107,,N,E,I,A,A,H,-,A,D,0,,,,,Y,,A,01,0,0,1,0,0,0,0,0,0,"- ","- ",38.183429718017578,-120.89228057861328,CALAVERAS,UNINCORPORATED,-120.89217376708984,38.183135986328125
91335788,2020,2020-10-30,9255,2020-10-27,1129,017324,,2,1,9,0500,0,1,3,,2,030,"STATE ROUTE 49","DEER CREEK ROAD",35.00,S,N,A,-,Y,,,49,,,,,,,Y,3,0,1,1,A,-,03,22350,,N,F,A,A,A,H,-,A,D,0,,,,,Y,,D,22,0,1,0,0,0,0,0,0,0,"- ","- ",38.101028442382812,-120.58986663818359,CALAVERAS,UNINCORPORATED,-120.58988952636719,38.10101318359375
91336560,2020,2020-11-02,9255,2020-10-23,1400,018318,,5,2,9,0500,0,1,3,,2,030,SR-49,"CENTER ST",4475.00,N,N,A,-,Y,,,49,,,,,,,N,3,0,1,1,A,-,08,22107,,N,F,A,A,A,H,-,A,D,0,,,Y,,Y,,C,02,0,1,0,0,0,0,0,0,1,"- ","- ",38.302238464355469,-120.73104095458984,CALAVERAS,UNINCORPORATED,-120.7310791015625,38.302230834960938
91336578,2020,2020-11-02,9255,2020-10-28,0930,018318,,3,1,9,0500,0,3,5,,2,001,SR-12,"BURSON RD",150.00,E,N,A,-,Y,,,12,,,,,,,N,4,0,2,2,A,-,03,22350,,N,C,C,A,A,H,-,A,D,0,,,,,Y,,A,07,0,0,2,0,0,0,0,0,0,"- ","- ",38.183460235595703,-120.88983917236328,CALAVERAS,UNINCORPORATED,-120.88983917236328,38.183559417724609
91336586,2020,2020-11-02,9255,2020-10-29,1355,018318,,4,1,9,0500,0,1,3,,2,030,SR-49,"CENTER DR",6864.00,N,N,A,-,Y,,,49,,,,,,,Y,3,0,1,1,A,-,08,22107,,N,E,I,A,A,H,-,A,D,0,,,,,Y,,A,01,0,1,0,0,0,0,0,0,0,"- ","- ",38.304019927978516,-120.72992706298828,CALAVERAS,UNINCORPORATED,-120.72996520996094,38.304039001464844
91336592,2020,2020-11-02,9255,2020-10-23,0148,019996,,5,3,9,0500,0,1,3,,1,021,SR-4,"STOCKTON ROAD",422.00,W,N,A,-,Y,,,4,,,,,,,Y,3,0,3,2,A,-,05,21460,A,N,B,C,A,A,H,-,D,D,0,,,,,Y,Y,A,07,0,3,0,0,0,0,0,0,0,"- ","- ",38.066448211669922,-120.60214996337891,CALAVERAS,UNINCORPORATED,-120.60214996337891,38.066440582275391
91336612,2020,2020-11-02,9255,2020-09-29,1950,018894,,2,2,9,0500,0,1,3,,2,050,"STATE ROUTE 4","LAKEMONT DR",25.00,E,N,A,-,Y,,,4,,,,,,,Y,3,0,1,1,A,-,01,23152,A,N,E,I,A,A,H,-,D,D,0,,,,,Y,Y,D,22,0,1,0,0,0,0,0,0,0,"- ","- ",38.235668182373047,-120.36502838134766,CALAVERAS,UNINCORPORATED,-120.36505126953125,38.235679626464844
91336628,2020,2020-11-02,9255,2020-10-22,1530,018492,,4,2,9,0500,0,3,5,,2,005,"CYPRESS POINT DR","HILLCREST DR",1056.00,N,N,A,-,N,,,,,,,,,,Y,2,0,1,1,A,-,08,22107,,N,E,I,A,A,H,-,A,D,0,,,,,Y,,D,22,1,0,0,0,0,0,0,0,0,"- ","- ",38.248600006103516,-120.32781219482422,CALAVERAS,UNINCORPORATED,-120.32801818847656,38.24822998046875
91338294,2020,2020-11-03,9255,2020-10-30,1925,019640,,5,2,9,0500,0,1,3,,2,040,SR-4,"BATTEN ROAD",1584.00,E,N,A,-,Y,,,4,,,,,,,Y,2,0,2,2,A,-,01,23152,A,N,A,C,A,A,H,-,D,D,0,,,,,Y,Y,A,01,2,0,0,0,0,0,0,0,0,"- ","- ",38.104629516601562,-120.46626281738281,CALAVERAS,UNINCORPORATED,-120.46627807617188,38.104648590087891
91338314,2020,2020-11-03,9255,2020-10-30,0210,020414,,5,3,9,0500,0,1,3,,2,030,SR-49,SR-12,4752.00,N,N,A,-,Y,,,49,,,,,,,Y,3,0,1,1,A,-,08,22107,,N,E,I,A,A,H,-,D,D,0,,,,,Y,,A,07,0,1,0,0,0,0,0,0,0,"- ","- ",38.220809936523438,-120.69954681396484,CALAVERAS,UNINCORPORATED,-120.69981384277344,38.220684051513672
91338957,2020,2020-11-04,9255,2020-10-30,1255,020270,,5,1,9,0500,0,3,5,,2,003,"RAILROAD FLAT RD","PRUSSIAN HILL RD",1000.00,N,N,A,-,N,,,,,,,,,,Y,2,0,1,1,A,-,08,22107,,N,E,I,A,A,H,-,A,D,0,,,,,Y,,A,01,1,0,0,0,0,0,0,0,0,"- ","- ",38.323978424072266,-120.52059936523438,CALAVERAS,UNINCORPORATED,-120.52063751220703,38.323314666748047
91340200,2020,2020-11-05,9255,2020-10-31,2100,020142,,6,2,9,0500,0,2,4,,2,034,"RAILROAD FLAT RD","PAUL RD",1100.00,N,N,A,-,N,,,,,,,,,,Y,4,0,1,1,A,-,01,23152,A,N,E,I,A,A,H,-,D,D,0,,,,,Y,Y,A,01,0,0,1,0,0,0,0,0,0,"- ","- ",38.375850677490234,-120.51046752929688,CALAVERAS,UNINCORPORATED,-120.51053619384766,38.376007080078125
91341760,2020,2020-11-09,9255,2020-11-02,1120,019557,,1,1,9,0500,0,1,3,,1,011,SR-26,"JEAN ST.",100.00,E,N,A,-,Y,,,,,,,,,,Y,3,0,1,2,A,-,09,21804,A,N,D,C,A,A,H,-,A,D,0,,,,,Y,,A,01,0,1,0,0,0,0,0,0,0,"- ","- ",38.112598419189453,-120.49410247802734,CALAVERAS,UNINCORPORATED,-120.82756042480469,38.189922332763672
91345872,2020,2020-11-16,9255,2020-11-08,0009,019996,,7,3,9,0500,0,1,3,,1,021,SR-4,"POOL STATION RD",1600.00,W,N,B,-,Y,,,4,,,,,,,Y,3,0,1,1,A,-,01,23152,A,M,E,I,A,A,H,-,D,D,0,,,,,Y,Y,A,07,0,1,0,0,0,0,0,0,0,"- ","- ",38.040248870849609,-120.64794921875,CALAVERAS,UNINCORPORATED,-120.64785766601562,38.040264129638672
91346633,2020,2020-11-17,9255,2020-11-12,0710,017324,,4,1,9,0500,0,3,5,,2,002,"MILTON RD","ROCK CREEK RD",4752.00,S,N,A,-,N,,,,,,,,,,Y,3,0,1,1,A,-,08,22107,,N,E,I,A,A,H,-,A,D,0,,,,,Y,,A,01,0,1,0,0,0,0,0,0,0,"- ","- ",38.017139434814453,-120.853271484375,CALAVERAS,UNINCORPORATED,-120.85365295410156,38.018379211425781
91347817,2020,2020-11-18,9255,2020-11-14,1720,019557,,6,2,9,0500,0,2,4,,1,022,"OBYRNES FERRY RD","DUCHESS DR.",2640.00,S,N,A,-,N,,,,,,,,,,Y,2,0,1,1,A,-,01,23152,A,N,E,J,A,A,H,-,D,D,0,,,Y,,Y,Y,C,02,1,0,0,0,0,0,0,0,1,"- ","- ",38.898231506347656,-120.57801055908203,CALAVERAS,UNINCORPORATED,-120.57779693603516,37.897960662841797
91348575,2020,2020-11-19,9255,2020-11-13,1816,019996,,5,2,9,0500,0,1,3,,1,021,SR-4,"POOL STATION ROAD",700.00,E,N,B,C,Y,,,4,,,,,,,Y,2,0,4,2,A,-,05,21460,A,N,A,C,A,B,H,-,E,D,0,,,,,Y,,A,01,2,2,0,0,0,0,0,0,0,"- ","- ",38.046451568603516,-120.64678955078125,CALAVERAS,UNINCORPORATED,-120.64674377441406,38.046421051025391
91351220,2020,2020-11-23,9255,2020-11-13,0255,020414,,5,3,9,0500,0,3,5,,2,001,"CAMANCHE PKY S","CHILI CAMP RD",0.00,,Y,A,-,N,,,,,,,,,,Y,3,0,1,1,A,-,08,22107,,N,E,I,A,A,H,-,C,D,0,,,,,Y,,A,08,0,1,0,0,0,0,0,0,0,"- ","- ",38.204238891601562,-120.88014221191406,CALAVERAS,UNINCORPORATED,-120.88001251220703,38.204341888427734
91353639,2020,2020-11-25,9255,2020-11-16,0825,018894,,1,1,9,0500,0,1,3,,2,050,"STATE ROUTE 4","BIG TREES PKY",500.00,E,N,A,-,Y,,,4,,,,,,,Y,4,0,1,1,A,-,08,22107,,N,E,I,A,A,H,-,A,D,0,,,,,Y,,D,22,0,0,1,0,0,0,0,0,0,"- ","- ",38.278938293457031,-120.31053161621094,CALAVERAS,UNINCORPORATED,-120.31055450439453,38.278949737548828
91353674,2020,2020-11-25,9255,2020-11-18,0550,017324,,3,3,9,0500,0,1,3,,1,011,"STATE ROUTE 26","HEINEMANN DR",386.00,W,N,C,-,Y,,,26,,,,,,,Y,4,0,1,1,A,-,03,22350,,N,F,A,A,B,H,-,B,D,0,,,,,Y,,A,01,0,0,1,0,0,0,0,0,0,"- ","- ",38.154361724853516,-120.85318756103516,CALAVERAS,UNINCORPORATED,-120.85321044921875,38.154388427734375
91353853,2020,2020-11-25,9255,2020-11-17,1947,019996,,2,2,9,0500,0,3,5,,2,001,"WATERTOWN ROAD","PALOMA ROAD",581.00,N,N,B,C,N,,,,,,,,,,Y,4,0,2,2,A,-,05,21460,A,N,A,C,A,B,H,-,D,D,0,,,,,Y,Y,A,08,0,0,2,0,0,0,0,0,0,"- ","- ",38.206378936767578,-120.82729339599609,CALAVERAS,UNINCORPORATED,-120.82727813720703,38.206298828125
91354002,2020,2020-11-25,9255,2020-11-24,1625,017763,,2,2,9,0500,0,1,3,,2,030,"SR-49 N/B","CEMENT BRIDGE",1056.00,N,N,A,-,Y,,,49,,,,,,N,Y,4,0,3,1,C,-,18,,,N,H,H,A,A,H,-,A,D,0,,,,,Y,,-,"- ",0,0,3,0,0,0,0,0,0,"- ","- ",38.163330078125,-120.65009307861328,CALAVERAS,UNINCORPORATED,-120.65010070800781,38.163322448730469
91354999,2020,2020-11-30,9255,2020-11-22,0650,016479,,7,1,9,0500,0,1,3,,1,020,SR-49,"COSGRAVE ROAD",10.00,N,N,A,-,Y,,,49,,,,,,,Y,3,0,1,1,A,-,08,22107,,N,E,I,A,A,H,-,A,D,0,,,,,Y,,A,01,0,1,0,0,0,0,0,0,0,"- ","- ",38.109539031982422,-120.60089111328125,CALAVERAS,UNINCORPORATED,-120.60086059570312,38.109596252441406
91355059,2020,2020-11-30,9255,2020-11-22,1355,016479,,7,1,9,0500,0,3,5,,2,002,"POOL STATION RD","BAR 7 ROAD",1416.00,N,N,A,-,N,,,,,,,,,,Y,3,0,1,1,A,-,00,21107,,N,E,I,A,A,H,-,A,D,0,,,,,Y,,A,07,0,1,0,0,0,0,0,0,0,"- ","- ",38.081138610839844,-120.66339874267578,CALAVERAS,UNINCORPORATED,,
91357129,2020,2020-12-02,9255,2020-11-26,1423,019640,,4,2,9,0500,0,1,3,,1,020,SR-49,"RED HILL RD",1584.00,S,N,A,-,Y,,,49,,,,,,,Y,3,0,1,1,A,-,01,23152,A,N,E,I,A,A,H,-,A,D,0,,,,,Y,Y,A,01,0,1,0,0,0,0,0,0,0,"- ","- ",38.033271789550781,-120.50627136230469,CALAVERAS,UNINCORPORATED,-120.50630950927734,38.033260345458984
91358591,2020,2020-12-03,9255,2020-11-24,1530,019557,,2,2,9,0500,0,1,3,,1,021,SR-4,"HORSESHOE LN",2640.00,E,N,A,-,Y,,,4,,,,,,,Y,3,0,2,2,A,-,06,21751,,N,D,C,A,A,H,-,A,D,0,,,,,Y,,A,01,0,1,1,0,0,0,0,0,0,"- ","- ",37.962799072265625,-120.67060089111328,CALAVERAS,UNINCORPORATED,-120.67057037353516,37.962757110595703
91358883,2020,2020-12-04,9255,2020-12-02,0525,018363,,3,3,9,0500,0,1,3,,1,011,"STATE ROUTE 26","OLIVE BRANCH DR",493.00,W,N,A,-,Y,,,26,,,,,,,Y,2,0,1,1,A,-,08,22107,,F,E,I,A,A,H,-,D,D,0,,,,,Y,,A,01,1,0,0,0,0,0,0,0,0,"- ","- ",38.115619659423828,-120.893798828125,CALAVERAS,UNINCORPORATED,-120.893798828125,38.115638732910156
91359909,2020,2020-12-07,9255,2020-11-28,1430,020142,,6,2,9,0500,0,1,3,,1,021,SR-4,"TOWN SQUARE ROAD",0.00,,Y,A,-,Y,,,4,,,,,,,Y,2,0,2,2,A,-,09,21802,A,N,D,C,A,A,H,-,A,A,0,,,,,Y,,A,01,1,0,1,0,0,0,0,0,0,"- ","- ",37.974159240722656,-120.65376281738281,CALAVERAS,UNINCORPORATED,-120.65379333496094,37.974205017089844
91366264,2020,2020-12-14,9255,2020-12-06,1452,020142,,7,2,9,0500,0,2,4,,2,034,"RAILROAD FLAT RD","WHARREGARD RD",605.00,S,N,A,-,N,,,,,,,,,,Y,4,0,1,1,A,-,08,22107,,N,E,I,A,A,H,-,A,D,0,,,,,Y,,A,01,0,0,1,0,0,0,0,0,0,"- ","- ",38.294769287109375,-120.49423217773438,CALAVERAS,UNINCORPORATED,-120.49440002441406,38.294803619384766
91367786,2020,2020-12-15,9255,2020-12-06,1515,020270,,7,2,9,0500,0,3,5,,2,004,"MURPHYS GRADE RD","FRENCH GULCH RD",112.00,E,N,A,-,N,,,,,,,,,,Y,3,0,1,1,A,-,08,22107,,N,E,I,A,A,H,-,A,D,0,,,Y,,Y,,C,02,0,1,0,0,0,0,0,0,1,"- ","- ",38.105888366699219,-120.51760101318359,CALAVERAS,UNINCORPORATED,-120.51864624023438,38.105522155761719
91369237,2020,2020-12-17,9255,2020-12-12,0625,017324,,6,1,9,0500,0,1,3,,1,021,"STATE ROUTE 4","POOL STATION ROAD",528.00,E,N,C,-,Y,,,4,,,,,,,Y,3,0,1,1,A,-,03,22350,,N,E,J,A,B,H,-,B,D,0,,,,,Y,,A,01,0,1,0,0,0,0,0,0,0,"- ","- ",38.046840667724609,-120.64629364013672,CALAVERAS,UNINCORPORATED,-120.64632415771484,38.046875
91371797,2020,2020-12-21,9255,2020-12-11,1810,020563,,5,2,9,0500,0,1,3,,1,010,SR-12,"DOUBLE SPRINGS RD",2000.00,E,N,B,-,Y,,,12,,,,,,,Y,3,0,1,1,C,-,18,,,N,H,H,A,B,H,-,C,D,0,,,,,Y,,-,"- ",0,1,0,0,0,0,0,0,0,"- ","- ",38.212501525878906,-120.74897766113281,CALAVERAS,UNINCORPORATED,-120.74897766113281,38.212471008300781
91371823,2020,2020-12-21,9255,2020-12-09,1555,020563,,3,2,9,0500,0,2,4,,2,034,"MOUNTAIN RANCH RD","MILLS AVE",1500.00,E,N,A,-,N,,,,,,,,,,Y,4,0,1,1,A,-,08,22107,,N,E,I,A,A,H,-,A,D,0,,,,,Y,,A,01,0,0,1,0,0,0,0,0,0,"- ","- ",38.189990997314453,-120.64817047119141,CALAVERAS,UNINCORPORATED,-120.64706420898438,38.190692901611328
91371950,2020,2020-12-21,9255,2020-12-13,0001,019246,,7,3,9,0500,0,1,3,,1,010,SR-12,"DOUBLE SPRINGS RD",2482.00,E,N,B,-,Y,,,12,,,,,,,Y,3,0,1,1,A,-,01,23152,A,N,E,I,A,A,H,-,D,D,0,,,,,Y,Y,A,01,0,1,0,0,0,0,0,0,0,"- ","- ",38.212039947509766,-120.74716949462891,CALAVERAS,UNINCORPORATED,-120.74715423583984,38.212081909179688
91372101,2020,2020-12-21,9255,2020-12-13,0005,019246,,7,3,9,0500,0,1,3,,1,010,SR-12,"DOUBLE SPRINGS RD",2482.00,E,N,B,-,Y,,,12,,,,,,,Y,3,0,1,2,A,-,03,22350,,N,D,C,A,A,H,-,D,D,0,,,,,Y,Y,D,22,0,1,0,0,0,0,0,0,0,"- ","- ",38.212039947509766,-120.74716949462891,CALAVERAS,UNINCORPORATED,-120.74715423583984,38.212081909179688
91373979,2020,2020-12-23,9255,2020-12-17,1050,017324,,4,1,9,0500,0,3,5,,2,003,"FOURTH CROSSING ROAD","STATE ROUTE 49",706.00,E,N,B,-,N,,,,,,,,,,Y,3,0,1,1,A,-,08,22107,,N,F,A,A,A,H,-,A,D,0,,,,Y,Y,,G,27,0,1,0,0,0,0,0,0,0,"- ","- ",38.133518218994141,-120.63308715820312,CALAVERAS,UNINCORPORATED,-120.63297271728516,38.133560180664062
91374004,2020,2020-12-23,9255,2020-12-13,1220,018318,,7,1,9,0500,0,1,3,,1,011,SR-26,"MANGILI RD",375.00,W,N,B,C,Y,,,26,,,,,,,Y,4,0,1,1,A,-,08,22107,,N,E,I,A,B,H,-,A,D,0,,,,,Y,,A,01,0,0,1,0,0,0,0,0,0,"- ","- ",38.184928894042969,-120.82575988769531,CALAVERAS,UNINCORPORATED,-120.82572937011719,38.184925079345703
91374684,2020,2020-12-24,9255,2020-12-17,1700,020414,,4,2,9,0500,0,1,3,,2,050,SR-4,"BIG TREES VILLAGE DR",335.00,W,N,A,-,Y,,,4,,,,,,,Y,3,0,2,1,A,-,08,22107,,N,E,I,A,C,H,-,D,D,0,,,,,Y,,A,01,0,2,0,0,0,0,0,0,0,"- ","- ",38.295951843261719,-120.28513336181641,CALAVERAS,UNINCORPORATED,-120.28513336181641,38.295951843261719
91374953,2020,2020-12-24,9255,2020-12-16,1510,020414,,3,2,9,0500,0,3,5,,2,001,"BERKESEY LN","FARRIS CT",0.00,,Y,A,-,N,,,,,,,,,,Y,3,0,2,2,A,-,09,21800,B,N,D,C,A,A,H,-,A,D,0,,,,,Y,,D,22,0,2,0,0,0,0,0,0,0,"- ","- ",38.150550842285156,-120.85912322998047,CALAVERAS,UNINCORPORATED,-120.859130859375,38.150550842285156
91374956,2020,2020-12-24,9255,2020-12-17,0950,018318,,4,1,9,0500,0,3,5,,2,001,"GARNER PL","BERGSMA LN",50.00,S,N,B,-,N,,,,,,,,,,Y,2,0,2,2,A,-,03,22350,,N,C,C,A,B,H,-,A,D,0,,,Y,,Y,,C,02,2,0,0,0,0,0,0,0,2,"- ","- ",38.128570556640625,-120.86824798583984,CALAVERAS,UNINCORPORATED,-120.868408203125,38.128868103027344
91375720,2020,2020-12-28,9255,2020-12-16,2105,019640,,3,2,9,0500,0,1,3,,2,040,SR-4,"SILVER DAWN RANCH RD",345.00,W,N,A,-,Y,,,4,,,,,,,Y,4,0,1,1,A,-,01,23152,A,N,E,I,A,A,H,-,D,D,0,,,,,Y,Y,A,07,0,0,1,0,0,0,0,0,0,"- ","- ",38.164211273193359,-120.43395233154297,CALAVERAS,UNINCORPORATED,-120.43397521972656,38.164283752441406
91376842,2020,2020-12-29,9255,2020-12-25,0155,020270,,5,3,9,0500,0,1,3,,2,031,SR-26,"RIDGE RD",235.00,W,N,A,-,Y,,,26,,,,,,,Y,4,0,1,1,A,-,08,22107,,N,E,I,A,A,H,-,D,D,0,,,,,Y,,D,22,0,0,1,0,0,0,0,0,0,"- ","- ",38.344829559326172,-120.58267974853516,CALAVERAS,UNINCORPORATED,-120.58269500732422,38.344837188720703
91377843,2020,2020-12-30,9255,2020-12-19,2235,019246,,6,3,9,0500,0,3,5,,2,001,"DRIVEWAY OF 8072 OLIVE BRANCH DR","OLIVE BRANCH DR",305.00,E,N,B,-,N,,,,,,,,,,N,3,0,1,1,C,-,18,,,N,H,A,A,A,B,-,C,D,0,,,,,Y,Y,-,"- ",0,1,0,0,0,0,0,0,0,"- ","- ",38.117401123046875,-120.89156341552734,CALAVERAS,UNINCORPORATED,-120.89162899999999,38.117238999999998
91378572,2020,2020-12-31,9255,2020-12-27,1635,019640,,7,2,9,0500,0,3,5,,2,001,"BURSON RD","CAMANCHE PKY S",0.00,,Y,A,-,N,,,,,,,,,,Y,3,0,2,2,A,-,01,23152,A,N,A,C,A,A,H,-,A,A,0,,,,,Y,Y,D,22,0,1,1,0,0,0,0,0,0,"- ","- ",38.198291778564453,-120.89364624023438,CALAVERAS,UNINCORPORATED,-120.89380645751953,38.198440551757812
91380962,2020,2021-01-05,9255,2020-12-29,1149,017324,,2,1,9,0500,0,1,3,,1,010,"STATE ROUTE 12","LIME CREEK ROAD",0.00,,Y,A,-,Y,,,12,,,,,,,Y,3,0,1,2,A,-,09,21802,A,N,A,C,A,A,H,-,A,A,0,,,,,Y,,A,01,0,1,0,0,0,0,0,0,0,"- ","- ",38.193500518798828,-120.82073974609375,CALAVERAS,UNINCORPORATED,-120.82073974609375,38.193519592285156
91381351,2020,2021-01-05,9255,2020-12-31,0015,018363,,4,3,9,0500,0,2,4,,1,022,"OBYRNES FERRY RD","REEDS TPKE",2346.00,S,N,C,-,N,,,,,,,,,,Y,4,0,1,1,C,-,18,,,N,E,H,A,B,H,-,D,D,0,,,,,Y,,-,"- ",0,0,1,0,0,0,0,0,0,"- ","- ",37.973579406738281,-120.63162994384766,CALAVERAS,UNINCORPORATED,,
91382856,2021,2021-01-06,9255,2021-01-01,1300,018492,,5,1,9,0500,0,1,3,,2,050,SR-4,"PINE DR",0.00,,Y,A,-,Y,,,4,,,,,,,Y,3,0,1,2,A,-,03,22350,,N,C,C,A,A,H,-,A,D,0,,,,,Y,,A,01,0,1,0,0,0,0,0,0,0,"- ","- ",38.253219604492188,-120.35500335693359,CALAVERAS,UNINCORPORATED,-120.35498046875,38.253200531005859
91383140,2020,2021-01-07,9255,2020-12-26,1835,020563,,6,2,9,0500,0,1,3,,1,010,SR-12,"CENTRAL HILL RD",1848.00,E,N,B,-,Y,,,12,,,,,,,Y,3,0,1,1,A,-,01,23152,A,F,E,I,A,A,H,-,D,D,0,,,,,Y,Y,A,07,0,1,0,0,0,0,0,0,0,"- ","- ",38.200508117675781,-120.71745300292969,CALAVERAS,UNINCORPORATED,-120.71745300292969,38.200527191162109
91383676,2021,2021-01-07,9255,2021-01-02,1400,019534,,6,2,9,0500,0,3,5,,2,003,"MAIN ST","PINE ST",0.00,,Y,B,-,N,,,,,,,,,,N,2,0,1,2,A,-,10,21950,A,N,G,B,D,A,H,-,A,A,0,Y,,,,Y,,A,01,1,0,0,0,1,0,0,0,0,"- ","- ",38.400558471679688,-120.529296875,CALAVERAS,UNINCORPORATED,-120.52934265136719,38.400562286376953
91386612,2020,2021-01-13,9255,2020-12-29,1730,019640,,2,2,9,0500,0,1,3,,1,011,SR-26,"HEINEMANN DR",15.00,E,N,A,-,Y,,,26,,,,,,,N,3,0,2,2,A,-,03,22350,,F,C,C,A,A,H,-,D,D,0,,,,Y,Y,,F,26,0,2,0,0,0,0,0,0,0,"- ","- ",38.155078887939453,-120.85256958007812,CALAVERAS,UNINCORPORATED,-120.85255432128906,38.155071258544922
91388094,2021,2021-01-15,9255,2021-01-11,1615,020142,,1,2,9,0500,0,1,3,,2,030,SR-49,"BIG BAR ROAD",4224.00,S,N,A,-,Y,,,49,,,,,,,Y,2,0,1,1,A,-,08,22107,,N,E,I,A,A,H,-,A,D,0,,,Y,,Y,,C,02,1,0,0,0,0,0,0,0,1,"- ","- ",38.305980682373047,-120.72940826416016,CALAVERAS,UNINCORPORATED,-120.7293701171875,38.305942535400391
91389431,2021,2021-01-18,9255,2021-01-09,2500,019534,,6,4,9,0500,0,1,3,,2,030,"STATE ROUTE 49","GOLDEN GATE DR",1900.00,N,N,A,-,Y,,,49,,,,,,,Y,3,0,1,1,A,-,08,22107,,N,E,I,A,A,H,-,D,D,0,,,,,Y,Y,A,01,0,1,0,0,0,0,0,0,0,"- ","- ",38.245231628417969,-120.71977233886719,CALAVERAS,UNINCORPORATED,-120.71965026855469,38.245265960693359
91389435,2021,2021-01-18,9255,2021-01-10,2025,019640,,7,2,9,0500,0,3,5,,2,001,"MILTON RD","SCENIC VALLEY RD",1584.00,E,N,A,-,N,,,,,,,,,,N,4,0,1,1,A,-,08,22107,,N,E,I,A,A,H,-,D,D,0,,,,,Y,,A,01,0,0,1,0,0,0,0,0,0,"- ","- ",38.098400115966797,-120.88938140869141,CALAVERAS,UNINCORPORATED,-120.8880615234375,38.098979949951172
91389939,2021,2021-01-18,9255,2021-01-13,1218,018318,,3,1,9,0500,0,1,3,,2,030,SR-49,SR-12,1584.00,N,N,A,-,Y,,,49,,,,,,,Y,3,0,1,2,A,-,03,22350,,N,C,C,A,A,H,-,A,D,0,,,,,Y,,A,07,0,1,0,0,0,0,0,0,0,"- ","- ",38.208240509033203,-120.69715118408203,CALAVERAS,UNINCORPORATED,-120.69719696044922,38.208240509033203
91389943,2020,2021-01-18,9255,2020-12-18,1010,017324,,5,1,9,0500,0,1,3,,2,040,"VALLECITO ROAD","STATE ROUTE 4",848.00,S,N,A,-,N,,,,,,,,,,Y,1,1,1,2,A,-,08,22107,,N,A,C,A,A,H,-,A,D,0,,,,,Y,,A,01,1,0,0,0,0,0,0,0,0,"- ","- ",38.078079223632812,-120.529052734375,CALAVERAS,UNINCORPORATED,,
91390503,2021,2021-02-01,9255,2021-01-17,1915,019996,,7,2,9,0500,0,1,3,,2,030,SR-49,"CENTER STREET",4155.00,N,N,A,-,Y,,,49,,,,,,,Y,4,0,2,2,A,-,01,23152,A,N,E,I,A,A,H,-,D,D,0,,,,,Y,Y,A,01,0,0,2,0,0,0,0,0,0,"- ","- ",38.300289154052734,-120.73391723632812,CALAVERAS,UNINCORPORATED,-120.73390960693359,38.300289154052734
91390574,2021,2021-01-19,9255,2021-01-13,1508,019640,,3,2,9,0500,0,1,3,,2,040,SR-4,"MAIN ST",215.00,W,N,A,-,Y,,,4,,,,,,,Y,3,0,1,2,A,-,01,23152,A,N,B,E,A,A,H,-,A,D,0,,,,,Y,Y,A,08,0,1,0,0,0,0,0,0,0,"- ","- ",38.1197509765625,-120.45153045654297,CALAVERAS,UNINCORPORATED,-120.45156097412109,38.119762420654297
91393306,2021,2021-01-25,9255,2021-01-18,2130,020563,,1,2,9,0500,0,2,4,,2,034,"RAILROAD FLAT RD","OLD EMIGRANT TRL E",300.00,N,N,A,-,N,,,,,,,,,,Y,3,0,2,2,A,-,05,21460,A,N,B,C,A,A,H,-,D,D,0,,,,,Y,,A,07,0,1,1,0,0,0,0,0,0,"- ","- ",38.275829315185547,-120.50636291503906,CALAVERAS,UNINCORPORATED,-120.50643920898438,38.275962829589844
91394977,2021,2021-01-27,9255,2021-01-17,1735,019534,,7,2,9,0500,0,1,3,,1,010,"STATE ROUTE 12","STATE ROUTE 49",3696.00,W,N,A,-,Y,,,12,,,,,,,Y,3,0,1,1,A,-,01,23152,A,N,E,I,A,A,H,-,A,D,0,,,,,Y,Y,A,07,0,1,0,0,0,0,0,0,0,"- ","- ",38.208541870117188,-120.70821380615234,CALAVERAS,UNINCORPORATED,-120.70824432373047,38.208587646484375
91399649,2021,2021-02-01,9255,2021-01-25,1620,019246,,1,2,9,0500,0,1,3,,2,030,SR-49,SR-12,1267.00,N,N,B,-,Y,,,49,,,,,,,Y,3,0,1,2,A,-,03,22350,,N,C,C,A,A,H,-,A,D,0,,,,,Y,,D,22,0,1,0,0,0,0,0,0,0,"- ","- ",38.208370208740234,-120.69718933105469,CALAVERAS,UNINCORPORATED,-120.69719696044922,38.208370208740234
91399734,2021,2021-02-01,9255,2021-01-26,1215,017324,,2,1,9,0500,0,3,5,,2,001,"BERKESEY LANE","GEE LANE",488.00,W,N,A,-,N,,,,,,,,,,Y,3,0,1,1,A,-,03,22350,,N,E,I,A,A,H,-,A,D,0,,,,,Y,,A,01,0,1,0,0,0,0,0,0,0,"- ","- ",38.158451080322266,-120.85111999511719,CALAVERAS,UNINCORPORATED,-120.85077667236328,38.158847808837891
91400616,2021,2021-02-02,9255,2021-01-26,1345,016479,,2,1,9,0500,0,1,3,,2,030,SR-49,"FOURTH CROSSING RD",1704.00,N,N,B,-,Y,,,49,,,,,,,N,4,0,1,2,B,-,22,,,N,E,J,A,A,G,-,A,D,0,,,,Y,Y,,F,26,0,0,1,0,0,0,0,0,0,"- ","- ",38.136798858642578,-120.63527679443359,CALAVERAS,UNINCORPORATED,-120.63507080078125,38.136707305908203
91400808,2021,2021-02-02,9255,2021-01-24,1530,018894,,7,2,9,0500,0,1,3,,2,050,"STATE ROUTE 4","USFS ROAD 6N45",300.00,W,N,B,D,Y,,,4,,,,,,,Y,3,0,1,1,A,-,08,22107,,N,E,I,A,C,H,-,A,A,0,,,,,Y,,A,07,0,1,0,0,0,0,0,0,0,"- ","- ",38.392108917236328,-120.18295288085938,CALAVERAS,UNINCORPORATED,-120.18297576904297,38.392112731933594
91401726,2021,2021-02-03,9255,2021-01-28,1717,019640,,4,2,9,0500,0,1,3,,2,040,SR-4,"PARROTS FERRY RD",0.00,,Y,B,C,Y,,,4,,,,,,,Y,4,0,1,1,A,-,01,23152,A,N,E,I,A,B,H,-,D,A,0,,,,,Y,Y,D,22,0,0,1,0,0,0,0,0,0,"- ","- ",38.095241546630859,-120.4718017578125,CALAVERAS,UNINCORPORATED,-120.47171783447266,38.095222473144531
91402457,2021,2021-02-04,9255,2021-01-31,1740,020142,,7,2,9,0500,0,1,3,,1,010,SR-12,"BURSON RD",0.00,,Y,A,-,Y,,,12,,,,,,,Y,3,0,1,2,A,-,09,21802,A,N,D,C,A,A,H,-,C,A,0,,,,,Y,,D,22,0,1,0,0,0,0,0,0,0,"- ","- ",38.183528900146484,-120.89044952392578,CALAVERAS,UNINCORPORATED,-120.89044952392578,38.183544158935547
91403157,2021,2021-02-05,9255,2021-01-29,1645,020270,,5,2,9,0500,0,1,3,,2,031,SR-26,"EALEY RD.",922.00,E,N,C,-,Y,,,26,,,,,,,Y,2,0,1,2,A,-,03,22350,,N,D,C,A,C,H,-,A,D,0,,,,,Y,,A,01,1,0,0,0,0,0,0,0,0,"- ","- ",38.35906982421875,-120.57099914550781,CALAVERAS,UNINCORPORATED,-120.57098388671875,38.359054565429688
91404117,2021,2021-02-08,9255,2021-02-01,1335,019525,,1,1,9,0500,0,1,3,,2,030,SR-49,SR-26,50.00,S,N,B,-,Y,,,49,,,,,,,N,4,0,1,2,A,-,03,22350,,N,C,C,A,A,H,-,A,A,0,,,,,Y,,A,01,0,0,1,0,0,0,0,0,0,"- ","- ",38.297698974609375,-120.70452117919922,CALAVERAS,UNINCORPORATED,-120.70452880859375,38.297691345214844
91404134,2021,2021-02-08,9255,2021-02-03,0740,018318,,3,1,9,0500,0,1,3,,1,011,SR-26,"PALOMA ROAD",8448.00,W,N,A,-,Y,,,26,,,,,,,Y,3,0,1,1,A,-,08,22107,,N,E,I,A,A,H,-,A,D,0,,,,,Y,,A,01,0,1,0,0,0,0,0,0,0,"- ","- ",38.247150421142578,-120.75611114501953,CALAVERAS,UNINCORPORATED,-120.75607299804688,38.247116088867188
91404433,2021,2021-02-08,9255,2021-01-31,1740,019534,,7,2,9,0500,0,2,4,,2,034,"MOUNTAIN RANCH RD","OAK PARK DR",875.00,E,N,A,-,N,,,,,,,,,,Y,3,0,1,1,A,-,01,23152,A,N,E,I,A,A,H,-,D,D,0,,,,,Y,Y,A,07,0,1,0,0,0,0,0,0,0,"- ","- ",38.189601898193359,-120.65749359130859,CALAVERAS,UNINCORPORATED,-120.65748596191406,38.189659118652344
91406069,2021,2021-02-19,9255,2021-02-02,1630,019534,,2,2,9,0500,0,3,5,,2,001,"HOGAN DAM RD","SILVER RAPIDS RD",3168.00,E,N,B,-,N,,,,,,,,,,Y,2,0,4,1,A,-,03,22350,,N,E,I,A,B,H,-,A,D,0,,,,,Y,,A,01,1,2,1,0,0,0,0,0,0,"- ","- ",38.152599334716797,-120.81548309326172,CALAVERAS,UNINCORPORATED,-120.81901550292969,38.144077301025391
91406745,2021,2021-02-11,9255,2021-02-08,0555,018363,,1,3,9,0500,0,1,3,,1,021,"STATE ROUTE 4","TELEGRAPH CT",3005.00,E,N,A,-,Y,,,4,,,,,,,Y,4,0,1,1,A,-,08,22107,,N,E,I,A,A,H,-,D,D,0,,,,,Y,,D,22,0,0,1,0,0,0,0,0,0,"- ","- ",37.940910339355469,-120.74391937255859,CALAVERAS,UNINCORPORATED,-120.74392700195312,37.940956115722656
91408716,2021,2021-02-16,9255,2021-02-07,1320,016479,,7,1,9,0500,0,3,5,,2,004,"SIX MILE RD","ALGIERS ST",4700.00,S,N,A,-,N,,,,,,,,,,Y,4,0,1,1,A,-,05,21650,,N,F,A,A,A,H,-,A,D,0,,,Y,,Y,,C,02,0,0,1,0,0,0,0,0,1,"- ","- ",38.123451232910156,-120.46791839599609,CALAVERAS,UNINCORPORATED,-120.46553039550781,38.123130798339844
91408923,2021,2021-02-16,9255,2021-02-13,1510,020142,,6,2,9,0500,0,1,3,,1,010,SR-12,"CHESTNUT ST",450.00,E,N,A,-,Y,,,12,,,,,,,Y,4,0,1,2,A,-,09,21804,A,N,D,C,A,A,H,-,A,A,0,,,,,Y,,A,01,0,0,1,0,0,0,0,0,0,"- ","- ",38.192470550537109,-120.82611846923828,CALAVERAS,UNINCORPORATED,-120.82613372802734,38.192539215087891
91411665,2021,2021-02-19,9255,2021-02-15,1215,016479,,1,1,9,0500,0,1,3,,1,020,SR-49,"CARSON HILL CT",3705.00,S,N,B,C,Y,,,49,,,,,,,Y,2,0,1,1,A,-,01,23152,A,N,E,I,A,B,H,-,A,D,0,,,,,Y,Y,D,22,1,0,0,0,0,0,0,0,0,"- ","- ",38.021389007568359,-120.51242065429688,CALAVERAS,UNINCORPORATED,-120.51243591308594,38.021404266357422
91413043,2021,2021-02-22,9255,2021-02-13,1120,018318,,6,1,9,0500,0,1,3,,1,021,SR-4,"POOL STATION RD",560.00,E,N,B,-,Y,,,4,,,,,,,Y,3,0,1,2,A,-,03,22350,,N,A,C,A,B,H,-,A,D,0,,,,,Y,,A,01,0,1,0,0,0,0,0,0,0,"- ","- ",38.047218322753906,-120.64598083496094,CALAVERAS,UNINCORPORATED,-120.64596557617188,38.047206878662109
91417982,2021,2021-03-01,9255,2021-02-22,1345,019534,,1,1,9,0500,0,1,3,,2,030,"STATE ROUTE 49","SOUTH LOMBARDI DR",5.00,S,N,A,-,Y,,,49,,,,,,,Y,4,0,2,3,A,-,03,22350,,N,C,C,A,A,H,-,A,D,0,,,,,Y,,A,07,0,0,2,0,0,0,0,0,0,"- ","- ",38.250228881835938,-120.71880340576172,CALAVERAS,UNINCORPORATED,-120.71881103515625,38.250232696533203
91425171,2021,2021-03-11,9255,2021-03-08,1305,017324,,1,1,9,0500,0,1,3,,2,030,"STATE ROUTE 49","LOMBARDI DR",960.00,S,N,A,-,Y,,,49,,,,,,,Y,4,0,2,2,A,-,03,22350,,N,C,C,A,A,H,-,A,D,0,,,,,Y,,A,01,0,0,2,0,0,0,0,0,0,"- ","- ",38.250038146972656,-120.71926116943359,CALAVERAS,UNINCORPORATED,-120.71887969970703,38.249946594238281
91426023,2021,2021-03-12,9255,2021-03-08,1455,019525,,1,2,9,0500,0,3,5,,2,002,"POOL STATION RD","UPPER ANDY ROAD",244.00,S,N,B,-,N,,,,,,,,,,Y,2,0,1,1,A,-,08,22107,,N,E,I,A,A,H,-,A,D,0,,,,,Y,,D,22,1,0,0,0,0,0,0,0,0,"- ","- ",38.126419067382812,-120.66165924072266,CALAVERAS,UNINCORPORATED,-120.66171264648438,38.126605987548828
91427140,2021,2021-03-15,9255,2021-03-09,1002,020142,,2,1,9,0500,0,1,3,,1,010,SR-12,"BURSON RD",55.00,E,N,A,-,Y,,,12,,,,,,,Y,4,0,1,2,A,-,09,21804,A,N,B,C,A,A,H,-,A,D,0,,,,,Y,,D,22,0,0,1,0,0,0,0,0,0,"- ","- ",38.183540344238281,-120.89012145996094,CALAVERAS,UNINCORPORATED,-120.89012145996094,38.183559417724609
91427174,2021,2021-03-15,9255,2021-03-10,1435,020563,,3,2,9,0500,0,1,3,,2,030,SR-49,"CENTER ST",0.00,,Y,B,-,Y,,,49,,,,,,,Y,4,0,1,2,A,-,03,22350,,N,C,C,A,A,H,-,A,D,0,,,,,Y,,A,01,0,0,1,0,0,0,0,0,0,"- ","- ",38.299720764160156,-120.71157073974609,CALAVERAS,UNINCORPORATED,-120.71157836914062,38.299736022949219
91428192,2021,2021-03-16,9255,2021-03-09,1157,020142,,2,1,9,0500,0,1,3,,1,011,SR-26,"OLIVE ORCHARD RD",0.00,,Y,A,-,Y,,,26,,,,,,,Y,3,0,1,2,A,-,03,22350,,N,C,C,A,A,H,-,A,A,0,,,,Y,Y,,D,22,0,1,0,0,0,0,0,0,0,"- ","- ",38.130191802978516,-120.87413787841797,CALAVERAS,UNINCORPORATED,-120.87411499023438,38.130176544189453
91431083,2021,2021-03-19,9255,2021-03-11,0830,018318,,4,1,9,0500,0,3,5,,2,001,"OLIVE ORCHARD RD",SR-26,3696.00,N,N,A,-,N,,,,,,,,,,Y,2,0,1,1,A,-,08,22107,,N,F,A,A,A,H,-,A,D,0,,,Y,,Y,,C,02,1,0,0,0,0,0,0,0,1,"- ","- ",38.137420654296875,-120.88149261474609,CALAVERAS,UNINCORPORATED,-120.88191986083984,38.13775634765625
91431909,2021,2021-03-22,9255,2021-03-20,1518,020142,,6,2,9,0500,0,1,3,,1,021,SR-4,"POOL STATION RD",1056.00,W,N,A,-,Y,,,4,,,,,,,N,3,0,1,1,A,-,08,22107,,N,E,I,A,A,H,-,A,D,0,,,Y,,Y,,C,02,0,1,0,0,0,0,0,0,1,"- ","- ",38.041099548339844,-120.64739990234375,CALAVERAS,UNINCORPORATED,-120.64744567871094,38.041122436523438
91433011,2021,2021-03-23,9255,2021-03-15,1950,020563,,1,2,9,0500,0,1,3,,1,011,SR-26,SR-12,395.00,W,N,B,-,Y,,,26,,,,,,,N,4,0,1,2,A,-,09,21804,A,N,D,C,A,B,H,-,D,D,0,,,,,Y,,D,22,0,0,1,0,0,0,0,0,0,"- ","- ",38.190788269042969,-120.82798004150391,CALAVERAS,UNINCORPORATED,-120.82804107666016,38.190753936767578
91433488,2021,2021-03-23,9255,2021-03-14,1750,020563,,7,2,9,0500,0,3,5,,2,001,"LA CONTENTA DR","BLUE HERON CT",190.00,S,N,A,-,N,,,,,,,,,,Y,3,0,1,1,A,-,01,23152,A,N,E,I,A,A,H,-,A,D,0,,,,,Y,Y,A,01,0,1,0,0,0,0,0,0,0,"- ","- ",38.166999816894531,-120.83194732666016,CALAVERAS,UNINCORPORATED,-120.83201599121094,38.167049407958984
91438278,2021,2021-03-29,9255,2021-03-20,1608,020563,,6,2,9,0500,0,1,3,,1,010,SR-12,"LIME CREEK RD",1000.00,W,N,A,-,Y,,,12,,,,,,,Y,3,0,1,1,A,-,08,22107,,N,E,I,A,A,H,-,A,D,0,,,,,Y,,D,22,0,1,0,0,0,0,0,0,0,"- ","- ",38.197021484375,-120.80124664306641,CALAVERAS,UNINCORPORATED,-120.80129241943359,38.197093963623047
91438771,2021,2021-03-29,9255,2021-03-20,0124,020270,,6,3,9,0500,0,3,5,,2,003,"POOL STATION RD","CEMENT PLANT RD",9240.00,S,N,B,C,N,,,,,,,,,,Y,3,0,1,1,A,-,08,22107,,N,F,A,A,B,H,-,D,D,0,,,,,Y,Y,D,22,0,1,0,0,0,0,0,0,0,"- ","- ",38.145320892333984,-120.66030120849609,CALAVERAS,UNINCORPORATED,-120.66086578369141,38.144302368164062
91439345,2021,2021-03-30,9255,2021-03-23,1230,019525,,2,1,9,0500,0,1,3,,2,030,SR-49,"RIVER RANCH RD",90.00,N,N,A,-,Y,,,49,,,,,,,Y,4,0,1,1,A,-,01,23152,F,N,E,I,A,A,H,-,A,D,0,,,,,Y,,A,07,0,0,1,0,0,0,0,0,0,"- ","- ",38.238029479980469,-120.71079254150391,CALAVERAS,UNINCORPORATED,-120.71071624755859,38.238037109375
91440075,2021,2021-03-31,9255,2021-03-19,0100,020270,,5,3,9,0500,0,1,3,,2,040,SR-4,"SUNSET RIDGE CT.",384.00,E,N,B,C,Y,,,4,,,,,,,Y,3,0,1,1,A,-,01,23152,A,N,E,I,A,B,H,-,D,D,0,,,,,Y,Y,A,07,0,1,0,0,0,0,0,0,0,"- ","- ",38.168941497802734,-120.41371917724609,CALAVERAS,UNINCORPORATED,-120.41378021240234,38.169025421142578
91442832,2021,2021-04-05,9255,2021-03-27,1935,020142,,6,2,9,0500,0,3,5,,2,001,"SPARROWK RD","HAUTLY LN",0.00,,Y,A,-,N,,,,,,,,,,Y,3,0,3,1,A,-,08,22107,,N,F,A,A,A,H,-,D,A,0,,,Y,,Y,,C,06,0,2,1,0,0,0,0,0,3,"- ","- ",38.100399017333984,-120.86052703857422,CALAVERAS,UNINCORPORATED,-120.86038208007812,38.100502014160156
91443077,2021,2021-04-05,9255,2021-02-10,1751,019996,,3,2,9,0500,0,1,3,,1,021,"STATE ROUTE 4","HORSESHOE ROAD",2112.00,W,N,A,B,Y,,,4,,,,,,,Y,1,1,0,1,A,-,03,22350,,N,F,A,A,A,H,-,A,D,0,,,Y,,Y,Y,C,02,0,0,0,0,0,0,0,1,0,"- ","- ",37.952579498291016,-120.69513702392578,CALAVERAS,UNINCORPORATED,-120.69505310058594,37.952522277832031
91445981,2021,2021-04-08,9255,2021-03-27,1030,019534,,6,1,9,0500,0,1,3,,1,011,"STATE ROUTE 26","COUNTRY VIEW DR",2640.00,E,N,A,-,Y,,,26,,,,,,,Y,3,0,1,2,A,-,08,22107,,N,E,I,A,A,H,-,A,D,0,,,,,Y,,A,01,0,1,0,0,0,0,0,0,0,"- ","- ",38.179920196533203,-120.82977294921875,CALAVERAS,UNINCORPORATED,-120.82984924316406,38.179988861083984
91446296,2021,2021-04-08,9255,2021-04-05,0932,019525,,1,1,9,0500,0,1,3,,1,010,SR-12,"CHESTNUT ST",480.00,E,N,B,-,Y,,,12,,,,,,,N,4,0,1,2,A,-,09,21804,A,N,D,C,A,A,H,-,A,A,0,,,,,Y,,A,01,0,0,1,0,0,0,0,0,0,"- ","- ",38.192489624023438,-120.82633972167969,CALAVERAS,UNINCORPORATED,-120.82633972167969,38.1925048828125
91448300,2021,2021-04-12,9255,2021-03-31,1405,019534,,3,2,9,0500,0,1,3,,2,030,"STATE ROUTE 49","BIG BAR RD",2640.00,S,N,A,-,Y,,,49,,,,,,,Y,2,0,1,2,A,-,03,22350,,N,F,A,A,A,H,-,A,D,0,,,Y,,Y,,C,02,1,0,0,0,0,0,0,0,1,"- ","- ",38.307178497314453,-120.72532653808594,CALAVERAS,UNINCORPORATED,-120.72534942626953,38.307193756103516
91450113,2021,2021-04-14,9255,2021-04-05,1440,019557,,1,2,9,0500,0,1,3,,2,050,SR-4,"BIG TREES PKWY",0.00,,Y,A,-,Y,,,4,,,,,,,Y,3,0,2,2,A,-,09,21802,A,N,D,C,A,A,H,-,A,D,0,,,,,Y,,A,01,0,1,1,0,0,0,0,0,0,"- ","- ",38.277301788330078,-120.30998229980469,CALAVERAS,UNINCORPORATED,-120.30996704101562,38.277305603027344
91451149,2021,2021-04-15,9255,2021-04-11,1255,016479,,7,1,9,0500,0,3,5,,2,004,"SIX MILE RD","VALLECITO BLUFFS ROAD",1303.00,S,N,A,-,N,,,,,,,,,,Y,3,0,1,1,A,-,05,21650,,N,E,I,A,A,H,-,A,D,0,,,Y,,Y,,C,02,0,1,0,0,0,0,0,0,1,"- ","- ",38.110088348388672,-120.47779846191406,CALAVERAS,UNINCORPORATED,-120.47826385498047,38.110057830810547
91451210,2021,2021-04-15,9255,2021-04-08,2100,019557,,4,2,9,0500,0,1,3,,1,021,SR-4,"TELEGRAPH RD",300.00,E,N,A,-,N,,,4,,,,,,,Y,4,0,1,1,A,-,03,22350,,N,F,A,A,A,H,-,D,D,0,,,,,Y,,A,07,0,0,1,0,0,0,0,0,0,"- ","- ",37.940120697021484,-120.75213623046875,CALAVERAS,UNINCORPORATED,-120.75213623046875,37.940074920654297
91451926,2021,2021-04-16,9255,2021-04-08,1450,019557,,4,2,9,0500,0,3,5,,2,004,"MURPHYS GRADE RD","FRENCH GULCH RD",500.00,W,N,A,-,N,,,,,,,,,,Y,3,0,1,1,A,-,08,22107,,N,E,I,A,A,H,-,A,D,0,,,,,Y,,A,01,0,1,0,0,0,0,0,0,0,"- ","- ",38.135051727294922,-120.47280883789062,CALAVERAS,UNINCORPORATED,-120.52003479003906,38.104259490966797
91452275,2021,2021-04-16,9255,2021-04-13,0825,017324,,2,1,9,0500,0,1,3,,1,021,"STATE ROUTE 4","HUNT ROAD",216.00,W,N,A,-,Y,,,4,,,,,,,Y,3,0,1,1,A,-,03,22350,,N,E,I,A,A,H,-,A,A,0,,,,,Y,,D,22,0,1,0,0,0,0,0,0,0,"- ","- ",38.034408569335938,-120.64990997314453,CALAVERAS,UNINCORPORATED,-120.64984893798828,38.034427642822266
91453034,2021,2021-04-19,9255,2021-04-17,1005,018492,,6,1,9,0500,0,1,3,,2,050,SR-4,"MORAN RD",3696.00,E,N,A,-,Y,,,4,,,,,,,Y,2,0,3,2,A,-,01,23152,A,N,A,C,A,A,H,-,A,D,0,,,,,Y,Y,A,01,1,1,1,0,0,0,0,0,0,"- ","- ",38.270061492919922,-120.32253265380859,CALAVERAS,UNINCORPORATED,-120.32248687744141,38.270053863525391
91453114,2021,2021-06-07,9255,2021-04-09,2000,019534,,5,2,9,0500,0,3,5,,2,002,"LITTLE JOHN ROAD","QUIVER STREET",2640.00,N,N,A,-,N,,,,,,,,,,Y,1,1,0,1,A,-,08,22107,,N,F,A,A,A,H,-,D,D,0,,,Y,,Y,,C,02,0,0,0,0,0,0,0,1,0,"- ","- ",37.942539215087891,-120.64790344238281,CALAVERAS,UNINCORPORATED,-120.64783477783203,37.94244384765625
91453975,2021,2021-04-20,9255,2021-04-10,1720,018492,,6,2,9,0500,0,1,3,,2,050,SR-4,"FOREST ROUTE 6N58",450.00,W,N,A,-,Y,,,4,,,,,,,Y,3,0,2,1,A,-,08,22107,,N,E,I,A,A,H,-,A,D,0,,,,,Y,Y,A,01,0,2,0,0,0,0,0,0,0,"- ","- ",38.330009460449219,-120.2384033203125,CALAVERAS,UNINCORPORATED,-120.23846435546875,38.330112457275391
91454111,2021,2021-04-20,9255,2021-04-17,0445,019525,,6,3,9,0500,0,3,5,,2,004,"6 MILE RD","ALGIERS ST",67.00,S,N,A,-,N,,,,,,,,,,Y,3,0,1,2,A,-,08,22107,,N,C,E,A,A,H,-,D,D,0,,,,,Y,,D,22,0,1,0,0,0,0,0,0,0,"- ","- ",38.134021759033203,-120.46212005615234,CALAVERAS,UNINCORPORATED,-120.46204400000001,38.133983000000001
91458649,2021,2021-09-28,9255,2021-04-15,1720,020563,,4,2,9,0500,0,1,3,,1,010,SR-12,"BURSON ROAD",0.00,,Y,A,-,Y,,,12,,,,,,,Y,2,0,2,4,A,-,01,23152,A,N,D,C,A,A,H,-,A,A,0,,,,Y,Y,Y,A,01,1,1,0,0,0,0,0,0,0,"- ","- ",38.183551788330078,-120.89041900634766,CALAVERAS,UNINCORPORATED,-120.89041900634766,38.183547973632812
91458650,2021,2021-04-26,9255,2021-04-17,2120,020270,,6,2,9,0500,0,1,3,,1,011,SR-26,"HEINEMANN DR",482.00,W,N,A,-,Y,,,26,,,,,,,Y,3,0,1,1,A,-,01,23152,A,N,E,I,A,A,H,-,D,D,0,,,,,Y,Y,A,07,0,1,0,0,0,0,0,0,0,"- ","- ",38.153888702392578,-120.85365295410156,CALAVERAS,UNINCORPORATED,-120.85374450683594,38.154029846191406
91463531,2021,2021-05-27,9255,2021-04-22,0730,018318,,4,1,9,0500,0,3,5,,2,003,"CALIFORNIA STREET","POPE STREET",0.00,,Y,A,-,N,,,,,,,,,,Y,3,0,3,2,A,-,08,22107,,N,A,E,A,A,H,-,A,A,0,,,,,Y,,A,01,0,3,0,0,0,0,0,0,0,"- ","- ",38.197559356689453,-120.67884826660156,CALAVERAS,UNINCORPORATED,-120.67890167236328,38.197475433349609
91464309,2021,2021-05-03,9255,2021-04-17,1440,020563,,6,2,9,0500,0,1,3,,1,011,SR-26,"DOUBLE SPRINGS RD",3200.00,E,N,A,-,Y,,,26,,,,,,,Y,2,0,2,2,A,-,05,21460,A,N,A,C,A,A,H,-,A,D,0,,,Y,,Y,,C,02,2,0,0,0,0,0,0,0,2,"- ","- ",38.223739624023438,-120.76138305664062,CALAVERAS,UNINCORPORATED,-120.76137542724609,38.223739624023438
91464705,2021,2021-05-27,9255,2021-04-26,2055,019640,,1,2,9,0500,0,3,5,,2,002,"LITTLE JOHN ROAD","QUIVER STREET",370.00,N,N,A,-,N,,,,,,,,,,Y,4,0,1,1,A,-,01,23152,A,N,E,I,A,A,H,-,D,D,0,,,,,Y,Y,A,08,0,0,1,0,0,0,0,0,0,"- ","- ",37.937519073486328,-120.6444091796875,CALAVERAS,UNINCORPORATED,-120.64426422119141,37.936981201171875
91465653,2021,2021-05-27,9255,2021-04-24,2015,020563,,6,2,9,0500,0,2,4,,2,034,"RAILROAD FLAT RD","BLACK OAK DR",35.00,S,N,B,-,N,,,,,,,,,,Y,4,0,1,2,A,-,08,22107,,M,B,C,A,A,H,-,D,D,0,,,,,Y,,-,99,0,0,1,0,0,0,0,0,0,"- ","- ",38.318050384521484,-120.520751953125,CALAVERAS,UNINCORPORATED,-120.52065277099609,38.317375183105469
91465986,2021,2021-05-27,9255,2021-05-04,1015,016479,,2,1,9,0500,0,3,5,,2,003,"BLUE MOUNTAIN ROAD","POVERTY LANE",130.00,S,N,A,-,N,,,,,,,,,,Y,4,0,1,1,A,-,08,22107,,N,E,I,A,A,H,-,A,D,0,,,,,Y,,D,22,0,0,1,0,0,0,0,0,0,"- ","- ",38.376029968261719,-120.49997711181641,CALAVERAS,UNINCORPORATED,-120.5001220703125,38.375877380371094
91466501,2021,2021-05-27,9255,2021-04-25,1530,018894,,7,2,9,0500,0,1,3,,2,050,"STATE ROUTE 4","USFS 6N24Y",0.00,,Y,D,-,Y,,,4,,,,,,,N,3,0,2,1,A,-,08,22107,,F,E,I,A,C,H,-,A,D,0,,,,,Y,,A,01,0,2,0,0,0,0,0,0,0,"- ","- ",38.393039703369141,-120.18226623535156,CALAVERAS,UNINCORPORATED,-120.18226623535156,38.393028259277344
91468310,2021,2021-05-27,9255,2021-05-03,1635,020142,,1,2,9,0500,0,1,3,,1,011,SR-26,"SILVER RAPIDS RD",0.00,,Y,A,-,Y,,,26,,,,,,,Y,3,0,1,2,A,-,09,21802,A,N,D,C,A,A,H,-,A,A,0,,,,,Y,,D,22,0,1,0,0,0,0,0,0,0,"- ","- ",38.159111022949219,-120.84664154052734,CALAVERAS,UNINCORPORATED,-120.84663391113281,38.159091949462891
91469961,2021,2021-05-27,9255,2021-04-29,1625,019640,,4,2,9,0500,0,3,5,,2,002,"POOL STATION RD","BAR 7 ROAD",1584.00,N,N,A,-,N,,,,,,,,,,Y,2,0,1,1,A,-,01,23152,A,N,E,I,A,A,H,-,A,D,0,,,,,Y,Y,A,01,1,0,0,0,0,0,0,0,0,"- ","- ",38.081920623779297,-120.66204833984375,CALAVERAS,UNINCORPORATED,,
91470065,2021,2021-05-27,9255,2021-05-08,1711,020142,,6,2,9,0500,0,1,3,,1,021,SR-4,"HUNT RD",732.00,W,N,A,-,Y,,,4,,,,,,,Y,2,0,1,2,A,-,05,21460,A,N,B,C,A,A,H,-,A,D,0,,,Y,,Y,,C,02,1,0,0,0,0,0,0,0,1,"- ","- ",38.033321380615234,-120.64895629882812,CALAVERAS,UNINCORPORATED,-120.64897918701172,38.033306121826172
91470851,2021,2021-05-27,9255,2021-04-30,1205,018318,,5,1,9,0500,0,1,3,,1,020,SR-49,"COSGRAVE ROAD",550.00,N,N,A,-,Y,,,49,,,,,,,N,2,0,1,1,A,-,08,22107,,N,F,A,A,A,H,-,A,D,0,,,,,Y,,A,07,1,0,0,0,0,0,0,0,0,"- ","- ",38.111099243164062,-120.60475158691406,CALAVERAS,UNINCORPORATED,-120.604736328125,38.11114501953125
91475230,2021,2021-05-27,9255,2021-05-10,1020,019557,,1,1,9,0500,0,1,3,,2,031,SR-26,"PALMOA RD.",1056.00,E,N,A,-,Y,,,26,,,,,,,Y,3,0,2,1,A,-,03,22350,,N,F,A,A,A,H,-,A,D,0,,,Y,,Y,,C,02,0,1,1,0,0,0,0,0,2,"- ","- ",38.262630462646484,-120.73815155029297,CALAVERAS,UNINCORPORATED,-120.73812866210938,38.262611389160156
91475988,2021,2021-05-27,9255,2021-05-10,1510,018894,,1,2,9,0500,0,3,5,,2,005,"CYPRESS POINT DR","MEADOW RD",1000.00,S,N,A,-,N,,,,,,,,,,N,3,0,1,1,A,-,08,22107,,N,E,I,A,A,H,-,A,D,0,,,,,Y,,A,01,0,1,0,0,0,0,0,0,0,"- ","- ",38.249351501464844,-120.3265380859375,CALAVERAS,UNINCORPORATED,-120.32752227783203,38.255687713623047
91476395,2021,2021-05-27,9255,2021-05-09,1745,020563,,7,2,9,0500,0,1,3,,1,010,SR-12,"CHESTNUT ST",450.00,E,N,A,-,Y,,,12,,,,,,,Y,4,0,1,2,A,-,09,21802,A,N,D,C,A,A,H,-,A,A,0,,,,,Y,,A,01,0,0,1,0,0,0,0,0,0,"- ","- ",38.192478179931641,-120.82631683349609,CALAVERAS,UNINCORPORATED,-120.82632446289062,38.192508697509766
91481181,2021,2021-05-27,9255,2021-05-21,0725,017324,,5,1,9,0500,0,1,3,,2,050,"STATE ROUTE 4","MORAN ROAD",125.00,E,N,A,-,N,,,4,,,,,,,Y,3,0,1,2,A,-,03,22350,,N,C,C,A,A,H,-,A,A,0,,,,,Y,,A,01,0,1,0,0,0,0,0,0,0,"- ","- ",38.203540802001953,-120.369873046875,CALAVERAS,UNINCORPORATED,-120.36985778808594,38.203540802001953
91483413,2021,2021-05-27,9255,2021-04-20,1514,019996,,2,2,9,0500,0,1,3,,2,031,"STATE ROUTE 49","STATE ROUTE 12",1330.00,N,N,A,-,Y,,,49,,,,,,,Y,1,1,2,3,A,-,05,21460,A,N,A,C,A,A,H,-,A,D,0,,,,,Y,,D,22,0,2,0,0,0,0,0,0,0,"- ","- ",38.208461761474609,-120.69721221923828,CALAVERAS,UNINCORPORATED,-120.69719696044922,38.208457946777344
91486527,2021,2021-06-01,9255,2021-05-24,1918,020142,,1,2,9,0500,0,2,4,,2,034,"MOUNTAIN RANCH RD","MARSHALL AVE",152.00,E,N,A,-,N,,,,,,,,,,Y,2,0,1,2,A,-,08,22107,,N,B,C,A,A,H,-,A,D,0,,,,,Y,,A,01,1,0,0,0,0,0,0,0,0,"- ","- ",38.190578460693359,-120.67093658447266,CALAVERAS,UNINCORPORATED,-120.67097473144531,38.190582275390625
91486902,2021,2021-06-01,9255,2021-05-28,1030,017324,,5,1,9,0500,0,1,3,,2,040,"BIG TREES ROAD","STATE ROUTE 4",20.00,N,N,A,-,N,,,,,,,,,,Y,4,0,1,2,A,-,08,22107,,N,B,C,A,A,H,-,A,A,0,,,,,Y,,A,01,0,0,1,0,0,0,0,0,0,"- ","- ",38.139320373535156,-120.45630645751953,CALAVERAS,UNINCORPORATED,-120.45615386962891,38.139110565185547
91487771,2021,2021-06-02,9255,2021-02-21,1605,020142,,7,2,9,0500,0,3,5,,2,001,"DOUBLE SPRINGS ROAD","FREEDOM WAY",440.00,W,N,A,-,N,,,,,,,,,,Y,1,1,1,2,A,-,05,21460,A,N,A,C,A,A,H,-,A,D,0,,,Y,,Y,,A,01,0,1,0,0,0,0,0,1,0,"- ","- ",38.215751647949219,-120.76930999755859,CALAVERAS,UNINCORPORATED,,
91488839,2021,2021-06-03,9255,2021-05-26,1330,019525,,3,1,9,0500,0,1,3,,2,030,SR-49,SR-12,1056.00,N,N,A,-,Y,,,49,,,,,,,Y,3,0,1,3,A,-,03,22350,,N,C,C,A,A,H,-,A,D,0,,,,,Y,,A,08,0,1,0,0,0,0,0,0,0,"- ","- ",38.208389282226562,-120.69719696044922,CALAVERAS,UNINCORPORATED,-120.69719696044922,38.208389282226562
91490670,2021,2021-06-07,9255,2021-05-22,2113,019246,,6,2,9,0500,0,1,3,,1,011,"JENNY LIND RD","DALEE RD",0.00,,Y,A,-,N,,,,,,,,,,Y,2,0,1,1,A,-,01,23152,A,N,E,I,A,A,H,-,D,D,0,,,,,Y,Y,D,22,1,0,0,0,0,0,0,0,0,"- ","- ",38.122440338134766,-120.87713623046875,CALAVERAS,UNINCORPORATED,-120.87722015380859,38.122352600097656
91491262,2021,2021-06-07,9255,2021-05-29,1155,019640,,6,1,9,0500,0,1,3,,1,011,SR-26,"HOGAN DAM ROAD",0.00,,Y,A,-,N,,,26,,,,,,,Y,3,0,1,3,A,-,03,22350,,N,C,C,A,A,H,-,A,D,0,,,,,Y,,A,01,0,1,0,0,0,0,0,0,0,"- ","- ",38.186481475830078,-120.82557678222656,CALAVERAS,UNINCORPORATED,-120.82556915283203,38.186481475830078
91491284,2021,2021-06-07,9255,2021-05-30,2230,019246,,7,3,9,0500,0,3,5,,2,001,"THE NORTH DRIVEWAY TO THE FIDDLENECK DAY USE AREA","NEW HOGAN PKWY",200.00,E,N,A,-,N,,,,,,,,,,Y,3,0,1,1,A,-,01,23152,A,N,E,I,A,A,H,-,D,D,0,,,,,Y,Y,A,08,0,1,0,0,0,0,0,0,0,"- ","- ",38.171108245849609,-120.79791259765625,CALAVERAS,UNINCORPORATED,-120.798039,38.171048999999996
91492162,2021,2021-06-08,9255,2021-06-01,1945,020563,,2,2,9,0500,0,1,3,,1,010,SR-12,"LIME CREEK ROAD",340.00,E,N,A,-,Y,,,12,,,,,,,Y,2,0,1,2,A,-,03,22350,,N,C,C,A,A,H,-,A,A,0,,,Y,,Y,,C,02,1,0,0,0,0,0,0,0,1,"- ","- ",38.193710327148438,-120.81957244873047,CALAVERAS,UNINCORPORATED,-120.81956481933594,38.193698883056641
91493287,2021,2021-06-09,9255,2021-06-08,1130,016479,,2,1,9,0500,0,1,3,,1,020,SR-49,"FOURTH CROSSING RD",5808.00,S,N,A,-,Y,,,49,,,,,,,Y,3,0,1,1,A,-,06,21751,,N,F,A,A,A,H,-,A,D,0,,,,,Y,,D,22,0,1,0,0,0,0,0,0,0,"- ","- ",38.121559143066406,-120.62375640869141,CALAVERAS,UNINCORPORATED,-120.62374114990234,38.121585845947266
91496130,2021,2021-06-14,9255,2021-06-06,2015,020563,,7,2,9,0500,0,3,5,,2,003,"JESUS MARIA RD","RAILROAD FLAT RD",1056.00,W,N,A,-,N,,,,,,,,,,Y,4,0,1,1,A,-,08,22107,,N,E,I,A,A,H,-,A,D,0,,,,,Y,,A,01,0,0,1,0,0,0,0,0,0,"- ","- ",38.284221649169922,-120.50778961181641,CALAVERAS,UNINCORPORATED,-120.50762939453125,38.284255981445312
91496708,2021,2021-06-14,9255,2021-06-02,0730,018894,,3,1,9,0500,0,1,3,,2,050,"STATE ROUTE 4","COUNTRY CLUB DR",0.00,,Y,A,-,Y,,,4,,,,,,,Y,2,0,3,2,A,-,09,21802,A,N,D,C,A,A,H,-,A,A,0,,,,,Y,,A,07,1,1,1,0,0,0,0,0,0,"- ","- ",38.242401123046875,-120.36109924316406,CALAVERAS,UNINCORPORATED,-120.36112213134766,38.242408752441406
91501501,2021,2021-06-21,9255,2021-04-10,0345,019525,,6,3,9,0500,0,3,5,,2,004,"VALLECITO ROAD","STATE ROUTE 4",145.00,S,N,A,-,Y,,,,,,,,,,Y,1,1,0,1,A,-,01,23152,A,N,E,I,A,A,H,-,D,D,0,,,,,Y,Y,A,07,0,0,0,0,0,0,0,0,0,"- ","- ",38.078788757324219,-120.52674102783203,CALAVERAS,UNINCORPORATED,-120.53864288330078,38.068248748779297
91501598,2021,2021-06-21,9255,2021-06-12,1345,019525,,6,1,9,0500,0,3,5,,2,005,"BLAGEN ROAD","HENRY DRIVE",0.00,,Y,A,-,N,,,,,,,,,,Y,4,0,1,2,A,-,09,21802,A,N,D,C,A,A,H,-,A,A,0,,,Y,,Y,,A,07,0,0,1,0,0,0,0,0,1,"- ","- ",38.257408142089844,-120.34754180908203,CALAVERAS,UNINCORPORATED,-120.34748077392578,38.257408142089844
91501922,2021,2021-06-21,9255,2021-06-13,1846,020563,,7,2,9,0500,0,1,3,,1,010,SR-12,"BURSON ROAD",2820.00,W,N,A,-,Y,,,12,,,,,,,Y,4,0,1,2,A,-,03,22350,,N,C,C,A,A,H,-,A,D,0,,,,,Y,,A,01,0,0,1,0,0,0,0,0,0,"- ","- ",38.182929992675781,-120.90007781982422,CALAVERAS,UNINCORPORATED,-120.90007781982422,38.182926177978516
91502113,2021,2021-06-21,9255,2021-06-13,1540,020563,,7,2,9,0500,0,3,5,,2,001,"SOUTHWORTH RD","EVERGREEN ROAD",70.00,E,N,A,-,N,,,,,,,,,,N,2,0,1,1,A,-,08,22107,,N,F,A,A,A,H,-,A,D,0,,,Y,,Y,,C,02,1,0,0,0,0,0,0,0,1,"- ","- ",38.148628234863281,-120.91290283203125,CALAVERAS,UNINCORPORATED,-120.91306304931641,38.148628234863281
91505097,2021,2021-06-24,9255,2021-06-22,1742,020142,,2,2,9,0500,0,2,4,,2,034,"RAILROAD FLAT RD","WHARREGARD RD",1584.00,N,N,A,-,N,,,,,,,,,,N,4,0,1,1,A,-,08,22107,,N,E,I,A,A,H,-,A,D,0,,,,,Y,,A,01,0,0,1,0,0,0,0,0,0,"- ","- ",38.296749114990234,-120.50228881835938,CALAVERAS,UNINCORPORATED,-120.50141906738281,38.296367645263672
91508899,2021,2021-06-29,9255,2021-06-27,1530,020142,,7,2,9,0500,0,1,3,,1,021,SR-4,"POOL STATION RD",900.00,E,N,A,-,Y,,,4,,,,,,,Y,4,0,1,1,A,-,08,22107,,N,E,8,A,A,H,-,A,D,0,,,,,Y,,A,01,0,0,1,0,0,0,0,0,0,"- ","- ",38.047138214111328,-120.6461181640625,CALAVERAS,UNINCORPORATED,-120.64608001708984,38.047096252441406
91509643,2021,2021-07-01,9255,2021-06-08,2500,018363,,2,4,9,0500,0,3,5,,2,001,"JENNY LIND ROAD","MANN STREET",100.00,N,N,A,-,N,,,,,,,,,,Y,1,1,0,1,A,-,01,23152,F,N,E,I,A,A,H,-,D,A,0,,,Y,,Y,,C,02,0,0,0,0,0,0,0,1,0,"- ","- ",38.099189758300781,-120.87837219238281,CALAVERAS,UNINCORPORATED,-120.87857055664062,38.099452972412109
91513669,2021,2021-07-06,9255,2021-06-30,1315,019534,,3,1,9,0500,0,1,3,,2,030,"STATE ROUTE 49","STATE ROUTE 26",0.00,,Y,A,-,Y,,,49,,,,,,,Y,4,0,2,2,A,-,12,22450,A,N,D,C,A,A,H,-,A,A,0,,,,,Y,,A,01,0,0,2,0,0,0,0,0,0,"- ","- ",38.297859191894531,-120.70472717285156,CALAVERAS,UNINCORPORATED,-120.7047119140625,38.297878265380859
91515962,2021,2021-07-08,9255,2021-07-07,0710,016479,,3,1,9,0500,0,3,5,,2,002,"LITTLE JOHN ROAD","KIVA DRIVE",14.00,S,N,A,-,N,,,,,,,,,,N,2,0,1,1,B,-,22,,,N,F,A,A,A,H,-,A,D,0,,Y,,,Y,,L,04,1,0,0,0,0,0,1,0,0,"- ","- ",37.908309936523438,-120.61377716064453,CALAVERAS,UNINCORPORATED,-120.61374664306641,37.908332824707031
91516774,2021,2021-07-09,9255,2021-06-30,1650,020270,,3,2,9,0500,0,1,3,,1,010,SR-12,"GILLAM RD.",75.00,E,N,A,-,Y,,,12,,,,,,,Y,3,0,1,3,A,-,01,23152,A,N,E,I,A,A,H,-,A,D,0,,,,,Y,Y,A,01,0,1,0,0,0,0,0,0,0,"- ","- ",38.208751678466797,-120.78572845458984,CALAVERAS,UNINCORPORATED,-120.78572845458984,38.208744049072266
91516935,2021,2021-07-09,9255,2021-04-03,0230,020270,,6,3,9,0500,0,3,5,,2,002,"O'BYRNES FERRY ROAD","COSMIC COURT",980.00,S,N,A,-,N,,,,,,,,,,Y,1,1,0,1,A,-,01,23152,A,N,E,I,A,A,H,-,D,D,0,,,,,Y,Y,D,22,0,0,0,0,0,0,0,0,0,"- ","- ",37.933948516845703,-120.60340118408203,CALAVERAS,UNINCORPORATED,-120.60298919677734,37.933315277099609
91516991,2021,2021-07-09,9255,2021-07-04,0900,019534,,7,1,9,0500,0,3,5,,2,002,"POOL STATION RD","SPRING HILL RANCH RD",300.00,S,N,A,-,N,,,,,,,,,,Y,3,0,1,1,A,-,08,22107,,N,E,I,A,A,H,-,A,D,0,,,,,Y,,A,01,0,1,0,0,0,0,0,0,0,"- ","- ",38.069240570068359,-120.66043090820312,CALAVERAS,UNINCORPORATED,-120.66037750244141,38.069286346435547
91517768,2021,2021-07-12,9255,2021-07-02,0959,019525,,5,1,9,0500,0,3,5,,2,002,"CHEYENNE ROAD","BEAVER STREET",0.00,,Y,A,-,N,,,,,,,,,,Y,3,0,1,1,A,-,08,22107,,N,E,I,A,A,H,-,A,D,0,,,,,Y,,A,07,0,1,0,0,0,0,0,0,0,"- ","- ",37.962791442871094,-120.63836669921875,CALAVERAS,UNINCORPORATED,-120.63838958740234,37.962772369384766
91518348,2021,2021-07-12,9255,2021-07-05,1500,019557,,1,2,9,0500,0,1,3,,1,020,SR-49,"RED HILL RD",13200.00,S,N,A,-,Y,,,,,,,,,,Y,4,0,1,1,A,-,03,22350,,N,E,I,A,A,H,-,A,D,0,,,,,Y,,A,01,0,0,1,0,0,0,0,0,0,"- ","- ",38.008171081542969,-120.50360107421875,CALAVERAS,UNINCORPORATED,-120.50527191162109,38.008090972900391
91518391,2021,2021-07-12,9255,2021-06-21,1027,019640,,1,1,9,0500,0,1,3,,2,030,"STATE ROUTE 49","REFUSE DISPOSAL SITE ROAD",1920.00,S,N,A,-,Y,,,49,,,,,,,Y,1,1,0,1,A,-,08,22107,,N,E,I,A,A,H,-,A,D,0,,,,,Y,,D,22,0,0,0,0,0,0,0,0,0,"- ","- ",38.244998931884766,-120.71949768066406,CALAVERAS,UNINCORPORATED,-120.71954345703125,38.244983673095703
91518459,2021,2021-07-12,9255,2021-07-03,1950,020563,,6,2,9,0500,0,1,3,,2,030,SR-49,"NORTH LOMBARDI ROAD",1500.00,S,N,A,-,Y,,,49,,,,,,,Y,3,0,1,1,A,-,01,23152,A,N,E,I,A,A,H,-,A,D,0,,,,,Y,Y,A,01,0,1,0,0,0,0,0,0,0,"- ","- ",38.248561859130859,-120.71917724609375,CALAVERAS,UNINCORPORATED,-120.71921539306641,38.248569488525391
91518785,2021,2021-07-13,9255,2021-07-05,1840,020563,,1,2,9,0500,0,3,5,,2,001,"DOUBLE SPRINGS RD","FREEDOM WAY",2750.00,W,N,A,-,N,,,,,,,,,,N,2,0,1,1,A,-,01,23152,A,N,E,I,A,A,H,-,A,D,0,,,,,Y,Y,D,22,1,0,0,0,0,0,0,0,0,"- ","- ",38.212661743164062,-120.77401733398438,CALAVERAS,UNINCORPORATED,,
91518809,2021,2021-07-13,9255,2021-07-11,1809,020142,,7,2,9,0500,0,1,3,,2,040,SR-4,"LIVE OAK DRIVE",6.00,E,N,A,-,Y,,,4,,,,,,,Y,3,0,1,1,A,-,01,23152,A,N,E,8,A,A,H,-,A,A,0,,,,,Y,Y,A,07,0,1,0,0,0,0,0,0,0,"- ","- ",38.110931396484375,-120.4586181640625,CALAVERAS,UNINCORPORATED,-120.45868682861328,38.111011505126953
91519202,2021,2021-07-13,9255,2021-07-10,1125,019640,,6,1,9,0500,0,3,5,,2,001,"HOGAN DAM RD","VISTA DEL LAGO DR",40.00,N,N,A,-,N,,,,,,,,,,Y,3,0,1,1,A,-,08,22107,,N,F,A,A,A,H,-,A,D,0,,,,,Y,,A,07,0,1,0,0,0,0,0,0,0,"- ","- ",38.162609100341797,-120.81616973876953,CALAVERAS,UNINCORPORATED,-120.81623077392578,38.162738800048828
91523337,2021,2021-07-19,9255,2021-07-08,2145,020414,,4,2,9,0500,0,3,5,,2,004,"MAIN STREET","N. ALGIERS STREET",135.00,E,N,A,-,N,,,,,,,,,,Y,3,0,1,2,A,-,01,23152,A,N,A,E,A,A,H,-,C,D,0,,,Y,,Y,Y,C,02,0,1,0,0,0,0,0,0,1,"- ","- ",38.137630462646484,-120.46434020996094,CALAVERAS,UNINCORPORATED,-120.46442413330078,38.137657165527344
91523579,2021,2021-07-19,9255,2021-07-11,1745,020563,,7,2,9,0500,0,3,5,,2,001,"HOGAN DAM RD","LAKE VIEW CIRCLE",1820.00,N,N,A,-,N,,,,,,,,,,Y,2,0,2,2,A,-,01,23152,A,N,F,A,A,A,H,-,A,D,0,,,Y,,Y,Y,D,22,2,0,0,0,0,0,0,0,1,"- ","- ",38.168270111083984,-120.81330108642578,CALAVERAS,UNINCORPORATED,-120.81338500976562,38.168113708496094
91523851,2021,2021-07-19,9255,2021-07-19,1050,020414,,1,1,9,0500,0,1,3,,2,030,SR-49,"POOL STATION RD",0.00,,Y,A,-,Y,,,49,,,,,,,Y,3,0,1,2,A,-,03,22350,,N,C,C,A,A,H,-,A,D,0,,,,Y,Y,,A,01,0,1,0,0,0,0,0,0,0,"- ","- ",38.201210021972656,-120.69280242919922,CALAVERAS,UNINCORPORATED,-120.69279479980469,38.201217651367188
91525256,2021,2021-07-21,9255,2021-07-13,2015,019557,,2,2,9,0500,0,1,3,,2,040,SR-4,"HUNTER DAM RD",528.00,E,N,A,-,Y,,,4,,,,,,,Y,2,0,3,2,A,-,05,21460,A,N,A,C,A,A,H,-,B,D,0,,,,,Y,,A,08,2,0,1,0,0,0,0,0,0,"- ","- ",38.1998291015625,-120.36588287353516,CALAVERAS,UNINCORPORATED,-120.36590576171875,38.199813842773438
91525422,2021,2021-07-21,9255,2021-07-16,0554,020414,,5,3,9,0500,0,1,3,,2,030,SR-49,"UNION MINE ROAD",844.00,S,N,A,-,Y,,,49,,,,,,,Y,3,0,1,2,A,-,05,21460,A,N,B,C,A,A,H,-,A,D,0,,,,Y,Y,,A,07,0,1,0,0,0,0,0,0,0,"- ","- ",38.156509399414062,-120.64440155029297,CALAVERAS,UNINCORPORATED,-120.64440155029297,38.156505584716797
91525432,2021,2021-07-21,9255,2021-07-17,1545,020142,,6,2,9,0500,0,3,5,,2,001,"SANDRETTO ROAD","PARDEE DAM ROAD",4224.00,S,N,A,-,N,,,,,,,,,,Y,3,0,1,1,A,-,03,22350,,N,E,J,A,A,H,-,A,D,0,,,Y,,Y,,C,02,0,1,0,0,0,0,0,0,1,"- ","- ",38.241809844970703,-120.84221649169922,CALAVERAS,UNINCORPORATED,,
91526255,2021,2021-07-22,9255,2021-07-12,2240,019246,,1,3,9,0500,0,3,5,,2,001,"MILTON RD","HUNT RD",3749.00,N,N,A,-,N,,,,,,,,,,Y,4,0,1,1,A,-,03,22350,,N,E,H,A,A,H,-,D,D,0,,,,,Y,,D,22,0,0,1,0,0,0,0,0,0,"- ","- ",38.043109893798828,-120.85909271240234,CALAVERAS,UNINCORPORATED,-120.85916137695312,38.043258666992188
91526579,2021,2021-07-22,9255,2021-07-13,0845,019525,,2,1,9,0500,0,3,5,,2,005,"RAWHIDE DRIVE","PARDEE DRIVE",250.00,W,N,A,-,N,,,,,,,,,,Y,4,0,1,1,A,-,08,22107,,N,E,I,A,A,H,-,A,D,0,,,,,Y,,A,01,0,0,1,0,0,0,0,0,0,"- ","- ",38.237831115722656,-120.35520172119141,CALAVERAS,UNINCORPORATED,-120.35957336425781,38.237346649169922
91526847,2021,2021-07-22,9255,2021-07-20,1745,019557,,2,2,9,0500,0,3,5,,2,002,"WHITTLE RD",SR-49,16368.00,W,N,A,-,N,,,,,,,,,,Y,3,0,1,1,A,-,08,22107,,N,E,I,A,A,H,-,A,D,0,,,,,Y,,A,07,0,1,0,0,0,0,0,0,0,"- ","- ",38.011161804199219,-120.52964019775391,CALAVERAS,UNINCORPORATED,-120.529616,38.011169000000002
91529125,2021,2021-07-26,9255,2021-07-24,2048,020142,,6,2,9,0500,0,1,3,,2,040,SR-4,"STRAWBERRY HILL RD",200.00,E,N,A,-,Y,,,4,,,,,,,Y,3,0,1,1,C,-,18,,,N,E,I,A,A,H,-,D,D,0,,,,,Y,,-,"- ",0,1,0,0,0,0,0,0,0,"- ","- ",38.167648315429688,-120.41560363769531,CALAVERAS,UNINCORPORATED,-120.41556549072266,38.1676025390625
91530712,2021,2021-07-28,9255,2021-07-22,2315,019525,,4,3,9,0500,0,1,3,,2,050,SR-4,"ARNOLD BYWAY",262.00,W,N,A,-,Y,,,4,,,,,,,Y,4,0,1,1,A,-,08,22107,,N,E,I,A,A,H,-,D,D,0,,,,,Y,,B,07,0,0,1,0,0,0,0,0,0,"- ","- ",38.262138366699219,-120.33702850341797,CALAVERAS,UNINCORPORATED,-120.33706665039062,38.262172698974609
91531009,2021,2021-07-28,9255,2021-07-18,1520,020563,,7,2,9,0500,0,3,5,,2,001,"MILTON RD","HUNT RD",0.00,,Y,A,-,N,,,,,,,,,,Y,4,0,1,2,A,-,03,22350,,N,D,C,A,A,H,-,A,D,0,,,,,Y,,A,07,0,0,1,0,0,0,0,0,0,"- ","- ",38.035270690917969,-120.8519287109375,CALAVERAS,UNINCORPORATED,-120.8519287109375,38.035240173339844
91533767,2021,2021-07-30,9255,2021-07-29,0940,017324,,4,1,9,0500,0,1,3,,2,040,"STATE ROUTE 4","MAIN STREET (DOUGLAS FLAT)",165.00,W,N,A,-,Y,,,4,,,,,,,Y,3,0,1,2,A,-,03,22350,,N,C,C,A,A,H,-,A,A,0,,,,,Y,Y,A,01,0,1,0,0,0,0,0,0,0,"- ","- ",38.111301422119141,-120.45836639404297,CALAVERAS,UNINCORPORATED,-120.45835876464844,38.111286163330078
91534682,2021,2021-08-02,9255,2021-07-25,1745,020563,,7,2,9,0500,0,1,3,,2,031,SR-26,"GILLHAVEN ROAD",1420.00,E,N,A,-,Y,,,26,,,,,,,N,4,0,1,1,A,-,08,22107,,N,F,A,A,A,H,-,A,D,0,,,Y,,Y,,C,02,0,0,1,0,0,0,0,0,1,"- ","- ",38.314678192138672,-120.65499114990234,CALAVERAS,UNINCORPORATED,-120.65494537353516,38.314605712890625
91535710,2021,2021-08-03,9255,2021-07-23,2334,020270,,5,3,9,0500,0,2,S,,2,904,"1071 AVERY SHEEP RANCH RD","AVERY SHEEP RANCH RD.",1053.00,S,N,A,-,N,,,,,,,,,,N,2,0,6,1,A,-,01,23152,A,N,F,A,A,A,H,-,D,D,0,,,,,Y,Y,M,96,5,1,0,0,0,0,0,0,0,"- ","- ",38.198619842529297,-120.38453674316406,CALAVERAS,UNINCORPORATED,-120.37336730957031,38.205333709716797
91536015,2021,2021-08-03,9255,2021-08-03,0730,020414,,2,1,9,0500,0,3,5,,2,003,"GOVERNMENT CENTER ROAD","MOUNTAIN RANCH RD",172.00,E,N,A,-,Y,,,,,,,,,,N,3,0,1,2,A,-,08,22107,,N,D,G,A,A,H,-,A,D,0,,Y,,,Y,,L,04,0,1,0,0,0,0,1,0,0,"- ","- ",38.190299987792969,-120.66735076904297,CALAVERAS,UNINCORPORATED,-120.66800689697266,38.190902709960938
91540243,2021,2021-08-09,9255,2021-07-31,1235,019525,,6,1,9,0500,0,2,4,,2,034,"RAILROAD FLAT RD","SILVER MOUNTIAN ROAD",2640.00,W,N,A,-,N,,,,,,,,,,Y,4,0,1,2,A,-,05,21650,,N,A,C,A,A,H,-,A,D,0,,,,,Y,,E,22,0,0,1,0,0,0,0,0,0,"- ","- ",38.365169525146484,-120.50528717041016,CALAVERAS,UNINCORPORATED,-120.50411224365234,38.356945037841797
91541283,2021,2021-08-10,9255,2021-07-27,1315,016479,,2,1,9,0500,0,1,3,,1,020,SR-49,"COSGRAVE ROAD",875.00,S,N,A,-,Y,,,49,,,,,,,Y,2,0,1,1,A,-,05,21650,,N,F,A,A,A,H,-,A,D,0,,,Y,,Y,,C,02,1,0,0,0,0,0,0,0,1,"- ","- ",38.109241485595703,-120.60028076171875,CALAVERAS,UNINCORPORATED,-120.60026550292969,38.109260559082031
91541367,2021,2021-08-10,9255,2021-08-03,0915,020414,,2,1,9,0500,0,3,5,,2,001,"MILTON ROAD","HUNT ROAD",7709.00,N,N,A,-,N,,,,,,,,,,Y,3,0,1,1,A,-,08,22107,,N,E,I,A,A,H,-,A,D,0,,,Y,,Y,,C,02,0,1,0,0,0,0,0,0,1,"- ","- ",38.053951263427734,-120.86302185058594,CALAVERAS,UNINCORPORATED,-120.86240386962891,38.053501129150391
91543310,2021,2021-08-12,9255,2021-08-03,1555,019557,,2,2,9,0500,0,1,3,,2,031,SR-26,"MAIN ST",500.00,W,N,A,-,Y,,,26,,,,,,,Y,3,0,1,1,A,-,08,22107,,M,E,I,A,A,H,-,A,D,0,,,,,Y,,A,07,0,1,0,0,0,0,0,0,0,"- ","- ",38.396018981933594,-120.52700042724609,CALAVERAS,UNINCORPORATED,-120.52703857421875,38.395980834960938
91546678,2021,2021-08-17,9255,2021-08-02,1330,018894,,1,1,9,0500,0,1,3,,2,050,"STATE ROUTE 4","BEATRICE DRIVE",500.00,E,N,A,-,Y,,,4,,,,,,,Y,2,0,2,2,A,-,05,21460,A,N,A,C,A,A,H,-,A,D,0,,,,,Y,,A,01,2,0,0,0,0,0,0,0,0,"- ","- ",38.356948852539062,-120.21230316162109,CALAVERAS,UNINCORPORATED,-120.21231079101562,38.356952667236328
91549211,2021,2021-08-19,9255,2021-08-16,1000,017324,,1,1,9,0500,0,2,4,,1,022,"O'BYRNES FERRY ROAD","REEDS TURNPIKE",3696.00,S,N,A,-,N,,,,,,,,,,Y,3,0,1,2,A,-,08,22107,,N,A,C,A,A,H,-,A,D,0,,,,,Y,,A,01,0,1,0,0,0,0,0,0,0,"- ","- ",37.970230102539062,-121.62712860107422,CALAVERAS,UNINCORPORATED,,
91550449,2021,2021-08-20,9255,2021-08-15,2225,020270,,7,3,9,0500,0,1,3,,1,021,SR4,"POOL STATION RD.",436.00,E,N,A,-,Y,,,4,,,,,,,Y,4,0,1,1,A,-,08,22107,,N,F,A,A,A,H,-,D,D,0,,,,,Y,,A,01,0,0,1,0,0,0,0,0,0,"- ","- ",38.048221588134766,-120.64251708984375,CALAVERAS,UNINCORPORATED,-120.64250946044922,38.048286437988281
91551221,2021,2021-08-23,9255,2021-08-13,1745,020563,,5,2,9,0500,0,1,3,,2,030,SR-49,SR-12,60.00,N,N,A,-,Y,,,49,,,,,,,Y,4,0,1,1,A,-,08,22107,,N,F,A,A,A,H,-,A,D,0,,,,,Y,,A,07,0,0,1,0,0,0,0,0,0,"- ","- ",38.205318450927734,-120.69743347167969,CALAVERAS,UNINCORPORATED,-120.69725036621094,38.205310821533203
91552650,2021,2021-08-24,9255,2021-08-14,1345,016055,,6,1,9,0500,0,1,3,,2,031,"RT 26","WOODHOUSE MINE ROAD",5280.00,W,N,A,-,Y,,,26,,,,,,,Y,2,0,1,1,A,-,03,22350,,N,E,I,A,A,H,-,A,D,0,,,Y,,Y,,C,02,1,0,0,0,0,0,0,0,1,"- ","- ",38.369270324707031,-120.54666900634766,CALAVERAS,UNINCORPORATED,-120.54668426513672,38.369289398193359
91553742,2021,2021-08-25,9255,2021-08-17,2326,018363,,2,3,9,0500,0,1,3,,1,010,"STATE ROUTE 12","TOYON CIR",393.00,W,N,A,-,Y,,,12,,,,,,,N,3,0,1,1,A,-,01,23152,A,N,F,A,A,A,H,-,D,D,0,,,Y,,Y,Y,C,02,0,1,0,0,0,0,0,0,1,"- ","- ",38.211589813232422,-120.76570129394531,CALAVERAS,UNINCORPORATED,-120.76567840576172,38.211524963378906
91554801,2021,2021-08-26,9255,2021-08-17,1030,018894,,2,1,9,0500,0,1,3,,2,060,"STATE ROUTE 4","PACIFIC VALLEY ROAD",5280.00,W,N,A,-,Y,,,,,,,,,,Y,2,0,2,2,A,-,05,21650,,N,B,C,A,A,H,-,A,D,0,,,Y,,Y,,C,02,1,0,1,0,0,0,0,0,2,"- ","- ",38.516738891601562,-119.90899658203125,CALAVERAS,UNINCORPORATED,-119.90988159179688,38.515895843505859
91554806,2021,2021-08-26,9255,2021-08-20,0550,018363,,5,3,9,0500,0,1,3,,1,011,"STATE ROUTE 26","ST. ANDREWS RD.",330.00,W,N,A,-,Y,,,26,,,,,,,Y,3,0,1,1,A,-,08,22107,,N,E,I,A,A,H,-,A,D,0,,,,,Y,,A,01,0,1,0,0,0,0,0,0,0,"- ","- ",38.173389434814453,-120.83409118652344,CALAVERAS,UNINCORPORATED,-120.83412170410156,38.173427581787109
91555269,2021,2021-08-26,9255,2021-08-18,1714,018492,,3,2,9,0500,0,3,5,,2,006,"O'BYRNES FERRY RD","SPANGLER LANE",0.00,,Y,F,-,N,,,,,,,,,,N,3,0,1,4,A,-,09,21802,A,N,D,C,A,A,H,-,A,A,0,,,,,Y,,A,01,0,1,0,0,0,0,0,0,0,"- ","- ",37.936748504638672,-120.60465240478516,CALAVERAS,UNINCORPORATED,-120.604736328125,37.936763763427734
91555334,2021,2021-08-26,9255,2021-08-20,1942,018492,,5,2,9,0500,0,3,5,,2,005,"MORAN ROAD","LOVE CREEK ROAD",528.00,S,N,A,-,N,,,,,,,,,,Y,3,0,1,1,A,-,01,23152,A,N,E,I,A,A,H,-,B,D,0,,,,,Y,Y,A,07,0,1,0,0,0,0,0,0,0,"- ","- ",38.215400695800781,-120.35999298095703,CALAVERAS,UNINCORPORATED,-120.35904693603516,38.216678619384766
91557547,2021,2021-08-30,9255,2021-08-23,1715,020270,,1,2,9,0500,0,1,3,,1,010,SR-12,"LIME CREEK RD.",888.00,W,N,A,-,Y,,,12,,,,,,,N,4,0,1,2,A,-,03,22350,,N,C,C,A,A,H,-,A,D,0,,,,,Y,,D,22,0,0,1,0,0,0,0,0,0,"- ","- ",38.192981719970703,-120.82382202148438,CALAVERAS,UNINCORPORATED,-120.82382202148438,38.193004608154297
91557812,2021,2021-08-30,9255,2021-08-23,2128,019640,,1,2,9,0500,0,2,4,,1,022,"OBYRNES FERRY RD","CALAVERAS / TUOLUMNE COUNTY LINE",1056.00,N,N,A,-,N,,,,,,,,,,Y,4,0,1,1,A,-,08,22107,,N,E,I,A,A,H,-,D,D,0,,,,,Y,,A,07,0,0,1,0,0,0,0,0,0,"- ","- ",37.899269104003906,-120.57140350341797,CALAVERAS,UNINCORPORATED,,
91559337,2021,2021-08-31,9255,2021-08-19,1434,020563,,4,2,9,0500,0,1,3,,2,030,SR-49,"MAGERS WAY",0.00,,Y,A,-,Y,,,49,,,,,,,Y,3,0,2,2,A,-,09,21802,A,N,D,C,A,A,H,-,A,A,0,,,,,Y,,A,01,0,2,0,0,0,0,0,0,0,"- ","- ",38.176498413085938,-120.66309356689453,CALAVERAS,UNINCORPORATED,-120.66307067871094,38.176528930664062
91560238,2021,2021-09-01,9255,2021-08-28,2120,020142,,6,2,9,0500,0,1,3,,1,010,SR-12,"BURSON ROAD",0.00,,Y,F,-,Y,,,12,,,,,,,Y,4,0,1,2,A,-,12,22450,A,N,D,C,A,A,H,-,C,A,0,,,,,Y,,A,01,0,0,1,0,0,0,0,0,0,"- ","- ",38.183589935302734,-120.89044952392578,CALAVERAS,UNINCORPORATED,-120.89044952392578,38.183544158935547
91561465,2021,2021-09-02,9255,2021-08-24,1730,019640,,2,2,9,0500,0,3,5,,2,003,"BLUE MOUNTAIN ROAD","NOBLE ROAD",0.00,,Y,A,-,N,,,,,,,,,,Y,2,0,1,1,A,-,03,22350,,N,F,A,A,A,H,-,A,D,0,,,Y,,Y,,C,02,1,0,0,0,0,0,0,0,1,"- ","- ",38.3739013671875,-120.50444793701172,CALAVERAS,UNINCORPORATED,-120.50443267822266,38.373409271240234
91562325,2021,2021-09-03,9255,2021-08-08,1445,019557,,7,2,9,0500,0,1,3,,1,021,SR-4,"MAIN STREET",0.00,,Y,A,-,Y,,,4,,,,,,,Y,2,0,6,2,A,-,09,21802,A,N,D,C,A,A,H,-,A,A,0,,,,,Y,,A,01,4,2,0,0,0,0,0,0,0,"- ","- ",37.983379364013672,-120.64541625976562,CALAVERAS,UNINCORPORATED,-120.64543914794922,37.983379364013672
91568737,2021,2021-09-13,9255,2021-09-02,1618,019640,,4,2,9,0500,0,3,5,,2,001,"BURSON ROAD","CIRCLE HILL ROAD",85.00,N,N,A,-,N,,,,,,,,,,N,3,0,1,1,A,-,08,22107,,N,F,A,A,A,H,-,A,D,0,,,Y,,Y,,C,02,0,1,0,0,0,0,0,0,1,"- ","- ",38.162769317626953,-120.89569854736328,CALAVERAS,UNINCORPORATED,-120.89567565917969,38.162750244140625
91570836,2021,2021-09-15,9255,2021-09-02,1630,019534,,4,2,9,0500,0,1,3,,1,010,"STATE ROUTE 12","TOLL BRIDGE RD",50.00,E,N,A,-,Y,,,12,,,,,,,Y,2,0,1,1,A,-,08,22107,,N,F,A,A,A,H,-,A,D,0,,,Y,,Y,,C,02,1,0,0,0,0,0,0,0,1,"- ","- ",38.207130432128906,-120.70912933349609,CALAVERAS,UNINCORPORATED,-120.70945739746094,38.207450866699219
91570868,2021,2021-09-15,9255,2021-09-03,1900,020563,,5,2,9,0500,0,1,3,,1,011,SR-26,"FARRIS DR",0.00,,Y,A,-,Y,,,26,,,,,,,Y,4,0,2,2,A,-,03,22350,,N,B,C,A,A,H,-,A,D,0,,,,,Y,,A,01,0,0,2,0,0,0,0,0,0,"- ","- ",38.149631500244141,-120.85848999023438,CALAVERAS,UNINCORPORATED,-120.85850524902344,38.149642944335938
91570941,2021,2021-09-15,9255,2021-09-03,2205,020414,,5,3,9,0500,0,1,3,,2,040,SR-4,"ANREY COURT",834.00,E,N,A,-,Y,,,4,,,,,,,Y,3,0,1,2,A,-,08,22107,,N,A,C,A,A,H,-,C,D,0,,,,,Y,,A,07,0,1,0,0,0,0,0,0,0,"- ","- ",38.129730224609375,-120.45375061035156,CALAVERAS,UNINCORPORATED,-120.45381164550781,38.12969970703125
91571406,2021,2021-09-15,9255,2021-09-02,0909,019640,,4,1,9,0500,0,1,3,,2,030,SR-49,"FAHILY CIRCLE",300.00,N,N,A,-,Y,,,49,,,,,,,Y,2,0,1,2,A,-,09,21801,A,N,D,C,A,A,H,-,A,D,0,,,Y,,Y,,D,22,1,0,0,0,0,0,0,0,1,"- ","- ",38.191368103027344,-120.67539978027344,CALAVERAS,UNINCORPORATED,-120.6754150390625,38.191360473632812
91573154,2021,2021-09-17,9255,2021-09-07,0920,017324,,2,1,9,0500,0,1,3,,1,010,"STATE ROUTE 12","CHESTNUT ST",450.00,E,N,A,-,Y,,,,,,,,,,Y,4,0,1,2,A,-,09,21804,A,N,D,C,A,A,H,-,A,A,0,,,,,Y,,A,01,0,0,1,0,0,0,0,0,0,"- ","- ",38.825931549072266,-120.825927734375,CALAVERAS,UNINCORPORATED,-120.82651519775391,38.192478179931641
91574268,2021,2021-09-20,9255,2021-09-09,1800,022356,,4,2,9,0500,0,1,3,,1,020,SR-49,"RED HILL RD",1000.00,S,N,A,-,Y,,,49,,,,,,,Y,2,0,1,1,A,-,03,22350,,N,F,A,A,A,H,-,A,D,0,,,Y,,Y,,C,02,1,0,0,0,0,0,0,0,1,"- ","- ",38.034408569335938,-120.50704956054688,CALAVERAS,UNINCORPORATED,-120.50701904296875,38.034439086914062
91575889,2021,2021-09-21,9255,2021-09-07,0835,019534,,2,1,9,0500,0,1,3,,2,030,"STATE ROUTE 49","GITNEY STREET",750.00,S,N,A,-,Y,,,49,,,,,,,Y,3,0,1,2,A,-,09,21804,A,N,D,C,A,A,H,-,A,D,0,,,Y,,Y,,D,22,0,1,0,0,0,0,0,0,1,"- ","- ",38.191360473632812,-120.67537689208984,CALAVERAS,UNINCORPORATED,-120.67540740966797,38.19134521484375
91580697,2021,2021-09-27,9255,2021-09-15,0730,018318,,3,1,9,0500,0,1,3,,2,050,SR-4,"AVERY HOTEL RD",0.00,,Y,A,-,Y,,,4,,,,,,,Y,3,0,1,1,A,-,08,22107,,N,E,8,A,A,H,-,A,D,0,,,,,Y,,D,22,0,1,0,0,0,0,0,0,0,"- ","- ",38.205741882324219,-120.36930847167969,CALAVERAS,UNINCORPORATED,-120.36921691894531,38.205711364746094
91582416,2021,2021-09-29,9255,2021-06-05,0715,019534,,6,1,9,0500,0,1,3,,2,030,"STATE ROUTE 49","O'CONNELL LANE",5280.00,S,N,A,-,Y,,,49,,,,,,,Y,1,1,1,2,A,-,05,21460,A,N,A,C,A,A,H,-,A,D,0,,,,,Y,,D,22,0,1,0,0,0,0,0,0,0,"- ","- ",38.175090789794922,-120.66091156005859,CALAVERAS,UNINCORPORATED,-120.66089630126953,38.175113677978516
91582517,2021,2021-09-29,9255,2021-07-16,0027,020270,,5,3,9,0500,0,3,5,,2,001,"HOGAN DAM ROAD","ESENOLDA ROAD",11.00,N,N,A,-,N,,,,,,,,,,Y,1,1,0,1,A,-,01,23152,A,N,E,I,A,A,H,-,D,D,0,,,Y,,Y,Y,C,02,0,0,0,0,0,0,0,1,0,"- ","- ",38.158939361572266,-120.81497955322266,CALAVERAS,UNINCORPORATED,-120.81501900000001,38.158960999999998
91582562,2021,2021-09-29,9255,2021-09-21,0858,017324,,2,1,9,0500,0,1,3,,2,040,"STATE ROUTE 4","UTICA POWER HOUSE ROAD",0.00,,Y,A,-,Y,,,4,,,,,,,N,4,0,2,2,A,-,08,22107,,N,B,C,A,A,H,-,A,D,0,,,,,Y,,A,01,0,0,2,0,0,0,0,0,0,"- ","- ",38.146511077880859,-120.44828033447266,CALAVERAS,UNINCORPORATED,-120.44831085205078,38.146579742431641
91582986,2021,2021-09-29,9255,2021-09-17,1555,019885,,5,2,9,0500,0,1,3,,1,011,SR-26,"CAMPO SECO TPKE",10.00,W,N,A,-,Y,,,26,,,,,,,Y,3,0,1,1,A,-,08,22107,,N,E,I,A,A,H,-,A,D,0,,,,,Y,,A,01,0,1,0,0,0,0,0,0,0,"- ","- ",38.282310485839844,-120.7275390625,CALAVERAS,UNINCORPORATED,-120.72755432128906,38.282325744628906
91583970,2021,2021-09-30,9255,2021-09-19,1539,019885,,7,2,9,0500,0,1,3,,2,030,SR-49,"BIG BAR RD",5597.00,S,N,A,-,Y,,,49,,,,,,,N,3,0,2,1,A,-,08,22107,,N,F,A,A,A,H,-,A,D,0,,,Y,,Y,,C,02,0,2,0,0,0,0,0,0,2,"- ","- ",38.302810668945312,-120.73130798339844,CALAVERAS,UNINCORPORATED,-120.73133850097656,38.302799224853516
91583976,2021,2021-09-30,9255,2021-09-19,2230,020563,,7,3,9,0500,0,1,3,,1,020,SR-49,"GUN CLUB ROAD",1300.00,N,N,A,-,Y,,,49,,,,,,,Y,3,0,2,1,A,-,01,23152,A,M,E,I,A,A,H,-,D,D,0,,,,,Y,Y,D,22,0,1,1,0,0,0,0,0,0,"- ","- ",38.054409027099609,-120.53460693359375,CALAVERAS,UNINCORPORATED,-120.53457641601562,38.054458618164062
91585645,2021,2021-10-01,9255,2021-09-09,1745,019387,,4,2,9,0500,0,3,5,,2,001,"HOGAN DAM ROAD","PALOMINO RIDGE ROAD",1056.00,S,N,A,-,N,,,,,,,,,,Y,2,0,1,2,A,-,05,21650,,F,F,A,A,A,H,-,A,D,0,,,Y,,Y,,-,99,1,0,0,0,0,0,0,0,1,"- ","- ",38.131168365478516,-120.81273651123047,CALAVERAS,UNINCORPORATED,-120.8115234375,38.12847900390625
91585680,2021,2021-10-01,9255,2021-09-25,0630,018492,,6,1,9,0500,0,1,3,,2,050,SR-4,"SKYLINE DR",1056.00,E,N,A,-,Y,,,4,,,,,,,N,2,0,1,1,A,-,08,22107,,N,E,I,A,A,H,-,B,D,0,,,,,Y,,D,22,1,0,0,0,0,0,0,0,0,"- ","- ",38.419010162353516,-120.09349822998047,CALAVERAS,UNINCORPORATED,-120.09349822998047,38.41900634765625
91587584,2021,2021-10-04,9255,2021-09-26,2110,019246,,7,2,9,0500,0,3,5,,2,003,"LOMBARDI DR","DONYA DR",1056.00,W,N,A,-,N,,,,,,,,,,Y,3,0,1,1,A,-,01,23152,A,N,E,I,A,A,H,-,D,D,0,,,,,Y,Y,D,22,0,1,0,0,0,0,0,0,0,"- ","- ",38.253421783447266,-120.70957183837891,CALAVERAS,UNINCORPORATED,-120.70933532714844,38.253372192382812
91588138,2021,2021-10-05,9255,2021-09-28,1515,019534,,2,2,9,0500,0,3,5,,2,001,"S BURSON RD","CHARDONNAY PL",675.00,N,N,A,-,N,,,,,,,,,,Y,3,0,1,1,A,-,08,22107,,N,E,I,A,A,H,-,A,D,0,,,,,Y,,A,01,0,1,0,0,0,0,0,0,0,"- ","- ",38.119499206542969,-120.90847778320312,CALAVERAS,UNINCORPORATED,-120.90854644775391,38.119491577148438
91588186,2021,2021-10-05,9255,2021-08-21,0427,020142,,6,3,9,0500,0,1,3,,2,031,SR-26,"DEARDORFF ROAD",156.00,E,N,A,-,Y,,,26,,,,,,,Y,1,1,0,1,A,-,08,22107,,N,E,I,A,A,H,-,D,D,0,,,Y,,Y,,C,02,0,0,0,0,0,0,0,1,0,"- ","- ",38.362281799316406,-120.56342315673828,CALAVERAS,UNINCORPORATED,-120.56339263916016,38.362827301025391
91588289,2021,2021-10-05,9255,2021-10-02,2013,019996,,6,2,9,0500,0,1,3,,2,031,SR-26,"STANLEY LANE",20.00,W,N,A,-,Y,,,26,,,,,,,Y,3,0,1,1,A,-,08,22107,,N,F,A,A,A,H,-,D,D,0,,,,,Y,,D,22,0,1,0,0,0,0,0,0,0,"- ","- ",38.385238647460938,-120.53388214111328,CALAVERAS,UNINCORPORATED,-120.53376007080078,38.385261535644531
91589451,2021,2021-10-06,9255,2021-06-25,2015,019996,,5,2,9,0500,0,3,5,,2,005,"MEADOW DRIVE","SAINT ANDREWS COURT",433.00,W,N,A,-,N,,,,,,,,,,Y,1,1,3,1,A,-,01,23152,A,N,F,A,A,A,H,-,B,D,0,,,,,Y,Y,M,96,1,2,0,0,0,0,0,0,0,"- ","- ",38.258991241455078,-120.32731628417969,CALAVERAS,UNINCORPORATED,-120.32732391357422,38.258975982666016
91590585,2021,2021-10-07,9255,2021-09-26,1830,019885,,7,2,9,0500,0,3,5,,2,001,"BALDWIN ST","JENNY LIND RD",0.00,,Y,A,-,Y,,,,,,,,,,N,2,0,1,1,A,-,03,22350,,N,E,I,A,A,H,-,A,A,0,,,,,Y,,D,22,1,0,0,0,0,0,0,0,0,"- ","- ",38.096820831298828,-120.87412261962891,CALAVERAS,UNINCORPORATED,-120.874107,38.096850000000003
91590620,2021,2021-10-07,9255,2021-09-30,2025,019534,,4,2,9,0500,0,1,3,,1,011,"STATE ROUTE 26","VISTA DEL LAGO DR",15.00,E,N,A,-,Y,,,26,,,,,,,N,4,0,1,2,A,-,11,21954,A,N,G,B,D,A,H,-,C,A,0,Y,,,,Y,,N,60,0,0,1,0,1,0,0,0,0,"- ","- ",38.168689727783203,-120.83911895751953,CALAVERAS,UNINCORPORATED,-120.83911895751953,38.168693542480469
91594161,2021,2021-10-12,9255,2021-10-02,1624,019996,,6,2,9,0500,0,2,4,,2,034,"RAILROAD FLAT RD","OLD EMIGRANT TRL WEST",470.00,E,N,A,-,N,,,,,,,,,,Y,2,0,3,1,A,-,08,22107,,N,E,I,A,A,H,-,A,D,0,,,,,Y,,D,22,1,2,0,0,0,0,0,0,0,"- ","- ",38.276401519775391,-120.50675201416016,CALAVERAS,UNINCORPORATED,-120.50529479980469,38.274055480957031
91595172,2021,2021-10-13,9255,2021-10-08,1350,020142,,5,1,9,0500,0,1,3,,2,030,SR-49,SR-12,528.00,N,N,A,-,Y,,,49,,,,,,,N,4,0,1,2,A,-,03,22350,,N,C,C,A,A,H,-,A,D,0,,,,,Y,,A,01,0,0,1,0,0,0,0,0,0,"- ","- ",38.208629608154297,-120.69728088378906,CALAVERAS,UNINCORPORATED,-120.69718933105469,38.208629608154297
91596296,2021,2021-10-14,9255,2021-10-03,1405,019640,,7,2,9,0500,0,1,3,,1,021,SR-4,"OBYRNES FERRY ROAD",0.00,,Y,A,-,Y,,,4,,,,,,,Y,4,0,3,2,A,-,09,21802,A,N,D,C,A,A,H,-,A,A,0,,,,,Y,,A,01,0,0,3,0,0,0,0,0,0,"- ","- ",37.9833984375,-120.64539337158203,CALAVERAS,UNINCORPORATED,-120.64543914794922,37.983390808105469
91596874,2021,2021-10-14,9255,2021-10-03,1710,019640,,7,2,9,0500,0,1,3,,1,020,SR-49,"BIG BONANZA LANE",1056.00,S,N,A,-,Y,,,49,,,,,,,Y,4,0,1,1,A,-,01,23152,A,N,E,I,A,A,H,-,A,D,0,,,,,Y,Y,A,07,0,0,1,0,0,0,0,0,0,"- ","- ",38.054130554199219,-120.5341796875,CALAVERAS,UNINCORPORATED,-120.53420257568359,38.054115295410156
91598945,2021,2021-10-18,9255,2021-10-12,1330,018318,,2,1,9,0500,0,3,5,,2,002,"LITTLE JOHN RD","KIVA DRIVE",2.00,N,N,A,-,N,,,,,,,,,,N,4,0,2,2,A,-,09,21800,B,N,D,C,A,A,H,-,A,D,0,,,,,Y,,A,01,0,0,2,0,0,0,0,0,0,"- ","- ",37.908378601074219,-120.61373138427734,CALAVERAS,UNINCORPORATED,-120.61376190185547,37.908374786376953
91598973,2021,2021-10-18,9255,2021-10-12,2340,020142,,2,3,9,0500,0,1,3,,1,010,SR-12,"DOUBLE SPRINGS ROAD",2640.00,E,N,A,-,Y,,,12,,,,,,,Y,3,0,1,1,A,-,01,23152,A,N,E,I,A,A,H,-,D,D,0,,,,,Y,Y,A,01,0,1,0,0,0,0,0,0,0,"- ","- ",38.208919525146484,-120.78018951416016,CALAVERAS,UNINCORPORATED,-120.78019714355469,38.208866119384766
91599045,2021,2021-10-18,9255,2021-10-11,1500,016918,,1,2,9,0500,0,1,3,,1,011,SR-26,"SHELTON RD",0.00,,Y,A,G,Y,,,26,,,,,,,Y,4,0,1,2,A,-,01,23152,A,N,C,C,A,A,H,-,A,D,0,,,,,Y,Y,D,22,0,0,1,0,0,0,0,0,0,"- ","- ",38.101711273193359,-120.92653656005859,CALAVERAS,UNINCORPORATED,-120.92653656005859,38.101650238037109
91602281,2021,2021-10-21,9255,2021-10-10,1435,019640,,7,2,9,0500,0,1,3,,1,011,SR-12,"WARREN ROAD",0.00,,Y,A,-,Y,,,,,,,,,,Y,4,0,2,2,A,-,08,22107,,N,C,C,A,A,H,-,A,D,0,,,,,Y,,A,01,0,0,2,0,0,0,0,0,0,"- ","- ",38.102828979492188,-120.922119140625,CALAVERAS,UNINCORPORATED,,
91602284,2021,2022-03-04,9255,2021-10-14,1040,017324,,4,1,9,0500,0,1,3,,1,010,"STATE ROUTE 49","SAN DOMINGO CREEK",707.00,N,N,A,-,Y,,,49,,,,,,,Y,4,0,1,3,A,-,03,22350,,N,C,C,A,A,D,-,A,A,0,,,,,Y,,A,07,0,0,1,0,0,0,0,0,0,"- ","- ",38.116359710693359,-120.61756134033203,CALAVERAS,UNINCORPORATED,-120.61753082275391,38.116397857666016
91603044,2021,2021-11-04,9255,2021-10-14,1350,019534,,4,1,9,0500,0,1,3,,1,011,"STATE ROUTE 26","MANGILI RD",750.00,W,N,A,-,Y,,,26,,,,,,,Y,4,0,1,2,A,-,05,21460,A,N,B,C,A,A,H,-,A,D,0,,,,,Y,,-,"- ",0,0,1,0,0,0,0,0,0,"- ","- ",38.183368682861328,-120.82594299316406,CALAVERAS,UNINCORPORATED,-120.82593536376953,38.183368682861328
91603800,2021,2021-10-22,9255,2021-10-21,0939,018492,,4,1,9,0500,0,2,4,,2,034,"RAILROAD FLAT RD","WHARREGARD DR",2112.00,N,N,B,C,N,,,,,,,,,,Y,4,0,1,1,A,-,03,22350,,N,E,I,A,B,H,-,A,D,0,,,,,Y,,A,01,0,0,1,0,0,0,0,0,0,"- ","- ",38.296848297119141,-120.50286865234375,CALAVERAS,UNINCORPORATED,-120.50315093994141,38.296775817871094
91603912,2021,2021-10-22,9255,2021-10-10,1728,019996,,7,2,9,0500,0,3,5,,2,004,"SIX MILE RD","OLD MURPHYS ROAD",1200.00,E,N,A,-,N,,,,,,,,,,Y,3,0,3,1,A,-,08,22107,,N,F,A,A,A,H,-,A,D,0,,,,,Y,,A,07,0,3,0,0,0,0,0,0,0,"- ","- ",38.106430053710938,-120.49423217773438,CALAVERAS,UNINCORPORATED,-120.4940185546875,38.106464385986328
91604010,2021,2021-10-22,9255,2021-10-18,0759,018318,,1,1,9,0500,0,3,5,,2,003,"SHEEP RANCH RD","LAKESIDE DRIVE",528.00,N,N,A,-,N,,,,,,,,,,N,3,0,1,1,A,-,08,22107,,N,E,I,A,B,H,-,A,D,0,,,,,Y,,A,01,0,1,0,0,0,0,0,0,0,"- ","- ",38.244060516357422,-120.51239776611328,CALAVERAS,UNINCORPORATED,-120.51235198974609,38.244010925292969
91604068,2021,2021-10-22,9255,2021-10-10,1415,019885,,7,2,9,0500,0,1,3,,2,030,SR-49,"BIG BAR RD",5544.00,S,N,A,-,Y,,,49,,,,,,,Y,3,0,1,1,A,-,08,22107,,N,F,A,A,A,H,-,A,D,0,,,Y,,Y,,C,02,0,1,0,0,0,0,0,0,1,"- ","- ",38.300758361816406,-120.73139190673828,CALAVERAS,UNINCORPORATED,-120.73138427734375,38.300754547119141
91604070,2021,2021-10-22,9255,2021-10-09,1930,019885,,6,2,9,0500,0,3,5,,2,001,"MILTON RD","S GULCH RD",910.00,N,N,A,-,N,,,,,,,,,,Y,2,0,1,1,A,-,01,23152,A,N,E,I,A,A,H,-,D,D,0,,,,,Y,Y,D,22,1,0,0,0,0,0,0,0,0,"- ","- ",38.063499450683594,-120.87127685546875,CALAVERAS,UNINCORPORATED,-120.87122344970703,38.063407897949219
91605178,2021,2021-10-25,9255,2021-10-21,1150,017324,,4,1,9,0500,0,1,3,,1,021,"STATE ROUTE 4","STALLION WAY",287.00,W,N,B,-,Y,,,4,,,,,,,Y,4,0,2,1,A,-,03,22350,,N,F,A,A,B,H,-,A,D,0,,,,,Y,,A,01,0,0,2,0,0,0,0,0,0,"- ","- ",38.052650451660156,-120.62217712402344,CALAVERAS,UNINCORPORATED,-120.62221527099609,38.052680969238281
91606415,2021,2021-10-26,9255,2021-10-15,1330,018318,,5,1,9,0500,0,2,4,,2,034,"RAILROAD FLAT ROAD","JUNE AVENUE",0.00,,Y,A,-,Y,,,,,,,,,,Y,4,0,2,2,A,-,09,21801,A,N,A,C,A,A,H,-,A,D,0,,,,,Y,,A,01,0,0,2,0,0,0,0,0,0,"- ","- ",38.386821746826172,-120.52440643310547,CALAVERAS,UNINCORPORATED,-120.52603149414062,38.384181976318359
91606430,2021,2021-10-26,9255,2021-10-16,1655,019996,,6,2,9,0500,0,3,5,,2,001,"PATTISON ROAD","CAMANCHE PKWY S",17.00,N,N,A,-,N,,,,,,,,,,Y,2,0,4,2,A,-,09,21801,A,N,A,C,A,A,H,-,A,D,0,,,,,Y,,A,01,1,3,0,0,0,0,0,0,0,"- ","- ",38.202159881591797,-120.90515899658203,CALAVERAS,UNINCORPORATED,-120.90515899658203,38.202125549316406
91607401,2021,2021-10-27,9255,2021-10-23,0150,020142,,6,3,9,0500,0,3,5,,2,001,"MILTON ROAD","BALDWIN ST",70.00,S,N,A,-,N,,,,,,,,,,Y,4,0,1,1,A,-,03,22350,,N,H,H,A,A,H,-,D,D,0,,,Y,,Y,,C,02,0,0,1,0,0,0,0,0,1,"- ","- ",38.096748352050781,-120.87384033203125,CALAVERAS,UNINCORPORATED,-120.87387084960938,38.096771240234375
91608483,2021,2021-10-28,9255,2021-10-21,2055,020414,,4,2,9,0500,0,1,3,,1,021,SR-4,"HUNT ROAD",620.00,W,N,A,-,Y,,,4,,,,,,,Y,3,0,1,1,A,-,08,22107,,N,E,I,A,A,H,-,D,D,0,,,,,Y,,A,01,0,1,0,0,0,0,0,0,0,"- ","- ",38.033771514892578,-120.64923095703125,CALAVERAS,UNINCORPORATED,-120.64927673339844,38.033729553222656
91616364,2021,2021-11-04,9255,2021-10-30,0905,018318,,6,1,9,0500,0,1,3,,1,020,SR-4,"POOL STATION ROAD",453.00,E,N,A,-,Y,,,4,,,,,,,Y,2,0,1,1,A,-,08,22107,,N,F,A,A,A,H,-,A,D,0,,,Y,,Y,,C,02,1,0,0,0,0,0,0,0,1,"- ","- ",38.046131134033203,-120.64691162109375,CALAVERAS,UNINCORPORATED,-120.64682769775391,38.046119689941406
91620065,2021,2021-11-09,9255,2021-11-02,2300,020142,,2,3,9,0500,0,3,5,,2,002,"CHEYENNE RD","YOLO CT",415.00,N,N,A,-,N,,,,,,,,,,Y,2,0,1,1,A,-,08,22107,,N,E,I,A,A,H,-,D,D,0,,,,,Y,,A,01,1,0,0,0,0,0,0,0,0,"- ","- ",37.951488494873047,-120.631591796875,CALAVERAS,UNINCORPORATED,-120.63166809082031,37.951423645019531
91621842,2021,2021-11-10,9255,2021-10-29,1030,018318,,5,1,9,0500,0,3,5,,2,001,"HANLEY DRIVE","HARTVICKSON LANE",680.00,W,N,A,-,N,,,,,,,,,,N,3,0,1,1,C,-,18,,,N,H,H,A,A,H,-,A,D,0,,,Y,,Y,,-,"- ",0,1,0,0,0,0,0,0,1,"- ","- ",38.147758483886719,-120.85082244873047,CALAVERAS,UNINCORPORATED,-120.85076141357422,38.147716522216797
91623033,2021,2021-11-12,9255,2021-11-02,1930,019996,,2,2,9,0500,0,2,4,,2,034,"MOUNTAIN RANCH RD","MILLS CT",450.00,E,N,B,-,N,,,,,,,,,,Y,3,0,1,1,A,-,01,23152,A,N,F,A,A,A,H,-,D,D,0,,,,,Y,Y,D,22,0,1,0,0,0,0,0,0,0,"- ","- ",38.189189910888672,-120.65004730224609,CALAVERAS,UNINCORPORATED,-120.65016937255859,38.189220428466797
91623053,2021,2021-11-12,9255,2021-11-05,2135,020414,,5,2,9,0500,0,1,3,,1,011,SR-26,"HEINEMANN DR",335.00,W,N,A,-,Y,,,26,,,,,,,Y,3,0,1,1,A,-,08,22107,,N,E,I,A,A,H,-,D,D,0,,,,,Y,,A,07,0,1,0,0,0,0,0,0,0,"- ","- ",38.153888702392578,-120.854248046875,CALAVERAS,UNINCORPORATED,-120.85416412353516,38.153759002685547
91623068,2021,2021-11-12,9255,2021-11-09,2240,020142,,2,3,9,0500,0,3,5,,2,002,"COPPER COVE DR","QUIVER STREET",300.00,E,N,E,-,N,,,,,,,,,,Y,4,0,1,1,A,-,08,22107,,N,E,I,A,B,H,-,D,D,0,,,,,Y,,A,01,0,0,1,0,0,0,0,0,0,"- ","- ",37.935691833496094,-120.63623809814453,CALAVERAS,UNINCORPORATED,-120.63636779785156,37.93560791015625
91627565,2021,2021-11-17,9255,2021-11-04,0735,018318,,4,1,9,0500,0,1,3,,1,011,SR-26,"BEAL RANCH ROAD",528.00,E,N,B,C,Y,,,26,,,,,,,Y,3,0,2,3,A,-,05,21460,A,N,B,C,A,B,H,-,A,D,0,,,,,Y,,A,07,0,2,0,0,0,0,0,0,0,"- ","- ",38.233158111572266,-120.76045227050781,CALAVERAS,UNINCORPORATED,-120.76045989990234,38.233161926269531
91627571,2021,2021-11-17,9255,2021-11-04,0830,018318,,4,1,9,0500,0,1,3,,1,011,SR-26,"MANGILI ROAD",20.00,E,N,A,-,Y,,,26,,,,,,,Y,3,0,1,2,A,-,05,21460,A,N,A,C,A,A,H,-,A,D,0,,,,,Y,,A,01,0,1,0,0,0,0,0,0,0,"- ","- ",38.233158111572266,-120.76045227050781,CALAVERAS,UNINCORPORATED,-120.76045989990234,38.233161926269531
91631120,2021,2021-11-22,9255,2021-11-09,1530,019996,,2,2,9,0500,0,1,3,,1,021,SR-49,"COSGRAVE ROAD",1200.00,S,N,B,C,Y,,,49,,,,,,,Y,3,0,1,2,A,-,08,22107,,N,B,C,A,B,H,-,A,D,0,,,,,Y,,A,07,0,1,0,0,0,0,0,0,0,"- ","- ",38.107669830322266,-120.59776306152344,CALAVERAS,UNINCORPORATED,-120.59774780273438,38.107685089111328
91631907,2021,2021-11-22,9255,2021-11-07,1319,019525,,7,1,9,0500,0,1,3,,2,030,SR-49,"MOUNTAIN RANCH RD",0.00,,Y,A,-,Y,,,49,,,,,,,N,3,0,1,2,A,-,09,21802,A,N,D,C,A,A,H,-,A,A,0,,,,,Y,,A,01,0,1,0,0,0,0,0,0,0,"- ","- ",38.189140319824219,-120.67449951171875,CALAVERAS,UNINCORPORATED,-120.67453002929688,38.189132690429688
91631920,2021,2021-11-22,9255,2021-11-11,1600,019640,,4,2,9,0500,0,3,5,,2,002,"KIVA DR","FONG DRIVE",275.00,E,N,A,-,N,,,,,,,,,,Y,4,0,1,1,A,-,01,23152,A,N,F,A,A,A,H,-,A,D,0,,,Y,,Y,Y,C,02,0,0,1,0,0,0,0,0,1,"- ","- ",37.908969879150391,-120.60939025878906,CALAVERAS,UNINCORPORATED,-120.60935974121094,37.908950805664062
91632197,2021,2021-11-22,9255,2021-11-16,2345,018363,,2,3,9,0500,0,1,3,,1,011,"STATE ROUTE 26","FARRIS LANE",1100.00,E,N,E,-,Y,,,26,,,,,,,Y,4,0,1,1,A,-,03,22350,,N,H,H,A,A,H,-,D,D,0,,,,,Y,,A,01,0,0,1,0,0,0,0,0,0,"- ","- ",38.152748107910156,-120.85572052001953,CALAVERAS,UNINCORPORATED,-120.85570526123047,38.152732849121094
91632207,2021,2021-11-22,9255,2021-11-17,0610,019534,,3,1,9,0500,0,1,3,,2,031,"STATE ROUTE 26","PONDEROSA WAY",2640.00,W,N,B,-,Y,,,26,,,,,,,Y,4,0,2,2,A,-,03,22350,,N,A,C,A,B,H,-,A,D,0,,,,,Y,,A,01,0,0,2,0,0,0,0,0,0,"- ","- ",38.322681427001953,-120.63987731933594,CALAVERAS,UNINCORPORATED,-120.63998413085938,38.322956085205078
91632316,2021,2021-11-22,9255,2021-11-18,1100,019534,,4,1,9,0500,0,1,3,,2,030,"STATE ROUTE 49","CAROL KENNEDY RD",750.00,S,N,A,-,Y,,,49,,,,,,,N,4,0,1,1,A,-,08,22107,,N,H,A,A,A,H,-,A,D,0,,,,,Y,,A,01,0,0,1,0,0,0,0,0,0,"- ","- ",38.144058227539062,-120.63748168945312,CALAVERAS,UNINCORPORATED,-120.63735961914062,38.144157409667969
91637965,2021,2021-11-30,9255,2021-11-27,2300,020142,,6,3,9,0500,0,1,3,,2,040,SR-4,"UPPER UTICA POWERHOUSE ROAD",550.00,W,N,A,-,Y,,,4,,,,,,,Y,3,0,1,1,A,-,01,23152,A,N,E,I,A,A,H,-,D,D,0,,,,,Y,Y,A,07,0,1,0,0,0,0,0,0,0,"- ","- ",38.156040191650391,-120.43769836425781,CALAVERAS,UNINCORPORATED,-120.43777465820312,38.156147003173828
91638497,2021,2021-11-30,9255,2021-11-08,1240,017324,,1,1,9,0500,0,1,3,,2,040,"STATE ROUTE 4","BATTEN ROAD",0.00,,Y,A,-,Y,,,4,,,,,,,Y,3,0,2,2,A,-,03,22350,,N,C,C,A,A,H,-,A,D,0,,,,,Y,,A,07,0,1,1,0,0,0,0,0,0,"- ","- ",38.100681304931641,-120.46987152099609,CALAVERAS,UNINCORPORATED,-120.46980285644531,38.10064697265625
91643523,2021,2021-12-06,9255,2021-11-20,0750,019534,,6,1,9,0500,0,1,3,,1,011,"STATE ROUTE 26","HEINEMANN DR",0.00,,N,A,-,Y,,,26,,,,,,,Y,4,0,1,1,A,-,08,22107,,N,E,I,A,A,H,-,A,D,0,,,,,Y,,A,01,0,0,1,0,0,0,0,0,0,"- ","- ",38.152389526367188,-120.85607147216797,CALAVERAS,UNINCORPORATED,-120.85607147216797,38.152393341064453
91645264,2021,2021-12-07,9255,2021-12-03,1405,019885,,5,2,9,0500,0,1,3,,1,010,SR-12,"CHESTNUT ST",630.00,E,N,A,-,Y,,,12,,,,,,,Y,3,0,1,2,A,-,09,21804,A,N,D,C,A,A,H,-,A,A,0,,,,,Y,,A,01,0,1,0,0,0,0,0,0,0,"- ","- ",38.192581176757812,-120.82597351074219,CALAVERAS,UNINCORPORATED,-120.82596588134766,38.19256591796875
91647919,2021,2021-12-09,9255,2021-11-29,2025,019996,,1,2,9,0500,0,1,3,,1,021,SR-4,"BONANZA MINE WAY",1770.00,W,N,A,-,Y,,,4,,,,,,,Y,2,0,2,2,A,-,01,23152,A,N,A,C,A,A,H,-,D,D,0,,,,,Y,Y,D,22,1,1,0,0,0,0,0,0,0,"- ","- ",38.013160705566406,-120.64476776123047,CALAVERAS,UNINCORPORATED,-120.644775390625,38.013160705566406
91648767,2021,2021-12-10,9255,2021-12-02,0145,018363,,4,3,9,0500,0,1,3,,2,030,"STATE ROUTE 49","BIG BAR LAUNCH",2205.00,S,N,A,-,Y,,,49,,,,,,,Y,3,0,1,1,A,-,08,22107,,N,E,I,A,A,H,-,D,D,0,,,,,Y,,A,01,0,1,0,0,0,0,0,0,0,"- ","- ",38.306800842285156,-120.72695159912109,CALAVERAS,UNINCORPORATED,-120.72692108154297,38.3067626953125
91650185,2021,2021-12-13,9255,2021-12-01,1733,019246,,3,2,9,0500,0,3,5,,2,001,"GARNER PL","FRIEDMAN WAY",235.00,N,N,A,-,N,,,,,,,,,,N,2,0,1,2,A,-,11,21956,A,N,G,B,E,A,H,-,D,D,0,Y,,,,Y,,N,60,1,0,0,0,1,0,0,0,0,"- ","- ",38.125659942626953,-120.86723327636719,CALAVERAS,UNINCORPORATED,-120.8739013671875,38.130184173583984
91650199,2021,2021-12-13,9255,2021-12-03,1401,019640,,5,2,9,0500,0,1,3,,1,011,SR-26,"PALOMA RD",5808.00,W,N,A,-,Y,,,26,,,,,,,Y,3,0,1,1,A,-,03,22350,,N,F,A,A,A,H,-,A,D,0,,,Y,,Y,,C,02,0,1,0,0,0,0,0,0,1,"- ","- ",38.247661590576172,-120.75566101074219,CALAVERAS,UNINCORPORATED,-120.75567626953125,38.247669219970703
91650255,2021,2021-12-13,9255,2021-12-04,0900,019534,,6,1,9,0500,0,3,5,,2,001,"HOGAN DAM ROAD","NEW HOGAN PARKWAY",100.00,S,N,A,-,N,,,,,,,,,,Y,3,0,1,1,A,-,08,22107,,N,E,I,A,A,H,-,A,D,0,,,,,Y,,A,01,0,1,0,0,0,0,0,0,0,"- ","- ",38.177139282226562,-120.81227111816406,CALAVERAS,UNINCORPORATED,-120.81233978271484,38.177280426025391
91650461,2021,2021-12-13,9255,2021-12-06,2030,020142,,1,2,9,0500,0,1,3,,1,011,SR-26,"WHITE ROAD",230.00,E,N,B,C,Y,,,26,,,,,,,N,2,0,1,2,A,-,08,22107,,F,G,B,E,B,H,-,D,D,0,Y,,,,Y,Y,-,99,1,0,0,0,1,0,0,0,0,"- ","- ",38.144748687744141,-120.86192321777344,CALAVERAS,UNINCORPORATED,-120.86196899414062,38.144783020019531
91652165,2021,2021-12-14,9255,2021-12-05,0210,020563,,7,3,9,0500,0,2,4,,1,022,"OBYRNES FERRY ROAD","REEDS TPKE",350.00,S,N,E,-,N,,,,,,,,,,Y,3,0,1,1,A,-,01,23152,A,N,E,I,A,B,H,-,D,D,0,,,,,Y,Y,A,01,0,1,0,0,0,0,0,0,0,"- ","- ",38.976718902587891,-120.6368408203125,CALAVERAS,UNINCORPORATED,,
91656175,2021,2021-12-20,9255,2021-12-09,1010,019534,,4,1,9,0500,0,1,3,,2,031,"STATE ROUTE 26","MONTGOMERY DR",1000.00,E,N,B,C,Y,,,26,,,,,,,Y,3,0,1,1,A,-,03,22350,,N,E,I,A,B,H,-,A,D,0,,,,,Y,,A,01,0,1,0,0,0,0,0,0,0,"- ","- ",38.308761596679688,-120.66619110107422,CALAVERAS,UNINCORPORATED,-120.66619873046875,38.308834075927734
91656198,2021,2021-12-20,9255,2021-12-09,1320,018492,,4,1,9,0500,0,1,3,,1,021,SR-4,"STALLION DR",1056.00,W,N,B,-,Y,,,4,,,,,,,Y,4,0,1,1,A,-,08,22107,,N,E,I,A,B,H,-,A,D,0,,,,,Y,,D,22,0,0,1,0,0,0,0,0,0,"- ","- ",38.051959991455078,-120.6236572265625,CALAVERAS,UNINCORPORATED,-120.62367248535156,38.052040100097656
91657681,2021,2021-12-21,9255,2021-12-14,0930,017324,,2,1,9,0500,0,3,5,,2,002,"COPPER COVER DRIVE","SAWMILL RD",75.00,W,N,C,-,N,,,,,,,,,,Y,3,0,1,1,A,-,03,22350,,N,F,A,A,B,H,-,A,D,0,,,,,Y,,D,22,0,1,0,0,0,0,0,0,0,"- ","- ",37.934398651123047,-120.62661743164062,CALAVERAS,UNINCORPORATED,-120.62651062011719,37.934371948242188
91665816,2021,2021-12-29,9255,2021-12-19,1628,019640,,7,2,9,0500,0,1,3,,2,040,SR-4,"UTICA POWERHOUSE RD",800.00,W,N,A,-,Y,,,4,,,,,,,Y,3,0,2,1,A,-,01,23152,A,N,E,I,A,A,H,-,A,D,0,,,,,Y,Y,D,22,0,2,0,0,0,0,0,0,0,"- ","- ",38.155559539794922,-120.43831634521484,CALAVERAS,UNINCORPORATED,-120.43824768066406,38.155532836914062
91666538,2021,2021-12-30,9255,2021-12-23,1413,019996,,4,2,9,0500,0,1,3,,1,011,SR-26,"ST. ANDREWS ROAD",600.00,W,N,B,C,Y,,,26,,,,,,,Y,3,0,1,2,A,-,03,22350,,N,A,C,A,B,H,-,A,D,0,,,,,Y,,D,22,0,1,0,0,0,0,0,0,0,"- ","- ",38.172821044921875,-120.83509826660156,CALAVERAS,UNINCORPORATED,-120.83509063720703,38.172805786132812
91666544,2021,2021-12-30,9255,2021-12-24,1340,017324,,5,1,9,0500,0,1,3,,1,021,"STATE ROUTE 4","APPALOOSA RD",2112.00,W,N,B,-,Y,,,4,,,,,,,Y,3,0,1,1,A,-,03,22350,,N,E,I,A,B,H,-,A,D,0,,,,,Y,,A,01,0,1,0,0,0,0,0,0,0,"- ","- ",38.047119140625,-120.63829803466797,CALAVERAS,UNINCORPORATED,-120.63829803466797,38.047111511230469
91669762,2021,2022-01-04,9255,2021-12-21,1550,019885,,2,2,9,0500,0,1,3,,1,010,SR-12,"MEGAN LN",2171.00,W,N,A,-,Y,,,,,,,,,,N,3,0,1,2,A,-,21,22106,,N,G,B,E,A,H,-,A,B,0,Y,,,,Y,,A,07,0,1,0,0,1,0,0,0,0,"- ","- ",38.781368255615234,-120.93338012695312,CALAVERAS,UNINCORPORATED,-120.93331146240234,38.178066253662109
91669786,2021,2022-01-04,9255,2021-12-24,1750,019885,,5,2,9,0500,0,3,5,,2,001,"BURSON RD","CAMANCHE PKY S",0.00,,Y,C,-,N,,,,,,,,,,Y,3,0,2,2,A,-,09,21801,A,N,D,C,A,B,H,-,D,A,0,,,,,Y,,A,01,0,2,0,0,0,0,0,0,0,"- ","- ",38.198631286621094,-120.89385986328125,CALAVERAS,UNINCORPORATED,-120.89380645751953,38.198440551757812
91672901,2021,2022-01-06,9255,2021-12-26,1340,019534,,7,1,9,0500,0,1,3,,1,011,"SILVER RAPIDS RD","STATE ROUTE 26",0.00,,Y,A,-,Y,,,,,,,,,,N,4,0,1,2,A,-,01,23152,A,N,D,C,A,A,H,-,A,A,0,,,,,Y,Y,D,22,0,0,1,0,0,0,0,0,0,"- ","- ",38.159049987792969,-120.84660339355469,CALAVERAS,UNINCORPORATED,-120.84664154052734,38.159091949462891
91674872,2022,2022-01-10,9255,2022-01-07,1719,019996,,5,2,9,0500,0,1,3,,1,020,SR-49,"CENTENNIAL LANE",1600.00,S,N,B,C,Y,CAL,,49,,,6.354,H,,R,Y,3,0,1,2,A,-,08,22107,,N,B,C,A,B,H,-,B,D,0,,,,,Y,,A,01,0,1,0,0,0,0,0,0,0,"- ","- ",38.056678771972656,-120.53558349609375,CALAVERAS,UNINCORPORATED,-120.53561401367188,38.056678771972656
91678299,2021,2022-01-14,9255,2021-12-20,1200,019246,,1,1,9,0500,0,1,3,,2,030,SR-49,"REFUSE DISPOSAL SITE RD",0.00,,Y,A,-,Y,,,49,,,,,,,Y,4,0,1,3,A,-,03,22350,,N,C,C,A,A,H,-,A,D,0,,,,,Y,,A,01,0,0,1,0,0,0,0,0,0,"- ","- ",38.250198364257812,-120.71881866455078,CALAVERAS,UNINCORPORATED,-120.71881866455078,38.250198364257812
91679672,2021,2022-01-18,9255,2021-12-26,0752,020563,,7,1,9,0500,0,1,3,,2,050,SR-4,"MORAN ROAD",4200.00,E,N,D,-,Y,,,4,,,,,,,Y,4,0,5,2,A,-,03,22350,,N,A,C,A,C,H,-,A,D,0,,,,,Y,,A,01,0,0,5,0,0,0,0,0,0,"- ","- ",38.269840240478516,-120.32260131835938,CALAVERAS,UNINCORPORATED,-120.32258605957031,38.269828796386719
91679875,2022,2022-01-18,9255,2022-01-11,1130,017324,,2,1,9,0500,0,3,5,,2,002,"ROCK CREEK RD","STATE ROUTE 4",7920.00,N,N,A,-,N,,,,,,,,,,N,3,0,1,1,A,-,03,22350,,N,F,A,A,A,H,-,A,D,0,,,Y,,Y,,C,02,0,1,0,0,0,0,0,0,1,"- ","- ",38.000640869140625,-120.62265777587891,CALAVERAS,UNINCORPORATED,-120.64543151855469,37.983390808105469
91681935,2022,2022-01-20,9255,2022-01-12,1511,019996,,3,2,9,0500,0,1,3,,2,030,SR-49,SR-12,100.00,S,N,A,-,Y,CAL,,49,,R,20.499,H,,R,Y,3,0,1,2,A,-,09,21802,A,N,D,C,A,A,H,-,A,A,0,,,,,Y,,A,01,0,1,0,0,0,0,0,0,0,"- ","- ",38.204921722412109,-120.69744110107422,CALAVERAS,UNINCORPORATED,-120.69735717773438,38.204898834228516
91683878,2022,2022-01-24,9255,2022-01-17,1640,020142,,1,2,9,0500,0,1,3,,2,050,SR-4,"BIG TREES PKY",700.00,E,N,A,-,Y,CAL,,4,,,44.640,H,,R,N,3,0,1,1,A,-,01,23152,A,N,E,I,A,A,H,-,A,D,0,,,,,Y,Y,A,07,0,1,0,0,0,0,0,0,0,"- ","- ",38.279121398925781,-120.31041717529297,CALAVERAS,UNINCORPORATED,-120.31047058105469,38.279136657714844
91684549,2022,2022-01-25,9255,2022-01-17,1600,020142,,1,2,9,0500,0,1,3,,1,020,SR-49,"MEACHAM RANCH ROAD",810.00,S,N,A,-,Y,CAL,,49,,,10.936,H,,R,Y,3,0,1,2,A,-,01,23152,A,N,E,8,A,A,H,-,A,D,0,,,,,Y,Y,D,22,0,1,0,0,0,0,0,0,0,"- ","- ",38.102329254150391,-120.59130096435547,CALAVERAS,UNINCORPORATED,-120.59116363525391,38.102405548095703
91688461,2022,2022-01-28,9255,2022-01-10,1600,019885,,1,2,9,0500,0,3,5,,2,003,"MOUNTAIN RANCH RD","CALAVERITAS RD",0.00,,Y,A,-,N,,,,,,,,,,N,3,0,1,2,A,-,09,21801,A,N,D,C,A,A,H,-,A,A,0,,,,,Y,,J,41,0,1,0,0,0,0,0,0,0,"- ","- ",38.189510345458984,-120.6661376953125,CALAVERAS,UNINCORPORATED,-120.66593170166016,38.189231872558594
91689362,2022,2022-01-31,9255,2022-01-19,1150,018318,,3,1,9,0500,0,1,3,,2,030,SR-49,"POOL STATION ROAD",150.00,N,N,A,-,Y,CAL,,49,,,20.177,H,,R,N,4,0,1,2,A,-,09,21804,,N,D,C,A,A,H,-,A,D,0,,,,,Y,,A,01,0,0,1,0,0,0,0,0,0,"- ","- ",38.201400756835938,-120.69316101074219,CALAVERAS,UNINCORPORATED,-120.69316864013672,38.201389312744141
91691052,2021,2022-02-01,9255,2021-12-09,1055,018318,,4,1,9,0500,0,1,3,,1,010,SR-12,"WARDS AVENUE",1912.00,E,N,B,C,Y,,,,,,,,,,Y,1,1,1,2,A,-,01,23152,F,N,A,C,A,B,H,-,A,D,0,,,,,Y,,A,01,1,0,0,0,0,0,0,0,0,"- ","- ",38.189979553222656,-120.25499725341797,CALAVERAS,UNINCORPORATED,-120.97270965576172,38.19091796875
91692613,2021,2022-02-03,9255,2021-12-09,2500,018492,,4,4,9,0500,0,1,3,,2,050,SR-4,"GOLDEN TORCH DR",1584.00,W,N,A,-,Y,,,4,,,,,,,Y,1,1,0,1,A,-,08,22107,,N,E,I,A,C,H,-,D,D,0,,,,,Y,,D,22,0,0,0,0,0,0,0,0,0,"- ","- ",38.292568206787109,-120.28964233398438,CALAVERAS,UNINCORPORATED,-120.28965759277344,38.292621612548828
91694695,2022,2022-02-07,9255,2022-01-22,1925,020142,,6,2,9,0500,0,3,5,,2,004,"FULLEN ROAD","AVERY SHEEP RANCH ROAD",120.00,S,N,A,-,N,,,,,,,,,,Y,2,0,1,2,A,-,03,22350,,F,F,A,A,A,H,-,D,D,0,,,Y,,Y,,C,02,1,0,0,0,0,0,0,0,1,"- ","- ",38.194339752197266,-120.40409851074219,CALAVERAS,UNINCORPORATED,-120.40414428710938,38.194377899169922
91694774,2022,2022-02-07,9255,2022-01-30,1630,020563,,7,2,9,0500,0,1,3,,1,011,SR-26,"GARNER PLACE",0.00,,Y,A,-,Y,CAL,,26,,,5.042,H,,R,Y,4,0,1,3,A,-,09,21802,A,N,D,C,A,A,H,-,A,A,0,,,,,Y,,A,01,0,0,1,0,0,0,0,0,0,"- ","- ",38.130229949951172,-120.87409210205078,CALAVERAS,UNINCORPORATED,-120.87408447265625,38.130229949951172
91695801,2022,2022-02-08,9255,2022-01-30,1940,020563,,7,2,9,0500,0,1,3,,2,030,SR-49,SR-12,76.00,S,N,A,-,Y,CAL,,49,,R,20.507,H,,R,Y,2,0,1,1,A,-,01,23152,A,N,E,8,A,A,H,-,C,A,0,,,,,Y,Y,A,01,1,0,0,0,0,0,0,0,0,"- ","- ",38.205009460449219,-120.69734954833984,CALAVERAS,UNINCORPORATED,-120.69731903076172,38.205001831054688
91697904,2022,2022-02-10,9255,2022-01-29,1415,019996,,6,2,9,0500,0,2,4,,2,034,"MTN. RANCH ROAD","LUCKY JIM MINE ROAD",50.00,E,N,A,-,N,,,,,,,,,,Y,3,0,1,1,A,-,08,22107,,N,F,A,A,A,H,-,A,D,0,,,,,Y,,E,22,0,1,0,0,0,0,0,0,0,"- ","- ",38.200389862060547,-120.58193206787109,CALAVERAS,UNINCORPORATED,-120.58192443847656,38.200309753417969
91704059,2022,2022-02-18,9255,2022-02-09,1728,019885,,3,2,9,0500,0,1,3,,1,011,SR-26,"NOVE WAY",0.00,,Y,A,-,Y,CAL,,26,,,10.069,H,,R,Y,4,0,1,2,A,-,09,21802,A,N,D,C,A,A,H,-,A,D,0,,,,,Y,,A,01,0,0,1,0,0,0,0,0,0,"- ","- ",38.188568115234375,-120.82662963867188,CALAVERAS,UNINCORPORATED,-120.82672882080078,38.188533782958984
91704491,2022,2022-02-18,9255,2022-02-11,1859,019996,,5,2,9,0500,0,3,5,,2,001,"HOGAN DAM ROAD","LAKE VIEW CIRCLE",1870.00,N,N,A,-,N,,,,,,,,,,Y,3,0,1,1,B,-,22,,,N,E,I,A,A,H,-,D,D,0,,,,,Y,,J,48,0,1,0,0,0,0,0,0,0,"- ","- ",38.168319702148438,-120.81321716308594,CALAVERAS,UNINCORPORATED,-120.81331634521484,38.168239593505859
91704494,2022,2022-02-18,9255,2022-02-12,0735,019534,,6,1,9,0500,0,1,3,,1,010,"STATE ROUTE 12","PINE STREET",950.00,W,N,A,-,Y,CAL,,12,,,9.572,H,,R,Y,4,0,1,1,A,-,08,22107,,N,E,J,A,A,H,-,A,A,0,,,,,Y,,D,22,0,0,1,0,0,0,0,0,0,"- ","- ",38.187530517578125,-120.83287048339844,CALAVERAS,UNINCORPORATED,-120.83291625976562,38.187610626220703
91707748,2022,2022-02-24,9255,2022-02-16,0145,019246,,3,3,9,0500,0,1,3,,1,010,SR-12,"SOUTHWORTH RD",330.00,W,N,A,-,Y,CAL,,12,,,2.381,H,,R,Y,3,0,1,1,A,-,01,23152,A,N,E,I,A,A,H,-,D,D,0,,,,,Y,Y,-,"- ",0,1,0,0,0,0,0,0,0,"- ","- ",38.180168151855469,-120.96073150634766,CALAVERAS,UNINCORPORATED,-120.96070098876953,38.180221557617188
91710002,2022,2022-02-25,9255,2022-02-17,0750,019534,,4,1,9,0500,0,2,4,,2,034,"MOUNTAIN RANCH RD","LOWER MICHEL RD",1200.00,N,N,A,-,N,,,,,,,,,,Y,2,0,3,1,A,-,08,22107,,N,E,I,A,A,H,-,A,D,0,,,,,Y,,A,07,1,2,0,0,0,0,0,0,0,"- ","- ",38.196559906005859,-120.58381652832031,CALAVERAS,UNINCORPORATED,-120.583740234375,38.196182250976562
91710789,2022,2022-02-28,9255,2022-02-20,1235,019534,,7,1,9,0500,0,1,3,,2,031,"STATE ROUTE 26","PONDEROSA WAY",500.00,W,N,A,-,Y,CAL,,26,,,23.292,H,,R,Y,3,0,1,1,A,-,08,22107,,N,F,A,A,A,H,-,A,D,0,,,,,Y,,A,07,0,1,0,0,0,0,0,0,0,"- ","- ",38.329299926757812,-120.63316345214844,CALAVERAS,UNINCORPORATED,-120.633056640625,38.329200744628906
91711012,2022,2022-02-28,9255,2022-02-21,1337,019534,,1,1,9,0500,0,1,3,,2,031,"STATE ROUTE 26","WOODHOUSE MINE RD",2640.00,W,N,A,-,Y,CAL,,26,,,30.847,H,,R,Y,3,0,1,1,A,-,08,22107,,N,F,A,A,A,H,-,A,D,0,,,Y,,Y,,C,02,0,1,0,0,0,0,0,0,1,"- ","- ",38.372890472412109,-120.55814361572266,CALAVERAS,UNINCORPORATED,-120.55812835693359,38.372901916503906
91712014,2022,2022-03-01,9255,2022-02-22,1337,019534,,2,1,9,0500,0,1,3,,2,050,"STATE ROUTE 4","RAMSEY RD",2640.00,W,N,B,-,Y,CAL,,4,,R,52.663,H,,R,Y,3,0,1,3,A,-,08,22107,,N,B,C,A,C,H,-,A,D,0,,,,,Y,,A,01,0,1,0,0,0,0,0,0,0,"- ","- ",38.349018096923828,-120.21228790283203,CALAVERAS,UNINCORPORATED,-120.21231079101562,38.349025726318359
91712065,2022,2022-03-01,9255,2022-02-22,1315,018894,,2,1,9,0500,0,1,3,,2,050,"STATE ROUTE 4","BEATRICE DRIVE",500.00,E,N,B,D,Y,CAL,,4,,R,53.320,H,,R,Y,3,0,1,1,A,-,08,22107,,N,E,I,A,C,H,-,A,D,0,,,,,Y,,A,07,0,1,0,0,0,0,0,0,0,"- ","- ",38.357620239257812,-120.2115478515625,CALAVERAS,UNINCORPORATED,-120.21180725097656,38.357780456542969
91712375,2022,2022-03-01,9255,2022-02-21,1440,018894,,1,2,9,0500,0,1,3,,2,040,"STATE ROUTE 4","PONDEROSA WAY",0.00,,Y,A,-,Y,CAL,,4,,,24.138,H,,R,Y,3,0,1,2,A,-,03,22350,,N,C,C,A,A,H,-,A,D,0,,,,,Y,,D,22,0,1,0,0,0,0,0,0,0,"- ","- ",38.091670989990234,-120.50216674804688,CALAVERAS,UNINCORPORATED,-120.50215148925781,38.091644287109375
91721805,2022,2022-03-14,9255,2022-03-06,2040,020142,,7,2,9,0500,0,1,3,,1,010,SR-12,"TOLL BRIDGE RD",600.00,E,N,A,-,Y,CAL,,12,,,17.440,H,,R,Y,3,0,1,1,A,-,01,23152,A,N,E,8,A,A,H,-,D,D,0,,,,,Y,Y,A,01,0,1,0,0,0,0,0,0,0,"- ","- ",38.208118438720703,-120.70870971679688,CALAVERAS,UNINCORPORATED,-120.70876312255859,38.208156585693359
91721968,2022,2022-03-14,9255,2022-03-11,1610,019996,,5,2,9,0500,0,1,3,,2,040,SR-4,"BIG TREES ROAD",40.00,W,N,A,-,Y,CAL,,4,,,29.599,H,,R,Y,4,0,1,4,A,-,03,22350,,N,C,D,A,A,H,-,A,A,0,,,,,Y,,A,01,0,0,1,0,0,0,0,0,0,"- ","- ",38.138820648193359,-120.45626831054688,CALAVERAS,UNINCORPORATED,-120.456298828125,38.138832092285156
91722943,2022,2022-03-15,9255,2022-03-04,2127,019996,,5,2,9,0500,0,1,3,,1,020,SR-49,"FOURTH CROSSING ROAD",5300.00,S,N,A,-,Y,CAL,,49,,,13.184,H,,R,Y,3,0,1,1,A,-,01,23152,A,N,E,I,A,A,H,-,D,D,0,,,,,Y,Y,A,01,0,1,0,0,0,0,0,0,0,"- ","- ",38.121421813964844,-120.62371063232422,CALAVERAS,UNINCORPORATED,-120.62361907958984,38.121513366699219
91722952,2022,2022-03-15,9255,2022-03-05,1503,019996,,6,2,9,0500,0,1,3,,1,021,SR-4,"TOWN SQUARE ROAD",0.00,,Y,A,-,Y,CAL,,4,,R,7.330,H,,R,Y,3,0,2,2,A,-,09,21802,A,N,D,C,A,A,H,-,A,A,0,,,,,Y,,A,01,0,2,0,0,0,0,0,0,0,"- ","- ",37.974201202392578,-120.65373992919922,CALAVERAS,UNINCORPORATED,-120.65376281738281,37.974220275878906
91722957,2022,2022-03-15,9255,2022-03-07,2350,018363,,1,3,9,0500,0,1,3,,2,050,"STATE ROUTE 4","OAK CIRCLE",15.00,W,N,A,-,Y,CAL,,4,,,41.211,H,,R,Y,3,0,1,1,A,-,01,23152,A,N,E,I,A,A,H,-,D,D,0,,,,,Y,Y,A,01,0,1,0,0,0,0,0,0,0,"- ","- ",38.254051208496094,-120.35405731201172,CALAVERAS,UNINCORPORATED,-120.35398864746094,38.254001617431641
91725683,2022,2022-03-17,9255,2022-03-11,1600,018492,,5,2,9,0500,0,1,3,,2,050,SR-4,"FOREST ROUTE 6N24Y",145.00,W,N,A,-,Y,CAL,,4,,R,56.521,H,,R,Y,3,0,1,1,A,-,03,22350,,N,F,A,A,A,H,-,A,D,0,,,,,Y,,A,08,0,1,0,0,0,0,0,0,0,"- ","- ",38.392620086669922,-120.18258666992188,CALAVERAS,UNINCORPORATED,-120.18269348144531,38.392673492431641
91726879,2022,2022-03-18,9255,2022-03-15,1045,019996,,2,1,9,0500,0,1,3,,2,030,SR-49,"BIG BAR LAUNCH",400.00,S,N,B,-,Y,CAL,,49,,,30.550,H,,R,N,3,0,1,1,A,-,03,22350,,N,F,A,A,B,H,-,A,D,0,,,,,Y,,A,07,0,1,0,0,0,0,0,0,0,"- ","- ",38.309341430664062,-120.72338104248047,CALAVERAS,UNINCORPORATED,-120.72342681884766,38.309249877929688
91727915,2022,2022-03-21,9255,2022-03-15,0830,017324,,2,1,9,0500,0,3,5,,2,002,"COPPER COVE ROAD","SAWMILL RD",528.00,W,N,C,-,N,,,,,,,,,,N,3,0,1,1,A,-,03,22350,,N,F,A,A,B,H,-,A,D,0,,,,,Y,,A,07,0,1,0,0,0,0,0,0,0,"- ","- ",37.934848785400391,-120.62811279296875,CALAVERAS,UNINCORPORATED,-120.62792205810547,37.93475341796875
91727956,2022,2022-03-21,9255,2022-03-13,1305,018318,,7,1,9,0500,0,3,5,,2,001,"STABULIS ROAD","GARNER PL",1056.00,E,N,A,-,N,,,,,,,,,,N,2,0,1,1,A,-,08,22107,,N,F,A,A,A,H,-,A,D,0,,,Y,,Y,,C,02,1,0,0,0,0,0,0,0,1,"- ","- ",38.125251770019531,-120.86147308349609,CALAVERAS,UNINCORPORATED,-120.86105346679688,38.122112274169922
91728351,2022,2022-03-21,9255,2022-03-12,1250,019525,,6,1,9,0500,0,1,3,,2,031,SR-26,"WINTON ROAD",94.00,E,N,A,-,Y,CAL,,26,,,34.803,H,,R,N,4,0,3,2,A,-,03,22350,,F,C,C,A,A,H,-,A,D,0,,,,,Y,,-,99,0,0,3,0,0,0,0,0,0,"- ","- ",38.402809143066406,-120.52558135986328,CALAVERAS,UNINCORPORATED,-120.52557373046875,38.402824401855469
91731211,2022,2022-03-24,9255,2022-03-14,1510,018894,,1,2,9,0500,0,3,5,,2,005,"GREENSBORO WAY","DEL RIO DRIVE",241.00,E,N,A,-,N,,,,,,,,,,N,2,0,1,2,A,-,03,22350,,N,C,C,A,A,H,-,A,D,0,,,,,Y,,A,07,1,0,0,0,0,0,0,0,0,"- ","- ",38.262840270996094,-120.32624053955078,CALAVERAS,UNINCORPORATED,-120.32621765136719,38.262844085693359
91733804,2022,2022-03-25,9255,2022-03-14,1145,019640,,1,1,9,0500,0,1,3,,1,010,SR-12,"SAWMILL STREET",95.00,W,N,A,-,Y,CAL,,12,,,0.834,H,,R,Y,2,0,2,3,A,-,05,21460,A,N,B,C,A,A,H,-,A,D,0,,,Y,,Y,,C,02,1,1,0,0,0,0,0,0,2,"- ","- ",38.195060729980469,-120.97904205322266,CALAVERAS,UNINCORPORATED,-120.97903442382812,38.195064544677734
91738914,2022,2022-04-01,9255,2022-03-23,1555,019885,,3,2,9,0500,0,1,3,,1,010,SR-12,SR-49,0.00,,Y,A,-,Y,CAL,,12,,,18.187,H,,R,N,3,0,1,2,A,-,09,21801,A,N,D,C,A,A,H,-,A,A,0,,,,,Y,,A,07,0,1,0,0,0,0,0,0,0,"- ","- ",38.205131530761719,-120.69732666015625,CALAVERAS,UNINCORPORATED,-120.69752502441406,38.20501708984375
91741107,2022,2022-04-05,9255,2022-03-28,0840,017324,,1,1,9,0500,0,1,3,,1,021,"STATE ROUTE 4","STALLION WAY",528.00,W,N,C,-,Y,CAL,,4,,,16.312,H,,R,N,4,0,1,1,A,-,03,22350,,N,E,I,A,B,H,-,A,D,0,,,,,Y,,A,07,0,0,1,0,0,0,0,0,0,"- ","- ",38.052078247070312,-120.623291015625,CALAVERAS,UNINCORPORATED,-120.62329864501953,38.052101135253906
91741113,2022,2022-04-05,9255,2022-03-29,1250,019525,,2,1,9,0500,0,1,3,,1,010,SR-12,"DOUBLE SPRINGS ROAD",0.00,,Y,B,-,Y,CAL,,12,,,12.416,H,,R,Y,3,0,1,2,A,-,03,22350,,N,C,C,A,A,H,-,A,D,0,,,,,Y,,A,01,0,1,0,0,0,0,0,0,0,"- ","- ",38.206291198730469,-120.78965759277344,CALAVERAS,UNINCORPORATED,-120.78966522216797,38.206291198730469
91741121,2022,2022-04-05,9255,2022-03-30,0830,019996,,3,1,9,0500,0,1,3,,1,011,SR-26,HEINEMANN,400.00,W,N,A,-,Y,CAL,,26,,,7.063,H,,R,Y,3,0,1,1,A,-,08,22107,,N,F,A,A,A,H,-,A,D,0,,,,,Y,,A,01,0,1,0,0,0,0,0,0,0,"- ","- ",38.154170989990234,-120.85353851318359,CALAVERAS,UNINCORPORATED,-120.85353851318359,38.154167175292969
91743154,2022,2022-04-07,9255,2022-04-04,0544,019996,,1,3,9,0500,0,1,3,,1,010,SR-12,SR-49,1600.00,W,N,A,-,Y,CAL,,12,,,17.864,H,,R,Y,3,0,1,1,A,-,01,23152,A,N,E,I,A,A,H,-,D,D,0,,,,,Y,Y,D,22,0,1,0,0,0,0,0,0,0,"- ","- ",38.207748413085938,-120.70213317871094,CALAVERAS,UNINCORPORATED,-120.70208740234375,38.207794189453125
91746340,2022,2022-04-12,9255,2022-03-31,1435,019534,,4,2,9,0500,0,1,3,,2,030,"STATE ROUTE 49","POOL STATION RD",2.00,S,N,A,-,Y,CAL,,49,,,20.143,H,,R,Y,3,0,2,3,A,-,03,22350,,N,C,C,A,A,H,-,A,D,0,,,,,Y,,A,01,0,1,1,0,0,0,0,0,0,"- ","- ",38.201148986816406,-120.69258117675781,CALAVERAS,UNINCORPORATED,-120.69259643554688,38.201129913330078
91747184,2022,2022-04-13,9255,2022-04-11,1130,018363,,1,1,9,0500,0,1,3,,2,031,"STATE ROUTE 26","STORMY LANE",0.00,,Y,C,-,Y,CAL,,26,,,26.078,H,,R,Y,4,0,1,1,A,-,08,22107,,N,E,I,A,B,H,-,A,D,0,,,,,Y,,D,22,0,0,1,0,0,0,0,0,0,"- ","- ",38.34088134765625,-120.59171295166016,CALAVERAS,UNINCORPORATED,-120.59165191650391,38.340847015380859
91747217,2022,2022-04-13,9255,2022-04-11,0820,017324,,1,1,9,0500,0,1,3,,2,040,"STATE ROUTE 49","CARSON HILL",3168.00,S,N,B,C,Y,CAL,,49,,,2.833,H,,R,N,3,0,1,1,A,-,03,22350,,N,F,A,A,B,H,-,A,D,0,,,,,Y,,A,01,0,1,0,0,0,0,0,0,0,"- ","- ",38.0224609375,-120.51286315917969,CALAVERAS,UNINCORPORATED,-120.51271057128906,38.022525787353516
91747219,2022,2022-04-13,9255,2022-04-10,1000,018318,,7,1,9,0500,0,1,3,,2,030,SR-49,"OCONNELL LANE",5.00,N,N,A,-,N,,,,,,,,,,Y,4,0,1,2,A,-,03,22350,,N,C,C,A,A,H,-,A,D,0,,,,,Y,,A,01,0,0,1,0,0,0,0,0,0,"- ","- ",38.175548553466797,-120.66156768798828,CALAVERAS,UNINCORPORATED,-120.66157531738281,38.175540924072266
91748044,2022,2022-04-14,9255,2022-04-09,1240,019525,,6,1,9,0500,0,3,5,,2,001,"PALOMA ROAD","GILLAM ROAD",4752.00,N,N,A,-,N,,,,,,,,,,Y,2,0,1,1,A,-,08,22107,,N,E,I,A,A,H,-,A,D,0,,,Y,,Y,,C,02,1,0,0,0,0,0,0,0,1,"- ","- ",38.240409851074219,-120.78737640380859,CALAVERAS,UNINCORPORATED,-120.78750610351562,38.240081787109375
91749070,2022,2022-04-15,9255,2022-04-10,0215,020563,,7,3,9,0500,0,3,5,,2,004,"CREEK VIEW","BIG TREES RD",95.00,N,N,A,-,N,,,,,,,,,,Y,4,0,1,1,A,-,01,23152,A,N,E,I,A,A,H,-,D,D,0,,,,,Y,Y,D,22,0,0,1,0,0,0,0,0,0,"- ","- ",38.139480590820312,-120.45680999755859,CALAVERAS,UNINCORPORATED,-120.45670318603516,38.139427185058594
91749077,2022,2022-04-15,9255,2022-04-10,1215,018318,,7,1,9,0500,0,1,3,,1,011,SR-26,"QUAIL OAKS ROAD",0.00,,Y,A,-,Y,CAL,,26,,,8.540,H,,R,Y,4,0,2,3,A,-,09,21801,A,N,A,C,A,A,H,-,A,D,0,,,,,Y,Y,A,01,0,0,2,0,0,0,0,0,0,"- ","- ",38.170558929443359,-120.83763885498047,CALAVERAS,UNINCORPORATED,-120.83760070800781,38.170543670654297
91749278,2022,2022-04-15,9255,2022-04-08,1412,018318,,5,2,9,0500,0,1,3,,1,010,SR-12,"LIME CREEK ROAD",283.00,E,N,A,-,Y,CAL,,12,,,10.459,H,,R,Y,2,0,1,2,A,-,08,22107,,N,C,C,A,A,H,-,A,D,0,,,Y,,Y,,A,01,1,0,0,0,0,0,0,0,1,"- ","- ",38.193641662597656,-120.8197021484375,CALAVERAS,UNINCORPORATED,-120.81970977783203,38.193675994873047
91749676,2022,2022-04-18,9255,2022-04-07,1950,019534,,4,2,9,0500,0,3,5,,2,003,"RIDGE RD","RAJEN RD",500.00,E,N,A,-,N,,,,,,,,,,Y,2,0,1,1,A,-,01,23152,A,N,E,I,A,A,H,-,D,D,0,,,,,Y,Y,D,22,1,0,0,0,0,0,0,0,0,"- ","- ",38.336898803710938,-120.53816986083984,CALAVERAS,UNINCORPORATED,-120.53822326660156,38.336845397949219
91749984,2022,2022-04-18,9255,2022-04-09,1130,019246,,6,1,9,0500,0,1,3,,1,011,SR-26,"OLIVE ORCHARD RD",0.00,,Y,A,-,Y,CAL,,26,,,5.041,H,,R,N,3,0,1,2,A,-,08,22107,,N,D,G,A,A,H,-,A,D,0,,Y,,,Y,,L,04,0,1,0,0,0,0,1,0,0,"- ","- ",38.130229949951172,-120.87412261962891,CALAVERAS,UNINCORPORATED,-120.87409210205078,38.130218505859375
91750049,2022,2023-02-23,9255,2022-02-22,1530,019246,,2,2,9,0500,0,1,3,,2,030,SR-49,"RUSSELL RD",0.00,,Y,A,-,Y,CAL,,49,,,19.761,H,,R,Y,1,1,0,2,A,-,09,21802,A,N,D,C,A,A,H,-,A,A,0,,,,,Y,,A,01,0,0,0,0,0,0,0,0,0,"- ","- ",38.198200225830078,-120.68686676025391,CALAVERAS,UNINCORPORATED,-120.68681335449219,38.198253631591797
91750157,2022,2022-04-18,9255,2022-01-26,1300,019534,,3,1,9,0500,0,1,3,,2,030,"STATE ROUTE 49","BIG BAR LAUNCH",250.00,S,N,A,-,Y,CAL,,49,,,30.590,H,,R,Y,1,1,0,1,A,-,08,22107,,N,E,I,A,A,H,-,A,D,0,,,,Y,Y,,F,24,0,0,0,0,0,0,0,0,0,"- ","- ",38.309291839599609,-120.72273254394531,CALAVERAS,UNINCORPORATED,-120.72275543212891,38.309310913085938
91750164,2022,2022-04-18,9255,2022-04-13,1100,017324,,3,1,9,0500,0,1,3,,1,021,"STATE ROUTE 4","POOL STATION ROAD",528.00,E,N,A,-,Y,CAL,,4,,,14.890,H,,R,N,3,0,1,1,A,-,08,22107,,N,F,A,A,A,H,-,A,D,0,,,Y,,Y,,C,02,0,1,0,0,0,0,0,0,1,"- ","- ",38.046821594238281,-120.64647674560547,CALAVERAS,UNINCORPORATED,-120.64642333984375,38.046783447265625
91752604,2022,2022-04-20,9255,2022-04-10,1215,019525,,7,1,9,0500,0,1,3,,2,031,SR-26,"GILLHAVEN ROAD",2640.00,E,N,B,-,Y,CAL,,26,,,21.825,H,,R,Y,2,0,1,1,A,-,08,22107,,N,E,I,A,A,H,-,A,D,0,,,Y,,Y,,C,02,1,0,0,0,0,0,0,0,1,"- ","- ",38.317478179931641,-120.65277099609375,CALAVERAS,UNINCORPORATED,-120.65269470214844,38.317466735839844
91753459,2022,2022-04-21,9255,2022-04-13,1530,019534,,3,2,9,0500,0,3,5,,2,001,"HOGAN DAM RD","LAKE VIEW CIR",75.00,N,N,A,-,N,,,,,,,,,,N,3,0,1,2,A,-,08,22107,,N,B,C,A,A,H,-,A,D,0,,,Y,,Y,,C,02,0,1,0,0,0,0,0,0,1,"- ","- ",38.164070129394531,-120.81638336181641,CALAVERAS,UNINCORPORATED,-120.81632232666016,38.164100646972656
91756669,2022,2022-04-26,9255,2022-04-17,1340,019525,,7,1,9,0500,0,1,3,,2,031,SR-26,"HUMBUG CREEK RD",188.00,W,N,A,-,Y,CAL,,26,,,28.777,H,,R,Y,4,0,1,1,A,-,03,22350,,N,F,A,A,A,B,-,A,D,0,,,Y,,Y,,C,02,0,0,1,0,0,0,0,0,1,"- ","- ",38.362808227539062,-120.56204223632812,CALAVERAS,UNINCORPORATED,-120.56204986572266,38.362838745117188
91756697,2022,2022-04-26,9255,2022-04-19,0740,018363,,2,1,9,0500,0,3,5,,2,001,"SANDRETTO ROAD","CAMPO SECO RD",5544.00,N,N,B,-,N,,,,,,,,,,Y,4,0,1,1,A,-,08,22107,,N,E,I,A,B,H,-,A,D,0,,,,,Y,,D,22,0,0,1,0,0,0,0,0,0,"- ","- ",38.242660522460938,-120.84284973144531,CALAVERAS,UNINCORPORATED,-120.84290799999999,38.242652999999997
91758793,2022,2022-04-28,9255,2022-04-21,0625,019525,,4,1,9,0500,0,1,3,,1,010,SR-12,"CENTRAL HILL ROAD",4752.00,W,N,C,-,Y,CAL,,12,,,15.419,H,,R,Y,4,0,1,1,A,-,08,22107,,N,F,A,A,B,H,-,A,D,0,,,,,Y,,A,01,0,0,1,0,0,0,0,0,0,"- ","- ",38.20819091796875,-120.73724365234375,CALAVERAS,UNINCORPORATED,-120.73719787597656,38.208290100097656
91758856,2022,2022-04-28,9255,2022-04-21,0800,017324,,4,1,9,0500,0,3,5,,2,002,"COPPER COVE DRIVE","SAWMILL RD",2640.00,W,N,B,-,N,,,,,,,,,,Y,3,0,1,1,A,-,03,22350,,N,E,I,A,B,H,-,A,D,0,,,,,Y,,A,01,0,1,0,0,0,0,0,0,0,"- ","- ",37.937610626220703,-120.63394927978516,CALAVERAS,UNINCORPORATED,-120.63407897949219,37.937656402587891
91760914,2022,2022-04-29,9255,2022-04-15,0330,019534,,5,3,9,0500,0,3,5,,2,001,"SHELTON RD","AMIEL WAY",45.00,N,N,B,-,N,,,,,,,,,,N,3,0,1,1,A,-,08,22107,,M,E,I,A,A,H,-,D,D,0,,,,,Y,,D,22,0,1,0,0,0,0,0,0,0,"- ","- ",38.091060638427734,-120.92633819580078,CALAVERAS,UNINCORPORATED,-120.92646026611328,38.091033935546875
91760942,2022,2022-04-29,9255,2022-04-21,2315,019996,,4,3,9,0500,0,1,3,,2,030,SR-49,"O'CONNELL LANE",30.00,S,N,B,C,Y,CAL,,49,,,17.599,H,,R,Y,3,0,1,1,A,-,01,23152,A,N,F,A,A,B,H,-,D,D,0,,,,,Y,Y,A,07,0,1,0,0,0,0,0,0,0,"- ","- ",38.175579071044922,-120.66140747070312,CALAVERAS,UNINCORPORATED,-120.6614990234375,38.175491333007812
91762172,2022,2022-05-02,9255,2022-04-23,1112,018363,,6,1,9,0500,0,1,3,,1,021,"STATE ROUTE 4","HORSESHOE DR",3453.00,E,N,A,-,Y,CAL,,4,,R,5.737,H,,R,Y,2,0,1,2,A,-,03,22350,,N,B,C,A,A,H,-,A,D,0,,,Y,,Y,,C,02,1,0,0,0,0,0,0,0,1,"- ","- ",37.959060668945312,-120.67569732666016,CALAVERAS,UNINCORPORATED,-120.67572021484375,37.959075927734375
91764433,2022,2022-05-04,9255,2022-04-30,0150,020563,,6,3,9,0500,0,1,3,,2,031,SR-26,"GILLHAVEN ROAD",4200.00,E,N,A,-,Y,CAL,,26,,,22.101,H,,R,Y,4,0,1,1,A,-,01,23152,A,N,E,I,A,A,H,-,D,D,0,,,,,Y,Y,D,22,0,0,1,0,0,0,0,0,0,"- ","- ",38.320518493652344,-120.64962005615234,CALAVERAS,UNINCORPORATED,-120.64958953857422,38.320480346679688
91765187,2022,2022-05-05,9255,2022-04-29,2303,020142,,5,3,9,0500,0,1,3,,1,010,SR-12,"CAMANCHE PKY S",1210.00,W,N,A,-,Y,CAL,,12,,,0.387,H,,R,Y,4,0,1,2,A,-,03,22350,,N,C,2,A,A,H,-,D,D,0,,,,,Y,,A,07,0,0,1,0,0,0,0,0,0,"- ","- ",38.200839996337891,-120.98259735107422,CALAVERAS,UNINCORPORATED,-120.98251342773438,38.200870513916016
91767489,2022,2022-05-09,9255,2022-04-30,0340,020142,,6,3,9,0500,0,3,5,,2,100,"HOGAN DAM RD","SILVER RAPIDS ROAD",3168.00,E,N,A,-,N,,,,,,,,,,Y,4,0,1,1,A,-,01,23152,A,N,E,I,A,A,H,-,D,D,0,,,,,Y,Y,A,01,0,0,1,0,0,0,0,0,0,"- ","- ",38.153018951416016,-120.81569671630859,CALAVERAS,UNINCORPORATED,-120.81901550292969,38.144077301025391
91768489,2022,2022-05-10,9255,2022-05-01,1633,019525,,7,2,9,0500,0,3,5,,2,002,"LITTLE JOHN ROAD","MOCCASIN ST",630.00,W,N,A,-,N,,,,,,,,,,Y,4,0,1,1,A,-,01,23152,A,N,E,I,A,A,H,-,A,B,0,,,,,Y,Y,D,22,0,0,1,0,0,0,0,0,0,"- ","- ",37.913150787353516,-120.62120056152344,CALAVERAS,UNINCORPORATED,-120.62106323242188,37.913162231445312
91768491,2022,2022-05-10,9255,2022-04-29,1655,019534,,5,2,9,0500,0,3,5,,2,001,"SILVER RAPIDS RD","ANTONOVICH RD",0.00,,Y,A,-,N,,,,,,,,,,N,3,0,1,2,A,-,03,22350,,N,C,C,A,A,H,-,A,D,0,,,Y,,Y,,C,02,0,1,0,0,0,0,0,0,1,"- ","- ",38.155399322509766,-120.83812713623047,CALAVERAS,UNINCORPORATED,-120.83814239501953,38.155391693115234
91769045,2022,2022-05-10,9255,2022-04-29,1705,018894,,5,2,9,0500,0,1,3,,2,040,"STATE ROUTE 4","PENNSYLVANIA GULCH ROAD",0.00,,Y,A,-,Y,CAL,,4,,,29.237,H,,R,Y,4,0,2,2,A,-,03,22350,,N,C,C,A,A,H,-,A,D,0,,,,,Y,,A,01,0,0,2,0,0,0,0,0,0,"- ","- ",38.134090423583984,-120.45552825927734,CALAVERAS,UNINCORPORATED,-120.45552825927734,38.134090423583984
91771773,2022,2022-05-13,9255,2022-05-05,0955,018318,,4,1,9,0500,0,1,3,,1,010,SR-12,SR-49,1010.00,W,N,A,-,Y,CAL,,12,,,18.075,H,,R,Y,3,0,1,1,A,-,08,22107,,N,E,I,A,A,H,-,A,D,0,,,,,Y,,A,07,0,1,0,0,0,0,0,0,0,"- ","- ",38.206241607666016,-120.69882202148438,CALAVERAS,UNINCORPORATED,-120.6988525390625,38.206211090087891
91772794,2022,2022-05-16,9255,2022-05-05,1145,019525,,4,1,9,0500,0,3,5,,2,003,"RIDGE ROAD","INDEPENDENCE ROAD",573.00,W,N,A,-,N,,,,,,,,,,Y,4,0,1,1,A,-,08,22107,,N,E,I,A,A,H,-,A,D,0,,,,,Y,,A,01,0,0,1,0,0,0,0,0,0,"- ","- ",38.343048095703125,-120.57589721679688,CALAVERAS,UNINCORPORATED,-120.5758056640625,38.343051910400391
91773063,2022,2022-05-16,9255,2022-05-04,0915,019525,,3,1,9,0500,0,2,4,,2,034,"MICHEL ROAD","MOUNTAIN RANCH ROAD",0.00,,Y,A,-,N,,,,,,,,,,Y,4,0,1,2,A,-,09,21801,A,N,A,C,A,A,H,-,A,D,0,,,,,Y,,D,22,0,0,1,0,0,0,0,0,0,"- ","- ",38.222221374511719,-120.54666137695312,CALAVERAS,UNINCORPORATED,-120.5853271484375,38.193218231201172
91773069,2022,2022-05-16,9255,2022-05-04,1335,019525,,3,1,9,0500,0,1,3,,1,011,SR-26,"HAGEN CT",0.00,,Y,A,-,Y,CAL,,26,,,5.596,H,,R,N,4,0,1,2,A,-,09,21801,A,N,D,C,A,A,H,-,A,D,0,,,,,Y,,A,01,0,0,1,0,0,0,0,0,0,"- ","- ",38.136188507080078,-120.86766052246094,CALAVERAS,UNINCORPORATED,-120.86771392822266,38.136211395263672
91773244,2022,2024-01-30,9255,2022-04-30,1135,019525,,6,1,9,0500,0,1,3,,2,031,SR-26,"BARNEY WAY",0.00,,Y,A,-,Y,CAL,,26,,R,33.663,H,,R,Y,2,0,1,2,A,-,05,21752,D,M,B,C,A,A,H,-,A,D,0,,,Y,,Y,,C,02,1,0,0,0,0,0,0,0,1,"- ","- ",38.389591217041016,-120.52584075927734,CALAVERAS,UNINCORPORATED,-120.52582550048828,38.389575958251953
91778266,2022,2022-05-24,9255,2022-05-11,1500,019246,,3,2,9,0500,0,3,5,,2,003,"CALAVERITAS RD",EDGEWOOD,2957.00,S,N,A,-,N,,,,,,,,,,Y,3,0,2,1,A,-,08,22107,,N,F,A,A,A,H,-,A,D,0,,,,,Y,,A,01,0,2,0,0,0,0,0,0,0,"- ","- ",38.178970336914062,-120.65264892578125,CALAVERAS,UNINCORPORATED,-120.65250396728516,38.178936004638672
91778273,2022,2022-05-23,9255,2022-05-12,0918,018363,,4,1,9,0500,0,1,3,,2,030,"STATE ROUTE 49","TOYANZA ST",305.00,S,N,A,-,Y,CAL,,49,,,18.717,H,,R,Y,4,0,1,2,A,-,09,21804,A,N,D,C,A,A,H,-,A,D,0,,,,Y,Y,,A,01,0,0,1,0,0,0,0,0,0,"- ","- ",38.187618255615234,-120.67417907714844,CALAVERAS,UNINCORPORATED,-120.67411804199219,38.187633514404297
91779253,2022,2022-05-24,9255,2022-05-16,1257,019525,,1,1,9,0500,0,1,3,,1,011,SR-26,"FARRIS DR",996.00,E,N,A,-,Y,CAL,,26,,,6.874,H,,R,Y,3,0,2,2,A,-,08,22107,,N,A,C,A,A,H,-,A,D,0,,,,,Y,,A,07,0,1,1,0,0,0,0,0,0,"- ","- ",38.152339935302734,-120.85607147216797,CALAVERAS,UNINCORPORATED,-120.85610961914062,38.152362823486328
91783365,2022,2022-09-08,9255,2022-05-19,1320,018363,,4,1,9,0500,0,3,5,,2,003,"ADAMS AVE","MARKET ST",0.00,,Y,A,-,N,,,,,,,,,,N,4,0,1,2,A,-,09,21802,A,N,D,D,A,A,H,-,A,A,0,,,,,Y,,A,01,0,0,1,0,0,0,0,0,0,"- ","- ",38.195911407470703,-120.68212890625,CALAVERAS,UNINCORPORATED,-120.68240356445312,38.195972442626953
91785683,2022,2022-06-01,9255,2022-05-22,0200,020414,,7,3,9,0500,0,1,3,,1,010,SR-12,SR-26,183.00,E,N,A,-,Y,CAL,,12,,,9.972,H,,R,N,3,0,1,1,A,-,01,23152,A,N,E,I,A,A,H,-,C,D,0,,,,,Y,Y,A,01,0,1,0,0,0,0,0,0,0,"- ","- ",38.192070007324219,-120.82865905761719,CALAVERAS,UNINCORPORATED,-120.82861328125,38.192028045654297
91786710,2022,2022-06-02,9255,2022-05-27,0755,019534,,5,1,9,0500,0,1,3,,1,010,"STATE ROUTE 12","CENTRAL HILL RD",2640.00,W,N,A,-,Y,CAL,,12,,,15.441,H,,R,Y,3,0,2,2,A,-,08,22107,,N,A,C,A,A,H,-,A,D,0,,,,,Y,,D,22,0,2,0,0,0,0,0,0,0,"- ","- ",38.208229064941406,-120.73683929443359,CALAVERAS,UNINCORPORATED,-120.73685455322266,38.208202362060547
91786806,2022,2022-06-02,9255,2022-05-22,1455,019885,,7,2,9,0500,0,1,3,,2,031,SR-26,"LOWER DORRAY RD",327.00,E,N,A,-,Y,CAL,,26,,,24.850,H,,R,Y,2,0,1,1,A,-,08,22107,,N,E,I,A,A,H,-,A,D,0,,,,,Y,,A,07,1,0,0,0,0,0,0,0,0,"- ","- ",38.339550018310547,-120.60967254638672,CALAVERAS,UNINCORPORATED,-120.60972595214844,38.339809417724609
91786823,2022,2022-06-02,9255,2022-05-25,0252,018363,,3,3,9,0500,0,3,5,,2,002,"LITTLE JOHN RD","MOCCASIN ST",498.00,N,N,A,-,N,,,,,,,,,,Y,2,0,2,1,A,-,01,23152,A,N,E,I,A,A,H,-,D,D,0,,,,,Y,Y,A,01,1,1,0,0,0,0,0,0,0,"- ","- ",37.913131713867188,-120.62104034423828,CALAVERAS,UNINCORPORATED,-120.62062072753906,37.913089752197266
91788775,2022,2022-06-06,9255,2022-05-24,1020,018894,,2,1,9,0500,0,1,3,,2,050,"STATE ROUTE 4","LAKEMONT DR",0.00,,Y,A,-,Y,CAL,,4,,,39.793,H,,R,Y,4,0,1,2,A,-,09,21801,A,N,D,C,A,A,H,-,A,D,0,,,,,Y,,D,22,0,0,1,0,0,0,0,0,0,"- ","- ",38.235919952392578,-120.36502075195312,CALAVERAS,UNINCORPORATED,-120.36496734619141,38.235908508300781
91789153,2022,2022-06-06,9255,2022-05-29,1445,020142,,7,2,9,0500,0,2,4,,1,022,"O'BYRNES FERRY ROAD","DUCHESS DRIVE",4224.00,S,N,A,-,N,,,,,,,,,,Y,4,0,1,3,A,-,08,22107,,N,D,E,A,A,H,-,A,D,0,,,,,Y,,A,01,0,0,1,0,0,0,0,0,0,"- ","- ",37.896831512451172,-120.57241058349609,CALAVERAS,UNINCORPORATED,-120.57331848144531,37.896350860595703
91790063,2022,2022-06-07,9255,2022-05-22,1300,018894,,7,1,9,0500,0,1,A,,2,730,"2465 GUN CLUB ROAD","GUN CLUB ROAD",1000.00,S,N,A,-,N,,,,,,,,,,N,2,0,4,5,B,-,22,,,N,G,B,F,A,H,-,A,D,0,Y,,,,Y,,M,96,1,1,2,0,4,0,0,0,0,"- ","- ",38.047271728515625,-120.52108764648438,CALAVERAS,UNINCORPORATED,,
91790085,2022,2022-06-07,9255,2022-05-29,1510,019246,,7,2,9,0500,0,1,3,,1,010,SR-12,"BRAUN COURT",2904.00,E,N,A,-,Y,CAL,,12,,,14.923,H,,R,Y,2,0,1,1,A,-,08,22107,,N,E,I,A,A,H,-,A,D,0,,,Y,,Y,,C,02,1,0,0,0,0,0,0,0,1,"- ","- ",38.210639953613281,-120.74524688720703,CALAVERAS,UNINCORPORATED,-120.74518585205078,38.210689544677734
91790101,2022,2022-06-07,9255,2022-05-30,1440,018894,,1,2,9,0500,0,1,3,,2,050,"STATE ROUTE 4","WILLOW STREET",0.00,,Y,A,-,Y,CAL,,4,,,41.323,H,,R,Y,2,0,2,2,A,-,09,21801,A,N,D,C,A,A,H,-,A,A,0,,,,,Y,,A,01,1,1,0,0,0,0,0,0,0,"- ","- ",38.255001068115234,-120.35254669189453,CALAVERAS,UNINCORPORATED,-120.35250854492188,38.254936218261719
91790106,2022,2022-06-07,9255,2022-05-31,0540,018363,,2,3,9,0500,0,1,3,,1,010,"STATE ROUTE 12","TOLL BRIDGE RD",312.00,E,N,A,-,Y,CAL,,12,,,17.390,H,,R,Y,4,0,1,1,A,-,08,22107,,N,E,I,A,A,H,-,A,D,0,,,,,Y,,A,01,0,0,1,0,0,0,0,0,0,"- ","- ",38.207611083984375,-120.70935821533203,CALAVERAS,UNINCORPORATED,-120.70932769775391,38.207588195800781
91790110,2022,2022-06-07,9255,2022-05-25,1958,018894,,3,2,9,0500,0,3,5,,2,002,"REEDS TURNPIKE","RANCH ROAD",1400.00,W,N,A,-,N,,,,,,,,,,Y,3,0,1,1,A,-,01,23152,A,N,E,I,A,A,H,-,D,D,0,,,,,Y,Y,D,22,0,1,0,0,0,0,0,0,0,"- ","- ",37.973968505859375,-120.6497802734375,CALAVERAS,UNINCORPORATED,-120.64958953857422,37.97393798828125
91791794,2022,2022-06-09,9255,2022-05-30,0026,018363,,1,3,9,0500,0,3,5,,2,004,"6 MILE ROAD","OLD MURPHYS ROAD",1275.00,N,N,A,-,N,,,,,,,,,,Y,3,0,1,1,A,-,01,23152,A,N,E,I,A,A,H,-,D,D,0,,,,,Y,Y,D,22,0,1,0,0,0,0,0,0,0,"- ","- ",38.106220245361328,-120.49387359619141,CALAVERAS,UNINCORPORATED,,
91791881,2022,2022-06-21,9255,2022-06-01,1050,017324,,3,1,9,0500,0,3,5,,2,001,"BURSON ROAD","HILLVALE ROAD",120.00,S,N,A,-,N,,,,,,,,,,N,3,0,1,2,A,-,05,21460,A,M,B,C,A,A,H,-,A,D,0,,,,,Y,,A,07,0,1,0,0,0,0,0,0,0,"- ","- ",38.152179718017578,-120.89494323730469,CALAVERAS,UNINCORPORATED,-120.89494323730469,38.152233123779297
91793901,2022,2022-06-13,9255,2022-06-10,1830,020142,,5,2,9,0500,0,1,3,,2,031,SR-26,"JESUS MARIA RD",120.00,E,N,A,-,Y,CAL,,26,,,19.530,H,,R,Y,2,0,1,1,A,-,01,23152,A,N,E,8,A,A,H,-,A,D,0,,,,,Y,Y,D,22,1,0,0,0,0,0,0,0,0,"- ","- ",38.300209045410156,-120.68386840820312,CALAVERAS,UNINCORPORATED,-120.68386840820312,38.300140380859375
91794245,2022,2022-06-13,9255,2022-06-08,0600,017324,,3,1,9,0500,0,2,4,,1,022,"O'BYRNES FERRY ROAD","SANGUINETTI DRIVE",530.00,S,N,A,-,N,,,,,,,,,,Y,3,0,1,1,A,-,08,22107,,N,E,I,A,A,H,-,A,D,0,,,,,Y,,A,01,0,1,0,0,0,0,0,0,0,"- ","- ",37.910549163818359,-120.59011840820312,CALAVERAS,UNINCORPORATED,-120.59011077880859,37.910751342773438
91795032,2022,2022-06-14,9255,2022-06-10,0933,016918,,5,1,9,0500,0,3,5,,2,003,"SPINK ROAD","PUBLIC LANE",4224.00,W,N,A,-,N,,,,,,,,,,N,3,0,1,1,A,-,08,22107,,M,F,A,A,A,H,-,A,D,0,,,Y,,Y,,C,02,0,1,0,0,0,0,0,0,1,"- ","- ",38.398769378662109,-120.54451751708984,CALAVERAS,UNINCORPORATED,-120.54410552978516,38.398590087890625
91795696,2022,2022-06-15,9255,2022-06-09,0200,018363,,4,3,9,0500,0,1,3,,1,010,"STATE ROUTE 26","LIME CREEK RD.",1890.00,W,N,A,-,Y,CAL,,12,,,11.202,H,,R,Y,3,0,1,1,A,-,01,23152,A,N,E,I,A,A,H,-,D,D,0,,,,,Y,Y,A,07,0,1,0,0,0,0,0,0,0,"- ","- ",38.19573974609375,-120.80635833740234,CALAVERAS,UNINCORPORATED,-120.80635070800781,38.195686340332031
91798689,2022,2022-06-20,9255,2022-06-14,1215,017324,,2,1,9,0500,0,1,3,,1,021,"STATE ROUTE 4","POOL STATION ROAD",921.00,E,N,A,-,Y,CAL,,4,,,14.846,H,,R,Y,3,0,2,1,A,-,03,22350,,N,E,I,A,A,D,-,A,D,0,,,,,Y,,A,07,0,2,0,0,0,0,0,0,0,"- ","- ",38.046230316162109,-120.646728515625,CALAVERAS,UNINCORPORATED,-120.64681243896484,38.046245574951172
9179946,2020,2020-12-04,0501,2020-08-01,1930,218,,6,5,2,0501,0,0,0,,0,,"RT 4","RT 49",0.00,,Y,A,-,Y,CAL,10,4,-,R,21.100,H,-,W,N,4,0,1,2,A,-,03,22350,,N,C,C,A,A,H,-,A,D,0,,,,,Y,Y,-,,0,0,1,0,0,0,0,0,0,"- ","- ",,,CALAVERAS,"ANGELS CAMP",-120.55865478515625,38.082603454589844
91799735,2022,2022-06-21,9255,2022-06-14,1300,019534,,2,1,9,0500,0,1,3,,2,031,"STATE ROUTE 26","PONDEROSA WAY",1000.00,W,N,A,-,Y,CAL,,26,,,23.205,H,,R,N,3,0,1,1,A,-,08,22107,,N,E,I,A,A,H,-,A,D,0,,,,,Y,,A,01,0,1,0,0,0,0,0,0,0,"- ","- ",38.328170776367188,-120.63406372070312,CALAVERAS,UNINCORPORATED,-120.63407897949219,38.328178405761719
91799736,2022,2023-01-05,9255,2022-06-15,1300,018894,,3,1,9,0500,0,3,5,,2,001,"QUAIL OAKS RD","BUTLER LN",0.00,,Y,A,-,N,,,,,,,,,,Y,4,0,1,1,A,-,08,22107,,N,E,I,A,A,H,-,A,D,0,,,,,Y,,A,01,0,0,1,0,0,0,0,0,0,"- ","- ",38.176860809326172,-120.8443603515625,CALAVERAS,UNINCORPORATED,-120.84433746337891,38.176803588867188
91799833,2022,2022-06-21,9255,2022-06-18,2015,020142,,6,2,9,0500,0,1,3,,2,030,SR-49,"POVERTY GULCH CT",3168.00,N,N,A,-,Y,CAL,,49,,,29.813,H,,R,N,4,0,1,2,A,-,05,21460,A,N,D,C,A,A,H,-,A,D,0,,,Y,,Y,,C,02,0,0,1,0,0,0,0,0,1,"- ","- ",38.303798675537109,-120.72998809814453,CALAVERAS,UNINCORPORATED,-120.73009490966797,38.303867340087891
91799841,2022,2022-06-21,9255,2022-06-19,1600,020142,,7,2,9,0500,0,1,3,,1,010,SR-12,"TOYON CIRCLE",1320.00,W,N,A,-,Y,CAL,,12,,,13.594,H,,R,Y,4,0,1,2,A,-,03,22350,,N,C,C,A,A,H,-,A,D,0,,,,,Y,,A,07,0,0,1,0,0,0,0,0,0,"- ","- ",38.209861755371094,-120.76918029785156,CALAVERAS,UNINCORPORATED,-120.76920318603516,38.209903717041016
91801770,2022,2022-06-23,9255,2022-06-15,1350,018894,,3,1,9,0500,0,1,3,,1,011,"STATE ROUTE 26","NOVE WAY",0.00,,Y,A,-,Y,CAL,,26,,,10.041,H,,R,Y,4,0,2,2,A,-,09,21802,A,N,A,C,A,A,H,-,A,A,0,,,,,Y,,D,22,0,0,2,0,0,0,0,0,0,"- ","- ",38.188159942626953,-120.82644653320312,CALAVERAS,UNINCORPORATED,-120.82649230957031,38.188144683837891
91803693,2022,2022-06-27,9255,2022-06-13,1604,019640,,1,2,9,0500,0,2,4,,1,022,"OBYRNES FERRY RD","PYLE RD",80.00,S,N,A,-,N,,,,,,,,,,Y,2,0,3,3,A,-,01,23152,F,N,A,C,A,A,H,-,A,D,0,,,,,Y,,A,07,2,1,0,0,0,0,0,0,0,"- ","- ",36.967151641845703,-120.62071990966797,CALAVERAS,UNINCORPORATED,-120.62081909179688,37.967201232910156
91803797,2022,2022-06-27,9255,2022-06-18,1535,019996,,6,2,9,0500,0,1,3,,1,021,SR-4,"POOL STATION",700.00,E,N,A,-,Y,CAL,,4,,,14.871,H,,R,Y,2,0,3,3,A,-,05,21460,A,N,A,C,A,A,H,-,A,D,0,,,Y,,Y,,C,02,3,0,0,0,0,0,0,0,3,"- ","- ",38.04656982421875,-120.64665985107422,CALAVERAS,UNINCORPORATED,-120.64664459228516,38.046562194824219
91805328,2022,2022-09-29,9255,2022-05-22,1715,018894,,7,2,9,0500,0,1,3,,2,040,"STATE ROUTE 4","NORTHWOOD DR",1350.00,W,N,A,-,Y,CAL,,4,,,34.126,H,,R,Y,1,1,0,1,A,-,01,23152,F,N,E,I,A,A,H,-,A,D,0,,,Y,,Y,,C,02,0,0,0,0,0,0,0,1,0,"- ","- ",38.173191070556641,-120.39671325683594,CALAVERAS,UNINCORPORATED,-120.39671325683594,38.173198699951172
91805330,2022,2022-06-28,9255,2022-06-19,2115,018894,,7,2,9,0500,0,1,3,,2,050,"STATE ROUTE 4","HENRY RD",335.00,E,N,A,-,Y,CAL,,4,,R,41.703,H,,R,Y,3,0,4,2,A,-,09,21804,A,N,D,C,A,A,H,-,D,D,0,,,,,Y,Y,D,22,0,1,3,0,0,0,0,0,0,"- ","- ",38.256881713867188,-120.34607696533203,CALAVERAS,UNINCORPORATED,-120.3460693359375,38.256847381591797
91806942,2022,2022-06-30,9255,2022-06-24,2107,020142,,5,2,9,0500,0,1,3,,2,030,SR-49,"BELLVIEW STREET",350.00,S,N,A,-,Y,CAL,,49,,,19.554,H,,R,N,3,0,1,2,A,-,11,21954,A,N,G,B,E,A,H,-,D,D,0,Y,,,,Y,,N,60,0,1,0,0,1,0,0,0,0,"- ","- ",38.197010040283203,-120.68341064453125,CALAVERAS,UNINCORPORATED,-120.68340301513672,38.197029113769531
91806944,2022,2022-06-30,9255,2022-06-27,1340,020414,,1,1,9,0500,0,1,3,,2,030,SR-49,"BIG BAR ROAD",1300.00,S,N,A,-,Y,,,,,,,,,,Y,3,0,1,2,A,-,08,22107,,N,A,C,A,A,H,-,A,D,0,,,,,Y,,D,22,0,1,0,0,0,0,0,0,0,"- ","- ",38.312191009521484,-120.71736145019531,CALAVERAS,UNINCORPORATED,-120.72348785400391,38.309268951416016
91807124,2022,2022-06-30,9255,2022-06-21,2107,019640,,2,2,9,0500,0,3,5,,2,002,"COPPER COVE DRIVE","QUIVER STREET",62.00,E,N,A,-,N,,,,,,,,,,Y,3,0,2,2,A,-,01,23152,A,N,A,C,A,A,H,-,D,D,0,,,,,Y,Y,A,01,0,2,0,0,0,0,0,0,0,"- ","- ",37.935150146484375,-120.63694000244141,CALAVERAS,UNINCORPORATED,-120.63690948486328,37.935169219970703
91807127,2022,2022-06-30,9255,2022-06-18,1055,019534,,6,1,9,0500,0,3,5,,2,001,"PALOMA RD","CAMPO SECO RD",2640.00,S,N,A,-,N,,,,,,,,,,N,3,0,1,1,A,-,08,22107,,N,F,A,A,A,H,-,A,D,0,,,Y,,Y,,C,02,0,1,0,0,0,0,0,0,1,"- ","- ",38.223339080810547,-120.82235717773438,CALAVERAS,UNINCORPORATED,-120.82338714599609,38.219818115234375
91807131,2022,2022-06-30,9255,2022-06-20,1130,019534,,1,1,9,0500,0,1,3,,1,011,"STATE ROUTE 26","GARNER PL",0.00,,Y,A,-,Y,CAL,,26,,,5.042,H,,R,Y,4,0,1,2,A,-,03,22350,,N,C,C,A,A,H,-,A,D,0,,,,,Y,,D,22,0,0,1,0,0,0,0,0,0,"- ","- ",38.130229949951172,-120.87410736083984,CALAVERAS,UNINCORPORATED,-120.87409210205078,38.130222320556641
91809184,2022,2022-07-01,9255,2022-06-27,2223,018363,,1,3,9,0500,0,1,3,,1,021,"STATE ROUTE 4","STALLION WAY",3334.00,E,N,A,-,Y,CAL,,4,,,17.084,H,,R,Y,4,0,1,1,A,-,01,23152,A,N,E,I,A,A,H,-,D,D,0,,,,,Y,Y,A,07,0,0,1,0,0,0,0,0,0,"- ","- ",38.062419891357422,-120.61939239501953,CALAVERAS,UNINCORPORATED,-120.61936950683594,38.062427520751953
91810136,2022,2022-07-05,9255,2022-06-28,2130,020142,,2,2,9,0500,0,1,3,,1,011,SR-26,"MANGILI RD",2130.00,W,N,A,-,Y,CAL,,26,,,9.482,H,,R,Y,3,0,1,1,A,-,08,22107,,N,E,I,A,A,H,-,D,D,0,,,,,Y,,A,01,0,1,0,0,0,0,0,0,0,"- ","- ",38.180641174316406,-120.82919311523438,CALAVERAS,UNINCORPORATED,-120.82916259765625,38.180618286132812
91812393,2022,2022-07-11,9255,2022-06-28,1230,018894,,2,1,9,0500,0,3,5,,2,005,"USFS ROAD 7N08","USFS ROAD 5N56",232.00,E,N,A,-,N,,,,,,,,,,N,2,0,1,2,C,-,18,,,N,E,I,E,A,H,-,A,D,0,Y,,,,Y,,-,"- ",1,0,0,0,1,0,0,0,0,"- ","- ",38.268608093261719,-120.34532165527344,CALAVERAS,UNINCORPORATED,,
91813188,2022,2022-07-08,9255,2022-07-04,2120,020142,,1,2,9,0500,0,1,3,,1,011,SR-26,"HEINEMANN DR",0.00,,Y,A,-,Y,CAL,,26,,,7.143,H,,R,Y,3,0,1,2,A,-,03,22350,,F,C,C,A,A,H,-,D,D,0,,,,,Y,Y,-,99,0,1,0,0,0,0,0,0,0,"- ","- ",38.155029296875,-120.85260772705078,CALAVERAS,UNINCORPORATED,-120.85258483886719,38.155021667480469
91814521,2022,2022-07-11,9255,2022-07-04,1352,019525,,1,1,9,0500,0,3,5,,2,004,"VALLECITO ROAD",SR-4,200.00,S,N,A,-,N,,,,,,,,,,Y,2,0,1,1,A,-,08,22107,,N,F,A,A,A,H,-,A,D,0,,,Y,,Y,,C,02,1,0,0,0,0,0,0,0,1,"- ","- ",38.078590393066406,-120.52699279785156,CALAVERAS,UNINCORPORATED,-120.5384521484375,38.068283081054688
91815972,2022,2022-07-13,9255,2022-07-05,0835,019246,,2,1,9,0500,0,1,3,,1,010,SR-12,"BURSON RD",0.00,,Y,A,-,Y,CAL,,12,,,6.298,H,,R,Y,3,0,1,2,A,-,09,21802,A,N,D,C,A,A,H,-,A,A,0,,,,,Y,,D,22,0,1,0,0,0,0,0,0,0,"- ","- ",38.183521270751953,-120.89047241210938,CALAVERAS,UNINCORPORATED,-120.89047241210938,38.183540344238281
91817043,2022,2022-07-14,9255,2022-07-08,1522,019640,,5,2,9,0500,0,1,3,,1,010,SR-49,SR-12,0.00,,Y,A,-,Y,CAL,,49,,R,20.500,H,,R,Y,4,0,3,2,A,-,09,21802,A,N,D,C,A,A,H,-,A,A,0,,,,,Y,,A,07,0,0,3,0,0,0,0,0,0,"- ","- ",38.204929351806641,-120.69743347167969,CALAVERAS,UNINCORPORATED,-120.69735717773438,38.204910278320312
91817363,2022,2022-07-14,9255,2022-07-10,0450,020563,,7,3,9,0500,0,3,5,,2,004,"SHEEP RANCH ROAD","ESMERALDA ROAD",1742.00,N,N,A,-,N,,,,,,,,,,Y,3,0,1,1,A,-,08,22107,,N,E,I,A,A,H,-,D,D,0,,,,,Y,,D,22,0,1,0,0,0,0,0,0,0,"- ","- ",38.171798706054688,-120.46687316894531,CALAVERAS,UNINCORPORATED,-120.46993255615234,38.170169830322266
91818348,2022,2022-07-15,9255,2022-07-13,1030,017123,,3,1,9,0500,0,1,3,,1,021,SR-4,"HUNT RD",750.00,W,N,A,-,Y,CAL,,4,,,13.896,H,,R,Y,3,0,1,1,A,-,08,22107,,N,E,I,A,A,D,-,A,D,0,,,,,Y,,A,01,0,1,0,0,0,0,0,0,0,"- ","- ",38.033580780029297,-120.64911651611328,CALAVERAS,UNINCORPORATED,-120.64914703369141,38.033565521240234
91819191,2022,2022-07-18,9255,2022-07-09,2155,020142,,6,2,9,0500,0,3,5,,2,001,"LAURENT LANE","SILVER RAPIDS ROAD",20.00,E,N,A,-,N,,,,,,,,,,N,2,0,1,1,A,-,03,22350,,N,F,A,A,A,H,-,D,D,0,,,Y,,Y,,C,02,1,0,0,0,0,0,0,0,1,"- ","- ",38.152339935302734,-120.83329772949219,CALAVERAS,UNINCORPORATED,-120.83329010009766,38.152297973632812
91819209,2022,2022-07-18,9255,2022-07-04,1810,019885,,1,2,9,0500,0,3,5,,2,003,"WINTON RD","OLD DIRT RD",3744.00,E,N,A,-,N,,,,,,,,,,Y,3,0,2,1,A,-,08,22107,,N,E,I,A,A,H,-,A,D,0,,,,,Y,,D,22,0,2,0,0,0,0,0,0,0,"- ","- ",38.439201354980469,-120.4110107421875,CALAVERAS,UNINCORPORATED,-120.41295623779297,38.437900543212891
91821232,2022,2022-07-20,9255,2022-07-14,1110,019534,,4,1,9,0500,0,1,3,,2,030,"STATE ROUTE 49","RICH GULCH RD",150.00,S,N,A,-,Y,CAL,,49,,,28.624,H,,R,Y,4,0,1,2,A,-,03,22350,,N,C,C,A,A,H,-,A,D,0,,,,,Y,,D,22,0,0,1,0,0,0,0,0,0,"- ","- ",38.297538757324219,-120.72139739990234,CALAVERAS,UNINCORPORATED,-120.72140502929688,38.297527313232422
91821237,2022,2022-07-20,9255,2022-07-17,1020,019534,,7,1,9,0500,0,1,3,,2,040,"STATE ROUTE 4","MORAN RD",250.00,W,N,A,-,Y,CAL,,4,,,37.294,H,,R,N,3,0,1,1,A,-,08,22107,,N,E,I,A,A,H,-,A,D,0,,,Y,,Y,,C,02,0,1,0,0,0,0,0,0,1,"- ","- ",38.202251434326172,-120.36933135986328,CALAVERAS,UNINCORPORATED,-120.36927795410156,38.202293395996094
91822209,2022,2022-07-21,9255,2022-07-19,0900,019640,,2,1,9,0500,0,3,5,,2,002,"POOL STATION ROAD","BAR 7 ROAD",2112.00,N,N,A,-,N,,,,,,,,,,Y,3,0,1,1,C,-,18,,,N,H,H,A,A,H,-,A,D,0,,,Y,,Y,,-,"- ",0,1,0,0,0,0,0,0,1,"- ","- ",38.085090637207031,-120.66207885742188,CALAVERAS,UNINCORPORATED,,
91823379,2022,2022-07-22,9255,2022-07-16,2318,020563,,6,3,9,0500,0,3,5,,2,004,"MAIN STREET","CHURCH ST",192.00,E,N,A,-,N,,,,,,,,,,Y,3,0,1,2,A,-,01,23152,A,M,C,E,A,A,H,-,D,D,0,,,,,Y,Y,A,01,0,1,0,0,0,0,0,0,0,"- ","- ",38.137889862060547,-120.46733856201172,CALAVERAS,UNINCORPORATED,-120.47242736816406,38.085075378417969
91824083,2022,2022-07-25,9255,2022-07-11,1335,019246,,1,1,9,0500,0,1,3,,2,031,SR-26,"EALY ROAD",1056.00,E,N,A,-,Y,CAL,,26,,,28.209,H,,R,Y,3,0,1,1,A,-,08,22107,,N,E,I,A,A,H,-,A,D,0,,,,,Y,,A,01,0,1,0,0,0,0,0,0,0,"- ","- ",38.359218597412109,-120.57079315185547,CALAVERAS,UNINCORPORATED,-120.57079315185547,38.359226226806641
91824263,2022,2023-02-28,9255,2022-05-05,1510,019246,,4,2,9,0500,0,1,3,,1,011,SR-26,"HOWARD LN",2112.00,W,N,A,-,Y,CAL,,26,,,17.097,H,,R,Y,1,1,0,1,A,-,01,23152,,N,E,I,A,A,C,-,A,D,0,,,,,Y,Y,A,01,0,0,0,0,0,0,0,0,0,"- ","- ",38.289981842041016,-120.71556854248047,CALAVERAS,UNINCORPORATED,-120.71559906005859,38.290008544921875
91824514,2022,2022-07-25,9255,2022-07-20,1650,018492,,3,2,9,0500,0,1,3,,2,050,SR-4,"GOLDEN TORCH DR",528.00,W,N,A,-,Y,CAL,,4,,,46.413,H,,R,Y,2,0,1,1,A,-,08,22107,,N,E,I,A,A,H,-,A,D,0,,,Y,,Y,,C,02,1,0,0,0,0,0,0,0,1,"- ","- ",38.294231414794922,-120.28640747070312,CALAVERAS,UNINCORPORATED,-120.28645324707031,38.294242858886719
91825930,2022,2022-07-27,9255,2022-07-12,1645,019246,,2,2,9,0500,0,2,4,,1,022,SR-26,"STORMY LANE",1320.00,E,N,A,-,Y,CAL,,26,,,26.336,H,,R,Y,2,0,2,1,A,-,08,22107,,N,E,I,A,A,H,-,A,D,0,,,,,Y,,D,22,2,0,0,0,0,0,0,0,0,"- ","- ",38.341270446777344,-120.58731079101562,CALAVERAS,UNINCORPORATED,-120.58738708496094,38.341350555419922
91826968,2022,2022-07-28,9255,2022-07-25,1906,020142,,1,2,9,0500,0,1,3,,2,031,SR-26,"BALD MOUNTAIN RD",330.00,E,N,A,-,Y,CAL,,26,,,34.574,H,,R,Y,3,0,1,1,A,-,01,23152,A,N,E,8,A,A,H,-,A,D,0,,,,,Y,Y,A,08,0,1,0,0,0,0,0,0,0,"- ","- ",38.400230407714844,-120.52638244628906,CALAVERAS,UNINCORPORATED,-120.52639007568359,38.400234222412109
91829896,2022,2022-08-01,9255,2022-05-28,1711,016918,,6,2,9,0500,0,1,3,,2,030,"STATE ROUTE 49","GOLD STRIKE ROAD",2016.00,S,N,A,-,Y,CAL,,49,,R,21.828,H,,R,Y,1,1,1,2,A,-,01,23152,F,N,A,C,A,A,H,-,A,D,0,,,,,Y,,A,07,1,0,0,0,0,0,0,0,0,"- ","- ",38.223480224609375,-120.70118713378906,CALAVERAS,UNINCORPORATED,-120.70116424560547,38.223487854003906
91832228,2022,2022-08-03,9255,2022-07-30,0750,019996,,6,1,9,0500,0,1,3,,2,030,SR-49,"FOURTH CROSSING RD",800.00,N,N,A,-,Y,CAL,,49,,,14.330,H,,R,Y,3,0,3,2,A,-,03,22350,,N,C,C,A,A,H,-,A,D,0,,,,,Y,,A,01,0,2,1,0,0,0,0,0,0,"- ","- ",38.134490966796875,-120.63529968261719,CALAVERAS,UNINCORPORATED,-120.63524627685547,38.134494781494141
91833414,2022,2022-08-04,9255,2022-07-25,1915,019525,,1,2,9,0500,0,1,3,,1,010,SR-12,"CHESTNUT ST",480.00,E,N,A,-,Y,CAL,,12,,,10.103,H,,R,N,2,0,1,2,A,-,09,21804,A,N,D,C,A,A,H,-,A,D,0,,,Y,,Y,,D,22,1,0,0,0,0,0,0,0,1,"- ","- ",38.192489624023438,-120.82633972167969,CALAVERAS,UNINCORPORATED,-120.82634735107422,38.1925048828125
91833850,2022,2022-08-05,9255,2022-07-28,1140,017324,,4,1,9,0500,0,1,3,,1,020,"O'BYRNES FERRY ROAD","REEDS TURNPIKE",3696.00,S,N,A,-,N,,,,,,,,,,Y,3,0,2,2,A,-,08,22107,,N,A,C,A,A,H,-,A,D,0,,,,,Y,,A,01,0,2,0,0,0,0,0,0,0,"- ","- ",37.970138549804688,-120.62693023681641,CALAVERAS,UNINCORPORATED,,
91834121,2022,2022-08-05,9255,2022-07-29,0740,019996,,5,1,9,0500,0,1,3,,1,010,SR-12,"DOUBLE SPRINGS ROAD",0.00,,Y,A,-,Y,CAL,,12,,,14.440,H,,R,Y,3,0,2,2,A,-,09,21801,A,N,D,C,A,A,H,-,A,D,0,,,,,Y,,A,08,0,1,1,0,0,0,0,0,0,"- ","- ",38.212261199951172,-120.75601959228516,CALAVERAS,UNINCORPORATED,-120.75601959228516,38.212272644042969
91834140,2022,2022-08-05,9255,2022-08-01,1830,019525,,1,2,9,0500,0,1,3,,1,010,SR-12,"BURSON ROAD",1584.00,E,N,B,-,Y,CAL,,12,,,6.659,H,,R,N,4,0,1,2,A,-,03,22350,,N,C,C,A,A,H,-,A,D,0,,,,,Y,,A,07,0,0,1,0,0,0,0,0,0,"- ","- ",38.183490753173828,-120.88397979736328,CALAVERAS,UNINCORPORATED,-120.88397979736328,38.183475494384766
91835139,2022,2022-08-08,9255,2022-07-30,0020,019246,,6,3,9,0500,0,3,5,,2,003,"MICHEL RD","OLD GULCH RD",1056.00,W,N,A,-,N,,,,,,,,,,Y,2,0,1,1,A,-,08,22107,,N,E,I,A,A,H,-,D,D,0,,,,,Y,,A,01,1,0,0,0,0,0,0,0,0,"- ","- ",38.194999694824219,-120.57521820068359,CALAVERAS,UNINCORPORATED,-120.57363891601562,38.194847106933594
91836227,2022,2022-08-09,9255,2022-07-30,2225,019246,,6,3,9,0500,0,3,5,,2,003,"SWISS RANCH RD","EDENS GATE LN",4382.00,W,N,A,-,N,,,,,,,,,,Y,3,0,1,1,A,-,08,22107,,N,F,A,A,A,H,-,D,D,0,,,,,Y,,D,22,0,1,0,0,0,0,0,0,0,"- ","- ",38.291488647460938,-120.44274139404297,CALAVERAS,UNINCORPORATED,-120.42723083496094,38.291751861572266
91837049,2022,2022-08-10,9255,2022-08-02,1230,019643,,2,1,9,0500,0,1,3,,1,010,SR-12,"BURSON RD",0.00,,Y,A,-,Y,,,,,,,,,,Y,4,0,1,2,A,-,09,21800,A,N,D,C,A,A,H,-,A,A,0,,,,,Y,,A,01,0,0,1,0,0,0,0,0,0,"- ","- ",38.190830230712891,-120.6710205078125,CALAVERAS,UNINCORPORATED,-120.89041900634766,38.183563232421875
91837061,2022,2022-08-10,9255,2022-08-04,0835,019534,,4,1,9,0500,0,1,3,,1,010,"STATE ROUTE 12","CENTRAL HILL RD",500.00,E,N,A,-,Y,CAL,,12,,,16.477,H,,R,Y,3,0,1,1,A,-,08,22107,,N,E,I,A,A,H,-,A,D,0,,,,,Y,,A,08,0,1,0,0,0,0,0,0,0,"- ","- ",38.201080322265625,-120.72173309326172,CALAVERAS,UNINCORPORATED,-120.72175598144531,38.2010498046875
91837171,2022,2022-08-10,9255,2022-08-05,1415,017324,,5,2,9,0500,0,1,3,,1,021,"STATE ROUTE 4","POOL STATION ROAD",528.00,E,N,A,-,Y,CAL,,4,,,14.882,H,,R,N,3,0,1,1,A,-,03,22350,,N,F,A,A,A,D,-,A,A,0,,,Y,,Y,,C,02,0,1,0,0,0,0,0,0,1,"- ","- ",38.046718597412109,-120.64656829833984,CALAVERAS,UNINCORPORATED,-120.64652252197266,38.04669189453125
91837975,2022,2022-08-11,9255,2022-07-30,1430,018492,,6,2,9,0500,0,3,5,,2,005,"WINTON RD",FR-7N28,2112.00,E,N,B,-,N,,,,,,,,,,Y,2,0,1,1,A,-,03,22350,,N,H,H,A,A,H,-,A,D,0,,,Y,,Y,,C,02,1,0,0,0,0,0,0,0,1,"- ","- ",38.440788269042969,-120.35597991943359,CALAVERAS,UNINCORPORATED,-120.35678863525391,38.44061279296875
91838449,2022,2022-08-11,9255,2022-08-05,1138,019996,,5,1,9,0500,0,1,3,,1,010,SR-12,"CHESTNUT ST",450.00,E,N,A,-,Y,,,,,,,,,,Y,2,0,2,2,A,-,09,21801,A,N,D,C,A,A,H,-,A,D,0,,,Y,,Y,,D,22,2,0,0,0,0,0,0,0,2,"- ","- ",38.195510864257812,-120.82634735107422,CALAVERAS,UNINCORPORATED,-120.82651519775391,38.192478179931641
91840747,2022,2022-09-07,9255,2022-08-03,1510,019525,,3,2,9,0500,0,2,4,,2,034,"MOUNTAIN RANCH RD","ROCKY ROAD",227.00,E,N,A,-,N,,,,,,,,,,Y,3,0,1,4,A,-,08,22107,,N,A,E,E,A,H,-,A,D,0,Y,,,,Y,,D,22,0,1,0,0,1,0,0,0,0,"- ","- ",38.189968109130859,-120.61190795898438,CALAVERAS,UNINCORPORATED,-120.61195373535156,38.189998626708984
91841193,2022,2022-08-16,9255,2022-08-07,0600,019996,,7,1,9,0500,0,1,3,,1,010,SR-12,"SAWMILL STREET",5.00,W,N,A,-,Y,,,,,,,,,,Y,4,0,1,1,A,-,01,23152,A,N,E,I,A,A,H,-,B,D,0,,,,,Y,Y,A,01,0,0,1,0,0,0,0,0,0,"- ","- ",38.194488525390625,-120.97902679443359,CALAVERAS,UNINCORPORATED,-120.97878265380859,38.194812774658203
91841395,2022,2022-08-16,9255,2022-08-14,1455,020142,,7,2,9,0500,0,1,3,,2,040,SR-4,"PONDEROSA WAY",60.00,W,N,A,-,Y,CAL,,4,,,24.121,H,,R,Y,4,0,1,2,A,-,03,22350,,N,C,C,A,A,H,-,A,D,0,,,,,Y,,A,01,0,0,1,0,0,0,0,0,0,"- ","- ",38.091560363769531,-120.50244903564453,CALAVERAS,UNINCORPORATED,-120.50242614746094,38.091533660888672
91842339,2022,2022-08-17,9255,2022-08-14,1910,020142,,7,2,9,0500,0,3,5,,2,002,"ARROWHEAD ST","FLINT TRAIL",50.00,N,N,A,-,N,,,,,,,,,,N,3,0,1,1,A,-,01,23152,F,N,F,A,A,A,H,-,A,D,0,,,Y,,Y,,C,02,0,1,0,0,0,0,0,0,1,"- ","- ",37.918979644775391,-120.62177276611328,CALAVERAS,UNINCORPORATED,-120.62173461914062,37.918773651123047
91843258,2022,2022-08-18,9255,2022-08-11,1535,019534,,4,2,9,0500,0,1,3,,2,030,"STATE ROUTE 49","CENTER ST",5.00,S,N,A,-,Y,CAL,,49,,,28.499,H,,R,Y,3,0,1,1,A,-,01,23152,A,N,F,A,A,A,H,-,A,D,0,,,,,Y,Y,A,01,0,1,0,0,0,0,0,0,0,"- ","- ",38.297531127929688,-120.71914672851562,CALAVERAS,UNINCORPORATED,-120.71913909912109,38.297389984130859
91844261,2022,2022-08-19,9255,2022-08-12,1423,019525,,5,2,9,0500,0,1,3,,2,040,SR-4,"TANNER ST",240.00,E,N,A,-,Y,CAL,,4,,,29.922,H,,R,Y,4,0,1,2,A,-,03,22350,,N,C,C,A,A,H,-,A,D,0,,,Y,,Y,,C,02,0,0,1,0,0,0,0,0,1,"- ","- ",38.142501831054688,-120.45189666748047,CALAVERAS,UNINCORPORATED,-120.45189666748047,38.142498016357422
91846812,2022,2022-08-23,9255,2022-03-06,1826,018492,,7,2,9,0500,0,1,3,,2,040,SR-4,"MAIN STREET",440.00,W,N,A,-,Y,CAL,,4,,,25.781,H,,R,Y,1,1,1,2,A,-,01,23152,A,N,A,C,A,A,H,-,B,D,0,,,Y,,Y,Y,C,02,0,1,0,0,0,0,0,1,0,"- ","- ",38.091018676757812,-120.47357940673828,CALAVERAS,UNINCORPORATED,-120.47357177734375,38.091011047363281
91848532,2022,2022-08-25,9255,2022-08-17,1410,019534,,3,2,9,0500,0,1,3,,1,011,"STATE ROUTE 26","BEAL RANCH RD",2640.00,E,N,A,-,Y,CAL,,26,,,12.402,H,,R,Y,3,0,1,1,A,-,01,23152,A,N,E,I,A,A,H,-,A,D,0,,,,,Y,Y,D,22,0,1,0,0,0,0,0,0,0,"- ","- ",38.238571166992188,-120.76039886474609,CALAVERAS,UNINCORPORATED,-120.76036071777344,38.238574981689453
91851625,2022,2022-08-29,9255,2022-08-19,1045,017324,,5,1,9,0500,0,3,5,,2,004,"SHEEP RANCH ROAD","SAN DOMINGO ROAD",1056.00,S,N,A,-,N,,,,,,,,,,N,3,0,1,1,A,-,08,22107,,N,E,I,A,A,H,-,A,D,0,,,,Y,Y,,F,26,0,1,0,0,0,0,0,0,0,"- ","- ",38.153980255126953,-120.47376251220703,CALAVERAS,UNINCORPORATED,-120.47421264648438,38.154224395751953
91851672,2022,2022-08-29,9255,2022-08-17,2015,019534,,3,2,9,0500,0,3,5,,2,100,"MOUNTAIN RANCH RD","MICHAEL RD",1320.00,S,N,A,-,N,,,,,,,,,,Y,3,0,1,1,C,-,18,,,N,H,H,A,A,H,-,D,D,0,,,Y,,Y,,-,"- ",0,1,0,0,0,0,0,0,1,"- ","- ",38.191600799560547,-120.60169219970703,CALAVERAS,UNINCORPORATED,-120.58911895751953,38.191257476806641
91851810,2022,2022-08-29,9255,2022-08-23,1225,019525,,2,1,9,0500,0,3,5,,2,001,"BERGSMA LANE","MC CAULEY RD",177.00,E,N,A,-,N,,,,,,,,,,Y,4,0,1,1,A,-,08,22107,,N,E,I,A,A,H,-,A,D,0,,,,,Y,,D,22,0,0,1,0,0,0,0,0,0,"- ","- ",38.129451751708984,-120.85350036621094,CALAVERAS,UNINCORPORATED,-120.85358428955078,38.129505157470703
91856114,2022,2022-09-02,9255,2022-08-27,2115,019996,,6,2,9,0500,0,2,4,,2,034,"MTN. RANCH RD.","WILLOW CREEK RD.",800.00,W,N,A,-,N,,,,,,,,,,Y,3,0,1,2,A,-,05,21460,A,N,B,C,A,A,H,-,D,D,0,,,,,Y,Y,D,22,0,1,0,0,0,0,0,0,0,"- ","- ",38.191230773925781,-120.64578247070312,CALAVERAS,UNINCORPORATED,-120.64570617675781,38.1910400390625
91856122,2022,2022-09-02,9255,2022-08-30,0635,017123,,2,1,9,0500,0,1,3,,1,011,SR-26,"MANGILI RD",23.00,W,N,A,-,Y,CAL,,26,,,9.853,H,,R,Y,3,0,1,2,A,-,03,22350,,M,C,C,A,A,H,-,A,D,0,,,,,Y,,A,07,0,1,0,0,0,0,0,0,0,"- ","- ",38.185398101806641,-120.82566070556641,CALAVERAS,UNINCORPORATED,-120.82566070556641,38.185401916503906
91856187,2022,2022-09-29,9255,2022-07-23,0115,020563,,6,3,9,0500,0,3,5,,2,004,"FRENCH GULCH ROAD","MURPHYS GRADE ROAD",2640.00,W,N,A,-,N,,,,,,,,,,Y,1,1,0,1,A,-,01,23152,A,N,E,I,A,A,H,-,D,D,0,,,,,Y,Y,A,01,0,0,0,0,0,0,0,0,0,"- ","- ",38.139278411865234,-120.47637176513672,CALAVERAS,UNINCORPORATED,-120.52102661132812,38.112117767333984
91858803,2022,2022-09-07,9255,2022-08-28,0055,020563,,7,3,9,0500,0,1,3,,1,010,SR-12,"SAWMILL STREET",350.00,E,N,A,-,Y,CAL,,12,,,0.911,H,,R,Y,3,0,1,1,A,-,08,22107,,N,E,8,A,A,H,-,D,D,0,,,,,Y,,A,01,0,1,0,0,0,0,0,0,0,"- ","- ",38.194339752197266,-120.97789001464844,CALAVERAS,UNINCORPORATED,-120.97792053222656,38.194301605224609
91859090,2022,2023-12-04,9255,2022-08-10,1025,017324,,3,1,9,0500,0,2,4,,1,041,"MURPHYS GRADE ROAD","RANCH ROAD",913.00,W,N,A,-,N,,,,,,,,,,Y,1,1,0,1,A,-,01,23152,E,N,E,I,A,A,H,-,A,D,0,,,,,Y,,D,22,0,0,0,0,0,0,0,0,0,"- ","- ",38.097190856933594,-120.53021240234375,CALAVERAS,UNINCORPORATED,-120.52996826171875,38.097469329833984
91863293,2022,2022-09-13,9255,2022-09-07,1129,017324,,3,1,9,0500,0,1,3,,2,040,"STATE ROUTE 4","BORBE RANCH ROAD",528.00,W,N,A,-,Y,CAL,,4,,,23.101,H,,R,Y,3,0,1,1,A,-,08,22107,,N,E,I,A,A,H,-,A,D,0,,,,,Y,,D,22,0,1,0,0,0,0,0,0,0,"- ","- ",38.081878662109375,-120.51658630371094,CALAVERAS,UNINCORPORATED,-120.51662445068359,38.081912994384766
91864372,2022,2022-09-14,9255,2022-09-12,0740,019525,,1,1,9,0500,0,1,3,,1,010,SR-12,"LIME CREEK ROAD",333.00,E,N,A,-,Y,CAL,,12,,,10.466,H,,R,Y,4,0,2,3,A,-,03,22350,,N,C,C,A,A,H,-,A,D,0,,,,,Y,,A,08,0,0,2,0,0,0,0,0,0,"- ","- ",38.193721771240234,-120.81958770751953,CALAVERAS,UNINCORPORATED,-120.81958770751953,38.193695068359375
91865109,2022,2022-09-15,9255,2022-09-08,1439,019996,,4,2,9,0500,0,1,3,,1,011,SR-26,"SILVER RAPIDS ROAD",0.00,,Y,A,-,Y,CAL,,26,,,7.577,H,,R,Y,3,0,2,2,A,-,09,21802,A,N,D,C,A,A,H,-,A,A,0,,,,,Y,,A,07,0,2,0,0,0,0,0,0,0,"- ","- ",38.158931732177734,-120.84707641601562,CALAVERAS,UNINCORPORATED,-120.84709930419922,38.158988952636719
91868666,2022,2022-09-20,9255,2022-09-16,0832,019525,,5,1,9,0500,0,1,3,,1,021,SR-4,"POOL STATION ROAD",528.00,E,N,A,-,Y,CAL,,4,,,14.891,H,,R,Y,4,0,1,1,A,-,08,22107,,N,F,A,A,A,H,-,A,D,0,,,,,Y,,A,07,0,0,1,0,0,0,0,0,0,"- ","- ",38.046760559082031,-120.64636993408203,CALAVERAS,UNINCORPORATED,-120.64641571044922,38.046791076660156
91870706,2022,2022-09-22,9255,2022-09-11,1500,018894,,7,2,9,0500,0,1,3,,2,050,"STATE ROUTE 4","BIG TREES PKY",450.00,W,N,A,-,Y,,,,,,,,,,Y,3,0,1,1,A,-,08,22107,,N,E,I,A,A,H,-,A,D,0,,,,,Y,,A,07,0,1,0,0,0,0,0,0,0,"- ","- ",38.763050079345703,-120.30964660644531,CALAVERAS,UNINCORPORATED,-120.31053161621094,38.278453826904297
91870725,2022,2022-09-22,9255,2022-09-13,0455,018363,,2,3,9,0500,0,1,3,,1,021,"STATE ROUTE 4","TOWN SQUARE ROAD",0.00,,Y,A,-,Y,CAL,,4,,R,7.328,H,,R,N,4,0,1,2,A,-,01,23152,A,N,D,C,A,A,H,-,C,A,0,,,,,Y,Y,A,01,0,0,1,0,0,0,0,0,0,"- ","- ",37.974170684814453,-120.65376281738281,CALAVERAS,UNINCORPORATED,-120.65379333496094,37.974201202392578
91870731,2022,2022-09-22,9255,2022-09-14,2155,018363,,3,2,9,0500,0,2,4,,1,041,"MURPHYS GRADE ROAD","FRENCH GULCH RD",1630.00,W,N,A,-,N,,,,,,,,,,Y,4,0,1,1,A,-,08,22107,,N,E,I,A,A,H,-,D,D,0,,,,,Y,,A,01,0,0,1,0,0,0,0,0,0,"- ","- ",38.134998321533203,-120.47332000732422,CALAVERAS,UNINCORPORATED,-120.52309417724609,38.102333068847656
91873182,2022,2022-09-26,9255,2022-09-15,0710,017324,,4,1,9,0500,0,3,5,,2,002,"POOL STATION RD","SPRING HILL RANCH RD",1056.00,N,N,A,-,N,,,,,,,,,,Y,4,0,1,1,C,-,18,,,N,E,I,A,A,H,-,A,D,0,,,,,Y,,-,"- ",0,0,1,0,0,0,0,0,0,"- ","- ",38.072059631347656,-120.66301727294922,CALAVERAS,UNINCORPORATED,-120.66316986083984,38.072242736816406
91873200,2022,2022-09-26,9255,2022-09-16,1235,017123,,5,1,9,0500,0,1,3,,1,011,SR-26,"BEAL RANCH RD",157.00,W,N,A,-,Y,CAL,,26,,,11.665,H,,R,Y,3,0,2,1,A,-,08,22107,,N,E,8,A,A,H,-,A,D,0,,,,,Y,,A,01,0,2,0,0,0,0,0,0,0,"- ","- ",38.228900909423828,-120.76254272460938,CALAVERAS,UNINCORPORATED,-120.76248168945312,38.228908538818359
91873222,2022,2022-09-26,9255,2022-09-21,0830,017324,,3,1,9,0500,0,1,3,,1,021,"STATE ROUTE 4","ANGELS OAKS DRIVE",10560.00,W,N,B,-,Y,CAL,,4,,,18.563,H,,R,Y,3,0,1,1,A,-,03,22350,,N,E,I,A,B,H,-,A,D,0,,,,,Y,,D,22,0,1,0,0,0,0,0,0,0,"- ","- ",38.067180633544922,-120.59880065917969,CALAVERAS,UNINCORPORATED,-120.59880828857422,38.067119598388672
91881553,2022,2022-10-04,9255,2022-09-22,0435,018894,,4,3,9,0500,0,3,5,,2,002,"MILTON ROAD","GRANITE ST",1000.00,S,N,A,-,N,,,,,,,,,,N,4,0,1,1,A,-,08,22107,,N,E,I,A,A,H,-,D,D,0,,,,,Y,,D,22,0,0,1,0,0,0,0,0,0,"- ","- ",38.020050048828125,-120.85437774658203,CALAVERAS,UNINCORPORATED,-120.85317230224609,38.027225494384766
91882677,2022,2022-10-05,9255,2022-09-24,0445,019885,,6,3,9,0500,0,3,5,,2,001,"WATERTOWN RD","PALOMA RD",467.00,N,N,A,-,N,,,,,,,,,,Y,3,0,1,1,A,-,08,22107,,N,E,I,A,A,H,-,D,D,0,,,,,Y,,A,01,0,1,0,0,0,0,0,0,0,"- ","- ",38.206100463867188,-120.8270263671875,CALAVERAS,UNINCORPORATED,-120.82730102539062,38.205989837646484
91882679,2022,2022-10-05,9255,2022-09-24,2040,019996,,6,2,9,0500,0,3,5,,2,001,"HOGAN DAM ROAD","ESENOLDA ROAD",1400.00,S,N,A,-,N,,,,,,,,,,Y,4,0,1,1,A,-,08,22107,,N,E,I,A,A,H,-,D,D,0,,,,,Y,,A,07,0,0,1,0,0,0,0,0,0,"- ","- ",38.156909942626953,-120.81765747070312,CALAVERAS,UNINCORPORATED,,
91882698,2022,2022-10-05,9255,2022-09-23,1240,017324,,5,1,9,0500,0,1,3,,1,021,"STATE ROUTE 4","POOL STATION ROAD",528.00,E,N,A,-,Y,CAL,,4,,,14.861,H,,R,N,2,0,1,2,A,-,03,22350,,N,B,C,A,A,D,-,A,D,0,,,Y,,Y,,C,02,1,0,0,0,0,0,0,0,1,"- ","- ",38.046459197998047,-120.64678955078125,CALAVERAS,UNINCORPORATED,-120.646728515625,38.046440124511719
9188333,2020,2020-12-07,0501,2020-07-23,1115,241,,4,5,2,0501,0,0,0,,0,,"RT 49","MONTE VERDA ST",41.00,S,N,A,-,Y,CAL,10,49,-,-,8.530,H,-,N,N,4,0,1,2,A,-,03,22350,,N,C,C,A,A,H,-,A,D,0,,,,,Y,,D,23,0,0,1,0,0,0,0,0,0,"- ","- ",,,CALAVERAS,"ANGELS CAMP",-120.55692291259766,38.081050872802734
9188337,2020,2020-12-07,0501,2020-07-09,0920,241,,4,5,2,0501,0,0,0,,0,,"RT 49","BRAGG ST",50.00,N,N,A,-,Y,CAL,10,49,-,-,7.690,H,-,S,Y,4,0,1,3,A,-,08,22107,,N,C,E,A,A,H,-,A,D,0,,,,,Y,,A,01,0,0,1,0,0,0,0,0,0,"- ","- ",,,CALAVERAS,"ANGELS CAMP",-120.54418182373047,38.074234008789062
91883778,2022,2022-10-06,9255,2022-09-28,1930,019643,,3,2,9,0500,0,3,5,,2,001,"BALDWIN ST",SR-26,528.00,S,N,A,-,N,,,,,,,,,,N,2,0,1,1,A,-,03,22350,,N,E,J,A,A,H,-,D,D,0,,Y,,,Y,,M,91,1,0,0,0,0,0,1,0,0,"- ","- ",38.140628814697266,-120.86306762695312,CALAVERAS,UNINCORPORATED,-120.86263275146484,38.140541076660156
91890675,2022,2022-10-14,9255,2022-10-06,1920,019534,,4,2,9,0500,0,2,4,,2,034,"MOUNTAIN RANCH RD","MICHEL RD",1320.00,S,N,A,-,N,,,,,,,,,,Y,4,0,1,1,A,-,08,22107,,N,E,I,A,A,H,-,D,D,0,,,,,Y,,A,01,0,0,1,0,0,0,0,0,0,"- ","- ",38.190990447998047,-120.59162902832031,CALAVERAS,UNINCORPORATED,-120.58911895751953,38.191257476806641
91891197,2022,2022-10-17,9255,2022-10-07,1350,017324,,5,1,9,0500,0,1,3,,1,011,"STATE ROUTE 26","JEAN STREET",167.00,E,N,A,-,Y,CAL,,26,,,10.237,H,,R,Y,4,0,1,2,A,-,09,21804,A,N,F,A,A,A,H,-,A,D,0,,,Y,,Y,,A,01,0,0,1,0,0,0,0,0,1,"- ","- ",38.19097900390625,-120.82792663574219,CALAVERAS,UNINCORPORATED,-120.828125,38.190891265869141
91894498,2022,2022-10-19,9255,2022-10-10,1750,019643,,1,2,9,0500,0,3,5,,2,003,"INDEPENDENCE RD","DAVID RD",86.00,S,N,A,-,N,,,,,,,,,,Y,3,0,1,2,A,-,03,22350,,N,A,C,A,A,H,-,A,D,0,,,,,Y,,D,22,0,1,0,0,0,0,0,0,0,"- ","- ",38.349899291992188,-120.5181884765625,CALAVERAS,UNINCORPORATED,-120.51809692382812,38.349945068359375
91894540,2022,2022-10-19,9255,2022-10-07,1350,019885,,5,1,9,0500,0,1,3,,1,011,SR-26,"GARNER PL",0.00,,Y,A,-,Y,CAL,,26,,,5.046,H,,R,Y,3,0,1,3,A,-,09,21801,A,N,D,C,A,A,H,-,A,A,0,,,,,Y,,A,07,0,1,0,0,0,0,0,0,0,"- ","- ",38.130218505859375,-120.87390899658203,CALAVERAS,UNINCORPORATED,-120.87405395507812,38.130275726318359
91895092,2022,2022-10-20,9255,2022-09-24,0415,019246,,6,3,9,0500,0,1,3,,2,030,SR-49,"DEL ORTO RD",4118.00,N,N,A,-,N,,,,,,,,,,Y,3,0,1,2,A,-,05,21460,A,M,D,C,A,A,H,-,D,D,0,,,,,Y,,A,01,0,1,0,0,0,0,0,0,0,"- ","- ",38.299640655517578,-120.73345184326172,CALAVERAS,UNINCORPORATED,-120.73347473144531,38.299602508544922
91898008,2022,2022-10-24,9255,2022-10-18,1605,019534,,2,2,9,0500,0,3,5,,2,003,"GOLD STRIKE RD","COW SLIP LN",500.00,S,N,A,-,N,,,,,,,,,,Y,4,0,1,1,A,-,08,22107,,N,E,I,A,A,H,-,A,D,0,,,,,Y,,A,01,0,0,1,0,0,0,0,0,0,"- ","- ",38.212558746337891,-120.68634796142578,CALAVERAS,UNINCORPORATED,,
91911159,2022,2022-11-07,9255,2022-10-26,1800,019534,,3,2,9,0500,0,3,5,,2,001,"JENNY LIND RD","KIRBY ST",665.00,S,N,A,-,N,,,,,,,,,,Y,2,0,2,2,A,-,08,22107,,N,D,C,A,A,H,-,D,D,0,,,Y,,Y,,C,02,1,0,1,0,0,0,0,0,1,"- ","- ",38.109371185302734,-120.87934875488281,CALAVERAS,UNINCORPORATED,-120.87934875488281,38.109325408935547
91911197,2022,2022-11-07,9255,2022-10-31,1252,019640,,1,1,9,0500,0,1,3,,2,030,SR-49,SR-12,2112.00,N,N,A,-,Y,CAL,,49,,R,20.767,H,,R,Y,4,0,1,2,A,-,03,22350,,N,C,C,A,A,H,-,A,D,0,,,,,Y,,A,01,0,0,1,0,0,0,0,0,0,"- ","- ",38.208599090576172,-120.69724273681641,CALAVERAS,UNINCORPORATED,-120.69719696044922,38.208599090576172
91911263,2022,2022-11-07,9255,2022-10-30,1445,019885,,7,2,9,0500,0,3,5,,2,003,"MOUNTAIN RANCH RD","SUN RD",738.00,S,N,A,-,N,,,,,,,,,,Y,3,0,1,1,A,-,08,22107,,N,F,I,A,A,H,-,A,D,0,,,,,Y,,D,22,0,1,0,0,0,0,0,0,0,"- ","- ",38.235649108886719,-120.52395629882812,CALAVERAS,UNINCORPORATED,-120.52390289306641,38.235675811767578
91913964,2022,2022-11-09,9255,2022-11-02,1400,020563,,3,2,9,0500,0,1,3,,2,030,SR-49,"DEL ORTO ROAD",4224.00,N,N,C,-,N,,,,,,,,,,Y,4,0,1,1,A,-,08,22107,,N,E,I,A,B,H,-,A,D,0,,,,,Y,,A,07,0,0,1,0,0,0,0,0,0,"- ","- ",38.301219940185547,-120.73136138916016,CALAVERAS,UNINCORPORATED,-120.73115539550781,38.301162719726562
91913969,2022,2022-11-09,9255,2022-11-02,2020,020563,,3,2,9,0500,0,1,3,,1,010,SR-12,"LIME CREEK RD",1000.00,W,N,C,-,Y,CAL,,12,,,11.334,H,,R,Y,4,0,1,1,A,-,08,22107,,N,E,I,A,B,H,-,D,D,0,,,,,Y,,-,"- ",0,0,1,0,0,0,0,0,0,"- ","- ",38.196060180664062,-120.80397796630859,CALAVERAS,UNINCORPORATED,-120.80399322509766,38.196102142333984
9191495,2020,2021-01-30,0501,2020-11-13,2027,246,,5,5,2,0501,0,0,0,,0,,"MINERS CIR","JUMPING FROG WY",145.00,W,N,C,-,N,,,,,,,,,,N,4,0,1,2,A,-,"- ",,,N,G,B,E,B,H,-,D,D,0,Y,,,,Y,,A,07,0,0,1,0,1,0,0,0,0,"- ","- ",,,CALAVERAS,"ANGELS CAMP",-120.55509948730469,38.070354461669922
91915655,2022,2022-11-11,9255,2022-11-03,0751,017324,,4,1,9,0500,0,3,5,,2,003,"GOLD STRIKE ROAD","CEMETERY AVE.",20.00,S,N,A,-,N,,,,,,,,,,Y,4,0,1,2,A,-,03,22350,,N,C,C,A,A,H,-,A,D,0,,,,,Y,,A,01,0,0,1,0,0,0,0,0,0,"- ","- ",38.202751159667969,-120.67938995361328,CALAVERAS,UNINCORPORATED,-120.67775726318359,38.200088500976562
91917545,2022,2022-12-28,9255,2022-07-01,2500,019534,,5,4,9,0500,0,1,3,,1,020,"STATE ROUTE 49","REDHILL ROAD",2640.00,S,N,A,-,Y,CAL,,49,,,2.872,H,,R,Y,1,1,0,1,A,-,01,23152,G,N,E,I,A,A,H,-,D,D,0,,,,,Y,Y,D,22,0,0,0,0,0,0,0,0,0,"- ","- ",38.022941589355469,-120.51323699951172,CALAVERAS,UNINCORPORATED,-120.51305389404297,38.023021697998047
91918141,2022,2022-11-15,9255,2022-11-09,1220,017123,,3,1,9,0500,0,3,5,,2,001,"HILLVALE DR","HUMMINGBIRD LN",528.00,W,N,B,-,N,,,,,,,,,,N,2,0,1,1,A,-,13,22515,A,N,H,A,A,A,H,-,A,D,0,,,,,Y,,D,22,1,0,0,0,0,0,0,0,0,"- ","- ",38.153011322021484,-120.88442993164062,CALAVERAS,UNINCORPORATED,-120.88384246826172,38.153148651123047
9192070,2020,2021-01-08,0501,2020-11-09,1030,218,,1,5,2,0501,0,0,0,,0,,"RT 49","COPELLO DR",1302.00,S,N,A,-,Y,CAL,10,49,-,-,9.120,H,-,N,N,2,0,1,2,A,-,09,21804,A,F,D,G,A,A,H,-,A,A,0,,Y,,,Y,Y,A,07,1,0,0,0,0,0,1,0,0,"- ","- ",,,CALAVERAS,"ANGELS CAMP",-120.56609344482422,38.085655212402344
91921745,2022,2022-11-18,9255,2022-11-07,1523,019885,,1,2,9,0500,0,1,3,,2,030,SR-49,"FOURTH CROSSING RD",1560.00,N,N,A,-,Y,CAL,,49,,,14.518,H,,R,Y,2,0,1,1,A,-,08,22107,,N,E,I,A,A,H,-,A,D,0,,,,,Y,,A,01,1,0,0,0,0,0,0,0,0,"- ","- ",38.137271881103516,-120.63488006591797,CALAVERAS,UNINCORPORATED,-120.63483428955078,38.137260437011719
91922264,2022,2022-11-21,9255,2022-11-12,1005,019643,,6,1,9,0500,0,1,3,,1,010,SR-12,"CHESTNUT ST",500.00,E,N,B,-,Y,CAL,,12,,,10.102,H,,R,N,4,0,2,2,A,-,09,21804,A,N,D,C,A,A,H,-,A,A,0,,,,,Y,,A,01,0,0,2,0,0,0,0,0,0,"- ","- ",38.192478179931641,-120.82636260986328,CALAVERAS,UNINCORPORATED,-120.82636260986328,38.192501068115234
91924758,2022,2022-11-23,9255,2022-11-15,1415,019534,,2,2,9,0500,0,1,3,,1,020,SR4,"BONANZA MINE WAY",2640.00,E,N,A,-,Y,CAL,,4,,,13.364,H,,R,N,4,0,1,2,A,-,03,22350,,N,G,B,E,A,D,-,A,A,0,Y,,,,Y,,D,22,0,0,1,0,1,0,0,0,0,"- ","- ",38.026401519775391,-120.64581298828125,CALAVERAS,UNINCORPORATED,-120.64585113525391,38.026386260986328
91927660,2022,2023-10-31,9255,2022-11-12,2323,019996,,6,3,9,0500,0,3,5,,2,004,"FRENCH GULCH ROAD","MAIN STREET",1700.00,W,N,A,-,N,,,,,,,,,,Y,2,0,1,1,A,-,01,23152,A,N,E,I,A,A,H,-,D,D,0,,,,,Y,Y,A,07,1,0,0,0,0,0,0,0,0,"- ","- ",38.138648986816406,-120.47438812255859,CALAVERAS,UNINCORPORATED,-120.47421264648438,38.138595581054688
91927747,2022,2022-11-28,9255,2022-11-13,0224,020142,,7,3,9,0500,0,2,4,,2,034,"MOUNTAIN RANCH RD","BLACK TAIL CREEK ROAD",2575.00,E,N,A,-,N,,,,,,,,,,Y,4,0,1,1,A,-,08,22107,,N,E,I,A,A,H,-,D,D,0,,,,,Y,,A,07,0,0,1,0,0,0,0,0,0,"- ","- ",38.190471649169922,-120.62727355957031,CALAVERAS,UNINCORPORATED,-120.62773132324219,38.190502166748047
91928103,2022,2022-11-28,9255,2022-11-16,1435,019534,,3,2,9,0500,0,3,5,,2,002,"FEATHER DR","COPPER COVE DR",150.00,N,N,A,-,N,,,,,,,,,,N,3,0,1,1,B,-,22,,,N,F,A,A,A,H,-,A,D,0,,Y,,,Y,,L,04,0,1,0,0,0,0,1,0,0,"- ","- ",37.939411163330078,-120.60755920410156,CALAVERAS,UNINCORPORATED,-120.60760498046875,37.939495086669922
91928748,2022,2022-11-29,9255,2022-11-17,0725,017123,,4,1,9,0500,0,1,3,,1,011,SR-26,"SHELTON RD",0.00,,Y,A,-,Y,CAL,,26,,R,0.929,H,,R,Y,3,0,1,2,A,-,08,22100,B,N,B,C,A,A,H,-,A,D,0,,,,,Y,,A,01,0,1,0,0,0,0,0,0,0,"- ","- ",38.101688385009766,-120.92658996582031,CALAVERAS,UNINCORPORATED,-120.92658996582031,38.101692199707031
91930130,2022,2022-11-30,9255,2022-11-11,2325,019996,,5,3,9,0500,0,1,3,,2,031,SR-26,"RICH GULCH RD",5808.00,W,N,A,-,Y,CAL,,26,,,22.542,H,,R,Y,2,0,3,2,A,-,01,23152,A,N,B,C,A,A,H,-,D,D,0,,,,,Y,Y,D,22,2,1,0,0,0,0,0,0,0,"- ","- ",38.3214111328125,-120.64192962646484,CALAVERAS,UNINCORPORATED,-120.64192962646484,38.321407318115234
91930186,2022,2022-11-30,9255,2022-11-14,1405,019246,,1,2,9,0500,0,1,3,,2,031,SR-26,"PRINDLE RD",528.00,E,N,A,-,Y,CAL,,26,,,18.658,H,,R,N,3,0,1,1,C,-,18,,,N,E,H,A,A,H,-,A,D,0,,,Y,,Y,,-,"- ",0,1,0,0,0,0,0,0,1,"- ","- ",38.301620483398438,-120.69719696044922,CALAVERAS,UNINCORPORATED,-120.69720458984375,38.301620483398438
91930204,2022,2022-11-30,9255,2022-11-22,0810,017123,,2,1,9,0500,0,1,3,,1,011,SR-26,"OLIVE ORCHARD RD",1160.00,E,N,A,-,Y,CAL,,26,,,5.265,H,,R,Y,3,0,1,1,A,-,08,22107,,N,E,I,A,A,H,-,A,D,0,,,,,Y,,A,01,0,1,0,0,0,0,0,0,0,"- ","- ",38.132511138916016,-120.87133026123047,CALAVERAS,UNINCORPORATED,-120.87131500244141,38.132472991943359
91930209,2022,2022-11-30,9255,2022-11-22,0945,017123,,2,1,9,0500,0,1,3,,1,011,SR-26,"NOVE WAY",0.00,,Y,A,-,Y,CAL,,26,,,10.043,H,,R,Y,3,0,1,2,A,-,09,21802,A,N,D,C,A,A,H,-,A,A,0,,,,,Y,,A,07,0,1,0,0,0,0,0,0,0,"- ","- ",38.18817138671875,-120.82649993896484,CALAVERAS,UNINCORPORATED,-120.82650756835938,38.188167572021484
91930250,2022,2022-11-30,9255,2022-11-23,1330,017123,,3,1,9,0500,0,1,3,,2,030,SR-49,SR-12,0.00,,Y,A,-,Y,CAL,,49,,,20.473,H,,R,Y,3,0,2,2,A,-,08,22100,B,N,D,C,A,A,H,-,A,D,0,,,,,Y,,A,01,0,2,0,0,0,0,0,0,0,"- ","- ",38.204540252685547,-120.69715881347656,CALAVERAS,UNINCORPORATED,-120.69711303710938,38.204566955566406
91930315,2022,2022-11-30,9255,2022-11-28,1135,017324,,1,1,9,0500,0,1,3,,2,030,"STATE ROUTE 49","REFUSE DISPOSAL SITE ROAD",30.00,S,N,A,-,Y,,,,,,,,,,Y,3,0,2,2,A,-,03,22350,,N,C,C,A,A,H,-,A,D,0,,,,,Y,,D,22,0,2,0,0,0,0,0,0,0,"- ","- ",35.250339508056641,-120.71875762939453,CALAVERAS,UNINCORPORATED,,
91933704,2022,2022-12-05,9255,2022-11-18,2335,020142,,5,3,9,0500,0,2,4,,1,022,"O'BYRNES FERRY ROAD","COPPER COVE DRIVE",450.00,S,N,A,-,N,,,,,,,,,,Y,3,0,1,1,A,-,08,22107,,N,E,I,A,A,H,-,C,D,0,,,,,Y,,A,01,0,1,0,0,0,0,0,0,0,"- ","- ",37.938739776611328,-120.60545349121094,CALAVERAS,UNINCORPORATED,-120.60533142089844,37.938789367675781
91934507,2022,2022-12-05,9255,2022-12-02,0655,017123,,5,1,9,0500,0,3,5,,2,002,"REEDS TURNPIKE","MAIN ST",325.00,S,N,A,-,N,,,,,,,,,,Y,3,0,1,1,A,-,03,22350,,N,E,I,A,C,H,-,A,A,0,,,,,Y,,D,22,0,1,0,0,0,0,0,0,0,"- ","- ",37.976669311523438,-120.63831329345703,CALAVERAS,UNINCORPORATED,-120.63829803466797,37.976711273193359
91937302,2022,2022-12-08,9255,2022-11-25,1448,019885,,5,2,9,0500,0,1,3,,1,010,SR-12,"CHESTNUT ST",530.00,E,N,A,-,Y,CAL,,12,,,10.102,H,,R,Y,3,0,1,2,A,-,09,21802,A,N,D,C,A,A,H,-,A,A,0,,,,,Y,,D,22,0,1,0,0,0,0,0,0,0,"- ","- ",38.192478179931641,-120.82636260986328,CALAVERAS,UNINCORPORATED,-120.82636260986328,38.192501068115234
91937353,2022,2022-12-08,9255,2022-12-03,0106,020142,,6,3,9,0500,0,3,5,,2,004,"BUTTE MOUNTAIN ROAD","BIG FLAT ROAD",370.00,E,N,A,-,N,,,,,,,,,,Y,4,0,1,1,A,-,01,23152,A,N,E,I,A,A,H,-,D,D,0,,,,,Y,Y,A,07,0,0,1,0,0,0,0,0,0,"- ","- ",38.130649566650391,-120.41999053955078,CALAVERAS,UNINCORPORATED,-120.42008972167969,38.130657196044922
91937781,2022,2022-12-08,9255,2022-11-28,1114,019643,,1,1,9,0500,0,1,3,,2,031,SR-26,"SPORT HILL RD",293.00,E,N,A,-,Y,CAL,,26,,,19.171,H,,R,Y,2,0,2,1,A,-,08,22107,,N,E,I,A,A,H,-,A,D,0,,,,,Y,,D,22,2,0,0,0,0,0,0,0,0,"- ","- ",38.300930023193359,-120.69039154052734,CALAVERAS,UNINCORPORATED,-120.69039154052734,38.300926208496094
91939626,2022,2022-12-12,9255,2022-12-03,1218,019640,,6,1,9,0500,0,1,3,,1,021,SR-4,"POOL STATION",1056.00,E,N,B,C,Y,CAL,,4,,,14.993,H,,R,Y,4,0,1,1,A,-,08,22107,,N,E,I,A,B,D,-,A,D,0,,,,,Y,,A,01,0,0,1,0,0,0,0,0,0,"- ","- ",38.047821044921875,-120.64515686035156,CALAVERAS,UNINCORPORATED,-120.64517211914062,38.047836303710938
91941484,2022,2022-12-14,9255,2022-11-29,1430,019246,,2,2,9,0500,0,1,3,,1,010,SR-12,"BURSON ROAD",0.00,,Y,A,-,Y,CAL,,12,,,6.300,H,,R,Y,2,0,2,2,A,-,09,21802,A,N,D,C,A,A,H,-,A,A,0,,,,,Y,,A,01,1,0,1,0,0,0,0,0,0,"- ","- ",38.183559417724609,-120.89042663574219,CALAVERAS,UNINCORPORATED,-120.89042663574219,38.183544158935547
91942602,2022,2023-12-04,9255,2022-11-09,2500,017123,,3,4,9,0500,0,1,3,,2,030,"STATE ROUTE 49","FOURTH CROSSING ROAD",1056.00,N,N,B,-,Y,CAL,,49,,,14.422,H,,R,Y,1,1,0,1,A,-,01,23152,B,N,E,I,A,B,H,-,D,D,0,,,,,Y,Y,A,07,0,0,0,0,0,0,0,0,0,"- ","- ",38.135879516601562,-120.63542175292969,CALAVERAS,UNINCORPORATED,-120.63533782958984,38.135871887207031
91946942,2022,2022-12-20,9255,2022-11-29,1454,019246,,2,2,9,0500,0,1,3,,1,010,SR-12,"CENTRAL HILL ROAD",5808.00,W,N,A,-,Y,CAL,,12,,,15.073,H,,R,Y,3,0,1,4,A,-,01,23152,A,N,B,C,A,A,H,-,A,D,0,,,,Y,Y,Y,D,22,0,1,0,0,0,0,0,0,0,"- ","- ",38.209560394287109,-120.74275207519531,CALAVERAS,UNINCORPORATED,-120.74275970458984,38.209541320800781
91948014,2022,2022-12-21,9255,2022-05-31,0110,019246,,2,3,9,0500,0,1,3,,2,040,SR-4,"HORSESHOE DR",0.00,,Y,A,-,Y,CAL,,4,,,36.007,H,,R,Y,1,1,0,1,A,-,08,22107,,N,E,I,A,A,H,-,D,D,0,,,,,Y,,A,07,0,0,0,0,0,0,0,0,0,"- ","- ",38.186588287353516,-120.3692626953125,CALAVERAS,UNINCORPORATED,-120.36931610107422,38.186687469482422
91948515,2022,2022-12-21,9255,2022-12-07,1825,019885,,3,2,9,0500,0,1,3,,2,030,SR-49,"BUCKSKIN WAY",1005.00,N,N,A,-,Y,CAL,,49,,,18.155,H,,R,Y,3,0,2,3,A,-,03,22350,,N,C,C,A,A,H,-,D,D,0,,,,,Y,,A,01,0,2,0,0,0,0,0,0,0,"- ","- ",38.181541442871094,-120.66816711425781,CALAVERAS,UNINCORPORATED,-120.66819000244141,38.181526184082031
91949578,2022,2022-12-22,9255,2022-12-04,1435,019246,,7,2,9,0500,0,1,3,,2,031,SR-26,"RAILROAD FLAT RD",1109.00,E,N,B,-,Y,CAL,,26,,,33.844,H,,R,Y,3,0,1,1,A,-,08,22107,,N,E,I,A,B,H,-,A,D,0,,,,,Y,,-,"- ",0,1,0,0,0,0,0,0,0,"- ","- ",38.391269683837891,-120.52439117431641,CALAVERAS,UNINCORPORATED,-120.52434539794922,38.391242980957031
91953220,2022,2022-12-27,9255,2022-12-16,1720,019885,,5,2,9,0500,0,1,3,,2,031,SR-26,"CENTENNIAL MINE RD",7973.00,W,N,A,-,Y,CAL,,26,,,38.154,H,,R,Y,3,0,2,2,A,-,03,22350,,N,A,C,A,C,H,-,D,D,0,,,,,Y,,A,07,0,2,0,0,0,0,0,0,0,"- ","- ",38.421070098876953,-120.54289245605469,CALAVERAS,UNINCORPORATED,-120.54293060302734,38.421184539794922
91956813,2022,2022-12-30,9255,2022-12-23,2054,019640,,5,2,9,0500,0,1,3,,2,040,SR-4,"SILVER DAWN RANCH ROAD",580.00,W,N,A,-,Y,CAL,,4,,,31.871,H,,R,Y,2,0,1,1,A,-,01,23152,A,N,E,I,A,A,H,-,D,D,0,,,,,Y,Y,A,07,1,0,0,0,0,0,0,0,0,"- ","- ",38.164150238037109,-120.43475341796875,CALAVERAS,UNINCORPORATED,-120.43474578857422,38.164093017578125
91958294,2022,2023-01-03,9255,2022-08-15,2125,018894,,1,2,9,0500,0,1,3,,2,050,"STATE ROUTE 4","BLACK SPRINGS ROAD",2620.00,E,N,A,-,Y,CAL,,4,,R,55.444,H,,R,Y,1,1,0,1,A,-,08,22107,,N,E,I,A,A,H,-,D,D,0,,,,,Y,,A,07,0,0,0,0,0,0,0,0,0,"- ","- ",38.379661560058594,-120.18862152099609,CALAVERAS,UNINCORPORATED,-120.1884765625,38.379608154296875
91958312,2022,2023-01-03,9255,2022-12-23,1545,022429,,5,2,9,0500,0,3,5,,2,005,SR-4,"LAKEMONT DRIVE",500.00,E,N,A,-,Y,CAL,,4,,,39.892,H,,R,Y,4,0,1,2,A,-,08,22107,,N,D,C,A,A,H,-,A,D,0,,,,,Y,,A,07,0,0,1,0,0,0,0,0,0,"- ","- ",38.237209320068359,-120.36435699462891,CALAVERAS,UNINCORPORATED,-120.36431884765625,38.237186431884766
91958320,2022,2023-01-03,9255,2022-12-21,2028,019246,,3,2,9,0500,0,2,4,,2,034,"RAILROAD FLAT RD","CEDAR SPRINGS RD",320.00,S,N,B,-,N,,,,,,,,,,Y,2,0,1,1,A,-,08,22107,,N,E,I,A,A,H,-,D,D,0,,,,,Y,,D,22,1,0,0,0,0,0,0,0,0,"- ","- ",38.259178161621094,-120.51992797851562,CALAVERAS,UNINCORPORATED,-120.51955413818359,38.259281158447266
91958527,2022,2023-01-03,9255,2022-12-25,1953,019387,,7,2,9,0500,0,1,3,,2,030,SR-49,"GOLD RUSH LANE",1770.00,N,N,A,-,Y,CAL,,49,,,29.752,H,,R,Y,4,0,1,1,A,-,08,22107,,N,E,I,A,A,H,-,D,D,0,,,,,Y,,A,01,0,0,1,0,0,0,0,0,0,"- ","- ",38.3035888671875,-120.73110961914062,CALAVERAS,UNINCORPORATED,-120.73112487792969,38.303607940673828
91959494,2022,2023-01-04,9255,2022-12-23,2130,020563,,5,2,9,0500,0,3,5,,2,003,"WINTON ROAD","SMITTY LANE",186.00,E,N,B,-,N,,,,,,,,,,Y,3,0,2,2,A,-,01,23152,G,N,A,C,A,A,H,-,D,D,0,,,,,Y,Y,A,07,0,1,1,0,0,0,0,0,0,"- ","- ",38.407459259033203,-120.51751708984375,CALAVERAS,UNINCORPORATED,-120.51731109619141,38.40740966796875
91959517,2022,2023-01-04,9255,2022-12-27,1300,017123,,2,1,9,0500,0,1,3,,2,030,SR-49,"AMADOR / CALAVERAS COUNTY LINE",6336.00,S,N,C,-,Y,CAL,,49,,,29.754,H,,R,Y,3,0,1,1,A,-,03,22350,,N,E,I,A,B,H,-,A,D,0,,,,,Y,,A,01,0,1,0,0,0,0,0,0,0,"- ","- ",38.303611755371094,-120.73108673095703,CALAVERAS,UNINCORPORATED,-120.73110198974609,38.303623199462891
91963177,2022,2023-12-04,9255,2022-10-28,1440,019534,,5,2,9,0500,0,1,3,,2,031,"STATE ROUTE 26","EALEY ROAD",422.00,E,N,A,-,Y,CAL,,26,,,28.084,H,,R,Y,1,1,0,1,A,-,08,22107,,N,E,I,A,A,H,-,A,D,0,,,,,Y,,D,22,0,0,0,0,0,0,0,0,0,"- ","- ",38.358211517333984,-120.57264709472656,CALAVERAS,UNINCORPORATED,-120.57261657714844,38.358192443847656
91968237,2022,2023-01-13,9255,2022-12-31,2340,019534,,6,3,9,0500,0,3,5,,2,001,"PARDINI PL","JENNY LIND VISTA",850.00,E,N,B,C,N,,,,,,,,,,Y,4,0,1,1,A,-,08,22107,,M,E,I,A,B,H,-,D,D,0,,,,,Y,,A,01,0,0,1,0,0,0,0,0,0,"- ","- ",38.099399566650391,-120.86386108398438,CALAVERAS,UNINCORPORATED,-120.86381530761719,38.099319458007812
91969481,2023,2023-01-17,9255,2023-01-06,1630,022429,,5,2,9,0500,0,3,5,,2,005,SR-4,"HOWARD CT",1003.00,E,N,A,-,Y,CAL,,4," "," ",37.903,H,,R,Y,3,0,2,2,A,-,08,22107,,N,B,C,A,A,H,-,A,D,0,,,,,Y,,D,22,0,1,1,0,0,0,0,0,0,"- ","- ",38.210708618164062,-120.36850738525391,CALAVERAS,UNINCORPORATED,-120.36848449707031,38.210716247558594
91971816,2023,2023-01-19,9255,2023-01-06,1645,022429,,5,2,9,0500,0,3,5,,2,005,SR-4,"HOWARD CT",950.00,E,N,A,-,Y,CAL,,4," "," ",37.907,H,,R,Y,4,0,1,2,A,-,03,22350,,N,C,C,A,A,H,-,A,D,0,,,,,Y,,D,22,0,0,1,0,0,0,0,0,0,"- ","- ",38.210758209228516,-120.36852264404297,CALAVERAS,UNINCORPORATED,-120.36849975585938,38.210765838623047
91971831,2023,2023-01-19,9255,2023-01-10,1448,019534,,2,2,9,0500,0,2,4,,1,022,"OBYRNES FERRY RD","BLACK CREEK DR",200.00,N,N,B,C,N,,,,,,,,,,Y,2,0,1,1,A,-,01,23152,A,N,E,I,A,B,H,-,A,D,0,,,,,Y,Y,A,01,1,0,0,0,0,0,0,0,0,"- ","- ",37.952171325683594,-120.61402130126953,CALAVERAS,UNINCORPORATED,-120.61383056640625,37.952041625976562
91972916,2023,2023-01-20,9255,2023-01-11,1540,019643,,3,2,9,0500,0,3,5,,2,002,"POOL STATION RD","RIATA WAY",11616.00,N,N,B,C,N,,,,,,,,,,N,4,0,1,2,A,-,05,21650,,N,B,C,A,B,H,-,A,D,0,,,,,Y,,-,"- ",0,0,1,0,0,0,0,0,0,"- ","- ",38.122318267822266,-120.65837097167969,CALAVERAS,UNINCORPORATED,-120.65767669677734,38.117664337158203
91972992,2023,2023-01-20,9255,2023-01-15,"730 ",017324,,7,1,9,0500,0,1,3,,1,021,"STATE ROUTE 4","STALLION WAY",5280.00,E,N,B,C,Y,CAL,,4," "," ",17.604,H,,R,Y,4,0,1,1,A,-,03,22350,,N,E,I,A,B,H,-,A,D,0,,,,,Y,,A,01,0,0,1,0,0,0,0,0,0,"- ","- ",38.067550659179688,-120.615478515625,CALAVERAS,UNINCORPORATED,-120.61549377441406,38.067569732666016
91976144,2023,2023-01-24,9255,2023-01-18,"853 ",017286,,3,1,9,0500,0,1,3,,2,040,SR-4,"LIVE OAK DR",0.00,,Y,A,-,Y,CAL,,4," "," ",27.425,H,,R,Y,4,0,1,2,A,-,03,22350,,N,C,C,A,A,H,-,A,D,0,,,,,Y,,A,01,0,0,1,0,0,0,0,0,0,"- ","- ",38.111030578613281,-120.45877838134766,CALAVERAS,UNINCORPORATED,-120.45871734619141,38.110984802246094
91976182,2023,2023-01-24,9255,2023-01-20,"910 ",017123,,5,1,9,0500,0,1,3,,2,030,SR-49,SR-12,1267.00,N,N,A,-,Y,CAL,,49," ",R,20.749,H,,R,Y,4,0,1,2,A,-,03,22350,,N,C,C,A,A,H,-,A,D,0,,,,Y,Y,,F,26,0,0,1,0,0,0,0,0,0,"- ","- ",38.208328247070312,-120.69721221923828,CALAVERAS,UNINCORPORATED,-120.69719696044922,38.208328247070312
91977355,2023,2023-01-25,9255,2023-01-18,"823 ",017286,,3,1,9,0500,0,1,3,,2,050,SR-4,"MANZANITA DR",2112.00,E,N,A,-,Y,CAL,,4," "," ",30.669,H,,R,Y,4,0,1,1,A,-,08,22107,,N,F,A,A,C,H,-,A,D,0,,,,,Y,,A,01,0,0,1,0,0,0,0,0,0,"- ","- ",38.150711059570312,-120.44357299804688,CALAVERAS,UNINCORPORATED,-120.44355010986328,38.150646209716797
91978498,2023,2023-01-26,9255,2023-01-20,1050,017324,,5,1,9,0500,0,1,3,,2,050,"STATE ROUTE 4","GOLDEN TORCH DRIVE",225.00,W,N,B,-,Y,CAL,,4," "," ",46.475,H,,R,Y,4,0,1,2,A,-,03,22350,,N,A,C,A,C,H,-,A,D,0,,,,,Y,,D,22,0,0,1,0,0,0,0,0,0,"- ","- ",38.295089721679688,-120.28607177734375,CALAVERAS,UNINCORPORATED,-120.28601837158203,38.295070648193359
91983416,2023,2023-01-31,9255,2023-01-26,"843 ",016918,,4,1,9,0500,0,1,3,,2,030,SR-49,"COURT STREET",65.00,S,N,A,-,Y,CAL,,49," "," ",19.465,H,,R,N,3,0,1,2,A,-,03,22350,,N,G,B,D,A,H,-,A,D,0,Y,,,,Y,,A,01,0,1,0,0,1,0,0,0,0,"- ","- ",38.196559906005859,-120.68193817138672,CALAVERAS,UNINCORPORATED,-120.68190765380859,38.196609497070312
91983914,2023,2023-02-01,9255,2023-01-28,"205 ",020142,,6,3,9,0500,0,1,3,,1,010,SR-12,"DOUBLE SPRINGS ROAD (LOWER)",1584.00,W,N,A,-,Y,CAL,,12," "," ",12.757,H,,R,Y,2,0,2,1,A,-,08,22107,,N,E,I,A,A,H,-,D,D,0,,,,,Y,,D,22,1,0,1,0,0,0,0,0,0,"- ","- ",38.209041595458984,-120.78491973876953,CALAVERAS,UNINCORPORATED,-120.78489685058594,38.208984375
91985328,2023,2023-02-02,9255,2023-01-22,1735,019885,,7,2,9,0500,0,1,3,,1,020,SR-49,"WHITTLE RD",270.00,N,N,A,-,Y,CAL,,49," "," ",5.456,H,,R,Y,3,0,1,2,C,-,18,,,N,E,J,A,A,H,-,C,D,0,,,,,Y,,-,"- ",0,1,0,0,0,0,0,0,0,"- ","- ",38.046390533447266,-120.52664184570312,CALAVERAS,UNINCORPORATED,-120.52661895751953,38.046409606933594
91987324,2023,2023-02-06,9255,2023-01-22,2130,019246,,7,2,9,0500,0,1,3,,1,010,"MOUNTAIN RANCH RD","MILLS AVE",8.00,E,N,A,-,N,,,,,,,,,,Y,3,0,1,1,A,-,08,22107,,N,E,I,A,A,H,-,D,D,0,,,,,Y,,A,01,0,1,0,0,0,0,0,0,0,"- ","- ",38.188678741455078,-120.65132141113281,CALAVERAS,UNINCORPORATED,-120.65155029296875,38.188743591308594
91988448,2023,2023-02-07,9255,2023-01-24,1520,019246,,2,2,9,0500,0,1,3,,1,010,SR-12,"CENTRAL HILL RD",3749.00,W,N,A,-,Y,CAL,,12," "," ",15.610,H,,R,Y,3,0,2,3,A,-,03,22350,,N,C,C,A,A,D,-,A,D,0,,,,,Y,,A,07,0,2,0,0,0,0,0,0,0,"- ","- ",38.207210540771484,-120.73432922363281,CALAVERAS,UNINCORPORATED,-120.73432159423828,38.207221984863281
91988965,2023,2023-02-07,9255,2023-01-16,1525,018894,,1,2,9,0500,0,1,3,,2,050,"STATE ROUTE 4","OTTAWA DR",0.00,,Y,B,-,Y,CAL,,4," "," ",48.450,H,,R,N,4,0,1,2,A,-,09,21802,A,N,D,D,A,C,E,G,A,D,0,,,,,Y,,A,08,0,0,1,0,0,0,0,0,0,"- ","- ",38.314430236816406,-120.2669677734375,CALAVERAS,UNINCORPORATED,-120.2669677734375,38.314441680908203
91994975,2023,2023-02-15,9255,2023-02-04,1341,019525,,6,1,9,0500,0,1,3,,1,021,SR-4,"OBYRNES FERRY ROAD",0.00,,Y,A,-,Y,CAL,,4," ",R,8.147,H,,R,Y,3,0,3,2,A,-,12,22450,A,N,D,C,A,A,H,-,A,A,0,,,,,Y,,A,07,0,1,2,0,0,0,0,0,0,"- ","- ",37.983409881591797,-120.6455078125,CALAVERAS,UNINCORPORATED,-120.64544677734375,37.983417510986328
91996004,2023,2023-02-16,9255,2023-01-25,1815,019246,,3,2,9,0500,0,1,3,,1,011,SR-26,"SILVER RAPIDS RD",1162.00,W,N,A,-,Y,CAL,,26," "," ",7.380,H,,R,N,3,0,1,2,A,-,11,21956,A,N,G,B,E,A,H,-,D,D,0,Y,,,,Y,,-,"- ",0,1,0,0,1,0,0,0,0,"- ","- ",38.157791137695312,-120.85040283203125,CALAVERAS,UNINCORPORATED,-120.85044860839844,38.157821655273438
91996010,2023,2023-02-16,9255,2023-02-05,2130,019996,,7,2,9,0500,0,1,3,,2,040,SR-4,"DAM ROAD",50.00,E,N,A,-,Y,CAL,,4," "," ",30.107,H,,R,Y,3,0,1,1,A,-,08,22107,,N,E,I,A,A,H,-,D,D,0,,,,,Y,,A,01,0,1,0,0,0,0,0,0,0,"- ","- ",38.144618988037109,-120.45011138916016,CALAVERAS,UNINCORPORATED,-120.45012664794922,38.144626617431641
91997394,2023,2023-02-17,9255,2023-02-12,"610 ",019643,,7,1,9,0500,0,3,5,,2,001,"PALOMA RD","WATERTOWN RD",5.00,N,N,A,-,N,,,,,,,,,,Y,4,0,1,1,A,-,08,22107,,N,E,I,A,A,H,-,B,D,0,,,,,Y,,D,22,0,0,1,0,0,0,0,0,0,"- ","- ",38.204879760742188,-120.82740783691406,CALAVERAS,UNINCORPORATED,-120.827392578125,38.204723358154297
91997473,2023,2023-02-17,9255,2023-02-11,1515,019885,,6,2,9,0500,0,3,5,,2,001,"WATERTOWN RD","PALOMA RD",1236.00,N,N,A,-,N,,,,,,,,,,Y,3,0,1,1,A,-,01,23152,A,N,E,I,A,A,H,-,A,D,0,,,,,Y,Y,A,01,0,1,0,0,0,0,0,0,0,"- ","- ",38.209491729736328,-120.82993316650391,CALAVERAS,UNINCORPORATED,-120.82650756835938,38.206298828125
91999246,2023,2023-02-21,9255,2023-02-21,"935 ",019643,,2,1,9,0500,0,1,3,,2,030,SR-49,"FOURTH CROSSING RD",1.00,N,N,A,-,Y,CAL,,49," "," ",14.201,H,,R,Y,4,0,2,2,A,-,03,22350,,N,C,C,A,A,H,-,A,D,0,,,,,Y,,A,01,0,0,2,0,0,0,0,0,0,"- ","- ",38.132560729980469,-120.63504791259766,CALAVERAS,UNINCORPORATED,-120.63497161865234,38.132568359375
92001457,2023,2023-02-23,9255,2023-02-15,1551,017537,,3,2,9,0500,0,3,5,,2,001,"HEDGEPETH RD","HAUTLY LN",0.00,,Y,A,-,N,,,,,,,,,,N,2,0,1,1,B,-,22,,,N,F,A,A,A,H,-,A,D,0,,,Y,,Y,,C,06,1,0,0,0,0,0,0,0,1,"- ","- ",38.103401184082031,-120.86506652832031,CALAVERAS,UNINCORPORATED,-120.86519622802734,38.103469848632812
92001471,2023,2023-02-23,9255,2023-02-17,1453,017537,,5,2,9,0500,0,3,5,,2,001,"BURSON RD",SR-12,2640.00,S,N,A,-,N,,,,,,,,,,Y,4,0,1,1,A,-,08,22107,,N,E,8,A,A,H,-,A,D,0,,,,,Y,,D,22,0,0,1,0,0,0,0,0,0,"- ","- ",38.175319671630859,-120.89073944091797,CALAVERAS,UNINCORPORATED,-120.89073181152344,38.176315307617188
92001645,2023,2023-12-04,9255,2023-01-23,"415 ",020563,,1,3,9,0500,0,3,5,,2,003,"GOLD STRIKE ROAD","GOLD STRIKE WAY",1530.00,S,N,A,-,N,,,,,,,,,,Y,1,1,0,1,A,-,01,23152,B,N,E,I,A,C,H,-,D,D,0,,,,,Y,Y,A,01,0,0,0,0,0,0,0,0,0,"- ","- ",38.202289581298828,-120.67902374267578,CALAVERAS,UNINCORPORATED,-120.67913055419922,38.202430725097656
92004995,2023,2023-02-28,9255,2023-02-17,1945,022429,,5,2,9,0500,0,1,3,,2,050,SR-4,"HENRY DR",65.00,E,N,A,-,Y,CAL,,4," "," ",41.639,H,,R,Y,4,0,1,2,A,-,09,21801,,N,D,C,A,A,H,-,D,D,0,,,,,Y,,A,01,0,0,1,0,0,0,0,0,0,"- ","- ",38.256721496582031,-120.34707641601562,CALAVERAS,UNINCORPORATED,-120.34706115722656,38.256649017333984
92007223,2023,2023-03-17,9255,2023-02-21,2149,017537,,2,2,9,0500,0,1,3,,1,020,SR-49,"MECHAM RANCH RD",2640.00,N,N,A,-,Y,CAL,,49," "," ",11.367,H,,R,N,4,0,1,2,A,-,08,22107,,N,B,C,A,A,H,-,D,D,0,,,,,Y,,A,01,0,0,1,0,0,0,0,0,0,"- ","- ",38.106891632080078,-120.59654235839844,CALAVERAS,UNINCORPORATED,-120.59651184082031,38.106914520263672
92007790,2023,2023-07-17,9255,2023-01-17,1144,016918,,2,1,9,0500,0,1,3,,1,010,"STATE ROUTE 12","WARDS AVENUE",80.00,W,N,A,-,Y,CAL,,12," "," ",0.904,H,,R,Y,1,1,2,2,A,-,01,23152,A,N,A,C,A,A,H,-,A,D,0,,,,,Y,Y,A,01,2,0,0,0,0,0,0,0,0,"- ","- ",38.194358825683594,-120.97804260253906,CALAVERAS,UNINCORPORATED,-120.97803497314453,38.194366455078125
92007913,2023,2023-03-02,9255,2023-02-20,1510,019534,,1,2,9,0500,0,3,5,,2,001,"BURSON RD","STATE ROUTE 12",2640.00,S,N,A,-,N,,,,,,,,,,Y,2,0,1,1,A,-,08,22107,,N,F,A,A,A,H,-,A,D,0,,,Y,,Y,,C,02,1,0,0,0,0,0,0,0,1,"- ","- ",38.174121856689453,-120.89054107666016,CALAVERAS,UNINCORPORATED,-120.89073181152344,38.176315307617188
92009047,2023,2023-03-03,9255,2023-02-22,1740,019534,,3,2,9,0500,0,1,3,,1,010,"STATE ROUTE 12","STATE ROUTE 26",500.00,W,N,A,-,Y,CAL,,12," "," ",13.752,H,,R,Y,3,0,1,1,A,-,08,22107,,N,F,A,A,A,H,-,A,D,0,,,Y,,Y,,C,02,0,1,0,0,0,0,0,0,1,"- ","- ",38.211200714111328,-120.76640319824219,CALAVERAS,UNINCORPORATED,-120.76638031005859,38.211177825927734
92009258,2023,2023-03-03,9255,2023-02-27,1710,019885,,1,2,9,0500,0,1,3,,1,010,SR-12,"BURSON RD",2903.00,W,N,D,-,Y,CAL,,12," "," ",5.747,H,,R,N,3,0,1,1,A,-,03,22350,,N,E,I,A,C,H,-,A,D,0,,,,,Y,,D,22,0,1,0,0,0,0,0,0,0,"- ","- ",38.182929992675781,-120.90036010742188,CALAVERAS,UNINCORPORATED,-120.90033721923828,38.182865142822266
92010175,2023,2023-03-06,9255,2023-02-18,1710,019996,,6,2,9,0500,0,1,3,,1,021,SR-4,"HORSESHOE DRIVE",0.00,,Y,A,-,Y,CAL,,4," ",R,5.078,H,,R,Y,3,0,4,3,A,-,09,21802,A,N,D,C,A,A,H,-,A,A,0,,,,,Y,,A,07,0,4,0,0,0,0,0,0,0,"- ","- ",37.955921173095703,-120.68675994873047,CALAVERAS,UNINCORPORATED,-120.68675994873047,37.955947875976562
92010902,2023,2023-03-07,9255,2023-02-28,1200,017286,,2,1,9,0500,0,1,3,,1,010,SR-12,"CENTRAL HILL RD.",528.00,W,N,B,C,Y,CAL,,12," "," ",16.167,H,,R,Y,4,0,2,3,A,-,03,22350,,N,C,C,A,B,G,-,A,D,0,,,,,Y,,D,22,0,0,2,0,0,0,0,0,0,"- ","- ",38.204238891601562,-120.7257080078125,CALAVERAS,UNINCORPORATED,-120.72579956054688,38.204177856445312
92012963,2023,2023-03-08,9255,2023-02-18,1825,019885,,6,2,9,0500,0,3,5,,2,001,"CAMPO SECO RD","ARKANSAS FERRY RD",165.00,E,N,A,-,N,,,,,,,,,,Y,3,0,1,2,A,-,08,22107,,M,E,I,A,A,H,-,D,D,0,,,,,Y,,D,22,0,1,0,0,0,0,0,0,0,"- ","- ",38.227840423583984,-120.85286712646484,CALAVERAS,UNINCORPORATED,-120.85293579101562,38.227825164794922
92012965,2023,2023-03-08,9255,2023-03-02,1405,019885,,4,2,9,0500,0,3,5,,2,003,"NEILSEN RD","GOLD STRIKE RD",254.00,E,N,A,-,N,,,,,,,,,,N,4,0,1,2,A,-,21,22106,,N,H,C,A,A,H,-,A,D,0,,,,,Y,,A,07,0,0,1,0,0,0,0,0,0,"- ","- ",38.199939727783203,-120.67685699462891,CALAVERAS,UNINCORPORATED,-120.67688751220703,38.199981689453125
92013494,2023,2023-03-09,9255,2023-02-26,2320,019246,,7,3,9,0500,0,1,3,,1,011,SR-26,"HEINEMANN DR",245.00,W,N,B,C,Y,CAL,,26," "," ",7.095,H,,R,Y,3,0,1,2,A,-,01,23152,A,N,B,E,A,B,H,-,D,D,0,,,,,Y,Y,-,"- ",0,1,0,0,0,0,0,0,0,"- ","- ",38.154449462890625,-120.85305786132812,CALAVERAS,UNINCORPORATED,-120.85308837890625,38.154476165771484
92013505,2023,2023-03-09,9255,2023-02-28,1824,017537,,2,2,9,0500,0,1,3,,1,010,SR-49,"POOL STATION RD",200.00,W,N,B,C,Y,CAL,,49," "," ",20.224,H,,R,N,4,0,1,2,A,-,03,22350,,M,C,C,A,B,H,-,D,D,0,,,,,Y,,-,99,0,0,1,0,0,0,0,0,0,"- ","- ",38.201759338378906,-120.69393920898438,CALAVERAS,UNINCORPORATED,-120.69392395019531,38.201778411865234
92013512,2023,2023-03-09,9255,2023-03-02,1441,017537,,4,2,9,0500,0,3,5,,2,001,"QUARTZ RD","LIMESTONE RD",1056.00,E,N,A,-,N,,,,,,,,,,N,4,0,1,1,B,-,22,,,N,F,A,A,A,H,-,A,D,0,,,,,Y,,M,97,0,0,1,0,0,0,0,0,0,"- ","- ",38.194118499755859,-120.93933868408203,CALAVERAS,UNINCORPORATED,-120.93867492675781,38.194400787353516
92013561,2023,2023-03-09,9255,2023-03-03,"726 ",016918,,5,1,9,0500,0,1,3,,1,011,SR-26,"BALDWIN ST",0.00,,Y,A,-,Y,CAL,,26," "," ",5.961,H,,R,Y,3,0,1,2,A,-,09,21801,A,N,D,C,A,A,H,-,A,D,0,,,,,Y,,A,01,0,1,0,0,0,0,0,0,0,"- ","- ",38.141010284423828,-120.86432647705078,CALAVERAS,UNINCORPORATED,-120.86434173583984,38.141014099121094
92013642,2023,2023-03-09,9255,2023-03-07,"650 ",016918,,2,1,9,0500,0,3,5,,2,001,"MILTON RD","MAIN ST",8976.00,S,N,A,-,N,,,,,,,,,,N,3,0,1,1,A,-,08,22107,,N,E,I,A,A,H,-,A,D,0,,,,,Y,,D,22,0,1,0,0,0,0,0,0,0,"- ","- ",38.072841644287109,-120.86895751953125,CALAVERAS,UNINCORPORATED,-120.86735534667969,38.066886901855469
92018381,2023,2023-03-15,9255,2023-03-05,1707,019996,,7,2,9,0500,0,3,5,,2,001,"HOGAN DAME ROAD",SR-26,2300.00,S,N,B,C,N,,,,,,,,,,Y,3,0,1,1,A,-,01,23152,A,N,F,A,A,B,H,-,A,D,0,,,,,Y,Y,A,07,0,1,0,0,0,0,0,0,0,"- ","- ",38.184028625488281,-120.81852722167969,CALAVERAS,UNINCORPORATED,-120.82566070556641,38.185489654541016
92019500,2023,2023-03-16,9255,2023-03-10,1355,017123,,5,1,9,0500,0,1,3,,1,021,SR-4,"TELEGRAPH CT",1800.00,E,N,C,-,Y,CAL,,4," ",R,1.318,H,,R,Y,3,0,1,1,A,-,08,22107,,N,F,A,A,B,H,-,A,D,0,,,,,Y,,A,07,0,1,0,0,0,0,0,0,0,"- ","- ",37.940681457519531,-120.74691772460938,CALAVERAS,UNINCORPORATED,-120.74691009521484,37.940631866455078
92019826,2023,2023-03-16,9255,2023-03-08,"730 ",016918,,3,1,9,0500,0,1,3,,2,031,SR-26,"HIGDON RD",3168.00,E,N,B,D,Y,CAL,,26," "," ",37.536,H,,R,Y,2,0,1,1,A,-,03,22350,,N,F,A,A,C,H,-,A,D,0,,,,,Y,,D,22,1,0,0,0,0,0,0,0,0,"- ","- ",38.416110992431641,-120.55062866210938,CALAVERAS,UNINCORPORATED,-120.55061340332031,38.416110992431641
92020911,2023,2023-03-17,9255,2023-03-10,1515,017537,,5,2,9,0500,0,1,3,,2,040,SR-4,"DARBY RUSSELL RD",1056.00,E,N,B,C,Y,CAL,,4," "," ",35.368,H,,R,N,3,0,1,1,A,-,01,23152,A,M,F,A,A,C,E,-,A,D,0,,,,,Y,Y,D,22,0,1,0,0,0,0,0,0,0,"- ","- ",38.182399749755859,-120.37895965576172,CALAVERAS,UNINCORPORATED,-120.37897491455078,38.182426452636719
92020960,2023,2023-03-17,9255,2023-03-11,1443,019996,,6,2,9,0500,0,1,3,,1,021,SR-4,"OBYRNES FERRY ROAD",2160.00,W,N,B,F,Y,CAL,,4," ",R,7.732,H,,R,Y,4,0,1,1,A,-,03,22350,,N,F,A,A,C,H,-,A,D,0,,,,,Y,,A,07,0,0,1,0,0,0,0,0,0,"- ","- ",37.978130340576172,-120.64830780029297,CALAVERAS,UNINCORPORATED,-120.64833068847656,37.978145599365234
92022567,2023,2023-03-20,9255,2023-03-14,1624,017537,,2,2,9,0500,0,1,3,,2,030,SR-49,"BIG BAR RD",2112.00,S,N,B,C,Y,CAL,,49," "," ",30.574,H,,R,Y,3,0,2,2,A,-,08,22107,,N,A,C,A,D,H,-,A,D,0,,,,,Y,,D,22,0,1,1,0,0,0,0,0,0,"- ","- ",38.309200286865234,-120.72299957275391,CALAVERAS,UNINCORPORATED,-120.72299957275391,38.309192657470703
92023316,2023,2023-03-21,9255,2023-03-10,"925 ",016918,,5,1,9,0500,0,1,3,,2,031,SR-26,"STORMY LN",420.00,E,N,B,C,Y,CAL,,26," "," ",26.158,H,,R,N,3,0,1,2,D,-,00,,,N,D,C,A,B,H,-,A,D,0,,,,,Y,,-,"- ",0,1,0,0,0,0,0,0,0,"- ","- ",38.341091156005859,-120.59037017822266,CALAVERAS,UNINCORPORATED,-120.59037780761719,38.341072082519531
92025214,2023,2023-03-22,9255,2023-03-15,1610,017324,,3,2,9,0500,0,1,3,,1,021,"STATE ROUTE 4","TOWN SQUARE ROAD",0.00,,Y,A,-,Y,CAL,,4," ",R,7.328,H,,R,Y,3,0,2,2,A,-,09,21802,A,N,D,C,A,A,H,-,A,A,0,,,,,Y,,D,22,0,2,0,0,0,0,0,0,0,"- ","- ",37.974220275878906,-120.65380096435547,CALAVERAS,UNINCORPORATED,-120.65378570556641,37.974208831787109
92026784,2023,2023-03-23,9255,2023-03-22,1615,017324,,3,2,9,0500,0,3,5,,2,002,"REEDS TURNPIKE","RANCH ROAD",528.00,W,N,A,-,N,,,,,,,,,,Y,3,0,1,1,A,-,08,22107,,N,B,I,A,A,H,-,A,D,0,,,,,Y,,A,07,0,1,0,0,0,0,0,0,0,"- ","- ",37.973838806152344,-120.64875030517578,CALAVERAS,UNINCORPORATED,-120.64666748046875,37.974178314208984
92029673,2023,2023-03-27,9255,2023-03-26,1258,017286,,7,1,9,0500,0,2,4,,2,034,"MURPHYS GRADE ROAD","FRENCH GULCH ROAD (S)",2640.00,W,N,A,-,N,,,,,,,,,,Y,2,0,2,1,A,-,08,22107,,N,E,I,A,A,H,-,A,D,0,,,Y,,Y,,C,03,2,0,0,0,0,0,0,0,2,"- ","- ",38.133720397949219,-120.47670745849609,CALAVERAS,UNINCORPORATED,-120.52566528320312,38.100448608398438
92035870,2023,2023-04-03,9255,2023-03-22,2345,019246,,3,3,9,0500,0,1,3,,1,011,SR-26,"HEINEMANN DRIVE",330.00,W,N,C,-,Y,CAL,,26," "," ",7.072,H,,R,Y,3,0,1,1,A,-,03,22350,,N,F,A,A,B,H,-,D,D,0,,,,,Y,,-,"- ",0,1,0,0,0,0,0,0,0,"- ","- ",38.154270172119141,-120.85341644287109,CALAVERAS,UNINCORPORATED,-120.85340118408203,38.154254913330078
92037668,2023,2023-04-05,9255,2023-03-29,2315,020142,,3,3,9,0500,0,1,3,,2,030,SR-49,SR-12,90.00,N,N,B,C,Y,CAL,,49," ",R,20.521,H,,R,Y,4,0,1,1,A,-,05,21460,A,N,E,8,A,B,H,-,C,A,0,,,,,Y,,A,01,0,0,1,0,0,0,0,0,0,"- ","- ",38.205181121826172,-120.69730377197266,CALAVERAS,UNINCORPORATED,-120.69725799560547,38.205177307128906
92037854,2023,2023-04-05,9255,2023-03-26,1800,019885,,7,2,9,0500,0,2,4,,2,034,"MOUNTAIN RANCH RD","COACHMAN WAY",2892.00,S,N,A,-,N,,,,,,,,,,N,2,0,1,2,A,-,05,21460,A,N,B,C,A,A,H,-,A,D,0,,,Y,,Y,,C,02,1,0,0,0,0,0,0,0,1,"- ","- ",38.209259033203125,-120.56494903564453,CALAVERAS,UNINCORPORATED,-120.566650390625,38.208160400390625
92040779,2023,2023-04-10,9255,2023-04-01,1255,017123,,6,1,9,0500,0,1,3,,1,021,"RT 4","POOL STATION RD",900.00,E,N,A,-,Y,CAL,,4," "," ",14.877,H,,R,Y,3,0,1,1,A,-,08,22107,,N,F,A,A,A,H,-,A,D,0,,,Y,,Y,,C,02,0,1,0,0,0,0,0,0,1,"- ","- ",38.046669006347656,-120.64662170410156,CALAVERAS,UNINCORPORATED,-120.64657592773438,38.046642303466797
92044561,2023,2023-04-13,9255,2023-04-01,1352,017286,,6,1,9,0500,0,1,3,,2,030,SR-49,"OCONNELL LANE",20.00,S,N,A,-,N,,,,,,,,,,Y,3,0,1,2,A,-,03,22350,,N,C,C,A,A,H,-,A,D,0,,,,,Y,,A,07,0,1,0,0,0,0,0,0,0,"- ","- ",38.175468444824219,-120.66145324707031,CALAVERAS,UNINCORPORATED,-120.66145324707031,38.175464630126953
92045011,2023,2023-04-14,9255,2023-04-12,1800,017324,,3,2,9,0500,0,1,3,,1,021,"STATE ROUTE 4","TELEGRAPH CT",500.00,E,N,A,-,Y,CAL,,4," ",R,1.038,H,,R,Y,4,0,1,1,A,-,08,22107,,N,F,A,A,A,H,-,A,D,0,,,,,Y,,A,01,0,0,1,0,0,0,0,0,0,"- ","- ",37.940158843994141,-120.75203704833984,CALAVERAS,UNINCORPORATED,-120.75202941894531,37.940086364746094
92047428,2023,2023-04-18,9255,2023-03-27,1730,017286,,1,2,9,0500,0,1,3,,1,020,SR-49,"RED HILL ROAD",1056.00,S,N,A,-,Y,,,,,,,,,,N,3,0,1,1,D,-,00,,,N,H,A,A,A,H,-,A,D,0,,,,,Y,,-,"- ",0,1,0,0,0,0,0,0,0,"- ","- ",38.028640747070312,-120.50698852539062,CALAVERAS,UNINCORPORATED,-120.50654602050781,38.028614044189453
92048549,2023,2023-04-19,9255,2023-04-09,1640,019885,,7,2,9,0500,0,2,4,,1,022,"O'BYRNES FERRY RD","REEDS TPKE",1998.00,S,N,A,-,N,,,,,,,,,,Y,3,0,3,2,A,-,03,22350,,N,C,C,A,A,H,-,A,D,0,,,,,Y,,D,22,0,3,0,0,0,0,0,0,0,"- ","- ",37.973979949951172,-120.63198089599609,CALAVERAS,UNINCORPORATED,,
92049325,2022,2023-04-20,9255,2022-12-25,1803,019885,,7,2,9,0500,0,3,5,,2,003,"RAILROAD FLAT RD","SIERRA OAKS DR",619.00,S,N,A,-,N,,,,,,,,,,Y,1,1,0,1,A,-,08,22107,,N,E,I,A,A,H,-,D,D,0,,,,,Y,,A,01,0,0,0,0,0,0,0,0,0,"- ","- ",38.299949645996094,-120.50316619873047,CALAVERAS,UNINCORPORATED,-120.50325012207031,38.299858093261719
92053731,2023,2023-04-26,9255,2023-04-14,1447,017537,,5,2,9,0500,0,1,3,,1,020,SR-49,"FOURTH CROSSING RD",0.00,,Y,A,-,Y,CAL,,49," "," ",14.198,H,,R,N,4,0,1,2,A,-,03,22350,,N,C,C,A,A,H,-,A,D,0,,,,,Y,,D,22,0,0,1,0,0,0,0,0,0,"- ","- ",38.132530212402344,-120.63495635986328,CALAVERAS,UNINCORPORATED,-120.63496398925781,38.132530212402344
92053749,2023,2023-04-26,9255,2023-04-09,1759,019534,,7,2,9,0500,0,3,5,,2,001,"SOUTHWORTH RD","WHITE OWL DR",350.00,N,N,A,-,N,,,,,,,,,,Y,2,0,1,1,A,-,01,23152,A,N,E,I,A,A,H,-,A,D,0,,,Y,,Y,Y,C,02,1,0,0,0,0,0,0,0,1,"- ","- ",38.058948516845703,-120.73988342285156,CALAVERAS,UNINCORPORATED,-120.95668792724609,38.165287017822266
92053761,2023,2023-04-26,9255,2023-04-11,1410,019246,,2,2,9,0500,0,3,5,,2,001,"CHILI CAMP ROAD","DE LOS ANGELES RD",792.00,E,N,A,-,N,,,,,,,,,,Y,3,0,1,1,A,-,08,22107,,N,F,A,A,A,H,-,A,D,0,,,Y,,Y,,-,"- ",0,1,0,0,0,0,0,0,1,"- ","- ",38.204879760742188,-120.86917877197266,CALAVERAS,UNINCORPORATED,-120.86927795410156,38.204910278320312
92053792,2023,2023-04-26,9255,2023-04-11,1530,019246,,2,2,9,0500,0,1,3,,1,011,SR-26,"FARRIS DR",1056.00,W,N,A,-,Y,CAL,,26," "," ",6.879,H,,R,Y,2,0,1,1,A,-,08,22107,,N,E,I,A,A,H,-,A,D,0,,,,,Y,,-,"- ",1,0,0,0,0,0,0,0,0,"- ","- ",38.152408599853516,-120.85604095458984,CALAVERAS,UNINCORPORATED,-120.85604858398438,38.152416229248047
92054682,2023,2023-04-27,9255,2023-04-26,1718,017324,,3,2,9,0500,0,3,5,,2,002,"LITTLE JOHN ROAD","QUIVER STREET",7920.00,N,N,A,-,N,,,,,,,,,,Y,3,0,2,1,A,-,03,22350,,N,F,A,A,A,H,-,A,D,0,,,,Y,Y,,F,26,0,2,0,0,0,0,0,0,0,"- ","- ",37.956611633300781,-120.65212249755859,CALAVERAS,UNINCORPORATED,-120.65158081054688,37.955677032470703
92054909,2023,2023-04-27,9255,2023-04-24,"830 ",016918,,1,1,9,0500,0,1,3,,2,030,SR-49,"POOL STATION RD",265.00,N,N,A,-,Y,CAL,,49," "," ",20.210,H,,R,Y,3,0,1,2,A,-,03,22350,,N,C,C,A,A,H,-,A,D,0,,,,,Y,,A,07,0,1,0,0,0,0,0,0,0,"- ","- ",38.201671600341797,-120.69367980957031,CALAVERAS,UNINCORPORATED,-120.69369506835938,38.201652526855469
92057071,2022,2023-04-28,9255,2022-11-30,1430,019246,,3,2,9,0500,0,2,4,,2,034,"RAILROAD FLAT RD","LOMA SERENA RD",160.00,N,N,A,-,N,,,,,,,,,,Y,1,1,0,1,A,-,08,22107,,N,E,I,A,A,H,-,A,D,0,,,,,Y,Y,A,01,0,0,0,0,0,0,0,0,0,"- ","- ",38.271728515625,-120.50460052490234,CALAVERAS,UNINCORPORATED,-120.50453186035156,38.271636962890625
92058579,2023,2023-05-01,9255,2023-04-24,1545,019996,,1,2,9,0500,0,1,3,,1,010,SR-12,"CHESTNUT STREET",0.00,,Y,A,-,Y,CAL,,12," "," ",9.998,H,,R,Y,4,0,2,2,A,-,09,21802,A,N,D,C,A,A,H,-,A,D,0,,,,,Y,,A,07,0,0,2,0,0,0,0,0,0,"- ","- ",38.19219970703125,-120.82823181152344,CALAVERAS,UNINCORPORATED,-120.82822418212891,38.192176818847656
92058583,2023,2023-05-01,9255,2023-04-25,1900,019996,,2,2,9,0500,0,1,3,,1,011,SR-26,"JOSEPHINE LANE",200.00,E,N,A,-,Y,CAL,,26," "," ",3.561,H,,R,Y,4,0,1,1,A,-,01,23152,A,N,F,A,A,A,H,-,A,D,0,,,,,Y,Y,A,08,0,0,1,0,0,0,0,0,0,"- ","- ",38.116168975830078,-120.88971710205078,CALAVERAS,UNINCORPORATED,-120.88973236083984,38.116188049316406
92058966,2023,2023-05-02,9255,2023-04-28,1120,019534,,5,1,9,0500,0,1,3,,2,030,SR-49,"AIRPORT RD",50.00,S,N,A,-,Y,CAL,,49," "," ",18.476,H,,R,Y,4,0,1,2,A,-,03,22350,,N,C,C,A,A,H,-,A,D,0,,,,,Y,,A,01,0,0,1,0,0,0,0,0,0,"- ","- ",38.185169219970703,-120.67183685302734,CALAVERAS,UNINCORPORATED,-120.67185974121094,38.185157775878906
92059603,2023,2023-08-21,9255,2023-04-24,1400,019996,,1,2,9,0500,0,3,5,,2,003,"BLUE MTN ROAD","NOBLE ROAD",0.00,,Y,A,-,N,,,,,,,,,,N,4,0,1,2,A,-,03,22350,,N,D,C,A,A,H,-,A,D,0,,,Y,,Y,,C,02,0,0,1,0,0,0,0,0,0,"- ","- ",38.373409271240234,-120.50444030761719,CALAVERAS,UNINCORPORATED,-120.50443267822266,38.373409271240234
92060099,2023,2023-05-03,9255,2023-04-29,1805,019996,,6,2,9,0500,0,1,3,,2,031,SR-26,"PONDEROSA WAY",1900.00,W,N,A,-,Y,CAL,,26," "," ",23.035,H,,R,Y,4,0,2,1,A,-,08,22107,,N,E,8,A,A,D,-,A,D,0,,,,,Y,,A,01,0,0,2,0,0,0,0,0,0,"- ","- ",38.325851440429688,-120.63503265380859,CALAVERAS,UNINCORPORATED,-120.63504791259766,38.32586669921875
92060634,2022,2023-05-03,9255,2022-12-11,1245,019534,,7,1,9,0500,0,2,4,,2,034,"RAILROAD FLAT RD","SHEEP RANCH RD",650.00,N,N,C,F,N,,,,,,,,,,Y,1,1,1,1,A,-,08,22107,,N,F,0,A,C,H,-,A,D,0,,,,,Y,,A,01,1,0,0,0,0,0,0,0,0,"- ","- ",38.244789123535156,-120.51746368408203,CALAVERAS,UNINCORPORATED,-120.51741027832031,38.244911193847656
92061550,2023,2024-01-25,9255,2023-03-26,1612,019996,,7,2,9,0500,0,1,3,,1,020,SR-49,"DEER CREEK ROAD",1590.00,S,N,A,-,Y,CAL,,49," "," ",10.454,H,,R,Y,1,1,6,2,A,-,01,23152,A,N,A,C,A,A,H,-,A,D,0,,,,,Y,Y,D,22,5,1,0,0,0,0,0,0,0,"- ","- ",38.097049713134766,-120.58556365966797,CALAVERAS,UNINCORPORATED,-120.5855712890625,38.097042083740234
92064317,2023,2023-05-08,9255,2023-05-06,"900 ",016918,,6,1,9,0500,0,1,3,,2,040,SR-4,"SIX MILE RD",2700.00,W,N,B,C,Y,CAL,,4," "," ",23.508,H,,R,Y,3,0,1,1,A,-,08,22107,,N,E,I,A,B,H,-,A,D,0,,,,,Y,,A,01,0,1,0,0,0,0,0,0,0,"- ","- ",38.085750579833984,-120.510986328125,CALAVERAS,UNINCORPORATED,-120.51100158691406,38.085762023925781
92067898,2023,2023-05-12,9255,2023-05-10,1538,017324,,3,2,9,0500,0,3,5,,2,002,"COPPER COVE DRIVE","ACORN STREET",100.00,W,N,A,-,N,,,,,,,,,,Y,4,0,1,1,A,-,03,22350,,N,F,A,A,A,H,-,A,D,0,,,,,Y,,D,22,0,0,1,0,0,0,0,0,0,"- ","- ",37.934700012207031,-120.6248779296875,CALAVERAS,UNINCORPORATED,-120.62467956542969,37.93487548828125
92070298,2023,2023-07-17,9255,2023-04-22,1127,017286,,6,1,9,0500,0,1,3,,1,010,SR-12,"SOUTHWORTH RD",0.00,,Y,A,-,Y,CAL,,12," "," ",2.451,H,,R,Y,1,1,1,2,A,-,05,21752,D,N,D,C,A,A,H,-,A,D,0,,,Y,,Y,,C,02,1,0,0,0,0,0,0,1,0,"- ","- ",38.179729461669922,-120.95958709716797,CALAVERAS,UNINCORPORATED,-120.95956420898438,38.179779052734375
92072005,2023,2023-05-18,9255,2023-05-12,1750,016918,,5,2,9,0500,0,2,4,,1,022,"OBYRNES FERRY ROAD",SR-4,400.00,S,N,A,-,N,,,,,,,,,,N,3,0,1,1,A,-,03,22350,,N,F,A,A,A,H,-,A,D,0,,,Y,,Y,Y,C,02,0,1,0,0,0,0,0,0,1,"- ","- ",37.983028411865234,-120.64420318603516,CALAVERAS,UNINCORPORATED,,
92075108,2023,2023-05-23,9255,2023-05-13,2010,022429,,6,2,9,0500,0,3,5,,2,005,"SR-4 E/B","RED TAIL HAWK ROAD",1250.00,W,N,A,-,Y,CAL,,4," "," ",38.428,H,,R,Y,2,0,2,1,A,-,01,23152,A,N,E,I,A,A,H,-,B,D,0,,,Y,,Y,Y,C,02,2,0,0,0,0,0,0,0,2,"- ","- ",38.217941284179688,-120.37107849121094,CALAVERAS,UNINCORPORATED,-120.37101745605469,38.217926025390625
92075693,2023,2023-05-23,9255,2023-05-12,1852,019885,,5,2,9,0500,0,3,5,,2,002,"COPPER COVE DR","SAWMILL RD",170.00,W,N,A,-,N,,,,,,,,,,N,3,0,1,1,A,-,01,23152,A,N,F,A,A,A,H,-,A,D,0,,,Y,,Y,Y,C,02,0,1,0,0,0,0,0,0,1,"- ","- ",37.934398651123047,-120.62702178955078,CALAVERAS,UNINCORPORATED,-120.62683868408203,37.934375762939453
92076718,2023,2024-06-03,9255,2023-04-09,1800,019534,,7,2,9,0500,0,3,5,,2,001,"SOUTHWORTH RD","WHITE OWL DR",350.00,N,N,A,-,N,,,,,,,,,,Y,1,1,0,1,A,-,01,23152,A,N,E,I,A,A,H,-,A,D,0,,,Y,,Y,Y,C,02,0,0,0,0,0,0,0,1,0,"- ","- ",38.058948516845703,-120.73988342285156,CALAVERAS,UNINCORPORATED,-120.95668792724609,38.165287017822266
92079275,2023,2023-05-26,9255,2023-05-20,1810,022429,,6,2,9,0500,0,1,3,,2,040,SR-4,"VALLECITO RD",320.00,W,N,A,-,Y,CAL,,4," ",R,22.937,H,,R,Y,4,0,1,1,A,-,08,22107,,N,E,I,A,A,H,-,A,D,0,,,,,Y,,A,07,0,0,1,0,0,0,0,0,0,"- ","- ",38.079120635986328,-120.52809143066406,CALAVERAS,UNINCORPORATED,-120.52809143066406,38.079135894775391
92082572,2023,2023-05-31,9255,2023-05-23,1356,016918,,2,1,9,0500,0,1,3,,2,031,SR-49,SR-12,1200.00,N,N,A,-,Y,CAL,,49," ",R,20.727,H,,R,N,3,0,2,2,A,-,03,22350,,N,C,C,A,A,H,-,A,D,0,,,Y,,Y,,C,02,0,2,0,0,0,0,0,0,2,"- ","- ",38.208019256591797,-120.69719696044922,CALAVERAS,UNINCORPORATED,-120.69720458984375,38.208019256591797
92085816,2023,2023-06-05,9255,2023-05-27,1755,019885,,6,2,9,0500,0,1,3,,1,011,SR-26,"SILVER RAPIDS RD",0.00,,Y,A,-,Y,CAL,,26," "," ",7.604,H,,R,N,3,0,2,2,A,-,09,21802,A,N,D,C,A,A,H,-,A,D,0,,,,,Y,,A,07,0,2,0,0,0,0,0,0,0,"- ","- ",38.159141540527344,-120.84664154052734,CALAVERAS,UNINCORPORATED,-120.84661102294922,38.159084320068359
92086024,2023,2023-06-05,9255,2023-05-20,1901,017537,,6,2,9,0500,0,3,5,,2,004,"ROLLERI BYPASS RD",SR-4,200.00,S,N,A,-,N,,,,,,,,,,Y,2,0,1,1,A,-,08,22107,,N,E,I,A,A,H,-,A,D,0,,,Y,,Y,,C,02,1,0,0,0,0,0,0,0,1,"- ","- ",38.078468322753906,-120.52716827392578,CALAVERAS,UNINCORPORATED,-120.53448486328125,38.080524444580078
92086033,2023,2023-06-05,9255,2023-05-25,1505,017537,,4,2,9,0500,0,1,3,,2,030,SR-49,"LOMBARDI LN",1056.00,N,N,A,-,Y,CAL,,49," ",R,24.728,H,,R,N,4,0,1,1,A,-,08,22107,,N,E,I,A,A,H,-,A,D,0,,,,,Y,,A,01,0,0,1,0,0,0,0,0,0,"- ","- ",38.258171081542969,-120.71559906005859,CALAVERAS,UNINCORPORATED,-120.71563720703125,38.258201599121094
92086895,2023,2023-06-06,9255,2023-05-31,"515 ",020142,,3,3,9,0500,0,1,3,,1,020,SR49,"FROGTOWN ROAD",0.00,,Y,A,-,Y,CAL,,49," "," ",5.376,H,,R,Y,4,0,1,2,A,-,03,22350,,N,D,C,A,A,H,-,D,D,0,,,,,Y,,A,07,0,0,1,0,0,0,0,0,0,"- ","- ",38.045429229736328,-120.52545928955078,CALAVERAS,UNINCORPORATED,-120.52545166015625,38.045436859130859
92086975,2023,2023-06-06,9255,2023-06-03,2253,020142,,6,3,9,0500,0,1,3,,2,040,SR4,"BORBE RANCH ROAD",940.00,W,N,A,-,Y,CAL,,4," "," ",23.080,H,,R,Y,4,0,1,1,A,-,08,22107,,N,E,I,A,A,H,-,D,D,0,,,,,Y,,A,07,0,0,1,0,0,0,0,0,0,"- ","- ",38.081760406494141,-120.51696014404297,CALAVERAS,UNINCORPORATED,-120.51691436767578,38.081718444824219
92088511,2023,2023-06-07,9255,2023-06-05,1535,017324,,1,2,9,0500,0,1,3,,1,020,"STATE ROUTE 49","DEER CREEK ROAD",100.00,S,N,A,-,Y,CAL,,49," "," ",10.726,H,,R,N,4,0,1,2,A,-,03,22350,,N,C,C,A,A,H,-,A,D,0,,,Y,,Y,,C,02,0,0,1,0,0,0,0,0,1,"- ","- ",38.099990844726562,-120.58885192871094,CALAVERAS,UNINCORPORATED,-120.58889007568359,38.099964141845703
92089499,2023,2023-06-08,9255,2023-02-14,"300 ",018894,,2,3,9,0500,0,3,5,,2,005,"MORAN RD","LOVE CREEK RD",2000.00,N,N,A,-,N,,,,,,,,,,Y,1,1,0,1,A,-,08,22107,,N,E,I,A,A,H,-,D,D,0,,,,,Y,,A,07,0,0,0,0,0,0,0,0,0,"- ","- ",38.223529815673828,-120.35816955566406,CALAVERAS,UNINCORPORATED,-120.35913848876953,38.222892761230469
92090419,2023,2023-07-12,9255,2023-06-01,1055,022429,,4,1,2,0501,0,1,3,,1,020,SR-49,"RED HILL ROAD",8659.00,S,N,A,-,Y,CAL,,49," ",R,0.838,H,,R,N,4,0,1,2,A,-,07,21658,A,N,B,C,A,A,H,-,A,D,0,,,,Y,Y,,-,"- ",0,0,1,0,0,0,0,0,0,"- ","- ",38.012729644775391,-120.50892639160156,CALAVERAS,"ANGELS CAMP",-120.50902557373047,38.012676239013672
92091539,2023,2023-06-12,9255,2023-06-06,1605,019534,,2,2,9,0500,0,1,3,,2,030,"STATE ROUTE 49","POOL STATION ROAD",60.00,S,N,B,-,Y,CAL,,49," "," ",20.139,H,,R,Y,4,0,1,4,A,-,03,22350,,N,C,C,A,A,H,-,A,D,0,,,,,Y,,D,22,0,0,1,0,0,0,0,0,0,"- ","- ",38.201129913330078,-120.69251251220703,CALAVERAS,UNINCORPORATED,-120.69252777099609,38.201099395751953
92091894,2023,2023-06-12,9255,2023-05-29,1940,019534,,1,2,9,0500,0,3,5,,2,001,"FREEDOM WAY","DOUBLE SPRINGS RD",650.00,S,N,A,-,N,,,,,,,,,,N,4,0,1,1,A,-,01,23152,A,N,E,J,A,A,H,-,A,D,0,,,,,Y,Y,D,22,0,0,1,0,0,0,0,0,0,"- ","- ",38.213668823242188,-120.76764678955078,CALAVERAS,UNINCORPORATED,,
92091896,2023,2023-06-12,9255,2023-06-03,1320,018318,,6,1,9,0500,0,2,4,,2,034,"MOUNTAIN RANCH ROAD","WILLOW CREEK ROAD",1056.00,E,N,A,-,N,,,,,,,,,,Y,2,0,1,1,A,-,08,22107,,N,F,A,A,A,H,-,A,D,0,,,,,Y,,A,01,1,0,0,0,0,0,0,0,0,"- ","- ",38.190578460693359,-120.64032745361328,CALAVERAS,UNINCORPORATED,-120.63976287841797,38.190940856933594
92091924,2023,2023-06-12,9255,2023-06-05,"430 ",019246,,1,3,9,0500,0,3,5,,2,003,"SHEEP RANCH RD","MANZANITA RIDGE RD",634.00,W,N,A,-,N,,,,,,,,,,N,3,0,1,1,A,-,08,22107,,N,F,D,A,A,H,-,D,D,0,,,,,Y,,-,"- ",0,1,0,0,0,0,0,0,0,"- ","- ",38.223159790039062,-120.48493194580078,CALAVERAS,UNINCORPORATED,-120.48861694335938,38.224822998046875
92092457,2023,2023-06-13,9255,2023-06-09,1620,019534,,5,2,9,0500,0,1,3,,1,010,"STATE ROUTE 12","CHESTNUT ST",515.00,E,N,A,-,Y,CAL,,12," "," ",10.100,H,,R,Y,3,0,1,2,A,-,09,21802,A,N,D,C,A,A,H,-,A,D,0,,,,,Y,,D,22,0,1,0,0,0,0,0,0,0,"- ","- ",38.192478179931641,-120.82639312744141,CALAVERAS,UNINCORPORATED,-120.82639312744141,38.192497253417969
92092490,2023,2023-06-13,9255,2023-06-11,2100,020142,,7,2,9,0500,0,3,5,,2,005,"PINE DRIVE","CEDAR LANE",0.00,,Y,A,-,N,,,,,,,,,,Y,3,0,1,1,A,-,01,23152,A,N,E,I,A,A,H,-,D,A,0,,,,,Y,Y,D,22,0,1,0,0,0,0,0,0,0,"- ","- ",38.2318115234375,-120.36602783203125,CALAVERAS,UNINCORPORATED,-120.36604309082031,38.238193511962891
92093334,2023,2023-06-14,9255,2023-05-21,1440,017537,,7,2,9,0500,0,2,4,,1,041,"MURPHYS GRADE RD","FRENCH GULCH RD (UPPER)",5280.00,W,N,A,-,N,,,,,,,,,,N,2,0,1,1,A,-,01,23152,A,N,E,I,A,A,H,-,A,A,0,,,Y,,Y,Y,C,02,1,0,0,0,0,0,0,0,1,"- ","- ",38.131580352783203,-120.48317718505859,CALAVERAS,UNINCORPORATED,-120.53183746337891,38.095207214355469
92093339,2023,2023-06-14,9255,2023-05-30,2048,017537,,2,2,9,0500,0,1,3,,1,011,SR-26,"JEAN ST",235.00,W,N,A,-,Y,CAL,,26," "," ",10.145,H,,R,N,2,0,3,3,A,-,09,21801,A,N,D,C,A,A,H,-,C,D,0,,,Y,,Y,,A,01,1,1,1,0,0,0,0,0,2,"- ","- ",38.189601898193359,-120.82733917236328,CALAVERAS,UNINCORPORATED,-120.82736206054688,38.189590454101562
92094606,2023,2023-06-15,9255,2023-06-04,"100 ",020563,,7,3,9,0500,0,2,S,,2,841,"MILTON ROAD","GREGORY RD",55.00,E,N,A,-,N,,,,,,,,,,N,3,0,1,1,A,-,01,23152,A,N,E,I,A,A,H,-,D,D,0,,,,,Y,Y,-,"- ",0,1,0,0,0,0,0,0,0,"- ","- ",38.096488952636719,-120.9080810546875,CALAVERAS,UNINCORPORATED,-120.90835571289062,38.096691131591797
92094611,2023,2023-06-15,9255,2023-05-31,1857,017537,,3,2,9,0500,0,1,3,,1,011,SR-26,"HOGAN DAM RD",100.00,E,N,A,-,Y,CAL,,26," "," ",9.929,H,,R,N,2,0,1,1,A,-,01,23152,A,N,F,A,A,A,H,-,B,D,0,,,Y,,Y,Y,C,02,1,0,0,0,0,0,0,0,1,"- ","- ",38.186561584472656,-120.82554626464844,CALAVERAS,UNINCORPORATED,-120.82559204101562,38.186553955078125
92096788,2023,2023-06-19,9255,2023-06-11,1810,017324,,7,2,9,0500,0,3,5,,2,002,"ROCK CREEK ROAD","FELIX DRIVE",8448.00,S,N,A,-,N,,,,,,,,,,Y,2,0,2,1,A,-,01,23152,A,N,F,A,A,A,H,-,A,D,0,,,Y,,Y,Y,C,03,2,0,0,0,0,0,0,0,2,"- ","- ",38.021209716796875,-120.69587707519531,CALAVERAS,UNINCORPORATED,-120.74790191650391,38.018802642822266
92100090,2023,2023-06-22,9255,2023-06-15,1731,017537,,4,2,9,0500,0,3,5,,2,003,SR-26,"RHODA NIDEROST LN",392.00,W,N,A,-,Y,CAL,,26," "," ",35.892,H,,R,N,2,0,1,2,A,-,05,21202,A,N,D,G,A,A,G,-,A,D,0,,Y,,,Y,,L,04,1,0,0,0,0,0,1,0,0,"- ","- ",38.4122314453125,-120.54084014892578,CALAVERAS,UNINCORPORATED,-120.54078674316406,38.412254333496094
92100208,2023,2023-06-22,9255,2023-06-18,1400,017324,,7,2,9,0500,0,1,3,,2,040,"STATE ROUTE 4","UPPER U POWERHOUSE RD",2112.00,E,N,A,-,Y,CAL,,4," "," ",31.832,H,,R,Y,3,0,2,1,A,-,01,23152,A,N,E,I,A,A,H,-,A,D,0,,,Y,,Y,Y,-,"- ",0,2,0,0,0,0,0,0,2,"- ","- ",38.16400146484375,-120.43541717529297,CALAVERAS,UNINCORPORATED,-120.43543243408203,38.164028167724609
92100244,2023,2023-06-22,9255,2023-06-17,1420,017537,,6,2,9,0500,0,1,3,,1,021,SR-4,"STALLION RD",528.00,E,N,A,-,Y,CAL,,4," "," ",17.611,H,,R,Y,3,0,1,1,A,-,01,23152,A,N,F,I,A,A,H,-,A,D,0,,,,,Y,Y,D,22,0,1,0,0,0,0,0,0,0,"- ","- ",38.067638397216797,-120.61538696289062,CALAVERAS,UNINCORPORATED,-120.61537170410156,38.067611694335938
92100784,2023,2023-06-23,9255,2023-06-20,1245,017286,,2,1,9,0500,0,1,3,,2,030,SR-49,"CHURCH HILL RD",28.00,N,N,A,-,Y,CAL,,49," "," ",19.415,H,,R,Y,3,0,1,3,A,-,01,23152,A,N,B,C,A,A,H,-,A,B,0,,,,,Y,Y,D,22,0,1,0,0,0,0,0,0,0,"- ","- ",38.196170806884766,-120.68103790283203,CALAVERAS,UNINCORPORATED,-120.68098449707031,38.196269989013672
92103159,2023,2023-06-27,9255,2023-06-25,2040,019387,,7,2,9,0500,0,1,3,,2,030,SR-49,"AMADOR COUNTY LINE",2000.00,S,N,A,-,Y,CAL,,49," "," ",30.465,H,,R,Y,3,0,1,1,A,-,08,22107,,N,E,I,A,A,H,-,B,D,0,,,Y,,Y,,C,02,0,1,0,0,0,0,0,0,1,"- ","- ",38.309341430664062,-120.72487640380859,CALAVERAS,UNINCORPORATED,-120.72488403320312,38.309341430664062
92107248,2023,2023-06-30,9255,2023-06-27,1758,017537,,2,2,9,0500,0,3,5,,2,003,"RAILROAD FLAT RD",SR-26,1000.00,S,N,A,-,N,,,,,,,,,,N,4,0,2,3,A,-,01,23152,A,N,B,C,A,A,H,-,A,D,0,,,Y,,Y,Y,A,01,0,0,2,0,0,0,0,0,2,"- ","- ",38.387531280517578,-120.52519226074219,CALAVERAS,UNINCORPORATED,-120.52506256103516,38.387466430664062
92108206,2023,2023-07-03,9255,2023-06-17,"820 ",019525,,6,1,9,0500,0,3,5,,2,001,"HARTVICKSON LANE","MULFORD COURT",16.00,W,N,A,-,N,,,,,,,,,,Y,2,0,1,1,A,-,08,22107,,N,F,8,A,A,H,-,A,A,0,,,,,Y,,M,46,1,0,0,0,0,0,0,0,0,"- ","- ",38.135089874267578,-120.84635162353516,CALAVERAS,UNINCORPORATED,-120.84626770019531,38.135128021240234
92108228,2023,2023-07-03,9255,2023-06-23,1620,019885,,5,2,9,0500,0,1,3,,2,030,SR-49,"UNION MINE RD",1928.00,S,N,A,-,Y,CAL,,49," "," ",15.775,H,,R,Y,3,0,1,1,A,-,08,22107,,N,E,I,A,A,H,-,A,D,0,,,,,Y,,A,01,0,1,0,0,0,0,0,0,0,"- ","- ",38.154148101806641,-120.64289093017578,CALAVERAS,UNINCORPORATED,-120.64277648925781,38.154178619384766
92108790,2023,2023-07-03,9255,2023-06-30,1850,019885,,5,2,9,0500,0,1,3,,1,021,SR-4,"POOL STATION RD",2659.00,E,N,A,-,Y,CAL,,4," "," ",15.226,H,,R,N,3,0,1,1,A,-,08,22107,,N,F,A,A,A,H,-,A,D,0,,,Y,,Y,,C,02,0,1,0,0,0,0,0,0,1,"- ","- ",38.047920227050781,-120.64121246337891,CALAVERAS,UNINCORPORATED,-120.64119720458984,38.047943115234375
92109315,2023,2023-07-04,9255,2023-06-25,1715,019534,,7,2,9,0500,0,3,5,,2,003,"W MURRAY CREEK RD","ANDREAS VISTA DR",2640.00,E,N,A,-,N,,,,,,,,,,Y,2,0,3,1,A,-,08,22107,,F,E,I,A,A,H,-,A,D,0,,,,,Y,,A,07,1,2,0,0,0,0,0,0,0,"- ","- ",38.20172119140625,-120.65184783935547,CALAVERAS,UNINCORPORATED,-120.64762878417969,38.203079223632812
92110646,2023,2023-07-06,9255,2023-07-03,1530,019534,,1,2,9,0500,0,1,3,,2,030,"RT 49","MOUNTAIN RANCH RD",120.00,S,N,A,-,Y,CAL,,49," "," ",18.766,H,,R,N,3,0,1,1,A,-,08,22107,,N,F,A,A,A,H,-,A,D,0,,,Y,,Y,,C,02,0,1,0,0,0,0,0,0,1,"- ","- ",38.188789367675781,-120.67449188232422,CALAVERAS,UNINCORPORATED,-120.67441558837891,38.188800811767578
92113818,2023,2023-07-11,9255,2023-06-29,1916,017537,,4,2,9,0500,0,1,3,,1,010,SR-12,"DOUBLE SPRINGS RD",2640.00,E,N,A,-,Y,CAL,,12," "," ",14.805,H,,R,Y,3,0,1,1,A,-,01,23152,A,N,E,I,A,A,H,-,A,D,0,,,,,Y,Y,A,01,0,1,0,0,0,0,0,0,0,"- ","- ",38.212078094482422,-120.74735260009766,CALAVERAS,UNINCORPORATED,-120.74730682373047,38.212150573730469
92113885,2023,2023-07-11,9255,2023-07-02,"952 ",019525,,7,1,9,0500,0,1,3,,1,011,SR-26,"NOVE WAY",0.00,,Y,A,-,Y,CAL,,26," "," ",10.045,H,,R,Y,4,0,1,2,A,-,09,21802,A,N,D,C,A,A,H,-,A,A,0,,,,,Y,,D,22,0,0,1,0,0,0,0,0,0,"- ","- ",38.188201904296875,-120.82649230957031,CALAVERAS,UNINCORPORATED,-120.82652282714844,38.188190460205078
92115387,2023,2023-07-12,9255,2023-06-30,1930,022429,,5,2,9,0500,0,3,5,,2,005,"MORAN ROAD","PATRICIA LANE",230.00,E,N,A,-,N,,,,,,,,,,Y,3,0,1,1,A,-,01,23152,A,N,E,I,A,A,H,-,A,D,0,,,,,Y,Y,A,01,0,1,0,0,0,0,0,0,0,"- ","- ",38.245681762695312,-120.33631134033203,CALAVERAS,UNINCORPORATED,-120.33655548095703,38.245586395263672
92115857,2023,2023-07-13,9255,2023-07-08,1500,017537,,6,2,9,0500,0,1,3,,2,040,SR-4,"KENTUCKY PLACER MINE RD",30.00,W,N,A,-,Y,CAL,,4," "," ",23.676,H,,R,N,4,0,1,2,A,-,03,22350,,N,C,C,A,A,H,-,A,D,0,,,,,Y,,A,01,0,0,1,0,0,0,0,0,0,"- ","- ",38.087348937988281,-120.50865936279297,CALAVERAS,UNINCORPORATED,-120.5086669921875,38.087356567382812
92119190,2023,2023-07-17,9255,2023-07-13,1744,021793,,4,2,9,0500,0,3,5,,2,001,"DUNN RD","SILVER RAPIDS RD",1670.00,W,N,A,-,N,,,,,,,,,,N,2,0,1,1,A,-,08,22107,,N,F,A,A,A,H,-,A,D,0,,,Y,,Y,,C,06,1,0,0,0,0,0,0,0,1,"- ","- ",38.155658721923828,-120.84973907470703,CALAVERAS,UNINCORPORATED,-120.84979248046875,38.1556396484375
92120005,2023,2023-07-18,9255,2023-07-16,"700 ",016918,,7,1,9,0500,0,3,5,,2,003,"WINTON RD","FOREST ROUTE 7N09",2000.00,W,N,A,-,N,,,,,,,,,,Y,3,0,1,1,A,-,08,22107,,N,F,A,A,A,H,-,A,D,0,,,,,Y,,D,22,0,1,0,0,0,0,0,0,0,"- ","- ",38.422691345214844,-120.24720764160156,CALAVERAS,UNINCORPORATED,-120.24723815917969,38.422687530517578
92120167,2023,2023-07-18,9255,2023-07-09,"625 ",019525,,7,1,9,0500,0,1,3,,1,021,SR-4,"OBYRNES FERRY ROAD",0.00,,Y,A,-,Y,CAL,,4," ",R,8.148,H,,R,Y,4,0,1,2,A,-,09,21802,A,N,D,C,A,A,H,-,A,A,0,,,,,Y,,A,07,0,0,1,0,0,0,0,0,0,"- ","- ",37.983440399169922,-120.64541625976562,CALAVERAS,UNINCORPORATED,-120.64544677734375,37.983436584472656
92120693,2023,2023-07-19,9255,2023-07-09,1635,019534,,7,2,9,0500,0,1,3,,1,010,"STATE ROUTE 12","STATE ROUTE 49",900.00,W,N,A,-,Y,CAL,,12," "," ",18.005,H,,R,Y,2,0,1,1,A,-,08,22107,,N,F,A,A,A,H,-,A,D,0,,,Y,,Y,,C,02,1,0,0,0,0,0,0,0,1,"- ","- ",38.206699371337891,-120.699951171875,CALAVERAS,UNINCORPORATED,-120.69993591308594,38.206722259521484
92120891,2023,2023-07-19,9255,2023-07-15,"100 ",020142,,6,3,9,0500,0,1,3,,1,010,SR-12,"MESSING ROAD",720.00,E,N,A,-,Y,CAL,,12," "," ",5.398,H,,R,N,3,0,1,1,A,-,03,22350,,N,H,H,A,A,H,-,D,D,0,,,Y,,Y,,C,02,0,1,0,0,0,0,0,0,1,"- ","- ",38.181301116943359,-120.90644073486328,CALAVERAS,UNINCORPORATED,-120.90642547607422,38.181266784667969
92121031,2023,2023-07-19,9255,2023-07-16,"748 ",019525,,7,1,9,0500,0,1,3,,1,010,SR-12,"MESSING RD",48.00,E,N,A,-,Y,CAL,,12," "," ",5.272,H,,R,Y,4,0,1,2,A,-,03,22350,,N,C,C,A,A,H,-,A,D,0,,,,,Y,,A,07,0,0,1,0,0,0,0,0,0,"- ","- ",38.180759429931641,-120.90866088867188,CALAVERAS,UNINCORPORATED,-120.90865325927734,38.180736541748047
92124328,2023,2023-07-24,9255,2023-07-16,1217,016918,,7,1,9,0500,0,1,3,,1,011,SR-26,"MANGILI RD",500.00,W,N,A,-,Y,CAL,,26," "," ",9.602,H,,R,Y,3,0,1,2,A,-,03,22350,,N,C,C,A,A,H,-,A,D,0,,,,,Y,,A,01,0,1,0,0,0,0,0,0,0,"- ","- ",38.182010650634766,-120.82756805419922,CALAVERAS,UNINCORPORATED,-120.82755279541016,38.181995391845703
92124450,2023,2023-07-24,9255,2023-07-23,1940,020142,,7,2,9,0500,0,3,5,,2,001,"MORAGA DRIVE","LANCHA PLANA RD",65.00,E,N,A,-,N,,,,,,,,,,Y,3,0,1,1,A,-,08,22107,,N,F,A,A,A,H,-,A,D,0,,,,,Y,,A,07,0,1,0,0,0,0,0,0,0,"- ","- ",38.219139099121094,-120.92874908447266,CALAVERAS,UNINCORPORATED,-120.92884826660156,38.219337463378906
92131976,2023,2023-07-31,9255,2023-07-15,1915,021793,,6,2,9,0500,0,1,3,,1,020,SR-49,"REDHILL RD",5280.00,S,N,A,-,Y,CAL,,49," "," ",3.223,H,,R,Y,4,0,1,1,A,-,08,22107,,N,E,8,A,A,H,-,A,D,0,,,,,Y,,A,01,0,0,1,0,0,0,0,0,0,"- ","- ",38.027431488037109,-120.51094818115234,CALAVERAS,UNINCORPORATED,-120.51090240478516,38.027408599853516
92132035,2023,2023-07-31,9255,2023-07-22,1955,020142,,6,2,9,0500,0,1,3,,2,040,SR4,"PENNSYLVANIA GULCH RD",0.00,,Y,A,-,Y,CAL,,4," "," ",29.232,H,,R,Y,3,0,1,3,A,-,09,21804,A,N,D,C,A,A,H,-,A,D,0,,,Y,,Y,Y,A,07,0,1,0,0,0,0,0,0,1,"- ","- ",38.134040832519531,-120.45552825927734,CALAVERAS,UNINCORPORATED,-120.45550537109375,38.134044647216797
92132066,2023,2023-07-31,9255,2023-07-24,1410,020142,,1,2,9,0500,0,1,3,,1,011,SR26,"BEAL RANCH ROAD",50.00,W,N,A,-,Y,CAL,,26," "," ",11.690,H,,R,Y,4,0,1,1,A,-,08,22107,,N,E,I,A,A,H,-,A,D,0,,,,,Y,,A,01,0,0,1,0,0,0,0,0,0,"- ","- ",38.229251861572266,-120.76264953613281,CALAVERAS,UNINCORPORATED,-120.76259613037109,38.229263305664062
92132430,2023,2023-07-31,9255,2023-07-29,1530,020142,,6,2,9,0500,0,3,5,,2,001,"BUTLER LN","DANDELION COURT",10.00,W,N,A,-,N,,,,,,,,,,N,3,0,1,1,A,-,03,22350,,N,F,A,A,A,H,-,A,D,0,,,Y,,Y,,C,02,0,1,0,0,0,0,0,0,1,"- ","- ",38.168018341064453,-120.85159301757812,CALAVERAS,UNINCORPORATED,-120.85146331787109,38.168048858642578
92132444,2023,2023-07-31,9255,2023-07-30,"145 ",021793,,7,3,9,0500,0,3,5,,2,001,"SPARROWK RD","MCATEE ST",271.00,N,N,A,-,N,,,,,,,,,,Y,3,0,1,1,A,-,03,22350,,N,E,I,A,A,H,-,D,D,0,,,Y,,Y,,C,02,0,1,0,0,0,0,0,0,1,"- ","- ",38.109088897705078,-120.85986328125,CALAVERAS,UNINCORPORATED,-120.85989379882812,38.109081268310547
92132871,2023,2024-01-29,9255,2023-07-23,1950,019996,,7,2,9,0500,0,1,3,,1,010,SR-12,"CENTRAL HILL ROAD",2500.00,W,N,A,-,Y,CAL,,12," "," ",15.873,H,,R,Y,3,0,1,1,A,-,06,21755,,N,E,I,A,A,H,-,B,D,0,,,Y,,Y,,C,02,0,1,0,0,0,0,0,0,1,"- ","- ",38.205921173095703,-120.73029327392578,CALAVERAS,UNINCORPORATED,-120.73030853271484,38.205863952636719
92134020,2023,2023-08-02,9255,2023-07-30,1357,017286,,7,1,9,0500,0,3,5,,2,001,"MCATEE STREET","BALDWIN STREET",0.00,,Y,A,-,N,,,,,,,,,,N,3,0,2,2,A,-,09,21802,A,N,D,C,A,A,H,-,A,D,0,,,,,Y,,A,01,0,1,1,0,0,0,0,0,0,"- ","- ",38.108341217041016,-120.86763763427734,CALAVERAS,UNINCORPORATED,-120.86775970458984,38.10821533203125
92135464,2023,2023-08-03,9255,2023-07-28,1535,017537,,5,2,9,0500,0,3,5,,2,003,"MOUNTAIN RANCH RD","LUCKY JIM MINE RD",300.00,E,N,A,-,N,,,,,,,,,,Y,4,0,1,1,A,-,08,22107,,N,E,I,A,A,H,-,A,D,0,,,,,Y,,A,01,0,0,1,0,0,0,0,0,0,"- ","- ",38.203319549560547,-120.57901000976562,CALAVERAS,UNINCORPORATED,-120.58151245117188,38.200912475585938
92136094,2023,2023-08-04,9255,2023-07-25,1620,020142,,2,2,9,0500,0,3,5,,2,002,"CONCHO ST","ROMEL ST",25.00,E,N,A,-,N,,,,,,,,,,N,2,0,1,1,A,-,08,22107,,N,F,A,A,A,H,-,A,D,0,,,Y,,Y,,C,06,1,0,0,0,0,0,0,0,1,"- ","- ",38.123779296875,-120.69116973876953,CALAVERAS,UNINCORPORATED,-120.69114685058594,38.123729705810547
92138466,2023,2023-08-08,9255,2023-07-27,1245,019525,,4,1,9,0500,0,1,3,,1,020,SR-49,"DEER CREEK RD",2640.00,S,N,A,-,Y,CAL,,49," "," ",10.206,H,,R,Y,3,0,1,3,A,-,08,22107,,N,A,C,A,A,H,-,A,D,0,,,,,Y,,A,01,0,1,0,0,0,0,0,0,0,"- ","- ",38.094390869140625,-120.58252716064453,CALAVERAS,UNINCORPORATED,-120.58250427246094,38.094406127929688
92141129,2023,2023-08-10,9255,2023-08-02,1610,019885,,3,2,9,0500,0,1,3,,1,011,SR-26,"NOVE WAY",171.00,E,N,A,-,Y,CAL,,26," "," ",10.079,H,,R,N,3,0,1,2,A,-,09,21804,A,N,D,C,A,A,H,-,A,D,0,,,,,Y,,A,07,0,1,0,0,0,0,0,0,0,"- ","- ",38.188678741455078,-120.8267822265625,CALAVERAS,UNINCORPORATED,-120.82680511474609,38.188671112060547
92141794,2023,2023-08-11,9255,2023-08-02,1120,019534,,3,1,9,0500,0,1,3,,2,030,SR-49,"POOL STATION RD",150.00,S,N,A,-,Y,CAL,,49," "," ",20.083,H,,R,Y,3,0,2,2,A,-,09,21801,A,N,A,C,A,A,H,-,A,D,0,,,,,Y,,A,07,0,2,0,0,0,0,0,0,0,"- ","- ",38.200679779052734,-120.69165802001953,CALAVERAS,UNINCORPORATED,-120.69164276123047,38.200706481933594
92145131,2023,2023-08-16,9255,2023-08-05,2200,021793,,6,3,9,0500,0,1,3,,2,031,SR-26,"MONTGOMERY DR",2640.00,E,N,A,-,Y,CAL,,26," "," ",21.031,H,,R,N,2,0,1,1,A,-,01,23152,A,N,E,8,A,A,H,-,D,D,0,,,,,Y,Y,D,22,1,0,0,0,0,0,0,0,0,"- ","- ",38.311061859130859,-120.66377258300781,CALAVERAS,UNINCORPORATED,-120.66374969482422,38.311019897460938
92145325,2023,2023-08-16,9255,2023-08-07,2158,021793,,1,2,9,0500,0,3,5,,2,002,"LITTLE JOHN RD","COPPER COVE DR",0.00,,Y,A,-,N,,,,,,,,,,N,3,0,1,1,A,-,08,22107,,N,E,I,A,A,H,-,C,D,0,,,,,Y,,A,07,0,1,0,0,0,0,0,0,0,"- ","- ",37.932029724121094,-120.64335632324219,CALAVERAS,UNINCORPORATED,-120.64305877685547,37.931777954101562
92145537,2023,2023-08-16,9255,2023-08-05,1515,022429,,6,2,9,0500,0,3,5,,2,005,"FOREST ROUTE 7N09",SR-4,165.00,S,N,A,-,N,,,,,,,,,,Y,3,0,7,2,A,-,03,38305,,N,C,C,A,A,H,-,A,D,0,,,,,Y,,M,96,0,1,6,0,0,0,0,0,0,"- ","- ",38.413818359375,-120.13594055175781,CALAVERAS,UNINCORPORATED,-120.13643646240234,38.412910461425781
92145555,2023,2023-08-16,9255,2023-08-03,1401,016918,,4,2,9,0500,0,1,3,,1,010,SR-12,"DOUBLE SPRINGS RD",800.00,E,N,A,-,Y,CAL,,12," "," ",12.621,H,,R,Y,2,0,1,1,A,-,01,23152,A,N,E,I,A,A,H,-,A,D,0,,,,,Y,Y,A,07,1,0,0,0,0,0,0,0,0,"- ","- ",38.208198547363281,-120.78706359863281,CALAVERAS,UNINCORPORATED,-120.78701019287109,38.208152770996094
92145627,2023,2023-08-16,9255,2023-08-05,1516,022429,,6,2,9,0500,0,3,5,,2,005,"FOREST ROUTE 7N09",SR-4,168.00,S,N,A,-,N,,,,,,,,,,Y,4,0,3,2,A,-,03,38305,,M,C,C,A,A,H,-,A,D,0,,,,,Y,,-,"- ",0,0,3,0,0,0,0,0,0,"- ","- ",38.413848876953125,-120.13593292236328,CALAVERAS,UNINCORPORATED,-120.13643646240234,38.412910461425781
92145668,2023,2023-08-16,9255,2023-08-05,1825,022429,,6,2,9,0500,0,3,5,,2,005,"SPICER RESERVOIR ROAD","STANISLAUS RIVER CAMPGROUD",2112.00,E,N,A,-,N,,,,,,,,,,N,3,0,1,1,A,-,01,23152,A,N,E,I,A,A,H,-,A,D,0,,,,,Y,Y,D,22,0,1,0,0,0,0,0,0,0,"- ","- ",38.424709320068359,-120.05307006835938,CALAVERAS,UNINCORPORATED,,
92148602,2023,2023-08-21,9255,2023-07-23,1652,019996,,7,2,9,0500,0,1,3,,1,021,SR-4,"HUNT ROAD",5808.00,W,N,A,-,Y,CAL,,4," "," ",13.336,H,,R,Y,2,0,1,1,A,-,08,22107,,N,F,A,A,A,H,-,A,D,0,,,,,Y,,B,07,1,0,0,0,0,0,0,0,0,"- ","- ",38.026031494140625,-120.64562225341797,CALAVERAS,UNINCORPORATED,-120.64566040039062,38.026016235351562
92148911,2023,2023-08-21,9255,2023-08-09,"610 ",018318,,3,1,9,0500,0,3,5,,2,004,SR-4,"UTICA POWER HOUSE RD",528.00,E,N,A,-,Y,CAL,,4," "," ",31.487,H,,R,Y,3,0,1,1,A,-,08,22107,,N,F,I,A,A,H,-,A,D,0,,,,,Y,,A,01,0,1,0,0,0,0,0,0,0,"- ","- ",38.159679412841797,-120.43675994873047,CALAVERAS,UNINCORPORATED,-120.43669128417969,38.15966796875
92149567,2023,2023-08-22,9255,2023-08-08,2004,019996,,2,2,9,0500,0,2,4,,2,034,"MTN. RANCH ROAD","COACHMAN WAY",3530.00,W,N,A,-,N,,,,,,,,,,Y,4,0,2,1,A,-,01,23152,A,N,F,A,A,A,H,-,B,D,0,,,,,Y,Y,A,01,0,0,2,0,0,0,0,0,0,"- ","- ",38.208019256591797,-120.56894683837891,CALAVERAS,UNINCORPORATED,-120.56884765625,38.207988739013672
92149598,2023,2023-08-22,9255,2023-08-12,2500,022429,,6,4,9,0500,0,3,5,,2,005,SR-4,"FOREST ROUTE 6N45",20.00,E,N,A,-,Y,CAL,,4," ",R,55.967,H,,R,Y,4,0,1,1,A,-,08,22107,,N,E,I,A,A,H,-,D,D,0,,,,,Y,,A,01,0,0,1,0,0,0,0,0,0,"- ","- ",38.385391235351562,-120.18596649169922,CALAVERAS,UNINCORPORATED,-120.18590545654297,38.385387420654297
92149876,2023,2023-08-22,9255,2023-08-16,1622,019885,,3,2,9,0500,0,1,3,,1,011,SR-26,"OLIVE ORCHARD RD",0.00,,Y,A,-,Y,CAL,,26," "," ",5.042,H,,R,Y,3,0,1,2,A,-,09,21802,A,N,D,C,A,A,H,-,A,A,0,,,,,Y,,A,01,0,1,0,0,0,0,0,0,0,"- ","- ",38.130241394042969,-120.87410736083984,CALAVERAS,UNINCORPORATED,-120.87408447265625,38.130229949951172
92149916,2023,2024-01-25,9255,2023-06-24,2335,020142,,6,3,9,0500,0,3,5,,2,001,"CAMANCHE ROAD","BRET HARTE DR",530.00,E,N,A,-,N,,,,,,,,,,Y,1,1,0,1,A,-,08,22107,,N,F,0,A,A,H,-,D,D,0,,,Y,,Y,,C,02,0,0,0,0,0,0,0,1,0,"- ","- ",38.21820068359375,-120.92594909667969,CALAVERAS,UNINCORPORATED,-120.92598724365234,38.218231201171875
92152679,2023,2023-09-20,9255,2023-08-17,1918,017324,,4,2,9,0500,0,2,4,,1,022,"O'BYRNES FERRY ROAD","COPPER COVER DRIVE",0.00,,Y,A,-,Y,,,,,,,,,,Y,3,0,1,2,A,-,08,22107,,N,A,C,A,A,H,-,A,A,0,,,,,Y,,A,07,0,1,0,0,0,0,0,0,0,"- ","- ",37.939899444580078,-120.60597229003906,CALAVERAS,UNINCORPORATED,-120.60546875,37.940021514892578
92154209,2023,2023-08-25,9255,2023-08-05,"715 ",016918,,6,1,9,0500,0,1,3,,1,010,SR-12,"SOUTHWORTH RD",2500.00,W,N,A,-,Y,CAL,,12," "," ",1.902,H,,R,Y,2,0,1,1,A,-,08,22107,,N,E,I,A,A,H,-,A,D,0,,,,Y,Y,,G,79,1,0,0,0,0,0,0,0,0,"- ","- ",38.183319091796875,-120.96853637695312,CALAVERAS,UNINCORPORATED,-120.96852111816406,38.183357238769531
92154220,2023,2023-08-25,9255,2023-08-18,"748 ",016918,,5,1,9,0500,0,1,3,,1,010,SR-12,"LIME CREEK RD",1020.00,W,N,A,-,Y,CAL,,12," "," ",10.185,H,,R,Y,3,0,2,2,A,-,03,22350,,N,C,C,A,A,H,-,A,D,0,,,,,Y,,A,08,0,2,0,0,0,0,0,0,0,"- ","- ",38.192829132080078,-120.82489776611328,CALAVERAS,UNINCORPORATED,-120.82488250732422,38.192783355712891
92154226,2023,2023-08-25,9255,2023-08-19,1520,020142,,6,2,9,0500,0,1,3,,2,030,SR-49,"GOLD RUSH LANE",1584.00,N,N,A,-,Y,CAL,,49," "," ",29.540,H,,R,Y,2,0,2,1,C,-,18,,,N,F,A,A,A,H,-,A,D,0,,,Y,,Y,,-,"- ",2,0,0,0,0,0,0,0,2,"- ","- ",38.300708770751953,-120.73136901855469,CALAVERAS,UNINCORPORATED,-120.73140716552734,38.300739288330078
92154236,2023,2023-08-25,9255,2023-08-20,1820,020142,,7,2,2,0501,0,2,4,,2,034,"MOUNTAIN RANCH RD","COACHMAN WAY",2112.00,E,N,B,-,N,,,,,,,,,,Y,3,0,1,1,A,-,08,22107,,N,F,A,A,A,H,-,A,D,0,,,,,Y,,D,22,0,1,0,0,0,0,0,0,0,"- ","- ",38.217628479003906,-120.52226257324219,CALAVERAS,"ANGELS CAMP",-120.55340576171875,38.216930389404297
92154253,2023,2023-08-25,9255,2023-08-23,1605,020142,,3,2,9,0500,0,3,5,,2,001,"GARNER PL","CRAIL WAY",10.00,S,N,A,-,N,,,,,,,,,,Y,3,0,3,2,A,-,03,22350,,N,D,C,A,A,H,-,A,D,0,,,,,Y,,A,01,0,2,1,0,0,0,0,0,0,"- ","- ",38.12677001953125,-120.86737823486328,CALAVERAS,UNINCORPORATED,-120.86734771728516,38.126773834228516
92157069,2023,2023-08-29,9255,2023-08-21,1553,017324,,1,2,9,0500,0,1,3,,2,040,"STATE ROUTE 4","HUNTER DAM ROAD",1000.00,E,N,C,-,Y,CAL,,4," "," ",37.058,H,,R,Y,3,0,1,2,A,-,05,21460,A,F,B,C,A,B,H,-,A,D,0,,,,,Y,,-,99,0,1,0,0,0,0,0,0,0,"- ","- ",38.200069427490234,-120.36602783203125,CALAVERAS,UNINCORPORATED,-120.36608123779297,38.200038909912109
92159744,2023,2023-08-31,9255,2023-08-22,1353,019525,,2,1,9,0500,0,3,5,,2,004,"VALLECITO RD",SR-4,250.00,S,N,B,-,N,,,,,,,,,,Y,2,0,1,1,A,-,03,22350,,N,F,A,A,A,H,-,A,D,0,,,Y,,Y,,C,02,1,0,0,0,0,0,0,0,1,"- ","- ",38.078510284423828,-120.527099609375,CALAVERAS,UNINCORPORATED,-120.53829956054688,38.068344116210938
92159936,2023,2023-08-31,9255,2023-08-24,1405,017537,,4,2,9,0500,0,3,5,,2,004,"SKUNK RANCH RD","PENNSYLVANIA GULCH RD",4224.00,E,N,A,-,N,,,,,,,,,,N,4,0,1,2,D,-,00,,,N,E,A,A,A,B,E,A,D,0,,,Y,,Y,,-,"- ",0,0,1,0,0,0,0,0,1,"- ","- ",38.133750915527344,-120.42144775390625,CALAVERAS,UNINCORPORATED,-120.42227935791016,38.132911682128906
92160788,2023,2023-09-01,9255,2023-08-27,1155,019525,,7,1,9,0500,0,1,3,,2,030,SR-49,"GOLD RUSH LN",1056.00,N,N,A,-,Y,CAL,,49," "," ",29.544,H,,R,Y,3,0,1,1,A,-,03,22350,,N,E,I,A,A,H,-,A,D,0,,,Y,,Y,,C,02,0,1,0,0,0,0,0,0,1,"- ","- ",38.300739288330078,-120.73129272460938,CALAVERAS,UNINCORPORATED,-120.73134613037109,38.300785064697266
92162112,2023,2023-09-05,9255,2023-08-23,2130,020563,,3,2,9,0500,0,2,4,,1,022,"OBYRNES FERRY","BAKER ST",480.00,S,N,A,-,N,,,,,,,,,,Y,2,0,1,2,A,-,05,21460,A,N,A,C,A,A,H,-,D,D,0,,,Y,,Y,,A,01,1,0,0,0,0,0,0,0,1,"- ","- ",37.9805908203125,-120.64098358154297,CALAVERAS,UNINCORPORATED,,
92162150,2023,2023-09-05,9255,2023-08-28,"750 ",019525,,1,1,9,0500,0,1,3,,2,050,SR-4,"OAK CIR",175.00,W,N,A,-,Y,CAL,,4," "," ",41.189,H,,R,N,4,0,1,2,A,-,08,22107,,N,D,G,A,A,H,-,A,D,0,,Y,,,Y,,L,04,0,0,1,0,0,0,1,0,0,"- ","- ",38.253810882568359,-120.35427856445312,CALAVERAS,UNINCORPORATED,-120.354248046875,38.2537841796875
92168438,2023,2023-09-12,9255,2023-09-03,1020,019534,,7,1,9,0500,0,1,3,,2,050,"STATE ROUTE 4","SEGALE DR",5280.00,W,N,B,C,Y,CAL,,4," ",R,51.720,H,,R,Y,3,0,2,4,A,-,01,23152,A,N,B,C,A,B,H,-,A,D,0,,,,,Y,Y,D,22,0,1,1,0,0,0,0,0,0,"- ","- ",38.340381622314453,-120.22084808349609,CALAVERAS,UNINCORPORATED,-120.22084045410156,38.340351104736328
92169015,2023,2023-09-13,9255,2023-09-05,1157,017286,,2,1,9,0500,0,3,5,,2,002,"LITTLE JOHN RD","SAWMILL CREEK RD.",2112.00,S,N,A,-,N,,,,,,,,,,Y,3,0,1,1,A,-,08,22107,,N,F,A,A,A,H,-,A,D,0,,,Y,,Y,,C,02,0,1,0,0,0,0,0,0,1,"- ","- ",37.966480255126953,-120.65602874755859,CALAVERAS,UNINCORPORATED,-120.65675354003906,37.967674255371094
92169016,2023,2023-09-13,9255,2023-09-06,"736 ",016918,,3,1,9,0500,0,3,5,,2,001,"DAPHNE ST","PINE ST",25.00,N,N,A,-,N,,,,,,,,,,N,3,0,2,3,A,-,03,22350,A,N,G,B,D,A,H,-,A,D,0,Y,,,,Y,,A,01,0,2,0,0,2,0,0,0,0,"- ","- ",38.190361022949219,-120.83133697509766,CALAVERAS,UNINCORPORATED,-120.83134460449219,38.190319061279297
92172353,2023,2023-09-18,9255,2023-09-02,1125,018318,,6,1,9,0500,0,1,3,,1,020,SR-49,"MEACHAM RANCH ROAD",10.00,S,N,A,-,Y,CAL,,49," "," ",11.083,H,,R,Y,4,0,2,4,A,-,03,22350,,N,C,C,A,A,H,-,A,D,0,,,,,Y,,D,22,0,0,2,0,0,0,0,0,0,"- ","- ",38.104118347167969,-120.59275054931641,CALAVERAS,UNINCORPORATED,-120.59274291992188,38.1041259765625
92172434,2023,2023-09-18,9255,2023-09-08,1710,020142,,5,2,9,0500,0,2,4,,1,041,"MURPHYS GRADE ROAD","FAIRVIEW PARK CT",2640.00,E,N,A,-,N,,,,,,,,,,Y,4,0,1,1,A,-,01,23152,A,N,E,8,A,A,H,-,A,D,0,,,,,Y,Y,A,07,0,0,1,0,0,0,0,0,0,"- ","- ",38.12371826171875,-120.49445343017578,CALAVERAS,UNINCORPORATED,-120.49442291259766,38.123664855957031
92172732,2023,2023-09-18,9255,2023-09-14,"818 ",019408,,4,1,9,0500,0,1,3,,2,030,"STATE ROUTE 49","CENTER STREET",0.00,,Y,A,-,Y,CAL,,49," "," ",28.525,H,,R,Y,4,0,2,2,A,-,03,22350,,N,C,C,A,A,H,-,A,D,0,,,,,Y,,A,01,0,0,2,0,0,0,0,0,0,"- ","- ",38.297351837158203,-120.71961975097656,CALAVERAS,UNINCORPORATED,-120.71961975097656,38.297370910644531
92173566,2023,2023-09-19,9255,2023-09-15,"300 ",016918,,5,3,9,0500,0,1,3,,2,050,SR-4,"MEKO DR",5280.00,W,N,A,-,Y,CAL,,4," "," ",49.168,H,,R,Y,3,0,1,1,A,-,08,22107,,N,E,8,A,A,H,-,D,D,0,,,,,Y,,D,22,0,1,0,0,0,0,0,0,0,"- ","- ",38.322601318359375,-120.25982666015625,CALAVERAS,UNINCORPORATED,-120.25979614257812,38.322559356689453
92173868,2023,2023-09-19,9255,2023-09-15,"725 ",019534,,5,1,9,0500,0,3,5,,2,001,"BURSON RD","SOUTHWORTH RD",1100.00,S,N,A,-,N,,,,,,,,,,N,3,0,2,1,A,-,08,22107,,N,E,I,A,A,H,-,A,D,0,,,,,Y,,A,07,0,2,0,0,0,0,0,0,0,"- ","- ",38.146080017089844,-120.90039825439453,CALAVERAS,UNINCORPORATED,-120.90030670166016,38.145885467529297
92174808,2023,2023-09-20,9255,2023-09-09,1405,016918,,6,2,9,0500,0,3,5,,2,003,"JESUS MARIA RD","HAWVER RD",10032.00,E,N,A,-,N,,,,,,,,,,N,2,0,2,1,A,-,03,22350,,N,F,A,A,A,H,-,A,D,0,,,Y,,Y,,C,02,2,0,0,0,0,0,0,0,2,"- ","- ",38.284400939941406,-120.63983154296875,CALAVERAS,UNINCORPORATED,-120.64097595214844,38.284221649169922
92176484,2023,2024-10-29,9255,2023-07-20,1528,017537,,4,2,9,0500,0,2,4,,1,041,SR-4,"UTICA POWER HOUSE RD",325.00,E,N,A,-,Y,CAL,,4," "," ",30.373,H,,R,Y,1,1,6,2,A,-,08,22107,,N,A,C,A,A,H,-,A,D,0,,,,,Y,,A,01,2,0,4,0,0,0,0,0,0,"- ","- ",38.147628784179688,-120.44702911376953,CALAVERAS,UNINCORPORATED,-120.44696807861328,38.147586822509766
92177004,2023,2023-09-22,9255,2023-09-16,"144 ",021319,,6,3,9,0500,0,1,3,,1,020,SR-49,"BIG BAR LAUNCH ROAD",2640.00,S,N,A,-,Y,CAL,,49," "," ",29.632,H,,R,Y,4,0,3,1,A,-,08,22107,,N,E,A,A,A,H,-,D,D,0,,,,,Y,,D,22,0,0,3,0,0,0,0,0,0,"- ","- ",38.301998138427734,-120.73098754882812,CALAVERAS,UNINCORPORATED,-120.73102569580078,38.301998138427734
92178587,2023,2023-09-25,9255,2023-09-17,1548,022178,,7,2,9,0500,0,1,3,,1,011,"STATE ROUTE 26","BEAL RANCH ROAD",2112.00,W,N,A,-,Y,CAL,,26," "," ",11.315,H,,R,Y,3,0,1,1,A,-,01,23152,A,N,E,I,A,A,H,-,A,D,0,,,,,Y,Y,A,01,0,1,0,0,0,0,0,0,0,"- ","- ",38.224018096923828,-120.76139831542969,CALAVERAS,UNINCORPORATED,-120.76142120361328,38.224014282226562
92178994,2023,2023-09-25,9255,2023-09-19,1058,017286,,2,1,9,0500,0,1,3,,2,030,SR-49,SR-12,1056.00,N,N,A,-,Y,CAL,,49," ",R,20.753,H,,R,Y,2,0,2,2,A,-,03,22350,,N,C,C,A,A,H,-,A,D,0,,,,,Y,,D,22,2,0,0,0,0,0,0,0,0,"- ","- ",38.208400726318359,-120.69721984863281,CALAVERAS,UNINCORPORATED,-120.69719696044922,38.208400726318359
92180247,2023,2023-11-16,9255,2023-09-17,1755,019525,,7,2,9,0500,0,1,3,,2,030,SR-49,"BELLVIEW ST",0.00,,Y,A,-,Y,CAL,,49," "," ",19.624,H,,R,N,4,0,1,2,A,-,09,21804,A,N,D,C,A,A,H,-,A,D,0,,,,,Y,,A,01,0,0,1,0,0,0,0,0,0,"- ","- ",38.197349548339844,-120.68473052978516,CALAVERAS,UNINCORPORATED,-120.68472290039062,38.197360992431641
92181225,2023,2023-09-27,9255,2023-08-15,1915,017537,,2,2,9,0500,0,1,3,,2,031,SR-26,"SNEAD RD",150.00,E,N,A,-,Y,CAL,,26," "," ",35.650,H,,R,Y,3,0,1,1,A,-,08,22107,,N,E,I,A,A,H,-,B,D,0,,,,,Y,,D,22,0,1,0,0,0,0,0,0,0,"- ","- ",38.409740447998047,-120.53784942626953,CALAVERAS,UNINCORPORATED,-120.53790283203125,38.409629821777344
92181245,2023,2023-09-27,9255,2023-09-17,1250,019534,,7,1,9,0500,0,3,5,,2,005,"FAIRWAY DR","SILVER DR",0.00,,Y,A,-,N,,,,,,,,,,N,3,0,1,2,A,-,09,21802,A,N,D,G,A,A,H,-,A,A,0,,Y,,,Y,,D,22,0,1,0,0,0,0,1,0,0,"- ","- ",38.246810913085938,-120.36579895019531,CALAVERAS,UNINCORPORATED,-120.36579895019531,38.246776580810547
92181255,2023,2023-09-27,9255,2023-09-20,1850,017324,,3,2,9,0500,0,1,3,,1,020,"STATE ROUTE 49","GUN CLUB ROAD",1056.00,N,N,A,-,Y,CAL,,49," "," ",6.184,H,,R,Y,2,0,1,1,A,-,03,22350,,N,E,I,A,A,H,-,B,D,0,,,Y,,Y,,C,02,1,0,0,0,0,0,0,0,1,"- ","- ",38.054378509521484,-120.53456115722656,CALAVERAS,UNINCORPORATED,-120.53451538085938,38.054412841796875
92183545,2023,2023-10-02,9255,2023-09-08,2105,021319,,5,2,9,0500,0,3,5,,2,003,"SHEEP RANCH RD","OAK RIDGE RD",150.00,S,N,A,-,N,,,,,,,,,,N,4,0,1,1,A,-,01,23152,A,N,E,I,A,A,H,-,D,D,0,,,,,Y,Y,A,07,0,0,1,0,0,0,0,0,0,"- ","- ",38.230358123779297,-120.49562835693359,CALAVERAS,UNINCORPORATED,-120.49414825439453,38.228851318359375
92187651,2023,2023-10-02,9255,2023-09-28,"831 ",017286,,4,1,9,0500,0,2,4,,1,022,"OBYRNES FERRY RD.","BAKER ST",528.00,S,N,A,-,N,,,,,,,,,,Y,3,0,2,2,A,-,05,21460,A,N,A,C,A,A,H,-,A,D,0,,,,,Y,,A,01,0,2,0,0,0,0,0,0,0,"- ","- ",37.980579376220703,-120.64096069335938,CALAVERAS,UNINCORPORATED,,
92188066,2023,2023-10-02,9255,2023-09-22,1353,016918,,5,1,9,0500,0,1,3,,2,040,SR-4,"FOREST MEADOWS DR",670.00,W,N,A,-,Y,CAL,,4," "," ",33.426,H,,R,Y,3,0,1,2,A,-,09,21804,A,N,E,I,A,A,H,-,A,D,0,,,,Y,Y,,F,26,0,1,0,0,0,0,0,0,0,"- ","- ",38.171100616455078,-120.40772247314453,CALAVERAS,UNINCORPORATED,-120.40770721435547,38.171047210693359
92188856,2023,2023-10-03,9255,2023-09-26,"115 ",020563,,2,3,9,0500,0,1,3,,1,021,SR-4,"ROCK CREEK ROAD",2800.00,E,N,A,-,Y,CAL,,4," ",R,8.711,H,,R,N,4,0,1,1,A,-,03,22350,,N,E,H,A,A,H,-,D,D,0,,,,,Y,,A,01,0,0,1,0,0,0,0,0,0,"- ","- ",37.990909576416016,-120.64939880371094,CALAVERAS,UNINCORPORATED,-120.64939117431641,37.990913391113281
92188864,2023,2023-10-03,9255,2023-09-26,1240,019525,,2,1,9,0500,0,2,4,,2,034,"MOUNTAIN RANCH RD","SHEEP RANCH RD",0.00,,Y,A,-,N,,,,,,,,,,Y,4,0,2,2,A,-,09,21802,A,N,D,C,A,A,H,-,A,A,0,,,,,Y,,D,22,0,0,2,0,0,0,0,0,0,"- ","- ",38.242759704589844,-120.51625823974609,CALAVERAS,UNINCORPORATED,-120.51622009277344,38.242519378662109
92190225,2023,2023-10-04,9255,2023-09-28,1940,017324,,4,2,9,0500,0,1,3,,1,021,"STATE ROUTE 4","STALLION WAY",8448.00,E,N,A,-,Y,CAL,,4," "," ",18.075,H,,R,Y,3,0,1,1,A,-,08,22107,,N,E,I,A,A,H,-,D,D,0,,,,,Y,,A,01,0,1,0,0,0,0,0,0,0,"- ","- ",38.068180084228516,-120.60716247558594,CALAVERAS,UNINCORPORATED,-120.60718536376953,38.068141937255859
92192361,2023,2024-02-13,9255,2023-08-11,1904,017537,,5,2,9,0500,0,1,3,,1,021,SR-4,"TELEGRAPH RD",1584.00,E,N,A,-,Y,CAL,,4," ",R,3.233,H,,R,Y,1,3,6,2,A,-,06,21751,,N,A,C,A,A,H,-,B,D,0,,,,,Y,,A,01,6,0,0,0,0,0,0,0,0,"- ","- ",37.94219970703125,-120.71221160888672,CALAVERAS,UNINCORPORATED,-120.71221160888672,37.942184448242188
92193410,2023,2023-10-06,9255,2023-10-01,1108,016918,,7,1,9,0500,0,3,5,,2,001,"BURSON ROAD","STATE ROUTE 12",3168.00,S,N,A,-,N,,,,,,,,,,Y,2,0,3,1,A,-,08,22107,,N,E,I,A,A,H,-,A,D,0,,,,,Y,,D,22,2,1,0,0,0,0,0,0,0,"- ","- ",38.174121856689453,-120.89054870605469,CALAVERAS,UNINCORPORATED,-120.89080047607422,38.17486572265625
92195103,2023,2023-10-10,9255,2023-09-30,"925 ",019534,,6,1,9,0500,0,1,3,,1,020,SR-4,"POOL STATION RD",800.00,E,N,B,C,Y,CAL,,4," "," ",14.902,H,,R,Y,4,0,1,1,A,-,03,22350,,N,E,I,A,B,H,-,A,D,0,,,,,Y,,A,01,0,0,1,0,0,0,0,0,0,"- ","- ",38.046970367431641,-120.64636993408203,CALAVERAS,UNINCORPORATED,-120.64628601074219,38.046909332275391
92195113,2023,2023-10-10,9255,2023-10-02,"840 ",019525,,1,1,9,0500,0,2,4,,2,034,"MOUNTAIN RANCH ROAD","SUN RD",1056.00,N,N,A,-,N,,,,,,,,,,Y,4,0,1,1,A,-,08,22107,,N,F,A,A,A,H,-,A,D,0,,,,,Y,,A,07,0,0,1,0,0,0,0,0,0,"- ","- ",38.237148284912109,-120.52001190185547,CALAVERAS,UNINCORPORATED,-120.51897430419922,38.238246917724609
92195118,2023,2023-10-10,9255,2023-10-05,1614,020142,,4,2,9,0500,0,3,5,,2,005,"MORAN RD","KUEHN AVENUE",0.00,,Y,A,-,N,,,,,,,,,,Y,3,0,2,2,A,-,09,21801,A,N,D,C,A,A,H,-,A,A,0,,,,,Y,,D,22,0,1,1,0,0,0,0,0,0,"- ","- ",38.258949279785156,-120.33231353759766,CALAVERAS,UNINCORPORATED,-120.33235168457031,38.258892059326172
92197189,2023,2024-10-24,9255,2023-07-20,1626,019885,,4,2,9,0500,0,3,5,,2,002,"LITTLE JOHN RD","COPPER COVE DR",104.00,N,N,A,-,N,,,,,,,,,,Y,1,1,0,1,A,-,01,23152,A,N,E,I,A,A,H,-,A,D,0,,,,,Y,Y,A,01,0,0,0,0,0,0,0,0,0,"- ","- ",37.932098388671875,-120.64335632324219,CALAVERAS,UNINCORPORATED,-120.64322662353516,37.932033538818359
92197271,2023,2023-10-12,9255,2023-09-24,2315,019246,,7,3,9,0500,0,3,5,,2,002,"LITTLE JOHN RD","QUIVER ST",2640.00,N,N,A,-,N,,,,,,,,,,Y,2,0,1,1,A,-,01,23152,A,N,F,A,A,A,H,-,D,D,0,,,,,Y,Y,A,01,1,0,0,0,0,0,0,0,0,"- ","- ",37.950450897216797,-120.65203857421875,CALAVERAS,UNINCORPORATED,-120.64783477783203,37.94244384765625
92198560,2023,2023-10-13,9255,2023-09-25,1655,017537,,1,2,9,0500,0,1,3,,2,050,"MARYLIN RD","HELEN DRIVE",100.00,S,N,A,-,N,,,,,,,,,,N,3,0,1,1,A,-,01,23152,A,N,E,I,A,A,H,-,A,D,0,,,,,Y,Y,M,96,0,1,0,0,0,0,0,0,0,"- ","- ",38.253738403320312,-120.33389282226562,CALAVERAS,UNINCORPORATED,-120.333856,38.253731000000002
92198651,2023,2023-10-13,9255,2023-10-03,1013,016918,,2,1,9,0500,0,3,5,,2,002,"CHESTNUT CT","CHESTNUT WAY",1584.00,N,N,A,-,N,,,,,,,,,,N,3,0,1,1,A,-,21,22106,,N,F,A,A,A,H,-,A,D,0,,,,,Y,,A,07,0,1,0,0,0,0,0,0,0,"- ","- ",38.007930755615234,-120.59819030761719,CALAVERAS,UNINCORPORATED,-120.597900390625,38.007396697998047
92198859,2023,2023-10-13,9255,2023-10-04,1105,016918,,3,1,9,0500,0,3,5,,2,003,"WHISKEY SLIDE RD","EAST MURRAY CREEK RD",20.00,W,N,A,-,N,,,,,,,,,,Y,3,0,2,2,A,-,03,22350,,N,C,C,A,A,H,-,A,D,0,,,,,Y,,A,01,0,2,0,0,0,0,0,0,0,"- ","- ",38.231201171875,-120.547607421875,CALAVERAS,UNINCORPORATED,-120.54744720458984,38.231136322021484
92198872,2023,2023-10-13,9255,2023-10-07,"415 ",019246,,6,3,9,0500,0,1,3,,1,011,SR-26,"GARNER PL",1373.00,W,N,A,-,N,,,,,,,,,,N,2,0,1,1,A,-,08,22107,,N,E,I,A,A,H,-,D,D,0,,,,,Y,,A,01,1,0,0,0,0,0,0,0,0,"- ","- ",38.126911163330078,-120.87489318847656,CALAVERAS,UNINCORPORATED,-120.87493896484375,38.126911163330078
92198879,2023,2023-10-13,9255,2023-10-09,1809,017537,,1,2,9,0500,0,1,3,,1,021,SR-4,"STOCKTON RD",0.00,,Y,A,-,Y,CAL,,4," ",R,19.470,H,,R,Y,4,0,2,2,A,-,03,22350,,N,C,C,A,A,H,-,B,D,0,,,,,Y,,D,22,0,0,2,0,0,0,0,0,0,"- ","- ",38.071720123291016,-120.58381652832031,CALAVERAS,UNINCORPORATED,-120.58382415771484,38.071704864501953
92202178,2023,2023-10-18,9255,2023-09-30,"558 ",019525,,6,3,9,0500,0,3,5,,2,003,"RIDGE ROAD","THORN ROAD",1584.00,W,N,B,-,N,,,,,,,,,,Y,3,0,2,2,A,-,05,21460,A,N,A,C,A,A,H,-,D,D,0,,,,,Y,,D,22,0,1,1,0,0,0,0,0,0,"- ","- ",38.337318420410156,-120.5572509765625,CALAVERAS,UNINCORPORATED,-120.55609893798828,38.337711334228516
92202210,2023,2023-10-18,9255,2023-10-11,1200,017286,,3,1,9,0500,0,1,3,,1,021,SR-4,"STALLION WAY",2640.00,E,N,A,-,Y,CAL,,4," "," ",17.878,H,,R,Y,3,0,1,1,A,-,08,22107,,N,E,I,A,A,A,-,A,A,0,,,,,Y,,-,"- ",0,1,0,0,0,0,0,0,0,"- ","- ",38.068740844726562,-120.61073303222656,CALAVERAS,UNINCORPORATED,-120.61073303222656,38.068702697753906
92202321,2023,2023-10-18,9255,2023-10-14,"15  ",019525,,6,3,9,0500,0,3,5,,2,003,"CALAVERITAS RD",EDGEWOOD,3696.00,S,N,A,-,N,,,,,,,,,,Y,4,0,1,1,A,-,08,22107,,N,E,I,A,A,H,-,D,D,0,,,,,Y,,A,07,0,0,1,0,0,0,0,0,0,"- ","- ",38.176998138427734,-120.65012359619141,CALAVERAS,UNINCORPORATED,-120.65059661865234,38.177730560302734
92204702,2023,2023-10-20,9255,2023-10-11,2155,020563,,3,2,9,0500,0,1,3,,2,030,SR-49,"GOLD RUSH LANE",850.00,N,N,A,-,Y,CAL,,49," "," ",29.353,H,,R,Y,2,0,2,2,A,-,01,23152,A,F,A,C,A,A,H,-,D,D,0,,,,,Y,Y,D,22,1,1,0,0,0,0,0,0,0,"- ","- ",38.300071716308594,-120.73393249511719,CALAVERAS,UNINCORPORATED,-120.73388671875,38.300079345703125
92206383,2023,2023-10-23,9255,2023-10-16,1520,020142,,1,2,9,0500,0,1,3,,2,040,SR4,"AVERY SHEEP RANCH ROAD",0.00,,Y,A,-,Y,CAL,,4," "," ",37.484,H,,R,Y,2,0,1,5,A,-,09,21802,A,N,C,2,A,A,H,-,A,A,0,,,,,Y,,A,07,1,0,0,0,0,0,0,0,0,"- ","- ",38.204841613769531,-120.36959075927734,CALAVERAS,UNINCORPORATED,-120.3695068359375,38.204822540283203
92206507,2023,2023-10-23,9255,2023-10-17,1710,020142,,2,2,9,0500,0,3,5,,2,002,"POOL STATION ROAD","RIATA WAY",950.00,N,N,A,-,N,,,,,,,,,,Y,4,0,1,1,A,-,01,23152,A,N,E,8,A,A,H,-,A,A,0,,,,,Y,Y,A,01,0,0,1,0,0,0,0,0,0,"- ","- ",38.09259033203125,-120.66098022460938,CALAVERAS,UNINCORPORATED,-120.66122436523438,38.092571258544922
92221575,2023,2023-10-27,9255,2023-10-24,"740 ",016918,,2,1,9,0500,0,3,5,,2,001,"VISTA DEL LAGO DR","LA CONTENTA DR",35.00,W,N,A,-,N,,,,,,,,,,Y,3,0,1,2,A,-,03,22350,,N,C,C,A,A,H,-,A,D,0,,,,,Y,,A,08,0,1,0,0,0,0,0,0,0,"- ","- ",38.165809631347656,-120.83294677734375,CALAVERAS,UNINCORPORATED,-120.83283996582031,38.165782928466797
9222382,2020,2021-02-26,0501,2020-12-07,1610,248,0501,1,5,2,0501,0,0,0,,0,,"RT 49","DOGTOWN RD",0.00,N,N,A,-,Y,CAL,10,49,-,-,8.720,I,5,N,Y,4,0,1,2,-,-,"- ",,A,N,D,C,A,A,H,-,A,D,0,,,,,Y,,A,01,0,0,1,0,0,0,0,0,0,"- ","- ",,,CALAVERAS,"ANGELS CAMP",-120.55950927734375,38.083042144775391
92227469,2023,2023-11-03,9255,2023-10-25,2345,020563,,3,3,9,0500,0,1,3,,2,031,SR-26,"SPORT HILL ROAD",193.00,E,N,B,-,Y,CAL,,26," "," ",19.170,H,,R,Y,3,0,1,1,A,-,01,23152,A,N,E,8,A,A,H,-,D,D,0,,,,,Y,Y,A,07,0,1,0,0,0,0,0,0,0,"- ","- ",38.300868988037109,-120.69040679931641,CALAVERAS,UNINCORPORATED,-120.69040679931641,38.300926208496094
92227529,2023,2023-11-03,9255,2023-10-27,1708,020142,,5,2,9,0500,0,1,3,,2,040,SR4,"STRAWBERRY HILL RD",1584.00,W,N,A,-,Y,CAL,,4," "," ",32.548,H,,R,Y,2,0,1,1,A,-,01,23152,A,N,E,I,A,A,H,-,A,D,0,,,Y,,Y,Y,C,02,1,0,0,0,0,0,0,0,1,"- ","- ",38.165111541748047,-120.42240142822266,CALAVERAS,UNINCORPORATED,-120.42240905761719,38.165126800537109
92231893,2023,2023-11-09,9255,2023-10-30,1918,017537,,1,2,9,0500,0,3,5,,2,003,"RIDGE RD","RAYLEN RD",100.00,W,N,A,-,N,,,,,,,,,,Y,4,0,1,1,A,-,08,22107,,N,F,A,A,A,H,-,D,D,0,,,,,Y,,A,07,0,0,1,0,0,0,0,0,0,"- ","- ",38.335941314697266,-120.54020690917969,CALAVERAS,UNINCORPORATED,-120.53992462158203,38.335956573486328
92232458,2023,2023-11-09,9255,2023-11-06,1417,017537,,1,2,9,0500,0,1,3,,2,040,SR-4,"UTICA POWER HOUSE RD",120.00,W,N,B,-,Y,CAL,,4," "," ",30.239,H,,R,Y,2,0,2,2,A,-,01,23152,A,N,B,C,A,A,H,-,A,D,0,,,,,Y,Y,D,22,1,1,0,0,0,0,0,0,0,"- ","- ",38.146369934082031,-120.44882965087891,CALAVERAS,UNINCORPORATED,-120.44880676269531,38.146347045898438
92236676,2023,2023-11-15,9255,2023-11-03,1505,019885,,5,2,9,0500,0,1,3,,2,030,SR-49,SR-12,0.00,,Y,A,-,Y,CAL,,49," ",R,20.500,H,,R,Y,3,0,2,2,A,-,09,21802,A,N,D,C,A,A,H,-,A,A,0,,,,,Y,,A,01,0,2,0,0,0,0,0,0,0,"- ","- ",38.204929351806641,-120.69743347167969,CALAVERAS,UNINCORPORATED,-120.69735717773438,38.204910278320312
92237645,2023,2023-11-16,9255,2023-11-04,1538,019996,,6,2,9,0500,0,3,5,,2,001,"PALOMA ROAD","CAMPO SECO ROAD",10.00,S,N,A,-,N,,,,,,,,,,Y,4,0,1,1,A,-,08,22107,,N,F,A,A,A,H,-,A,D,0,,,,,Y,,-,"- ",0,0,1,0,0,0,0,0,0,"- ","- ",38.226459503173828,-120.82067108154297,CALAVERAS,UNINCORPORATED,-120.82058715820312,38.226482391357422
92237689,2023,2023-11-16,9255,2023-11-05,"900 ",020142,,7,1,9,0500,0,1,3,,1,011,SR-26,"JEAN ST",0.00,,Y,B,-,Y,CAL,,26," "," ",10.191,H,,R,Y,4,0,2,2,A,-,09,21804,A,N,D,C,A,A,H,-,A,D,0,,,,,Y,,A,01,0,0,2,0,0,0,0,0,0,"- ","- ",38.190231323242188,-120.8277587890625,CALAVERAS,UNINCORPORATED,-120.82774353027344,38.190235137939453
92237709,2023,2023-11-16,9255,2023-11-06,"750 ",019534,,1,1,9,0500,0,2,4,,2,034,"MOUNTAIN RANCH RD","MICHEL RD",1320.00,W,N,B,-,N,,,,,,,,,,Y,4,0,1,1,A,-,08,22107,,N,F,0,A,B,H,-,A,D,0,,,,,Y,,A,01,0,0,1,0,0,0,0,0,0,"- ","- ",38.218040466308594,-120.55193328857422,CALAVERAS,UNINCORPORATED,-120.58911895751953,38.191257476806641
92237733,2023,2023-11-16,9255,2023-11-06,1115,019525,,1,1,9,0500,0,3,5,,2,004,"DOGTOWN RD","SAN DOMINGO RD",5808.00,W,N,A,-,N,,,,,,,,,,N,4,0,1,1,A,-,03,22350,,N,E,I,A,A,H,-,A,D,0,,,,,Y,,A,01,0,0,1,0,0,0,0,0,0,"- ","- ",38.133380889892578,-120.56578826904297,CALAVERAS,UNINCORPORATED,-120.56560516357422,38.133464813232422
92237745,2023,2023-11-16,9255,2023-11-07,"335 ",022178,,2,3,9,0500,0,3,5,,2,001,"MILTON ROAD","SOUTH GULCH RD",1056.00,N,N,B,-,N,,,,,,,,,,Y,4,0,1,1,A,-,08,22107,,N,E,8,A,B,H,-,D,D,0,,,,,Y,,A,01,0,0,1,0,0,0,0,0,0,"- ","- ",38.064121246337891,-120.87111663818359,CALAVERAS,UNINCORPORATED,-120.87115478515625,38.063804626464844
92237756,2023,2023-11-16,9255,2023-11-07,"540 ",020563,,2,3,9,0500,0,1,3,,2,031,SR-26,"STORMY LANE",100.00,E,N,B,-,Y,CAL,,26," "," ",26.097,H,,R,Y,3,0,1,1,A,-,08,22107,,N,E,I,A,B,H,-,D,D,0,,,,,Y,,A,07,0,1,0,0,0,0,0,0,0,"- ","- ",38.341068267822266,-120.59145355224609,CALAVERAS,UNINCORPORATED,-120.59142303466797,38.341037750244141
92237915,2023,2023-11-16,9255,2023-11-10,1820,020142,,5,2,9,0500,0,2,4,,2,042,"PARROTS FERRY RD","AIROLA ROAD",0.00,,Y,A,-,N,,,,,,,,,,Y,3,0,1,1,A,-,08,22107,,N,E,I,A,A,H,-,D,D,0,,,,,Y,,A,01,0,1,0,0,0,0,0,0,0,"- ","- ",38.047950744628906,-120.46964263916016,CALAVERAS,UNINCORPORATED,-120.47083282470703,38.051578521728516
92238278,2023,2023-11-16,9255,2023-11-10,"720 ",017324,,5,1,9,0500,0,3,5,,2,004,"PARROTS FERRY ROAD","MOANING CAVE ROAD",1584.00,S,N,A,-,N,,,,,,,,,,Y,3,0,1,1,A,-,03,22350,,N,E,I,A,A,H,-,A,D,0,,,,,Y,,D,22,0,1,0,0,0,0,0,0,0,"- ","- ",38.075431823730469,-120.45835113525391,CALAVERAS,UNINCORPORATED,-120.45769500732422,38.076034545898438
92238322,2023,2023-11-16,9255,2023-11-16,"750 ",017324,,4,1,9,0500,0,1,3,,2,031,"STATE ROUTE 26","ASSOCIATED OFFICE ROAD",1056.00,W,N,A,-,Y,CAL,,26," "," ",32.414,H,,R,Y,3,0,1,1,A,-,08,22107,,N,E,I,A,A,H,-,A,D,0,,,,,Y,,A,07,0,1,0,0,0,0,0,0,0,"- ","- ",38.379138946533203,-120.53703308105469,CALAVERAS,UNINCORPORATED,-120.53703308105469,38.379165649414062
92240407,2023,2023-11-20,9255,2023-11-04,"116 ",021319,,6,3,9,0500,0,3,5,,2,003,"SANDY GULCH ROAD","RAILROAD FLAT RD",5.00,W,N,A,-,N,,,,,,,,,,N,4,0,1,1,A,-,01,23152,A,N,E,I,A,A,H,-,D,A,0,,,,,Y,Y,A,01,0,0,1,0,0,0,0,0,0,"- ","- ",38.3839111328125,-120.5263671875,CALAVERAS,UNINCORPORATED,-120.52604675292969,38.384170532226562
92240415,2023,2023-11-20,9255,2023-11-11,"140 ",022178,,6,3,9,0500,0,1,3,,1,010,HIGHWAY-12,"UPPER SOUBLE SPRINGS ROAD",100.00,E,N,A,-,Y,CAL,,12," "," ",14.422,H,,R,N,4,0,1,1,C,-,18,,,N,E,H,A,A,H,-,D,D,0,,,,,Y,,-,"- ",0,0,1,0,0,0,0,0,0,"- ","- ",38.212310791015625,-120.75628662109375,CALAVERAS,UNINCORPORATED,-120.75628662109375,38.212265014648438
92240420,2023,2023-11-20,9255,2023-11-11,1930,019996,,6,2,9,0500,0,1,3,,1,020,SR-49,"SAN DOMINGO CREEK",1000.00,S,N,A,-,Y,CAL,,49," "," ",12.188,H,,R,Y,3,0,1,1,A,-,08,22107,,N,F,A,A,A,H,-,D,D,0,,,,,Y,,A,01,0,1,0,0,0,0,0,0,0,"- ","- ",38.112899780273438,-120.60939788818359,CALAVERAS,UNINCORPORATED,-120.60942077636719,38.112865447998047
92241765,2023,2023-11-21,9255,2023-11-14,1000,019525,,2,1,9,0500,0,1,3,,1,010,SR-12,"CHESTNUT ST",532.00,E,N,A,-,Y,CAL,,12," "," ",10.102,H,,R,Y,2,0,1,2,A,-,09,21804,A,N,D,C,A,A,C,-,A,A,0,,,Y,,Y,,A,01,1,0,0,0,0,0,0,0,1,"- ","- ",38.192478179931641,-120.82634735107422,CALAVERAS,UNINCORPORATED,-120.82635498046875,38.1925048828125
92248243,2023,2023-11-29,9255,2023-11-21,1434,017537,,2,2,9,0500,0,1,3,,1,021,SR-4,"STALLION WAY",7920.00,E,N,B,-,Y,CAL,,4," "," ",17.999,H,,R,Y,4,0,1,1,A,-,08,22107,,N,E,I,A,A,H,-,A,D,0,,,,,Y,,A,07,0,0,1,0,0,0,0,0,0,"- ","- ",38.068519592285156,-120.60851287841797,CALAVERAS,UNINCORPORATED,-120.6085205078125,38.068473815917969
92249097,2023,2023-11-30,9255,2023-11-18,1630,019996,,6,2,9,0500,0,1,3,,2,030,SR-49,"CAROL KENNEDY RD",200.00,S,N,B,C,Y,CAL,,49," "," ",15.038,H,,R,Y,3,0,1,1,A,-,03,22350,,N,E,I,A,B,H,-,D,D,0,,,,,Y,,A,01,0,1,0,0,0,0,0,0,0,"- ","- ",38.144519805908203,-120.63780212402344,CALAVERAS,UNINCORPORATED,-120.63770294189453,38.144569396972656
92249131,2023,2023-11-30,9255,2023-11-22,1047,017286,,3,1,9,0500,0,1,3,,1,010,SR-12,"CHESTNUT ST",300.00,E,N,A,-,Y,CAL,,12," "," ",10.094,H,,R,N,3,0,1,2,A,-,11,21954,A,N,G,B,D,A,H,-,A,D,0,Y,,,,Y,,N,60,0,1,0,0,1,0,0,0,0,"- ","- ",38.192489624023438,-120.82650756835938,CALAVERAS,UNINCORPORATED,-120.82650756835938,38.192478179931641
92249817,2023,2023-12-01,9255,2023-11-18,1145,018318,,6,1,9,0500,0,3,5,,2,002,"RED HILL ROAD","CARSON ST",1056.00,N,N,B,C,N,,,,,,,,,,N,3,0,1,1,A,-,03,22350,,N,F,A,A,B,H,-,A,D,0,,,,,Y,,D,22,0,1,0,0,0,0,0,0,0,"- ","- ",38.082790374755859,-120.48232269287109,CALAVERAS,UNINCORPORATED,-120.48261260986328,38.083118438720703
92249879,2023,2023-12-01,9255,2023-11-24,1508,019885,,5,2,9,0500,0,1,3,,1,010,SR-12,"MESSING RD",0.00,,Y,A,-,Y,CAL,,12," "," ",5.257,H,,R,N,3,0,1,2,A,-,06,21750,A,N,D,C,A,A,H,-,A,D,0,,,Y,,Y,,C,02,0,1,0,0,0,0,0,0,1,"- ","- ",38.180648803710938,-120.90891265869141,CALAVERAS,UNINCORPORATED,-120.90892028808594,38.180675506591797
92251749,2023,2023-12-04,9255,2023-11-20,"855 ",019525,,1,1,9,0500,0,3,5,,2,003,"PIXLEY AVE","COURT ST",0.00,,Y,A,-,N,,,,,,,,,,N,4,0,2,3,D,-,00,,,N,G,B,E,A,H,-,A,A,0,Y,,,,Y,,-,"- ",0,0,2,0,2,0,0,0,0,"- ","- ",38.196891784667969,-120.68216705322266,CALAVERAS,UNINCORPORATED,-120.6820068359375,38.196926116943359
92252196,2023,2023-12-04,9255,2023-12-01,1755,020142,,5,2,9,0500,0,3,5,,2,003,"MURRAYDALE LN","W MURRAY CREEK ROAD",1056.00,E,N,B,-,N,,,,,,,,,,Y,4,0,2,1,A,-,08,22107,,N,E,I,A,A,H,-,D,D,0,,,,,Y,,A,01,0,0,2,0,0,0,0,0,0,"- ","- ",38.20391845703125,-120.64064788818359,CALAVERAS,UNINCORPORATED,-120.64122772216797,38.203475952148438
92254167,2023,2023-12-06,9255,2023-10-21,2115,018894,,6,2,9,0500,0,1,3,,2,050,"STATE ROUTE 4","HOWARD CT",1500.00,E,N,A,-,Y,CAL,,4," "," ",38.043,H,,R,Y,2,0,4,2,A,-,01,23152,A,N,D,C,A,A,H,-,D,D,0,,,,,Y,Y,A,07,2,2,0,0,0,0,0,0,0,"- ","- ",38.212619781494141,-120.36927032470703,CALAVERAS,UNINCORPORATED,-120.36930084228516,38.212612152099609
92256599,2023,2023-12-07,9255,2023-12-02,1745,021793,,6,2,9,0500,0,1,3,,2,040,SR-4,"ANGELS RD",143.00,E,N,B,-,Y,CAL,,4," "," ",25.635,H,,R,Y,2,0,1,1,A,-,08,22107,,N,E,I,A,B,H,-,D,D,0,,,,,Y,,A,07,1,0,0,0,0,0,0,0,0,"- ","- ",38.090568542480469,-120.47557830810547,CALAVERAS,UNINCORPORATED,-120.47557830810547,38.090503692626953
92257185,2023,2023-12-08,9255,2023-12-02,2135,021793,,6,2,9,0500,0,1,3,,2,031,SR-26,"LOWER DORRAY RD",1255.00,E,N,B,-,Y,CAL,,26," "," ",25.018,H,,R,Y,3,0,1,1,A,-,01,23152,A,N,E,8,A,B,H,-,D,D,0,,,,,Y,Y,-,"- ",0,1,0,0,0,0,0,0,0,"- ","- ",38.3406982421875,-120.60693359375,CALAVERAS,UNINCORPORATED,-120.60691833496094,38.340686798095703
92257477,2023,2023-12-08,9255,2023-12-07,"430 ",022178,,4,3,9,0500,0,3,5,,2,001,"POOL STATION RD","CEMENT PLANT ROAD",5280.00,S,N,B,E,N,,,,,,,,,,Y,4,0,1,1,A,-,08,22107,,N,E,I,A,B,H,-,D,D,0,,,,,Y,,A,01,0,0,1,0,0,0,0,0,0,"- ","- ",38.154018402099609,-120.66391754150391,CALAVERAS,UNINCORPORATED,-120.66384124755859,38.154006958007812
92259773,2023,2023-12-12,9255,2023-11-29,1750,019996,,3,2,9,0500,0,2,4,,2,034,"RAILROAD FLAT ROAD","SIERRA OAKS DRIVE",1200.00,N,N,A,-,N,,,,,,,,,,Y,2,0,1,1,A,-,08,22107,,N,E,8,A,A,H,-,D,D,0,,,,,Y,,A,01,1,0,0,0,0,0,0,0,0,"- ","- ",38.304119110107422,-120.50611877441406,CALAVERAS,UNINCORPORATED,-120.50601959228516,38.303916931152344
92259805,2023,2023-12-12,9255,2023-12-06,1847,022178,,3,2,9,0500,0,1,3,,2,040,SR-4,"PONDEROSA WAY",0.00,,Y,B,C,Y,CAL,,4," "," ",24.137,H,,R,Y,3,0,3,2,A,-,09,21802,A,N,D,C,A,B,H,-,D,A,0,,,,,Y,,-,"- ",0,1,2,0,0,0,0,0,0,"- ","- ",38.091690063476562,-120.502197265625,CALAVERAS,UNINCORPORATED,-120.50216674804688,38.091636657714844
92259807,2023,2023-12-12,9255,2023-12-06,2120,022178,,3,2,9,0500,0,3,5,,2,001,"POOL STATION RD.",SR-4,7920.00,N,N,B,-,N,,,,,,,,,,Y,4,0,1,1,A,-,08,22107,,N,E,8,A,B,H,-,D,D,0,,,,,Y,,A,01,0,0,1,0,0,0,0,0,0,"- ","- ",38.061691284179688,-120.65416717529297,CALAVERAS,UNINCORPORATED,-120.65526580810547,38.064487457275391
92259824,2023,2023-12-12,9255,2023-12-07,"255 ",021793,,4,3,9,0500,0,1,3,,1,011,SR-26,"OLIVE BRANCH DR",170.00,E,N,B,C,Y,CAL,,26," "," ",3.483,H,,R,Y,3,0,1,1,A,-,08,22107,,N,E,I,A,B,H,-,D,D,0,,,,,Y,,A,01,0,1,0,0,0,0,0,0,0,"- ","- ",38.115840911865234,-120.89102172851562,CALAVERAS,UNINCORPORATED,-120.89101409912109,38.115798950195312
92260172,2023,2023-12-12,9255,2023-12-11,1055,020142,,1,1,9,0500,0,1,3,,2,040,SR-4,"BROADVIEW LANE",675.00,E,N,A,-,Y,CAL,,4," "," ",30.485,H,,R,Y,4,0,1,1,A,-,08,22107,,N,F,A,A,A,H,-,A,D,0,,,,,Y,,A,07,0,0,1,0,0,0,0,0,0,"- ","- ",38.148918151855469,-120.4459228515625,CALAVERAS,UNINCORPORATED,-120.44586944580078,38.148887634277344
92266098,2023,2023-12-19,9255,2023-12-08,1233,017324,,5,1,9,0500,0,2,4,,1,022,"O'BYRNES FERRY ROAD","PHEASANT DRIVE",2640.00,S,N,A,-,N,,,,,,,,,,Y,4,0,1,1,A,-,08,22107,,N,F,A,A,A,H,-,A,D,0,,,,,Y,,A,01,0,0,1,0,0,0,0,0,0,"- ","- ",37.92913818359375,-120.59879302978516,CALAVERAS,UNINCORPORATED,-120.59941101074219,37.929740905761719
92267294,2023,2023-12-20,9255,2023-12-18,1455,020142,,1,2,9,0500,0,1,3,,1,011,SR-26,"BEAL RANCH ROAD",830.00,E,N,B,-,Y,CAL,,26," "," ",12.024,H,,R,Y,3,0,1,1,A,-,03,22350,,N,F,A,A,B,H,-,A,D,0,,,,,Y,,D,22,0,1,0,0,0,0,0,0,0,"- ","- ",38.233180999755859,-120.76051330566406,CALAVERAS,UNINCORPORATED,-120.76045989990234,38.233169555664062
92274063,2023,2023-12-28,9255,2023-12-17,1020,018318,,7,1,9,0500,0,1,3,,1,021,"SR-4 E/B","TELEGRAPH RD",20.00,W,N,B,-,Y,,,,,,,,,,Y,3,0,6,2,A,-,08,22107,,N,D,C,A,A,H,-,A,D,0,,,,,Y,,A,01,0,6,0,0,0,0,0,0,0,"- ","- ",37.940658569335938,-120.75395965576172,CALAVERAS,UNINCORPORATED,-120.75387573242188,37.939891815185547
92274067,2023,2023-12-28,9255,2023-12-18,1337,021319,,1,1,9,0500,0,1,3,,1,011,SR-26,"HOGAN DAM ROAD",600.00,W,N,C,-,Y,CAL,,26," "," ",9.709,H,,R,N,2,0,2,2,A,-,03,22350,,N,A,C,A,B,H,-,A,A,0,,,,,Y,,-,"- ",2,0,0,0,0,0,0,0,0,"- ","- ",38.183158874511719,-120.82602691650391,CALAVERAS,UNINCORPORATED,-120.82604217529297,38.18316650390625
92274890,2023,2023-12-29,9255,2023-12-21,"435 ",020563,,4,3,9,0500,0,2,4,,2,034,"MOUNTAIN RANCH RD","SUN ROAD",100.00,E,N,C,-,N,,,,,,,,,,Y,4,0,1,1,A,-,08,22107,,N,E,I,A,B,H,-,D,D,0,,,,,Y,,A,01,0,0,1,0,0,0,0,0,0,"- ","- ",38.23651123046875,-120.52082061767578,CALAVERAS,UNINCORPORATED,-120.52120208740234,38.236438751220703
92277059,2023,2024-01-02,9255,2023-12-23,1248,019885,,6,1,9,0500,0,1,3,,1,021,SR-4,"TOWN SQUARE RD",0.00,,Y,A,-,Y,CAL,,4," ",R,7.331,H,,R,Y,3,0,5,2,A,-,09,21801,A,N,A,C,A,A,H,-,A,D,0,,,,,Y,,A,07,0,5,0,0,0,0,0,0,0,"- ","- ",37.974079132080078,-120.65357971191406,CALAVERAS,UNINCORPORATED,-120.65375518798828,37.974231719970703
92279107,2023,2024-01-04,9255,2023-12-23,1245,018318,,6,1,9,0500,0,1,3,,2,040,SR-4,"VALLECITO RD",0.00,,Y,A,-,Y,CAL,,4," ",R,23.000,H,,R,Y,2,0,1,2,A,-,09,21801,A,N,D,C,A,A,H,-,A,D,0,,,,,Y,,A,01,1,0,0,0,0,0,0,0,0,"- ","- ",38.079200744628906,-120.52694702148438,CALAVERAS,UNINCORPORATED,-120.52695465087891,38.079227447509766
92279303,2023,2024-01-04,9255,2023-12-21,"715 ",022429,,4,1,9,0500,0,3,5,,2,005,SR-4,"GANNS MEADOW DRIVE",3062.00,W,N,A,-,Y,CAL,,4," ",R,57.346,H,,R,N,2,0,1,1,A,-,03,22350,,N,E,I,A,C,H,-,A,D,0,,,,,Y,,A,01,1,0,0,0,0,0,0,0,0,"- ","- ",38.397869110107422,-120.16742706298828,CALAVERAS,UNINCORPORATED,-120.16738891601562,38.397819519042969
92279722,2023,2024-01-04,9255,2023-12-29,1725,018318,,5,2,9,0500,0,3,5,,2,002,"LITTLE JOHN RD","BOW DR",0.00,,Y,A,-,N,,,,,,,,,,Y,4,0,1,2,A,-,03,22350,,N,C,C,A,A,H,-,D,D,0,,,,,Y,,A,07,0,0,1,0,0,0,0,0,0,"- ","- ",37.921108245849609,-120.63157653808594,CALAVERAS,UNINCORPORATED,-120.64080047607422,37.929607391357422
92281529,2023,2024-01-08,9255,2023-12-27,1455,022429,,3,2,9,0500,0,3,5,,2,005,"PINE DRIVE",SR-4,550.00,N,N,A,-,N,,,,,,,,,,N,2,0,1,2,A,-,03,22350,,N,A,G,A,D,H,-,A,D,0,,Y,,,Y,,L,04,1,0,0,0,0,0,1,0,0,"- ","- ",38.252429962158203,-120.35890197753906,CALAVERAS,UNINCORPORATED,-120.35690307617188,38.253513336181641
92281923,2023,2024-01-08,9255,2023-12-31,"940 ",020142,,7,1,9,0500,0,1,3,,1,010,SR-12,"SAWMILL STREET",140.00,W,N,B,-,Y,CAL,,12," "," ",0.836,H,,R,Y,3,0,1,1,A,-,08,22107,,N,E,8,A,A,H,-,A,D,0,,,,,Y,,A,01,0,1,0,0,0,0,0,0,0,"- ","- ",38.195011138916016,-120.97905731201172,CALAVERAS,UNINCORPORATED,-120.97901153564453,38.195034027099609
92283057,2023,2024-01-25,9255,2023-11-16,2000,019885,,4,2,9,0500,0,3,5,,2,003,"WINTON RD","LILY GAP RD",575.00,W,N,B,-,N,,,,,,,,,,Y,1,1,0,1,A,-,01,23152,A,N,E,I,A,B,H,-,D,D,0,,,,,Y,Y,D,22,0,0,0,0,0,0,0,0,0,"- ","- ",38.433010101318359,-120.46141815185547,CALAVERAS,UNINCORPORATED,-120.49832153320312,38.41253662109375
92284843,2023,2024-01-11,9255,2023-12-30,1715,022429,,6,2,9,0500,0,3,5,,2,005,SR-4,"COUNTRY CLUB DR",0.00,,Y,B,-,Y,CAL,,4," "," ",40.304,H,,R,Y,3,0,2,2,A,-,09,21802,A,N,D,C,A,A,H,-,C,A,0,,,,,Y,,A,01,0,1,1,0,0,0,0,0,0,"- ","- ",38.242458343505859,-120.36109924316406,CALAVERAS,UNINCORPORATED,-120.36103820800781,38.242443084716797
92284904,2024,2024-01-11,9255,2024-01-06,2150,020142,,6,2,9,0500,0,1,3,,2,040,SR-4,"GREEN MEADOW CT",480.00,E,N,B,-,Y,CAL,,4," "," ",28.426,H,,R,N,3,0,1,1,A,-,03,22350,,N,F,0,A,C,H,-,D,D,0,,,,,Y,,A,07,0,1,0,0,0,0,0,0,0,"- ","- ",38.123600006103516,-120.45024108886719,CALAVERAS,UNINCORPORATED,-120.45016479492188,38.12359619140625
92284914,2024,2024-01-11,9255,2024-01-08,1425,020563,,1,2,9,0500,0,1,3,,2,031,SR-26,"HIGDON RD",4500.00,E,N,B,-,Y,CAL,,26," "," ",37.772,H,,R,Y,4,0,1,1,A,-,08,22107,,N,E,I,A,B,H,-,A,D,0,,,,,Y,,A,07,0,0,1,0,0,0,0,0,0,"- ","- ",38.418998718261719,-120.54904937744141,CALAVERAS,UNINCORPORATED,-120.54898834228516,38.418964385986328
92284923,2024,2024-01-11,9255,2024-01-08,1529,017286,,1,2,9,0500,0,1,3,,1,021,SR-4,"HODSON RD.",1584.00,W,N,A,-,Y,CAL,,4," ",R,7.068,H,,R,Y,4,0,1,2,A,-,09,21801,A,N,D,C,A,A,H,-,A,D,0,,,,,Y,,A,01,0,0,1,0,0,0,0,0,0,"- ","- ",37.971660614013672,-120.65728759765625,CALAVERAS,UNINCORPORATED,-120.65730285644531,37.971668243408203
92290698,2024,2024-01-18,9255,2024-01-11,"805 ",016918,,4,1,9,0500,0,1,3,,2,030,SR-49,"EDNA DR",300.00,S,N,A,-,Y,CAL,,49," ",R,22.823,H,,R,Y,3,0,1,1,A,-,03,22350,,N,E,I,A,C,H,-,A,D,0,,,,,Y,,D,22,0,1,0,0,0,0,0,0,0,"- ","- ",38.235309600830078,-120.71054840087891,CALAVERAS,UNINCORPORATED,-120.71047973632812,38.235313415527344
92290714,2024,2024-01-18,9255,2024-01-11,1408,016918,,4,2,9,0500,0,1,3,,2,030,SR-49,"BIG BAR RD",30.00,N,N,A,-,Y,CAL,,49," "," ",30.824,H,,R,Y,3,0,2,2,A,-,03,22350,,N,C,C,A,A,H,-,A,D,0,,,,,Y,,D,22,0,2,0,0,0,0,0,0,0,"- ","- ",38.311958312988281,-120.72029113769531,CALAVERAS,UNINCORPORATED,-120.72023773193359,38.311954498291016
92291016,2024,2024-01-18,9255,2024-01-12,1621,016918,,5,2,9,0500,0,3,5,,2,003,"RIDGE RD","BLUE RIDGE RD",2900.00,E,N,A,-,N,,,,,,,,,,Y,3,0,1,2,A,-,05,21460,A,N,B,C,A,A,H,-,A,D,0,,,,,Y,,A,07,0,1,0,0,0,0,0,0,0,"- ","- ",38.338359832763672,-120.5614013671875,CALAVERAS,UNINCORPORATED,-120.56158447265625,38.338321685791016
92293266,2024,2024-01-22,9255,2024-01-13,"405 ",020142,,6,3,9,0500,0,1,3,,1,020,SR-49,"COSGRAVE ROAD",4752.00,N,N,B,-,Y,CAL,,49," "," ",12.639,H,,R,Y,3,0,1,1,A,-,08,22107,,N,E,I,A,A,H,-,D,D,0,,,,,Y,,A,01,0,1,0,0,0,0,0,0,0,"- ","- ",38.115821838378906,-120.61676025390625,CALAVERAS,UNINCORPORATED,-120.61674499511719,38.115837097167969
92293269,2024,2024-01-22,9255,2024-01-13,"733 ",016918,,6,1,9,0500,0,3,5,,2,001,"BALDWIN ST","DIXON CT",700.00,E,N,B,C,N,,,,,,,,,,Y,3,0,1,1,A,-,08,22107,,N,E,I,A,B,H,-,A,D,0,,,,,Y,,A,08,0,1,0,0,0,0,0,0,0,"- ","- ",38.139060974121094,-120.85649871826172,CALAVERAS,UNINCORPORATED,,
92293513,2024,2024-01-22,9255,2024-01-13,1145,016918,,6,1,9,0500,0,3,5,,2,001,"BURSON RD","DAKOTA DR",850.00,N,N,B,C,N,,,,,,,,,,Y,3,0,2,1,A,-,03,22350,,N,E,I,A,B,H,-,A,D,0,,,,,Y,,A,07,0,2,0,0,0,0,0,0,0,"- ","- ",38.195930480957031,-120.89118194580078,CALAVERAS,UNINCORPORATED,-120.89120483398438,38.195888519287109
92293549,2024,2024-01-22,9255,2024-01-13,1330,017324,,6,1,9,0500,0,1,3,,1,011,"STATE ROUTE 26","HEINEMANN DRIVE",75.00,E,N,B,-,Y,CAL,,26," "," ",7.187,H,,R,Y,4,0,2,1,A,-,03,22350,,N,F,A,A,B,H,-,A,D,0,,,,,Y,,A,01,0,0,2,0,0,0,0,0,0,"- ","- ",38.155559539794922,-120.85221099853516,CALAVERAS,UNINCORPORATED,-120.85224151611328,38.155570983886719
92293937,2024,2024-01-22,9255,2024-01-19,1258,016918,,5,1,9,0500,0,1,3,,1,011,SR-26,"DOUBLE SPRINGS RD",0.00,,Y,A,-,Y,CAL,,26," "," ",10.670,H,,R,Y,3,0,1,2,A,-,09,21802,A,N,D,C,A,A,H,-,A,A,0,,,,,Y,,D,22,0,1,0,0,0,0,0,0,0,"- ","- ",38.215110778808594,-120.76335906982422,CALAVERAS,UNINCORPORATED,-120.76333618164062,38.215099334716797
92297866,2024,2024-01-26,9255,2024-01-18,1358,018318,,4,1,9,0500,0,3,5,,2,001,"PALOMA RD","WATERTOWN ROAD",4224.00,E,N,A,-,N,,,,,,,,,,Y,3,0,3,1,A,-,08,22107,,N,E,I,A,A,H,-,A,D,0,,,,,Y,,A,01,0,3,0,0,0,0,0,0,0,"- ","- ",38.217750549316406,-120.82527923583984,CALAVERAS,UNINCORPORATED,-120.82530975341797,38.215850830078125
92299557,2024,2024-01-29,9255,2024-01-22,"325 ",021793,,1,3,9,0500,0,1,3,,1,010,SR-12,"CENTRAL HILL RD",4766.00,W,N,B,C,Y,CAL,,12," "," ",15.402,H,,R,Y,3,0,1,1,A,-,03,22350,,N,F,A,A,B,H,-,D,D,0,,,,,Y,,-,"- ",0,1,0,0,0,0,0,0,0,"- ","- ",38.208309173583984,-120.73748016357422,CALAVERAS,UNINCORPORATED,-120.73746490478516,38.208354949951172
92302071,2024,2024-01-31,9255,2024-01-23,"250 ",019246,,2,3,9,0500,0,1,3,,1,011,SR-26,"HEINEMANN DR",400.00,W,N,B,-,Y,CAL,,26," "," ",7.066,H,,R,Y,3,0,1,1,A,-,03,22350,,N,F,A,A,B,H,-,D,D,0,,,,,Y,,-,"- ",0,1,0,0,0,0,0,0,0,"- ","- ",38.154159545898438,-120.85344696044922,CALAVERAS,UNINCORPORATED,-120.85349273681641,38.154197692871094
92302235,2024,2024-01-31,9255,2024-01-27,1000,017537,,6,1,9,0500,0,3,5,,2,004,"VALECITO RD",SR-4,200.00,S,N,B,-,Y,,,,,,,,,,Y,2,0,1,1,A,-,08,22107,,N,E,I,A,A,H,-,A,D,0,,,Y,,Y,,C,02,1,0,0,0,0,0,0,0,1,"- ","- ",38.078578948974609,-120.52706146240234,CALAVERAS,UNINCORPORATED,-120.5384521484375,38.068283081054688
92302854,2024,2024-02-01,9255,2024-01-25,1330,018318,,4,1,9,0500,0,3,5,,2,003,"RAILROAD FLAT RD","RIDGE ROAD",131.00,W,N,A,-,N,,,,,,,,,,N,2,0,1,1,A,-,08,22107,,N,E,I,A,A,H,-,A,D,0,,,,,Y,,D,22,1,0,0,0,0,0,0,0,0,"- ","- ",38.333408355712891,-120.51975250244141,CALAVERAS,UNINCORPORATED,-120.52001953125,38.333629608154297
92305399,2024,2024-02-05,9255,2024-01-23,1836,020563,,2,2,9,0500,0,1,3,,2,030,SR-49,"KNEIF LN",550.00,N,N,A,-,Y,CAL,,49," "," ",18.347,H,,R,Y,4,0,1,1,A,-,08,22107,,N,E,I,A,A,H,-,D,D,0,,,,,Y,,A,07,0,0,1,0,0,0,0,0,0,"- ","- ",38.183650970458984,-120.67047119140625,CALAVERAS,UNINCORPORATED,-120.67039489746094,38.183696746826172
92305475,2024,2024-02-05,9255,2024-01-30,1249,019525,,2,1,9,0500,0,1,3,,2,040,SR-4,"FOLENDORF RD",565.00,W,N,A,-,Y,CAL,,4," "," ",31.596,H,,R,N,4,0,1,1,A,-,08,22107,,N,F,A,A,A,H,-,A,D,0,,,,,Y,,A,01,0,0,1,0,0,0,0,0,0,"- ","- ",38.161190032958984,-120.43663024902344,CALAVERAS,UNINCORPORATED,-120.43666839599609,38.161182403564453
92305775,2024,2024-02-05,9255,2024-02-01,1650,020142,,4,2,9,0500,0,3,5,,2,001,"BURSON RD",SR-12,3168.00,S,N,B,-,N,,,,,,,,,,Y,4,0,1,1,A,-,08,22107,,N,E,I,A,B,H,-,A,D,0,,,,,Y,,D,22,0,0,1,0,0,0,0,0,0,"- ","- ",38.174160003662109,-120.89061737060547,CALAVERAS,UNINCORPORATED,-120.89080047607422,38.17486572265625
92311934,2024,2024-02-12,9255,2024-02-01,1710,022178,,4,2,9,0500,0,1,3,,1,010,SR-12,"SONNY LANE",20.00,E,N,B,-,Y,CAL,,12," "," ",7.680,H,,R,Y,4,0,1,2,A,-,03,22350,,N,C,C,A,B,H,-,A,A,0,,,,,Y,,A,01,0,0,1,0,0,0,0,0,0,"- ","- ",38.185611724853516,-120.86582946777344,CALAVERAS,UNINCORPORATED,-120.86582946777344,38.185600280761719
92312017,2024,2024-02-12,9255,2024-01-26,1815,021319,,5,2,9,0500,0,1,3,,1,011,SR-26,"VISTA DEL LAGO DR",10.00,E,N,B,-,Y,CAL,,26," "," ",8.440,H,,R,N,3,0,2,2,A,-,09,21804,A,N,D,C,A,A,H,-,C,A,0,,,Y,,Y,,C,02,0,1,1,0,0,0,0,0,1,"- ","- ",38.168758392333984,-120.83895111083984,CALAVERAS,UNINCORPORATED,-120.83901977539062,38.168800354003906
92312899,2024,2024-02-13,9255,2024-01-30,"57  ",021793,,2,3,9,0500,0,1,3,,2,030,SR-49,"DEER CREEK RD",335.00,N,N,A,-,Y,CAL,,49," "," ",10.830,H,,R,N,4,0,1,1,A,-,01,23152,A,N,E,I,A,B,H,-,D,D,0,,,,,Y,Y,A,07,0,0,1,0,0,0,0,0,0,"- ","- ",38.101169586181641,-120.59001922607422,CALAVERAS,UNINCORPORATED,-120.59002685546875,38.101165771484375
92313667,2024,2024-02-14,9255,2024-01-28,1505,019525,,7,2,9,0500,0,1,3,,1,011,SR-26,"GOLD CREEK DR",575.00,W,N,A,-,Y,CAL,,26," "," ",9.214,H,,R,Y,3,0,1,1,A,-,08,22107,,N,F,A,A,A,H,-,A,D,0,,,Y,,Y,,C,02,0,1,0,0,0,0,0,0,1,"- ","- ",38.176799774169922,-120.83106231689453,CALAVERAS,UNINCORPORATED,-120.83113861083984,38.176803588867188
92313739,2024,2024-02-14,9255,2024-02-09,1022,020142,,5,1,9,0500,0,1,3,,2,030,SR-49,"TOYANZA DRIVE",400.00,S,N,A,-,Y,CAL,,49," "," ",18.699,H,,R,Y,3,0,1,1,A,-,03,22350,,N,E,I,A,A,H,-,A,D,0,,,,,Y,,D,22,0,1,0,0,0,0,0,0,0,"- ","- ",38.187389373779297,-120.67397308349609,CALAVERAS,UNINCORPORATED,-120.67400360107422,38.1873779296875
92318657,2024,2024-02-20,9255,2024-02-13,1706,020214,,2,2,9,0500,0,3,5,,2,002,"LITTLE JOHN RD","KIVA DR",294.00,S,N,A,-,N,,,,,,,,,,Y,2,0,1,1,A,-,03,22350,,N,F,A,A,A,H,-,A,D,0,,,Y,,Y,,C,02,1,0,0,0,0,0,0,0,1,"- ","- ",37.907569885253906,-120.61353302001953,CALAVERAS,UNINCORPORATED,-120.61357879638672,37.907711029052734
92325680,2023,2024-02-28,9255,2023-11-29,1442,019885,,3,2,9,0500,0,1,3,,1,011,SR-26,"SHELTON RD",1889.00,W,N,A,-,Y,CAL,,26," ",R,0.563,H,,R,Y,1,1,1,2,A,-,06,21751,,N,A,C,A,A,H,-,A,D,0,,,,,Y,,D,22,1,0,0,0,0,0,0,0,0,"- ","- ",38.099971771240234,-120.932861328125,CALAVERAS,UNINCORPORATED,-120.93288421630859,38.100009918212891
92326880,2024,2024-02-29,9255,2024-02-22,2103,021319,,4,2,9,0500,0,1,3,,1,010,SR-12,"LIME CREEK RD",0.00,,Y,A,-,Y,CAL,,12," "," ",11.529,H,,R,Y,2,0,3,2,A,-,01,23152,A,N,A,C,A,A,H,-,D,A,0,,,,,Y,Y,D,22,1,2,0,0,0,0,0,0,0,"- ","- ",38.197319030761719,-120.80078125,CALAVERAS,UNINCORPORATED,-120.80081939697266,38.197360992431641
92326945,2024,2024-02-29,9255,2024-02-22,1530,022429,,4,2,9,0500,0,3,5,,2,005,SR-4,"TAMARACK FRONTAGE RD",0.00,,Y,A,-,Y,CAL,,4," ",R,63.856,H,,R,Y,4,0,3,2,A,-,09,21801,A,M,D,C,A,A,H,-,A,D,0,,,,,Y,,A,08,0,0,3,0,0,0,0,0,0,"- ","- ",38.436439514160156,-120.07792663574219,CALAVERAS,UNINCORPORATED,-120.07790374755859,38.436431884765625
92328983,2024,2024-03-04,9255,2024-03-02,1920,022178,,6,2,9,0500,0,2,4,,1,022,"OBYRNES FERRY RD","PHEASANT RUN DR",30.00,N,N,B,C,N,,,,,,,,,,Y,4,0,1,1,A,-,03,22350,,N,E,I,A,B,H,-,D,D,0,,,,,Y,,A,01,0,0,1,0,0,0,0,0,0,"- ","- ",37.935791015625,-120.60450744628906,CALAVERAS,UNINCORPORATED,-120.60434722900391,37.935855865478516
92332511,2024,2024-03-07,9255,2024-02-17,1215,017537,,6,1,9,0500,0,1,3,,1,011,SR-26,"HOGAN DAM RD",10.00,E,N,B,-,Y,CAL,,26," "," ",9.859,H,,R,Y,4,0,1,1,A,-,08,22107,,N,E,I,A,A,H,-,A,D,0,,,,,Y,,A,01,0,0,1,0,0,0,0,0,0,"- ","- ",38.185478210449219,-120.82553100585938,CALAVERAS,UNINCORPORATED,-120.82564544677734,38.185493469238281
92332531,2024,2024-03-07,9255,2024-03-01,1110,017324,,5,1,9,0500,0,1,3,,1,020,"STATE ROUTE 49","RED HILL ROAD",1056.00,S,N,B,-,Y,CAL,,49," "," ",3.831,H,,R,Y,4,0,1,1,A,-,01,23152,A,N,E,I,A,B,H,-,A,D,0,,,,,Y,Y,A,01,0,0,1,0,0,0,0,0,0,"- ","- ",38.033008575439453,-120.50624084472656,CALAVERAS,UNINCORPORATED,-120.50627899169922,38.033012390136719
92349878,2024,2024-03-28,9255,2024-03-16,2153,021319,,6,2,9,0500,0,3,5,,2,002,"STAGECOACH RD","HORSESHOE DR",3168.00,W,N,A,-,N,,,,,,,,,,N,3,0,1,1,A,-,01,23152,A,N,E,I,A,A,H,-,D,D,0,,,Y,,Y,Y,C,06,0,1,0,0,0,0,0,0,1,"- ","- ",37.958541870117188,-120.69589996337891,CALAVERAS,UNINCORPORATED,-120.69436645507812,37.95867919921875
92358527,2024,2024-04-08,9255,2024-03-25,1640,019525,,1,2,9,0500,0,3,5,,2,001,"BALDWIN ST","BERGSMA LANE",95.00,S,N,B,-,N,,,,,,,,,,Y,3,0,1,1,A,-,08,22107,,N,E,I,A,A,H,-,A,D,0,,,,,Y,,D,22,0,1,0,0,0,0,0,0,0,"- ","- ",38.132450103759766,-120.84574127197266,CALAVERAS,UNINCORPORATED,-120.84580993652344,38.132453918457031
92358584,2024,2024-04-08,9255,2024-03-28,1012,018318,,4,1,9,0500,0,1,3,,1,010,SR-12,"DOUBLE SPRINGS ROAD",2112.00,E,N,A,-,Y,CAL,,12," "," ",12.851,H,,R,Y,3,0,1,1,A,-,08,22107,,N,E,I,A,A,H,-,A,D,0,,,,,Y,,A,01,0,1,0,0,0,0,0,0,0,"- ","- ",38.209270477294922,-120.78330230712891,CALAVERAS,UNINCORPORATED,-120.78329467773438,38.209213256835938
92359706,2024,2024-04-09,9255,2024-04-01,2100,019885,,1,2,9,0500,0,1,3,,1,010,SR-12,SR-26,0.00,,Y,A,-,Y,CAL,,12," "," ",9.929,H,,R,N,3,0,1,2,A,-,09,21800,C,N,D,C,A,A,H,-,C,A,0,,,Y,,Y,,C,03,0,1,0,0,0,0,0,0,1,"- ","- ",38.191570281982422,-120.82901000976562,CALAVERAS,UNINCORPORATED,-120.82903289794922,38.191577911376953
92359794,2024,2024-04-09,9255,2024-04-06,1625,020142,,6,2,9,0500,0,3,5,,2,001,"BALDWIN ST","MCATEE STREET",0.00,,Y,A,-,N,,,,,,,,,,Y,4,0,1,2,A,-,09,21802,A,N,D,C,A,A,H,-,A,A,0,,,,,Y,,A,07,0,0,1,0,0,0,0,0,0,"- ","- ",38.108249664306641,-120.86772918701172,CALAVERAS,UNINCORPORATED,-120.86775970458984,38.10821533203125
92362516,2024,2024-04-11,9255,2024-04-04,1330,016918,,4,1,9,0500,0,1,3,,1,011,SR-26,"HOGAN DAM RD",960.00,W,N,B,C,Y,CAL,,26," "," ",9.692,H,,R,Y,3,0,1,1,A,-,08,22107,,N,F,A,A,B,H,-,A,D,0,,,,,Y,,D,22,0,1,0,0,0,0,0,0,0,"- ","- ",38.182991027832031,-120.82627105712891,CALAVERAS,UNINCORPORATED,-120.82624053955078,38.182964324951172
92364351,2024,2024-04-15,9255,2024-04-08,1206,017286,,1,1,9,0500,0,1,3,,2,040,SR-4,"BRICE STATION RD.",100.00,E,N,A,-,Y,CAL,,4," "," ",33.205,H,,R,Y,4,0,1,2,A,-,03,22350,,N,C,C,A,A,H,-,A,D,0,,,,,Y,,A,01,0,0,1,0,0,0,0,0,0,"- ","- ",38.169960021972656,-120.41168212890625,CALAVERAS,UNINCORPORATED,-120.41168212890625,38.169967651367188
92364780,2024,2024-04-15,9255,2024-02-07,"325 ",019885,,3,3,9,0500,0,1,3,,1,011,SR-26,"VISTA DEL LAGO DR",370.00,E,N,A,-,Y,CAL,,26," "," ",8.494,H,,R,N,1,1,0,2,A,-,11,21954,A,N,G,B,E,A,H,-,D,D,0,Y,,,,Y,,N,60,0,0,0,1,0,0,0,0,0,"- ","- ",38.169609069824219,-120.83824157714844,CALAVERAS,UNINCORPORATED,-120.83826446533203,38.169620513916016
92372063,2024,2024-04-22,9255,2024-04-16,"740 ",019534,,2,1,9,0500,0,1,3,,2,030,SR-49,"BIG BAR RD",2640.00,S,N,A,-,Y,CAL,,49," "," ",29.967,H,,R,Y,4,0,1,2,A,-,05,21460,,N,A,C,A,A,H,-,A,D,0,,,,,Y,,A,01,0,0,1,0,0,0,0,0,0,"- ","- ",38.30596923828125,-120.72933197021484,CALAVERAS,UNINCORPORATED,-120.72932434082031,38.305965423583984
92372829,2024,2024-04-23,9255,2024-04-18,"610 ",017324,,4,1,9,0500,0,1,3,,1,021,"STATE ROUTE 4","LITTLE JOHN ROAD",528.00,E,N,A,-,N,,,,,,,,,,N,3,0,1,1,C,-,18,,,N,H,H,A,A,H,-,A,D,0,,,,,Y,,-,"- ",0,1,0,0,0,0,0,0,0,"- ","- ",37.978549957275391,-120.64788055419922,CALAVERAS,UNINCORPORATED,-120.65245819091797,37.975196838378906
92372902,2024,2024-04-23,9255,2024-04-18,2237,021319,,4,3,9,0500,0,1,3,,2,030,SR-49,"BIG BAR ROAD",20.00,N,N,A,-,Y,AMA,,49," "," ",0.001,H,,R,Y,4,0,1,1,A,-,08,22107,,N,E,I,A,A,D,-,C,A,0,,,,,Y,,A,07,0,0,1,0,0,0,0,0,0,"- ","- ",38.312538146972656,-120.72032928466797,CALAVERAS,UNINCORPORATED,-120.72031402587891,38.312541961669922
92374914,2024,2024-04-25,9255,2024-04-08,1953,019885,,1,2,9,0500,0,1,3,,1,011,SR-26,"GARNER RD",960.00,E,N,A,-,Y,CAL,,26," "," ",5.228,H,,R,Y,3,0,1,2,A,-,08,22107,,N,A,C,A,A,H,-,D,D,0,,,,,Y,,A,01,0,1,0,0,0,0,0,0,0,"- ","- ",38.132289886474609,-120.87196350097656,CALAVERAS,UNINCORPORATED,-120.87194061279297,38.13226318359375
92374962,2024,2024-04-25,9255,2024-04-11,"0   ",021319,,4,3,9,0500,0,3,5,,2,003,"CENTENNIAL MINE RD",SR-26,5280.00,S,N,A,-,N,,,,,,,,,,N,3,0,1,1,A,-,03,22350,,N,H,H,A,A,H,-,D,D,0,,,Y,,Y,,C,02,0,1,0,0,0,0,0,0,1,"- ","- ",38.409778594970703,-120.54933929443359,CALAVERAS,UNINCORPORATED,-120.54833984375,38.407260894775391
92374965,2024,2024-04-25,9255,2024-04-19,1030,018318,,5,1,9,0500,0,1,3,,1,011,SR-26,"PALOMA ROAD",4752.00,W,N,A,-,Y,CAL,,26," "," ",13.377,H,,R,Y,3,0,1,1,A,-,03,22350,,N,E,I,A,A,H,-,A,D,0,,,,,Y,,A,01,0,1,0,0,0,0,0,0,0,"- ","- ",38.251430511474609,-120.75478363037109,CALAVERAS,UNINCORPORATED,-120.75478363037109,38.251430511474609
92378352,2024,2024-04-30,9255,2024-04-18,"235 ",019246,,4,3,9,0500,0,3,5,,2,003,"RIDGE RD","INDEPENDENCE RD",430.00,W,N,A,-,N,,,,,,,,,,N,3,0,1,1,A,-,08,22107,,N,E,I,A,A,H,-,D,D,0,,,,,Y,,A,01,0,1,0,0,0,0,0,0,0,"- ","- ",38.343170166015625,-120.57528686523438,CALAVERAS,UNINCORPORATED,-120.57530975341797,38.343120574951172
92383617,2024,2024-10-29,9255,2024-03-18,1500,019885,,1,2,9,0500,0,1,3,,2,031,SR-26,"RABBIT'S FOOT RD",253.00,W,N,A,-,Y,CAL,,26," "," ",31.352,H,,R,Y,1,2,0,2,A,-,08,22107,,N,F,0,A,A,H,-,A,D,0,,,Y,,Y,,C,02,0,0,0,0,0,0,0,2,0,"- ","- ",38.376888275146484,-120.55583953857422,CALAVERAS,UNINCORPORATED,-120.55583953857422,38.376895904541016
92388392,2024,2024-05-13,9255,2024-05-01,1410,022429,,3,2,9,0500,0,3,5,,2,005,"BLAGEN RD",SR-4,290.00,E,N,A,-,N,,,,,,,,,,Y,3,0,1,2,A,-,09,21804,A,N,D,C,A,A,H,-,A,D,0,,,Y,,Y,,A,07,0,1,0,0,0,0,0,0,1,"- ","- ",38.256839752197266,-120.34825897216797,CALAVERAS,UNINCORPORATED,-120.34845733642578,38.256793975830078
92388669,2024,2024-05-13,9255,2024-05-08,2136,016918,,3,2,9,0500,0,1,3,,1,011,SR-26,"OLIVE ORCHARD RD",0.00,,Y,A,-,Y,CAL,,26," "," ",5.045,H,,R,Y,2,0,2,2,A,-,09,21802,A,F,D,2,A,A,H,-,D,A,0,,,Y,,Y,,A,07,1,1,0,0,0,0,0,0,2,"- ","- ",38.130268096923828,-120.87409210205078,CALAVERAS,UNINCORPORATED,-120.87406921386719,38.130260467529297
92388700,2024,2024-05-13,9255,2024-05-03,2050,020563,,5,2,9,0500,0,1,3,,1,011,SR-26,"COUNTRY VIEW DRIVE",400.00,E,N,A,-,Y,CAL,,26," "," ",9.156,H,,R,N,3,0,1,2,A,-,11,21954,A,F,G,B,E,A,H,-,D,D,0,Y,,,,Y,Y,N,60,0,1,0,0,1,0,0,0,0,"- ","- ",38.175979614257812,-120.83149719238281,CALAVERAS,UNINCORPORATED,-120.83146667480469,38.175960540771484
92392073,2024,2024-05-16,9255,2024-05-04,1645,018318,,6,2,9,0500,0,3,5,,2,001,SANDRETTO,"CAMPO SECO RD",5280.00,N,N,A,-,N,,,,,,,,,,Y,3,0,1,1,A,-,03,22350,,N,E,I,A,B,H,-,A,D,0,,,,,Y,,A,01,0,1,0,0,0,0,0,0,0,"- ","- ",38.242679595947266,-120.84285736083984,CALAVERAS,UNINCORPORATED,-120.84246063232422,38.242061614990234
92393857,2024,2024-05-20,9255,2024-05-02,1300,020142,,4,1,9,0500,0,1,3,,2,031,SR26,"SANDY GULCH LANE",85.00,E,N,A,-,Y,CAL,,26," "," ",32.080,H,,R,Y,3,0,1,1,A,-,03,22350,,N,E,8,A,A,H,-,A,D,0,,,,,Y,,A,01,0,1,0,0,0,0,0,0,0,"- ","- ",38.378978729248047,-120.54316711425781,CALAVERAS,UNINCORPORATED,-120.54316711425781,38.378921508789062
92393861,2024,2024-05-20,9255,2024-05-03,1745,021319,,5,2,9,0500,0,3,5,,2,001,"VISTA DEL LAGO DR","HARTVICKSON LN",10.00,N,N,A,-,N,,,,,,,,,,N,3,0,1,2,A,-,09,21802,A,N,F,A,A,A,H,-,A,A,0,,,Y,,Y,,A,07,0,1,0,0,0,0,0,0,1,"- ","- ",38.167858123779297,-120.83798217773438,CALAVERAS,UNINCORPORATED,-120.83786773681641,38.167797088623047
92393864,2024,2024-07-15,9255,2024-05-03,2040,021319,,5,2,9,0500,0,1,3,,1,011,SR-26,"GARDNER LN",0.00,,Y,A,-,Y,CAL,,26," "," ",5.041,H,,R,N,2,0,1,2,A,-,01,23152,A,N,D,C,A,A,H,-,D,A,0,,,Y,,Y,Y,C,02,1,0,0,0,0,0,0,0,1,"- ","- ",38.130210876464844,-120.87407684326172,CALAVERAS,UNINCORPORATED,-120.87409210205078,38.130214691162109
92393895,2024,2024-05-20,9255,2024-05-17,1437,016918,,5,2,9,0500,0,1,3,,2,030,SR-49,"BIG BAR RD",3696.00,S,N,A,-,Y,CAL,,49," "," ",30.157,H,,R,N,2,0,1,1,A,-,03,22350,,N,F,A,A,A,H,-,A,D,0,,,Y,,Y,,C,02,1,0,0,0,0,0,0,0,1,"- ","- ",38.30609130859375,-120.72724914550781,CALAVERAS,UNINCORPORATED,-120.72727966308594,38.30609130859375
92395214,2024,2024-05-21,9255,2024-05-19,1815,019885,,7,2,9,0500,0,1,3,,1,020,SR-49,"GUN CLUB RD",65.00,S,N,A,-,Y,CAL,,49," "," ",5.898,H,,R,N,3,0,1,2,A,-,03,22350,,N,C,C,A,A,H,-,A,D,0,,,,,Y,,D,22,0,1,0,0,0,0,0,0,0,"- ","- ",38.051059722900391,-120.53144073486328,CALAVERAS,UNINCORPORATED,-120.53141021728516,38.051074981689453
92399850,2024,2024-05-28,9255,2024-05-15,"333 ",019246,,3,3,2,0501,0,3,5,,2,001,"SILVER RAPIDS RD","HEINEMANN DR",187.00,S,N,A,-,N,,,,,,,,,,Y,3,0,1,1,A,-,01,23152,A,N,E,I,A,A,H,-,D,D,0,,,,,Y,Y,-,"- ",0,1,0,0,0,0,0,0,0,"- ","- ",38.1580810546875,-120.84246826171875,CALAVERAS,"ANGELS CAMP",-120.84171295166016,38.158050537109375
92399936,2024,2024-08-14,9255,2024-05-24,1630,020142,,5,2,9,0500,0,3,5,,2,003,"ROCKY ROAD","DEL SOL LANE",475.00,E,N,A,-,N,,,,,,,,,,Y,3,0,1,1,A,-,01,23152,A,N,E,I,A,A,H,-,A,D,0,,,,,Y,Y,A,07,0,1,0,0,0,0,0,0,0,"- ","- ",38.174549102783203,-120.59786224365234,CALAVERAS,UNINCORPORATED,-120.59796142578125,38.174579620361328
92401563,2024,2024-05-29,9255,2024-05-21,1430,019525,,2,2,9,0500,0,2,4,,2,042,"PARROTS FERRY RD","AIROLO ROAD",1056.00,S,N,A,-,N,,,,,,,,,,Y,3,0,1,1,A,-,01,23152,A,N,E,I,A,A,H,-,A,D,0,,,,,Y,Y,A,01,0,1,0,0,0,0,0,0,0,"- ","- ",38.039829254150391,-120.45625305175781,CALAVERAS,UNINCORPORATED,-120.46998596191406,38.048774719238281
92402047,2024,2024-05-30,9255,2024-05-15,1855,019246,,3,2,9,0500,0,3,5,,2,001,"SANDRETTO RD","CAMPO SECO RD",5280.00,N,N,A,-,N,,,,,,,,,,Y,2,0,1,1,A,-,08,22107,,N,E,I,A,A,H,-,A,D,0,,,Y,,Y,,-,"- ",1,0,0,0,0,0,0,0,1,"- ","- ",38.242069244384766,-120.84245300292969,CALAVERAS,UNINCORPORATED,-120.84245300292969,38.242069244384766
92402048,2024,2024-05-30,9255,2024-05-20,1835,019246,,1,2,9,0500,0,3,5,,2,003,"RAILROAD FLAT RD","GOLD ST",528.00,S,N,A,-,N,,,,,,,,,,Y,3,0,1,2,A,-,09,21804,A,N,D,C,A,A,H,-,A,D,0,,,,,Y,,A,01,0,1,0,0,0,0,0,0,0,"- ","- ",38.33612060546875,-120.51833343505859,CALAVERAS,UNINCORPORATED,,
92403491,2024,2024-05-31,9255,2024-05-30,1435,018318,,4,2,9,0500,0,3,5,,2,002,"LITTLE JOHN RD","OX YOKE LANE",3168.00,S,N,A,-,N,,,,,,,,,,Y,3,0,1,1,A,-,08,22107,,N,E,8,A,A,H,-,A,D,0,,,,,Y,,-,"- ",0,1,0,0,0,0,0,0,0,"- ","- ",37.960350036621094,-120.65325164794922,CALAVERAS,UNINCORPORATED,-120.65367889404297,37.962368011474609
92404203,2024,2024-06-03,9255,2024-05-18,2020,020563,,6,2,9,0500,0,1,3,,2,040,SR-4,"UPPER MORAN RD",3100.00,E,N,A,-,Y,CAL,,4," "," ",43.300,H,,R,Y,2,0,2,1,A,-,01,23152,A,N,F,A,A,A,H,-,D,D,0,,,Y,,Y,Y,C,02,1,1,0,0,0,0,0,0,2,"- ","- ",38.268669128417969,-120.32572937011719,CALAVERAS,UNINCORPORATED,-120.32571411132812,38.268657684326172
92404256,2024,2024-06-03,9255,2024-05-23,"50  ",020142,,4,3,9,0500,0,1,3,,1,011,SR26,"PALOMA ROAD",2640.00,E,N,A,-,Y,CAL,,26," "," ",14.854,H,,R,Y,3,0,1,1,A,-,01,23152,A,N,E,I,A,A,H,-,A,D,0,,,,,Y,Y,D,22,0,1,0,0,0,0,0,0,0,"- ","- ",38.265289306640625,-120.73616790771484,CALAVERAS,UNINCORPORATED,-120.73621368408203,38.265300750732422
92406563,2024,2024-06-05,9255,2024-05-30,2200,020142,,4,3,9,0500,0,3,5,,2,001,"SILVER RAPIDS ROAD","HARTVICKSON LANE",15.00,N,N,A,-,N,,,,,,,,,,N,3,0,1,3,A,-,21,22106,,F,G,1,E,A,H,-,D,A,0,Y,,,,Y,,-,99,0,1,0,0,1,0,0,0,0,"- ","- ",38.157741546630859,-120.83982086181641,CALAVERAS,UNINCORPORATED,-120.83968353271484,38.157661437988281
92411418,2024,2024-06-11,9255,2024-06-02,1329,017286,,7,1,9,0500,0,3,5,,2,003,"FOOTHILL COURT","LEWIS AVE",175.00,N,N,A,-,N,,,,,,,,,,Y,2,0,2,4,C,-,18,,,N,A,1,E,A,H,-,A,D,0,Y,,,,Y,,-,"- ",1,1,0,0,2,0,0,0,0,"- ","- ",38.197849273681641,-120.67452239990234,CALAVERAS,UNINCORPORATED,-120.67464447021484,38.197677612304688
92414255,2024,2024-06-13,9255,2024-05-29,1637,019525,,3,2,9,0500,0,1,3,,1,021,SR-4,"STALLION WAY",5808.00,E,N,A,-,Y,CAL,,4," "," ",17.742,H,,R,Y,2,0,2,1,A,-,01,23152,A,N,E,I,A,A,H,-,A,D,0,,,,,Y,Y,D,22,1,1,0,0,0,0,0,0,0,"- ","- ",38.068500518798828,-120.61322784423828,CALAVERAS,UNINCORPORATED,-120.61319732666016,38.068454742431641
92414273,2024,2024-06-13,9255,2024-06-03,1940,020142,,1,2,9,0500,0,1,3,,1,021,SR4,"POOL STATION ROAD",740.00,E,N,A,-,Y,CAL,,4," "," ",14.874,H,,R,Y,3,0,1,1,A,-,08,22107,,N,E,I,A,A,H,-,A,D,0,,,,,Y,,A,01,0,1,0,0,0,0,0,0,0,"- ","- ",38.046588897705078,-120.64659881591797,CALAVERAS,UNINCORPORATED,-120.64661407470703,38.046600341796875
92414280,2024,2024-06-13,9255,2024-06-05,1358,017537,,3,1,9,0500,0,1,3,,2,031,SR-26,"RIVERSTONE RD",200.00,W,N,A,-,N,,,,,,,,,,Y,3,0,1,1,A,-,01,23152,A,N,E,I,A,A,H,-,A,D,0,,,,,Y,Y,A,07,0,1,0,0,0,0,0,0,0,"- ","- ",38.311111450195312,-120.66319274902344,CALAVERAS,UNINCORPORATED,-120.86556243896484,38.139198303222656
92414352,2024,2024-06-13,9255,2024-06-01,1500,017537,,6,2,9,0500,0,3,5,,2,001,"PETTINGER RD","SOUTHWORTH RD",10.00,N,N,A,-,N,,,,,,,,,,N,3,0,1,2,A,-,03,22350,,N,C,C,A,A,H,-,A,A,0,,,Y,,Y,,C,02,0,1,0,0,0,0,0,0,1,"- ","- ",38.14862060546875,-120.91799163818359,CALAVERAS,UNINCORPORATED,-120.91793060302734,38.148609161376953
92414364,2024,2024-06-13,9255,2024-06-03,1140,019534,,1,1,9,0500,0,2,4,,2,034,"RAILROAD FLAT RD","SIERRA OAKS LN",875.00,N,N,A,-,N,,,,,,,,,,Y,2,0,1,1,A,-,08,22107,,N,E,I,A,A,H,-,A,D,0,,,,,Y,,A,01,1,0,0,0,0,0,0,0,0,"- ","- ",38.303531646728516,-120.50544738769531,CALAVERAS,UNINCORPORATED,-120.50514984130859,38.303363800048828
92417759,2024,2024-06-18,9255,2024-05-20,1030,018894,,1,1,9,0500,0,1,3,,2,050,"STATE ROUTE 4","SHIREWOOD LANE",500.00,E,N,A,-,Y,CAL,,4," "," ",39.616,H,,R,N,3,0,2,2,A,-,09,21804,A,N,D,C,A,A,H,-,A,D,0,,,,,Y,,D,22,0,1,1,0,0,0,0,0,0,"- ","- ",38.2340087890625,-120.36685180664062,CALAVERAS,UNINCORPORATED,-120.36685943603516,38.234020233154297
92417763,2024,2024-06-18,9255,2024-05-25,"506 ",020563,,6,3,9,0500,0,3,5,,2,001,"BURSON ROAD","CAROL LN",50.00,S,N,A,-,N,,,,,,,,,,Y,3,0,1,1,A,-,08,22107,,N,E,I,A,A,H,-,D,D,0,,,,,Y,Y,A,07,0,1,0,0,0,0,0,0,0,"- ","- ",38.163330078125,-120.8916015625,CALAVERAS,UNINCORPORATED,-120.89160919189453,38.163379669189453
92417811,2024,2024-06-18,9255,2024-06-09,1630,019534,,7,2,9,0500,0,3,5,,2,001,"MILTON RD","SOUTH GULCH RD",2640.00,S,N,A,-,N,,,,,,,,,,Y,3,0,1,1,A,-,08,22107,,N,E,I,A,A,H,-,A,D,0,,,,,Y,,D,22,0,1,0,0,0,0,0,0,0,"- ","- ",38.054641723632812,-120.87055969238281,CALAVERAS,UNINCORPORATED,-120.86959075927734,38.054191589355469
92417812,2024,2024-06-18,9255,2024-06-11,1057,017286,,2,1,9,0500,0,1,3,,1,011,SR-26,"PALOMA RD",1056.00,W,N,A,-,Y,CAL,,26," "," ",13.993,H,,R,Y,2,0,5,2,A,-,05,21460,A,N,A,C,A,A,H,-,A,D,0,,,,,Y,,A,01,1,4,0,0,0,0,0,0,0,"- ","- ",38.256149291992188,-120.74590301513672,CALAVERAS,UNINCORPORATED,-120.74589538574219,38.256145477294922
92424778,2024,2024-06-27,9255,2024-06-14,"830 ",017324,,5,1,9,0500,0,1,3,,1,021,"STATE ROUTE 4","POOL STATION ROAD",1584.00,E,N,A,-,Y,CAL,,4," "," ",15.145,H,,R,Y,3,0,1,2,A,-,05,21460,A,N,A,C,A,A,D,-,A,A,0,,,,,Y,,A,01,0,1,0,0,0,0,0,0,0,"- ","- ",38.04833984375,-120.64256286621094,CALAVERAS,UNINCORPORATED,-120.64257049560547,38.048294067382812
92426062,2024,2024-06-28,9255,2024-06-19,1300,022429,,3,1,9,0500,0,3,5,,2,004,SR-4,"ANGELS ROAD",90.00,W,N,A,-,N,,,,,,,,,,Y,3,0,1,1,A,-,08,22107,,N,E,I,A,A,H,-,A,A,0,,,,,Y,,A,01,0,1,0,0,0,0,0,0,0,"- ","- ",38.090751647949219,-120.47698974609375,CALAVERAS,UNINCORPORATED,-120.47694396972656,38.090782165527344
92426115,2024,2024-07-15,9255,2024-06-21,1938,021319,,5,2,9,0500,0,3,5,,2,100,"NEW HOGAN PARKWAY","S. PETERSBURG RD",0.00,,Y,A,-,N,,,,,,,,,,N,4,0,1,2,A,-,05,21650,,N,B,C,A,A,H,-,A,A,0,,,,,Y,,A,01,0,0,1,0,0,0,0,0,0,"- ","- ",38.172908782958984,-120.80214691162109,CALAVERAS,UNINCORPORATED,-120.80197143554688,38.172897338867188
92428817,2024,2024-07-02,9255,2024-06-19,"40  ",016994,,3,3,9,0500,0,1,3,,1,010,SR-12,"OAK LEAF LN",200.00,E,N,B,-,Y,CAL,,12," "," ",8.066,H,,R,Y,3,0,1,1,A,-,01,23152,A,N,E,I,A,A,H,-,D,D,0,,,,,Y,Y,D,22,0,1,0,0,0,0,0,0,0,"- ","- ",38.185298919677734,-120.859130859375,CALAVERAS,UNINCORPORATED,-120.85913848876953,38.185264587402344
92428920,2024,2024-07-02,9255,2024-06-23,1308,019525,,7,1,9,0500,0,3,5,,2,001,"BURSON ROAD","CAROL LN",523.00,N,N,A,-,N,,,,,,,,,,Y,2,0,1,1,A,-,08,22107,,N,E,I,A,A,H,-,A,D,0,,,Y,,Y,,-,"- ",1,0,0,0,0,0,0,0,1,"- ","- ",38.164581298828125,-120.89119720458984,CALAVERAS,UNINCORPORATED,-120.8912353515625,38.164848327636719
92428927,2024,2024-07-02,9255,2024-06-28,2357,020142,,5,3,9,0500,0,2,4,,1,022,"O'BYRNES FERRY ROAD","PYLE ROAD",1056.00,S,N,A,-,N,,,,,,,,,,Y,3,0,1,1,A,-,08,22107,,N,E,8,A,A,H,-,D,D,0,,,,,Y,,A,01,0,1,0,0,0,0,0,0,0,"- ","- ",37.964809417724609,-120.6190185546875,CALAVERAS,UNINCORPORATED,-120.61904144287109,37.964939117431641
92428936,2024,2024-07-02,9255,2024-07-02,1010,020142,,2,1,9,0500,0,1,3,,1,020,SR49,"RED HILL ROAD",4224.00,S,N,A,-,Y,CAL,,49," "," ",3.254,H,,R,Y,3,0,1,1,A,-,08,22107,,N,E,I,A,A,H,-,A,D,0,,,Y,,Y,,C,02,0,1,0,0,0,0,0,0,1,"- ","- ",38.027748107910156,-120.51052093505859,CALAVERAS,UNINCORPORATED,-120.510498046875,38.027698516845703
92431347,2024,2024-07-05,9255,2024-06-21,"210 ",020563,,5,3,9,0500,0,3,5,,2,001,"WATERTOWN RD","PALOMA ROAD",355.00,N,N,A,-,N,,,,,,,,,,Y,3,0,1,1,A,-,01,23152,A,N,E,I,A,A,H,-,D,D,0,,,,,Y,Y,A,07,0,1,0,0,0,0,0,0,0,"- ","- ",38.206958770751953,-120.82750701904297,CALAVERAS,UNINCORPORATED,-120.82733154296875,38.205680847167969
92433828,2024,2024-07-09,9255,2024-07-01,1830,020563,,1,2,9,0500,0,1,3,,1,020,SR-49,"FOURTH CROSSING RD",1848.00,S,N,A,-,Y,CAL,,49," "," ",13.804,H,,R,Y,3,0,2,2,A,-,08,22107,,N,E,8,A,A,H,-,A,D,0,,,,,Y,,A,01,0,2,0,0,0,0,0,0,0,"- ","- ",38.127700805664062,-120.63162231445312,CALAVERAS,UNINCORPORATED,-120.63166809082031,38.127677917480469
92434212,2024,2024-07-09,9255,2024-07-05,1220,016918,,5,1,9,0500,0,1,3,,2,030,SR-49,"COURT ST",200.00,N,N,A,-,Y,CAL,,49," "," ",19.527,H,,R,Y,3,0,1,2,A,-,09,21801,A,N,D,C,A,A,H,-,A,D,0,,,,Y,Y,,D,22,0,1,0,0,0,0,0,0,0,"- ","- ",38.196941375732422,-120.68290710449219,CALAVERAS,UNINCORPORATED,-120.68291473388672,38.196926116943359
92435886,2024,2024-07-11,9255,2024-06-30,1805,019246,,7,2,9,0500,0,1,3,,2,050,SR-4,"MC KENZIE AVE",150.00,E,N,A,-,Y,CAL,,4," "," ",39.584,H,,R,Y,3,0,1,2,A,-,01,23152,A,N,D,C,A,A,H,-,D,D,0,,,,,Y,Y,A,07,0,1,0,0,0,0,0,0,0,"- ","- ",38.233760833740234,-120.36734008789062,CALAVERAS,UNINCORPORATED,-120.3673095703125,38.233730316162109
92435891,2024,2024-07-11,9255,2024-07-03,1600,020142,,3,2,9,0500,0,1,3,,2,040,SR4,"PONDEROSA WAY",0.00,,Y,A,-,Y,CAL,,4," "," ",24.137,H,,R,Y,4,0,1,2,A,-,03,22350,,N,C,C,A,A,H,-,A,D,0,,,,,Y,,D,22,0,0,1,0,0,0,0,0,0,"- ","- ",38.091640472412109,-120.50216674804688,CALAVERAS,UNINCORPORATED,-120.50216674804688,38.091636657714844
92439468,2024,2024-07-15,9255,2024-07-04,1810,019534,,4,2,9,0500,0,1,3,,2,030,SR-49,"CEMENT PLANT RD",1500.00,N,N,A,-,Y,CAL,,49," "," ",17.144,H,,R,Y,3,0,1,1,A,-,08,22107,,N,E,I,A,A,H,-,A,D,0,,,,,Y,,A,01,0,1,0,0,0,0,0,0,0,"- ","- ",38.170639038085938,-120.6558837890625,CALAVERAS,UNINCORPORATED,-120.65591430664062,38.170616149902344
92439646,2024,2024-07-15,9255,2024-06-22,1445,017324,,6,2,9,0500,0,2,4,,2,042,"PARROTTS FERRY ROAD","MOANING CAVES ROAD",4224.00,S,N,A,-,N,,,,,,,,,,Y,4,0,1,1,A,-,08,22107,,N,E,I,A,A,H,-,A,D,0,,,,,Y,,A,07,0,0,1,0,0,0,0,0,0,"- ","- ",38.069419860839844,-120.46116638183594,CALAVERAS,UNINCORPORATED,-120.46121215820312,38.069423675537109
92440357,2024,2024-07-16,9255,2024-07-09,"730 ",019525,,2,1,9,0500,0,1,3,,1,021,SR-4,"HORSESHOE LANE",0.00,,Y,A,-,Y,CAL,,4," ",R,5.082,H,,R,Y,3,0,4,3,A,-,03,22350,,N,B,C,A,A,H,-,A,D,0,,,,,Y,,A,01,0,3,1,0,0,0,0,0,0,"- ","- ",37.955898284912109,-120.68669128417969,CALAVERAS,UNINCORPORATED,-120.68668365478516,37.955944061279297
92440436,2024,2024-08-12,9255,2024-07-11,1022,016918,,4,1,9,0500,0,2,4,,2,034,"MOUNTAIN RANCH RD","AVE A",950.00,E,N,A,-,N,,,,,,,,,,Y,3,0,1,1,C,-,18,,,N,H,A,A,A,H,-,A,D,0,,,,,Y,,-,"- ",0,1,0,0,0,0,0,0,0,"- ","- ",38.231010437011719,-120.53762054443359,CALAVERAS,UNINCORPORATED,-120.53797149658203,38.230731964111328
92441919,2024,2024-07-17,9255,2024-07-14,2028,019246,,7,2,9,0500,0,1,3,,1,011,SR-26,"HOGAN DAM RD",898.00,W,N,A,-,Y,CAL,,26," "," ",9.693,H,,R,Y,2,0,1,2,A,-,05,21460,A,N,A,C,A,A,H,-,B,D,0,,,Y,,Y,,C,02,1,0,0,0,0,0,0,0,1,"- ","- ",38.182960510253906,-120.82621765136719,CALAVERAS,UNINCORPORATED,-120.82623291015625,38.182971954345703
92442381,2024,2024-07-18,9255,2024-06-30,"200 ",021319,,7,3,9,0500,0,1,3,,1,011,SR-12,BOLLEA,15.00,W,N,A,-,Y,CAL,,12," "," ",0.772,H,,R,N,2,0,1,1,A,-,01,23152,A,N,E,8,A,A,H,-,C,D,0,,,,,Y,Y,D,22,1,0,0,0,0,0,0,0,0,"- ","- ",38.195919036865234,-120.97946929931641,CALAVERAS,UNINCORPORATED,-120.97955322265625,38.195892333984375
92442384,2024,2024-07-18,9255,2024-07-03,2225,019534,,3,3,9,0500,0,2,4,,2,034,"RAILROAD FLAT ROAD","CEDAR SPRINGS ROAD",375.00,S,N,A,-,N,,,,,,,,,,Y,3,0,1,1,A,-,01,23152,A,N,E,I,A,A,H,-,D,D,0,,,,,Y,Y,A,07,0,1,0,0,0,0,0,0,0,"- ","- ",38.259239196777344,-120.51944732666016,CALAVERAS,UNINCORPORATED,-120.51950836181641,38.259136199951172
92442393,2024,2024-07-18,9255,2024-07-05,2225,021319,,5,3,9,0500,0,3,5,,2,003,"RIDGE RD","THORN RD",180.00,E,N,A,-,N,,,,,,,,,,N,4,0,1,1,A,-,01,23152,A,N,E,I,A,A,H,-,D,D,0,,,,,Y,Y,A,01,0,0,1,0,0,0,0,0,0,"- ","- ",38.339321136474609,-120.55061340332031,CALAVERAS,UNINCORPORATED,-120.55070495605469,38.339397430419922
92442402,2024,2024-07-18,9255,2024-07-11,1835,019534,,4,2,9,0500,0,2,4,,2,034,"MOUNTAIN RANCH RD","MILLS AVE",650.00,W,N,A,-,N,,,,,,,,,,Y,3,0,1,1,A,-,08,22107,,N,E,I,A,A,H,-,A,D,0,,,,,Y,,A,01,0,1,0,0,0,0,0,0,0,"- ","- ",38.189571380615234,-120.64958190917969,CALAVERAS,UNINCORPORATED,-120.65381622314453,38.188972473144531
92444862,2024,2024-07-22,9255,2024-07-17,1850,019534,,3,2,9,0500,0,1,3,,1,010,SR-12,"CENTRAL HILL RD",2640.00,W,N,A,-,Y,CAL,,12," "," ",15.573,H,,R,Y,3,0,2,1,A,-,08,22107,,N,F,A,A,A,H,-,A,D,0,,,,,Y,,A,01,0,1,1,0,0,0,0,0,0,"- ","- ",38.20758056640625,-120.73477172851562,CALAVERAS,UNINCORPORATED,-120.73485565185547,38.207447052001953
9247263,2021,2021-04-27,0501,2021-02-20,1700,218,,6,5,2,0501,0,0,0,,0,,"RT 4","RT 49",134.00,W,N,A,-,Y,CAL,10,4,-,R,21.060,H,-,W,N,4,0,2,2,A,-,08,22107,,N,D,C,A,A,H,-,A,D,0,,,,,Y,,A,01,0,0,2,0,0,0,0,0,0,"- ","- ",,,CALAVERAS,"ANGELS CAMP",-120.55921936035156,38.082160949707031
92480880,2024,2024-07-22,9255,2024-07-14,"653 ",017537,,7,1,9,0500,0,2,4,,1,022,"O'BYRNES FERRY ROAD","DUCHESS DR",2640.00,S,N,B,-,N,,,,,,,,,,Y,4,0,1,1,A,-,01,23152,A,N,F,A,A,A,H,-,B,D,0,,,,,Y,Y,A,07,0,0,1,0,0,0,0,0,0,"- ","- ",37.899261474609375,-120.57144165039062,CALAVERAS,UNINCORPORATED,-120.57779693603516,37.897960662841797
92481187,2024,2024-07-22,9255,2024-07-19,2115,021319,,5,2,9,0500,0,1,3,,2,030,SR-49,"BIG BAR RD",1200.00,S,N,A,-,Y,CAL,,49," "," ",30.325,H,,R,N,4,0,2,1,A,-,08,22107,,N,F,A,A,A,H,-,D,D,0,,,,,Y,,-,"- ",0,0,2,0,0,0,0,0,0,"- ","- ",38.307468414306641,-120.72512817382812,CALAVERAS,UNINCORPORATED,-120.7252197265625,38.307476043701172
92572065,2024,2024-07-23,9255,2024-07-21,1053,020142,,7,1,9,0500,0,1,3,,1,010,SR12,"TOYON CIRCLE",0.00,,Y,A,-,Y,CAL,,12," "," ",13.864,H,,R,Y,3,0,1,2,A,-,09,21802,A,N,D,C,A,A,H,-,A,A,0,,,,,Y,,E,22,0,1,0,0,0,0,0,0,0,"- ","- ",38.211750030517578,-120.76448059082031,CALAVERAS,UNINCORPORATED,-120.76450347900391,38.211833953857422
9279512,2021,2021-06-11,0501,2021-03-15,1807,5936,402,1,5,2,0501,0,0,0,,0,004,"GENTRYTOWN DR","JAMES DONLON BL",0.00,,Y,A,-,N,,,,,,,,,,Y,4,0,1,2,A,-,12,21453,A,N,D,C,A,A,H,-,A,A,0,,,,,Y,,A,01,0,0,1,0,0,0,0,0,0,"- ","- ",,,CALAVERAS,"ANGELS CAMP",-121.83562469482422,37.983097076416016
92800197,2024,2024-07-29,9255,2024-07-17,1150,018318,,3,1,9,0500,0,1,3,,2,030,SR-49,"BIG BAR ROAD",4752.00,S,N,A,-,Y,CAL,,49," "," ",29.982,H,,R,N,3,0,1,1,A,-,03,22350,,N,F,A,A,A,H,-,A,D,0,,,Y,,Y,,C,02,0,1,0,0,0,0,0,0,1,"- ","- ",38.306251525878906,-120.72908782958984,CALAVERAS,UNINCORPORATED,-120.72908782958984,38.306049346923828
92877761,2024,2024-07-29,9255,2024-07-25,"710 ",017537,,4,1,9,0500,0,3,5,,2,005,SR-4,"STRAWBERRY HILL RD",300.00,W,N,A,-,Y,CAL,,4," "," ",32.743,H,,R,N,4,0,1,1,A,-,08,22107,,N,E,I,A,A,H,-,A,D,0,,,,,Y,,A,07,0,0,1,0,0,0,0,0,0,"- ","- ",38.166141510009766,-120.41892242431641,CALAVERAS,UNINCORPORATED,-120.41895294189453,38.166194915771484
93097517,2024,2024-08-01,9255,2024-07-19,1814,021319,,5,2,9,0500,0,1,3,,1,010,SR-12,"BRAUNS WAY",2269.00,E,N,A,-,Y,CAL,,12," "," ",14.825,H,,R,Y,2,0,1,1,A,-,03,22350,,N,F,0,A,A,H,-,A,D,0,,,Y,,Y,,C,02,1,0,0,0,0,0,0,0,1,"- ","- ",38.212020874023438,-120.74684143066406,CALAVERAS,UNINCORPORATED,-120.74688720703125,38.211963653564453
9322337,2021,2021-09-28,0501,2021-04-09,1214,218,,5,5,2,0501,0,0,0,,0,,"RT 49","FINNEGAN LN",588.00,S,N,A,-,Y,CAL,10,49,-,-,7.130,H,-,N,Y,2,0,1,1,A,-,03,22350,,N,B,I,A,A,H,-,A,D,0,,,Y,,Y,,C,02,1,0,0,0,0,0,0,0,1,"- ","- ",,,CALAVERAS,"ANGELS CAMP",-120.53862762451172,38.067592620849609
9322369,2021,2021-09-28,0501,2021-08-05,1826,238,0501,4,5,2,0501,0,0,0,,0,,"S MAIN ST","SAMS WY",404.00,N,N,A,-,Y,CAL,10,49,-,-,7.560,H,-,S,Y,3,0,1,2,A,-,08,22107,,N,B,C,A,A,H,-,A,A,0,,,Y,,Y,,D,22,0,1,0,0,0,0,0,0,1,"- ","- ",,,CALAVERAS,"ANGELS CAMP",-120.54266357421875,38.072784423828125
9322373,2021,2021-09-28,0501,2021-08-20,0705,218,,5,5,2,0501,0,0,0,,0,,"RT 49","STOCKTON RD",0.00,,Y,A,-,Y,CAL,10,49,-,-,8.450,I,5,S,Y,3,0,2,2,A,-,09,21804,A,N,D,C,A,A,H,-,A,D,0,,,,,Y,,A,01,0,1,1,0,0,0,0,0,0,"- ","- ",,,CALAVERAS,"ANGELS CAMP",-120.55577850341797,38.080272674560547
9322995,2021,2021-09-23,0501,2021-07-10,2205,247,,6,5,2,0501,0,0,0,,0,,"MARK TWAIN RD","PACIFIC AV",105.00,N,N,A,-,Y,,,,,,,,,,Y,3,0,1,2,A,-,01,23152,A,N,E,E,A,A,H,-,D,D,0,,,,,Y,Y,D,22,0,1,0,0,0,0,0,0,0,"- ","- ",,,CALAVERAS,"ANGELS CAMP",-120.54772186279297,38.073921203613281
9323027,2021,2021-09-23,0501,2021-03-20,1136,218,,6,5,2,0501,0,0,0,,0,,"STOCKTON RD","ANGEL OAKS DR",492.00,E,N,A,-,N,,,,,,,,,,Y,2,0,1,2,A,-,01,23152,A,M,B,C,A,A,H,-,A,D,0,,,,,Y,Y,A,01,1,0,0,0,0,0,0,0,0,"- ","- ",,,CALAVERAS,"ANGELS CAMP",-120.56282043457031,38.077049255371094
93280551,2024,2024-08-22,9255,2024-06-08,1405,017324,,6,2,9,0500,0,2,4,,1,022,"O'BYRNES FERRY ROAD","SANGUINETTI DRIVE",5280.00,N,N,A,-,N,,,,,,,,,,Y,1,1,0,1,A,-,08,22107,,N,E,I,A,A,H,-,A,D,0,,,,,Y,,D,22,0,0,0,0,0,0,0,0,0,"- ","- ",37.927539825439453,-120.59715270996094,CALAVERAS,UNINCORPORATED,-120.59637451171875,37.925323486328125
93520002,2024,2024-08-05,9255,2024-07-20,2205,021793,,6,3,9,0500,0,3,5,,2,001,"PATTISON RD","N OF STEDMAN RANCH RD",521.00,S,N,A,-,N,,,,,,,,,,Y,2,0,1,1,A,-,03,22350,,N,E,8,A,A,H,-,D,D,0,,,,,Y,,D,22,1,0,0,0,0,0,0,0,0,"- ","- ",38.210609436035156,-120.9068603515625,CALAVERAS,UNINCORPORATED,-120.90556335449219,38.207805633544922
93521439,2024,2024-08-05,9255,2024-07-23,1305,015872,,2,1,9,0500,0,3,5,,2,002,"POOL STATION RD","UPPER ANDY ROAD",200.00,S,N,A,-,N,,,,,,,,,,Y,3,0,1,1,A,-,08,22107,,N,E,I,A,A,H,-,A,A,0,,,,,Y,,A,01,0,1,0,0,0,0,0,0,0,"- ","- ",38.126411437988281,-120.66162109375,CALAVERAS,UNINCORPORATED,-120.66172790527344,38.126724243164062
9354572,2021,2021-12-06,0501,2021-05-28,1825,248,,5,5,2,0501,0,0,0,,0,,"SOUTH BAKER ST","BRET HARTE DR",100.00,N,N,A,-,N,,,,,,,,,,N,4,0,1,2,A,-,05,21650,,N,A,C,A,A,H,-,A,D,0,,,,,Y,,A,01,0,0,1,0,0,0,0,0,0,"- ","- ",,,CALAVERAS,"ANGELS CAMP",-120.54243469238281,38.074321746826172
93560549,2024,2024-08-05,9255,2024-08-02,"615 ",017537,,5,1,9,0500,0,1,3,,1,010,SR-12,"EVANS RD",2640.00,E,N,B,-,Y,CAL,,12," "," ",7.780,H,,R,Y,4,0,1,1,A,-,08,22107,,N,E,I,A,A,H,-,B,D,0,,,,,Y,,A,01,0,0,1,0,0,0,0,0,0,"- ","- ",38.186061859130859,-120.86431884765625,CALAVERAS,UNINCORPORATED,-120.86430358886719,38.186016082763672
9361948,2021,2021-12-03,0501,2021-09-03,1536,247,,5,5,2,0501,0,0,0,,0,,"RT 4","RT 49",0.00,,Y,A,-,Y,CAL,10,4,-,R,21.089,I,5,W,N,4,0,3,2,A,-,09,21800,A,N,D,C,A,A,H,-,A,A,0,,,,,Y,,A,07,0,0,3,0,0,0,0,0,0,"- ","- ",,,CALAVERAS,"ANGELS CAMP",-120.55880737304688,38.082485198974609
9367161,2021,2021-11-24,0501,2021-10-08,1258,218,,5,5,2,0501,0,0,0,,0,,"RT 49","DOGTOWN RD",178.00,N,N,A,-,Y,CAL,10,49,-,-,8.720,H,-,S,Y,4,0,1,2,A,-,09,21801,A,N,D,C,A,A,H,-,A,A,0,,,Y,,Y,,A,01,0,0,1,0,0,0,0,0,1,"- ","- ",,,CALAVERAS,"ANGELS CAMP",-120.55950927734375,38.083042144775391
93763761,2024,2024-08-06,9255,2024-07-28,2130,018894,,7,2,9,0500,0,3,5,,2,005,"CYPRESS POINT DRIVE","MEADOW DRIVE",2000.00,S,N,A,-,N,,,,,,,,,,N,3,0,1,1,A,-,01,23152,A,N,E,I,A,A,H,-,D,A,0,,,,,Y,Y,A,07,0,1,0,0,0,0,0,0,0,"- ","- ",38.248741149902344,-120.32791900634766,CALAVERAS,UNINCORPORATED,-120.32669830322266,38.253101348876953
94054227,2024,2024-08-12,9255,2024-08-04,1130,019525,,7,1,9,0500,0,1,3,,1,011,SR-26,"JEAN STREET",0.00,,Y,A,-,Y,CAL,,26," "," ",10.188,H,,R,N,4,0,1,2,A,-,09,21804,A,N,D,C,A,A,H,-,A,D,0,,,,,Y,,A,07,0,0,1,0,0,0,0,0,0,"- ","- ",38.190200805664062,-120.82772827148438,CALAVERAS,UNINCORPORATED,-120.82772827148438,38.190200805664062
94056802,2024,2024-08-12,9255,2024-08-06,"923 ",019525,,2,1,9,0500,0,1,3,,2,050,SR-4,"OAK CIR",0.00,,Y,A,-,Y,CAL,,4," "," ",41.149,H,,R,Y,3,0,1,2,A,-,03,22350,,N,C,C,A,A,H,-,A,D,0,,,Y,,Y,,D,22,0,1,0,0,0,0,0,0,1,"- ","- ",38.253391265869141,-120.35476684570312,CALAVERAS,UNINCORPORATED,-120.35475921630859,38.253379821777344
94354320,2024,2024-08-19,9255,2024-08-08,"340 ",020563,,4,3,9,0500,0,1,3,,1,020,SR49,CARSON-HILL,1200.00,S,N,D,-,Y,CAL,,49," "," ",3.221,H,,R,Y,3,0,1,1,A,-,01,23152,A,N,E,I,A,A,H,-,D,D,0,,,,,Y,Y,A,01,0,1,0,0,0,0,0,0,0,"- ","- ",38.027400970458984,-120.51097106933594,CALAVERAS,UNINCORPORATED,-120.51092529296875,38.027381896972656
94354383,2024,2024-08-14,9255,2024-08-10,1315,020142,,6,1,9,0500,0,1,3,,1,010,SR12,"CENTRAL HILL ROAD",2112.00,W,N,A,-,Y,CAL,,12," "," ",15.875,H,,R,Y,3,0,1,1,A,-,08,22107,,N,E,I,A,A,H,-,A,D,0,,,,,Y,,-,"- ",0,1,0,0,0,0,0,0,0,"- ","- ",38.20587158203125,-120.73027038574219,CALAVERAS,UNINCORPORATED,-120.73027038574219,38.205860137939453
94354517,2024,2024-08-14,9255,2024-08-09,"515 ",023983,,5,3,9,0500,0,1,3,,2,030,SR-49,"FRICOT CITY RD",400.00,N,N,A,-,Y,CAL,,49," "," ",14.402,H,,R,Y,3,0,1,1,A,-,08,22107,,N,E,8,A,A,H,-,D,D,0,,,,,Y,,A,01,0,1,0,0,0,0,0,0,0,"- ","- ",38.135570526123047,-120.63555145263672,CALAVERAS,UNINCORPORATED,-120.63535308837891,38.135570526123047
94360040,2024,2024-08-20,9255,2024-08-01,1013,023983,,4,1,9,0500,0,3,5,,2,001,"BALDWIN ST","TREOSTI PLACE",450.00,E,N,A,-,N,,,,,,,,,,Y,3,0,1,1,A,-,01,23152,A,N,E,8,A,A,H,-,A,D,0,,,,,Y,Y,A,07,0,1,0,0,0,0,0,0,0,"- ","- ",38.124668121337891,-120.84725952148438,CALAVERAS,UNINCORPORATED,-120.85940551757812,38.139316558837891
94360043,2024,2024-08-19,9255,2024-08-03,1335,015872,,6,1,9,0500,0,1,3,,1,010,SR-12,"DOUBLE SPRINGS ROAD",1056.00,E,N,A,-,Y,CAL,,12," "," ",12.877,H,,R,Y,3,0,1,1,A,-,08,22107,,N,E,I,A,A,H,-,A,D,0,,,,,Y,,D,22,0,1,0,0,0,0,0,0,0,"- ","- ",38.209308624267578,-120.7828369140625,CALAVERAS,UNINCORPORATED,-120.78284454345703,38.209224700927734
94360046,2024,2024-08-19,9255,2024-08-09,"737 ",016918,,5,1,9,0500,0,1,3,,1,011,SR-26,"SILVER RAPIDS RD",0.00,,Y,A,-,Y,CAL,,26," "," ",7.601,H,,R,Y,3,0,1,2,A,-,09,21802,A,N,B,C,A,A,H,-,A,A,0,,,,,Y,,D,22,0,1,0,0,0,0,0,0,0,"- ","- ",38.159130096435547,-120.84667205810547,CALAVERAS,UNINCORPORATED,-120.84665679931641,38.159076690673828
94360100,2024,2024-08-19,9255,2024-08-12,1430,019534,,1,2,9,0500,0,3,5,,2,002,"COPPER COVE DR","QUIVER ST",290.00,E,N,A,-,N,,,,,,,,,,Y,3,0,1,1,A,-,08,22107,,N,F,A,A,A,H,-,A,D,0,,,Y,,Y,,C,02,0,1,0,0,0,0,0,0,1,"- ","- ",37.935501098632812,-120.63636016845703,CALAVERAS,UNINCORPORATED,-120.63637542724609,37.935581207275391
94364439,2024,2024-08-21,9255,2024-08-11,1415,019525,,7,2,9,0500,0,1,3,,2,050,SR-4,"SKYLINE DR",3168.00,W,N,B,-,Y,CAL,,4," ",R,61.255,H,,R,Y,4,0,2,2,A,-,03,22350,,N,C,C,A,A,H,-,A,D,0,,,,,Y,,A,07,0,0,2,0,0,0,0,0,0,"- ","- ",38.416469573974609,-120.11113739013672,CALAVERAS,UNINCORPORATED,-120.11114501953125,38.416488647460938
94364502,2024,2024-08-21,9255,2024-07-15,1105,015872,,1,1,9,0500,0,1,3,,2,040,SR-4,"ANREY COURT",10.00,E,N,A,-,Y,CAL,,4," "," ",28.759,H,,R,Y,3,0,1,2,A,-,03,22350,,N,C,C,A,A,H,-,A,D,0,,,,,Y,,D,22,0,1,0,0,0,0,0,0,0,"- ","- ",38.127880096435547,-120.45259857177734,CALAVERAS,UNINCORPORATED,-120.45260620117188,38.127876281738281
94365342,2024,2024-08-22,9255,2024-08-20,2058,020563,,2,2,9,0500,0,2,4,,2,034,"RAILROAD FLAT RD","JESUS MARIA RD",1320.00,E,N,A,-,N,,,,,,,,,,Y,2,0,1,1,A,-,08,22107,,N,E,I,A,A,H,-,D,D,0,,,,,Y,,A,07,1,0,0,0,0,0,0,0,0,"- ","- ",38.285980224609375,-120.49984741210938,CALAVERAS,UNINCORPORATED,-120.49981689453125,38.286087036132812
94366511,2024,2024-08-22,9255,2024-08-15,1625,017324,,4,2,9,0500,0,1,3,,2,050,"STATE ROUTE 4","PINE DRIVE",0.00,,Y,A,-,N,,,,,,,,,,Y,3,0,2,2,A,-,09,21802,A,N,D,C,A,A,H,-,A,A,0,,,,,Y,,A,01,0,2,0,0,0,0,0,0,0,"- ","- ",38.25286865234375,-120.35547637939453,CALAVERAS,UNINCORPORATED,-120.35511016845703,38.253086090087891
94369279,2024,2024-08-26,9255,2024-08-16,1422,023983,,5,2,9,0500,0,1,3,,2,050,SR-4,"MORAN RD",50.00,W,N,A,-,Y,CAL,,4," ",R,42.567,H,,R,N,4,0,1,2,A,-,00,21760,B,N,H,G,A,A,H,-,A,D,0,,Y,,,Y,,A,08,0,0,1,0,0,0,1,0,0,"- ","- ",38.264461517333984,-120.33464050292969,CALAVERAS,UNINCORPORATED,-120.33470153808594,38.264541625976562
94369292,2024,2024-08-26,9255,2024-08-17,"805 ",023983,,6,1,9,0500,0,1,3,,2,031,SR-4,"NORWICH MINE RD",100.00,E,N,A,-,Y,CAL,,26," "," ",25.498,H,,R,Y,4,0,1,1,A,-,08,22107,,N,E,I,A,A,H,-,A,D,0,,,,,Y,,A,07,0,0,1,0,0,0,0,0,0,"- ","- ",38.338630676269531,-120.59937286376953,CALAVERAS,UNINCORPORATED,-120.599365234375,38.338619232177734
94370193,2024,2024-08-27,9255,2024-08-26,"656 ",017286,,1,1,9,0500,0,3,5,,2,002,"MILTON ROAD","HUNT RD",100.00,S,N,A,-,N,,,,,,,,,,Y,4,0,1,1,A,-,08,22107,,N,E,I,A,A,H,-,A,D,0,,,,,Y,,-,"- ",0,0,1,0,0,0,0,0,0,"- ","- ",38.0347900390625,-120.85166931152344,CALAVERAS,UNINCORPORATED,-120.85175323486328,38.035007476806641
94370964,2024,2024-08-27,9255,2024-08-21,1700,020142,,3,2,9,0500,0,1,3,,2,030,SR49,"POOL STATION RD",0.00,,Y,A,-,Y,CAL,,49," "," ",20.150,H,,R,Y,4,0,1,2,A,-,09,21802,A,N,D,C,A,A,H,-,A,A,0,,,,,Y,,A,01,0,0,1,0,0,0,0,0,0,"- ","- ",38.201198577880859,-120.69268798828125,CALAVERAS,UNINCORPORATED,-120.69270324707031,38.201179504394531
94372213,2024,2024-08-27,9255,2024-08-25,2025,020142,,7,2,9,0500,0,1,3,,1,011,SR26,"OLIVE BRANCH DRIVE",300.00,E,N,A,-,Y,CAL,,26," "," ",3.496,H,,R,Y,3,0,1,1,A,-,01,23152,A,N,F,A,A,A,H,-,D,D,0,,,Y,,Y,Y,C,02,0,1,0,0,0,0,0,0,1,"- ","- ",38.115829467773438,-120.89079284667969,CALAVERAS,UNINCORPORATED,-120.89078521728516,38.115818023681641
94372255,2024,2024-08-27,9255,2024-08-17,1815,015872,,6,2,9,0500,0,1,3,,2,040,SR-4,"INDIAN SPRINGS ROAD",0.00,,Y,A,-,Y,CAL,,4," "," ",32.104,H,,R,Y,2,0,2,2,A,-,01,23152,A,N,D,C,A,A,H,-,A,A,0,,,,,Y,Y,A,07,1,1,0,0,0,0,0,0,0,"- ","- ",38.165309906005859,-120.43071746826172,CALAVERAS,UNINCORPORATED,-120.43072509765625,38.165252685546875
94373017,2024,2024-08-28,9255,2024-08-20,"705 ",019534,,2,1,9,0500,0,3,5,,2,001,"CAMANCHE PKY S","WALLACE LAKE DR",1400.00,E,N,A,-,N,,,,,,,,,,Y,4,0,1,1,A,-,08,22107,,N,E,I,A,A,H,-,A,D,0,,,,,Y,,A,01,0,0,1,0,0,0,0,0,0,"- ","- ",38.202610015869141,-120.97503662109375,CALAVERAS,UNINCORPORATED,-120.97579956054688,38.202373504638672
94375409,2024,2024-08-29,9255,2024-08-26,1210,017286,,1,1,9,0500,0,2,4,,1,041,"MURPHYS GRADE ROAD","FRENCH GULCH RD",2640.00,W,N,A,-,N,,,,,,,,,,N,4,0,1,3,A,-,03,22350,,N,C,E,A,A,H,-,A,D,0,,,,,Y,,A,01,0,0,1,0,0,0,0,0,0,"- ","- ",38.133720397949219,-120.47663116455078,CALAVERAS,UNINCORPORATED,-120.52566528320312,38.100448608398438
94379951,2024,2024-09-03,9255,2024-08-27,1536,017286,,2,2,9,0500,0,3,5,,2,002,"JONES STREET",SR-4,50.00,N,N,A,-,N,,,,,,,,,,Y,3,0,1,1,A,-,08,22107,,N,E,I,A,A,H,-,A,D,0,,,,,Y,,-,"- ",0,1,0,0,0,0,0,0,0,"- ","- ",38.135959625244141,-120.45668792724609,CALAVERAS,UNINCORPORATED,-120.45662689208984,38.136043548583984
94380093,2024,2024-09-03,9255,2024-08-29,1218,016918,,4,1,9,0500,0,3,5,,2,001,"HARTVICKSON LN","DUNN RD",210.00,S,N,A,-,N,,,,,,,,,,Y,3,0,1,2,A,-,03,22350,,N,C,C,A,A,H,-,A,D,0,,,,,Y,,D,22,0,1,0,0,0,0,0,0,0,"- ","- ",38.153671264648438,-120.84066772460938,CALAVERAS,UNINCORPORATED,-120.84071350097656,38.153682708740234
94382320,2024,2024-09-05,9255,2024-08-31,2340,021793,,6,3,9,0500,0,3,5,,2,002,"APPALOOSA WAY","BUCKSKIN RD",1722.00,S,N,A,-,N,,,,,,,,,,Y,2,0,1,1,A,-,01,23152,A,N,E,8,A,A,H,-,D,D,0,,,,,Y,Y,-,"- ",1,0,0,0,0,0,0,0,0,"- ","- ",38.039520263671875,-120.62422180175781,CALAVERAS,UNINCORPORATED,-120.62434387207031,38.039600372314453
94387252,2024,2024-09-09,9255,2024-08-25,1224,018894,,7,1,9,0500,0,3,5,,2,005,"USFS ROAD 7N05","WINTON ROAD",5280.00,N,N,A,-,N,,,,,,,,,,Y,3,0,2,1,A,-,03,22350,,N,F,A,A,A,H,-,A,A,0,,,,,Y,,A,42,0,2,0,0,0,0,0,0,0,"- ","- ",38.447940826416016,-120.17778778076172,CALAVERAS,UNINCORPORATED,-120.21501922607422,38.430290222167969
94388145,2024,2024-09-10,9255,2024-09-03,"740 ",023983,,2,1,9,0500,0,1,3,,1,010,SR-26,SR-12,0.00,,Y,A,-,Y,CAL,,26," "," ",10.438,H,,R,Y,3,0,1,2,A,-,09,21802,A,N,D,C,A,A,H,-,A,A,0,,,,,Y,,A,01,0,1,0,0,0,0,0,0,0,"- ","- ",38.211929321289062,-120.76437377929688,CALAVERAS,UNINCORPORATED,-120.76441955566406,38.211929321289062
94395220,2024,2024-09-16,9255,2024-05-18,1425,017537,,6,2,9,0500,0,2,4,,1,022,"OBYRNES FERRY ROAD","COPPER COVE COURT",300.00,S,N,A,-,N,,,,,,,,,,Y,1,1,0,1,A,-,08,22107,,N,E,I,A,A,H,-,A,D,0,,,Y,,Y,,-,"- ",0,0,0,0,0,0,0,1,0,"- ","- ",37.938819885253906,-120.60524749755859,CALAVERAS,UNINCORPORATED,-120.60537719726562,37.939201354980469
94395282,2024,2024-10-31,9255,2024-09-01,2120,020142,,7,2,9,0500,0,1,3,,1,010,SR-12,"BRAUNS COURT",1828.00,E,N,A,-,Y,CAL,,12," "," ",14.752,H,,R,Y,1,2,1,2,A,-,01,23152,A,N,A,C,A,A,H,-,D,D,0,,,,,Y,Y,D,22,1,0,0,0,0,0,0,0,0,"- ","- ",38.212501525878906,-120.74851226806641,CALAVERAS,UNINCORPORATED,-120.74851989746094,38.212440490722656
94396077,2024,2024-09-16,9255,2024-09-08,"145 ",019534,,7,3,9,0500,0,1,3,,2,031,SR-26,"STORMY LN",600.00,W,N,A,-,Y,CAL,,26," "," ",25.968,H,,R,Y,3,0,1,1,A,-,08,22107,,N,F,A,A,A,H,-,D,D,0,,,,,Y,,A,07,0,1,0,0,0,0,0,0,0,"- ","- ",38.339389801025391,-120.59239959716797,CALAVERAS,UNINCORPORATED,-120.59237670898438,38.339382171630859
94398008,2024,2024-10-31,9255,2024-09-13,2125,021319,,5,2,9,0500,0,3,5,,2,001,"WESTHILL RD","SPARROWK RD",0.00,,Y,A,-,N,,,,,,,,,,N,4,0,1,1,A,-,03,22350,,N,E,8,A,A,H,-,C,A,0,,,,,Y,,D,22,0,0,1,0,0,0,0,0,0,"- ","- ",38.111038208007812,-120.86421203613281,CALAVERAS,UNINCORPORATED,-120.86418914794922,38.111038208007812
94398018,2024,2024-09-17,9255,2024-09-09,"530 ",023983,,1,3,9,0500,0,1,3,,1,010,SR-12,SR-26,50.00,W,N,A,-,Y,CAL,,12," "," ",13.855,H,,R,Y,3,0,1,2,A,-,05,21460,,N,A,C,A,A,H,-,D,D,0,,,,,Y,,A,01,0,1,0,0,0,0,0,0,0,"- ","- ",38.211879730224609,-120.76470184326172,CALAVERAS,UNINCORPORATED,-120.76466369628906,38.211803436279297
94400129,2024,2024-09-19,9255,2024-09-10,1200,023983,,2,1,9,0500,0,1,3,,1,010,SR-49,"TREAT AVE",20.00,N,N,A,-,Y,CAL,,49," "," ",19.208,H,,R,Y,4,0,3,2,A,-,03,22350,,N,C,C,A,A,H,-,A,D,0,,,,,Y,,A,01,0,0,3,0,0,0,0,0,0,"- ","- ",38.19451904296875,-120.67803192138672,CALAVERAS,UNINCORPORATED,-120.67802429199219,38.194526672363281
94400139,2024,2024-09-19,9255,2024-09-13,"645 ",017324,,5,1,9,0500,0,1,3,,1,021,"STATE ROUTE 4","HORSESHOE LANE",3168.00,W,N,A,-,Y,CAL,,4," ",R,4.470,H,,R,Y,2,0,2,2,A,-,05,21460,C,N,A,C,A,A,H,-,A,D,0,,,,,Y,,A,01,1,1,0,0,0,0,0,0,0,"- ","- ",37.95172119140625,-120.69554138183594,CALAVERAS,UNINCORPORATED,-120.69548797607422,37.951702117919922
94400224,2024,2024-09-19,9255,2024-09-16,2120,019885,,1,2,9,0500,0,2,4,,1,041,"MURPHYS GRADE RD","FRENCH GULCH RD",5438.00,W,N,A,-,N,,,,,,,,,,Y,3,0,1,1,A,-,08,22107,,N,E,I,A,A,H,-,D,D,0,,,,,Y,,A,01,0,1,0,0,0,0,0,0,0,"- ","- ",38.131271362304688,-120.48464965820312,CALAVERAS,UNINCORPORATED,-120.5321044921875,38.094829559326172
94400975,2024,2024-09-19,9255,2024-09-07,1622,017537,,6,2,9,0500,0,3,5,,2,004,"SIX MILE RD",SR-4,5280.00,N,N,A,-,N,,,,,,,,,,N,3,0,2,1,A,-,08,22107,,N,F,A,A,A,H,-,A,D,0,,,,,Y,Y,A,01,0,1,1,0,0,0,0,0,0,"- ","- ",38.106651306152344,-120.49420166015625,CALAVERAS,UNINCORPORATED,-120.50045013427734,38.103878021240234
94403985,2024,2024-10-31,9255,2024-09-05,1300,018318,,4,1,9,0500,0,1,3,,1,011,SR-26,"GOLD CREEK DRIVE",630.00,E,N,A,-,Y,CAL,,26," "," ",9.438,H,,R,Y,1,1,1,1,A,-,08,22107,,N,E,8,A,A,H,-,A,D,0,,,,,Y,,A,01,1,0,0,0,0,0,0,0,0,"- ","- ",38.180130004882812,-120.82978057861328,CALAVERAS,UNINCORPORATED,-120.82973480224609,38.180103302001953
94411375,2024,2024-09-27,9255,2024-09-20,"550 ",018318,,5,3,9,0500,0,3,5,,2,001,"SANDRETTO ROAD","CAMPO SECO RD",10560.00,N,N,A,-,N,,,,,,,,,,Y,3,0,1,2,A,-,03,22350,,N,A,C,A,A,H,-,D,D,0,,,,,Y,,A,01,0,1,0,0,0,0,0,0,0,"- ","- ",38.255359649658203,-120.84919738769531,CALAVERAS,UNINCORPORATED,-120.84913635253906,38.255348205566406
94412818,2024,2024-09-30,9255,2024-09-22,1714,019525,,7,2,9,0500,0,1,3,,1,010,SR-12,"SR-26 (TOYON)",0.00,,Y,A,-,Y,CAL,,12," "," ",13.871,H,,R,Y,3,0,3,2,A,-,01,23152,A,N,A,C,A,A,H,-,A,D,0,,,,,Y,Y,D,22,0,2,1,0,0,0,0,0,0,"- ","- ",38.211879730224609,-120.76438903808594,CALAVERAS,UNINCORPORATED,-120.76438140869141,38.211856842041016
94412905,2024,2024-09-30,9255,2024-09-13,"110 ",019534,,5,3,9,0500,0,1,3,,2,030,SR-49,SR-12,200.00,S,N,A,-,Y,CAL,,49," "," ",20.475,H,,R,N,3,0,1,1,A,-,01,23152,A,N,E,I,A,A,H,-,C,A,0,,,,,Y,Y,A,08,0,1,0,0,0,0,0,0,0,"- ","- ",38.204570770263672,-120.69718933105469,CALAVERAS,UNINCORPORATED,-120.69713592529297,38.204597473144531
94413309,2024,2024-09-30,9255,2024-09-22,1700,023983,,7,2,9,0500,0,1,3,,1,010,"MOUNTAIN RANCH RD","GOLD HUNTER RD",160.00,E,N,A,-,N,,,,,,,,,,N,2,0,1,1,A,-,08,22107,,N,F,A,A,A,H,-,A,D,0,,,Y,,Y,,C,02,1,0,0,0,0,0,0,0,1,"- ","- ",38.189620971679688,-120.65763092041016,CALAVERAS,UNINCORPORATED,-120.66150665283203,38.188461303710938
94413521,2024,2024-09-30,9255,2024-09-23,"851 ",019525,,1,1,9,0500,0,3,5,,2,001,"PARDEE DAM ROAD","CAMPE SECO ROAD",10560.00,N,N,A,-,N,,,,,,,,,,N,2,0,1,1,A,-,08,22107,,N,F,A,A,A,H,-,A,D,0,,,Y,,Y,,C,02,1,0,0,0,0,0,0,0,1,"- ","- ",38.255870819091797,-120.84886932373047,CALAVERAS,UNINCORPORATED,-120.84900665283203,38.254619598388672
94414310,2024,2024-10-01,9255,2024-09-24,1530,023983,,2,2,9,0500,0,1,3,,1,011,SR-26,"GARNER PL",0.00,,Y,A,-,Y,CAL,,26," "," ",5.042,H,,R,Y,4,0,1,2,A,-,09,21802,A,N,B,C,A,A,H,-,A,A,0,,,,,Y,,A,07,0,0,1,0,0,0,0,0,0,"- ","- ",38.130229949951172,-120.87407684326172,CALAVERAS,UNINCORPORATED,-120.87408447265625,38.130229949951172
94415466,2024,2024-10-01,9255,2024-09-21,1230,015872,,6,1,9,0500,0,1,3,,2,050,SR-4,"W. LAKE ALPINE ROAD",1200.00,W,N,A,-,Y,ALP,,4," "," ",3.869,H,,R,N,3,0,1,2,A,-,08,22107,,N,D,C,A,A,H,-,A,D,0,,,Y,,Y,,A,01,0,1,0,0,0,0,0,0,1,"- ","- ",38.478179931640625,-120.00346374511719,CALAVERAS,UNINCORPORATED,-120.00346374511719,38.478195190429688
94421174,2024,2024-10-07,9255,2024-09-21,2010,021319,,6,2,9,0500,0,1,3,,1,011,SR-26,"VISTA DEL LAGO DRIVE",30.00,E,N,A,-,Y,CAL,,26," "," ",8.435,H,,R,N,4,0,1,2,A,-,03,22350,,N,C,C,A,A,H,-,C,A,0,,,,,Y,,-,"- ",0,0,1,0,0,0,0,0,0,"- ","- ",38.168750762939453,-120.83912658691406,CALAVERAS,UNINCORPORATED,-120.83908843994141,38.168727874755859
94421456,2024,2024-10-07,9255,2024-09-27,1230,017537,,5,1,9,0500,0,1,3,,2,050,SR-4,"NORTHWOOD DRIVE",300.00,W,N,A,-,Y,CAL,,4," "," ",34.312,H,,R,Y,4,0,5,3,A,-,03,22350,,N,C,C,A,A,H,-,A,D,0,,,,,Y,,D,22,0,0,5,0,0,0,0,0,0,"- ","- ",38.174919128417969,-120.39412689208984,CALAVERAS,UNINCORPORATED,-120.39414215087891,38.174930572509766
94421974,2024,2024-10-07,9255,2024-10-02,1525,017286,,3,2,9,0500,0,1,3,,1,010,SR-12,SR-26,0.00,,Y,A,-,Y,CAL,,12," "," ",9.929,H,,R,N,4,0,1,2,A,-,09,21802,A,N,D,C,A,A,H,-,A,A,0,,,,,Y,,D,22,0,0,1,0,0,0,0,0,0,"- ","- ",38.191570281982422,-120.82901763916016,CALAVERAS,UNINCORPORATED,-120.82903289794922,38.191577911376953
94424585,2024,2024-10-09,9255,2024-09-29,1820,019246,,7,2,9,0500,0,3,5,,2,001,"POOL STATION RD","CHURCH HILL RD",1584.00,N,N,A,-,N,,,,,,,,,,N,2,0,1,1,C,-,18,,,N,H,H,A,A,H,-,D,D,0,,,Y,,Y,,-,"- ",1,0,0,0,0,0,0,0,1,"- ","- ",38.184329986572266,-120.68421173095703,CALAVERAS,UNINCORPORATED,-120.68405914306641,38.184043884277344
94425096,2024,2024-10-09,9255,2024-07-02,"940 ",019525,,2,1,9,0500,0,2,4,,1,022,"OBYRNES FERRY ROAD","PYLE ROAD",1056.00,S,N,A,-,N,,,,,,,,,,Y,1,1,0,2,A,-,05,21460,A,N,F,A,A,A,H,-,A,D,0,,,Y,,Y,,C,02,0,0,0,0,0,0,0,1,0,"- ","- ",37.966018676757812,-120.61975860595703,CALAVERAS,UNINCORPORATED,-120.61904144287109,37.964939117431641
94425136,2024,2024-10-09,9255,2024-10-03,1556,017537,,4,2,9,0500,0,1,3,,2,040,SR-4,"LIVE OAK DR",0.00,,Y,A,-,Y,CAL,,4," "," ",27.426,H,,R,Y,4,0,2,2,A,-,03,22350,,N,C,C,A,A,H,-,A,D,0,,,,,Y,,A,07,0,0,2,0,0,0,0,0,0,"- ","- ",38.111030578613281,-120.458740234375,CALAVERAS,UNINCORPORATED,-120.45870208740234,38.111000061035156
94431315,2024,2024-10-15,9255,2024-10-07,1340,017286,,1,1,9,0500,0,1,3,,1,020,SR-49,"COSGRAVE RD",100.00,S,N,A,-,Y,CAL,,49," "," ",11.657,H,,R,Y,3,0,1,3,A,-,03,22350,,N,B,C,A,A,H,-,A,D,0,,,,,Y,,D,22,0,1,0,0,0,0,0,0,0,"- ","- ",38.109531402587891,-120.60066986083984,CALAVERAS,UNINCORPORATED,-120.60069274902344,38.109504699707031
94432325,2024,2024-10-15,9255,2024-10-10,1224,017537,,4,1,9,0500,0,1,3,,1,011,SR-26,"BALDWIN ST",20.00,W,N,A,-,Y,CAL,,26," "," ",5.956,H,,R,Y,4,0,1,1,A,-,08,22107,,N,E,I,A,A,H,-,A,D,0,,,,,Y,,D,22,0,0,1,0,0,0,0,0,0,"- ","- ",38.140949249267578,-120.86434936523438,CALAVERAS,UNINCORPORATED,-120.8643798828125,38.140960693359375
94433920,2024,2024-10-16,9255,2024-10-16,1024,017286,,3,1,9,0500,0,1,3,,1,011,SR-26,SR-12,100.00,S,N,B,-,Y,CAL,,26," "," ",10.231,H,,R,Y,3,0,1,2,A,-,09,21804,A,N,D,C,A,B,H,-,A,D,0,,,,,Y,,A,01,0,1,0,0,0,0,0,0,0,"- ","- ",38.190830230712891,-120.82798767089844,CALAVERAS,UNINCORPORATED,-120.82807159423828,38.190799713134766
94435564,2024,2024-10-17,9255,2024-10-11,1252,016918,,5,1,9,0500,0,3,5,,2,001,"PALOMA RD","9 OAKS RD",850.00,E,N,A,-,N,,,,,,,,,,Y,3,0,1,1,A,-,01,23152,A,N,E,8,A,A,H,-,A,D,0,,,,,Y,Y,D,22,0,1,0,0,0,0,0,0,0,"- ","- ",38.258880615234375,-120.75720977783203,CALAVERAS,UNINCORPORATED,-120.75731658935547,38.258796691894531
94438867,2024,2024-10-21,9255,2024-10-12,1650,016918,,6,2,9,0500,0,2,4,,2,034,"RAILROAD FLAT RD","EAGLE VIEW DR",1584.00,W,N,A,-,N,,,,,,,,,,Y,3,0,1,1,A,-,08,22107,,N,F,A,A,A,H,-,A,D,0,,,,,Y,,A,07,0,1,0,0,0,0,0,0,0,"- ","- ",38.265499114990234,-120.50907897949219,CALAVERAS,UNINCORPORATED,-120.50966644287109,38.265579223632812
94438916,2024,2024-10-21,9255,2024-10-13,1015,019525,,7,1,9,0500,0,1,3,,1,020,SR-49,"REDHILL ROAD",0.00,,Y,A,-,Y,CAL,,49," ",R,4.121,H,,R,Y,2,0,1,1,C,-,18,,,N,H,H,A,A,H,-,A,D,0,,,Y,,Y,,-,"- ",1,0,0,0,0,0,0,0,1,"- ","- ",38.036350250244141,-120.50923919677734,CALAVERAS,UNINCORPORATED,-120.50926971435547,38.036331176757812
94448935,2024,2024-10-29,9255,2024-10-17,1735,020563,,4,2,9,0500,0,3,5,,2,005,"BLUE LAKE SPRINGS ROAD","LINDA DR",1300.00,S,N,A,-,N,,,,,,,,,,Y,3,0,1,1,A,-,01,23152,A,N,E,I,A,A,H,-,A,D,0,,,,,Y,Y,A,07,0,1,0,0,0,0,0,0,0,"- ","- ",38.260440826416016,-120.33171081542969,CALAVERAS,UNINCORPORATED,-120.33164978027344,38.260601043701172
94449023,2024,2024-10-29,9255,2024-10-17,1735,020142,,4,2,9,0500,0,1,3,,2,040,SR4,"TOM BELL ROAD",290.00,W,N,A,-,Y,CAL,,4," "," ",29.552,H,,R,N,2,0,1,2,A,-,11,21954,A,N,G,B,D,A,H,-,A,D,0,Y,,,,Y,,N,60,1,0,0,0,1,0,0,0,0,"- ","- ",38.138290405273438,-120.45655822753906,CALAVERAS,UNINCORPORATED,-120.45656585693359,38.138290405273438
94449157,2024,2024-10-29,9255,2024-10-23,"924 ",016918,,3,1,9,0500,0,1,3,,2,031,SR-26,"OLD PARSON'S LN",140.00,E,N,A,-,Y,CAL,,26," "," ",34.062,H,,R,Y,3,0,2,2,A,-,01,23152,A,N,D,C,A,A,H,-,A,D,0,,,,,Y,Y,D,22,0,2,0,0,0,0,0,0,0,"- ","- ",38.393909454345703,-120.52451324462891,CALAVERAS,UNINCORPORATED,-120.52455902099609,38.393844604492188
94452279,2024,2024-10-31,9255,2024-10-20,1310,018894,,7,1,9,0500,0,1,3,,2,050,"STATE ROUTE 4","BIG TREES PKY",3000.00,W,N,A,-,Y,CAL,,4," "," ",43.949,H,,R,Y,3,0,1,1,A,-,08,22107,,N,E,I,A,A,H,-,A,D,0,,,Y,,Y,,C,02,0,1,0,0,0,0,0,0,1,"- ","- ",38.274150848388672,-120.31710052490234,CALAVERAS,UNINCORPORATED,-120.31709289550781,38.274143218994141
94457045,2024,2024-11-04,9255,2024-10-27,"145 ",020142,,7,3,9,0500,0,1,3,,1,011,SR-26,"PALOMA ROAD",1400.00,W,N,A,-,Y,CAL,,26," "," ",13.987,H,,R,Y,4,0,1,1,A,-,01,23152,A,N,E,I,A,A,H,-,D,D,0,,,,,Y,Y,D,22,0,0,1,0,0,0,0,0,0,"- ","- ",38.256111145019531,-120.74600982666016,CALAVERAS,UNINCORPORATED,-120.74600982666016,38.256122589111328
94458954,2024,2024-11-05,9255,2024-10-26,1359,017324,,6,1,9,0500,0,1,3,,1,020,"STATE ROUTE 49","OLD HIGHWAY 49",555.00,N,N,A,-,Y,CAL,,49," ",R,1.194,H,,R,Y,3,0,1,2,A,-,01,23152,G,N,A,C,A,A,H,-,A,D,0,,,,,Y,,A,01,0,1,0,0,0,0,0,0,0,"- ","- ",38.017509460449219,-120.51081848144531,CALAVERAS,UNINCORPORATED,-120.51081848144531,38.017509460449219
94466733,2024,2024-11-12,9255,2024-10-28,1440,023983,,1,2,9,0500,0,1,3,,1,010,"HOGAN DAM RD","GABRY  DRIVE",305.00,S,N,A,-,N,,,,,,,,,,Y,3,0,1,2,A,-,05,21650,,N,A,C,A,A,H,-,A,D,0,,,,,Y,,D,22,0,1,0,0,0,0,0,0,0,"- ","- ",38.119098663330078,-120.80104064941406,CALAVERAS,UNINCORPORATED,-120.80376434326172,38.120082855224609
94466938,2024,2024-11-12,9255,2024-11-02,2020,020142,,6,2,9,0500,0,3,5,,2,001,"MILTON ROAD","LANDFORD PACHECO ROAD",860.00,S,N,A,-,N,,,,,,,,,,Y,3,0,1,1,A,-,08,22107,,N,F,A,A,A,H,-,D,D,0,,,,,Y,,A,07,0,1,0,0,0,0,0,0,0,"- ","- ",38.075981140136719,-120.87117004394531,CALAVERAS,UNINCORPORATED,-120.87125396728516,38.076095581054688
94466941,2024,2024-11-12,9255,2024-11-06,1055,018318,,3,1,9,0500,0,3,5,,2,004,SR-4,"GREEN MEADOW CT.",38.00,E,N,A,-,Y,CAL,,4," "," ",28.364,H,,R,Y,3,0,4,3,A,-,03,22350,,N,C,C,A,A,H,-,A,D,0,,,,,Y,,D,22,0,4,0,0,0,0,0,0,0,"- ","- ",38.122718811035156,-120.45037841796875,CALAVERAS,UNINCORPORATED,-120.45035552978516,38.122714996337891
94467563,2024,2024-11-13,9255,2024-11-04,1320,020563,,1,1,9,0500,0,1,3,,2,030,SR-49,"CAMPO SECO TPKE",0.00,,Y,A,-,Y,CAL,,49," "," ",28.055,H,,R,Y,4,0,2,2,A,-,01,23152,A,N,A,C,A,A,H,-,A,D,0,,,,,Y,Y,A,07,0,0,2,0,0,0,0,0,0,"- ","- ",38.299789428710938,-120.71153259277344,CALAVERAS,UNINCORPORATED,-120.71150970458984,38.299758911132812
94470010,2024,2024-11-14,9255,2024-09-02,1145,023983,,1,1,9,0500,0,1,3,,2,030,SR-49,"BIG BAR RD",1056.00,S,N,A,-,Y,CAL,,49," "," ",30.431,H,,R,Y,1,1,0,2,A,-,05,21460,A,N,B,2,A,A,H,-,A,D,0,,,,,Y,,D,22,0,0,0,0,0,0,0,0,0,"- ","- ",38.308971405029297,-120.72528839111328,CALAVERAS,UNINCORPORATED,-120.72528839111328,38.308971405029297
94470060,2024,2024-11-14,9255,2024-10-31,1615,021319,,4,2,9,0500,0,1,3,,2,030,SR-49,"CAMPO SECO TURNPIKE",0.00,,Y,B,-,Y,CAL,,49," "," ",28.058,H,,R,N,2,0,2,2,A,-,09,21804,A,N,D,C,A,A,H,-,B,A,0,,,,,Y,,D,22,1,0,1,0,0,0,0,0,0,"- ","- ",38.299758911132812,-120.71156311035156,CALAVERAS,UNINCORPORATED,-120.7115478515625,38.29974365234375
94474223,2024,2024-11-18,9255,2024-11-10,"10  ",020142,,7,3,9,0500,0,1,3,,1,021,SR-4,"BONANZA MINE WAY",0.00,,Y,A,-,Y,CAL,,4," ",R,12.734,H,,R,Y,3,0,1,1,A,-,01,23152,A,N,E,8,A,A,H,-,D,D,0,,,,,Y,Y,A,07,0,1,0,0,0,0,0,0,0,"- ","- ",38.017978668212891,-120.64256286621094,CALAVERAS,UNINCORPORATED,-120.64259338378906,38.017986297607422
94475006,2024,2024-11-19,9255,2024-11-11,"850 ",017324,,1,1,9,0500,0,1,3,,1,020,"STATE ROUTE 49","CARSON HILL",1235.00,S,N,A,-,Y,CAL,,49," "," ",3.196,H,,R,Y,3,0,1,1,A,-,08,22107,,N,E,I,A,A,H,-,A,D,0,,,,Y,Y,,G,25,0,1,0,0,0,0,0,0,0,"- ","- ",38.027088165283203,-120.51117706298828,CALAVERAS,UNINCORPORATED,-120.51118469238281,38.027095794677734
94475029,2024,2024-11-19,9255,2024-11-06,1805,019246,,3,2,9,0500,0,1,3,,2,030,SR-49,SR-12,30.00,S,N,A,-,Y,CAL,,49," ",R,20.498,H,,R,Y,2,0,2,2,A,-,09,21802,A,N,D,C,A,A,H,-,D,A,0,,,,,Y,,A,01,1,1,0,0,0,0,0,0,0,"- ","- ",38.204891204833984,-120.69737243652344,CALAVERAS,UNINCORPORATED,-120.69736480712891,38.204887390136719
94475176,2024,2024-11-19,9255,2024-11-11,1145,020563,,1,1,9,0500,0,3,5,,2,003,"POOL STATION RD","CEMENT PLANT ROAD",8395.00,S,N,C,-,N,,,,,,,,,,Y,3,0,1,1,A,-,08,22107,,N,E,I,A,B,H,-,A,D,0,,,,,Y,,A,01,0,1,0,0,0,0,0,0,0,"- ","- ",38.146419525146484,-120.65976715087891,CALAVERAS,UNINCORPORATED,-120.65982055664062,38.146461486816406
94475204,2024,2024-11-19,9255,2024-11-11,1325,020563,,1,1,9,0500,0,1,3,,2,030,SR49,"GOLD RUSH LN",700.00,N,N,C,-,Y,CAL,,49," "," ",29.334,H,,R,Y,4,0,1,2,A,-,08,22107,,N,B,C,A,B,H,-,A,D,0,,,,,Y,,A,01,0,0,1,0,0,0,0,0,0,"- ","- ",38.299858093261719,-120.73371124267578,CALAVERAS,UNINCORPORATED,-120.73375701904297,38.299835205078125
94475327,2024,2024-11-19,9255,2024-11-12,1600,015872,,2,2,9,0500,0,1,3,,2,031,SR-26,"STORMY LANE",700.00,E,N,A,-,Y,CAL,,26," "," ",26.209,H,,R,Y,3,0,2,1,A,-,08,22107,,N,F,A,A,A,H,-,A,D,0,,,,,Y,,A,07,0,2,0,0,0,0,0,0,0,"- ","- ",38.3408203125,-120.58950805664062,CALAVERAS,UNINCORPORATED,-120.58950805664062,38.340827941894531
94482793,2024,2024-11-25,9255,2024-11-01,2215,021319,,5,3,9,0500,0,2,4,,2,034,SR-26,"GILLHAVEN ROAD",200.00,E,N,C,-,Y,CAL,,26," "," ",21.500,H,,R,N,4,0,1,2,A,-,05,21460,A,F,A,C,A,B,H,-,D,D,0,,,,,Y,,A,07,0,0,1,0,0,0,0,0,0,"- ","- ",38.313709259033203,-120.65595245361328,CALAVERAS,UNINCORPORATED,-120.65596008300781,38.313724517822266
94482898,2024,2024-11-25,9255,2024-11-18,1020,019525,,1,1,9,0500,0,1,3,,2,030,SR-49,"GATEWOOD AVE",100.00,S,N,A,-,Y,CAL,,49," "," ",19.329,H,,R,Y,4,0,1,2,A,-,03,22350,,N,C,C,A,A,H,-,A,D,0,,,,,Y,,A,07,0,0,1,0,0,0,0,0,0,"- ","- ",38.195709228515625,-120.67987823486328,CALAVERAS,UNINCORPORATED,-120.6798095703125,38.195796966552734
94484800,2024,2024-11-26,9255,2024-11-15,1220,022429,,5,1,9,0500,0,3,5,,2,005,SR-4,"MORAN ROAD",1267.00,E,N,D,-,Y,CAL,,4," "," ",42.955,H,,R,Y,4,0,1,2,A,-,03,22350,,N,B,C,A,C,H,-,A,D,0,,,,,Y,,A,07,0,0,1,0,0,0,0,0,0,"- ","- ",38.267971038818359,-120.33135986328125,CALAVERAS,UNINCORPORATED,-120.331298828125,38.267921447753906
94488757,2024,2024-12-02,9255,2024-11-20,"749 ",017537,,3,1,9,0500,0,1,3,,2,031,SR-49,"AIRPORT RD",0.00,,Y,B,-,Y,CAL,,49," "," ",18.481,H,,R,Y,4,0,1,2,A,-,08,22107,,N,D,C,A,A,H,-,A,D,0,,,,,Y,,D,22,0,0,1,0,0,0,0,0,0,"- ","- ",38.185230255126953,-120.67191314697266,CALAVERAS,UNINCORPORATED,-120.67192077636719,38.185222625732422
94488962,2024,2024-12-02,9255,2024-11-23,1231,017537,,6,1,9,0500,0,1,3,,2,040,SR-4,"VALECITO BYPASS RD",0.00,,Y,B,C,Y,CAL,,4," ",R,23.000,H,,R,Y,4,0,1,1,A,-,01,23152,A,N,E,I,A,B,H,-,A,A,0,,,,,Y,Y,A,07,0,0,1,0,0,0,0,0,0,"- ","- ",38.079311370849609,-120.52696990966797,CALAVERAS,UNINCORPORATED,-120.52694702148438,38.079227447509766
94489477,2024,2024-12-02,9255,2024-11-29,1450,018318,,5,2,9,0500,0,1,3,,2,030,SR-49,"TOYONZA STREET",246.00,S,N,A,-,Y,CAL,,49," "," ",18.724,H,,R,Y,3,0,1,1,C,-,18,,,N,E,I,A,A,H,-,A,D,0,,,,,Y,,-,"- ",0,1,0,0,0,0,0,0,0,"- ","- ",38.187900543212891,-120.67427825927734,CALAVERAS,UNINCORPORATED,-120.67420959472656,38.187915802001953
94494022,2024,2024-12-05,9255,2024-11-23,1018,017537,,6,1,9,0500,0,1,3,,1,020,SR-49,"BIG BONANZA LANE",0.00,,Y,B,C,Y,CAL,,49," "," ",6.268,H,,R,Y,4,0,1,2,A,-,03,22350,,N,C,C,A,B,H,-,A,D,0,,,,,Y,,A,07,0,0,1,0,0,0,0,0,0,"- ","- ",38.055461883544922,-120.53526306152344,CALAVERAS,UNINCORPORATED,-120.53525543212891,38.055461883544922
94494026,2024,2024-12-05,9255,2024-11-21,"758 ",017537,,4,1,9,0500,0,1,3,,1,011,SR-26,"VISTA DEL LAGO DR",1056.00,W,N,B,C,Y,CAL,,26," "," ",8.175,H,,R,Y,4,0,1,3,A,-,03,22350,,N,C,C,A,B,H,-,A,A,0,,,,,Y,,A,07,0,0,1,0,0,0,0,0,0,"- ","- ",38.165679931640625,-120.84153747558594,CALAVERAS,UNINCORPORATED,-120.84156036376953,38.165687561035156
94495219,2024,2024-12-06,9255,2024-11-22,1517,019996,,5,2,9,0500,0,2,4,,1,041,"MURPHYS GRADE RD","FAIRVIEW PARK CT",400.00,E,N,B,-,N,,,,,,,,,,Y,3,0,1,1,A,-,01,23152,A,N,E,I,A,A,H,-,A,D,0,,,,,Y,Y,A,01,0,1,0,0,0,0,0,0,0,"- ","- ",38.118480682373047,-120.49819183349609,CALAVERAS,UNINCORPORATED,-120.49820709228516,38.118354797363281
94495233,2024,2024-12-06,9255,2024-11-27,1705,015872,,3,2,9,0500,0,1,3,,2,030,SR-49,"GOLD RUSH LANE",528.00,N,N,A,-,Y,CAL,,49," "," ",29.431,H,,R,Y,3,0,1,3,A,-,05,21460,A,N,B,C,A,A,H,-,D,D,0,,,,,Y,,A,01,0,1,0,0,0,0,0,0,0,"- ","- ",38.300991058349609,-120.73326873779297,CALAVERAS,UNINCORPORATED,-120.73325347900391,38.300960540771484
94497328,2024,2024-12-13,9255,2024-11-27,2250,019885,,3,3,9,0500,0,1,3,,2,031,SR-26,"HIGDON RD",155.00,E,N,A,-,Y,CAL,,26," "," ",36.886,H,,R,Y,3,0,1,1,A,-,01,23152,A,N,E,I,A,A,H,-,D,D,0,,,,,Y,Y,A,01,0,1,0,0,0,0,0,0,0,"- ","- ",38.409828186035156,-120.55525970458984,CALAVERAS,UNINCORPORATED,-120.55525207519531,38.40985107421875
94502244,2024,2024-12-13,9255,2024-11-25,"18  ",019246,,1,3,9,0500,0,3,5,,2,002,"BLACK CREEK DR","FEATHER DR",0.00,,Y,B,-,N,,,,,,,,,,Y,2,0,1,1,A,-,08,22107,,N,E,I,A,A,H,-,D,D,0,,,,,Y,,-,"- ",1,0,0,0,0,0,0,0,0,"- ","- ",37.947929382324219,-120.61721801757812,CALAVERAS,UNINCORPORATED,-120.61717987060547,37.948066711425781
94504925,2024,2024-12-16,9255,2024-11-30,"24  ",023983,,6,3,9,0500,0,2,4,,2,042,"MORAN RD","LOVE CREEK RD",528.00,S,N,A,-,N,,,,,,,,,,Y,3,0,1,1,A,-,01,23152,A,N,E,I,A,D,H,-,D,D,0,,,,,Y,Y,A,01,0,1,0,0,0,0,0,0,0,"- ","- ",38.216598510742188,-120.35928344726562,CALAVERAS,UNINCORPORATED,-120.35904693603516,38.216678619384766
94506725,2024,2024-12-17,9255,2024-12-11,"800 ",020142,,3,1,9,0500,0,1,3,,1,010,SR12,"WARDS AVENUE",3230.00,E,N,A,-,Y,CAL,,12," "," ",1.595,H,,R,Y,3,0,1,1,A,-,08,22107,,N,E,I,A,A,H,-,A,D,0,,,,,Y,,A,07,0,1,0,0,0,0,0,0,0,"- ","- ",38.186470031738281,-120.97225952148438,CALAVERAS,UNINCORPORATED,-120.97224426269531,38.186473846435547
94507156,2024,2024-12-17,9255,2024-12-13,"527 ",017537,,5,3,9,0500,0,3,5,,2,004,SR-4,"UTICA POWER HOUSE RD",5280.00,E,N,B,C,Y,CAL,,4," "," ",31.245,H,,R,Y,4,0,1,1,A,-,08,22107,,N,F,A,A,B,H,-,D,D,0,,,,,Y,,A,01,0,0,1,0,0,0,0,0,0,"- ","- ",38.156391143798828,-120.43753814697266,CALAVERAS,UNINCORPORATED,-120.4375,38.156364440917969
94507681,2024,2024-12-17,9255,2024-12-17,1234,017286,,2,1,9,0500,0,1,3,,1,011,SR-26,"GOLD CREEK DRIVE",100.00,E,N,A,-,Y,CAL,,26," "," ",9.426,H,,R,Y,3,0,1,2,A,-,05,21460,,N,B,C,A,A,H,-,A,D,0,,,,,Y,,A,07,0,1,0,0,0,0,0,0,0,"- ","- ",38.179958343505859,-120.82991027832031,CALAVERAS,UNINCORPORATED,-120.82988739013672,38.179946899414062
94508372,2024,2024-12-18,9255,2024-12-07,1728,022429,,6,2,9,0500,0,3,5,,2,005,SR-4,"SKYLINE DRIVE",1003.00,W,N,B,-,Y,CAL,,4," ",R,61.505,H,,R,N,4,0,1,2,A,-,06,21751,,N,D,C,A,A,H,-,D,D,0,,,,,Y,,A,07,0,0,1,0,0,0,0,0,0,"- ","- ",38.417209625244141,-120.10662841796875,CALAVERAS,UNINCORPORATED,-120.10662841796875,38.417205810546875
94510285,2024,2024-12-19,9255,2024-12-12,"840 ",016918,,4,1,9,0500,0,3,5,,2,001,"CAMANCHE PKY S","BURSON RD",420.00,E,N,B,C,N,,,,,,,,,,Y,3,0,1,1,A,-,08,22107,,N,E,8,A,B,H,-,A,D,0,,,,,Y,,A,01,0,1,0,0,0,0,0,0,0,"- ","- ",38.199081420898438,-120.89251708984375,CALAVERAS,UNINCORPORATED,-120.892578125,38.199062347412109
94510641,2024,2024-12-19,9255,2024-12-08,1800,015872,,7,2,9,0500,0,3,5,,2,004,"SIX MILE ROAD","OLD MURPHYS ROAD",1056.00,N,N,A,-,N,,,,,,,,,,Y,2,0,1,1,A,-,01,23152,A,N,F,0,A,A,H,-,D,D,0,,,,,Y,Y,D,22,1,0,0,0,0,0,0,0,0,"- ","- ",38.106990814208984,-120.49417114257812,CALAVERAS,UNINCORPORATED,-120.49394226074219,38.106098175048828
94510688,2024,2024-12-19,9255,2024-12-12,1835,023983,,4,2,9,0500,0,1,3,,1,010,"S BURSON ROAD","OLIVE ORCHARD RD",53.00,N,N,C,-,N,,,,,,,,,,Y,4,0,2,2,A,-,05,21460,,N,A,C,A,B,H,-,D,D,0,,,,,Y,,A,07,0,0,2,0,0,0,0,0,0,"- ","- ",38.141761779785156,-120.89922332763672,CALAVERAS,UNINCORPORATED,-120.89922332763672,38.141513824462891
94510700,2024,2024-12-19,9255,2024-12-13,1220,018318,,5,1,9,0500,0,1,3,,1,011,SR-26,"PALOMA RD",4752.00,W,N,A,-,Y,CAL,,26," "," ",13.402,H,,R,N,4,0,1,1,A,-,08,22107,,N,F,A,A,B,H,-,A,D,0,,,,,Y,,A,08,0,0,1,0,0,0,0,0,0,"- ","- ",38.251781463623047,-120.75467681884766,CALAVERAS,UNINCORPORATED,-120.75465393066406,38.25177001953125
94512003,2024,2024-12-20,9255,2024-12-12,1819,019885,,4,2,9,0500,0,1,3,,1,011,SR-26,"SILVER RAPIDS RD",0.00,,Y,C,-,Y,CAL,,26," "," ",7.606,H,,R,Y,2,0,5,2,A,-,09,21802,B,N,D,C,A,B,H,-,D,A,0,,,,,Y,,A,01,1,4,0,0,0,0,0,0,0,"- ","- ",38.15911865234375,-120.84661102294922,CALAVERAS,UNINCORPORATED,-120.84659576416016,38.159088134765625
94514952,2024,2024-12-24,9255,2024-12-12,2345,022429,,4,3,9,0500,0,3,5,,2,005,SR-4,"MORAN ROAD",6864.00,E,N,D,-,Y,CAL,,4," "," ",44.171,H,,R,Y,3,0,3,1,A,-,03,22350,,N,E,I,A,C,H,-,D,A,0,,,,,Y,,D,22,0,1,2,0,0,0,0,0,0,"- ","- ",38.274570465087891,-120.3131103515625,CALAVERAS,UNINCORPORATED,-120.3131103515625,38.274543762207031
94514971,2024,2024-12-24,9255,2024-12-13,"525 ",018318,,5,3,9,0500,0,1,3,,1,011,SR-26,"PALOMA RD",11616.00,W,N,C,-,Y,CAL,,26," "," ",12.096,H,,R,N,3,0,1,1,A,-,08,22107,,N,F,A,A,B,H,-,D,D,0,,,,,Y,,-,"- ",0,1,0,0,0,0,0,0,0,"- ","- ",38.234199523925781,-120.76029968261719,CALAVERAS,UNINCORPORATED,-120.76036071777344,38.234203338623047
94515008,2024,2024-12-24,9255,2024-12-18,1335,018318,,3,1,9,0500,0,1,3,,1,011,SR-26,"HAGEN CT",0.00,,Y,A,-,N,,,,,,,,,,N,4,0,1,2,A,-,09,21802,B,N,D,C,A,A,H,-,A,A,0,,,,,Y,,A,07,0,0,1,0,0,0,0,0,0,"- ","- ",38.136348724365234,-120.86762237548828,CALAVERAS,UNINCORPORATED,-120.86766815185547,38.136268615722656
94520343,2024,2024-12-30,9255,2024-12-23,1725,020563,,1,2,9,0500,0,1,3,,2,040,SR-4,"HORSESHOE DR",1056.00,W,N,A,-,Y,CAL,,4," "," ",35.733,H,,R,N,4,0,1,2,A,-,03,22350,,N,C,C,A,A,H,-,D,D,0,,,,,Y,,D,22,0,0,1,0,0,0,0,0,0,"- ","- ",38.185611724853516,-120.373779296875,CALAVERAS,UNINCORPORATED,-120.37380218505859,38.185630798339844
94520370,2024,2024-12-30,9255,2024-12-24,1325,020142,,2,1,9,0500,0,1,3,,2,030,SR49,"GOLD RUSH LANE",1584.00,N,N,B,-,Y,CAL,,49," "," ",29.769,H,,R,Y,3,0,1,1,A,-,08,22107,,N,F,A,A,B,H,-,A,D,0,,,,,Y,,D,22,0,1,0,0,0,0,0,0,0,"- ","- ",38.303718566894531,-120.73085784912109,CALAVERAS,UNINCORPORATED,-120.73085784912109,38.303714752197266
94520408,2024,2025-02-06,9255,2024-12-26,"815 ",018318,,4,1,9,0500,0,2,4,,1,041,"MURPHYS GRADE ROAD","FRENCH GULCH ROAD",9504.00,S,N,B,-,N,,,,,,,,,,Y,1,1,0,1,A,-,08,22107,,N,E,I,A,A,H,-,A,D,0,,,,,Y,,A,01,0,0,0,0,0,0,0,0,0,"- ","- ",38.123550415039062,-120.49449157714844,CALAVERAS,UNINCORPORATED,-120.54045867919922,38.085868835449219
94524072,2024,2025-01-02,9255,2024-12-20,"800 ",022429,,5,1,9,0500,0,3,5,,2,005,SR-4,"BOARDS CROSSING ROAD",460.00,E,N,B,-,Y,CAL,,4," ",R,47.183,H,,R,Y,4,0,1,1,A,-,03,22350,,N,F,I,A,C,H,-,A,D,0,,,,,Y,,A,07,0,0,1,0,0,0,0,0,0,"- ","- ",38.301841735839844,-120.27674865722656,CALAVERAS,UNINCORPORATED,-120.27666473388672,38.301845550537109
94526966,2024,2025-01-06,9255,2024-12-27,1112,016918,,5,1,9,0500,0,1,3,,2,031,SR-26,"BUCKEYE LN",140.00,E,N,B,-,Y,CAL,,26," "," ",19.820,H,,R,Y,3,0,2,1,A,-,08,22107,,N,E,I,A,B,H,-,A,D,0,,,,,Y,,A,07,0,2,0,0,0,0,0,0,0,"- ","- ",38.301998138427734,-120.67954254150391,CALAVERAS,UNINCORPORATED,-120.67951202392578,38.301967620849609
94527180,2024,2025-01-06,9255,2024-12-14,1800,018894,,6,2,9,0500,0,1,3,,2,050,"STATE ROUTE 4","LAKEMONT DR",0.00,,Y,C,-,Y,CAL,,4," "," ",39.792,H,,R,Y,3,0,1,1,A,-,01,23152,A,N,E,I,A,B,H,-,D,D,0,,,,,Y,Y,A,07,0,1,0,0,0,0,0,0,0,"- ","- ",38.23583984375,-120.36476135253906,CALAVERAS,UNINCORPORATED,-120.36497497558594,38.235885620117188
94527332,2024,2025-01-06,9255,2024-12-30,"747 ",017286,,1,1,9,0500,0,1,3,,1,021,SR-4,"WATERMAN CREEK BRIDGE 30.47",4752.00,E,N,A,-,Y,CAL,,4," "," ",18.619,H,,R,Y,3,0,1,2,A,-,08,22107,,N,A,C,A,B,H,-,A,A,0,,,,,Y,,D,22,0,1,0,0,0,0,0,0,0,"- ","- ",38.067138671875,-120.59779357910156,CALAVERAS,UNINCORPORATED,-120.5977783203125,38.067100524902344
94528065,2024,2025-02-06,9255,2024-12-21,2020,023983,,6,2,9,0500,0,1,3,,1,021,SR-4,"STALLION WAY",0.00,,Y,A,-,Y,CAL,,4," "," ",16.942,H,,R,Y,1,1,0,1,A,-,08,22107,,N,E,I,A,A,H,-,D,D,0,,,,,Y,,A,01,0,0,0,0,0,0,0,0,0,"- ","- ",38.060451507568359,-120.61968994140625,CALAVERAS,UNINCORPORATED,-120.61962890625,38.060428619384766
94528095,2024,2025-01-07,9255,2024-12-24,1430,018894,,2,2,9,0500,0,1,3,,2,050,"STATE ROUTE 4","USFS ROAD 7N09",1000.00,E,N,D,-,Y,CAL,,4," ",R,59.970,H,,R,N,3,0,3,2,A,-,03,22350,,N,D,C,A,C,H,-,A,D,0,,,,,Y,,A,07,0,1,2,0,0,0,0,0,0,"- ","- ",38.414218902587891,-120.13388061523438,CALAVERAS,UNINCORPORATED,-120.13385772705078,38.414192199707031
94528099,2024,2025-01-07,9255,2024-12-26,2315,023983,,4,3,9,0500,0,1,3,,1,021,"JONES ST",SR-4,20.00,N,N,A,-,N,,,,,,,,,,N,4,0,1,1,A,-,08,22107,,N,E,I,A,B,H,-,C,D,0,,,,,Y,Y,A,01,0,0,1,0,0,0,0,0,0,"- ","- ",38.135978698730469,-120.45674133300781,CALAVERAS,UNINCORPORATED,-120.45662689208984,38.136043548583984
94530713,2024,2025-01-08,9255,2024-12-30,2232,019246,,1,3,9,0500,0,1,3,,1,010,SR-12,"TOYON CIRCLE",2376.00,W,N,A,-,Y,CAL,,12," "," ",13.462,H,,R,Y,2,0,2,3,A,-,03,22350,,N,C,E,E,A,H,-,D,D,0,Y,,,,Y,,A,01,2,0,0,0,1,0,0,0,0,"- ","- ",38.208938598632812,-120.77229309082031,CALAVERAS,UNINCORPORATED,-120.77230834960938,38.208988189697266
94530715,2024,2025-01-08,9255,2024-12-29,"835 ",017324,,7,1,9,0500,0,1,3,,1,021,"STATE ROUTE 4","POOL STATION ROAD",200.00,W,N,C,-,Y,CAL,,4," ",R,14.646,H,,R,Y,3,0,3,1,A,-,08,22107,,N,F,A,A,B,D,-,A,A,0,,,,,Y,,A,01,0,3,0,0,0,0,0,0,0,"- ","- ",38.043651580810547,-120.64710235595703,CALAVERAS,UNINCORPORATED,-120.64718627929688,38.043659210205078
94530731,2025,2025-01-08,9255,2025-01-02,"945 ",016918,,4,1,9,0500,0,3,5,,2,001,"SOUTHWORTH RD","BURSON RD",1740.00,W,N,A,-,N,,,,,,,,,,Y,3,0,1,1,A,-,08,22107,,N,E,I,A,A,H,-,A,D,0,,,,Y,Y,,F,26,0,1,0,0,0,0,0,0,0,"- ","- ",38.148628234863281,-120.90538024902344,CALAVERAS,UNINCORPORATED,-120.90523529052734,38.148647308349609
94533729,2024,2025-01-10,9255,2024-12-29,"135 ",021319,,7,3,9,0500,0,2,4,,2,034,"RAILROAD FLAT RD","CEDAR SPRINGS RD",337.00,W,N,B,-,N,,,,,,,,,,N,3,0,1,1,A,-,01,23152,A,N,E,I,A,B,H,-,D,D,0,,,,,Y,Y,A,01,0,1,0,0,0,0,0,0,0,"- ","- ",38.259128570556641,-120.5194091796875,CALAVERAS,UNINCORPORATED,-120.51953887939453,38.259235382080078
94535090,2025,2025-01-13,9255,2025-01-02,1536,018318,,4,2,9,0500,0,1,3,,1,021,SR-4,"STOCKTON RD",2720.00,W,N,A,-,Y,CAL,,4," "," ",18.966,H,,R,Y,3,0,1,1,A,-,01,23152,A,N,E,I,A,A,H,-,A,D,0,,,,,Y,Y,A,07,0,1,0,0,0,0,0,0,0,"- ","- ",38.069858551025391,-120.59258270263672,CALAVERAS,UNINCORPORATED,-120.59257507324219,38.069820404052734
94536191,2024,2025-01-13,9255,2024-12-30,1835,015872,,1,2,9,0500,0,3,5,,2,004,"BUMMERVILLE RD","WINTON ROAD",0.00,,Y,A,-,N,,,,,,,,,,N,3,0,1,1,A,-,01,23152,A,N,E,I,A,C,H,-,D,A,0,,,,,Y,Y,A,01,0,1,0,0,0,0,0,0,0,"- ","- ",38.408660888671875,-120.50599670410156,CALAVERAS,UNINCORPORATED,-120.50598907470703,38.408615112304688
94536217,2025,2025-01-13,9255,2025-01-05,1335,015872,,7,1,9,0500,0,1,3,,2,030,SR-49,"BIG BAR ROAD",2640.00,S,N,A,-,Y,CAL,,49," "," ",30.120,H,,R,N,3,0,1,1,A,-,08,22107,,N,F,I,A,A,H,-,A,D,0,,,Y,,Y,,-,"- ",0,1,0,0,0,0,0,0,1,"- ","- ",38.305530548095703,-120.72714233398438,CALAVERAS,UNINCORPORATED,-120.72722625732422,38.305549621582031
94540430,2025,2025-01-16,9255,2025-01-04,1015,022429,,6,1,9,0500,0,3,5,,2,005,SR-4,"FRONTAGE RD",180.00,E,N,B,-,Y,CAL,,4," ",R,47.824,H,,R,Y,3,0,5,2,A,-,03,22350,,N,D,C,A,C,H,-,A,D,0,,,,,Y,,D,22,0,2,3,0,0,0,0,0,0,"- ","- ",38.310501098632812,-120.27745819091797,CALAVERAS,UNINCORPORATED,-120.27749633789062,38.310520172119141
9454260,2022,2022-07-25,0501,2022-01-24,1528,218,,1,5,2,0501,0,0,0,,0,,"RT 49","DOGTOWN RD",0.00,,Y,A,-,Y,CAL,10,49,-,-,8.720,I,5,N,N,4,0,1,2,A,-,09,21801,A,N,A,C,A,A,H,-,A,A,0,,,,,Y,,A,01,0,0,1,0,0,0,0,0,0,"- ","- ",,,CALAVERAS,"ANGELS CAMP",-120.55949401855469,38.083049774169922
9454373,2022,2022-08-02,0501,2022-01-30,1710,218,,7,5,2,0501,0,0,0,,0,,"RT 4","RT 49",3960.00,E,N,A,-,Y,CAL,10,4,-,R,21.860,H,-,E,Y,2,0,1,1,A,-,08,22107,,N,F,I,A,A,H,-,B,A,0,,,,,Y,,A,01,1,0,0,0,0,0,0,0,0,"- ","- ",,,CALAVERAS,"ANGELS CAMP",-120.54689025878906,38.083255767822266
9454377,2022,2022-08-02,0501,2022-03-13,1419,218,,7,5,2,0501,0,0,0,,0,,"RT 49","PINE ST",0.00,,Y,A,-,Y,CAL,10,49,-,-,7.410,H,-,N,N,2,0,1,1,A,-,03,22350,,N,F,I,A,A,H,-,A,D,0,,,Y,,Y,,C,02,1,0,0,0,0,0,0,0,1,"- ","- ",,,CALAVERAS,"ANGELS CAMP",-120.54138946533203,38.07080078125
94543833,2025,2025-01-21,9255,2025-01-04,1752,023253,,6,2,9,0500,0,3,5,,2,003,"RAILROAD FLAT ROAD","SIERRA OAKS DRIVE",1584.00,S,N,A,-,N,,,,,,,,,,Y,2,0,1,1,A,-,01,23152,A,N,E,I,A,A,H,-,D,D,0,,,,,Y,Y,D,22,1,0,0,0,0,0,0,0,0,"- ","- ",38.296951293945312,-120.50357055664062,CALAVERAS,UNINCORPORATED,-120.50382995605469,38.29730224609375
94546273,2025,2025-01-22,9255,2025-01-12,1910,015872,,7,2,9,0500,0,1,3,,2,040,SR-4,"ANGELS ROAD",0.00,,Y,A,-,Y,CAL,,4," "," ",25.606,H,,R,N,3,0,1,1,A,-,01,23152,A,N,F,A,A,A,H,-,D,D,0,,,Y,,Y,Y,C,02,0,1,0,0,0,0,0,0,1,"- ","- ",38.090541839599609,-120.47601318359375,CALAVERAS,UNINCORPORATED,-120.47601318359375,38.090534210205078
94547178,2025,2025-01-23,9255,2025-01-16,1705,019534,,4,2,9,0500,0,1,3,,1,011,SR-26,"SILVER RAPIDS RD",1200.00,E,N,A,-,Y,CAL,,26," "," ",7.915,H,,R,Y,4,0,1,3,A,-,03,22350,,N,C,C,A,A,H,-,C,D,0,,,,,Y,,D,22,0,0,1,0,0,0,0,0,0,"- ","- ",38.161979675292969,-120.84342956542969,CALAVERAS,UNINCORPORATED,-120.84341430664062,38.161975860595703
94550217,2025,2025-01-27,9255,2025-01-21,1547,019525,,2,2,9,0500,0,1,3,,1,010,SR-12,"LIME CREEK ROAD",306.00,E,N,A,-,Y,CAL,,12," "," ",10.466,H,,R,N,4,0,1,2,A,-,03,22350,,N,C,C,A,A,H,-,A,D,0,,,,,Y,,D,22,0,0,1,0,0,0,0,0,0,"- ","- ",38.193729400634766,-120.81958770751953,CALAVERAS,UNINCORPORATED,-120.819580078125,38.193695068359375
94550389,2025,2025-01-27,9255,2025-01-24,1916,021319,,5,2,9,0500,0,1,3,,2,030,SR-49,"ANGELS RD",300.00,N,N,A,-,Y,CAL,,49," "," ",18.628,H,,R,Y,3,0,3,2,A,-,01,23152,A,F,C,C,A,A,H,-,C,D,0,,,,,Y,Y,A,07,0,1,2,0,0,0,0,0,0,"- ","- ",38.186721801757812,-120.67336273193359,CALAVERAS,UNINCORPORATED,-120.67340087890625,38.186691284179688
94550492,2025,2025-01-27,9255,2025-01-24,1510,016918,,5,2,9,0500,0,3,5,,2,001,"VISTA DEL LAGO DR","GOLDEN WEST CT",160.00,W,N,A,-,N,,,,,,,,,,Y,3,0,2,2,A,-,09,21804,A,N,D,C,A,A,H,-,A,D,0,,,,,Y,,A,01,0,2,0,0,0,0,0,0,0,"- ","- ",38.168109893798828,-120.83830261230469,CALAVERAS,UNINCORPORATED,-120.83826446533203,38.168067932128906
94562253,2025,2025-02-03,9255,2025-01-18,1825,019534,,6,2,9,0500,0,3,5,,2,001,"SANDRETTO ROAD","PARDEE DAM ROAD",700.00,S,N,A,-,N,,,,,,,,,,Y,3,0,1,2,A,-,01,23152,A,N,B,C,A,A,H,-,C,A,0,,,,,Y,Y,E,22,0,1,0,0,0,0,0,0,0,"- ","- ",38.255531311035156,-120.84900665283203,CALAVERAS,UNINCORPORATED,,
94564608,2025,2025-02-04,9255,2025-01-28,1215,018894,,2,1,9,0500,0,1,3,,2,050,"STATE ROUTE 4","MEKO DR",2000.00,W,N,A,-,Y,CAL,,4," "," ",49.204,H,,R,Y,3,0,1,1,A,-,08,22107,,N,E,I,A,A,H,-,A,D,0,,,,,Y,,A,07,0,1,0,0,0,0,0,0,0,"- ","- ",38.322719573974609,-120.25917816162109,CALAVERAS,UNINCORPORATED,-120.25918579101562,38.322738647460938
94564619,2025,2025-02-04,9255,2025-01-28,"750 ",023983,,2,1,9,0500,0,1,3,,2,030,SR-49,"LUMBER AVE",171.00,N,N,A,-,Y,CAL,,49," "," ",19.568,H,,R,Y,4,0,1,2,A,-,09,21804,A,N,B,C,A,A,H,-,A,D,0,,,,,Y,,A,07,0,0,1,0,0,0,0,0,0,"- ","- ",38.197109222412109,-120.68366241455078,CALAVERAS,UNINCORPORATED,-120.68366241455078,38.197093963623047
94567365,2025,2025-02-06,9255,2025-01-25,2355,023253,,6,3,9,0500,0,3,5,,2,002,"PARROTTS FERRY ROAD","AIROLA ROAD",2112.00,S,N,B,-,N,,,,,,,,,,Y,2,0,1,1,A,-,01,23152,A,N,E,I,A,B,H,-,D,D,0,,,,,Y,Y,A,01,1,0,0,0,0,0,0,0,0,"- ","- ",38.0443115234375,-120.46266174316406,CALAVERAS,UNINCORPORATED,-120.467529296875,38.046764373779297
94569270,2025,2025-02-06,9255,2025-02-01,1525,018318,,6,2,9,0500,0,3,5,,2,003,"RAILROAD FLAT RD","ASSOCIATED OFFICE ROAD",528.00,N,N,B,C,N,,,,,,,,,,Y,3,0,3,2,A,-,05,21460,,N,A,C,A,B,H,-,A,D,0,,,,,Y,,A,01,0,2,1,0,0,0,0,0,0,"- ","- ",38.382450103759766,-120.52510833740234,CALAVERAS,UNINCORPORATED,-120.52499389648438,38.382152557373047
94569291,2025,2025-02-06,9255,2025-02-02,"937 ",017286,,7,1,9,0500,0,1,3,,1,021,SR-4,"POOL STATION RD",500.00,E,N,B,-,Y,CAL,,4," "," ",14.869,H,,R,Y,3,0,5,2,A,-,05,21460,A,N,B,C,A,B,H,-,A,D,0,,,,,Y,,A,01,0,5,0,0,0,0,0,0,0,"- ","- ",38.046520233154297,-120.64662170410156,CALAVERAS,UNINCORPORATED,-120.64665985107422,38.046543121337891
94576769,2025,2025-02-12,9255,2025-02-09,1938,015872,,7,2,9,0500,0,1,3,,2,030,SR-49,SR-12,0.00,,Y,A,-,Y,CAL,,49," ",R,20.503,H,,R,Y,3,0,1,2,A,-,09,21802,A,N,D,C,A,A,H,-,D,A,0,,,,,Y,,A,07,0,1,0,0,0,0,0,0,0,"- ","- ",38.204948425292969,-120.69735717773438,CALAVERAS,UNINCORPORATED,-120.69734191894531,38.204944610595703
94578490,2025,2025-02-13,9255,2025-02-05,1400,017324,,3,2,9,0500,0,2,4,,1,041,"MURPHYS GRADE ROAD","FRENCH GULCH ROAD",155.00,W,N,A,-,N,,,,,,,,,,Y,2,0,2,2,A,-,05,21460,,N,A,C,A,A,H,-,A,D,0,,,,,Y,,A,07,1,1,0,0,0,0,0,0,0,"- ","- ",38.133411407470703,-120.47779083251953,CALAVERAS,UNINCORPORATED,-120.51921844482422,38.104953765869141
94578813,2025,2025-02-13,9255,2025-02-08,1545,017324,,6,2,9,0500,0,1,3,,2,040,"STATE ROUTE 4","MANZANITA ROAD",665.00,E,N,A,-,N,,,,,,,,,,Y,3,0,2,1,A,-,08,22107,,N,E,I,A,A,H,-,A,D,0,,,,,Y,,A,01,0,2,0,0,0,0,0,0,0,"- ","- ",38.1510009765625,-120.44184112548828,CALAVERAS,UNINCORPORATED,-120.44187164306641,38.150932312011719
94582569,2025,2025-02-18,9255,2025-02-07,1904,023253,,5,2,9,0500,0,3,5,,2,002,"OBYRNES FERRY ROAD","DUCHESS DRIVE",4066.00,S,N,A,-,N,,,,,,,,,,Y,3,0,2,2,A,-,05,21460,A,M,B,2,A,A,H,-,D,D,0,,,,,Y,,A,07,0,1,1,0,0,0,0,0,0,"- ","- ",37.898780822753906,-120.56990051269531,CALAVERAS,UNINCORPORATED,-120.57384490966797,37.896236419677734
94583088,2025,2025-02-18,9255,2025-01-15,"830 ",023983,,3,1,9,0500,0,2,4,,2,034,"MOUNTAIN RANCH ROAD","ROCKY ROAD",0.00,,Y,A,-,N,,,,,,,,,,Y,1,1,0,1,A,-,08,22107,,N,E,8,A,C,H,-,A,D,0,,,,,Y,,D,22,0,0,0,0,0,0,0,0,0,"- ","- ",38.18994140625,-120.61293792724609,CALAVERAS,UNINCORPORATED,-120.61273956298828,38.189952850341797
94584255,2025,2025-02-19,9255,2025-02-13,1210,017324,,4,1,9,0500,0,1,3,,2,030,"STATE ROUTE 49","DEER CREEK ROAD",75.00,S,N,C,-,Y,CAL,,49," "," ",10.727,H,,R,Y,3,0,5,2,A,-,03,22350,,N,C,C,A,B,H,-,A,D,0,,,,,Y,,-,"- ",0,1,4,0,0,0,0,0,0,"- ","- ",38.099979400634766,-120.58889007568359,CALAVERAS,UNINCORPORATED,-120.58889770507812,38.099971771240234
94585427,2025,2025-02-20,9255,2025-02-10,2315,020563,,1,3,9,0500,0,1,3,,2,040,SR-4,"RED APPLE DRIVE",275.00,W,N,A,-,Y,CAL,,4," "," ",34.748,H,,R,Y,2,0,2,1,A,-,08,22107,,N,E,I,A,A,H,-,D,D,0,,,,,Y,Y,A,01,1,1,0,0,0,0,0,0,0,"- ","- ",38.177631378173828,-120.38717651367188,CALAVERAS,UNINCORPORATED,-120.38716125488281,38.177570343017578
94588107,2024,2025-02-24,9255,2024-12-20,"50  ",023983,,5,3,9,0500,0,1,3,,2,030,SR-49,"MAGERS WAY",63.00,S,N,E,-,Y,CAL,,49," "," ",17.708,H,,R,Y,1,1,0,1,A,-,01,23152,A,N,E,8,A,B,H,-,D,D,0,,,,,Y,Y,A,01,0,0,0,0,0,0,0,0,0,"- ","- ",38.176498413085938,-120.66304016113281,CALAVERAS,UNINCORPORATED,-120.66303253173828,38.176502227783203
94590582,2025,2025-02-26,9255,2025-02-17,1655,015872,,1,2,9,0500,0,1,3,,2,030,SR-49,"BIG BAR ROAD",528.00,S,N,A,-,Y,CAL,,49," "," ",30.583,H,,R,N,3,0,1,1,A,-,08,22107,,N,E,I,A,A,H,-,A,D,0,,,Y,,Y,,C,02,0,1,0,0,0,0,0,0,1,"- ","- ",38.309219360351562,-120.72281646728516,CALAVERAS,UNINCORPORATED,-120.72284698486328,38.309249877929688
94594812,2025,2025-03-03,9255,2025-02-18,2100,023253,,2,2,9,0500,0,3,5,,2,002,"HUNT ROAD","LANFORD PACHECO ROAD",13200.00,W,N,A,-,N,,,,,,,,,,N,4,0,1,1,A,-,08,22107,,N,E,I,A,A,H,-,D,D,0,,,,,Y,,A,07,0,0,1,0,0,0,0,0,0,"- ","- ",38.046249389648438,-120.83332824707031,CALAVERAS,UNINCORPORATED,-120.78006744384766,38.054988861083984
94598384,2025,2025-03-10,9255,2025-03-02,1905,020563,,7,2,9,0500,0,1,3,,1,011,SR-26,"HAGEN CT",350.00,W,N,C,-,Y,CAL,,26," "," ",5.541,H,,R,Y,3,0,2,3,A,-,03,22350,,N,C,C,A,B,H,-,D,D,0,,,,,Y,,D,22,0,1,1,0,0,0,0,0,0,"- ","- ",38.135490417480469,-120.86817169189453,CALAVERAS,UNINCORPORATED,-120.86815643310547,38.135486602783203
94600137,2025,2025-03-18,9255,2025-02-25,1536,023983,,2,2,9,0500,0,1,3,,1,010,SR-12,"TRAILER PARK",0.00,,Y,A,-,Y,CAL,,12," "," ",10.229,H,,R,Y,3,0,1,2,A,-,08,22107,,N,C,C,A,A,H,-,A,D,0,,,,,Y,,D,22,0,1,0,0,0,0,0,0,0,"- ","- ",38.192951202392578,-120.82408905029297,CALAVERAS,UNINCORPORATED,-120.82408905029297,38.192947387695312
94601541,2025,2025-03-18,9255,2025-02-28,1110,016918,,5,1,9,0500,0,1,3,,1,011,SR-26,"BEAL RANCH RD",7920.00,E,N,A,-,Y,CAL,,26," "," ",13.166,H,,R,Y,3,0,2,1,A,-,03,22350,,N,F,0,A,A,H,-,A,D,0,,,Y,,Y,,C,02,0,2,0,0,0,0,0,0,2,"- ","- ",38.248451232910156,-120.7554931640625,CALAVERAS,UNINCORPORATED,-120.75550079345703,38.248451232910156
94601564,2025,2025-03-18,9255,2025-03-04,1023,019525,,2,1,9,0500,0,1,3,,1,020,SR-49,"COSGRAVE ROAD",75.00,N,N,B,-,Y,CAL,,49," "," ",11.704,H,,R,Y,4,0,1,3,A,-,08,22107,,N,B,C,A,A,H,-,A,D,0,,,,,Y,,A,01,0,0,1,0,0,0,0,0,0,"- ","- ",38.109878540039062,-120.60140228271484,CALAVERAS,UNINCORPORATED,-120.60140228271484,38.109874725341797
94603919,2025,2025-03-18,9255,2025-03-07,"815 ",016918,,5,1,9,0500,0,1,3,,2,031,SR-26,"HIGDON RD",3400.00,E,N,A,-,Y,CAL,,26," "," ",37.555,H,,R,Y,3,0,1,1,A,-,08,22107,,N,F,A,A,B,H,-,A,D,0,,,,,Y,,D,22,0,1,0,0,0,0,0,0,0,"- ","- ",38.416389465332031,-120.55062103271484,CALAVERAS,UNINCORPORATED,-120.55068969726562,38.4163818359375
94606458,2025,2025-03-18,9255,2025-03-05,1645,019534,,3,2,9,0500,0,1,3,,1,010,SR-12,"WARDS AVE",1500.00,E,N,B,C,Y,CAL,,12," "," ",1.197,H,,R,Y,4,0,4,2,A,-,03,22350,,N,B,C,A,B,H,-,A,D,0,,,,,Y,,A,01,0,0,4,0,0,0,0,0,0,"- ","- ",38.191890716552734,-120.97366333007812,CALAVERAS,UNINCORPORATED,-120.97365570068359,38.19189453125
94608727,2025,2025-03-18,9255,2025-03-05,2045,021319,,3,2,9,0500,0,1,3,,2,040,SR-4,"TELEGRAPH CT",300.00,E,N,C,-,Y,CAL,,4," ",R,3.637,H,,R,N,4,0,2,1,A,-,08,22107,,N,E,I,A,C,H,-,D,D,0,,,,,Y,,A,07,0,0,2,0,0,0,0,0,0,"- ","- ",37.942951202392578,-120.70488739013672,CALAVERAS,UNINCORPORATED,-120.70489501953125,37.942958831787109
94609012,2025,2025-03-18,9255,2025-03-04,2250,019246,,2,3,9,0500,0,1,3,,2,030,SR-49,"GOLD STRIKE ROAD",1531.00,S,N,B,-,Y,CAL,,49," ",R,21.918,H,,R,Y,2,0,2,1,A,-,01,23152,A,N,E,I,A,A,H,-,D,D,0,,,,,Y,Y,A,01,2,0,0,0,0,0,0,0,0,"- ","- ",38.224739074707031,-120.70166015625,CALAVERAS,UNINCORPORATED,-120.70175933837891,38.224712371826172
94612156,2025,2025-03-20,9255,2025-03-13,1630,019534,,4,2,9,0500,0,1,3,,2,040,SR-4,"PENNSYLVANIA GULCH RD",60.00,W,N,B,C,Y,CAL,,4," "," ",29.218,H,,R,N,4,0,1,2,A,-,11,21950,B,N,G,B,C,B,H,-,A,D,0,Y,,,,Y,,N,60,0,0,1,0,1,0,0,0,0,"- ","- ",38.133880615234375,-120.45549011230469,CALAVERAS,UNINCORPORATED,-120.4554443359375,38.133892059326172
94613817,2025,2025-03-24,9255,2025-03-12,1315,023253,,3,1,9,0500,0,3,5,,2,003,"RAIL ROAD FLAT RD","STRUCKMAN ROAD",1584.00,E,N,B,-,N,,,,,,,,,,N,4,0,1,1,A,-,08,22107,,N,E,I,A,A,H,-,A,D,0,,,,,Y,,A,07,0,0,1,0,0,0,0,0,0,"- ","- ",38.259239196777344,-120.51953125,CALAVERAS,UNINCORPORATED,-120.52030944824219,38.250053405761719
94613862,2025,2025-03-24,9255,2025-03-13,1223,016918,,4,1,9,0500,0,2,4,,2,034,"MOUNTAIN RANCH RD",SR-49,550.00,E,N,B,-,N,,,,,,,,,,Y,3,0,1,3,A,-,01,23152,F,N,B,C,A,B,H,-,A,D,0,,,,,Y,,A,01,0,1,0,0,0,0,0,0,0,"- ","- ",38.18927001953125,-120.67262268066406,CALAVERAS,UNINCORPORATED,-120.67266082763672,38.189258575439453
94624724,2025,2025-03-24,9255,2025-03-14,1341,016918,,5,1,9,0500,0,1,3,,2,030,SR-49,"BIG BAR RD",1200.00,S,N,B,C,Y,CAL,,49," "," ",30.570,H,,R,Y,3,0,2,2,A,-,05,21460,A,N,A,C,A,B,H,-,A,D,0,,,,,Y,,A,01,0,2,0,0,0,0,0,0,0,"- ","- ",38.309219360351562,-120.72306823730469,CALAVERAS,UNINCORPORATED,-120.72306823730469,38.309188842773438
94624752,2025,2025-03-24,9255,2025-03-14,1620,019534,,5,2,9,0500,0,1,3,,1,020,SR-4,"POOL STATION RD",550.00,W,N,B,C,Y,CAL,,4," "," ",14.859,H,,R,Y,4,0,1,1,A,-,03,22350,,N,E,I,A,B,H,-,A,D,0,,,,,Y,,A,07,0,0,1,0,0,0,0,0,0,"- ","- ",38.046428680419922,-120.64678192138672,CALAVERAS,UNINCORPORATED,-120.64674377441406,38.046417236328125
94638109,2025,2025-04-04,9255,2025-03-23,"350 ",021319,,7,3,9,0500,0,2,4,,1,022,"OBYRNES FERRY ROAD","CALAVERAS/TUOLUMNE COUNTY LINE",1267.00,N,N,A,-,N,,,,,,,,,,N,3,0,1,1,A,-,08,22107,,N,F,I,A,A,H,-,D,D,0,,,,,Y,,A,01,0,1,0,0,0,0,0,0,0,"- ","- ",37.899448394775391,-120.57073974609375,CALAVERAS,UNINCORPORATED,,
94638122,2025,2025-04-04,9255,2025-03-20,2040,021319,,4,2,9,0500,0,1,3,,1,011,SR-26,"GARNER PL",0.00,,Y,A,-,Y,CAL,,26," "," ",5.043,H,,R,N,4,0,2,2,A,-,09,21802,A,N,D,2,A,A,H,-,D,A,0,,,,,Y,,-,"- ",0,0,2,0,0,0,0,0,0,"- ","- ",38.130229949951172,-120.87406921386719,CALAVERAS,UNINCORPORATED,-120.87408447265625,38.130233764648438
94641040,2025,2025-04-08,9255,2025-03-28,1300,016918,,5,1,9,0500,0,1,3,,2,030,SR-49,"GOLD RUSH LANE",3168.00,N,N,B,C,Y,CAL,,49," "," ",29.845,H,,R,N,3,0,1,1,A,-,03,22350,,N,F,0,A,B,H,-,A,D,0,,,,,Y,,D,22,0,1,0,0,0,0,0,0,0,"- ","- ",38.304279327392578,-120.72988891601562,CALAVERAS,UNINCORPORATED,-120.72988128662109,38.304279327392578
94641066,2025,2025-04-08,9255,2025-03-29,"642 ",017324,,6,1,9,0500,0,3,5,,2,002,"MILTON ROAD","CALAVERAS COUNTY LINE",530.00,N,N,A,-,N,,,,,,,,,,Y,2,0,1,1,A,-,03,22350,,N,E,I,A,D,H,-,A,D,0,,,,,Y,,A,01,1,0,0,0,0,0,0,0,0,"- ","- ",38.003849029541016,-120.85108947753906,CALAVERAS,UNINCORPORATED,,
94641671,2025,2025-04-15,9255,2025-04-01,1810,019534,,2,2,9,0500,0,3,5,,2,001,"OLIVE ORCHARD RD","RT 26",1300.00,N,N,B,C,N,,,,,,,,,,Y,4,0,1,2,A,-,05,21650,,N,B,C,A,B,H,-,A,D,0,,,,,Y,,-,"- ",0,0,1,0,0,0,0,0,0,"- ","- ",38.132591247558594,-120.87743377685547,CALAVERAS,UNINCORPORATED,-120.87734222412109,38.132434844970703
94645267,2025,2025-04-10,9255,2025-03-29,"752 ",018318,,6,1,9,0500,0,1,3,,1,010,SR-12,"SOUTHWORTH ROAD",0.00,,Y,A,-,Y,CAL,,12," "," ",2.448,H,,R,Y,3,0,2,2,A,-,01,23152,,N,C,C,A,A,A,-,A,D,0,,,,,Y,Y,A,01,0,2,0,0,0,0,0,0,0,"- ","- ",38.179790496826172,-120.95960998535156,CALAVERAS,UNINCORPORATED,-120.95960998535156,38.179794311523438
94651593,2025,2025-04-16,9255,2025-01-01,"436 ",023983,,3,3,9,0500,0,1,3,,1,010,SR-12,"NORTH FORK FISHING ACCESS DRIVEWAY",270.00,E,N,A,-,Y,CAL,,12," "," ",16.454,H,,R,Y,1,1,1,1,A,-,01,23152,A,N,F,0,A,A,H,-,D,D,0,,,,,Y,Y,A,01,1,0,0,0,0,0,0,0,0,"- ","- ",38.201271057128906,-120.72207641601562,CALAVERAS,UNINCORPORATED,-120.72207641601562,38.201274871826172
94651927,2025,2025-04-16,9255,2025-04-10,1810,023983,,4,2,9,0500,0,1,3,,2,060,SR-4,"BRICE STATION ROAD",3540.00,E,N,A,-,Y,CAL,,4," "," ",33.246,H,,R,Y,3,0,1,1,A,-,08,22107,,N,E,I,A,A,H,-,A,A,0,,,,,Y,,A,07,0,1,0,0,0,0,0,0,0,"- ","- ",38.170318603515625,-120.41101837158203,CALAVERAS,UNINCORPORATED,-120.41097259521484,38.170238494873047
94660563,2025,2025-04-23,9255,2025-04-14,1755,020563,,1,2,9,0500,0,2,4,,1,022,"OBYRNESS FERRY ROAD","PYLE ROAD",150.00,N,N,A,-,N,,,,,,,,,,Y,4,0,1,1,A,-,08,22107,,N,E,8,A,A,H,-,A,D,0,,,,,Y,,A,01,0,0,1,0,0,0,0,0,0,"- ","- ",37.967811584472656,-120.62206268310547,CALAVERAS,UNINCORPORATED,-120.62142944335938,37.967601776123047
94660597,2025,2025-04-23,9255,2025-04-15,"850 ",023983,,2,1,9,0500,0,2,4,,2,034,"MOUNTAIN RANCH RD","MICHAELS ROAD",211.00,W,N,A,-,N,,,,,,,,,,Y,3,0,1,1,A,-,08,22107,,N,E,I,A,A,H,-,E,D,0,,,,,Y,,D,22,0,1,0,0,0,0,0,0,0,"- ","- ",38.191020965576172,-120.59123992919922,CALAVERAS,UNINCORPORATED,,
94666439,2025,2025-04-28,9255,2025-04-17,2108,021319,,4,2,9,0500,0,2,4,,2,034,"MOUNTAIN RANCH ROAD","LOWER MICHEL ROAD",0.00,,Y,A,-,N,,,,,,,,,,N,4,0,1,2,A,-,01,23152,A,F,C,C,A,A,H,-,D,D,0,,,,,Y,Y,A,07,0,0,1,0,0,0,0,0,0,"- ","- ",38.222209930419922,-120.54669952392578,CALAVERAS,UNINCORPORATED,-120.5853271484375,38.193218231201172
94675652,2025,2025-05-05,9255,2025-02-04,1543,019525,,2,2,9,0500,0,1,3,,1,010,SR-12,"CENTRAL HILL ROAD",5280.00,W,N,B,-,Y,CAL,,12," "," ",15.944,H,,R,Y,1,2,0,3,A,-,03,22350,,N,B,C,A,B,H,-,A,D,0,,,,,Y,,D,22,0,0,0,0,0,0,0,0,0,"- ","- ",38.205718994140625,-120.72913360595703,CALAVERAS,UNINCORPORATED,-120.72914123535156,38.205673217773438
94676794,2025,2025-05-06,9255,2025-04-27,1320,019534,,7,1,9,0500,0,2,4,,2,034,"RAILROAD FLAT RD","DOE RD",1400.00,E,N,B,-,N,,,,,,,,,,Y,4,0,1,1,A,-,08,22107,,N,E,I,A,A,H,-,A,D,0,,,,,Y,,A,07,0,0,1,0,0,0,0,0,0,"- ","- ",38.30963134765625,-120.50874328613281,CALAVERAS,UNINCORPORATED,-120.50859069824219,38.309432983398438
94676814,2025,2025-05-06,9255,2025-04-28,1700,016918,,1,2,9,0500,0,3,5,,2,004,"SHEEP RANCH RD","SAN DOMINGO RD",900.00,S,N,A,-,N,,,,,,,,,,N,3,0,1,2,A,-,05,21650,,N,A,C,A,A,H,-,A,D,0,,,,,Y,,D,22,0,1,0,0,0,0,0,0,0,"- ","- ",38.154010772705078,-120.47382354736328,CALAVERAS,UNINCORPORATED,-120.47382354736328,38.153999328613281
94679348,2025,2025-05-07,9255,2025-04-25,1336,016918,,5,1,9,0500,0,1,3,,1,010,SR-12,"CHESTNUT ST",500.00,E,N,A,-,Y,CAL,,12," "," ",10.104,H,,R,Y,3,0,2,3,A,-,09,21801,A,M,D,C,A,A,H,-,A,D,0,,,,,Y,,-,99,0,2,0,0,0,0,0,0,0,"- ","- ",38.192451477050781,-120.82630920410156,CALAVERAS,UNINCORPORATED,-120.82632446289062,38.192508697509766
94680835,2025,2025-05-08,9255,2025-05-03,"853 ",016918,,6,1,9,0500,0,2,4,,2,034,"MOUNTAIN RANCH RD","GOVERNMENT CENTER RD",0.00,,Y,A,-,N,,,,,,,,,,Y,3,0,1,2,A,-,09,21801,A,N,D,C,A,A,H,-,A,D,0,,,,,Y,,A,07,0,1,0,0,0,0,0,0,0,"- ","- ",38.190761566162109,-120.66851806640625,CALAVERAS,UNINCORPORATED,-120.66856384277344,38.190799713134766
94692066,2025,2025-05-19,9255,2025-05-06,1252,019525,,2,1,9,0500,0,3,5,,2,001,"KIRBY ST","ROBERTS RD",200.00,W,N,A,-,N,,,,,,,,,,Y,2,0,1,1,A,-,08,22107,,N,E,I,A,A,H,-,A,D,0,,,Y,,Y,,C,02,1,0,0,0,0,0,0,0,1,"- ","- ",38.110149383544922,-120.87114715576172,CALAVERAS,UNINCORPORATED,-120.87105560302734,38.11016845703125
94692803,2025,2025-05-19,9255,2025-05-02,2100,023983,,5,2,9,0500,0,1,3,,2,031,SR-49,"SOUTH LOMBARDI DRIVE",15.00,N,N,A,-,Y,CAL,,49," ",R,23.381,H,,R,Y,3,0,3,1,A,-,01,23152,A,N,E,8,A,A,H,-,D,D,0,,,,,Y,Y,-,"- ",0,2,1,0,0,0,0,0,0,"- ","- ",38.242141723632812,-120.71367645263672,CALAVERAS,UNINCORPORATED,-120.71376800537109,38.242023468017578
94692912,2025,2025-05-19,9255,2025-05-10,"913 ",016918,,6,1,9,0500,0,1,3,,2,031,SR-26,"STANLEY RD",0.00,,Y,A,-,Y,CAL,,26," "," ",33.024,H,,R,Y,3,0,1,2,A,-,09,21802,A,N,D,C,A,A,H,-,A,A,0,,,,,Y,,A,07,0,1,0,0,0,0,0,0,0,"- ","- ",38.385349273681641,-120.53376770019531,CALAVERAS,UNINCORPORATED,-120.53377532958984,38.385349273681641
94692947,2025,2025-05-19,9255,2025-05-13,1603,017286,,2,2,9,0500,0,1,3,,1,011,SR-26,"HOGAN DAM RD",0.00,,Y,A,-,Y,CAL,,26," "," ",9.916,H,,R,Y,2,0,2,2,A,-,09,21801,A,N,A,C,A,A,H,-,A,D,0,,,,,Y,,-,"- ",1,1,0,0,0,0,0,0,0,"- ","- ",38.186359405517578,-120.82553100585938,CALAVERAS,UNINCORPORATED,-120.82553863525391,38.186359405517578
94692992,2025,2025-05-19,9255,2025-05-14,1417,017286,,3,2,9,0500,0,1,3,,1,011,SR-26,"BALDWIN ST",0.00,,Y,A,-,Y,CAL,,26," "," ",5.959,H,,R,Y,3,0,1,4,A,-,03,22350,,N,C,C,A,A,H,-,A,D,0,,,,,Y,,A,08,0,1,0,0,0,0,0,0,0,"- ","- ",38.141010284423828,-120.8643798828125,CALAVERAS,UNINCORPORATED,-120.86434936523438,38.140998840332031
94692999,2025,2025-05-19,9255,2025-05-15,1210,016918,,4,1,9,0500,0,1,3,,2,030,SR-49,"FAHILY CIRCLE",215.00,N,N,A,-,Y,CAL,,49," "," ",18.934,H,,R,Y,3,0,1,2,A,-,03,22350,,N,C,C,A,A,H,-,A,D,0,,,,,Y,,A,01,0,1,0,0,0,0,0,0,0,"- ","- ",38.191211700439453,-120.67526245117188,CALAVERAS,UNINCORPORATED,-120.67527008056641,38.191204071044922
94695330,2025,2025-06-10,9255,2025-03-23,1910,020563,,7,2,9,0500,0,1,3,,1,010,SR-12,"WARDS AVE",1600.00,E,N,A,-,Y,CAL,,12," "," ",1.236,H,,R,Y,1,1,2,2,A,-,01,23152,A,M,A,C,A,A,H,-,A,D,0,,,,,Y,Y,D,22,2,0,0,0,0,0,0,0,0,"- ","- ",38.191539764404297,-120.97309112548828,CALAVERAS,UNINCORPORATED,-120.97314453125,38.191501617431641
94697813,2025,2025-05-22,9255,2025-05-22,"625 ",018318,,4,1,9,0500,0,2,4,,2,034,"MOUNTAIN RANCH RD","3M LANE",2640.00,E,N,A,-,N,,,,,,,,,,Y,3,0,1,2,A,-,05,21460,A,N,A,C,A,A,H,-,A,D,0,,,,,Y,,-,"- ",0,1,0,0,0,0,0,0,0,"- ","- ",38.235069274902344,-120.52529907226562,CALAVERAS,UNINCORPORATED,-120.52014923095703,38.236900329589844
94703252,2025,2025-05-28,9255,2025-05-19,1349,019525,,1,1,9,0500,0,1,3,,2,030,SR-49,"4TH CROSSING ROAD",0.00,,Y,A,-,Y,CAL,,49," "," ",14.199,H,,R,Y,3,0,1,2,A,-,09,21804,A,N,D,C,A,A,H,-,A,D,0,,,,,Y,,D,22,0,1,0,0,0,0,0,0,0,"- ","- ",38.132541656494141,-120.63497924804688,CALAVERAS,UNINCORPORATED,-120.63497161865234,38.132541656494141
94703301,2025,2025-05-28,9255,2025-05-23,1220,017324,,5,1,9,0500,0,3,5,,2,004,"SIX MILE ROAD","FAIROAKS LANE",2640.00,S,N,A,-,N,,,,,,,,,,N,3,0,2,1,A,-,08,22107,,N,F,A,A,A,H,-,A,D,0,,,Y,,Y,,C,02,0,2,0,0,0,0,0,0,2,"- ","- ",38.122951507568359,-120.46543884277344,CALAVERAS,UNINCORPORATED,-120.46551513671875,38.123611450195312
94703340,2025,2025-05-28,9255,2025-05-23,1444,018318,,5,2,9,0500,0,3,5,,2,001,"MILTON ROAD","MAIN STREET",300.00,S,N,A,-,N,,,,,,,,,,Y,3,0,3,3,A,-,03,22350,,N,C,C,A,A,H,-,A,D,0,,,,,Y,,D,22,0,3,0,0,0,0,0,0,0,"- ","- ",38.095809936523438,-120.87220764160156,CALAVERAS,UNINCORPORATED,-120.87382507324219,38.087631225585938
94703848,2025,2025-05-28,9255,2025-05-25,2135,020563,,7,2,9,0500,0,1,3,,1,011,SR-26,"PALOMA ROAD",1600.00,W,N,A,-,Y,CAL,,26," "," ",13.996,H,,R,Y,3,0,1,1,A,-,08,22107,,N,E,I,A,A,H,-,D,D,0,,,,,Y,,D,22,0,1,0,0,0,0,0,0,0,"- ","- ",38.256130218505859,-120.74584197998047,CALAVERAS,UNINCORPORATED,-120.745849609375,38.256156921386719
94704078,2025,2025-05-28,9255,2025-05-28,"815 ",015872,,3,1,9,0500,0,1,3,,2,030,"SR-49 (W. ST. CHARLES STREET)","RUSSELL ROAD",15.00,N,N,A,-,Y,CAL,,49," "," ",19.768,H,,R,Y,3,0,1,2,A,-,03,22350,,N,C,C,A,A,H,-,A,D,0,,,,,Y,,A,01,0,1,0,0,0,0,0,0,0,"- ","- ",38.198280334472656,-120.68692779541016,CALAVERAS,UNINCORPORATED,-120.68690490722656,38.198307037353516
94704957,2025,2025-05-29,9255,2025-05-21,"653 ",016918,,3,1,9,0500,0,1,3,,1,010,SR-12,"PETTINGER RD",0.00,,Y,A,-,Y,CAL,,12," "," ",4.762,H,,R,Y,2,0,2,2,A,-,09,21802,A,N,D,C,A,A,H,-,A,A,0,,,,,Y,,A,01,1,1,0,0,0,0,0,0,0,"- ","- ",38.179039001464844,-120.91799163818359,CALAVERAS,UNINCORPORATED,-120.91798400878906,38.179031372070312
94709401,2025,2025-06-02,9255,2025-05-21,1615,022429,,3,2,9,0500,0,3,5,,2,005,SR-4,"OAK CIR DRIVE",0.00,,Y,A,-,Y,CAL,,4," "," ",41.224,H,,R,Y,4,0,1,2,A,-,09,21802,A,N,D,C,A,A,H,-,A,A,0,,,,,Y,,A,01,0,0,1,0,0,0,0,0,0,"- ","- ",38.254119873046875,-120.35382080078125,CALAVERAS,UNINCORPORATED,-120.35382843017578,38.254131317138672
94710296,2025,2025-06-02,9255,2025-05-28,1055,015872,,3,1,9,0500,0,1,3,,2,031,SR-26,"HIGDON ROAD",0.00,,Y,A,-,Y,CAL,,26," "," ",36.902,H,,R,Y,3,0,3,2,A,-,03,22350,,N,C,C,A,A,H,-,A,D,0,,,,Y,Y,,G,25,0,3,0,0,0,0,0,0,0,"- ","- ",38.409969329833984,-120.55549621582031,CALAVERAS,UNINCORPORATED,-120.55550384521484,38.409965515136719
94710333,2025,2025-06-02,9255,2025-05-28,1212,019525,,3,1,9,0500,0,1,3,,1,010,SR-12,"CENTRAL HILL ROAD",125.00,W,N,A,-,Y,CAL,,12," "," ",16.340,H,,R,Y,3,0,1,1,A,-,08,22107,,N,E,I,A,A,H,-,A,D,0,,,,,Y,,E,22,0,1,0,0,0,0,0,0,0,"- ","- ",38.202468872070312,-120.72357940673828,CALAVERAS,UNINCORPORATED,-120.72358703613281,38.202461242675781
94712684,2025,2025-06-04,9255,2025-05-24,"420 ",023253,,6,3,9,0500,0,2,4,,1,022,"OBRYNES FERRY RD","BLACK CREEK DR",2640.00,S,N,A,-,N,,,,,,,,,,Y,4,0,1,1,A,-,01,23152,A,N,E,I,A,A,H,-,D,D,0,,,,,Y,Y,A,01,0,0,1,0,0,0,0,0,0,"- ","- ",37.961738586425781,-120.61624145507812,CALAVERAS,UNINCORPORATED,-120.60854339599609,37.945533752441406
94713103,2025,2025-06-04,9255,2025-05-25,"200 ",023253,,7,3,9,0500,0,1,3,,2,040,SR-4,"HORSESHOE DR",100.00,E,N,A,-,Y,CAL,,4," "," ",35.974,H,,R,Y,4,0,1,1,A,-,01,23152,A,N,F,A,A,A,H,-,D,D,0,,,,,Y,Y,D,22,0,0,1,0,0,0,0,0,0,"- ","- ",38.186698913574219,-120.36988830566406,CALAVERAS,UNINCORPORATED,-120.36989593505859,38.186622619628906
94714411,2025,2025-06-05,9255,2025-05-23,2004,023983,,5,2,9,0500,0,1,3,,2,030,"TONE TRAIL","PRUSSIAN HILL ROAD",100.00,S,N,A,-,N,,,,,,,,,,Y,2,0,1,1,A,-,01,23152,A,N,F,A,A,A,H,-,D,D,0,,,Y,,Y,Y,C,06,1,0,0,0,0,0,0,0,1,"- ","- ",38.318328857421875,-120.53141021728516,CALAVERAS,UNINCORPORATED,-120.53143310546875,38.318325042724609
94717204,2025,2025-06-09,9255,2025-05-31,1935,023253,,6,2,9,0500,0,3,5,,2,001,SR-26,"BEAL RANCH RD",1584.00,W,N,A,-,Y,CAL,,26," "," ",11.356,H,,R,Y,2,0,1,1,A,-,03,22350,,N,F,I,A,A,H,-,A,D,0,,,Y,,Y,,C,02,1,0,0,0,0,0,0,0,1,"- ","- ",38.224601745605469,-120.76157379150391,CALAVERAS,UNINCORPORATED,-120.76165771484375,38.224575042724609
94718383,2025,2025-06-09,9255,2025-06-02,1900,019534,,1,2,9,0500,0,3,5,,2,001,"OLIVE ORCHARD RD","BURSON RD",20.00,E,N,A,-,N,,,,,,,,,,N,3,0,1,1,A,-,08,22107,,N,F,A,A,A,H,-,A,D,0,,,Y,,Y,,C,02,0,1,0,0,0,0,0,0,1,"- ","- ",38.141349792480469,-120.89894104003906,CALAVERAS,UNINCORPORATED,-120.89916229248047,38.141368865966797
94718723,2025,2025-06-09,9255,2025-06-05,1330,016918,,4,1,9,0500,0,3,5,,2,001,"BALDWIN ST","USHER RD",528.00,S,N,A,-,N,,,,,,,,,,Y,3,0,1,1,A,-,08,22107,,N,E,I,A,A,H,-,A,D,0,,,,,Y,,A,01,0,1,0,0,0,0,0,0,0,"- ","- ",38.125980377197266,-120.8463134765625,CALAVERAS,UNINCORPORATED,-120.84626770019531,38.125988006591797
94728920,2025,2025-06-17,9255,2025-06-05,2321,021319,,4,3,9,0500,0,3,5,,2,001,"WATERTOWN ROAD","PALOMA ROAD",265.00,N,N,A,-,N,,,,,,,,,,N,3,0,1,1,A,-,08,22107,,N,F,A,A,A,H,-,D,D,0,,,Y,,Y,,C,02,0,1,0,0,0,0,0,0,1,"- ","- ",38.206600189208984,-120.82733917236328,CALAVERAS,UNINCORPORATED,-120.82736206054688,38.205436706542969
94728932,2025,2025-06-17,9255,2025-06-07,1140,022429,,6,1,9,0500,0,2,4,,1,041,"MURPHYS GRADE RD","FRENCH GULCH RD",2746.00,S,N,A,-,N,,,,,,,,,,N,4,0,1,1,A,-,03,22350,,N,F,A,A,A,H,-,A,D,0,,,Y,,Y,,C,02,0,0,1,0,0,0,0,0,1,"- ","- ",38.133689880371094,-120.47672271728516,CALAVERAS,UNINCORPORATED,-120.52595520019531,38.100265502929688
94730182,2025,2025-06-18,9255,2025-06-15,1005,019534,,7,1,9,0500,0,1,3,,1,010,SR-12,SR-49,2640.00,W,N,A,-,Y,CAL,,12," "," ",17.739,H,,R,Y,4,0,1,2,A,-,03,22350,,N,C,C,A,A,H,-,A,D,0,,,,,Y,,A,07,0,0,1,0,0,0,0,0,0,"- ","- ",38.208938598632812,-120.70384979248047,CALAVERAS,UNINCORPORATED,-120.70388031005859,38.208889007568359
94730663,2025,2025-06-18,9255,2025-06-10,2025,020563,,2,2,9,0500,0,3,5,,2,004,"RED HILL RD","TUNE DR",750.00,S,N,A,-,N,,,,,,,,,,Y,3,0,1,1,A,-,01,23152,A,N,E,I,A,A,H,-,D,D,0,,,,,Y,Y,D,22,0,1,0,0,0,0,0,0,0,"- ","- ",38.057441711425781,-120.50553131103516,CALAVERAS,UNINCORPORATED,-120.50543975830078,38.057472229003906
94730695,2025,2025-06-18,9255,2025-05-07,1628,016918,,3,2,9,0500,0,1,3,,1,011,"STATE ROUTE 26","FARRIS DRIVE",663.00,E,N,A,-,Y,CAL,,26," "," ",6.761,H,,R,Y,1,1,3,3,A,-,05,21460,A,N,A,C,A,A,H,-,A,D,0,,,,,Y,,A,01,3,0,0,0,0,0,0,0,0,"- ","- ",38.151130676269531,-120.85745239257812,CALAVERAS,UNINCORPORATED,-120.85744476318359,38.151126861572266
94731016,2025,2025-06-18,9255,2025-06-07,1019,019996,,6,1,9,0500,0,3,5,,2,002,"COPPER COVE DR","CHEYENNE DRIVE",100.00,W,N,A,-,N,,,,,,,,,,Y,3,0,1,1,A,-,08,22107,,N,E,I,A,A,H,-,A,D,0,,,,,Y,,D,22,0,1,0,0,0,0,0,0,0,"- ","- ",37.935359954833984,-120.62409210205078,CALAVERAS,UNINCORPORATED,-120.6239013671875,37.935401916503906
94731094,2025,2025-06-18,9255,2025-06-07,1455,018318,,6,2,9,0500,0,1,3,,1,020,SR-49,"REDHILL ROAD",528.00,S,N,A,-,Y,CAL,,49," "," ",3.894,H,,R,N,2,0,1,1,A,-,08,22107,,N,F,A,A,A,H,-,A,D,0,,,Y,,Y,,C,02,1,0,0,0,0,0,0,0,1,"- ","- ",38.033889770507812,-120.50650787353516,CALAVERAS,UNINCORPORATED,-120.50657653808594,38.033866882324219
94732540,2025,2025-06-19,9255,2025-04-25,1535,023983,,5,2,9,0500,0,1,3,,2,031,SR-26,"GILLHAVEN ROAD",442.00,E,N,A,-,Y,CAL,,26," "," ",21.398,H,,R,Y,1,1,2,2,A,-,06,21751,,N,A,C,A,A,H,-,A,D,0,,,,,Y,,A,01,2,0,0,0,0,0,0,0,0,"- ","- ",38.313240051269531,-120.65770721435547,CALAVERAS,UNINCORPORATED,-120.65769195556641,38.313209533691406
94732566,2025,2025-06-19,9255,2025-06-12,"705 ",017324,,4,1,9,0500,0,3,5,,2,004,"FRICOT CITY RD","SAN ANTONE RD",5.00,E,N,A,-,N,,,,,,,,,,Y,4,0,1,2,A,-,03,22350,,N,C,E,A,A,H,-,A,D,0,,,,,Y,,A,01,0,0,1,0,0,0,0,0,0,"- ","- ",38.164348602294922,-120.54657745361328,CALAVERAS,UNINCORPORATED,-120.54634094238281,38.164485931396484
94735437,2025,2025-06-23,9255,2025-06-01,"732 ",017286,,7,1,9,0500,0,1,3,,2,040,SR-4,"HUNTER DAM RD",528.00,E,N,A,-,Y,CAL,,4," "," ",37.029,H,,R,Y,3,0,1,1,A,-,01,23152,A,N,E,I,A,A,H,-,A,D,0,,,,,Y,Y,A,01,0,1,0,0,0,0,0,0,0,"- ","- ",38.199699401855469,-120.36573791503906,CALAVERAS,UNINCORPORATED,-120.36582946777344,38.199672698974609
94736290,2025,2025-06-23,9255,2025-06-22,1542,017286,,7,2,9,0500,0,1,3,,2,030,SR-49,"REFUSE DISPOSAL SITE RD.",50.00,S,N,A,-,Y,CAL,,49," ",R,24.170,H,,R,Y,3,0,3,3,A,-,03,22350,,N,C,C,A,A,H,-,A,D,0,,,,,Y,,A,07,0,3,0,0,0,0,0,0,0,"- ","- ",38.250118255615234,-120.71875762939453,CALAVERAS,UNINCORPORATED,-120.71883392333984,38.250133514404297
94739714,2025,2025-06-25,9255,2025-05-15,1558,016918,,4,2,9,0500,0,1,3,,2,031,"STATE ROUTE 26","JESUS MARIA ROAD",0.00,,Y,A,-,Y,CAL,,26," "," ",19.609,H,,R,Y,1,1,0,2,A,-,09,21802,A,N,D,C,A,A,H,-,A,A,0,,,Y,,Y,,C,02,0,0,0,0,0,0,0,1,0,"- ","- ",38.300071716308594,-120.68248748779297,CALAVERAS,UNINCORPORATED,-120.68247985839844,38.300060272216797
94741185,2025,2025-06-26,9255,2025-06-15,"200 ",021319,,7,3,9,0500,0,3,5,,2,001,"CAMPO SECO ROAD","PALOMA RD",500.00,W,N,A,-,N,,,,,,,,,,N,3,0,1,1,A,-,17,21712,A,N,H,A,A,A,H,-,D,D,0,,,,,Y,,-,"- ",0,1,0,0,0,0,0,0,0,"- ","- ",38.226181030273438,-120.82382965087891,CALAVERAS,UNINCORPORATED,-120.82224273681641,38.226444244384766
94741272,2025,2025-06-26,9255,2025-06-18,"940 ",018318,,3,1,9,0500,0,1,3,,1,010,SR-12,"HASKELL STREET",100.00,W,N,A,-,Y,,,,,,,,,,Y,3,0,1,2,A,-,03,22350,,N,C,C,A,A,H,-,A,D,0,,,,,Y,,-,"- ",0,1,0,0,0,0,0,0,0,"- ","- ",38.178459167480469,-120.94582366943359,CALAVERAS,UNINCORPORATED,-120.94522857666016,38.177646636962891
94741294,2025,2025-06-26,9255,2025-06-19,2303,021319,,4,3,9,0500,0,1,3,,2,031,SR-26,"HIGDON RD",950.00,W,N,A,-,Y,CAL,,26," "," ",37.082,H,,R,N,3,0,1,1,A,-,01,23152,A,N,E,I,A,A,H,-,D,D,0,,,,,Y,Y,A,01,0,1,0,0,0,0,0,0,0,"- ","- ",38.412380218505859,-120.55637359619141,CALAVERAS,UNINCORPORATED,-120.55641937255859,38.412384033203125
94742582,2025,2025-06-27,9255,2025-06-19,1850,023253,,4,2,9,0500,0,2,4,,1,041,"SR-4 E/B","NORTHWOOD DRIVE",1584.00,E,N,A,-,Y,CAL,,4," "," ",34.124,H,,R,Y,4,0,1,1,A,-,01,23152,A,N,E,8,A,A,H,-,A,D,0,,,,,Y,Y,A,07,0,0,1,0,0,0,0,0,0,"- ","- ",38.173091888427734,-120.39668273925781,CALAVERAS,UNINCORPORATED,-120.39675140380859,38.173183441162109
94745634,2025,2025-07-01,9255,2025-06-19,1725,022429,,4,2,9,0500,0,3,5,,2,005,SR-4,"SKYLINE DR",1637.00,E,N,A,-,Y,CAL,,4," ",R,62.206,H,,R,N,2,0,1,1,A,-,03,22350,,N,E,I,A,A,H,-,A,D,0,,,,,Y,,M,94,1,0,0,0,0,0,0,0,0,"- ","- ",38.418811798095703,-120.09397125244141,CALAVERAS,UNINCORPORATED,-120.09397888183594,38.418834686279297
94747584,2025,2025-07-07,9255,2025-06-22,"5   ",019246,,7,3,9,0500,0,1,3,,2,031,SR-26,"HIGDON RD",1056.00,E,N,A,-,Y,CAL,,26," "," ",37.115,H,,R,Y,2,0,1,1,A,-,01,23152,A,N,E,I,A,A,H,-,D,D,0,,,,,Y,Y,D,22,1,0,0,0,0,0,0,0,0,"- ","- ",38.412841796875,-120.55626678466797,CALAVERAS,UNINCORPORATED,-120.55620574951172,38.412807464599609
94747917,2025,2025-07-22,9255,2025-06-27,1838,023983,,5,2,9,0500,0,1,3,,1,010,SR-49,"COURT ST",0.00,,Y,A,-,Y,CAL,,49," "," ",19.478,H,,R,Y,4,0,1,2,A,-,09,21804,A,N,B,C,A,A,H,-,A,D,0,,,,,Y,,A,01,0,0,1,0,0,0,0,0,0,"- ","- ",38.196678161621094,-120.68215942382812,CALAVERAS,UNINCORPORATED,-120.68215179443359,38.196697235107422
94748177,2025,2025-07-07,9255,2025-06-28,1403,016918,,6,2,9,0500,0,3,5,,2,001,"BURSON RD","CAMANCHE PARKWAY S",0.00,,Y,A,-,N,,,,,,,,,,Y,3,0,3,2,A,-,09,21801,A,N,A,C,A,A,H,-,A,A,0,,,,,Y,,A,01,0,3,0,0,0,0,0,0,0,"- ","- ",38.198329925537109,-120.89366912841797,CALAVERAS,UNINCORPORATED,-120.89380645751953,38.198440551757812
94748189,2025,2025-07-07,9255,2025-06-25,"520 ",019246,,3,3,9,0500,0,1,3,,2,030,SR-49,"CENTER ST",240.00,N,N,A,-,Y,CAL,,49," "," ",28.464,H,,R,Y,3,0,1,1,A,-,08,22107,,N,E,I,A,A,H,-,D,D,0,,,,,Y,,D,22,0,1,0,0,0,0,0,0,0,"- ","- ",38.297508239746094,-120.71849060058594,CALAVERAS,UNINCORPORATED,-120.71847534179688,38.297447204589844
94748271,2025,2025-07-07,9255,2025-06-21,1445,018318,,6,2,9,0500,0,1,3,,2,040,SR-4,"6 MILE ROAD",0.00,,Y,A,-,Y,CAL,,4," "," ",24.017,H,,R,Y,3,0,2,3,A,-,03,22350,,M,C,C,A,A,H,-,A,C,0,,,,,Y,,D,22,0,1,1,0,0,0,0,0,0,"- ","- ",38.090610504150391,-120.50393676757812,CALAVERAS,UNINCORPORATED,-120.50393676757812,38.090606689453125
9475398,2022,2022-07-22,0501,2022-02-28,1524,218,,1,5,2,0501,0,0,0,,0,,"RT 49","STANISLAUS AV",0.00,,Y,A,-,N,,,,,,,,,,N,4,0,5,2,A,-,03,22350,,N,C,C,A,A,H,-,A,A,0,,,,,Y,,D,22,0,0,5,0,0,0,0,0,0,"- ","- ",,,CALAVERAS,"ANGELS CAMP",-120.55035400390625,38.077308654785156
94757162,2025,2025-07-10,9255,2025-07-07,1430,019534,,1,2,9,0500,0,3,5,,2,001,"YOST DR","ANDERSON ST",134.00,S,N,A,-,N,,,,,,,,,,N,3,0,1,1,A,-,08,22107,,N,E,A,A,A,H,-,A,D,0,,,,,Y,,A,07,0,1,0,0,0,0,0,0,0,"- ","- ",38.113719940185547,-120.85951232910156,CALAVERAS,UNINCORPORATED,-120.85951232910156,38.113410949707031
94757175,2025,2025-07-10,9255,2025-06-29,1108,019525,,7,1,9,0500,0,1,3,,1,020,SR-49,"DEER CREEK ROAD",0.00,,Y,A,-,Y,CAL,,49," "," ",10.766,H,,R,Y,2,0,1,2,A,-,03,22350,,N,F,I,A,A,H,-,A,D,0,,,,,Y,,A,07,1,0,0,0,0,0,0,0,0,"- ","- ",38.100368499755859,-120.58941650390625,CALAVERAS,UNINCORPORATED,-120.58933258056641,38.100421905517578
94761855,2025,2025-07-15,9255,2025-07-03,1738,023983,,4,2,9,0500,0,1,3,,1,010,SR-12,"DOUBLE SPRINGS ROAD",0.00,,Y,A,-,Y,CAL,,12," "," ",12.437,H,,R,Y,3,0,1,2,A,-,03,22350,,N,C,C,A,A,H,-,A,D,0,,,,,Y,,A,01,0,1,0,0,0,0,0,0,0,"- ","- ",38.206501007080078,-120.78941345214844,CALAVERAS,UNINCORPORATED,-120.78939056396484,38.20648193359375
94764010,2025,2025-07-16,9255,2025-07-04,1500,023983,,5,2,9,0500,0,2,4,,1,041,"MURPHYS GRADE RD","MAIN STREET",4752.00,W,N,A,-,N,,,,,,,,,,Y,3,0,1,1,A,-,08,22107,,N,B,I,A,A,H,-,A,A,0,,,Y,,Y,,C,02,0,1,0,0,0,0,0,0,1,"- ","- ",38.131900787353516,-120.48210906982422,CALAVERAS,UNINCORPORATED,-120.482177734375,38.131927490234375
94764015,2025,2025-07-16,9255,2025-07-05,1042,022955,,6,1,9,0500,0,1,3,,2,040,"STATE ROUTE 4","FOLENDORF RD",106.00,W,N,A,-,Y,CAL,,4," "," ",31.696,H,,R,Y,3,0,1,1,C,-,18,,,N,E,I,A,A,H,-,A,D,0,,,,,Y,,-,"- ",0,1,0,0,0,0,0,0,0,"- ","- ",38.162590026855469,-120.43695068359375,CALAVERAS,UNINCORPORATED,-120.43685913085938,38.162574768066406
94779208,2025,2025-07-28,9255,2025-07-16,"200 ",018894,,3,3,9,0500,0,3,5,,2,005,"ASPEN WAY","GRAND BRAKEN WAY",200.00,S,N,A,-,N,,,,,,,,,,N,3,0,1,1,A,-,08,22107,,N,E,I,A,A,H,-,D,D,0,,,,,Y,,A,01,0,1,0,0,0,0,0,0,0,"- ","- ",38.227890014648438,-120.34191131591797,CALAVERAS,UNINCORPORATED,-120.34194946289062,38.227535247802734
94779551,2025,2025-07-28,9255,2025-07-19,1020,018318,,6,1,9,0500,0,3,5,,2,001,"MILTON ROAD","S. GULCH ROAD",1584.00,S,N,A,-,N,,,,,,,,,,Y,4,0,1,1,A,-,08,22107,,N,E,I,A,A,H,-,A,D,0,,,,,Y,,E,22,0,0,1,0,0,0,0,0,0,"- ","- ",38.054100036621094,-120.86345672607422,CALAVERAS,UNINCORPORATED,-120.87109375,38.056560516357422
94779556,2025,2025-07-28,9255,2025-07-19,1400,017324,,6,2,9,0500,0,1,3,,1,021,"STATE ROUTE 4","MAIN STREET",100.00,E,N,A,-,Y,CAL,,4," ",R,8.160,H,,R,Y,3,0,1,1,A,-,03,22350,,N,F,A,A,A,H,-,A,D,0,,,Y,,Y,,C,02,0,1,0,0,0,0,0,0,1,"- ","- ",37.983608245849609,-120.64543914794922,CALAVERAS,UNINCORPORATED,-120.64547729492188,37.983604431152344
94780032,2025,2025-07-28,9255,2025-07-15,1455,015872,,2,2,9,0500,0,1,3,,1,021,SR-4,"MAIN STREET",20.00,E,N,A,-,Y,CAL,,4," ",R,8.153,H,,R,Y,3,0,1,2,A,-,09,21804,A,N,D,C,A,A,H,-,A,A,0,,,,,Y,,A,01,0,1,0,0,0,0,0,0,0,"- ","- ",37.983509063720703,-120.64541625976562,CALAVERAS,UNINCORPORATED,-120.64546203613281,37.983505249023438
94780049,2025,2025-07-28,9255,2025-07-23,1135,018488,,3,1,9,0500,0,1,3,,1,011,SR-26,"QUAIL OAKS RD",0.00,,Y,A,-,Y,CAL,,26," "," ",8.538,H,,R,Y,4,0,1,2,A,-,09,21802,A,N,D,C,A,A,H,-,A,A,0,,,,,Y,,D,22,0,0,1,0,0,0,0,0,0,"- ","- ",38.170528411865234,-120.837646484375,CALAVERAS,UNINCORPORATED,-120.83762359619141,38.170516967773438
94783035,2025,2025-07-30,9255,2025-07-21,"825 ",015872,,1,1,9,0500,0,3,5,,2,002,"LITTLE JOHN ROAD","OX YOKE LANE",4224.00,S,N,A,-,N,,,,,,,,,,Y,2,0,1,1,A,-,08,22107,,N,F,0,A,A,H,-,A,D,0,,,,,Y,,A,08,1,0,0,0,0,0,0,0,0,"- ","- ",37.954078674316406,-120.65068054199219,CALAVERAS,UNINCORPORATED,-120.65277099609375,37.959606170654297
94783304,2025,2025-07-30,9255,2025-07-24,1503,023983,,4,2,9,0500,0,1,3,,1,010,SR-26,"JEAN ST",0.00,,Y,A,-,Y,CAL,,26," "," ",10.192,H,,R,Y,4,0,1,2,A,-,09,21804,A,N,D,C,A,A,H,-,A,D,0,,,,,Y,,A,01,0,0,1,0,0,0,0,0,0,"- ","- ",38.190250396728516,-120.8277587890625,CALAVERAS,UNINCORPORATED,-120.82775115966797,38.190250396728516
94784630,2025,2025-07-31,9255,2025-07-25,1535,022955,,5,2,9,0500,0,3,5,,2,003,"WINTON RD","HIDDEN VALLEY RD",1000.00,E,N,A,-,N,,,,,,,,,,Y,3,0,1,1,C,-,18,,,N,E,I,A,A,H,-,A,D,0,,,Y,,Y,,-,"- ",0,1,0,0,0,0,0,0,1,"- ","- ",38.409770965576172,-120.50910186767578,CALAVERAS,UNINCORPORATED,-120.50913238525391,38.409706115722656
94784723,2025,2025-07-31,9255,2025-07-26,1735,021319,,6,2,9,0500,0,1,3,,2,030,SR-49,"FOURTH CROSSING ROAD",3010.00,S,N,A,-,Y,CAL,,49," "," ",13.617,H,,R,N,3,0,1,1,A,-,01,23152,A,N,E,I,A,A,H,-,A,D,0,,,,,Y,Y,A,01,0,1,0,0,0,0,0,0,0,"- ","- ",38.125370025634766,-120.62986755371094,CALAVERAS,UNINCORPORATED,-120.62982177734375,38.125404357910156
94786418,2025,2025-08-01,9255,2025-07-25,"508 ",016918,,5,3,9,0500,0,1,3,,1,021,SR-4,"ROCK CREEK RD",2815.00,E,N,A,-,Y,CAL,,4," ",R,8.684,H,,R,Y,2,0,1,2,A,-,06,21751,,F,E,I,A,A,H,-,D,D,0,,,,,Y,,D,22,1,0,0,0,0,0,0,0,0,"- ","- ",37.990528106689453,-120.64930725097656,CALAVERAS,UNINCORPORATED,-120.64925384521484,37.990543365478516
94789750,2025,2025-08-05,9255,2025-07-23,1210,021644,,3,1,9,0500,0,1,S,,2,904,SR-49,"MOUNTAIN RANCH RD",0.00,,Y,A,-,Y,CAL,,49," "," ",18.797,H,,R,Y,4,0,1,2,A,-,09,21802,A,N,D,C,A,A,H,-,A,A,0,,,,,Y,,D,22,0,0,1,0,0,0,0,0,0,"- ","- ",38.189178466796875,-120.67450714111328,CALAVERAS,UNINCORPORATED,-120.67449188232422,38.189182281494141
94791718,2025,2025-08-06,9255,2025-07-26,1615,022955,,6,2,9,0500,0,1,3,,2,050,"RT 4","CABBAGE PATCH",2000.00,E,N,A,-,Y,CAL,,4," ",R,60.423,H,,R,Y,3,0,1,1,A,-,08,22107,,N,E,8,A,A,H,-,A,D,0,,,,,Y,,E,22,0,1,0,0,0,0,0,0,0,"- ","- ",38.414600372314453,-120.12574768066406,CALAVERAS,UNINCORPORATED,-120.12576293945312,38.414573669433594
94791776,2025,2025-08-06,9255,2025-08-03,1330,019643,,7,1,9,0500,0,1,3,,2,031,SR-26,"N. RAILROAD FLAT RD.",0.00,,Y,A,-,Y,CAL,,26," ",R,33.583,H,,R,Y,4,0,1,2,A,-,09,21802,A,N,D,C,A,A,H,-,A,A,0,,,,,Y,,A,07,0,0,1,0,0,0,0,0,0,"- ","- ",38.389339447021484,-120.52715301513672,CALAVERAS,UNINCORPORATED,-120.52708435058594,38.389114379882812
94791779,2025,2025-08-06,9255,2025-08-04,1701,019643,,1,2,9,0500,0,2,4,,2,034,"RAILROAD FLAT RD.","PRUSSIAN HILL RD.",1100.00,E,N,A,-,N,,,,,,,,,,N,3,0,1,1,A,-,08,22107,,N,F,A,A,A,H,-,A,D,0,,,Y,,Y,,C,03,0,1,0,0,0,0,0,0,1,"- ","- ",38.323570251464844,-120.52068328857422,CALAVERAS,UNINCORPORATED,-120.52072906494141,38.3236083984375
94791790,2025,2025-08-06,9255,2025-08-03,2145,020563,,7,2,9,0500,0,1,3,,2,040,SR4,"RED APPLE DRIVE",300.00,E,N,A,-,Y,CAL,,4," "," ",34.947,H,,R,Y,3,0,1,1,C,-,18,,,N,E,H,A,A,H,-,D,D,0,,,,,Y,,-,"- ",0,1,0,0,0,0,0,0,0,"- ","- ",38.178291320800781,-120.38371276855469,CALAVERAS,UNINCORPORATED,-120.38369750976562,38.178253173828125
94797928,2025,2025-08-11,9255,2025-07-31,1845,023253,,4,2,9,0500,0,1,3,,1,020,SR-49,"RED HILL ROAD",1056.00,S,N,A,-,Y,CAL,,49," "," ",3.867,H,,R,Y,3,0,1,1,A,-,01,23152,A,N,E,I,A,A,H,-,A,D,0,,,,,Y,Y,A,07,0,1,0,0,0,0,0,0,0,"- ","- ",38.033519744873047,-120.50633239746094,CALAVERAS,UNINCORPORATED,-120.50638580322266,38.03350830078125
94799335,2025,2025-08-12,9255,2025-08-02,"905 ",019534,,6,1,9,0500,0,3,5,,2,001,"HOGAN DAM RD","NEW HOGAN PKY",100.00,N,N,A,-,N,,,,,,,,,,Y,3,0,1,1,A,-,08,22107,,N,E,I,A,A,H,-,A,D,0,,,,,Y,,-,"- ",0,1,0,0,0,0,0,0,0,"- ","- ",38.178020477294922,-120.81247711181641,CALAVERAS,UNINCORPORATED,-120.81248474121094,38.177814483642578
94799983,2025,2025-08-12,9255,2025-08-05,1612,019643,,2,2,9,0500,0,1,3,,1,011,SR-26,"PALOMA RD.",2640.00,W,N,A,-,Y,CAL,,26," "," ",13.111,H,,R,Y,3,0,1,1,A,-,08,22107,,N,E,I,A,A,H,-,A,D,0,,,,,Y,,A,08,0,1,0,0,0,0,0,0,0,"- ","- ",38.247669219970703,-120.75563049316406,CALAVERAS,UNINCORPORATED,-120.75566101074219,38.2476806640625
94804819,2025,2025-08-15,9255,2025-08-07,1340,022955,,4,1,9,0500,0,2,4,,2,042,"PARROTS FERRY RD","CONFLUENCE LN",20.00,N,N,A,-,N,,,,,,,,,,N,2,0,1,1,A,-,01,23152,F,N,E,I,A,A,H,-,A,D,0,,,,,Y,,D,22,1,0,0,0,0,0,0,0,0,"- ","- ",38.081829071044922,-120.45931243896484,CALAVERAS,UNINCORPORATED,-120.45935821533203,38.081733703613281
94806622,2025,2025-08-18,9255,2025-06-30,1540,019534,,1,2,9,0500,0,1,3,,1,011,SR-26,"VISTA DEL LAGO DR",1800.00,W,N,A,-,Y,CAL,,26," "," ",8.083,H,,R,Y,1,1,1,2,C,-,18,,,N,A,C,A,A,H,-,A,D,0,,,,,Y,,-,"- ",0,1,0,0,0,0,0,0,0,"- ","- ",38.164470672607422,-120.84248352050781,CALAVERAS,UNINCORPORATED,-120.84246063232422,38.164463043212891
94806833,2025,2025-08-18,9255,2025-08-08,"517 ",023983,,5,3,9,0500,0,1,3,,1,021,SR-4,"TELEGRAPH ROAD",4224.00,W,N,A,-,Y,CAL,,4," ",R,0.117,H,,R,Y,4,0,1,1,C,-,18,,,N,H,H,A,A,H,-,B,D,0,,,,,Y,,-,"- ",0,0,1,0,0,0,0,0,0,"- ","- ",37.938869476318359,-120.76876831054688,CALAVERAS,UNINCORPORATED,-120.76876831054688,37.938865661621094
94806880,2025,2025-08-18,9255,2025-08-08,2050,023983,,5,2,9,0500,0,3,5,,2,001,"CAMANCHE ROAD","BRANDY LN",60.00,E,N,A,-,N,,,,,,,,,,Y,4,0,1,1,A,-,01,23152,A,N,E,I,A,A,H,-,D,D,0,,,,,Y,,A,01,0,0,1,0,0,0,0,0,0,"- ","- ",38.212448120117188,-120.90792846679688,CALAVERAS,UNINCORPORATED,-120.90809631347656,38.212413787841797
94809499,2025,2025-08-19,9255,2025-08-11,1600,019643,,1,2,9,0500,0,2,4,,1,022,"OBYRNES FERRY RD","DUCHESS DRIVE",250.00,N,N,A,-,N,,,,,,,,,,Y,3,0,1,1,A,-,01,23152,A,N,E,I,A,A,H,-,A,D,0,,,,,Y,Y,A,01,0,1,0,0,0,0,0,0,0,"- ","- ",37.904788970947266,-120.58303070068359,CALAVERAS,UNINCORPORATED,-120.58287048339844,37.904605865478516
94811266,2025,2025-08-20,9255,2025-08-18,"605 ",024711,,1,1,9,0500,0,3,5,,2,002,"REEDS TURN PIKE","JACKSON STREET",1056.00,W,N,A,-,N,,,,,,,,,,Y,3,0,1,1,A,-,08,22107,,N,E,I,A,A,H,-,A,D,0,,,,,Y,,-,"- ",0,1,0,0,0,0,0,0,0,"- ","- ",37.974151611328125,-120.64733123779297,CALAVERAS,UNINCORPORATED,-120.64479064941406,37.974452972412109
94811399,2025,2025-08-20,9255,2025-08-18,1130,015872,,1,1,9,0500,0,1,3,,1,010,SR-12,"PINE STREET",5.00,W,N,A,-,Y,CAL,,12," "," ",9.777,H,,R,Y,3,0,2,2,A,-,03,22350,,N,C,C,A,D,H,-,A,D,0,,,,,Y,,A,01,0,2,0,0,0,0,0,0,0,"- ","- ",38.189739227294922,-120.83039855957031,CALAVERAS,UNINCORPORATED,-120.83042144775391,38.189750671386719
94817053,2025,2025-08-25,9255,2025-08-14,1625,022955,,4,2,9,0500,0,1,3,,1,011,SR-26,"BALDWIN LN",275.00,E,N,A,-,Y,CAL,,26," "," ",6.026,H,,R,Y,3,0,3,3,A,-,01,23152,A,N,C,C,A,A,H,-,A,A,0,,,,,Y,Y,A,07,0,2,1,0,0,0,0,0,0,"- ","- ",38.141750335693359,-120.86387634277344,CALAVERAS,UNINCORPORATED,-120.8638916015625,38.141754150390625
94818016,2025,2025-08-26,9255,2025-08-14,2145,023253,,4,2,9,0500,0,1,3,,2,040,SR-4,"UTICA POWERHOUSE ROAD",2640.00,E,N,A,-,Y,CAL,,4," "," ",31.533,H,,R,Y,2,0,1,1,A,-,01,23152,A,N,E,I,A,A,H,-,D,D,0,,,,,Y,Y,D,22,1,0,0,0,0,0,0,0,0,"- ","- ",38.160301208496094,-120.43649291992188,CALAVERAS,UNINCORPORATED,-120.43653869628906,38.160305023193359
94818157,2025,2025-08-26,9255,2025-08-17,1815,019643,,7,2,9,0500,0,1,3,,1,020,SR-49,"RED HILL RD",4224.00,S,N,A,-,Y,CAL,,49," "," ",3.234,H,,R,Y,3,0,1,1,A,-,01,23152,A,N,F,A,A,A,H,-,A,D,0,,,Y,,Y,Y,C,03,0,1,0,0,0,0,0,0,1,"- ","- ",38.027561187744141,-120.51084136962891,CALAVERAS,UNINCORPORATED,-120.51080322265625,38.027534484863281
94821570,2025,2025-08-28,9255,2025-08-14,2350,022429,,4,3,9,0500,0,3,5,,2,005,"WIKAMI WAY","KENSHAW WAY",185.00,E,N,A,-,N,,,,,,,,,,Y,3,0,1,1,A,-,01,23152,A,N,E,I,A,A,H,-,D,D,0,,,,,Y,Y,D,22,0,1,0,0,0,0,0,0,0,"- ","- ",38.294868469238281,-120.26850891113281,CALAVERAS,UNINCORPORATED,-120.26866149902344,38.294883728027344
94822242,2025,2025-08-28,9255,2025-08-21,1210,016918,,4,1,9,0500,0,1,3,,1,011,SR-26,"DRIVER RD",0.00,,Y,A,-,Y,CAL,,26," "," ",5.861,H,,R,Y,3,0,1,2,A,-,03,22350,,N,B,C,A,A,H,-,A,D,0,,,Y,,Y,,C,02,0,1,0,0,0,0,0,0,1,"- ","- ",38.139728546142578,-120.86515808105469,CALAVERAS,UNINCORPORATED,-120.86515808105469,38.139728546142578
94827288,2025,2025-09-02,9255,2025-09-01,1422,024711,,1,2,9,0500,0,3,5,,2,004,"ALGIER ST","PARK LN",50.00,N,N,A,-,N,,,,,,,,,,N,2,0,1,2,C,-,18,,,N,B,C,A,A,H,-,A,D,0,,,,,Y,,-,"- ",1,0,0,0,0,0,0,0,0,"- ","- ",38.136211395263672,-120.46392059326172,CALAVERAS,UNINCORPORATED,-120.46408843994141,38.136421203613281
94829975,2025,2025-09-04,9255,2025-08-24,1630,015872,,7,2,9,0500,0,3,5,,2,001,"MILTON ROAD","SOUTH GULCH ROAD",900.00,N,N,A,-,N,,,,,,,,,,Y,3,0,1,1,A,-,08,22107,,M,E,I,A,A,H,-,A,D,0,,,,,Y,,-,"- ",0,1,0,0,0,0,0,0,0,"- ","- ",38.063568115234375,-120.87123870849609,CALAVERAS,UNINCORPORATED,-120.87123107910156,38.063381195068359
94830564,2025,2025-09-04,9255,2025-08-22,1630,022955,,5,2,9,0500,0,1,3,,2,031,SR-26,"IRIS WAY",1000.00,W,N,A,-,Y,CAL,,26," "," ",36.374,H,,R,N,4,0,1,2,A,-,09,21804,A,N,D,C,A,A,H,-,A,D,0,,,,,Y,,D,22,0,0,1,0,0,0,0,0,0,"- ","- ",38.413700103759766,-120.54792022705078,CALAVERAS,UNINCORPORATED,-120.54792022705078,38.413703918457031
94830578,2025,2025-09-04,9255,2025-08-23,1305,022955,,6,1,9,0500,0,1,3,,1,011,SR-26,"WARREN RD",0.00,,Y,A,-,Y,CAL,,26," ",R,1.196,H,,R,Y,2,0,2,2,A,-,08,22107,,N,B,C,A,A,H,-,A,D,0,,,,,Y,,A,08,1,1,0,0,0,0,0,0,0,"- ","- ",38.102928161621094,-120.9219970703125,CALAVERAS,UNINCORPORATED,-120.92197418212891,38.102893829345703
94834414,2025,2025-09-08,9255,2025-08-30,2500,022955,,6,4,9,0500,0,3,5,,2,001,"MILTON RD",SR-26,50.00,S,N,A,-,N,,,,,,,,,,N,3,0,1,1,A,-,01,23152,A,N,E,I,A,A,H,-,A,D,0,,,Y,,Y,Y,C,02,0,1,0,0,0,0,0,0,1,"- ","- ",38.105518341064453,-120.90872192382812,CALAVERAS,UNINCORPORATED,-120.90908050537109,38.105701446533203
94837963,2025,2025-09-09,9255,2025-09-01,2110,022955,,1,2,9,0500,0,1,3,,1,021,SR-4,"HUNT ROAD",0.00,,Y,A,-,Y,,,,,,,,,,Y,3,0,1,1,A,-,03,22350,,N,E,I,A,A,H,-,D,D,0,,,,,Y,,A,01,0,1,0,0,0,0,0,0,0,"- ","- ",38.031120300292969,-120.64701080322266,CALAVERAS,UNINCORPORATED,-120.64984130859375,38.035087585449219
94837978,2025,2025-09-09,9255,2025-09-02,1334,024711,,2,1,9,0500,0,3,5,,2,001,"HOGAN DAM RD","EAGLE RANCH RD",3168.00,N,N,A,-,N,,,,,,,,,,Y,2,0,1,2,A,-,05,21650,,N,A,C,A,A,H,-,A,D,0,,,,,Y,,D,22,1,0,0,0,0,0,0,0,0,"- ","- ",38.129779815673828,-120.81215667724609,CALAVERAS,UNINCORPORATED,-120.81240081787109,38.130031585693359
94838907,2025,2025-09-10,9255,2025-09-04,"610 ",017324,,4,1,9,0500,0,2,4,,2,042,"PARROTTS FERRY ROAD","BATTEN ROAD",649.00,S,N,A,-,N,,,,,,,,,,Y,3,0,1,1,A,-,08,22107,,N,E,I,A,A,H,-,A,D,0,,,,,Y,,-,"- ",0,1,0,0,0,0,0,0,0,"- ","- ",38.094661712646484,-120.46907806396484,CALAVERAS,UNINCORPORATED,-120.46903228759766,38.094707489013672
94839453,2025,2025-09-10,9255,2025-08-30,1105,022429,,6,1,9,0500,0,3,5,,2,005,SR-4,"MC KENZIE AVE",220.00,W,N,A,-,Y,CAL,,4," "," ",39.185,H,,R,Y,2,0,1,1,C,-,18,,,N,H,H,A,A,H,-,A,D,0,,,Y,,Y,,-,"- ",1,0,0,0,0,0,0,0,1,"- ","- ",38.228290557861328,-120.3690185546875,CALAVERAS,UNINCORPORATED,-120.36898803710938,38.228286743164062
94841421,2025,2025-09-11,9255,2025-09-04,"807 ",016918,,4,1,9,0500,0,1,3,,1,020,SR-49,"REDHILL RD",4752.00,S,N,A,-,Y,CAL,,49," "," ",3.181,H,,R,Y,3,0,2,1,A,-,03,22350,,N,E,I,A,A,H,-,A,D,0,,,,,Y,,J,43,0,2,0,0,0,0,0,0,0,"- ","- ",38.026931762695312,-120.51138305664062,CALAVERAS,UNINCORPORATED,-120.51140594482422,38.026966094970703
94846786,2025,2025-09-16,9255,2025-08-30,2057,023253,,6,2,9,0500,0,2,4,,1,022,"OBYRNES FERRY ROAD","BLACK CREEK DR",5280.00,N,N,A,-,N,,,,,,,,,,Y,3,0,1,1,C,-,18,,,N,H,H,A,A,H,-,D,D,0,,,Y,,Y,,-,"- ",0,1,0,0,0,0,0,0,1,"- ","- ",37.9658203125,-120.61962127685547,CALAVERAS,UNINCORPORATED,-120.61873626708984,37.964504241943359
94848832,2025,2025-10-08,9255,2025-09-08,2340,022955,,1,3,9,0500,0,1,3,,1,010,SR-12,SR-26,150.00,E,N,B,-,Y,CAL,,12," "," ",10.123,H,,R,N,4,0,1,2,A,-,08,22107,,M,G,B,E,A,D,-,C,A,0,Y,,,,Y,Y,A,01,0,0,1,0,1,0,0,0,0,"- ","- ",38.192569732666016,-120.82598876953125,CALAVERAS,UNINCORPORATED,-120.82598876953125,38.19256591796875
94851317,2025,2025-09-19,9255,2025-09-10,2052,023983,,3,2,9,0500,0,3,5,,2,100,"NEW HOGAN PARKWAY","HOGAN DAM ROAD",1056.00,E,N,A,-,N,,,,,,,,,,Y,3,0,1,1,A,-,01,23152,A,N,E,I,A,A,H,-,D,D,0,,,,,Y,Y,D,22,0,1,0,0,0,0,0,0,0,"- ","- ",38.177238464355469,-120.80927276611328,CALAVERAS,UNINCORPORATED,-120.80955505371094,38.177116394042969
94851597,2025,2025-09-19,9255,2025-09-04,1433,019534,,4,2,9,0500,0,1,3,,2,030,SR-49,"CAROL KENNEDY RD",1160.00,S,N,A,-,Y,CAL,,49," "," ",14.935,H,,R,Y,3,0,1,1,A,-,01,23152,F,N,E,I,A,A,H,-,A,D,0,,,,,Y,,A,01,0,1,0,0,0,0,0,0,0,"- ","- ",38.143291473388672,-120.63657379150391,CALAVERAS,UNINCORPORATED,-120.63662719726562,38.143260955810547
94851937,2025,2025-09-19,9255,2025-09-12,1035,019534,,5,1,9,0500,0,1,3,,1,011,SR-26,"ROSALIE DR",150.00,E,N,A,-,Y,CAL,,26," "," ",2.971,H,,R,Y,4,0,2,3,A,-,16,24002,A,N,H,C,A,A,H,-,A,D,0,,,,,Y,,E,22,0,0,2,0,0,0,0,0,0,"- ","- ",38.115341186523438,-120.90016937255859,CALAVERAS,UNINCORPORATED,-120.90016937255859,38.115329742431641
94857021,2025,2025-09-23,9255,2025-09-12,1325,022429,,5,1,9,0500,0,3,5,,2,005,"MORAN RD","LIGHTNING LANE",1214.00,W,N,A,-,N,,,,,,,,,,Y,3,0,1,1,C,-,18,,,N,E,I,A,A,H,-,A,D,0,,,,,Y,,-,"- ",0,1,0,0,0,0,0,0,0,"- ","- ",38.232940673828125,-120.34927368164062,CALAVERAS,UNINCORPORATED,-120.34929656982422,38.233112335205078
94857027,2025,2025-09-23,9255,2025-09-15,1558,024711,,1,2,9,0500,0,3,5,,2,001,"MOUNTAIN RANCH RD","GOVERMENT CENTR RD",0.00,,Y,A,-,N,,,,,,,,,,Y,3,0,1,2,A,-,09,21804,A,N,D,C,A,A,H,-,A,A,0,,,,,Y,,D,22,0,1,0,0,0,0,0,0,0,"- ","- ",38.190849304199219,-120.66860198974609,CALAVERAS,UNINCORPORATED,-120.66856384277344,38.190799713134766
94857905,2025,2025-09-24,9255,2025-09-15,2030,021781,,1,2,9,0500,0,3,5,,2,004,"MORAN RD","LOVE CREEK RD",528.00,N,N,A,-,N,,,,,,,,,,N,4,0,1,1,A,-,08,22107,,N,E,I,A,A,H,-,A,D,0,,,,,Y,,A,07,0,0,1,0,0,0,0,0,0,"- ","- ",38.220088958740234,-120.35822296142578,CALAVERAS,UNINCORPORATED,-120.35803985595703,38.219314575195312
94857928,2025,2025-09-24,9255,2025-09-16,2500,021781,,2,4,9,0500,0,3,5,,2,005,"PENNY PINES RD","COUGAR ROCK RD",1056.00,N,N,A,-,N,,,,,,,,,,N,2,0,1,1,B,-,22,,,N,F,A,A,A,H,-,A,D,0,,Y,,,Y,,L,04,1,0,0,0,0,0,1,0,0,"- ","- ",38.251308441162109,-120.37715148925781,CALAVERAS,UNINCORPORATED,,
94857934,2025,2025-09-24,9255,2025-09-16,1415,015872,,2,2,9,0500,0,1,3,,1,021,SR-4,"STOCKTON RD",2640.00,W,N,A,-,Y,CAL,,4," "," ",18.961,H,,R,Y,3,0,1,1,A,-,08,22107,,N,E,I,A,A,H,-,A,D,0,,,,,Y,,D,22,0,1,0,0,0,0,0,0,0,"- ","- ",38.069728851318359,-120.5926513671875,CALAVERAS,UNINCORPORATED,-120.59266662597656,38.069808959960938
94860226,2025,2025-09-25,9255,2025-09-17,1110,022955,,3,1,9,0500,0,3,5,,2,001,"CAMANCHE PKY S","LIMESTONE CT",800.00,N,N,A,-,N,,,,,,,,,,Y,4,0,2,2,A,-,03,22350,,N,C,C,A,A,H,-,A,D,0,,,,,Y,,A,01,0,0,2,0,0,0,0,0,0,"- ","- ",38.198318481445312,-120.94061279296875,CALAVERAS,UNINCORPORATED,-120.940673828125,38.198345184326172
94866537,2025,2025-09-30,9255,2025-09-25,1143,019643,,4,1,9,0500,0,1,3,,2,030,"W ST. CHARLES ST","POOL STATION RD",300.00,S,N,A,-,Y,CAL,,49," "," ",20.074,H,,R,Y,4,0,1,2,A,-,03,22350,,N,C,C,A,A,H,-,A,D,0,,,,,Y,,A,07,0,0,1,0,0,0,0,0,0,"- ","- ",38.200698852539062,-120.69145965576172,CALAVERAS,UNINCORPORATED,-120.69149780273438,38.200645446777344
94869576,2025,2025-10-02,9255,2025-09-24,1618,019643,,3,2,9,0500,0,1,3,,2,031,SR-26,"HUMBUG CREEK RD",10.00,E,N,B,-,Y,CAL,,26," "," ",28.805,H,,R,Y,3,0,1,1,A,-,08,22107,,N,E,I,A,A,H,-,A,D,0,,,,,Y,,D,22,0,1,0,0,0,0,0,0,0,"- ","- ",38.362979888916016,-120.56156921386719,CALAVERAS,UNINCORPORATED,-120.56157684326172,38.362983703613281
94870183,2025,2025-10-02,9255,2025-10-02,"510 ",017324,,4,3,9,0500,0,3,5,,2,002,"LITTLE JOHN RD","STATE ROUTE 4",1056.00,S,N,B,-,N,,,,,,,,,,Y,4,0,1,1,A,-,08,22107,,N,F,A,A,A,H,-,A,D,0,,,,,Y,,D,22,0,0,1,0,0,0,0,0,0,"- ","- ",37.950958251953125,-120.65122222900391,CALAVERAS,UNINCORPORATED,-120.65447998046875,37.972660064697266
94870404,2025,2025-10-02,9255,2025-09-25,"921 ",016918,,4,1,9,0500,0,2,4,,2,034,"RAILROAD FLAT RD","OLD EMIGRANT TRL E",515.00,N,N,B,-,N,,,,,,,,,,N,3,0,1,2,A,-,17,23114,A,M,H,C,A,A,H,-,A,D,0,,,,,Y,,E,22,0,1,0,0,0,0,0,0,0,"- ","- ",38.268650054931641,-120.50367736816406,CALAVERAS,UNINCORPORATED,-120.50675201416016,38.276500701904297
94874514,2025,2025-10-06,9255,2025-09-19,2104,023983,,5,2,9,0500,0,1,3,,1,010,SR-12,"PINE STREET",1584.00,W,N,A,-,Y,CAL,,12," "," ",9.437,H,,R,Y,2,0,1,2,A,-,08,22107,,F,G,1,E,A,H,-,D,D,0,Y,,,,Y,,-,99,1,0,0,0,1,0,0,0,0,"- ","- ",38.186470031738281,-120.83496856689453,CALAVERAS,UNINCORPORATED,-120.83499145507812,38.186492919921875
94874958,2025,2025-10-06,9255,2025-10-02,1230,017324,,4,1,9,0500,0,3,5,,2,002,"LITTLE JOHN ROAD","TOWN SQUARE ROAD",6336.00,S,N,B,-,N,,,,,,,,,,Y,4,0,1,1,A,-,08,22107,,N,E,I,A,A,H,-,A,D,0,,,,,Y,,A,01,0,0,1,0,0,0,0,0,0,"- ","- ",37.957748413085938,-120.65187072753906,CALAVERAS,UNINCORPORATED,-120.65224456787109,37.958965301513672
94874996,2025,2025-11-13,9255,2025-10-02,1230,018318,,4,1,9,0500,0,1,3,,1,011,SR-26,"OLIVE ORCHARD",30.00,E,N,B,C,Y,CAL,,26," "," ",5.051,H,,R,Y,2,0,1,3,A,-,03,22350,,N,A,C,A,B,H,-,A,D,0,,,,,Y,,D,22,1,0,0,0,0,0,0,0,0,"- ","- ",38.130340576171875,-120.87400054931641,CALAVERAS,UNINCORPORATED,-120.87401580810547,38.130344390869141
94875931,2025,2025-10-07,9255,2025-10-04,"230 ",016918,,6,3,9,0500,0,1,3,,2,040,SR-4,"PARROTS FERRY RD",380.00,E,N,A,-,Y,CAL,,4," "," ",26.152,H,,R,Y,3,0,1,1,A,-,08,22107,,N,E,I,A,A,H,-,D,D,0,,,,,Y,,A,07,0,1,0,0,0,0,0,0,0,"- ","- ",38.096179962158203,-120.47148132324219,CALAVERAS,UNINCORPORATED,-120.47152709960938,38.096183776855469
94879412,2025,2025-10-09,9255,2025-08-16,1020,019534,,6,1,9,0500,0,1,3,,1,010,"STATE ROUTE 12","CARMEL DRIVE",722.00,W,N,A,-,Y,CAL,,12," "," ",6.943,H,,R,Y,1,1,0,1,A,-,08,22107,,N,E,I,A,A,H,-,A,D,0,,,,,Y,,A,01,0,0,0,0,0,0,0,0,0,"- ","- ",38.18389892578125,-120.87888336181641,CALAVERAS,UNINCORPORATED,-120.87888336181641,38.183933258056641
94879644,2025,2025-11-13,9255,2025-10-03,1530,022955,,5,2,9,0500,0,1,3,,1,020,SR-49,"FOURTH CROSSING",600.00,S,N,B,-,Y,CAL,,49," "," ",13.919,H,,R,Y,3,0,1,2,A,-,05,21460,,N,B,C,A,A,H,-,A,D,0,,,,,Y,,A,07,0,1,0,0,0,0,0,0,0,"- ","- ",38.12908935546875,-120.63275909423828,CALAVERAS,UNINCORPORATED,-120.63275909423828,38.129093170166016
94883782,2025,2025-10-13,9255,2025-09-27,1903,023983,,6,2,9,0500,0,1,3,,1,010,SR-26,"GOLD CREEK DRIVE",100.00,E,N,A,-,Y,CAL,,26," "," ",9.385,H,,R,N,2,0,1,1,A,-,01,23152,A,N,F,A,A,A,H,-,D,D,0,,,Y,,Y,Y,C,02,1,0,0,0,0,0,0,0,1,"- ","- ",38.179389953613281,-120.83027648925781,CALAVERAS,UNINCORPORATED,-120.83025360107422,38.17938232421875
94883844,2025,2025-10-13,9255,2025-10-06,"738 ",024711,,1,1,9,0500,0,1,3,,1,021,SR-4,"ANGEL OAKS DR",8448.00,W,N,A,-,Y,CAL,,4," ",R,19.881,H,,R,Y,3,0,1,2,A,-,05,21650,,N,B,C,A,A,H,-,A,D,0,,,,,Y,,A,01,0,1,0,0,0,0,0,0,0,"- ","- ",38.072639465332031,-120.57636260986328,CALAVERAS,UNINCORPORATED,-120.57640075683594,38.072738647460938
94884315,2025,2025-10-27,9255,2025-10-04,2130,023983,,6,2,9,0500,0,1,3,,1,010,"WARREN ROAD","EVERGREEN RD",0.00,,Y,A,-,N,,,,,,,,,,Y,3,0,4,2,A,-,03,22350,,N,C,C,A,A,H,-,D,D,0,,,,,Y,,A,01,0,1,3,0,0,0,0,0,0,"- ","- ",38.133998870849609,-120.91348266601562,CALAVERAS,UNINCORPORATED,-120.91329956054688,38.133979797363281
94884375,2025,2025-10-13,9255,2025-10-08,1338,016918,,3,1,9,0500,0,1,3,,2,031,SR-26,"EALEY RD",340.00,E,N,A,-,Y,CAL,,26," "," ",28.073,H,,R,Y,3,0,1,1,A,-,08,22107,,N,F,A,A,A,H,-,A,D,0,,,,Y,Y,,F,26,0,1,0,0,0,0,0,0,0,"- ","- ",38.358039855957031,-120.57267761230469,CALAVERAS,UNINCORPORATED,-120.57272338867188,38.358062744140625
94884416,2025,2025-10-13,9255,2025-10-09,1341,016918,,4,1,9,0500,0,1,3,,2,030,SR-49,"POOL STATION RD",0.00,,Y,A,-,Y,CAL,,49," "," ",20.152,H,,R,Y,3,0,1,1,A,-,08,22107,,N,E,8,A,A,H,-,A,D,0,,,,,Y,,D,22,0,1,0,0,0,0,0,0,0,"- ","- ",38.201290130615234,-120.69268035888672,CALAVERAS,UNINCORPORATED,-120.6927490234375,38.201198577880859
94889201,2025,2025-10-16,9255,2025-10-05,"630 ",024711,,7,1,9,0500,0,3,5,,2,002,"CHEYENNE RD","BEAR CLAW WAY",528.00,S,N,A,-,N,,,,,,,,,,Y,3,0,1,1,A,-,01,23152,A,N,E,8,A,A,H,-,D,D,0,,,,,Y,Y,A,01,0,1,0,0,0,0,0,0,0,"- ","- ",37.944438934326172,-120.62954711914062,CALAVERAS,UNINCORPORATED,-120.62983703613281,37.944675445556641
94889959,2025,2025-10-16,9255,2025-10-03,1220,018318,,5,1,9,0500,0,1,3,,1,011,SR-26,"OLIVE BRANCH DRIVE",150.00,E,N,A,-,Y,CAL,,26," "," ",3.449,H,,R,Y,3,0,1,1,A,-,01,23152,A,N,E,I,A,A,H,-,A,D,0,,,,,Y,Y,A,01,0,1,0,0,0,0,0,0,0,"- ","- ",38.115810394287109,-120.89161682128906,CALAVERAS,UNINCORPORATED,-120.89161682128906,38.115764617919922
94890145,2025,2025-10-16,9255,2025-10-11,1330,018318,,6,1,9,0500,0,1,3,,1,011,SR-26,"MILTON ROAD",0.00,,Y,A,-,Y,CAL,,26," ",R,1.955,H,,R,Y,4,0,1,2,A,-,09,21804,A,N,D,C,A,A,H,-,A,A,0,,,,,Y,,A,01,0,0,1,0,0,0,0,0,0,"- ","- ",38.105800628662109,-120.90912628173828,CALAVERAS,UNINCORPORATED,-120.90915679931641,38.105815887451172
94890156,2025,2025-10-16,9255,2025-10-14,"930 ",021083,,2,1,9,0500,0,1,3,,1,011,SR-26,"OLIVE ORCHARD RD",1584.00,W,N,C,-,Y,CAL,,26," "," ",4.777,H,,R,Y,4,0,1,1,A,-,08,22107,,N,F,A,A,B,H,-,A,D,0,,,,,Y,,D,22,0,0,1,0,0,0,0,0,0,"- ","- ",38.126659393310547,-120.87492370605469,CALAVERAS,UNINCORPORATED,-120.87496185302734,38.126663208007812
94895650,2025,2025-10-21,9255,2025-10-07,"930 ",024711,,2,1,9,0500,0,1,3,,2,030,SR-49,"MOUNTAIN RANCH RD",0.00,,Y,A,-,Y,CAL,,49," "," ",18.791,H,,R,Y,3,0,1,2,A,-,09,21802,A,N,D,C,A,A,H,-,A,A,0,,,,,Y,,A,01,0,1,0,0,0,0,0,0,0,"- ","- ",38.189098358154297,-120.67446899414062,CALAVERAS,UNINCORPORATED,-120.67447662353516,38.189098358154297
94895962,2025,2025-10-21,9255,2025-10-12,1715,015872,,7,2,9,0500,0,3,5,,2,003,"MICHEL RD","OLD GULCH ROAD",1700.00,W,N,A,-,N,,,,,,,,,,Y,3,0,1,2,A,-,01,23152,A,N,A,C,A,A,H,-,A,D,0,,,,,Y,Y,A,01,0,1,0,0,0,0,0,0,0,"- ","- ",38.195140838623047,-120.57621002197266,CALAVERAS,UNINCORPORATED,-120.57570648193359,38.195049285888672
94895996,2025,2025-10-21,9255,2025-10-14,"500 ",020563,,2,3,9,0500,0,1,3,,1,020,SR-49,"RED HILL ROAD",3500.00,S,N,C,-,Y,CAL,,49," "," ",3.451,H,,R,Y,3,0,1,1,A,-,03,22350,,N,E,I,A,B,H,-,D,D,0,,,,,Y,,A,01,0,1,0,0,0,0,0,0,0,"- ","- ",38.027591705322266,-120.50691986083984,CALAVERAS,UNINCORPORATED,-120.50698852539062,38.027660369873047
94896751,2025,2025-10-22,9255,2025-10-20,1200,019643,,1,1,9,0500,0,3,5,,2,005,"MORAN ROAD","LOVE CREEK RD",1056.00,W,N,A,-,N,,,,,,,,,,Y,3,0,1,1,A,-,08,22107,,N,E,I,A,A,H,-,A,D,0,,,,,Y,,D,22,0,1,0,0,0,0,0,0,0,"- ","- ",38.216648101806641,-120.35893249511719,CALAVERAS,UNINCORPORATED,-120.36001586914062,38.215499877929688
94903969,2025,2025-10-28,9255,2025-10-06,1309,024711,,1,1,9,0500,0,1,3,,1,010,SR-12,"CENTRAL HILL RD",8448.00,W,N,A,-,Y,CAL,,12," "," ",15.963,H,,R,Y,2,0,2,1,A,-,08,22107,,N,F,A,A,A,H,-,A,D,0,,,,,Y,,D,22,2,0,0,0,0,0,0,0,0,"- ","- ",38.205718994140625,-120.72881317138672,CALAVERAS,UNINCORPORATED,-120.72882843017578,38.20562744140625
94904013,2025,2025-10-28,9255,2025-10-11,1935,021781,,6,2,9,0500,0,3,5,,2,001,"MILTON RD","LANFORD PACHECO RD",3168.00,S,N,A,-,N,,,,,,,,,,N,4,0,1,1,A,-,01,23152,A,N,E,I,A,A,H,-,A,D,0,,,,,Y,Y,D,22,0,0,1,0,0,0,0,0,0,"- ","- ",38.070690155029297,-120.86601257324219,CALAVERAS,UNINCORPORATED,-120.86667633056641,38.070991516113281
94904610,2025,2025-10-28,9255,2025-10-19,1115,024711,,7,1,9,0500,0,3,5,,2,001,"VISTA DEL LAGO DR","GREENBRIAR RD",0.00,,Y,A,-,N,,,,,,,,,,N,4,0,1,2,A,-,09,21802,A,N,D,C,A,A,H,-,A,A,0,,,,,Y,,A,07,0,0,1,0,0,0,0,0,0,"- ","- ",38.166419982910156,-120.83563995361328,CALAVERAS,UNINCORPORATED,-120.83686828613281,38.167102813720703
94906456,2025,2025-10-29,9255,2025-10-20,1700,015872,,1,2,9,0500,0,1,3,,2,030,SR-49,"SPORT HILL ROAD",1584.00,N,N,A,-,Y,CAL,,49," ",R,26.596,H,,R,Y,3,0,1,2,C,-,18,,,N,H,H,A,A,H,-,A,D,0,,,Y,,Y,,-,"- ",0,1,0,0,0,0,0,0,1,"- ","- ",38.28363037109375,-120.70845794677734,CALAVERAS,UNINCORPORATED,-120.70849609375,38.283634185791016
94907665,2025,2025-10-30,9255,2025-10-19,2040,016918,,7,2,9,0500,0,1,3,,2,050,SR-4,"COUNTRY CLUB DR",80.00,W,N,A,-,Y,CAL,,4," "," ",40.280,H,,R,N,2,0,1,2,A,-,11,21954,A,N,G,B,D,A,H,-,D,D,0,Y,,,,Y,,N,60,1,0,0,0,1,0,0,0,0,"- ","- ",38.242111206054688,-120.36122131347656,CALAVERAS,UNINCORPORATED,-120.3612060546875,38.242103576660156
94908007,2025,2025-10-30,9255,2025-10-26,1237,021083,,7,1,9,0500,0,1,3,,1,010,SR-12,"PINE ST",1056.00,W,N,A,-,Y,CAL,,12," "," ",9.614,H,,R,Y,3,0,1,1,A,-,08,22107,,N,F,A,A,A,H,-,A,D,0,,,Y,,Y,,C,02,0,1,0,0,0,0,0,0,1,"- ","- ",38.187839508056641,-120.83217620849609,CALAVERAS,UNINCORPORATED,-120.83219909667969,38.187870025634766
94909041,2025,2025-10-30,9255,2025-10-09,1115,022429,,4,1,9,0500,0,3,5,,2,005,SR-4,"OTTAWA DR",1373.00,W,N,A,-,Y,CAL,,4," "," ",48.143,H,,R,N,4,0,1,1,C,-,18,,,N,H,H,A,A,H,-,A,D,0,,,,,Y,,-,"- ",0,0,1,0,0,0,0,0,0,"- ","- ",38.31317138671875,-120.27203369140625,CALAVERAS,UNINCORPORATED,-120.27201080322266,38.313140869140625
94909237,2025,2025-10-30,9255,2025-10-17,1540,021781,,5,2,9,0500,0,3,5,,2,003,"MILLER RANCH RD","SWISS RANCH RD",1056.00,N,N,A,-,N,,,,,,,,,,N,4,0,1,2,A,-,05,21650,,N,A,C,A,A,B,-,A,D,0,,,,,Y,,-,"- ",0,0,1,0,0,0,0,0,0,"- ","- ",38.266681671142578,-120.47380828857422,CALAVERAS,UNINCORPORATED,-120.47470092773438,38.267463684082031
94909409,2025,2026-01-22,9255,2025-10-17,1416,018318,,5,2,9,0500,0,1,3,,1,010,SR-12,"LIME CREEK",1584.00,E,N,A,-,Y,CAL,,12," "," ",11.842,H,,R,N,4,0,1,3,A,-,03,22350,,N,C,C,A,A,H,-,A,D,0,,,,,Y,,A,01,0,0,1,0,0,0,0,0,0,"- ","- ",38.200469970703125,-120.79667663574219,CALAVERAS,UNINCORPORATED,-120.79665374755859,38.200454711914062
94909423,2025,2025-10-31,9255,2025-10-29,1405,021083,,3,2,9,0500,0,1,3,,2,030,SR-49,SR-12,1584.00,N,N,A,-,Y,CAL,,49," ",R,20.751,H,,R,N,4,0,1,2,A,-,03,22350,,N,C,C,A,A,H,-,A,D,0,,,,,Y,,A,01,0,0,1,0,0,0,0,0,0,"- ","- ",38.208358764648438,-120.69715118408203,CALAVERAS,UNINCORPORATED,-120.69719696044922,38.208358764648438
94915889,2025,2025-11-13,9255,2025-10-25,1905,022429,,6,2,9,0500,0,3,5,,2,005,"RT 4","AVERY HOTEL RD",200.00,E,N,A,-,Y,CAL,,4," "," ",37.592,H,,R,N,4,0,2,1,C,-,18,,,N,H,H,A,A,H,-,D,D,0,,,,,Y,,-,"- ",0,0,2,0,0,0,0,0,0,"- ","- ",38.206329345703125,-120.36895751953125,CALAVERAS,UNINCORPORATED,-120.36901092529297,38.206340789794922
94919287,2025,2025-11-13,9255,2025-11-05,1435,016918,,3,2,9,0500,0,3,5,,2,001,"HARTVICKSON LANE","CANE LANE",37.00,S,N,A,-,N,,,,,,,,,,N,2,0,1,1,A,-,08,22107,,N,E,8,A,A,H,-,A,D,0,,,,,Y,,A,01,1,0,0,0,0,0,0,0,0,"- ","- ",38.140621185302734,-120.84445953369141,CALAVERAS,UNINCORPORATED,-120.84444427490234,38.140632629394531
94919810,2025,2025-11-11,9255,2025-11-01,"805 ",018318,,6,1,9,0500,0,1,3,,1,011,SR-26,"HEINEMANN DR",300.00,E,N,A,-,Y,CAL,,26," "," ",7.208,H,,R,Y,3,0,1,1,A,-,08,22107,,N,E,8,A,A,H,-,A,D,0,,,,,Y,,A,01,0,1,0,0,0,0,0,0,0,"- ","- ",38.155818939208984,-120.85205841064453,CALAVERAS,UNINCORPORATED,-120.85206604003906,38.15582275390625
94928651,2025,2025-11-13,9255,2025-11-05,1430,022178,,3,2,9,0500,0,3,5,,2,001,"HENEY LANE","GALLIUS LN",160.00,N,N,B,-,N,,,,,,,,,,Y,2,0,1,1,A,-,08,22107,,N,E,I,A,B,H,-,A,D,0,,,,,Y,,A,07,1,0,0,0,0,0,0,0,0,"- ","- ",38.163471221923828,-120.85401153564453,CALAVERAS,UNINCORPORATED,-120.85614013671875,38.166130065917969
94928694,2025,2025-11-13,9255,2025-11-08,1620,021781,,6,2,9,0500,0,1,3,,1,021,SR-4,"POOL STATION RD",300.00,W,N,A,-,Y,CAL,,4," ",R,14.622,H,,R,N,2,0,1,1,A,-,08,22107,,N,F,A,A,A,H,-,A,D,0,,,,,Y,,A,07,1,0,0,0,0,0,0,0,0,"- ","- ",38.043308258056641,-120.64720153808594,CALAVERAS,UNINCORPORATED,-120.64725494384766,38.043315887451172
94935566,2025,2025-11-18,9255,2025-11-12,1245,024869,,3,1,9,0500,0,1,3,,2,030,"MOUNTAIN RANCH ROAD","ROCKY RD",310.00,E,N,A,-,Y,,,,,,,,,,Y,4,0,1,1,A,-,08,22107,,N,E,I,A,A,H,-,A,D,0,,,,,Y,,A,01,0,0,1,0,0,0,0,0,0,"- ","- ",38.190101623535156,-120.61151885986328,CALAVERAS,UNINCORPORATED,-120.61166381835938,38.190021514892578
94935766,2025,2025-11-18,9255,2025-11-13,"959 ",017324,,4,1,9,0500,0,1,3,,1,020,"STATE ROUTE 49","CARSON HILL",5280.00,S,N,C,-,Y,CAL,,49," "," ",3.878,H,,R,Y,4,0,1,1,A,-,08,22107,,N,E,I,A,B,H,-,A,D,0,,,,,Y,,A,01,0,0,1,0,0,0,0,0,0,"- ","- ",38.033668518066406,-120.50643920898438,CALAVERAS,UNINCORPORATED,-120.50646209716797,38.033664703369141
94935775,2025,2025-11-18,9255,2025-11-14,1425,021781,,5,2,9,0500,0,1,3,,1,020,SR-49,"RED HILL RD",6864.00,S,N,A,-,Y,CAL,,49," "," ",2.747,H,,R,N,4,0,1,2,A,-,03,22350,,N,A,C,A,A,H,-,A,D,0,,,,,Y,,A,01,0,0,1,0,0,0,0,0,0,"- ","- ",38.021400451660156,-120.51242828369141,CALAVERAS,UNINCORPORATED,-120.51243591308594,38.021404266357422
94941715,2025,2025-11-21,9255,2025-11-07,1630,021781,,5,2,9,0500,0,1,3,,1,010,SR-12,"DOUBLE SPRINGS RD",2640.00,W,N,A,-,Y,CAL,,12," "," ",14.904,H,,R,N,4,0,1,2,A,-,03,22350,,N,C,C,A,A,H,-,A,D,0,,,,,Y,,A,01,0,0,1,0,0,0,0,0,0,"- ","- ",38.210971832275391,-120.7454833984375,CALAVERAS,UNINCORPORATED,-120.74549865722656,38.210956573486328
94941725,2025,2025-11-21,9255,2025-11-02,"240 ",022955,,7,3,9,0500,0,1,3,,2,040,"STATE ROUTE 4","PARROTS FERRY RD",440.00,E,N,A,-,Y,CAL,,4," "," ",26.189,H,,R,Y,3,0,1,1,A,-,01,23152,A,N,E,8,A,A,H,-,D,D,0,,,,,Y,Y,A,07,0,1,0,0,0,0,0,0,0,"- ","- ",38.096710205078125,-120.47138214111328,CALAVERAS,UNINCORPORATED,-120.47142028808594,38.096714019775391
94945356,2025,2025-11-24,9255,2025-11-19,2125,022955,,3,2,9,0500,0,3,5,,2,002,"CHEYENNE RD","CANOE ST",50.00,E,N,A,-,N,,,,,,,,,,Y,3,0,1,1,A,-,08,22107,,N,E,I,A,A,H,-,D,D,0,,,,,Y,,A,01,0,1,0,0,0,0,0,0,0,"- ","- ",37.952419281005859,-120.63230133056641,CALAVERAS,UNINCORPORATED,-120.63265991210938,37.952796936035156
94949458,2025,2025-11-26,9255,2025-11-24,1755,021083,,1,2,9,0500,0,3,5,,2,001,"SHELTON RD","STONE CORRAL COURT",1056.00,S,N,A,-,N,,,,,,,,,,N,4,0,1,1,A,-,03,22350,,N,H,H,A,A,H,-,D,D,0,,,,,Y,,A,07,0,0,1,0,0,0,0,0,0,"- ","- ",38.096920013427734,-120.92646789550781,CALAVERAS,UNINCORPORATED,-120.92646026611328,38.096099853515625
94949478,2025,2025-11-26,9255,2025-11-18,"532 ",024869,,2,3,9,0500,0,1,3,,2,030,SR-49,"CAROL KENNEDY RD",540.00,S,N,E,-,N,,,,,,,,,,N,4,0,1,2,A,-,11,21954,A,N,G,B,D,B,H,-,D,D,0,Y,,,,Y,,N,60,0,0,1,0,1,0,0,0,0,"- ","- ",38.144641876220703,-120.63775634765625,CALAVERAS,UNINCORPORATED,-120.63782501220703,38.144699096679688
94949486,2025,2025-11-26,9255,2025-11-18,"534 ",024869,,2,3,9,0500,0,1,3,,2,030,SR-49,"CAROL KENNEDY RD",540.00,S,N,E,-,N,,,,,,,,,,N,2,0,1,2,C,-,18,,,N,G,B,E,B,H,-,D,D,0,Y,,,,Y,,-,"- ",1,0,0,0,1,0,0,0,0,"- ","- ",38.144641876220703,-120.63775634765625,CALAVERAS,UNINCORPORATED,-120.63782501220703,38.144699096679688
94949495,2025,2025-11-26,9255,2025-11-16,1858,021083,,7,2,9,0500,0,1,3,,2,030,SR-49,"CEMENT PLANT ROAD",100.00,N,N,B,-,Y,CAL,,49," "," ",16.728,H,,R,Y,4,0,2,1,A,-,01,23152,A,N,E,I,A,A,H,-,D,D,0,,,,,Y,Y,D,22,0,0,2,0,0,0,0,0,0,"- ","- ",38.165729522705078,-120.65155792236328,CALAVERAS,UNINCORPORATED,-120.65155792236328,38.165729522705078
94949502,2025,2025-11-26,9255,2025-11-21,"910 ",018318,,5,1,9,0500,0,1,3,,2,031,SR-26,"LOWER DORRAY ROAD",500.00,E,N,A,-,Y,CAL,,26," "," ",24.887,H,,R,Y,2,0,1,1,A,-,08,22107,,N,E,I,A,A,H,-,A,D,0,,,,,Y,,D,22,1,0,0,0,0,0,0,0,0,"- ","- ",38.339908599853516,-120.60906982421875,CALAVERAS,UNINCORPORATED,-120.60906982421875,38.33990478515625
94952241,2025,2025-12-01,9255,2025-11-15,1008,018318,,6,1,9,0500,0,1,3,,1,011,SR-26,"GARNER PL",0.00,,Y,A,-,Y,CAL,,26," "," ",5.088,H,,R,Y,3,0,5,2,A,-,09,21802,A,N,D,2,A,A,H,-,A,A,0,,,,,Y,,A,08,0,3,2,0,0,0,0,0,0,"- ","- ",38.130901336669922,-120.87387084960938,CALAVERAS,UNINCORPORATED,-120.87370300292969,38.130821228027344
94952296,2025,2025-12-01,9255,2025-11-08,2100,022955,,6,2,9,0500,0,1,3,,2,030,"RT 49","CEMENT PLANT RD",480.00,N,N,A,-,Y,CAL,,49," "," ",16.555,H,,R,Y,3,0,2,1,A,-,08,22107,,N,E,8,A,A,H,-,D,D,0,,,,,Y,,A,01,0,2,0,0,0,0,0,0,0,"- ","- ",38.163471221923828,-120.65020751953125,CALAVERAS,UNINCORPORATED,-120.65020751953125,38.163471221923828
94952297,2025,2025-12-01,9255,2025-11-21,1820,023983,,5,2,9,0500,0,2,4,,2,042,"PARROTS FERRY RD","CONFLUENCE LANE",230.00,N,N,A,-,N,,,,,,,,,,Y,4,0,1,1,A,-,08,22107,,N,E,I,A,A,H,-,D,A,0,,,,,Y,,A,01,0,0,1,0,0,0,0,0,0,"- ","- ",38.082298278808594,-120.45967102050781,CALAVERAS,UNINCORPORATED,-120.45960235595703,38.082275390625
94952336,2025,2025-12-01,9255,2025-11-15,2120,023983,,6,2,9,0500,0,3,5,,2,002,"APPALOOSA ROAD","BUCKSKIN ROAD",40.00,N,N,C,-,N,,,,,,,,,,Y,3,0,1,2,A,-,01,23152,A,N,B,C,A,B,H,-,D,D,0,,,,,Y,Y,A,01,0,1,0,0,0,0,0,0,0,"- ","- ",38.042869567871094,-120.62801361083984,CALAVERAS,UNINCORPORATED,-120.62812805175781,38.043159484863281
94958181,2025,2025-12-04,9255,2025-11-26,1108,024869,,3,1,9,0500,0,1,3,,1,021,SR-4,"OBYRNES FERRY ROAD",0.00,,Y,A,-,Y,CAL,,4," ",R,8.146,H,,R,Y,3,0,3,2,A,-,09,21802,A,N,D,C,A,A,H,-,A,A,0,,,,,Y,,A,01,0,3,0,0,0,0,0,0,0,"- ","- ",37.9833984375,-120.64543914794922,CALAVERAS,UNINCORPORATED,-120.64543914794922,37.9833984375
94962522,2025,2025-12-08,9255,2025-11-22,1600,022178,,6,2,9,0500,0,3,5,,2,003,"RAILROAD FLAT RD","DOE RD",35.00,N,N,A,-,N,,,,,,,,,,Y,1,1,1,2,A,-,09,21804,A,N,D,C,A,A,H,-,A,D,0,,,,,Y,,A,01,0,0,1,0,0,0,0,0,0,"- ","- ",38.3094482421875,-120.51358795166016,CALAVERAS,UNINCORPORATED,-120.51329040527344,38.3094482421875
94971980,2025,2025-12-15,9255,2025-12-01,1644,021083,,1,2,9,0500,0,1,3,,2,030,SR-49,SR-12,0.00,,Y,A,-,Y,CAL,,49," ",R,20.503,H,,R,Y,4,0,1,2,A,-,09,21802,A,N,D,C,A,A,H,-,D,D,0,,,,,Y,,A,01,0,0,1,0,0,0,0,0,0,"- ","- ",38.204948425292969,-120.69737243652344,CALAVERAS,UNINCORPORATED,-120.69734191894531,38.204940795898438
94972383,2025,2025-12-15,9255,2025-12-10,1900,020563,,3,2,9,0500,0,1,3,,2,040,SR4,"DARBY RUSSELL RD",650.00,E,N,A,-,Y,CAL,,4," "," ",35.122,H,,R,Y,4,0,3,1,C,-,18,,,N,H,H,A,A,H,-,D,D,0,,,,,Y,,-,"- ",0,0,3,0,0,0,0,0,0,"- ","- ",38.179771423339844,-120.38147735595703,CALAVERAS,UNINCORPORATED,-120.38143920898438,38.179763793945312
94972819,2025,2025-12-15,9255,2025-12-02,1813,019643,,2,2,9,0500,0,3,5,,2,001,"SOUTH BURSON RD","WARREN RD",1056.00,N,N,A,-,N,,,,,,,,,,Y,2,0,1,2,A,-,01,23152,A,N,A,C,A,A,H,-,D,D,0,,,,,Y,Y,A,07,1,0,0,0,0,0,0,0,0,"- ","- ",38.133960723876953,-120.89994812011719,CALAVERAS,UNINCORPORATED,-120.900390625,38.133953094482422
94975866,2025,2025-12-17,9255,2025-11-26,2230,019246,,3,3,9,0500,0,2,4,,2,034,"MOUNTAIN RANCH RD","ROCKY RD",2534.00,E,N,B,-,N,,,,,,,,,,Y,4,0,1,1,C,-,18,,,N,H,H,A,A,H,-,D,D,0,,,,,Y,,-,"- ",0,0,1,0,0,0,0,0,0,"- ","- ",38.1905517578125,-120.6038818359375,CALAVERAS,UNINCORPORATED,-120.60405731201172,38.190528869628906
94976564,2025,2025-12-17,9255,2025-12-12,1420,016918,,5,2,9,0500,0,2,4,,2,034,"RAILROAD FLAT RD","SANDY GULCH RD",0.00,,Y,A,-,N,,,,,,,,,,Y,3,0,1,2,A,-,09,21801,A,N,D,C,A,A,H,-,A,D,0,,,,,Y,,A,01,0,1,0,0,0,0,0,0,0,"- ","- ",38.384189605712891,-120.52601623535156,CALAVERAS,UNINCORPORATED,-120.52603149414062,38.384181976318359
94976575,2025,2025-12-17,9255,2025-12-13,1221,016918,,6,1,9,0500,0,1,3,,2,031,SR-26,"HIGDON RD",1130.00,E,N,A,-,Y,CAL,,26," "," ",37.126,H,,R,Y,3,0,3,2,A,-,05,21460,A,N,A,C,A,A,H,-,A,D,0,,,,,Y,,D,22,0,3,0,0,0,0,0,0,0,"- ","- ",38.412929534912109,-120.55606842041016,CALAVERAS,UNINCORPORATED,-120.55608367919922,38.412937164306641
94979435,2025,2025-12-19,9255,2025-12-18,"845 ",018318,,4,1,9,0500,0,1,3,,1,010,SR-12,"PETTINGER ROAD",0.00,,Y,B,-,Y,CAL,,12," "," ",4.762,H,,R,Y,4,0,1,2,A,-,09,21804,A,N,D,C,A,A,H,-,A,D,0,,,,,Y,,A,01,0,0,1,0,0,0,0,0,0,"- ","- ",38.179050445556641,-120.91799163818359,CALAVERAS,UNINCORPORATED,-120.91798400878906,38.179031372070312
94979437,2025,2025-12-19,9255,2025-12-12,1951,024869,,5,2,9,0500,0,1,3,,2,030,SR-49,"GOLD RUSH LANE",617.00,N,N,E,-,Y,CAL,,49," "," ",29.280,H,,R,Y,3,0,1,2,A,-,09,21801,A,N,A,C,A,B,H,-,D,D,0,,,,,Y,,D,22,0,1,0,0,0,0,0,0,0,"- ","- ",38.299320220947266,-120.73300933837891,CALAVERAS,UNINCORPORATED,-120.73300933837891,38.299320220947266
94985633,2025,2025-12-24,9255,2025-12-17,1423,016918,,3,2,9,0500,0,1,3,,1,011,SR-26,"SILVER RAPIDS RD",1660.00,E,N,A,-,Y,CAL,,26," "," ",7.961,H,,R,N,3,0,1,2,A,-,03,22350,,N,C,C,A,A,H,-,A,D,0,,,,,Y,,E,22,0,1,0,0,0,0,0,0,0,"- ","- ",38.162651062011719,-120.84313201904297,CALAVERAS,UNINCORPORATED,-120.84310913085938,38.162647247314453
94985673,2025,2025-12-24,9255,2025-12-18,1315,022178,,4,1,9,0500,0,3,5,,2,003,"RIDGE ROAD","INDEPENDENCE RD",730.00,W,N,B,-,N,,,,,,,,,,Y,3,0,1,1,A,-,16,24002,A,N,E,I,A,A,H,-,A,D,0,,,,,Y,,D,22,0,1,0,0,0,0,0,0,0,"- ","- ",38.343128204345703,-120.57602691650391,CALAVERAS,UNINCORPORATED,-120.57633972167969,38.343109130859375
94985676,2025,2025-12-24,9255,2025-12-20,1550,020513,,6,2,9,0500,0,3,5,,2,004,"PARROTTS FERRY RD","MOANING CAVE RD",4200.00,S,N,B,-,N,,,,,,,,,,Y,2,0,1,2,A,-,05,21460,A,N,A,C,A,B,H,-,A,D,0,,,,,Y,,A,07,1,0,0,0,0,0,0,0,0,"- ","- ",38.069438934326172,-120.461181640625,CALAVERAS,UNINCORPORATED,-120.46117401123047,38.069480895996094
94987471,2025,2025-12-26,9255,2025-12-22,"650 ",021781,,1,1,9,0500,0,3,5,,2,001,"PETTINGER RD",SR-12,3960.00,S,N,A,-,N,,,,,,,,,,N,2,0,1,1,A,-,08,22107,,N,E,I,A,A,H,-,A,D,0,,,,,Y,,D,22,1,0,0,0,0,0,0,0,0,"- ","- ",38.169521331787109,-120.91831207275391,CALAVERAS,UNINCORPORATED,-120.91824340820312,38.168193817138672
94991699,2025,2025-12-30,9255,2025-12-22,1243,024711,,1,1,9,0500,0,1,3,,2,030,SR-49,"BIG BAR RD",5808.00,N,N,B,-,Y,CAL,,49," "," ",29.745,H,,R,Y,3,0,1,2,A,-,05,21460,,N,C,C,A,B,H,-,A,D,0,,,,,Y,,D,22,0,1,0,0,0,0,0,0,0,"- ","- ",38.303539276123047,-120.73121643066406,CALAVERAS,UNINCORPORATED,-120.73121643066406,38.303539276123047
94993616,2025,2025-12-31,9255,2025-12-21,2230,020563,,7,3,9,0500,0,2,4,,2,034,SR-26,"HUMBUG CREEK RD",7920.00,E,N,B,C,Y,CAL,,26," "," ",29.508,H,,R,N,4,0,1,1,A,-,03,22350,,M,E,I,A,B,H,-,D,D,0,,,,,Y,,A,01,0,0,1,0,0,0,0,0,0,"- ","- ",38.367458343505859,-120.55458068847656,CALAVERAS,UNINCORPORATED,-120.55457305908203,38.367485046386719
95000585,2025,2026-01-06,9255,2025-12-27,1015,018318,,6,1,9,0500,0,1,3,,2,050,SR-4,"BEATRICE DRIVE",2640.00,E,N,A,-,Y,,,,,,,,,,N,3,0,1,1,A,-,08,22107,,N,F,A,A,C,H,-,A,D,0,,,,,Y,,D,22,0,1,0,0,0,0,0,0,0,"- ","- ",38.361820220947266,-120.20459747314453,CALAVERAS,UNINCORPORATED,-120.20556640625,38.360664367675781
95008819,2025,2026-01-12,9255,2025-12-27,2140,023253,,6,2,9,0500,0,3,5,,2,004,"SIX MILE ROAD","VALLECITO BLUFFS ROAD",528.00,S,N,A,-,N,,,,,,,,,,Y,4,0,1,1,A,-,01,23152,A,N,E,I,A,A,H,-,D,D,0,,,,,Y,Y,A,01,0,0,1,0,0,0,0,0,0,"- ","- ",38.110561370849609,-120.47756958007812,CALAVERAS,UNINCORPORATED,-120.47640228271484,38.111392974853516
95021142,2025,2026-01-20,9255,2025-12-17,1810,022178,,3,2,9,0500,0,1,3,,2,030,SR-49,"CAROL KENNEDY RD",2270.00,N,N,B,-,Y,CAL,,49," "," ",15.596,H,,R,Y,1,1,1,2,A,-,05,21460,,N,A,C,A,B,H,-,D,D,0,,,,,Y,,A,07,1,0,0,0,0,0,0,0,0,"- ","- ",38.151710510253906,-120.64212799072266,CALAVERAS,UNINCORPORATED,-120.64207458496094,38.151718139648438
95023346,2025,2026-01-21,9255,2025-12-24,1615,021083,,3,2,9,0500,0,3,5,,2,001,"WATERTOWN RD","CAMPO SECO RD",1056.00,S,N,B,C,N,,,,,,,,,,Y,3,0,1,1,A,-,01,23152,A,N,E,I,A,B,H,-,A,D,0,,,,,Y,Y,A,01,0,1,0,0,0,0,0,0,0,"- ","- ",38.225830078125,-120.83474731445312,CALAVERAS,UNINCORPORATED,-120.83485412597656,38.225902557373047
9546830,2022,2023-02-22,0501,2022-08-19,0620,247,0501,5,5,2,0501,0,0,0,,0,,"MURPHYS GRADE RD","ROLLERI BYP",1000.00,E,N,A,-,N,,,,,,,,,,N,3,0,1,2,A,-,06,21760,,F,B,G,A,A,H,-,A,D,0,,Y,,,Y,Y,-,,0,1,0,0,0,0,1,0,0,"- ","- ",,,CALAVERAS,"ANGELS CAMP",-120.53764343261719,38.088390350341797
9547133,2022,2023-02-27,0501,2022-09-01,0746,247,0501,4,5,2,0501,0,0,0,,0,,"RT 49","STANISLAUS AV",0.00,,Y,A,-,Y,CAL,10,49,-,-,8.070,I,5,S,N,4,0,1,2,A,-,21,22106,,N,B,B,B,A,H,-,A,A,0,Y,,,,Y,Y,D,22,0,0,1,0,1,0,0,0,0,"- ","- ",,,CALAVERAS,"ANGELS CAMP",-120.55030059814453,38.077255249023438
9547141,2022,2023-02-27,0501,2022-10-14,1325,247,0501,5,5,2,0501,0,0,0,,0,,"RT 49","STOCKTON RD",83.00,N,N,A,-,Y,CAL,10,49,-,-,8.470,H,-,N,Y,2,0,1,2,A,-,09,21804,A,N,D,C,A,A,H,-,A,D,0,,,,,Y,,D,22,1,0,0,0,0,0,0,0,0,"- ","- ",,,CALAVERAS,"ANGELS CAMP",-120.55606842041016,38.080486297607422
9547145,2022,2023-02-27,0501,2022-09-15,1139,247,0501,4,5,2,0501,0,0,0,,0,,"RT 49","CENTENNIAL LN",73.00,S,N,A,-,Y,CAL,10,49,-,-,6.640,H,-,N,N,4,0,1,2,A,-,08,22107,,N,D,C,A,A,H,-,A,D,0,,,,,Y,,A,01,0,0,1,0,0,0,0,0,0,"- ","- ",,,CALAVERAS,"ANGELS CAMP",-120.53670501708984,38.060703277587891
9548583,2022,2023-02-27,0501,2022-07-14,1136,47,0501,4,5,2,0501,0,0,0,,0,,"RT 49","RT 4",132.00,S,N,A,-,Y,CAL,10,49,-,-,8.630,H,-,N,N,4,0,1,2,A,-,03,22350,,M,C,C,A,A,H,-,A,A,0,,,,,Y,,A,07,0,0,1,0,0,0,0,0,0,"- ","- ",,,CALAVERAS,"ANGELS CAMP",-120.55833435058594,38.082126617431641
9554715,2023,2023-03-15,0501,2023-02-18,1555,247,0501,6,5,2,0501,0,0,0,,0,,"RT 49","LEE LN",33.00,N,N,A,-,Y,CAL,10,49,-,-,8.180,H,-,N,Y,3,0,1,3,A,-,03,22350,,N,C,E,A,A,H,-,A,D,0,,,,,Y,,A,01,0,1,0,0,0,0,0,0,0,"- ","- ",,,CALAVERAS,"ANGELS CAMP",-120.55220031738281,38.078311920166016
9556964,2023,2023-04-27,0501,2023-03-31,"804 ",251,,5,5,2,0501,0,0,0,,0,,"RT 49","DOGTOWN RD",818.00,N,N,A,-,Y,CAL,10,49,-,-,8.720,I,5,S,Y,3,0,1,2,A,-,09,21804,A,N,D,C,A,A,H,-,A,A,0,,,,,Y,,A,01,0,1,0,0,0,0,0,0,0,"- ","- ",,,CALAVERAS,"ANGELS CAMP",-120.55952453613281,38.0830078125
9568968,2023,2023-06-13,0501,2023-04-16,"405 ",238,0501,7,5,2,0501,0,0,0,,0,,"DOGTOWN RD","NORTH MAIN ST",0.00,,Y,A,-,Y,CAL,10,49,-,-,8.720,I,5,N,Y,3,0,1,2,A,-,09,21801,A,N,A,C,A,A,H,-,A,A,0,,,Y,,Y,,A,01,0,1,0,0,0,0,0,0,1,"- ","- ",,,CALAVERAS,"ANGELS CAMP",-120.55949401855469,38.083049774169922
9656676,2023,2024-03-01,0501,2023-12-05,"805 ",AC218,D,2,5,2,0501,0,0,0,,0,00B,"NORTH MAIN ST","CLIFTON LN",0.00,,Y,A,-,Y,CAL,10,49,-,-,8.840,I,5,S,Y,3,0,3,2,A,-,03,22350,,N,C,C,A,A,H,-,A,D,0,,,,,Y,,A,07,0,1,2,0,0,0,0,0,0,"- ","- ",38.08428955078125,-120.56149291992188,CALAVERAS,"ANGELS CAMP",-120.56150054931641,38.084255218505859
9661764,2024,2024-05-09,0501,2024-01-12,1429,AC218,PD,5,5,2,0501,0,0,0,,0,00B,"BRAGG ST","RT 49",5.00,E,N,A,-,Y,CAL,10,49,-,-,7.680,I,5,S,Y,2,0,1,1,A,-,03,22350,,N,E,J,A,A,H,-,A,D,0,,,Y,,Y,,C,02,1,0,0,0,0,0,0,0,1,"- ","- ",38.074241638183594,-120.54416656494141,CALAVERAS,"ANGELS CAMP",-120.54408264160156,38.074172973632812
9662565,2024,2024-03-01,0501,2024-01-03,1836,AC247,PD,3,5,2,0501,0,0,0,,0,00B,"RT 49","RT 4",20.00,N,N,A,-,Y,CAL,10,49,-,-,8.680,H,-,S,N,4,0,4,2,A,-,21,22106,,N,C,C,A,B,H,-,C,A,0,,,,,Y,,A,01,0,0,4,0,0,0,0,0,0,"- ","- ",38.08251953125,-120.55885314941406,CALAVERAS,"ANGELS CAMP",-120.55901336669922,38.082607269287109
9675174,2024,2024-05-17,0501,2024-01-23,1441,AC218,PD,2,5,2,0501,0,0,0,,0,00B,"RT 49","LEE LN",271.00,N,N,A,-,Y,CAL,10,49,-,-,8.220,H,-,S,N,4,0,1,2,A,-,03,22350,,N,C,C,A,A,H,-,A,D,0,,,,,Y,,D,22,0,0,1,0,0,0,0,0,0,"- ","- ",38.078468322753906,-120.5526123046875,CALAVERAS,"ANGELS CAMP",-120.55280303955078,38.078563690185547
9804171,2025,2025-06-19,0501,2025-04-02,"831 ",AC255,11,3,5,2,0501,0,0,0,,0,00B,"RT 4","RT 49",5597.00,E,N,A,-,Y,CAL,10,4,-,R,22.170,H,-,E,Y,2,0,1,2,A,-,08,22107,,N,A,D,A,A,H,-,A,D,0,,,,Y,Y,,A,07,1,0,0,0,0,0,0,0,0,"- ","- ",38.079410552978516,-120.55435943603516,CALAVERAS,"ANGELS CAMP",-120.54127502441406,38.082866668701172
9807932,2025,2025-06-13,0501,2025-05-03,1716,AC247,PD,6,5,2,0501,0,0,0,,0,00B,"RT 49","DEMERST ST",0.00,,Y,A,-,Y,CAL,10,49,-,-,8.330,I,5,S,N,3,0,3,2,A,-,12,21453,,N,A,C,A,A,H,-,A,A,0,,,,,Y,,A,01,0,1,2,0,0,0,0,0,0,"- ","- ",38.079391479492188,-120.55438995361328,CALAVERAS,"ANGELS CAMP",-120.55438232421875,38.079387664794922
9808575,2025,2025-07-28,0501,2025-06-14,1921,AC246,PD,6,5,2,0501,0,0,0,,0,00B,"SUZANNE CT","SUZANNE DR",0.00,,Y,A,-,N,,,,,,,,,,N,2,0,1,1,A,-,08,22107,,N,H,A,A,A,H,-,A,D,0,,,,,Y,,-,,1,0,0,0,0,0,0,0,0,"- ","- ",38.074409484863281,-120.53909301757812,CALAVERAS,"ANGELS CAMP",-120.53870391845703,38.074329376220703
9813143,2025,2025-12-18,0501,2025-11-12,1730,AC257,PD,3,5,2,0501,0,0,0,,0,00B,"RT 4","VALLECITO RD",0.00,,Y,A,-,Y,CAL,10,4,-,R,22.260,H,-,W,N,3,0,1,1,A,-,03,22350,,N,E,J,A,A,H,-,D,D,0,,,,,Y,,A,01,0,1,0,0,0,0,0,0,0,"- ","- ",38.08251953125,-120.55885314941406,CALAVERAS,"ANGELS CAMP",-120.53974151611328,38.082370758056641
9815730,2025,2025-06-13,0501,2025-01-01,"100 ",AC238,PD,3,5,2,0501,0,0,0,,0,00B,"NORTH MAIN ST","RT 4",0.00,,Y,A,-,Y,CAL,10,4,-,R,21.110,H,-,E,N,4,0,1,1,A,-,03,22350,,N,E,J,A,A,H,-,C,A,0,,,,,Y,,A,01,0,0,1,0,0,0,0,0,0,"- ","- ",38.08251953125,-120.55885314941406,CALAVERAS,"ANGELS CAMP",-120.55856323242188,38.082679748535156
9815800,2025,2025-06-27,0501,2025-02-11,"957 ",AC218,PD,2,5,2,0501,0,0,0,,0,00B,"RT 49","MURPHYS GRADE RD",401.00,,N,A,-,Y,CAL,10,49,-,-,8.250,H,-,N,Y,3,0,1,2,A,-,03,22350,,N,C,C,A,A,H,-,A,D,0,,,,,Y,,A,01,0,1,0,0,0,0,0,0,0,"- ","- ",38.078838348388672,-120.55326843261719,CALAVERAS,"ANGELS CAMP",-120.55321502685547,38.078826904296875
9815803,2024,2025-08-13,0501,2024-09-20,1426,AC247,PD,5,5,2,0501,0,0,0,,0,00B,"MURPHYS GRADE RD","RT 49",521.00,E,N,A,-,N,,,,,,,,,,N,3,0,1,2,A,-,09,21804,A,N,D,C,A,A,H,-,A,A,0,,,,,Y,,D,22,0,1,0,0,0,0,0,0,0,"- ","- ",38.081249237060547,-120.55094909667969,CALAVERAS,"ANGELS CAMP",-120.55333709716797,38.080596923828125
9816980,2024,2025-06-10,0501,2024-11-27,1737,AC238,PD,3,5,2,0501,0,0,0,,0,00B,"MURPHYS GRADE RD","S MAIN ST",0.00,,Y,A,-,N,,,,,,,,,,N,2,0,1,2,A,-,10,21950,A,N,G,B,B,A,H,-,C,A,0,Y,,,,Y,,A,07,1,0,0,0,1,0,0,0,0,"- ","- ",38.068290710449219,-120.53914642333984,CALAVERAS,"ANGELS CAMP",-120.55438232421875,38.079433441162109
9819060,2025,2025-08-08,0501,2025-05-29,2040,AC218,PD,4,5,2,0501,0,0,0,,0,00B,"RT 4","ANGEL OAKS RD",211.00,W,N,A,-,Y,CAL,10,4,-,R,20.530,H,-,W,Y,3,0,1,1,A,-,08,22107,,N,E,I,A,A,H,-,B,D,0,,,,,Y,Y,A,01,0,1,0,0,0,0,0,0,0,"- ","- ",38.076759338378906,-120.56459045410156,CALAVERAS,"ANGELS CAMP",-120.56534576416016,38.076438903808594
9829876,2025,2025-07-10,0501,2025-06-08,2302,AC218,PD,7,5,2,0501,0,0,0,,0,00B,"S MAIN ST","DEMAREST ST",0.00,,Y,A,-,Y,CAL,10,49,-,-,8.330,I,5,N,N,3,0,1,2,A,-,12,21453,,N,B,C,A,A,H,-,C,A,0,,,,,Y,,A,08,0,1,0,0,0,0,0,0,0,"- ","- ",38.080249786376953,-120.55579376220703,CALAVERAS,"ANGELS CAMP",-120.55435180664062,38.079429626464844
9833913,2025,2025-08-25,0501,2025-07-10,1038,AC218,PD,4,5,2,0501,0,0,0,,0,00B,"MARK TWAIN RD","MINNA ST",0.00,E,N,A,-,N,,,,,,,,,,Y,3,0,2,2,A,-,03,22350,,N,A,C,A,A,H,-,A,D,0,,,,,Y,,D,22,0,2,0,0,0,0,0,0,0,"- ","- ",38.069999694824219,-120.54499816894531,CALAVERAS,"ANGELS CAMP",-120.54521942138672,38.069999694824219
9890956,2025,2025-12-18,0501,2025-11-20,1221,AC257,PD,4,5,2,0501,0,0,0,,0,00B,"MAIN ST","MURPHYS GRADE RD",0.00,,Y,B,-,Y,CAL,10,49,-,-,8.330,I,5,S,N,4,0,1,2,A,-,08,22107,,N,B,C,A,A,H,-,A,C,0,,,,,Y,,D,22,0,0,1,0,0,0,0,0,0,"- ","- ",,,CALAVERAS,"ANGELS CAMP",-120.55438232421875,38.079387664794922
