CASE_ID,ACCIDENT_YEAR,PROC_DATE,JURIS,COLLISION_DATE,COLLISION_TIME,OFFICER_ID,REPORTING_DISTRICT,DAY_OF_WEEK,CHP_SHIFT,POPULATION,CNTY_CITY_LOC,SPECIAL_COND,BEAT_TYPE,CHP_BEAT_TYPE,CITY_DIVISION_LAPD,CHP_BEAT_CLASS,BEAT_NUMBER,PRIMARY_RD,SECONDARY_RD,DISTANCE,DIRECTION,INTERSECTION,WEATHER_1,WEATHER_2,STATE_HWY_IND,CALTRANS_COUNTY,CALTRANS_DISTRICT,STATE_ROUTE,ROUTE_SUFFIX,POSTMILE_PREFIX,POSTMILE,LOCATION_TYPE,RAMP_INTERSECTION,SIDE_OF_HWY,TOW_AWAY,COLLISION_SEVERITY,NUMBER_KILLED,NUMBER_INJURED,PARTY_COUNT,PRIMARY_COLL_FACTOR,PCF_CODE_OF_VIOL,PCF_VIOL_CATEGORY,PCF_VIOLATION,PCF_VIOL_SUBSECTION,HIT_AND_RUN,TYPE_OF_COLLISION,MVIW,PED_ACTION,ROAD_SURFACE,ROAD_COND_1,ROAD_COND_2,LIGHTING,CONTROL_DEVICE,CHP_ROAD_TYPE,PEDESTRIAN_ACCIDENT,BICYCLE_ACCIDENT,MOTORCYCLE_ACCIDENT,TRUCK_ACCIDENT,NOT_PRIVATE_PROPERTY,ALCOHOL_INVOLVED,STWD_VEHTYPE_AT_FAULT,CHP_VEHTYPE_AT_FAULT,COUNT_SEVERE_INJ,COUNT_VISIBLE_INJ,COUNT_COMPLAINT_PAIN,COUNT_PED_KILLED,COUNT_PED_INJURED,COUNT_BICYCLIST_KILLED,COUNT_BICYCLIST_INJURED,COUNT_MC_KILLED,COUNT_MC_INJURED,PRIMARY_RAMP,SECONDARY_RAMP,LATITUDE,LONGITUDE,COUNTY,CITY,POINT_X,POINT_Y
6291636,2014,2014-11-25,9145,2014-08-25,1239,18124,,1,1,9,2500,0,1,3,,1,090,"RT 139","COUNTY ROAD 123",1056.00,N,N,A,-,Y,MOD,2,139,-,-,41.560,H,-,N,Y,1,1,0,2,A,-,08,22107,,N,D,C,A,A,H,-,A,D,0,,,,,Y,Y,A,01,0,0,0,0,0,0,0,0,0,"- ","- ",41.854790000000001,-121.32504,MODOC,UNINCORPORATED,-121.32507805,41.854845650000001
6292412,2015,2017-04-25,9170,2015-03-21,0115,19786,,6,3,9,2500,0,1,3,,1,004,"RT 299","COUNTY ROAD 24",3960.00,E,N,B,-,Y,MOD,2,299,-,-,59.640,H,-,E,Y,1,1,0,1,A,-,01,23152,A,N,F,A,A,A,H,-,D,D,0,,,,,Y,Y,A,07,0,0,0,0,0,0,0,0,0,"- ","- ",41.529879999999999,-120.12885,MODOC,UNINCORPORATED,-120.12849523,41.529781069999999
6292442,2015,2015-08-05,9170,2015-06-27,1545,19710,,6,2,9,2500,0,1,3,,1,004,"RT 299","CEDAR PASS SKI TOW RD",4224.00,W,N,A,-,Y,MOD,2,299,-,-,51.710,H,-,E,Y,1,1,1,2,A,-,01,23152,A,N,F,A,A,A,H,-,A,D,0,,,,,Y,Y,D,22,0,1,0,0,0,0,0,0,0,"- ","- ",41.557720000000003,-120.2662,MODOC,UNINCORPORATED,-120.26507865000001,41.557080810000002
6328043,2014,2014-06-02,9170,2014-01-06,1205,015993,,1,1,9,2500,0,3,5,,2,024,"COUNTY ROAD 71","COUNTY ROAD 72",5280.00,S,N,A,-,N,,,,,,,,,,Y,3,0,1,1,A,-,08,22107,,N,F,A,A,A,H,-,A,D,0,,,,,Y,,A,07,0,1,0,0,0,0,0,0,0,"- ","- ",41.396140000000003,-120.68429,MODOC,UNINCORPORATED,-120.69705750999999,41.385613730000003
6337492,2014,2015-11-14,9170,2014-01-10,0555,19274,,5,3,9,2500,0,1,3,,1,004,"RT 299","COUNTY ROAD 267",2640.00,E,N,A,B,Y,MOD,2,299,-,-,46.120,H,-,W,Y,4,0,1,1,A,-,03,22350,,N,F,A,A,C,H,-,D,D,0,,,,,Y,,A,01,0,0,1,0,0,0,0,0,0,"- ","- ",41.555140000000002,-120.25551,MODOC,UNINCORPORATED,-120.36602814,41.558138309999997
6373250,2014,2014-06-07,9170,2014-01-17,1841,01983,,5,2,9,2500,0,3,5,,2,025,"COUNTY ROAD 71","SHASTA VIEW DR",355.00,S,N,A,-,N,,,,,,,,,,Y,4,0,1,1,A,-,08,22107,,N,F,A,A,A,H,-,E,D,0,,,,,Y,,A,01,0,0,1,0,0,0,0,0,0,"- ","- ",41.408900000000003,-120.6793,MODOC,UNINCORPORATED,-120.67931479000001,41.409007289999998
6373254,2014,2015-11-14,9170,2014-01-24,1955,019710,,5,2,9,2500,0,1,3,,1,004,"RT 299","COUNTY RD 58",715.00,E,N,A,-,Y,MOD,2,299,-,-,46.430,H,-,W,Y,3,0,1,1,A,-,08,22107,,N,F,A,A,A,H,-,D,D,0,,,,,Y,,A,07,0,1,0,0,0,0,0,0,0,"- ","- ",41.55715,-120.36,MODOC,UNINCORPORATED,-120.36025071,41.557113809999997
6428353,2014,2014-07-02,9170,2014-03-02,1200,019479,,7,1,9,2500,0,3,5,,2,024,"COUNTY RD 91","COUNTY RD 84",11616.00,S,N,B,C,N,,,,,,,,,,Y,4,0,1,1,A,-,08,22107,,N,E,I,A,B,H,-,A,D,0,,,,,Y,,A,01,0,0,1,0,0,0,0,0,0,"- ","- ",,,MODOC,UNINCORPORATED,,
6428357,2014,2014-07-02,9170,2014-03-03,0430,019683,,1,3,9,2500,0,3,5,,2,024,"COUNTY RD 60","COUNTY RD 54",5808.00,S,N,B,-,N,,,,,,,,,,Y,3,0,1,1,C,-,18,,,N,E,I,A,B,H,-,D,D,0,,,,,Y,,-,"- ",0,1,0,0,0,0,0,0,0,"- ","- ",41.450600000000001,-120.56373000000001,MODOC,UNINCORPORATED,-120.76843,41.412289999999999
6491595,2014,2015-11-20,9170,2014-05-10,1130,13771,,6,1,9,2500,0,1,3,,1,004,"RT 299","COUNTY ROAD 58",528.00,E,N,D,-,Y,MOD,2,299,-,-,46.440,H,-,W,N,4,0,1,1,A,-,03,22350,,N,E,J,A,C,H,-,A,D,0,,,,,Y,,A,01,0,0,1,0,0,0,0,0,0,"- ","- ",,,MODOC,UNINCORPORATED,-120.36005347,41.557114779999999
6497122,2014,2014-07-25,9170,2014-05-19,1455,019568,,1,2,9,2500,0,3,5,,2,025,"COUNTY RD 54","COUNTY RD 76",3168.00,W,N,B,-,N,,,,,,,,,,Y,3,0,2,1,A,-,08,22107,,N,F,A,A,A,H,-,A,D,0,,,,,Y,,A,01,0,1,1,0,0,0,0,0,0,"- ","- ",41.445120000000003,-120.60646,MODOC,UNINCORPORATED,-120.60625638,41.44550856
6500887,2014,2015-11-18,9145,2014-05-14,1525,18210,,3,2,9,2500,0,3,5,,2,009,"RT 139 EAST DIRT RIGHT OF WAY","RT 139",528.00,E,N,A,-,N,,,139,,,,R,,,Y,3,0,1,1,A,-,03,22350,,N,E,I,A,A,H,-,A,D,0,,,Y,,Y,,C,06,0,1,0,0,0,0,0,0,1,"- ","- ",41.703049999999998,-121.27928,MODOC,UNINCORPORATED,-121.27928,41.703049999999998
6508460,2014,2015-04-17,9170,2014-05-29,0745,013771,,4,1,9,2500,0,3,5,,2,024,"COUNTY ROAD 83","COUNTY ROAD 161",0.00,,Y,A,-,N,,,,,,,,,,N,1,1,0,2,A,-,"- ",,,N,H,G,A,A,H,-,A,A,0,,Y,,,Y,,-,,0,0,0,0,0,1,0,0,0,"- ","- ",,,MODOC,UNINCORPORATED,-120.87453988999999,41.443509970000001
6515805,2014,2014-08-08,9170,2014-06-06,1631,019520,,5,2,9,2500,0,3,5,,2,024,"COUNTY RD 91","COUNTY RD 90",3168.00,S,N,A,-,N,,,,,,,,,,Y,4,0,1,1,A,-,08,22107,,N,E,I,A,A,H,-,A,D,0,,,,,Y,,A,08,0,0,1,0,0,0,0,0,0,"- ","- ",41.165599999999998,-121.1352,MODOC,UNINCORPORATED,-121.13479709000001,41.283366989999998
6521067,2014,2015-04-09,9170,2014-06-08,0615,19568,,7,1,9,2500,0,3,5,,1,023,"COUNTY RD 1","COUNTY ROAD 225",5280.00,S,N,A,-,N,,,,,,,,,,Y,3,0,1,1,A,-,08,22107,,N,F,A,A,A,H,-,A,D,0,,,,,Y,,A,01,0,1,0,0,0,0,0,0,0,"- ","- ",41.74494,-120.19283,MODOC,UNINCORPORATED,-120.19149779999999,41.748994289999999
6529245,2014,2014-08-11,9170,2014-06-23,0334,19710,,1,3,9,2500,0,3,5,,1,023,"COUNTY RD 1","COUNTY ROAD 225",4224.00,S,N,A,-,N,,,,,,,,,,Y,2,0,1,1,A,-,08,22107,,N,E,I,A,A,H,-,D,D,0,,,,,Y,,A,07,1,0,0,0,0,0,0,0,0,"- ","- ",41.742400000000004,-120.1902,MODOC,UNINCORPORATED,-120.19062932999999,41.751817449999997
6543884,2014,2014-08-12,9170,2014-06-21,1702,019520,,6,2,9,2500,0,3,5,,2,025,"COUNTY RD 54","COUNTY ROAD 60",2112.00,E,N,B,-,N,,,,,,,,,,N,4,0,2,2,A,-,17,23114,A,N,E,J,A,A,H,-,A,D,0,,,,,Y,,E,22,0,0,2,0,0,0,0,0,0,"- ","- ",41.472200000000001,-120.55670000000001,MODOC,UNINCORPORATED,-120.7614224,41.414570990000001
6551012,2014,2015-12-21,9170,2014-07-05,1500,019683,,6,2,9,2500,0,3,5,,2,025,"COUNTY ROAD 59","COUNTY ROAD 115",2693.00,E,N,A,-,N,,,,,,,,,,Y,4,0,1,1,A,-,03,22350,,N,E,I,A,A,H,-,A,D,0,,,,,Y,,D,22,0,0,1,0,0,0,0,0,0,"- ","- ",,,MODOC,UNINCORPORATED,-120.51571434,41.443732169999997
6566371,2014,2016-04-27,9170,2014-07-13,0650,019479,,7,1,9,2500,0,1,2,,1,003,"RT 395","MULKEY CANYON RD",45.00,N,N,A,-,Y,MOD,2,395,-,-,46.420,H,-,S,Y,3,0,1,1,A,-,08,22107,,N,F,A,A,A,H,-,A,D,0,,,,,Y,,A,01,0,1,0,0,0,0,0,0,0,"- ","- ",,,MODOC,UNINCORPORATED,-120.37076190000001,41.787027979999998
6570808,2014,2016-04-26,9170,2014-07-09,1725,19520,,3,2,9,2500,0,1,3,,1,005,"RT 299","COUNTY RD 85",5280.00,W,N,C,-,Y,MOD,2,299,-,-,13.480,H,-,E,Y,3,0,3,1,A,-,03,22350,,N,F,A,A,B,H,-,A,D,1,,,,,Y,,A,01,0,2,1,0,0,0,0,0,0,"- ","- ",41.352899999999998,-120.9342,MODOC,UNINCORPORATED,-120.93247292,41.352155369999998
6583810,2014,2014-09-09,9170,2014-08-04,2000,020152,,1,2,9,2500,0,3,5,,1,023,"COUNTY RD 133C","COUNTY RD 47",5280.00,N,N,B,C,N,,,,,,,,,,Y,3,0,1,1,A,-,08,22107,,N,E,I,A,B,H,-,B,D,0,,,,,Y,,D,22,0,1,0,0,0,0,0,0,0,"- ","- ",41.071449999999999,-120.30683000000001,MODOC,UNINCORPORATED,-120.30776804,41.871007980000002
6589047,2014,2014-09-09,9145,2014-08-07,1030,018210,,4,1,9,2500,0,3,5,,2,009,"HOLLYWOOD ST","MEANDER DR",7.00,E,N,A,-,N,,,,,,,,,,N,2,0,1,1,C,-,18,,,N,H,A,A,A,H,-,A,D,0,,,,,Y,,-,"- ",1,0,0,0,0,0,0,0,0,"- ","- ",41.881300000000003,-121.36698,MODOC,UNINCORPORATED,-121.36682351,41.88122474
6602706,2014,2016-04-26,9170,2014-08-13,1240,15993,,3,1,9,2500,0,1,3,,1,005,"RT 299","CROWDER FLAT RD",2112.00,W,N,A,-,Y,MOD,2,299,-,-,36.760,H,-,W,Y,3,0,1,1,A,-,08,22107,,N,F,A,A,A,H,-,A,D,0,,,,,Y,,A,01,0,1,0,0,0,0,0,0,0,"- ","- ",41.493720000000003,-120.61612,MODOC,UNINCORPORATED,-120.61525519,41.49406639
6605117,2014,2014-09-12,9145,2014-08-21,1635,018210,,4,2,9,2500,0,3,5,,2,009,"CO RD 112","CO RD 106",97.00,S,N,A,-,N,,,,,,,,,,Y,3,0,1,2,A,-,09,21804,A,N,D,C,A,A,H,-,A,D,0,,,,,Y,Y,M,44,0,1,0,0,0,0,0,0,0,"- ","- ",41.971769999999999,-121.40627000000001,MODOC,UNINCORPORATED,-121.40636000000001,41.97193377
6612197,2014,2014-09-17,9170,2014-08-21,2051,019683,,4,2,9,2500,0,3,5,,2,024,"SHASTA VIEW DR","WILLOW VIEW DR",192.00,E,N,A,-,N,,,,,,,,,,Y,2,0,1,1,A,-,01,23152,A,N,E,I,A,A,H,-,D,D,0,,,,,Y,Y,A,01,1,0,0,0,0,0,0,0,0,"- ","- ",41.409990000000001,-120.68621,MODOC,UNINCORPORATED,-120.68565012000001,41.409979999999997
6630937,2014,2014-11-03,9145,2014-09-12,1845,018254,,5,2,9,2500,0,1,3,,1,090,"RT 139","COUNTY RD 101",231.00,N,N,A,-,Y,,,139,,,,,,,Y,4,0,1,1,A,-,01,23152,A,N,E,I,A,A,H,-,A,D,0,,,,,Y,Y,A,01,0,0,1,0,0,0,0,0,0,"- ","- ",41.922339999999998,-121.43519000000001,MODOC,UNINCORPORATED,-121.43519014,41.922339819999998
6635877,2014,2015-12-21,9170,2014-09-23,2000,015617,,2,2,9,2500,0,3,5,,2,025,"RT 299","COUNTY RD 175",6600.00,E,N,A,-,N,,,,,,,,,,Y,2,0,1,1,A,-,01,23152,A,N,E,I,A,A,H,-,D,D,0,,,,,Y,Y,D,22,1,0,0,0,0,0,0,0,0,"- ","- ",,,MODOC,UNINCORPORATED,,
6636169,2014,2014-10-10,9170,2014-09-12,2332,019710,,5,3,9,2500,0,3,5,,1,023,"COUNTY RD 1","COUNTY RD 35",2112.00,S,N,A,-,N,,,,,,,,,,Y,2,0,1,1,A,-,08,22107,,N,F,A,A,A,H,-,D,D,0,,,,,Y,,D,22,1,0,0,0,0,0,0,0,0,"- ","- ",41.277230000000003,-120.09509,MODOC,UNINCORPORATED,-120.11701587,41.327014349999999
6657426,2014,2016-04-28,9145,2014-09-21,0550,15241,,7,3,9,2500,0,1,3,,1,090,"RT 139","COUNTY RD 114",27984.00,S,N,B,-,Y,MOD,2,139,-,-,35.110,H,-,N,Y,3,0,4,1,A,-,05,21650,,N,E,I,A,A,H,-,D,D,0,,,,,Y,,A,08,0,4,0,0,0,0,0,0,0,"- ","- ",41.766779999999997,-121.30289999999999,MODOC,UNINCORPORATED,-121.30295615,41.766706640000002
6668321,2014,2016-03-22,9170,2014-10-10,0800,019274,,5,1,9,2500,0,1,2,,1,001,"RT 395","DRY CREEK RD",528.00,S,N,A,-,Y,LAS,2,395,-,-,136.300,H,-,N,Y,4,0,1,1,A,-,08,22107,,N,E,I,A,A,H,-,A,D,0,,,,,Y,,A,07,0,0,1,0,0,0,0,0,0,"- ","- ",,,MODOC,UNINCORPORATED,-120.51057830000001,41.14520057
6681404,2014,2016-06-14,9170,2014-10-12,1020,016057,,7,1,9,2500,0,1,3,,1,005,"RT 299","COUNTY ROAD 257",528.00,E,N,A,-,Y,MOD,2,299,-,-,37.620,H,-,W,Y,4,0,1,1,A,-,01,23152,A,N,E,I,A,A,H,-,A,D,0,,,,,Y,Y,A,01,0,0,1,0,0,0,0,0,0,"- ","- ",41.498390000000001,-120.59922,MODOC,UNINCORPORATED,-120.59912419,41.498324390000001
6682835,2014,2014-12-08,9170,2014-10-14,2235,19520,,2,3,9,2500,0,3,5,,1,023,"COUNTY RD 1","COUNTY ROAD 166",3168.00,S,N,B,-,N,,,,,,,,,,Y,2,0,1,1,A,-,05,21650,,F,E,I,A,A,H,-,D,D,0,,,,,Y,,D,22,1,0,0,0,0,0,0,0,0,"- ","- ",41.350709999999999,-120.12803,MODOC,UNINCORPORATED,-120.12787858,41.359312729999999
6716285,2014,2015-01-13,9170,2014-11-16,0935,015993,,7,1,9,2500,0,3,5,,1,023,"COUNTY ROAD 57","COUNTY ROAD 56",6864.00,S,N,A,-,N,,,,,,,,,,Y,3,0,1,1,A,-,08,22107,,N,F,A,A,A,H,-,A,D,0,,,,,Y,,D,22,0,1,0,0,0,0,0,0,0,"- ","- ",41.472329999999999,-120.48123,MODOC,UNINCORPORATED,-120.47749989,41.469232849999997
6717453,2014,2015-01-13,9170,2014-11-17,2230,019479,,1,3,9,2500,0,3,5,,2,024,"COUNTY RD 73","COUNTY RD 136",2112.00,S,N,A,-,N,,,,,,,,,,Y,3,0,1,1,A,-,03,22350,,N,E,I,A,A,H,-,D,D,0,,,,,Y,,A,01,0,1,0,0,0,0,0,0,0,"- ","- ",,,MODOC,UNINCORPORATED,-120.76245551,41.819531589999997
6718486,2014,2014-12-18,9170,2014-09-22,0220,19568,,1,3,9,2500,0,1,3,,1,005,"RT 299","COUNTY ROAD 85",5808.00,E,N,B,-,Y,MOD,2,299,-,-,15.620,H,-,E,Y,1,1,0,1,A,-,01,23152,A,N,E,I,A,B,H,-,D,D,1,,,,,Y,Y,D,22,0,0,0,0,0,0,0,0,0,"- ","- ",41.373289999999997,-120.95565999999999,MODOC,UNINCORPORATED,-120.95525787,41.374184370000002
6750721,2014,2016-06-14,9170,2014-12-29,2002,019683,,1,2,9,2500,0,1,3,,1,005,"RT 299","OLD MILL RD",94.00,W,N,D,-,Y,MOD,2,299,-,-,38.210,H,-,E,Y,3,0,1,1,A,-,03,22350,,N,F,A,A,C,H,-,D,D,0,,,,,Y,,D,22,0,1,0,0,0,0,0,0,0,"- ","- ",41.495449999999998,-120.50027,MODOC,UNINCORPORATED,-120.58779941,41.495357689999999
6762067,2014,2016-06-14,9170,2014-12-12,0830,018478,,5,1,9,2500,0,1,3,,1,005,"RT 299","CROWDER FLAT RD",1320.00,W,N,B,-,Y,MOD,2,299,-,-,36.850,H,-,W,Y,3,0,1,1,A,-,03,22350,,N,F,A,A,C,H,-,A,D,0,,,,,Y,,D,22,0,1,0,0,0,0,0,0,0,"- ","- ",,,MODOC,UNINCORPORATED,-120.61365652000001,41.494600669999997
6764297,2014,2016-06-14,9170,2014-12-15,1350,15993,,1,1,9,2500,0,1,3,,1,005,"RT 299","CEDAR ST",100.00,E,N,C,-,Y,MOD,2,299,-,-,0.900,H,-,E,N,3,0,1,2,A,-,21,22106,,N,G,B,D,B,H,-,A,D,0,Y,,,,Y,,D,22,0,1,0,0,1,0,0,0,0,"- ","- ",41.312289999999997,-120.90035,MODOC,UNINCORPORATED,-120.94422045,41.19564003
6767267,2014,2016-06-14,9170,2014-12-28,1455,015993,,7,2,9,2500,0,1,3,,1,004,"RT 299","MCKENNY RD",3168.00,E,N,B,-,Y,MOD,2,299,-,-,49.840,H,-,W,Y,4,0,1,1,A,-,03,22350,,N,E,I,A,C,H,-,A,D,0,,,,,Y,,A,01,0,0,1,0,0,0,0,0,0,"- ","- ",41.560670000000002,-120.29621,MODOC,UNINCORPORATED,-120.29631985,41.560677579999997
6767618,2014,2016-06-14,9170,2014-12-12,0955,19710,,5,1,9,2500,0,1,3,,1,004,"RT 299","CEDAR PASS SKI AREA DR",3168.00,W,N,B,D,Y,MOD,2,299,-,-,52.990,H,-,W,Y,4,0,1,1,A,-,03,22350,,N,F,A,A,C,H,-,A,A,0,,,,,Y,,A,07,0,0,1,0,0,0,0,0,0,"- ","- ",41.550310000000003,-120.24879,MODOC,UNINCORPORATED,-120.24634514,41.547304420000003
6776178,2015,2015-02-19,9145,2015-01-02,1500,018124,,5,2,9,2500,0,3,5,,2,009,"COUNTY ROAD 104","COUNTY ROAD 114",2112.00,W,N,A,-,N,,,,,,,,,,Y,3,0,1,1,A,-,01,23152,A,N,E,I,A,A,H,-,A,D,0,,,,,Y,Y,D,22,0,1,0,0,0,0,0,0,0,"- ","- ",41.95758,-121.34939,MODOC,UNINCORPORATED,-121.35087152,41.957485519999999
6831781,2015,2016-09-07,9170,2015-03-01,1045,015993,,7,1,9,2500,0,1,3,,1,005,"RT 299","ADIN ST",7920.00,E,N,A,-,Y,MOD,2,299,-,-,2.540,H,-,W,N,3,0,1,1,C,-,18,,,N,H,A,A,A,H,-,A,D,0,,,,,Y,,-,"- ",0,1,0,0,0,0,0,0,0,"- ","- ",41.216079999999998,-120.93042,MODOC,UNINCORPORATED,-120.93084998,41.215339610000001
6852566,2015,2015-03-19,9170,2015-02-27,1549,019683,,5,2,9,2500,0,3,5,,2,024,"COUNTY RD 91","COUNTY RD 85",16896.00,N,N,B,-,N,,,,,,,,,,Y,2,0,2,1,A,-,03,22350,,N,E,I,A,C,H,-,A,D,0,,,,,Y,,A,07,1,1,0,0,0,0,0,0,0,"- ","- ",41.244169999999997,-120.10871,MODOC,UNINCORPORATED,-121.18207667999999,41.405582359999997
6869747,2015,2015-04-13,9170,2015-03-16,1755,019274,,1,2,9,2500,0,3,5,,1,023,"BONNER ST","HIGH ST",27.00,E,N,B,-,N,,,,,,,,,,N,3,0,1,1,C,-,18,,,N,E,I,A,A,H,-,A,D,0,,,,,Y,,-,"- ",0,1,0,0,0,0,0,0,0,"- ","- ",41.527810000000002,-120.17509,MODOC,UNINCORPORATED,-120.17517143000001,41.527789409999997
6881116,2015,2015-05-11,9170,2015-04-09,2255,020152,,4,3,9,2500,0,3,5,,1,023,"COUNTY RD 1","COUNTY ROAD 40",5.00,S,N,A,-,N,,,,,,,,,,Y,4,0,1,1,A,-,08,22107,,N,E,I,A,A,H,-,D,D,0,,,,,Y,,D,22,0,0,1,0,0,0,0,0,0,"- ","- ",41.295630000000003,-120.11272,MODOC,UNINCORPORATED,-120.11270729,41.295736429999998
6908794,2015,2016-11-04,9145,2015-04-29,1340,018254,,3,1,9,2500,0,1,3,,1,090,"RT 139","USFS RD 44N65",1584.00,N,N,A,-,Y,MOD,2,139,-,-,28.800,H,-,S,N,3,0,1,1,C,-,18,,,N,H,H,A,A,H,-,A,D,0,,,,,Y,,-,"- ",0,1,0,0,0,0,0,0,0,"- ","- ",,,MODOC,UNINCORPORATED,-121.26564983999999,41.681942890000002
6921532,2015,2015-06-01,9170,2015-05-01,1952,020152,,5,2,9,2500,0,3,5,,2,024,"COUNTY ROAD 236","PENCIL RD",0.00,,Y,A,-,N,,,,,,,,,,N,2,0,1,1,A,-,01,23152,A,N,E,I,A,A,H,-,A,D,0,,,Y,,Y,Y,C,02,1,0,0,0,0,0,0,0,1,"- ","- ",,,MODOC,UNINCORPORATED,,
6957447,2015,2016-11-02,9170,2015-05-21,0507,020503,,4,3,9,2500,0,1,3,,1,005,"RT 299","BUGGY TRACE RD",61.00,E,N,E,-,Y,MOD,2,299,-,-,30.550,H,-,E,Y,3,0,2,1,A,-,08,22107,,N,E,I,A,A,H,-,B,D,0,,,,,Y,,A,07,0,2,0,0,0,0,0,0,0,"- ","- ",41.479619999999997,-120.72418,MODOC,UNINCORPORATED,-120.723433,41.47987612
6963022,2015,2015-07-07,9170,2015-06-07,0715,019479,,7,1,9,2500,0,3,5,,2,025,"COUNTY ROAD 75","COUNTY ROAD 76",1584.00,N,N,A,-,N,,,,,,,,,,Y,3,0,1,2,A,-,03,22350,,N,C,C,A,A,H,-,A,D,0,,,,,Y,,D,22,0,1,0,0,0,0,0,0,0,"- ","- ",,,MODOC,UNINCORPORATED,-120.64973999999999,41.457839999999997
6966205,2015,2016-11-02,9170,2015-06-14,0940,019479,,7,1,9,2500,0,1,3,,1,005,"RT 299","SPICER LN",528.00,E,N,A,-,Y,MOD,2,299,-,-,39.140,H,-,E,Y,3,0,1,1,A,-,08,22107,,N,F,A,A,A,H,-,A,D,0,,,,,Y,,A,01,0,1,0,0,0,0,0,0,0,"- ","- ",,,MODOC,UNINCORPORATED,-120.57079947,41.494603679999997
6970795,2015,2015-07-31,9170,2015-07-03,1505,019710,,5,2,9,2500,0,3,5,,1,023,"COUNTY ROAD 1","COUNTY ROAD 42",12672.00,S,N,B,-,N,,,,,,,,,,Y,4,0,1,2,A,-,01,23152,A,N,D,C,A,A,H,-,A,D,0,,,,,Y,Y,D,22,0,0,1,0,0,0,0,0,0,"- ","- ",41.240949999999998,-120.07470000000001,MODOC,UNINCORPORATED,-120.07465052000001,41.241005340000001
6975561,2015,2015-07-09,9145,2015-06-19,2345,018210,,5,3,9,2500,0,3,5,,2,009,"COUNTY ROAD 108","COUNTY ROAD 114",35904.00,E,N,A,-,N,,,,,,,,,,Y,2,0,2,1,A,-,08,22107,,N,F,A,A,A,G,-,D,D,0,,,,,Y,Y,A,07,1,1,0,0,0,0,0,0,0,"- ","- ",41.949449999999999,-121.25621,MODOC,UNINCORPORATED,-121.25512999999999,41.950369999999999
6995984,2015,2017-01-14,9170,2015-07-12,2230,21043,,7,3,9,2500,0,1,3,,1,004,"RT 299","FOREST SERVICE RD 43N07",1056.00,W,N,A,-,Y,MOD,2,299,-,-,52.050,H,-,E,Y,4,0,1,1,A,-,08,22107,,N,E,I,A,A,H,-,D,D,0,,,,,Y,,A,01,0,0,1,0,0,0,0,0,0,"- ","- ",41.554310000000001,-120.25932,MODOC,UNINCORPORATED,-120.25951757,41.554299499999999
6999137,2015,2017-01-14,9145,2015-07-07,0800,014441,,2,1,9,2500,0,1,3,,1,090,"RT 139","CO RD 97",36960.00,N,N,A,-,Y,MOD,2,139,-,-,33.850,H,-,N,Y,4,0,1,1,A,-,08,22107,,N,F,A,A,A,H,-,A,D,0,,,,,Y,,A,01,0,0,1,0,0,0,0,0,0,"- ","- ",,,MODOC,UNINCORPORATED,-121.30178659000001,41.747886020000003
90005499,2015,2015-10-19,9170,2015-07-19,1250,019479,,7,1,9,2500,0,1,3,,1,005,SR-139,SR-299,42.00,S,N,A,-,Y,,,,,,,,,,N,4,0,1,2,A,-,03,22350,,N,C,C,A,A,H,-,A,A,0,,,Y,,Y,,A,01,0,0,1,0,0,0,0,0,1,"- ","- ",,,MODOC,UNINCORPORATED,-120.94511625,41.187364989999999
90006155,2015,2015-10-19,9170,2015-07-13,2023,019520,,1,2,9,2500,0,1,2,,1,003,"U.S. HIGHWAY 395","COUNTY ROAD 47",25872.00,S,N,A,-,Y,,,,,,,,,,Y,2,0,1,1,A,-,01,23152,E,N,F,A,A,A,H,-,B,D,0,,,,,Y,,D,22,1,0,0,0,0,0,0,0,0,"- ","- ",41.819600000000001,-120.35129999999999,MODOC,UNINCORPORATED,-120.35101435,41.821090179999999
90007985,2015,2015-10-19,9170,2015-08-03,1645,021043,,1,2,9,2500,0,1,2,,1,003,"CR 134","RT 395",1056.00,N,N,A,-,N,,,,,,,,,,N,3,0,1,1,C,-,18,,,N,E,H,A,A,G,-,A,D,0,,,Y,,Y,,-,"- ",0,1,0,0,0,0,0,0,1,"- ","- ",41.973190000000002,-120.30413,MODOC,UNINCORPORATED,-120.30353755,41.973651160000003
90008013,2015,2015-10-19,9145,2015-08-02,2230,014441,,7,3,9,2500,0,3,5,,2,009,"CO. RD. 113","CO. RD. 113A",105.00,S,N,B,-,N,,,,,,,,,,Y,4,0,1,1,A,-,01,23152,A,N,E,I,A,A,H,-,D,A,0,,,,,Y,Y,A,01,0,0,1,0,0,0,0,0,0,"- ","- ",41.897239999999996,-121.35993999999999,MODOC,UNINCORPORATED,-121.35998656,41.897016880000002
90012342,2015,2015-10-19,9170,2015-08-14,1725,021043,,5,2,9,2500,0,1,3,,2,006,"HWY 139","USFS ROAD 43N03",140.00,S,N,A,-,Y,,,,,,,,,,Y,3,0,4,1,A,-,08,22107,,N,F,A,A,A,H,-,A,D,0,,,,,Y,,A,08,0,3,1,0,0,0,0,0,0,"- ","- ",41.527729999999998,-121.12023000000001,MODOC,UNINCORPORATED,,
90013194,2015,2015-10-19,9170,2015-08-26,1513,017913,,3,2,9,2500,0,1,3,,1,005,"SR-299 W/B","COUNTY ROAD 69",3168.00,W,N,A,-,Y,,,,,,,,,,Y,4,0,1,1,A,-,08,22107,,N,E,I,A,A,H,-,A,D,0,,,,,Y,,A,01,0,0,1,0,0,0,0,0,0,"- ","- ",,,MODOC,UNINCORPORATED,-120.80464268,41.453174140000002
90014971,2015,2015-10-19,9170,2015-08-31,1710,020756,,1,2,9,2500,0,3,5,,2,025,"FOREST SERVICE ROAD  42N03","COUNTY ROAD 91",14256.00,W,N,A,-,N,,,,,,,,,,N,3,0,1,1,A,-,03,22350,,N,E,I,A,A,A,B,A,D,0,,,,,Y,,J,43,0,1,0,0,0,0,0,0,0,"- ","- ",41.364870000000003,-121.23403,MODOC,UNINCORPORATED,-121.23447448,41.364890160000002
90015955,2015,2015-10-19,9170,2015-09-01,0020,019786,,2,3,9,2500,0,1,2,,1,002,US-395,"JONES LANE",3696.00,N,N,A,-,Y,,,,,,,,,,Y,4,0,2,2,A,-,05,21650,,N,B,C,A,A,H,-,D,D,0,,,,,Y,,E,22,0,0,2,0,0,0,0,0,0,"- ","- ",,,MODOC,UNINCORPORATED,-120.54348306999999,41.407490850000002
90017668,2015,2015-10-19,9145,2015-09-03,1255,014441,,4,1,9,2500,0,1,3,,1,090,SR-139,"CO. RD. 97",18480.00,S,N,A,-,Y,,,139,,,,,,,Y,4,0,1,1,A,-,08,22107,,N,E,I,A,A,H,-,A,D,0,,,,,Y,,A,08,0,0,1,0,0,0,0,0,0,"- ","- ",41.626550000000002,-121.224,MODOC,UNINCORPORATED,-121.22394180000001,41.626594990000001
90018877,2015,2015-10-19,9145,2015-09-13,1345,018254,,7,1,9,2500,0,1,3,,1,090,SR-139,"COUNTY ROAD 97",33.00,N,N,A,-,Y,,,139,,,,,,,N,3,0,1,1,C,-,18,,,N,E,J,A,A,C,-,A,D,0,,,Y,,Y,,-,"- ",0,1,0,0,0,0,0,0,1,"- ","- ",41.671799999999998,-121.25791,MODOC,UNINCORPORATED,-121.2579734,41.671753010000003
90024566,2015,2015-10-19,9170,2015-09-24,1553,021043,,4,2,9,2500,0,1,2,,1,003,"RT 395","COUNTY ROAD 118",3168.00,S,N,A,-,Y,,,395,,,,,,,Y,2,0,1,1,A,-,08,22107,,N,F,A,A,A,H,-,A,D,0,,,Y,,Y,,C,02,1,0,0,0,0,0,0,0,1,"- ","- ",41.609520000000003,-120.4181,MODOC,UNINCORPORATED,-120.41805217,41.609538309999998
90024581,2015,2015-10-19,9170,2015-09-26,1209,021043,,6,1,9,2500,0,1,3,,1,005,"HIGHWAY 299","SURREY LANE",528.00,W,N,A,-,Y,,,,,,,,,,Y,3,0,1,1,A,-,05,21650,,N,E,I,A,A,H,-,A,D,0,,,,,Y,,A,01,0,1,0,0,0,0,0,0,0,"- ","- ",41.481020000000001,-120.71787999999999,MODOC,UNINCORPORATED,-120.71716459,41.481520279999998
90025151,2015,2015-10-19,9145,2015-09-24,2030,018254,,4,2,9,2500,0,1,3,,1,090,SR-139,"PEREZ OVERHEAD",11616.00,N,N,A,-,Y,,,,,,,,,,N,3,0,2,1,C,-,18,,,N,F,A,A,A,H,-,D,D,0,,,,,Y,,-,"- ",0,2,0,0,0,0,0,0,0,"- ","- ",,,MODOC,UNINCORPORATED,,
90052437,2015,2015-11-17,9170,2015-11-06,1640,020756,,5,2,9,2500,0,3,5,,2,024,"CROWDER FLAT RD.","COUNTY ROAD 136",1584.00,S,N,A,-,N,,,,,,,,,,Y,3,0,1,1,A,-,01,23152,A,N,E,I,A,A,B,-,B,D,0,,,,,Y,Y,A,07,0,1,0,0,0,0,0,0,0,"- ","- ",41.81964,-120.76251000000001,MODOC,UNINCORPORATED,-120.76383229,41.820418150000002
90054768,2015,2015-11-19,9170,2015-11-14,0914,019786,,6,1,9,2500,0,1,3,,1,004,US-299,"MCKENNEY DRIVE",2112.00,W,N,A,-,Y,,,,,,,,,,Y,3,0,3,1,A,-,03,22350,,N,E,I,A,C,H,-,A,D,0,,,,,Y,,D,22,0,2,1,0,0,0,0,0,0,"- ","- ",41.335340000000002,-120.1887,MODOC,UNINCORPORATED,-120.31467392,41.558992809999999
90054772,2015,2015-11-19,9170,2015-11-15,1115,017913,,7,1,9,2500,0,3,5,,2,024,"PENCIL RD.","CHUKAR LN.",4224.00,N,N,D,-,N,,,,,,,,,,Y,4,0,1,1,A,-,08,22107,,N,E,I,A,C,H,-,A,D,0,,,,,Y,,D,22,0,0,1,0,0,0,0,0,0,"- ","- ",41.521659999999997,-120.52006,MODOC,UNINCORPORATED,-120.51948646,41.520759939999998
90056063,2015,2015-11-20,9170,2015-11-13,2344,020503,,5,3,2,2501,0,2,S,,2,901,"4TH ST","HOWARD ST",0.00,,Y,A,-,N,,,,,,,,,,N,4,0,1,2,A,-,09,21802,A,N,D,C,A,A,H,-,C,A,0,,,,,Y,,J,48,0,0,1,0,0,0,0,0,0,"- ","- ",41.487340000000003,-120.54349999999999,MODOC,ALTURAS,-120.54350993,41.487349889999997
90061081,2015,2015-11-30,9170,2015-11-10,2230,021104,,2,3,9,2500,0,3,5,,2,025,"COUNTY ROAD 71","COUNTY ROAD 72",10560.00,S,N,A,-,N,,,,,,,,,,N,4,0,1,1,A,-,03,22350,,N,E,J,A,C,H,-,D,D,0,,,,,Y,,A,07,0,0,1,0,0,0,0,0,0,"- ","- ",41.351280000000003,-120.74333,MODOC,UNINCORPORATED,-120.70692375,41.37380126
90061580,2015,2015-11-30,9170,2015-11-18,0008,017913,,3,3,9,2500,0,3,5,,1,023,"COUNTY ROAD 1","WALLACE ST.",3696.00,N,N,B,-,N,,,,,,,,,,Y,4,0,1,2,A,-,01,23152,A,N,B,C,A,A,H,-,D,D,0,,,,,Y,Y,A,07,0,0,1,0,0,0,0,0,0,"- ","- ",41.542999999999999,-120.17176000000001,MODOC,UNINCORPORATED,-120.17199022,41.543385579999999
90064498,2015,2015-12-03,9170,2015-11-24,1230,012248,,2,1,9,2500,0,1,2,,1,003,"UNITED STATES HIGHWAY 395","COUNTY ROAD 133C",15840.00,N,N,B,D,Y,,,,,,,,,,Y,3,0,2,1,A,-,03,22350,,N,F,A,A,C,H,-,A,D,0,,,,,Y,,A,07,0,2,0,0,0,0,0,0,0,"- ","- ",,,MODOC,UNINCORPORATED,-120.35423419,41.829696820000002
90069168,2015,2015-12-09,9170,2015-10-12,1655,021043,,1,2,9,2500,0,1,3,,1,005,"STATE ROUTE 299","USFS ROAD 40N29 (RED TAIL RIM TRAIL)",528.00,E,N,A,-,Y,,,299,,,,,,,Y,1,1,0,1,A,-,08,22107,,N,E,I,A,A,H,-,A,D,0,,,,,Y,Y,D,22,0,0,0,0,0,0,0,0,0,"- ","- ",41.307279999999999,-120.89604,MODOC,UNINCORPORATED,-120.89615071,41.30722471
90086344,2015,2015-12-31,9170,2015-12-23,0950,018478,,3,1,9,2500,0,3,5,,2,025,"COUNTY ROAD 54","COUNTY ROAD 76",2640.00,W,N,A,-,N,,,,,,,,,,Y,4,0,1,1,A,-,03,22350,,N,F,A,A,C,H,-,A,D,0,,,,,Y,,A,07,0,0,1,0,0,0,0,0,0,"- ","- ",,,MODOC,UNINCORPORATED,-120.60573988,41.446904320000002
90086588,2015,2015-12-31,9170,2015-12-20,0955,015993,,7,1,9,2500,0,1,2,,1,003,"UNITED STATES HIGHWAY 395","BOWMAN RD",5280.00,N,N,B,D,Y,,,395,,,,,,,Y,4,0,2,1,A,-,03,22350,,N,F,A,A,C,H,-,A,D,0,,,,,Y,,A,01,0,0,2,0,0,0,0,0,0,"- ","- ",41.517740000000003,-120.47984,MODOC,UNINCORPORATED,-120.48007278999999,41.517965889999999
90087777,2015,2016-01-04,9170,2015-12-21,0800,015993,,1,1,9,2500,0,3,5,,1,023,"COUNTY ROAD 1","COUNTY ROAD 168",2640.00,S,N,B,D,N,,,,,,,,,,Y,4,0,1,1,A,-,03,22350,,N,F,I,A,C,H,-,A,D,0,,,,,Y,,D,22,0,0,1,0,0,0,0,0,0,"- ","- ",41.584870000000002,-120.17269,MODOC,UNINCORPORATED,-120.17213,41.561167050000002
90087799,2015,2016-01-04,9170,2015-12-25,0915,018478,,5,1,9,2500,0,1,3,,1,005,SR-299,"COUNTY ROAD 75",1056.00,E,N,B,-,Y,,,,,,,,,,Y,3,0,1,1,A,-,08,22107,,N,F,A,A,C,H,-,A,D,0,,,,,Y,,A,07,0,1,0,0,0,0,0,0,0,"- ","- ",,,MODOC,UNINCORPORATED,-120.63617646,41.486809999999998
90087835,2015,2016-01-04,9170,2015-12-27,1250,021104,,7,1,9,2500,0,3,5,,2,024,"PENCIL ROAD","STEELHEAD LANE",2112.00,N,N,B,-,N,,,,,,,,,,N,3,0,1,1,A,-,03,22350,,N,E,I,A,C,H,-,A,D,0,,,Y,,Y,,C,06,0,1,0,0,0,0,0,0,1,"- ","- ",41.553260000000002,-120.53437,MODOC,UNINCORPORATED,,
90093014,2016,2016-01-12,9170,2016-01-02,1533,020152,,6,2,9,2500,0,1,3,,1,005,SR-299,"COUNTY ROAD 84",2640.00,W,N,B,-,Y,,,299,,,,,,,Y,4,0,1,1,A,-,08,22107,,N,E,I,A,A,H,-,A,D,0,,,,,Y,,A,07,0,0,1,0,0,0,0,0,0,"- ","- ",41.398040000000002,-120.93626,MODOC,UNINCORPORATED,-120.93620808999999,41.397984839999999
90095141,2016,2016-01-14,9170,2016-01-08,0655,019568,,5,1,9,2500,0,1,3,,1,005,SR-299,"COUNTY ROAD 85",5280.00,W,N,B,-,Y,,,,,,,,,,Y,4,0,1,1,A,-,08,22107,,N,E,I,A,A,H,-,B,D,0,,,,,Y,,D,23,0,0,1,0,0,0,0,0,0,"- ","- ",,,MODOC,UNINCORPORATED,,
90095173,2016,2016-01-14,9170,2016-01-06,1000,019786,,3,1,9,2500,0,1,3,,1,004,SR-299,"CRESSLER STREET",0.00,,Y,D,-,Y,,,299,,,,,,,Y,3,0,2,2,A,-,09,21802,A,N,D,C,A,C,H,-,A,A,0,,,,Y,Y,,A,08,0,1,1,0,0,0,0,0,0,"- ","- ",41.529670000000003,-120.17994,MODOC,UNINCORPORATED,-120.17994016,41.529653109999998
90124046,2016,2016-02-25,9170,2016-02-18,0950,019786,,4,1,9,2500,0,1,3,,2,006,SR-139,"COUNTY ROAD 91",3696.00,S,N,D,-,Y,,,139,,,,,,,N,4,0,1,1,A,-,03,22350,,N,E,I,A,C,H,-,A,D,0,,,,,Y,,A,07,0,0,1,0,0,0,0,0,0,"- ","- ",41.532400000000003,-121.14367,MODOC,UNINCORPORATED,-121.14367559,41.532375430000002
90125283,2016,2016-02-29,9170,2016-02-21,1550,021104,,7,2,9,2500,0,3,5,,1,023,"COUNTY ROAD 1","COUNTY ROAD 17",3168.00,S,N,B,-,N,,,,,,,,,,Y,3,0,1,1,C,-,18,,,N,H,H,A,A,H,-,A,D,0,,,Y,,Y,,-,"- ",0,1,0,0,0,0,0,0,1,"- ","- ",41.582210000000003,-120.17228,MODOC,UNINCORPORATED,-120.20106445,41.645685610000001
90129220,2016,2016-03-04,9170,2016-02-27,1141,021238,,6,1,9,2500,0,1,3,,1,005,"STATE ROUTE 299","COUNTY ROAD 150",119.00,E,N,A,-,Y,,,299,,,,,,,Y,3,0,1,1,A,-,05,21460,A,N,E,J,A,A,H,-,A,D,0,,,,,Y,,A,07,0,1,0,0,0,0,0,0,0,"- ","- ",41.19464,-120.94423,MODOC,UNINCORPORATED,-120.94421909,41.194639530000003
90133654,2016,2016-03-10,9170,2016-03-04,2241,020558,,5,3,9,2500,0,3,5,,2,025,"COUNTY ROAD 56","COUNTY ROAD 57",370.00,E,N,B,C,N,,,,,,,,,,Y,3,0,3,1,A,-,08,22107,,N,F,A,A,B,H,-,D,D,0,,,,,Y,,A,07,0,3,0,0,0,0,0,0,0,"- ","- ",41.492359999999998,-120.49162,MODOC,UNINCORPORATED,-120.48903184,41.483432229999998
90140169,2016,2016-03-21,9170,2016-03-05,1545,021238,,6,2,9,2500,0,1,3,,1,005,"STATE ROUTE 299","COUNTY ROAD 86",2112.00,E,N,B,-,Y,,,299,,,,,,,Y,2,0,1,1,A,-,01,23152,B,N,E,I,A,A,H,-,A,D,0,,,,,Y,Y,A,07,1,0,0,0,0,0,0,0,0,"- ","- ",41.241889999999998,-120.91152,MODOC,UNINCORPORATED,-120.91155093,41.241911969999997
90142184,2016,2016-03-23,9170,2016-03-22,1035,016057,,2,1,9,2500,0,1,2,,1,003,"RT 395","COUNTY ROAD 9",24288.00,S,N,B,D,Y,,,,,,,,,,Y,3,0,1,1,A,-,08,22107,,N,E,I,A,B,H,-,A,D,0,,,,,Y,,A,07,0,1,0,0,0,0,0,0,0,"- ","- ",41.512900000000002,-120.21340000000001,MODOC,UNINCORPORATED,-120.35716646,41.851877350000002
90152891,2016,2016-04-07,9145,2016-03-29,1915,015241,,2,2,9,2500,0,3,5,,2,009,"COUNTY ROAD 104","OSBORNE ROAD",1135.00,S,N,A,-,N,,,,,,,,,,Y,4,0,1,1,A,-,01,23152,E,N,E,I,A,A,B,-,A,D,0,,,,,Y,,A,01,0,0,1,0,0,0,0,0,0,"- ","- ",41.950560000000003,-122.44757,MODOC,UNINCORPORATED,,
90158624,2016,2016-04-15,9170,2016-04-14,1045,020152,,4,1,9,2500,0,1,3,,1,005,SR-299,"COUNTY ROAD 150",2112.00,E,N,B,-,Y,,,299,,,,,,,Y,4,0,1,1,C,-,18,,,N,H,H,A,A,H,-,A,D,0,,,,,Y,,-,"- ",0,0,1,0,0,0,0,0,0,"- ","- ",41.265940000000001,-120.89435,MODOC,UNINCORPORATED,-120.8943599,41.265939109999998
90160848,2016,2016-04-19,9170,2016-04-12,1400,021238,,2,2,9,2500,0,1,2,,1,003,"UNITED STATES HIGHWAY 395","COUNTY ROAD 133C",4224.00,N,N,C,-,Y,,,395,,,,,,,Y,3,0,1,1,A,-,03,22350,,N,E,I,A,B,H,-,A,D,0,,,,,Y,,A,01,0,1,0,0,0,0,0,0,0,"- ","- ",41.80209,-120.36435,MODOC,UNINCORPORATED,-120.36418836999999,41.801957180000002
90180161,2016,2016-05-16,9170,2016-05-10,0245,020756,,2,3,9,2500,0,1,3,,1,004,"SR 299","STOUGH RESEVOIR RD. (43N07)",1584.00,W,N,A,-,Y,,,,,,,,,,Y,4,0,1,1,A,-,08,22107,,N,E,I,A,A,H,-,D,D,0,,,,,Y,,A,01,0,0,1,0,0,0,0,0,0,"- ","- ",,,MODOC,UNINCORPORATED,,
90180902,2016,2016-05-17,9170,2016-05-10,0830,016673,,2,1,9,2500,0,1,3,,1,005,"SR-299 W/B","MODOC COUNTY ROAD 75",2640.00,W,N,A,-,Y,,,,,,,,,,Y,4,0,1,1,A,-,08,22107,,N,E,I,A,A,H,-,A,D,0,,,,,Y,,A,07,0,0,1,0,0,0,0,0,0,"- ","- ",,,MODOC,UNINCORPORATED,,
90204519,2016,2016-06-20,9170,2016-06-17,1635,018478,,5,2,9,2500,0,1,3,,2,006,SR-139,"COUNTY ROAD 91",5280.00,S,N,B,C,Y,,,139,,,,,,,Y,3,0,5,3,A,-,03,22350,,N,C,C,A,B,D,-,A,A,0,,,,,Y,,D,22,0,1,4,0,0,0,0,0,0,"- ","- ",41.533369999999998,-121.14655,MODOC,UNINCORPORATED,-121.14658448,41.533295150000001
90215794,2016,2016-07-05,9170,2016-06-22,0915,021238,,3,1,9,2500,0,1,3,,1,005,"STATE ROUTE 299","COUNTY ROAD 86",2112.00,E,N,A,-,Y,,,299,,,,,,,Y,3,0,1,1,A,-,08,22107,,N,F,A,A,A,H,-,A,D,0,,,,,Y,,A,01,0,1,0,0,0,0,0,0,0,"- ","- ",41.242910000000002,-120.91091,MODOC,UNINCORPORATED,-120.91085296999999,41.242866730000003
90218376,2016,2016-07-07,9170,2016-07-02,1815,020724,,6,2,9,2500,0,3,5,,2,025,"WEST WARNER ROAD","PARKER CREEK RD",5808.00,S,N,A,-,N,,,,,,,,,,Y,3,0,2,1,A,-,01,23152,A,N,E,I,A,A,H,-,A,D,0,,,,,Y,Y,A,07,0,2,0,0,0,0,0,0,0,"- ","- ",41.266620000000003,-120.19548,MODOC,UNINCORPORATED,,
90218779,2016,2016-07-08,9170,2016-06-26,0057,021104,,7,3,9,2500,0,1,3,,1,005,"STATE HIGHWAY 299","COUNTY ROAD 85",3696.00,E,N,A,-,Y,,,,,,,,,,Y,4,0,1,1,A,-,08,22107,,N,E,J,A,A,H,-,D,D,0,,,,,Y,,A,01,0,0,1,0,0,0,0,0,0,"- ","- ",41.220080000000003,-120.57297,MODOC,UNINCORPORATED,,
90220321,2016,2016-07-11,9170,2016-07-06,0124,020558,,3,3,9,2500,0,1,2,,1,003,US395,SR-299,2112.00,N,N,A,-,Y,,,395,,,,,,,Y,4,0,1,1,A,-,08,22107,,N,F,A,A,A,H,-,D,D,0,,,,,Y,,D,22,0,0,1,0,0,0,0,0,0,"- ","- ",41.54374,-120.45574999999999,MODOC,UNINCORPORATED,-120.45571139,41.543698910000003
90229232,2016,2016-07-25,9170,2016-07-13,1715,019786,,3,2,9,2500,0,1,3,,2,006,SR-139,"LOVENESS RD",1584.00,N,N,A,-,Y,,,,,,,,,,Y,3,0,4,1,A,-,08,22107,,N,F,A,A,A,H,-,A,D,0,,,,,Y,,A,07,0,2,2,0,0,0,0,0,0,"- ","- ",,,MODOC,UNINCORPORATED,-120.98555336,41.500874150000001
90229242,2016,2016-07-25,9170,2016-07-15,1740,021043,,5,2,9,2500,0,3,5,,2,025,"COUNTY ROAD 64","JUNIPER ACRES LN",13200.00,E,N,A,-,N,,,,,,,,,,Y,2,0,4,1,A,-,01,23152,A,N,E,I,A,A,H,-,A,D,0,,,,,Y,Y,D,22,4,0,0,0,0,0,0,0,0,"- ","- ",41.141649999999998,-120.21120000000001,MODOC,UNINCORPORATED,-120.35146542,41.236249999999998
90233418,2016,2016-07-29,9170,2016-07-16,0010,021104,,6,3,9,2500,0,3,5,,1,023,"COUNTY ROAD 1","COUNTY ROAD 14",2112.00,N,N,A,-,N,,,,,,,,,,Y,2,0,1,1,A,-,03,22350,,F,E,I,A,A,H,-,D,D,0,,,,,Y,,D,22,1,0,0,0,0,0,0,0,0,"- ","- ",41.387230000000002,-120.10908000000001,MODOC,UNINCORPORATED,-120.18164,41.644554319999997
90240176,2016,2016-08-08,9170,2016-08-03,1930,021104,,3,2,9,2500,0,1,3,,1,005,"STATE HIGHWAY 299","SURREY LANE",4224.00,E,N,A,-,Y,,,299,,,,,,,Y,2,0,1,1,A,-,01,23152,A,N,F,A,A,A,H,-,A,D,0,,,,,Y,Y,D,22,1,0,0,0,0,0,0,0,0,"- ","- ",41.490049999999997,-120.70310000000001,MODOC,UNINCORPORATED,-120.70319748999999,41.490455310000002
90246118,2016,2016-08-16,9170,2016-08-14,1655,019786,,7,2,9,2500,0,1,3,,1,004,SR-299,US-395,0.00,,Y,A,-,Y,,,299,,,,,,,N,2,0,1,1,A,-,21,22106,,N,F,A,A,A,H,-,A,D,0,,,Y,,Y,,C,02,1,0,0,0,0,0,0,0,1,"- ","- ",41.54016,-120.45996,MODOC,UNINCORPORATED,-120.45991241999999,41.5402074
90246222,2016,2016-08-16,9170,2016-08-15,1730,019786,,1,2,9,2500,0,1,2,,1,002,US-395,"LYNETA ROAD",528.00,N,N,A,-,Y,,,395,,,,,,,Y,3,0,1,1,A,-,01,23152,A,N,F,A,A,A,H,-,A,D,0,,,,,Y,Y,A,07,0,1,0,0,0,0,0,0,0,"- ","- ",41.317709999999998,-120.50744,MODOC,UNINCORPORATED,-120.5072468,41.317743520000001
90252128,2016,2016-08-24,9170,2016-08-22,1140,016057,,1,1,9,2500,0,3,5,,1,023,"COUNTY ROAD 1","C/R 17",135.00,S,N,A,-,N,,,,,,,,,,Y,3,0,1,1,C,-,18,,,N,H,H,A,A,H,-,A,D,0,,,Y,,Y,,-,"- ",0,1,0,0,0,0,0,0,1,"- ","- ",41.645249999999997,-120.21222,MODOC,UNINCORPORATED,-120.17609483,41.590852740000003
90255514,2016,2016-08-29,9170,2016-08-17,0706,021238,,3,1,9,2500,0,1,3,,1,005,"STATE HIGHWAY 299","COUNTY ROAD 75",16896.00,W,N,A,-,Y,,,,,,,,,,Y,2,0,1,2,A,-,03,22350,,N,C,C,A,A,H,-,A,D,0,,,Y,,Y,,A,07,1,0,0,0,0,0,0,0,1,"- ","- ",41.29477,-120.41938,MODOC,UNINCORPORATED,-120.70010047,41.491261129999998
90261298,2016,2016-09-06,9170,2016-08-29,0100,020152,,1,3,9,2500,0,3,5,,2,025,"COUNTY ROAD 61",US-395,2640.00,W,N,A,-,N,,,,,,,,,,Y,3,0,1,1,A,-,03,22350,,N,E,I,A,A,H,-,D,D,0,,,,,Y,Y,D,22,0,1,0,0,0,0,0,0,0,"- ","- ",41.400530000000003,-120.54906,MODOC,UNINCORPORATED,-120.55026097,41.400623209999999
90263408,2016,2016-09-07,9170,2016-08-30,0815,016057,,2,1,9,2500,0,1,3,,1,004,"RT 299","COUNTY ROAD 24",30624.00,E,N,A,-,Y,,,299,,,,,,,Y,4,0,2,1,A,-,08,22107,,N,F,A,A,A,H,-,A,D,0,,,,,Y,,A,01,0,0,2,0,0,0,0,0,0,"- ","- ",41.5486,-120.03489999999999,MODOC,UNINCORPORATED,-120.03489568000001,41.54857406
90266368,2016,2016-09-13,9170,2016-09-05,1828,020152,,1,2,9,2500,0,1,3,,1,004,SR-299,"MCKENNEY DRIVE",6336.00,E,N,A,-,Y,,,299,,,,,,,Y,4,0,1,1,A,-,08,22107,,N,E,I,A,A,H,-,A,D,0,,,,,Y,,D,22,0,0,1,0,0,0,0,0,0,"- ","- ",41.56082,-120.28429,MODOC,UNINCORPORATED,-120.28429029999999,41.560766979999997
90270085,2016,2016-09-19,9170,2016-09-02,1950,021104,,5,2,9,2500,0,1,3,,1,005,"STATE HIGHWAY 299","COUNTY ROAD 85",14256.00,W,N,A,-,Y,,,299,,,,,,,Y,3,0,2,1,A,-,01,23152,A,N,F,A,A,A,H,-,B,D,0,,,,,Y,Y,D,22,0,2,0,0,0,0,0,0,0,"- ","- ",41.346359999999997,-120.92461,MODOC,UNINCORPORATED,-120.92460788,41.346376650000003
90270112,2016,2016-09-19,9170,2016-09-04,0450,021104,,7,3,9,2500,0,3,5,,1,023,"COUNTY ROAD 1","COUNTY ROAD 42",7392.00,S,N,B,C,N,,,,,,,,,,Y,3,0,1,1,A,-,08,22107,,N,E,I,A,B,H,-,D,D,0,,,,,Y,Y,A,01,0,1,0,0,0,0,0,0,0,"- ","- ",41.153829999999999,-120.44799999999999,MODOC,UNINCORPORATED,-120.07423575,41.255482639999997
90271256,2016,2016-09-20,9145,2016-09-11,1625,018254,,7,2,9,2500,0,3,5,,2,008,"COUNTY ROAD 101",SR-139,1056.00,E,N,A,-,N,,,,,,,,,,N,2,0,5,2,A,-,09,21804,A,N,D,C,A,A,H,-,A,D,0,,,,,Y,,D,22,2,0,3,0,0,0,0,0,0,"- ","- ",41.921959999999999,-121.41280999999999,MODOC,UNINCORPORATED,-121.43089931999999,41.921947029999998
90275557,2016,2016-09-26,9170,2016-09-19,1310,018478,,1,1,9,2500,0,1,2,,1,001,SR-139,"FOREST SERVICE 44N11",10032.00,S,N,A,-,Y,,,139,,,,,,,Y,2,0,1,1,A,-,08,22107,,N,F,A,A,A,H,-,A,A,0,,,,,Y,,A,07,1,0,0,0,0,0,0,0,0,"- ","- ",41.513919999999999,-121.04984,MODOC,UNINCORPORATED,-121.04985508999999,41.513844349999999
90288446,2016,2016-10-10,9145,2016-10-04,0910,015241,,2,1,9,2500,0,1,3,,1,090,SR-139,"CO RD 97",8976.00,S,N,A,-,Y,,,139,,,,,,,N,4,0,1,2,A,-,04,21703,,N,D,C,A,A,D,-,A,D,0,,,,,Y,,B,08,0,0,1,0,0,0,0,0,0,"- ","- ",41.648380000000003,-121.24043,MODOC,UNINCORPORATED,-121.24038718,41.648411869999997
90321196,2016,2016-11-16,9170,2016-11-07,0845,016057,,1,1,9,2500,0,3,5,,2,025,"COUNTY ROAD 54","COUNTY ROAD 76",4752.00,W,N,A,-,N,,,,,,,,,,Y,4,0,1,1,A,-,08,22107,,N,F,A,A,A,H,-,A,D,0,,,,,Y,,A,01,0,0,1,0,0,0,0,0,0,"- ","- ",41.443550000000002,-120.60754,MODOC,UNINCORPORATED,-120.6097281,41.442227760000002
90325130,2016,2016-11-18,9145,2016-11-18,0750,018210,,5,1,9,2500,0,3,5,,2,009,"COUNTY ROAD 111","COUNTY ROAD 99",38.00,W,N,B,-,N,,,,,,,,,,Y,4,0,1,2,A,-,12,22450,A,N,D,C,A,A,H,-,A,A,0,,,,,Y,,D,22,0,0,1,0,0,0,0,0,0,"- ","- ",41.892969999999998,-121.41732,MODOC,UNINCORPORATED,-121.41728000000001,41.89302
90328532,2016,2016-11-23,9170,2016-11-18,1335,018478,,5,1,9,2500,0,1,2,,1,003,US-395,"COUNTY RD 133 C",1584.00,S,N,A,-,Y,,,,,,,,,,Y,3,0,1,1,A,-,08,22107,,N,E,J,A,A,H,-,A,D,0,,,,,Y,,A,07,0,1,0,0,0,0,0,0,0,"- ","- ",,,MODOC,UNINCORPORATED,,
90336513,2016,2016-12-05,9170,2016-11-22,0845,020152,,2,1,9,2500,0,1,2,,1,002,US-395,"GLENN STREET",1056.00,S,N,A,-,Y,,,395,,,,,,,Y,2,0,3,2,A,-,03,22350,,N,A,C,A,C,H,-,A,D,0,,,,,Y,,A,01,1,0,2,0,0,0,0,0,0,"- ","- ",41.476900000000001,-120.54308,MODOC,UNINCORPORATED,-120.54313482000001,41.476922420000001
90354472,2016,2016-12-27,9170,2016-12-22,0410,014609,,4,3,9,2500,0,1,3,,2,006,SR-139,"LOVENESS RD",264.00,S,N,A,-,Y,,,139,,,,,,,Y,4,0,1,1,A,-,03,22350,,N,E,I,A,B,H,-,D,D,0,,,,,Y,,A,01,0,0,1,0,0,0,0,0,0,"- ","- ",41.497630000000001,-120.97082,MODOC,UNINCORPORATED,-120.97082601,41.497618869999997
90357686,2016,2016-12-29,9145,2016-12-23,1530,018124,,5,2,9,2500,0,1,3,,1,090,SR-139,"LOOKOUT RD",11616.00,N,N,D,-,Y,,,,,,,,,,Y,3,0,1,1,A,-,03,22350,,N,E,I,A,C,H,-,A,D,0,,,,,Y,,A,07,0,1,0,0,0,0,0,0,0,"- ","- ",,,MODOC,UNINCORPORATED,,
90366307,2017,2017-01-10,9170,2017-01-01,1650,016057,,7,2,9,2500,0,3,5,,2,025,"COUNTY ROAD 71","CARLSBERG RD",528.00,N,N,D,-,N,,,,,,,,,,Y,3,0,2,1,A,-,03,22350,,N,E,I,A,C,H,-,D,D,0,,,,,Y,,D,22,0,1,1,0,0,0,0,0,0,"- ","- ",,,MODOC,UNINCORPORATED,-120.75773085,41.337015430000001
90368499,2017,2017-01-12,9170,2017-01-06,1210,016673,,5,1,9,2500,0,1,2,,1,002,US-395,"SOUTH FORK PIT RVER BRIDGE",1056.00,N,N,A,-,Y,,,395,,,,,,,Y,3,0,2,1,A,-,03,22350,,N,F,A,A,C,H,-,A,D,0,,,,,Y,,D,22,0,2,0,0,0,0,0,0,0,"- ","- ",41.46546,-120.54806000000001,MODOC,UNINCORPORATED,-120.54804525,41.465453650000001
90370810,2016,2017-01-31,9170,2016-12-11,2110,016057,,7,2,9,2500,0,1,3,,1,004,"STATE ROUTE 299","PATTERSON STREET",12672.00,W,N,B,-,Y,,,299,,,,,,,Y,1,1,0,1,A,-,01,23152,F,N,E,I,A,B,H,-,B,D,0,,,,,Y,Y,A,01,0,0,0,0,0,0,0,0,0,"- ","- ",41.534210000000002,-120.22401000000001,MODOC,UNINCORPORATED,-120.22399768,41.534251339999997
90371859,2017,2017-01-18,9170,2017-01-11,1300,015993,,3,1,9,2500,0,1,3,,1,005,"STATE ROUTE 299","COUNTY ROAD 85",15840.00,W,N,A,-,Y,,,,,,,,,,N,3,0,1,1,A,-,08,22107,,N,E,I,A,C,H,-,A,D,0,,,,,Y,,D,22,0,1,0,0,0,0,0,0,0,"- ","- ",41.337699999999998,-120.33813000000001,MODOC,UNINCORPORATED,,
90374005,2017,2017-01-20,9170,2017-01-19,0730,020152,,4,1,9,2500,0,3,5,,2,025,"COUNTY ROAD 54","COUNTY ROAD 268",67.00,E,N,B,-,N,,,,,,,,,,Y,3,0,1,2,A,-,09,21802,A,N,C,C,A,C,H,-,A,A,0,,,,,Y,,A,01,0,1,0,0,0,0,0,0,0,"- ","- ",41.424950000000003,-120.64632,MODOC,UNINCORPORATED,-120.64607937,41.424928340000001
90374164,2017,2017-02-16,9170,2017-01-19,1030,020152,,4,1,9,2500,0,1,3,,2,006,SR-139,"LOVENESS ROAD",150.00,N,N,B,-,Y,,,139,,,,,,,N,4,0,1,1,A,-,03,22350,,N,E,J,A,C,H,-,A,D,0,,,,,Y,,A,01,0,0,1,0,0,0,0,0,0,"- ","- ",41.499960000000002,-120.98052,MODOC,UNINCORPORATED,-120.98052057,41.499956779999998
90394265,2017,2017-02-15,9170,2017-02-12,1913,020558,,7,2,9,2500,0,3,5,,2,025,"COUNTY ROAD 75","HWY 299",3643.00,S,N,A,-,N,,,,,,,,,,N,3,0,1,1,A,-,01,23152,A,N,F,A,A,A,H,-,D,D,0,,,Y,,Y,Y,C,06,0,1,0,0,0,0,0,0,1,"- ","- ",41.476410000000001,-120.64019999999999,MODOC,UNINCORPORATED,-120.64017078000001,41.476793839999999
90399880,2017,2017-02-24,9170,2017-02-23,0935,020152,,4,1,9,2500,0,1,3,,1,005,SR-299,"COUNTY ROAD 198 (EAST)",3696.00,E,N,B,D,Y,,,299,,,,,,,Y,4,0,1,1,A,-,03,22350,,N,E,I,A,C,H,-,A,D,0,,,,,Y,,D,22,0,0,1,0,0,0,0,0,0,"- ","- ",41.287939999999999,-120.89131,MODOC,UNINCORPORATED,-120.89125434,41.287919700000003
90414881,2016,2017-03-20,9170,2016-10-30,2500,020152,,7,4,9,2500,0,3,5,,1,023,"COUNTY ROAD 1","CO. RD. 9",8448.00,N,N,B,-,N,,,,,,,,,,N,2,0,1,2,A,-,01,23152,A,F,G,B,E,A,H,-,D,D,0,Y,,,,Y,Y,A,01,1,0,0,0,1,0,0,0,0,"- ","- ",41.813290000000002,-120.1741,MODOC,UNINCORPORATED,-120.17404815,41.813709099999997
90417031,2017,2017-03-22,9170,2017-03-16,0600,018478,,4,1,9,2500,0,3,5,,2,025,"COUNTY ROAD 64",US-395,2640.00,E,N,A,-,N,,,,,,,,,,N,4,0,1,1,C,-,18,,,N,H,H,A,A,H,-,D,D,0,,,,,Y,,-,"- ",0,0,1,0,0,0,0,0,0,"- ","- ",,,MODOC,UNINCORPORATED,-120.49433639,41.230610660000004
90420574,2017,2017-03-24,9170,2017-03-18,1230,019786,,6,1,9,2500,0,1,2,,1,002,US-395,"COUNTY ROAD 151",700.00,S,N,C,-,Y,,,395,,,,,,,Y,4,0,1,1,A,-,08,22107,,N,E,I,A,B,H,-,A,D,0,,,,,Y,,A,01,0,0,1,0,0,0,0,0,0,"- ","- ",41.259239999999998,-120.50436000000001,MODOC,UNINCORPORATED,-120.50411025,41.259226810000001
90428732,2017,2017-04-06,9170,2017-04-03,0144,020558,,1,3,9,2500,0,1,3,,1,005,"HWY 299","COUNTY ROAD 84",13200.00,W,N,A,-,Y,,,,,,,,,,Y,3,0,3,1,A,-,08,22107,,N,F,A,A,A,H,-,D,D,0,,,,,Y,,A,01,0,2,1,0,0,0,0,0,0,"- ","- ",41.374360000000003,-120.95523,MODOC,UNINCORPORATED,,
90446527,2017,2017-05-01,9170,2017-04-25,0520,016673,,2,3,9,2500,0,3,5,,2,025,"COUNTY ROAD 91","COUNTY ROAD 91 A",351.00,S,N,B,-,N,,,,,,,,,,Y,3,0,1,1,A,-,01,23152,A,N,E,I,A,C,H,-,D,D,0,,,,,Y,Y,A,01,0,1,0,0,0,0,0,0,0,"- ","- ",41.210529999999999,-121.14707,MODOC,UNINCORPORATED,-121.14717234,41.210731160000002
90464021,2017,2017-05-25,9170,2017-05-16,1350,016057,,2,1,9,2500,0,1,3,,1,005,"HWY 299 W/OF COUNTY ROAD 68","COUNTY ROAD 68",1584.00,W,N,B,C,Y,,,,,,,,,,Y,3,0,1,2,A,-,05,21650,,N,A,C,A,B,H,-,A,D,0,,,,Y,Y,,A,07,0,1,0,0,0,0,0,0,0,"- ","- ",41.465449999999997,-120.75599,MODOC,UNINCORPORATED,-120.76042366,41.464343589999999
90477522,2017,2017-06-14,9170,2017-06-12,0930,015993,,1,1,9,2500,0,1,3,,1,005,"STATE HIGHWAY 299","SURREY LANE",2112.00,E,N,C,-,Y,,,299,,,,,,,Y,3,0,1,1,A,-,08,22107,,N,E,I,A,B,H,-,A,D,0,,,,,Y,,A,01,0,1,0,0,0,0,0,0,0,"- ","- ",41.483319999999999,-120.71463,MODOC,UNINCORPORATED,-120.71464915,41.483346130000001
90489095,2017,2017-06-27,9170,2017-06-20,1330,016057,,2,1,9,2500,0,1,2,,1,003,"RT 395","HWY 299",6336.00,N,N,A,-,Y,,,395,,,,,,,Y,3,0,1,1,A,-,08,22107,,N,F,A,A,A,H,-,A,D,0,,,,,Y,,D,22,0,1,0,0,0,0,0,0,0,"- ","- ",41.55659,-120.44593999999999,MODOC,UNINCORPORATED,-120.4459222,41.556576900000003
90490461,2017,2017-06-29,9170,2017-06-26,0900,016057,,1,1,9,2500,0,3,5,,2,024,"COUNTY ROAD 91","FOREST ROUTE 56",2112.00,S,N,A,-,N,,,,,,,,,,N,3,0,1,2,A,-,05,21650,,N,B,C,A,A,H,-,A,D,0,,,,Y,Y,,G,25,0,1,0,0,0,0,0,0,0,"- ","- ",41.473419999999997,-121.16018,MODOC,UNINCORPORATED,-121.16018,41.473419999999997
90503110,2017,2017-07-18,9170,2017-07-08,0500,021104,,6,3,9,2500,0,1,2,,1,003,"US HIGHWAY 395","COUNTY ROAD 133C",528.00,N,N,A,-,Y,,,395,,,,,,,Y,2,0,1,1,C,-,18,,,N,H,H,A,A,H,-,B,D,0,,,Y,,Y,,-,"- ",1,0,0,0,0,0,0,0,1,"- ","- ",41.792270000000002,-120.3685,MODOC,UNINCORPORATED,-120.36855889,41.792293669999999
90510021,2017,2017-07-27,9170,2017-07-23,1200,021683,,7,1,9,2500,0,3,5,,2,025,"OPEN DESERT WEST OF LAGUNA ROAD","COUNTY ROAD 230",21120.00,S,N,A,-,N,,,,,,,,,,N,2,0,1,1,A,-,03,38305,,N,F,A,A,A,H,-,A,D,0,,,Y,,Y,,C,02,1,0,0,0,0,0,0,0,1,"- ","- ",41.364019999999996,-120.63364,MODOC,UNINCORPORATED,,
90515850,2017,2017-08-03,9170,2017-08-02,1630,020503,,3,2,9,2500,0,3,5,,2,025,"COUNTY ROAD 71","CANYON CREEK ROAD",6864.00,S,N,B,-,N,,,,,,,,,,N,4,0,1,1,A,-,08,22107,,N,E,I,A,A,H,-,A,D,0,,,,,Y,,D,22,0,0,1,0,0,0,0,0,0,"- ","- ",41.350819999999999,-120.73667,MODOC,UNINCORPORATED,-120.73287000000001,41.272620000000003
90526458,2017,2017-08-18,9170,2017-08-11,1025,018478,,5,1,9,2500,0,1,2,,1,002,US-395,"COUNTY RD 63",91.00,S,N,A,-,Y,,,,,,,,,,N,3,0,1,1,A,-,08,22107,,N,H,A,A,A,H,-,A,D,0,,Y,,,Y,,L,04,0,1,0,0,0,0,1,0,0,"- ","- ",,,MODOC,UNINCORPORATED,-120.50371,41.223050280000002
90529017,2017,2017-08-23,9170,2017-08-11,0736,021683,,5,1,9,2500,0,1,3,,1,004,"SR-299 E/B","COUNTY ROAD 195 (SKI TOW ROAD)",4752.00,E,N,A,-,Y,,,299,,,,,,E,Y,2,0,8,1,A,-,08,22107,,N,F,A,A,A,H,-,A,D,0,,,,Y,Y,,F,26,1,7,0,0,0,0,0,0,0,"- ","- ",41.532800000000002,-120.20486,MODOC,UNINCORPORATED,-120.20488087,41.53274322
90536323,2017,2017-08-29,9170,2017-08-27,1048,021727,,7,1,9,2500,0,1,3,,1,005,"E/B 299","CO RD 85",2112.00,W,N,A,-,Y,,,,,,,,,,Y,3,0,1,1,A,-,08,22107,,N,E,I,A,A,H,-,A,D,0,,,,,Y,,A,08,0,1,0,0,0,0,0,0,0,"- ","- ",41.35624,-120.94410999999999,MODOC,UNINCORPORATED,,
90539577,2017,2017-09-04,9170,2017-08-25,1202,021683,,5,1,9,2500,0,1,3,,1,005,SR-299,"FOREST ROUTE 41N11",571.00,W,N,A,-,Y,,,299,,,,,,,Y,3,0,1,1,A,-,01,23152,A,N,E,I,A,A,H,-,A,D,0,,,,,Y,Y,D,22,0,1,0,0,0,0,0,0,0,"- ","- ",41.305050000000001,-120.89491,MODOC,UNINCORPORATED,-120.89499059000001,41.305006769999999
90543748,2017,2017-09-08,9170,2017-09-01,2025,014609,,5,2,9,2500,0,1,2,,1,003,"U.S. 395","COUNTY RD 53",418.00,S,N,A,-,Y,,,,,,,,,,Y,3,0,1,1,C,-,18,,,N,H,H,A,A,H,-,D,D,0,,,,,Y,,-,"- ",0,1,0,0,0,0,0,0,0,"- ","- ",41.64114,-120.40051,MODOC,UNINCORPORATED,-120.41196791,41.619595179999997
90549109,2017,2017-09-15,9170,2017-09-07,1450,021727,,4,2,9,2500,0,1,2,,1,003,US-395,"THOMS CREEK ROAD",4224.00,S,N,A,-,Y,,,395,,,,,,,Y,2,0,5,1,A,-,08,22107,,N,F,A,A,A,H,-,A,D,0,,,,,Y,,A,07,1,3,1,0,0,0,0,0,0,"- ","- ",41.586910000000003,-120.43259999999999,MODOC,UNINCORPORATED,-120.43255026999999,41.5868866
90557470,2017,2017-09-27,9170,2017-09-24,1905,021104,,7,2,9,2500,0,3,5,,1,023,"COUNTY ROAD 1","COUNTY ROAD 117",10560.00,N,N,A,-,N,,,,,,,,,,Y,4,0,1,1,A,-,08,22107,,N,F,I,A,A,H,-,B,D,0,,,,,Y,,D,22,0,0,1,0,0,0,0,0,0,"- ","- ",41.680280000000003,-120.21717,MODOC,UNINCORPORATED,-120.21723308,41.680316949999998
90560255,2017,2017-09-29,9170,2017-09-19,2030,021727,,2,2,9,2500,0,3,5,,2,025,"COUNTY ROAD 258","FOREST SERVICE ROAD 39N06",7920.00,S,N,A,-,N,,,,,,,,,,N,3,0,1,1,D,-,00,,,N,E,I,A,A,H,-,D,D,0,,,,,Y,,-,"- ",0,1,0,0,0,0,0,0,0,"- ","- ",41.180840000000003,-120.24117,MODOC,UNINCORPORATED,,
90570120,2017,2017-10-13,9170,2017-10-05,0830,021727,,4,1,9,2500,0,1,2,,1,003,US-395,"CO. RD. 206",4224.00,S,N,A,-,Y,,,395,,,,,,,Y,3,0,2,2,A,-,03,22350,,N,C,C,A,A,H,-,A,D,0,,,,,Y,,A,07,0,1,1,0,0,0,0,0,0,"- ","- ",41.940390000000001,-120.31659000000001,MODOC,UNINCORPORATED,-120.31687171999999,41.940510089999997
90579083,2017,2017-10-26,9170,2017-10-24,0750,017913,,2,1,9,2500,0,3,5,,2,025,"COUNTY ROAD 91","COUNTY ROAD 90",2112.00,N,N,A,-,N,,,,,,,,,,Y,3,0,3,1,A,-,08,22107,,N,E,I,A,A,H,-,A,D,0,,,,,Y,,A,01,0,1,2,0,0,0,0,0,0,"- ","- ",41.296379999999999,-121.13406999999999,MODOC,UNINCORPORATED,-121.13411149,41.29781689
90581573,2017,2017-10-27,9170,2017-10-17,1310,021683,,2,1,9,2500,0,1,2,,1,003,"UNITED STATES HIGHWAY 395","COUNTY ROAD 133C",10560.00,N,N,A,-,Y,,,,,,,,,,Y,2,0,2,1,A,-,01,23152,A,N,F,A,A,A,H,-,A,D,0,,,,,Y,Y,A,01,2,0,0,0,0,0,0,0,0,"- ","- ",41.845030000000001,-120.35185,MODOC,UNINCORPORATED,-120.353161,41.815879129999999
90585110,2017,2017-11-01,9170,2017-10-26,2108,014609,,4,2,9,2500,0,1,3,,1,005,SR-299,"SPICER LN",87.00,E,N,A,-,Y,,,299,,,,,,,Y,4,0,1,1,A,-,01,23152,A,N,E,I,A,A,H,-,C,D,0,,,,,Y,Y,A,01,0,0,1,0,0,0,0,0,0,"- ","- ",41.494689999999999,-120.57342,MODOC,UNINCORPORATED,-120.57342023,41.494611259999999
90590209,2017,2017-11-08,9170,2017-11-02,1335,020724,,4,1,9,2500,0,1,2,,1,003,US-395,"COUNTY ROAD 152",1584.00,S,N,B,-,Y,,,395,,,,,,,Y,3,0,1,3,A,-,08,22107,,N,B,C,A,A,H,-,A,D,0,,,,Y,Y,,A,01,0,1,0,0,0,0,0,0,0,"- ","- ",41.507869999999997,-120.50651000000001,MODOC,UNINCORPORATED,-120.50646003,41.507713840000001
90597617,2017,2017-11-20,9145,2017-11-11,1125,018254,,6,1,9,2500,0,1,3,,1,090,SR-139,"USFS ROAD 46N23",681.00,N,N,A,-,Y,,,139,,,,,,,N,4,0,2,1,A,-,08,22107,,N,E,I,A,A,H,-,A,D,0,,,,,Y,,A,01,0,0,2,0,0,0,0,0,0,"- ","- ",41.800060000000002,-121.30482000000001,MODOC,UNINCORPORATED,-121.30475444,41.800063250000001
90604774,2017,2017-11-29,9170,2017-11-22,1920,020152,,3,2,9,2500,0,1,2,,1,003,US-395,"THOMAS CREEK DRIVE",1584.00,S,N,A,-,Y,,,395,,,,,,,Y,3,0,1,1,A,-,01,23152,A,N,F,A,A,A,H,-,D,D,0,,,,,Y,Y,D,23,0,1,0,0,0,0,0,0,0,"- ","- ",41.59131,-120.42462,MODOC,UNINCORPORATED,-120.42459936,41.59128149
90608560,2017,2017-12-04,9170,2017-11-25,1230,014609,,6,1,9,2500,0,1,2,,1,003,"U.S. 395","VALLEY VIEW RD",20.00,S,N,B,-,Y,,,,,,,,,,N,4,0,2,1,C,-,18,,,N,H,H,A,A,H,-,A,D,0,,,,,Y,,-,"- ",0,0,2,0,0,0,0,0,0,"- ","- ",41.641249999999999,-120.40049999999999,MODOC,UNINCORPORATED,-120.40053689,41.641278970000002
90612565,2017,2017-12-07,9170,2017-11-27,2010,021683,,1,2,9,2500,0,1,3,,1,005,"STATE ROUTE 299","CANAL ST",5.00,W,N,B,-,Y,,,299,,,,,,,Y,3,0,1,3,A,-,01,23152,A,M,E,I,A,A,H,-,D,D,0,,,,,Y,Y,E,22,0,1,0,0,0,0,0,0,0,"- ","- ",41.198819999999998,-120.94425,MODOC,UNINCORPORATED,-120.9441265,41.198815109999998
90612572,2017,2017-12-07,9170,2017-11-27,2012,021683,,1,2,9,2500,0,1,3,,1,005,"STATE ROUTE 299","MCDOWELL ST",65.00,E,N,B,-,Y,,,299,,,,,,,Y,3,0,1,1,A,-,01,23152,A,M,E,I,A,A,H,-,D,D,0,,,,,Y,Y,E,22,0,1,0,0,0,0,0,0,0,"- ","- ",41.19699,-120.9443,MODOC,UNINCORPORATED,-120.94419413999999,41.196986670000001
90613990,2017,2017-12-11,9170,2017-12-03,0230,021043,,7,3,9,2500,0,1,3,,2,006,"STATE ROUTE 139","USFS ROAD 42N11",4752.00,N,N,D,-,Y,,,139,,,,,,,Y,3,0,2,1,A,-,03,22350,,N,E,I,A,C,H,-,D,D,0,,,,,Y,,D,22,0,2,0,0,0,0,0,0,0,"- ","- ",41.522449999999999,-121.09461,MODOC,UNINCORPORATED,-121.09456718,41.522671610000003
90625764,2017,2017-12-25,9145,2017-12-20,0815,018210,,3,1,9,2500,0,1,3,,1,090,SR-139,"COUNTY ROAD 103B",500.00,S,N,B,-,Y,,,139,,,,,,,Y,3,0,2,1,A,-,03,22350,,N,F,A,A,C,H,-,A,D,0,,,,,Y,,D,22,0,2,0,0,0,0,0,0,0,"- ","- ",41.940100000000001,-121.45457999999999,MODOC,UNINCORPORATED,-121.45476343999999,41.939889110000003
90636127,2018,2018-01-09,9170,2018-01-02,0840,016057,,2,1,9,2500,0,1,2,,1,002,"RT 395","COUNTY ROAD 189",4224.00,S,N,A,-,Y,,,395,,,,,,,Y,3,0,2,1,A,-,08,22107,,N,E,I,A,A,H,-,A,D,0,,,,,Y,,A,01,0,2,0,0,0,0,0,0,0,"- ","- ",41.233768463134766,-120.50402069091797,MODOC,UNINCORPORATED,-120.50401306152344,41.233768463134766
90639944,2018,2018-01-16,9170,2018-01-08,2100,021043,,1,2,9,2500,0,3,5,,2,025,"COUNTY ROAD 71","CANYON CREEK ROAD",5808.00,N,N,B,C,N,,,,,,,,,,Y,2,0,1,1,A,-,01,23152,A,N,E,I,A,B,H,-,D,D,0,,,,,Y,Y,A,07,1,0,0,0,0,0,0,0,0,"- ","- ",41.370281219482422,-120.70870971679688,MODOC,UNINCORPORATED,-120.74524688720703,41.2791748046875
90678299,2018,2018-03-08,9170,2018-03-04,0650,016057,,7,1,9,2500,0,3,5,,2,025,"COUNTY ROAD 68",SR-299,0.00,,Y,B,-,Y,,,,,,,,,,Y,2,0,2,2,A,-,09,21802,A,N,D,C,A,A,H,-,A,A,0,,,,,Y,,D,22,1,0,1,0,0,0,0,0,0,"- ","- ",41.46575927734375,-120.75495147705078,MODOC,UNINCORPORATED,-120.75495910644531,41.46575927734375
90681654,2018,2018-03-14,9145,2018-03-08,1930,018210,,4,2,9,2500,0,1,3,,1,090,SR-139,"COUNTY ROAD 121",2640.00,N,N,A,-,Y,,,139,,,,,,,Y,3,0,1,1,A,-,03,22350,,N,F,A,A,A,H,-,D,D,0,,,,Y,Y,,G,27,0,1,0,0,0,0,0,0,0,"- ","- ",41.871528625488281,-121.35186004638672,MODOC,UNINCORPORATED,-121.35187530517578,41.871494293212891
90682232,2017,2018-03-14,9170,2017-12-04,1530,017913,,1,2,2,2501,1,4,S,,2,901,"4TH STREET","N. EAST STREET",100.00,W,N,A,-,N,,,,,,,,,,N,4,0,1,1,D,-,00,,,N,H,A,A,A,H,-,A,D,0,,,,,Y,,-,"- ",0,0,1,0,0,0,0,0,0,"- ","- ",41.487299999999998,-120.5402,MODOC,ALTURAS,-120.54036490999999,41.487342099999999
90704692,2018,2018-04-12,9170,2018-04-08,0430,014609,,7,3,9,2500,0,1,3,,1,005,SR-299,"BUGGY TRACE ROAD",2112.00,E,N,B,-,Y,,,,,,,,,,Y,4,0,1,1,A,-,08,22107,,M,E,I,A,A,H,-,D,D,0,,,,,Y,,D,22,0,0,1,0,0,0,0,0,0,"- ","- ",41.288669586181641,-120.43054962158203,MODOC,UNINCORPORATED,,
90712339,2018,2018-04-24,9170,2018-04-16,0815,015993,,1,1,9,2500,0,1,3,,1,005,"STATE ROUTE 299","COUNTY ROAD 84",3168.00,W,N,D,-,Y,,,299,,,,,,,Y,4,0,1,1,A,-,03,22350,,N,F,A,A,C,H,-,A,D,0,,,,,Y,,A,07,0,0,1,0,0,0,0,0,0,"- ","- ",41.391368865966797,-120.94471740722656,MODOC,UNINCORPORATED,-120.94473266601562,41.391384124755859
90719512,2018,2018-05-03,9170,2018-04-27,0610,019033,,5,1,9,2500,0,1,3,,1,004,SR-299,"PATTERSON ST",1267.00,W,N,A,-,Y,,,299,,,,,,,Y,2,0,1,1,A,-,08,22107,,N,E,I,A,A,H,-,A,D,0,,,,,Y,,A,07,1,0,0,0,0,0,0,0,0,"- ","- ",41.529899597167969,-120.18599700927734,MODOC,UNINCORPORATED,-120.18600463867188,41.529693603515625
90724168,2018,2018-05-10,9170,2018-05-07,0600,016057,,1,1,9,2500,0,1,2,,1,003,US-395,"COUNTY ROAD 81",3696.00,N,N,A,-,Y,,,395,,,,,,,Y,3,0,1,1,A,-,01,23152,F,N,E,I,A,A,H,-,A,D,0,,,,,Y,,D,22,0,1,0,0,0,0,0,0,0,"- ","- ",41.515029907226562,-120.48371887207031,MODOC,UNINCORPORATED,-120.48381805419922,41.515205383300781
90724195,2018,2018-05-10,9170,2018-05-07,0001,020503,,1,3,9,2500,0,1,2,,1,002,US-395,"COUNTY ROAD 233",5808.00,S,N,A,-,Y,,,395,,,,,,,Y,2,0,2,1,A,-,01,23152,A,N,E,I,A,A,H,-,D,D,0,,,,,Y,Y,A,01,1,1,0,0,0,0,0,0,0,"- ","- ",41.340190887451172,-120.51229095458984,MODOC,UNINCORPORATED,-120.51219940185547,41.3402099609375
90724408,2018,2018-05-11,9170,2018-05-04,0020,021139,,5,3,9,2500,0,1,3,,1,005,SR-299,"COUNTY ROAD 75",1056.00,W,N,A,-,Y,,,299,,,,,,,N,2,0,2,1,C,-,18,,,N,H,H,A,A,H,-,D,D,0,,,,,Y,,-,"- ",1,0,1,0,0,0,0,0,0,"- ","- ",41.486679077148438,-120.64473724365234,MODOC,UNINCORPORATED,-120.64473724365234,41.486782073974609
90724955,2018,2018-05-14,9170,2018-05-06,0125,021727,,7,3,9,2500,0,1,3,,2,006,SR-139,"FORREST SERVICE ROAD 43N03",5280.00,S,N,A,-,Y,,,139,,,,,,,N,3,0,2,1,A,-,08,22107,,N,E,I,A,A,H,-,D,D,0,,,,,Y,,A,01,0,1,1,0,0,0,0,0,0,"- ","- ",41.524211883544922,-121.10263061523438,MODOC,UNINCORPORATED,-121.10262298583984,41.524257659912109
90731554,2018,2018-05-22,9170,2018-05-10,0450,021139,,4,3,9,2500,0,1,3,,1,005,"STATE ROUTE 299","COUNTY ROAD 75",1956.00,W,N,A,-,Y,,,,,,,,,,Y,1,1,2,2,A,-,05,21650,,N,A,C,A,A,H,-,B,D,0,,,,Y,Y,,A,01,1,1,0,0,0,0,0,0,0,"- ","- ",41.292129516601562,-120.38825225830078,MODOC,UNINCORPORATED,-120.64717102050781,41.486778259277344
90733356,2018,2018-05-24,9145,2018-05-16,1850,018254,,3,2,9,2500,0,1,3,,1,090,SR-139,"CASUSE MNT. ROAD",587.00,N,N,C,-,Y,,,139,,,,,,,N,3,0,1,1,A,-,08,22107,,N,E,I,A,B,H,-,A,D,0,,,,,Y,,A,01,0,1,0,0,0,0,0,0,0,"- ","- ",41.768211364746094,-121.30312347412109,MODOC,UNINCORPORATED,-121.30303955078125,41.768215179443359
90741383,2018,2018-06-05,9170,2018-05-28,1945,020503,,1,2,9,2500,0,3,5,,2,025,"COUNTY ROAD 66","COUNTY ROAD 64",5808.00,S,N,B,-,N,,,,,,,,,,N,3,0,1,2,A,-,01,23152,A,N,C,C,A,A,H,-,A,D,0,,,,,Y,Y,A,07,0,1,0,0,0,0,0,0,0,"- ","- ",41.216079711914062,-120.45703887939453,MODOC,UNINCORPORATED,-120.45664215087891,41.215549468994141
90744626,2018,2018-06-14,9170,2018-05-30,1335,016673,,3,1,9,2500,0,1,3,,2,006,SR-139,"FORREST SERVICE ROAD 42N11",550.00,S,N,B,-,Y,,,,,,,,,,Y,1,1,0,1,A,-,08,22107,,N,E,I,A,A,H,-,A,D,0,,,,,Y,,A,01,0,0,0,0,0,0,0,0,0,"- ","- ",41.317001342773438,-121.42299652099609,MODOC,UNINCORPORATED,,
90749163,2018,2018-06-15,9170,2018-06-13,1920,021139,,3,2,9,2500,0,3,5,,2,025,"COUNTY ROAD 57","COUNTY ROAD 59B",4752.00,S,N,A,-,N,,,,,,,,,,Y,3,0,1,1,A,-,03,22350,,N,E,I,A,A,H,-,A,D,0,,,,,Y,,A,07,0,1,0,0,0,0,0,0,0,"- ","- ",41.256999969482422,-120.26377105712891,MODOC,UNINCORPORATED,-120.47209930419922,41.439800262451172
90750664,2018,2018-06-19,9170,2018-06-16,1000,019786,,6,1,9,2500,0,1,2,,1,003,US-395,SR-299,7920.00,N,N,A,-,Y,,,395,,,,,,,Y,4,0,1,1,A,-,08,22107,,N,E,I,A,A,H,-,A,D,0,,,,,Y,,D,22,0,0,1,0,0,0,0,0,0,"- ","- ",41.559009552001953,-120.44425964355469,MODOC,UNINCORPORATED,-120.44416809082031,41.558940887451172
90772738,2018,2018-07-19,9170,2018-07-15,1500,016673,,7,2,9,2500,0,1,2,,1,003,US-395,"MODOC COUNTY ROAD 118",3696.00,N,N,B,-,Y,,,395,,,,,,,Y,3,0,2,1,A,-,08,22107,,N,F,A,A,A,H,-,A,D,0,,,,,Y,,M,47,0,2,0,0,0,0,0,0,0,"- ","- ",41.626800537109375,-120.40799713134766,MODOC,UNINCORPORATED,-120.40812683105469,41.626869201660156
90779933,2018,2018-07-30,9170,2018-07-22,0836,021238,,7,1,9,2500,0,1,3,,1,005,"STATE HIGHWAY 299","STATE HIGHWAY 139",300.00,E,N,A,-,Y,,,,,,,,,,Y,4,0,1,2,A,-,03,22350,,N,C,C,A,A,H,-,A,D,0,,,,,Y,,A,01,0,0,1,0,0,0,0,0,0,"- ","- ",41.263748168945312,-120.52558135986328,MODOC,UNINCORPORATED,-120.94470977783203,41.188240051269531
90780196,2018,2018-07-30,9170,2018-07-23,2240,021043,,1,3,9,2500,0,1,3,,1,005,"STATE HIGHWAY 299","CANAL STREET",10.00,E,N,A,-,Y,,,299,,,,,,,Y,4,0,1,3,A,-,08,22107,,N,E,I,A,A,H,-,C,D,0,,,,,Y,,A,01,0,0,1,0,0,0,0,0,0,"- ","- ",41.198978424072266,-120.94422149658203,MODOC,UNINCORPORATED,-120.94410705566406,41.198932647705078
90786550,2018,2018-08-08,9170,2018-08-04,0935,016673,,6,1,9,2500,0,3,5,,2,025,"COUNTY ROAD 91","COUNTY ROAD 90",10560.00,E,N,A,-,N,,,,,,,,,,Y,3,0,1,1,A,-,08,22107,,N,F,A,A,A,H,-,A,D,0,,,,,Y,,A,07,0,1,0,0,0,0,0,0,0,"- ","- ",,,MODOC,UNINCORPORATED,-121.13410186767578,41.292018890380859
90795249,2018,2018-08-21,9170,2018-08-13,1000,016673,,1,1,9,2500,0,1,3,,1,004,SR-299,"STOUGH RESERVOIR ROAD",125.00,W,N,A,-,Y,,,,,,,,,,Y,4,0,1,1,A,-,08,22107,,N,E,I,A,A,H,-,A,D,0,,,,,Y,,A,01,0,0,1,0,0,0,0,0,0,"- ","- ",,,MODOC,UNINCORPORATED,,
90796210,2018,2018-08-22,9145,2018-08-20,1605,018210,,1,2,9,2500,0,1,3,,1,090,SR-139,"COUNTY ROAD 99A",1056.00,N,N,F,-,Y,,,139,,,,,,,N,4,0,1,2,A,-,05,21650,,N,B,C,A,A,H,-,A,D,0,,,,Y,Y,,D,22,0,0,1,0,0,0,0,0,0,"- ","- ",41.894329071044922,-121.38945770263672,MODOC,UNINCORPORATED,-121.38948059082031,41.894302368164062
90813408,2018,2018-09-14,9170,2018-09-07,0140,021727,,5,3,9,2500,0,1,2,,1,003,"RT 395","COUNTY ROAD 133C",14784.00,N,N,A,-,Y,,,395,,,,,,,Y,4,0,1,1,A,-,08,22107,,N,F,A,A,A,H,-,D,D,0,,,,,Y,,E,22,0,0,1,0,0,0,0,0,0,"- ","- ",41.826698303222656,-120.35281372070312,MODOC,UNINCORPORATED,-120.35282897949219,41.826690673828125
90814649,2018,2018-09-17,9170,2018-09-11,1125,018478,,2,1,9,2500,0,1,2,,1,003,US-395,"COUNTY ROADS 47E",528.00,S,N,A,-,Y,,,,,,,,,,Y,3,0,1,1,A,-,08,22107,,N,E,I,A,A,H,-,A,D,0,,,,,Y,,A,01,0,1,0,0,0,0,0,0,0,"- ","- ",,,MODOC,UNINCORPORATED,,
90829162,2018,2018-10-04,9170,2018-09-27,0927,021139,,4,1,9,2500,0,3,5,,1,023,"COUNTY ROAD 1","COUNTY ROAD 144",528.00,S,N,A,-,N,,,,,,,,,,Y,3,0,1,1,C,-,18,,,N,H,H,A,A,H,-,A,D,0,,,,,Y,,-,"- ",0,1,0,0,0,0,0,0,0,"- ","- ",41.485500335693359,-120.16380310058594,MODOC,UNINCORPORATED,-120.16458129882812,41.486602783203125
90851606,2018,2018-11-02,9145,2018-10-26,2010,018254,,5,2,9,2500,0,1,3,,1,090,SR-139,"COUNTY ROAD 121",3696.00,N,N,A,-,Y,,,139,,,,,,,N,3,0,1,1,A,-,08,22107,,N,F,A,A,A,H,-,D,D,0,,,,,Y,Y,A,07,0,1,0,0,0,0,0,0,0,"- ","- ",41.872329711914062,-121.35343933105469,MODOC,UNINCORPORATED,-121.35346221923828,41.872291564941406
90856718,2018,2018-11-08,9170,2018-10-30,1605,021727,,2,2,9,2500,1,1,2,,1,003,"RT 395","SR 299 CEDARVILLE WYE",6336.00,S,N,A,-,Y,,,395,,,,,,,Y,4,0,1,2,A,-,03,22350,,N,F,A,A,A,H,-,A,A,0,,,,Y,Y,,G,25,0,0,1,0,0,0,0,0,0,"- ","- ",41.525611877441406,-120.47308349609375,MODOC,UNINCORPORATED,-120.47312927246094,41.525650024414062
90861903,2018,2018-11-16,9170,2018-11-13,0730,018478,,2,1,9,2500,0,1,2,,1,003,US-395,"COUNTY ROAD 133C",16368.00,N,N,A,-,Y,,,395,,,,,,,Y,3,0,1,1,A,-,08,22107,,N,E,I,A,A,H,-,A,D,0,,,,,Y,,A,01,0,1,0,0,0,0,0,0,0,"- ","- ",41.834400177001953,-120.35748291015625,MODOC,UNINCORPORATED,-120.35749816894531,41.834384918212891
90861955,2018,2018-11-16,9170,2018-11-08,1305,016057,,4,1,9,2500,0,3,5,,2,024,"MALLARD LN","PINTAIL DR",473.00,W,N,A,-,N,,,,,,,,,,Y,2,0,5,1,A,-,01,23152,A,N,E,I,A,A,H,-,A,D,0,,,,,Y,Y,A,07,1,0,4,0,0,0,0,0,0,"- ","- ",41.530338287353516,-120.53748321533203,MODOC,UNINCORPORATED,-120.53733062744141,41.530467987060547
90867111,2018,2018-11-26,9170,2018-11-22,0820,016673,,4,1,9,2500,0,3,5,,2,024,"MODOC COUNTY ROAD 91","MODOC COUNTY ROAD 90",2640.00,S,N,C,-,N,,,,,,,,,,Y,4,0,1,1,A,-,08,22107,,N,E,I,A,B,H,-,A,D,0,,,,,Y,,A,01,0,0,1,0,0,0,0,0,0,"- ","- ",,,MODOC,UNINCORPORATED,-121.13441467285156,41.284774780273438
90868541,2018,2018-11-27,9145,2018-11-24,1330,018210,,6,1,9,2500,0,1,3,,1,090,SR-139,"TICKNER RD",2112.00,S,N,A,-,Y,,,139,,,,,,,Y,4,0,1,3,A,-,05,21650,,N,B,C,A,A,H,-,A,D,0,,,,,Y,,D,22,0,0,1,0,0,0,0,0,0,"- ","- ",41.622329711914062,-121.22075653076172,MODOC,UNINCORPORATED,-121.22074127197266,41.622344970703125
90874645,2018,2019-05-13,9170,2018-11-25,0001,021139,,7,3,9,2500,0,3,5,,2,025,"COUNTY ROAD 91","COUNTY ROAD 91A",756.00,N,N,A,-,N,,,,,,,,,,Y,2,0,1,1,A,-,01,23152,A,N,E,I,A,A,H,-,D,D,0,,,,,Y,Y,A,01,1,0,0,0,0,0,0,0,0,"- ","- ",41.20941162109375,-121.14566040039062,MODOC,UNINCORPORATED,-121.14824676513672,41.213699340820312
90900502,2019,2019-01-09,9170,2019-01-06,1038,020503,,7,1,9,2500,0,1,3,,1,005,SR-299,SR-139,4224.00,W,N,B,D,Y,,,299,,,,,,,Y,4,0,2,1,A,-,03,22350,,N,E,I,A,C,H,-,A,D,0,,,,,Y,,A,07,0,0,2,0,0,0,0,0,0,"- ","- ",41.429988861083984,-120.89067077636719,MODOC,UNINCORPORATED,-120.89059448242188,41.429874420166016
90901215,2018,2019-01-09,9145,2018-12-27,1205,018124,,4,1,9,2500,0,1,3,,1,090,SR-139,"COUNTY ROAD 156",391.00,N,N,A,-,Y,,,139,,,,,,,Y,2,0,2,1,A,-,08,22107,,N,E,I,A,A,H,-,A,D,0,,,,,Y,,E,22,2,0,0,0,0,0,0,0,0,"- ","- ",41.907741546630859,-121.41163635253906,MODOC,UNINCORPORATED,-121.41157531738281,41.907882690429688
90905098,2019,2019-01-15,9170,2019-01-12,0720,018478,,6,1,9,2500,0,3,5,,2,025,"COUNTY ROAD 91","COUNTY ROAD 85",21120.00,N,N,A,-,N,,,,,,,,,,Y,3,0,2,1,A,-,08,22107,,N,F,A,A,A,H,-,A,D,0,,,,,Y,,D,22,0,1,1,0,0,0,0,0,0,"- ","- ",,,MODOC,UNINCORPORATED,-121.17565155029297,41.416118621826172
90912740,2019,2019-01-25,9170,2019-01-23,0935,015993,,3,1,9,2500,0,1,3,,1,005,"STATE HIGHWAY 299","CROWDER FLAT RD",3168.00,W,N,B,-,Y,,,299,,,,,,,Y,4,0,2,1,A,-,08,22107,,N,F,A,A,A,H,-,A,D,0,,,,,Y,,A,07,0,0,2,0,0,0,0,0,0,"- ","- ",41.493648529052734,-120.61618041992188,MODOC,UNINCORPORATED,-120.61617279052734,41.493629455566406
90912760,2019,2019-01-25,9170,2019-01-25,0725,016673,,5,1,9,2500,0,1,3,,1,005,SR-299,"MODOC COUNTY ROAD 68",2640.00,W,N,E,-,Y,,,,,,,,,,Y,4,0,1,1,A,-,03,22350,,N,F,A,A,C,H,-,A,D,0,,,,,Y,,D,22,0,0,1,0,0,0,0,0,0,"- ","- ",,,MODOC,UNINCORPORATED,,
90913059,2019,2019-01-28,9170,2019-01-21,2050,021139,,1,2,9,2500,0,1,2,,1,002,US-395,"LYNETTA RD",8448.00,N,N,A,-,Y,,,,,,,,,,Y,3,0,1,1,A,-,01,23152,A,N,E,I,A,A,H,-,D,D,0,,,,,Y,Y,A,01,0,1,0,0,0,0,0,0,0,"- ","- ",41.340728759765625,-120.51512145996094,MODOC,UNINCORPORATED,,
90921207,2019,2019-02-07,9170,2019-02-04,1220,018478,,1,1,9,2500,0,1,2,,1,003,US-395,"COUNTY ROAD 47E",15840.00,S,N,D,-,Y,,,,,,,,,,Y,4,0,1,2,A,-,05,21650,,N,B,C,A,C,G,-,A,D,0,,,,,Y,,D,22,0,0,1,0,0,0,0,0,0,"- ","- ",,,MODOC,UNINCORPORATED,-120.35884094238281,41.847492218017578
90926563,2019,2019-02-14,9170,2019-02-13,1055,016057,,3,1,9,2500,0,1,3,,1,004,SR-299,"MCKINNEY DR",5280.00,W,N,B,-,Y,,,,,,,,,,Y,4,0,1,1,A,-,08,22107,,N,F,A,A,B,H,-,A,D,0,,,,,Y,,A,01,0,0,1,0,0,0,0,0,0,"- ","- ",,,MODOC,UNINCORPORATED,-120.3253173828125,41.560199737548828
90929864,2019,2019-02-20,9145,2019-02-08,1950,014441,,5,2,9,2500,0,3,5,,2,009,"CO RD 104","CO RD 110",0.00,,N,B,-,N,,,,,,,,,,Y,3,0,1,1,A,-,08,22107,,N,E,I,A,A,H,-,D,A,0,,,,,Y,,A,01,0,1,0,0,0,0,0,0,0,"- ","- ",41.950458526611328,-121.443603515625,MODOC,UNINCORPORATED,-121.43753814697266,41.950710296630859
90930574,2019,2019-02-20,9170,2019-02-17,1120,017913,,7,1,9,2500,0,3,5,,2,025,"COUNTY ROAD 54 (CENTERVILLE ROAD)","COUNTY ROAD 76",3696.00,W,N,B,-,N,,,,,,,,,,Y,4,0,1,1,A,-,03,22350,,N,F,A,A,C,H,-,A,D,0,,,,,Y,,A,07,0,0,1,0,0,0,0,0,0,"- ","- ",41.444698333740234,-120.60649108886719,MODOC,UNINCORPORATED,-120.60684204101562,41.444129943847656
90957412,2019,2019-06-04,9145,2019-03-23,1335,015241,,6,1,9,2500,0,1,3,,1,090,SR-139,"CO RD 91",10560.00,N,N,B,D,Y,,,139,,,,,,,Y,3,0,1,1,A,-,03,22350,,N,F,A,A,C,H,-,A,D,0,,,,,Y,,A,07,0,1,0,0,0,0,0,0,0,"- ","- ",41.564468383789062,-121.17427825927734,MODOC,UNINCORPORATED,-121.17417907714844,41.564567565917969
90962407,2019,2019-04-05,9145,2019-03-29,1222,018254,,5,1,9,2500,0,1,3,,1,090,SR-139,"COUNTY ROAD 136",2640.00,S,N,D,-,Y,,,139,,,,,,,N,4,0,1,1,A,-,03,22350,,N,F,A,A,C,H,-,A,D,0,,,,,Y,,D,22,0,0,1,0,0,0,0,0,0,"- ","- ",41.6962890625,-121.27635192871094,MODOC,UNINCORPORATED,-121.27643585205078,41.696224212646484
90967309,2019,2019-04-15,9170,2019-04-03,2100,021727,,3,2,9,2500,0,1,3,,1,004,SR-299,"MC KENNEY DR.",1056.00,E,N,B,-,Y,,,299,,,,,,,Y,3,0,1,1,A,-,08,22107,,M,E,I,A,A,H,-,D,D,0,,,,,Y,,D,22,0,1,0,0,0,0,0,0,0,"- ","- ",41.559188842773438,-120.30259704589844,MODOC,UNINCORPORATED,-120.30259704589844,41.559154510498047
90970076,2019,2019-04-18,9145,2019-04-10,1035,018210,,3,1,9,2500,0,3,5,,2,009,"COUNTY ROAD 111","STATE ROUTE 139",58.70,E,N,B,-,N,,,,,,,,,,N,3,0,1,2,A,-,05,21650,,N,A,G,A,A,H,-,A,D,0,,Y,,,Y,,D,22,0,1,0,0,0,0,1,0,0,"- ","- ",41.912101745605469,-121.41805267333984,MODOC,UNINCORPORATED,-121.41808319091797,41.911903381347656
90972239,2019,2019-04-22,9170,2019-04-13,0030,021727,,6,3,9,2500,0,3,5,,1,023,"COUNTY ROAD 30","COUNTY ROAD 29",24.00,W,N,A,-,N,,,,,,,,,,Y,2,0,1,1,A,-,01,23152,A,N,E,I,A,A,H,-,D,D,0,,,Y,,Y,Y,C,06,1,0,0,0,0,0,0,0,1,"- ","- ",41.438468933105469,-120.13368225097656,MODOC,UNINCORPORATED,-120.13361358642578,41.438419342041016
90975354,2019,2019-04-25,9170,2019-04-22,2045,019033,,1,2,9,2500,0,1,2,,1,002,US-395,"FITZHUGH CREEK RD",2165.00,S,N,A,-,Y,,,395,,,,,,,Y,3,0,1,1,C,-,18,,,N,H,H,A,A,H,-,D,D,0,,,,,Y,,-,"- ",0,1,0,0,0,0,0,0,0,"- ","- ",41.349628448486328,-120.51670837402344,MODOC,UNINCORPORATED,-120.51670837402344,41.349632263183594
90976707,2019,2019-11-01,9170,2019-03-22,0922,016057,,5,1,9,2500,0,3,5,,2,025,"COUNTY ROAD 54","LAS PLUMAS ROAD",1963.00,W,N,B,-,N,,,,,,,,,,Y,1,1,1,2,A,-,05,21650,,N,A,C,A,A,H,-,A,D,0,,,,,Y,,D,22,0,1,0,0,0,0,0,0,0,"- ","- ",41.423290252685547,-120.66645050048828,MODOC,UNINCORPORATED,-120.66640472412109,41.423362731933594
90981993,2019,2019-05-06,9170,2019-04-27,0930,021139,,6,1,9,2500,0,1,3,,1,005,"STATE ROUTE 299","COUNTY ROAD 69",2640.00,W,N,A,-,Y,,,299,,,,,,,Y,2,0,1,2,A,-,03,22350,,N,C,C,A,A,H,-,A,D,0,,,Y,Y,Y,,C,02,1,0,0,0,0,0,0,0,1,"- ","- ",41.453300476074219,-120.80850219726562,MODOC,UNINCORPORATED,-120.80850219726562,41.453269958496094
90982822,2019,2019-05-06,9170,2019-05-02,1240,017913,,4,1,9,2500,0,3,5,,1,023,"COUNTY ROAD 1","BONNER STREET",88.00,S,N,A,-,N,,,,,,,,,,N,4,0,1,2,A,-,03,22350,,N,E,I,F,A,H,-,A,D,0,Y,,,,Y,,D,22,0,0,1,0,1,0,0,0,0,"- ","- ",41.527561187744141,-120.17192077636719,MODOC,UNINCORPORATED,-120.17192077636719,41.527561187744141
90982989,2019,2019-05-06,9170,2019-05-02,1335,021104,,4,1,9,2500,0,1,3,,1,005,"STATE HIGHWAY 299","COUNTY ROAD 85",6864.00,W,N,A,-,Y,,,299,,,,,,,Y,2,0,1,1,A,-,08,22107,,N,E,J,A,A,H,-,A,D,0,,,,,Y,,A,01,1,0,0,0,0,0,0,0,0,"- ","- ",41.349929809570312,-120.92960357666016,MODOC,UNINCORPORATED,-120.92961883544922,41.34991455078125
90987188,2019,2019-05-13,9170,2019-05-07,2230,020503,,2,3,9,2500,0,1,3,,1,004,SR-299,"PATTERSON STREET",25872.00,W,N,A,-,Y,,,299,,,,,,,Y,4,0,1,1,A,-,08,22107,,N,E,I,A,A,H,-,D,D,0,,,,,Y,,D,22,0,0,1,0,0,0,0,0,0,"- ","- ",41.554370880126953,-120.25959014892578,MODOC,UNINCORPORATED,-120.25959777832031,41.554309844970703
90994152,2019,2019-05-22,9170,2019-05-17,0510,018478,,5,3,9,2500,0,1,3,,1,005,SR-299,"COUNTY RD 82",6864.00,E,N,C,-,Y,,,,,,,,,,Y,4,0,1,1,A,-,01,23152,F,N,F,A,A,B,H,-,D,D,0,,,,,Y,,A,01,0,0,1,0,0,0,0,0,0,"- ","- ",,,MODOC,UNINCORPORATED,-120.84909820556641,41.452388763427734
90995644,2019,2019-05-24,9170,2019-05-21,1341,021238,,2,1,9,2500,0,1,2,,1,003,"UNITED STATES HIGHWAY 395","MODOC COUNTY ROAD 133C",300.00,S,N,C,D,Y,,,,,,,,,,Y,4,0,1,1,A,-,03,22350,,N,E,I,A,B,H,-,A,D,0,,,,,Y,,D,22,0,0,1,0,0,0,0,0,0,"- ","- ",41.472919464111328,-120.22218322753906,MODOC,UNINCORPORATED,,
90998493,2019,2019-05-29,9170,2019-05-24,2305,021139,,5,3,9,2500,0,1,3,,1,005,SR-299,"COUNTY ROAD 198",2640.00,W,N,C,F,Y,,,299,,,,,,,N,4,0,1,1,A,-,03,22350,,N,E,I,A,C,H,-,D,D,0,,,,,Y,,D,22,0,0,1,0,0,0,0,0,0,"- ","- ",41.269210815429688,-120.89456939697266,MODOC,UNINCORPORATED,-120.89472961425781,41.269187927246094
91004395,2019,2019-06-06,9170,2019-05-25,1930,021238,,6,2,9,2500,0,3,5,,2,024,"CHUKAR LANE","DOVE LANE",1214.00,E,N,B,-,N,,,,,,,,,,N,4,0,3,1,A,-,08,22107,,F,E,I,A,A,H,-,A,D,0,,,,,Y,,D,22,0,0,3,0,0,0,0,0,0,"- ","- ",41.306880950927734,-120.3211669921875,MODOC,UNINCORPORATED,-120.5352783203125,41.511447906494141
91022414,2019,2019-08-20,9170,2019-06-01,0830,018478,,6,1,9,2500,0,3,5,,2,024,"COUNTY RD 91","MODOC COUNTY FOREST SERVICE RD 84",11088.00,S,N,A,-,N,,,,,,,,,,Y,1,1,0,1,A,-,08,22107,,N,E,I,A,A,H,-,A,D,0,,,,,Y,,D,22,0,0,0,0,0,0,0,0,0,"- ","- ",,,MODOC,UNINCORPORATED,,
91029209,2019,2019-07-11,9170,2019-07-09,1430,021104,,2,2,9,2500,0,3,5,,2,024,"COUNTY ROAD 91","COUNTY ROAD 90",370.00,N,N,B,-,N,,,,,,,,,,Y,4,0,1,1,A,-,08,22107,,N,E,I,A,A,H,-,A,D,0,,,,,Y,,A,01,0,0,1,0,0,0,0,0,0,"- ","- ",41.292720794677734,-121.13410186767578,MODOC,UNINCORPORATED,-121.13410186767578,41.293037414550781
91030123,2019,2019-07-12,9170,2019-07-05,2028,020570,,5,2,9,2500,0,3,5,,2,025,"MODOC COUNTY ROAD 59","MODOC COUNTY ROAD 115",2640.00,E,N,A,-,N,,,,,,,,,,Y,3,0,3,1,A,-,08,22107,,N,E,I,A,A,H,-,B,D,0,,,,,Y,,A,01,0,3,0,0,0,0,0,0,0,"- ","- ",41.443588256835938,-120.51545715332031,MODOC,UNINCORPORATED,-120.51549530029297,41.443565368652344
91031093,2019,2019-07-15,9145,2019-07-12,0820,014441,,5,1,9,2500,0,1,3,,1,090,SR-139,"CO. RD. 98",170.00,N,N,A,-,Y,,,139,,,,,,,Y,3,0,2,1,A,-,08,22107,,N,E,J,A,A,H,-,A,D,0,,,,,Y,,A,01,0,1,1,0,0,0,0,0,0,"- ","- ",41.673881530761719,-121.25940704345703,MODOC,UNINCORPORATED,-121.25951385498047,41.673805236816406
91032660,2019,2019-07-17,9170,2019-07-04,0901,016673,,4,1,9,2500,0,1,3,,1,005,SR-299,"MODOC COUTY ROAD 85",8448.00,E,N,A,-,Y,,,299,,,,,,,Y,1,1,0,1,A,-,08,22107,,N,E,I,A,A,H,-,A,D,0,,,,,Y,,A,01,0,0,0,0,0,0,0,0,0,"- ","- ",41.37738037109375,-120.95073699951172,MODOC,UNINCORPORATED,-120.95070648193359,41.377353668212891
91042527,2019,2019-07-31,9145,2019-07-26,0540,018254,,5,3,9,2500,0,3,5,,2,008,"COUNTY ROAD 114","CO ROAD 101",4224.00,N,N,A,-,N,,,,,,,,,,N,4,0,1,1,A,-,08,22107,,N,F,A,A,A,H,-,A,D,0,,,,,Y,,A,01,0,0,1,0,0,0,0,0,0,"- ","- ",41.934120178222656,-121.33759307861328,MODOC,UNINCORPORATED,-121.33746337890625,41.933563232421875
91042767,2019,2019-07-31,9170,2019-07-27,1115,020503,,6,1,9,2500,0,1,3,,1,004,US-395,"COUNTY ROAD 58",4224.00,E,N,A,-,Y,,,,,,,,,,Y,4,0,1,1,A,-,08,22107,,N,F,A,A,A,H,-,A,D,0,,,,,Y,,D,22,0,0,1,0,0,0,0,0,0,"- ","- ",41.555618286132812,-120.34861755371094,MODOC,UNINCORPORATED,,
91043984,2019,2019-08-02,9170,2019-07-26,1430,020570,,5,2,9,2500,0,1,2,,1,003,"RT 395","CO RD 133C",8976.00,N,N,A,-,Y,,,395,,,,,,,Y,3,0,1,1,A,-,08,22107,,N,E,I,A,A,H,-,A,D,0,,,,,Y,,A,07,0,1,0,0,0,0,0,0,0,"- ","- ",41.81243896484375,-120.35540008544922,MODOC,UNINCORPORATED,-120.35537719726562,41.812423706054688
91045020,2019,2019-08-05,9170,2019-07-31,2300,019786,,3,3,9,2500,0,1,3,,2,006,SR-139,"COUNTY ROAD 91",13200.00,S,N,A,-,Y,,,139,,,,,,,Y,3,0,1,1,A,-,08,22107,,N,E,I,A,A,H,-,D,D,0,,,,,Y,,D,22,0,1,0,0,0,0,0,0,0,"- ","- ",41.525741577148438,-121.11003112792969,MODOC,UNINCORPORATED,-121.11003112792969,41.525730133056641
91045573,2019,2019-08-05,9170,2019-08-01,2100,021727,,4,2,9,2500,0,1,2,,1,002,"RT 395","COUNTY ROAD 233",173.00,N,N,A,-,Y,,,395,,,,,,,Y,3,0,1,1,C,-,18,,,N,H,H,A,A,D,H,D,D,0,,,,,Y,,-,"- ",0,1,0,0,0,0,0,0,0,"- ","- ",41.356098175048828,-120.52313995361328,MODOC,UNINCORPORATED,-120.52310943603516,41.35614013671875
91052274,2019,2019-08-14,9170,2019-08-08,1450,020570,,4,2,9,2500,0,3,5,,2,024,"COUNTY ROAD 73 (CROWDER FLAT ROAD)","TRIANGLE RANCH ROAD",9504.00,N,N,A,-,N,,,,,,,,,,Y,4,0,3,1,A,-,03,22350,,N,F,A,A,A,H,-,A,D,0,,,,,Y,,D,22,0,0,3,0,0,0,0,0,0,"- ","- ",41.626899719238281,-120.70639801025391,MODOC,UNINCORPORATED,-120.70632934570312,41.626922607421875
91055851,2019,2019-08-20,9170,2019-08-13,1855,021238,,2,2,9,2500,0,3,5,,2,025,"MODOC COUNTY ROAD 71","ASHLEY DRIVE",100.00,S,N,A,-,N,,,,,,,,,,Y,3,0,1,1,A,-,03,22350,,N,F,A,A,A,H,-,A,D,0,,,,,Y,Y,A,01,0,1,0,0,0,0,0,0,0,"- ","- ",41.296810150146484,-120.78066253662109,MODOC,UNINCORPORATED,-120.78072357177734,41.296802520751953
91056210,2019,2019-08-21,9170,2019-08-10,2210,021727,,6,3,9,2500,0,3,5,,2,025,"COUNTY ROAD 115","COUNTY ROAD 56",0.00,,Y,B,-,N,,,,,,,,,,Y,2,0,1,1,A,-,01,23152,A,F,E,I,A,B,H,-,D,A,0,,,,,Y,Y,A,01,1,0,0,0,0,0,0,0,0,"- ","- ",41.480018615722656,-120.53034973144531,MODOC,UNINCORPORATED,-120.53038024902344,41.479988098144531
91058025,2019,2019-08-23,9170,2019-08-16,1920,021104,,5,2,9,2500,0,3,5,,2,024,"COUNTY ROAD 93","COUNTY ROAD 93A",7392.00,S,N,A,-,N,,,,,,,,,,Y,2,0,1,1,A,-,08,22107,,N,F,A,A,A,H,-,A,A,0,,,Y,,Y,,C,06,1,0,0,0,0,0,0,0,1,"- ","- ",41.189109802246094,-121.16229248046875,MODOC,UNINCORPORATED,-121.21369934082031,41.243068695068359
91059178,2019,2019-08-26,9145,2019-08-22,0630,018254,,4,1,9,2500,0,1,3,,1,090,SR-139,"NEWELL AG STATION",1056.00,N,N,A,-,Y,,,139,,,,,,,N,3,0,1,1,A,-,08,22107,,N,E,I,A,A,H,-,A,D,0,,,,,Y,,A,01,0,1,0,0,0,0,0,0,0,"- ","- ",41.614879608154297,-121.21505737304688,MODOC,UNINCORPORATED,-121.21509552001953,41.614852905273438
91060632,2019,2019-08-27,9145,2019-06-16,1515,018210,,7,2,9,2500,0,1,3,,1,090,SR-139,"COUNTY ROAD 114",25344.00,S,N,A,-,Y,,,139,,,,,,,Y,1,1,1,2,A,-,05,21650,,N,A,C,A,A,H,-,A,D,0,,,,Y,Y,,A,07,0,0,1,0,0,0,0,0,0,"- ","- ",41.77484130859375,-121.30343627929688,MODOC,UNINCORPORATED,-121.30339813232422,41.77484130859375
91064805,2019,2019-09-02,9170,2019-08-24,2025,021104,,6,2,9,2500,0,3,5,,2,024,"COUNTY ROAD 91","COUNTY ROAD 85",15840.00,N,N,A,-,N,,,,,,,,,,Y,4,0,1,1,C,-,18,,,N,H,H,A,A,H,-,D,D,0,,,,,Y,,-,"- ",0,0,1,0,0,0,0,0,0,"- ","- ",41.406978607177734,-121.18119812011719,MODOC,UNINCORPORATED,-121.18358612060547,41.402915954589844
91067650,2019,2019-09-04,9145,2019-09-01,1235,018210,,7,1,9,2500,0,1,3,,1,090,SR-139,"COUNTY ROAD 114",10560.00,S,N,A,-,Y,,,139,,,,,,,Y,3,0,1,1,A,-,03,22350,,N,E,I,A,A,H,-,A,D,0,,,,,Y,,A,01,0,1,0,0,0,0,0,0,0,"- ","- ",41.818901062011719,-121.30558013916016,MODOC,UNINCORPORATED,-121.30576324462891,41.818889617919922
91089077,2019,2019-11-06,9170,2019-09-10,1544,020503,,2,2,9,2500,0,1,3,,2,006,"STATE ROUTE 139 (SR-139)","LOVENESS ROAD",14256.00,N,N,A,-,Y,,,139,,,,,,,Y,1,1,0,1,A,-,08,22107,,N,E,I,A,A,H,-,A,D,0,,,,,Y,,D,22,0,0,0,0,0,0,0,0,0,"- ","- ",41.509250640869141,-121.02860260009766,MODOC,UNINCORPORATED,-121.02861022949219,41.509212493896484
91093162,2019,2019-10-08,9170,2019-10-07,1630,020152,,1,2,9,2500,0,3,5,,2,024,"CO RD. 9","COUNTY ROAD 133C",29040.00,E,N,A,-,N,,,,,,,,,,Y,3,0,1,1,A,-,03,22350,,N,E,I,A,A,H,-,A,D,0,,,,,Y,,A,08,0,1,0,0,0,0,0,0,0,"- ","- ",41.820240020751953,-120.23037719726562,MODOC,UNINCORPORATED,-120.2333984375,41.822772979736328
91114122,2019,2019-11-05,9170,2019-10-27,2105,021727,,7,2,9,2500,0,1,3,,1,005,SR-299,"COUNTY ROAD 67",1584.00,E,N,A,-,Y,,,299,,,,,,,Y,4,0,1,1,A,-,08,22107,,N,E,I,A,A,H,-,D,D,0,,,,,Y,,A,01,0,0,1,0,0,0,0,0,0,"- ","- ",41.376461029052734,-120.95159912109375,MODOC,UNINCORPORATED,-120.95160675048828,41.376476287841797
91120751,2019,2019-11-14,9170,2019-11-09,1345,018478,,6,1,9,2500,0,3,5,,2,025,"COUNTY ROAD 54","COUNTY ROAD 60",3168.00,W,N,A,-,N,,,,,,,,,,N,3,0,1,1,A,-,08,22107,,N,F,A,A,A,H,-,A,D,0,,Y,,,Y,,L,04,0,1,0,0,0,0,1,0,0,"- ","- ",41.463718414306641,-120.57160186767578,MODOC,UNINCORPORATED,-120.77970886230469,41.413745880126953
91131445,2019,2019-11-27,9170,2019-11-23,1738,020570,,6,2,9,2500,0,1,3,,1,005,"STATE ROUTE 299","COUNTY ROAD 70",2112.00,E,N,A,-,Y,,,299,,,,,,,Y,3,0,1,1,C,-,18,,,N,H,H,A,A,H,-,D,D,0,,,,,Y,,-,"- ",0,1,0,0,0,0,0,0,0,"- ","- ",41.474601745605469,-120.73809814453125,MODOC,UNINCORPORATED,-120.73813629150391,41.474655151367188
91136029,2019,2019-12-04,9170,2019-11-23,2225,021727,,6,3,9,2500,0,1,3,,1,004,SR-299,"WEST ST.",4224.00,W,N,A,-,Y,,,299,,,,,,,Y,4,0,4,1,A,-,03,22350,,N,E,I,A,C,H,-,D,D,0,,,,,Y,,A,01,0,0,4,0,0,0,0,0,0,"- ","- ",41.53192138671875,-120.2017822265625,MODOC,UNINCORPORATED,-120.20178985595703,41.531864166259766
91136751,2019,2019-12-05,9170,2019-11-27,1632,020152,,3,2,9,2500,0,1,2,,1,003,US-395,"COUNTY ROAD 133C",23760.00,N,N,B,-,Y,,,,,,,,,,Y,4,0,1,1,A,-,03,22350,,M,E,I,A,C,H,-,A,D,0,,,,,Y,,A,01,0,0,1,0,0,0,0,0,0,"- ","- ",41.850299835205078,-120.21279907226562,MODOC,UNINCORPORATED,-120.35784912109375,41.850593566894531
91138116,2019,2019-12-06,9170,2019-12-04,2220,021139,,3,3,9,2500,0,3,5,,2,025,"COUNTY ROAD 91","MUD SPRINGS RD",4752.00,N,N,A,-,N,,,,,,,,,,Y,3,0,1,1,A,-,08,22107,,N,E,I,A,B,H,-,D,D,0,,,,,Y,,A,01,0,1,0,0,0,0,0,0,0,"- ","- ",41.489799499511719,-121.15718841552734,MODOC,UNINCORPORATED,-121.15732574462891,41.489788055419922
91144571,2019,2019-12-16,9170,2019-12-07,2030,021727,,6,2,9,2500,0,1,3,,1,004,SR-299,"STOUGH RESERVIOR ROAD",8448.00,E,N,B,-,Y,,,299,,,,,,,N,3,0,2,1,A,-,03,22350,,N,E,I,A,C,H,-,D,D,0,,,,,Y,,D,22,0,2,0,0,0,0,0,0,0,"- ","- ",41.540821075439453,-120.23480987548828,MODOC,UNINCORPORATED,-120.23478698730469,41.540870666503906
91144643,2019,2019-12-16,9170,2019-12-07,1730,020570,,6,2,9,2500,0,1,2,,1,002,"RT 395","LYNETA RD",100.00,N,N,C,E,Y,,,395,,,,,,,Y,4,0,2,1,C,-,18,,,N,H,H,A,B,H,-,D,D,0,,,,,Y,,-,"- ",0,0,2,0,0,0,0,0,0,"- ","- ",41.318000793457031,-120.50730133056641,MODOC,UNINCORPORATED,-120.50729370117188,41.318000793457031
91147004,2019,2019-12-19,9170,2019-12-11,1715,021064,,3,2,9,2500,0,1,3,,1,004,SR-299,"MCKENNY DRIVE",3696.00,E,N,C,-,Y,,,299,,,,,,,N,3,0,2,1,A,-,03,22350,,N,F,A,A,B,H,-,D,D,0,,,,,Y,,D,22,0,1,1,0,0,0,0,0,0,"- ","- ",41.560958862304688,-120.29409027099609,MODOC,UNINCORPORATED,-120.29409027099609,41.560985565185547
91149269,2019,2019-12-20,9170,2019-12-12,1735,021962,,4,2,9,2500,0,3,5,,1,023,"CO RD 1","CO RD 14",2275.00,N,N,C,-,N,,,,,,,,,,Y,4,0,1,1,C,-,18,,,N,H,H,A,B,H,-,D,D,0,,,,,Y,,-,"- ",0,0,1,0,0,0,0,0,0,"- ","- ",41.645050048828125,-120.18170928955078,MODOC,UNINCORPORATED,-120.18167877197266,41.644996643066406
91151500,2019,2019-12-24,9170,2019-12-01,1720,020152,,7,2,9,2500,0,3,5,,2,024,"COUNTY ROAD 91","COUNTY ROAD 85",5808.00,N,N,B,C,N,,,,,,,,,,Y,1,1,3,1,C,-,18,,,N,F,A,A,C,G,-,D,D,0,,,,,Y,,-,"- ",1,1,1,0,0,0,0,0,0,"- ","- ",41.379661560058594,-121.19461822509766,MODOC,UNINCORPORATED,-121.19379425048828,41.377170562744141
91155905,2019,2019-12-30,9170,2019-12-23,2235,021139,,1,3,9,2500,0,1,3,,2,006,SR-139,"LOVENESS RD",2640.00,S,N,A,-,Y,,,139,,,,,,,Y,3,0,1,1,A,-,03,22350,,N,E,I,A,C,H,-,D,D,0,,,,,Y,,D,22,0,1,0,0,0,0,0,0,0,"- ","- ",41.49639892578125,-120.96926116943359,MODOC,UNINCORPORATED,-120.96929931640625,41.496368408203125
91161980,2019,2020-01-08,9170,2019-12-29,0805,019786,,7,1,9,2500,0,1,3,,1,005,SR-299,"COUNTY ROAD 87",4224.00,E,N,B,-,Y,,,299,,,,,,,Y,2,0,3,1,A,-,08,22107,,N,E,I,A,A,H,-,A,D,0,,,,,Y,,A,01,1,2,0,0,0,0,0,0,0,"- ","- ",41.207859039306641,-120.93627166748047,MODOC,UNINCORPORATED,-120.936279296875,41.207862854003906
91165035,2020,2020-01-14,9170,2020-01-09,0615,019786,,4,1,9,2500,0,1,3,,1,005,SR-299,"CANAL ST.",5.00,S,N,B,D,Y,,,299,,,,,,,Y,4,0,1,1,A,-,03,22350,,N,E,I,A,C,H,-,C,D,0,,,,,Y,,A,07,0,0,1,0,0,0,0,0,0,"- ","- ",41.198818206787109,-120.94425201416016,MODOC,UNINCORPORATED,-120.94412994384766,41.198814392089844
91165192,2020,2020-01-14,9170,2020-01-06,1055,016673,,1,1,9,2500,0,1,2,,1,003,US-395,"WILLOW CREEK BRIDGE",528.00,N,N,A,-,Y,,,395,,,,,,,Y,3,0,1,2,A,-,08,22107,,N,B,C,A,A,H,-,A,D,0,,,,,Y,,A,07,0,1,0,0,0,0,0,0,0,"- ","- ",41.896701812744141,-120.33670043945312,MODOC,UNINCORPORATED,-120.33698272705078,41.896827697753906
91167079,2020,2020-01-16,9170,2020-01-09,0850,019786,,4,1,9,2500,0,1,3,,1,005,"COUNTY ROAD 91",SR-139,0.00,,Y,B,-,Y,,,,,,,,,,Y,3,0,1,1,A,-,03,22350,,N,F,A,A,C,H,-,A,D,0,,,,,Y,,A,07,0,1,0,0,0,0,0,0,0,"- ","- ",41.540019989013672,-121.15299987792969,MODOC,UNINCORPORATED,-121.15310668945312,41.539928436279297
91182221,2020,2020-02-07,9170,2020-02-02,1715,021962,,7,2,9,2500,0,1,2,,1,003,US-395,"CO RD 52",2100.00,N,N,B,-,Y,,,,,,,,,,Y,4,0,1,1,A,-,03,22350,,N,F,A,A,C,H,-,D,D,0,,,,,Y,,A,01,0,0,1,0,0,0,0,0,0,"- ","- ",41.573631286621094,-120.38332366943359,MODOC,UNINCORPORATED,-120.38362121582031,41.673328399658203
91182759,2020,2020-02-07,9170,2020-02-03,2215,021139,,1,3,9,2500,0,1,3,,1,005,SR-299,"MILL STREET",409.00,W,N,A,-,Y,,,299,,,,,,,Y,3,0,1,2,A,-,01,23152,A,N,A,C,A,A,H,-,D,D,0,,,,Y,Y,Y,A,01,0,1,0,0,0,0,0,0,0,"- ","- ",41.494560241699219,-120.56569671630859,MODOC,UNINCORPORATED,-120.56569671630859,41.494583129882812
91203518,2020,2020-03-06,9170,2020-03-03,1920,019033,,2,2,9,2500,0,3,5,,2,025,"COUNTY ROAD 115","COUNTY ROAD 56",319.00,S,N,A,-,N,,,,,,,,,,Y,3,0,1,1,A,-,08,22107,,N,F,A,A,A,H,-,D,D,0,,,,,Y,,A,07,0,1,0,0,0,0,0,0,0,"- ","- ",41.479080200195312,-120.53047180175781,MODOC,UNINCORPORATED,-120.53037261962891,41.479114532470703
91208091,2020,2020-03-13,9170,2020-03-07,1410,021139,,6,2,9,2500,0,1,3,,2,006,SR-139,"LOVENESS RD",9504.00,N,N,C,-,Y,,,139,,,,,,,Y,2,0,2,1,A,-,08,22107,,N,F,A,A,B,H,-,A,D,0,,,,,Y,,A,01,1,1,0,0,0,0,0,0,0,"- ","- ",41.506370544433594,-121.01439666748047,MODOC,UNINCORPORATED,-121.01438903808594,41.50640869140625
91214917,2020,2020-03-24,9170,2020-03-17,1840,021104,,2,2,9,2500,0,1,3,,2,006,"STATE ROUTE 139","LOVENESS RD",200.00,N,N,D,-,Y,,,,,,,,,,N,4,0,3,2,A,-,21,22106,,N,H,C,A,C,H,-,A,A,0,,,,Y,Y,,G,25,0,0,3,0,0,0,0,0,0,"- ","- ",41.299999237060547,-120.58519744873047,MODOC,UNINCORPORATED,-120.98065948486328,41.499935150146484
91218725,2020,2020-03-30,9170,2020-03-24,0200,019786,,2,3,9,2500,0,3,5,,2,025,"CO RD 91","SAND FLAT RD.",1584.00,S,N,B,-,N,,,,,,,,,,Y,3,0,1,1,A,-,01,23152,A,N,E,I,A,A,H,-,D,D,0,,,,,Y,Y,D,22,0,1,0,0,0,0,0,0,0,"- ","- ",41.443309783935547,-121.16571807861328,MODOC,UNINCORPORATED,-121.16580200195312,41.443092346191406
91219671,2020,2020-04-01,9170,2020-03-20,2010,021727,,5,2,9,2500,0,3,5,,2,025,"COUNTY ROAD 115","COUNTY ROAD 56",10560.00,S,N,A,-,N,,,,,,,,,,Y,2,0,1,1,A,-,01,23152,A,N,E,I,A,A,H,-,B,D,0,,,,,Y,Y,D,22,1,0,0,0,0,0,0,0,0,"- ","- ",41.450290679931641,-120.52577209472656,MODOC,UNINCORPORATED,-120.52597808837891,41.451866149902344
91219870,2020,2020-04-02,9170,2020-03-17,1700,020570,,2,2,9,2500,0,1,3,,2,006,"STATE ROUTE 139","LOVENESS RD",3696.00,S,N,D,-,Y,,,139,,,,,,,Y,1,1,0,2,A,-,03,22350,,N,D,C,A,C,E,-,A,D,0,,,,Y,Y,,A,01,0,0,0,0,0,0,0,0,0,"- ","- ",41.493598937988281,-120.96829986572266,MODOC,UNINCORPORATED,-120.96836090087891,41.493606567382812
91223432,2020,2020-04-09,9145,2020-03-28,1930,018254,,6,2,9,2500,0,3,5,,2,009,"COUNTY ROAD 111","COUNTY ROAD 104",2640.00,N,N,B,-,N,,,,,,,,,,Y,3,0,1,1,A,-,08,22107,,N,F,A,A,A,H,-,D,D,0,,,,,Y,,D,22,0,1,0,0,0,0,0,0,0,"- ","- ",41.958839416503906,-121.41811370849609,MODOC,UNINCORPORATED,-121.41812133789062,41.957935333251953
91226049,2020,2020-04-15,9170,2020-04-13,1815,019033,,1,2,9,2500,0,1,2,,1,002,US-395,"LYNETA RD",722.00,N,N,A,-,Y,,,,,,,,,,Y,4,0,1,1,A,-,08,22107,,N,E,I,A,A,H,-,A,D,0,,,,Y,Y,,G,25,0,0,1,0,0,0,0,0,0,"- ","- ",41.191299438476562,-120.30280303955078,MODOC,UNINCORPORATED,,
91232906,2020,2020-05-01,9170,2020-04-29,1100,021064,,3,1,9,2500,0,3,5,,1,023,"COUNTY ROAD 1","COUNTY ROAD 9",1300.00,N,N,A,-,N,,,,,,,,,,Y,3,0,1,1,A,-,03,22350,,F,E,I,A,A,H,-,A,D,0,,,,,Y,Y,A,01,0,1,0,0,0,0,0,0,0,"- ","- ",41.795181274414062,-120.17266845703125,MODOC,UNINCORPORATED,-120.17268371582031,41.794734954833984
91233860,2020,2020-05-05,9170,2020-05-03,1447,021104,,7,2,9,2500,0,1,3,,2,006,"STATE HIGHWAY 139","COUNTY ROAD 215",2112.00,S,N,A,-,Y,,,,,,,,,,Y,3,0,1,1,A,-,08,22107,,N,F,A,A,A,H,-,A,D,0,,,,,Y,,A,07,0,1,0,0,0,0,0,0,0,"- ","- ",41.283100128173828,-120.56459808349609,MODOC,UNINCORPORATED,-120.94632720947266,41.475349426269531
91240336,2020,2020-07-01,9170,2020-05-10,1058,016057,,7,1,9,2500,0,1,3,,2,006,"STATE ROUTE 139","COUNTY ROAD 91",1396.00,S,N,B,-,Y,,,,,,,,,,Y,1,3,0,1,A,-,05,21650,,N,E,I,A,A,H,-,A,D,0,,,,,Y,,D,22,0,0,0,0,0,0,0,0,0,"- ","- ",41.536918640136719,-121.15232849121094,MODOC,UNINCORPORATED,-121.15066528320312,41.536567687988281
91243126,2020,2020-07-01,9170,2020-05-06,0955,016057,,3,1,9,2500,0,1,3,,1,005,"STATE ROUTE 299","COUNTY ROAD 257",648.00,W,N,B,-,Y,,,299,,,,,,,Y,1,1,3,2,A,-,05,21650,,N,A,C,A,A,H,-,A,D,0,,,,,Y,,A,01,2,1,0,0,0,0,0,0,0,"- ","- ",41.497478485107422,-120.60415649414062,MODOC,UNINCORPORATED,-120.60417175292969,41.497509002685547
91254501,2020,2020-06-19,9170,2020-06-13,2039,021962,,6,2,9,2500,0,3,5,,2,024,"COUNTY ROAD 48",US-395,45936.00,W,N,A,-,N,,,,,,,,,,Y,3,0,1,1,A,-,03,22350,,N,F,A,A,A,H,-,B,D,0,,,,,Y,,A,07,0,1,0,0,0,0,0,0,0,"- ","- ",41.806209564208984,-120.47543334960938,MODOC,UNINCORPORATED,-120.43428039550781,41.722911834716797
91254664,2020,2020-06-19,9170,2020-05-24,1835,021962,,7,2,9,2500,0,1,2,,1,003,US-395,"COUNTY ROAD 2",1313.00,S,N,A,-,Y,,,395,,,,,,,Y,1,1,0,1,A,-,01,23152,A,N,E,I,A,A,H,-,A,D,0,,,,,Y,Y,A,01,0,0,0,0,0,0,0,0,0,"- ","- ",41.984710693359375,-120.29792785644531,MODOC,UNINCORPORATED,-120.298095703125,41.984710693359375
91257005,2020,2020-06-24,9170,2020-06-20,1619,021104,,6,2,9,2500,0,1,3,,2,006,"STATE HIGHWAY 139","LOVENESS LOGGING ROAD",5280.00,S,N,A,-,Y,,,139,,,,,,,Y,4,0,1,1,A,-,08,22107,,N,F,A,A,A,H,-,A,A,0,,,,,Y,,A,07,0,0,1,0,0,0,0,0,0,"- ","- ",41.490879058837891,-120.96894836425781,MODOC,UNINCORPORATED,-120.96904754638672,41.490901947021484
91258956,2020,2020-06-26,9145,2020-06-16,1015,014441,,2,1,9,2500,0,3,5,,2,009,"CO. RD. 97","CO. RD. 97A",9504.00,W,N,B,-,N,,,,,,,,,,Y,2,0,1,2,A,-,12,22451,A,N,D,F,A,A,H,-,A,A,0,,,,,Y,,A,07,1,0,0,0,0,0,0,0,0,"- ","- ",41.645961761474609,-121.32671356201172,MODOC,UNINCORPORATED,-121.44953918457031,41.572669982910156
91263212,2020,2020-07-03,9145,2020-06-28,1700,018210,,7,2,9,2500,0,1,3,,1,090,SR-139,"COUNTY ROAD 136",5280.00,N,N,A,-,Y,,,139,,,,,,,Y,3,0,2,1,A,-,03,22350,,N,F,I,A,A,H,-,A,D,0,,,,,Y,,D,22,0,1,1,0,0,0,0,0,0,"- ","- ",41.715328216552734,-121.28816986083984,MODOC,UNINCORPORATED,-121.28813934326172,41.715362548828125
91268197,2020,2020-07-14,9170,2020-07-04,0300,021139,,6,3,9,2500,0,1,3,,1,005,SR-299,"SURREY LANE",528.00,W,N,A,-,Y,,,299,,,,,,,Y,3,0,1,1,A,-,08,22107,,N,E,I,A,A,H,-,D,D,0,,,,Y,Y,,G,25,0,1,0,0,0,0,0,0,0,"- ","- ",41.480899810791016,-120.71849822998047,MODOC,UNINCORPORATED,-120.71847534179688,41.480804443359375
91268839,2020,2020-07-15,9170,2020-07-12,2205,020152,,7,3,9,2500,0,1,2,,1,003,US-395,"COUNTY ROAD 118",6864.00,N,N,A,-,Y,,,,,,,,,,Y,3,0,1,1,C,-,18,,,N,H,H,A,A,H,-,D,D,0,,,,,Y,,-,"- ",0,1,0,0,0,0,0,0,0,"- ","- ",41.416358947753906,-120.40348815917969,MODOC,UNINCORPORATED,-120.40394592285156,41.634811401367188
91269300,2020,2020-07-15,9170,2020-07-07,0320,020152,,2,3,9,2500,0,3,5,,2,025,"COUNTY ROAD 91",SR-139,108.00,N,N,A,-,N,,,,,,,,,,Y,2,0,5,1,A,-,03,22350,,N,E,I,A,A,H,-,D,A,0,,,,,Y,,A,01,4,1,0,0,0,0,0,0,0,"- ","- ",41.540111541748047,-121.15293884277344,MODOC,UNINCORPORATED,-121.15310668945312,41.539928436279297
91273025,2020,2020-07-23,9170,2020-07-12,1125,016673,,7,1,9,2500,0,3,5,,2,025,"MODOC COUNTY ROAD 54","COUNTY ROAD 69",4752.00,E,N,A,-,N,,,,,,,,,,Y,2,0,4,1,A,-,08,22107,,N,E,I,A,A,H,-,A,D,0,,,,,Y,,D,22,3,1,0,0,0,0,0,0,0,"- ","- ",41.413131713867188,-120.76425933837891,MODOC,UNINCORPORATED,,
91273439,2020,2020-07-23,9170,2020-07-14,2112,021064,,2,2,9,2500,0,3,5,,2,025,"COUNTY ROAD 91","COUNTY ROAD 85A",9979.00,N,N,A,-,N,,,,,,,,,,Y,4,0,1,1,C,-,18,,,N,H,H,A,A,H,-,D,D,0,,,,,Y,,-,"- ",0,0,1,0,0,0,0,0,0,"- ","- ",41.352458953857422,-121.16754150390625,MODOC,UNINCORPORATED,-121.19243621826172,41.388278961181641
91273660,2020,2020-07-23,9170,2020-07-15,1640,020570,,3,2,9,2500,0,1,3,,1,005,SR-299,"COUNTY ROAD 84",10560.00,W,N,A,-,Y,,,299,,,,,,,Y,2,0,2,1,A,-,08,22107,,N,E,I,A,A,H,-,A,D,0,,,,,Y,,A,08,2,0,0,0,0,0,0,0,0,"- ","- ",41.380298614501953,-120.95069885253906,MODOC,UNINCORPORATED,-120.95067596435547,41.380306243896484
91276614,2020,2020-07-29,9170,2020-07-18,0055,021139,,6,3,9,2500,0,3,5,,2,024,"COUNTY ROAD 55 (PENCIL ROAD)","BOBCAT LANE",3168.00,S,N,A,-,N,,,,,,,,,,Y,2,0,1,1,A,-,01,23152,A,N,E,I,A,A,H,-,D,D,0,,,Y,,Y,Y,C,02,1,0,0,0,0,0,0,0,1,"- ","- ",41.521659851074219,-120.52075958251953,MODOC,UNINCORPORATED,,
91282075,2020,2020-08-06,9170,2020-07-30,1309,017913,,4,1,9,2500,0,1,2,,1,003,US-395,"COUNTY ROAD 52",28.00,N,N,A,-,Y,,,395,,,,,,,Y,4,0,1,1,A,-,08,22107,,N,E,I,A,A,H,-,A,D,0,,,,,Y,,D,22,0,0,1,0,0,0,0,0,0,"- ","- ",41.668331146240234,-120.38620758056641,MODOC,UNINCORPORATED,-120.38624572753906,41.668346405029297
91288522,2020,2020-08-18,9170,2020-08-09,1700,021962,,7,2,9,2500,0,3,5,,1,023,"COUNTY ROAD 1","COUNTY ROAD 219",1860.00,S,N,A,-,N,,,,,,,,,,Y,3,0,1,1,A,-,08,22107,,N,E,I,A,A,H,-,A,D,0,,,,,Y,,A,07,0,1,0,0,0,0,0,0,0,"- ","- ",41.688098907470703,-120.21678161621094,MODOC,UNINCORPORATED,-120.21663665771484,41.688083648681641
91289817,2020,2020-08-20,9145,2020-08-15,0540,018254,,6,3,9,2500,0,1,3,,1,080,"MODOC COUNTY ROAD","COUNTY ROAD 111",16368.00,W,N,A,-,N,,,,,,,,,,Y,4,0,1,1,A,-,03,22350,,N,F,A,A,A,B,-,A,D,0,,,,,Y,,A,01,0,0,1,0,0,0,0,0,0,"- ","- ",41.855720520019531,-121.46279907226562,MODOC,UNINCORPORATED,,
91295550,2020,2020-08-28,9170,2020-08-22,1515,020570,,6,2,9,2500,0,1,2,,1,003,"RT 395","COUNTY ROAD 133B",461.00,S,N,A,-,Y,,,395,,,,,,,Y,2,0,1,1,A,-,01,23152,A,N,E,I,A,A,H,-,A,D,0,,,,,Y,Y,A,01,1,0,0,0,0,0,0,0,0,"- ","- ",41.747200012207031,-120.37550354003906,MODOC,UNINCORPORATED,-120.37564849853516,41.747207641601562
91299206,2020,2020-09-04,9145,2020-08-28,1845,018254,,5,2,9,2500,0,3,5,,2,009,"FOURTH AVENUE","GLENDALE STREET",0.00,,Y,A,-,N,,,,,,,,,,N,4,0,1,2,A,-,09,21800,A,N,D,C,A,A,H,-,A,B,0,,,,,Y,,A,07,0,0,1,0,0,0,0,0,0,"- ","- ",41.881809234619141,-121.36781311035156,MODOC,UNINCORPORATED,-121.36798095703125,41.881851196289062
91301705,2020,2020-09-09,9170,2020-09-04,1023,018478,,5,1,9,2500,0,1,2,,1,002,US-395,"LYNETA RD",8448.00,S,N,A,-,Y,,,,,,,,,,Y,2,0,1,1,A,-,08,22107,,N,F,A,A,A,H,-,A,D,0,,,,,Y,,A,07,1,0,0,0,0,0,0,0,0,"- ","- ",,,MODOC,UNINCORPORATED,,
91303324,2020,2020-09-11,9170,2020-09-10,0105,019786,,4,3,9,2500,0,1,2,,1,003,US-395,"COUNTY ROAD 90",150.00,S,N,A,-,Y,,,395,,,,,,,Y,4,0,1,1,C,-,18,,,N,H,H,A,A,H,-,D,D,0,,,,,Y,,-,"- ",0,0,1,0,0,0,0,0,0,"- ","- ",41.914180755615234,-120.32894897460938,MODOC,UNINCORPORATED,-120.32898712158203,41.914199829101562
91304077,2020,2020-09-14,9170,2020-09-03,0915,016057,,4,1,9,2500,0,1,2,,1,003,"RT 395","C/R 47 W",2640.00,S,N,A,-,Y,,,,,,,,,,Y,3,0,2,1,A,-,08,22107,,N,F,A,A,A,H,-,A,D,0,,,,,Y,,I,11,0,2,0,0,0,0,0,0,0,"- ","- ",,,MODOC,UNINCORPORATED,,
91304360,2020,2020-09-14,9145,2020-09-08,1255,018210,,2,1,9,2500,0,1,3,,1,090,SR-139,"COUNTY ROAD 114",14256.00,S,N,A,-,Y,,,139,,,,,,,Y,4,0,3,2,A,-,06,21751,,N,D,C,A,A,H,-,A,D,0,,,,,Y,,E,22,0,0,3,0,0,0,0,0,0,"- ","- ",41.805400848388672,-121.30497741699219,MODOC,UNINCORPORATED,-121.30503845214844,41.805397033691406
91306449,2020,2020-09-17,9170,2020-09-09,1535,021064,,3,2,9,2500,0,3,5,,2,025,"COUNTY ROAD 54","COUNTY ROAD 60",1056.00,W,N,A,-,N,,,,,,,,,,N,3,0,1,2,A,-,05,21460,A,N,B,C,A,A,H,-,A,D,0,,,,,Y,,-,"- ",0,1,0,0,0,0,0,0,0,"- ","- ",41.465610504150391,-120.56394195556641,MODOC,UNINCORPORATED,-120.77220916748047,41.412490844726562
91316080,2020,2020-10-01,9170,2020-09-26,1000,018478,,6,1,9,2500,0,1,3,,1,005,SR-299,"RONEY FLAT ROAD",528.00,W,N,A,-,Y,,,299,,,,,,,Y,3,0,1,1,A,-,08,22107,,N,E,I,A,A,H,-,A,D,0,,,,,Y,,A,07,0,1,0,0,0,0,0,0,0,"- ","- ",41.304840087890625,-120.89485931396484,MODOC,UNINCORPORATED,-120.89488983154297,41.304821014404297
91317808,2020,2020-10-05,9170,2020-09-27,0210,021962,,7,3,9,2500,0,3,5,,2,025,"COUNTY ROAD 198",SR-299,5280.00,E,N,A,-,N,,,,,,,,,,Y,4,0,1,1,A,-,03,22350,,N,E,I,A,A,H,-,D,D,0,,,,,Y,Y,D,22,0,0,1,0,0,0,0,0,0,"- ","- ",41.286899566650391,-120.88419342041016,MODOC,UNINCORPORATED,,
91332162,2020,2020-10-27,9170,2020-10-15,2230,019786,,4,3,9,2500,0,1,2,,1,002,US-395,"COUNTY ROAD 65",6864.00,S,N,A,-,Y,,,395,,,,,,,Y,3,0,1,1,A,-,01,23152,A,N,E,I,A,A,H,-,D,D,0,,,,,Y,Y,A,01,0,1,0,0,0,0,0,0,0,"- ","- ",41.204849243164062,-120.50572204589844,MODOC,UNINCORPORATED,-120.50569915771484,41.204845428466797
91332433,2020,2020-10-27,9170,2020-10-22,0622,017913,,4,1,9,2500,0,1,3,,1,005,SR-299,"R ROAD",528.00,E,N,A,-,Y,,,299,,,,,,,Y,4,0,1,1,A,-,08,22107,,N,E,I,A,A,H,-,D,D,0,,,,,Y,,D,22,0,0,1,0,0,0,0,0,0,"- ","- ",41.493000030517578,-120.61747741699219,MODOC,UNINCORPORATED,-120.61737060546875,41.492870330810547
91339195,2020,2020-11-04,9170,2020-11-01,1735,019033,,7,2,9,2500,0,3,5,,2,025,"COUNTY ROAD 54","COUNTY ROAD 76",206.00,W,N,A,-,N,,,,,,,,,,Y,3,0,1,1,A,-,03,22350,,N,H,H,A,A,H,-,D,D,0,,,Y,,Y,,C,02,0,1,0,0,0,0,0,0,1,"- ","- ",41.452201843261719,-120.5989990234375,MODOC,UNINCORPORATED,-120.60068511962891,41.452075958251953
91345861,2020,2020-11-16,9170,2020-11-13,2025,021139,,5,2,9,2500,0,1,3,,1,005,SR-299,"CO RD 73 (CROWDER FLAT ROAD)",600.00,W,N,A,-,Y,,,299,,,,,,,Y,4,0,2,1,C,-,18,,,N,H,H,A,C,H,-,D,D,0,,,,,Y,,-,"- ",0,0,2,0,0,0,0,0,0,"- ","- ",41.495311737060547,-120.61131286621094,MODOC,UNINCORPORATED,-120.61131286621094,41.495319366455078
91348827,2020,2020-11-19,9170,2020-10-02,1312,015993,,5,1,9,2500,0,1,A,,2,725,"1 CENTER STREET","CENTER STREET",12.00,W,N,A,-,N,,,,,,,,,,Y,1,1,0,1,C,-,18,,,N,E,I,A,A,H,-,A,D,0,,,,,Y,,-,"- ",0,0,0,0,0,0,0,0,0,"- ","- ",41.523418426513672,-120.17353057861328,MODOC,UNINCORPORATED,,
91350748,2020,2020-11-20,9170,2020-11-13,1145,019274,,5,1,9,2500,0,1,2,,1,003,"RT 395","THE SOUTH ENTRANCE TO COUNTY ROAD 133C",8976.00,N,N,D,-,Y,,,395,,,,,,,Y,3,0,1,1,A,-,03,22350,,N,E,I,A,C,H,-,A,D,0,,,,,Y,,A,07,0,1,0,0,0,0,0,0,0,"- ","- ",41.813480377197266,-120.35469055175781,MODOC,UNINCORPORATED,-120.35465240478516,41.813457489013672
91378202,2020,2020-12-30,9170,2020-12-22,1042,016057,,2,1,9,2500,0,1,3,,2,006,SR-139,"USFS RT. 42N60 (LOVENESS LOGGING ROAD)",5280.00,N,N,B,-,Y,,,139,,,,,,,Y,2,0,4,1,A,-,03,22350,,N,F,A,A,C,H,-,A,D,0,,,,,Y,,D,22,4,0,0,0,0,0,0,0,0,"- ","- ",41.501411437988281,-120.98921966552734,MODOC,UNINCORPORATED,-120.98918914794922,41.501564025878906
91386873,2021,2021-01-13,9170,2021-01-04,1855,021727,,1,2,9,2500,0,1,3,,2,006,SR-139,"COUNTY ROAD 91",1584.00,S,N,D,-,Y,,,139,,,,,,,Y,4,0,1,1,A,-,03,22350,,N,E,I,A,C,H,-,D,D,0,,,,,Y,,A,07,0,0,1,0,0,0,0,0,0,"- ","- ",41.537208557128906,-121.15116119384766,MODOC,UNINCORPORATED,-121.15113830566406,41.537227630615234
91388425,2021,2021-01-15,9170,2021-01-06,2200,016057,,3,3,9,2500,0,1,2,,1,002,US-395,"COUNTY ROAD 187C",3696.00,S,N,B,-,Y,,,395,,,,,,,Y,3,0,1,1,A,-,03,22350,,N,F,A,A,C,H,-,D,D,0,,,,Y,Y,,G,25,0,1,0,0,0,0,0,0,0,"- ","- ",41.38201904296875,-120.54212188720703,MODOC,UNINCORPORATED,-120.54216766357422,41.382003784179688
91398504,2021,2021-01-29,9170,2021-01-22,2500,019274,,5,4,9,2500,0,1,3,,1,005,"STATE ROUTE 299","RED TAIL RIM TRAIL ROAD",12144.00,E,N,A,-,Y,,,299,,,,,,,Y,2,0,1,1,A,-,08,22107,,N,E,I,A,A,H,-,D,D,0,,,,,Y,,A,01,1,0,0,0,0,0,0,0,0,"- ","- ",41.340000152587891,-120.90868377685547,MODOC,UNINCORPORATED,-120.90861511230469,41.340030670166016
91405971,2021,2021-02-10,9170,2021-02-03,1225,017913,,3,1,9,2500,0,1,3,,1,004,SR-299,"COUNTY ROAD 195",2112.00,E,N,B,D,Y,,,299,,,,,,,Y,4,0,1,3,A,-,03,22350,,N,A,C,A,C,H,-,A,A,0,,,,Y,Y,,A,07,0,0,1,0,0,0,0,0,0,"- ","- ",41.547378540039062,-120.24640655517578,MODOC,UNINCORPORATED,-120.24642944335938,41.547332763671875
91418341,2021,2021-03-01,9170,2021-02-28,1040,016673,,7,1,9,2500,0,3,5,,2,025,"MODOC COUNTY ROAD 91","FORREST SERVICE 84",14256.00,S,N,A,-,N,,,,,,,,,,Y,2,0,1,1,A,-,08,22107,,N,F,A,A,A,H,-,A,D,0,,,,,Y,,A,07,1,0,0,0,0,0,0,0,0,"- ","- ",41.417598724365234,-121.17449188232422,MODOC,UNINCORPORATED,,
91423475,2021,2021-03-09,9145,2021-03-05,1450,014441,,5,2,9,2500,0,1,3,,1,090,SR-139,"CO. RD. 113",1056.00,N,N,A,G,Y,,,139,,,,,,,Y,4,0,1,1,A,-,08,22107,,N,E,I,A,A,H,-,A,D,0,,,,,Y,,A,01,0,0,1,0,0,0,0,0,0,"- ","- ",41.889469146728516,-121.38149261474609,MODOC,UNINCORPORATED,-121.38151550292969,41.889423370361328
91435468,2021,2021-03-25,9170,2021-03-22,2120,019786,,1,2,9,2500,0,3,5,,2,024,"BIG SAGE ROAD","COUNTY ROAD 73 (CROWDER FLAT ROAD)",0.00,,N,D,-,N,,,,,,,,,,Y,2,0,2,1,A,-,01,23152,A,N,E,I,A,C,H,-,D,D,0,,,,,Y,Y,A,07,1,1,0,0,0,0,0,0,0,"- ","- ",41.553699493408203,-120.68180084228516,MODOC,UNINCORPORATED,-120.69892883300781,41.582447052001953
91441365,2021,2021-04-01,9170,2021-03-26,1330,021139,,5,1,9,2500,0,1,3,,2,006,SR-139,"COUNTY ROAD 91",3168.00,S,N,A,-,Y,,,139,,,,,,,Y,2,0,1,1,A,-,08,22107,,N,F,A,A,A,H,-,A,D,0,,,Y,,Y,,C,02,1,0,0,0,0,0,0,0,1,"- ","- ",41.533229827880859,-121.14643859863281,MODOC,UNINCORPORATED,-121.14643859863281,41.533229827880859
91443031,2021,2021-04-05,9170,2021-03-31,0550,017913,,3,3,9,2500,0,1,2,,1,003,US-395,"COUNTY ROAD 55 (PENCIL ROAD)",2112.00,N,N,A,-,Y,,,395,,,,,,,Y,4,0,1,1,A,-,08,22107,,N,F,A,A,A,H,-,D,D,0,,,,,Y,,A,01,0,0,1,0,0,0,0,0,0,"- ","- ",41.505531311035156,-120.51354217529297,MODOC,UNINCORPORATED,-120.51351928710938,41.505458831787109
91450385,2021,2021-04-14,9145,2021-04-09,0300,014441,,5,3,9,2500,0,1,3,,1,090,SR-139,"CO. RD. 114",17952.00,S,N,A,-,Y,,,139,,,,,,,Y,3,0,2,1,A,-,08,22107,,N,E,I,A,A,H,-,D,D,0,,,,,Y,,D,22,0,2,0,0,0,0,0,0,0,"- ","- ",41.793361663818359,-121.3043212890625,MODOC,UNINCORPORATED,-121.30438995361328,41.793354034423828
91455453,2021,2021-05-27,9170,2021-04-18,1400,021064,,7,2,9,2500,0,1,3,,2,006,SR-139,"LOVENESS LOGGING ROAD",8448.00,N,N,A,-,Y,,,139,,,,,,,Y,4,0,1,1,A,-,08,22107,,N,E,8,A,A,H,-,A,D,0,,,,,Y,,A,01,0,0,1,0,0,0,0,0,0,"- ","- ",41.505638122558594,-121.01068115234375,MODOC,UNINCORPORATED,-121.01067352294922,41.505687713623047
91463306,2021,2021-05-27,9170,2021-04-24,0300,019033,,6,3,9,2500,0,1,2,,1,002,US-395,"COUNTY ROAD 187C",15312.00,N,N,C,-,Y,,,395,,,,,,,N,3,0,1,1,A,-,08,22107,,N,E,I,A,B,H,-,D,D,0,,,,,Y,,E,22,0,1,0,0,0,0,0,0,0,"- ","- ",41.371559143066406,-120.5390625,MODOC,UNINCORPORATED,-120.53913879394531,41.371536254882812
91478961,2021,2021-05-27,9170,2021-05-12,0950,016057,,3,1,9,2500,0,1,3,,2,006,SR-139,SR-299,15840.00,N,N,A,-,Y,,,,,,,,,,Y,3,0,3,1,A,-,08,22107,,N,E,8,A,A,H,-,A,D,0,,,,,Y,,B,07,0,1,2,0,0,0,0,0,0,"- ","- ",,,MODOC,UNINCORPORATED,-120.92353820800781,41.225437164306641
91484962,2021,2021-05-28,9145,2021-05-20,0850,018254,,4,1,9,2500,0,1,3,,1,090,SR-139,"22485 STATE HIGHWAY 139 (BUILDING)",6.00,S,N,B,-,Y,,,139,,,,,,,N,4,0,2,2,A,-,03,22350,,N,C,C,A,A,H,-,A,A,0,,,,,Y,,A,07,0,0,2,0,0,0,0,0,0,"- ","- ",41.611469268798828,-121.21266174316406,MODOC,UNINCORPORATED,-121.21259307861328,41.611518859863281
91495371,2021,2021-06-11,9170,2021-06-07,1050,018478,,1,1,9,2500,0,3,5,,2,025,"COUNTY ROAD 87","ASH ST.",6336.00,W,N,A,-,N,,,,,,,,,,Y,3,0,1,1,A,-,08,22107,,N,F,A,A,A,H,-,A,D,0,,,,,Y,,A,07,0,1,0,0,0,0,0,0,0,"- ","- ",41.204811096191406,-120.96366119384766,MODOC,UNINCORPORATED,-120.96634674072266,41.204818725585938
91498225,2021,2021-07-12,9170,2021-06-10,1110,016673,,4,1,9,2500,0,1,2,,1,001,US-395,"ASH VALLEY ROAD",3960.00,N,N,A,-,Y,,,,,,,,,,Y,2,0,1,1,C,-,18,,,N,H,H,A,A,H,-,A,D,0,,,Y,,Y,,-,"- ",1,0,0,0,0,0,0,0,1,"- ","- ",41.074539184570312,-120.46994781494141,MODOC,UNINCORPORATED,-120.47257232666016,41.063987731933594
91502936,2021,2021-06-22,9170,2021-06-20,0915,018478,,7,1,9,2500,0,3,5,,2,025,CR-91,"COUNTY ROAD 235",2112.00,N,N,A,-,N,,,,,,,,,,Y,3,0,1,1,A,-,08,22107,,N,F,A,A,A,H,-,A,D,0,,,,,Y,,A,01,0,1,0,0,0,0,0,0,0,"- ","- ",41.221561431884766,-121.14414215087891,MODOC,UNINCORPORATED,-121.14302062988281,41.222736358642578
91515641,2021,2021-07-08,9170,2021-06-30,1635,021104,,3,2,9,2500,0,3,5,,2,025,"COUNY ROAD 91","HOLCOMB ROAD",97.00,N,N,A,-,N,,,,,,,,,,Y,3,0,1,1,A,-,08,22107,,N,E,I,A,A,H,-,A,D,0,,,,,Y,,D,22,0,1,0,0,0,0,0,0,0,"- ","- ",41.380031585693359,-121.1944580078125,MODOC,UNINCORPORATED,,
91515854,2021,2021-07-08,9170,2021-06-30,0950,019033,,3,1,9,2500,0,1,3,,2,006,SR-139,"COUNTY ROAD 91",0.00,,Y,A,-,Y,,,139,,,,,,,N,4,0,1,2,A,-,12,22450,A,N,E,8,A,A,H,-,A,A,0,,,,,Y,,A,07,0,0,1,0,0,0,0,0,0,"- ","- ",41.539829254150391,-121.15313720703125,MODOC,UNINCORPORATED,-121.15304565429688,41.539897918701172
91518393,2021,2021-07-12,9170,2021-07-08,1530,019786,,4,2,9,2500,0,3,5,,1,023,"COUNTY ROAD 1","COUNTY ROAD 219",15840.00,N,N,A,-,N,,,,,,,,,,N,4,0,1,1,C,-,18,,,N,H,H,A,A,H,-,A,D,0,,,,,Y,,-,"- ",0,0,1,0,0,0,0,0,0,"- ","- ",41.735469818115234,-120.1961669921875,MODOC,UNINCORPORATED,-120.19680786132812,41.733211517333984
91529528,2021,2021-07-27,9170,2021-07-22,1315,017913,,4,1,9,2500,0,1,3,,1,005,SR-299,"COUNTY ROAD 68S",132.00,W,N,A,-,Y,,,299,,,,,,,Y,2,0,2,2,A,-,03,22350,,N,C,C,A,A,H,-,A,D,0,,,,Y,Y,,E,22,1,1,0,0,0,0,0,0,0,"- ","- ",41.465599060058594,-120.75547027587891,MODOC,UNINCORPORATED,-120.75547027587891,41.465614318847656
91529988,2021,2021-07-27,9170,2021-07-19,2000,019786,,1,2,9,2500,0,3,5,,2,025,"COUNTY ROAD 60","COUNTY ROAD 189",5280.00,W,N,A,-,N,,,,,,,,,,Y,3,0,1,1,A,-,01,23152,A,N,E,I,A,A,H,-,A,D,0,,,,,Y,Y,A,01,0,1,0,0,0,0,0,0,0,"- ","- ",41.272628784179688,-120.53249359130859,MODOC,UNINCORPORATED,-120.53117370605469,41.272377014160156
91538663,2021,2021-08-06,9170,2021-07-27,2335,020152,,2,3,9,2500,0,3,5,,2,025,"COUNTY ROAD 71","PARALITE ROAD",1584.00,S,N,A,-,N,,,,,,,,,,Y,3,0,1,1,A,-,01,23152,A,M,F,A,A,A,H,-,D,D,0,,,Y,,Y,Y,C,02,0,1,0,0,0,0,0,0,1,"- ","- ",,,MODOC,UNINCORPORATED,-120.73922729492188,41.277603149414062
91543450,2021,2021-08-13,9170,2021-08-06,1614,021962,,5,2,9,2500,0,3,5,,1,023,"COUNTY ROAD 1","COUNTY ROAD 18",986.00,S,N,A,-,N,,,,,,,,,,Y,3,0,1,1,A,-,01,23152,A,N,F,A,A,A,H,-,A,D,0,,,,,Y,Y,D,22,0,1,0,0,0,0,0,0,0,"- ","- ",41.600101470947266,-120.18109130859375,MODOC,UNINCORPORATED,-120.18098449707031,41.599708557128906
91562623,2021,2021-09-03,9170,2021-08-25,1735,021104,,3,2,9,2500,0,1,3,,2,006,"STATE ROUTE 139","COUNTY ROAD 91",13.00,S,N,A,-,Y,,,139,,,,,,,Y,4,0,2,1,A,-,08,22107,,N,E,J,A,A,H,-,A,A,0,,,,,Y,,A,07,0,0,2,0,0,0,0,0,0,"- ","- ",41.539081573486328,-121.15326690673828,MODOC,UNINCORPORATED,-121.15273284912109,41.539466857910156
91565248,2021,2021-09-08,9170,2021-09-01,1615,019033,,3,2,9,2500,0,3,5,,2,024,"COUNTY ROAD 54","COUNTY ROAD 75",1297.00,W,N,A,-,N,,,,,,,,,,Y,3,0,1,1,A,-,08,22107,,N,E,I,A,A,H,-,A,D,0,,,,,Y,,D,22,0,1,0,0,0,0,0,0,0,"- ","- ",41.42388916015625,-120.66470336914062,MODOC,UNINCORPORATED,-120.66392517089844,41.424102783203125
91565732,2021,2021-09-08,9170,2021-08-30,0925,018478,,1,1,9,2500,0,3,5,,2,025,"COUNTY RD 54","COUNTY ROAD 70",6864.00,W,N,A,-,N,,,,,,,,,,Y,2,0,1,1,A,-,08,22107,,N,F,A,A,A,H,-,A,D,0,,,,,Y,,D,22,1,0,0,0,0,0,0,0,0,"- ","- ",41.412891387939453,-120.76766967773438,MODOC,UNINCORPORATED,-120.75480651855469,41.414066314697266
91565743,2021,2021-09-08,9170,2021-09-03,1450,018478,,5,2,9,2500,0,3,5,,1,023,"COUNTY ROAD 1","COUNTY ROAD 42",26928.00,S,N,A,-,N,,,,,,,,,,Y,3,0,2,1,A,-,08,22107,,N,E,I,A,A,A,-,A,D,0,,,,,Y,,D,22,0,2,0,0,0,0,0,0,0,"- ","- ",41.211570739746094,-120.05935668945312,MODOC,UNINCORPORATED,-120.05430603027344,41.206737518310547
91566871,2021,2021-09-09,9170,2021-08-31,2100,021727,,2,2,9,2500,0,1,3,,1,005,SR-299,"COUNTY ROAD 69",14256.00,W,N,A,-,N,,,299,,,,,,,Y,4,0,1,1,C,-,18,,,N,H,H,A,A,H,-,D,D,0,,,,,Y,,-,"- ",0,0,1,0,0,0,0,0,0,"- ","- ",41.452068328857422,-120.84992980957031,MODOC,UNINCORPORATED,-120.84992218017578,41.452049255371094
91567308,2021,2021-09-10,9170,2021-09-06,1540,017913,,1,2,9,2500,0,1,2,,1,002,US-395,"COUNTY ROAD 64",680.00,S,N,B,-,Y,,,395,,,,,,,Y,4,0,2,1,A,-,08,22107,,N,E,I,A,A,H,-,A,D,0,,,,,Y,,D,22,0,0,2,0,0,0,0,0,0,"- ","- ",41.228889465332031,-120.50399017333984,MODOC,UNINCORPORATED,-120.50388336181641,41.228893280029297
91568689,2021,2021-09-13,9145,2021-09-02,1730,018254,,4,2,9,2500,0,1,3,,1,090,SR-139,"USFS ROAD 44N02",1056.00,N,N,A,-,Y,,,139,,,,,,,Y,3,0,1,1,A,-,01,23152,A,N,F,0,A,A,H,-,A,D,0,,,,,Y,Y,A,07,0,1,0,0,0,0,0,0,0,"- ","- ",41.551639556884766,-121.16191864013672,MODOC,UNINCORPORATED,-121.16187286376953,41.551685333251953
91573469,2021,2021-09-17,9170,2021-09-09,1148,021962,,4,1,9,2500,0,1,3,,1,004,"STATE ROUTE 299","COUNTY ROAD 195",3643.00,W,N,B,-,Y,,,299,,,,,,,Y,3,0,1,1,A,-,03,22350,,N,E,8,A,A,H,-,A,D,0,,,,Y,Y,,F,26,0,1,0,0,0,0,0,0,0,"- ","- ",41.540771484375,-120.23429870605469,MODOC,UNINCORPORATED,-120.23431396484375,41.54071044921875
91584229,2021,2021-09-30,9170,2021-09-24,1750,019033,,5,2,9,2500,0,3,5,,2,025,"COUNTY ROAD 54","COUNTY ROAD 71",1214.00,E,N,A,-,N,,,,,,,,,,Y,4,0,1,1,C,-,18,,,N,H,H,A,A,H,-,A,D,0,,,,,Y,,-,"- ",0,0,1,0,0,0,0,0,0,"- ","- ",41.421989440917969,-120.67098999023438,MODOC,UNINCORPORATED,-120.67115783691406,41.421993255615234
91584263,2021,2021-09-30,9170,2021-09-25,1225,019786,,6,1,2,2501,0,3,5,,2,025,"COUNTY ROAD 54","HENDERSON ST.",1320.00,S,N,A,-,N,,,,,,,,,,Y,3,0,1,1,A,-,08,22107,,N,E,I,A,A,H,-,A,D,0,,,Y,,Y,,C,02,0,1,0,0,0,0,0,0,1,"- ","- ",41.476711273193359,-120.55490875244141,MODOC,ALTURAS,-120.55471038818359,41.477378845214844
91586446,2021,2021-10-04,9170,2021-09-23,1810,020724,,4,2,9,2500,0,3,5,,2,025,"CR-71 (CALIFORNIA PINES BOULEVARD)","COUNTY ROAD 54 (CENTERVILLE ROAD)",34.70,S,N,A,-,N,,,,,,,,,,Y,3,0,1,1,A,-,03,22350,,N,F,A,A,A,H,-,A,D,0,,,Y,,Y,,C,02,0,1,0,0,0,0,0,0,1,"- ","- ",41.420520782470703,-120.67529296875,MODOC,UNINCORPORATED,-120.67522430419922,41.420604705810547
91588414,2021,2021-10-05,9145,2021-07-10,0505,018254,,6,3,9,2500,0,3,5,,2,008,"COUNTY ROAD 114","COUNTY ROAD 101",3168.00,S,N,A,-,N,,,,,,,,,,Y,1,1,3,1,A,-,01,23152,A,N,E,I,A,A,H,-,D,D,0,,,,,Y,Y,A,07,1,1,1,0,0,0,0,0,0,"- ","- ",41.913810729980469,-121.3311767578125,MODOC,UNINCORPORATED,-121.33113098144531,41.913982391357422
91607858,2021,2021-10-27,9170,2021-10-18,1159,015993,,1,1,9,2500,0,3,5,,1,023,"COUNTY ROAD 1","MPM 1 MODOC 48.00",395.00,N,N,A,-,N,,,,,,,,,,Y,3,0,2,1,A,-,08,22107,,N,F,A,A,A,H,-,A,D,0,,,,,Y,Y,D,22,0,2,0,0,0,0,0,0,0,"- ","- ",41.771678924560547,-120.18283081054688,MODOC,UNINCORPORATED,,
91621750,2021,2021-11-10,9170,2021-10-30,1820,019033,,6,2,9,2500,0,3,5,,2,025,"COUNTY ROAD 56","COUNTY ROAD 199",1531.00,E,N,A,-,N,,,,,,,,,,Y,3,0,1,1,A,-,03,22350,,N,E,I,A,A,H,-,D,D,0,,,,,Y,,A,01,0,1,0,0,0,0,0,0,0,"- ","- ",41.479110717773438,-120.41063690185547,MODOC,UNINCORPORATED,-120.39015960693359,41.457302093505859
91621759,2021,2021-11-10,9170,2021-10-30,2200,021139,,6,3,9,2500,0,2,S,,2,904,"39301 SR-299",SR-299,400.00,N,N,A,-,N,,,,,,,,,,N,2,0,2,2,B,-,22,,,N,A,C,A,A,H,-,D,D,0,,,Y,,Y,,-,"- ",2,0,0,0,0,0,0,0,2,"- ","- ",41.495769500732422,-120.56906890869141,MODOC,UNINCORPORATED,,
91623097,2021,2021-11-12,9170,2021-10-02,2305,021139,,6,3,9,2500,0,1,3,,1,005,"STATE ROUTE 299","SURREY LANE",1056.00,W,N,A,-,Y,,,299,,,,,,,Y,3,0,1,1,A,-,08,22107,,M,E,I,A,A,H,-,D,D,0,,,,,Y,,D,22,0,1,0,0,0,0,0,0,0,"- ","- ",41.481098175048828,-120.71766662597656,MODOC,UNINCORPORATED,-120.71768951416016,41.48114013671875
91634807,2021,2021-11-24,9170,2021-11-23,0630,018478,,2,1,9,2500,0,1,3,,1,005,SR-299,"COUNTY ROAD 73",3168.00,W,N,A,-,Y,,,299,,,,,,,Y,4,0,1,1,A,-,08,22107,,N,F,A,A,A,H,-,B,D,0,,,,,Y,,A,01,0,0,1,0,0,0,0,0,0,"- ","- ",41.490161895751953,-120.6207275390625,MODOC,UNINCORPORATED,-120.62065887451172,41.490066528320312
91636913,2021,2021-11-30,9145,2021-11-22,1545,018210,,1,2,9,2500,0,1,3,,1,090,"STATE ROUTE 139","COUNTY ROAD 102",2112.00,S,N,A,-,Y,,,139,,,,,,,Y,4,0,1,1,A,-,08,22107,,N,F,A,A,A,H,-,A,D,0,,,,,Y,,A,07,0,0,1,0,0,0,0,0,0,"- ","- ",41.931480407714844,-121.44515991210938,MODOC,UNINCORPORATED,-121.44526672363281,41.931358337402344
91642194,2021,2021-12-03,9170,2021-11-21,1340,021727,,7,1,9,2500,0,3,5,,2,025,"COUNTY ROAD 56","COUNTY ROAD 58",528.00,W,N,A,-,N,,,,,,,,,,Y,3,0,1,1,A,-,08,22107,,N,E,I,A,A,H,-,A,D,0,,,,,Y,,D,22,0,1,0,0,0,0,0,0,0,"- ","- ",41.504550933837891,-120.44036102294922,MODOC,UNINCORPORATED,-120.43901824951172,41.504501342773438
91644516,2021,2021-12-06,9170,2021-11-23,2320,019786,,2,3,9,2500,0,3,5,,2,025,"4TH ST","MILL ST",5280.00,W,N,A,-,N,,,,,,,,,,Y,2,0,1,1,A,-,03,22350,,N,F,A,A,A,A,-,D,D,0,,,,,Y,Y,A,07,1,0,0,0,0,0,0,0,0,"- ","- ",41.489128112792969,-120.58302307128906,MODOC,UNINCORPORATED,-120.58267974853516,41.489139556884766
91645233,2021,2021-12-07,9170,2021-11-26,2130,021139,,5,2,9,2500,0,3,5,,2,025,"CO RD 54","CO RD 70",4224.00,W,N,A,-,N,,,,,,,,,,Y,3,0,1,1,A,-,08,22107,,N,E,I,A,A,H,-,D,D,0,,,,,Y,,A,01,0,1,0,0,0,0,0,0,0,"- ","- ",41.414051055908203,-120.74672698974609,MODOC,UNINCORPORATED,-120.74541473388672,41.414699554443359
91646880,2021,2021-12-08,9145,2021-11-30,1700,018210,,2,2,9,2500,0,1,3,,1,090,"STATE ROUTE 139","COUNTY ROAD 102",528.00,N,N,A,-,Y,,,139,,,,,,,Y,3,0,1,2,A,-,03,22350,,N,B,C,A,A,H,-,B,D,0,,,,,Y,,D,22,0,1,0,0,0,0,0,0,0,"- ","- ",41.937889099121094,-121.45242309570312,MODOC,UNINCORPORATED,-121.45246124267578,41.937847137451172
91653463,2021,2021-12-15,9170,2021-12-09,1435,018478,,4,2,9,2500,0,1,3,,1,004,SR-299,"MCKENNEY DR",2112.00,W,N,A,-,Y,,,299,,,,,,,Y,4,0,1,1,A,-,08,22107,,N,E,I,A,C,H,-,A,D,0,,,,,Y,,D,22,0,0,1,0,0,0,0,0,0,"- ","- ",41.559410095214844,-120.3172607421875,MODOC,UNINCORPORATED,-120.31725311279297,41.559421539306641
91669029,2021,2022-01-04,9170,2021-12-23,2130,021139,,4,2,9,2500,0,3,5,,1,023,"CO RD 1","COUNTY ROAD 28",1056.00,N,N,C,-,N,,,,,,,,,,Y,2,0,1,1,A,-,01,23152,A,N,E,I,A,B,H,-,D,D,0,,,,,Y,Y,A,01,1,0,0,0,0,0,0,0,0,"- ","- ",41.477199554443359,-120.15409088134766,MODOC,UNINCORPORATED,-120.15156555175781,41.467063903808594
91685808,2022,2022-01-26,9170,2022-01-20,0730,019033,,4,1,9,2500,0,1,3,,1,004,SR-299,"MCKENNEY DR",4330.00,E,N,A,-,Y,MOD,,299,,,50.114,H,,R,Y,4,0,1,1,A,-,03,22350,,N,E,J,A,C,H,-,A,D,0,,,,,Y,,D,22,0,0,1,0,0,0,0,0,0,"- ","- ",41.560489654541016,-120.29113006591797,MODOC,UNINCORPORATED,-120.29114532470703,41.5604248046875
91705369,2022,2022-02-22,9170,2022-02-15,1310,020152,,2,1,9,2500,0,3,5,,2,025,"COUNTY ROAD 56","COUNTY ROAD 57",1056.00,W,N,A,-,N,,,,,,,,,,Y,3,0,1,1,A,-,08,22107,,N,E,I,A,A,H,-,A,D,0,,,,,Y,,A,01,0,1,0,0,0,0,0,0,0,"- ","- ",41.481338500976562,-120.49208068847656,MODOC,UNINCORPORATED,-120.49292755126953,41.480968475341797
91706025,2022,2022-02-22,9170,2022-02-14,1450,020152,,1,2,9,2500,0,1,2,,1,003,US-395,"COUNTY ROAD 148",8448.00,N,N,B,-,Y,MOD,,395,,,46.308,H,,R,Y,3,0,1,1,A,-,08,22107,,N,E,I,A,B,H,-,A,D,0,,,,,Y,,A,01,0,1,0,0,0,0,0,0,0,"- ","- ",41.784019470214844,-120.37203216552734,MODOC,UNINCORPORATED,-120.37202453613281,41.784019470214844
91708119,2022,2022-02-24,9170,2022-02-18,1600,018478,,5,2,9,2500,0,3,5,,2,025,"COUNTY ROAD 198A","COUNTY ROAD 198",0.00,,Y,A,-,N,,,,,,,,,,Y,3,0,1,1,A,-,03,22350,,N,E,I,A,A,H,-,A,D,0,,,,,Y,,A,01,0,1,0,0,0,0,0,0,0,"- ","- ",41.290740966796875,-120.88829803466797,MODOC,UNINCORPORATED,-120.88822174072266,41.290714263916016
91709838,2022,2022-02-25,9170,2022-02-18,1135,016057,,5,1,9,2500,0,1,2,,1,003,"RT 395","COUNTY ROAD 133C",5808.00,N,N,A,-,Y,MOD,,395,,,47.792,H,,R,Y,3,0,1,1,A,-,08,22107,,N,F,A,A,A,H,-,A,D,0,,,,,Y,,-,"- ",0,1,0,0,0,0,0,0,0,"- ","- ",41.804210662841797,-120.36231994628906,MODOC,UNINCORPORATED,-120.3623046875,41.804203033447266
91710080,2022,2022-02-25,9170,2022-02-21,1730,021064,,1,2,9,2500,0,1,3,,2,006,SR-139,"COUNTY ROAD 91",0.00,,Y,D,-,Y,MOD,,139,,,17.348,H,,R,Y,2,0,2,2,A,-,03,22350,A,N,D,C,A,C,H,-,D,D,0,,,,Y,Y,,A,01,1,1,0,0,0,0,0,0,0,"- ","- ",41.539939880371094,-121.15310668945312,MODOC,UNINCORPORATED,-121.15308380126953,41.539951324462891
91715466,2021,2022-03-04,9145,2021-09-15,1930,018254,,3,2,9,2500,0,1,3,,1,081,SR-139,"COUNTY ROAD 112",528.00,S,N,A,-,Y,,,139,,,,,,,Y,1,1,2,3,A,-,08,22107,,N,A,2,A,A,H,-,D,D,0,,,,Y,Y,,A,08,0,1,1,0,0,0,0,0,0,"- ","- ",41.899269104003906,-121.39723205566406,MODOC,UNINCORPORATED,-121.39727020263672,41.899219512939453
91725995,2022,2022-03-17,9170,2022-03-13,1750,019033,,7,2,9,2500,0,3,5,,1,023,"COUNTY ROAD 1","COUNTY ROAD 225",3696.00,S,N,A,-,N,,,,,,,,,,Y,3,0,1,2,A,-,01,23152,A,N,A,E,A,A,H,-,B,D,0,,,,,Y,Y,A,01,0,1,0,0,0,0,0,0,0,"- ","- ",41.753459930419922,-120.19007873535156,MODOC,UNINCORPORATED,-120.19013977050781,41.753223419189453
91743635,2022,2022-04-07,9170,2022-04-04,1540,019033,,1,2,9,2500,0,3,5,,1,023,"COUNTY ROAD 1","COUNTY ROAD 42",2112.00,N,N,A,G,N,,,,,,,,,,Y,3,0,2,1,A,-,03,22350,,N,F,A,A,A,H,-,A,D,0,,,,Y,Y,,G,25,0,1,1,0,0,0,0,0,0,"- ","- ",41.276691436767578,-120.09439849853516,MODOC,UNINCORPORATED,-120.09435272216797,41.276569366455078
91744356,2022,2022-04-08,9170,2022-04-05,0330,020152,,2,3,9,2500,0,1,2,,1,002,US-395,"COUNTY ROAD 61 (JONES LN)",8976.00,S,N,A,-,Y,,,,,,,,,,Y,3,0,2,1,A,-,08,22107,,N,E,I,A,B,H,-,D,D,0,,,,Y,Y,,G,25,0,2,0,0,0,0,0,0,0,"- ","- ",41.372928619384766,-120.53916931152344,MODOC,UNINCORPORATED,-120.53950500488281,41.372837066650391
91747540,2022,2022-04-14,9170,2022-04-07,0420,021064,,4,3,9,2500,0,3,5,,1,023,"COUNTY ROAD 1","COUNTY ROAD 35",8976.00,N,N,A,-,N,,,,,,,,,,Y,3,0,1,1,A,-,08,22107,,N,F,A,A,A,H,-,D,D,0,,,,,Y,,A,01,0,1,0,0,0,0,0,0,0,"- ","- ",41.332790374755859,-120.11726379394531,MODOC,UNINCORPORATED,-120.12814331054688,41.355705261230469
91753760,2022,2022-04-21,9170,2022-04-14,2030,021064,,4,2,9,2500,0,1,3,,1,004,SR-299,"MCKENNY DRIVE",422.00,E,N,B,-,Y,MOD,,299,,,50.079,H,,R,Y,2,0,2,1,A,-,03,22350,,N,E,8,A,C,H,-,D,D,0,,,,,Y,,A,07,1,0,1,0,0,0,0,0,0,"- ","- ",41.560550689697266,-120.29180908203125,MODOC,UNINCORPORATED,-120.29180908203125,41.560562133789062
91755911,2022,2022-04-25,9170,2022-04-22,1345,020152,,5,1,9,2500,0,3,5,,2,024,"CO RD 91","FOREST SERVICE ROAD 42N60 (SAND FLAT RD)",10560.00,S,N,B,C,N,,,,,,,,,,Y,2,0,1,1,A,-,08,22107,,N,E,I,A,B,H,-,A,D,0,,,,,Y,,E,22,1,0,0,0,0,0,0,0,0,"- ","- ",41.418621063232422,-121.17414093017578,MODOC,UNINCORPORATED,,
91756613,2022,2022-04-26,9170,2022-04-19,1920,021104,,2,2,9,2500,0,1,3,,1,005,"STATE ROUTE 299","COUNTY ROAD 86",5808.00,W,N,A,-,Y,MOD,,299,,,3.205,H,,R,Y,4,0,1,1,A,-,08,22107,,N,E,J,A,A,H,-,A,D,0,,,,,Y,,D,22,0,0,1,0,0,0,0,0,0,"- ","- ",41.223888397216797,-120.92455291748047,MODOC,UNINCORPORATED,-120.92462158203125,41.223918914794922
91765494,2022,2022-05-05,9145,2022-04-28,2200,018254,,4,3,9,2500,0,1,3,,1,090,SR-139,"PRIVATE DRIVEWAY: 3330 HIGHWAY 139, TULELAKE, CA 9",528.00,N,N,B,-,Y,MOD,,139,,,34.079,H,,R,Y,3,0,1,1,C,-,18,,,N,H,H,A,A,H,-,D,D,0,,,,,Y,,-,"- ",0,1,0,0,0,0,0,0,0,"- ","- ",41.751640319824219,-121.30210876464844,MODOC,UNINCORPORATED,-121.30214691162109,41.751636505126953
91766444,2022,2022-05-06,9170,2022-04-28,1000,016057,,4,1,9,2500,0,3,5,,2,025,"COUNTY ROAD 93","COUNTY ROAD 93A",9504.00,W,N,B,C,N,,,,,,,,,,Y,4,0,1,1,A,-,03,22350,,N,F,A,A,D,H,-,A,D,0,,,,Y,Y,,-,"- ",0,0,1,0,0,0,0,0,0,"- ","- ",,,MODOC,UNINCORPORATED,,
91774011,2022,2022-05-17,9170,2022-03-28,1535,021962,,1,2,9,2500,0,3,5,,2,024,"COUNTY ROAD 48 (WEST SIDE ROAD)",US-395,24446.00,W,N,B,-,N,,,,,,,,,,Y,1,1,0,1,A,-,01,23152,G,N,F,A,A,A,H,-,A,D,0,,,,,Y,Y,A,07,0,0,0,0,0,0,0,0,0,"- ","- ",41.751350402832031,-120.45065307617188,MODOC,UNINCORPORATED,-120.43428039550781,41.722911834716797
91778142,2022,2022-05-23,9170,2022-05-18,2345,018478,,3,3,9,2500,0,1,2,,1,003,US-395,"COUNTY RD 133D",365.00,S,N,A,-,Y,MOD,,395,,,59.290,H,,R,Y,4,0,1,1,A,-,08,22107,,N,E,I,A,A,H,-,D,D,0,,,,,Y,,A,01,0,0,1,0,0,0,0,0,0,"- ","- ",41.962120056152344,-120.3072509765625,MODOC,UNINCORPORATED,-120.30695343017578,41.962047576904297
91785136,2022,2022-05-31,9145,2022-05-22,0100,018254,,7,3,9,2500,0,1,3,,1,090,SR-139,"24150 STATE ROUTE 139",528.00,S,N,A,-,Y,MOD,,139,,,24.703,H,,R,Y,3,0,1,1,A,-,08,22107,,M,E,8,A,A,H,-,D,D,0,,,,,Y,,D,22,0,1,0,0,0,0,0,0,0,"- ","- ",41.6302490234375,-121.22678375244141,MODOC,UNINCORPORATED,-121.22672271728516,41.630275726318359
91792590,2022,2022-06-10,9170,2022-06-03,2110,021104,,5,2,9,2500,0,1,3,,1,004,"STATE ROUTE 299","COUNTY ROAD 58",2640.00,E,N,B,-,Y,MOD,,299,,R,46.721,H,,R,Y,4,0,1,1,C,-,18,,,N,H,H,A,A,H,-,D,D,0,,,,,Y,,-,"- ",0,0,1,0,0,0,0,0,0,"- ","- ",41.55657958984375,-120.35462188720703,MODOC,UNINCORPORATED,-120.35462951660156,41.556549072265625
91806142,2022,2022-06-29,9145,2022-06-19,0130,018210,,7,3,9,2500,0,1,3,,1,090,"STATE HIGHWAY 139","COUNTY ROAD 112",245.00,S,N,A,-,Y,MOD,,139,,,46.393,H,,R,N,3,0,2,3,A,-,05,21460,A,N,A,C,A,A,H,-,D,D,0,,,,,Y,,B,07,0,2,0,0,0,0,0,0,0,"- ","- ",41.899269104003906,-121.39739990234375,MODOC,UNINCORPORATED,-121.39739227294922,41.899276733398438
91806854,2022,2022-06-30,9170,2022-06-26,0725,021064,,7,1,9,2500,0,1,2,,1,003,US-395,"COUNTY ROAD 133B",6336.00,N,N,A,-,Y,MOD,,395,,,45.932,H,,R,Y,3,0,2,1,C,-,18,,,N,H,H,A,A,H,-,A,D,0,,,,,Y,,-,"- ",0,2,0,0,0,0,0,0,0,"- ","- ",41.778709411621094,-120.37355041503906,MODOC,UNINCORPORATED,-120.37358093261719,41.778713226318359
91814208,2022,2022-07-11,9170,2022-07-04,0715,020152,,1,1,9,2500,0,3,5,,1,023,"COUNTY ROAD 1","COUNTY ROAD 219",880.00,S,N,A,-,N,,,,,,,,,,Y,4,0,1,2,A,-,09,21802,A,N,D,C,A,A,H,-,A,D,0,,,Y,,Y,,C,06,0,0,1,0,0,0,0,0,1,"- ","- ",41.690849304199219,-120.21694183349609,MODOC,UNINCORPORATED,-120.21695709228516,41.690750122070312
91825940,2022,2022-07-27,9170,2022-07-21,0025,021064,,4,3,9,2500,0,1,2,,1,002,"US HIGHWAY 395","COUNTY ROAD 64",528.00,S,N,A,-,Y,,,,,,,,,,N,3,0,1,1,A,-,01,23152,A,N,E,8,A,A,H,-,D,D,0,,,,,Y,Y,D,22,0,1,0,0,0,0,0,0,0,"- ","- ",41.134101867675781,-120.30130004882812,MODOC,UNINCORPORATED,-120.50389099121094,41.229251861572266
91839348,2022,2022-08-12,9170,2022-08-11,1845,019033,,4,2,9,2500,0,3,5,,2,025,CR-115,"COUNTY ROAD 59B",2693.00,N,N,A,-,N,,,,,,,,,,Y,3,0,3,1,A,-,08,22107,,N,E,I,A,A,H,-,A,D,0,,,,,Y,,D,22,0,2,1,0,0,0,0,0,0,"- ","- ",41.45159912109375,-120.52597808837891,MODOC,UNINCORPORATED,-120.5257568359375,41.451183319091797
91844271,2022,2022-08-19,9170,2022-08-12,2140,021727,,5,2,9,2500,0,1,3,,1,005,SR-299,"CANBY RAILROAD CROSSING",400.00,W,N,A,-,Y,MOD,,299,,,23.044,H,,R,Y,4,0,2,1,C,-,18,,,N,H,H,A,A,H,-,C,D,0,,,,,Y,,-,"- ",0,0,2,0,0,0,0,0,0,"- ","- ",41.448581695556641,-120.85836791992188,MODOC,UNINCORPORATED,-120.85841369628906,41.448638916015625
91853216,2022,2022-08-30,9170,2022-08-23,1225,015993,,2,1,2,2501,0,3,5,,1,023,"COUNTY ROAD 1","THA-OUIDA-TAH-BUH DRIVE",6336.00,S,N,A,-,N,,,,,,,,,,N,3,0,1,2,D,-,00,,,N,B,C,A,A,H,-,A,D,0,,,,,Y,,-,"- ",0,1,0,0,0,0,0,0,0,"- ","- ",41.832839965820312,-120.17307281494141,MODOC,ALTURAS,-120.17301940917969,41.832271575927734
91858112,2022,2022-09-06,9170,2022-08-27,0430,021962,,6,3,9,2500,0,1,2,,1,003,US-395,"CORD 133C",17424.00,N,N,A,-,Y,,,,,,,,,,Y,2,0,1,1,A,-,01,23152,A,N,E,I,A,A,H,-,D,D,0,,,,,Y,Y,A,01,1,0,0,0,0,0,0,0,0,"- ","- ",41.834041595458984,-120.31758880615234,MODOC,UNINCORPORATED,-120.35684204101562,41.833553314208984
91858765,2022,2022-09-07,9170,2022-08-30,2320,021104,,2,3,9,2500,0,1,3,,1,004,"COUNTY ROAD 118","US HIGHWAY 395",0.00,,Y,A,-,Y,MOD,,395,,,34.412,H,,R,Y,3,0,1,1,C,-,18,,,N,E,I,A,A,H,-,D,A,0,,,,,Y,,-,"- ",0,1,0,0,0,0,0,0,0,"- ","- ",41.617179870605469,-120.41345977783203,MODOC,UNINCORPORATED,-120.41338348388672,41.617149353027344
91865256,2022,2022-09-15,9170,2022-09-06,0620,016057,,2,1,9,2500,0,3,5,,1,023,"COUNTY ROAD 1","COUNTY ROAD 40",1056.00,N,N,A,-,N,,,,,,,,,,Y,4,0,1,1,A,-,08,22107,,N,E,I,A,A,H,-,B,D,0,,,,,Y,,D,22,0,0,1,0,0,0,0,0,0,"- ","- ",,,MODOC,UNINCORPORATED,-120.11276245117188,41.29864501953125
91866908,2022,2022-09-16,9170,2022-09-08,1420,019274,,4,2,9,2500,0,1,2,,1,003,"RT 395","COUNTY ROAD 47E",20170.00,S,N,A,-,Y,MOD,,395,,,50.104,H,,R,Y,2,0,1,1,A,-,03,22350,,N,E,I,A,A,H,-,A,D,0,,,,,Y,,-,"- ",1,0,0,0,0,0,0,0,0,"- ","- ",41.834629058837891,-120.35769653320312,MODOC,UNINCORPORATED,-120.35765838623047,41.834644317626953
91867904,2022,2022-09-19,9170,2022-09-10,2200,021962,,6,3,9,2500,0,3,5,,2,025,"NATIONAL FOREST ROAD 5 (WEST WARNER ROAD)","NATIONAL FOREST ROAD 31 (PARKER CREEK ROAD)",1400.00,E,N,A,-,N,,,,,,,,,,Y,3,0,1,1,A,-,01,23152,A,N,E,I,A,A,H,-,D,D,0,,,,,Y,Y,D,22,0,1,0,0,0,0,0,0,0,"- ","- ",41.444118499755859,-120.33937072753906,MODOC,UNINCORPORATED,,
91873817,2022,2022-09-26,9145,2022-09-17,2210,022314,,6,3,9,2500,0,3,5,,2,009,CR-176,"6TH ST",215.00,E,N,A,-,N,,,,,,,,,,Y,3,0,1,1,A,-,01,23152,A,N,E,I,A,A,H,-,D,D,0,,,,,Y,Y,A,08,0,1,0,0,0,0,0,0,0,"- ","- ",41.888538360595703,-123.36955261230469,MODOC,UNINCORPORATED,,
91879055,2022,2022-09-30,9170,2022-09-26,2015,021727,,1,2,9,2500,0,1,3,,1,004,"SR-299 W/B","MC KENNEY RD.",8448.00,E,N,A,-,Y,MOD,,299,,,50.896,H,,L,Y,4,0,1,1,C,-,18,,,N,H,H,A,A,H,-,D,D,0,,,,,Y,,-,"- ",0,0,1,0,0,0,0,0,0,"- ","- ",41.561630249023438,-120.27628326416016,MODOC,UNINCORPORATED,-120.27628326416016,41.561630249023438
91886442,2022,2022-10-10,9170,2022-10-01,2340,021064,,6,3,9,2500,0,3,5,,1,023,"COUNTY ROAD 1","COUNTY ROAD 9",5280.00,S,N,A,-,N,,,,,,,,,,Y,3,0,1,1,A,-,08,22107,,N,F,A,A,A,H,-,D,D,0,,,,,Y,,D,22,0,1,0,0,0,0,0,0,0,"- ","- ",41.778419494628906,-120.18260955810547,MODOC,UNINCORPORATED,-120.17363739013672,41.79119873046875
91887663,2022,2023-02-08,9170,2022-10-02,1930,019786,,7,2,9,2500,0,3,5,,1,023,"COUNTY ROAD 1 NORTH OF CEDARVILLE","COUNTY ROAD 22",22.00,S,N,A,-,N,,,,,,,,,,Y,2,0,3,2,A,-,01,23152,A,N,C,C,A,A,H,-,D,D,0,,,,,Y,Y,A,01,1,2,0,0,0,0,0,0,0,"- ","- ",41.547649383544922,-120.17204284667969,MODOC,UNINCORPORATED,-120.17202758789062,41.547569274902344
91896554,2022,2022-10-21,9170,2022-10-19,1915,021104,,3,2,9,2500,0,1,2,,1,003,"US HIGHWAY 395","COUNTY ROAD 250",4752.00,N,N,A,-,Y,,,,,,,,,,Y,2,0,1,2,A,-,03,22350,,N,D,C,A,A,H,-,D,D,0,,,,,Y,,D,22,1,0,0,0,0,0,0,0,0,"- ","- ",41.51953125,-120.45906066894531,MODOC,UNINCORPORATED,,
91911753,2022,2022-11-07,9170,2022-10-27,1650,021104,,4,2,9,2500,0,3,5,,2,025,"COUNTY ROAD 243","COUNTY ROAD 245",119.00,N,N,A,-,N,,,,,,,,,,Y,2,0,3,1,A,-,01,23152,A,N,E,J,A,A,H,-,A,D,0,,,,,Y,Y,A,07,3,0,0,0,0,0,0,0,0,"- ","- ",41.514179229736328,-120.53191375732422,MODOC,UNINCORPORATED,-120.53189086914062,41.514144897460938
91923420,2022,2022-11-21,9170,2022-11-16,1615,021064,,3,2,9,2500,0,1,3,,1,005,SR-299,"AD-11 (MAIN STREET)",90.00,E,N,A,-,Y,MOD,,299,,,1.159,H,,R,Y,4,0,1,1,A,-,08,22107,,N,E,I,A,A,H,-,A,D,0,,,,,Y,,A,01,0,0,1,0,0,0,0,0,0,"- ","- ",41.199390411376953,-120.94384765625,MODOC,UNINCORPORATED,-120.94382476806641,41.199375152587891
91935363,2022,2022-12-06,9170,2022-11-30,2100,020724,,3,2,9,2500,0,3,5,,2,024,CR-56,CR-199,1584.00,E,N,D,-,N,,,,,,,,,,N,4,0,1,1,A,-,08,22107,,N,F,A,A,C,H,-,D,D,0,,,,,Y,Y,-,"- ",0,0,1,0,0,0,0,0,0,"- ","- ",41.457439422607422,-120.39045715332031,MODOC,UNINCORPORATED,-120.38997650146484,41.457252502441406
91937531,2022,2022-12-08,9145,2022-12-02,2500,022314,,5,4,9,2500,0,3,5,,2,009,CR-106,CR-112,50.00,E,N,A,-,N,,,,,,,,,,Y,3,0,1,1,A,-,01,23152,A,M,E,J,A,C,H,-,D,D,0,,,,,Y,Y,D,22,0,1,0,0,0,0,0,0,0,"- ","- ",41.972209930419922,-121.40612030029297,MODOC,UNINCORPORATED,-121.40617370605469,41.972202301025391
91941308,2022,2022-12-13,9170,2022-12-05,1905,019786,,1,2,9,2500,0,1,3,,1,005,"SR-299 W/B","COUNTY ROAD 75",13200.00,W,N,B,-,Y,MOD,,299,,,32.643,H,,L,Y,4,0,1,1,A,-,08,22107,,N,F,A,A,C,G,-,D,D,0,,,,,Y,,D,22,0,0,1,0,0,0,0,0,0,"- ","- ",41.493339538574219,-120.68974304199219,MODOC,UNINCORPORATED,-120.68975067138672,41.493213653564453
91945807,2022,2022-12-19,9170,2022-12-10,1040,018478,,6,1,9,2500,0,3,5,,2,025,"COUNTY ROAD 54","LAGANA ROAD",2112.00,E,N,B,C,N,,,,,,,,,,Y,3,0,1,1,A,-,08,22107,,N,E,I,A,C,H,-,A,D,0,,,,,Y,,A,07,0,1,0,0,0,0,0,0,0,"- ","- ",41.434230804443359,-120.61405181884766,MODOC,UNINCORPORATED,-120.61395263671875,41.434780120849609
91953595,2022,2022-12-27,9170,2022-12-18,1653,021962,,7,2,9,2500,0,3,5,,2,025,"COUNTY ROAD 60","COUNTY ROAD 189",19536.00,N,N,A,-,N,,,,,,,,,,Y,2,0,1,1,A,-,01,23152,A,N,E,I,A,A,H,-,A,D,0,,,,,Y,Y,A,01,1,0,0,0,0,0,0,0,0,"- ","- ",41.284381866455078,-120.55673980712891,MODOC,UNINCORPORATED,-120.51239013671875,41.271068572998047
91958467,2022,2023-01-03,9170,2022-12-29,1150,018478,,4,1,9,2500,0,1,2,,1,003,US-395,"COUNTY ROAD 133C",9504.00,N,N,B,D,Y,MOD,,395,,,48.683,H,,R,Y,4,0,1,1,A,-,08,22107,,N,E,I,A,C,H,-,A,D,0,,,,,Y,,-,"- ",0,0,1,0,0,0,0,0,0,"- ","- ",41.815250396728516,-120.35321807861328,MODOC,UNINCORPORATED,-120.35348510742188,41.815334320068359
91958480,2022,2023-01-03,9170,2022-12-29,0040,021064,,4,3,9,2500,0,3,5,,2,024,"COUNTY ROAD 91","MUD LAKE ROAD",5808.00,N,N,D,-,N,,,,,,,,,,Y,3,0,1,1,A,-,03,22350,,N,F,A,A,C,H,-,D,D,0,,,,,Y,,A,01,0,1,0,0,0,0,0,0,0,"- ","- ",41.490688323974609,-121.15741729736328,MODOC,UNINCORPORATED,-121.15747833251953,41.4915771484375
91959567,2022,2023-01-04,9170,2022-12-30,0915,021064,,5,1,9,2500,0,1,2,,1,003,US-395,"THOMAS CREEK DR",2112.00,S,N,C,-,Y,MOD,,395,,,32.227,H,,R,Y,4,0,1,1,A,-,03,22350,,N,F,A,A,B,H,-,A,D,0,,,,,Y,,A,01,0,0,1,0,0,0,0,0,0,"- ","- ",41.590110778808594,-120.42793273925781,MODOC,UNINCORPORATED,-120.42790985107422,41.590045928955078
91963838,2023,2023-01-09,9145,2023-01-03,"826 ",018254,,2,1,9,2500,0,1,3,,1,090,SR-139,"LOOKOUT ROAD",9504.00,N,N,B,-,Y,MOD,,139," "," ",19.147,H,,R,Y,2,0,1,1,A,-,03,22350,,N,E,I,A,C,H,-,A,D,0,,,,,Y,,D,22,1,0,0,0,0,0,0,0,0,"- ","- ",41.561809539794922,-121.17169952392578,MODOC,UNINCORPORATED,-121.171630859375,41.561847686767578
91970733,2023,2023-01-18,9170,2023-01-14,2040,021962,,6,2,9,2500,0,1,3,,1,005,SR-299,"COUNTY ROAD 85",12566.00,W,N,D,-,Y,MOD,,299," "," ",12.218,H,,R,Y,4,0,1,1,A,-,03,22350,,N,E,I,A,C,H,-,D,D,0,,,,,Y,,A,08,0,0,1,0,0,0,0,0,0,"- ","- ",41.344661712646484,-120.91216278076172,MODOC,UNINCORPORATED,-120.91221618652344,41.344593048095703
91970791,2023,2023-01-18,9170,2023-01-16,"930 ",019033,,1,1,9,2500,0,1,3,,1,004,SR-299,"PATTERSON ST",7814.00,W,N,B,-,Y,MOD,,299," "," ",55.347,H,,R,Y,3,0,1,1,A,-,03,22350,,N,E,I,A,C,H,-,A,D,0,,,,,Y,,A,07,0,1,0,0,0,0,0,0,0,"- ","- ",41.533260345458984,-120.209716796875,MODOC,UNINCORPORATED,-120.209716796875,41.533405303955078
91973300,2023,2023-01-20,9170,2023-01-16,1600,020152,,1,2,9,2500,0,3,5,,2,024,"COUNTY ROAD 91","COUNTY ROAD 85",70.00,S,N,B,-,N,,,,,,,,,,Y,3,0,1,1,A,-,03,22350,,N,E,I,A,C,H,-,A,D,0,,,,,Y,,A,07,0,1,0,0,0,0,0,0,0,"- ","- ",41.363140106201172,-121.18414306640625,MODOC,UNINCORPORATED,-121.18402862548828,41.363090515136719
91977311,2023,2023-01-25,9170,2023-01-19,1317,016057,,4,1,9,2500,0,1,3,,1,005,SR-299,"SURREY LANE",156.00,W,N,B,-,Y,MOD,,299," "," ",31.011,H,,R,Y,4,0,1,2,A,-,03,22350,,N,A,C,A,C,H,-,A,D,0,,,,,Y,,A,01,0,0,1,0,0,0,0,0,0,"- ","- ",41.482261657714844,-120.71627044677734,MODOC,UNINCORPORATED,-120.71620178222656,41.482208251953125
91988856,2023,2023-02-07,9145,2023-01-27,"905 ",022314,,5,1,9,2500,0,1,3,,1,090,SR-139,"TICKNER RD",4752.00,N,N,A,-,Y,MOD,,139," "," ",25.331,H,,R,Y,3,0,1,1,A,-,08,22107,,N,F,0,A,A,H,-,A,D,0,,,,,Y,,-,"- ",0,1,0,0,0,0,0,0,0,"- ","- ",41.637950897216797,-121.23252868652344,MODOC,UNINCORPORATED,-121.23251342773438,41.637958526611328
91989062,2023,2023-02-07,9145,2023-01-30,"901 ",018254,,1,1,9,2500,0,1,3,,1,090,"22485 STATE HIGHWAY 139","USFS ROAD 44N09",16896.00,S,N,A,-,Y,MOD,,139," "," ",23.201,H,,R,Y,4,0,1,1,A,-,08,22107,,N,E,8,A,A,H,-,A,A,0,,,,,Y,,D,22,0,0,1,0,0,0,0,0,0,"- ","- ",41.611419677734375,-121.21289825439453,MODOC,UNINCORPORATED,-121.21261596679688,41.611545562744141
91997523,2023,2023-02-17,9145,2023-02-10,"615 ",022314,,5,1,9,2500,0,1,3,,1,090,SR-139,CR-136,1584.00,N,N,A,-,Y,MOD,,139," "," ",30.666,H,,R,Y,3,0,1,1,A,-,08,22107,,N,F,0,A,A,H,-,B,D,0,,,,,Y,,-,"- ",0,1,0,0,0,0,0,0,0,"- ","- ",41.706089019775391,-121.28131103515625,MODOC,UNINCORPORATED,-121.28112030029297,41.706085205078125
92004194,2023,2023-02-27,9170,2023-02-22,1720,020152,,3,2,9,2500,0,1,3,,1,005,SR-299,"SPICER LN",282.00,E,N,B,-,Y,MOD,,299," "," ",39.056,H,,R,Y,3,0,3,1,A,-,03,22350,,N,F,A,A,C,H,-,A,D,0,,,,,Y,,D,22,0,2,1,0,0,0,0,0,0,"- ","- ",41.494678497314453,-120.57274627685547,MODOC,UNINCORPORATED,-120.57275390625,41.494613647460938
92009142,2022,2023-03-03,9145,2022-10-15,1740,018254,,6,2,9,2500,0,1,3,,1,090,SR-139,"COUNTY ROAD 111",2112.00,S,N,A,-,Y,MOD,,139,,,47.408,H,,R,Y,1,1,0,1,A,-,08,22107,,N,F,A,A,A,H,-,A,D,0,,,,,Y,,A,07,0,0,0,0,0,0,0,0,0,"- ","- ",41.90863037109375,-121.41249084472656,MODOC,UNINCORPORATED,-121.41265869140625,41.908454895019531
92014078,2023,2023-03-09,9170,2023-03-09,"815 ",020724,,4,1,9,2500,0,1,3,,1,005,SR-299,"COUNTY ROAD 75",8448.00,W,N,B,-,Y,MOD,,299," "," ",33.696,H,,R,Y,3,0,1,2,A,-,03,22350,,N,C,C,A,A,H,-,A,D,0,,,,Y,Y,,D,22,0,1,0,0,0,0,0,0,0,"- ","- ",41.489059448242188,-120.67031097412109,MODOC,UNINCORPORATED,-120.67032623291016,41.489009857177734
92032028,2023,2023-03-29,9170,2023-03-24,"920 ",019274,,5,1,9,2500,0,1,3,,2,006,"RT 139","USFS 42N60 (LOVENESS LOGGING ROAD)",10032.00,N,N,A,-,Y,MOD,,139," ",R,9.405,H,,R,Y,3,0,2,1,A,-,03,22350,,N,F,A,A,C,H,-,A,D,0,,,,,Y,,-,"- ",0,2,0,0,0,0,0,0,0,"- ","- ",41.507198333740234,-121.01805877685547,MODOC,UNINCORPORATED,-121.01808166503906,41.507137298583984
92045399,2022,2023-04-14,9170,2022-08-05,1930,020570,,5,2,9,2500,0,3,5,,2,025,"COUNTY RD 54 (CENTERVILLE ROAD)","COUNTY ROAD 268 (GRANDE ROAD)",0.00,,Y,B,-,N,,,,,,,,,,Y,1,1,0,2,A,-,03,22350,,N,D,C,A,A,H,-,A,D,0,,,Y,,Y,,C,02,0,0,0,0,0,0,0,1,0,"- ","- ",41.424961090087891,-120.64633941650391,MODOC,UNINCORPORATED,-120.64639282226562,41.424964904785156
92057983,2023,2023-05-01,9170,2023-04-24,"945 ",016057,,1,1,9,2500,0,3,5,,2,024,"COUNTY ROAD 94","COUNTY ROAD 93",1584.00,W,N,A,-,N,,,,,,,,,,Y,4,0,1,1,C,-,18,,,N,H,H,A,A,H,-,A,D,0,,,,,Y,,-,"- ",0,0,1,0,0,0,0,0,0,"- ","- ",41.218959808349609,-121.19538116455078,MODOC,UNINCORPORATED,-121.19247436523438,41.219108581542969
92062290,2023,2023-05-05,9170,2023-04-27,1800,021727,,4,2,9,2500,0,3,5,,2,025,"FOREST SERVICE ROAD 39N19","COUNTY ROAD 64",7920.00,S,N,A,-,N,,,,,,,,,,N,2,0,1,1,A,-,03,38305,,N,E,J,A,A,A,-,A,D,0,,,Y,,Y,,C,06,1,0,0,0,0,0,0,0,1,"- ","- ",41.2127685546875,-120.38967895507812,MODOC,UNINCORPORATED,,
92065929,2023,2023-05-10,9145,2023-05-03,"740 ",018210,,3,1,9,2500,0,3,5,,2,009,"10 ROAD","COUNTY ROAD 97",21120.00,N,N,B,-,Y,,,,,,,,,,Y,3,0,1,1,A,-,03,22350,,N,F,A,A,A,H,-,B,D,0,,,,Y,Y,,F,25,0,1,0,0,0,0,0,0,0,"- ","- ",41.677608489990234,-121.36373138427734,MODOC,UNINCORPORATED,,
92074126,2023,2023-05-22,9145,2023-05-11,2300,022314,,4,3,9,2500,0,3,5,,2,009,CR-108,CR-112,7392.00,E,N,A,-,N,,,,,,,,,,Y,3,0,1,1,A,-,08,22107,,N,E,8,A,A,H,-,D,D,0,,,,,Y,,A,07,0,1,0,0,0,0,0,0,0,"- ","- ",41.996749877929688,-121.37880706787109,MODOC,UNINCORPORATED,-121.73954010009766,38.796463012695312
92074152,2023,2023-05-22,9170,2023-05-14,"240 ",021727,,7,3,9,2500,0,3,5,,2,025,"COUNTY ROAD 54","COUNTY ROAD 70",2325.00,E,N,A,-,N,,,,,,,,,,Y,2,0,1,1,A,-,08,22107,,N,E,8,A,A,H,-,D,D,0,,,,,Y,,D,22,1,0,0,0,0,0,0,0,0,"- ","- ",41.421588897705078,-120.72682952880859,MODOC,UNINCORPORATED,-120.72719573974609,41.421531677246094
92074322,2023,2023-05-22,9170,2023-05-20,1740,019274,,6,2,9,2500,0,3,5,,2,025,"COUNTY ROAD 91","LOVENESS LOGGING ROAD",70.00,S,N,A,-,N,,,,,,,,,,Y,3,0,1,1,A,-,08,22107,,N,F,A,A,A,H,-,A,D,0,,,Y,,Y,,-,"- ",0,1,0,0,0,0,0,0,1,"- ","- ",41.464199066162109,-121.16191101074219,MODOC,UNINCORPORATED,-121.16178894042969,41.464401245117188
92075265,2023,2023-05-23,9170,2023-05-22,1335,017913,,1,1,9,2500,0,3,5,,2,025,"COUNTY ROAD 64 (JESS VALLEY ROAD)","COUNTY ROAD 66",4752.00,E,N,A,-,N,,,,,,,,,,Y,3,0,1,1,A,-,03,22350,,N,E,I,A,A,H,-,A,D,0,,,,,Y,,A,01,0,1,0,0,0,0,0,0,0,"- ","- ",41.228199005126953,-120.44410705566406,MODOC,UNINCORPORATED,-120.44570922851562,41.228851318359375
92077688,2023,2023-05-25,9170,2023-05-25,"725 ",018478,,4,1,9,2500,0,1,2,,1,003,US-395,"BIA ROUTE 77",5808.00,N,N,A,-,Y,MOD,,395," "," ",31.861,H,,R,Y,4,0,1,1,A,-,08,22107,,N,E,I,A,A,H,-,A,D,0,,,,,Y,,-,"- ",0,0,1,0,0,0,0,0,0,"- ","- ",41.586589813232422,-120.43276977539062,MODOC,UNINCORPORATED,-120.43269348144531,41.586570739746094
92081107,2023,2023-05-30,9730,2023-05-22,2135,022788,,1,2,9,2500,0,3,5,,2,006,"NASHUA ROAD","COOPER ROAD",1109.00,N,N,B,C,Y,,,,,,,,,,Y,4,0,1,1,A,-,08,22107,,N,F,A,A,B,H,-,C,D,0,,,,,Y,,A,07,0,0,1,0,0,0,0,0,0,"- ","- ",36.704601287841797,-121.73636627197266,MODOC,UNINCORPORATED,,
92084544,2023,2023-06-02,9170,2023-05-23,1315,016057,,2,1,9,2500,0,1,3,,2,006,SR-139,SR-299,1056.00,N,N,B,-,Y,MOD,,139," ",R,0.461,H,,R,Y,4,0,1,1,A,-,08,22107,,N,F,A,A,A,H,-,A,D,0,,,Y,,Y,,-,"- ",0,0,1,0,0,0,0,0,1,"- ","- ",41.44036865234375,-120.88170623779297,MODOC,UNINCORPORATED,-120.88167572021484,41.440395355224609
92084795,2023,2023-06-02,9170,2023-05-29,1520,017913,,1,2,9,2500,0,3,5,,1,023,"COUNTY ROAD 1","COUNTY ROAD 9",2640.00,N,N,B,C,N,,,,,,,,,,Y,4,0,2,1,A,-,08,22107,,N,E,I,A,B,H,-,A,D,0,,,,,Y,,D,22,0,0,2,0,0,0,0,0,0,"- ","- ",41.800128936767578,-120.17458343505859,MODOC,UNINCORPORATED,-120.17350006103516,41.798198699951172
92086820,2023,2023-06-06,9170,2023-06-05,"620 ",017913,,1,1,9,2500,0,1,3,,1,004,SR-299,"COUNTY ROAD 58",2112.00,E,N,A,-,Y,MOD,,299," ",R,46.744,H,,R,Y,4,0,1,1,A,-,08,22107,,N,E,I,A,A,H,-,A,D,0,,,,,Y,,D,22,0,0,1,0,0,0,0,0,0,"- ","- ",41.556541442871094,-120.35415649414062,MODOC,UNINCORPORATED,-120.35417175292969,41.556488037109375
92089495,2023,2023-06-08,9145,2023-06-02,1724,018254,,5,2,9,2500,0,1,3,,1,090,SR-139,"COUNTY ROAD 112",12.00,N,N,A,-,Y,MOD,,139," "," ",46.515,H,,R,Y,4,0,1,3,A,-,03,22350,,N,C,2,A,A,H,-,A,A,0,,,,,Y,,A,07,0,0,1,0,0,0,0,0,0,"- ","- ",41.900501251220703,-121.39909362792969,MODOC,UNINCORPORATED,-121.39910125732422,41.900489807128906
92093402,2023,2023-06-14,9170,2023-06-07,1130,017913,,3,1,9,2500,0,1,2,,1,002,US-395,"COUNTY ROAD189N",1056.00,S,N,A,-,Y,MOD,,395," "," ",6.718,H,,R,Y,2,0,3,2,A,-,01,23152,A,N,A,C,A,A,H,-,A,D,0,,,,,Y,Y,D,22,1,2,0,0,0,0,0,0,0,"- ","- ",41.279838562011719,-120.50312042236328,MODOC,UNINCORPORATED,-120.503173828125,41.279842376708984
92093444,2023,2023-06-14,9170,2023-06-07,1000,016057,,3,1,9,2500,0,1,2,,1,003,"RT 395","COUNTY ROAD 133B",3168.00,N,N,A,-,Y,MOD,,395," "," ",42.050,H,,R,Y,3,0,1,2,A,-,08,22107,,N,F,0,A,A,H,-,A,D,0,,,,,Y,Y,-,"- ",0,1,0,0,0,0,0,0,0,"- ","- ",41.722721099853516,-120.37529754638672,MODOC,UNINCORPORATED,-120.37518310546875,41.722721099853516
92108340,2023,2023-07-03,9170,2023-06-25,2200,021962,,7,3,9,2500,0,3,5,,2,025,"COUNTY ROAD 91","MILE POST MARKER 24",150.00,S,N,B,-,N,,,,,,,,,,Y,3,0,1,1,C,-,18,,,N,H,7,A,A,H,-,D,D,0,,,,,Y,,-,"- ",0,1,0,0,0,0,0,0,0,"- ","- ",41.499080657958984,-121.15825653076172,MODOC,UNINCORPORATED,,
92113343,2023,2023-07-10,9170,2023-07-04,1500,019786,,2,2,9,2500,0,3,5,,1,023,"COUNTY ROAD 25","ESPIL LANE",6864.00,W,N,A,-,N,,,,,,,,,,N,3,0,3,1,A,-,08,22107,,N,E,I,A,A,H,-,A,D,0,,,,,Y,,A,07,0,3,0,0,0,0,0,0,0,"- ","- ",41.509971618652344,-120.21794891357422,MODOC,UNINCORPORATED,-120.19418334960938,41.507869720458984
92142030,2023,2023-08-11,9170,2023-08-04,2045,021962,,5,2,9,2500,0,1,2,,1,002,US395,"COUNTY ROAD 115",4670.00,S,N,C,G,Y,MOD,,395," "," ",14.076,H,,R,Y,2,0,1,1,C,-,18,,,N,H,7,A,D,H,-,E,D,0,,,Y,,Y,,-,"- ",1,0,0,0,0,0,0,0,1,"- ","- ",41.380588531494141,-120.54176330566406,MODOC,UNINCORPORATED,-120.54177093505859,41.380588531494141
92149591,2023,2023-08-22,9170,2023-08-18,1750,021962,,5,2,9,2500,0,3,5,,2,025,"COUNTY ROAD 91","RIVER RANCH ROAD",570.00,N,N,A,-,N,,,,,,,,,,Y,4,0,2,1,A,-,08,22107,,N,E,8,A,A,H,-,A,D,0,,,,,Y,,A,07,0,0,2,0,0,0,0,0,0,"- ","- ",41.322959899902344,-121.13323211669922,MODOC,UNINCORPORATED,-121.13340759277344,41.322708129882812
92151793,2023,2023-08-24,9145,2023-08-03,1445,018210,,4,2,9,2500,0,1,3,,1,090,"STATE ROUTE 139","COUNTY ROAD 103",98.00,N,N,A,-,Y,MOD,,139," "," ",50.553,H,,R,Y,2,0,2,2,A,-,08,22107,,N,D,C,A,A,H,-,A,D,0,,,,,Y,,A,01,1,1,0,0,0,0,0,0,0,"- ","- ",41.940521240234375,-121.45556640625,MODOC,UNINCORPORATED,-121.45550537109375,41.940563201904297
92154430,2023,2023-08-25,9170,2023-08-17,1725,018478,,4,2,9,2500,0,1,2,,1,002,US-395,"COUNTY RD 188",215.00,N,N,C,-,Y,MOD,,395," "," ",3.268,H,,R,Y,3,0,3,2,A,-,08,22107,,N,B,C,A,B,H,-,A,D,0,,,Y,,Y,,C,02,0,3,0,0,0,0,0,0,3,"- ","- ",41.231361389160156,-120.50392150878906,MODOC,UNINCORPORATED,-120.50393676757812,41.231361389160156
92162465,2023,2023-11-29,9170,2023-08-27,"155 ",021727,,7,3,9,2500,0,3,5,,1,023,"COUNTY ROAD 1",SR-299,528.00,N,N,A,-,N,,,,,,,,,,N,2,0,3,4,A,-,01,23152,A,N,G,1,E,A,H,-,C,D,0,Y,,,,Y,Y,A,07,3,0,0,0,3,0,0,0,0,"- ","- ",41.531620025634766,-120.17201232910156,MODOC,UNINCORPORATED,-120.17189788818359,41.531017303466797
92193812,2023,2023-10-09,9145,2023-09-30,1010,022314,,6,1,9,2500,0,3,5,,2,009,CR-101,CR-112,1584.00,W,N,B,-,N,,,,,,,,,,N,4,0,1,1,A,-,08,22107,,N,E,J,A,A,H,-,D,D,0,,,,,Y,,D,22,0,0,1,0,0,0,0,0,0,"- ","- ",41.922019958496094,-121.40358734130859,MODOC,UNINCORPORATED,-121.40448760986328,41.922042846679688
92194380,2023,2023-10-09,9170,2023-10-06,1840,021104,,5,2,9,2500,0,1,3,,1,005,SR-299,"COUNTY ROAD 54",12672.00,E,N,A,-,Y,MOD,,299," "," ",24.707,H,,R,Y,4,0,1,2,A,-,03,22350,,N,C,C,A,A,H,-,B,A,0,,,,,Y,,A,07,0,0,1,0,0,0,0,0,0,"- ","- ",41.4539794921875,-120.82833099365234,MODOC,UNINCORPORATED,-120.82833099365234,41.453998565673828
92194545,2023,2023-10-09,9170,2023-10-09,"645 ",017913,,1,1,9,2500,0,1,2,,1,002,US-395,"LYNETA ROAD",2112.00,N,N,B,-,Y,MOD,,395," "," ",9.606,H,,R,Y,3,0,1,1,A,-,08,22107,,N,E,I,A,A,H,-,D,D,0,,,,,Y,,D,22,0,1,0,0,0,0,0,0,0,"- ","- ",41.323020935058594,-120.50839233398438,MODOC,UNINCORPORATED,-120.50841522216797,41.323017120361328
92229395,2023,2023-11-06,9170,2023-10-28,2245,021104,,6,3,9,2500,0,3,5,,2,024,"COUNTY ROAD 55 (PENCIL ROAD)","PRIVATE ROAD (MRE ROAD 8308) (E. MOUNTAIN QUAIL RO",173.00,S,N,A,-,N,,,,,,,,,,Y,2,0,1,1,A,-,01,23152,G,N,F,0,A,A,H,-,D,A,0,,,Y,,Y,Y,C,02,1,0,0,0,0,0,0,0,1,"- ","- ",41.547138214111328,-120.53484344482422,MODOC,UNINCORPORATED,,
92234286,2023,2023-11-13,9170,2023-11-03,1900,021104,,5,2,9,2500,0,1,3,,1,005,"STATE ROUTE 299","COUNTY ROAD 198",2112.00,W,N,B,-,Y,MOD,,299," "," ",7.857,H,,R,Y,4,0,1,1,C,-,18,,,N,H,H,A,A,H,-,D,D,0,,,,,Y,,-,"- ",0,0,1,0,0,0,0,0,0,"- ","- ",41.284889221191406,-120.89241027832031,MODOC,UNINCORPORATED,-120.89235687255859,41.284877777099609
92256085,2023,2023-12-07,9170,2023-12-01,"805 ",019786,,5,1,9,2500,0,1,2,,1,003,US-395,"THOMS CREEK DRIVE",6600.00,S,N,D,-,Y,MOD,,395," "," ",31.398,H,,R,Y,4,0,1,1,A,-,03,22350,,N,F,A,A,C,H,-,A,D,0,,,,,Y,,-,"- ",0,0,1,0,0,0,0,0,0,"- ","- ",41.580211639404297,-120.43547058105469,MODOC,UNINCORPORATED,-120.43541717529297,41.580204010009766
92256096,2023,2023-12-07,9170,2023-12-01,"925 ",019786,,5,1,9,2500,0,1,2,,1,003,US-395,"COUNTY ROAD 133C",5280.00,N,N,D,-,Y,MOD,,395," "," ",47.562,H,,R,Y,3,0,1,1,A,-,03,22350,,N,F,A,A,C,H,-,A,D,0,,,,,Y,,D,22,0,1,0,0,0,0,0,0,0,"- ","- ",41.801361083984375,-120.36464691162109,MODOC,UNINCORPORATED,-120.36463165283203,41.801353454589844
92258564,2023,2023-12-11,9170,2023-12-09,1645,019033,,6,2,9,2500,0,3,5,,2,025,"COUNTY ROAD 91","COUNTY ROAD 149",9715.00,N,N,A,-,N,,,,,,,,,,Y,3,0,1,1,C,-,18,,,N,H,H,A,A,H,-,D,D,0,,,,,Y,,-,"- ",0,1,0,0,0,0,0,0,0,"- ","- ",41.261890411376953,-121.14186859130859,MODOC,UNINCORPORATED,-121.14183044433594,41.261905670166016
92258574,2023,2023-12-11,9170,2023-12-05,"910 ",017913,,2,1,9,2500,0,3,5,,2,025,"COUNTY ROAD 64 (JESS VALLEY ROAD)","COUNTY ROUTE 510 (BLUE LAKE ROAD)",5280.00,W,N,A,-,N,,,,,,,,,,Y,3,0,1,1,A,-,03,22350,,N,E,I,A,C,H,-,A,D,0,,,,,Y,,A,07,0,1,0,0,0,0,0,0,0,"- ","- ",41.235790252685547,-120.35281372070312,MODOC,UNINCORPORATED,,
92258813,2023,2023-12-11,9170,2023-11-30,1920,021104,,4,2,9,2500,0,1,3,,2,006,"STATE ROUTE 139","LOVENESS ROAD",15840.00,S,N,B,-,Y,MOD,,139," ",R,3.751,H,,R,Y,4,0,1,1,A,-,03,22350,,N,F,J,A,C,H,-,D,D,0,,,,Y,Y,,G,25,0,0,1,0,0,0,0,0,0,"- ","- ",41.468948364257812,-120.93074035644531,MODOC,UNINCORPORATED,-120.93077087402344,41.468921661376953
92264628,2023,2023-12-18,9170,2023-12-15,"725 ",016673,,5,1,9,2500,0,3,5,,2,025,"MODOC COUNTY ROAD 91","MODOC COUNTY ROAD 90",9504.00,N,N,A,-,N,,,,,,,,,,Y,2,0,2,1,A,-,08,22107,,N,F,I,A,A,H,-,A,D,0,,,,,Y,,A,07,1,1,0,0,0,0,0,0,0,"- ","- ",41.317981719970703,-121.1346435546875,MODOC,UNINCORPORATED,-121.45709991455078,41.942569732666016
92267356,2023,2023-12-20,9170,2023-11-03,1615,019786,,5,2,9,2500,0,1,3,,1,004,SR-299,"MCKENNEY DR",34320.00,E,N,A,-,Y,MOD,,299," "," ",49.962,H,,R,Y,1,1,1,2,A,-,08,22107,,N,A,2,A,A,H,-,A,D,0,,,,Y,Y,,F,55,1,0,0,0,0,0,0,0,0,"- ","- ",41.561008453369141,-120.29396820068359,MODOC,UNINCORPORATED,-120.29397583007812,41.56097412109375
92272586,2023,2023-12-27,9170,2023-12-19,"755 ",016057,,2,1,9,2500,0,1,3,,1,005,SR-299,"COUNTY ROAD 150",1056.00,E,N,B,C,Y,MOD,,299," "," ",6.294,H,,R,Y,3,0,1,1,A,-,03,22350,,N,E,8,A,B,H,-,A,D,0,,,,,Y,,-,"- ",0,1,0,0,0,0,0,0,0,"- ","- ",41.262699127197266,-120.89515686035156,MODOC,UNINCORPORATED,-120.89521026611328,41.262725830078125
92272840,2023,2023-12-27,9145,2023-12-21,"757 ",018210,,4,1,9,2500,0,3,5,,2,009,"STATELINE ROAD","SOUTH MALIN ROAD",0.00,,Y,B,E,N,,,,,,,,,,Y,4,0,1,1,A,-,03,22350,,N,F,A,A,C,H,-,B,A,0,,,,,Y,,J,48,0,0,1,0,0,0,0,0,0,"- ","- ",41.99700927734375,-121.40831756591797,MODOC,UNINCORPORATED,-121.408385,41.997055000000003
92276649,2023,2024-01-02,9170,2023-12-26,1725,021727,,2,2,9,2500,0,3,5,,1,023,"COUNTY ROAD 1","COUNTY ROAD 225",3168.00,S,N,B,-,N,,,,,,,,,,Y,2,0,1,1,A,-,01,23152,A,N,E,8,A,A,H,-,D,D,0,,,,,Y,Y,-,"- ",1,0,0,0,0,0,0,0,0,"- ","- ",41.763439178466797,-120.18473815917969,MODOC,UNINCORPORATED,-120.189453125,41.75457763671875
92279349,2023,2024-01-04,9170,2023-12-10,1310,016057,,7,1,9,2500,0,1,3,,2,006,"STATE ROUTE 139","USFS ROUTE 42N60 (LOVENESS ROAD)",4752.00,S,N,B,-,Y,MOD,,139," ",R,6.454,H,,R,Y,1,1,0,1,A,-,08,22107,,N,E,8,A,A,H,-,A,D,0,,,,,Y,,A,07,0,0,0,0,0,0,0,0,0,"- ","- ",41.492298126220703,-120.96868896484375,MODOC,UNINCORPORATED,-120.96863555908203,41.492290496826172
92287061,2024,2024-01-15,9170,2024-01-06,1415,018478,,6,2,9,2500,0,3,5,,2,025,"COUNTY ROAD 91","LOVENESS LOGGING ROAD",528.00,S,N,B,-,N,,,,,,,,,,Y,2,0,3,2,D,-,00,,,N,A,C,A,C,H,-,A,D,0,,,,,Y,,-,"- ",2,1,0,0,0,0,0,0,0,"- ","- ",41.463020324707031,-121.16204071044922,MODOC,UNINCORPORATED,-121.16202545166016,41.463153839111328
92298866,2024,2024-01-29,9145,2024-01-14,"400 ",022314,,7,3,9,2500,0,1,3,,1,090,SR-139,CR-140,528.00,N,N,C,-,Y,MOD,,139," "," ",42.987,H,,R,N,3,0,1,1,A,-,08,22107,,N,F,0,A,B,H,-,D,D,0,,,,Y,Y,,G,25,0,1,0,0,0,0,0,0,0,"- ","- ",41.868068695068359,-121.34638977050781,MODOC,UNINCORPORATED,-121.34622192382812,41.868228912353516
92299967,2024,2024-01-29,9170,2024-01-23,1510,016057,,2,2,9,2500,0,3,5,,2,025,"COUNTY ROAD 54","COUNTY ROAD 60",300.00,W,N,B,-,N,,,,,,,,,,Y,4,0,1,1,A,-,08,22107,,N,F,A,A,A,H,-,A,D,0,,,,,Y,,A,07,0,0,1,0,0,0,0,0,0,"- ","- ",41.466510772705078,-120.56034088134766,MODOC,UNINCORPORATED,-120.56072235107422,41.466342926025391
92307932,2024,2024-02-07,9170,2024-02-02,1705,018478,,5,2,9,2500,0,1,3,,1,004,SR-299,"COUNTY ROAD 58",12144.00,E,N,B,-,Y,MOD,,299," "," ",48.806,H,,R,Y,4,0,2,1,A,-,03,22350,,N,E,I,A,C,H,-,A,D,0,,,,,Y,,-,"- ",0,0,2,0,0,0,0,0,0,"- ","- ",41.559089660644531,-120.31578063964844,MODOC,UNINCORPORATED,-120.31578826904297,41.559070587158203
92310235,2024,2024-02-09,9170,2024-02-08,"315 ",021727,,4,3,9,2500,0,1,2,,1,002,US-395,"COUNTY ROAD 61 (JONES LN.)",150.00,S,N,A,-,Y,MOD,,395," ",R,15.237,H,,R,Y,3,0,1,2,A,-,05,21650,,N,B,C,A,A,H,-,D,D,0,,,,Y,Y,,-,"- ",0,1,0,0,0,0,0,0,0,"- ","- ",41.397201538085938,-120.54210662841797,MODOC,UNINCORPORATED,-120.54209899902344,41.397201538085938
92315177,2024,2024-02-15,9170,2024-02-10,1500,018478,,6,2,9,2500,0,1,3,,1,004,SR-299,"MCKENNEY DR",8976.00,E,N,A,-,Y,MOD,,299," "," ",51.100,H,,R,Y,2,0,1,1,A,-,08,22107,,N,F,A,A,A,B,-,A,D,0,,,Y,,Y,,C,02,1,0,0,0,0,0,0,0,1,"- ","- ",41.562538146972656,-120.27255249023438,MODOC,UNINCORPORATED,-120.27256774902344,41.562580108642578
92316702,2024,2024-02-19,9145,2024-02-04,1125,018210,,7,1,9,2500,0,1,3,,1,090,"STATE ROUTE 139","COUNTY ROAD 114",27456.00,S,N,B,D,Y,MOD,,139," "," ",35.323,H,,R,Y,4,0,1,1,A,-,03,22350,,N,F,A,A,C,G,-,A,D,0,,,,,Y,,A,07,0,0,1,0,0,0,0,0,0,"- ","- ",41.769760131835938,-121.30319976806641,MODOC,UNINCORPORATED,-121.30312347412109,41.769763946533203
92318410,2024,2024-02-20,9170,2024-02-12,"20  ",021064,,1,3,9,2500,0,1,3,,1,004,SR-299,"MCKINNEY DRIVE",3168.00,E,N,A,-,Y,MOD,,299," "," ",49.908,H,,R,Y,3,0,1,1,A,-,08,22107,,N,E,I,A,A,H,-,D,D,0,,,,,Y,,A,01,0,1,0,0,0,0,0,0,0,"- ","- ",41.561019897460938,-120.29501342773438,MODOC,UNINCORPORATED,-120.29500579833984,41.560981750488281
92333483,2024,2024-03-08,9170,2024-03-01,1700,020724,,5,2,9,2500,0,3,5,,2,025,"COUNTY ROAD 91",SR-139,52800.00,S,N,D,-,N,,,,,,,,,,Y,3,0,2,1,A,-,03,22350,,N,F,A,A,C,H,-,A,D,0,,,,,Y,,-,"- ",0,1,1,0,0,0,0,0,0,"- ","- ",41.399898529052734,-121.18537902832031,MODOC,UNINCORPORATED,-121.18544006347656,41.399864196777344
92340198,2024,2024-03-18,9145,2024-03-13,1615,018254,,3,2,9,2500,0,1,3,,1,090,SR-139,"139 MOD 23.23",528.00,S,N,B,-,Y,MOD,,139," "," ",23.153,H,,R,Y,4,0,1,1,C,-,18,,,N,F,A,A,A,H,-,A,A,0,,,,,Y,,-,"- ",0,0,1,0,0,0,0,0,0,"- ","- ",41.610881805419922,-121.21231842041016,MODOC,UNINCORPORATED,-121.21219635009766,41.610927581787109
92340206,2024,2024-03-18,9145,2024-03-10,1425,018254,,7,2,9,2500,0,1,3,,1,090,SR-139,"TICKNER ROAD",528.00,S,N,B,-,Y,MOD,,139," "," ",24.274,H,,R,Y,2,0,1,1,A,-,08,22107,,N,E,I,A,A,H,-,A,D,0,,,,,Y,,A,07,1,0,0,0,0,0,0,0,0,"- ","- ",41.625530242919922,-121.22310638427734,MODOC,UNINCORPORATED,-121.22312927246094,41.625522613525391
92376571,2024,2024-12-09,9145,2024-04-18,1630,018210,,4,2,9,2500,0,1,3,,1,090,"STATE ROUTE 139","COUNTY ROAD 112",2640.00,N,N,A,-,Y,MOD,,139," "," ",45.984,H,,R,Y,3,0,2,2,A,-,03,22350,,N,D,C,A,A,H,-,A,D,0,,,,Y,Y,,F,25,0,2,0,0,0,0,0,0,0,"- ","- ",41.895458221435547,-121.39132690429688,MODOC,UNINCORPORATED,-121.39134979248047,41.895442962646484
92377462,2024,2024-04-29,9170,2024-03-27,1225,019786,,3,1,9,2500,0,3,5,,1,023,"COUNTY ROAD 1","COUNTY ROAD 31",3168.00,S,N,G,-,N,,,,,,,,,,Y,1,1,1,1,A,-,08,22107,,N,E,I,A,A,H,-,A,D,0,,,,,Y,,D,22,1,0,0,0,0,0,0,0,0,"- ","- ",41.414241790771484,-120.12892150878906,MODOC,UNINCORPORATED,-120.1295166015625,41.415756225585938
92379518,2024,2024-05-01,9170,2024-04-24,1800,021064,,3,2,9,2500,0,3,5,,2,024,"COUNTY ROAD 58B","COUNTY ROAD 58",23760.00,E,N,B,-,N,,,,,,,,,,N,3,0,1,1,A,-,01,23152,A,N,E,I,A,D,H,-,D,D,0,,,,,Y,Y,A,07,0,1,0,0,0,0,0,0,0,"- ","- ",41.512191772460938,-120.32288360595703,MODOC,UNINCORPORATED,-120.35032653808594,41.517978668212891
92382623,2024,2024-05-06,9170,2024-04-26,1415,016057,,5,2,9,2500,0,3,5,,2,025,"COUNTY ROAD 91","USFS ROAD 84",6336.00,S,N,C,D,N,,,,,,,,,,Y,3,0,2,1,A,-,03,22350,,N,E,I,A,C,H,-,A,D,0,,,,,Y,,D,22,0,2,0,0,0,0,0,0,0,"- ","- ",41.431411743164062,-121.16841888427734,MODOC,UNINCORPORATED,,
92382629,2024,2024-05-06,9170,2024-04-26,1140,016057,,5,1,9,2500,0,3,5,,2,025,"COUNTY ROAD 91","USFS ROAD 84",8976.00,S,N,C,D,N,,,,,,,,,,Y,3,0,1,1,A,-,03,22350,,N,E,I,A,C,H,-,A,D,0,,,,,Y,,D,22,0,1,0,0,0,0,0,0,0,"- ","- ",41.423160552978516,-121.17120361328125,MODOC,UNINCORPORATED,,
92392767,2024,2024-05-17,9170,2024-05-12,"530 ",017913,,7,3,9,2500,0,1,3,,1,005,SR-299,"E. MCDOWELL STREET",20.00,E,N,A,-,Y,MOD,,299," "," ",0.984,H,,R,Y,4,0,1,2,A,-,08,22107,,N,B,E,A,A,H,-,B,D,0,,,,,Y,,A,01,0,0,1,0,0,0,0,0,0,"- ","- ",41.196880340576172,-120.94425201416016,MODOC,UNINCORPORATED,-120.94419860839844,41.196880340576172
92393001,2024,2024-05-17,9170,2024-05-13,"13  ",021064,,1,3,9,2500,0,1,3,,1,004,SR-299,"MCKENNEY DR",10032.00,E,N,A,-,Y,MOD,,299," "," ",51.171,H,,R,Y,2,0,1,1,A,-,08,22107,,N,E,I,A,A,H,-,D,D,0,,,,,Y,,D,22,1,0,0,0,0,0,0,0,0,"- ","- ",41.562778472900391,-120.27123260498047,MODOC,UNINCORPORATED,-120.27123260498047,41.562751770019531
92398163,2024,2024-05-24,9170,2024-05-16,1635,020152,,4,2,9,2500,0,3,5,,2,025,"COUNTY ROAD 71 (CAL PINES BLVD.)","SHASTA VIEW BLVD.",1428.00,N,N,A,-,N,,,,,,,,,,N,3,0,1,1,C,-,18,,,N,H,A,A,A,H,-,A,D,0,,,,,Y,,-,"- ",0,1,0,0,0,0,0,0,0,"- ","- ",41.413101196289062,-120.67619323730469,MODOC,UNINCORPORATED,-120.67629241943359,41.413097381591797
92399734,2024,2024-05-28,9170,2024-05-23,2025,020152,,4,2,9,2500,0,3,5,,2,025,"COUNTY ROAD 54 (CENTERVILLE RD)","LAGUNA ROAD",1200.00,E,N,A,-,N,,,,,,,,,,Y,4,0,1,1,C,-,18,,,N,H,H,A,A,H,-,D,D,0,,,,,Y,,-,"- ",0,0,1,0,0,0,0,0,0,"- ","- ",41.425609588623047,-120.63487243652344,MODOC,UNINCORPORATED,-120.61430358886719,41.432292938232422
92401430,2024,2024-05-29,9145,2024-05-19,1800,022314,,7,2,9,2500,0,1,3,,1,090,SR-139,CR-97,2112.00,N,N,A,-,Y,MOD,,139," "," ",28.359,H,,R,Y,3,0,1,1,A,-,08,22107,,N,E,9,A,A,H,-,A,D,0,,,,,Y,,-,"- ",0,1,0,0,0,0,0,0,0,"- ","- ",41.676319122314453,-121.26154327392578,MODOC,UNINCORPORATED,-121.26145172119141,41.676357269287109
92402586,2024,2024-05-30,9170,2024-05-24,1740,021727,,5,2,9,2500,0,3,5,,2,025,"COUNTY ROAD 66","66 MOD 5.00",62.00,S,N,A,-,N,,,,,,,,,,N,2,0,1,2,D,-,00,,,N,A,C,A,A,E,-,A,D,0,,,Y,,Y,,-,"- ",1,0,0,0,0,0,0,0,1,"- ","- ",41.192951202392578,-120.40514373779297,MODOC,UNINCORPORATED,,
92409800,2024,2024-06-10,9170,2024-06-06,1225,017913,,4,1,9,2500,0,1,3,,1,005,SR-299,"COUNTY ROAD 198W",1584.00,W,N,A,-,Y,MOD,,299," "," ",6.970,H,,R,Y,4,0,1,1,A,-,08,22107,,N,E,I,A,A,H,-,A,D,0,,,,,Y,,M,46,0,0,1,0,0,0,0,0,0,"- ","- ",41.272361755371094,-120.89517211914062,MODOC,UNINCORPORATED,-120.89511871337891,41.272361755371094
92415906,2024,2024-06-17,9145,2024-06-08,2200,018254,,6,3,9,2500,0,3,5,,2,009,"COUNTY ROAD 104","OSBORNE ROAD",4.00,N,N,A,-,N,,,,,,,,,,Y,4,0,1,1,A,-,01,23140,A,M,E,8,A,A,H,-,D,A,0,,,,,Y,Y,A,01,0,0,1,0,0,0,0,0,0,"- ","- ",41.953758239746094,-121.44757843017578,MODOC,UNINCORPORATED,-121.44760131835938,41.953689575195312
92418144,2024,2024-06-19,9170,2024-06-16,1715,020570,,7,2,9,2500,0,3,5,,1,023,"COUNTY ROAD 1","COUNTY ROAD 14",2640.00,N,N,A,-,N,,,,,,,,,,Y,3,0,1,1,A,-,08,22107,,N,E,I,A,A,H,-,A,D,0,,,,,Y,,M,47,0,1,0,0,0,0,0,0,0,"- ","- ",41.646171569824219,-120.18337249755859,MODOC,UNINCORPORATED,-120.182373046875,41.645805358886719
92421620,2024,2024-06-24,9170,2024-06-14,1950,020724,,5,2,9,2500,0,1,3,,1,004,SR-299,"MCKENNEY DR",10560.00,E,N,A,-,Y,MOD,,299," "," ",51.406,H,,R,Y,2,0,1,1,A,-,01,23152,A,N,E,8,A,A,H,-,A,D,0,,,,,Y,Y,A,07,1,0,0,0,0,0,0,0,0,"- ","- ",41.560588836669922,-120.26808166503906,MODOC,UNINCORPORATED,-120.26815795898438,41.560562133789062
92440830,2024,2024-07-16,9170,2024-07-06,2335,021727,,6,3,9,2500,0,3,5,,2,025,"COUNTY ROAD 66","MOD MPM 5.5",1584.00,N,N,A,-,N,,,,,,,,,,N,2,0,1,1,A,-,01,23152,A,M,E,I,A,A,H,-,D,D,0,,,Y,,Y,Y,C,06,1,0,0,0,0,0,0,0,1,"- ","- ",41.191860198974609,-120.40194702148438,MODOC,UNINCORPORATED,,
92481421,2024,2024-07-22,9170,2024-07-20,1900,021727,,6,2,9,2500,0,3,5,,1,023,"COUNTY ROAD 1","COUNTY ROAD 42",16104.00,S,N,B,-,N,,,,,,,,,,Y,3,0,1,1,C,-,18,,,N,H,H,A,A,H,-,A,D,0,,,,,Y,,-,"- ",0,1,0,0,0,0,0,0,0,"- ","- ",41.232070922851562,-120.07495880126953,MODOC,UNINCORPORATED,-120.07473754882812,41.231712341308594
92596186,2024,2024-07-24,9170,2024-07-22,2040,020957,,1,2,9,2500,0,3,5,,2,025,"COUNTY ROAD 91 (LOOKOUT HACKAMORE ROAD) N/B","SAND FLAT RD",6500.00,S,N,A,-,N,,,,,,,,,,Y,4,0,1,1,A,-,08,22107,,N,F,I,A,A,H,-,D,D,0,,,,,Y,,A,07,0,0,1,0,0,0,0,0,0,"- ","- ",41.429409027099609,-121.16870880126953,MODOC,UNINCORPORATED,-121.16839599609375,41.429737091064453
94127172,2024,2024-08-12,9170,2024-06-04,2500,021727,,2,4,9,2500,0,1,2,,1,002,"US HIGHWAY 395","COUNTY ROAD 61 (JONES LANE)",6864.00,N,N,F,-,Y,MOD,,395," ",R,16.606,H,,R,Y,1,1,0,1,A,-,08,22107,,N,F,A,A,A,H,-,A,D,0,,,Y,,Y,,-,"- ",0,0,0,0,0,0,0,1,0,"- ","- ",41.416969299316406,-120.54483795166016,MODOC,UNINCORPORATED,-120.54474639892578,41.416976928710938
94368660,2024,2024-08-26,9145,2024-08-16,"234 ",022314,,5,3,9,2500,0,3,5,,2,009,SR-139,"FOREST ROUTE 44N02",15.00,S,N,A,-,Y,MOD,,139," "," ",18.091,H,,R,Y,2,0,1,1,A,-,08,22107,,N,E,8,A,A,H,-,D,D,0,,,,,Y,,A,01,1,0,0,0,0,0,0,0,0,"- ","- ",41.549430847167969,-121.15979766845703,MODOC,UNINCORPORATED,-121.15985870361328,41.549404144287109
94379116,2024,2024-09-03,9170,2024-08-29,1145,019786,,4,1,9,2500,0,1,3,,1,004,SR-299,"MCKENNEY RD",3168.00,E,N,A,-,Y,MOD,,299," "," ",49.830,H,,R,N,4,0,1,2,A,-,05,21651,B,N,A,C,A,A,D,-,A,A,0,,,,,Y,,M,46,0,0,1,0,0,0,0,0,0,"- ","- ",41.560611724853516,-120.29641723632812,MODOC,UNINCORPORATED,-120.29644012451172,41.560638427734375
94392112,2024,2024-09-12,9170,2024-09-05,1250,016057,,4,1,9,2500,0,3,5,,2,025,"COUNTY ROAD 91","COUNTY ROAD 90",5808.00,N,N,A,-,N,,,,,,,,,,Y,3,0,1,1,A,-,03,22350,,N,H,H,A,A,H,-,A,D,0,,,Y,,Y,,C,02,0,1,0,0,0,0,0,0,1,"- ","- ",41.309490203857422,-121.13493347167969,MODOC,UNINCORPORATED,-121.13459014892578,41.307926177978516
94395003,2024,2024-09-16,9170,2024-07-22,1910,021064,,1,2,9,2500,0,1,3,,1,004,SR-299,"COUNTY ROAD 195",6864.00,E,N,A,-,Y,MOD,,299," "," ",53.819,H,,R,Y,1,1,0,2,A,-,03,22350,,N,C,G,A,A,H,-,A,D,0,,Y,,,Y,,D,22,0,0,0,0,0,1,0,0,0,"- ","- ",41.540790557861328,-120.23455810546875,MODOC,UNINCORPORATED,-120.23456573486328,41.540786743164062
94438886,2024,2024-10-22,9170,2024-10-14,1628,016057,,1,2,9,2500,0,3,5,,2,025,"COUNTY ROAD 93","1ST STREET",5280.00,W,N,A,-,N,,,,,,,,,,Y,3,0,1,2,A,-,03,22350,,N,F,E,A,A,H,-,A,D,0,,,Y,,Y,,-,"- ",0,1,0,0,0,0,0,0,0,"- ","- ",41.216121673583984,-121.16995239257812,MODOC,UNINCORPORATED,-121.15792083740234,41.209091186523438
94440516,2024,2024-10-22,9145,2024-10-17,1830,018254,,4,2,9,2500,0,3,5,,2,009,"COUNTY ROAD 111","COUNTY ROAD 105",60.00,N,N,A,-,N,,,,,,,,,,Y,4,0,1,1,A,-,08,22107,,N,F,A,A,A,D,-,B,D,0,,,,,Y,,A,07,0,0,1,0,0,0,0,0,0,"- ","- ",41.965541839599609,-121.4180908203125,MODOC,UNINCORPORATED,-121.41815185546875,41.965126037597656
94448776,2024,2024-10-29,9170,2024-10-28,"730 ",021139,,1,1,9,2500,0,1,3,,1,004,SR-299,"COUNTY ROAD 195",5280.00,W,N,B,-,Y,MOD,,299," "," ",51.515,H,,R,N,3,0,1,1,A,-,03,22350,,N,F,A,A,C,H,-,B,D,0,,,,,Y,,-,"- ",0,1,0,0,0,0,0,0,0,"- ","- ",41.559089660644531,-120.26740264892578,MODOC,UNINCORPORATED,-120.26734161376953,41.559108734130859
94479971,2024,2024-11-22,9170,2024-11-16,1715,021064,,6,2,9,2500,0,1,3,,1,005,SR-299,"COUNTY ROAD 75",700.00,W,N,A,-,Y,MOD,,299," "," ",35.154,H,,R,Y,3,0,1,1,C,-,18,,,N,H,H,A,A,H,-,D,D,0,,,,,Y,,-,"- ",0,1,0,0,0,0,0,0,0,"- ","- ",41.486770629882812,-120.64266967773438,MODOC,UNINCORPORATED,-120.64266967773438,41.486782073974609
94480875,2024,2024-11-22,9170,2024-11-21,2055,021104,,4,2,9,2500,0,1,3,,1,005,"STATE ROUTE 299","COUNTY ROAD 85",6864.00,W,N,C,-,Y,MOD,,299," "," ",13.331,H,,R,Y,3,0,1,1,A,-,08,22107,,N,E,I,A,B,H,-,D,D,0,,,,,Y,,A,01,0,1,0,0,0,0,0,0,0,"- ","- ",41.35089111328125,-120.93032836914062,MODOC,UNINCORPORATED,-120.93039703369141,41.350852966308594
94524077,2024,2025-01-02,9170,2024-12-29,1820,019786,,7,2,9,2500,0,1,2,,1,001,US-395,"DRY CREEK RD",7920.00,N,N,D,-,Y,LAS,,395," "," ",138.063,H,,R,Y,4,0,1,1,A,-,03,22350,,N,F,I,A,C,H,-,D,D,0,,,,,Y,,-,"- ",0,0,1,0,0,0,0,0,0,"- ","- ",41.170730590820312,-120.50670623779297,MODOC,UNINCORPORATED,-120.506591796875,41.170722961425781
94524080,2024,2025-01-02,9170,2024-12-29,2156,020152,,7,2,9,2500,0,1,3,,1,005,SR-299,"BUGGY TRACE ROAD",1056.00,E,N,A,-,Y,MOD,,299," "," ",30.742,H,,R,Y,3,0,4,1,A,-,03,22350,,N,E,J,A,C,H,-,D,D,0,,,,,Y,,A,07,0,4,0,0,0,0,0,0,0,"- ","- ",41.480350494384766,-120.72059631347656,MODOC,UNINCORPORATED,-120.72061157226562,41.480411529541016
94530649,2025,2025-01-08,9170,2025-01-03,1420,020957,,5,2,9,2500,0,1,3,,1,005,SR-299,"COUNTY ROAD 85",1500.00,E,N,C,-,Y,MOD,,299," "," ",14.895,H,,R,Y,4,0,2,1,A,-,08,22107,,N,E,I,A,B,H,-,A,D,0,,,,,Y,,D,22,0,0,2,0,0,0,0,0,0,"- ","- ",41.364589691162109,-120.95321655273438,MODOC,UNINCORPORATED,-120.95325469970703,41.364566802978516
94543691,2024,2025-01-21,9170,2024-11-16,"925 ",021104,,6,1,9,2500,0,1,3,,2,006,"STATE ROUTE 139","COUNTY ROAD 91",15312.00,S,N,A,-,Y,MOD,,139," "," ",14.438,H,,R,Y,1,1,2,1,A,-,08,22107,,N,E,9,A,A,H,-,A,D,0,,,,,Y,,A,07,2,0,0,0,0,0,0,0,0,"- ","- ",41.524368286132812,-121.10341644287109,MODOC,UNINCORPORATED,-121.10340881347656,41.524410247802734
94567480,2025,2025-02-06,9170,2025-02-04,1755,020957,,2,2,9,2500,0,3,5,,2,025,"CENTERVILLE ROAD","LAGANA ROAD",250.00,E,N,D,-,N,,,,,,,,,,Y,4,0,1,1,A,-,03,22350,,N,F,A,A,C,H,-,D,D,0,,,,,Y,,A,07,0,0,1,0,0,0,0,0,0,"- ","- ",41.429931640625,-120.61511993408203,MODOC,UNINCORPORATED,,
94574277,2025,2025-02-11,9145,2025-02-02,2236,018254,,7,3,9,2500,0,1,3,,1,090,"SR-139 SOUTH OF COUNT ROAD 121","COUNTY ROAD 121",528.00,S,N,D,-,Y,MOD,,139," "," ",42.732,H,,R,Y,4,0,1,2,A,-,03,22350,,N,D,C,A,C,H,-,D,D,0,,,,Y,Y,,A,01,0,0,1,0,0,0,0,0,0,"- ","- ",41.865921020507812,-121.34234619140625,MODOC,UNINCORPORATED,-121.34237670898438,41.865894317626953
94577306,2025,2025-02-12,9170,2025-02-07,2035,021962,,5,2,9,2500,0,1,3,,1,004,SR-299,"COUNTY ROAD 195 (SNOW PARK ROAD)",7709.00,E,N,D,-,Y,MOD,,299," "," ",53.974,H,,R,Y,4,0,1,1,A,-,03,22350,,N,F,A,A,C,H,-,D,D,0,,,,,Y,,A,07,0,0,1,0,0,0,0,0,0,"- ","- ",41.540000915527344,-120.23185729980469,MODOC,UNINCORPORATED,-120.23169708251953,41.540195465087891
94583159,2025,2025-02-18,9170,2025-01-10,1308,020957,,5,1,9,2500,0,1,2,,1,003,US-395,"COUNTY ROAD 53",2410.00,N,N,B,-,Y,MOD,,395," "," ",36.727,H,,R,Y,1,1,0,1,A,-,08,22107,,N,F,A,A,A,H,-,A,D,0,,,,,Y,,A,08,0,0,0,0,0,0,0,0,0,"- ","- ",41.648529052734375,-120.39675903320312,MODOC,UNINCORPORATED,-120.39671325683594,41.648517608642578
94590295,2025,2025-02-26,9145,2025-02-21,1450,018210,,5,2,9,2500,0,1,3,,1,090,"SR-139 S/B","COUNTY ROAD 114",33792.00,S,N,A,-,Y,MOD,,139," "," ",34.139,H,,L,Y,4,0,1,1,C,-,18,,,N,H,H,A,A,H,-,A,D,0,,,,,Y,,-,"- ",0,0,1,0,0,0,0,0,0,"- ","- ",41.752510070800781,-121.30214691162109,MODOC,UNINCORPORATED,-121.30220031738281,41.752510070800781
94633391,2025,2025-04-01,9170,2025-03-29,2035,023943,,6,2,9,2500,0,3,5,,2,025,"COUNTY ROAD 91","COUNTY ROAD 85A",2640.00,N,N,A,-,N,,,,,,,,,,Y,4,0,1,1,A,-,08,22107,,N,F,A,A,A,H,-,D,D,0,,,,,Y,,-,"- ",0,0,1,0,0,0,0,0,0,"- ","- ",41.380569458007812,-121.19467926025391,MODOC,UNINCORPORATED,-121.14741516113281,41.339088439941406
94639942,2025,2025-04-07,9170,2025-04-06,"0   ",017913,,7,3,9,2500,0,3,5,,2,025,"COUNTY ROAD 54","LAGANA ROAD",1584.00,W,N,A,-,N,,,,,,,,,,Y,3,0,1,1,A,-,08,22107,,N,E,8,A,A,H,-,D,D,0,,,,,Y,Y,D,22,0,1,0,0,0,0,0,0,0,"- ","- ",41.427761077880859,-120.62046813964844,MODOC,UNINCORPORATED,-120.62110137939453,41.427772521972656
94664286,2025,2025-04-25,9170,2025-04-24,2150,021962,,4,2,9,2500,0,1,3,,1,005,SR-299,"COUNTY ROAD 198",2435.00,E,N,A,-,Y,MOD,,299," "," ",8.804,H,,R,Y,3,0,1,1,C,-,18,,,N,H,H,A,A,H,-,D,D,0,,,Y,,Y,,-,"- ",0,1,0,0,0,0,0,0,1,"- ","- ",41.298069000244141,-120.89154052734375,MODOC,UNINCORPORATED,-120.89148712158203,41.298084259033203
94682799,2025,2025-05-12,9170,2025-05-02,1740,023943,,5,2,9,2500,0,1,2,,1,002,"RT 395","LYNETA RD",1056.00,N,N,A,-,Y,MOD,,395," "," ",9.359,H,,R,Y,4,0,1,1,A,-,08,22107,,N,E,I,A,A,H,-,A,D,0,,,,,Y,,-,"- ",0,0,1,0,0,0,0,0,0,"- ","- ",41.319461822509766,-120.50759124755859,MODOC,UNINCORPORATED,-120.50762939453125,41.319454193115234
94713912,2025,2025-06-05,9170,2025-05-30,1215,021727,,5,1,9,2500,0,1,3,,1,005,SR-299,"COUNTY ROAD 74 (CROWDER FLAT ROAD)",2482.00,W,N,A,-,Y,MOD,,299," "," ",36.668,H,,R,Y,3,0,1,1,A,-,08,22107,,N,F,A,A,A,H,-,A,D,0,,,,,Y,,-,"- ",0,1,0,0,0,0,0,0,0,"- ","- ",41.493408203125,-120.61669921875,MODOC,UNINCORPORATED,-120.61666107177734,41.493366241455078
94736354,2025,2025-06-23,9145,2025-06-22,"152 ",022314,,7,3,9,2500,0,1,3,,1,090,SR-139,CR-136,2640.00,S,N,A,-,Y,MOD,,139," "," ",29.784,H,,R,Y,3,0,1,1,A,-,08,22107,,N,E,8,A,A,H,-,D,D,0,,,,,Y,,A,01,0,1,0,0,0,0,0,0,0,"- ","- ",41.694438934326172,-121.27503967285156,MODOC,UNINCORPORATED,-121.27508544921875,41.694423675537109
94746414,2025,2025-07-02,9170,2025-06-19,2130,020152,,4,2,9,2500,0,3,5,,1,023,"COUNTY ROAD 1","COUNTY ROAD 13A",2728.00,S,N,A,-,N,,,,,,,,,,Y,3,0,1,1,A,-,08,22107,,M,E,I,A,A,H,-,A,D,0,,,,,Y,,D,22,0,1,0,0,0,0,0,0,0,"- ","- ",41.645851135253906,-120.18234252929688,MODOC,UNINCORPORATED,-120.19129180908203,41.646099090576172
94747719,2025,2025-07-07,9170,2025-06-25,1715,021139,,3,2,9,2500,0,3,5,,2,024,"COUNTY RD 2",US-395,5808.00,E,N,A,-,N,,,,,,,,,,N,2,0,2,1,A,-,01,23152,A,N,E,I,A,A,H,-,A,D,0,,,Y,,Y,Y,C,06,1,1,0,0,0,0,0,0,2,"- ","- ",41.984100341796875,-120.27838897705078,MODOC,UNINCORPORATED,-120.27806091308594,41.983985900878906
94761106,2025,2025-09-30,9170,2025-05-24,1405,024334,,6,2,9,2500,0,1,3,,1,005,"STATE ROUTE 299 (SR-299)","COUNTY ROAD 73 (CROWDER FLAT ROAD)",1584.00,W,N,A,-,Y,MOD,,299," "," ",36.771,H,,R,Y,1,1,1,1,A,-,08,22107,,N,E,8,A,A,H,-,A,D,0,,,,,Y,,D,22,0,1,0,0,0,0,0,0,0,"- ","- ",41.494190216064453,-120.61499786376953,MODOC,UNINCORPORATED,-120.61498260498047,41.494167327880859
94766626,2025,2025-07-17,9145,2025-07-09,1725,018254,,3,2,9,2500,0,1,3,,1,090,SR-139,"COUNTY ROAD 112",1056.00,N,N,A,-,Y,MOD,,139," "," ",46.783,H,,R,Y,2,0,1,1,A,-,08,22107,,N,F,A,A,A,H,-,A,D,0,,,,,Y,Y,A,07,1,0,0,0,0,0,0,0,0,"- ","- ",41.902961730957031,-121.40309143066406,MODOC,UNINCORPORATED,-121.40311431884766,41.902938842773438
94774691,2025,2025-07-23,9170,2025-07-14,1115,016057,,1,1,9,2500,0,3,5,,2,025,"COUNTY ROAD 91","HOLCOMB WAY",634.00,S,N,A,-,N,,,,,,,,,,Y,3,0,3,1,A,-,08,22107,,N,E,9,A,A,H,-,A,D,0,,,,,Y,,A,07,0,3,0,0,0,0,0,0,0,"- ","- ",41.377300262451172,-121.19384002685547,MODOC,UNINCORPORATED,,
94775797,2025,2025-07-24,9145,2025-07-16,"30  ",018254,,3,3,9,2500,0,3,5,,2,008,"COUNTY ROAD 113","COUNTY ROAD 220",528.00,E,N,A,-,N,,,,,,,,,,Y,1,1,0,1,A,-,01,23152,A,N,E,8,A,A,H,-,D,D,0,,,Y,,Y,Y,C,02,0,0,0,0,0,0,0,1,0,"- ","- ",41.894199371337891,-121.37151336669922,MODOC,UNINCORPORATED,-121.37206268310547,41.893630981445312
94778110,2025,2025-07-28,9145,2025-07-25,1545,022314,,5,2,9,2500,0,1,3,,1,090,SR-139,CR-111,120.00,N,N,A,-,Y,MOD,,139," "," ",47.721,H,,R,N,4,0,1,3,A,-,03,22350,,N,B,2,A,A,H,-,A,A,0,,,,,Y,,D,22,0,0,1,0,0,0,0,0,0,"- ","- ",41.911308288574219,-121.41741943359375,MODOC,UNINCORPORATED,-121.41741943359375,41.911308288574219
94789919,2025,2025-08-05,9170,2025-07-26,2055,021727,,6,2,9,2500,0,3,5,,2,025,"COUNTY ROAD 91 (LOOKOUT HACKAMORE ROAD)","COUNTY ROAD 85A",2112.00,N,N,A,-,N,,,,,,,,,,Y,3,0,1,1,C,-,18,,,N,H,H,A,A,H,-,D,D,0,,,,,Y,,-,"- ",0,1,0,0,0,0,0,0,0,"- ","- ",41.368179321289062,-121.18881988525391,MODOC,UNINCORPORATED,-121.14617919921875,41.337978363037109
94791789,2025,2025-08-06,9145,2025-07-26,2320,018254,,6,3,9,2500,0,3,5,,2,009,"STATELINE ROAD","COUNTY ROAD 111",528.00,W,N,A,-,N,,,,,,,,,,Y,4,0,1,1,C,-,18,,,N,H,7,A,A,H,-,D,D,0,,,,,Y,,-,"- ",0,0,1,0,0,0,0,0,0,"- ","- ",41.997169494628906,-121.42095184326172,MODOC,UNINCORPORATED,-121.42023468017578,41.997173309326172
94800029,2025,2025-08-12,9170,2025-08-03,1420,018478,,7,2,9,2500,0,1,2,,1,003,US-395,"COUNTY ROAD 133C",7392.00,N,N,A,-,Y,MOD,,395," "," ",48.289,H,,R,Y,3,0,1,2,A,-,08,22107,,F,F,A,A,A,H,-,A,D,0,,,,,Y,,A,01,0,1,0,0,0,0,0,0,0,"- ","- ",41.810260772705078,-120.35704040527344,MODOC,UNINCORPORATED,-120.35710906982422,41.810295104980469
94805506,2025,2025-08-18,9145,2025-08-14,1500,018210,,4,2,9,2500,0,1,3,,1,090,"STATE ROUTE 139","COUNTY ROAD 102",2640.00,S,N,A,-,Y,MOD,,139," "," ",49.512,H,,R,Y,3,0,1,2,A,-,08,22107,,N,D,C,A,A,H,-,A,D,0,,,,Y,Y,,F,27,0,1,0,0,0,0,0,0,0,"- ","- ",41.929149627685547,-121.4423828125,MODOC,UNINCORPORATED,-121.442626953125,41.928993225097656
94822477,2025,2025-08-28,9170,2025-08-16,2140,023943,,6,2,9,2500,0,3,5,,2,025,"COUNTY ROAD 54","COUNTY ROAD 273",2112.00,E,N,A,-,N,,,,,,,,,,Y,2,0,1,1,A,-,01,23152,A,N,F,A,A,A,H,-,D,D,0,,,,,Y,Y,A,01,1,0,0,0,0,0,0,0,0,"- ","- ",41.459510803222656,-120.57691192626953,MODOC,UNINCORPORATED,-120.57509613037109,41.460971832275391
94829008,2025,2025-09-03,9170,2025-08-26,2027,021139,,2,2,9,2500,0,3,5,,2,024,"CO RD 9","CO RD 133D",11616.00,E,N,C,-,N,,,,,,,,,,Y,2,0,1,1,A,-,01,23152,A,N,E,8,A,B,H,-,D,D,0,,,,,Y,Y,D,22,1,0,0,0,0,0,0,0,0,"- ","- ",41.886001586914062,-120.30818176269531,MODOC,UNINCORPORATED,-120.30813598632812,41.886344909667969
94832831,2025,2025-09-08,9170,2025-09-04,1335,020957,,4,1,9,2500,0,1,2,,1,002,US-395,"COUNTY ROAD 115",350.00,N,N,A,-,Y,MOD,,395," ",R,15.030,H,,R,Y,4,0,2,2,A,-,06,21750,A,N,B,C,A,A,H,-,A,D,0,,,,,Y,,D,22,0,0,2,0,0,0,0,0,0,"- ","- ",41.394229888916016,-120.54170227050781,MODOC,UNINCORPORATED,-120.54170989990234,41.394229888916016
94838537,2025,2025-09-10,9170,2025-09-07,2050,021727,,7,2,9,2500,0,3,5,,1,023,"COUNTY ROAD 1","COUNTY ROAD 42",9504.00,S,N,A,-,N,,,,,,,,,,Y,3,0,1,1,C,-,18,,,N,H,H,A,A,H,-,D,D,0,,,,,Y,,-,"- ",0,1,0,0,0,0,0,0,0,"- ","- ",41.248779296875,-120.07437896728516,MODOC,UNINCORPORATED,-120.07431793212891,41.249671936035156
94842983,2025,2025-09-12,9145,2025-08-12,1535,018210,,2,2,9,2500,0,1,3,,1,090,"STATE ROUTE 139","COUNTY ROAD 136",4752.00,N,N,A,-,Y,MOD,,139," "," ",31.302,H,,R,Y,1,2,3,2,A,-,08,22107,,N,A,C,A,A,H,-,A,D,0,,,,,Y,,A,01,2,1,0,0,0,0,0,0,0,"- ","- ",41.713981628417969,-121.28668212890625,MODOC,UNINCORPORATED,-121.28669738769531,41.713970184326172
94846715,2025,2025-09-16,9170,2025-07-09,2145,020957,,3,2,9,2500,0,1,3,,1,004,SR-299,"COUNTY ROAD 195",3600.00,W,N,A,-,Y,MOD,,299," "," ",51.691,H,,R,Y,1,2,0,1,A,-,03,22350,,N,F,0,A,A,H,-,D,D,0,,,,,Y,,A,01,0,0,0,0,0,0,0,0,0,"- ","- ",41.557121276855469,-120.26531219482422,MODOC,UNINCORPORATED,-120.26527404785156,41.557167053222656
94876738,2025,2025-10-07,9170,2025-10-05,"620 ",017913,,7,1,9,2500,0,1,3,,1,005,SR-299,"COUNTY ROAD 67",2640.00,E,N,E,-,Y,MOD,,299," "," ",27.263,H,,R,Y,3,0,3,1,A,-,08,22107,,N,E,I,A,A,H,-,D,D,0,,,,,Y,,D,22,0,1,2,0,0,0,0,0,0,"- ","- ",41.459201812744141,-120.78038024902344,MODOC,UNINCORPORATED,-120.78036499023438,41.459159851074219
94889789,2025,2025-10-16,9145,2025-10-12,1818,022314,,7,2,9,2500,0,1,3,,1,090,SR-139,"FOREST ROUTE 44A68D",60.00,N,N,B,-,Y,MOD,,139," "," ",21.378,H,,R,N,3,0,1,1,A,-,08,22107,,N,E,I,A,A,H,-,A,D,0,,,,Y,Y,,F,25,0,1,0,0,0,0,0,0,0,"- ","- ",41.588611602783203,-121.19548797607422,MODOC,UNINCORPORATED,-121.19541931152344,41.588638305664062
94889920,2025,2025-10-16,9170,2025-10-13,1945,021139,,1,2,9,2500,0,1,3,,1,005,SR-299,"CO RD 85",6336.00,W,N,B,-,Y,MOD,,299," "," ",13.353,H,,R,Y,3,0,1,1,A,-,08,22107,,N,F,A,A,A,H,-,D,D,0,,,,Y,Y,,G,25,0,1,0,0,0,0,0,0,0,"- ","- ",41.351070404052734,-120.93070220947266,MODOC,UNINCORPORATED,-120.9306640625,41.351093292236328
94890073,2025,2025-10-16,9145,2025-10-05,"600 ",022314,,7,1,9,2500,0,3,5,,2,009,CR-104,"OSBORNE ROAD",1056.00,S,N,A,-,N,,,,,,,,,,Y,2,0,1,1,A,-,03,22350,,N,E,I,A,A,H,-,D,D,0,,,,,Y,,D,22,1,0,0,0,0,0,0,0,0,"- ","- ",41.950450897216797,-121.447509765625,MODOC,UNINCORPORATED,-121.44758605957031,41.950782775878906
94891007,2025,2025-10-17,9145,2025-10-11,1910,022314,,6,2,9,2500,0,3,5,,2,009,CR-111,"STATE LINE RD",1584.00,S,N,B,-,N,,,,,,,,,,Y,3,0,1,1,C,-,18,,,N,H,H,A,A,H,-,D,D,0,,,,,Y,,-,"- ",0,1,0,0,0,0,0,0,0,"- ","- ",41.992870330810547,-121.41818237304688,MODOC,UNINCORPORATED,-121.41814422607422,41.992805480957031
94934115,2025,2025-11-17,9170,2025-11-06,1400,024883,,4,2,9,2500,0,3,5,,2,025,CR-71,"SOUTH OVERLAND ROAD",284.00,N,N,B,C,N,,,,,,,,,,Y,3,0,1,1,A,-,08,22107,,N,E,I,A,B,H,-,A,D,0,,,,,Y,,D,22,0,1,0,0,0,0,0,0,0,"- ","- ",41.282329559326172,-120.74987030029297,MODOC,UNINCORPORATED,-120.75782775878906,41.337062835693359
94936093,2025,2025-11-18,9170,2025-11-12,1115,024736,,3,1,9,2500,0,3,5,,1,023,"COUNTY ROAD 1","COUNTY ROAD 15",0.00,,Y,A,-,N,,,,,,,,,,Y,4,0,1,2,A,-,06,21750,A,N,B,C,A,A,H,-,A,D,0,,,,Y,Y,,G,25,0,0,1,0,0,0,0,0,0,"- ","- ",41.631511688232422,-120.18161773681641,MODOC,UNINCORPORATED,-120.18157958984375,41.631496429443359
94956501,2025,2025-12-03,9170,2025-11-26,1700,024736,,3,2,9,2500,0,1,3,,1,004,"STATE ROUTE 299","COUNTY ROAD 75",4382.00,W,N,A,-,Y,MOD,,299," "," ",34.455,H,,R,Y,4,0,1,1,A,-,08,22107,,N,E,I,A,A,H,-,B,D,0,,,,,Y,,D,22,0,0,1,0,0,0,0,0,0,"- ","- ",41.486690521240234,-120.65609741210938,MODOC,UNINCORPORATED,-120.65609741210938,41.486793518066406
94956508,2025,2025-12-03,9170,2025-12-01,"4   ",024713,,1,3,9,2500,0,3,5,,2,025,"COUNTY ROAD 71","COUNTY ROAD 54",0.00,,Y,A,-,N,,,,,,,,,,N,3,0,1,1,A,-,03,22350,,N,E,I,A,A,H,-,C,A,0,,,,,Y,,A,07,0,1,0,0,0,0,0,0,0,"- ","- ",41.420738220214844,-120.67523193359375,MODOC,UNINCORPORATED,-120.67523956298828,41.420700073242188
94962881,2025,2025-12-08,9170,2025-11-28,"910 ",024883,,5,1,9,2500,0,1,3,,1,005,SR-299,CR-192,4752.00,W,N,A,-,Y,MOD,,299," "," ",38.022,H,,R,Y,2,0,3,1,B,-,22,,,N,F,A,A,A,H,-,A,D,0,,,,,Y,,J,43,1,2,0,0,0,0,0,0,0,"- ","- ",41.496440887451172,-120.59249877929688,MODOC,UNINCORPORATED,-120.59250640869141,41.496421813964844
95016047,2025,2026-02-04,9170,2025-12-06,"925 ",020957,,6,1,9,2500,0,1,3,,1,005,"STATE ROUTE 299","COUNTY ROAD 192 (SPICER LANE)",2640.00,W,N,B,-,Y,MOD,,299," "," ",38.514,H,,R,Y,1,1,2,2,A,-,09,21801,A,N,A,C,A,A,H,-,A,D,0,,,,Y,Y,,A,07,0,2,0,0,0,0,0,0,0,"- ","- ",41.494831085205078,-120.58322906494141,MODOC,UNINCORPORATED,-120.58323669433594,41.494781494140625
