CASE_ID,ACCIDENT_YEAR,PROC_DATE,JURIS,COLLISION_DATE,COLLISION_TIME,OFFICER_ID,REPORTING_DISTRICT,DAY_OF_WEEK,CHP_SHIFT,POPULATION,CNTY_CITY_LOC,SPECIAL_COND,BEAT_TYPE,CHP_BEAT_TYPE,CITY_DIVISION_LAPD,CHP_BEAT_CLASS,BEAT_NUMBER,PRIMARY_RD,SECONDARY_RD,DISTANCE,DIRECTION,INTERSECTION,WEATHER_1,WEATHER_2,STATE_HWY_IND,CALTRANS_COUNTY,CALTRANS_DISTRICT,STATE_ROUTE,ROUTE_SUFFIX,POSTMILE_PREFIX,POSTMILE,LOCATION_TYPE,RAMP_INTERSECTION,SIDE_OF_HWY,TOW_AWAY,COLLISION_SEVERITY,NUMBER_KILLED,NUMBER_INJURED,PARTY_COUNT,PRIMARY_COLL_FACTOR,PCF_CODE_OF_VIOL,PCF_VIOL_CATEGORY,PCF_VIOLATION,PCF_VIOL_SUBSECTION,HIT_AND_RUN,TYPE_OF_COLLISION,MVIW,PED_ACTION,ROAD_SURFACE,ROAD_COND_1,ROAD_COND_2,LIGHTING,CONTROL_DEVICE,CHP_ROAD_TYPE,PEDESTRIAN_ACCIDENT,BICYCLE_ACCIDENT,MOTORCYCLE_ACCIDENT,TRUCK_ACCIDENT,NOT_PRIVATE_PROPERTY,ALCOHOL_INVOLVED,STWD_VEHTYPE_AT_FAULT,CHP_VEHTYPE_AT_FAULT,COUNT_SEVERE_INJ,COUNT_VISIBLE_INJ,COUNT_COMPLAINT_PAIN,COUNT_PED_KILLED,COUNT_PED_INJURED,COUNT_BICYCLIST_KILLED,COUNT_BICYCLIST_INJURED,COUNT_MC_KILLED,COUNT_MC_INJURED,PRIMARY_RAMP,SECONDARY_RAMP,LATITUDE,LONGITUDE,COUNTY,CITY,POINT_X,POINT_Y
6290731,2014,2014-06-17,9155,2014-01-04,2200,16541,,6,3,9,0600,0,2,4,,2,010,"LONE STAR RD","MYERS RD",3904.00,S,N,A,-,N,,,,,,,,,,Y,1,1,0,1,A,-,08,22107,,N,E,I,A,A,H,-,D,D,0,,,,,Y,,A,01,0,0,0,0,0,0,0,0,0,"- ","- ",39.09028,-122.07897,COLUSA,UNINCORPORATED,-122.07886816,39.090198620000002
6291426,2014,2014-10-30,9155,2014-08-23,1510,015996,,6,2,9,0600,0,1,3,,1,021,"RT 20","RT 45",3472.00,W,N,A,-,Y,COL,3,20,-,-,36.130,H,-,E,Y,4,0,1,1,A,-,08,22107,,N,F,A,A,A,H,-,A,D,0,,,,,Y,,A,01,0,0,1,0,0,0,0,0,0,"- ","- ",39.157060000000001,-121.9734,COLUSA,UNINCORPORATED,-121.97310271000001,39.156830900000003
6291542,2014,2014-11-05,0602,2014-09-02,0745,P32,,2,5,2,0602,0,0,0,,0,,"E ST","12TH ST",0.00,,Y,A,-,N,,,,,,,,,,Y,1,1,1,3,A,-,10,21950,A,N,G,B,B,A,H,-,A,A,0,Y,,,,Y,,A,01,0,0,1,1,1,0,0,0,0,"- ","- ",,,COLUSA,WILLIAMS,-122.15626995,39.152439909999998
6326905,2014,2015-11-10,0601,2014-01-02,1720,8330,0601,4,5,2,0601,0,0,0,,0,,"RT 20","FREMONT ST",0.00,,Y,A,-,Y,COL,3,20,-,-,30.639,I,5,E,Y,4,0,3,2,A,-,03,22350,,N,C,C,A,A,H,-,C,D,0,,,,,Y,,D,22,0,0,3,0,0,0,0,0,0,"- ","- ",,,COLUSA,COLUSA,-122.01720345,39.20925476
6328155,2014,2016-02-22,9155,2014-01-01,1740,015996,,3,2,9,0600,0,1,3,,1,042,"RT 45","MAXWELL COLUSA RD",2640.00,S,N,A,-,Y,COL,3,45,-,-,24.030,H,-,N,Y,4,0,2,1,A,-,08,22107,,N,F,A,A,A,H,-,C,D,0,,,,,Y,,A,01,0,0,2,0,0,0,0,0,0,"- ","- ",39.27675,-122.03519,COLUSA,UNINCORPORATED,-122.03436983,39.270655580000003
6337259,2014,2015-11-14,9155,2014-01-09,1515,015996,,4,2,9,0600,0,1,1,,2,051,"RT 5","FREEWAY UNDERCROSSING RD",250.00,N,N,A,-,Y,COL,3,5,-,R,7.770,H,-,S,Y,4,0,1,1,A,-,08,22107,,N,E,I,A,A,H,-,A,D,1,,,,,Y,,A,01,0,0,1,0,0,0,0,0,0,"- ","- ",39.024700000000003,-122.06232,COLUSA,UNINCORPORATED,-122.06312818000001,39.025129970000002
6341806,2014,2014-06-12,9155,2014-01-21,0750,017613,,2,1,9,0600,0,3,5,,2,001,"GRIMES-ARBUCKLE RD","HAHN RD",0.00,,Y,A,-,N,,,,,,,,,,N,4,0,1,2,A,-,05,21752,D,N,B,C,A,A,H,-,A,D,0,,,,Y,Y,,A,01,0,0,1,0,0,0,0,0,0,"- ","- ",39.056489999999997,-122.01571,COLUSA,UNINCORPORATED,-122.01573990999999,39.056499879999997
6346553,2014,2014-06-04,9155,2014-01-16,2145,018750,,4,2,9,0600,0,3,5,,2,005,"MAXWELL COLUSA RD","TWO MILE RD",3168.00,E,N,A,-,N,,,,,,,,,,Y,3,0,1,1,A,-,08,22107,,N,E,I,A,A,H,-,D,D,0,,,,,Y,,A,01,0,1,0,0,0,0,0,0,0,"- ","- ",39.276440000000001,-122.14122999999999,COLUSA,UNINCORPORATED,-122.14257089,39.276383520000003
6346557,2014,2015-11-14,9155,2014-01-18,0725,015996,,6,1,9,0600,0,1,1,,2,051,"RT 5","MYERS RD",2640.00,S,N,A,-,Y,COL,3,5,-,R,13.250,H,-,S,Y,4,0,1,1,A,-,08,22107,,N,E,I,A,A,H,-,A,D,1,,,,,Y,,A,01,0,0,1,0,0,0,0,0,0,"- ","- ",39.095590000000001,-122.10953000000001,COLUSA,UNINCORPORATED,-122.10934143,39.095509380000003
6365894,2014,2015-11-14,9155,2014-02-03,2219,18636,,1,3,9,0600,0,1,1,,2,052,"RT 5","LENAHAN RD",9.00,N,N,A,-,Y,COL,3,5,-,R,30.860,H,-,S,Y,3,0,2,2,A,-,03,22350,,N,C,C,A,A,H,-,D,D,1,,,,Y,Y,,G,25,0,1,1,0,0,0,0,0,0,"- ","- ",39.334620000000001,-122.19499,COLUSA,UNINCORPORATED,-122.19499403,39.334677810000002
6370467,2014,2015-11-14,9155,2014-01-15,0500,018895,,3,3,9,0600,0,1,1,,2,051,"RT 5","HILLGATE RD",6336.00,S,N,A,-,Y,COL,3,5,-,R,5.170,H,-,N,Y,2,0,2,1,A,-,08,22107,,N,F,A,A,A,H,-,D,D,1,,,,,Y,,A,01,1,1,0,0,0,0,0,0,0,"- ","- ",38.992699999999999,-122.04142,COLUSA,UNINCORPORATED,-122.04083681,38.992664900000001
6379260,2014,2016-02-22,9155,2014-02-18,1420,016445,,2,2,9,0600,0,1,3,,1,042,"RT 45","PACKER RD",6336.00,S,N,A,-,Y,COL,3,45,-,-,27.040,H,-,S,Y,3,0,1,1,A,-,08,22107,,N,F,A,A,A,H,-,A,D,0,,,,,Y,,A,07,0,1,0,0,0,0,0,0,0,"- ","- ",,,COLUSA,UNINCORPORATED,-122.03368756,39.314104530000002
6379264,2014,2014-06-16,9155,2014-02-17,0500,018636,,1,3,9,0600,0,3,5,,2,004,"MAXWELL COLUSA RD","UTILITY POLE 17292T40823704",270.00,W,N,A,-,N,,,,,,,,,,Y,4,0,1,1,A,-,08,22107,,N,E,I,A,A,H,-,D,D,0,,,,,Y,,A,01,0,0,1,0,0,0,0,0,0,"- ","- ",39.27552,-122.11109,COLUSA,UNINCORPORATED,,
6379268,2014,2014-06-16,9155,2014-02-16,0605,017613,,7,1,9,0600,0,3,5,,2,003,"RIVER RD","BUTTE SLOUGH RD",460.00,S,N,A,-,N,,,,,,,,,,Y,3,0,2,2,A,-,01,23152,A,N,A,C,A,A,H,-,C,D,0,,,,,Y,Y,A,01,0,2,0,0,0,0,0,0,0,"- ","- ",39.214300000000001,-122.00019,COLUSA,UNINCORPORATED,-122.00010308,39.214509929999998
6385960,2014,2014-06-18,9155,2014-02-08,1940,018739,,6,2,9,0600,0,3,5,,2,005,"MCDERMOTT RD","WADLEIGH RD",1584.00,N,N,C,-,N,,,,,,,,,,Y,3,0,2,1,A,-,01,23152,A,N,E,I,A,B,H,-,D,D,0,,,,,Y,Y,A,07,0,2,0,0,0,0,0,0,0,"- ","- ",39.31223,-122.22848999999999,COLUSA,UNINCORPORATED,-122.22896398,39.309569869999997
6385964,2014,2015-11-10,9155,2014-02-01,0400,018750,,6,3,9,0600,0,1,3,,2,023,"RT 20","WALNUT DR",1584.00,E,N,A,-,Y,COL,3,20,-,-,13.540,H,-,E,Y,3,0,1,1,A,-,08,22107,,N,E,I,A,A,H,-,D,D,0,,,,,Y,,A,01,0,1,0,0,0,0,0,0,0,"- ","- ",39.1248,-122.28649,COLUSA,UNINCORPORATED,-122.28497311,39.126024710000003
6390410,2014,2014-07-09,9155,2014-02-04,0745,015855,,2,1,9,0600,0,3,5,,2,003,"RIVER RD","LAUX RD",7392.00,N,N,A,-,N,,,,,,,,,,Y,2,0,1,1,A,-,08,22107,,N,E,I,A,A,H,-,A,D,0,,,,,Y,,A,08,1,0,0,0,0,0,0,0,0,"- ","- ",39.265099999999997,-121.99687,COLUSA,UNINCORPORATED,-121.99664609,39.265378769999998
6397328,2014,2014-06-09,9155,2014-01-31,0645,015996,,5,1,9,0600,0,3,5,,2,002,"CORTINA SCHOOL RD","MYERS RD",0.00,,Y,A,-,N,,,,,,,,,,Y,4,0,1,1,A,-,12,22450,A,F,E,I,A,A,H,-,B,A,0,,,,,Y,,A,01,0,0,1,0,0,0,0,0,0,"- ","- ",39.10127,-122.14223,COLUSA,UNINCORPORATED,-122.14232991,39.10120998
6413770,2014,2014-06-19,9155,2014-02-14,1620,013855,,5,2,9,0600,0,2,4,,2,011,"OLD HWY 99W","HAHN RD",60.00,S,N,A,-,N,,,,,,,,,,N,4,0,3,2,A,-,03,22350,,N,C,C,A,A,H,-,A,A,0,,,,,Y,,A,07,0,0,3,0,0,0,0,0,0,"- ","- ",39.056739999999998,-122.08291,COLUSA,UNINCORPORATED,-122.08300342,39.056743429999997
6413782,2014,2015-11-10,9155,2014-02-21,1030,018812,,5,1,9,0600,0,1,3,,2,023,"RT 20","RT 16",2640.00,E,N,A,-,Y,COL,3,20,-,-,3.950,H,-,W,Y,4,0,1,1,A,-,08,22107,,N,E,I,A,A,H,-,A,D,0,,,,,Y,,A,01,0,0,1,0,0,0,0,0,0,"- ","- ",39.023510000000002,-122.34953,COLUSA,UNINCORPORATED,-122.35656422,39.017791709999997
6419846,2014,2014-06-26,9155,2014-03-08,1600,018812,,6,2,9,0600,0,1,3,,2,023,"RT 20","WALNUT DR",7920.00,W,N,B,-,Y,,,,,,,,,,Y,4,0,1,3,A,-,03,22350,,N,C,C,A,A,H,-,A,D,0,,,,,Y,,D,22,0,0,1,0,0,0,0,0,0,"- ","- ",39.152749999999997,-122.16736,COLUSA,UNINCORPORATED,-122.31148267,39.106552929999999
6423405,2014,2014-06-23,9155,2014-03-14,1655,15996,,5,2,2,0601,0,3,5,,2,001,"OLD HWY 99W","COUNTY LINE RD",6864.00,N,N,A,-,N,,,,,,,,,,Y,3,0,1,1,A,-,08,22107,,N,E,I,A,A,H,-,A,D,0,,,,,Y,,A,07,0,1,0,0,0,0,0,0,0,"- ","- ",38.943489999999997,-122.00818,COLUSA,COLUSA,-122.00739578,38.94236841
6426621,2014,2015-11-10,9155,2014-02-28,1730,018812,,5,2,9,0600,0,1,3,,2,023,"RT 20","LAKE COUNTY LINE",5280.00,E,N,C,-,Y,COL,3,20,-,R,1.140,H,-,E,Y,3,0,1,1,A,-,03,22350,,N,E,I,A,B,H,-,B,D,0,,,,,Y,Y,A,07,0,1,0,0,0,0,0,0,0,"- ","- ",39.004440000000002,-122.39157,COLUSA,UNINCORPORATED,-122.39251236,39.004170049999999
6430348,2014,2014-06-21,9155,2014-03-12,1635,013855,,3,2,9,0600,0,3,5,,2,003,"BUTTE SLOUGH RD","RIVER RD",11088.00,E,N,A,-,N,,,,,,,,,,Y,3,0,1,1,A,-,03,22350,,N,F,A,A,A,H,-,A,D,0,,,Y,,Y,,C,02,0,1,0,0,0,0,0,0,1,"- ","- ",39.196660000000001,-121.98515,COLUSA,UNINCORPORATED,-121.98354842000001,39.19424849
6436747,2014,2015-11-14,9155,2014-03-25,0154,018636,,2,3,2,0601,0,1,1,,2,052,"RT 5","MAXWELL RD",5280.00,N,N,A,-,Y,COL,3,5,-,R,28.300,H,-,S,Y,3,0,2,1,A,-,08,22107,,N,F,A,A,A,H,-,D,D,1,,,,Y,Y,,G,25,0,2,0,0,0,0,0,0,0,"- ","- ",39.298909999999999,-122.18597,COLUSA,COLUSA,-122.18611367,39.298888060000003
6436755,2014,2016-03-28,9155,2014-04-01,1839,018750,,2,2,9,0600,0,1,1,,2,052,"RT 5","MAXWELL COLUSA RD",0.00,,Y,B,C,Y,COL,3,5,-,R,26.521,R,4,N,Y,3,0,1,1,A,-,01,23152,A,N,E,I,A,B,H,-,A,A,1,,,,,Y,Y,D,22,0,1,0,0,0,0,0,0,0,"- ","- ",39.276409999999998,-122.18024,COLUSA,UNINCORPORATED,-122.18221732000001,39.273287979999999
6442814,2014,2014-07-09,0601,2014-02-22,1605,8438,0601,6,5,2,0601,0,0,0,,0,00A,"MARKET ST","5TH ST",0.00,,Y,A,-,Y,,,,,,,,,,Y,2,0,2,2,A,-,03,22350,,N,D,C,A,A,H,-,A,A,0,,,Y,,Y,Y,C,02,2,0,0,0,0,0,0,0,2,"- ","- ",,,COLUSA,COLUSA,-122.00797989,39.214029940000003
6443362,2014,2014-07-21,0601,2014-04-02,1658,6849,0601,3,5,2,0601,0,0,0,,0,00D,"FREMONT ST","1ST ST",46.00,E,N,-,-,N,,,,,,,,,,Y,4,0,1,2,A,-,08,22103,,N,D,C,A,-,-,-,-,D,0,,,,,Y,,A,01,0,0,1,0,0,0,0,0,0,"- ","- ",,,COLUSA,COLUSA,-122.00483434,39.206464189999998
6444553,2014,2016-03-28,9155,2014-04-07,1741,18636,,1,2,9,0600,0,1,3,,1,016,"RT 16","COLUSA/YOLO COUNTY LINE",1056.00,W,N,A,-,Y,COL,3,16,-,-,7.130,H,-,W,Y,4,0,1,1,A,-,08,22107,,N,E,I,A,A,H,-,A,D,0,,,,,Y,,A,08,0,0,1,0,0,0,0,0,0,"- ","- ",38.925849999999997,-122.3314,COLUSA,UNINCORPORATED,-122.33132442,38.925782949999999
6444557,2014,2014-07-11,9155,2014-04-02,1847,18750,,3,2,9,0600,0,3,5,,2,006,"MAXWELL SITES RD","SITES MAXWELL RD",0.00,,Y,A,-,N,,,,,,,,,,Y,4,0,1,1,A,-,08,22107,,N,E,I,A,A,H,-,B,D,0,,,,,Y,,A,01,0,0,1,0,0,0,0,0,0,"- ","- ",39.308920000000001,-122.33817000000001,COLUSA,UNINCORPORATED,-122.33809595,39.308888039999999
6444623,2014,2014-07-10,9155,2014-03-30,1911,018636,,7,2,9,0600,0,3,5,,2,002,"WYER RD","WISCONSIN AV",4752.00,S,N,B,-,N,,,,,,,,,,Y,3,0,1,1,A,-,03,22350,,N,E,I,A,A,H,-,B,D,0,,,,,Y,,A,01,0,1,0,0,0,0,0,0,0,"- ","- ",,,COLUSA,UNINCORPORATED,-122.10775799,38.939262999999997
6458692,2014,2014-07-23,9155,2014-05-02,2300,018739,,5,3,9,0600,0,3,5,,2,001,"OLD HWY 99W","COUNTY LINE RD",5280.00,N,N,A,-,N,,,,,,,,,,Y,3,0,1,1,A,-,01,23152,A,N,F,A,A,A,H,-,D,D,0,,,,,Y,Y,D,22,0,1,0,0,0,0,0,0,0,"- ","- ",38.943550000000002,-122.00821999999999,COLUSA,UNINCORPORATED,-122.00484999,38.938498950000003
6459139,2014,2014-07-11,9155,2014-04-25,1353,012512,,5,1,9,0600,0,3,5,,2,005,"OLD HWY 99W","NORTH ST",4224.00,N,N,C,F,N,,,,,,,,,,Y,4,0,1,1,A,-,03,22350,,N,E,I,A,C,G,-,A,A,0,,,,,Y,,A,01,0,0,1,0,0,0,0,0,0,"- ","- ",,,COLUSA,UNINCORPORATED,-122.19158158,39.291407649999996
6459754,2014,2014-07-23,0602,2014-05-03,2255,P45,3,6,5,2,0602,0,0,0,,0,,"7TH ST","I ST",201.00,N,N,A,-,N,,,,,,,,,,Y,4,0,1,2,A,-,05,21650,,N,B,C,A,A,H,-,C,D,0,,,,,Y,Y,A,01,0,0,1,0,0,0,0,0,0,"- ","- ",,,COLUSA,WILLIAMS,-122.14645152,39.150999169999999
6460447,2014,2014-07-10,9155,2014-04-16,1515,16445,,3,2,9,0600,0,3,5,,2,003,"BUTTE SLOUGH RD","RIVER RD",6336.00,E,N,A,-,N,,,,,,,,,,Y,3,0,2,1,C,-,18,,,N,F,A,A,D,B,-,A,D,0,,,Y,,Y,,-,"- ",0,2,0,0,0,0,0,0,2,"- ","- ",39.20928,-121.90300000000001,COLUSA,UNINCORPORATED,-121.98248814,39.206436869999997
6466621,2014,2016-03-24,9155,2014-04-09,1155,018739,,3,1,2,0602,0,1,1,,2,052,"RT 5","FRESHWATER RD",453.00,S,N,A,-,Y,COL,3,5,-,R,19.200,H,-,N,Y,3,0,1,1,A,-,08,22107,,N,E,I,A,A,H,-,A,D,1,,,,,Y,,E,22,0,1,0,0,0,0,0,0,0,"- ","- ",39.173520000000003,-122.15398,COLUSA,WILLIAMS,-122.15368468,39.172996240000003
6466746,2014,2016-03-24,9155,2014-04-09,1255,15996,,3,1,2,0602,0,1,1,,2,051,"RT 5","RT 20",1056.00,S,N,A,-,Y,COL,3,5,-,R,18.520,H,-,N,Y,4,0,6,2,A,-,03,22350,,N,C,C,A,A,H,-,A,D,1,,,,,Y,,B,07,0,0,6,0,0,0,0,0,0,"- ","- ",39.163930000000001,-122.14823,COLUSA,WILLIAMS,-122.14826574999999,39.164081279999998
6476219,2014,2014-07-23,9155,2014-05-13,1425,016445,,2,2,9,0600,0,3,5,,2,004,"MAXWELL COLUSA RD","2 MILE RD",8976.00,E,N,A,-,N,,,,,,,,,,N,3,0,1,2,A,-,17,23114,A,N,E,J,A,A,H,-,A,D,0,,,,,Y,,E,22,0,1,0,0,0,0,0,0,0,"- ","- ",39.275919999999999,-122.13500000000001,COLUSA,UNINCORPORATED,-122.12209673,39.275516699999997
6483659,2014,2014-07-24,9155,2014-05-03,0515,13855,,6,3,9,0600,0,3,5,,2,002,"WILDWOOD RD","HILLGATE RD",0.00,,Y,A,-,N,,,,,,,,,,Y,3,0,3,2,A,-,01,23152,A,N,D,C,A,A,H,-,C,A,0,,,,,Y,Y,A,01,0,1,2,0,0,0,0,0,0,"- ","- ",39.012860000000003,-122.05629999999999,COLUSA,UNINCORPORATED,-122.05632994,39.012869909999999
6493983,2014,2016-03-24,9155,2014-05-30,0010,018739,,5,3,9,0600,0,1,1,,2,052,"RT 5","LURLINE AV",2640.00,N,N,A,-,Y,COL,3,5,-,R,23.240,H,-,S,Y,3,0,3,2,A,-,01,23152,E,N,C,C,A,A,H,-,D,D,1,,,,,Y,,A,01,0,2,1,0,0,0,0,0,0,"- ","- ",39.226610000000001,-122.18172,COLUSA,UNINCORPORATED,-122.18177821,39.225731519999997
6505721,2014,2016-03-28,9155,2014-05-24,1630,13855,,6,2,9,0600,0,1,3,,1,016,"RT 16","RT 20",32208.00,E,N,A,-,Y,COL,3,16,-,-,6.140,H,-,W,Y,3,0,1,1,A,-,01,23152,A,M,E,I,A,A,H,-,A,D,0,,,,,Y,Y,A,01,0,1,0,0,0,0,0,0,0,"- ","- ",38.938870000000001,-122.33914,COLUSA,UNINCORPORATED,-122.3380547,38.938230109999999
6505722,2014,2014-08-01,9155,2014-05-31,1720,13855,,6,2,9,0600,0,3,5,,2,006,"SITES LODOGA RD","RAIL CANYON RD",2640.00,E,N,A,-,N,,,,,,,,,,Y,3,0,1,1,A,-,01,23152,A,N,E,I,A,A,H,-,A,D,0,,,,,Y,Y,A,07,0,1,0,0,0,0,0,0,0,"- ","- ",39.358249999999998,-122.4532,COLUSA,UNINCORPORATED,-122.45291523,39.358311380000004
6505730,2014,2016-03-28,9155,2014-05-28,1815,18783,,3,2,9,0600,0,1,3,,1,022,"RT 20","LONE STAR RD",5808.00,E,N,A,-,Y,COL,3,20,-,-,27.970,H,-,E,Y,4,0,2,3,A,-,03,22350,,N,C,C,A,A,H,-,A,A,0,,,,,Y,,A,01,0,0,2,0,0,0,0,0,0,"- ","- ",39.195360000000001,-122.04935999999999,COLUSA,UNINCORPORATED,-122.05960726000001,39.19559091
6510694,2014,2016-03-24,9155,2014-06-04,1030,15996,,3,1,9,0600,0,1,1,,2,051,"RT 5","GREENBAY RD",2640.00,N,N,A,-,Y,COL,3,5,-,R,3.650,H,-,S,Y,4,0,1,1,A,-,08,22107,,N,E,I,A,A,H,-,A,D,1,,,,,Y,,A,01,0,0,1,0,0,0,0,0,0,"- ","- ",38.974229999999999,-122.02928,COLUSA,UNINCORPORATED,-122.02862123,38.972851519999999
6514623,2014,2016-03-21,9155,2014-06-05,2220,013855,,4,3,9,0600,0,3,5,,2,001,"RT 99","PERKINS RD",2112.00,N,N,A,-,N,,,,,,,,,,Y,4,0,1,1,A,-,08,22107,,N,E,I,A,A,H,-,D,D,0,,,,,Y,,D,22,0,0,1,0,0,0,0,0,0,"- ","- ",38.989080000000001,-122.03806,COLUSA,UNINCORPORATED,-122.03812821,38.98906333
6514627,2014,2014-08-19,9155,2014-06-15,1615,18256,,7,2,9,0600,0,3,5,,2,006,"BEAR VALLEY RD","RT 20",10560.00,N,N,A,-,N,,,,,,,,,,Y,3,0,2,1,A,-,08,22107,,N,F,A,A,A,G,-,A,D,0,,,,,Y,,D,22,0,2,0,0,0,0,0,0,0,"- ","- ",39.021259999999998,-122.39024000000001,COLUSA,UNINCORPORATED,-122.38976879000001,39.020537920000002
6532477,2014,2014-08-01,0601,2014-05-28,1550,8330,D,3,5,2,0601,0,0,0,,0,00D,"FREMONT ST","BRIDGE ST",0.00,,Y,A,-,N,,,,,,,,,,N,4,0,2,2,A,-,03,22350,,N,C,C,A,A,H,-,A,A,0,,,,,Y,,A,01,0,0,2,0,0,0,0,0,0,"- ","- ",,,COLUSA,COLUSA,-122.00362991,39.206169889999998
6538615,2014,2014-07-21,9155,2014-04-26,1400,12512,,6,2,9,0600,0,3,5,,2,006,"FOREST ROUTE 18N06","DAVIS FLAT CAMPGROUND",26400.00,S,N,A,-,N,,,,,,,,,,N,2,0,1,1,A,-,"- ",,,N,F,I,A,A,H,-,A,A,0,,,Y,,Y,,C,06,1,0,0,0,0,0,0,0,1,"- ","- ",,,COLUSA,UNINCORPORATED,,
6542297,2014,2016-03-24,9155,2014-06-21,0354,018783,,6,3,9,0600,0,1,1,,2,052,"RT 5","MAXWELL RD",2640.00,S,N,A,-,Y,COL,3,5,-,R,26.220,H,-,S,Y,2,0,1,1,A,-,08,22107,,N,F,A,A,A,H,-,D,D,1,,,,,Y,,D,22,1,0,0,0,0,0,0,0,0,"- ","- ",39.268169999999998,-122.18235,COLUSA,UNINCORPORATED,-122.1825509,39.268925029999998
6542705,2014,2014-08-15,9155,2014-06-19,2300,18739,,4,3,9,0600,0,3,5,,2,005,"DIRKS RD","DELEVAN RD",2112.00,W,N,A,-,N,,,,,,,,,,N,2,0,1,1,A,-,01,23152,A,N,F,A,A,A,H,-,D,D,0,,,Y,,Y,Y,C,06,1,0,0,0,0,0,0,0,1,"- ","- ",39.363250000000001,-122.25461,COLUSA,UNINCORPORATED,-122.24809999999999,39.36327
6542709,2014,2016-03-24,9155,2014-06-24,1710,16445,,2,2,9,0600,0,1,1,,2,052,"RT 5","FRESHWATER RD",70.00,S,N,A,-,Y,COL,3,5,-,R,19.300,H,-,S,Y,4,0,1,1,A,-,08,22107,,N,E,I,A,A,H,-,A,D,1,,,,,Y,,A,01,0,0,1,0,0,0,0,0,0,"- ","- ",39.172969999999999,-122.15412000000001,COLUSA,UNINCORPORATED,-122.15502196,39.174130120000001
6545080,2014,2016-03-28,0601,2014-06-23,1710,4789,E,1,5,2,0601,0,0,0,,0,00E,"RT 20","HARRIS ST",0.00,,Y,A,-,Y,COL,3,20,-,-,30.455,I,5,E,Y,3,0,1,1,A,-,"- ",,,N,E,I,A,A,H,-,A,D,0,,,,,Y,,A,01,0,1,0,0,0,0,0,0,0,"- ","- ",,,COLUSA,COLUSA,-122.01828703,39.206704719999998
6548756,2014,2016-05-05,9155,2014-07-08,0507,018636,,2,3,9,0600,0,1,1,,2,051,"RT 5","GREENBAY RD",75.00,N,N,B,-,Y,COL,3,5,-,R,3.160,H,-,S,Y,4,0,1,1,A,-,08,22107,,N,E,I,A,A,H,-,B,D,1,,,,,Y,,D,22,0,0,1,0,0,0,0,0,0,"- ","- ",38.965960000000003,-122.02607,COLUSA,UNINCORPORATED,-122.02614244999999,38.966054190000001
6557377,2014,2016-03-28,9155,2014-06-27,0735,18157,,5,1,9,0600,0,1,3,,2,023,"RT 20","SCHAAD RD",3690.00,W,N,A,-,Y,COL,3,20,-,-,16.990,H,-,W,Y,3,0,1,1,A,-,08,22107,,N,F,A,A,A,H,-,A,D,0,,,,,Y,,E,22,0,1,0,0,0,0,0,0,0,"- ","- ",39.152450000000002,-122.15245,COLUSA,UNINCORPORATED,-122.23746875000001,39.152935460000002
6557453,2014,2016-05-06,9155,2014-07-05,1630,018739,,6,2,9,0600,0,1,3,,1,016,"RT 16","RT 20",0.00,,Y,A,-,Y,COL,3,16,-,-,0.000,I,5,W,Y,3,0,3,1,A,-,12,22450,A,N,E,I,A,A,H,-,A,A,0,,,,,Y,,A,01,0,3,0,0,0,0,0,0,0,"- ","- ",39.01314,-122.35894,COLUSA,UNINCORPORATED,-122.35880794000001,39.013058649999998
6577638,2014,2016-05-05,9155,2014-07-16,1809,018783,,3,2,9,0600,0,1,1,,2,052,"RT 5","DELEVAN RD",3032.00,N,N,A,-,Y,COL,3,5,-,R,32.360,H,-,S,Y,2,0,1,1,A,-,08,22107,,N,F,A,A,A,H,-,A,D,1,,,,,Y,,D,23,1,0,0,0,0,0,0,0,0,"- ","- ",39.36439,-122.19253999999999,COLUSA,UNINCORPORATED,-122.1934134,39.356256790000003
6577791,2014,2015-12-21,9155,2014-07-25,0625,015996,,5,1,9,0600,0,3,5,,2,001,"TULE RD","RT 45",2640.00,W,N,A,-,N,,,,,,,,,,Y,2,0,2,1,A,-,08,22107,,N,E,I,A,A,H,-,A,D,0,,,,,Y,,A,01,1,0,1,0,0,0,0,0,0,"- ","- ",39.012569999999997,-121.87531,COLUSA,UNINCORPORATED,-121.87591291,39.012608989999997
6592440,2014,2014-09-04,9155,2014-08-03,0400,018739,,7,3,9,0600,0,3,5,,2,003,"BUTTE SLOUGH RD","RIVER RD",1056.00,E,N,A,-,N,,,,,,,,,,Y,3,0,1,1,A,-,01,23152,A,F,E,I,A,A,H,-,D,D,0,,,,,Y,Y,A,01,0,1,0,0,0,0,0,0,0,"- ","- ",39.214869999999998,-121.99590999999999,COLUSA,UNINCORPORATED,-121.99629837000001,39.214937669999998
6592448,2014,2016-05-05,9155,2014-08-11,0600,016541,,1,1,9,0600,0,1,3,,2,023,"RT 20","SCHAAD RD",5280.00,W,N,A,-,Y,COL,3,20,-,-,16.500,H,-,W,Y,4,0,1,2,A,-,09,21804,A,N,D,C,A,A,H,-,B,A,0,,,,,Y,,A,07,0,0,1,0,0,0,0,0,0,"- ","- ",39.150269999999999,-122.24459,COLUSA,UNINCORPORATED,-122.24460401,39.150320860000001
6592460,2014,2016-05-09,9155,2014-08-11,1025,016445,,1,1,9,0600,0,1,3,,2,023,"RT 20","EAST CAMP RD",1056.00,W,N,A,-,Y,COL,3,20,-,-,17.970,H,-,E,Y,3,0,2,2,A,-,08,22107,,N,B,C,A,A,H,-,A,A,0,,,,,Y,,A,01,0,2,0,0,0,0,0,0,0,"- ","- ",39.152900000000002,-122.22154999999999,COLUSA,UNINCORPORATED,-122.22096926,39.152841530000003
6592517,2014,2016-05-05,9155,2014-08-04,1400,016541,,1,2,9,0600,0,1,1,,2,051,"RT 5","HALL ST",300.00,S,N,B,-,Y,COL,3,5,-,R,7.090,H,-,S,Y,4,0,2,2,A,-,03,22350,,N,C,C,A,A,H,-,A,A,1,,,,,Y,,A,01,0,0,2,0,0,0,0,0,0,"- ","- ",39.0946,-122.3473,COLUSA,UNINCORPORATED,-122.05838918000001,39.016306350000001
6596150,2014,2014-09-22,9155,2014-08-09,0655,015996,,6,1,9,0600,0,3,5,,2,001,"OLD HWY 99W","GAIL AV",595.00,N,N,A,-,N,,,,,,,,,,Y,3,0,1,2,A,-,08,22107,,N,C,E,A,A,H,-,A,D,0,,,,,Y,,A,01,0,1,0,0,0,0,0,0,0,"- ","- ",39.021160000000002,-122.05961000000001,COLUSA,UNINCORPORATED,-122.05966092,39.021704630000002
6596154,2014,2016-05-05,9155,2014-08-11,1519,016541,,1,2,9,0600,0,1,1,,2,051,"RT 5","HAHN RD",4224.00,N,N,A,-,Y,COL,3,5,-,R,11.110,H,-,N,Y,3,0,2,1,A,-,08,22107,,N,F,A,A,A,H,-,A,A,1,,,,,Y,,B,07,0,2,0,0,0,0,0,0,0,"- ","- ",,,COLUSA,UNINCORPORATED,-122.09135689999999,39.067842880000001
6596158,2014,2014-09-22,9155,2014-08-19,0820,016541,,2,1,9,0600,0,3,5,,2,002,"7TH ST","HALL ST",15.00,N,N,A,-,N,,,,,,,,,,N,4,0,1,2,A,-,21,22106,,N,H,C,A,A,H,-,A,A,0,,,,,Y,,A,07,0,0,1,0,0,0,0,0,0,"- ","- ",39.616700000000002,-122.05963,COLUSA,UNINCORPORATED,-122.05954549,39.016656079999997
6601754,2014,2016-04-25,0602,2014-08-17,1725,P31,1,7,5,2,0602,0,0,0,,0,,"RT 20","VIRGINIA WY",0.00,,Y,A,-,Y,COL,3,20,-,R,21.414,I,5,E,Y,3,0,3,2,A,-,09,21801,A,N,A,C,A,A,H,-,A,A,0,,,,,Y,,-,,0,2,1,0,0,0,0,0,0,"- ","- ",,,COLUSA,WILLIAMS,-122.16093337,39.161119249999999
6603908,2014,2016-04-25,9155,2014-08-20,0830,017613,,3,1,9,0600,0,1,3,,1,022,"RT 20","SAN JOSE RD",1056.00,W,N,A,-,Y,COL,3,20,-,-,24.490,H,-,E,N,4,0,1,1,A,-,08,22107,,N,H,A,A,A,H,-,A,D,0,,,,,Y,,A,07,0,0,1,0,0,0,0,0,0,"- ","- ",39.18224,-122.11816,COLUSA,UNINCORPORATED,-122.11867991,39.182045219999999
6606087,2014,2014-09-22,0602,2014-05-31,2120,P45,1,6,5,2,0602,0,0,0,,0,,"RT 20","N VIRGINIA WY",0.00,,Y,A,-,Y,COL,3,20,-,R,21.414,I,5,E,Y,1,1,1,2,A,-,09,21801,A,N,D,C,A,A,H,-,D,A,0,,,Y,,Y,,A,01,0,1,0,0,0,0,0,1,0,"- ","- ",,,COLUSA,WILLIAMS,-122.16093337,39.161119249999999
6618947,2014,2016-05-05,9155,2014-08-23,0900,012512,,6,1,9,0600,0,1,1,,2,052,"RT 5","MAXWELL RD",0.00,,Y,A,-,Y,COL,3,5,-,R,26.521,R,4,N,Y,3,0,3,2,A,-,09,21802,A,N,D,C,A,A,H,-,A,A,1,,,,,Y,,A,01,0,2,1,0,0,0,0,0,0,"- ","- ",,,COLUSA,UNINCORPORATED,-122.18221732000001,39.273287979999999
6622971,2014,2015-12-21,9155,2014-09-03,2225,018750,,3,3,9,0600,0,2,4,,2,011,"RT 99","FREEWAY UNDERCROSSING RD",1584.00,S,N,A,-,N,,,,,,,,,,N,4,0,1,1,A,-,08,22107,,N,E,I,A,A,H,-,D,D,0,,,,,Y,,A,01,0,0,1,0,0,0,0,0,0,"- ","- ",39.021329999999999,-122.05946,COLUSA,UNINCORPORATED,,
6627203,2014,2014-10-03,9155,2014-09-09,1205,017613,,2,1,9,0600,0,3,5,,2,004,"WINTER ST","PRINCE ST",200.00,S,N,A,-,N,,,,,,,,,,N,4,0,1,2,A,-,03,22350,,N,G,B,E,A,H,-,A,D,0,Y,,,,Y,,A,01,0,0,1,0,1,0,0,0,0,"- ","- ",39.404330000000002,-122.01018999999999,COLUSA,UNINCORPORATED,-122.01022073999999,39.404260960000002
6627207,2014,2014-10-03,9155,2014-09-03,2310,018256,,3,3,9,0600,0,2,4,,2,010,"LONE STAR RD","ABEL RD",5280.00,S,N,A,-,N,,,,,,,,,,Y,4,0,1,1,A,-,08,22107,,N,E,I,A,A,H,-,D,D,0,,,,,Y,,A,01,0,0,1,0,0,0,0,0,0,"- ","- ",39.130099999999999,-122.07858,COLUSA,UNINCORPORATED,-122.07861266,39.130473440000003
6627719,2014,2014-09-27,0602,2014-09-14,2255,P43,4,7,5,2,0602,0,0,0,,0,,"TEAL WY","EGRET WY",43.00,N,N,A,-,N,,,,,,,,,,Y,3,0,1,2,A,-,01,23152,A,N,C,E,A,A,H,-,C,D,0,,,,,Y,Y,A,01,0,1,0,0,0,0,0,0,0,"- ","- ",,,COLUSA,WILLIAMS,-122.13344026999999,39.149310030000002
6635768,2014,2016-04-25,9155,2014-09-23,1250,17613,,2,1,9,0600,0,1,3,,1,042,"RT 45","HARBISON RD",20.00,S,N,A,-,Y,COL,3,45,-,-,22.120,H,-,S,N,3,0,1,2,A,-,05,21460,A,N,B,C,A,A,H,-,A,D,0,,,,Y,Y,,G,27,0,1,0,0,0,0,0,0,0,"- ","- ",39.243169999999999,-122.03126,COLUSA,UNINCORPORATED,-122.03126751000001,39.24382817
6635769,2014,2015-12-21,9155,2014-09-18,0135,18750,,4,3,9,0600,0,3,5,,2,001,"OLD HWY 99W","PERKINS RD",3168.00,N,N,A,-,N,,,,,,,,,,Y,4,0,1,1,A,-,08,22107,,N,E,I,A,A,H,-,D,D,0,,,,,Y,,D,22,0,0,1,0,0,0,0,0,0,"- ","- ",38.994509999999998,-122.04183999999999,COLUSA,UNINCORPORATED,-122.03983703999999,38.991672090000002
6635771,2014,2016-05-05,9155,2014-09-16,0020,18750,,2,3,2,0602,0,1,1,,2,051,"RT 5","OLD HWY 99W",100.00,N,N,A,-,Y,COL,3,5,-,R,16.680,H,-,S,Y,3,0,1,1,A,-,01,23152,A,N,E,I,A,A,H,-,D,D,1,,,,,Y,Y,D,22,0,1,0,0,0,0,0,0,0,"- ","- ",39.139429999999997,-122.13630000000001,COLUSA,WILLIAMS,-122.13635499999999,39.13942909
6635920,2014,2014-10-07,9155,2014-09-05,0905,018157,,5,1,9,0600,0,3,5,,2,001,"OLD HWY 99W","PERKINS RD",3696.00,S,N,A,-,N,,,,,,,,,,Y,4,0,2,2,A,-,03,22350,,N,C,C,A,A,H,-,A,D,0,,,,,Y,,A,07,0,0,2,0,0,0,0,0,0,"- ","- ",,,COLUSA,UNINCORPORATED,-122.02879965,38.974904039999998
6635921,2014,2016-05-05,9155,2014-09-19,1813,018739,,5,2,9,0600,0,1,1,,2,051,"RT 5","COUNTY LINE RD",3696.00,N,N,A,-,Y,COL,3,5,-,R,6.000,H,-,S,Y,3,0,1,1,A,-,01,23152,F,N,F,A,A,A,H,-,A,D,1,,,,,Y,Y,A,07,0,1,0,0,0,0,0,0,0,"- ","- ",38.934080000000002,-122.00317,COLUSA,UNINCORPORATED,-122.04822849999999,39.003282589999998
6640837,2014,2016-05-05,9155,2014-09-18,0610,012512,,4,1,9,0600,0,1,1,,2,052,"RT 5","N MAXWELL",3168.00,S,N,A,-,Y,COL,3,5,-,R,28.470,H,-,N,Y,3,0,2,2,A,-,07,21658,A,N,C,C,A,A,H,-,B,A,1,,,,,Y,,A,01,0,1,1,0,0,0,0,0,0,"- ","- ",,,COLUSA,UNINCORPORATED,-122.18615608,39.30140918
6651108,2014,2016-04-25,9155,2014-09-20,1553,013855,,6,2,9,0600,0,1,3,,2,023,"RT 20","SCHAAD RD",4224.00,W,N,A,-,Y,COL,3,20,-,-,16.890,H,-,W,Y,4,0,1,1,A,-,08,22107,,N,E,I,A,A,H,-,A,A,0,,,,,Y,,A,01,0,0,1,0,0,0,0,0,0,"- ","- ",39.157989999999998,-122.24096,COLUSA,UNINCORPORATED,-122.23916572,39.152947949999998
6657428,2014,2016-05-05,9155,2014-09-17,0530,018256,,3,3,9,0600,0,1,1,,2,051,"RT 5","HAHN RD",552.00,N,N,A,-,Y,COL,3,5,-,R,10.410,H,-,S,Y,3,0,3,2,A,-,08,22107,,N,F,A,A,A,H,-,B,D,1,,,,Y,Y,,A,07,0,2,1,0,0,0,0,0,0,"- ","- ",39.057659999999998,-122.08636,COLUSA,UNINCORPORATED,-122.08708014,39.0582955
6658698,2014,2016-07-05,0601,2014-10-19,1221,8438,F,7,5,2,0601,0,0,0,,0,00F,"RT 45","SIOC ST",94.00,N,N,A,-,Y,COL,3,20,-,-,32.420,H,-,W,Y,2,0,2,2,A,-,03,22350,,N,C,C,A,A,H,-,A,D,0,,,,,Y,,A,01,1,0,1,0,0,0,0,0,0,"- ","- ",,,COLUSA,COLUSA,-122.00431459000001,39.204424379999999
6661886,2014,2014-12-12,0602,2014-10-01,1750,P45,,3,5,2,0602,0,0,0,,0,,"11TH ST","G ST",263.00,N,N,A,-,N,,,,,,,,,,Y,3,0,1,2,A,-,01,23152,A,N,E,C,A,A,H,-,A,D,0,,,,,Y,Y,A,01,0,1,0,0,0,0,0,0,0,"- ","- ",,,COLUSA,WILLIAMS,-122.1546,39.152102309999997
6667097,2014,2014-11-07,9155,2014-09-25,0020,013855,,4,3,9,0600,0,2,4,,2,011,"OLD HWY 99W","BAILEY RD",50.00,S,N,A,-,N,,,,,,,,,,Y,2,0,3,2,A,-,01,23152,A,N,C,C,A,A,H,-,D,D,0,,,,Y,Y,Y,A,01,1,1,1,0,0,0,0,0,0,"- ","- ",39.027329999999999,-122.06339,COLUSA,UNINCORPORATED,-122.06334999000001,39.02730768
6668806,2014,2016-06-24,0602,2014-10-10,1410,P46,2,5,5,2,0602,0,0,0,,0,,"E ST","RT 5",0.00,,Y,A,-,Y,COL,3,5,-,R,17.806,R,4,S,Y,4,0,1,2,A,-,09,21801,A,N,D,C,A,A,H,-,A,A,0,,,,,Y,,A,01,0,0,1,0,0,0,0,0,0,"- ",SO,,,COLUSA,WILLIAMS,-122.14291835,39.15459293
6669150,2014,2016-06-22,9155,2014-10-06,1330,18256,,1,1,9,0600,0,1,3,,2,023,"RT 20","SCHAAD RD",3696.00,W,N,A,-,Y,COL,3,20,-,-,16.780,H,-,W,Y,3,0,1,2,A,-,03,22350,,N,F,A,A,A,H,-,A,D,0,,,,,Y,,A,07,0,1,0,0,0,0,0,0,0,"- ","- ",39.152859999999997,-122.24061,COLUSA,UNINCORPORATED,-122.24098174,39.152689100000003
6674913,2014,2016-06-21,0602,2014-10-03,1705,P45,1,5,5,2,0602,0,0,0,,0,,"E ST","RT 20",0.00,,Y,A,-,Y,COL,3,20,-,T,20.558,I,6,E,N,3,0,1,2,A,-,04,21703,,N,C,C,A,A,H,-,A,A,0,,,,,Y,,A,01,0,1,0,0,0,0,0,0,0,"- ","- ",,,COLUSA,WILLIAMS,-122.17364721,39.153428859999998
6678519,2014,2016-06-21,9155,2014-10-11,1855,19973,,6,2,9,0600,0,1,3,,2,023,"RT 20","WALNUT DR",9504.00,W,N,A,-,Y,COL,3,20,-,-,11.760,H,-,E,Y,3,0,1,1,A,-,01,23152,A,N,E,I,A,A,H,-,D,D,0,,,,,Y,Y,A,07,0,1,0,0,0,0,0,0,0,"- ","- ",39.106639999999999,-122.31175,COLUSA,UNINCORPORATED,-122.3074998,39.107530310000001
6680050,2014,2016-02-18,9155,2014-10-22,0550,015996,,3,3,9,0600,0,2,4,,2,011,"OLD HWY 99W","HAHN RD",3960.00,W,N,A,-,N,,,,,,,,,,Y,4,0,2,2,A,-,09,21801,A,N,C,C,A,A,H,-,C,D,0,,,,,Y,,A,01,0,0,2,0,0,0,0,0,0,"- ","- ",39.066989999999997,-122.09009,COLUSA,UNINCORPORATED,-122.08973275,39.066446769999999
6685366,2014,2016-06-21,9155,2014-10-11,1607,018739,,6,2,9,0600,0,1,3,,2,023,"RT 20","E ST",7392.00,W,N,A,-,Y,COL,3,20,-,-,19.160,H,-,W,Y,2,0,3,2,A,-,08,22107,,N,D,C,A,A,H,-,A,D,0,,,,,Y,,J,48,2,1,0,0,0,0,0,0,0,"- ","- ",39.152749999999997,-122.19968,COLUSA,UNINCORPORATED,-122.19938938999999,39.15270778
6689361,2014,2014-12-08,0602,2014-10-27,1055,P46,1,1,5,2,0602,0,0,0,,0,,"7TH ST","D ST",98.00,,N,A,-,N,,,,,,,,,,N,4,0,1,2,A,-,21,22106,,N,D,C,A,A,H,-,A,D,0,,,,,Y,,A,07,0,0,1,0,0,0,0,0,0,"- ","- ",,,COLUSA,WILLIAMS,-122.15045991,39.155850000000001
6691291,2014,2014-12-03,9155,2014-10-27,1840,018750,,1,2,9,0600,0,3,5,,2,006,"LODOGA STONYFORD RD","LAKEVIEW LOOP",1056.00,W,N,A,-,N,,,,,,,,,,Y,3,0,1,1,A,-,01,23152,A,N,E,I,A,A,H,-,D,D,0,,,,,Y,Y,D,22,0,1,0,0,0,0,0,0,0,"- ","- ",39.323990000000002,-122.53010999999999,COLUSA,UNINCORPORATED,-122.52848342999999,39.316346529999997
6691295,2014,2014-11-18,9155,2014-10-29,0820,017613,,3,1,9,0600,0,3,5,,2,004,"TWO MILE RD","MAXWELL COLUSA RD",0.00,,Y,A,-,N,,,,,,,,,,Y,4,0,3,2,A,-,09,21802,A,N,D,C,A,A,H,-,A,D,0,,,,,Y,,D,22,0,0,3,0,0,0,0,0,0,"- ","- ",39.276220000000002,-122.15378,COLUSA,UNINCORPORATED,-122.15383199999999,39.276378000000001
6691335,2014,2016-07-05,9155,2014-10-29,1537,016541,,3,2,9,0600,0,1,3,,2,041,"RT 45","MILLERS LANDING RD",750.00,N,N,A,-,Y,COL,3,45,-,-,2.280,H,-,S,Y,3,0,2,2,A,-,03,22350,,N,D,C,A,A,H,-,A,A,0,,,,Y,Y,,D,22,0,2,0,0,0,0,0,0,0,"- ","- ",38.958019999999998,-121.84363,COLUSA,UNINCORPORATED,-121.84360198,38.957693120000002
6696603,2014,2016-06-21,0602,2014-10-24,1810,P45,2,5,5,2,0602,0,0,0,,0,,"RT 20","RT 5",0.00,,Y,A,-,Y,COL,3,20,-,R,22.244,I,5,E,Y,4,0,2,2,A,-,09,21802,A,N,D,C,A,A,H,-,B,A,0,,,,,Y,,A,01,0,0,2,0,0,0,0,0,0,"- ",NF,,,COLUSA,WILLIAMS,-122.14800294,39.167545660000002
6698251,2014,2014-11-18,9155,2014-10-23,1835,013855,,4,2,9,0600,0,3,5,,2,001,"GRIMES-ARBUCKLE RD","BAILEY RD",5280.00,N,N,A,-,N,,,,,,,,,,Y,2,0,1,1,A,-,08,22107,,N,E,I,A,A,H,-,D,A,0,,,,,Y,,A,01,1,0,0,0,0,0,0,0,0,"- ","- ",39.04177,-122.015,COLUSA,UNINCORPORATED,-122.01548733,39.04187228
6698896,2014,2015-01-08,9155,2014-11-03,0525,016445,,1,3,9,0600,0,3,5,,2,003,"GRIDLEY RD","PUTNAM RD",4752.00,E,N,A,-,N,,,,,,,,,,Y,4,0,1,1,A,-,08,22107,,N,F,A,A,A,H,-,D,D,0,,,,,Y,,A,01,0,0,1,0,0,0,0,0,0,"- ","- ",39.349060000000001,-122.94996,COLUSA,UNINCORPORATED,-121.9498593,39.347323109999998
6699399,2014,2016-06-24,9155,2014-10-27,0737,016541,,1,1,9,0600,0,1,1,,2,051,"RT 5","COUNTY LINE RD",3168.00,N,N,A,-,Y,COL,3,5,-,R,0.630,H,-,S,Y,3,0,1,1,A,-,08,22107,,F,F,I,A,A,H,-,B,A,1,,,,,Y,,A,01,0,1,0,0,0,0,0,0,0,"- ","- ",38.935079999999999,-122.00363,COLUSA,UNINCORPORATED,-122.00321077,38.934239660000003
6699403,2014,2016-06-21,9155,2014-10-17,2150,019973,,5,2,9,0600,0,1,3,,2,023,"RT 20","WALNUT DR",2640.00,W,N,A,-,Y,COL,3,20,-,-,11.760,H,-,E,Y,2,0,2,2,A,-,08,22107,,N,D,C,A,A,H,-,D,D,0,,,,,Y,,A,01,2,0,0,0,0,0,0,0,0,"- ","- ",39.113,-122.29984,COLUSA,UNINCORPORATED,-122.3074998,39.107530310000001
6701064,2014,2015-01-08,0602,2014-11-09,1550,P46,3,7,5,2,0602,0,0,0,,0,,"J ST","7TH ST",0.00,,Y,A,-,N,,,,,,,,,,Y,3,0,1,1,A,-,01,23152,A,M,F,A,A,A,H,-,A,A,0,,,,,Y,Y,D,22,0,1,0,0,0,0,0,0,0,"- ","- ",,,COLUSA,WILLIAMS,-122.14401986,39.149619989999998
6706050,2014,2015-01-08,9155,2014-11-10,0405,016541,,1,3,9,0600,0,2,4,,2,011,"OLD HWY 99W","HAHN RD",200.00,N,N,A,-,N,,,,,,,,,,Y,2,0,1,1,A,-,08,22107,,N,E,I,A,A,H,-,C,A,0,,,,,Y,,A,07,1,0,0,0,0,0,0,0,0,"- ","- ",39.057499999999997,-122.83620000000001,COLUSA,UNINCORPORATED,-122.08342115000001,39.057378900000003
6715143,2014,2016-06-24,9155,2014-11-13,1745,15996,,4,2,9,0600,0,1,1,,2,051,"RT 5","FREEWAY UNDERCROSSING RD",1584.00,N,N,B,-,Y,COL,3,5,-,R,8.000,H,-,N,Y,4,0,1,1,A,-,07,21658,A,N,E,I,A,B,H,-,D,D,1,,,,,Y,,A,07,0,0,1,0,0,0,0,0,0,"- ","- ",39.028680000000001,-122.06462000000001,COLUSA,UNINCORPORATED,-122.06429162000001,39.028364439999997
6717816,2014,2016-06-21,0601,2014-11-25,1629,7356,A,2,5,2,0601,0,0,0,,0,00A,"RT 20","6TH ST",0.00,,Y,A,-,Y,COL,3,20,-,-,31.390,I,5,E,Y,4,0,1,2,A,-,09,21801,A,N,D,C,A,A,H,-,A,D,0,,,,,Y,,A,07,0,0,1,0,0,0,0,0,0,"- ","- ",,,COLUSA,COLUSA,-122.00938109000001,39.214387690000002
6728162,2014,2015-01-16,9155,2014-11-09,0745,017613,,7,1,9,0600,0,3,5,,2,001,"ABEL RD","HUSTED RD",6336.00,E,N,A,-,N,,,,,,,,,,Y,2,0,2,1,A,-,01,23152,A,N,E,I,A,A,H,-,A,D,0,,,,,Y,Y,D,22,2,0,0,0,0,0,0,0,0,"- ","- ",39.145020000000002,-122.10912,COLUSA,UNINCORPORATED,-122.11033392,39.14504264
6728237,2014,2015-01-22,9155,2014-11-24,1850,019065,,1,2,9,0600,0,3,5,,2,001,"DRY SLOUGH RD","MORRIS RD",4224.00,N,N,A,-,N,,,,,,,,,,Y,3,0,1,1,A,-,03,22350,,N,F,A,A,A,H,-,D,D,0,,,,Y,Y,,G,25,0,1,0,0,0,0,0,0,0,"- ","- ",39.079120000000003,-121.95041000000001,COLUSA,UNINCORPORATED,-121.95032374,39.079136509999998
6728529,2014,2016-06-24,9155,2014-11-28,1645,018739,,5,2,9,0600,0,1,1,,2,051,"RT 5","MYERS RD",1056.00,S,N,C,-,Y,COL,3,5,-,R,13.550,H,-,N,Y,3,0,2,2,A,-,07,21658,A,N,B,C,A,B,H,-,A,D,1,,,,,Y,,A,01,0,2,0,0,0,0,0,0,0,"- ","- ",39.099409999999999,-122.11336,COLUSA,UNINCORPORATED,-122.11278937,39.098702150000001
6742397,2014,2016-06-24,9155,2014-12-03,1155,012512,,3,1,9,0600,0,1,1,,2,052,"RT 5","MAXWELL RD",4224.00,S,N,B,C,Y,COL,3,5,-,R,25.930,H,-,N,N,3,0,1,1,D,-,00,,,N,B,C,A,B,H,-,A,D,1,,,,,Y,,-,"- ",0,1,0,0,0,0,0,0,0,"- ","- ",,,COLUSA,UNINCORPORATED,-122.18214549,39.264722140000003
6746907,2014,2016-06-24,9155,2014-11-28,1030,012512,,5,1,9,0600,0,1,1,,2,052,"RT 5","DELEVAN RD",2640.00,N,N,B,-,Y,COL,3,5,-,R,32.380,H,-,S,Y,2,0,5,1,A,-,08,22107,,N,F,A,A,A,H,-,A,A,1,,,,,Y,,A,01,2,3,0,0,0,0,0,0,0,"- ","- ",39.356900000000003,-122.19302999999999,COLUSA,UNINCORPORATED,-122.19334059000001,39.35654048
6750037,2014,2015-02-09,9155,2014-12-04,1725,12512,,4,2,9,0600,0,3,5,,2,005,"DANLEY RD","FRESHWATER RD",3696.00,N,N,E,-,N,,,,,,,,,,N,4,0,1,1,A,-,08,22107,,N,E,I,A,B,E,-,D,A,0,,,,,Y,,D,22,0,0,1,0,0,0,0,0,0,"- ","- ",,,COLUSA,UNINCORPORATED,-122.24376079,39.185050500000003
6750041,2014,2015-02-10,9155,2014-12-19,2050,018739,,5,2,9,0600,0,3,5,,2,001,"OLD HWY 99W","GRIMES-ARBUCKLE RD",5280.00,S,N,B,-,N,,,,,,,,,,Y,3,0,2,2,A,-,03,22350,,N,C,C,A,B,H,-,D,D,0,,,,,Y,,A,01,0,1,1,0,0,0,0,0,0,"- ","- ",38.997520000000002,-122.0438,COLUSA,UNINCORPORATED,-122.04531116,38.999984939999997
6750383,2014,2016-06-24,9155,2014-12-19,1749,013855,,5,2,9,0600,0,1,1,,2,051,"RT 5","HILLGATE RD",6864.00,S,N,B,-,Y,COL,3,5,-,R,5.740,H,-,N,Y,4,0,1,1,A,-,01,23152,A,N,E,I,A,B,H,-,D,D,1,,,,,Y,Y,A,01,0,0,1,0,0,0,0,0,0,"- ","- ",38.997520000000002,-122.0438,COLUSA,UNINCORPORATED,-122.04570357999999,39.000038850000003
6757204,2014,2015-02-10,0601,2014-12-13,2000,8438,F,6,5,2,0601,0,0,0,,0,00F,"WESCOTT RD","LARSON LN",0.00,,Y,A,-,N,,,,,,,,,,Y,4,0,1,2,A,-,08,22103,,N,D,C,A,A,H,-,C,D,0,,,,,Y,,A,01,0,0,1,0,0,0,0,0,0,"- ","- ",,,COLUSA,COLUSA,-122.00538991000001,39.201879980000001
6779540,2014,2016-06-21,0601,2014-12-01,1039,8330,601,1,5,2,0601,0,0,0,,0,00A,"RT 20","10TH ST",62.00,E,N,B,-,Y,COL,3,20,-,-,31.100,H,-,W,N,4,0,1,2,A,-,03,22350,,N,C,C,A,B,H,-,A,A,0,,,,,Y,,A,01,0,0,1,0,0,0,0,0,0,"- ","- ",,,COLUSA,COLUSA,-122.01459368,39.215585709999999
6781761,2015,2016-09-02,9155,2015-01-10,2112,018157,,6,2,9,0600,0,1,3,,2,023,"RT 20","WALNUT DR",8976.00,W,N,A,-,Y,COL,3,20,-,-,11.570,H,-,W,Y,4,0,1,1,A,-,08,22107,,N,E,I,A,A,H,-,D,D,0,,,,,Y,,A,01,0,0,1,0,0,0,0,0,0,"- ","- ",39.105649999999997,-122.31528,COLUSA,UNINCORPORATED,-122.31056907999999,39.106919079999997
6783522,2015,2015-03-17,9155,2015-02-27,1945,019065,,5,2,9,0600,0,3,5,,2,004,"TWO MILE RD","LENAHAN RD",3696.00,S,N,A,-,N,,,,,,,,,,N,4,0,1,1,A,-,08,22107,,N,E,I,A,A,H,-,D,D,0,,,,,Y,,D,22,0,0,1,0,0,0,0,0,0,"- ","- ",39.32403,-122.15422,COLUSA,UNINCORPORATED,-122.15426115,39.324380220000002
6786133,2015,2015-02-25,9155,2015-01-04,0920,18256,,7,1,9,0600,0,3,5,,2,001,"ABEL RD","HUSTED RD",3960.00,E,N,A,-,N,,,,,,,,,,Y,3,0,1,2,A,-,06,21750,,N,B,C,A,A,H,-,A,D,0,,,,,Y,,D,22,0,1,0,0,0,0,0,0,0,"- ","- ",39.144930000000002,-122.11669999999999,COLUSA,UNINCORPORATED,-122.11871373,39.145003860000003
6786134,2015,2016-09-02,9155,2015-01-08,1550,019065,,4,2,9,0600,0,1,3,,1,021,"RT 20","SUTTER COUNTY LINE",3168.00,W,N,A,-,Y,COL,3,20,-,-,38.740,H,-,E,Y,3,0,1,1,C,-,18,,,N,E,H,A,A,H,-,A,D,0,,,,,Y,,-,"- ",0,1,0,0,0,0,0,0,0,"- ","- ",,,COLUSA,UNINCORPORATED,-121.92897612,39.146027429999997
6791549,2015,2015-02-24,9155,2015-01-04,1710,018256,,7,2,9,0600,0,3,5,,2,002,"WILDWOOD RD","WAGNER AV",80.00,E,N,A,-,N,,,,,,,,,,Y,3,0,1,1,A,-,03,22350,,N,E,I,A,A,H,-,D,D,0,,,,,Y,,A,01,0,1,0,0,0,0,0,0,0,"- ","- ",38.998399999999997,-122.06079,COLUSA,UNINCORPORATED,-122.06047843,38.998469999999998
6800952,2015,2015-03-05,9155,2015-02-04,0630,016445,,3,1,9,0600,0,3,5,,2,004,"RIVER RD","GOULD RD",8448.00,S,N,E,-,N,,,,,,,,,,Y,4,0,1,1,A,-,08,22107,,N,F,A,A,A,H,-,A,D,0,,,,,Y,,D,22,0,0,1,0,0,0,0,0,0,"- ","- ",39.249749999999999,-121.98472,COLUSA,UNINCORPORATED,-122.01766076,39.33131367
6806782,2015,2015-03-02,0602,2015-01-29,1650,P44,2,4,5,2,0602,0,0,0,,0,,"E ST","VANN ST",96.00,E,N,A,F,N,,,,,,,,,,Y,3,0,2,2,A,-,03,22350,,N,C,C,A,A,H,-,A,A,0,,,,,Y,,A,07,0,1,1,0,0,0,0,0,0,"- ","- ",,,COLUSA,WILLIAMS,-122.1401425,39.158375970000002
6819797,2015,2015-02-26,9155,2015-01-30,1433,16541,,5,2,9,0600,0,3,5,,2,001,"OLD HWY 99W","HARRINGTON AV",304.00,S,N,A,-,N,,,,,,,,,,Y,3,0,1,1,A,-,08,22107,,N,F,A,A,A,H,-,A,A,0,,,,,Y,,A,01,0,1,0,0,0,0,0,0,0,"- ","- ",38.954230000000003,-122.01527,COLUSA,UNINCORPORATED,-122.01520302,38.954236700000003
6824982,2015,2015-03-12,0601,2015-02-10,1635,6849,D,2,5,2,0601,0,0,0,,0,00D,"SIOC ST","7TH ST",0.00,,Y,A,-,N,,,,,,,,,,N,4,0,4,2,A,-,09,21802,A,N,D,C,A,A,H,-,A,A,0,,,,,Y,,A,01,0,0,4,0,0,0,0,0,0,"- ","- ",,,COLUSA,COLUSA,-122.01380988,39.206599939999997
6833770,2015,2016-09-02,9155,2015-02-16,2100,013855,,1,2,9,0600,0,1,3,,2,023,"RT 20","RT 16",10560.00,E,N,A,-,Y,COL,3,20,-,-,5.430,H,-,E,Y,4,0,1,1,A,-,08,22107,,N,E,I,A,A,H,-,D,D,0,,,,,Y,,A,01,0,0,1,0,0,0,0,0,0,"- ","- ",,,COLUSA,UNINCORPORATED,-122.33860615,39.033352710000003
6835121,2015,2016-09-02,9155,2015-02-06,1255,018157,,5,1,9,0600,0,1,3,,2,023,"RT 20","LAKE COUNTY LINE",1056.00,E,N,C,-,Y,COL,3,20,-,-,0.200,H,-,E,Y,4,0,1,1,A,-,08,22107,,N,E,I,A,B,H,-,A,D,0,,,,,Y,,A,01,0,0,1,0,0,0,0,0,0,"- ","- ",39.088880000000003,-122.4042,COLUSA,UNINCORPORATED,-122.40638500999999,39.010030399999998
6843596,2015,2016-09-07,0601,2015-02-17,1515,8437,0601,2,5,2,0601,0,0,0,,0,0601,"RT 45","JAY ST",0.00,,Y,A,-,Y,COL,3,20,-,-,31.930,H,-,W,Y,4,0,1,2,A,-,03,22350,,N,C,C,A,A,H,-,A,D,0,,,,,Y,,D,82,0,0,1,0,0,0,0,0,0,"- ","- ",,,COLUSA,COLUSA,-122.00170455999999,39.211267569999997
6846727,2015,2015-03-25,9155,2015-02-27,1718,16541,,5,2,9,0600,0,3,5,,2,002,"ZUMWALT RD","WALNUT DR",2640.00,N,N,A,-,N,,,,,,,,,,Y,4,0,1,2,A,-,08,22107,,N,B,C,A,A,H,-,A,D,0,,,,,Y,,A,07,0,0,1,0,0,0,0,0,0,"- ","- ",39.127609999999997,-122.15168,COLUSA,UNINCORPORATED,-122.15161021999999,39.126800490000001
6854618,2015,2015-05-20,9155,2015-03-02,2100,13855,,1,2,9,0600,0,1,3,,2,023,"RT 20","WALNUT DR",1056.00,W,N,A,-,Y,COL,3,20,-,-,11.400,H,-,E,Y,1,1,0,1,A,-,08,22107,,N,E,I,A,A,H,-,D,D,0,,,,Y,Y,,F,26,0,0,0,0,0,0,0,0,0,"- ","- ",39.105690000000003,-122.31818,COLUSA,UNINCORPORATED,-122.31311359,39.105905280000002
6854624,2015,2015-05-19,9155,2015-03-11,1915,18256,,3,2,9,0600,0,1,3,,1,022,"RT 20","HUNTER RD",3696.00,W,N,B,-,Y,COL,3,20,-,-,28.130,H,-,E,Y,1,1,1,2,A,-,05,21650,,N,A,C,A,A,H,-,B,D,0,,,,,Y,,A,01,0,0,1,0,0,0,0,0,0,"- ","- ",39.195689999999999,-122.05956999999999,COLUSA,UNINCORPORATED,-122.05662157,39.195576459999998
6857169,2015,2015-04-07,9155,2015-03-07,1315,018157,,6,1,9,0600,0,3,5,,2,006,"FOREST ROUTE M10","FOUTS SPRINGS RD",65472.00,W,N,A,-,N,,,,,,,,,,Y,2,0,1,1,A,-,"- ",,,N,E,I,A,A,H,-,A,D,0,,,Y,,Y,,C,02,1,0,0,0,0,0,0,0,1,"- ","- ",,,COLUSA,UNINCORPORATED,,
6870002,2015,2016-11-07,9155,2015-04-03,0120,19973,,5,3,9,0600,0,1,1,,2,052,"RT 5","FAIRVIEW RD",800.00,N,N,A,-,Y,COL,3,5,-,R,24.870,H,-,S,Y,4,0,1,2,A,-,03,22350,,N,C,C,A,A,H,-,D,D,1,,,,Y,Y,,A,01,0,0,1,0,0,0,0,0,0,"- ","- ",39.247959999999999,-122.18222,COLUSA,UNINCORPORATED,-122.182214,39.24936288
6870062,2015,2017-02-21,9155,2015-03-24,0315,018256,,2,3,9,0600,0,1,3,,2,023,"RT 20","LAKE COUNTY LINE",1.75,E,N,B,-,Y,COL,3,20,-,-,1.770,H,-,E,Y,4,0,2,2,A,-,05,21460,A,N,B,C,A,B,H,-,D,D,0,,,,,Y,,D,22,0,0,2,0,0,0,0,0,0,"- ","- ",,,COLUSA,UNINCORPORATED,-122.38891273999999,39.012836389999997
6870357,2015,2016-09-28,9155,2015-03-27,1755,18739,,5,2,2,0602,0,1,1,,2,051,"RT 5","HUSTED RD",1056.00,S,N,A,-,Y,COL,3,5,-,R,15.610,H,-,S,Y,2,0,2,1,A,-,01,23152,F,N,F,A,A,A,H,-,A,D,1,,,,,Y,Y,A,07,1,1,0,0,0,0,0,0,0,"- ","- ",39.124859999999998,-122.1281,COLUSA,WILLIAMS,-122.12925893000001,39.125553789999998
6881541,2015,2015-04-27,0602,2015-03-28,1018,P45,1,6,5,2,0602,0,0,0,,0,,"E ST","8TH ST",0.00,,Y,A,-,N,,,,,,,,,,N,2,0,1,2,A,-,10,21950,A,N,H,J,B,A,H,-,A,A,0,Y,,,,Y,,A,01,1,0,0,0,1,0,0,0,0,"- ","- ",,,COLUSA,WILLIAMS,-122.15083987,39.154149889999999
6885005,2015,2015-04-24,9155,2015-03-25,0710,017279,,3,1,9,0600,0,3,5,,2,002,"HILLGATE RD","REDDINGTON AV",289.00,E,N,A,-,N,,,,,,,,,,Y,3,0,2,2,A,-,03,22350,,N,C,C,A,A,H,-,A,D,0,,,,,Y,,D,22,0,1,1,0,0,0,0,0,0,"- ","- ",39.012599999999999,-122.0783,COLUSA,UNINCORPORATED,-122.07855384,39.012630000000001
6885009,2015,2016-11-01,9155,2015-04-08,0355,018157,,3,3,9,0600,0,1,3,,2,023,"RT 20","LAKE COUNTY LINE",3168.00,E,N,B,-,Y,COL,3,20,-,R,0.640,H,-,W,Y,3,0,2,2,A,-,05,21460,A,N,A,C,A,A,H,-,D,D,0,,,,Y,Y,,A,01,0,1,1,0,0,0,0,0,0,"- ","- ",39.007269999999998,-122.39912,COLUSA,UNINCORPORATED,-122.39994387,39.007158220000001
6892371,2015,2016-12-17,9155,2015-04-10,1427,016541,,5,2,9,0600,0,1,3,,1,021,"RT 20","NIAGARA AV",2640.00,E,N,A,-,Y,COL,3,20,-,-,35.350,H,-,W,Y,2,0,2,2,A,-,03,22350,,N,C,C,A,A,H,-,A,A,0,,,,Y,Y,,F,26,1,0,1,0,0,0,0,0,0,"- ","- ",39.166330000000002,-121.98085,COLUSA,UNINCORPORATED,-121.98104365,39.166537099999999
6892373,2015,2016-11-07,9155,2015-04-09,0055,18256,,4,3,9,0600,0,1,1,,2,052,"RT 5","DELEVAN RD",3960.00,N,N,A,-,Y,COL,3,5,-,R,32.710,H,-,S,Y,3,0,1,1,A,-,01,23152,A,N,E,J,A,A,H,-,D,D,1,,,,,Y,Y,D,22,0,1,0,0,0,0,0,0,0,"- ","- ",39.361040000000003,-122.19222000000001,COLUSA,UNINCORPORATED,-122.19300272,39.361298939999998
6894135,2015,2016-12-17,0601,2015-04-14,1530,6849,A,2,5,2,0601,0,0,0,,0,00A,"RT 20","11TH ST",21.00,E,N,A,-,Y,COL,3,45,-,-,19.910,H,-,N,Y,4,0,1,2,A,-,03,22350,,N,B,C,A,A,G,-,A,D,0,,,,Y,Y,,-,,0,0,1,0,0,0,0,0,0,"- ","- ",,,COLUSA,COLUSA,-122.01586912,39.215876199999997
6894143,2015,2016-09-07,0601,2015-03-28,1955,8330,B,6,5,2,0601,0,0,0,,0,00B,"RT 45","WEBSTER ST",0.00,,Y,A,-,Y,COL,3,20,-,-,32.175,I,5,W,Y,3,0,1,2,A,-,09,21801,A,N,D,C,A,A,H,-,D,D,0,,,,,Y,,A,01,0,1,0,0,0,0,0,0,0,"- ","- ",,,COLUSA,COLUSA,-122.00299077,39.207902189999999
6897139,2015,2015-05-20,9155,2015-04-28,1800,018739,,2,2,9,0600,0,3,5,,2,002,"HANKINS RD","TURNER RD",0.00,,Y,A,-,N,,,,,,,,,,Y,3,0,1,1,A,-,01,23152,A,N,E,I,A,A,H,-,A,D,0,,,,,Y,Y,D,22,0,1,0,0,0,0,0,0,0,"- ","- ",39.130969999999998,-122.17986000000001,COLUSA,UNINCORPORATED,-122.17981985999999,39.130709920000001
6897143,2015,2015-05-20,9155,2015-04-29,1615,012512,,3,2,9,0600,0,3,5,,2,006,"LODOGA STONYFORD RD","N LAKEVIEW RD",0.00,,Y,A,-,N,,,,,,,,,,Y,3,0,1,1,A,-,03,22350,,N,E,I,A,A,H,-,A,A,0,,,,,Y,,D,23,0,1,0,0,0,0,0,0,0,"- ","- ",39.32264,-122.52722,COLUSA,UNINCORPORATED,-122.52768998000001,39.319179990000002
6897147,2015,2016-11-07,9155,2015-05-01,0240,18981,,5,3,9,0600,0,1,1,,2,051,"RT 5","FREEWAY UNDERCROSSING RD",2300.00,N,N,A,-,Y,COL,3,5,-,R,8.120,H,-,S,Y,4,0,1,2,A,-,03,22350,,N,C,C,A,A,H,-,D,D,1,,,,,Y,,A,01,0,0,1,0,0,0,0,0,0,"- ","- ",39.031590000000001,-122.06686999999999,COLUSA,UNINCORPORATED,-122.06559704,39.029814369999997
6897223,2015,2016-11-07,9155,2015-04-27,1750,18739,,1,2,9,0600,0,1,1,,2,051,"RT 5","MYERS RD",1056.00,N,N,A,-,Y,COL,3,5,-,R,13.940,H,-,N,Y,3,0,3,1,A,-,08,22107,,N,F,A,A,A,H,-,A,D,1,,,,,Y,,A,07,0,1,2,0,0,0,0,0,0,"- ","- ",39.104660000000003,-122.11631,COLUSA,UNINCORPORATED,-122.11614032,39.103745009999997
6903280,2015,2015-05-19,0601,2015-04-12,1917,8440,0601,7,5,2,0601,0,0,0,,0,00D,"EAST CARSON ST","BRIDGE ST",115.00,E,N,A,-,N,,,,,,,,,,Y,3,0,1,2,A,-,03,22350,,N,C,C,A,A,H,-,A,D,0,,,,,Y,,A,01,0,1,0,0,0,0,0,0,0,"- ","- ",,,COLUSA,COLUSA,-122.00391999999999,39.205309999999997
6918004,2015,2015-06-16,9155,2015-05-03,1740,017613,,7,2,9,0600,0,3,5,,2,006,"SITES LODOGA RD","PETERSON RD",1584.00,W,N,A,-,N,,,,,,,,,,Y,3,0,3,1,A,-,08,22107,,N,E,I,A,A,H,-,A,D,0,,,,,Y,,D,22,0,3,0,0,0,0,0,0,0,"- ","- ",39.313940000000002,-122.34439,COLUSA,UNINCORPORATED,-122.34333157,39.313475310000001
6918079,2015,2016-11-07,9155,2015-04-07,1010,17062,,2,1,9,0600,0,1,1,,2,052,"RT 5","FRESHWATER RD",4224.00,N,N,A,-,Y,COL,3,5,-,R,20.110,H,-,S,Y,2,0,2,2,A,-,08,22107,,N,C,C,A,A,H,-,A,D,1,,,,Y,Y,,G,25,1,0,1,0,0,0,0,0,0,"- ","- ",39.183129999999998,-122.16473999999999,COLUSA,UNINCORPORATED,-122.16468922999999,39.183053809999997
6918477,2015,2016-06-20,9155,2015-05-05,1620,16445,,2,2,9,0600,0,3,5,,2,005,"KING RD","RT 20",2112.00,N,N,A,-,N,,,,,,,,,,Y,4,0,1,1,A,-,08,22107,,N,F,A,A,A,H,-,A,D,0,,,,,Y,,A,07,0,0,1,0,0,0,0,0,0,"- ","- ",39.14996,-122.26595,COLUSA,UNINCORPORATED,-122.26359057000001,39.148897660000003
6935324,2015,2015-07-16,9155,2015-06-25,2120,019065,,4,2,9,0600,0,3,5,,2,002,"PUTNAM WY","FRONTAGE RD",6336.00,N,N,A,-,N,,,,,,,,,,Y,4,0,1,1,A,-,08,22107,,N,E,J,A,A,H,-,D,D,0,,,,,Y,,A,01,0,0,1,0,0,0,0,0,0,"- ","- ",39.042160000000003,-122.07415,COLUSA,UNINCORPORATED,-122.12214604,39.116539099999997
6936532,2015,2015-06-18,9155,2015-05-20,2200,17613,,3,3,9,0600,0,3,5,,2,004,"SAN JOSE RD","LURLINE AV",10560.00,N,N,A,-,N,,,,,,,,,,Y,4,0,1,1,A,-,01,23152,A,N,E,I,A,A,H,-,D,D,0,,,,,Y,Y,D,22,0,0,1,0,0,0,0,0,0,"- ","- ",39.24727,-122.11620000000001,COLUSA,UNINCORPORATED,-122.11619069,39.246911089999998
6936536,2015,2016-11-07,9155,2015-05-17,1446,19281,,7,2,9,0600,0,1,1,,2,051,"RT 5","HARRINGTON AV",4435.00,S,N,B,-,Y,COL,3,5,-,R,1.460,H,-,N,Y,4,0,2,2,A,-,08,22107,,N,B,C,A,A,H,-,A,D,1,,,,Y,Y,,A,01,0,0,2,0,0,0,0,0,0,"- ","- ",38.946449999999999,-122.01026,COLUSA,UNINCORPORATED,-122.00961402999999,38.945201660000002
6940911,2015,2016-11-01,9155,2015-06-29,0629,016445,,1,1,9,0600,0,1,3,,1,022,"RT 20","WILSON AV",280.00,E,N,A,-,Y,COL,3,20,-,-,29.250,H,-,E,Y,4,0,1,2,A,-,03,22350,,N,C,C,A,A,H,-,A,D,0,,,,Y,Y,,A,01,0,0,1,0,0,0,0,0,0,"- ","- ",39.196820000000002,-122.03682999999999,COLUSA,UNINCORPORATED,-122.03657665,39.196853920000002
6941414,2015,2016-12-17,0601,2015-05-02,1857,8050,0601,6,5,2,0601,0,0,0,,0,00D,"RT 45","SIOC ST",0.00,,Y,A,-,Y,COL,3,20,-,-,32.435,I,5,E,Y,4,0,5,2,A,-,12,21453,A,N,D,C,A,A,H,-,A,A,0,,,,,Y,,A,08,0,0,5,0,0,0,0,0,0,"- ","- ",,,COLUSA,COLUSA,-122.00438864,39.204209339999998
6946611,2015,2016-11-01,9155,2015-06-05,0430,019065,,5,3,9,0600,0,1,3,,2,023,"RT 20","WALNUT DR",27456.00,W,N,A,-,Y,COL,3,20,-,-,8.070,H,-,E,Y,4,0,1,2,A,-,05,21460,A,N,B,C,A,A,H,-,D,D,0,,,,Y,Y,,B,07,0,0,1,0,0,0,0,0,0,"- ","- ",39.071950000000001,-122.34649,COLUSA,UNINCORPORATED,-122.34668238,39.074613530000001
6947692,2015,2016-11-01,0601,2015-05-06,0907,8441,601,3,5,2,0601,0,0,0,,0,00B,"RT 20","3RD ST",21.00,E,N,A,-,Y,COL,3,20,-,-,31.630,H,-,W,Y,4,0,1,2,A,-,03,22350,,N,C,C,A,A,H,-,A,D,0,,,,,Y,,A,01,0,0,1,0,0,0,0,0,0,"- ","- ",,,COLUSA,COLUSA,-122.00506869,39.213388520000002
6949040,2015,2016-11-01,9155,2015-06-10,1748,017613,,3,2,9,0600,0,1,3,,2,023,"RT 20","E ST",3168.00,W,N,A,-,Y,COL,3,20,-,T,20.090,H,-,E,Y,3,0,1,1,A,-,08,22107,,N,E,I,A,A,H,-,A,D,0,,,,,Y,,D,22,0,1,0,0,0,0,0,0,0,"- ","- ",39.152720000000002,-122.18173,COLUSA,UNINCORPORATED,-122.18222428999999,39.152587799999999
6950255,2015,2015-07-11,9155,2015-06-09,1310,017062,,2,1,9,0600,0,3,5,,2,005,"OLD HWY 99W","NORTH ST",528.00,N,N,A,-,N,,,,,,,,,,Y,4,0,1,1,A,-,08,22107,,N,E,I,A,A,H,-,A,D,0,,,,,Y,,D,22,0,0,1,0,0,0,0,0,0,"- ","- ",39.282020000000003,-122.19158,COLUSA,UNINCORPORATED,-122.19164378000001,39.281263279999997
6953673,2015,2016-11-07,9155,2015-05-30,1317,019447,,6,1,2,0602,0,1,1,,2,051,"RT 5","HAHN RD",6864.00,N,N,A,-,Y,COL,3,5,-,R,11.770,H,-,S,Y,2,0,3,2,A,-,08,22107,,N,A,C,A,A,H,-,A,D,1,,,,,Y,,A,01,1,1,1,0,0,0,0,0,0,"- ","- ",39.07103,-122.09292000000001,COLUSA,WILLIAMS,-122.09641123999999,39.0765332
6955763,2015,2016-11-01,9155,2015-06-06,1225,018981,,6,1,9,0600,0,1,3,,2,023,"RT 20","E CAMP RD",2112.00,E,N,A,-,Y,COL,3,20,-,-,18.590,H,-,E,Y,4,0,1,1,A,-,08,22107,,N,E,I,A,A,H,-,A,D,0,,,,,Y,,A,07,0,0,1,0,0,0,0,0,0,"- ","- ",39.152740000000001,-122.21093,COLUSA,UNINCORPORATED,-122.20992857,39.15277382
6957074,2015,2015-09-15,0601,2015-04-19,2208,8440,0601,7,5,2,0601,0,0,0,,0,00E,"SIOC ST","8TH ST",38.00,W,N,A,-,N,,,,,,,,,,N,4,0,4,2,A,-,03,22350,,N,C,D,A,A,H,-,D,A,0,,,,,Y,,A,01,0,0,4,0,0,0,0,0,0,"- ","- ",,,COLUSA,COLUSA,-122.01523822,39.206930659999998
6960147,2015,2016-11-07,9155,2015-06-04,1500,17279,,4,2,9,0600,0,1,1,,2,051,"RT 5","COUNTY LINE RD",3696.00,N,N,A,-,Y,COL,3,5,-,R,0.700,H,-,S,Y,4,0,1,2,A,-,08,22107,,N,B,C,A,A,H,-,A,D,1,,,,,Y,,A,01,0,0,1,0,0,0,0,0,0,"- ","- ",38.93618,-122.00403,COLUSA,UNINCORPORATED,-122.00361556999999,38.93520032
6960665,2015,2016-06-20,9155,2015-06-14,2500,016445,,7,4,9,0600,0,3,5,,2,004,"HARBISON RD","RT 45",5808.00,W,N,A,-,N,,,,,,,,,,Y,4,0,1,1,A,-,08,22107,,N,F,A,A,A,H,-,B,D,0,,,,,Y,,D,22,0,0,1,0,0,0,0,0,0,"- ","- ",39.243299999999998,-122.05206,COLUSA,UNINCORPORATED,-122.05173056,39.243384919999997
6961354,2015,2016-12-17,0601,2015-05-17,0944,8440,0601,7,5,2,0601,0,0,0,,0,00C,"RT 45","CARSON ST",154.00,S,N,A,-,Y,COL,3,20,-,-,32.400,H,-,E,N,4,0,1,2,A,-,09,21801,A,N,D,C,A,A,H,-,A,A,0,,,Y,,Y,,A,01,0,0,1,0,0,0,0,0,1,"- ","- ",,,COLUSA,COLUSA,-122.00420216000001,39.204707589999998
6965163,2015,2016-11-07,9155,2015-06-19,1154,012512,,5,1,9,0600,0,1,1,,2,052,"RT 5","FAIRVIEW RD",0.00,N,N,A,-,Y,COL,3,5,-,R,25.060,H,-,S,Y,3,0,1,1,C,-,18,,,N,E,I,A,A,H,-,A,A,1,,,,,Y,,-,"- ",0,1,0,0,0,0,0,0,0,"- ","- ",39.252369999999999,-122.18245,COLUSA,UNINCORPORATED,-122.18228937000001,39.252116170000001
6965214,2015,2016-06-08,9155,2015-06-11,0435,19718,,4,3,9,0600,0,2,4,,2,010,"LONE STAR RD","ABEL RD",0.00,,Y,A,-,N,,,,,,,,,,Y,4,0,4,2,A,-,12,22450,A,N,D,C,A,A,H,-,D,A,0,,,,,Y,,A,07,0,0,4,0,0,0,0,0,0,"- ","- ",39.144979999999997,-122.07866,COLUSA,UNINCORPORATED,-122.07861990000001,39.144969969999998
6965218,2015,2016-11-07,9155,2015-06-19,0425,19065,,5,3,9,0600,0,1,1,,2,052,"RT 5","FRESHWATER RD",300.00,S,N,A,-,Y,COL,3,5,-,R,19.200,H,-,N,Y,4,0,1,1,A,-,08,22107,,N,E,I,A,A,H,-,D,D,1,,,,,Y,,A,01,0,0,1,0,0,0,0,0,0,"- ","- ",39.172809999999998,-122.15346,COLUSA,UNINCORPORATED,-122.15368468,39.172996240000003
6967505,2015,2015-07-01,0602,2015-06-06,1747,P32,,6,5,2,0602,0,0,0,,0,,"HUSTED RD","ELLA ST",29.00,N,N,A,-,N,,,,,,,,,,Y,3,0,1,1,A,-,01,23152,A,N,E,I,A,A,H,-,A,D,0,,,,,Y,Y,A,01,0,1,0,0,0,0,0,0,0,"- ","- ",,,COLUSA,WILLIAMS,-122.13261973,39.162329649999997
6969949,2015,2016-06-13,9155,2015-06-17,1740,018981,,3,2,9,0600,0,2,4,,2,011,"OLD HWY 99W","FREEWAY UNDERCROSSING RD",0.00,,Y,A,-,N,,,,,,,,,,Y,4,0,1,2,A,-,09,21802,A,N,D,C,A,A,H,-,A,D,0,,,,,Y,,D,22,0,0,1,0,0,0,0,0,0,"- ","- ",39.024470000000001,-122.06153999999999,COLUSA,UNINCORPORATED,-122.06151988000001,39.024509960000003
6972850,2015,2016-11-01,9155,2015-06-21,1910,017613,,7,2,9,0600,0,1,3,,2,023,"RT 20","COLUSA/LAKE COUNTY LINE",7920.00,E,N,A,-,Y,COL,3,20,-,-,1.490,H,-,E,Y,3,0,6,3,A,-,03,22350,,N,C,C,A,A,H,-,A,D,0,,,,,Y,,A,01,0,1,5,0,0,0,0,0,0,"- ","- ",39.00911,-122.39081,COLUSA,UNINCORPORATED,-122.3908344,39.009177909999998
6999154,2015,2017-01-14,0602,2015-07-02,1700,P32,2,4,5,2,0602,0,0,0,,0,,"RT 20","RT 5",0.00,,Y,A,-,Y,COL,3,20,-,R,22.240,H,-,E,Y,4,0,4,2,A,-,09,21801,A,N,A,C,A,A,H,-,A,D,0,,,,,Y,,A,01,0,0,4,0,0,0,0,0,0,"- ",NO,,,COLUSA,WILLIAMS,-122.14806851,39.167518000000001
7001512,2015,2015-07-28,9155,2015-07-13,0955,017613,,1,1,9,0600,0,3,5,,2,002,"PUTNAM WY","HALL ST",0.00,,Y,A,-,N,,,,,,,,,,N,4,0,1,2,A,-,09,21802,A,N,D,C,A,A,H,-,A,A,0,,,,,Y,,A,01,0,0,1,0,0,0,0,0,0,"- ","- ",39.01681,-122.05896,COLUSA,UNINCORPORATED,-122.05898992,39.016829909999998
7002337,2015,2016-12-17,0601,2015-05-01,2210,8050,0601,5,5,2,0601,0,0,0,,0,00F,"RT 45","WESCOTT RD",0.00,,Y,A,-,Y,COL,3,20,-,-,32.505,I,5,W,N,2,0,1,2,A,-,00,21965,A,N,G,B,E,A,H,-,D,D,0,Y,,,,Y,,N,60,1,0,0,0,1,0,0,0,0,"- ","- ",,,COLUSA,COLUSA,-122.00456631,39.203200379999998
7005932,2015,2017-01-12,9155,2015-07-13,1340,017963,,1,1,9,0600,0,1,3,,1,016,"RT 16","RT 20",32736.00,E,N,A,-,Y,COL,3,16,-,-,6.160,H,-,W,Y,3,0,2,1,A,-,08,22107,,N,E,J,A,A,H,-,A,D,0,,,,,Y,,A,01,0,1,1,0,0,0,0,0,0,"- ","- ",38.937849999999997,-122.33745999999999,COLUSA,UNINCORPORATED,-122.33777422999999,38.938041159999997
7012309,2015,2017-01-23,9155,2015-07-03,1745,018981,,5,2,9,0600,0,1,1,,2,052,"RT 5","N MAXWELL",20.00,S,N,A,-,Y,COL,3,5,-,R,29.248,H,-,N,Y,4,0,1,1,A,-,08,22107,,N,E,I,A,A,H,-,A,D,1,,,,,Y,,A,07,0,0,1,0,0,0,0,0,0,"- ","- ",39.311909999999997,-122.19109,COLUSA,UNINCORPORATED,-122.19120565,39.311917649999998
7017817,2015,2015-08-18,9155,2015-07-29,1520,017279,,3,2,9,0600,0,3,5,,2,001,"TULE RD","TRAYNHAM RD",528.00,E,N,A,-,N,,,,,,,,,,Y,2,0,1,1,A,-,08,22107,,N,F,A,A,A,H,-,A,D,0,,,,,Y,,A,01,1,0,0,0,0,0,0,0,0,"- ","- ",39.012889999999999,-121.97793,COLUSA,UNINCORPORATED,-121.97867131,39.012854300000001
7022076,2015,2015-08-19,9155,2015-07-25,1805,018981,,6,2,9,0600,0,3,5,,2,006,"HUFFMASTER RD","ANTELOPE CREEK",7920.00,S,N,A,-,N,,,,,,,,,,Y,4,0,1,1,A,-,03,22350,,N,F,A,A,A,H,-,A,D,0,,,,,Y,,A,07,0,0,1,0,0,0,0,0,0,"- ","- ",39.223030000000001,-122.39172000000001,COLUSA,UNINCORPORATED,-122.39170169,39.222877439999998
7022137,2015,2017-01-23,9155,2015-07-25,0900,16541,,6,1,9,0600,0,1,1,,2,051,"RT 5","HAHN RD",2640.00,S,N,A,-,Y,COL,3,5,-,R,9.810,H,-,S,Y,4,0,1,1,A,-,08,22107,,N,E,I,A,A,H,-,A,A,1,,,,,Y,,A,01,0,0,1,0,0,0,0,0,0,"- ","- ",39.050989999999999,-122.08009,COLUSA,UNINCORPORATED,-122.08037005,39.051343660000001
7041284,2015,2017-01-23,9155,2015-08-18,2130,018739,,2,2,9,0600,0,1,1,,2,052,"RT 5","LENAHAN RD",5280.00,S,N,A,-,Y,COL,3,5,-,R,29.850,H,-,S,N,4,0,2,2,A,-,03,22350,,N,C,C,A,A,H,-,D,D,1,,,,,Y,,A,01,0,0,2,0,0,0,0,0,0,"- ","- ",39.323889999999999,-122.19479,COLUSA,UNINCORPORATED,-122.19483741000001,39.31977045
7041288,2015,2015-09-10,9155,2015-08-21,0340,019718,,5,3,9,0600,0,3,5,,2,004,"NORMAN RD","COUNTY ROAD 68",200.00,E,N,A,-,N,,,,,,,,,,Y,4,0,1,1,A,-,03,22350,,N,E,I,A,A,H,-,C,D,0,,,,,Y,,A,01,0,0,1,0,0,0,0,0,0,"- ","- ",39.406269999999999,-122.13612000000001,COLUSA,UNINCORPORATED,-122.13618466,39.406858249999999
7041308,2015,2015-09-10,9155,2015-08-16,1600,017963,,7,2,9,0600,0,3,5,,2,002,"SAND CREEK RD","COLD SPRINGS",3168.00,E,N,A,-,N,,,,,,,,,,N,2,0,1,1,A,-,08,22107,,N,F,A,A,A,H,-,A,D,0,,,Y,,Y,Y,C,06,1,0,0,0,0,0,0,0,1,"- ","- ",38.939050000000002,-122.24975000000001,COLUSA,UNINCORPORATED,-122.24975000000001,38.939050000000002
7041312,2015,2017-01-14,9155,2015-08-16,1705,017062,,7,2,9,0600,0,1,3,,2,023,"RT 20","WALNUT DR",14626.00,W,N,A,-,Y,COL,3,20,-,-,10.500,H,-,E,Y,4,0,1,1,A,-,08,22107,,N,E,I,A,A,H,-,A,D,0,,,,,Y,,A,08,0,0,1,0,0,0,0,0,0,"- ","- ",39.102739999999997,-122.33508,COLUSA,UNINCORPORATED,-122.32787976,39.104149390000003
7044459,2015,2015-09-09,0602,2015-08-06,0245,P45,,4,5,2,0602,0,0,0,,0,,"VANN ST","HOPKINS DR",0.00,,Y,A,-,N,,,,,,,,,,Y,3,0,2,1,A,-,00,23104,A,N,F,I,A,A,A,H,C,A,0,,,,,Y,,A,01,0,2,0,0,0,0,0,0,0,"- ","- ",,,COLUSA,WILLIAMS,-122.13656989,39.152669920000001
7050096,2015,2017-01-13,0602,2015-08-26,1440,P43,3,3,5,2,0602,0,0,0,,0,,"HUSTED RD","OLD HWY 99W",0.00,,Y,A,-,Y,COL,3,20,-,T,23.177,I,5,E,N,3,0,2,2,A,-,09,21802,A,N,A,C,A,A,H,-,A,A,0,,,,,Y,,A,01,0,1,1,0,0,0,0,0,0,"- ","- ",,,COLUSA,WILLIAMS,-122.13283595,39.174090020000001
7054270,2015,2017-01-14,0601,2015-09-07,2019,8330,0601,1,5,2,0601,0,0,0,,0,00A,"RT 20","10TH ST",193.00,E,N,A,-,Y,COL,3,20,-,-,31.130,H,-,W,Y,4,0,1,1,A,-,01,23152,E,N,E,I,A,A,H,-,C,D,0,,,,,Y,,A,01,0,0,1,0,0,0,0,0,0,"- ","- ",,,COLUSA,COLUSA,-122.014055,39.215461640000001
7060945,2015,2015-11-20,9155,2015-09-25,1500,018981,,5,2,9,0600,0,3,5,,2,006,"BEAR VALLEY RD","RT 20",6336.00,N,N,A,-,N,,,,,,,,,,Y,4,0,2,1,A,-,03,22350,,N,F,A,A,A,H,-,A,D,0,,,,,Y,,B,08,0,0,2,0,0,0,0,0,0,"- ","- ",39.014719999999997,-122.38079999999999,COLUSA,UNINCORPORATED,-122.38092179,39.01471274
7060946,2015,2017-01-14,9155,2015-09-21,0733,017613,,1,1,9,0600,0,1,3,,2,023,"RT 20","WALNUT DR",7920.00,W,N,A,-,Y,COL,3,20,-,-,11.710,H,-,E,Y,3,0,1,1,C,-,18,,,N,E,I,A,D,B,-,A,D,0,,,,,Y,,-,"- ",0,1,0,0,0,0,0,0,0,"- ","- ",39.106450000000002,-122.31202,COLUSA,UNINCORPORATED,-122.30833876,39.107485820000001
7060947,2015,2017-01-14,9155,2015-09-15,1155,018981,,2,1,9,0600,0,1,3,,2,023,"RT 20","WALNUT DR",6336.00,W,N,A,-,Y,COL,3,20,-,-,12.070,H,-,E,Y,4,0,1,1,A,-,08,22107,,N,E,J,A,A,H,-,A,D,0,,,Y,,Y,,C,02,0,0,1,0,0,0,0,0,1,"- ","- ",39.107509999999998,-122.30652000000001,COLUSA,UNINCORPORATED,-122.30329458,39.110020970000001
7060948,2015,2017-01-14,9155,2015-09-26,1515,019164,,6,2,9,0600,0,1,3,,1,022,"RT 20","WILSON AV",0.00,,Y,A,-,Y,COL,3,20,-,-,29.195,I,5,W,Y,2,0,4,2,A,-,09,21801,A,N,D,C,A,A,H,-,A,D,0,,,,,Y,,A,01,1,2,1,0,0,0,0,0,0,"- ","- ",39.196629999999999,-122.03743,COLUSA,UNINCORPORATED,-122.03750127000001,39.19656406
7061464,2015,2017-01-14,9155,2015-09-16,0715,017613,,3,1,9,0600,0,1,3,,2,023,"RT 20","WALNUT DR",8448.00,W,N,B,-,Y,COL,3,20,-,-,11.680,H,-,E,Y,2,0,2,2,A,-,08,22107,,N,A,C,A,A,H,-,A,D,0,,,,Y,Y,,A,01,1,0,1,0,0,0,0,0,0,"- ","- ",39.106090000000002,-122.31269,COLUSA,UNINCORPORATED,-122.30883360999999,39.107408880000001
7061467,2015,2017-01-14,9155,2015-09-19,1028,13855,,6,1,9,0600,0,1,3,,2,023,"RT 20","EAST CAMP RD",90.00,E,N,A,-,Y,COL,3,20,-,-,18.210,H,-,W,Y,4,0,1,3,A,-,03,22350,,N,C,C,A,A,H,-,A,D,0,,,,,Y,,A,01,0,0,1,0,0,0,0,0,0,"- ","- ",39.152880000000003,-122.21639,COLUSA,UNINCORPORATED,-122.21695425,39.152812249999997
7064963,2015,2015-09-17,9155,2015-09-05,1500,19164,,6,2,9,0600,0,3,5,,2,006,"FOREST ROUTE 17N02","LODOGA STONYFORD RD",15.00,W,N,A,-,N,,,,,,,,,,N,2,0,1,1,A,-,03,22350,,N,F,A,A,A,H,-,A,D,0,,,Y,,Y,,C,02,1,0,0,0,0,0,0,0,1,"- ","- ",39.32132,-122.72163,COLUSA,UNINCORPORATED,,
7065415,2015,2017-01-13,9155,2015-08-29,1305,019065,,6,1,9,0600,0,1,1,,2,052,"RT 5","DELEVAN RD",7920.00,N,N,A,-,Y,COL,3,5,-,R,33.350,H,-,S,Y,4,0,1,1,A,-,08,22107,,N,E,I,A,A,H,-,A,D,1,,,,,Y,,D,22,0,0,1,0,0,0,0,0,0,"- ","- ",39.369439999999997,-122.19316000000001,COLUSA,UNINCORPORATED,-122.19308623000001,39.370578760000001
7065416,2015,2017-01-14,9155,2015-08-21,1518,018981,,5,2,9,0600,0,1,3,,1,022,"RT 20","WILL S GREEN RD",260.00,W,N,A,-,Y,COL,3,20,-,-,30.020,H,-,E,Y,4,0,1,1,A,-,08,22107,,N,E,I,A,A,H,-,A,D,0,,,,,Y,,A,01,0,0,1,0,0,0,0,0,0,"- ","- ",39.201929999999997,-122.02355,COLUSA,UNINCORPORATED,-122.02406504,39.201785219999998
7070517,2015,2017-01-14,0602,2015-08-31,0905,P46,2,1,5,2,0602,0,0,0,,0,,"RT 20","HUSTED RD",0.00,,Y,A,-,Y,COL,3,20,-,T,23.177,I,5,E,N,4,0,1,2,A,-,09,21801,A,N,D,C,A,A,H,-,A,A,0,,,,,Y,,-,,0,0,1,0,0,0,0,0,0,"- ","- ",,,COLUSA,WILLIAMS,-122.13283595,39.174090020000001
7076587,2015,2015-09-19,0602,2015-09-03,1745,P43,3,4,5,2,0602,0,0,0,,0,,"7TH ST","E ST",0.00,,Y,A,-,N,,,,,,,,,,Y,4,0,1,2,A,-,10,21950,,N,G,B,B,A,H,-,A,A,0,Y,,,,Y,,A,01,0,0,1,0,1,0,0,0,0,"- ","- ",,,COLUSA,WILLIAMS,-122.14964000000001,39.154619910000001
7097106,2015,2015-10-16,0602,2015-09-27,0640,P46,3,7,5,2,0602,0,0,0,,0,,"9TH ST","F ST",125.00,N,N,A,-,N,,,,,,,,,,N,3,0,2,1,A,-,03,22350,,N,E,I,A,A,H,-,A,D,0,,,,,Y,,A,01,0,2,0,0,0,0,0,0,0,"- ","- ",,,COLUSA,WILLIAMS,-122.1515017,39.152817679999998
7098801,2015,2015-10-26,0601,2015-09-29,0805,6849,0601,2,5,2,0601,0,0,0,,0,00B,"PARKHILL ST","3RD ST",0.00,,Y,A,-,N,,,,,,,,,,N,3,0,1,2,A,-,09,21802,A,N,H,G,A,A,H,-,A,A,0,,Y,,,Y,,D,22,0,1,0,0,0,0,1,0,0,"- ","- ",,,COLUSA,COLUSA,-122.0066899,39.209849920000003
7114054,2015,2017-02-04,0601,2015-10-01,0559,8437,0601,4,5,2,0601,0,0,0,,0,00D,"RT 45","SIOC ST",0.00,,Y,C,-,Y,COL,3,20,-,-,31.841,I,5,W,N,4,0,1,2,A,-,10,21950,A,N,G,B,B,B,H,-,C,A,0,Y,,,,Y,,D,22,0,0,1,0,1,0,0,0,0,"- ","- ",,,COLUSA,COLUSA,-122.00131727,39.212455050000003
7119031,2015,2015-12-04,9155,2015-11-14,1834,19718,,6,2,9,0600,0,3,5,,2,002,"HANKINS RD","DAVIS RD",3590.00,S,N,B,-,N,,,,,,,,,,Y,3,0,1,1,A,-,01,23152,A,N,E,I,A,A,H,-,D,D,0,,,,,Y,Y,D,22,0,1,0,0,0,0,0,0,0,"- ","- ",39.143210000000003,-122.17523,COLUSA,UNINCORPORATED,-122.16569,39.145200000000003
7132343,2015,2017-02-04,0602,2015-11-27,1424,C1,2,5,5,2,0602,0,0,0,,0,,"RT 20","RT 5",0.00,,Y,A,-,Y,COL,3,20,-,R,21.997,I,5,W,N,3,0,3,2,A,-,01,23152,A,N,D,C,A,A,H,-,A,A,0,,,,,Y,Y,D,22,0,3,0,0,0,0,0,0,0,"- ","- ",,,COLUSA,WILLIAMS,-122.15198734000001,39.165846049999999
7141687,2015,2016-01-05,9155,2015-12-20,0715,17062,,7,1,9,0600,0,3,5,,2,004,"LURLINE AV","TWO MILE RD",0.00,,Y,B,C,N,,,,,,,,,,N,3,0,1,1,A,-,03,22350,,N,E,I,A,D,H,-,A,A,0,,,,,Y,,D,22,0,1,0,0,0,0,0,0,0,"- ","- ",39.218339999999998,-122.15322999999999,COLUSA,UNINCORPORATED,-122.15314995999999,39.218329990000001
7141799,2015,2015-12-30,9155,2015-12-20,1725,018139,,7,2,9,0600,0,3,5,,2,001,"6TH ST","GAIL AV",0.00,,Y,C,-,N,,,,,,,,,,Y,3,0,1,1,A,-,01,23152,A,N,E,I,A,B,H,-,D,D,0,,,,,Y,Y,A,01,0,1,0,0,0,0,0,0,0,"- ","- ",39.020299999999999,-122.0605,COLUSA,UNINCORPORATED,-122.06047991,39.020239889999999
7144855,2015,2016-01-13,9155,2015-12-24,0625,016541,,4,1,9,0600,0,3,5,,2,003,"GRIDLEY RD","RIVER RD",2640.00,E,N,B,-,N,,,,,,,,,,Y,2,0,2,1,A,-,08,22107,,N,F,A,A,B,H,-,D,D,0,,,,,Y,,D,23,1,0,1,0,0,0,0,0,0,"- ","- ",39.344529999999999,-121.99401,COLUSA,UNINCORPORATED,-121.99476573,39.344518829999998
7147910,2015,2017-02-04,0601,2015-12-15,1715,8441,0601,2,5,2,0601,0,0,0,,0,00F,"BRIDGE ST","WESCOTT RD",0.00,,Y,B,-,Y,COL,3,20,-,-,32.505,I,5,W,N,4,0,1,2,A,-,11,21956,A,N,A,B,D,A,H,-,D,D,0,Y,,,,Y,,N,60,0,0,1,0,1,0,0,0,0,"- ","- ",,,COLUSA,COLUSA,-122.00456631,39.203200379999998
7150263,2015,2017-02-04,0602,2015-12-27,1140,P46,2,7,5,2,0602,0,0,0,,0,,"RT 20","RT 5",0.00,,Y,A,-,Y,COL,3,20,-,R,21.997,I,5,E,N,2,0,3,2,A,-,00,21082,A,N,D,E,A,A,H,-,A,A,0,,,,,Y,,D,22,1,1,1,0,0,0,0,0,0,"- ","- ",,,COLUSA,WILLIAMS,-122.151985,39.165843639999999
7156192,2015,2016-01-14,0601,2015-12-22,1417,6849,0601,2,5,2,0601,0,0,0,,0,00A,"CLAY ST","10TH ST",70.00,E,N,A,-,N,,,,,,,,,,Y,3,0,1,1,A,-,05,21650,,N,A,I,A,A,H,-,A,D,0,,,,,Y,,A,07,0,1,0,0,0,0,0,0,0,"- ","- ",,,COLUSA,COLUSA,-122.01553392,39.212853199999998
7184723,2016,2016-02-25,0601,2016-01-20,1045,6849,0601,3,5,2,0601,0,0,0,,0,00C,"10TH ST","WEBSTER ST",0.00,,Y,B,-,N,,,,,,,,,,Y,3,0,1,2,A,-,09,21802,A,N,D,C,A,A,H,-,A,A,0,,,,,Y,,A,01,0,1,0,0,0,0,0,0,0,"- ","- ",,,COLUSA,COLUSA,-122.01644989,39.211129919999998
7195562,2016,2017-02-11,0601,2016-02-08,1436,8441,0601,1,5,2,0601,0,0,0,,0,00F,"SIOC ST","RT 45",0.00,,Y,A,-,Y,COL,3,20,-,-,32.435,I,5,W,N,4,0,1,2,A,-,03,22350,,N,C,C,A,A,H,-,A,A,0,,,,,Y,,A,07,0,0,1,0,0,0,0,0,0,"- ","- ",,,COLUSA,COLUSA,-122.00439153000001,39.204210289999999
7198039,2016,2016-03-11,0601,2016-02-12,1223,8441,0601,5,5,2,0601,0,0,0,,0,00D,"FREMONT ST","4TH ST",0.00,,Y,A,-,N,,,,,,,,,,Y,4,0,1,2,A,-,03,22350,,N,C,C,A,A,H,-,A,D,0,,,,,Y,,D,72,0,0,1,0,0,0,0,0,0,"- ","- ",,,COLUSA,COLUSA,-122.00897994,39.207419960000003
7198764,2016,2017-02-14,0601,2016-02-05,0807,8441,0601,5,5,2,0601,0,0,0,,0,00E,"10TH ST","HARRIS ST",89.00,N,N,A,-,Y,COL,3,20,-,-,30.480,H,-,E,Y,4,0,1,1,A,-,05,21650,A,N,A,I,A,A,H,-,A,D,0,,,,,Y,,A,01,0,0,1,0,0,0,0,0,0,"- ","- ",,,COLUSA,COLUSA,-122.01807875,39.207027779999997
7200094,2017,2017-05-18,0601,2017-03-31,1508,8443,0601,5,5,2,0601,0,0,0,,0,00C,"10TH ST","FREMONT ST",0.00,,Y,A,-,Y,COL,3,20,-,-,30.639,I,5,E,Y,1,1,4,2,A,-,05,21650,,N,A,C,A,A,H,-,A,D,0,,,,,Y,,A,01,0,4,0,0,0,0,0,0,0,"- ","- ",,,COLUSA,COLUSA,-122.01720345,39.20925476
8063897,2016,2017-02-11,0602,2016-06-11,0625,P49,2,6,5,2,0602,0,0,0,,0,,"RT 20","RT 5",0.00,,Y,A,-,Y,COL,3,20,-,R,0.022,I,5,E,Y,2,0,1,2,A,-,09,21802,A,N,D,C,A,A,H,-,B,A,0,,,,,Y,,A,01,1,0,0,0,0,0,0,0,0,"- ","- ",,,COLUSA,WILLIAMS,-122.40883937,39.011261040000001
8068556,2016,2016-06-23,0602,2016-06-14,1550,P33,3,2,5,2,0602,0,0,0,,0,,"G ST","7TH ST",0.00,,Y,A,-,N,,,,,,,,,,Y,3,0,2,2,A,-,09,21802,A,N,D,C,A,A,H,-,A,A,0,,,,,Y,,A,01,0,1,1,0,0,0,0,0,0,"- ","- ",,,COLUSA,WILLIAMS,-122.14813989,39.152339939999997
8069683,2016,2017-02-11,0602,2016-06-19,1223,P49,2,7,5,2,0602,0,0,0,,0,,"RT 20","RT 5",0.00,,Y,A,-,Y,COL,3,20,-,R,22.244,I,5,E,Y,2,0,3,2,A,-,09,21802,A,N,D,C,A,A,H,-,A,A,0,,,,,Y,,A,07,1,1,1,0,0,0,0,0,0,"- ",NF,,,COLUSA,WILLIAMS,-122.14800294,39.167545660000002
8072017,2016,2016-08-08,0601,2016-07-10,1430,8330,0601,7,5,2,0601,0,0,0,,0,00D,"FREMONT ST","5TH ST",0.00,,Y,A,-,N,,,,,,,,,,N,4,0,1,2,A,-,09,21802,,N,D,C,A,A,H,-,A,A,0,,,,,Y,,D,22,0,0,1,0,0,0,0,0,0,"- ","- ",,,COLUSA,COLUSA,-122.01038991,39.207739930000002
8095500,2016,2016-08-02,0602,2016-07-21,2045,P48,4,4,5,2,0602,0,0,0,,0,,"VANN ST","RUGGIERI WY",96.00,N,N,A,-,N,,,,,,,,,,N,3,0,1,1,A,-,03,22350,,N,H,A,A,A,H,-,B,D,0,,Y,,,Y,,L,04,0,1,0,0,0,0,1,0,0,"- ","- ",,,COLUSA,WILLIAMS,-122.14016332,39.157788879999998
8115320,2016,2017-02-28,0602,2016-08-18,0856,P48,2,4,5,2,0602,0,0,0,,0,,"RT 5","RT 20",0.00,,Y,A,-,Y,COL,3,20,-,-,21.997,I,5,E,N,4,0,1,2,A,-,09,21802,A,N,D,C,A,A,H,-,A,A,0,,,,,Y,,A,07,0,0,1,0,0,0,0,0,0,"- ","- ",,,COLUSA,WILLIAMS,-122.15527279,39.16429299
8133957,2016,2017-03-01,0601,2016-09-18,1610,8330,0601,7,5,2,0601,0,0,0,,0,00D,"RT 45","EAST CARSON ST",0.00,,Y,A,-,Y,COL,3,20,-,-,32.370,I,5,W,Y,2,0,1,2,A,-,09,21801,A,N,A,C,A,A,H,-,A,D,0,,,Y,,Y,,A,08,1,0,0,0,0,0,0,0,1,"- ","- ",,,COLUSA,COLUSA,-122.00403724,39.205133060000001
8134812,2016,2017-03-01,0602,2016-09-25,0130,P48,2,7,5,2,0602,0,0,0,,0,,"RT 20","HUSTED RD",0.00,,Y,A,-,Y,COL,3,20,-,-,23.177,I,6,E,Y,3,0,1,2,A,-,01,23152,A,N,E,I,A,A,H,-,C,A,0,,,,,Y,Y,A,01,0,1,0,0,0,0,0,0,0,"- ","- ",,,COLUSA,WILLIAMS,-122.13824762,39.17172712
8142368,2016,2016-11-16,0602,2016-09-14,1316,P32,2,3,5,2,0602,0,0,0,,0,16-491,"OLD HWY 99W","FRESHWATER RD",699.00,S,N,A,-,N,,,,,,,,,,N,4,0,1,1,A,-,03,22350,,N,H,A,A,A,H,-,A,D,0,,,Y,,Y,,C,02,0,0,1,0,0,0,0,0,1,"- ","- ",,,COLUSA,WILLIAMS,-122.15921577,39.172611310000001
8179163,2016,2016-12-07,0601,2016-10-19,1030,6849,0601,3,5,2,0601,0,0,0,,0,00B,"MAIN ST","3RD ST",174.00,W,N,A,-,N,,,,,,,,,,Y,3,0,1,2,A,-,05,21650,,N,B,E,A,A,H,-,A,D,0,,,,,Y,,A,07,0,1,0,0,0,0,0,0,0,"- ","- ",,,COLUSA,COLUSA,-122.0055418,39.214488080000002
8179544,2016,2016-12-12,0602,2016-11-30,0820,P32,4,3,5,2,0602,0,0,0,,0,,"6TH ST","G ST",0.00,,Y,B,-,N,,,,,,,,,,N,4,0,2,2,A,-,09,21802,A,N,D,C,A,A,H,-,A,A,0,,,,,Y,,A,01,0,0,2,0,0,0,0,0,0,"- ","- ",,,COLUSA,WILLIAMS,-122.14686999,39.152849889999999
8280335,2017,2018-02-10,0601,2017-01-03,1620,8446,0601,2,5,2,0601,0,0,0,,0,00C,"RT 45","LAFAYETTE ST",72.00,S,N,C,-,Y,COL,3,20,-,-,32.250,H,-,E,N,4,0,1,2,A,-,03,22350,,N,C,C,A,B,H,-,A,D,0,,,,,Y,,A,01,0,0,1,0,0,0,0,0,0,"- ","- ",,,COLUSA,COLUSA,-122.00339658,39.206838830000002
8283117,2016,2017-01-20,0601,2016-11-29,1213,8437,0601,2,5,2,0601,0,0,0,,0,00D,"1ST ST","CARSON ST",0.00,,Y,A,-,N,,,,,,,,,,Y,4,0,2,2,A,-,09,21800,A,N,D,C,A,A,H,-,A,D,0,,,,,Y,,A,01,0,0,2,0,0,0,0,0,0,"- ","- ",,,COLUSA,COLUSA,-122.00532996,39.205629979999998
8286548,2016,2017-01-31,0601,2016-12-26,1050,8443,0601,1,5,2,0601,0,0,0,,0,00A,"10TH ST","OAK ST",0.00,,Y,A,-,N,,,,,,,,,,Y,4,0,1,2,A,-,03,22350,,N,C,C,A,A,H,-,A,D,0,,,,,Y,,A,01,0,0,1,0,0,0,0,0,0,"- ","- ",,,COLUSA,COLUSA,-122.01543995999999,39.213799989999998
8289238,2017,2017-01-26,0602,2017-01-13,1450,P51,1,5,5,2,0602,0,0,0,,0,,"NORTH VIRGINIA WY","NORTH ST",124.00,N,N,A,-,N,,,,,,,,,,N,4,0,1,2,A,-,06,21755,A,N,D,C,A,A,H,-,A,D,0,,,,,Y,,A,01,0,0,1,0,0,0,0,0,0,"- ","- ",,,COLUSA,WILLIAMS,-122.16107,39.159990559999997
8289658,2017,2017-12-27,0602,2017-01-16,1500,P48,2,1,5,2,0602,0,0,0,,0,,"RT 20","RT 5",0.00,,Y,A,-,N,,,,,,,,,,N,3,0,5,2,A,-,12,22450,A,N,D,D,A,A,H,-,A,A,0,,,,,Y,,-,,0,4,1,0,0,0,0,0,0,"- ",NF,,,COLUSA,WILLIAMS,-122.15012987999999,39.166609909999998
8289666,2017,2018-02-10,0601,2017-01-10,1345,8446,0601,2,5,2,0601,0,0,0,,0,00B,"RT 20","4TH ST",0.00,,Y,B,C,Y,COL,3,20,-,-,31.545,I,5,E,Y,4,0,1,2,A,-,09,21801,A,N,D,C,A,B,H,-,A,D,0,,,,,Y,,A,01,0,0,1,0,0,0,0,0,0,"- ","- ",,,COLUSA,COLUSA,-122.00659618,39.213741020000001
8302808,2017,2018-02-10,0601,2017-01-20,1800,8050,0601,5,5,2,0601,0,0,0,,0,004,"BRIDGE ST","WESCOTT RD",0.00,,Y,A,-,Y,COL,3,20,-,-,32.505,I,5,E,Y,4,0,1,2,A,-,09,21801,A,N,D,C,A,A,H,-,C,D,0,,,,,Y,,-,"- ",0,0,1,0,0,0,0,0,0,"- ","- ",,,COLUSA,COLUSA,-122.00456464,39.203200299999999
8317664,2017,2017-03-06,0601,2017-02-03,0930,8441,0601,5,5,2,0601,0,0,0,,0,00D,"BRIDGE ST","EAST CARSON ST",6.00,S,N,B,-,N,,,,,,,,,,Y,3,0,1,2,A,-,05,21650,,N,C,E,A,B,H,-,A,D,0,,,,,Y,,A,01,0,1,0,0,0,0,0,0,0,"- ","- ",,,COLUSA,COLUSA,-122.00392592999999,39.205294180000003
8323499,2017,2017-03-15,0601,2017-02-12,1502,8441,0601,7,5,2,0601,0,0,0,,0,00D,"1ST ST","CARSON ST",0.00,,Y,-,-,N,,,,,,,,,,N,4,0,1,2,A,-,03,22350,,N,-,-,A,-,-,-,-,-,0,,,,,Y,,-,"- ",0,0,1,0,0,0,0,0,0,"- ","- ",,,COLUSA,COLUSA,-122.00532996,39.205629979999998
8333309,2016,2017-05-11,0602,2016-08-04,1930,,,4,5,2,0602,0,0,0,,0,,"CRAWFORD RD","OLD HWY 99W",0.00,,Y,B,-,N,,,,,,,,,,Y,4,0,1,2,A,-,09,21802,A,N,D,C,A,A,H,-,A,A,0,,,,,Y,,A,01,0,0,1,0,0,0,0,0,0,"- ","- ",39.14132,-122.13849,COLUSA,WILLIAMS,-122.13846989,39.141319950000003
8336026,2017,2018-02-12,0601,2017-03-25,2211,8050,0601,6,5,2,0601,0,0,0,,0,00E,"RT 20","FAIRGROUNDS EXIT",0.00,,N,A,-,Y,COL,3,20,-,-,30.400,I,5,E,Y,4,0,2,2,A,-,09,21804,A,M,D,C,A,A,H,-,D,A,0,,,,,Y,,D,22,0,0,2,0,0,0,0,0,0,"- ","- ",,,COLUSA,COLUSA,-122.01897786000001,39.206038530000001
8358763,2017,2018-04-24,0602,2017-04-27,1210,P49,1,4,5,2,0602,0,0,0,,0,,"RT 20","N VIRGINIA WY",0.00,,Y,A,-,Y,COL,3,20,-,R,21.414,H,-,W,N,4,0,1,2,A,-,04,21703,,N,C,C,A,A,H,-,A,D,0,,,,,Y,,A,01,0,0,1,0,0,0,0,0,0,"- ","- ",,,COLUSA,WILLIAMS,-122.16093429,39.161122560000003
8373277,2017,2017-06-06,0602,2017-05-24,0824,P5,3,3,5,2,0602,0,0,0,,0,,"E ST","7TH ST",6.00,E,N,A,-,N,,,,,,,,,,N,3,0,1,2,A,-,10,21950,A,N,G,B,B,A,H,-,A,A,0,Y,,,,Y,,A,01,0,1,0,0,1,0,0,0,0,"- ","- ",,,COLUSA,WILLIAMS,-122.14962125,39.154627650000002
8402418,2017,2017-07-17,0601,2017-06-18,2245,8330,0601,7,5,2,0601,0,0,0,,0,00A,"MAIN ST","10TH ST",196.00,W,N,A,-,N,,,,,,,,,,Y,4,0,1,2,A,-,01,23152,A,N,B,E,A,A,H,-,D,D,0,,,,,Y,Y,A,01,0,0,1,0,0,0,0,0,0,"- ","- ",,,COLUSA,COLUSA,-122.01506628999999,39.216675279999997
8404385,2017,2017-07-28,0602,2017-06-21,1045,P5,3,3,5,2,0602,0,0,0,,0,,"8TH ST","F ST",130.00,N,N,A,-,N,,,,,,,,,,N,1,1,0,2,A,-,21,22106,,N,G,B,E,A,H,-,A,D,0,Y,,,,Y,,-,,0,0,0,1,0,0,0,0,0,"- ","- ",,,COLUSA,WILLIAMS,-122.15031953,39.153311459999998
8407967,2017,2018-04-09,0602,2017-06-21,0625,P5,2,3,5,2,0602,0,0,0,,0,,"E ST","RT 5",0.00,,Y,A,-,Y,COL,3,5,-,R,18.116,R,4,N,N,4,0,1,2,A,-,08,22107,,N,B,C,A,A,G,-,A,D,0,,,Y,Y,Y,,G,25,0,0,1,0,0,0,0,0,1,"- ",NO,,,COLUSA,WILLIAMS,-122.14504606,39.158775849999998
8458989,2017,2018-05-04,0602,2017-09-19,1452,P32,,2,5,2,0602,0,0,0,,0,,"RT 99","HUSTED RD",0.00,,Y,A,-,N,,,,,,,,,,Y,4,0,1,2,A,-,05,21752,B,N,B,C,A,A,H,-,A,A,0,,,,Y,Y,,A,07,0,0,1,0,0,0,0,0,0,"- ","- ",,,COLUSA,WILLIAMS,-122.13279962999999,39.132640180000003
8482667,2017,2017-11-17,0601,2017-10-13,1326,8447,0601,5,5,2,0601,0,0,0,,0,00B,"4TH ST","OAK ST",0.00,,Y,A,-,N,,,,,,,,,,N,4,0,1,2,A,-,09,21802,A,N,D,C,A,A,H,-,A,A,0,,,,,Y,,M,96,0,0,1,0,0,0,0,0,0,"- ","- ",,,COLUSA,COLUSA,-122.00727992,39.21193993
8500576,2017,2018-07-09,0602,2017-11-22,0710,P48,2,3,5,2,0602,0,0,0,,0,,"RT 20","RT 5",0.00,,Y,B,E,Y,COL,3,20,-,R,22.244,I,5,E,Y,2,0,4,2,A,-,09,21802,A,N,D,C,A,D,G,-,B,A,0,,,,,Y,,D,22,1,0,3,0,0,0,0,0,0,"- ","- ",,,COLUSA,WILLIAMS,-122.14800294,39.167545660000002
8504900,2017,2018-07-09,0601,2017-12-07,1710,8050,0601,4,5,2,0601,0,0,0,,0,00C,"RT 20","FREMONT ST",0.00,,Y,A,-,Y,COL,3,20,-,-,30.639,I,5,E,Y,3,0,1,2,A,-,09,21801,A,N,A,C,A,A,H,-,B,D,0,,,,,Y,,A,01,0,1,0,0,0,0,0,0,0,"- ","- ",,,COLUSA,COLUSA,-122.01720345,39.20925476
8528854,2017,2018-01-10,0602,2017-12-05,0715,P55,4,2,5,2,0602,0,0,0,,0,,"WHITE OAK DR","BUTTE VIEW DR",85.00,S,N,A,-,N,,,,,,,,,,Y,4,0,2,2,A,-,05,21650,,N,A,C,A,A,H,-,A,D,0,,,,,Y,,A,01,0,0,2,0,0,0,0,0,0,"- ","- ",,,COLUSA,WILLIAMS,-122.139314,39.152230799999998
8554010,2018,2018-07-31,0601,2018-01-27,1545,6849,601,6,5,2,0601,0,0,0,,0,00F,"RT 20","WESCOTT RD",0.00,,Y,A,-,Y,COL,3,20,-,-,32.505,I,5,E,Y,3,0,1,2,A,-,09,21801,A,N,D,C,A,A,H,-,A,D,0,,,,,Y,,A,01,0,1,0,0,0,0,0,0,0,"- ","- ",,,COLUSA,COLUSA,-122.00456237792969,39.203201293945312
8560757,2018,2018-02-28,0602,2018-01-28,1015,P48,1,7,5,2,0602,0,0,0,,0,,"9TH ST","A ST",191.00,S,N,A,-,N,,,,,,,,,,N,3,0,1,2,A,-,03,22350,,N,E,I,A,A,H,-,A,A,0,,,,,Y,,-,,0,1,0,0,0,0,0,0,0,"- ","- ",,,COLUSA,WILLIAMS,-122.15496063232422,39.157871246337891
8607771,2018,2018-05-18,0601,2018-04-25,1055,8330,0601,3,5,2,0601,0,0,0,,0,,"2ND ST","CARSON ST",0.00,,Y,A,-,N,,,,,,,,,,Y,3,0,2,2,A,-,09,21800,A,N,D,C,A,A,H,-,A,D,0,,,,,Y,,A,01,0,2,0,0,0,0,0,0,0,"- ","- ",,,COLUSA,COLUSA,-122.00669097900391,39.205940246582031
8613594,2018,2018-07-31,0602,2018-03-24,1637,P43,2,6,5,2,0602,0,0,0,,0,,"RT 20","RT 5",0.00,,Y,A,-,Y,COL,3,20,-,R,22.244,I,5,E,Y,4,0,2,2,A,-,01,23152,F,N,D,C,A,A,H,-,A,A,0,,,,,Y,,A,01,0,0,2,0,0,0,0,0,0,"- ",NF,,,COLUSA,WILLIAMS,-122.14800262451172,39.167545318603516
8619371,2018,2018-05-22,0601,2018-03-27,1807,8447,0601,2,5,2,0601,0,0,0,,0,00D,"FREMONT ST","1ST ST",0.00,,Y,A,-,N,,,,,,,,,,N,2,0,1,2,A,-,12,22450,,N,D,G,A,A,H,-,A,A,0,,Y,,,Y,,L,04,1,0,0,0,0,0,1,0,0,"- ","- ",,,COLUSA,COLUSA,-122.00498962402344,39.206501007080078
8628465,2018,2018-07-10,0601,2018-03-23,1921,8446,0601,5,5,2,0601,0,0,0,,0,00C,"6TH ST","FREMONT ST",0.00,,Y,A,-,N,,,,,,,,,,N,4,0,1,4,A,-,09,21802,A,N,A,C,A,A,H,-,B,A,0,,,,,Y,,-,"- ",0,0,1,0,0,0,0,0,0,"- ","- ",,,COLUSA,COLUSA,-122.01177978515625,39.208061218261719
8632343,2018,2018-06-20,0601,2018-03-29,2057,8050,0601,4,5,2,0601,0,0,0,,0,00A,"OAK ST","7TH ST",44.00,W,N,A,-,N,,,,,,,,,,Y,3,0,1,2,A,-,01,23152,A,N,F,E,A,A,H,-,C,D,0,,,,,Y,Y,A,01,0,1,0,0,0,0,0,0,0,"- ","- ",,,COLUSA,COLUSA,-122.01154327392578,39.212921142578125
8639212,2018,2018-08-16,0601,2018-04-21,0042,8441,0601,6,5,2,0601,0,0,0,,0,00F,"RT 45","WESCOTT RD",0.00,,Y,A,-,Y,COL,3,20,-,-,32.505,I,5,E,N,2,0,1,2,A,-,09,21802,A,N,H,G,A,A,H,-,C,A,0,,Y,,,Y,,L,04,1,0,0,0,0,0,1,0,0,"- ","- ",,,COLUSA,COLUSA,-122.00456237792969,39.203201293945312
8650548,2018,2018-09-10,0602,2018-08-06,1725,P49,4,1,5,2,0602,0,0,0,,0,,"7TH ST","6TH ST",0.00,,Y,A,-,N,,,,,,,,,,Y,3,0,2,2,A,-,03,22350,,N,C,C,A,A,H,-,A,D,0,,,,,Y,,A,01,0,1,1,0,0,0,0,0,0,"- ","- ",,,COLUSA,WILLIAMS,-122.14549255371094,39.150531768798828
8666833,2018,2018-08-15,0601,2018-05-07,2341,8446,0601,1,5,2,0601,0,0,0,,0,00A,"RT 20","12TH ST",0.00,,Y,A,-,Y,COL,3,45,-,-,20.000,H,-,S,Y,3,0,2,2,A,-,01,23152,A,N,A,C,A,A,H,-,C,D,0,,,,,Y,Y,A,01,0,2,0,0,0,0,0,0,0,"- ","- ",,,COLUSA,COLUSA,-122.01753997802734,39.216259002685547
8676794,2018,2018-12-26,0602,2018-07-28,1514,P54,1,6,5,2,0602,0,0,0,,0,,"RT 20","VIRGINIA WY",97.00,W,N,A,-,Y,COL,3,20,-,R,21.380,H,-,E,Y,4,0,1,2,A,-,03,22350,,N,C,C,A,A,H,-,A,D,0,,,,,Y,Y,A,01,0,0,1,0,0,0,0,0,0,"- ","- ",,,COLUSA,WILLIAMS,-122.16143798828125,39.160808563232422
8688868,2017,2018-09-13,0601,2017-11-24,0021,8446,0601,5,5,2,0601,0,0,0,,0,00E,"RT 20","WILL S GREEN AV",0.00,N,N,A,-,Y,COL,3,20,-,-,30.110,H,-,E,Y,3,0,1,1,A,-,05,21650,A,N,E,I,A,A,H,-,A,D,0,,,,,Y,,A,01,0,1,0,0,0,0,0,0,0,"- ","- ",,,COLUSA,COLUSA,-122.02274016,39.202650579999997
8707739,2018,2018-10-11,0602,2018-09-28,0930,P49,4,5,5,2,0602,0,0,0,,0,,"WHITE OAK DR","BUTTE VIEW DR",186.00,S,N,A,-,N,,,,,,,,,,Y,3,0,1,2,A,-,21,22106,,N,C,C,A,A,H,-,A,D,0,,,,,Y,,D,22,0,1,0,0,0,0,0,0,0,"- ","- ",,,COLUSA,WILLIAMS,-122.13916778564453,39.1519775390625
8710156,2018,2018-10-17,0601,2018-09-28,1420,8446,0601,5,5,2,0601,0,0,0,,0,00A,"5TH ST","OAK ST",0.00,,Y,A,-,N,,,,,,,,,,Y,3,0,2,2,A,-,09,21802,A,N,D,C,A,A,H,-,A,A,0,,,,,Y,,A,01,0,2,0,0,0,0,0,0,0,"- ","- ",,,COLUSA,COLUSA,-122.0086669921875,39.212238311767578
8727551,2019,2019-05-13,0602,2019-01-09,1620,P52,1,3,5,2,0602,0,0,0,,0,,"RT 20","RT 99",0.00,,Y,B,-,Y,COL,3,20,-,R,21.718,I,5,W,Y,3,0,2,2,A,-,09,21802,A,N,D,C,A,B,H,-,A,D,0,,,,,Y,,A,08,0,1,1,0,0,0,0,0,0,"- ","- ",,,COLUSA,WILLIAMS,-122.15634918212891,39.163734436035156
8736836,2018,2019-01-09,0601,2018-10-16,0814,8447,0601,2,5,2,0601,0,0,0,,0,00D,"FREMONT ST","4TH ST",12.00,W,N,A,-,N,,,,,,,,,,N,3,0,3,4,A,-,03,22350,,N,G,B,B,A,H,-,A,A,0,Y,,,,Y,,A,01,0,3,0,0,3,0,0,0,0,"- ","- ",,,COLUSA,COLUSA,-122.00901794433594,39.207427978515625
8747518,2018,2018-12-03,0601,2018-10-25,1118,8447,0601,4,5,2,0601,0,0,0,,0,00C,"FREMONT ST","6TH ST",108.00,E,N,A,-,N,,,,,,,,,,N,4,0,1,2,A,-,21,22106,,N,B,C,A,A,H,-,A,D,0,,,,,Y,,A,08,0,0,1,0,0,0,0,0,0,"- ","- ",,,COLUSA,COLUSA,-122.01141357421875,39.207973480224609
8773532,2018,2019-02-22,0602,2018-12-08,1820,P54,1,6,5,2,0602,0,0,0,,0,,"N VIRGINIA WY","RT 20",0.00,,Y,A,-,Y,COL,3,20,-,R,21.414,I,5,E,N,3,0,1,2,A,-,09,21801,A,N,D,D,A,A,H,-,C,D,0,,,,,Y,,A,01,0,1,0,0,0,0,0,0,0,"- ","- ",,,COLUSA,WILLIAMS,-122.16093444824219,39.161117553710938
8779639,2018,2019-02-22,0601,2018-12-11,1324,8447,0601,2,5,2,0601,0,0,0,,0,00A,"MARKET ST","10TH ST",0.00,,Y,A,-,Y,COL,3,20,-,-,31.091,I,5,E,Y,3,0,2,2,A,-,12,21453,,N,H,C,A,A,H,-,A,A,0,,,,,Y,,A,07,0,2,0,0,0,0,0,0,0,"- ","- ",,,COLUSA,COLUSA,-122.01475524902344,39.215621948242188
8794368,2019,2019-05-31,0601,2019-01-22,1442,8330,0601,2,5,2,0601,0,0,0,,0,00B,"RT 20","JAY ST",144.00,N,N,A,-,Y,COL,3,20,-,-,31.850,H,-,W,Y,3,0,1,2,A,-,03,22350,,N,C,C,A,A,H,-,A,D,0,,,,,Y,,A,01,0,1,0,0,0,0,0,0,0,"- ","- ",,,COLUSA,COLUSA,-122.00131225585938,39.212329864501953
8819251,2019,2019-05-13,0601,2019-02-18,1245,8448,0601,1,5,2,0601,0,0,0,,0,00B,"RT 20","1ST ST",0.00,,Y,A,-,Y,COL,3,20,-,-,31.775,I,5,E,Y,4,0,1,2,A,-,09,21802,A,N,D,C,A,A,H,-,A,A,0,,,Y,,Y,,D,22,0,0,1,0,0,0,0,0,1,"- ","- ",,,COLUSA,COLUSA,-122.00245666503906,39.212802886962891
8821486,2019,2019-03-22,0601,2019-02-04,1330,8330,0601,1,5,2,0601,0,0,0,,0,00D,"SIOC ST","4TH ST",58.00,W,N,B,-,N,,,,,,,,,,Y,3,0,1,1,A,-,05,21650,,N,E,I,A,A,H,-,A,D,0,,,,,Y,,A,07,0,1,0,0,0,0,0,0,0,"- ","- ",,,COLUSA,COLUSA,-122.00993347167969,39.205703735351562
8876666,2019,2020-01-27,0601,2019-05-30,0805,8448,0601,4,5,2,0601,0,0,0,,0,00B,"RT 20","5TH ST",0.00,,Y,A,-,Y,COL,3,20,-,-,31.470,I,5,W,N,4,0,1,2,A,-,09,21800,C,N,B,C,A,A,H,-,A,A,0,,,,,Y,,A,01,0,0,1,0,0,0,0,0,0,"- ","- ",,,COLUSA,COLUSA,-122.00794219970703,39.214054107666016
8888956,2019,2019-07-18,0602,2019-06-13,1505,P52,2,4,5,2,0602,0,0,0,,0,,"RT 20","MILE MARKER COL 20 21.92",86.00,W,N,A,-,N,,,,,,,,,,Y,2,0,2,2,A,-,01,23153,E,N,A,C,A,A,H,-,A,D,0,,,,,Y,,-,,2,0,0,0,0,0,0,0,0,"- ","- ",,,COLUSA,WILLIAMS,,
8929087,2019,2019-09-09,0601,2019-07-14,1845,8448,0601,7,5,2,0601,0,0,0,,0,00D,"SIOC ST","3RD ST",0.00,,Y,A,-,N,,,,,,,,,,N,3,0,3,2,A,-,12,22450,A,N,B,C,A,A,H,-,A,A,0,,,,,Y,Y,A,01,0,3,0,0,0,0,0,0,0,"- ","- ",,,COLUSA,COLUSA,-122.00839996337891,39.205348968505859
8939476,2019,2020-01-16,0601,2019-08-13,0852,8441,0601,2,5,2,0601,0,0,0,,0,00B,"RT 20","HARRIS ST",0.00,,Y,A,-,Y,COL,3,20,-,-,30.470,H,-,E,Y,1,1,2,1,A,-,07,21658,A,N,A,I,A,A,H,-,A,D,0,,,,,Y,,D,22,2,0,0,0,0,0,0,0,0,"- ","- ",,,COLUSA,COLUSA,-122.01815032958984,39.206897735595703
8944728,2019,2019-09-27,0601,2019-09-05,1735,8448,0601,4,5,2,0601,0,0,0,,0,00D,"SIOC ST","3RD ST",0.00,,Y,A,-,N,,,,,,,,,,N,4,0,1,2,A,-,12,22450,,N,D,C,A,A,H,-,A,A,0,,,,,Y,,A,01,0,0,1,0,0,0,0,0,0,"- ","- ",,,COLUSA,COLUSA,-122.00839996337891,39.205348968505859
8956919,2019,2019-10-18,0601,2019-09-27,1613,8448,0601,5,5,2,0601,0,0,0,,0,00D,"FREMONT ST","3RD ST",104.00,E,N,A,-,N,,,,,,,,,,Y,4,0,2,2,A,-,09,21804,A,N,B,C,A,A,H,-,A,D,0,,,,,Y,,A,01,0,0,2,0,0,0,0,0,0,"- ","- ",,,COLUSA,COLUSA,-122.00730895996094,39.207027435302734
8964124,2019,2020-01-28,0601,2019-09-05,1736,8448,0601,4,5,2,0601,0,0,0,,0,00D,"RT 45","SIOC ST",0.00,,Y,A,-,Y,COL,3,20,-,-,32.435,I,5,E,N,4,0,2,3,A,-,10,21950,,N,G,B,B,A,H,-,A,A,0,Y,,,,Y,,A,01,0,0,2,0,2,0,0,0,0,"- ","- ",,,COLUSA,COLUSA,-122.00438690185547,39.204208374023438
8985590,2019,2020-06-29,0601,2019-11-18,1345,8448,0601,1,5,2,0601,0,0,0,,0,00A,"RT 45","13TH ST",0.00,,Y,A,-,Y,COL,3,45,-,-,20.060,I,5,S,N,3,0,1,2,A,-,12,22450,A,N,G,G,A,A,H,-,A,D,0,,Y,,,Y,,L,04,0,1,0,0,0,0,1,0,0,"- ","- ",,,COLUSA,COLUSA,-122.01856994628906,39.216690063476562
8993632,2019,2020-01-29,0601,2019-11-13,0915,8448,0601,3,5,2,0601,0,0,0,,0,00F,"WALNUT TREE DR","WALNUT TREE CT",0.00,,Y,A,-,N,,,,,,,,,,Y,4,0,1,2,A,-,09,21804,A,N,B,C,A,A,H,-,A,D,0,,,,,Y,,I,11,0,0,1,0,0,0,0,0,0,"- ","- ",,,COLUSA,COLUSA,-122.01152801513672,39.190059661865234
90005685,2015,2015-10-19,9155,2015-07-18,2138,019718,,6,2,9,0600,0,1,3,,1,042,SR-45,"SPENCER RD",528.00,S,N,A,-,Y,,,45,,,,,,,Y,3,0,1,1,C,-,18,,,N,E,H,A,A,H,-,D,D,0,,,Y,,Y,,-,"- ",0,1,0,0,0,0,0,0,1,"- ","- ",39.39752,-122.01191,COLUSA,UNINCORPORATED,-122.01202627000001,39.397566560000001
90008509,2015,2015-10-19,9155,2015-07-26,0630,013855,,7,1,9,0600,0,1,1,,2,051,"I-5 S/B","FREEWAY UNDERCROSSING RD.",270.00,N,N,A,-,Y,,,5,,,,,,S,Y,4,0,1,1,A,-,08,22107,,N,E,I,A,A,H,-,A,D,0,,,,,Y,,A,07,0,0,1,0,0,0,0,0,0,"- ","- ",39.025069999999999,-122.06338,COLUSA,UNINCORPORATED,-122.06313249999999,39.025144349999998
90008829,2015,2015-10-19,9155,2015-07-31,2500,018981,,5,4,9,0600,0,3,5,,2,006,"COLUSI LN","ANDRES CT",150.00,S,N,A,-,N,,,,,,,,,,Y,2,0,1,1,A,-,08,22107,,N,E,I,A,A,H,-,A,D,0,,,,,Y,,A,08,1,0,0,0,0,0,0,0,0,"- ","- ",39.31382,-122.51202000000001,COLUSA,UNINCORPORATED,-122.51205324999999,39.313469660000003
90009308,2015,2015-10-19,9155,2015-08-12,1810,019065,,3,2,9,0600,0,1,3,,1,042,SR-45,"LURLINE AVE",135.00,S,N,A,-,Y,,,45,,,,,,,Y,3,0,1,1,A,-,01,23152,A,N,F,A,A,A,H,-,A,D,0,,,,Y,Y,Y,F,24,0,1,0,0,0,0,0,0,0,"- ","- ",39.217109999999998,-122.01841,COLUSA,UNINCORPORATED,-122.01857905999999,39.217161040000001
90009540,2015,2015-10-19,9155,2015-08-02,2230,019447,,7,3,9,0600,0,3,5,,2,001,"MOON BEND RD.",SR-20,3168.00,E,N,A,-,N,,,,,,,,,,Y,3,0,1,1,A,-,08,22107,,N,E,I,A,A,H,-,C,D,0,,,,,Y,Y,D,22,0,1,0,0,0,0,0,0,0,"- ","- ",,,COLUSA,UNINCORPORATED,-121.98910859999999,39.195846340000003
90019172,2015,2015-10-19,9155,2015-09-08,1135,013855,,2,1,9,0600,0,1,1,,2,051,"I-5 S/B","COUNTY LINE ROAD",3696.00,N,N,A,-,Y,,,5,,,,,,S,Y,2,0,1,1,A,-,08,22107,,N,E,I,A,A,H,-,A,D,0,,,,,Y,,D,22,1,0,0,0,0,0,0,0,0,"- ","- ",38.93553,-122.00384,COLUSA,UNINCORPORATED,-122.00378249000001,38.935556920000003
90019182,2015,2015-11-10,9155,2015-09-11,1430,019065,,5,2,9,0600,0,3,5,,2,002,"WILDWOOD RD","WAGNER AVE",100.00,S,N,A,-,N,,,,,,,,,,N,4,0,1,3,A,-,03,22350,,N,C,C,A,A,H,-,A,D,0,,,,,Y,,A,01,0,0,1,0,0,0,0,0,0,"- ","- ",38.996609999999997,-122.06082000000001,COLUSA,UNINCORPORATED,-122.06076,38.998195359999997
90020230,2015,2015-10-19,9155,2015-09-18,2153,019281,,5,2,9,0600,0,3,5,,2,002,"BOLES RD","WYER RD",0.00,W,N,A,-,N,,,,,,,,,,Y,2,0,1,1,A,-,01,23152,A,N,F,I,A,A,H,-,D,D,0,,,,,Y,Y,D,22,1,0,0,0,0,0,0,0,0,"- ","- ",38.983960000000003,-122.1049,COLUSA,UNINCORPORATED,-122.09779991000001,38.984529930000001
90021219,2015,2015-10-19,9155,2015-08-16,0734,013855,,7,1,9,0600,0,1,1,,2,052,"I-5 N/B","LURLINE AVENUE",1584.00,N,N,A,-,Y,,,5,,,,,,N,Y,1,1,1,1,A,-,08,22107,,N,F,A,A,A,H,-,A,D,0,,,,,Y,,D,22,0,1,0,0,0,0,0,0,0,"- ","- ",39.222839999999998,-122.18145,COLUSA,UNINCORPORATED,-122.18135929,39.222841000000003
90022644,2015,2015-10-19,9155,2015-09-15,0637,012512,,2,1,9,0600,0,3,5,,2,004,"LURLINE AVE.","JAMESON RD.",561.00,E,N,A,-,N,,,,,,,,,,Y,2,0,2,1,A,-,01,23152,E,F,F,A,A,A,H,-,B,A,0,,,,,Y,,A,07,1,1,0,0,0,0,0,0,0,"- ","- ",39.21772,-122.07550000000001,COLUSA,UNINCORPORATED,-122.07552938000001,39.217589019999998
90024438,2015,2015-10-19,9155,2015-09-18,1510,012512,,5,2,9,0600,0,1,3,,1,042,SR-45,"NEVA AVE.",246.00,S,N,A,-,Y,,,45,,,,,,,N,3,0,1,2,A,-,05,21202,A,N,B,G,A,A,H,-,A,A,0,,Y,,Y,Y,,L,04,0,1,0,0,0,0,1,0,0,"- ","- ",39.219560000000001,-122.01862,COLUSA,UNINCORPORATED,-122.01860016000001,39.219571209999998
90025587,2015,2015-10-19,9155,2015-09-18,2000,018981,,5,2,9,0600,0,1,1,,2,052,"I-5 N/B","MAXWELL RD",5280.00,N,N,A,-,Y,,,5,,,,,,N,Y,3,0,2,2,A,-,08,22107,,N,E,I,A,A,H,-,D,D,0,,,,Y,Y,,A,07,0,1,1,0,0,0,0,0,0,"- ","- ",39.290320000000001,-122.18436,COLUSA,UNINCORPORATED,-122.18441849,39.290311029999998
90027826,2015,2015-10-19,9155,2015-10-04,0716,013855,,7,1,9,0600,0,1,1,,2,051,"I-5 N/B","HILLGATE RD",5808.00,S,N,A,-,Y,,,5,,,,,,N,Y,2,0,3,3,A,-,01,23152,E,N,C,C,A,A,H,-,A,D,0,,,,,Y,,A,01,2,0,1,0,0,0,0,0,0,"- ","- ",38.997259999999997,-122.04376999999999,COLUSA,UNINCORPORATED,-122.04383738999999,38.997217769999999
90028627,2015,2015-10-19,9155,2015-10-05,1135,017613,,1,1,9,0600,0,1,3,,2,023,SR-20,"COLUSA / LAKE COUNTY LINE",5280.00,E,N,A,-,Y,,,20,,,,,,,Y,2,0,1,1,A,-,03,22350,,N,F,A,A,A,H,-,A,D,0,,,Y,,Y,,C,02,1,0,0,0,0,0,0,0,1,"- ","- ",39.004219999999997,-122.39323,COLUSA,UNINCORPORATED,-122.39321926,39.004252710000003
90030951,2015,2015-10-19,9155,2015-10-12,0905,017613,,1,1,9,0600,0,1,3,,2,023,SR-20,"LAKE / COLUSA COUNTY LINE",5808.00,E,N,A,-,Y,,,20,,,,,,,N,4,0,1,2,A,-,08,22107,,N,B,C,A,A,H,-,A,D,0,,,,,Y,,D,22,0,0,1,0,0,0,0,0,0,"- ","- ",39.004899999999999,-122.39142,COLUSA,UNINCORPORATED,-122.39139065000001,39.004890699999997
90032027,2015,2015-10-19,9155,2015-10-12,1903,019447,,1,2,9,0600,0,3,5,,2,006,"LODOGA-STONYFORD RD.","LAKEVIEW LOOP",3168.00,N,N,A,-,N,,,,,,,,,,Y,3,0,1,1,A,-,08,22107,,N,F,A,A,A,H,-,D,D,0,,,,,Y,,A,07,0,1,0,0,0,0,0,0,0,"- ","- ",,,COLUSA,UNINCORPORATED,-122.53281665999999,39.324162989999998
90032091,2015,2015-10-19,9155,2015-10-13,0515,019281,,2,3,9,0600,0,3,5,,2,002,"WILDWOOD RD","GRANT AVE",12.00,S,N,A,-,N,,,,,,,,,,N,4,0,1,1,A,-,03,22350,,N,E,I,A,A,H,-,D,D,0,,,,,Y,,A,08,0,0,1,0,0,0,0,0,0,"- ","- ",38.991019999999999,-122.06056,COLUSA,UNINCORPORATED,-122.06077999999999,38.991067039999997
90032530,2015,2015-10-19,9155,2015-10-05,1130,013855,,1,1,9,0600,0,1,3,,2,023,"SR-20 E/B","WALNUT DR",11088.00,W,N,A,-,Y,,,20,,,,,,E,Y,2,0,1,4,A,-,05,21460,A,N,A,C,A,A,H,-,A,D,0,,,,Y,Y,,D,22,1,0,0,0,0,0,0,0,0,"- ","- ",39.105690000000003,-122.32122,COLUSA,UNINCORPORATED,-122.32121634000001,39.105669200000001
90032946,2015,2015-10-19,9155,2015-10-10,2245,019973,,6,3,9,0600,0,1,1,,2,051,"I-5 N/B","HILLGATE RD",1500.00,S,N,A,-,Y,,,5,,,,,,N,N,4,0,1,2,A,-,03,22350,,N,C,D,A,A,H,-,D,D,0,,,,,Y,,A,07,0,0,1,0,0,0,0,0,0,"- ","- ",39.010289999999998,-122.05231000000001,COLUSA,UNINCORPORATED,-122.05242543999999,39.010212729999999
90048102,2015,2015-11-10,9155,2015-10-24,2145,019973,,6,2,9,0600,0,3,5,,2,001,"HAHN RD","LONE STAR RD",1200.00,E,N,A,-,N,,,,,,,,,,Y,3,0,1,1,A,-,08,22107,,N,E,I,A,A,H,-,D,D,0,,,,,Y,,A,01,0,1,0,0,0,0,0,0,0,"- ","- ",39.056789999999999,-122.07377,COLUSA,UNINCORPORATED,-122.07475328,39.056811119999999
90048138,2015,2015-11-10,9155,2015-10-22,2150,019065,,4,2,9,0600,0,3,5,,2,002,"WILDWOOD RD","GREENBAY RD",2640.00,N,N,A,-,N,,,,,,,,,,Y,4,0,1,1,A,-,01,23152,A,N,E,I,A,A,H,-,A,D,0,,,,,Y,Y,D,22,0,0,1,0,0,0,0,0,0,"- ","- ",38.972920000000002,-122.06083,COLUSA,UNINCORPORATED,-122.06084153,38.972660619999999
90048332,2015,2015-11-10,9155,2015-11-02,1850,019281,,1,2,9,0600,0,1,3,,1,021,SR-20,"CYNTHIA DR",85.00,E,N,B,-,Y,,,20,,,,,,,Y,3,0,1,2,A,-,09,21801,A,N,D,C,A,A,H,-,C,D,0,,,,Y,Y,,G,25,0,1,0,0,0,0,0,0,0,"- ","- ",39.19744,-122.00129,COLUSA,UNINCORPORATED,-122.00135295,39.197404089999999
90048375,2015,2015-11-10,9155,2015-11-03,0820,016445,,2,1,9,0600,0,1,3,,2,023,SR-20,"BEAR VALLEY RD.",528.00,W,N,A,-,Y,,,20,,,,,,,Y,4,0,1,2,A,-,05,21460,C,N,D,C,A,A,H,-,A,D,0,,,,,Y,,A,01,0,0,1,0,0,0,0,0,0,"- ","- ",39.011980000000001,-122.36056000000001,COLUSA,UNINCORPORATED,-122.36046129,39.011788410000001
90059144,2015,2015-11-24,9155,2015-11-20,1730,019973,,5,2,9,0600,0,3,5,,2,002,"HALL ST","PUTNAM WAY",40.00,E,N,A,-,Y,,,,,,,,,,N,3,0,1,2,A,-,11,21954,A,N,G,B,D,A,H,-,B,D,0,Y,,,,Y,Y,N,60,0,1,0,0,1,0,0,0,0,"- ","- ",39.016869999999997,-122.05878,COLUSA,UNINCORPORATED,-122.05886658,39.016882899999999
90065233,2015,2015-12-03,9155,2015-11-26,1024,016541,,4,1,9,0600,0,3,5,,2,004,"LURLINE AVE","RANCH RD",5280.00,W,N,A,-,N,,,,,,,,,,Y,3,0,1,1,A,-,03,22350,,N,F,A,A,A,B,-,A,D,0,,,,,Y,,A,07,0,1,0,0,0,0,0,0,0,"- ","- ",39.217370000000003,-122.05392999999999,COLUSA,UNINCORPORATED,-122.05431079,39.217430839999999
90065253,2015,2015-12-03,9155,2015-11-15,0840,013855,,7,1,9,0600,0,1,3,,2,023,"SR-20 E/B","BEAR VALLEY RD",11616.00,W,N,B,-,Y,,,20,,,,,,E,Y,4,0,1,1,A,-,08,22107,,N,E,I,A,B,H,-,A,D,0,,,,,Y,,A,01,0,0,1,0,0,0,0,0,0,"- ","- ",39.004669999999997,-122.39131,COLUSA,UNINCORPORATED,-122.39144736,39.004764049999999
90065266,2015,2015-12-03,9155,2015-11-22,0830,017062,,7,1,9,0600,0,1,1,,2,052,"I-5 N/B","FRESHWATER RD. O/C",535.00,S,N,A,-,Y,,,5,,,,,,N,Y,4,0,2,1,A,-,08,22107,,N,E,I,A,A,H,-,A,D,0,,,,,Y,,A,01,0,0,2,0,0,0,0,0,0,"- ","- ",39.174489999999999,-122.15483,COLUSA,UNINCORPORATED,-122.15489590999999,39.174424879999997
90065285,2015,2015-12-03,9155,2015-11-22,1455,017963,,7,2,9,0600,0,3,5,,2,006,"SITES-LODOGA RD.","MAXWELL SITES RD",8448.00,W,N,B,-,N,,,,,,,,,,Y,2,0,1,1,A,-,08,22107,,N,F,A,A,A,H,-,A,D,0,,,Y,,Y,,C,02,1,0,0,0,0,0,0,0,1,"- ","- ",39.323830000000001,-122.35827,COLUSA,UNINCORPORATED,-122.33811,39.308889999999998
90066637,2015,2015-12-07,9155,2015-12-04,1350,018658,,5,1,9,0600,0,3,5,,2,002,"HANKINS RD","DAVIS RD",2656.00,W,N,A,-,N,,,,,,,,,,Y,4,0,1,1,A,-,01,23152,A,M,E,I,A,A,H,-,A,D,0,,,,,Y,Y,A,01,0,0,1,0,0,0,0,0,0,"- ","- ",39.145200000000003,-122.17514,COLUSA,UNINCORPORATED,-122.17504707000001,39.145219169999997
90067221,2015,2015-12-07,9155,2015-11-18,1442,012512,,3,2,9,0600,0,1,1,,2,052,"I-5 N/B","LURLINE AVE. O/C",56.00,S,N,A,-,Y,,,5,,,,,,N,Y,3,0,1,1,A,-,08,22107,,N,E,I,A,A,H,-,A,A,0,,,,,Y,Y,A,01,0,1,0,0,0,0,0,0,0,"- ","- ",39.218310000000002,-122.181,COLUSA,UNINCORPORATED,-122.18108187,39.21830233
90067227,2015,2015-12-07,9155,2015-11-19,0650,012512,,4,1,9,0600,0,3,5,,2,004,"MAXWELL RD.","LYONS RD.",830.00,E,N,A,-,N,,,,,,,,,,Y,4,0,1,1,A,-,08,22107,,N,E,I,A,A,H,-,B,A,0,,,,,Y,,A,01,0,0,1,0,0,0,0,0,0,"- ","- ",39.276249999999997,-122.16943999999999,COLUSA,UNINCORPORATED,-122.16941719,39.276292570000003
90067613,2015,2015-12-08,9155,2015-12-07,1900,018139,,1,2,9,0600,0,1,3,,1,042,SR-45,"WINTUN RD.",271.00,N,N,B,E,Y,,,45,,,,,,,N,4,0,1,2,A,-,01,23152,A,N,C,C,A,A,H,-,C,D,0,,,,,Y,Y,D,22,0,0,1,0,0,0,0,0,0,"- ","- ",39.253500000000003,-122.03149999999999,COLUSA,UNINCORPORATED,-122.03159391,39.253498139999998
90074834,2015,2015-12-15,9155,2015-12-06,1137,017963,,7,1,9,0600,0,1,3,,2,023,"SR-20 W/B","MPM 12.04",192.00,E,N,B,-,Y,,,20,,,,,,W,Y,3,0,1,1,A,-,03,22350,,N,F,A,A,B,H,-,A,D,0,,,,,Y,Y,A,01,0,1,0,0,0,0,0,0,0,"- ","- ",39.10763,-122.30623,COLUSA,UNINCORPORATED,-122.3062197,39.107575939999997
90086215,2015,2015-12-31,9155,2015-12-25,0834,012512,,5,1,9,0600,0,1,1,,2,051,"I-5 N/B","HAHN RD. O/C",6336.00,N,N,B,-,Y,,,5,,,,,,N,Y,4,0,1,1,A,-,08,22107,,N,F,A,A,A,H,-,A,A,0,,,,,Y,,A,07,0,0,1,0,0,0,0,0,0,"- ","- ",39.072360000000003,-122.09347,COLUSA,UNINCORPORATED,-122.09355493,39.072318590000002
90088564,2016,2016-01-05,9155,2016-01-01,0135,019973,,5,3,9,0600,0,1,3,,1,042,SR-45,"LEVEE ST",50.00,N,N,A,-,Y,,,45,,,,,,,N,3,0,1,2,A,-,11,21954,A,N,G,B,D,A,H,-,D,D,0,Y,,,,Y,Y,N,60,0,1,0,0,1,0,0,0,0,"- ","- ",39.218449999999997,-122.01815000000001,COLUSA,UNINCORPORATED,-122.01814165,39.218450099999998
90090802,2016,2016-01-07,9155,2016-01-01,0745,015996,,5,1,2,0602,0,1,1,,2,051,"I-5 S/B","E STREET",1056.00,N,N,A,-,Y,,,5,,,,,,S,Y,3,0,1,2,A,-,01,23152,A,N,C,C,A,A,H,-,A,D,0,,,,Y,Y,Y,A,01,0,1,0,0,0,0,0,0,0,"- ","- ",39.158410000000003,-122.14503000000001,COLUSA,WILLIAMS,-122.14516424999999,39.158328060000002
90091214,2015,2016-01-08,9155,2015-12-29,1850,019281,,2,2,9,0600,0,3,5,,2,001,"WILSON BEND RD",SR-45,7392.00,E,N,A,-,Y,,,,,,,,,,Y,3,0,2,1,A,-,03,22350,,N,E,I,A,A,H,-,D,D,0,,,,,Y,,B,07,0,2,0,0,0,0,0,0,0,"- ","- ",39.041539999999998,-121.83848999999999,COLUSA,UNINCORPORATED,-121.84071301,39.041490469999999
90094602,2015,2016-01-13,9155,2015-12-27,1707,016445,,7,2,9,0600,0,1,3,,1,042,"SR-45 S/B","MAXWELL ROAD",0.00,,Y,A,-,Y,,,45,,,,,,S,Y,1,1,1,2,A,-,09,21801,A,N,D,C,A,A,H,-,B,D,0,,,Y,,Y,,A,01,0,1,0,0,0,0,0,1,0,"- ","- ",39.277749999999997,-122.03557000000001,COLUSA,UNINCORPORATED,-122.03543092,39.277774639999997
90094756,2016,2016-01-13,9155,2016-01-05,1200,015850,,2,1,9,0600,0,3,5,,2,003,"GRIDLEY ROAD","ADOBE ROAD",30.00,E,N,B,C,N,,,,,,,,,,Y,4,0,1,1,A,-,08,22107,,N,F,A,A,B,H,-,A,D,0,,,,Y,Y,,G,25,0,0,1,0,0,0,0,0,0,"- ","- ",39.26211,-121.94933,COLUSA,UNINCORPORATED,-121.95013160000001,39.360936799999998
90097820,2015,2016-01-19,9155,2015-12-24,1353,018981,,4,1,9,0600,0,1,1,,2,052,"I-5 N/B","FAIRVIEW RD",573.00,N,N,A,-,Y,,,5,,,,,,N,Y,3,0,1,1,A,-,08,22107,,N,F,A,A,A,H,-,A,D,0,,,,,Y,,A,07,0,1,0,0,0,0,0,0,0,"- ","- ",39.24877,-122.18192000000001,COLUSA,UNINCORPORATED,-122.18186565000001,39.248771120000001
90102928,2016,2016-01-26,9155,2016-01-17,0915,015850,,7,1,9,0600,0,1,1,,2,052,"I-5 S/B","DELEVAN RD",1056.00,N,N,C,-,Y,,,5,,,,,,S,Y,4,0,1,1,A,-,08,22107,,N,F,A,A,B,H,-,A,D,0,,,,,Y,,A,08,0,0,1,0,0,0,0,0,0,"- ","- ",39.356090000000002,-122.19356000000001,COLUSA,UNINCORPORATED,-122.19346828,39.356059000000002
90105381,2015,2016-01-29,9155,2015-12-27,1520,018139,,7,2,9,0600,0,1,3,,2,023,SR-20,SR-16,10032.00,E,N,A,-,Y,,,20,,,,,,,Y,1,1,0,1,A,-,01,23152,A,N,E,I,A,A,H,-,A,D,0,,,,,Y,Y,A,01,0,0,0,0,0,0,0,0,0,"- ","- ",39.036299999999997,-122.33920000000001,COLUSA,UNINCORPORATED,-122.33921959,39.036295930000001
90111852,2016,2016-02-09,9155,2016-02-08,1445,017613,,1,2,9,0600,0,1,3,,1,022,SR-20,"O'HAIR RD.",172.00,W,N,A,-,Y,,,20,,,,,,,Y,3,0,2,1,A,-,08,22107,,N,E,I,A,A,H,-,A,D,0,,,,,Y,,A,07,0,1,1,0,0,0,0,0,0,"- ","- ",39.195210000000003,-122.04087,COLUSA,UNINCORPORATED,-122.04093554000001,39.19552745
90119815,2016,2016-02-22,9155,2016-02-12,0750,012512,,5,1,9,0600,0,1,3,,1,021,"SR-20 E/B","SR-45 N/B",0.00,,Y,A,-,Y,,,20,,,,,,E,Y,3,0,1,2,A,-,09,21801,A,N,D,C,A,A,H,-,A,A,0,,,,Y,Y,,D,22,0,1,0,0,0,0,0,0,0,"- ","- ",39.150190000000002,-121.96523999999999,COLUSA,UNINCORPORATED,-121.96524245000001,39.150182319999999
90122513,2016,2016-02-24,9155,2016-02-14,1305,017062,,7,1,9,0600,0,3,5,,2,001,"HAHN RD.","LONE STAR RD.",5808.00,E,N,A,-,N,,,,,,,,,,Y,3,0,1,1,A,-,01,23152,A,N,F,A,A,A,H,-,A,D,0,,,,,Y,Y,A,07,0,1,0,0,0,0,0,0,0,"- ","- ",39.056690000000003,-122.05676,COLUSA,UNINCORPORATED,-122.05852277,39.056660409999999
90124472,2016,2016-02-26,9155,2016-02-21,0320,019164,,7,3,9,0600,0,3,5,,2,002,"ZUMWALT RD","HANKINS RD",0.00,,Y,A,-,N,,,,,,,,,,Y,3,0,4,1,A,-,03,22350,,N,E,I,A,A,H,-,D,D,0,,,,,Y,,A,01,0,3,1,0,0,0,0,0,0,"- ","- ",39.14526,-122.15166000000001,COLUSA,UNINCORPORATED,-122.15148997,39.145139970000002
90128694,2016,2016-03-03,9155,2016-02-28,1540,017613,,7,2,9,0600,0,1,3,,1,016,"SR-16 W/B","COLUSA /  YOLO CO LINE",5808.00,W,N,A,-,Y,,,16,,,,,,W,Y,2,0,1,1,A,-,08,22107,,N,F,A,A,A,H,-,A,D,0,,,Y,,Y,,C,02,1,0,0,0,0,0,0,0,1,"- ","- ",38.938220000000001,-122.33789,COLUSA,UNINCORPORATED,-122.33793673,38.938150640000003
90132523,2016,2016-03-09,9155,2016-02-28,2000,018139,,7,2,9,0600,0,1,1,,2,051,"I-5 N/B","STRUCKMEYER RD.",1470.00,S,N,A,-,N,,,5,,,,,,N,Y,3,0,3,1,A,-,08,22107,,N,F,A,A,A,H,-,D,D,0,,,,,Y,,D,22,0,2,1,0,0,0,0,0,0,"- ","- ",39.02487,-122.06267,COLUSA,UNINCORPORATED,-122.06269669,39.024862319999997
90132665,2016,2016-03-09,9155,2016-03-07,0030,017613,,1,3,9,0600,0,1,3,,1,021,"SR-20 W/B","NIAGARA AVE",1056.00,E,N,C,-,Y,,,20,,,,,,W,Y,4,0,3,1,A,-,08,22107,,N,E,I,A,B,H,-,D,D,0,,,,,Y,,A,07,0,0,3,0,0,0,0,0,0,"- ","- ",39.170529999999999,-121.98444000000001,COLUSA,UNINCORPORATED,-121.9843453,39.1706182
90137313,2016,2016-03-15,9155,2016-03-08,0700,016445,,2,1,9,0600,0,1,3,,2,041,"SR-45 N/B","SYCAMORE SLOUGH RD",1056.00,N,N,A,-,Y,,,45,,,,,,N,Y,4,0,1,1,A,-,08,22107,,N,E,I,A,A,H,-,B,D,0,,,,,Y,,A,01,0,0,1,0,0,0,0,0,0,"- ","- ",39.135649999999998,-121.94316000000001,COLUSA,UNINCORPORATED,-121.94318342,39.135610030000002
90141390,2016,2016-03-22,9155,2016-03-09,2000,018139,,3,2,9,0600,0,3,5,,2,001,"OLD HWY 99W","GRIMES-ARBUCKLE RD",250.00,S,N,B,-,N,,,,,,,,,,N,2,0,1,2,A,-,08,22107,,F,G,B,E,A,H,-,D,D,0,Y,,,,Y,,-,99,1,0,0,0,1,0,0,0,0,"- ","- ",39.012799999999999,-122.05370000000001,COLUSA,UNINCORPORATED,-122.05340649,39.012269809999999
90141503,2016,2016-03-22,9155,2016-03-20,1430,019568,,7,2,9,0600,0,1,3,,2,023,"STATE ROUTE 20","STATE ROUTE 16",12672.00,W,N,C,-,Y,,,,,,,,,,N,4,0,1,1,A,-,08,22107,,N,E,I,A,B,H,-,A,D,0,,,,,Y,,A,01,0,0,1,0,0,0,0,0,0,"- ","- ",39.015180000000001,-122.38958,COLUSA,UNINCORPORATED,-122.39329347,39.004249090000002
90142115,2016,2016-03-23,9155,2016-03-15,1750,019539,,2,2,9,0600,0,1,1,,2,051,"I-5 S/B","HARRINGTON AVE",2112.00,N,N,A,-,Y,,,,,,,,,,Y,3,0,1,2,A,-,01,23152,A,N,B,C,A,A,H,-,A,D,0,,,,Y,Y,Y,A,01,0,1,0,0,0,0,0,0,0,"- ","- ",39.960189999999997,-122.02231,COLUSA,UNINCORPORATED,-122.02220495,38.960079370000003
90142406,2016,2016-03-23,9155,2016-03-20,1430,019973,,7,2,9,0600,0,1,3,,2,023,SR-20,"LAKE COUNTY LINE",2376.00,E,N,B,-,Y,,,20,,,,,,,Y,4,0,1,1,A,-,08,22107,,N,E,I,A,A,H,-,A,D,0,,,,,Y,,A,07,0,0,1,0,0,0,0,0,0,"- ","- ",39.008189999999999,-122.40186,COLUSA,UNINCORPORATED,-122.4019205,39.008122129999997
90147181,2016,2016-03-29,9155,2016-03-20,0405,019281,,7,3,9,0600,0,1,1,,2,051,"I-5 S/B","HARRINGTON AVE",580.00,S,N,B,-,Y,,,5,,,,,,S,Y,4,0,1,1,C,-,18,,,N,F,A,A,A,H,-,D,D,0,,,Y,,Y,,-,"- ",0,0,1,0,0,0,0,0,1,"- ","- ",38.95355,-122.01769,COLUSA,UNINCORPORATED,-122.01781361,38.953451829999999
90152415,2016,2016-04-06,9155,2016-03-26,1045,016541,,6,1,9,0600,0,1,3,,2,023,"SR-20 W/B","SCHAAD RD",3696.00,W,N,A,-,Y,,,20,,,,,,W,Y,4,0,1,1,A,-,08,22107,,N,E,I,A,A,H,-,A,A,0,,,,,Y,,D,22,0,0,1,0,0,0,0,0,0,"- ","- ",39.15258,-122.2413,COLUSA,UNINCORPORATED,-122.24129293,39.15256377
90153888,2016,2016-04-08,9155,2016-04-06,1650,019568,,3,2,9,0600,0,1,1,,2,051,"INTERSTATE 5 NORTHBOUND","GREENBAY RD",1056.00,S,N,A,-,Y,,,5,,,,,,N,Y,3,0,1,1,A,-,08,22107,,N,F,A,A,A,H,-,A,D,0,,,,,Y,,A,07,0,1,0,0,0,0,0,0,0,"- ","- ",38.96311,-122.02412,COLUSA,UNINCORPORATED,-122.02390455,38.963247549999998
90158711,2016,2016-04-15,9155,2016-04-05,0825,015850,,2,1,9,0600,0,1,3,,2,023,"SR-20 E/B","LAKE COUNTY LINE",1584.00,E,N,A,-,Y,,,,,,,,,,Y,3,0,1,1,A,-,08,22107,,N,F,A,A,A,H,-,A,D,0,,,Y,,Y,,C,02,0,1,0,0,0,0,0,0,1,"- ","- ",,,COLUSA,UNINCORPORATED,,
90158728,2016,2016-04-15,9155,2016-04-06,0530,018658,,3,3,9,0600,0,1,1,,2,051,"I-5 N/B","CORTINA CREEK",20.00,S,N,A,-,Y,,,5,,,,,,N,Y,4,0,1,1,A,-,01,23152,A,N,E,I,A,A,H,-,D,D,0,,,,,Y,Y,A,07,0,0,1,0,0,0,0,0,0,"- ","- ",39.086500000000001,-122.10252,COLUSA,UNINCORPORATED,-122.10257086,39.086466299999998
90161116,2016,2016-04-19,9155,2016-04-11,0630,015996,,1,1,9,0600,0,2,4,,2,011,"OLD HWY 99W","HAHN RD",6864.00,N,N,A,-,N,,,,,,,,,,Y,4,0,1,2,A,-,08,22107,,N,A,C,A,A,H,-,B,D,0,,,,Y,Y,,D,22,0,0,1,0,0,0,0,0,0,"- ","- ",39.073410000000003,-122.09381,COLUSA,UNINCORPORATED,-122.09396298,39.073667800000003
90163521,2016,2016-04-22,9155,2016-04-14,1041,016541,,4,1,9,0600,0,3,5,,2,001,"OLD HWY 99W","COUNTY LINE ROAD",0.00,,Y,A,-,N,,,,,,,,,,Y,4,0,1,2,A,-,09,21802,A,N,D,C,A,A,H,-,A,A,0,,,,,Y,,A,07,0,0,1,0,0,0,0,0,0,"- ","- ",38.925550000000001,-122.99674,COLUSA,UNINCORPORATED,-121.99664995000001,38.925499909999999
90169687,2016,2016-04-29,9155,2016-04-27,1515,016541,,3,2,2,0602,0,1,1,,2,051,"I-5 S/B TO HUSTED ROAD","HUSTED RD",0.00,,Y,A,-,Y,,,5,,,,R,,S,Y,3,0,1,1,A,-,08,22107,,N,H,A,A,A,H,-,A,A,0,,,,,Y,,A,07,0,1,0,0,0,0,0,0,0,"- ","- ",39.12668,-122.13276,COLUSA,WILLIAMS,-122.13276,39.12668
90172535,2016,2016-05-04,9155,2016-04-18,0740,015850,,1,1,9,0600,0,3,5,,2,003,"GRIDLEY RD","RIVER ROAD",4752.00,E,N,A,-,N,,,,,,,,,,Y,4,0,1,1,A,-,08,22107,,N,E,J,A,A,H,-,A,D,0,,,,,Y,,A,01,0,0,1,0,0,0,0,0,0,"- ","- ",39.344729999999998,-121.99941,COLUSA,UNINCORPORATED,-121.98729867999999,39.344378489999997
90174353,2016,2016-05-06,9155,2016-04-28,1955,019568,,4,2,9,0600,0,1,1,,2,051,"INTERSTATE 5 SOUTHBOUND","MYERS RD",5808.00,S,N,A,-,Y,,,5,,,,,,S,Y,3,0,3,1,A,-,08,22107,,N,E,I,A,A,H,-,A,D,0,,,,,Y,,A,01,0,2,1,0,0,0,0,0,0,"- ","- ",39.08623,-122.10285,COLUSA,UNINCORPORATED,-122.10280778000001,39.086256769999999
90174407,2016,2016-05-06,9155,2016-05-02,1740,017613,,1,2,9,0600,0,2,4,,2,010,"LONE STAR ROAD","HAHN RD",25.00,N,N,A,-,N,,,,,,,,,,N,4,0,1,2,A,-,03,22350,,N,C,C,A,A,H,-,A,D,0,,,,,Y,,D,22,0,0,1,0,0,0,0,0,0,"- ","- ",39.056939999999997,-122.07906,COLUSA,UNINCORPORATED,-122.07898005,39.056918660000001
90177679,2016,2016-05-11,9155,2016-05-01,0045,019973,,7,3,9,0600,0,1,3,,2,023,"SR-20 E/B",SR-16,16896.00,E,N,A,-,Y,,,20,,,,,,E,Y,3,0,1,1,A,-,08,22107,,N,E,I,A,A,H,-,D,D,0,,,,,Y,,D,22,0,1,0,0,0,0,0,0,0,"- ","- ",39.052050000000001,-122.34241,COLUSA,UNINCORPORATED,-122.34247462,39.052036430000001
90177701,2016,2016-05-12,9155,2016-05-01,0213,019973,,7,3,9,0600,0,1,1,,2,051,"I-5 S/B","MYERS RD",2515.00,N,N,A,-,Y,,,5,,,,,,S,Y,2,0,3,2,A,-,01,23152,A,N,B,C,A,A,H,-,D,D,0,,,,,Y,Y,A,01,1,1,1,0,0,0,0,0,0,"- ","- ",39.108469999999997,-122.11784,COLUSA,UNINCORPORATED,-122.11779504,39.108490750000001
90177835,2016,2016-05-12,9155,2016-05-05,1240,019973,,4,1,9,0600,0,1,3,,2,023,SR-20,"LAKE COUNTY LINE",5280.00,E,N,C,-,Y,,,20,,,,,,,Y,4,0,1,1,A,-,03,22350,,N,E,I,A,B,H,-,A,D,0,,,,,Y,,D,22,0,0,1,0,0,0,0,0,0,"- ","- ",39.004739999999998,-122.39411,COLUSA,UNINCORPORATED,-122.39407269,39.004788949999998
90182534,2016,2016-05-18,9155,2016-05-06,0435,019568,,5,3,9,0600,0,1,1,,2,051,"INTERSTATE 5 SOUTHBOUND","HUSTED RD",1369.00,S,N,B,-,Y,,,5,,,,,,S,Y,3,0,3,1,A,-,08,22107,,N,F,A,A,B,H,-,D,D,0,,,,,Y,,A,08,0,3,0,0,0,0,0,0,0,"- ","- ",39.129010000000001,-122.13263999999999,COLUSA,UNINCORPORATED,-122.13291768000001,39.128750590000003
90182986,2016,2016-05-19,9155,2016-05-09,1625,015996,,1,2,2,0602,0,1,1,,2,051,"I-5 N/B","HUSTED RD.",2640.00,S,N,A,-,Y,,,5,,,,,,N,N,3,0,1,1,A,-,03,22350,,N,E,J,A,A,H,-,A,D,0,,,,,Y,,A,01,0,1,0,0,0,0,0,0,0,"- ","- ",39.123579999999997,-122.12685,COLUSA,WILLIAMS,-122.1271096,39.123395870000003
90183114,2016,2016-05-19,9155,2016-05-15,1230,016445,,7,1,9,0600,0,3,5,,2,006,"MAXWELL SITES RD","MILLS ORCHARD RD",4224.00,W,N,A,-,Y,,,,,,,,,,Y,3,0,1,1,A,-,08,22107,,N,F,A,A,A,H,-,A,D,0,,,,,Y,,D,22,0,1,0,0,0,0,0,0,0,"- ","- ",39.279089999999997,-122.28740000000001,COLUSA,UNINCORPORATED,-122.28835651,39.279795300000004
90183906,2016,2016-05-20,9155,2016-05-13,2500,019539,,5,4,9,0600,0,3,5,,2,006,"LODOGA-STONYFORD RD.","STITES RD",5280.00,S,N,A,-,N,,,,,,,,,,Y,3,0,1,1,A,-,08,22107,,N,F,I,A,A,H,-,D,D,0,,,,,Y,Y,D,22,0,1,0,0,0,0,0,0,0,"- ","- ",39.354930000000003,-122.54798,COLUSA,UNINCORPORATED,-122.54766486,39.354130670000004
90184014,2016,2016-05-20,9155,2016-05-10,1045,016445,,2,1,9,0600,0,3,5,,2,005,"DANLEY LATERAL RD","DANLEY RD",1745.00,W,N,A,-,N,,,,,,,,,,Y,1,1,0,1,A,-,08,22107,,N,F,A,A,A,H,-,A,D,0,,,,Y,Y,,F,79,0,0,0,0,0,0,0,0,0,"- ","- ",39.226100000000002,-122.25257999999999,COLUSA,UNINCORPORATED,-122.25253023,39.225978640000001
90187216,2016,2016-05-25,9155,2016-05-17,1505,017613,,2,2,9,0600,0,1,1,,2,051,"I-5 S/B","MYERS RD",4752.00,N,N,A,-,Y,,,5,,,,,,S,Y,3,0,1,1,A,-,08,22107,,N,E,I,A,A,H,-,A,D,0,,,,,Y,,A,01,0,1,0,0,0,0,0,0,0,"- ","- ",39.111899999999999,-122.12007,COLUSA,UNINCORPORATED,-122.1199269,39.111995049999997
90187251,2016,2016-05-25,9155,2016-05-18,0605,015996,,3,1,9,0600,0,1,1,,2,051,"I-5 N/B","HAHN RD",200.00,N,N,A,-,Y,,,5,,,,,,N,Y,3,0,1,1,A,-,08,22107,,N,E,I,A,A,H,-,A,D,0,,,,,Y,,A,07,0,1,0,0,0,0,0,0,0,"- ","- ",39.059449999999998,-122.08787,COLUSA,UNINCORPORATED,-122.08739656,39.059692839999997
90187301,2016,2016-05-25,9155,2016-05-22,1700,018739,,7,2,9,0600,0,3,5,,2,006,"BARTLETT SPRINGS RD","BEAR VALLEY RD",68640.00,W,N,A,-,N,,,,,,,,,,Y,3,0,2,2,A,-,05,21650,,N,A,C,A,A,H,-,A,D,0,,,Y,,Y,,-,"- ",0,2,0,0,0,0,0,0,2,"- ","- ",,,COLUSA,UNINCORPORATED,,
90187484,2016,2016-05-25,9155,2016-05-23,2225,018139,,1,3,9,0600,0,1,1,,2,051,"I-5 S/B","HARRINGTON AVE",2640.00,S,N,B,-,Y,,,5,,,,,,S,Y,3,0,1,1,A,-,08,22107,,N,E,I,A,A,H,-,D,D,0,,,,,Y,,A,01,0,1,0,0,0,0,0,0,0,"- ","- ",38.948500000000003,-122.0125,COLUSA,UNINCORPORATED,-122.01244792999999,38.948550220000001
90192800,2016,2016-06-01,9155,2016-05-30,0125,019281,,1,3,9,0600,0,1,3,,2,023,SR-20,"KING RD",2640.00,E,N,A,-,Y,,,20,,,,,,,Y,3,0,1,1,A,-,01,23152,A,N,E,I,A,A,H,-,D,D,0,,,,,Y,Y,D,22,0,1,0,0,0,0,0,0,0,"- ","- ",39.149320000000003,-122.24602,COLUSA,UNINCORPORATED,-122.24604180999999,39.149357950000002
90192821,2016,2016-06-01,9155,2016-05-31,0820,016445,,2,1,9,0600,0,1,1,,2,051,"I-5 S/B","HAHN RD",7392.00,N,N,A,-,Y,,,5,,,,,,S,Y,3,0,1,1,A,-,08,22107,,N,F,A,A,A,H,-,A,D,0,,,,,Y,,A,01,0,1,0,0,0,0,0,0,0,"- ","- ",39.071539999999999,-122.09363,COLUSA,UNINCORPORATED,-122.0935432,39.071581780000002
90193660,2016,2016-06-09,9155,2016-05-18,1055,018739,,3,1,9,0600,0,1,3,,2,023,SR-20,"LEESVILLE RD",9504.00,W,N,A,-,Y,,,20,,,,,,,Y,1,1,2,2,A,-,08,22107,,N,E,I,A,A,H,-,A,D,0,,,,,Y,,A,01,1,1,0,0,0,0,0,0,0,"- ","- ",39.105640000000001,-122.3158,COLUSA,UNINCORPORATED,-122.31580113,39.105661689999998
90195928,2016,2016-06-07,9155,2016-05-31,1000,016161,,2,1,9,0600,0,1,1,,2,052,"I-5 N/B","LENEHAN RD",2640.00,S,N,A,-,Y,,,5,,,,,,N,N,4,0,1,2,D,-,00,,,N,H,A,A,A,H,-,A,D,0,,,,,Y,,-,"- ",0,0,1,0,0,0,0,0,0,"- ","- ",39.325949999999999,-122.19456,COLUSA,UNINCORPORATED,-122.19456844,39.325949950000002
90196397,2016,2016-06-07,9155,2016-05-25,1725,018981,,3,2,9,0600,0,1,3,,2,023,SR-20,SR-16,8976.00,E,N,B,-,Y,,,20,,,,,,,N,4,0,1,1,A,-,08,22107,,N,F,A,A,A,H,-,A,D,0,,,Y,,Y,,C,02,0,0,1,0,0,0,0,0,1,"- ","- ",39.03022,-122.33905,COLUSA,UNINCORPORATED,-122.33899619,39.030189720000003
90197252,2016,2016-06-08,9155,2016-05-26,0755,015165,,4,1,9,0600,0,1,3,,1,042,"STATE ROUTE 45","FRUITVALE AVENUE",0.00,,Y,A,-,Y,,,,,,,,,,Y,3,0,1,2,A,-,09,21802,A,N,D,C,A,A,H,-,A,A,0,,,,,Y,,A,01,0,1,0,0,0,0,0,0,0,"- ","- ",39.136969999999998,-122.01203,COLUSA,UNINCORPORATED,-122.01981986,39.228219959999997
90198339,2016,2016-06-09,9155,2016-06-07,1340,018139,,2,1,9,0600,0,1,3,,2,023,SR-20,SR-16,13834.00,E,N,A,-,Y,,,20,,,,,,,Y,3,0,1,1,A,-,08,22107,,N,E,I,A,A,H,-,A,D,0,,,,,Y,,D,22,0,1,0,0,0,0,0,0,0,"- ","- ",39.042999999999999,-122.34059999999999,COLUSA,UNINCORPORATED,-122.34061273,39.042997300000003
90198944,2016,2016-06-10,9155,2016-06-03,0832,016541,,5,1,9,0600,0,3,5,,2,001,"TULE RD","LODI RD",516.00,W,N,A,-,N,,,,,,,,,,Y,3,0,1,1,A,-,08,22107,,N,F,A,A,A,H,-,A,D,0,,,,,Y,,A,01,0,1,0,0,0,0,0,0,0,"- ","- ",39.012700000000002,-121.93479000000001,COLUSA,UNINCORPORATED,-121.93367643000001,39.012722680000003
90202421,2016,2016-06-15,9155,2016-06-02,1320,015165,,4,1,9,0600,0,1,1,,2,052,"INTERSTATE 5 N/B","MAXWELL ROAD O/C",1000.00,N,N,A,-,N,,,,,,,,,,Y,4,0,1,2,A,-,03,22350,,N,C,C,A,A,H,-,A,D,0,,,,Y,Y,,A,01,0,0,1,0,0,0,0,0,0,"- ","- ",39.167299999999997,-122.10957999999999,COLUSA,UNINCORPORATED,-122.18267433,39.279041650000003
90203839,2016,2016-06-17,9155,2016-06-09,1530,018981,,4,2,9,0600,0,3,5,,2,001,"BALSDON ST","3RD ST",0.00,,Y,A,-,N,,,,,,,,,,N,4,0,1,2,A,-,09,21800,A,N,D,C,A,A,H,-,A,D,0,,,,,Y,,D,22,0,0,1,0,0,0,0,0,0,"- ","- ",39.074770000000001,-121.89582,COLUSA,UNINCORPORATED,-121.89579997,39.074779890000002
90206525,2016,2016-06-21,9155,2016-06-19,2353,019281,,7,3,9,0600,0,1,1,,2,052,"I-5 S/B","LURLINE AVE",7920.00,S,N,A,-,Y,,,5,,,,,,S,Y,2,0,2,2,A,-,07,21658,A,N,C,C,A,A,H,-,D,D,0,,,,,Y,,A,01,1,0,1,0,0,0,0,0,0,"- ","- ",39.199820000000003,-122.17534000000001,COLUSA,UNINCORPORATED,-122.17527342,39.199856240000003
90207607,2016,2016-06-22,9155,2016-06-17,1330,018981,,5,1,9,0600,0,1,3,,1,021,SR-20,"SYCAMORE CUT OFF",0.00,,Y,B,-,Y,,,20,,,,,,,Y,2,0,3,2,A,-,09,21801,A,N,D,C,A,A,H,-,A,D,0,,,,,Y,,A,01,1,0,2,0,0,0,0,0,0,"- ","- ",39.145980000000002,-121.94266,COLUSA,UNINCORPORATED,-121.94266002000001,39.145991039999998
90211814,2016,2016-06-29,9155,2016-06-28,1700,016445,,2,2,9,0600,0,1,3,,1,042,SR-45,"GLENN COUNTY LINE",155.00,S,N,A,-,Y,,,45,,,,,,,Y,4,0,1,1,A,-,13,22515,A,N,F,A,A,A,H,-,A,D,0,,,,,Y,,A,08,0,0,1,0,0,0,0,0,0,"- ","- ",39.41245,-122.0104,COLUSA,UNINCORPORATED,-122.01019340000001,39.412463770000002
90214725,2016,2016-07-01,9155,2016-06-10,2355,019539,,5,3,9,0600,0,1,1,,2,051,"I-5 S/B","HAHN RD",6864.00,N,N,A,-,Y,,,5,,,,,,S,Y,3,0,2,2,A,-,03,22350,,N,C,C,A,A,H,-,D,D,0,,,,,Y,,A,01,0,2,0,0,0,0,0,0,0,"- ","- ",39.074159999999999,-122.09492,COLUSA,UNINCORPORATED,-122.09485528,39.074195000000003
90218547,2016,2016-07-07,9155,2016-06-25,0123,019539,,6,3,9,0600,0,1,1,,2,051,"I-5 N/B","HALL ST",1200.00,S,N,A,-,Y,,,,,,,,,,Y,4,0,1,1,A,-,07,21658,A,N,E,I,A,A,H,-,C,D,0,,,,,Y,,A,01,0,0,1,0,0,0,0,0,0,"- ","- ",,,COLUSA,UNINCORPORATED,-122.05653799,39.01412655
90221202,2016,2016-07-12,9155,2016-07-01,0038,019447,,5,3,2,0602,0,1,1,,2,052,"I-5 N/B","FRESHWATER RD",620.00,S,N,A,-,Y,,,5,,,,,,N,Y,4,0,1,1,A,-,08,22107,,N,E,I,A,A,H,-,D,D,0,,,,,Y,,A,07,0,0,1,0,0,0,0,0,0,"- ","- ",39.172849999999997,-122.15346,COLUSA,WILLIAMS,-122.15353684,39.1727992
90221398,2016,2016-07-12,9155,2016-07-03,2015,018739,,7,2,9,0600,0,3,5,,2,001,"ABEL RD","HUSTED RD",6336.00,E,N,A,-,N,,,,,,,,,,Y,3,0,3,2,A,-,08,22107,,N,D,C,A,A,H,-,A,D,0,,,,,Y,,A,08,0,3,0,0,0,0,0,0,0,"- ","- ",39.145090000000003,-122.10536999999999,COLUSA,UNINCORPORATED,-122.11033392,39.14504264
90221671,2016,2016-07-13,9155,2016-07-05,1221,016541,,2,1,9,0600,0,1,3,,2,023,SR-20,"SCHAAD RD",538.00,W,N,A,-,Y,,,20,,,,,,,Y,3,0,2,1,A,-,08,22107,,N,E,I,A,A,H,-,A,A,0,,,,,Y,,D,22,0,2,0,0,0,0,0,0,0,"- ","- ",39.152279999999998,-122.22869,COLUSA,UNINCORPORATED,-122.22868646000001,39.152883289999998
90221795,2016,2016-07-13,9155,2016-07-04,0255,019281,,1,3,9,0600,0,1,3,,2,023,SR-20,"WALNUT DR",4224.00,E,N,A,-,Y,,,20,,,,,,,Y,3,0,1,1,A,-,08,22107,,N,F,A,A,A,H,-,D,D,0,,,,,Y,Y,D,22,0,1,0,0,0,0,0,0,0,"- ","- ",39.129429999999999,-122.2811,COLUSA,UNINCORPORATED,-122.28106937,39.129394550000001
90223938,2016,2016-07-15,9155,2016-07-06,0709,012512,,3,1,9,0600,0,1,1,,2,052,"I-5 S/B","DELEVAN RD. O/C",4224.00,N,N,A,-,Y,,,5,,,,,,S,Y,2,0,1,2,A,-,07,21658,A,N,B,C,A,A,H,-,A,A,0,,,,Y,Y,,A,01,1,0,0,0,0,0,0,0,0,"- ","- ",39.360979999999998,-122.19298999999999,COLUSA,UNINCORPORATED,-122.19299871,39.36097985
90225489,2016,2016-07-19,9155,2016-07-18,1451,018866,,1,2,9,0600,0,1,1,,2,051,"I-5 N/B","HARRINGTON AVE",315.00,S,N,A,-,Y,,,5,,,,,,N,Y,3,0,2,1,A,-,08,22107,,N,F,I,A,A,H,-,A,D,0,,,,,Y,,D,23,0,2,0,0,0,0,0,0,0,"- ","- ",38.94952,-122.01347,COLUSA,UNINCORPORATED,-122.01326688,38.949749840000003
90229669,2016,2016-07-25,9155,2016-07-16,1055,012512,,6,1,2,0602,0,1,1,,2,052,"I-5 S/B TO SR-20","SR-20 O/C",796.00,N,N,A,-,Y,,,5,,,,R,,S,Y,3,0,1,1,A,-,00,22017,,N,F,A,A,A,H,-,A,A,0,,,Y,,Y,,C,02,0,1,0,0,0,0,0,0,1,"- ","- ",39.168329999999997,-122.15177,COLUSA,WILLIAMS,-122.15177,39.168329999999997
90229765,2016,2016-07-25,9155,2016-07-16,0312,019539,,6,3,9,0600,0,3,5,,2,003,"D ST","WEBSTER ST",530.00,S,N,A,-,N,,,,,,,,,,Y,4,0,1,1,A,-,01,23152,A,N,F,I,A,A,H,-,D,D,0,,,,,Y,Y,A,01,0,0,1,0,0,0,0,0,0,"- ","- ",39.205660000000002,-121.99928,COLUSA,UNINCORPORATED,-121.99935234,39.205605220000002
90231720,2016,2016-07-27,9155,2016-07-27,0700,018139,,3,1,9,0600,0,1,1,,2,051,"I-5 S/B","HILLGATE RD.",38.00,S,N,A,-,Y,,,5,,,,,,S,Y,4,0,1,1,A,-,08,22107,,N,E,I,A,A,H,-,A,D,0,,,,,Y,,A,01,0,0,1,0,0,0,0,0,0,"- ","- ",39.011600000000001,-122.0539,COLUSA,UNINCORPORATED,-122.05376355,39.011695170000003
9024084,2019,2020-02-14,0601,2019-12-02,1700,8448,0601,1,5,2,0601,0,0,0,,0,00D,"FREMONT ST","2ND ST",0.00,,Y,C,-,N,,,,,,,,,,N,3,0,1,2,A,-,09,21802,A,N,B,C,A,B,H,-,C,D,0,,,,,Y,,A,01,0,1,0,0,0,0,0,0,0,"- ","- ",,,COLUSA,COLUSA,-122.00633239746094,39.206798553466797
90241061,2016,2016-08-09,9155,2016-07-29,2208,019539,,5,3,9,0600,0,1,3,,2,023,"SR-20 E/B","KING RD",21120.00,W,N,A,-,Y,,,20,,,,,,E,Y,3,0,1,1,A,-,01,23152,A,N,F,A,A,A,H,-,D,D,0,,,,,Y,Y,A,07,0,1,0,0,0,0,0,0,0,"- ","- ",39.10642,-122.31198999999999,COLUSA,UNINCORPORATED,-122.3119611,39.10635044
9024435,2019,2020-02-11,0601,2019-12-18,1705,8447,0601,3,5,2,0601,0,0,0,,0,00D,"FREMONT ST","2ND ST",0.00,,Y,B,C,N,,,,,,,,,,N,4,0,1,2,A,-,03,22350,,N,C,C,A,B,H,-,D,D,0,,,,,Y,,D,22,0,0,1,0,0,0,0,0,0,"- ","- ",,,COLUSA,COLUSA,-122.00633239746094,39.206798553466797
90246201,2016,2016-08-16,9155,2016-08-03,1810,018866,,3,2,9,0600,0,3,5,,2,001,"OLD HWY 99W","HARRINGTON AVE",611.00,S,N,A,-,Y,,,,,,,,,,Y,3,0,1,1,A,-,08,22107,,N,E,I,A,A,H,-,A,D,0,,,,,Y,,A,01,0,1,0,0,0,0,0,0,0,"- ","- ",38.955150000000003,-122.01145,COLUSA,UNINCORPORATED,-122.01470768,38.953487490000001
90246800,2016,2016-08-17,9155,2016-06-03,1700,018739,,5,2,9,0600,0,3,5,,2,001,"MAGNOLIA ST","1ST ST",20.00,E,N,A,-,N,,,,,,,,,,N,3,0,1,3,A,-,21,22106,,N,G,B,E,A,H,-,A,D,0,Y,,,,Y,,A,01,0,1,0,0,1,0,0,0,0,"- ","- ",39.018729999999998,-122.05235,COLUSA,UNINCORPORATED,-122.05227959,39.018859239999998
90250694,2016,2016-08-23,9155,2016-08-06,1335,018981,,6,1,9,0600,0,3,5,,2,004,"MAXWELL RD","4 MILE RD",3000.00,E,N,A,-,N,,,,,,,,,,Y,2,0,1,2,A,-,03,22350,,N,B,C,A,A,H,-,A,D,0,,,,,Y,,A,01,1,0,0,0,0,0,0,0,0,"- ","- ",39.275460000000002,-122.10603,COLUSA,UNINCORPORATED,-122.10605969,39.275455800000003
90252085,2016,2016-08-24,9155,2016-08-11,0715,015165,,4,1,9,0600,0,1,3,,2,023,"STATE ROUTE 20","LAKE COUNTY LINE",1934.00,E,N,A,-,Y,,,20,,,,,,,Y,3,0,1,1,A,-,08,22107,,N,E,I,A,A,H,-,A,D,0,,,,,Y,,A,01,0,1,0,0,0,0,0,0,0,"- ","- ",39.008980000000001,-122.40469,COLUSA,UNINCORPORATED,-122.4046926,39.008971649999999
90252116,2016,2016-08-24,9155,2016-08-21,1258,016541,,7,1,9,0600,0,3,5,,2,002,"PUTNAM WAY","HALL ST",25.00,N,N,A,-,N,,,,,,,,,,Y,4,0,1,2,A,-,01,23152,A,N,C,C,A,A,H,-,A,A,0,,,,,Y,Y,A,01,0,0,1,0,0,0,0,0,0,"- ","- ",39.016970000000001,-122.05906,COLUSA,UNINCORPORATED,-122.05902750999999,39.016892110000001
90256312,2016,2016-08-29,9155,2016-08-17,0640,015165,,3,1,2,0601,0,3,5,,2,003,"RIVER ROAD","LAUX RD",19008.00,N,N,A,-,N,,,,,,,,,,Y,3,0,1,1,A,-,08,22107,,N,F,I,A,A,H,-,B,D,0,,,,,Y,,A,01,0,1,0,0,0,0,0,0,0,"- ","- ",39.292160000000003,-122.01361,COLUSA,COLUSA,-122.01364255999999,39.291167659999999
90257569,2016,2016-08-31,9155,2016-08-21,1840,015850,,7,2,9,0600,0,1,3,,1,022,SR-20,"WILSON AVENUE",0.00,,Y,A,-,Y,,,20,,,,,,,Y,2,0,2,2,A,-,09,21801,A,N,D,C,A,A,H,-,A,D,0,,,,Y,Y,,M,46,1,0,1,0,0,0,0,0,0,"- ","- ",39.196660000000001,-122.03716,COLUSA,UNINCORPORATED,-122.03716226,39.196667089999998
90258765,2016,2016-09-06,9155,2016-08-24,2010,019568,,3,2,9,0600,0,3,5,,2,001,"MYERS RD","OLD HWY 99W",3696.00,E,N,A,-,N,,,,,,,,,,Y,4,0,1,1,A,-,08,22107,,N,E,I,A,A,H,-,B,D,0,,,,,Y,,A,07,0,0,1,0,0,0,0,0,0,"- ","- ",39.100520000000003,-122.09799,COLUSA,UNINCORPORATED,-122.09890729,39.100921800000002
90260224,2016,2016-09-02,9155,2016-09-01,1249,019539,,4,1,9,0600,0,1,1,,2,051,"I-5 S/B","MYERS RD",2851.00,N,N,A,-,Y,,,5,,,,,,S,Y,3,0,2,1,A,-,08,22107,,N,F,A,A,A,H,-,A,D,0,,,,,Y,,A,07,0,2,0,0,0,0,0,0,0,"- ","- ",39.107869999999998,-122.11734,COLUSA,UNINCORPORATED,-122.11752577999999,39.107801119999998
90262176,2016,2016-09-06,9155,2016-08-29,1609,019718,,1,2,9,0600,0,3,5,,2,002,"7TH STREET","LUCAS STREET",71.00,N,N,A,-,N,,,,,,,,,,N,3,0,1,1,A,-,13,22515,A,N,G,B,A,A,H,-,A,D,0,,,,,Y,,D,22,0,1,0,0,0,0,0,0,0,"- ","- ",39.017650000000003,-122.06008,COLUSA,UNINCORPORATED,-122.06016922000001,39.017541389999998
90262825,2016,2016-09-07,9155,2016-09-06,0200,019447,,2,3,9,0600,0,3,5,,2,001,"DRY SLOUGH RD","SACHREITER RD",5280.00,S,N,A,-,N,,,,,,,,,,Y,3,0,1,1,A,-,03,22350,,N,F,A,A,A,H,-,D,D,0,,,,Y,Y,,G,25,0,1,0,0,0,0,0,0,0,"- ","- ",39.078600000000002,-121.9498,COLUSA,UNINCORPORATED,-121.94990058,39.078684600000003
90267050,2016,2016-09-13,9155,2016-09-11,1732,018866,,7,2,9,0600,0,3,5,,2,006,"BEAR VALLEY RD",SR-20,14256.00,N,N,A,-,N,,,,,,,,,,Y,3,0,3,2,A,-,17,21662,A,N,A,C,A,A,H,-,A,D,0,,,,,Y,,A,01,0,1,2,0,0,0,0,0,0,"- ","- ",39.026699999999998,-122.39746,COLUSA,UNINCORPORATED,-122.3984233,39.027291650000002
90267103,2016,2016-09-13,9155,2016-09-05,1749,018866,,1,2,9,0600,0,3,5,,2,006,"GOAT MOUNTAIN RD","LODOGA-STONYFORD RD.",15840.00,S,N,A,-,N,,,,,,,,,,Y,3,0,1,1,A,-,08,22107,,N,F,A,A,A,H,-,A,D,0,,,,,Y,,E,22,0,1,0,0,0,0,0,0,0,"- ","- ",39.288229999999999,-122.57608999999999,COLUSA,UNINCORPORATED,-122.57637966,39.288236390000002
90271543,2016,2016-09-20,9155,2016-09-14,0725,017062,,3,1,9,0600,0,3,5,,2,002,"WALNUT DR.","ZUMWALT RD.",1584.00,W,N,A,-,N,,,,,,,,,,Y,4,0,1,1,A,-,08,22107,,N,E,I,A,A,H,-,A,D,0,,,,,Y,,A,07,0,0,1,0,0,0,0,0,0,"- ","- ",39.119399999999999,-122.15631,COLUSA,UNINCORPORATED,-122.15723461,39.119565520000002
90271600,2016,2016-09-20,9155,2016-09-15,1435,019164,,4,2,9,0600,0,1,1,,2,051,"I-5 N/B","HILLGATE RD",4224.00,S,N,A,-,Y,,,5,,,,,,N,Y,4,0,1,2,A,-,07,21658,A,N,B,C,A,A,H,-,A,D,0,,,,,Y,,A,07,0,0,1,0,0,0,0,0,0,"- ","- ",39.004060000000003,-122.04835,COLUSA,UNINCORPORATED,-122.04834817,39.004061200000002
90278395,2016,2016-09-28,9155,2016-09-21,0140,016161,,3,3,9,0600,0,3,5,,2,001,"GRIMES-ARBUCKLE ROAD","POUNDSTONE ROAD",100.00,E,N,A,-,N,,,,,,,,,,Y,3,0,1,1,A,-,08,22107,,N,E,I,A,A,H,-,D,D,0,,,,,Y,,A,01,0,1,0,0,0,0,0,0,0,"- ","- ",39.067369999999997,-121.90048,COLUSA,UNINCORPORATED,-121.90039695,39.067552620000001
90279163,2016,2016-09-29,9155,2016-09-14,0540,019281,,3,3,9,0600,0,2,4,,2,011,"OLD HWY 99W","MYERS RD",1320.00,N,N,A,-,N,,,,,,,,,,Y,1,1,1,2,A,-,06,21751,,N,A,C,A,A,H,-,D,D,0,,,,Y,Y,,A,01,0,1,0,0,0,0,0,0,0,"- ","- ",39.104680000000002,-122.11427,COLUSA,UNINCORPORATED,-122.11404004000001,39.104260830000001
90283562,2016,2017-06-16,9155,2016-09-29,1125,015996,,4,1,9,0600,0,3,5,,2,002,"WILDWOOD RD","GREENBAY RD",209.00,N,N,A,-,N,,,,,,,,,,Y,1,1,2,5,A,-,03,22350,,N,C,C,E,A,H,-,A,D,0,Y,,,,Y,,A,01,0,0,2,0,1,0,0,0,0,"- ","- ",38.966009999999997,-122.0609,COLUSA,UNINCORPORATED,-122.06085861,38.96598401
90283696,2016,2016-10-04,9155,2016-10-02,0600,018739,,7,1,2,0602,0,1,1,,2,051,"I-5 N/B","HUSTED RD",528.00,S,N,A,-,Y,,,,,,,,,,Y,3,0,1,1,A,-,08,22107,,N,F,A,A,A,H,-,D,D,0,,,,,Y,,A,01,0,1,0,0,0,0,0,0,0,"- ","- ",39.130710000000001,-122.1326,COLUSA,WILLIAMS,-122.13161175,39.12793276
90286102,2016,2016-10-06,9155,2016-10-03,1629,018866,,1,2,9,0600,0,3,5,,2,006,"SITES-LODOGA RD.","RAIL CANYON RD",2112.00,S,N,C,-,N,,,,,,,,,,Y,4,0,1,2,A,-,05,21460,A,N,A,C,A,B,H,-,A,D,0,,,,,Y,,D,22,0,0,1,0,0,0,0,0,0,"- ","- ",39.357500000000002,-122.45677000000001,COLUSA,UNINCORPORATED,-122.46355575,39.350129750000001
90291308,2016,2016-10-13,9155,2016-10-02,0030,019539,,7,3,9,0600,0,1,1,,2,051,"I-5 S/B","MYERS RD",1100.00,N,N,A,-,Y,,,5,,,,,,S,Y,4,0,1,2,A,-,08,22107,,N,B,C,A,A,H,-,A,D,0,,,,Y,Y,,A,01,0,0,1,0,0,0,0,0,0,"- ","- ",39.103299999999997,-122.11638000000001,COLUSA,UNINCORPORATED,-122.11631398999999,39.103326979999999
90293785,2016,2016-10-17,9155,2016-10-09,1918,019281,,7,2,9,0600,0,3,5,,2,001,"OLD HWY 99W","HAHN RD",6864.00,N,N,A,-,N,,,,,,,,,,Y,4,0,1,1,A,-,01,23152,A,N,E,I,A,A,H,-,D,D,0,,,,,Y,Y,A,01,0,0,1,0,0,0,0,0,0,"- ","- ",39.074930000000002,-122.09477,COLUSA,UNINCORPORATED,-122.09396298,39.073667800000003
90294905,2016,2016-10-18,9155,2016-10-12,1810,019281,,3,2,9,0600,0,3,5,,2,001,"4TH ST","TULE RD",351.00,S,N,A,-,N,,,,,,,,,,N,3,0,1,1,A,-,08,22107,,N,E,J,A,A,H,-,A,D,0,,,Y,,Y,,C,06,0,1,0,0,0,0,0,0,1,"- ","- ",39.010260000000002,-122.01148999999999,COLUSA,UNINCORPORATED,-122.0112637,39.011956189999999
90300265,2016,2016-10-25,9155,2016-10-14,2015,019568,,5,2,9,0600,0,1,3,,1,042,"SR-45 N/B","PARADISE RD",528.00,N,N,B,-,Y,,,45,,,,,,N,Y,3,0,1,1,A,-,08,22107,,N,F,A,A,A,H,-,D,D,0,,,,,Y,,A,01,0,1,0,0,0,0,0,0,0,"- ","- ",39.393569999999997,-122.01367999999999,COLUSA,UNINCORPORATED,-122.01363585999999,39.39355209
90300612,2016,2016-10-25,9155,2016-10-15,2140,019568,,6,2,9,0600,0,3,5,,2,003,SR-20,"WILSON RD",90.00,W,N,A,-,Y,,,20,,,,,,,N,4,0,1,1,C,-,18,,,N,E,H,A,B,H,-,D,D,0,,,,,Y,,-,"- ",0,0,1,0,0,0,0,0,0,"- ","- ",39.196660000000001,-122.03713999999999,COLUSA,UNINCORPORATED,-122.03714411,39.196672880000001
90300658,2016,2016-10-25,9155,2016-10-15,1442,016541,,6,2,9,0600,0,1,1,,2,052,"I-5 N/B","LURLINE AVE",4224.00,S,N,B,G,Y,,,5,,,,,,N,Y,2,0,1,2,A,-,08,22107,,N,B,C,A,A,H,-,A,A,0,,,,Y,Y,,D,22,1,0,0,0,0,0,0,0,0,"- ","- ",39.205970000000001,-122.17815,COLUSA,UNINCORPORATED,-122.17821342000001,39.205935510000003
90303051,2016,2016-10-27,9155,2016-10-17,1021,015850,,1,1,9,0600,0,1,3,,2,023,SR-20,"EAST CAMP RD",65.00,E,N,A,-,Y,,,20,,,,,,,Y,4,0,1,1,A,-,08,22107,,N,E,I,A,A,H,-,A,D,0,,,,,Y,,A,01,0,0,1,0,0,0,0,0,0,"- ","- ",39.15287,-122.21668,COLUSA,UNINCORPORATED,-122.21668018,39.152811370000002
90303429,2016,2016-10-27,9155,2016-10-19,0105,019539,,3,3,9,0600,0,1,3,,1,021,"SR-20 W/B","SUNRISE BLVD",1112.00,W,N,B,-,Y,,,20,,,,,,W,Y,4,0,1,1,A,-,08,22107,,N,F,A,A,A,H,-,D,D,0,,,,,Y,,A,01,0,0,1,0,0,0,0,0,0,"- ","- ",39.192689999999999,-121.99876,COLUSA,UNINCORPORATED,-121.99871121,39.192718069999998
90310031,2016,2016-11-02,9155,2016-10-25,1025,016445,,2,1,9,0600,0,1,1,,2,051,"I-5 S/B","HARRINGTON AVE",4900.00,S,N,C,-,Y,,,5,,,,,,S,Y,3,0,1,2,A,-,08,22107,,N,C,C,A,B,H,-,A,D,0,,,,Y,Y,,A,01,0,1,0,0,0,0,0,0,0,"- ","- ",38.951880000000003,-122.01639,COLUSA,UNINCORPORATED,-122.01636111000001,38.951909059999998
90310971,2016,2016-11-03,9155,2016-10-26,1733,019973,,3,2,9,0600,0,1,3,,1,022,SR-20,"WILSON AVE",0.00,,Y,A,-,Y,,,20,,,,,,,N,4,0,3,2,A,-,05,21460,A,N,B,C,A,A,H,-,A,D,0,,,,,Y,,A,07,0,0,3,0,0,0,0,0,0,"- ","- ",39.196649999999998,-122.03715,COLUSA,UNINCORPORATED,-122.03715608,39.196669059999998
90311107,2016,2016-11-03,9155,2016-10-30,1020,016445,,7,1,9,0600,0,1,1,,2,052,"I-5 S/B","MAXWELL OVERHEAD",125.00,N,N,C,-,Y,,,5,,,,,,S,Y,4,0,2,1,A,-,03,22350,,N,E,I,A,B,H,-,A,D,0,,,,,Y,,A,01,0,0,2,0,0,0,0,0,0,"- ","- ",39.3093,-122.18964,COLUSA,UNINCORPORATED,-122.18962525000001,39.309311090000001
90320340,2016,2016-11-15,9155,2016-11-03,0700,015165,,4,1,9,0600,0,3,5,,2,004,"COUNTY ROAD 68","GLENN COUNTY LINE",135.00,E,N,A,-,N,,,,,,,,,,Y,4,0,1,1,A,-,08,22107,,N,E,I,A,A,H,-,B,D,0,,,,,Y,,D,22,0,0,1,0,0,0,0,0,0,"- ","- ",39.407290000000003,-122.13612000000001,COLUSA,UNINCORPORATED,,
90321276,2016,2016-11-16,9155,2016-11-04,1543,019539,,5,2,9,0600,0,1,1,,2,052,"I-5 S/B","DELEVAN RD",3168.00,N,N,A,-,Y,,,5,,,,,,S,Y,3,0,1,1,A,-,08,22107,,N,F,A,A,A,H,-,A,D,0,,,,,Y,,D,22,0,1,0,0,0,0,0,0,0,"- ","- ",39.357709999999997,-122.19322,COLUSA,UNINCORPORATED,-122.19308832,39.357693740000002
90322296,2016,2016-11-23,9155,2016-10-29,0215,019692,,6,3,9,0600,0,1,1,,2,052,"I-5 N/B","MAXWELL RD",528.00,S,N,B,-,Y,,,5,,,,,,N,Y,3,0,3,2,A,-,03,22350,,F,C,C,A,B,H,-,C,D,0,,,,,Y,,A,01,0,1,2,0,0,0,0,0,0,"- ","- ",39.317169999999997,-122.19409,COLUSA,UNINCORPORATED,-122.19413197999999,39.317157430000002
90322377,2016,2016-11-17,9155,2016-11-07,1915,018866,,1,2,9,0600,0,1,3,,2,041,"SR-45 N/B","WILSON BEND RD",711.00,N,N,A,-,Y,,,45,,,,,,N,Y,3,0,1,1,A,-,08,22107,,N,E,I,A,A,H,-,C,D,0,,,,,Y,,D,22,0,1,0,0,0,0,0,0,0,"- ","- ",38.968649999999997,-121.84768,COLUSA,UNINCORPORATED,-121.84768002,38.968648780000002
90322381,2016,2016-11-17,9155,2016-11-07,0733,015850,,1,1,9,0600,0,2,4,,2,010,"LONE STAR RD","ABEL RD",2640.00,S,N,A,-,N,,,,,,,,,,Y,3,0,1,1,A,-,08,22107,,N,E,I,A,A,H,-,A,D,0,,,,,Y,,A,01,0,1,0,0,0,0,0,0,0,"- ","- ",39.130330000000001,-122.07857,COLUSA,UNINCORPORATED,-122.07858564999999,39.137722150000002
90322425,2016,2016-11-17,9155,2016-11-07,1725,019164,,1,2,9,0600,0,3,5,,2,004,"RIVER RD","LAUX RD",16368.00,N,N,A,-,N,,,,,,,,,,Y,3,0,1,1,A,-,08,22107,,N,F,A,A,A,H,-,D,D,0,,,,,Y,,A,07,0,1,0,0,0,0,0,0,0,"- ","- ",39.285179999999997,-122.01477,COLUSA,UNINCORPORATED,-122.01410542000001,39.284070829999997
90324876,2016,2016-11-18,9155,2016-11-09,0004,018818,,3,3,9,0600,0,1,1,,2,052,"I-5 N/B","MAXWELL RD",3168.00,N,N,A,-,Y,,,5,,,,,,N,Y,3,0,1,1,A,-,08,22107,,N,E,I,A,A,H,-,D,D,0,,,,,Y,,D,22,0,1,0,0,0,0,0,0,0,"- ","- ",39.284849999999999,-122.18402,COLUSA,UNINCORPORATED,-122.18360196,39.284910850000003
90325082,2016,2016-11-18,9155,2016-11-13,2228,018866,,7,3,9,0600,0,1,1,,2,052,"I-5 S/B","FAIRVIEW RD",5280.00,N,N,A,-,Y,,,5,,,,,,S,Y,4,0,1,2,A,-,03,22350,,N,C,C,A,A,H,-,C,D,0,,,,Y,Y,,A,01,0,0,1,0,0,0,0,0,0,"- ","- ",39.262599999999999,-122.18237000000001,COLUSA,UNINCORPORATED,-122.18248249,39.262599780000002
90327695,2016,2016-11-22,9155,2016-11-16,0330,016161,,3,3,9,0600,0,3,5,,2,003,"RIVER RD.","GRIDLEY RD",8976.00,S,N,A,-,N,,,,,,,,,,N,4,0,1,1,A,-,08,22107,,N,F,A,A,A,H,-,D,D,0,,,,,Y,,D,22,0,0,1,0,0,0,0,0,0,"- ","- ",39.334429999999998,-122.01746,COLUSA,UNINCORPORATED,-122.01746839,39.329887069999998
90333431,2016,2016-11-30,9155,2016-11-16,0440,018818,,3,3,9,0600,0,1,1,,2,051,"I-5 N/B","HAHN RD.",6864.00,N,N,A,-,Y,,,5,,,,,,N,Y,3,0,1,1,A,-,08,22107,,N,E,I,A,A,H,-,C,D,0,,,,,Y,,D,22,0,1,0,0,0,0,0,0,0,"- ","- ",39.074930000000002,-122.09479,COLUSA,UNINCORPORATED,-122.09492983,39.074840760000001
90333672,2016,2016-11-30,9155,2016-11-24,1959,018783,,4,2,9,0600,0,1,3,,2,023,SR-20,"WALNUT DR",35376.00,W,N,A,-,Y,,,20,,,,,,,Y,2,0,2,2,A,-,08,22107,,N,A,C,A,A,H,-,D,D,0,,,,,Y,,A,01,1,0,1,0,0,0,0,0,0,"- ","- ",39.045520000000003,-122.34106,COLUSA,UNINCORPORATED,-122.34113565,39.045502900000002
90334484,2016,2016-12-01,9155,2016-11-12,1515,015165,,6,2,9,0600,0,3,5,,2,003,"BUTTE SLOUGH RD","MARTY RD.",3696.00,W,N,A,-,N,,,,,,,,,,N,3,0,1,1,A,-,01,23152,A,N,F,A,A,A,H,-,A,D,0,,,Y,,Y,Y,C,02,0,1,0,0,0,0,0,0,1,"- ","- ",39.198360000000001,-121.94734,COLUSA,UNINCORPORATED,-121.9468689,39.198271859999998
90339633,2016,2016-12-07,9155,2016-11-26,2155,019973,,6,2,2,0601,0,3,5,,2,001,"863 WILDWOOD ROAD","WILDWOOD RD",20.00,N,N,A,-,N,,,,,,,,,,Y,3,0,1,1,A,-,01,23152,A,N,E,I,A,A,H,-,C,D,0,,,,,Y,Y,A,01,0,1,0,0,0,0,0,0,0,"- ","- ",38.998550000000002,-122.06068999999999,COLUSA,COLUSA,-122.06076,38.998469999999998
90339769,2016,2016-12-07,9155,2016-12-05,1905,019281,,1,2,9,0600,0,3,5,,2,001,"COUNTY LINE ROAD","WILDWOOD RD",3168.00,E,N,A,-,N,,,,,,,,,,Y,3,0,1,1,A,-,08,22107,,N,F,A,A,A,H,-,D,D,0,,,,,Y,,D,22,0,1,0,0,0,0,0,0,0,"- ","- ",38.92586,-122.0493,COLUSA,UNINCORPORATED,-122.04997127999999,38.92586
9034422,2019,2020-06-15,0601,2019-11-27,1630,8448,0601,3,5,2,0601,0,0,0,,0,00B,"RT 20","5TH ST",0.00,,Y,B,-,Y,COL,3,20,-,-,31.470,I,5,E,N,4,0,1,2,A,-,09,21803,A,N,B,C,A,A,H,-,A,D,0,,,,,Y,,A,01,0,0,1,0,0,0,0,0,0,"- ","- ",,,COLUSA,COLUSA,-122.00794219970703,39.21405029296875
90345871,2016,2016-12-15,9155,2016-12-08,1052,019539,,4,1,9,0600,0,1,3,,2,023,"SR-20 W/B",SR-16,12672.00,W,N,B,C,Y,,,20,,,,,,W,Y,4,0,1,1,A,-,03,22350,,N,F,A,A,B,H,-,A,D,0,,,,,Y,,D,23,0,0,1,0,0,0,0,0,0,"- ","- ",39.004159999999999,-122.39313,COLUSA,UNINCORPORATED,-122.39311544,39.004225069999997
90345912,2016,2016-12-15,9155,2016-12-13,1350,016445,,2,1,9,0600,0,1,3,,2,023,"SR-20 E/B","WALNUT DR",16896.00,W,N,A,-,Y,,,20,,,,,,E,Y,4,0,1,1,A,-,08,22107,,N,E,I,A,A,H,-,A,D,0,,,,,Y,,A,07,0,0,1,0,0,0,0,0,0,"- ","- ",39.101819999999996,-122.33599,COLUSA,UNINCORPORATED,-122.33601455,39.10184194
90349194,2016,2016-12-20,9155,2016-12-08,0815,015165,,4,1,9,0600,0,3,5,,2,001,"GRIMES-ARBUCKLE RD","BAILEY RD",150.00,S,N,B,C,N,,,,,,,,,,Y,3,0,1,1,A,-,03,22350,,N,E,I,A,B,H,-,A,D,0,,,,,Y,,A,01,0,1,0,0,0,0,0,0,0,"- ","- ",39.02722,-122.01478,COLUSA,UNINCORPORATED,-122.01595229,39.02707805
90349221,2016,2016-12-20,9155,2016-12-08,1248,012512,,4,1,9,0600,0,1,3,,2,023,"SR-20 E/B","WALNUT DR.",4752.00,W,N,B,C,Y,,,20,,,,,,E,Y,3,0,1,1,A,-,08,22107,,N,F,A,A,B,H,-,A,A,0,,,,,Y,,A,08,0,1,0,0,0,0,0,0,0,"- ","- ",39.107500000000002,-122.30647999999999,COLUSA,UNINCORPORATED,-122.3064826,39.10754575
90349646,2016,2016-12-20,9155,2016-12-09,1348,016541,,5,1,9,0600,0,1,1,,2,051,"I-5 N/B","HALL ST",800.00,S,N,B,-,Y,,,5,,,,,,N,Y,3,0,1,2,A,-,03,22350,,N,E,I,A,B,H,-,A,A,0,,,,Y,Y,,G,25,0,1,0,0,0,0,0,0,0,"- ","- ",39.015329999999999,-122.05748,COLUSA,UNINCORPORATED,-122.05753194,39.015295989999998
90349832,2016,2016-12-20,9155,2016-12-13,1720,019164,,2,2,9,0600,0,2,4,,2,011,"OLD HWY 99W","HAHN RD",3696.00,N,N,B,-,Y,,,,,,,,,,Y,4,0,1,1,A,-,03,22350,,N,E,J,A,B,H,-,D,D,0,,,,,Y,,A,01,0,0,1,0,0,0,0,0,0,"- ","- ",39.067979999999999,-122.09096,COLUSA,UNINCORPORATED,-122.08921411999999,39.065844910000003
90353388,2016,2016-12-27,9155,2016-10-20,1946,019447,,4,2,9,0600,0,3,5,,2,004,"LURLINE AVE","JAMESON RD",4224.00,E,N,A,-,N,,,,,,,,,,Y,1,2,1,1,A,-,03,22350,,N,E,I,A,A,H,-,D,D,0,,,,,Y,,A,07,1,0,0,0,0,0,0,0,0,"- ","- ",39.217329999999997,-122.06122000000001,COLUSA,UNINCORPORATED,-122.06260442999999,39.217359999999999
90353690,2016,2016-12-27,9155,2016-12-14,0310,019281,,3,3,2,0602,0,1,1,,2,052,"I-5 S/B","SALT CREEK",10.00,S,N,B,-,Y,,,5,,,,,,S,Y,4,0,1,1,A,-,08,22107,,N,E,I,A,B,H,-,D,D,0,,,,,Y,,A,01,0,0,1,0,0,0,0,0,0,"- ","- ",39.172040000000003,-122.15313999999999,COLUSA,WILLIAMS,-122.15334783,39.171912130000003
90366872,2016,2017-01-11,9155,2016-12-31,0710,012512,,6,1,9,0600,0,1,1,,2,052,"I-5 S/B","FAIRVIEW RD. O/C",3696.00,S,N,B,C,Y,,,5,,,,,,S,Y,4,0,1,2,A,-,07,21658,A,F,B,C,A,B,H,-,B,A,0,,,,,Y,,A,01,0,0,1,0,0,0,0,0,0,"- ","- ",39.236930000000001,-122.18205,COLUSA,UNINCORPORATED,-122.18200481,39.236931159999997
90367359,2016,2017-01-11,9155,2016-11-26,0240,019692,,6,3,9,0600,0,3,5,,2,003,"RIVER RD","GRIDLEY RD",15840.00,S,N,B,-,N,,,,,,,,,,Y,2,0,1,1,A,-,08,22107,,N,E,I,A,A,H,-,D,D,0,,,,,Y,Y,A,01,1,0,0,0,0,0,0,0,0,"- ","- ",,,COLUSA,UNINCORPORATED,-122.01268795,39.311926579999998
90372723,2017,2017-02-10,9155,2017-01-16,0230,019447,,1,3,9,0600,0,3,5,,2,001,"LONE STAR RD","WARE RD",4224.00,N,N,A,-,N,,,,,,,,,,Y,3,0,1,1,A,-,08,22107,,N,E,I,A,A,H,-,D,D,0,,,,,Y,,A,01,0,1,0,0,0,0,0,0,0,"- ","- ",39.130389999999998,-122.07855000000001,COLUSA,UNINCORPORATED,-122.07864216999999,39.127219599999997
90373002,2017,2017-01-19,9155,2017-01-15,1800,018818,,7,2,9,0600,0,3,5,,2,002,"WILDWOOD RD","WAGNER AVE",0.00,,Y,A,-,N,,,,,,,,,,Y,3,0,2,1,A,-,08,22107,,N,E,I,A,A,H,-,C,A,0,,,,,Y,,A,01,0,1,1,0,0,0,0,0,0,"- ","- ",38.998530000000002,-122.06064000000001,COLUSA,UNINCORPORATED,-122.06075994,38.998469909999997
90373169,2017,2017-01-19,9155,2017-01-16,1922,019164,,1,2,9,0600,0,1,1,,2,052,"I-5 N/B","MAXWELL RD",103.00,S,N,A,-,Y,,,5,,,,,,N,Y,2,0,2,2,A,-,07,21658,A,N,B,C,A,A,H,-,D,D,0,,,,Y,Y,,A,01,1,0,1,0,0,0,0,0,0,"- ","- ",39.276000000000003,-122.18227,COLUSA,UNINCORPORATED,-122.18229036,39.27599893
90377301,2017,2017-01-25,9155,2017-01-14,2020,019281,,6,2,9,0600,0,1,1,,2,051,"I-5 N/B","HAHN RD",1584.00,N,N,A,-,Y,,,5,,,,,,N,Y,2,0,1,2,A,-,03,22350,,N,C,C,A,A,H,-,C,D,0,,,,,Y,,D,22,1,0,0,0,0,0,0,0,0,"- ","- ",39.06035,-122.08744,COLUSA,UNINCORPORATED,-122.08766448999999,39.060232290000002
90385544,2017,2017-02-03,9155,2017-02-02,1220,019281,,4,1,9,0600,0,1,3,,2,023,SR-20,SR-16,5280.00,W,N,B,C,Y,,,20,,,,,,,Y,4,0,1,1,A,-,03,22350,,N,E,I,A,B,H,-,A,D,0,,,,,Y,,A,01,0,0,1,0,0,0,0,0,0,"- ","- ",39.012810000000002,-122.37693,COLUSA,UNINCORPORATED,-122.37691129,39.012864020000002
90389025,2017,2017-02-08,9155,2017-02-06,1640,018981,,1,2,9,0600,0,1,3,,1,021,SR-20,"NIAGARA AVE",235.00,E,N,C,-,Y,,,20,,,,,,,Y,3,0,3,2,A,-,03,22350,,N,A,C,A,B,H,-,A,D,0,,,,,Y,,A,07,0,2,1,0,0,0,0,0,0,"- ","- ",39.172460000000001,-121.98603,COLUSA,UNINCORPORATED,-121.98604632,39.172444800000001
90391631,2017,2017-02-13,9155,2017-02-10,1613,019281,,5,2,9,0600,0,1,3,,1,042,SR-45,"WINTUN RD",1056.00,S,N,A,-,Y,,,45,,,,,,,Y,3,0,1,2,A,-,01,23152,A,N,C,C,A,A,H,-,A,D,0,,,,,Y,Y,A,07,0,1,0,0,0,0,0,0,0,"- ","- ",39.249200000000002,-122.03144,COLUSA,UNINCORPORATED,-122.03148344,39.249199470000001
90403590,2017,2017-03-01,9155,2017-02-17,1630,019539,,5,2,9,0600,0,1,1,,2,052,"I-5 S/B","LENAHAN RD",8554.00,S,N,B,C,Y,,,5,,,,,,S,Y,4,0,1,2,A,-,03,22350,,N,E,I,A,B,H,-,A,D,0,,,,,Y,,A,01,0,0,1,0,0,0,0,0,0,"- ","- ",39.31147,-122.19119000000001,COLUSA,UNINCORPORATED,-122.19123483,39.311436209999997
90404004,2017,2017-03-01,9155,2017-02-24,1930,019281,,5,2,9,0600,0,1,1,,2,051,"I-5 N/B","MYERS RD",4224.00,S,N,A,-,Y,,,5,,,,,,N,Y,3,0,2,1,A,-,01,23152,A,N,E,I,A,A,H,-,D,D,0,,,,,Y,Y,A,01,0,2,0,0,0,0,0,0,0,"- ","- ",39.091749999999998,-122.10601,COLUSA,UNINCORPORATED,-122.10605207,39.091721659999997
90414099,2017,2017-03-16,9155,2017-03-09,1530,019281,,4,2,9,0600,0,1,1,,2,051,"I-5 S/B","HAHN RD",7392.00,N,N,A,-,Y,,,5,,,,,,S,Y,3,0,1,1,A,-,08,22107,,N,E,I,A,A,H,-,A,D,0,,,,,Y,,D,22,0,1,0,0,0,0,0,0,0,"- ","- ",39.077100000000002,-122.09690000000001,COLUSA,UNINCORPORATED,-122.09681793,39.077153780000003
90414123,2017,2017-03-16,9155,2017-03-10,2330,016541,,5,3,9,0600,0,3,5,,2,002,"GREENBAY RD","LIGGET AVE",3696.00,W,N,A,-,N,,,,,,,,,,Y,4,0,1,1,A,-,03,22350,,N,E,I,A,A,H,-,D,A,0,,,,,Y,,A,01,0,0,1,0,0,0,0,0,0,"- ","- ",38.966090000000001,-122.09544,COLUSA,UNINCORPORATED,-122.08848,38.964680000000001
90414552,2017,2017-03-17,9155,2017-03-13,0530,018981,,1,3,9,0600,0,1,3,,1,022,SR-20,"LONE STAR RD",0.00,,Y,A,-,Y,,,20,,,,,,,Y,2,0,2,2,A,-,09,21801,A,N,D,C,A,A,H,-,C,D,0,,,,,Y,,A,01,1,0,1,0,0,0,0,0,0,"- ","- ",39.195650000000001,-122.07884,COLUSA,UNINCORPORATED,-122.07883816,39.195697420000002
90414590,2017,2017-03-17,9155,2017-03-14,0753,017062,,2,1,9,0600,0,3,5,,2,002,"BARBARA WAY","SOUTH EIGHTH ST.",0.00,,Y,A,-,N,,,,,,,,,,Y,2,0,1,2,A,-,03,22350,,N,C,E,A,A,H,-,A,D,0,,,,Y,Y,,A,01,1,0,0,0,0,0,0,0,0,"- ","- ",39.009349999999998,-122.05837,COLUSA,UNINCORPORATED,-122.05841464,39.009282050000003
90416479,2017,2017-03-22,9155,2017-03-14,1700,016445,,2,2,9,0600,0,3,5,,2,006,"LODOGA-STONYFORD RD.","LAKEVIEW LOOP",3168.00,W,N,A,-,N,,,,,,,,,,N,3,0,1,1,A,-,08,22107,,N,E,I,A,A,H,-,A,D,0,,,,,Y,,A,01,0,1,0,0,0,0,0,0,0,"- ","- ",39.324089999999998,-122.53157,COLUSA,UNINCORPORATED,-122.52909886,39.310575790000001
90423615,2017,2017-03-29,9155,2017-03-26,2015,018739,,7,2,9,0600,0,3,5,,2,002,"WILDWOOD RD","WAGNER AVE",0.00,,Y,B,-,N,,,,,,,,,,Y,3,0,1,1,A,-,03,22350,,N,E,I,A,A,H,-,D,D,0,,,,,Y,,A,01,0,1,0,0,0,0,0,0,0,"- ","- ",39.008479999999999,-122.06071,COLUSA,UNINCORPORATED,-122.06075994,38.998469909999997
90423694,2017,2017-04-04,9155,2017-03-02,0706,015165,,4,1,9,0600,0,1,3,,1,042,"STATE ROUTE 45","WINTUN RD",8.00,N,N,A,-,Y,,,45,,,,,,,Y,1,1,1,1,A,-,08,22107,,N,E,J,A,A,H,-,A,D,0,,,,,Y,,A,01,1,0,0,0,0,0,0,0,0,"- ","- ",39.251860000000001,-122.03146,COLUSA,UNINCORPORATED,-122.03155932,39.251856340000003
90424708,2017,2017-04-06,9155,2017-03-21,1648,017062,,2,2,9,0600,0,1,1,,2,051,"I-5 N/B","HARRINGTON AVE.",1056.00,S,N,B,C,Y,,,,,,,,,,Y,2,0,1,1,A,-,08,22107,,N,E,I,A,B,H,-,A,D,0,,,,,Y,,A,07,1,0,0,0,0,0,0,0,0,"- ","- ",39.952620000000003,-122.01681000000001,COLUSA,UNINCORPORATED,-122.01649986,38.952476470000001
90428477,2017,2017-04-05,9155,2017-04-03,1640,016445,,1,2,2,0602,0,1,1,,2,051,"I-5 N/B TO SR-20 (OFF-RAMP)",SR-20,4.00,S,N,A,-,Y,,,5,,,,R,,N,N,4,0,1,2,A,-,03,22350,,N,C,C,A,A,H,-,A,D,0,,,,,Y,,A,01,0,0,1,0,0,0,0,0,0,"- ","- ",39.167490000000001,-122.14784,COLUSA,WILLIAMS,-122.14784,39.167490000000001
90428508,2017,2017-04-05,9155,2017-04-04,1151,018866,,2,1,9,0600,0,1,3,,2,023,"SR-20 E/B","WALNUT DR",13200.00,W,N,A,-,Y,,,,,,,,,,Y,4,0,2,3,A,-,03,22350,,N,C,C,A,A,D,-,A,A,0,,,,,Y,,A,07,0,0,2,0,0,0,0,0,0,"- ","- ",37.714239999999997,-121.39721,COLUSA,UNINCORPORATED,-122.32948235000001,39.103857359999999
90430002,2017,2017-04-07,9155,2017-03-30,2015,019539,,4,2,9,0600,0,1,1,,2,051,"SR-45 S/B","PACKER RD",2640.00,N,N,A,-,Y,,,45,,,,,,S,Y,3,0,1,1,A,-,08,22107,,M,E,I,A,A,H,-,C,D,0,,,,,Y,Y,A,01,0,1,0,0,0,0,0,0,0,"- ","- ",39.339379999999998,-122.03530000000001,COLUSA,UNINCORPORATED,-122.0354219,39.339372349999998
90434909,2017,2017-04-17,9155,2017-04-04,1340,018739,,2,1,9,0600,0,1,1,,2,051,"I-5 N/B","COUNTY LINE RD",36.00,N,N,A,-,Y,,,5,,,,,,N,Y,3,0,4,3,A,-,03,22350,,N,C,C,A,A,H,-,A,D,0,,,,,Y,,A,07,0,2,2,0,0,0,0,0,0,"- ","- ",38.925809999999998,-122.00035,COLUSA,UNINCORPORATED,-122.00026047999999,38.925869749999997
90434978,2017,2017-04-17,9155,2017-04-10,0055,019973,,1,3,2,0602,0,1,1,,2,051,"I-5 N/B","OLD HWY 99W",350.00,S,N,A,-,Y,,,5,,,,,,N,Y,3,0,1,1,A,-,08,22107,,N,E,I,A,A,H,-,D,D,0,,,,,Y,,A,07,0,1,0,0,0,0,0,0,0,"- ","- ",39.137720000000002,-122.13616,COLUSA,WILLIAMS,-122.13610559,39.137717109999997
90437183,2017,2017-04-18,9155,2017-04-14,1720,019281,,5,2,9,0600,0,1,3,,1,022,SR-20,"HUNTER RD",125.00,W,N,A,-,Y,,,20,,,,,,,Y,3,0,1,2,A,-,03,22350,,N,C,C,A,A,H,-,A,D,0,,,,,Y,,A,07,0,1,0,0,0,0,0,0,0,"- ","- ",39.195349999999998,-122.04667999999999,COLUSA,UNINCORPORATED,-122.04667919000001,39.195387619999998
90437190,2017,2017-04-18,9155,2017-04-16,1300,018739,,7,1,2,0602,0,1,1,,2,051,"I-5 S/B","HUSTED RD",2640.00,N,N,C,-,Y,,,5,,,,,,S,Y,4,0,1,1,A,-,08,22107,,N,E,I,A,B,H,-,A,D,0,,,,,Y,,A,01,0,0,1,0,0,0,0,0,0,"- ","- ",39.137650000000001,-122.13652,COLUSA,WILLIAMS,-122.13645307,39.137645239999998
90438047,2017,2017-04-19,9155,2017-04-16,1910,019164,,7,2,9,0600,0,1,3,,2,023,"SR-20 W/B",SR-16,10560.00,W,N,B,C,Y,,,20,,,,,,W,Y,4,0,2,2,A,-,03,22350,,N,A,C,A,B,H,-,B,D,0,,,,,Y,,A,07,0,0,2,0,0,0,0,0,0,"- ","- ",39.00421,-122.39299,COLUSA,UNINCORPORATED,-122.39299152,39.004199489999998
90441842,2017,2017-04-25,9155,2017-04-21,0500,019625,,5,3,9,0600,0,1,1,,2,052,"S/B I-5","LURLINE AVE",1056.00,N,N,A,-,Y,,,,,,,,,,Y,4,0,1,1,A,-,08,22107,,N,E,I,A,A,H,-,D,A,0,,,,,Y,,A,01,0,0,1,0,0,0,0,0,0,"- ","- ",38.20626,-122.17881,COLUSA,UNINCORPORATED,,
90443339,2017,2017-04-27,9155,2017-04-24,1150,018981,,1,1,9,0600,0,3,5,,2,004,"HUNTER RD","WILSON AVE",2340.00,W,N,A,-,N,,,,,,,,,,Y,3,0,1,1,A,-,08,22107,,N,E,J,A,A,H,-,A,D,0,,,,,Y,,D,22,0,1,0,0,0,0,0,0,0,"- ","- ",39.206299999999999,-122.04542000000001,COLUSA,UNINCORPORATED,-122.04533938,39.20627253
90445213,2017,2017-04-28,9155,2017-03-18,2118,016161,,6,2,9,0600,0,1,1,,2,052,"I-5 N/B","LENAHAN RD",4224.00,S,N,B,-,Y,,,5,,,,,,N,Y,3,0,4,2,A,-,01,23152,F,N,A,C,A,A,H,-,D,D,0,,,,,Y,,A,01,0,4,0,0,0,0,0,0,0,"- ","- ",39.319020000000002,-122.1944,COLUSA,UNINCORPORATED,-122.19447719999999,39.319010200000001
90445249,2017,2017-04-28,9155,2017-04-25,2000,019973,,2,2,9,0600,0,3,5,,2,002,"SAND CREEK RD","GREEN RD",40.00,E,N,A,-,N,,,,,,,,,,N,2,0,1,1,A,-,03,22350,,N,E,I,A,A,H,-,A,D,0,,,Y,,Y,,C,06,1,0,0,0,0,0,0,0,1,"- ","- ",38.978790000000004,-122.24015,COLUSA,UNINCORPORATED,-122.24018961,38.978742199999999
90445346,2017,2017-10-18,9155,2017-04-17,1750,019164,,1,2,9,0600,0,1,3,,2,023,SR-20,SR-16,14784.00,W,N,B,C,Y,,,20,,,,,,,Y,1,1,4,2,A,-,03,22350,,N,A,C,A,B,H,-,A,D,0,,,,,Y,,A,01,2,0,2,0,0,0,0,0,0,"- ","- ",39.007309999999997,-122.40051,COLUSA,UNINCORPORATED,-122.40052364,39.007257629999998
90447273,2017,2017-05-02,9155,2017-04-20,0735,015165,,4,1,9,0600,0,1,1,,2,051,"INTERSTATE 5 S/B","HAHN RD.",6336.00,S,N,A,-,Y,,,5,,,,,,S,Y,2,0,2,1,A,-,08,22107,,N,F,A,A,A,H,-,A,D,0,,,,,Y,,D,22,1,1,0,0,0,0,0,0,0,"- ","- ",39.073099999999997,-122.0942,COLUSA,UNINCORPORATED,-122.09426379,39.0730681
90452376,2017,2017-05-09,9155,2017-05-04,1130,015996,,4,1,9,0600,0,1,1,,2,051,"I-5 N/B","HAHN RD.",6864.00,N,N,A,-,Y,,,5,,,,,,N,Y,4,0,2,1,A,-,08,22107,,N,F,A,A,A,H,-,A,D,0,,,,,Y,,E,22,0,0,2,0,0,0,0,0,0,"- ","- ",39.074240000000003,-122.09475,COLUSA,UNINCORPORATED,-122.09459793000001,39.074328180000002
90454947,2017,2017-05-12,9155,2017-05-07,1010,015850,,7,1,9,0600,0,1,3,,1,042,"SR-45 S/B","NORMAN ROAD",528.00,N,N,A,-,Y,,,,,,,,,,Y,3,0,1,1,A,-,08,22107,,N,E,I,A,A,H,-,A,D,0,,,,,Y,,A,01,0,1,0,0,0,0,0,0,0,"- ","- ",39.408479999999997,-122.0972,COLUSA,UNINCORPORATED,-122.00963546,39.40776743
90457019,2017,2017-05-16,9155,2017-05-07,1710,018739,,7,2,9,0600,0,2,4,,2,011,"OLD HWY 99W","MYERS RD",2112.00,S,N,A,-,N,,,,,,,,,,Y,3,0,1,1,A,-,08,22107,,N,E,I,A,A,H,-,A,D,0,,,,,Y,,A,01,0,1,0,0,0,0,0,0,0,"- ","- ",39.096130000000002,-122.10884,COLUSA,UNINCORPORATED,-122.10869114,39.095807579999999
90457207,2017,2017-08-04,9155,2017-05-12,0816,015996,,5,1,9,0600,0,1,3,,1,016,SR-16,SR-20,11088.00,W,N,A,-,Y,,,16,,,,,,,Y,4,0,1,2,A,-,08,22107,,N,B,C,A,A,H,-,A,D,0,,,,Y,Y,,A,01,0,0,1,0,0,0,0,0,0,"- ","- ",38.983870000000003,-122.35064,COLUSA,UNINCORPORATED,-122.35064488,38.98386627
90457289,2017,2017-05-16,9155,2017-05-07,1605,019718,,7,2,9,0600,0,3,5,,2,006,"BEAR VALLEY ROAD","LEESVILLE-LODOGA RD",5200.00,S,N,A,-,N,,,,,,,,,,Y,3,0,1,1,A,-,08,22107,,N,E,I,A,A,H,-,A,D,0,,,,,Y,,A,07,0,1,0,0,0,0,0,0,0,"- ","- ",39.17709,-122.43834,COLUSA,UNINCORPORATED,-122.43838304000001,39.17690674
90457318,2017,2017-05-16,9155,2017-05-14,2025,018981,,7,2,9,0600,0,3,5,,2,002,"MYERS RD","CORTINA SCHOOL RD",0.00,,Y,A,-,N,,,,,,,,,,Y,3,0,2,1,A,-,01,23152,A,N,E,I,A,A,H,-,C,D,0,,,,,Y,Y,A,01,0,1,1,0,0,0,0,0,0,"- ","- ",39.101260000000003,-122.14225,COLUSA,UNINCORPORATED,-122.14232991,39.10120998
90458927,2017,2017-05-18,9155,2017-05-14,2322,018866,,7,3,2,0602,0,1,1,,2,052,"I-5 S/B","E ST",1780.00,N,N,A,-,Y,,,5,,,,,,S,Y,4,0,1,1,A,-,01,23152,A,N,F,A,A,A,H,-,C,D,0,,,,,Y,Y,D,22,0,0,1,0,0,0,0,0,0,"- ","- ",39.159109999999998,-122.14573,COLUSA,WILLIAMS,-122.14566551999999,39.15914935
90459534,2017,2017-05-19,9155,2017-05-10,1528,016541,,3,2,9,0600,0,1,3,,1,042,SR-45,"PACKER RD",6864.00,N,N,A,-,Y,,,45,,,,,,,Y,1,1,0,1,A,-,08,22107,,N,E,I,A,A,H,-,A,A,0,,,,,Y,,A,07,0,0,0,0,0,0,0,0,0,"- ","- ",39.349330000000002,-122.03203000000001,COLUSA,UNINCORPORATED,-122.03210768,39.349363650000001
90459724,2017,2017-05-23,9155,2017-05-12,1055,016541,,5,1,9,0600,0,1,3,,2,023,SR-20,"WALNUT DR",528.00,E,N,A,-,Y,,,20,,,,,,,Y,4,0,1,2,A,-,03,22350,,N,A,C,A,A,D,-,A,A,0,,,,Y,Y,,G,25,0,0,1,0,0,0,0,0,0,"- ","- ",39.121639999999999,-122.28993,COLUSA,UNINCORPORATED,-122.28995011000001,39.121662899999997
90462181,2017,2017-05-23,9155,2017-05-21,1840,018981,,7,2,9,0600,0,1,3,,1,042,SR-45,"FERRY RD",3150.00,S,N,A,-,Y,,,45,,,,,,,Y,3,0,2,1,A,-,08,22107,,N,E,I,A,A,H,-,A,D,0,,,,,Y,,A,01,0,1,1,0,0,0,0,0,0,"- ","- ",39.354460000000003,-122.02987,COLUSA,UNINCORPORATED,-122.02991849,39.354480930000001
90463649,2017,2017-05-25,9155,2017-05-23,1643,018866,,2,2,9,0600,0,1,1,,2,051,"I-5 N/B","YOLO COUNTY LINE RD",3276.00,N,N,A,-,Y,,,5,,,,,,N,Y,3,0,1,2,A,-,07,21658,A,N,B,C,A,A,H,-,A,D,0,,,,Y,Y,,A,01,0,1,0,0,0,0,0,0,0,"- ","- ",38.932400000000001,-122.00239000000001,COLUSA,UNINCORPORATED,-122.00240058999999,38.932398790000001
90464017,2017,2017-05-25,9155,2017-05-24,0440,018981,,3,3,9,0600,0,1,1,,2,052,"I-5 N/B","MAXWELL RD",8000.00,N,N,A,-,Y,,,5,,,,,,N,Y,4,0,1,1,A,-,08,22107,,N,E,J,A,A,H,-,D,D,0,,,,,Y,,A,01,0,0,1,0,0,0,0,0,0,"- ","- ",39.294719999999998,-122.18504,COLUSA,UNINCORPORATED,-122.1851314,39.294706089999998
90467185,2017,2017-05-30,9155,2017-05-20,1955,019692,,6,2,9,0600,0,2,4,,2,011,"OLD HWY 99W","HAHN RD",528.00,S,N,A,-,N,,,,,,,,,,N,3,0,1,1,A,-,17,21200,,N,E,I,A,A,H,-,A,D,0,,Y,,,Y,Y,L,04,0,1,0,0,0,0,1,0,0,"- ","- ",39.054079999999999,-122.0814,COLUSA,UNINCORPORATED,-122.08225007999999,39.055600159999997
90468965,2017,2017-06-01,9155,2017-05-30,1159,018866,,2,1,9,0600,0,1,3,,2,023,"SR-20 W/B","BEAR VALLEY RD",13200.00,W,N,B,-,Y,,,,,,,,,,Y,2,0,1,1,A,-,03,22350,,N,F,A,A,A,H,-,A,D,0,,,Y,,Y,,C,02,1,0,0,0,0,0,0,0,1,"- ","- ",39.00759,-122.40616,COLUSA,UNINCORPORATED,-122.39606596,39.006262100000001
90469182,2017,2017-06-01,9155,2017-05-25,1505,015165,,4,2,9,0600,0,1,3,,1,022,"STATE ROUTE 20","HUNTER RD.",2640.00,W,N,A,-,Y,,,20,,,,,,,Y,4,0,2,2,A,-,09,21804,A,N,D,C,A,A,H,-,A,D,0,,,,,Y,,B,07,0,0,2,0,0,0,0,0,0,"- ","- ",39.195619999999998,-122.05628,COLUSA,UNINCORPORATED,-122.05628059,39.19557442
90469502,2017,2017-06-01,9155,2017-05-26,1729,019625,,5,2,9,0600,0,1,1,,2,051,"I-5 N/B","COUNTY LINE RD",0.00,,N,A,-,Y,,,5,,,,,,N,Y,2,0,1,1,A,-,08,22107,,N,F,A,A,A,H,-,A,A,0,,,,,Y,,A,07,1,0,0,0,0,0,0,0,0,"- ","- ",38.928370000000001,-122.00184,COLUSA,UNINCORPORATED,-122.00160524,38.928450310000002
90473182,2017,2017-06-07,9155,2017-06-03,1230,015996,,6,1,2,0602,0,1,1,,2,051,"I-5 S/B","E ST",3168.00,S,N,A,-,Y,,,5,,,,,,S,Y,3,0,1,1,A,-,08,22107,,N,E,I,A,A,H,-,A,D,0,,,,,Y,,A,01,0,1,0,0,0,0,0,0,0,"- ","- ",39.147010000000002,-122.13769000000001,COLUSA,WILLIAMS,-122.13817954,39.146714250000002
90474556,2017,2017-06-09,9155,2017-06-01,1427,012512,,4,2,9,0600,0,3,5,,2,005,"OLD HWY 99W","FINKS RD.",326.00,S,N,A,-,N,,,,,,,,,,Y,3,0,1,2,A,-,03,22350,,N,B,C,A,A,H,-,A,A,0,,,,,Y,,D,22,0,1,0,0,0,0,0,0,0,"- ","- ",39.260719999999999,-122.1913,COLUSA,UNINCORPORATED,-122.19132569999999,39.260984690000001
90476794,2017,2017-06-21,9155,2017-06-09,1316,012512,,5,1,9,0600,0,1,1,,2,052,"I-5 N/B TO MAXWELL RD.","MAXWELL RD.",0.00,,Y,A,-,Y,,,5,,,,R,,N,Y,3,0,2,2,A,-,01,23152,G,N,A,C,A,A,H,-,A,A,0,,,,,Y,Y,A,01,0,1,1,0,0,0,0,0,0,"- ","- ",39.276299999999999,-122.18044999999999,COLUSA,UNINCORPORATED,-122.18044999999999,39.276299999999999
90477933,2017,2017-06-14,9155,2017-06-08,0715,015996,,4,1,9,0600,0,1,3,,2,023,SR-20,"KING RD",2640.00,E,N,A,-,Y,,,20,,,,,,,Y,3,0,1,1,A,-,08,22107,,N,F,A,A,A,H,-,A,D,0,,,,Y,Y,,G,27,0,1,0,0,0,0,0,0,0,"- ","- ",39.148969999999998,-122.24699,COLUSA,UNINCORPORATED,-122.24699630000001,39.14900042
90478247,2017,2017-06-28,9155,2017-06-12,1215,018866,,1,1,9,0600,0,3,5,,2,006,"LODOGA-STONYFORD RD.","GOAT MOUNTAIN RD.",10560.00,N,N,B,-,N,,,,,,,,,,Y,2,0,1,1,A,-,08,22107,,N,F,A,A,A,H,-,A,D,0,,,Y,,Y,,C,02,1,0,0,0,0,0,0,0,1,"- ","- ",39.327179999999998,-122.53623,COLUSA,UNINCORPORATED,,
90478304,2017,2017-06-14,9155,2017-06-12,0855,018739,,1,1,9,0600,0,1,1,,2,051,"I-5 S/B","COUNTY LINE RD",2112.00,N,N,A,-,Y,,,5,,,,,,S,Y,3,0,1,2,C,-,18,,,N,B,C,A,A,H,-,A,D,0,,,,Y,Y,,-,"- ",0,1,0,0,0,0,0,0,0,"- ","- ",38.933759999999999,-122.00294,COLUSA,UNINCORPORATED,-122.00303811000001,38.933734479999998
90478929,2017,2017-06-15,9155,2017-06-14,1040,016445,,3,1,9,0600,0,3,5,,2,003,"RIVER RD","BUTTE SLOUGH RD",0.00,,Y,A,-,N,,,,,,,,,,Y,4,0,1,1,A,-,08,22107,,N,E,I,A,A,H,-,A,A,0,,,,,Y,,D,22,0,0,1,0,0,0,0,0,0,"- ","- ",39.215499999999999,-121.99892,COLUSA,UNINCORPORATED,-121.9998399,39.215749959999997
90482005,2017,2017-06-21,9155,2017-06-16,1605,019625,,5,2,9,0600,0,1,1,,2,051,"I-5 N/B","COUNTY LINE RD",5280.00,N,N,A,-,Y,,,5,,,,,,N,N,4,0,1,2,A,-,07,21658,A,N,E,I,A,A,C,-,A,A,0,,,,Y,Y,,G,25,0,0,1,0,0,0,0,0,0,"- ","- ",38.939070000000001,-122.006,COLUSA,UNINCORPORATED,-122.00570713,38.939263480000001
90484118,2017,2017-06-22,9155,2017-06-17,1015,012512,,6,1,9,0600,0,1,3,,1,022,SR-20,"WILL S. GREEN RD.",2112.00,W,N,A,-,Y,,,20,,,,,,,Y,3,0,1,2,A,-,03,22350,,N,C,C,A,A,H,-,A,A,0,,,,,Y,,A,01,0,1,0,0,0,0,0,0,0,"- ","- ",39.200249999999997,-122.02755999999999,COLUSA,UNINCORPORATED,-122.02750274,39.20012715
90488831,2017,2017-06-27,9155,2017-06-23,1130,015996,,5,1,2,0602,0,1,1,,2,051,"I-5 N/B","E ST.",300.00,N,N,A,-,Y,,,5,,,,,,N,N,4,0,1,2,A,-,07,21658,A,N,C,C,A,A,H,-,A,D,0,,,,Y,Y,,G,25,0,0,1,0,0,0,0,0,0,"- ","- ",39.157789999999999,-122.14437,COLUSA,WILLIAMS,-122.14443697,39.157750229999998
90499459,2017,2017-07-12,9155,2017-07-10,1411,018866,,1,2,2,0602,0,1,1,,2,051,"I-5 N/B","HUSTED RD",2487.00,S,N,A,-,Y,,,5,,,,,,N,Y,2,0,1,2,A,-,08,22107,,N,C,C,A,A,H,-,A,D,0,,,,Y,Y,,A,01,1,0,0,0,0,0,0,0,0,"- ","- ",39.123800000000003,-122.12719,COLUSA,WILLIAMS,-122.12732249,39.123711180000001
90500392,2017,2017-07-20,9155,2017-07-06,0715,015996,,4,1,9,0600,0,1,1,,2,051,"I-5 S/B","HAHN RD",6125.00,N,N,A,-,Y,,,5,,,,,,S,Y,3,0,3,3,A,-,08,22107,,N,E,J,A,A,H,-,A,D,0,,,,,Y,,A,01,0,1,2,0,0,0,0,0,0,"- ","- ",39.072969999999998,-122.09416,COLUSA,UNINCORPORATED,-122.09420378999999,39.072948099999998
90501074,2017,2017-07-14,9155,2017-07-13,1550,019164,,4,2,9,0600,0,1,1,,2,051,"I-5 S/B","MYERS ROAD",2112.00,N,N,A,-,Y,,,5,,,,,,S,Y,4,0,1,1,A,-,08,22107,,N,F,A,A,A,H,-,A,D,0,,,,,Y,,D,22,0,0,1,0,0,0,0,0,0,"- ","- ",39.106349999999999,-122.11695,COLUSA,UNINCORPORATED,-122.11708521,39.106317840000003
90509136,2017,2017-07-26,9155,2017-07-21,0855,012512,,5,1,9,0600,0,3,5,,2,005,"MAXWELL SITES RD.","DANLEY RD.",5808.00,W,N,A,-,N,,,,,,,,,,Y,4,0,1,1,C,-,18,,,N,E,I,A,A,H,-,A,A,0,,,,,Y,,-,"- ",0,0,1,0,0,0,0,0,0,"- ","- ",39.276060000000001,-122.26818,COLUSA,UNINCORPORATED,-122.26747261,39.276042349999997
90514338,2017,2017-08-01,9155,2017-07-26,0159,019625,,3,3,9,0600,0,1,1,,2,051,"I-5 N/B","WARE RD",184.00,S,N,A,-,Y,,,5,,,,,,N,Y,3,0,1,1,A,-,08,22107,,N,E,I,A,A,H,-,D,D,0,,,,,Y,,A,01,0,1,0,0,0,0,0,0,0,"- ","- ",39.115400000000001,-122.12153000000001,COLUSA,UNINCORPORATED,-122.12175164,39.115254190000002
90514370,2017,2017-08-01,9155,2017-07-26,1800,012512,,3,2,9,0600,0,3,5,,2,004,"NORMAN RD.","WINTER ST.",96.00,W,N,A,-,N,,,,,,,,,,N,3,0,1,1,A,-,08,22107,,N,E,I,A,A,D,-,A,A,0,,,,,Y,,A,01,0,1,0,0,0,0,0,0,0,"- ","- ",39.406350000000003,-122.01065,COLUSA,UNINCORPORATED,-122.01041984,39.406329999999997
90519203,2017,2017-08-24,9155,2017-08-05,1510,020224,,6,2,9,0600,0,3,5,,2,001,"MYERS RD","OLD HWY 99W",810.00,E,N,A,-,N,,,,,,,,,,Y,2,0,3,2,A,-,09,21801,A,N,D,C,A,A,H,-,A,D,0,,,,,Y,,A,01,1,1,1,0,0,0,0,0,0,"- ","- ",39.101030000000002,-122.10902,COLUSA,UNINCORPORATED,-122.10907587,39.101010000000002
90519278,2017,2017-08-08,9155,2017-08-03,0545,018739,,4,3,9,0600,0,2,4,,2,011,"OLD HWY 99W","HAHN RD",0.00,,Y,A,-,N,,,,,,,,,,N,4,0,1,2,A,-,09,21802,A,N,A,C,A,A,H,-,A,A,0,,,,,Y,,A,01,0,0,1,0,0,0,0,0,0,"- ","- ",39.056919999999998,-122.08304,COLUSA,UNINCORPORATED,-122.08309998999999,39.056889990000002
90520665,2017,2017-08-10,9155,2017-08-05,0250,015996,,6,3,9,0600,0,3,5,,2,001,"OLD HWY 99W","GRIMES-ARBUCKLE RD",505.00,S,N,A,-,N,,,,,,,,,,Y,3,0,2,1,A,-,08,22107,,N,F,A,A,A,H,-,D,D,0,,,,,Y,,A,07,0,1,1,0,0,0,0,0,0,"- ","- ",39.011330000000001,-122.05275,COLUSA,UNINCORPORATED,-122.05298272,39.011652429999998
90520915,2017,2017-08-10,9155,2017-08-05,0220,019653,,6,3,9,0600,0,2,4,,2,010,"LONE STAR RD","HAHN RD",0.00,,Y,B,C,N,,,,,,,,,,Y,2,0,2,1,A,-,03,22350,,N,E,I,A,B,H,-,D,A,0,,,,,Y,Y,A,01,1,0,1,0,0,0,0,0,0,"- ","- ",39.056780000000003,-122.07894,COLUSA,UNINCORPORATED,-122.07898,39.056849919999998
90524040,2017,2017-08-15,9155,2017-08-11,1850,019692,,5,2,9,0600,0,3,5,,2,006,"LEESVILLE RD","OLD WILBUR RD",28.00,S,N,A,-,N,,,,,,,,,,Y,3,0,1,1,A,-,01,23152,A,N,F,A,A,A,H,-,A,D,0,,,Y,,Y,Y,C,02,0,1,0,0,0,0,0,0,1,"- ","- ",39.139859999999999,-122.34307,COLUSA,UNINCORPORATED,-122.34317197,39.139850129999999
90524587,2017,2017-08-16,9155,2017-08-13,1205,016445,,7,1,9,0600,0,1,1,,2,052,"I-5 S/B","FAIRVIEW RD",1584.00,S,N,A,-,Y,,,5,,,,,,S,Y,4,0,3,2,A,-,03,22350,,N,C,C,A,A,H,-,A,D,0,,,,,Y,,A,01,0,0,3,0,0,0,0,0,0,"- ","- ",39.241190000000003,-122.18219000000001,COLUSA,UNINCORPORATED,-122.18206800999999,39.24119331
90525776,2017,2017-08-17,9155,2017-08-16,1730,019625,,3,2,9,0600,0,1,3,,2,041,SR-45,"BUSTER RD",528.00,S,N,A,-,Y,,,,,,,,,,Y,3,0,1,1,A,-,08,22107,,M,E,I,A,A,H,-,A,D,0,,,,,Y,,D,22,0,1,0,0,0,0,0,0,0,"- ","- ",39.177529999999997,-121.93744,COLUSA,UNINCORPORATED,-121.93729786999999,39.118051440000002
90526190,2017,2017-08-18,9155,2017-08-16,0835,019973,,3,1,9,0600,0,3,5,,2,001,"GRIMES-ARBUCKLE RD","HAHN RD",7920.00,S,N,A,-,N,,,,,,,,,,Y,4,0,1,1,A,-,08,22107,,N,E,I,A,A,H,-,A,D,0,,,,,Y,,A,01,0,0,1,0,0,0,0,0,0,"- ","- ",39.034239999999997,-122.01571,COLUSA,UNINCORPORATED,-122.01553848,39.03489871
90529128,2017,2017-08-23,9155,2017-08-15,2150,018981,,2,2,9,0600,0,2,4,,2,010,"LONE STAR RD","ABEL RD",4925.00,S,N,A,-,N,,,,,,,,,,Y,3,0,1,1,A,-,08,22107,,N,F,I,A,A,H,-,D,D,0,,,,,Y,,A,01,0,1,0,0,0,0,0,0,0,"- ","- ",39.131439999999998,-122.07877000000001,COLUSA,UNINCORPORATED,-122.07865658,39.131446910000001
90529217,2017,2017-08-23,9155,2017-08-22,0959,018866,,2,1,9,0600,0,1,1,,2,051,"I-5 S/B","MYERS RD",5280.00,N,N,B,-,Y,,,,,,,,,,Y,3,0,1,1,A,-,08,22107,,N,F,A,A,A,H,-,A,D,0,,,,,Y,,B,07,0,1,0,0,0,0,0,0,0,"- ","- ",39.123660000000001,-122.12015,COLUSA,UNINCORPORATED,-122.1216357,39.114544840000001
90536209,2017,2017-09-14,9155,2017-08-04,1856,020322,,5,2,9,0600,0,1,1,,2,052,"I-5 N/B","LENAHAN ROAD",4586.00,S,N,A,-,Y,,,5,,,,,,N,Y,1,1,1,1,A,-,08,22107,,N,E,I,A,A,H,-,A,D,0,,,,,Y,,A,01,1,0,0,0,0,0,0,0,0,"- ","- ",39.329169999999998,-122.19465,COLUSA,UNINCORPORATED,-122.19459087,39.3291714
90541434,2017,2017-09-06,9155,2017-09-04,2130,019625,,1,2,9,0600,0,3,5,,2,004,"JAMESON RD","HARBISON RD",0.00,,N,A,-,N,,,,,,,,,,Y,2,0,1,1,A,-,01,23152,A,N,F,A,A,A,H,-,D,D,0,,,,,Y,Y,D,22,1,0,0,0,0,0,0,0,0,"- ","- ",39.236240000000002,-122.07899999999999,COLUSA,UNINCORPORATED,-122.07913988,39.246699929999998
90544965,2017,2017-09-11,9155,2017-09-02,0810,020224,,6,1,9,0600,0,1,3,,1,016,SR-16,SR-20,12672.00,E,N,A,-,Y,,,16,,,,,,,N,2,0,2,1,A,-,01,23152,A,N,E,I,A,A,H,-,D,D,0,,,,,Y,Y,D,22,1,0,1,0,0,0,0,0,0,"- ","- ",38.934510000000003,-122.33503,COLUSA,UNINCORPORATED,-122.33502833,38.934513639999999
90545085,2017,2017-09-11,9155,2017-09-09,1840,020224,,6,2,9,0600,0,3,5,,2,003,"BUTTE SLOUGH RD","MARTY RD",3960.00,W,N,A,-,N,,,,,,,,,,Y,2,0,1,1,A,-,01,23152,A,N,F,A,A,A,H,-,A,D,0,,,,,Y,Y,D,22,1,0,0,0,0,0,0,0,0,"- ","- ",39.197870000000002,-121.94865,COLUSA,UNINCORPORATED,-121.94774866,39.198138829999998
90545126,2017,2017-09-11,9155,2017-08-30,1855,018981,,3,2,9,0600,0,1,3,,1,021,SR-20,"NIAGARA AVE",1025.00,E,N,A,-,Y,,,20,,,,,,,Y,4,0,2,3,A,-,03,22350,,N,C,C,A,A,H,-,A,D,0,,,,Y,Y,,G,25,0,0,2,0,0,0,0,0,0,"- ","- ",39.169409999999999,-121.98327,COLUSA,UNINCORPORATED,-121.98327028999999,39.169409770000001
90554017,2017,2017-09-22,9155,2017-09-17,0540,019692,,7,3,9,0600,0,3,5,,2,001,"MYERS RD","OLD HWY 99W",3696.00,E,N,A,-,N,,,,,,,,,,Y,4,0,1,1,A,-,08,22107,,N,E,I,A,A,H,-,D,D,0,,,,,Y,,A,01,0,0,1,0,0,0,0,0,0,"- ","- ",36.10089,-122.09858,COLUSA,UNINCORPORATED,-122.09890729,39.100921800000002
90558464,2017,2017-11-29,9155,2017-09-18,0120,01873,,1,3,9,0600,0,1,3,,2,023,SR-20,"WALNUT DR",14784.00,W,N,A,-,Y,,,20,,,,,,,Y,1,1,0,1,A,-,01,23152,A,N,F,I,A,A,H,-,D,D,0,,,,,Y,Y,D,22,0,0,0,0,0,0,0,0,0,"- ","- ",39.102350000000001,-122.33553999999999,COLUSA,UNINCORPORATED,-122.33553714999999,39.102346529999998
90560039,2017,2017-10-03,9155,2017-09-16,1425,012512,,6,2,9,0600,0,1,1,,2,052,"I-5 N/B","LENAHAN ROAD",1676.00,N,N,A,-,Y,,,5,,,,,,N,Y,2,0,3,2,A,-,08,22107,,N,B,C,A,A,H,-,A,D,0,,,,,Y,,D,22,2,0,1,0,0,0,0,0,0,"- ","- ",39.339289999999998,-122.19473000000001,COLUSA,UNINCORPORATED,-122.19467225,39.339290769999998
90560272,2017,2017-09-29,9155,2017-09-22,0530,015165,,5,3,2,0601,0,3,5,,2,006,"BUTTE SLOUGH ROAD","SUTTER COUNTY LINE",3168.00,W,N,A,-,N,,,,,,,,,,N,3,0,1,1,A,-,08,22107,,N,E,I,A,A,H,-,B,D,0,,,,,Y,,A,01,0,1,0,0,0,0,0,0,0,"- ","- ",39.198369999999997,-121.94741,COLUSA,COLUSA,-121.94596767,39.197906029999999
90560305,2017,2017-09-29,9155,2017-09-22,1100,012512,,5,1,9,0600,0,1,3,,2,023,SR-20,"LEESVILLE RD.",1056.00,E,N,A,-,Y,,,20,,,,,,,Y,3,0,1,1,A,-,08,22107,,N,E,I,A,A,H,-,A,A,0,,,Y,,Y,,C,02,0,1,0,0,0,0,0,0,1,"- ","- ",39.124200000000002,-122.28715,COLUSA,UNINCORPORATED,-122.28710187999999,39.124144729999998
90562644,2017,2017-10-04,9155,2017-10-01,1215,018981,,7,1,9,0600,0,1,1,,2,051,"I-5 S/B","HARRINGTON AVE",1800.00,N,N,A,-,Y,,,5,,,,,,S,Y,4,0,1,1,A,-,08,22107,,N,F,A,A,A,H,-,A,D,0,,,,,Y,,D,22,0,0,1,0,0,0,0,0,0,"- ","- ",38.95966,-122.02199,COLUSA,UNINCORPORATED,-122.02196159,38.959678760000003
90564166,2017,2017-10-05,9155,2017-10-04,1425,019625,,3,2,9,0600,0,1,3,,2,023,SR-20,"WALNUT DR",5280.00,W,N,A,-,Y,,,20,,,,,,,Y,3,0,1,1,A,-,08,22107,,N,F,A,A,A,H,-,A,D,0,,,,,Y,,A,07,0,1,0,0,0,0,0,0,0,"- ","- ",39.108759999999997,-122.30445,COLUSA,UNINCORPORATED,-122.30448828,39.108793480000003
90564797,2017,2017-10-06,9155,2017-09-29,1711,012512,,5,2,9,0600,0,1,1,,2,052,"I-5 N/B","DELEVAN RD. O/C",1584.00,S,N,A,-,Y,,,5,,,,,,N,N,4,0,1,1,C,-,18,,,N,E,J,A,A,H,-,A,A,0,,,,,Y,,-,"- ",0,0,1,0,0,0,0,0,0,"- ","- ",39.343760000000003,-122.19476,COLUSA,UNINCORPORATED,-122.19471599000001,39.343760160000002
90569538,2017,2017-10-12,9155,2017-10-09,1100,016445,,1,1,9,0600,0,1,3,,2,023,"SR-20 W/B","WALNUT DR",25344.00,W,N,A,G,Y,,,20,,,,,,W,N,3,0,1,2,A,-,16,24002,A,F,B,G,A,A,H,-,A,D,0,,Y,,,Y,,E,22,0,1,0,0,0,0,1,0,0,"- ","- ",39.096240000000002,-122.34314000000001,COLUSA,UNINCORPORATED,-122.34297257999999,39.096162649999997
90572505,2017,2017-11-17,9155,2017-09-21,2230,020322,,4,3,9,0600,0,1,3,,2,023,"SR-20 W/B","SCHAAD RD",2500.00,W,N,A,-,Y,,,20,,,,,,W,Y,1,1,0,1,A,-,01,23152,A,N,F,A,A,A,H,-,D,D,0,,,Y,,Y,Y,C,02,0,0,0,0,0,0,0,1,0,"- ","- ",39.15307,-122.24025,COLUSA,UNINCORPORATED,-122.24022016000001,39.15288966
90572685,2017,2017-10-18,9155,2017-10-06,1015,015996,,5,1,9,0600,0,2,4,,2,011,"OLD HWY 99W","HAHN RD",1848.00,S,N,A,-,N,,,,,,,,,,Y,2,0,2,2,A,-,08,22107,,N,A,C,A,A,H,-,A,D,0,,,,,Y,,A,01,1,1,0,0,0,0,0,0,0,"- ","- ",39.051789999999997,-122.07971000000001,COLUSA,UNINCORPORATED,-122.08012540999999,39.052375529999999
90573676,2017,2017-10-18,9155,2017-10-15,0659,018866,,7,1,9,0600,0,2,4,,2,011,"OLD HWY 99W","MYERS RD",5280.00,S,N,A,-,N,,,,,,,,,,Y,3,0,2,1,A,-,08,22107,,N,E,I,A,A,H,-,B,D,0,,,,,Y,,A,07,0,1,1,0,0,0,0,0,0,"- ","- ",39.03725,-122.05779,COLUSA,UNINCORPORATED,-122.10341818000001,39.088144399999997
90574115,2017,2017-10-19,9155,2017-10-18,1625,019625,,3,2,9,0600,0,1,3,,1,042,SR-45,"RESERVATION RD",0.00,,N,A,-,Y,,,45,,,,,,,Y,4,0,1,2,A,-,03,22350,,N,C,C,A,A,H,-,A,D,0,,,,Y,Y,,A,01,0,0,1,0,0,0,0,0,0,"- ","- ",39.309170000000002,-122.03334,COLUSA,UNINCORPORATED,-122.03328037999999,39.309174300000002
90574193,2017,2017-10-19,9155,2017-10-13,0630,015996,,5,1,9,0600,0,1,1,,2,051,"I-5 S/B","COUNTY LINE ROAD",3696.00,N,N,A,-,Y,,,5,,,,,,S,Y,4,0,1,1,A,-,08,22107,,N,E,I,A,A,H,-,D,D,0,,,,,Y,,A,07,0,0,1,0,0,0,0,0,0,"- ","- ",38.934519999999999,-122.0034,COLUSA,UNINCORPORATED,-122.00333234999999,38.93454697
90574248,2017,2017-10-19,9155,2017-10-17,1205,015850,,2,1,9,0600,0,1,3,,1,021,"SR-20 W/B","NIAGARA AVENUE",3168.00,E,N,A,-,Y,,,20,,,,,,W,Y,4,0,1,1,C,-,18,,,N,E,I,A,A,H,-,A,D,0,,,,,Y,,-,"- ",0,0,1,0,0,0,0,0,0,"- ","- ",39.165709999999997,-121.98027999999999,COLUSA,UNINCORPORATED,-121.98032671999999,39.165671150000001
90574877,2017,2017-10-20,9155,2017-10-19,2250,019653,,4,3,9,0600,0,3,5,,2,002,"ZUMWALT RD","CRAWFORD RD",1325.00,S,N,B,C,N,,,,,,,,,,Y,3,0,1,1,A,-,08,22107,,N,E,I,A,B,H,-,D,D,0,,,,,Y,,D,22,0,1,0,0,0,0,0,0,0,"- ","- ",39.137770000000003,-122.15165,COLUSA,UNINCORPORATED,-122.15153864,39.137731039999998
90578560,2017,2017-10-25,9155,2017-10-23,1115,016445,,1,1,9,0600,0,1,1,,2,051,"I-5 S/B","HARRINGTON AVE",3326.00,S,N,A,-,Y,,,5,,,,,,S,Y,4,0,1,1,A,-,08,22107,,N,E,I,A,A,H,-,A,D,0,,,,,Y,,A,01,0,0,1,0,0,0,0,0,0,"- ","- ",38.946579999999997,-122.01044,COLUSA,UNINCORPORATED,-122.01076624,38.946363810000001
90582798,2017,2017-10-30,9155,2017-10-25,1630,015850,,3,2,9,0600,0,1,1,,2,051,"I-5 N/B",SR-20,2640.00,S,N,A,-,Y,,,,,,,,,,Y,3,0,1,1,C,-,18,,,N,E,I,A,A,H,-,A,D,0,,,,,Y,,-,"- ",0,1,0,0,0,0,0,0,0,"- ","- ",39.162260000000003,-122.1469,COLUSA,UNINCORPORATED,-122.14586063,39.160184889999996
90591082,2017,2017-11-09,9155,2017-11-02,0755,015996,,4,1,9,0600,0,3,5,,2,002,"WILDWOOD RD","MARINE AVE",0.00,,Y,A,-,N,,,,,,,,,,Y,4,0,2,2,A,-,09,21802,A,N,D,C,A,A,H,-,A,A,0,,,,,Y,,D,22,0,0,2,0,0,0,0,0,0,"- ","- ",38.958460000000002,-122.06085,COLUSA,UNINCORPORATED,-122.06085988,38.958439929999997
90599885,2017,2017-11-21,9155,2017-11-14,2025,020224,,2,2,9,0600,0,2,4,,2,010,"LONE STAR RD",SR-20,1848.00,S,N,A,-,N,,,,,,,,,,Y,2,0,1,1,A,-,08,22107,,N,F,A,A,A,H,-,D,D,0,,,,,Y,,A,01,1,0,0,0,0,0,0,0,0,"- ","- ",39.19041,-122.07904000000001,COLUSA,UNINCORPORATED,-122.07886515,39.190595109999997
90600611,2017,2017-12-13,9155,2017-11-06,1545,016445,,1,2,9,0600,0,3,5,,2,004,"MAXWELL COLUSA ROAD","FOUR MILE RD",1695.00,W,N,A,-,Y,,,,,,,,,,Y,1,1,2,3,A,-,03,22350,,N,C,C,A,A,H,-,A,D,0,,,,,Y,,A,07,0,0,2,0,0,0,0,0,0,"- ","- ",39.275539999999999,-122.12203,COLUSA,UNINCORPORATED,,
90604459,2017,2017-11-28,9155,2017-11-13,0555,016445,,1,3,9,0600,0,1,3,,1,022,"SR-20 W/B","LONE STAR RD",2112.00,E,N,A,-,Y,,,20,,,,,,W,N,2,0,1,3,A,-,11,21954,A,F,G,B,E,A,H,-,D,D,0,Y,,,,Y,,N,60,1,0,0,0,1,0,0,0,0,"- ","- ",39.195500000000003,-122.06740000000001,COLUSA,UNINCORPORATED,-122.06740035,39.195542949999997
90612733,2017,2017-12-07,9155,2017-11-27,2350,020322,,1,3,9,0600,0,3,5,,2,002,"ALMOND AVE","HILLGATE RD",475.00,N,N,A,-,N,,,,,,,,,,Y,2,0,2,1,A,-,08,22107,,N,E,I,A,A,H,-,C,D,0,,,,,Y,,A,01,2,0,0,0,0,0,0,0,0,"- ","- ",39.014119999999998,-122.07017999999999,COLUSA,UNINCORPORATED,-122.07005576,39.014015030000003
90617447,2017,2017-12-14,9155,2017-12-05,1745,018783,,2,2,9,0600,0,1,3,,1,022,SR-20,"WILSON AVE",0.00,,Y,A,-,Y,,,20,,,,,,,N,4,0,1,2,A,-,03,22350,,F,C,C,A,A,H,-,C,D,0,,,,,Y,,-,99,0,0,1,0,0,0,0,0,0,"- ","- ",39.196660000000001,-122.03713999999999,COLUSA,UNINCORPORATED,-122.03714411,39.196672880000001
90629758,2017,2018-06-04,9155,2017-12-10,2125,020224,,7,2,9,0600,0,1,1,,2,051,"I-5 S/B","GREENBAY RD",2960.00,N,N,A,-,Y,,,5,,,,,,S,Y,1,1,0,1,A,-,08,22107,,N,E,I,A,A,H,-,D,D,0,,,,,Y,Y,D,22,0,0,0,0,0,0,0,0,0,"- ","- ",38.97392,-122.02927,COLUSA,UNINCORPORATED,-122.02909579,38.974007610000001
90630079,2017,2017-12-29,9155,2017-12-28,1635,015996,,4,2,9,0600,0,1,1,,2,051,"I-5 N/B","HAHN RD",900.00,N,N,A,-,Y,,,5,,,,,,N,Y,4,0,1,2,A,-,07,21658,A,N,B,C,A,A,H,-,A,D,0,,,,Y,Y,,A,01,0,0,1,0,0,0,0,0,0,"- ","- ",39.05921,-122.08714999999999,COLUSA,UNINCORPORATED,-122.08715934999999,39.05920562
90632392,2017,2018-01-03,9155,2017-12-31,1140,018981,,7,1,9,0600,0,1,1,,2,051,"I-5 N/B","HAHN RD",2124.00,S,N,A,-,Y,,,5,,,,,,N,Y,2,0,1,1,A,-,08,22107,,N,F,A,A,A,H,-,A,D,0,,,,,Y,,A,01,1,0,0,0,0,0,0,0,0,"- ","- ",39.052300000000002,-122.08096,COLUSA,UNINCORPORATED,-122.08099414,39.052259640000003
90633402,2017,2018-01-04,9155,2017-12-25,1410,015850,,1,2,9,0600,0,1,3,,2,041,SR-45,"LEVEN STREET",573.00,S,N,A,-,Y,,,45,,,,,,,Y,1,1,0,1,A,-,08,22107,,N,F,A,A,A,H,-,A,D,0,,,,,Y,,D,22,0,0,0,0,0,0,0,0,0,"- ","- ",39.070639999999997,-121.88688,COLUSA,UNINCORPORATED,-121.88686344,39.070689190000003
90636550,2018,2018-01-09,9155,2018-01-03,1540,016445,,3,2,9,0600,0,1,3,,1,042,"SR-45 N/B","PACKER ROAD",6336.00,N,N,B,-,Y,,,45,,,,,,N,Y,4,0,1,1,A,-,08,22107,,N,F,A,A,B,H,-,A,D,0,,,,,Y,,A,01,0,0,1,0,0,0,0,0,0,"- ","- ",39.342159271240234,-122.03520965576172,COLUSA,UNINCORPORATED,-122.03509521484375,39.342113494873047
90643482,2018,2018-01-19,9155,2018-01-08,2215,020224,,1,3,9,0600,0,1,1,,2,052,"I-5 S/B","OLD HWY 99W",315.00,S,N,B,C,Y,,,5,,,,,,S,Y,3,0,1,1,A,-,08,22107,,N,E,I,A,B,H,-,D,D,0,,,,Y,Y,,G,25,0,1,0,0,0,0,0,0,0,"- ","- ",39.311191558837891,-122.19110870361328,COLUSA,UNINCORPORATED,-122.19107055664062,39.311222076416016
90653480,2018,2018-02-01,9155,2018-01-26,1150,019973,,5,1,9,0600,0,1,3,,2,023,SR-20,"WALNUT DRIVE",0.00,,N,B,-,Y,,,20,,,,,,,Y,3,0,1,2,A,-,03,22350,,N,C,C,A,A,D,-,A,A,0,,,,,Y,,A,01,0,1,0,0,0,0,0,0,0,"- ","- ",39.093719482421875,-122.34407806396484,COLUSA,UNINCORPORATED,-122.34404754638672,39.093708038330078
90656565,2018,2018-02-07,9155,2018-01-22,1510,016445,,1,2,9,0600,0,1,1,,2,052,"I-5 S/B","DELEVAN RD",3326.00,N,N,A,-,Y,,,5,,,,,,S,Y,1,1,1,1,A,-,08,22107,,N,F,A,A,A,H,-,A,D,0,,,,,Y,,A,07,1,0,0,0,0,0,0,0,0,"- ","- ",39.360881805419922,-122.19319152832031,COLUSA,UNINCORPORATED,-122.19300079345703,39.360881805419922
90672546,2018,2018-03-01,9155,2018-02-28,1202,016445,,3,1,9,0600,0,3,5,,2,001,"DRY SLOUGH RD","MORRIS RD",70.00,W,N,A,-,N,,,,,,,,,,Y,3,0,1,1,A,-,08,22107,,N,F,A,A,A,H,-,A,D,0,,,,,Y,,D,22,0,1,0,0,0,0,0,0,0,"- ","- ",39.070011138916016,-121.94280242919922,COLUSA,UNINCORPORATED,-121.94247436523438,39.070148468017578
90676383,2018,2018-03-06,9155,2018-03-04,1245,016445,,7,1,9,0600,0,1,1,,2,051,"I-5 S/B","E ST",650.00,S,N,A,-,Y,,,,,,,,,,Y,4,0,1,2,A,-,03,22350,,N,C,C,A,A,H,-,A,D,0,,,,,Y,,A,01,0,0,1,0,0,0,0,0,0,"- ","- ",39.152580261230469,-122.14153289794922,COLUSA,UNINCORPORATED,-122.14591979980469,39.154109954833984
90683442,2018,2018-03-16,9155,2018-03-14,1435,020735,,3,2,9,0600,0,3,5,,2,002,"SPRING VALLEY RD","WALNUT DR",1226.00,S,N,B,-,N,,,,,,,,,,Y,3,0,1,1,A,-,08,22107,,N,E,I,A,A,H,-,A,D,0,,,,,Y,,A,07,0,1,0,0,0,0,0,0,0,"- ","- ",39.118038177490234,-122.26558685302734,COLUSA,UNINCORPORATED,-122.26551818847656,39.118118286132812
90686226,2018,2018-03-20,9155,2018-03-09,2030,020686,,5,2,9,0600,0,3,5,,2,006,"LODOGA-STONYFORD RD.","LAKE PARK DR",83.00,W,N,A,-,N,,,,,,,,,,Y,2,0,1,1,A,-,01,23152,A,N,E,I,A,A,H,-,D,D,0,,,,,Y,Y,A,01,1,0,0,0,0,0,0,0,0,"- ","- ",39.301078796386719,-122.51882934570312,COLUSA,UNINCORPORATED,-122.51866149902344,39.301048278808594
90690744,2018,2018-03-27,9155,2018-03-20,1655,016445,,2,2,9,0600,0,1,1,,2,051,"I-5 S/B","MYERS RD",60.00,N,N,C,-,Y,,,5,,,,,,S,Y,3,0,1,1,A,-,08,22107,,N,E,I,A,B,H,-,A,D,0,,,,,Y,,A,01,0,1,0,0,0,0,0,0,0,"- ","- ",39.100650787353516,-122.11460113525391,COLUSA,UNINCORPORATED,-122.11476898193359,39.100528717041016
90695557,2018,2018-03-30,9155,2018-03-22,1810,020482,,4,2,9,0600,0,1,3,,2,023,SR-20,SR-16,5280.00,W,N,A,-,Y,,,20,,,,,,,Y,2,0,1,1,A,-,08,22107,,N,E,I,A,A,H,-,A,D,0,,,,,Y,,A,01,1,0,0,0,0,0,0,0,0,"- ","- ",39.012531280517578,-122.37600708007812,COLUSA,UNINCORPORATED,-122.37599945068359,39.012569427490234
90698785,2018,2018-04-04,9155,2018-03-29,1410,018981,,4,2,9,0600,0,1,3,,1,022,SR-20,"LONE STAR RD",4640.00,E,N,A,-,Y,,,20,,,,,,,Y,3,0,1,2,A,-,05,21650,,N,B,C,A,A,H,-,A,D,0,,,,Y,Y,,A,01,0,1,0,0,0,0,0,0,0,"- ","- ",39.195610046386719,-122.06236267089844,COLUSA,UNINCORPORATED,-122.06236267089844,39.195610046386719
90698903,2018,2018-04-04,9155,2018-03-31,1310,015943,,6,1,9,0600,0,3,5,,2,003,"GRIDLEY ROAD","PUTNAM RD",3696.00,E,N,A,-,N,,,,,,,,,,Y,2,0,1,1,C,-,18,,,N,E,I,A,A,H,-,A,D,0,,,,,Y,,-,"- ",1,0,0,0,0,0,0,0,0,"- ","- ",39.343650817871094,-121.95025634765625,COLUSA,UNINCORPORATED,-121.95005798339844,39.344459533691406
90703531,2018,2018-04-11,9155,2018-04-09,2015,015943,,1,2,9,0600,0,1,1,,2,052,"I-5 N/B","MAXWELL RD",1200.00,S,N,A,-,Y,,,5,,,,,,N,Y,3,0,1,1,C,-,18,,,N,H,H,A,A,H,-,D,D,0,,,,Y,Y,,-,"- ",0,1,0,0,0,0,0,0,0,"- ","- ",39.270179748535156,-122.18215179443359,COLUSA,UNINCORPORATED,-122.18218994140625,39.270179748535156
90708547,2018,2018-08-13,9155,2018-04-13,1002,019718,,5,1,9,0600,0,3,5,,2,004,"LURLINE AVE","OLD HWY 99W",4752.00,E,N,A,-,N,,,,,,,,,,Y,1,1,0,1,C,-,18,,,N,E,I,A,A,H,-,A,D,0,,,,,Y,,-,"- ",0,0,0,0,0,0,0,0,0,"- ","- ",39.218391418457031,-122.16826629638672,COLUSA,UNINCORPORATED,-122.18142700195312,39.218498229980469
90713014,2018,2018-04-25,9155,2018-04-15,2140,020686,,7,2,9,0600,0,1,3,,2,023,"SR-20 E/B","MPM COL 0.75",97.00,E,N,A,-,Y,,,20,,,,,,E,Y,3,0,1,1,A,-,03,22350,,N,E,I,A,B,H,-,D,D,0,,,,,Y,,A,01,0,1,0,0,0,0,0,0,0,"- ","- ",39.006950378417969,-122.3975830078125,COLUSA,UNINCORPORATED,-122.39756011962891,39.006999969482422
90713727,2018,2018-04-26,9155,2018-04-14,1002,019718,,6,1,9,0600,0,1,3,,2,023,SR-20,"WALNUT DR",11088.00,W,N,A,-,Y,,,20,,,,,,,Y,2,0,3,2,A,-,05,21460,A,N,A,C,A,A,H,-,A,D,0,,,,,Y,,A,07,1,2,0,0,0,0,0,0,0,"- ","- ",39.105640411376953,-122.32160949707031,COLUSA,UNINCORPORATED,-122.32160186767578,39.105602264404297
90717436,2018,2018-05-01,9155,2018-04-21,1455,019692,,6,2,9,0600,0,1,3,,1,042,SR-45,"WINTUN RD",420.00,N,N,A,-,Y,,,45,,,,,,,Y,4,0,2,3,A,-,03,22350,,N,C,C,A,A,H,-,A,D,0,,,,,Y,,A,01,0,0,2,0,0,0,0,0,0,"- ","- ",39.253929138183594,-122.03163146972656,COLUSA,UNINCORPORATED,-122.03160095214844,39.253929138183594
90717799,2018,2018-05-01,9155,2018-04-25,0745,015850,,3,1,9,0600,0,1,3,,1,042,"SR-45 S/B","REESE RD",30.00,N,N,A,-,Y,,,45,,,,,,S,Y,4,0,1,2,A,-,03,22350,,N,C,C,A,A,H,-,A,D,0,,,,,Y,,A,01,0,0,1,0,0,0,0,0,0,"- ","- ",39.259151458740234,-122.03188323974609,COLUSA,UNINCORPORATED,-122.03182220458984,39.259159088134766
90717809,2018,2018-05-01,9155,2018-04-29,1100,018981,,7,1,9,0600,0,3,5,,2,002,"FREEWAY UNDERCROSSING RD.","PUTNAM WAY",55.00,E,N,A,-,N,,,,,,,,,,Y,3,0,1,1,A,-,08,22107,,N,E,I,A,A,H,-,A,D,0,,,,,Y,,A,01,0,1,0,0,0,0,0,0,0,"- ","- ",39.024200439453125,-122.06356048583984,COLUSA,UNINCORPORATED,-122.06365966796875,39.024066925048828
90718057,2018,2018-05-02,9155,2018-05-01,1755,019560,,2,2,9,0600,0,1,3,,1,022,SR-20,"LONE STAR RD",0.00,,Y,A,-,Y,,,20,,,,,,,Y,4,0,1,2,A,-,09,21801,A,N,D,C,A,A,H,-,A,D,0,,,,,Y,,D,22,0,0,1,0,0,0,0,0,0,"- ","- ",39.195648193359375,-122.07879638671875,COLUSA,UNINCORPORATED,-122.07879638671875,39.195693969726562
90723361,2018,2018-05-09,9155,2018-05-03,1915,020735,,4,2,9,0600,0,3,5,,2,004,"GROVER AVE","CODORNIZ RD",0.00,,Y,A,-,N,,,,,,,,,,N,3,0,1,2,A,-,09,21800,B,N,D,C,A,A,H,-,A,D,0,,,Y,,Y,,A,01,0,1,0,0,0,0,0,0,1,"- ","- ",39.226581573486328,-122.02996826171875,COLUSA,UNINCORPORATED,-122.02992248535156,39.226600646972656
90724064,2018,2018-05-10,9155,2018-05-04,1618,019692,,5,2,9,0600,0,1,3,,1,022,SR-20,"O HAIR RD",140.00,W,N,A,-,Y,,,20,,,,,,,Y,3,0,1,1,A,-,08,22107,,N,E,I,A,A,H,-,A,D,0,,,,,Y,,A,01,0,1,0,0,0,0,0,0,0,"- ","- ",39.195400238037109,-122.04141235351562,COLUSA,UNINCORPORATED,-122.04141998291016,39.1954345703125
90727014,2018,2018-05-15,9155,2018-05-05,2157,021060,,6,2,9,0600,0,3,5,,2,002,"WYER RD","TRI KEL LN",175.00,N,N,A,-,N,,,,,,,,,,N,2,0,1,2,A,-,17,21228,A,N,C,C,A,A,H,-,D,D,0,,,Y,,Y,Y,C,03,1,0,0,0,0,0,0,0,1,"- ","- ",38.964351654052734,-122.09761810302734,COLUSA,UNINCORPORATED,-122.09764099121094,38.961742401123047
90727096,2018,2018-05-16,9155,2018-05-05,1750,020482,,6,2,9,0600,0,3,5,,2,001,"GRIMES-ARBUCKLE RD","SYCAMORE SLOUGH RD",1584.00,W,N,A,-,N,,,,,,,,,,Y,2,0,2,2,A,-,03,22350,,N,C,C,A,A,H,-,A,D,0,,,,,Y,,A,01,2,0,0,0,0,0,0,0,0,"- ","- ",39.0323486328125,-121.59597778320312,COLUSA,UNINCORPORATED,-121.99807739257812,39.056564331054688
90728694,2018,2018-05-17,9155,2018-05-13,1900,020686,,7,2,9,0600,0,3,5,,2,002,"HANKINS ROAD","PUMPHOUSE RD",400.00,E,N,A,-,N,,,,,,,,,,Y,3,0,1,1,A,-,08,22107,,N,E,I,A,A,H,-,A,D,0,,,,,Y,,D,22,0,1,0,0,0,0,0,0,0,"- ","- ",39.126659393310547,-122.19181060791016,COLUSA,UNINCORPORATED,-122.19165802001953,39.126605987548828
90741525,2018,2018-06-05,9155,2018-05-27,0700,018981,,7,1,9,0600,0,1,1,,2,051,"I-5 N/B","HUSTED RD",2160.00,N,N,A,-,Y,,,5,,,,,,N,Y,4,0,2,1,A,-,08,22107,,N,F,I,A,A,H,-,A,D,0,,,,,Y,,D,22,0,0,2,0,0,0,0,0,0,"- ","- ",39.134689331054688,-122.13580322265625,COLUSA,UNINCORPORATED,-122.13585662841797,39.134677886962891
90748143,2018,2018-06-14,9155,2018-06-07,1455,019973,,4,2,9,0600,0,3,5,,2,002,"WYER RD","WAGNER AVE",410.00,S,N,A,-,N,,,,,,,,,,Y,3,0,1,1,A,-,08,22107,,N,E,I,A,A,A,-,A,D,0,,,,,Y,,A,07,0,1,0,0,0,0,0,0,0,"- ","- ",38.998401641845703,-122.09786987304688,COLUSA,UNINCORPORATED,-122.09789276123047,38.998004913330078
90748612,2018,2018-06-14,9155,2018-06-09,0740,019973,,6,1,9,0600,0,3,5,,2,002,"WYER RD","YOUNG AVE",200.00,N,N,A,-,N,,,,,,,,,,Y,2,0,1,1,A,-,08,22107,,N,F,A,A,A,H,-,A,D,0,,,,,Y,,D,22,1,0,0,0,0,0,0,0,0,"- ","- ",38.972179412841797,-122.09761810302734,COLUSA,UNINCORPORATED,-122.09769439697266,38.973369598388672
90748874,2018,2018-06-15,9155,2018-06-14,1845,021060,,4,2,9,0600,0,3,5,,2,002,"GRIMES-ARBUCKLE RD","MILLER RD",4224.00,E,N,A,-,N,,,,,,,,,,N,3,0,1,1,A,-,03,22350,,N,E,J,A,A,G,-,A,D,0,,,Y,,Y,,C,02,0,1,0,0,0,0,0,0,1,"- ","- ",39.056430816650391,-122.00824737548828,COLUSA,UNINCORPORATED,-122.00824737548828,39.056430816650391
90751400,2018,2018-06-19,9155,2018-06-16,0330,020735,,6,3,9,0600,0,2,4,,2,010,"LONE STAR RD",SR-20,0.00,,Y,A,-,N,,,,,,,,,,Y,4,0,1,1,A,-,01,23152,A,N,E,I,A,A,H,-,C,D,0,,,,,Y,Y,D,22,0,0,1,0,0,0,0,0,0,"- ","- ",39.195728302001953,-122.07872772216797,COLUSA,UNINCORPORATED,-122.07879638671875,39.195671081542969
90752224,2018,2018-06-20,9155,2018-06-13,0105,019718,,3,3,9,0600,0,3,5,,2,004,"MAXWELL RD",SR-45,5544.00,E,N,A,-,N,,,,,,,,,,Y,3,0,1,1,A,-,01,23152,A,N,F,A,A,A,H,-,D,D,0,,,,,Y,Y,D,22,0,1,0,0,0,0,0,0,0,"- ","- ",39.277839660644531,-122.05499267578125,COLUSA,UNINCORPORATED,-122.03543853759766,39.277870178222656
90752265,2018,2018-06-20,9155,2018-06-18,1415,015850,,1,2,9,0600,0,1,1,,2,052,"I-5 N/B","FRESHWATER RD",12144.00,N,N,A,-,Y,,,5,,,,,,N,Y,3,0,1,2,A,-,08,22107,,N,B,C,A,A,H,-,A,D,0,,,,,Y,,B,07,0,1,0,0,0,0,0,0,0,"- ","- ",39.194980621337891,-122.17236328125,COLUSA,UNINCORPORATED,-122.17227172851562,39.195030212402344
90752354,2018,2018-06-20,9155,2018-06-19,1320,016445,,2,1,9,0600,0,1,3,,1,021,"SR-20 E/B","NIAGARA AVE",8976.00,E,N,A,-,Y,,,20,,,,,,E,Y,4,0,1,3,A,-,03,22350,,N,C,C,A,A,H,-,A,D,0,,,,,Y,,A,08,0,0,1,0,0,0,0,0,0,"- ","- ",39.160869598388672,-121.97653961181641,COLUSA,UNINCORPORATED,-121.97651672363281,39.160888671875
90752933,2018,2018-07-09,9155,2018-06-17,1215,015850,,7,1,9,0600,0,1,3,,2,023,"SR-20 W/B",SR-16,7920.00,E,N,A,-,Y,,,20,,,,,,W,Y,1,1,5,2,A,-,08,22107,,N,E,I,A,A,H,-,A,D,0,,,,,Y,,A,01,3,2,0,0,0,0,0,0,0,"- ","- ",39.019580841064453,-122.35540771484375,COLUSA,UNINCORPORATED,-122.35545349121094,39.019611358642578
90759750,2018,2018-06-29,9155,2018-06-22,0520,021060,,5,3,9,0600,0,1,1,,2,051,"I-5 S/B","HAHN RD",5808.00,N,N,A,-,Y,,,5,,,,,,S,Y,3,0,2,1,A,-,08,22107,,N,E,I,A,A,H,-,B,D,0,,,,,Y,,A,07,0,2,0,0,0,0,0,0,0,"- ","- ",39.072521209716797,-122.09423065185547,COLUSA,UNINCORPORATED,-122.09403991699219,39.072612762451172
90759773,2018,2018-06-29,9155,2018-06-26,0905,019973,,2,1,9,0600,0,1,1,,2,052,"I-5 S/B","LURLINE AVE",3000.00,N,N,A,-,Y,,,5,,,,,,S,N,3,0,1,1,A,-,03,22350,,N,E,J,A,A,C,-,A,D,0,,,Y,,Y,,C,02,0,1,0,0,0,0,0,0,1,"- ","- ",39.2293701171875,-122.18170166015625,COLUSA,UNINCORPORATED,-122.18183898925781,39.2293701171875
90761907,2018,2018-07-03,9155,2018-06-26,1338,019560,,2,1,9,0600,0,1,1,,2,051,"I-5 N/B","HARRINGTON AVE",300.00,N,N,A,-,Y,,,5,,,,,,N,Y,2,0,1,1,A,-,08,22107,,N,F,A,A,A,H,-,A,D,0,,,Y,,Y,,C,02,1,0,0,0,0,0,0,0,1,"- ","- ",38.954349517822266,-122.01825714111328,COLUSA,UNINCORPORATED,-122.01811981201172,38.954448699951172
90761932,2018,2018-07-03,9155,2018-06-29,2250,020735,,5,3,9,0600,0,2,4,,2,010,"LONE STAR RD","WARE RD",1056.00,S,N,A,-,N,,,,,,,,,,Y,3,0,1,1,A,-,08,22107,,N,E,I,A,A,H,-,D,D,0,,,,,Y,Y,A,01,0,1,0,0,0,0,0,0,0,"- ","- ",39.112468719482422,-122.07884979248047,COLUSA,UNINCORPORATED,-122.07888793945312,39.112720489501953
90761981,2018,2018-07-03,9155,2018-07-02,0030,019718,,1,3,9,0600,0,3,5,,2,002,"THEATRE ROAD","OLD HWY 99W",350.00,W,N,A,-,N,,,,,,,,,,Y,3,0,1,1,A,-,08,22107,,N,E,I,A,A,H,-,D,D,0,,,,,Y,,A,01,0,1,0,0,0,0,0,0,0,"- ","- ",39.148689270019531,-122.14330291748047,COLUSA,UNINCORPORATED,-122.14375305175781,39.147804260253906
90769893,2018,2018-07-16,9155,2018-06-23,0450,021060,,6,3,9,0600,0,1,1,,2,051,"I-5 N/B","HUSTED RD",5280.00,S,N,A,-,Y,,,5,,,,,,N,Y,1,2,0,2,A,-,05,21651,B,N,A,C,A,A,H,-,B,A,0,,,,,Y,,A,07,0,0,0,0,0,0,0,0,0,"- ","- ",39.113368988037109,-122.12050628662109,COLUSA,UNINCORPORATED,-122.12050628662109,39.113372802734375
90770862,2018,2018-07-17,9155,2018-07-13,1617,015943,,5,2,2,0602,0,1,1,,2,051,"I-5 N/B","E ST",2640.00,S,N,A,-,Y,,,5,,,,,,N,N,3,0,1,1,C,-,18,,,N,H,A,A,A,H,-,A,D,0,,,,,Y,,-,"- ",0,1,0,0,0,0,0,0,0,"- ","- ",39.160781860351562,-122.14629364013672,COLUSA,WILLIAMS,-122.14625549316406,39.160800933837891
90771160,2018,2018-07-17,9155,2018-07-10,0230,020322,,2,3,2,0602,0,1,1,,2,051,"I-5 N/B",SR-20,2640.00,S,N,A,-,Y,,,,,,,,,,Y,3,0,2,1,A,-,08,22107,,N,F,A,A,A,H,-,C,D,0,,,,,Y,,D,22,0,2,0,0,0,0,0,0,0,"- ","- ",39.159481048583984,-122.14734649658203,COLUSA,WILLIAMS,-122.14585876464844,39.160186767578125
90771245,2018,2018-07-17,9155,2018-07-17,1130,016445,,2,1,9,0600,0,1,1,,2,052,"I-5 N/B","MAXWELL REST AREA",528.00,S,N,A,-,Y,,,5,,,,,,N,N,4,0,1,2,A,-,03,22350,,N,C,C,A,A,H,-,A,D,0,,,,Y,Y,,E,22,0,0,1,0,0,0,0,0,0,"- ","- ",39.236671447753906,-122.18167114257812,COLUSA,UNINCORPORATED,-122.181640625,39.236671447753906
90772593,2018,2018-07-19,9155,2018-07-16,0230,020735,,1,3,9,0600,0,1,3,,1,042,SR-45,"PACKER RD",2640.00,N,N,A,-,Y,,,45,,,,,,,Y,3,0,1,1,A,-,01,23152,A,N,E,I,A,A,H,-,D,D,0,,,,,Y,Y,A,01,0,1,0,0,0,0,0,0,0,"- ","- ",39.340938568115234,-122.035400390625,COLUSA,UNINCORPORATED,-122.03538513183594,39.340938568115234
90774858,2018,2018-07-23,9155,2018-07-20,0830,019692,,5,1,9,0600,0,1,3,,1,021,"BRIDGE ST","OAK ST",0.00,,Y,A,-,Y,,,,,,,,,,N,4,0,2,3,A,-,03,22350,,N,C,C,A,A,H,-,A,D,0,,,,,Y,,A,01,0,0,2,0,0,0,0,0,0,"- ","- ",39.210601806640625,-122.00190734863281,COLUSA,UNINCORPORATED,-122.00187683105469,39.210708618164062
90774995,2018,2018-07-23,9155,2018-07-20,1445,020482,,5,2,9,0600,0,1,3,,2,023,SR-20,SR-16,18480.00,W,N,A,-,Y,,,20,,,,,,,Y,4,0,1,1,A,-,08,22107,,N,E,J,A,A,H,-,A,D,0,,,,,Y,,A,08,0,0,1,0,0,0,0,0,0,"- ","- ",39.010459899902344,-122.40670776367188,COLUSA,UNINCORPORATED,-122.40678405761719,39.010368347167969
90780141,2018,2018-07-30,9155,2018-07-27,1735,020322,,5,2,9,0600,0,3,5,,2,001,"OLD HWY 99W","YOLO COUNTY LINE RD",0.00,,Y,A,-,N,,,,,,,,,,Y,3,0,2,2,A,-,09,21802,A,N,D,C,A,A,H,-,A,A,0,,,,,Y,,D,22,0,1,1,0,0,0,0,0,0,"- ","- ",38.925449371337891,-121.99694061279297,COLUSA,UNINCORPORATED,-121.99665,38.9255
90782296,2018,2018-08-01,9155,2018-07-27,2330,016161,,5,3,9,0600,0,3,5,,2,006,"DIRT TRAIL FOUTS CAMPGROUND","FOUTS SPRINGS ROAD",165.00,E,N,A,-,N,,,,,,,,,,N,3,0,1,1,B,-,22,,,N,F,A,A,A,H,-,D,D,0,,,Y,,Y,,C,06,0,1,0,0,0,0,0,0,1,"- ","- ",39.359550476074219,-122.65412139892578,COLUSA,UNINCORPORATED,,
90785176,2018,2018-08-06,9155,2018-08-04,1530,016445,,6,2,2,0602,0,1,1,,2,051,"I-5 N/B","SR-20 O/C",753.00,S,N,A,-,Y,,,5,,,,,,N,Y,3,0,1,2,A,-,07,21658,A,N,F,I,A,A,H,-,D,D,0,,,,,Y,,D,22,0,1,0,0,0,0,0,0,0,"- ","- ",39.164878845214844,-122.14859008789062,COLUSA,WILLIAMS,-122.14869689941406,39.164813995361328
90786684,2018,2018-08-08,9155,2018-08-06,1309,016445,,1,1,9,0600,0,3,5,,2,002,"EAST CAMP RD","HILL ROAD",2465.00,N,N,A,-,N,,,,,,,,,,Y,4,0,1,1,A,-,03,22350,,N,E,I,A,A,H,-,A,D,0,,,Y,,Y,,C,02,0,0,1,0,0,0,0,0,1,"- ","- ",39.108798980712891,-122.21729278564453,COLUSA,UNINCORPORATED,-122.20828247070312,39.108688354492188
90787051,2018,2018-08-08,9155,2018-07-27,1450,018981,,5,2,9,0600,0,3,5,,2,002,"PEERLESS AVE","THOMPSON ST",0.00,,Y,A,-,N,,,,,,,,,,N,3,0,1,2,A,-,09,21800,B,N,D,C,A,A,H,-,A,D,0,,,,,Y,,A,01,0,1,0,0,0,0,0,0,0,"- ","- ",39.021461486816406,-122.06565093994141,COLUSA,UNINCORPORATED,-122.06569671630859,39.021530151367188
90791282,2018,2018-08-15,9155,2018-08-08,1655,015850,,3,2,9,0600,0,1,3,,2,023,"SR-20 W/B","KING RD",100.00,W,N,A,-,Y,,,20,,,,,,W,Y,3,0,1,2,A,-,05,21460,A,N,B,C,A,A,H,-,A,D,0,,,,,Y,,A,01,0,1,0,0,0,0,0,0,0,"- ","- ",39.148731231689453,-122.2572021484375,COLUSA,UNINCORPORATED,-122.2572021484375,39.148746490478516
90791969,2018,2018-08-16,9155,2018-08-11,1903,018127,,6,2,9,0600,0,1,1,,2,052,"I-5 N/B","OLD HWY 99W",3218.00,S,N,A,-,Y,,,5,,,,,,N,Y,3,0,1,2,A,-,01,23152,A,N,C,C,A,A,H,-,A,D,0,,,,Y,Y,Y,D,22,0,1,0,0,0,0,0,0,0,"- ","- ",39.304588317871094,-122.18682098388672,COLUSA,UNINCORPORATED,-122.18671417236328,39.304618835449219
90793383,2018,2018-08-20,9155,2018-08-08,1937,020735,,3,2,9,0600,0,1,1,,2,051,"I-5 S/B","MYERS RD",2640.00,N,N,A,-,Y,,,5,,,,,,S,Y,2,0,6,1,A,-,01,23152,A,N,E,I,A,A,H,-,A,D,0,,,,,Y,Y,D,22,2,4,0,0,0,0,0,0,0,"- ","- ",39.108108520507812,-122.11775207519531,COLUSA,UNINCORPORATED,-122.11764526367188,39.108154296875
90796744,2018,2018-08-23,9155,2018-08-17,0455,020735,,5,3,9,0600,0,2,4,,2,011,"OLD HWY 99W","HAHN RD",5280.00,N,N,A,-,N,,,,,,,,,,Y,4,0,1,2,A,-,06,21751,,N,A,C,A,A,H,-,C,D,0,,,,Y,Y,,G,25,0,0,1,0,0,0,0,0,0,"- ","- ",39.079299926757812,-122.09760284423828,COLUSA,UNINCORPORATED,-122.09197998046875,39.069599151611328
90797670,2018,2018-08-24,9155,2018-08-16,1750,019973,,4,2,9,0600,0,3,5,,2,002,"LUCAS ST","7TH ST",0.00,,Y,A,-,N,,,,,,,,,,N,4,0,1,2,A,-,09,21800,A,N,D,C,A,A,H,-,A,D,0,,,,,Y,,A,07,0,0,1,0,0,0,0,0,0,"- ","- ",39.017379760742188,-122.06002807617188,COLUSA,UNINCORPORATED,-122.06005096435547,39.017368316650391
90797896,2018,2018-08-27,9155,2018-08-22,1330,019692,,3,1,9,0600,0,1,1,,2,051,"I-5 N/B","HALL ST",528.00,N,N,A,-,Y,,,5,,,,,,N,Y,4,0,1,2,A,-,03,22350,,N,C,C,A,A,H,-,A,D,0,,,,Y,Y,,F,25,0,0,1,0,0,0,0,0,0,"- ","- ",39.018020629882812,-122.05921936035156,COLUSA,UNINCORPORATED,-122.05929565429688,39.017971038818359
90798015,2018,2018-08-27,9155,2018-08-20,0739,019560,,1,1,9,0600,0,2,4,,2,011,"OLD HWY 99W","MYERS RD",0.00,,Y,A,-,N,,,,,,,,,,Y,3,0,1,2,A,-,05,21460,C,N,C,C,A,A,H,-,A,D,0,,,,Y,Y,,G,25,0,1,0,0,0,0,0,0,0,"- ","- ",39.101051330566406,-122.11195373535156,COLUSA,UNINCORPORATED,-122.11193084716797,39.101028442382812
90798838,2018,2018-08-27,9155,2018-08-19,0200,020735,,7,3,9,0600,0,1,1,,2,052,"I-5 S/B","LENAHAN RD",970.00,N,N,A,-,Y,,,5,,,,,,S,Y,2,0,1,1,A,-,08,22107,,N,A,I,A,A,H,-,D,D,0,,,,,Y,,A,07,1,0,0,0,0,0,0,0,0,"- ","- ",39.335639953613281,-122.19506072998047,COLUSA,UNINCORPORATED,-122.19499969482422,39.335639953613281
90799316,2018,2018-08-27,9155,2018-08-23,1515,019973,,4,2,9,0600,0,2,4,,2,011,"OLD HWY 99W","HAHN RD",4000.00,N,N,A,-,Y,,,,,,,,,,Y,3,0,1,2,A,-,08,22107,,N,D,C,A,A,H,-,A,D,0,,,,,Y,,A,01,0,1,0,0,0,0,0,0,0,"- ","- ",39.0665283203125,-122.08979797363281,COLUSA,UNINCORPORATED,-122.08981323242188,39.066539764404297
90799396,2018,2018-08-27,9155,2018-08-25,1350,018127,,6,1,9,0600,0,3,5,,2,005,"MAXWELL SITES RD","MILLS ORCHARD RD",3585.00,E,N,A,F,N,,,,,,,,,,Y,3,0,1,1,A,-,08,22107,,N,E,I,A,A,H,-,A,D,0,,,,,Y,,A,01,0,1,0,0,0,0,0,0,0,"- ","- ",39.276088714599609,-122.26178741455078,COLUSA,UNINCORPORATED,-122.26224517822266,39.276065826416016
90799906,2018,2018-08-28,9155,2018-08-26,0510,021060,,7,3,9,0600,0,1,1,,2,051,"I-5 N/B","GREENBAY RD",220.00,N,N,A,-,Y,,,5,,,,,,N,Y,2,0,1,2,A,-,03,22350,,N,C,C,A,A,H,-,D,D,0,,,,,Y,,D,22,1,0,0,0,0,0,0,0,0,"- ","- ",38.966480255126953,-122.02599334716797,COLUSA,UNINCORPORATED,-122.02603149414062,38.966457366943359
90800628,2018,2018-08-29,9155,2018-08-28,1415,019973,,2,2,9,0600,0,2,4,,2,010,"LONE STAR RD","ABEL RD",12.00,S,N,A,-,N,,,,,,,,,,Y,3,0,2,2,A,-,03,22350,,N,C,C,A,A,H,-,A,D,0,,,,,Y,,A,07,0,1,1,0,0,0,0,0,0,"- ","- ",39.144939422607422,-122.07861328125,COLUSA,UNINCORPORATED,-122.07861328125,39.144935607910156
90806369,2018,2018-09-05,9155,2018-08-30,1325,18981,,4,1,9,0600,0,3,5,,2,004,"MAXWELL COLUSA RD","FOUR MILE RD",4587.00,W,N,A,-,N,,,,,,,,,,Y,3,0,1,1,A,-,08,22107,,N,E,I,A,A,H,-,A,D,0,,,,,Y,,A,01,0,1,0,0,0,0,0,0,0,"- ","- ",39.275531768798828,-122.13291168212891,COLUSA,UNINCORPORATED,-122.13291168212891,39.275531768798828
90808041,2018,2018-09-07,9155,2018-09-02,1200,019692,,7,1,9,0600,0,1,1,,2,051,"I-5 S/B","HAHN RD",8448.00,N,N,A,-,Y,,,5,,,,,,S,N,3,0,1,2,A,-,17,23114,A,N,E,J,A,A,H,-,A,D,0,,,,,Y,,D,22,0,1,0,0,0,0,0,0,0,"- ","- ",39.07843017578125,-122.09779357910156,COLUSA,UNINCORPORATED,-122.09769439697266,39.078495025634766
90809514,2018,2018-09-10,9155,2018-09-05,0335,020686,,3,3,9,0600,0,1,1,,2,052,"I-5 N/B","LENAHAN RD",410.00,S,N,A,-,Y,,,5,,,,,,N,Y,3,0,1,1,A,-,08,22107,,N,E,I,A,A,H,-,D,D,0,,,,Y,Y,,G,25,0,1,0,0,0,0,0,0,0,"- ","- ",39.334060668945312,-122.19458770751953,COLUSA,UNINCORPORATED,-122.19465637207031,39.334060668945312
90810198,2018,2018-09-11,9155,2018-09-08,1710,020322,,6,2,9,0600,0,1,3,,1,022,"SR-20 W/B","LONE STAR RD",300.00,W,N,A,-,Y,,,20,,,,,,W,Y,4,0,1,2,A,-,01,23152,A,M,C,C,A,A,H,-,A,D,0,,,,,Y,Y,D,22,0,0,1,0,0,0,0,0,0,"- ","- ",39.195781707763672,-122.08247375488281,COLUSA,UNINCORPORATED,-122.08247375488281,39.195762634277344
90811746,2018,2018-09-12,9155,2018-09-03,1315,018981,,1,1,9,0600,0,1,1,,2,052,"I-5 N/B","DELEVAN RD",80.00,N,N,A,-,Y,,,5,,,,,,N,Y,4,0,1,2,A,-,03,22350,,N,C,C,A,A,H,-,A,D,0,,,,,Y,,A,01,0,0,1,0,0,0,0,0,0,"- ","- ",39.349079132080078,-122.19473266601562,COLUSA,UNINCORPORATED,-122.19478607177734,39.349079132080078
90815984,2018,2018-09-18,9155,2018-09-09,0200,019692,,7,3,9,0600,0,3,5,,2,006,"LEESVILLE RD",SR-20,20592.00,N,N,A,-,N,,,,,,,,,,Y,2,0,3,1,A,-,08,22107,,N,F,A,A,A,H,-,D,D,0,,,,,Y,,A,08,1,1,1,0,0,0,0,0,0,"- ","- ",39.138568878173828,-122.34423828125,COLUSA,UNINCORPORATED,-122.29128265380859,39.120479583740234
90817591,2018,2018-09-20,9155,2018-09-15,1925,020482,,6,2,9,0600,0,1,3,,2,023,SR-20,"LEESVILLE RD",10560.00,W,N,A,-,Y,,,20,,,,,,,Y,3,0,1,1,A,-,01,23152,A,N,E,I,A,A,H,-,D,D,0,,,,,Y,Y,A,07,0,1,0,0,0,0,0,0,0,"- ","- ",39.104568481445312,-122.3253173828125,COLUSA,UNINCORPORATED,-122.3253173828125,39.104530334472656
90817875,2018,2018-09-20,9155,2018-08-22,1345,019560,,3,1,9,0600,0,1,1,,2,052,"I-5 S/B","FAIRVIEW RD",1320.00,S,N,A,-,Y,,,5,,,,,,S,Y,1,1,0,2,A,-,03,22350,,N,C,C,A,A,H,-,A,D,0,,,,Y,Y,,A,07,0,0,0,0,0,0,0,0,0,"- ","- ",39.243408203125,-122.18215179443359,COLUSA,UNINCORPORATED,-122.18210601806641,39.243412017822266
90821115,2018,2018-09-25,9155,2018-09-15,1225,019692,,6,1,9,0600,0,3,5,,2,005,"LEESVILLE RD","ANTELOPE CREEK",528.00,S,N,A,-,N,,,,,,,,,,Y,3,0,2,1,A,-,08,22107,,N,F,A,A,A,H,-,A,D,0,,,,,Y,,A,07,0,2,0,0,0,0,0,0,0,"- ","- ",39.154819488525391,-122.35841369628906,COLUSA,UNINCORPORATED,,
90828077,2018,2018-10-03,9155,2018-09-24,1705,020482,,1,2,9,0600,0,1,1,,2,052,"I-5 N/B","LURLINE AVE",5280.00,S,N,A,-,Y,,,5,,,,,,N,Y,3,0,1,2,A,-,08,22107,,N,D,C,A,A,H,-,A,D,0,,,,Y,Y,,A,08,0,1,0,0,0,0,0,0,0,"- ","- ",39.203651428222656,-122.17726135253906,COLUSA,UNINCORPORATED,-122.17702484130859,39.203769683837891
90829731,2018,2018-10-05,9155,2018-09-27,0638,019692,,4,1,9,0600,0,3,5,,2,001,"WHITE RD","W RD.",3379.00,E,N,A,-,N,,,,,,,,,,Y,2,0,1,1,A,-,08,22107,,N,F,A,A,A,H,-,B,D,0,,,,,Y,,A,01,1,0,0,0,0,0,0,0,0,"- ","- ",38.969211578369141,-121.94027709960938,COLUSA,UNINCORPORATED,-121.93955993652344,38.969127655029297
90832778,2018,2019-07-11,9155,2018-09-13,0559,018127,,4,3,9,0600,0,2,4,,2,011,"MYERS RD","OLD HWY 99W",0.00,,Y,A,-,N,,,,,,,,,,Y,1,1,0,2,A,-,12,22450,A,N,D,C,A,A,H,-,C,A,0,,,,Y,Y,,A,01,0,0,0,0,0,0,0,0,0,"- ","- ",39.101028442382812,-122.11186218261719,COLUSA,UNINCORPORATED,-122.11193084716797,39.101028442382812
90833781,2018,2018-10-11,9155,2018-10-02,0545,018127,,2,3,9,0600,0,1,1,,2,052,"I-5 S/B","OLD HWY 99W",35.00,S,N,B,C,Y,,,5,,,,,,S,N,3,0,1,1,A,-,03,22350,,N,E,I,A,B,H,-,D,D,0,,,,,Y,,A,01,0,1,0,0,0,0,0,0,0,"- ","- ",39.308631896972656,-122.18892669677734,COLUSA,UNINCORPORATED,-122.18904113769531,39.308547973632812
90833899,2018,2018-12-20,9155,2018-09-11,1700,020322,,2,2,9,0600,0,1,3,,1,016,"SR-16 W/B",SR-20,20592.00,E,N,A,-,Y,,,,,,,,,,Y,1,1,0,1,A,-,01,23152,G,N,E,I,A,A,H,-,A,D,0,,,,,Y,Y,A,01,0,0,0,0,0,0,0,0,0,"- ","- ",38.912021636962891,-122.26537322998047,COLUSA,UNINCORPORATED,-122.34127044677734,38.964431762695312
90834027,2018,2018-10-11,9155,2018-10-03,1930,020322,,3,2,9,0600,0,1,1,,2,051,"I-5 S/B","WARE ROAD",400.00,N,N,A,-,Y,,,5,,,,,,S,Y,3,0,1,1,A,-,08,22107,,N,E,I,A,A,H,-,D,D,0,,,,,Y,,A,01,0,1,0,0,0,0,0,0,0,"- ","- ",39.11669921875,-122.12310028076172,COLUSA,UNINCORPORATED,-122.123046875,39.116733551025391
90834111,2018,2018-10-11,9155,2018-10-07,0055,021060,,7,3,9,0600,0,3,5,,2,002,"HILLGATE RD","WHISKEY CREEK RD",528.00,W,N,A,-,N,,,,,,,,,,Y,2,0,2,1,A,-,08,22107,,N,E,I,A,A,H,-,D,D,0,,,,,Y,,A,01,1,1,0,0,0,0,0,0,0,"- ","- ",39.012168884277344,-122.11965942382812,COLUSA,UNINCORPORATED,-122.11879730224609,39.012229919433594
90836975,2018,2018-10-16,9155,2018-10-05,1635,018125,,5,2,9,0600,0,1,3,,1,021,"BRIDGE ST","CLAY ST",68.00,S,N,A,-,Y,,,,,,,,,,Y,4,0,4,3,A,-,03,22350,,N,C,C,A,A,H,-,A,D,0,,,,,Y,,A,01,0,0,4,0,0,0,0,0,0,"- ","- ",39.209560394287109,-122.00231170654297,COLUSA,UNINCORPORATED,-122.00230407714844,39.209590911865234
90840345,2018,2018-11-05,9155,2018-09-21,0628,019692,,5,1,2,0602,0,1,1,,2,051,"I-5 N/B",SR-20,950.00,S,N,A,-,Y,,,5,,,,,,N,Y,1,3,1,2,A,-,03,22350,,N,C,C,A,A,H,-,C,D,0,,,,Y,Y,,G,25,1,0,0,0,0,0,0,0,0,"- ","- ",39.163921356201172,-122.14813232421875,COLUSA,WILLIAMS,-122.14815521240234,39.163902282714844
90841017,2018,2018-10-22,9155,2018-10-11,2350,021060,,4,3,9,0600,0,1,1,,2,052,"I-5 N/B",SR-20,5280.00,N,N,A,-,Y,,,5,,,,,,N,Y,2,0,1,1,A,-,01,23152,G,N,F,A,A,A,H,-,D,D,0,,,,,Y,Y,A,01,1,0,0,0,0,0,0,0,0,"- ","- ",39.183650970458984,-122.16499328613281,COLUSA,UNINCORPORATED,-122.16486358642578,39.183753967285156
90841142,2018,2018-10-22,9155,2018-10-13,1955,020322,,6,2,9,0600,0,3,5,,2,004,"MAXWELL RD","HOLLOWAY RD",25.00,E,N,A,-,Y,,,,,,,,,,Y,4,0,1,1,A,-,08,22107,,N,E,I,A,A,H,-,D,D,0,,,,,Y,,E,22,0,0,1,0,0,0,0,0,0,"- ","- ",39.275508880615234,-122.06989288330078,COLUSA,UNINCORPORATED,-122.06993865966797,39.275440216064453
9084149,2020,2020-06-09,0601,2020-02-27,0759,8447,0601,4,5,2,0601,0,0,0,,0,00A,"PARKHILL ST","6TH ST",0.00,,Y,A,-,N,,,,,,,,,,N,3,0,1,3,A,-,03,22350,,N,B,C,A,A,H,-,A,D,0,,,,,Y,,A,07,0,1,0,0,0,0,0,0,0,"- ","- ",,,COLUSA,COLUSA,-122.0107421875,39.210781097412109
90845011,2018,2018-10-25,9155,2018-10-20,2323,021060,,6,3,2,0602,0,1,1,,2,051,"I-5 N/B","E STREET",3000.00,S,N,A,-,Y,,,5,,,,,,N,Y,3,0,1,1,A,-,08,22107,,N,F,A,A,A,H,-,A,D,0,,,,,Y,,D,22,0,1,0,0,0,0,0,0,0,"- ","- ",39.149150848388672,-122.13942718505859,COLUSA,WILLIAMS,-122.13930511474609,39.149223327636719
90850714,2018,2018-11-01,9155,2018-10-21,0035,019560,,7,3,9,0600,0,1,3,,1,042,SR-45,"RESERVATION RD",6336.00,N,N,A,-,Y,,,45,,,,,,,Y,2,0,1,1,A,-,01,23152,A,N,E,I,A,A,H,-,D,D,0,,,,,Y,Y,A,07,1,0,0,0,0,0,0,0,0,"- ","- ",39.315521240234375,-122.03369903564453,COLUSA,UNINCORPORATED,-122.0338134765625,39.315505981445312
90851295,2018,2018-11-30,9155,2018-10-18,1643,020482,,4,2,9,0600,0,3,5,,2,001,"OLD HWY 99W","EDDY RD",75.00,N,N,A,-,N,,,,,,,,,,Y,3,0,1,2,A,-,12,22450,A,N,A,C,A,A,H,-,A,A,0,,,,,Y,,A,01,0,1,0,0,0,0,0,0,0,"- ","- ",38.962211608886719,-122.02046203613281,COLUSA,UNINCORPORATED,-122.02051544189453,38.962291717529297
90851319,2018,2018-11-01,9155,2018-10-27,0720,019718,,6,1,9,0600,0,2,4,,2,010,"LONE STAR ROAD","ABEL ROAD",350.00,S,N,A,-,N,,,,,,,,,,Y,4,0,1,1,A,-,08,22107,,N,F,A,A,A,H,-,A,A,0,,,,,Y,,A,07,0,0,1,0,0,0,0,0,0,"- ","- ",39.144149780273438,-122.07849884033203,COLUSA,UNINCORPORATED,-122.07853698730469,39.144012451171875
90853947,2018,2018-11-06,9155,2018-10-27,1145,019718,,6,1,9,0600,0,3,5,,2,001,"ABEL ROAD","LONE STAR ROAD",2500.00,W,N,A,-,N,,,,,,,,,,Y,4,0,2,2,A,-,03,22350,,N,D,C,A,A,H,-,A,D,0,,,,Y,Y,,G,25,0,0,2,0,0,0,0,0,0,"- ","- ",39.145030975341797,-122.08753204345703,COLUSA,UNINCORPORATED,-122.08744049072266,39.145030975341797
90854530,2018,2018-11-06,9155,2018-10-25,1725,020482,,4,2,9,0600,0,1,3,,2,023,SR-20,SR-16,15840.00,W,N,A,-,Y,,,20,,,,,,,Y,2,0,2,1,A,-,01,23152,F,N,E,I,A,A,H,-,A,D,0,,,,,Y,,A,01,1,1,0,0,0,0,0,0,0,"- ","- ",39.004421234130859,-122.39349365234375,COLUSA,UNINCORPORATED,-122.39350891113281,39.004379272460938
90857623,2018,2018-11-09,9155,2018-11-05,1905,020482,,1,2,2,0601,0,1,1,,2,051,"I-5 N/B","COUNTY LINE ROAD",198.00,N,N,A,-,Y,,,,,,,,,,Y,4,0,2,2,A,-,08,22107,,N,C,C,A,A,H,-,D,D,0,,,,Y,Y,,A,01,0,0,2,0,0,0,0,0,0,"- ","- ",38.926189422607422,-122.00041961669922,COLUSA,COLUSA,-122.00032806396484,38.925983428955078
90861869,2018,2018-11-16,9155,2018-11-13,0420,020322,,2,3,9,0600,0,1,3,,2,023,"SR-20 E/B",SR-16,8976.00,E,N,A,-,Y,,,20,,,,,,E,Y,2,0,1,1,A,-,08,22107,,N,E,I,A,A,H,-,D,D,0,,,,,Y,,A,01,1,0,0,0,0,0,0,0,0,"- ","- ",39.030651092529297,-122.33867645263672,COLUSA,UNINCORPORATED,-122.33873748779297,39.030677795410156
90864919,2018,2018-11-21,9155,2018-11-14,1401,018127,,3,2,9,0600,0,1,1,,2,051,"I-5 N/B","HAHN RD",5280.00,N,N,F,-,Y,,,5,,,,,,N,Y,4,0,1,1,A,-,08,22107,,N,E,I,A,A,H,-,A,A,0,,,,,Y,,A,01,0,0,1,0,0,0,0,0,0,"- ","- ",39.074539184570312,-122.09468078613281,COLUSA,UNINCORPORATED,-122.09471893310547,39.074512481689453
90868644,2018,2018-11-27,9155,2018-11-16,2500,018125,,5,4,9,0600,0,1,3,,1,016,SR-16,SR-20,14995.00,E,N,A,-,Y,,,16,,,,,,,Y,3,0,2,1,A,-,08,22107,,N,F,A,A,A,H,-,D,D,0,,,,,Y,,A,01,0,2,0,0,0,0,0,0,0,"- ","- ",38.978778839111328,-122.33959197998047,COLUSA,UNINCORPORATED,-122.33961486816406,38.978744506835938
90869343,2018,2018-11-28,9155,2018-11-27,1310,016445,,2,1,9,0600,0,1,3,,2,023,"SR-20 W/B",SR-16,20592.00,E,N,B,C,Y,,,20,,,,,,W,Y,4,0,1,1,A,-,08,22107,,N,E,I,A,B,H,-,A,D,0,,,,,Y,,A,01,0,0,1,0,0,0,0,0,0,"- ","- ",39.018589019775391,-122.35639953613281,COLUSA,UNINCORPORATED,-122.35626983642578,39.018512725830078
90869624,2018,2018-12-14,9155,2018-11-21,1110,018981,,3,1,9,0600,0,1,1,,2,052,"I-5 N/B","OLD HWY 99W",125.00,N,N,C,-,Y,,,5,,,,,,N,Y,3,0,1,1,C,-,18,,,N,E,I,A,B,H,-,A,D,0,,,,,Y,,-,"- ",0,1,0,0,0,0,0,0,0,"- ","- ",39.312789916992188,-122.19191741943359,COLUSA,UNINCORPORATED,-122.19187927246094,39.312820434570312
90876621,2018,2018-12-05,9155,2018-11-25,2100,021060,,7,2,9,0600,0,3,5,,2,001,"MUMMA RD","GREVIE RD",434.00,E,N,B,-,N,,,,,,,,,,Y,3,0,2,1,A,-,08,22107,,F,E,I,A,B,H,-,D,D,0,,,,,Y,,A,07,0,2,0,0,0,0,0,0,0,"- ","- ",38.954689025878906,-121.98748016357422,COLUSA,UNINCORPORATED,-121.98756408691406,38.954727172851562
90877266,2018,2018-12-13,9155,2018-11-17,2500,018127,,6,4,9,0600,0,3,5,,2,001,"OLD HWY 99W","HARRINGTON AVE",617.00,S,N,F,-,N,,,,,,,,,,Y,1,1,0,1,A,-,08,22107,,N,E,I,A,A,H,-,D,D,0,,,,,Y,,A,01,0,0,0,0,0,0,0,0,0,"- ","- ",38.953620910644531,-122.01519775390625,COLUSA,UNINCORPORATED,-122.01469421386719,38.953472137451172
90877288,2018,2018-12-06,9155,2018-10-11,2312,020735,,4,3,9,0600,0,3,5,,2,005,"OLD HWY 99W","COMET LN",1723.00,S,N,A,-,N,,,,,,,,,,Y,1,1,2,3,A,-,03,22350,,N,C,C,E,A,H,-,D,D,0,Y,,,,Y,,A,01,0,2,0,0,1,0,0,0,0,"- ","- ",39.249858856201172,-122.19126892089844,COLUSA,UNINCORPORATED,-122.19123840332031,39.249897003173828
90878174,2018,2018-12-07,9155,2018-11-28,1701,019692,,3,2,9,0600,0,3,5,,2,001,"BRIDGE ST","OAK ST",150.00,N,N,A,B,Y,,,,,,,,,,N,4,0,1,2,A,-,03,22350,,N,C,C,A,A,D,-,B,A,0,,,,,Y,,A,01,0,0,1,0,0,0,0,0,0,"- ","- ",39.21112060546875,-122.00167846679688,COLUSA,UNINCORPORATED,-122.00172424316406,39.211105346679688
90882266,2018,2018-12-13,9155,2018-11-29,0948,018127,,4,1,9,0600,0,1,1,,2,052,"I-5 S/B","OLD HWY 99W",300.00,S,N,C,-,Y,,,5,,,,,,S,Y,3,0,1,1,C,-,18,,,N,E,I,A,D,G,-,A,D,0,,,,Y,Y,,-,"- ",0,1,0,0,0,0,0,0,0,"- ","- ",39.310501098632812,-122.19123840332031,COLUSA,UNINCORPORATED,-122.19078063964844,39.310844421386719
90882496,2018,2018-12-13,9155,2018-12-06,2149,020482,,4,2,9,0600,0,1,1,,2,052,"I-5 S/B","FRESHWATER RD",4224.00,N,N,A,-,Y,,,5,,,,,,S,Y,4,0,1,2,A,-,08,22107,,N,F,A,A,A,H,-,D,D,0,,,,,Y,,E,22,0,0,1,0,0,0,0,0,0,"- ","- ",39.18389892578125,-122.16506195068359,COLUSA,UNINCORPORATED,-122.16526031494141,39.183738708496094
90887722,2018,2018-12-21,9155,2018-12-14,1730,018125,,5,2,9,0600,0,3,5,,2,002,"5TH ST","AMANDA ST",25.00,N,N,B,C,N,,,,,,,,,,N,4,0,1,2,A,-,08,22107,,N,B,C,A,B,H,-,C,D,0,,,,,Y,,D,22,0,0,1,0,0,0,0,0,0,"- ","- ",39.016738891601562,-122.05706024169922,COLUSA,UNINCORPORATED,-122.05699920654297,39.016750335693359
90897445,2018,2019-01-03,9155,2018-12-27,2220,019718,,4,3,9,0600,0,1,1,,2,051,"I-5 N/B","HILLGATE RD",5280.00,S,N,A,-,Y,,,5,,,,,,N,Y,4,0,3,2,A,-,03,22350,,M,C,C,A,A,H,-,D,D,0,,,,,Y,,A,01,0,0,3,0,0,0,0,0,0,"- ","- ",39.001319885253906,-122.04680633544922,COLUSA,UNINCORPORATED,-122.04662322998047,39.001441955566406
90897801,2018,2019-01-04,9155,2018-12-14,1741,015943,,5,2,9,0600,0,1,3,,1,022,SR-20,"LONE STAR ROAD",0.00,,Y,B,C,Y,,,,,,,,,,Y,2,0,2,2,A,-,01,23152,A,F,D,C,A,B,H,-,C,D,0,,,,,Y,Y,A,07,1,1,0,0,0,0,0,0,0,"- ","- ",39.198318481445312,-121.94748687744141,COLUSA,UNINCORPORATED,-122.07879638671875,39.195671081542969
90899867,2019,2019-01-08,9155,2019-01-01,0300,021060,,2,3,9,0600,0,1,1,,2,051,"I-5 S/B","SALT CREEK BRIDGE #15-05",760.00,S,N,A,G,Y,,,5,,,,,,S,Y,2,0,1,1,A,-,01,23152,F,N,F,A,A,A,H,-,D,D,0,,,,,Y,,A,07,1,0,0,0,0,0,0,0,0,"- ","- ",39.0264892578125,-122.06356048583984,COLUSA,UNINCORPORATED,-122.06361389160156,39.026462554931641
90900114,2019,2019-01-08,9155,2019-01-05,1452,018125,,6,2,9,0600,0,1,3,,1,022,"SR-20 W/B","WILSON AVE",180.00,W,N,C,-,N,,,20,,,,,,W,Y,3,0,2,1,A,-,08,22107,,N,E,I,A,B,H,-,A,D,0,,,,,Y,,A,01,0,2,0,0,0,0,0,0,0,"- ","- ",39.196540832519531,-122.03781890869141,COLUSA,UNINCORPORATED,-122.03779602050781,39.19647216796875
90900742,2019,2019-01-09,9155,2019-01-05,1820,020482,,6,2,9,0600,0,2,4,,2,011,"OLD HWY 99W","HAHN RD",6864.00,N,N,B,-,Y,,,,,,,,,,Y,3,0,1,1,A,-,08,22107,,N,E,I,A,B,H,-,D,D,0,,,,,Y,,A,07,0,1,0,0,0,0,0,0,0,"- ","- ",39.074741363525391,-122.09452056884766,COLUSA,UNINCORPORATED,-122.09396362304688,39.07366943359375
90905940,2019,2019-01-16,9155,2019-01-14,0620,018981,,1,1,9,0600,0,1,1,,2,051,"I-5 N/B","HARRINGTON AVE",1310.00,S,N,A,-,Y,,,5,,,,,,N,Y,3,0,1,1,A,-,08,22107,,N,E,I,A,A,H,-,D,D,0,,,,,Y,,A,01,0,1,0,0,0,0,0,0,0,"- ","- ",38.951850891113281,-122.01593780517578,COLUSA,UNINCORPORATED,-122.01590728759766,38.951889038085938
90906059,2019,2019-01-16,9155,2019-01-12,2200,021060,,6,3,9,0600,0,1,1,,2,051,"LODI RD","GRIMES-ARBUCKLE RD",50.00,S,N,A,-,N,,,,,,,,,,Y,2,0,1,1,A,-,03,22350,,M,E,A,A,A,H,-,C,D,0,,,,,Y,,A,01,1,0,0,0,0,0,0,0,0,"- ","- ",39.056400299072266,-121.92244720458984,COLUSA,UNINCORPORATED,-121.92327880859375,39.056400299072266
90908989,2019,2019-01-22,9155,2019-01-13,1518,020482,,7,2,9,0600,0,3,5,,2,001,"PERKINS RD","FRIEL ROAD",2640.00,S,N,B,-,N,,,,,,,,,,Y,3,0,2,2,A,-,01,23152,A,N,D,C,A,A,H,-,A,D,0,,,,,Y,Y,A,07,0,2,0,0,0,0,0,0,0,"- ","- ",38.9840087890625,-122.02369689941406,COLUSA,UNINCORPORATED,-122.02371978759766,38.984020233154297
90911280,2019,2019-01-24,9155,2019-01-14,2500,018127,,1,4,9,0600,0,3,5,,2,006,"MC DERMOTT RD","DIRKS RD",391.00,N,N,F,-,N,,,,,,,,,,Y,2,0,1,1,A,-,08,22107,,N,E,I,A,A,H,-,D,D,0,,,,,Y,,A,01,1,0,0,0,0,0,0,0,0,"- ","- ",39.364940643310547,-122.22955322265625,COLUSA,UNINCORPORATED,-122.22956085205078,39.364315032958984
90920127,2019,2019-02-06,9155,2019-01-30,2157,020735,,3,2,9,0600,0,3,5,,2,002,"WILDWOOD RD","GREENBAY RD",497.00,N,N,A,-,N,,,,,,,,,,Y,3,0,1,1,A,-,01,23152,A,N,E,I,A,A,H,-,D,D,0,,,,,Y,Y,A,01,0,1,0,0,0,0,0,0,0,"- ","- ",38.966869354248047,-122.06088256835938,COLUSA,UNINCORPORATED,-122.06085968017578,38.966773986816406
90920795,2019,2019-02-06,9155,2019-02-02,0800,020482,,6,1,9,0600,0,1,1,,2,051,"I-5 S/B","COUNTY LINE RD",2640.00,N,N,C,-,Y,,,5,,,,,,S,Y,4,0,1,1,A,-,08,22107,,N,E,I,A,B,H,-,A,D,0,,,,,Y,,A,07,0,0,1,0,0,0,0,0,0,"- ","- ",38.934108734130859,-122.00318145751953,COLUSA,UNINCORPORATED,-122.00316619873047,38.934116363525391
90922083,2019,2019-02-08,9155,2019-02-02,0340,020735,,6,3,9,0600,0,1,3,,1,042,SR-45,"NEVA AVE",5.00,S,N,C,-,Y,,,45,,,,,,,Y,3,0,1,1,A,-,01,23152,A,M,E,I,A,B,H,-,C,D,0,,,,,Y,Y,D,22,0,1,0,0,0,0,0,0,0,"- ","- ",39.22052001953125,-122.01921081542969,COLUSA,UNINCORPORATED,-122.01914215087891,39.220554351806641
90923348,2019,2019-02-11,9155,2019-02-03,2105,019718,,7,2,9,0600,0,2,4,,2,011,"OLD HWY 99W","HAHN RD",2640.00,S,N,B,-,N,,,,,,,,,,Y,2,0,1,1,A,-,08,22107,,N,E,I,A,A,H,-,D,D,0,,,,,Y,,A,01,1,0,0,0,0,0,0,0,0,"- ","- ",39.049480438232422,-122.07801055908203,COLUSA,UNINCORPORATED,-122.07878875732422,39.050468444824219
90925944,2019,2019-02-13,9155,2019-02-01,0630,015165,,5,1,9,0600,0,1,3,,2,023,"STATE ROUTE 20 (SR-20)","LAKE COUNTY LINE",5808.00,E,N,B,-,Y,,,20,,,,,,,Y,3,0,1,2,A,-,03,22350,,N,A,C,A,B,H,-,B,D,0,,,,,Y,,A,01,0,1,0,0,0,0,0,0,0,"- ","- ",39.004180908203125,-122.39276123046875,COLUSA,UNINCORPORATED,-122.39276123046875,39.004173278808594
90929934,2019,2019-02-20,9155,2019-02-14,0005,020686,,4,3,9,0600,0,1,3,,1,021,"SR-20 W/B","SYCAMORE CUT OFF",1615.00,W,N,C,-,Y,,,20,,,,,,W,Y,3,0,1,1,A,-,03,22350,,N,E,I,A,B,H,-,D,D,0,,,,,Y,,A,01,0,1,0,0,0,0,0,0,0,"- ","- ",39.146499633789062,-121.94830322265625,COLUSA,UNINCORPORATED,-121.94834136962891,39.146266937255859
90932156,2019,2019-02-22,9155,2019-02-14,0445,020735,,4,3,9,0600,0,1,1,,2,051,"I-5 S/B","HAHN RD",2640.00,S,N,C,-,Y,,,5,,,,,,S,Y,4,0,1,2,C,-,18,,,N,B,C,A,B,F,-,D,D,0,,,,,Y,,-,"- ",0,0,1,0,0,0,0,0,0,"- ","- ",39.051170349121094,-122.0802001953125,COLUSA,UNINCORPORATED,-122.08019256591797,39.051181793212891
90934256,2019,2019-02-26,9155,2019-02-15,1230,017062,,5,1,9,0600,0,3,5,,2,005,"CALIFORNIA ST.","PINE ST.",0.00,,Y,A,-,N,,,,,,,,,,N,3,0,1,2,A,-,09,21800,A,N,D,C,A,A,H,-,A,D,0,,,,,Y,,A,07,0,1,0,0,0,0,0,0,0,"- ","- ",39.275161743164062,-122.194091796875,COLUSA,UNINCORPORATED,-122.19403839111328,39.275089263916016
90935568,2019,2019-02-27,9155,2019-02-16,1850,019718,,6,2,9,0600,0,1,3,,1,021,SR-20,"NIAGARA AVE",920.00,E,N,B,-,Y,,,,,,,,,,Y,3,0,1,1,A,-,08,22107,,N,E,I,A,A,H,-,D,D,0,,,,,Y,,A,01,0,1,0,0,0,0,0,0,0,"- ","- ",39.170818328857422,-122.9844970703125,COLUSA,UNINCORPORATED,,
90937817,2019,2019-03-01,9155,2019-02-24,0240,015943,,7,3,9,0600,0,1,1,,2,051,"INTERSTATE 5 NORTHBOUND","MYERS ROAD",3168.00,S,N,A,-,Y,,,5,,,,,,N,Y,4,0,1,1,A,-,08,22107,,N,E,I,A,A,H,-,D,D,0,,,,,Y,,A,01,0,0,1,0,0,0,0,0,0,"- ","- ",39.094051361083984,-122.10758972167969,COLUSA,UNINCORPORATED,-122.10759735107422,39.094043731689453
90939673,2019,2019-03-05,9155,2019-03-02,0628,020322,,6,1,9,0600,0,1,1,,2,051,"I-5 S/B","PETROLEUM CREEK",715.00,S,N,B,C,Y,,,5,,,,,,S,Y,4,0,1,1,A,-,08,22107,,N,E,I,A,B,H,-,B,D,0,,,,,Y,,A,01,0,0,1,0,0,0,0,0,0,"- ","- ",38.950298309326172,-122.01438140869141,COLUSA,UNINCORPORATED,-122.01438903808594,38.950286865234375
90941408,2019,2019-03-07,9155,2019-02-27,0330,020735,,3,3,9,0600,0,3,5,,2,002,"MYERS RD","HUSTED RD",2200.00,E,N,C,-,N,,,,,,,,,,Y,4,0,1,1,A,-,03,22350,,N,A,I,A,B,F,-,D,D,0,,,,,Y,,A,07,0,0,1,0,0,0,0,0,0,"- ","- ",39.101108551025391,-122.12516021728516,COLUSA,UNINCORPORATED,-122.12511444091797,39.10113525390625
90948308,2019,2019-03-18,9155,2019-03-09,2030,018125,,6,2,9,0600,0,3,5,,2,001,"OLD HWY 99W","MYERS RD",6336.00,S,N,B,-,N,,,,,,,,,,N,2,0,1,2,A,-,11,21954,A,F,G,B,E,B,H,-,D,D,0,Y,,,,Y,,N,60,1,0,0,0,1,0,0,0,0,"- ","- ",39.085170745849609,-122.10146331787109,COLUSA,UNINCORPORATED,-122.10172271728516,39.085563659667969
90948792,2019,2019-03-19,9155,2019-03-07,1920,021060,,4,2,9,0600,0,1,1,,2,051,"I-5 N/B","HARRINGTON AVE",460.00,N,N,A,-,Y,,,5,,,,,,N,Y,3,0,2,2,C,-,18,,,N,E,J,A,A,H,-,D,D,0,,,,Y,Y,,-,"- ",0,2,0,0,0,0,0,0,0,"- ","- ",38.956150054931641,-122.01918029785156,COLUSA,UNINCORPORATED,-122.01921844482422,38.956123352050781
90950270,2019,2019-03-20,9155,2019-03-08,0735,015165,,5,1,9,0600,0,1,3,,1,021,"BRIDGE STREET","E. OAK STREET",0.00,,Y,B,-,Y,,,,,,,,,,N,3,0,1,2,A,-,09,21801,A,N,H,G,A,A,H,-,A,D,0,,Y,,,Y,,D,22,0,1,0,0,0,0,1,0,0,"- ","- ",39.210559844970703,-122.00154876708984,COLUSA,UNINCORPORATED,-122.00187683105469,39.210708618164062
90955087,2019,2019-03-27,9155,2019-03-19,1555,019718,,2,2,9,0600,0,1,3,,1,042,SR-45,"ROBERTS RD",455.00,S,N,A,-,Y,,,45,,,,,,,N,4,0,1,1,C,-,18,,,N,H,A,A,A,H,-,A,D,0,,,,,Y,,-,"- ",0,0,1,0,0,0,0,0,0,"- ","- ",39.225051879882812,-122.01921844482422,COLUSA,UNINCORPORATED,-122.01923370361328,39.225051879882812
90955434,2019,2019-03-28,9155,2019-03-18,1315,015165,,1,1,9,0600,0,1,3,,1,021,"STATE ROUTE 20 (SR-20)","NIAGARA AVE",4858.00,E,N,A,-,Y,,,20,,,,,,,Y,2,0,4,1,A,-,08,22107,,N,E,I,A,A,H,-,A,D,0,,,,,Y,,A,07,1,3,0,0,0,0,0,0,0,"- ","- ",39.164138793945312,-121.97885131835938,COLUSA,UNINCORPORATED,-121.97899627685547,39.164024353027344
90955589,2019,2019-03-28,9155,2019-03-25,1150,016445,,1,1,9,0600,0,1,3,,2,023,"SR-20 E/B","VISTA POINT",528.00,W,N,C,-,Y,,,20,,,,,,E,Y,3,0,2,1,A,-,08,22107,,N,E,I,A,B,H,-,A,D,0,,,,,Y,,A,07,0,1,1,0,0,0,0,0,0,"- ","- ",39.013290405273438,-122.38643646240234,COLUSA,UNINCORPORATED,-122.38645172119141,39.013221740722656
90958909,2019,2019-04-02,9155,2019-03-24,1903,020482,,7,2,9,0600,0,2,4,,2,010,"LONE STAR RD","ABEL RD",2640.00,S,N,B,-,N,,,,,,,,,,Y,3,0,1,1,A,-,08,22107,,N,E,I,A,A,H,-,A,D,0,,,,,Y,,A,01,0,1,0,0,0,0,0,0,0,"- ","- ",39.132968902587891,-122.07864379882812,COLUSA,UNINCORPORATED,-122.07858276367188,39.137722015380859
90958966,2019,2019-04-02,9155,2019-03-25,1710,019718,,1,2,9,0600,0,3,5,,2,005,"SITES LODOGA ROAD","GRAPEVINE CREEK",7392.00,E,N,B,-,N,,,,,,,,,,Y,2,0,1,1,A,-,01,23152,A,N,F,A,A,B,H,-,A,D,0,,,,,Y,Y,A,07,1,0,0,0,0,0,0,0,0,"- ","- ",39.345321655273438,-122.38194274902344,COLUSA,UNINCORPORATED,-122.38192749023438,39.345428466796875
90959054,2019,2019-04-02,9155,2019-03-28,1145,020322,,4,1,9,0600,0,2,4,,2,011,"OLD HWY 99W","PERKINS RD",4541.00,N,N,B,-,Y,,,,,,,,,,Y,4,0,2,2,A,-,06,21750,,N,D,C,A,B,H,-,A,D,0,,,,,Y,,A,01,0,0,2,0,0,0,0,0,0,"- ","- ",38.994930267333984,-122.04192352294922,COLUSA,UNINCORPORATED,-122.04204559326172,38.995025634765625
90960508,2019,2019-04-03,9155,2019-03-30,1555,019973,,6,2,9,0600,0,3,5,,2,002,"WYER RD","WISCONSIN AVE",3696.00,S,N,A,-,N,,,,,,,,,,N,2,0,2,1,A,-,03,22350,,N,E,I,A,A,H,-,A,D,0,,,,,Y,,D,22,1,1,0,0,0,0,0,0,0,"- ","- ",38.393390655517578,-122.09789276123047,COLUSA,UNINCORPORATED,-122.10455322265625,38.938297271728516
90960547,2019,2019-04-03,9155,2019-03-30,0120,020735,,6,3,9,0600,0,1,1,,2,052,"I-5 S/B","LURLINE AVE",2112.00,N,N,A,-,Y,,,5,,,,,,S,Y,2,0,2,2,A,-,03,22350,,N,C,C,A,A,H,-,D,D,0,,,,Y,Y,,G,25,1,0,1,0,0,0,0,0,0,"- ","- ",39.221038818359375,-122.18154907226562,COLUSA,UNINCORPORATED,-122.18165588378906,39.221031188964844
90964125,2019,2019-04-09,9155,2019-04-05,0945,016445,,5,1,9,0600,0,3,5,,2,004,"MAXWELL COLUSA RD",SR-45,6.00,S,N,B,C,N,,,,,,,,,,N,4,0,1,2,A,-,03,22350,,N,C,C,A,B,H,-,A,A,0,,,,,Y,,D,22,0,0,1,0,0,0,0,0,0,"- ","- ",39.277790069580078,-122.03559112548828,COLUSA,UNINCORPORATED,-122.03543090820312,39.277816772460938
90964448,2019,2019-04-09,9155,2019-04-06,2150,019692,,6,2,9,0600,0,3,5,,2,005,"MAXWELL COLUSA RD","FOUR MILE RD",3696.00,W,N,A,-,N,,,,,,,,,,Y,3,0,1,1,A,-,08,22107,,N,E,I,A,A,H,-,D,D,0,,,,,Y,Y,A,01,0,1,0,0,0,0,0,0,0,"- ","- ",39.275501251220703,-122.13117980957031,COLUSA,UNINCORPORATED,-122.12959289550781,39.275592803955078
90965468,2019,2019-05-08,9155,2019-03-09,1838,019973,,6,2,9,0600,0,1,1,,2,051,"I-5 N/B","HALL STREET",670.00,S,N,C,-,Y,,,5,,,,,,N,Y,1,1,0,1,A,-,01,23152,A,N,E,I,A,B,H,-,D,D,0,,,,,Y,Y,D,22,0,0,0,0,0,0,0,0,0,"- ","- ",39.015270233154297,-122.05747985839844,COLUSA,UNINCORPORATED,-122.05750274658203,39.015254974365234
90965814,2019,2019-04-11,9155,2019-04-10,1320,016445,,3,1,9,0600,0,3,5,,2,004,"LURLINE AVE","SAN JOSE RD",11088.00,E,N,A,-,N,,,,,,,,,,Y,3,0,1,1,A,-,08,22107,,N,E,I,A,A,H,-,A,D,0,,,,,Y,,D,22,0,1,0,0,0,0,0,0,0,"- ","- ",39.217720031738281,-122.09073638916016,COLUSA,UNINCORPORATED,-122.07694244384766,39.21759033203125
90967990,2019,2019-04-15,9155,2019-04-04,1910,019718,,4,2,9,0600,0,3,5,,2,001,"WESCOTT RD","ASHLEY DR",2904.00,S,N,B,-,N,,,,,,,,,,Y,3,0,2,1,A,-,03,22350,,N,E,I,A,A,H,-,A,D,0,,,,,Y,,A,01,0,2,0,0,0,0,0,0,0,"- ","- ",39.180149078369141,-122.01455688476562,COLUSA,UNINCORPORATED,-122.01078033447266,39.180419921875
90969623,2019,2019-04-17,9155,2019-04-05,0435,018981,,5,3,9,0600,0,1,3,,2,023,SR-20,SR-16,23760.00,E,N,A,-,Y,,,20,,,,,,,Y,4,0,1,1,A,-,08,22107,,N,E,I,A,A,H,-,D,D,0,,,,,Y,,A,01,0,0,1,0,0,0,0,0,0,"- ","- ",39.069469451904297,-122.34625244140625,COLUSA,UNINCORPORATED,-122.34621429443359,39.069473266601562
90972607,2019,2019-04-26,9155,2019-04-19,1705,020482,,5,2,9,0600,0,2,4,,2,010,"LONE STAR RD","ABEL RD",4224.00,S,N,A,-,N,,,,,,,,,,Y,2,0,2,2,A,-,08,22107,,N,A,C,A,A,H,-,A,D,0,,,,,Y,,A,07,1,1,0,0,0,0,0,0,0,"- ","- ",39.132968902587891,-122.07864379882812,COLUSA,UNINCORPORATED,-122.07863616943359,39.133373260498047
90977093,2019,2019-04-26,9155,2019-04-22,1115,016445,,1,1,9,0600,0,1,1,,2,052,"I-5 S/B","MAXWELL OVERHEAD",2112.00,S,N,A,-,Y,,,5,,,,,,S,Y,3,0,2,1,A,-,08,22107,,N,E,I,A,A,H,-,A,D,0,,,,,Y,,A,01,0,2,0,0,0,0,0,0,0,"- ","- ",39.301780700683594,-122.18659973144531,COLUSA,UNINCORPORATED,-122.18653869628906,39.301788330078125
9097842,2020,2020-09-22,0601,2020-02-06,0553,8441,0601,4,5,2,0601,0,0,0,,0,00E,"RT 20","WILL S GREEN AV",0.00,,Y,A,-,Y,COL,3,20,-,-,30.070,H,-,E,Y,2,0,1,1,A,-,07,21658,,N,A,I,A,A,H,-,D,D,0,,,,,Y,,A,01,1,0,0,0,0,0,0,0,0,"- ","- ",,,COLUSA,COLUSA,-122.02330780029297,39.202224731445312
9097863,2020,2020-09-22,0601,2020-02-05,1806,8446,0601,3,5,2,0601,0,0,0,,0,00D,"BRIDGE ST","PARKHILL ST",0.00,,Y,A,-,Y,COL,3,20,-,-,32.100,H,-,E,N,3,0,1,2,A,-,03,22350,,N,C,D,A,A,H,-,C,D,0,,,,,Y,,A,01,0,1,0,0,0,0,0,0,0,"- ","- ",,,COLUSA,COLUSA,-122.00257873535156,39.208965301513672
90980948,2019,2019-05-02,9155,2019-05-01,0850,016445,,3,1,9,0600,0,1,1,,2,052,"I-5 N/B","DELEVAN RD",1056.00,N,N,A,-,Y,,,5,,,,,,N,Y,2,0,1,1,A,-,08,22107,,N,F,A,A,A,H,-,A,D,0,,,,,Y,,D,22,1,0,0,0,0,0,0,0,0,"- ","- ",39.351978302001953,-122.19432830810547,COLUSA,UNINCORPORATED,-122.19447326660156,39.352016448974609
90987372,2019,2019-05-13,9155,2019-05-07,1250,020322,,2,1,9,0600,0,3,5,,2,001,"OLD HWY 99W","COUNTY LINE ROAD",0.00,,Y,A,-,Y,,,,,,,,,,Y,3,0,2,2,A,-,12,22450,A,N,D,C,A,A,H,-,A,A,0,,,,,Y,,D,22,0,2,0,0,0,0,0,0,0,"- ","- ",38.925628662109375,-121.99652862548828,COLUSA,UNINCORPORATED,-121.99665069580078,38.925498962402344
90989909,2019,2019-05-16,9155,2019-05-10,2150,020579,,5,2,9,0600,0,1,1,,2,051,"I-5 N/B","COUNTY LINE ROAD",5280.00,N,N,A,-,Y,,,5,,,,,,N,Y,3,0,1,2,A,-,08,22107,,N,E,I,A,A,H,-,D,D,0,,,,,Y,,A,01,0,1,0,0,0,0,0,0,0,"- ","- ",38.939159393310547,-122.005859375,COLUSA,UNINCORPORATED,-122.00570678710938,38.939262390136719
90991834,2019,2019-05-20,9155,2019-05-16,1430,019973,,4,2,9,0600,0,3,5,,2,001,"OLD HWY 99W","COUNTY LINE ROAD",0.00,,Y,A,-,Y,,,,,,,,,,Y,3,0,2,2,A,-,09,21802,A,N,D,C,A,A,H,-,A,D,0,,,,,Y,,A,01,0,1,1,0,0,0,0,0,0,"- ","- ",38.925510406494141,-121.99668121337891,COLUSA,UNINCORPORATED,-121.99665069580078,38.925498962402344
90992020,2019,2019-05-20,9155,2019-05-18,0130,020686,,6,3,9,0600,0,1,3,,1,042,"SR-45 S/B","PRINCETON LN.",750.00,N,N,B,-,Y,,,45,,,,,,S,Y,3,0,1,1,A,-,01,23152,A,N,E,I,A,A,H,-,D,D,0,,,,,Y,Y,D,22,0,1,0,0,0,0,0,0,0,"- ","- ",39.23590087890625,-122.02767181396484,COLUSA,UNINCORPORATED,-122.02761077880859,39.235942840576172
90992916,2019,2019-05-21,9155,2019-05-16,1753,020444,,4,2,9,0600,0,1,3,,1,042,"RT 45","WINTUN RD",25.00,S,N,A,-,Y,,,45,,,,,,,Y,3,0,1,2,A,-,03,22350,,N,C,C,A,A,H,-,A,A,0,,,,,Y,,A,01,0,1,0,0,0,0,0,0,0,"- ","- ",39.252731323242188,-122.03153991699219,COLUSA,UNINCORPORATED,-122.03157806396484,39.252727508544922
90993144,2019,2019-05-21,9155,2019-05-19,1845,020444,,7,2,9,0600,0,1,3,,2,023,SR-20,"LAKE COUNTY LINE",5808.00,E,N,B,C,Y,,,20,,,,,,,N,4,0,1,1,A,-,08,22107,,N,E,J,A,B,H,-,A,A,0,,,,,Y,,A,01,0,0,1,0,0,0,0,0,0,"- ","- ",39.010528564453125,-122.40720367431641,COLUSA,UNINCORPORATED,-122.40714263916016,39.010616302490234
90993964,2019,2019-05-22,9155,2019-05-21,0550,020322,,2,3,9,0600,0,2,4,,2,011,"OLD HWY 99W","MYERS RD",6072.00,S,N,A,-,Y,,,,,,,,,,Y,4,0,1,4,A,-,03,22350,,N,C,C,A,A,H,-,B,D,0,,,,,Y,,A,01,0,0,1,0,0,0,0,0,0,"- ","- ",39.085948944091797,-122.10192108154297,COLUSA,UNINCORPORATED,-122.10214233398438,39.086208343505859
90997558,2019,2019-05-28,9155,2019-05-21,1325,020322,,2,1,9,0600,0,3,5,,2,001,"HAHN RD","MILLER RD",0.00,,Y,A,-,Y,,,,,,,,,,Y,4,0,1,2,A,-,05,21460,C,N,C,C,A,A,H,-,A,D,0,,,,,Y,,A,07,0,0,1,0,0,0,0,0,0,"- ","- ",39.056419372558594,-122.02294921875,COLUSA,UNINCORPORATED,-122.02275085449219,39.056449890136719
90997591,2019,2019-05-28,9155,2019-05-24,1720,020579,,5,2,9,0600,0,3,5,,2,004,"MAXWELL RD","HOLLOWAY RD",2640.00,E,N,A,-,N,,,,,,,,,,Y,3,0,1,2,A,-,01,23152,A,N,A,C,A,A,H,-,A,D,0,,,,,Y,Y,A,01,0,1,0,0,0,0,0,0,0,"- ","- ",39.276340484619141,-122.06085205078125,COLUSA,UNINCORPORATED,-122.06096649169922,39.276309967041016
90997895,2019,2019-05-29,9155,2019-05-22,1305,017062,,3,1,9,0600,0,1,3,,1,016,SR-16,SR-20,0.00,,Y,A,-,Y,,,16,,,,,,,Y,3,0,1,1,A,-,08,22107,,N,F,A,A,A,H,-,A,A,0,,,,,Y,,A,07,0,1,0,0,0,0,0,0,0,"- ","- ",39.013118743896484,-122.35890197753906,COLUSA,UNINCORPORATED,-122.35881042480469,39.013057708740234
90999235,2019,2019-05-30,9155,2019-05-25,1600,020735,,6,2,9,0600,0,1,1,,2,051,"I-5 N/B","HAHN RD",3168.00,S,N,A,-,Y,,,5,,,,,,N,Y,3,0,1,1,A,-,08,22107,,N,F,A,A,A,H,-,A,D,0,,,,,Y,,D,22,0,1,0,0,0,0,0,0,0,"- ","- ",39.046531677246094,-122.07627868652344,COLUSA,UNINCORPORATED,-122.07625579833984,39.046546936035156
91004719,2019,2019-06-06,9155,2019-06-01,1630,020686,,6,2,9,0600,0,1,3,,1,042,"SR-45 N/B","NORTH AVE",0.00,,Y,A,-,Y,,,45,,,,,,N,Y,4,0,1,2,A,-,03,22350,,N,C,C,A,A,H,-,A,D,0,,,,,Y,,A,07,0,0,1,0,0,0,0,0,0,"- ","- ",39.223358154296875,-122.019287109375,COLUSA,UNINCORPORATED,-122.01921081542969,39.223358154296875
91004865,2019,2019-06-06,9155,2019-06-03,1640,019973,,1,2,9,0600,0,1,1,,2,051,"I-5 N/B","HILLGATE RD",20.00,N,N,A,-,Y,,,5,,,,,,N,Y,4,0,1,1,A,-,08,22107,,N,E,I,A,A,H,-,A,D,0,,,,,Y,,A,01,0,0,1,0,0,0,0,0,0,"- ","- ",39.013278961181641,-122.05526733398438,COLUSA,UNINCORPORATED,-122.05527496337891,39.013275146484375
91004925,2019,2019-06-06,9155,2019-05-31,0120,020744,,5,3,9,0600,0,1,1,,2,051,"I-5 NORTHBOUND","COUNTY LINE RD",300.00,N,N,A,-,Y,,,,,,,,,,Y,3,0,1,1,A,-,08,22107,,N,F,A,A,A,H,-,D,D,0,,,,,Y,,D,22,0,1,0,0,0,0,0,0,0,"- ","- ",38.926120758056641,-122.00279998779297,COLUSA,UNINCORPORATED,-122.00049591064453,38.926231384277344
91005469,2019,2019-06-07,9155,2019-05-30,1945,020735,,4,2,9,0600,0,3,5,,2,001,"HAHN RD","OLD HWY 99W",1.00,W,N,C,G,N,,,,,,,,,,Y,4,0,1,2,A,-,05,21650,,N,A,C,A,B,H,-,A,D,0,,,,,Y,,A,07,0,0,1,0,0,0,0,0,0,"- ","- ",39.056861877441406,-122.08303070068359,COLUSA,UNINCORPORATED,-122.08310699462891,39.056888580322266
91007144,2019,2019-06-10,9155,2019-05-26,2312,020735,,7,3,9,0600,0,1,1,,2,051,"I-5 N/B","GREENBAY RD",2.00,S,N,A,-,Y,,,5,,,,,,N,Y,3,0,1,1,A,-,01,23152,F,N,B,I,A,A,H,-,D,D,0,,,,,Y,,A,01,0,1,0,0,0,0,0,0,0,"- ","- ",38.96588134765625,-122.02583312988281,COLUSA,UNINCORPORATED,-122.02570343017578,38.965965270996094
91007453,2019,2019-06-11,9155,2019-05-31,1125,015850,,5,1,9,0600,0,3,5,,2,001,"RIVER RD","LAUX RD",13728.00,N,N,A,-,N,,,,,,,,,,N,3,0,1,1,A,-,03,22350,,N,E,H,A,A,H,-,A,D,0,,,Y,,Y,,C,02,0,1,0,0,0,0,0,0,1,"- ","- ",39.277961730957031,-122.00705718994141,COLUSA,UNINCORPORATED,-122.00804901123047,39.278942108154297
91008323,2019,2019-06-12,9155,2019-06-01,2200,019973,,6,3,9,0600,0,3,5,,2,001,"GRIMES-ARBUCKLE RD",SR-45,7920.00,W,N,A,-,N,,,,,,,,,,Y,2,0,1,1,A,-,01,23152,A,N,E,I,A,A,H,-,D,D,0,,,,,Y,Y,D,22,1,0,0,0,0,0,0,0,0,"- ","- ",39.062801361083984,-121.92241668701172,COLUSA,UNINCORPORATED,-121.92138671875,39.063026428222656
91008706,2019,2019-06-12,9155,2019-05-12,2350,020744,,7,3,9,0600,0,1,1,,2,052,"I-5 S/B","FAIRVIEW RD",3696.00,S,N,A,-,Y,,,5,,,,,,S,Y,1,2,1,1,A,-,01,23152,F,N,F,A,A,A,H,-,D,D,0,,,,,Y,,A,07,1,0,0,0,0,0,0,0,0,"- ","- ",39.237068176269531,-122.18190002441406,COLUSA,UNINCORPORATED,-122.1820068359375,39.237071990966797
91008884,2019,2019-06-12,9155,2019-06-12,0900,016445,,3,1,9,0600,0,3,5,,2,001,"GRIMES-ARBUCKLE RD","HAHN RD",3696.00,S,N,A,-,N,,,,,,,,,,Y,4,0,1,1,A,-,08,22107,,N,E,I,A,A,H,-,A,D,0,,,,,Y,,A,01,0,0,1,0,0,0,0,0,0,"- ","- ",39.047420501708984,-122.01590728759766,COLUSA,UNINCORPORATED,-122.01593780517578,39.046352386474609
91009243,2019,2019-06-13,9155,2019-06-05,1415,020482,,3,2,9,0600,0,3,5,,2,003,"RIVER ROAD","GRIDLEY RD",8448.00,S,N,A,-,N,,,,,,,,,,Y,3,0,1,1,A,-,08,22107,,N,E,I,A,A,H,-,A,D,0,,,,,Y,,E,22,0,1,0,0,0,0,0,0,0,"- ","- ",39.316791534423828,-122.01399993896484,COLUSA,UNINCORPORATED,-122.01766204833984,39.331314086914062
91010363,2019,2019-06-14,9155,2019-06-08,1510,020686,,6,2,9,0600,0,1,3,,2,023,"SR-20 E/B","WALNUT DR",6125.00,W,N,A,-,Y,,,20,,,,,,E,Y,3,0,1,1,A,-,03,22350,,N,F,A,A,A,H,-,A,D,0,,,,,Y,,A,01,0,1,0,0,0,0,0,0,0,"- ","- ",39.108001708984375,-122.30539703369141,COLUSA,UNINCORPORATED,-122.30534362792969,39.107921600341797
91010968,2019,2019-06-17,9155,2019-06-13,0115,018981,,4,3,2,0602,0,1,1,,2,052,"I-5 N/B",SR-20,1005.00,N,N,A,-,Y,,,5,,,,,,N,Y,3,0,2,1,A,-,08,22107,,N,E,I,A,A,H,-,C,D,0,,,,,Y,,D,22,0,2,0,0,0,0,0,0,0,"- ","- ",39.167499542236328,-122.15003967285156,COLUSA,WILLIAMS,-122.15023040771484,39.167388916015625
91010991,2019,2019-06-17,9155,2019-06-10,1130,015850,,1,1,9,0600,0,3,5,,2,004,"LURLINE AVE","DANLEY RD",700.00,E,N,A,-,N,,,,,,,,,,Y,3,0,1,1,A,-,08,22107,,N,F,A,A,A,H,-,A,D,0,,,,,Y,,A,01,0,1,0,0,0,0,0,0,0,"- ","- ",39.219001770019531,-122.24449920654297,COLUSA,UNINCORPORATED,-122.24378967285156,39.218799591064453
91011001,2019,2019-06-17,9155,2019-06-12,1330,016445,,3,1,9,0600,0,1,1,,2,051,"I-5 S/B","HAHN ROAD",1584.00,N,N,A,-,Y,,,5,,,,,,S,Y,4,0,1,1,A,-,08,22107,,N,E,I,A,A,H,-,A,D,0,,,,,Y,,A,01,0,0,1,0,0,0,0,0,0,"- ","- ",39.0643310546875,-122.09014129638672,COLUSA,UNINCORPORATED,-122.09003448486328,39.064380645751953
91011199,2019,2019-06-17,9155,2019-06-06,1130,017062,,4,1,9,0600,0,1,1,,2,051,"I-5 S/B","GREENBAY RD.",7603.00,N,N,A,-,Y,,,5,,,,,,S,Y,3,0,1,2,A,-,05,21651,A,N,A,C,A,A,H,-,A,D,0,,,,Y,Y,,D,22,0,1,0,0,0,0,0,0,0,"- ","- ",38.986759185791016,-122.03714752197266,COLUSA,UNINCORPORATED,-122.03729248046875,38.986667633056641
91011239,2019,2019-06-17,9155,2019-06-09,1920,020686,,7,2,9,0600,0,1,3,,2,023,"SR-20 E/B","WALNUT DR",200.00,W,N,A,-,Y,,,20,,,,,,E,N,4,0,1,2,A,-,03,22350,,N,C,C,A,A,H,-,A,D,0,,,,,Y,,A,01,0,0,1,0,0,0,0,0,0,"- ","- ",39.120048522949219,-122.29177093505859,COLUSA,UNINCORPORATED,-122.29177856445312,39.120063781738281
91013259,2019,2019-06-19,9155,2019-06-17,1720,020579,,1,2,9,0600,0,2,4,,2,010,"LONE STAR RD","WARE RD",55.00,N,N,A,-,N,,,,,,,,,,Y,4,0,1,1,A,-,08,22107,,N,F,A,A,A,H,-,A,D,0,,,,,Y,,A,01,0,0,1,0,0,0,0,0,0,"- ","- ",39.115039825439453,-122.07884216308594,COLUSA,UNINCORPORATED,-122.07884979248047,39.115772247314453
91017253,2019,2019-06-25,9155,2019-06-18,0450,018981,,2,3,9,0600,0,1,3,,1,021,SR-20,"LONE STAR RD",0.00,,Y,A,-,Y,,,20,,,,,,,N,4,0,1,2,A,-,09,21801,A,N,A,C,A,A,H,-,C,D,0,,,,,Y,,A,07,0,0,1,0,0,0,0,0,0,"- ","- ",39.195648193359375,-122.07875823974609,COLUSA,UNINCORPORATED,-122.07875823974609,39.195693969726562
91017856,2019,2019-06-26,9155,2019-06-22,1610,020686,,6,2,9,0600,0,1,3,,2,023,"SR-20 E/B","LAKE COUNTY LINE",5386.00,E,N,A,-,Y,,,20,,,,,,E,N,2,0,1,1,A,-,08,22107,,N,F,A,A,A,H,-,A,D,0,,,Y,,Y,,C,02,1,0,0,0,0,0,0,0,1,"- ","- ",39.004108428955078,-122.39276885986328,COLUSA,UNINCORPORATED,-122.39276885986328,39.004173278808594
91025694,2019,2019-07-08,9155,2019-06-28,1430,020686,,5,2,9,0600,0,1,3,,2,023,"SR-20 E/B","MPM 20 COL 1.67",383.00,W,N,A,-,Y,,,20,,,,,,E,Y,4,0,2,2,A,-,03,22350,,N,B,C,A,A,H,-,A,D,0,,,,,Y,,B,08,0,0,2,0,0,0,0,0,0,"- ","- ",39.011631011962891,-122.38999938964844,COLUSA,UNINCORPORATED,-122.39002227783203,39.011646270751953
91025726,2019,2019-07-08,9155,2019-07-04,2320,020744,,4,3,9,0600,0,1,3,,1,042,SR-45,"NEVA AVE",151.00,S,N,A,-,Y,,,45,,,,,,,Y,3,0,1,1,A,-,08,22107,,N,E,I,A,A,H,-,D,D,0,,,,,Y,,A,01,0,1,0,0,0,0,0,0,0,"- ","- ",39.220180511474609,-122.01901245117188,COLUSA,UNINCORPORATED,-122.01895904541016,39.220207214355469
91028971,2019,2019-07-11,9155,2019-07-05,1707,019973,,5,2,9,0600,0,1,1,,2,051,"I-5 S/B","HALL ST",100.00,N,N,A,-,Y,,,5,,,,,,S,Y,4,0,1,2,A,-,03,22350,,N,C,C,A,A,H,-,A,D,0,,,,,Y,,A,07,0,0,1,0,0,0,0,0,0,"- ","- ",39.017238616943359,-122.0589599609375,COLUSA,UNINCORPORATED,-122.05899047851562,39.017223358154297
91029025,2019,2019-07-11,9155,2019-06-29,0155,020744,,6,3,9,0600,0,3,5,,2,002,"HAHN RD","CORTINA SCHOOL RD",5280.00,E,N,A,-,N,,,,,,,,,,Y,2,0,1,1,A,-,01,23152,G,N,F,A,A,A,H,-,D,D,0,,,,,Y,Y,A,01,1,0,0,0,0,0,0,0,0,"- ","- ",39.05670166015625,-122.12090301513672,COLUSA,UNINCORPORATED,-122.14257049560547,39.057121276855469
91032883,2019,2019-07-17,9155,2019-07-14,1205,020322,,7,1,9,0600,0,1,3,,2,023,"SR-20 E/B","WALNUT DR.",21120.00,W,N,A,-,Y,,,20,,,,,,E,N,4,0,1,2,A,-,03,22350,,N,C,C,A,A,H,-,A,D,0,,,,,Y,,A,01,0,0,1,0,0,0,0,0,0,"- ","- ",39.078449249267578,-122.34671020507812,COLUSA,UNINCORPORATED,-122.34696197509766,39.078460693359375
91033945,2019,2019-07-26,9155,2019-06-27,1314,020444,,4,1,9,0600,0,1,3,,2,023,"SR-20 E/B","WALNUT DR",680.00,W,N,A,-,Y,,,20,,,,,,E,Y,1,1,0,1,A,-,08,22107,,N,E,I,A,A,H,-,A,D,0,,,,,Y,,D,22,0,0,0,0,0,0,0,0,0,"- ","- ",39.120349884033203,-122.29132080078125,COLUSA,UNINCORPORATED,-122.29137420654297,39.120414733886719
91035428,2019,2019-07-22,9155,2019-07-19,0910,015996,,5,1,9,0600,0,1,3,,2,023,SR-20,"WALNUT DRIVE",11088.00,W,N,A,-,Y,,,20,,,,,,,Y,3,0,1,2,A,-,08,22107,,N,B,C,A,A,H,-,A,D,0,,,,,Y,,A,07,0,1,0,0,0,0,0,0,0,"- ","- ",39.105690002441406,-122.32129669189453,COLUSA,UNINCORPORATED,-122.32129669189453,39.105659484863281
91037876,2019,2019-07-25,9155,2019-07-20,0810,020322,,6,1,9,0600,0,1,3,,2,041,"SR-45 N/B","MILLERS LANDING RD",12.00,N,N,A,-,Y,,,45,,,,,,N,N,3,0,1,1,C,-,18,,,N,E,H,A,A,H,-,A,D,0,,,Y,,Y,,-,"- ",0,1,0,0,0,0,0,0,1,"- ","- ",38.956348419189453,-121.84369659423828,COLUSA,UNINCORPORATED,-121.84359741210938,38.956352233886719
91041065,2019,2019-07-29,9155,2019-07-27,1620,019973,,6,2,9,0600,0,1,1,,2,051,"I-5 N/B","COUNTY LINE ROAD",4000.00,N,N,A,-,Y,,,5,,,,,,N,Y,2,0,1,1,A,-,08,22107,,N,F,A,A,A,H,-,A,D,0,,,Y,,Y,,C,02,1,0,0,0,0,0,0,0,1,"- ","- ",38.938499450683594,-122.00540924072266,COLUSA,UNINCORPORATED,-122.00527954101562,38.9385986328125
91041995,2019,2019-07-30,9155,2019-07-27,1515,020579,,6,2,9,0600,0,1,3,,2,023,SR-20,"LAKE COUTY LINE",3274.00,E,N,A,-,Y,,,20,,,,,,,Y,3,0,2,1,A,-,08,22107,,N,F,A,A,A,H,-,A,D,0,,,,,Y,,D,22,0,1,1,0,0,0,0,0,0,"- ","- ",39.007129669189453,-122.39891815185547,COLUSA,UNINCORPORATED,-122.39892578125,39.007183074951172
91043229,2019,2019-08-01,9155,2019-07-25,1920,018981,,4,2,9,0600,0,3,5,,2,004,"LURLINE AVE","JAMESON RD",3696.00,E,N,A,-,N,,,,,,,,,,Y,3,0,1,1,A,-,08,22107,,N,E,I,A,A,H,-,A,D,0,,,,,Y,,D,22,0,1,0,0,0,0,0,0,0,"- ","- ",39.217388153076172,-122.06427001953125,COLUSA,UNINCORPORATED,-122.06446075439453,39.217456817626953
91043336,2019,2019-08-01,9155,2019-07-29,0910,020322,,1,1,9,0600,0,2,4,,2,011,"OLD HWY 99W","MYERS ROAD",0.00,,Y,A,-,Y,,,,,,,,,,Y,4,0,1,2,A,-,09,21802,A,N,D,C,A,A,H,-,A,D,0,,,,,Y,,A,01,0,0,1,0,0,0,0,0,0,"- ","- ",39.101200103759766,-122.11221313476562,COLUSA,UNINCORPORATED,-122.11193084716797,39.101028442382812
91045621,2019,2019-08-05,9155,2019-07-31,0530,020686,,3,3,9,0600,0,1,3,,1,022,"SR-20 E/B","LONE STAR RD",0.00,,Y,A,-,Y,,,20,,,,,,E,Y,4,0,2,2,A,-,09,21801,A,N,D,C,A,A,H,-,B,D,0,,,,,Y,,A,01,0,0,2,0,0,0,0,0,0,"- ","- ",39.195701599121094,-122.07879638671875,COLUSA,UNINCORPORATED,-122.07879638671875,39.195697784423828
91047404,2019,2019-08-07,9155,2019-08-03,0104,021060,,6,3,9,0600,0,1,1,,2,051,"I-5 S/B","MYERS RD",11088.00,S,N,A,-,Y,,,5,,,,,,S,Y,3,0,1,1,A,-,01,23152,A,N,F,I,A,A,H,-,D,D,0,,,,,Y,Y,D,22,0,1,0,0,0,0,0,0,0,"- ","- ",39.075599670410156,-122.09590148925781,COLUSA,UNINCORPORATED,-122.09583282470703,39.075645446777344
91050490,2019,2019-08-12,9155,2019-08-08,1612,020444,,4,2,9,0600,0,1,3,,1,022,"SR-20 E/B","WILSON AVE",107.00,W,N,A,-,Y,,,20,,,,,,E,Y,4,0,1,3,A,-,03,22350,,N,C,C,A,A,H,-,A,A,0,,,,,Y,,D,22,0,0,1,0,0,0,0,0,0,"- ","- ",39.196571350097656,-122.037353515625,COLUSA,UNINCORPORATED,-122.03736114501953,39.196605682373047
91050501,2019,2019-08-12,9155,2019-08-06,1155,020686,,2,1,9,0600,0,1,1,,2,051,"HUSTED RD","I-5 S/B",145.00,W,N,A,-,Y,,,,,,,,,,Y,4,0,1,1,A,-,08,22107,,N,E,I,A,A,H,-,A,D,0,,,,,Y,,A,01,0,0,1,0,0,0,0,0,0,"- ","- ",39.128089904785156,-122.13272094726562,COLUSA,UNINCORPORATED,,
91057211,2019,2019-08-22,9155,2019-08-17,1806,020444,,6,2,9,0600,0,1,1,,2,052,"I-5 N/B","FAIRVIEW RD OVERCROSS",321.00,S,N,A,-,Y,,,5,,,,,,N,Y,2,0,1,1,A,-,08,22107,,N,F,A,A,A,H,-,A,A,0,,,Y,,Y,,C,02,1,0,0,0,0,0,0,0,1,"- ","- ",39.247020721435547,-122.18197631835938,COLUSA,UNINCORPORATED,-122.18183135986328,39.247024536132812
91059104,2019,2019-08-26,9155,2019-08-24,1608,020444,,6,2,9,0600,0,1,1,,2,052,"SR-20 W/B","SR-45 S/B",97.00,W,N,A,-,Y,,,20,,,,,,W,Y,4,0,1,2,A,-,09,21802,A,N,B,C,A,A,H,-,A,A,0,,,,,Y,,A,07,0,0,1,0,0,0,0,0,0,"- ","- ",39.15032958984375,-121.96530914306641,COLUSA,UNINCORPORATED,-121.96534729003906,39.150215148925781
91059121,2019,2019-08-26,9155,2019-08-16,2000,019973,,5,2,9,0600,0,1,3,,2,023,SR-20,"WALNUT DR",4000.00,E,N,A,-,Y,,,20,,,,,,,Y,4,0,1,1,A,-,08,22107,,N,F,A,A,A,H,-,A,D,0,,,,,Y,,A,01,0,0,1,0,0,0,0,0,0,"- ","- ",39.129249572753906,-122.28134918212891,COLUSA,UNINCORPORATED,-122.28130340576172,39.129192352294922
91061207,2019,2019-08-28,9155,2019-08-25,1220,020686,,7,1,9,0600,0,1,3,,2,023,"SR-20 W/B","KING RD",4541.00,W,N,A,-,Y,,,,,,,,,,Y,3,0,1,1,A,-,08,22107,,N,E,I,A,A,H,-,A,D,0,,,,,Y,,A,01,0,1,0,0,0,0,0,0,0,"- ","- ",39.146160125732422,-122.26851654052734,COLUSA,UNINCORPORATED,-122.26792144775391,39.140853881835938
91061350,2019,2019-08-28,9155,2019-08-19,1650,019973,,1,2,9,0600,0,1,1,,2,051,"I-5 N/B","HUSTED RD",3240.00,N,N,A,-,Y,,,5,,,,,,N,Y,4,0,1,1,A,-,08,22107,,N,E,I,A,A,H,-,A,D,0,,,,,Y,,A,01,0,0,1,0,0,0,0,0,0,"- ","- ",39.137451171875,-122.13616943359375,COLUSA,UNINCORPORATED,-122.13612365722656,39.137447357177734
91062135,2019,2019-08-29,9155,2019-07-17,0630,015996,,3,1,9,0600,0,1,1,,2,051,"I-5 N/B","GREENBAY RD",2002.00,N,N,A,-,Y,,,5,,,,,,N,Y,1,1,5,1,C,-,18,,,N,F,A,A,A,H,-,A,D,0,,,,,Y,,-,"- ",0,5,0,0,0,0,0,0,0,"- ","- ",38.971149444580078,-122.02796173095703,COLUSA,UNINCORPORATED,-122.02784729003906,38.971172332763672
91066750,2019,2019-09-04,9155,2019-08-23,1645,019973,,5,2,9,0600,0,1,1,,2,051,"I-5 S/B","HAHN RD",5280.00,N,N,A,-,Y,,,5,,,,,,S,Y,3,0,1,1,A,-,08,22107,,N,E,I,A,A,H,-,A,D,0,,,,,Y,,A,01,0,1,0,0,0,0,0,0,0,"- ","- ",39.072879791259766,-122.09439849853516,COLUSA,UNINCORPORATED,-122.09421539306641,39.072971343994141
91066788,2019,2019-09-04,9155,2019-09-01,0115,021564,,7,3,9,0600,0,1,3,,1,022,SR-20,"LONE STAR RD",0.00,,Y,A,-,Y,,,20,,,,,,,Y,2,0,2,2,A,-,09,21801,A,N,A,C,A,A,H,-,C,D,0,,,,,Y,,A,07,2,0,0,0,0,0,0,0,0,"- ","- ",39.195659637451172,-122.07879638671875,COLUSA,UNINCORPORATED,-122.07879638671875,39.195697784423828
91066862,2019,2019-09-04,9155,2019-08-28,1506,020444,,3,2,9,0600,0,1,1,,2,051,"I-5 N/B","HAHN RD",800.00,S,N,A,-,Y,,,5,,,,,,N,Y,4,0,1,1,A,-,08,22107,,N,E,I,A,A,H,-,A,D,0,,,,,Y,,A,01,0,0,1,0,0,0,0,0,0,"- ","- ",39.054389953613281,-122.08338165283203,COLUSA,UNINCORPORATED,-122.08354187011719,39.054195404052734
91071200,2019,2019-09-10,9155,2019-09-02,2011,021060,,1,2,9,0600,0,1,3,,2,023,"SR-20 E/B",SR-16,8448.00,W,N,A,-,Y,,,20,,,,,,E,Y,3,0,2,3,A,-,01,23152,A,N,A,C,A,A,H,-,D,D,0,,,,,Y,Y,A,07,0,2,0,0,0,0,0,0,0,"- ","- ",39.013328552246094,-122.38787078857422,COLUSA,UNINCORPORATED,-122.38786315917969,39.013278961181641
91071516,2019,2019-09-10,9155,2019-08-31,1520,020413,,6,2,9,0600,0,3,5,,2,001,"OLD HWY 99W","COUNTY LINE ROAD",0.00,,Y,A,-,N,,,,,,,,,,Y,2,0,7,2,A,-,09,21802,A,N,D,C,A,A,H,-,A,D,0,,,,,Y,,D,22,7,0,0,0,0,0,0,0,0,"- ","- ",38.925399780273438,-121.99659729003906,COLUSA,UNINCORPORATED,-121.99665069580078,38.925498962402344
91078803,2019,2019-09-19,9155,2019-09-13,0735,017900,,5,1,9,0600,0,3,5,,2,003,"SACHREITER RD","SYCAMORE SLOUGH RD",2573.00,E,N,A,-,N,,,,,,,,,,Y,2,0,1,2,A,-,08,22107,,N,C,C,A,A,H,-,A,D,0,,,,,Y,,A,01,1,0,0,0,0,0,0,0,0,"- ","- ",39.089458465576172,-121.98326873779297,COLUSA,UNINCORPORATED,-121.98338317871094,39.089439392089844
91081266,2019,2019-09-24,9155,2019-09-16,1715,020744,,1,2,9,0600,0,3,5,,2,001,"MORRIS RD.",SR-45,5280.00,W,N,A,-,N,,,,,,,,,,N,3,0,1,1,A,-,00,23103,A,N,F,A,A,A,H,-,A,D,0,,,Y,,Y,,C,02,0,1,0,0,0,0,0,0,1,"- ","- ",39.496700286865234,-121.55319976806641,COLUSA,UNINCORPORATED,-121.92642211914062,39.069065093994141
91081498,2019,2019-10-04,9155,2019-09-22,1440,020579,,7,2,9,0600,0,1,1,,2,052,"I-5 S/B","FAIRVIEW RD",4752.00,N,N,A,-,Y,,,5,,,,,,S,Y,3,0,3,3,A,-,01,23152,A,N,D,C,A,A,H,-,A,D,0,,,,Y,Y,Y,A,01,0,2,1,0,0,0,0,0,0,"- ","- ",39.260490417480469,-122.18231964111328,COLUSA,UNINCORPORATED,-122.18244171142578,39.260486602783203
91085555,2019,2019-09-27,9155,2019-09-23,1635,019973,,1,2,9,0600,0,1,1,,2,051,"I-5 N/B","E ST",1000.00,N,N,A,-,Y,,,,,,,,,,Y,4,0,1,1,A,-,08,22107,,N,E,I,A,A,H,-,A,D,0,,,,,Y,,A,01,0,0,1,0,0,0,0,0,0,"- ","- ",39.160030364990234,-122.14550018310547,COLUSA,UNINCORPORATED,-122.14858245849609,39.158138275146484
91088099,2019,2019-10-01,9155,2019-09-25,1903,020482,,3,2,9,0600,0,1,1,,2,051,"I-5 N/B TO E STREET","E STREET",592.00,S,N,A,-,Y,,,,,,,,,,Y,2,0,1,1,A,-,01,23152,A,N,E,I,A,A,H,-,A,A,0,,,,,Y,Y,A,01,1,0,0,0,0,0,0,0,0,"- ","- ",39.155620574951172,-122.14259338378906,COLUSA,UNINCORPORATED,-122.14601898193359,39.154247283935547
91088350,2019,2019-10-01,9155,2019-09-25,0520,020413,,3,3,9,0600,0,1,3,,1,042,SR-45,"MAXWELL RD",1207.00,S,N,A,-,Y,,,45,,,,,,,Y,2,0,3,2,A,-,05,21650,,N,A,C,A,A,H,-,D,D,0,,,,,Y,,A,01,1,2,0,0,0,0,0,0,0,"- ","- ",39.275398254394531,-122.03479766845703,COLUSA,UNINCORPORATED,-122.03504943847656,39.275360107421875
91088870,2019,2019-10-02,9155,2019-09-30,1615,019973,,1,2,9,0600,0,3,5,,2,002,"WILDWOOD RD","COUNTY LINE ROAD",750.00,N,N,A,-,N,,,,,,,,,,Y,2,0,2,2,A,-,03,22350,,N,C,C,A,A,H,-,A,D,0,,,,,Y,,A,01,1,1,0,0,0,0,0,0,0,"- ","- ",38.927921295166016,-122.06105804443359,COLUSA,UNINCORPORATED,-122.06109619140625,38.927921295166016
91094609,2019,2019-10-10,9155,2019-09-24,1030,016161,,2,1,9,0600,0,3,5,,2,004,"NORMAN RD.","GLENN/COLUSA COUNTY LINE",528.00,E,N,A,-,N,,,,,,,,,,Y,3,0,2,1,A,-,03,22350,,N,E,I,A,A,H,-,A,A,0,,,,,Y,,A,01,0,2,0,0,0,0,0,0,0,"- ","- ",39.406429290771484,-122.13626098632812,COLUSA,UNINCORPORATED,-122.13433074951172,39.406276702880859
91094923,2019,2019-10-10,9155,2019-10-07,0820,017062,,1,1,9,0600,0,3,5,,2,004,"NORMAN RD.","FOUR MILE RD",1056.00,W,N,A,-,N,,,,,,,,,,Y,4,0,1,2,A,-,09,21804,A,N,D,C,A,A,H,-,A,D,0,,,,,Y,,M,46,0,0,1,0,0,0,0,0,0,"- ","- ",39.406318664550781,-122.12805938720703,COLUSA,UNINCORPORATED,-122.12799835205078,39.40631103515625
91094938,2019,2019-10-10,9155,2019-10-09,1708,020579,,3,2,9,0600,0,1,1,,2,051,"I-5 S/B","COUNTY LINE RD",3168.00,N,N,A,-,Y,,,5,,,,,,S,Y,3,0,1,1,A,-,08,22107,,N,E,J,A,A,H,-,A,D,0,,,,,Y,,A,07,0,1,0,0,0,0,0,0,0,"- ","- ",38.933719635009766,-122.00325012207031,COLUSA,UNINCORPORATED,-122.0030517578125,38.93377685546875
91095607,2019,2019-10-30,9155,2019-10-02,1240,015850,,3,1,9,0600,0,1,3,,2,023,SR-20,"EAST CAMP RD",50.00,E,N,A,-,Y,,,20,,,,,,,Y,3,0,1,2,A,-,03,22350,,N,C,C,A,A,H,-,A,D,0,,,,Y,Y,,F,26,0,1,0,0,0,0,0,0,0,"- ","- ",39.152778625488281,-122.21727752685547,COLUSA,UNINCORPORATED,-122.21727752685547,39.152809143066406
91099089,2019,2019-10-16,9155,2019-10-06,0900,017900,,7,1,9,0600,0,3,5,,2,003,"RIVER ROAD","LAUX RD",3278.00,S,N,A,-,N,,,,,,,,,,N,3,0,1,2,D,-,00,,,N,B,C,A,A,H,-,A,D,0,,,,Y,Y,,-,"- ",0,1,0,0,0,0,0,0,0,"- ","- ",39.236598968505859,-121.99420166015625,COLUSA,UNINCORPORATED,-121.99411010742188,39.236778259277344
91099488,2019,2019-10-17,9155,2019-10-13,1505,018981,,7,2,9,0600,0,2,4,,2,010,"LONE STAR RD","ABEL RD",5280.00,S,N,A,-,N,,,,,,,,,,Y,4,0,1,1,A,-,08,22107,,N,E,J,A,A,H,-,A,D,0,,,,,Y,,A,01,0,0,1,0,0,0,0,0,0,"- ","- ",39.129409790039062,-122.07868194580078,COLUSA,UNINCORPORATED,-122.07861328125,39.130474090576172
91102247,2019,2019-10-21,9155,2019-10-12,2035,020744,,6,2,2,0602,0,1,1,,2,051,"I-5 S/B","HUSTED RD.",1050.00,S,N,A,-,Y,,,5,,,,,,S,Y,3,0,1,1,A,-,08,22107,,N,F,A,A,A,H,-,D,D,0,,,,,Y,Y,A,08,0,1,0,0,0,0,0,0,0,"- ","- ",39.127021789550781,-122.13056182861328,COLUSA,WILLIAMS,-122.13072204589844,39.126811981201172
91110159,2019,2019-10-30,9155,2019-10-18,2020,020744,,5,2,9,0600,0,2,4,,2,011,"OLD HWY 99W","COUNTY LINE RD",1009.00,N,N,A,-,Y,,,,,,,,,,N,2,0,1,2,A,-,11,21956,A,N,G,B,E,A,H,-,D,D,0,Y,,,,Y,Y,N,60,1,0,0,0,1,0,0,0,0,"- ","- ",38.928001403808594,-121.99835205078125,COLUSA,UNINCORPORATED,-121.99827575683594,38.927963256835938
91110288,2019,2019-10-30,9155,2019-10-27,0215,021564,,7,3,2,0602,0,1,1,,2,051,"I-5 N/B","E ST OVERCROSSING",2851.00,S,N,A,G,Y,,,5,,,,,,N,Y,3,0,1,1,A,-,01,23152,A,N,E,I,A,A,H,-,C,D,0,,,,,Y,Y,A,01,0,1,0,0,0,0,0,0,0,"- ","- ",39.148899078369141,-122.13896942138672,COLUSA,WILLIAMS,-122.13907623291016,39.148838043212891
91111114,2019,2019-10-31,9155,2019-10-28,1600,020482,,1,2,9,0600,0,1,3,,1,022,SR-20,"WILSON AVE",565.00,E,N,A,-,Y,,,20,,,,,,,Y,4,0,1,1,A,-,08,22107,,N,E,I,A,A,H,-,A,D,0,,,,,Y,,A,07,0,0,1,0,0,0,0,0,0,"- ","- ",39.197360992431641,-122.03511047363281,COLUSA,UNINCORPORATED,-122.03510284423828,39.19732666015625
91116677,2019,2019-11-08,9155,2019-11-06,0655,017062,,3,1,9,0600,0,1,3,,1,042,"SR-45 S/B","FERRY RD.",530.00,S,N,A,-,Y,,,45,,,,,,S,Y,2,0,1,1,A,-,01,23152,A,N,E,I,A,A,H,-,A,D,0,,,,,Y,Y,D,22,1,0,0,0,0,0,0,0,0,"- ","- ",39.360458374023438,-122.02709197998047,COLUSA,UNINCORPORATED,-122.02736663818359,39.360576629638672
91119403,2019,2019-11-13,9155,2019-11-02,2130,019973,,6,2,9,0600,0,3,5,,2,001,"6TH ST","KING RD",100.00,S,N,A,-,N,,,,,,,,,,N,3,0,1,1,A,-,08,22107,,N,E,I,A,A,H,-,D,D,0,,,,,Y,,D,22,0,1,0,0,0,0,0,0,0,"- ","- ",39.015178680419922,-122.05719757080078,COLUSA,UNINCORPORATED,-122.05722808837891,39.015251159667969
91120741,2019,2019-11-14,9155,2019-10-06,1925,018981,,7,2,9,0600,0,1,3,,2,023,SR-20,"WALNUT DR",9240.00,W,N,A,-,Y,,,20,,,,,,,Y,1,2,4,2,A,-,08,22107,,N,A,C,A,A,H,-,D,D,0,,,,,Y,,A,01,1,3,0,0,0,0,0,0,0,"- ","- ",39.105690002441406,-122.31581878662109,COLUSA,UNINCORPORATED,-122.31581878662109,39.105663299560547
91122372,2019,2019-11-18,9155,2019-11-12,1524,020444,,2,2,9,0600,0,3,5,,2,004,"NORMAN RD","4 MILE RD",4224.00,E,N,A,-,N,,,,,,,,,,Y,4,0,1,1,C,-,18,,,N,H,H,A,A,H,-,A,D,0,,,,,Y,,-,"- ",0,0,1,0,0,0,0,0,0,"- ","- ",39.40679931640625,-122.09455108642578,COLUSA,UNINCORPORATED,-122.13784790039062,39.407367706298828
91123637,2019,2019-11-19,9155,2019-10-10,1420,018981,,4,2,9,0600,0,1,3,,2,023,SR-20,SR-16,0.00,,Y,A,-,Y,,,20,,,,,,,Y,1,2,2,3,A,-,09,21802,A,N,D,C,A,A,H,-,A,A,0,,,,Y,Y,,A,01,1,0,1,0,0,0,0,0,0,"- ","- ",39.013031005859375,-122.35880279541016,COLUSA,UNINCORPORATED,-122.35881805419922,39.013046264648438
91129474,2019,2019-11-25,9155,2019-11-16,1600,020413,,6,2,9,0600,0,1,3,,1,042,SR-45,"SPENCER RD",20.00,S,N,A,-,Y,,,45,,,,,,,Y,3,0,1,2,A,-,01,23152,A,F,C,C,A,A,H,-,A,D,0,,,,,Y,Y,A,07,0,1,0,0,0,0,0,0,0,"- ","- ",39.398998260498047,-122.01139831542969,COLUSA,UNINCORPORATED,-122.01144409179688,39.399017333984375
91129493,2019,2019-11-25,9155,2019-11-17,1310,018981,,7,1,9,0600,0,3,5,,2,003,"RIVER RD","BUTTE SLOUGH RD",2640.00,N,N,A,-,N,,,,,,,,,,Y,3,0,1,2,A,-,03,22350,,N,B,E,A,A,C,-,A,D,0,,,,,Y,,A,07,0,1,0,0,0,0,0,0,0,"- ","- ",39.222019195556641,-121.99849700927734,COLUSA,UNINCORPORATED,-121.99810791015625,39.222724914550781
91130771,2019,2019-11-27,9155,2019-11-17,0220,021060,,7,3,9,0600,0,1,1,,2,052,"I-5 S/B","DELEVAN RD",5280.00,N,N,A,-,Y,,,5,,,,,,S,Y,3,0,3,2,A,-,01,23152,A,N,A,C,A,A,H,-,D,D,0,,,,,Y,Y,A,01,0,3,0,0,0,0,0,0,0,"- ","- ",39.362800598144531,-122.19303131103516,COLUSA,UNINCORPORATED,-122.19301605224609,39.362800598144531
91131498,2019,2019-11-28,9155,2019-11-21,1104,015850,,4,1,9,0600,0,1,3,,2,023,"SR-20 W/B",SR-16,50.00,W,N,A,-,Y,,,20,,,,,,W,Y,3,0,1,1,A,-,08,22107,,N,F,A,A,A,B,-,A,A,0,,,,,Y,,J,49,0,1,0,0,0,0,0,0,0,"- ","- ",39.013008117675781,-122.35894775390625,COLUSA,UNINCORPORATED,-122.35890197753906,39.012962341308594
91136979,2019,2019-12-05,9155,2019-11-20,1550,020023,,3,2,9,0600,0,1,3,,1,022,SR-20,"SAN JOSE RD",4224.00,E,N,A,G,Y,,,20,,,,,,,Y,1,1,0,2,A,-,08,22107,,N,B,G,A,A,H,-,A,D,0,,Y,,,Y,,D,22,0,0,0,0,0,1,0,0,0,"- ","- ",39.189899444580078,-122.10479736328125,COLUSA,UNINCORPORATED,-122.10478210449219,39.189872741699219
91140338,2019,2019-12-10,9155,2019-12-09,0940,016445,,1,1,9,0600,0,1,1,,2,051,"I-5 N/B","GREENBAY RD",1100.00,N,N,A,-,Y,,,5,,,,,,N,Y,4,0,1,1,A,-,08,22107,,N,F,A,A,A,H,-,A,D,0,,,,,Y,,A,01,0,0,1,0,0,0,0,0,0,"- ","- ",38.968231201171875,-122.02665710449219,COLUSA,UNINCORPORATED,-122.02694702148438,38.968097686767578
91141233,2019,2019-12-11,9155,2019-12-06,1138,015850,,5,1,2,0601,0,1,1,,2,052,"I-5 S/B","DELEVAN ROAD",6864.00,S,N,A,-,Y,,,,,,,,,,Y,3,0,1,2,A,-,08,22107,,N,D,C,A,A,H,-,A,D,0,,,,,Y,,A,01,0,1,0,0,0,0,0,0,0,"- ","- ",39.315921783447266,-122.19418334960938,COLUSA,COLUSA,-122.19496917724609,39.334548950195312
91144010,2019,2019-12-16,9155,2019-12-09,0540,020413,,1,3,9,0600,0,1,3,,2,023,"SR-20 E/B","WALNUT DR",10560.00,W,N,A,-,Y,,,20,,,,,,E,Y,4,0,1,1,A,-,08,22107,,N,F,A,A,A,H,-,E,D,0,,,,,Y,,A,01,0,0,1,0,0,0,0,0,0,"- ","- ",39.105400085449219,-122.31620025634766,COLUSA,UNINCORPORATED,-122.31620788574219,39.105640411376953
91149168,2019,2019-12-20,9155,2019-12-15,0215,021060,,7,3,9,0600,0,3,5,,2,003,"GRIMES-ARBUCKLE RD","STATE HIGHWAY 45",0.00,,Y,A,-,Y,,,,,,,,,,Y,3,0,2,1,A,-,08,22107,,N,E,I,A,B,H,-,D,D,0,,,,,Y,,A,01,0,1,1,0,0,0,0,0,0,"- ","- ",39.071769714355469,-121.89846801757812,COLUSA,UNINCORPORATED,,
91150613,2019,2019-12-23,9155,2019-12-15,0100,020444,,7,3,9,0600,0,3,5,,2,006,"E PARK RD","LODOGA-STONYFORD RD.",2112.00,E,N,A,-,N,,,,,,,,,,N,4,0,1,2,A,-,01,23152,A,M,E,E,A,A,H,-,D,A,0,,,,,Y,Y,A,07,0,0,1,0,0,0,0,0,0,"- ","- ",39.3702392578125,-122.53842163085938,COLUSA,UNINCORPORATED,-122.53917694091797,39.370872497558594
91150657,2019,2019-12-23,9155,2019-12-18,1730,018818,,3,2,9,0600,0,1,3,,2,023,SR-20,"SR-16 W/B",8976.00,E,N,B,C,Y,,,20,,,,,,,Y,4,0,1,1,A,-,08,22107,,N,E,I,A,B,H,-,D,D,0,,,,,Y,,A,01,0,0,1,0,0,0,0,0,0,"- ","- ",39.031768798828125,-122.33836364746094,COLUSA,UNINCORPORATED,-122.33845520019531,39.031780242919922
91150946,2019,2019-12-23,9155,2019-12-19,0640,020444,,4,1,9,0600,0,3,5,,2,001,"GRIMES-ARBUCKLE RD","DRY SLOUGH RD",0.00,,Y,B,E,N,,,,,,,,,,Y,4,0,2,2,A,-,09,21801,A,N,D,C,A,A,H,-,B,A,0,,,,Y,Y,,G,25,0,0,2,0,0,0,0,0,0,"- ","- ",39.056610107421875,-121.94175720214844,COLUSA,UNINCORPORATED,-121.94178009033203,39.05657958984375
91151003,2019,2019-12-23,9155,2019-12-17,2110,019973,,2,2,9,0600,0,1,1,,2,051,"OLD HWY 99W","PERKINS RD",1056.00,N,N,A,-,N,,,,,,,,,,Y,3,0,1,1,A,-,08,22107,,N,F,A,A,A,H,-,D,D,0,,,,,Y,,A,01,0,1,0,0,0,0,0,0,0,"- ","- ",38.981929779052734,-122.03385162353516,COLUSA,UNINCORPORATED,-122.03644561767578,38.98651123046875
91151106,2019,2019-12-23,9155,2019-12-18,1530,018818,,3,2,9,0600,0,1,3,,1,022,SR-20,"O HAIR RD.",95.00,E,N,B,C,Y,,,20,,,,,,,N,4,0,2,3,A,-,03,22350,,N,C,C,A,B,H,-,B,D,0,,,,,Y,,A,08,0,0,2,0,0,0,0,0,0,"- ","- ",39.195529937744141,-122.04080200195312,COLUSA,UNINCORPORATED,-122.04080200195312,39.195552825927734
91158154,2019,2020-01-02,9155,2019-12-25,1420,020744,,3,2,9,0600,0,1,3,,2,023,SR-20,"BEAR VALLEY RD",5280.00,W,N,C,-,Y,,,20,,,,,,,Y,2,0,3,2,A,-,08,22107,,N,A,C,A,B,H,-,A,D,0,,,,,Y,,A,01,2,1,0,0,0,0,0,0,0,"- ","- ",39.013519287109375,-122.37844848632812,COLUSA,UNINCORPORATED,-122.37848663330078,39.013397216796875
91160735,2020,2020-01-07,9155,2020-01-04,2110,021343,,6,2,9,0600,0,1,3,,1,016,SR-16,SR-20,2640.00,S,N,A,-,Y,,,16,,,,,,,Y,3,0,2,1,A,-,08,22107,,N,F,A,A,A,H,-,D,D,0,,,,,Y,,A,07,0,1,1,0,0,0,0,0,0,"- ","- ",39.006038665771484,-122.35549163818359,COLUSA,UNINCORPORATED,-122.3555908203125,39.006000518798828
91162426,2020,2020-01-09,9155,2020-01-05,1740,021343,,7,2,9,0600,0,1,3,,2,023,SR-20,SR-16,0.00,,Y,A,-,Y,,,20,,,,,,,Y,2,0,1,2,A,-,09,21804,A,N,D,C,A,A,H,-,D,D,0,,,,Y,Y,,A,08,1,0,0,0,0,0,0,0,0,"- ","- ",39.013038635253906,-122.35878753662109,COLUSA,UNINCORPORATED,-122.35881042480469,39.013057708740234
91163439,2019,2020-01-10,9155,2019-12-29,0045,020413,,7,3,9,0600,0,1,1,,2,052,"I-5 N/B","DELEVAN RD",10560.00,N,N,A,-,Y,,,5,,,,,,N,Y,4,0,4,2,A,-,03,22350,,M,C,C,A,A,H,-,C,D,0,,,,Y,Y,,G,25,0,0,4,0,0,0,0,0,0,"- ","- ",39.378219604492188,-122.19243621826172,COLUSA,UNINCORPORATED,-122.19281768798828,39.378219604492188
91163450,2020,2020-01-10,9155,2020-01-10,0925,017062,,5,1,9,0600,0,1,3,,2,023,SR-20,SR-16,12408.00,W,N,A,-,Y,,,20,,,,,,,Y,3,0,1,1,A,-,08,22107,,N,E,I,A,A,H,-,A,D,0,,,,,Y,,A,01,0,1,0,0,0,0,0,0,0,"- ","- ",39.004390716552734,-122.3939208984375,COLUSA,UNINCORPORATED,-122.39378356933594,39.004570007324219
91169688,2020,2020-01-21,9155,2020-01-18,1800,021152,,6,2,9,0600,0,1,3,,2,023,SR-20,SR-16,15312.00,E,N,A,-,Y,,,20,,,,,,,Y,3,0,1,1,A,-,03,22350,,N,E,J,A,A,H,-,D,D,0,,,,,Y,,A,01,0,1,0,0,0,0,0,0,0,"- ","- ",39.047710418701172,-122.34158325195312,COLUSA,UNINCORPORATED,-122.34159088134766,39.047706604003906
91170336,2020,2020-01-22,9155,2020-01-20,0550,020322,,1,3,9,0600,0,2,4,,2,010,"LONE STAR RD","ABLE ROAD",4858.00,S,N,E,-,N,,,,,,,,,,Y,4,0,1,1,A,-,08,22107,,N,E,I,A,A,H,-,D,D,0,,,,,Y,,A,01,0,0,1,0,0,0,0,0,0,"- ","- ",39.131500244140625,-122.078857421875,COLUSA,UNINCORPORATED,-122.07865142822266,39.131629943847656
91179501,2020,2020-02-04,9155,2020-01-29,0545,021564,,3,3,9,0600,0,1,3,,1,022,SR-20,"WILSON AVE",0.00,,Y,A,-,Y,,,20,,,,,,,Y,3,0,2,2,A,-,03,22350,,N,C,C,A,A,H,-,D,D,0,,,,,Y,,A,07,0,1,1,0,0,0,0,0,0,"- ","- ",39.196651458740234,-122.03717041015625,COLUSA,UNINCORPORATED,-122.03717803955078,39.196662902832031
91188110,2020,2020-02-18,9155,2020-02-06,0720,017900,,4,1,9,0600,0,1,1,,2,052,"INTERSTATE 5","DELEVAN RD",3320.00,N,N,A,-,Y,,,5,,,,,,,Y,3,0,3,1,A,-,08,22107,,N,E,I,A,A,H,-,A,D,0,,,,,Y,,A,01,0,3,0,0,0,0,0,0,0,"- ","- ",39.357738494873047,-122.19313812255859,COLUSA,UNINCORPORATED,-122.19308471679688,39.357734680175781
91188165,2020,2020-02-18,9155,2020-02-10,0400,021564,,1,3,9,0600,0,1,1,,2,051,"I-5 S/B","HAHN RD",6864.00,N,N,A,G,Y,,,5,,,,,,S,Y,2,0,1,1,A,-,08,22107,,N,F,A,A,A,H,-,D,D,0,,,,,Y,,A,07,1,0,0,0,0,0,0,0,0,"- ","- ",39.075599670410156,-122.095703125,COLUSA,UNINCORPORATED,-122.09576416015625,39.075553894042969
91188251,2020,2020-02-18,9155,2020-02-15,2345,021564,,6,3,9,0600,0,2,4,,2,010,"LONE STAR RD","WARE RD",4752.00,N,N,A,-,N,,,,,,,,,,Y,4,0,1,1,A,-,08,22107,,N,E,I,A,A,H,-,D,D,0,,,,,Y,,A,07,0,0,1,0,0,0,0,0,0,"- ","- ",39.129631042480469,-122.07882690429688,COLUSA,UNINCORPORATED,-122.07861328125,39.128669738769531
91188968,2020,2020-02-19,9155,2020-02-10,1300,015850,,1,1,9,0600,0,3,5,,2,003,"GRIDLEY ROAD","PUTNAM ROAD",1056.00,W,N,A,-,N,,,,,,,,,,Y,4,0,1,2,A,-,06,21750,,N,D,C,A,A,H,-,A,D,0,,,,,Y,,A,08,0,0,1,0,0,0,0,0,0,"- ","- ",39.343498229980469,-122.96778869628906,COLUSA,UNINCORPORATED,-121.96644592285156,39.343540191650391
91189590,2020,2020-02-19,9155,2020-02-07,1310,017900,,5,1,9,0600,0,3,5,,2,002,"JENSEN AVENUE","WAGNER AVENUE",5102.00,S,N,A,-,N,,,,,,,,,,N,3,0,1,4,A,-,08,22107,,N,E,J,F,A,H,-,A,D,0,Y,,,Y,Y,,F,26,0,1,0,0,1,0,0,0,0,"- ","- ",38.98468017578125,-122.08851623535156,COLUSA,UNINCORPORATED,-122.08852386474609,38.984699249267578
91191921,2020,2020-02-24,9155,2020-02-19,0425,021060,,3,3,9,0600,0,1,1,,2,052,"I-5 S/B TO SR-20","STATE HIGHWAY 20",715.00,N,N,A,-,Y,,,,,,,,,,Y,3,0,1,1,A,-,08,22107,,N,E,I,A,A,H,-,D,D,0,,,,,Y,,A,01,0,1,0,0,0,0,0,0,0,"- ","- ",39.167789459228516,-122.15187072753906,COLUSA,UNINCORPORATED,-122.15119934082031,39.168388366699219
91199685,2020,2020-03-02,9155,2020-02-25,0215,021564,,2,3,9,0600,0,1,1,,2,051,"I-5 N/B","GREENBAY RD",1584.00,S,N,A,-,Y,,,5,,,,,,N,Y,4,0,1,1,A,-,08,22107,,N,F,A,A,A,H,-,D,D,0,,,,,Y,,D,22,0,0,1,0,0,0,0,0,0,"- ","- ",38.961681365966797,-122.02274322509766,COLUSA,UNINCORPORATED,-122.02283477783203,38.961616516113281
91201969,2020,2020-03-04,9155,2020-02-27,1638,021152,,4,2,9,0600,0,3,5,,2,003,"EAST PARKHILL STREET","BRIDGE STREET",0.00,,Y,A,-,N,,,,,,,,,,N,3,0,1,1,A,-,08,22107,,N,F,A,A,A,H,-,A,D,0,,Y,,,Y,,L,04,0,1,0,0,0,0,1,0,0,"- ","- ",39.208869934082031,-122.00253295898438,COLUSA,UNINCORPORATED,-122.00254821777344,39.208919525146484
91202749,2020,2020-05-06,9155,2020-03-01,1920,021152,,7,2,9,0600,0,1,3,,2,023,SR-20,SR-16,10560.00,E,N,A,-,Y,,,20,,,,,,,Y,4,0,2,1,A,-,03,22350,,N,H,H,A,A,H,-,D,D,0,,,,,Y,,A,08,0,0,2,0,0,0,0,0,0,"- ","- ",39.035400390625,-122.33901214599609,COLUSA,UNINCORPORATED,-122.33903503417969,39.035396575927734
91204564,2020,2020-03-09,9155,2020-03-02,0019,021564,,1,3,9,0600,0,3,5,,2,002,"MIDWAY AVE","GAIL AVE",305.00,N,N,A,-,Y,,,,,,,,,,Y,3,0,1,2,A,-,01,23152,A,N,B,E,A,A,H,-,C,D,0,,,,,Y,Y,A,01,0,1,0,0,0,0,0,0,0,"- ","- ",39.021110534667969,-122.06340789794922,COLUSA,UNINCORPORATED,-122.06333160400391,39.021076202392578
91210137,2020,2020-03-17,9155,2020-03-16,0630,017062,,1,1,9,0600,0,3,5,,2,005,"MAXWELL SITES RD","DANLEY RD",100.00,W,N,B,-,N,,,,,,,,,,Y,3,0,1,1,A,-,08,22107,,N,E,I,A,B,H,-,D,A,0,,,,,Y,,D,22,0,1,0,0,0,0,0,0,0,"- ","- ",39.276100158691406,-122.24655151367188,COLUSA,UNINCORPORATED,-122.24730682373047,39.276126861572266
91210903,2020,2020-03-18,9155,2020-03-12,1520,020482,,4,2,9,0600,1,1,3,,1,021,SR-20,SR-45,100.00,W,N,A,-,Y,,,20,,,,,,,N,3,0,1,2,A,-,09,21801,A,M,H,A,A,A,H,-,A,D,0,,,,,Y,,-,99,0,1,0,0,0,0,0,0,0,"- ","- ",39.150100708007812,-121.96540069580078,COLUSA,UNINCORPORATED,-121.96536254882812,39.150218963623047
91211598,2020,2020-03-19,9155,2020-03-12,2305,021060,,4,3,9,0600,0,1,1,,2,052,"I-5 S/B","LURLINE AVE",3080.00,S,N,A,-,Y,,,5,,,,,,S,Y,3,0,1,1,A,-,08,22107,,N,F,A,A,A,H,-,D,D,0,,,,,Y,,A,01,0,1,0,0,0,0,0,0,0,"- ","- ",39.209930419921875,-122.18031311035156,COLUSA,UNINCORPORATED,-122.18043518066406,39.209896087646484
91218596,2020,2020-03-30,9155,2020-03-21,1550,021152,,6,2,9,0600,0,1,3,,2,023,SR-20,"WALNUT DRIVE",0.00,,Y,A,-,Y,,,20,,,,,,,N,3,0,1,2,A,-,05,21752,D,N,B,C,A,A,H,-,A,D,0,,,Y,,Y,Y,A,01,0,1,0,0,0,0,0,0,1,"- ","- ",39.120468139648438,-122.29134368896484,COLUSA,UNINCORPORATED,-122.29132843017578,39.120456695556641
91219388,2020,2020-04-01,9155,2020-03-29,0220,021060,,7,3,2,0601,0,3,5,,2,003,"I-5 N/B","FREEWAY UNDERCROSSING RD.",1500.00,N,N,B,-,Y,,,,,,,,,,Y,2,0,1,1,A,-,08,22107,,M,E,I,A,B,H,-,D,D,0,,,,,Y,,A,01,1,0,0,0,0,0,0,0,0,"- ","- ",39.027618408203125,-122.063720703125,COLUSA,COLUSA,-122.06417846679688,39.028182983398438
91223268,2020,2020-04-08,9155,2020-03-29,1630,020444,,7,2,9,0600,0,1,1,,2,052,"I-5 N/B","LURLINE AVE",3168.00,S,N,B,-,Y,,,5,,,,,,N,Y,2,0,4,1,A,-,08,22107,,N,E,I,A,A,H,-,A,A,0,,,,,Y,,A,07,3,0,1,0,0,0,0,0,0,"- ","- ",39.210289001464844,-122.18013000488281,COLUSA,UNINCORPORATED,-122.18020629882812,39.21026611328125
91224699,2020,2020-04-13,9155,2020-04-09,1255,017062,,4,1,9,0600,0,3,5,,2,004,"LURLINE AVE","ORANGE AVE",132.00,W,N,B,-,N,,,,,,,,,,N,4,0,1,2,A,-,03,22350,,N,C,C,A,A,H,-,A,D,0,,,,,Y,,D,22,0,0,1,0,0,0,0,0,0,"- ","- ",39.217090606689453,-122.02250671386719,COLUSA,UNINCORPORATED,-122.02216339111328,39.217113494873047
91226986,2020,2020-04-17,9155,2020-04-11,1215,022397,,6,1,9,0600,0,3,5,,2,006,"BARTLETT SPRINGS RD","WALKER RIDGE ROAD",12672.00,N,N,B,-,N,,,,,,,,,,Y,4,0,1,1,A,-,08,22107,,N,E,I,A,A,H,-,A,D,0,,,,,Y,,D,22,0,0,1,0,0,0,0,0,0,"- ","- ",39.086101531982422,-122.48320007324219,COLUSA,UNINCORPORATED,,
91228617,2020,2020-04-22,9155,2020-04-17,1635,018818,,5,2,9,0600,0,1,3,,2,023,SR-20,"LEESVILLE RD",880.00,E,N,A,-,Y,,,20,,,,,,,Y,3,0,1,1,A,-,08,22107,,N,F,A,A,A,H,-,A,A,0,,,,,Y,Y,A,01,0,1,0,0,0,0,0,0,0,"- ","- ",39.122268676757812,-122.28936767578125,COLUSA,UNINCORPORATED,-122.28932189941406,39.122211456298828
91228837,2020,2020-04-23,9155,2020-04-18,1600,020444,,6,2,9,0600,0,3,5,,2,003,"UNNAMED DIRT PATH ADJACENT BUTTE SLOUGH","RIVER RD",3168.00,E,N,A,-,N,,,,,,,,,,N,3,0,1,1,A,-,08,38314,,N,F,A,A,A,B,-,A,D,0,,,Y,,Y,,C,02,0,1,0,0,0,0,0,0,1,"- ","- ",39.211990356445312,-121.98966979980469,COLUSA,UNINCORPORATED,,
91228900,2020,2020-04-23,9155,2020-04-23,0530,015996,,4,3,9,0600,0,3,5,,2,002,"WALNUT AVE","EAST CAMP RD",5280.00,W,N,A,-,N,,,,,,,,,,Y,3,0,1,1,A,-,08,22107,,N,F,A,A,A,H,-,D,D,0,,,,,Y,,A,01,0,1,0,0,0,0,0,0,0,"- ","- ",39.119991302490234,-122.24397277832031,COLUSA,UNINCORPORATED,-122.23588562011719,39.119926452636719
91228948,2020,2020-04-23,9155,2020-04-23,0756,016445,,4,1,9,0600,0,1,1,,2,052,"I-5 S/B","LURLINE AVE",7920.00,S,N,A,-,Y,,,5,,,,,,S,Y,4,0,1,1,A,-,08,22107,,N,F,A,A,A,H,-,A,D,0,,,,,Y,,D,22,0,0,1,0,0,0,0,0,0,"- ","- ",39.202011108398438,-122.17652893066406,COLUSA,UNINCORPORATED,-122.17644500732422,39.202056884765625
91233167,2020,2020-05-04,9155,2020-04-25,1005,017900,,6,1,9,0600,0,1,3,,1,016,SR-16,SR-20,12355.00,S,N,B,-,Y,,,16,,,,,,,Y,4,0,2,1,A,-,08,22107,,N,E,I,A,A,H,-,A,D,0,,,,,Y,,D,22,0,0,2,0,0,0,0,0,0,"- ","- ",38.981399536132812,-122.34726715087891,COLUSA,UNINCORPORATED,-122.3472900390625,38.981307983398438
91233250,2020,2020-05-04,9155,2020-04-25,1400,017900,,6,2,9,0600,0,1,3,,2,023,SR-20,"KING ROAD",8395.00,W,N,A,-,Y,,,20,,,,,,,Y,4,0,1,1,C,-,18,,,N,E,I,A,A,H,-,A,D,0,,,,,Y,,-,"- ",0,0,1,0,0,0,0,0,0,"- ","- ",39.132549285888672,-122.27780151367188,COLUSA,UNINCORPORATED,-122.27764892578125,39.132377624511719
91234380,2020,2020-05-06,9155,2020-05-05,1245,015996,,2,1,9,0600,0,3,5,,2,001,"OHM RD","HAHN RD",42.00,N,N,A,-,N,,,,,,,,,,Y,4,0,1,2,A,-,03,22350,,N,C,C,A,A,H,-,A,A,0,,,,Y,Y,,E,22,0,0,1,0,0,0,0,0,0,"- ","- ",39.056831359863281,-122.04158782958984,COLUSA,UNINCORPORATED,-122.04151153564453,39.056613922119141
91234897,2020,2020-05-07,9155,2020-05-04,1750,018818,,1,2,2,0601,0,1,3,,2,023,"BUTTE SLOUGH RD","RIVER RD",16368.00,E,N,A,-,N,,,,,,,,,,N,3,0,1,1,A,-,01,23152,A,N,E,I,A,A,H,-,A,D,0,,,,,Y,Y,A,01,0,1,0,0,0,0,0,0,0,"- ","- ",39.198509216308594,-121.94709014892578,COLUSA,COLUSA,-121.9683837890625,39.187694549560547
91234973,2020,2020-05-07,9155,2020-05-01,1140,017900,,5,1,9,0600,0,3,5,,2,002,"WAGNER AVENUE","JENSEN AVENUE",0.00,,Y,A,-,N,,,,,,,,,,Y,2,0,3,2,A,-,12,22450,A,N,D,C,A,A,H,-,A,A,0,,,,,Y,,A,08,1,0,2,0,0,0,0,0,0,"- ","- ",38.998729705810547,-122.08867645263672,COLUSA,UNINCORPORATED,-122.08860015869141,38.998710632324219
91236876,2020,2020-05-12,9155,2020-05-05,1430,019973,,2,2,9,0600,0,3,5,,2,002,"HANKINS RD","TURNER RD",1273.00,E,N,A,-,N,,,,,,,,,,Y,3,0,1,1,A,-,08,22107,,N,F,A,A,A,H,-,A,D,0,,,,,Y,,A,07,0,1,0,0,0,0,0,0,0,"- ","- ",39.130870819091797,-122.17511749267578,COLUSA,UNINCORPORATED,-122.17533111572266,39.130691528320312
91238884,2020,2020-05-18,9155,2020-05-16,0955,016445,,6,1,9,0600,0,3,5,,2,006,"FOREST SERVICE ROUTE M5","FOREST SERVICE TRAIL T22",10560.00,S,N,A,-,N,,,,,,,,,,N,4,0,1,1,A,-,03,22350,,N,F,A,A,A,H,-,A,D,0,,,Y,,Y,,C,02,0,0,1,0,0,0,0,0,1,"- ","- ",39.169498443603516,-122.40270233154297,COLUSA,UNINCORPORATED,,
91239139,2020,2020-05-18,9155,2020-05-15,1345,015996,,5,1,9,0600,0,1,1,,2,051,"I-5 S/B","HAHN RD",5280.00,N,N,A,-,Y,,,5,,,,,,S,Y,3,0,1,1,A,-,08,22107,,N,E,I,A,A,H,-,A,D,0,,,,,Y,,A,01,0,1,0,0,0,0,0,0,0,"- ","- ",39.07305908203125,-122.0943603515625,COLUSA,UNINCORPORATED,-122.09427642822266,39.073101043701172
91239243,2020,2020-05-18,9155,2020-05-17,1550,020482,,7,2,9,0600,0,1,3,,1,042,SR-45,"NEVA AVE",75.00,S,N,B,-,Y,,,45,,,,,,,N,3,0,1,1,A,-,08,22107,,N,F,A,A,A,H,-,A,D,0,,Y,,,Y,,L,04,0,1,0,0,0,0,1,0,0,"- ","- ",39.220241546630859,-122.01902770996094,COLUSA,UNINCORPORATED,-122.01898956298828,39.220260620117188
91243293,2020,2020-05-27,9155,2020-05-22,0150,021564,,5,3,9,0600,0,3,5,,2,005,"LEESVILLE RD","KING RD",8448.00,N,N,A,-,N,,,,,,,,,,Y,3,0,1,1,A,-,01,23152,A,N,E,I,A,A,H,-,D,D,0,,,,,Y,Y,A,01,0,1,0,0,0,0,0,0,0,"- ","- ",39.144481658935547,-122.32911682128906,COLUSA,UNINCORPORATED,-122.32972717285156,39.144828796386719
91247471,2020,2020-06-04,9155,2020-04-15,2230,021564,,3,3,9,0600,0,1,3,,1,021,SR-20,"SYCAMORE CUT OFF",1320.00,W,N,A,-,Y,,,20,,,,,,,Y,1,1,0,1,A,-,01,23152,A,N,E,I,A,A,H,-,D,D,0,,,,,Y,Y,A,01,0,0,0,0,0,0,0,0,0,"- ","- ",39.146049499511719,-121.9473876953125,COLUSA,UNINCORPORATED,-121.94738006591797,39.146110534667969
91247795,2020,2020-06-05,9155,2020-06-04,0035,021564,,4,3,9,0600,0,1,1,,2,051,"I-5 N/B","HILLGATE RD UNDERCROSSING",60.00,S,N,A,-,Y,,,5,,,,,,N,Y,2,0,5,1,A,-,08,22107,,N,E,I,A,A,H,-,C,D,0,,,,,Y,,A,07,1,1,3,0,0,0,0,0,0,"- ","- ",39.013721466064453,-122.05593109130859,COLUSA,UNINCORPORATED,-122.05593872070312,39.013706207275391
91248413,2020,2020-06-08,9155,2020-06-06,0200,018981,,6,3,9,0600,0,2,4,,2,010,"LONE STAR RD","ABEL RD",5280.00,S,N,A,-,N,,,,,,,,,,Y,3,0,1,1,A,-,08,22107,,N,F,A,A,A,H,-,D,D,0,,,,,Y,,A,01,0,1,0,0,0,0,0,0,0,"- ","- ",39.130580902099609,-122.08957672119141,COLUSA,UNINCORPORATED,-122.07861328125,39.130474090576172
91249893,2020,2020-06-09,9155,2020-06-07,1929,020482,,7,2,9,0600,0,1,1,,2,052,"I-5 S/B","FRESHWATER RD",326.00,S,N,B,-,Y,,,5,,,,,,S,Y,3,0,1,1,A,-,01,23152,A,N,F,A,A,A,H,-,A,D,0,,,,,Y,Y,E,22,0,1,0,0,0,0,0,0,0,"- ","- ",39.173538208007812,-122.15437316894531,COLUSA,UNINCORPORATED,-122.15444946289062,39.173473358154297
91250334,2020,2020-06-10,9155,2020-06-09,1900,021343,,2,2,9,0600,0,3,5,,2,003,"WESCOTT RD","ABEL ROAD",2640.00,N,N,A,-,N,,,,,,,,,,Y,4,0,3,1,A,-,08,22107,,N,F,A,A,A,H,-,C,D,0,,,,,Y,,A,01,0,0,3,0,0,0,0,0,0,"- ","- ",39.151298522949219,-122.02246856689453,COLUSA,UNINCORPORATED,-122.02227020263672,39.151844024658203
91256119,2020,2020-06-23,9155,2020-06-16,2113,020482,,2,2,9,0600,0,1,3,,1,021,SR-20,"NIAGARA AVE",1050.00,W,N,A,-,Y,,,20,,,,,,,Y,3,0,1,1,A,-,08,22107,,N,E,I,A,A,H,-,D,D,0,,,Y,,Y,,C,02,0,1,0,0,0,0,0,0,1,"- ","- ",39.175098419189453,-121.98867797851562,COLUSA,UNINCORPORATED,-121.98859405517578,39.175178527832031
91260472,2020,2020-06-30,9155,2020-06-20,1425,019973,,6,2,9,0600,0,1,1,,2,051,"I-5 S/B","HAHN RD",8976.00,N,N,A,-,Y,,,5,,,,,,S,Y,4,0,1,2,A,-,07,21658,A,N,B,C,A,A,A,-,A,D,0,,,,Y,Y,,G,25,0,0,1,0,0,0,0,0,0,"- ","- ",39.079780578613281,-122.09845733642578,COLUSA,UNINCORPORATED,-122.09851837158203,39.079742431640625
91260550,2020,2020-06-30,9155,2020-06-21,2330,021343,,7,3,9,0600,0,1,1,,2,051,"I-5 N/B","MYERS RD",7920.00,S,N,A,-,Y,,,5,,,,,,N,Y,4,0,1,1,C,-,18,,,N,H,H,A,A,H,-,C,D,0,,,,,Y,,-,"- ",0,0,1,0,0,0,0,0,0,"- ","- ",39.083198547363281,-122.10025787353516,COLUSA,UNINCORPORATED,-122.10037231445312,39.0831298828125
91261267,2020,2020-07-01,9155,2020-06-21,1605,018981,,7,2,9,0600,0,3,5,,2,005,"MILLS ORCHARD RD","MAXWELL SITES RD",6072.00,S,N,A,-,N,,,,,,,,,,N,2,0,1,1,A,-,03,22350,,N,F,A,A,A,H,-,A,D,0,,,Y,,Y,,C,02,1,0,0,0,0,0,0,0,1,"- ","- ",39.259269714355469,-122.27483367919922,COLUSA,UNINCORPORATED,-122.27481842041016,39.259334564208984
91264955,2020,2020-07-08,9155,2020-06-28,2100,021343,,7,2,9,0600,0,3,5,,2,002,"SAND CREEK RD","GREEN ROAD",24288.00,W,N,A,-,N,,,,,,,,,,Y,2,0,5,1,A,-,08,22107,,N,E,I,A,A,H,-,D,D,0,,,,,Y,,A,07,4,0,1,0,0,0,0,0,0,"- ","- ",38.924900054931641,-122.26203155517578,COLUSA,UNINCORPORATED,-122.261962890625,38.924903869628906
91265350,2020,2020-07-08,9155,2020-07-05,0835,016445,,7,1,9,0600,0,3,5,,2,005,"SUTTON ROAD","WADLEIGH ROAD",200.00,S,N,A,-,N,,,,,,,,,,Y,4,0,1,1,A,-,01,23152,G,N,E,I,A,A,H,-,A,D,0,,,,,Y,Y,A,07,0,0,1,0,0,0,0,0,0,"- ","- ",39.302391052246094,-122.21012878417969,COLUSA,UNINCORPORATED,-122.21015167236328,39.304721832275391
91265407,2020,2020-07-08,9155,2020-07-02,1630,021152,,4,2,9,0600,0,1,1,,2,051,I-5,"COUNTY LINE RD",9504.00,N,N,A,-,Y,,,5,,,,,,,Y,3,0,1,1,A,-,08,22107,,N,F,A,A,A,H,-,A,D,0,,,,,Y,,E,22,0,1,0,0,0,0,0,0,0,"- ","- ",38.950481414794922,-122.01448059082031,COLUSA,UNINCORPORATED,-122.01454162597656,38.950405120849609
91265537,2020,2020-07-08,9155,2020-07-02,1910,018818,,4,2,9,0600,0,1,1,,2,051,"I-5 S/B","COUNTY LINE RD.",9504.00,N,N,A,-,Y,,,5,,,,,,S,N,4,0,2,2,A,-,08,22107,,N,B,C,A,A,H,-,A,D,0,,,,,Y,,A,08,0,0,2,0,0,0,0,0,0,"- ","- ",38.933700561523438,-122.00331878662109,COLUSA,UNINCORPORATED,-122.0030517578125,38.933773040771484
91267927,2020,2020-07-14,9155,2020-07-10,1550,019973,,5,2,9,0600,0,2,4,,2,010,"LONE STAR RD",SR-20,15.00,S,N,A,-,N,,,,,,,,,,N,4,0,1,2,A,-,03,22350,,N,C,C,A,A,H,-,A,D,0,,,,,Y,,A,07,0,0,1,0,0,0,0,0,0,"- ","- ",39.195579528808594,-122.07872009277344,COLUSA,UNINCORPORATED,-122.07880401611328,39.195629119873047
91269003,2020,2020-07-15,9155,2020-07-13,0625,016445,,1,1,9,0600,0,3,5,,2,005,"MAXWELL SITES ROAD","DANLEY ROAD",0.00,,Y,A,-,N,,,,,,,,,,Y,2,0,1,2,A,-,01,23152,A,N,D,C,A,A,H,-,B,A,0,,,,Y,Y,Y,A,01,1,0,0,0,0,0,0,0,0,"- ","- ",39.276161193847656,-122.2469482421875,COLUSA,UNINCORPORATED,-122.2469482421875,39.276130676269531
91270172,2020,2020-07-17,9155,2020-07-11,2135,019973,,6,2,9,0600,0,3,5,,2,002,"SALT CREEK DR","HARVEY CT",68.00,E,N,A,-,N,,,,,,,,,,Y,2,0,2,3,A,-,08,22107,,N,B,E,A,A,H,-,C,D,0,,,Y,,Y,,C,06,2,0,0,0,0,0,0,0,2,"- ","- ",39.023189544677734,-122.06752014160156,COLUSA,UNINCORPORATED,-122.06767272949219,39.023075103759766
91270186,2020,2020-07-17,9155,2020-07-11,2005,021152,,6,2,9,0600,0,3,5,,2,003,"RIVER ROAD","GRIDLEY ROAD",11616.00,S,N,A,-,N,,,,,,,,,,Y,3,0,1,1,A,-,08,22107,,N,E,I,A,A,H,-,A,D,0,,,,,Y,,A,01,0,1,0,0,0,0,0,0,0,"- ","- ",39.32080078125,-122.01548004150391,COLUSA,UNINCORPORATED,-122.01573944091797,39.323020935058594
91270278,2020,2020-07-17,9155,2020-07-11,1315,018981,,6,1,9,0600,0,3,5,,2,006,"BEAR VALLEY RD","WILBUR SPRINGS RD",425.00,N,N,A,-,N,,,,,,,,,,Y,4,0,2,1,A,-,08,22107,,N,F,I,A,A,H,-,A,D,0,,,,,Y,,D,22,0,0,2,0,0,0,0,0,0,"- ","- ",39.041580200195312,-122.40868377685547,COLUSA,UNINCORPORATED,-122.40867614746094,39.04150390625
91274613,2020,2020-07-27,9155,2020-07-15,0430,020444,,3,3,9,0600,0,1,1,,2,052,"I-5 S/B","MAXWELL OVERHEAD OFF-RAMP",260.00,N,N,A,-,Y,,,5,,,,,,S,Y,3,0,1,2,A,-,03,22350,,N,C,C,A,A,H,-,D,A,0,,,,Y,Y,,A,07,0,1,0,0,0,0,0,0,0,"- ","- ",39.316970825195312,-122.19438934326172,COLUSA,UNINCORPORATED,-122.19439697265625,39.316967010498047
91274868,2020,2020-08-07,9155,2020-07-19,1640,019973,,7,2,9,0600,0,3,5,,2,001,"ABEL RD","LONE STAR RD",0.00,,N,A,-,N,,,,,,,,,,Y,2,0,1,1,A,-,01,23152,A,N,E,I,A,A,H,-,A,D,0,,,,,Y,Y,D,22,1,0,0,0,0,0,0,0,0,"- ","- ",39.145111083984375,-122.08795166015625,COLUSA,UNINCORPORATED,-122.07862091064453,39.144969940185547
91275135,2020,2020-07-27,9155,2020-05-14,1720,018818,,4,2,9,0600,0,1,3,,2,023,SR-20,"MPN .098",32.00,E,N,B,C,Y,,,20,,,,,,,Y,3,0,1,1,C,-,18,,,N,E,I,A,B,H,-,A,D,0,,,,,Y,,-,"- ",0,1,0,0,0,0,0,0,0,"- ","- ",39.004711151123047,-122.39378356933594,COLUSA,UNINCORPORATED,-122.39385223388672,39.004619598388672
91275193,2020,2020-07-27,9155,2020-07-24,2240,021060,,5,3,9,0600,0,2,4,,2,010,"LONE STAR RD","WARE RD",528.00,S,N,A,-,N,,,,,,,,,,Y,4,0,1,1,A,-,01,23152,A,N,E,I,A,A,H,-,D,D,0,,,,,Y,Y,A,01,0,0,1,0,0,0,0,0,0,"- ","- ",39.114570617675781,-122.078857421875,COLUSA,UNINCORPORATED,-122.07886505126953,39.114170074462891
91275357,2020,2020-07-28,9155,2020-07-26,1205,016445,,7,1,9,0600,0,3,5,,2,004,"NORMAN ROAD","YOUNG ROAD",670.00,E,N,A,-,N,,,,,,,,,,Y,4,0,1,1,A,-,08,22107,,N,E,I,A,A,H,-,A,D,0,,,,,Y,,D,22,0,0,1,0,0,0,0,0,0,"- ","- ",39.406379699707031,-122.07308959960938,COLUSA,UNINCORPORATED,-122.07527923583984,39.406417846679688
91275366,2020,2020-07-28,9155,2020-07-27,1155,016445,,1,1,9,0600,0,3,5,,2,002,"KING STREET","9TH ST",130.00,E,N,A,-,N,,,,,,,,,,N,4,0,2,2,A,-,21,22106,,N,C,C,A,A,H,-,A,D,0,,,,,Y,,A,07,0,0,2,0,0,0,0,0,0,"- ","- ",39.014289855957031,-122.06044769287109,COLUSA,UNINCORPORATED,-122.06047058105469,39.014255523681641
91278554,2020,2020-07-31,9155,2020-07-25,1825,021152,,6,2,9,0600,0,1,1,,2,052,"I-5 S/B FROM MAXWELL COLUSA RD.","MAXWELL ROAD",1107.00,S,N,A,-,Y,,,5,,,,R,,S,Y,2,0,1,1,A,-,01,23152,A,N,E,I,A,A,H,-,A,D,0,,,,,Y,Y,A,07,1,0,0,0,0,0,0,0,0,"- ","- ",39.273849487304688,-122.18302154541016,COLUSA,UNINCORPORATED,-122.18302154541016,39.273849487304688
91280605,2020,2020-08-04,9155,2020-07-30,0550,020744,,4,3,9,0600,0,1,1,,2,051,"I-5 S/B","HARRINGTON AVE",1400.00,S,N,A,-,Y,,,5,,,,,,S,Y,4,0,1,1,A,-,08,22107,,N,F,I,A,A,H,-,A,D,0,,,,Y,Y,,G,25,0,0,1,0,0,0,0,0,0,"- ","- ",38.952579498291016,-122.01680755615234,COLUSA,UNINCORPORATED,-122.01692199707031,38.952468872070312
91282053,2020,2020-08-06,9155,2020-07-31,0100,021343,,5,3,9,0600,0,1,3,,2,023,SR-20,SR-16,10560.00,E,N,A,-,Y,,,20,,,,,,,Y,3,0,1,1,A,-,08,22107,,N,F,A,A,A,H,-,D,D,0,,,,,Y,,D,22,0,1,0,0,0,0,0,0,0,"- ","- ",39.035110473632812,-122.33885955810547,COLUSA,UNINCORPORATED,-122.33896636962891,39.035087585449219
91282103,2020,2020-08-07,9155,2020-08-05,1725,018981,,3,2,9,0600,0,3,5,,2,005,"OLD HWY 99W","GIBSON RD",300.00,N,N,A,-,N,,,,,,,,,,Y,3,0,1,1,A,-,08,22107,,N,F,A,A,A,H,-,A,D,0,,,,,Y,,D,22,0,1,0,0,0,0,0,0,0,"- ","- ",39.226428985595703,-122.19071960449219,COLUSA,UNINCORPORATED,,
91282989,2020,2020-08-10,9155,2020-08-08,0255,021060,,6,3,9,0600,0,3,5,,2,001,"GRIMES-ARBUCKLE RD","SYCAMORE SLOUGH RD",410.00,W,N,A,-,N,,,,,,,,,,Y,4,0,1,1,A,-,08,22107,,N,F,A,A,A,H,-,D,D,0,,,,Y,Y,,G,25,0,0,1,0,0,0,0,0,0,"- ","- ",39.056598663330078,-121.99540710449219,COLUSA,UNINCORPORATED,-121.99394226074219,39.056671142578125
9128365,2020,2020-11-24,0601,2020-03-09,1720,8446,0601,1,5,2,0601,0,0,0,,0,00F,"BRIDGE ST","SIOC ST",0.00,,Y,A,-,Y,COL,3,20,-,-,32.435,I,5,E,N,3,0,2,3,A,-,10,21950,A,N,G,G,B,A,H,-,A,A,0,Y,Y,,,Y,,A,07,0,2,0,0,1,0,1,0,0,"- ","- ",,,COLUSA,COLUSA,-122.00438690185547,39.204208374023438
91284768,2020,2020-10-12,9155,2020-07-30,1230,018818,,4,1,9,0600,0,1,3,,2,041,SR-20,"SYCAMORE CUTOFF",0.00,,Y,A,-,Y,,,,,,,,,,Y,1,2,2,2,A,-,09,21801,A,N,A,C,A,A,H,-,A,A,0,,,,,Y,,D,22,1,0,1,0,0,0,0,0,0,"- ","- ",39.14691162109375,-122.94252777099609,COLUSA,UNINCORPORATED,-121.94255828857422,39.146038055419922
91287072,2020,2020-08-17,9155,2020-08-09,2330,021564,,7,3,9,0600,0,1,3,,2,023,SR-20,"SCHAAD RD",4224.00,W,N,A,-,Y,,,20,,,,,,,Y,3,0,1,1,A,-,01,23152,A,N,F,A,A,A,H,-,C,D,0,,,,,Y,Y,A,08,0,1,0,0,0,0,0,0,0,"- ","- ",39.151561737060547,-122.24269104003906,COLUSA,UNINCORPORATED,-122.24273681640625,39.151622772216797
91290072,2020,2020-08-21,9155,2020-05-21,2050,021152,,4,2,9,0600,0,3,5,,2,005,"MAXWELL COLUSA ROAD","TWO MILE ROAD",5280.00,E,N,A,-,N,,,,,,,,,,Y,1,1,0,1,A,-,01,23152,A,N,F,A,A,A,H,-,B,D,0,,,,,Y,Y,D,22,0,0,0,0,0,0,0,0,0,"- ","- ",39.276008605957031,-122.1348876953125,COLUSA,UNINCORPORATED,,
91290077,2020,2020-08-21,9155,2020-05-15,1540,019973,,5,2,9,0600,0,1,1,,2,051,"I-5 S/B","GREENBAY RD",989.00,N,N,A,-,Y,,,5,,,,,,S,Y,1,1,0,1,C,-,18,,,N,E,I,A,A,H,-,A,D,0,,,,,Y,,-,"- ",0,0,0,0,0,0,0,0,0,"- ","- ",38.968788146972656,-122.02770233154297,COLUSA,UNINCORPORATED,-122.027587890625,38.968826293945312
91290541,2020,2020-08-21,9155,2020-08-16,1130,017900,,7,1,9,0600,0,1,3,,2,023,"STATE HIGHWAY 20","LAKE COUNTY LINE",5880.00,E,N,B,-,Y,,,20,,,,,,,Y,4,0,1,1,A,-,08,22107,,N,F,A,A,B,H,-,A,D,0,,,,,Y,,A,01,0,0,1,0,0,0,0,0,0,"- ","- ",39.004489898681641,-122.39183044433594,COLUSA,UNINCORPORATED,-122.39179229736328,39.004432678222656
91291253,2020,2020-08-24,9155,2020-08-20,2320,021564,,4,3,9,0600,0,3,5,,2,006,"BEAR VALLEY RD","WILBUR SPRINGS RD",21120.00,N,N,A,-,N,,,,,,,,,,Y,4,0,1,1,A,-,08,22107,,N,E,I,A,A,H,-,D,D,0,,,,,Y,,A,01,0,0,1,0,0,0,0,0,0,"- ","- ",39.097480773925781,-122.41030883789062,COLUSA,UNINCORPORATED,-122.40931701660156,39.09515380859375
91291355,2020,2020-08-24,9155,2020-08-22,0320,021564,,6,3,9,0600,0,1,1,,2,051,"I-5 N/B","HUSTED RD",2112.00,N,N,A,-,Y,,,5,,,,,,N,Y,3,0,1,1,A,-,08,22107,,N,E,I,A,A,H,-,C,D,0,,,,,Y,Y,A,01,0,1,0,0,0,0,0,0,0,"- ","- ",39.137859344482422,-122.13556671142578,COLUSA,UNINCORPORATED,-122.13609313964844,39.137889862060547
91291397,2020,2020-08-24,9155,2020-08-21,1130,017900,,5,1,9,0600,0,1,3,,2,023,"STATE HIGHWAY 20","LAKE COUNTY LINE",5360.00,E,N,A,-,Y,,,20,,,,,,,Y,4,0,1,1,A,-,08,22107,,N,E,I,A,A,H,-,A,D,0,,,Y,,Y,,C,02,0,0,1,0,0,0,0,0,1,"- ","- ",39.004180908203125,-122.39286804199219,COLUSA,UNINCORPORATED,-122.39286804199219,39.004180908203125
91295080,2020,2020-08-28,9155,2020-08-20,2040,019973,,4,2,9,0600,0,3,5,,2,002,"WILDWOOD RD","TESS DR",1450.00,S,N,A,-,N,,,,,,,,,,Y,4,0,1,1,A,-,01,23152,A,N,E,I,A,A,H,-,C,D,0,,,,,Y,Y,A,07,0,0,1,0,0,0,0,0,0,"- ","- ",38.998470306396484,-122.05584716796875,COLUSA,UNINCORPORATED,-122.05620574951172,38.998523712158203
91296872,2020,2020-09-01,9155,2020-08-24,0730,015850,,1,1,9,0600,0,1,3,,1,042,SR-45,"OAK TREE LN",77.00,S,N,A,-,Y,,,45,,,,,,,Y,4,0,2,2,A,-,03,22350,,N,C,C,A,A,A,-,A,D,0,,,,,Y,,A,01,0,0,2,0,0,0,0,0,0,"- ","- ",39.2398681640625,-122.03009796142578,COLUSA,UNINCORPORATED,-122.03028106689453,39.239742279052734
91296952,2020,2020-09-01,9155,2020-08-25,1336,020744,,2,1,9,0600,0,1,1,,2,052,"I-5 N/B","MAXWELL OVERHEAD",2000.00,S,N,A,-,Y,,,5,,,,,,N,Y,4,0,1,1,A,-,08,22107,,N,F,A,A,A,H,-,A,D,0,,,,,Y,,A,01,0,0,1,0,0,0,0,0,0,"- ","- ",39.307388305664062,-122.18831634521484,COLUSA,UNINCORPORATED,-122.18799591064453,39.307586669921875
91300096,2020,2020-09-08,9155,2020-08-27,1530,015850,,4,2,9,0600,0,3,5,,2,001,"OLD HWY 99W","COUNTY LINE ROAD",300.00,N,N,A,-,N,,,,,,,,,,Y,3,0,1,2,A,-,05,21650,,N,F,A,A,A,H,-,A,D,0,,,,,Y,,-,99,0,1,0,0,0,0,0,0,0,"- ","- ",38.926010131835938,-121.99620819091797,COLUSA,UNINCORPORATED,-121.99715423583984,38.926223754882812
91300334,2020,2020-09-08,9155,2020-09-04,1700,020444,,5,2,9,0600,0,3,5,,2,006,"BEAR VALLEY RD","BRIM RD",6864.00,S,N,A,-,N,,,,,,,,,,N,2,0,1,1,A,-,03,22350,,N,F,A,A,A,H,-,A,D,0,,,Y,,Y,,C,02,1,0,0,0,0,0,0,0,1,"- ","- ",39.148391723632812,-122.43418121337891,COLUSA,UNINCORPORATED,-122.43419647216797,39.148406982421875
91301882,2020,2020-09-09,9155,2020-09-08,0015,021060,,2,3,9,0600,0,1,3,,1,042,SR-45,"FRUITVALE AVE",790.00,N,N,A,-,Y,,,45,,,,,,,Y,3,0,2,1,A,-,08,22107,,N,E,I,A,A,H,-,D,D,0,,,,,Y,,A,01,0,2,0,0,0,0,0,0,0,"- ","- ",39.229660034179688,-122.02229309082031,COLUSA,UNINCORPORATED,-122.02222442626953,39.229759216308594
91303326,2020,2020-09-11,9155,2020-09-05,2200,021152,,6,3,9,0600,0,3,5,,2,006,"SITES LADOGA ROAD","PETERSON ROAD",24816.00,N,N,A,-,N,,,,,,,,,,Y,2,0,2,1,A,-,01,23152,A,N,F,A,A,A,H,-,D,D,0,,,,,Y,Y,D,22,2,0,0,0,0,0,0,0,0,"- ","- ",39.352890014648438,-122.38894653320312,COLUSA,UNINCORPORATED,-122.39588165283203,39.354377746582031
91304046,2020,2020-09-14,9155,2020-09-06,1200,019973,,7,1,9,0600,0,3,5,,2,004,"FOREST ROUTE 17N02","FOREST ROUTE 18N07",10982.00,W,N,A,-,N,,,,,,,,,,Y,2,0,1,1,A,-,08,22107,,N,E,I,A,A,H,-,A,D,0,,,,,Y,,D,22,1,0,0,0,0,0,0,0,0,"- ","- ",39.276451110839844,-122.71678161621094,COLUSA,UNINCORPORATED,,
91312146,2020,2020-09-25,9155,2020-09-15,0852,015850,,2,1,9,0600,0,1,3,,1,042,SR-45,"REESE AVENUE",528.00,S,N,A,-,Y,,,45,,,,,,,Y,4,0,1,2,A,-,03,22350,,N,C,C,A,A,H,-,A,D,0,,,,Y,Y,,G,25,0,0,1,0,0,0,0,0,0,"- ","- ",39.256301879882812,-122.03154754638672,COLUSA,UNINCORPORATED,-122.03165435791016,39.256298065185547
91313337,2020,2020-09-28,9155,2020-09-22,2110,021564,,2,2,9,0600,0,1,1,,2,051,"I-5 S/B","HAHN RD",7920.00,N,N,A,-,Y,,,5,,,,,,S,Y,4,0,1,1,A,-,08,22107,,N,F,A,A,A,H,-,D,D,0,,,,,Y,,D,22,0,0,1,0,0,0,0,0,0,"- ","- ",39.07659912109375,-122.09622955322266,COLUSA,UNINCORPORATED,-122.09638977050781,39.076496124267578
91313383,2020,2020-09-28,9155,2020-09-21,0415,021564,,1,3,9,0600,0,1,1,,2,051,"I-5 S/B","GREENBAY RD",10560.00,N,N,A,-,Y,,,5,,,,,,S,Y,3,0,1,2,A,-,03,22350,,N,C,C,A,A,H,-,D,D,0,,,,Y,Y,,F,26,0,1,0,0,0,0,0,0,0,"- ","- ",38.976688385009766,-122.03099060058594,COLUSA,UNINCORPORATED,-122.03079223632812,38.976818084716797
91316049,2020,2020-10-01,9155,2020-09-27,1929,020482,,7,2,9,0600,0,2,4,,2,011,"OLD HWY 99W","HAHN RD",5280.00,N,N,A,-,N,,,,,,,,,,Y,4,0,1,2,A,-,08,22107,,N,F,A,A,A,H,-,A,D,0,,,,Y,Y,,G,25,0,0,1,0,0,0,0,0,0,"- ","- ",39.074390411376953,-122.05438995361328,COLUSA,UNINCORPORATED,-122.09197998046875,39.069599151611328
91317250,2020,2020-10-05,9155,2020-09-24,1500,021152,,4,2,9,0600,0,1,3,,2,023,SR-20,"SCHAAD ROAD",1584.00,W,N,A,-,Y,,,20,,,,,,,Y,2,0,1,1,A,-,01,23152,F,N,E,I,A,A,H,-,A,D,0,,,,,Y,,A,01,1,0,0,0,0,0,0,0,0,"- ","- ",39.152980804443359,-122.23526763916016,COLUSA,UNINCORPORATED,-122.23526763916016,39.152923583984375
91320474,2020,2020-10-08,9155,2020-10-07,1710,020482,,3,2,9,0600,0,1,3,,1,022,SR-20,"WILL S. GREEN RD",1056.00,W,N,A,-,Y,,,20,,,,,,,Y,4,0,1,2,A,-,03,22350,,N,C,C,A,A,H,-,A,D,0,,,,,Y,,A,07,0,0,1,0,0,0,0,0,0,"- ","- ",39.200019836425781,-122.02754974365234,COLUSA,UNINCORPORATED,-122.02758026123047,39.200088500976562
91330919,2020,2020-10-26,9155,2020-10-18,2225,021564,,7,3,9,0600,0,1,3,,2,023,SR-20,"WALNUT DR",8976.00,W,N,A,-,Y,,,20,,,,,,,Y,3,0,1,2,A,-,08,22107,,N,B,C,A,A,H,-,D,D,0,,,,,Y,Y,A,01,0,1,0,0,0,0,0,0,0,"- ","- ",39.105609893798828,-122.31742858886719,COLUSA,UNINCORPORATED,-122.31742858886719,39.105617523193359
91331455,2020,2020-10-26,9155,2020-10-24,2310,021152,,6,3,9,0600,0,1,3,,1,042,SR-45,"PACKER ROAD",7920.00,N,N,A,-,Y,,,45,,,,,,,N,4,0,1,1,A,-,08,22107,,N,E,I,A,A,H,-,D,D,0,,,,,Y,,A,01,0,0,1,0,0,0,0,0,0,"- ","- ",39.352630615234375,-122.03069305419922,COLUSA,UNINCORPORATED,-122.03072357177734,39.352645874023438
91333539,2020,2020-10-28,9155,2020-10-19,1605,019973,,1,2,9,0600,0,1,1,,2,051,"I-5 S/B","MYERS RD",5544.00,S,N,A,-,Y,,,5,,,,,,S,Y,2,0,2,2,A,-,08,22107,,N,B,C,A,D,H,-,A,D,0,,,,,Y,,A,07,1,1,0,0,0,0,0,0,0,"- ","- ",39.089881896972656,-122.10472106933594,COLUSA,UNINCORPORATED,-122.10504913330078,39.089672088623047
91338274,2020,2020-11-03,9155,2020-10-30,0400,021564,,5,3,9,0600,0,2,4,,2,011,"OLD HWY 99W","FREEWAY UNDERCROSSING RD.",0.00,,Y,A,-,N,,,,,,,,,,Y,3,0,1,2,A,-,01,23152,F,N,D,C,A,A,H,-,C,D,0,,,,,Y,,A,01,0,1,0,0,0,0,0,0,0,"- ","- ",39.024578094482422,-122.06154632568359,COLUSA,UNINCORPORATED,-122.0615234375,39.024509429931641
91342006,2020,2020-11-09,9155,2020-11-02,1120,020744,,1,1,9,0600,0,3,5,,2,004,"OLD HWY 99W","LURLINE ROAD",0.00,,Y,A,-,Y,,,,,,,,,,Y,4,0,1,2,A,-,09,21802,A,N,D,C,A,A,H,-,A,A,0,,,,,Y,,D,22,0,0,1,0,0,0,0,0,0,"- ","- ",39.218368530273438,-122.18727874755859,COLUSA,UNINCORPORATED,-122.18717956542969,39.218418121337891
91342375,2020,2020-11-09,9155,2020-10-28,1755,019973,,3,2,9,0600,0,2,4,,2,011,"OLD HWY 99W","MYERS RD",600.00,S,N,A,-,N,,,,,,,,,,Y,3,0,2,1,A,-,08,22107,,N,F,A,A,A,H,-,A,D,0,,,,,Y,,A,01,0,2,0,0,0,0,0,0,0,"- ","- ",39.100170135498047,-122.11131286621094,COLUSA,UNINCORPORATED,-122.11100006103516,39.099552154541016
91347901,2020,2020-11-18,9155,2020-11-11,0310,020482,,3,3,9,0600,0,2,4,,2,010,"LONE STAR RD","MYERS RD",4752.00,S,N,A,-,N,,,,,,,,,,Y,2,0,1,1,A,-,01,23152,F,N,E,I,A,A,H,-,A,D,0,,,,,Y,,A,07,1,0,0,0,0,0,0,0,0,"- ","- ",39.090110778808594,-122.07884216308594,COLUSA,UNINCORPORATED,-122.07884216308594,39.087871551513672
91351121,2020,2020-11-23,9155,2020-11-15,2040,019973,,7,2,9,0600,0,1,3,,2,023,SR-20,SR-16,10560.00,E,N,A,-,Y,,,20,,,,,,,Y,4,0,1,1,A,-,08,22107,,N,E,I,A,A,H,-,D,D,0,,,,,Y,,D,22,0,0,1,0,0,0,0,0,0,"- ","- ",39.036338806152344,-122.33927154541016,COLUSA,UNINCORPORATED,-122.3392333984375,39.036346435546875
91353673,2020,2020-11-25,9155,2020-11-15,0906,017900,,7,1,9,0600,0,1,1,,2,051,"I-5 N/B","HUSTED ROAD",1000.00,S,N,A,-,Y,,,,,,,,,,Y,3,0,1,2,A,-,08,22107,,N,B,C,A,A,H,-,A,D,0,,,,,Y,,A,01,0,1,0,0,0,0,0,0,0,"- ","- ",39.125911712646484,-122.129150390625,COLUSA,UNINCORPORATED,-122.13045501708984,39.127002716064453
91355865,2020,2020-12-01,9155,2020-11-21,2358,021060,,6,3,9,0600,0,2,4,,2,011,"OLD HWY 99W","MYERS RD",4224.00,S,N,A,-,Y,,,,,,,,,,N,2,0,1,2,A,-,11,21954,A,N,G,B,E,A,H,-,D,D,0,Y,,,,Y,Y,N,60,1,0,0,0,1,0,0,0,0,"- ","- ",39.090579986572266,-122.10507202148438,COLUSA,UNINCORPORATED,-122.10511779785156,39.090724945068359
91358701,2020,2020-12-03,9155,2020-11-25,0505,017900,,3,3,9,0600,0,1,1,,2,051,"INTERSTATE 5 S/B","MEYERS LN",1711.00,N,N,A,-,Y,,,5,,,,,,S,Y,3,0,1,1,A,-,08,22107,,N,F,A,A,A,H,-,D,D,0,,,,,Y,,A,01,0,1,0,0,0,0,0,0,0,"- ","- ",39.105628967285156,-122.11679840087891,COLUSA,UNINCORPORATED,-122.11692810058594,39.105602264404297
91363840,2020,2020-12-10,9155,2020-11-30,1620,020322,,1,2,9,0600,0,1,1,,2,051,"I-5 N/B","PERKINS RD",550.00,S,N,A,-,Y,,,5,,,,,,N,Y,4,0,1,1,C,-,18,,,N,E,I,A,A,H,-,A,D,0,,,,,Y,,-,"- ",0,0,1,0,0,0,0,0,0,"- ","- ",38.982761383056641,-122.03392028808594,COLUSA,UNINCORPORATED,-122.03419494628906,38.982578277587891
91363851,2020,2020-12-11,9155,2020-12-04,2110,021152,,5,2,9,0600,0,1,1,,2,051,"I-5 S/B","HUSTED RD",4752.00,S,N,A,-,Y,,,5,,,,,,S,Y,4,0,1,1,A,-,01,23152,F,N,E,I,A,A,H,-,D,D,0,,,,,Y,,D,22,0,0,1,0,0,0,0,0,0,"- ","- ",39.1160888671875,-122.12287139892578,COLUSA,UNINCORPORATED,-122.12270355224609,39.116203308105469
91366840,2020,2020-12-14,9155,2020-12-03,1715,018981,,4,2,9,0600,0,1,3,,1,042,SR-45,"MAXWELL RD",5280.00,S,N,A,-,Y,,,45,,,,,,,N,4,0,3,2,A,-,03,22350,,N,C,C,A,A,H,-,D,D,0,,,,,Y,,A,01,0,0,3,0,0,0,0,0,0,"- ","- ",39.263950347900391,-122.03323364257812,COLUSA,UNINCORPORATED,-122.03324890136719,39.263946533203125
91366866,2020,2020-12-14,9155,2020-12-04,2110,021060,,5,2,9,0600,0,3,5,,2,003,"LURLINE AVE","TWO MILE RD",10560.00,E,N,A,-,N,,,,,,,,,,Y,4,0,1,1,A,-,08,22107,,N,F,I,A,A,H,-,A,D,0,,,,,Y,,A,01,0,0,1,0,0,0,0,0,0,"- ","- ",39.218330383300781,-122.141357421875,COLUSA,UNINCORPORATED,-122.11587524414062,39.217906951904297
91367492,2020,2020-12-15,9155,2020-12-04,1515,019973,,5,2,9,0600,0,2,4,,2,011,"OLD HWY 99W","MYERS RD",0.00,,Y,A,-,N,,,,,,,,,,Y,4,0,2,2,A,-,09,21802,A,N,D,C,A,A,H,-,A,D,0,,,,,Y,,A,01,0,0,2,0,0,0,0,0,0,"- ","- ",39.101051330566406,-122.11196136474609,COLUSA,UNINCORPORATED,-122.11193084716797,39.101028442382812
91367718,2020,2020-12-15,9155,2020-12-11,0650,016445,,5,1,9,0600,0,3,5,,2,002,"HILLGATE RD","HALE AVE",2112.00,W,N,A,-,N,,,,,,,,,,Y,4,0,1,1,A,-,08,22107,,N,F,A,A,A,H,-,D,D,0,,,,,Y,,A,01,0,0,1,0,0,0,0,0,0,"- ","- ",39.0123291015625,-122.10907745361328,COLUSA,UNINCORPORATED,-122.11043548583984,39.012298583984375
91368187,2020,2020-12-16,9155,2020-12-08,0430,015850,,2,3,9,0600,0,3,5,,2,004,"LURLINE AVE","RANCH RD",422.00,W,N,A,-,N,,,,,,,,,,Y,4,0,1,1,A,-,08,22107,,N,E,I,A,A,H,-,D,D,0,,,,,Y,,D,22,0,0,1,0,0,0,0,0,0,"- ","- ",39.217208862304688,-122.04798889160156,COLUSA,UNINCORPORATED,-122.03717041015625,39.217151641845703
91369556,2020,2020-12-22,9155,2020-09-04,2500,020322,,5,4,9,0600,0,1,1,,2,052,"I-5 S/B","LENAHAN RD",3097.00,S,N,A,-,Y,,,5,,,,,,S,Y,1,2,0,1,A,-,01,23152,F,N,E,I,A,A,H,-,D,D,0,,,Y,,Y,,C,02,0,0,0,0,0,0,0,2,0,"- ","- ",39.326011657714844,-122.19493103027344,COLUSA,UNINCORPORATED,-122.19489288330078,39.326011657714844
91372004,2019,2021-02-03,9155,2019-12-29,0340,021060,,7,3,9,0600,0,1,1,,2,052,"I-5 S/B","MAXWELL RD",4488.00,N,N,A,-,Y,,,5,,,,,,S,Y,1,1,0,2,A,-,16,24002,A,N,C,C,A,A,H,-,D,D,0,,,,Y,Y,,G,25,0,0,0,0,0,0,0,0,0,"- ","- ",39.288791656494141,-122.18454742431641,COLUSA,UNINCORPORATED,-122.18451690673828,39.288795471191406
91372427,2020,2020-12-21,9155,2020-12-11,0940,015850,,5,1,9,0600,0,3,5,,2,006,"SITES-LODOGA RD.","RAIL CANYON RD",7920.00,E,N,B,-,N,,,,,,,,,,N,4,0,1,2,A,-,08,22107,,N,B,C,A,A,H,-,A,D,0,,,,Y,Y,,E,22,0,0,1,0,0,0,0,0,0,"- ","- ",39.356498718261719,-122.42167663574219,COLUSA,UNINCORPORATED,-122.43483734130859,39.360149383544922
91372517,2020,2020-12-21,9155,2020-12-13,1120,017900,,7,1,9,0600,0,1,3,,2,023,"STATE ROUTE 20","LAKE COUNTY LINE",4060.00,W,N,B,-,Y,,,20,,,,,,,Y,3,0,3,1,A,-,08,22107,,N,E,I,A,B,H,-,A,D,0,,,,,Y,,A,07,0,3,0,0,0,0,0,0,0,"- ","- ",39.006851196289062,-122.39729309082031,COLUSA,UNINCORPORATED,-122.39727783203125,39.006866455078125
91373240,2020,2020-12-22,9155,2020-09-09,0525,021343,,3,3,9,0600,0,1,1,,2,052,"I-5 SOUTHBOUND","SR-20 OVERCROSSING",895.00,N,N,A,-,Y,,,,,,,,,,N,1,1,0,2,A,-,11,21954,A,N,G,B,E,A,H,-,C,D,0,Y,,,,Y,,N,60,0,0,0,1,0,0,0,0,0,"- ","- ",39.169010162353516,-122.15160369873047,COLUSA,UNINCORPORATED,-122.15146636962891,39.168838500976562
91373444,2020,2020-12-22,9155,2020-12-10,1315,017141,,4,1,9,0600,0,3,5,,2,006,"BARTLETT SPRINGS RD","BRIM RD",10560.00,S,N,A,-,N,,,,,,,,,,N,2,0,1,1,A,-,03,22350,,N,F,A,A,A,B,-,A,D,0,,,Y,,Y,,C,02,1,0,0,0,0,0,0,0,1,"- ","- ",39.13983154296875,-122.48538208007812,COLUSA,UNINCORPORATED,-122.485382,39.139831999999998
91375759,2020,2020-12-28,9155,2020-12-25,1835,020322,,5,2,9,0600,0,2,4,,2,010,"LONE STAR RD","ABEL RD",6336.00,S,N,B,-,Y,,,,,,,,,,Y,3,0,3,1,A,-,08,22107,,N,F,A,A,A,H,-,D,D,0,,,,,Y,,A,01,0,3,0,0,0,0,0,0,0,"- ","- ",39.129570007324219,-122.07862091064453,COLUSA,UNINCORPORATED,-122.07863616943359,39.127574920654297
91378956,2020,2020-12-31,9155,2020-12-21,1040,015850,,1,1,9,0600,0,1,3,,1,042,SR-45,"PARADISE ROAD",1056.00,N,N,E,-,Y,,,,,,,,,,Y,2,0,1,3,A,-,06,21751,,N,C,C,A,A,H,-,A,D,0,,,,Y,Y,,A,01,1,0,0,0,0,0,0,0,0,"- ","- ",,,COLUSA,UNINCORPORATED,-122.01315307617188,39.394668579101562
91379696,2020,2021-01-04,9155,2020-12-23,1215,017900,,3,1,9,0600,0,3,5,,2,001,"5TH STREET","HALL STREET",0.00,,Y,A,-,N,,,,,,,,,,Y,4,0,1,2,A,-,09,21802,A,N,D,C,A,A,H,-,A,A,0,,,,,Y,,A,01,0,0,1,0,0,0,0,0,0,"- ","- ",39.017459869384766,-122.05748748779297,COLUSA,UNINCORPORATED,-122.05744171142578,39.017429351806641
91379791,2021,2021-01-04,9155,2021-01-02,0600,019973,,6,1,9,0600,0,1,3,,2,023,SR-20,SR-16,8976.00,E,N,C,E,Y,,,20,,,,,,,Y,3,0,1,1,A,-,08,22107,,N,E,I,A,B,H,-,D,D,0,,,,,Y,,D,22,0,1,0,0,0,0,0,0,0,"- ","- ",39.030040740966797,-122.33905029296875,COLUSA,UNINCORPORATED,-122.33907318115234,39.030055999755859
91379892,2021,2021-01-04,9155,2021-01-02,0900,017062,,6,1,9,0600,0,1,1,,2,051,"I-5 N/B","CORTINA CREEK",528.00,N,N,B,-,Y,,,5,,,,,,N,Y,3,0,2,1,A,-,08,22107,,N,E,I,A,B,H,-,A,D,0,,,,,Y,,A,01,0,1,1,0,0,0,0,0,0,"- ","- ",39.088180541992188,-122.10340118408203,COLUSA,UNINCORPORATED,-122.10360717773438,39.088047027587891
91382640,2020,2021-01-06,9155,2020-12-30,1725,018981,,3,2,9,0600,0,1,1,,2,052,"I-5 N/B","LENAHAN RD",407.00,S,N,C,-,Y,,,5,,,,,,N,Y,3,0,1,1,A,-,08,22107,,N,B,I,A,B,H,-,D,D,0,,,,,Y,,A,01,0,1,0,0,0,0,0,0,0,"- ","- ",39.333408355712891,-122.19455718994141,COLUSA,UNINCORPORATED,-122.19464874267578,39.333408355712891
91384068,2021,2021-01-08,9155,2021-01-01,0020,021152,,5,3,9,0600,0,3,5,,2,005,"MAXWELL COLUSA ROAD","HOLLOWAY ROAD",2112.00,W,N,B,-,N,,,,,,,,,,Y,2,0,1,1,A,-,08,22107,,N,E,I,A,A,H,-,D,D,0,,,,,Y,,A,01,1,0,0,0,0,0,0,0,0,"- ","- ",39.275470733642578,-122.07875823974609,COLUSA,UNINCORPORATED,,
91389723,2021,2021-01-18,9155,2021-01-14,2100,021060,,4,2,9,0600,0,3,5,,2,001,"GRIMES-ARBUCKLE RD","SUTTER VINEYARDS RD",1056.00,W,N,A,-,N,,,,,,,,,,Y,3,0,1,1,A,-,08,22107,,N,E,J,A,A,H,-,D,D,0,,,,,Y,Y,A,08,0,1,0,0,0,0,0,0,0,"- ","- ",39.012828826904297,-122.03072357177734,COLUSA,UNINCORPORATED,-122.02968597412109,39.012905120849609
91392613,2021,2021-01-22,9155,2021-01-16,0345,020322,,6,3,9,0600,0,2,4,,2,011,"OLD HWY 99W","HAHN RD",7603.00,N,N,A,-,Y,,,,,,,,,,Y,3,0,1,1,A,-,08,22107,,N,E,I,A,A,H,-,D,D,0,,,,,Y,,A,01,0,1,0,0,0,0,0,0,0,"- ","- ",39.076000213623047,-122.09532928466797,COLUSA,UNINCORPORATED,,
91394330,2021,2021-02-01,9155,2021-01-24,0010,021564,,7,3,9,0600,0,1,3,,2,041,SR-45,"SYCAMORE SLOUGH",500.00,S,N,A,-,Y,,,,,,,,,,Y,3,0,2,1,A,-,08,22107,,N,E,I,A,A,H,-,D,D,0,,,,,Y,,A,01,0,1,1,0,0,0,0,0,0,"- ","- ",39.135971069335938,-122.94368743896484,COLUSA,UNINCORPORATED,-121.94009399414062,39.132247924804688
91395743,2021,2021-01-28,9155,2021-01-26,1430,020322,,2,2,9,0600,0,3,5,,2,001,"WESCOTT RD","ASHLEY DR",6864.00,S,N,B,-,Y,,,,,,,,,,Y,3,0,1,1,A,-,08,22107,,N,F,A,A,A,H,-,A,D,0,,,,,Y,,A,01,0,1,0,0,0,0,0,0,0,"- ","- ",39.174091339111328,-122.01869201660156,COLUSA,UNINCORPORATED,-122.01688385009766,39.174083709716797
91399484,2021,2021-02-01,9155,2021-01-24,2110,021564,,7,2,9,0600,0,2,4,,2,010,"LONE STAR RD","ABEL RD",975.00,S,N,B,-,N,,,,,,,,,,Y,4,0,1,1,A,-,08,22107,,N,E,I,A,B,H,-,D,D,0,,,,,Y,,A,01,0,0,1,0,0,0,0,0,0,"- ","- ",39.142410278320312,-122.07861328125,COLUSA,UNINCORPORATED,-122.07858276367188,39.142303466796875
91402547,2021,2021-02-04,9155,2021-02-03,0545,017062,,3,3,9,0600,0,3,5,,2,004,"MAXWELL RD.","FOUR MILE RD.",4752.00,E,N,B,-,N,,,,,,,,,,Y,4,0,1,1,A,-,08,22107,,N,E,I,A,A,H,-,D,D,0,,,,,Y,,A,01,0,0,1,0,0,0,0,0,0,"- ","- ",39.275398254394531,-122.10006713867188,COLUSA,UNINCORPORATED,-122.09968566894531,39.275436401367188
91412647,2021,2021-02-22,9155,2021-02-17,2055,021152,,3,2,2,0601,0,1,1,,2,051,"I-5 S/B","COLLEGE CITY RD",1056.00,S,N,A,-,Y,,,,,,,,,,Y,4,0,1,1,A,-,01,23152,A,M,E,J,A,A,D,H,D,D,0,,,,,Y,Y,A,01,0,0,1,0,0,0,0,0,0,"- ","- ",39.013519287109375,-122.05600738525391,COLUSA,COLUSA,-122.00948333740234,39.007820129394531
91414296,2021,2021-02-24,9155,2021-02-19,1906,020444,,5,2,9,0600,0,3,5,,2,004,"RIVER RD","GRIDLEY RD",5808.00,S,N,A,-,N,,,,,,,,,,Y,3,0,2,1,A,-,08,22107,,N,F,A,A,A,H,-,D,D,0,,,,,Y,,A,01,0,2,0,0,0,0,0,0,0,"- ","- ",39.338321685791016,-122.01722717285156,COLUSA,UNINCORPORATED,-122.01721954345703,39.338527679443359
91415464,2021,2021-02-25,9155,2021-02-18,2100,021564,,4,2,9,0600,0,3,5,,2,002,"WILDWOOD RD","WAGNER AVE",35.00,E,N,A,-,N,,,,,,,,,,Y,3,0,2,1,A,-,01,23152,A,N,E,I,A,A,H,-,D,D,0,,,,,Y,Y,D,22,0,2,0,0,0,0,0,0,0,"- ","- ",38.998451232910156,-122.06069946289062,COLUSA,UNINCORPORATED,-122.06061553955078,38.998432159423828
91418419,2021,2021-03-01,9155,2021-02-22,0340,021564,,1,3,9,0600,0,2,4,,2,010,"LONE STAR RD","ABEL RD",5280.00,S,N,A,-,N,,,,,,,,,,Y,3,0,2,1,A,-,08,22107,,N,E,I,A,A,H,-,D,D,0,,,,,Y,,A,01,0,1,1,0,0,0,0,0,0,"- ","- ",39.130500793457031,-122.07871246337891,COLUSA,UNINCORPORATED,-122.07865142822266,39.130485534667969
91418424,2021,2021-03-01,9155,2021-03-01,0855,017062,,1,1,9,0600,0,1,3,,1,042,"SR-45 S/B","NEVA AVE.",42.00,S,N,A,-,Y,,,45,,,,,,S,Y,2,0,1,1,A,-,08,22107,,N,E,I,A,A,H,-,A,D,0,,,Y,,Y,,C,02,1,0,0,0,0,0,0,0,1,"- ","- ",39.220508575439453,-122.01918029785156,COLUSA,UNINCORPORATED,-122.01913452148438,39.220531463623047
91422883,2021,2021-03-08,9155,2021-03-02,2230,021060,,2,3,9,0600,0,3,5,,2,001,"OLD HWY 99W","HARRINGTON AVE",1259.00,S,N,A,-,N,,,,,,,,,,Y,3,0,1,1,A,-,08,22107,,N,E,I,A,A,H,-,D,D,0,,,,,Y,,A,07,0,1,0,0,0,0,0,0,0,"- ","- ",38.951770782470703,-122.01371765136719,COLUSA,UNINCORPORATED,-122.07931518554688,38.947673797607422
91422899,2021,2021-03-08,9155,2021-03-05,0615,017900,,5,1,9,0600,0,1,1,,2,051,"INTERSTATE 5 N/B","OLD HWY 99W",256.00,S,N,A,-,Y,,,5,,,,,,N,Y,3,0,2,1,A,-,08,22107,,N,E,I,A,A,H,-,B,D,0,,,,,Y,,A,01,0,1,1,0,0,0,0,0,0,"- ","- ",39.136329650878906,-122.13617706298828,COLUSA,UNINCORPORATED,-122.13610076904297,39.136337280273438
91425132,2021,2021-03-11,9155,2021-03-04,1424,017062,,4,2,2,0602,0,2,S,,2,901,"E' STREET",I-5,332.00,E,N,A,-,N,,,,,,,,,,N,4,0,1,2,A,-,03,22350,,N,C,E,A,A,H,-,A,A,0,,,,,Y,,A,01,0,0,1,0,0,0,0,0,0,"- ","- ",39.157428741455078,-122.14276123046875,COLUSA,WILLIAMS,-122.14593505859375,39.156101226806641
91427259,2021,2021-03-15,9155,2021-03-05,0915,017900,,5,1,9,0600,0,2,4,,2,011,"OLD HWY 99W","HAHN RD",0.00,,Y,A,-,N,,,,,,,,,,Y,4,0,1,2,A,-,12,22450,A,N,D,C,A,A,H,-,A,A,0,,,,,Y,,D,22,0,0,1,0,0,0,0,0,0,"- ","- ",39.056888580322266,-122.08312225341797,COLUSA,UNINCORPORATED,-122.083096,39.056887000000003
91427294,2021,2021-03-15,9155,2021-03-07,0915,017900,,7,1,9,0600,0,1,1,,2,051,"I-5 S/B","COUNTY LINE ROAD",3477.00,N,N,A,-,Y,,,5,,,,,,S,Y,2,0,1,1,A,-,08,22107,,N,E,I,A,A,H,-,A,D,0,,,,,Y,,A,01,1,0,0,0,0,0,0,0,0,"- ","- ",38.934638977050781,-122.00341033935547,COLUSA,UNINCORPORATED,-122.00337219238281,38.934654235839844
91435404,2021,2021-03-25,9155,2021-03-18,0125,020482,,4,3,9,0600,0,3,5,,2,004,"WILSON AVE","MCCOY RD",0.00,,Y,B,-,N,,,,,,,,,,Y,4,0,1,1,A,-,01,23152,A,M,E,I,A,A,H,-,D,D,0,,,,,Y,Y,A,01,0,0,1,0,0,0,0,0,0,"- ","- ",39.123561859130859,-122.02127075195312,COLUSA,UNINCORPORATED,-122.03663635253906,39.209884643554688
91438201,2021,2021-03-29,9155,2021-03-21,2048,020444,,7,2,9,0600,0,1,1,,2,051,"I-5 N/B","COUNTY LINE RD",5280.00,N,N,A,-,Y,,,5,,,,,,N,Y,3,0,1,3,A,-,07,21658,A,N,F,C,A,A,H,-,D,A,0,,,,Y,Y,,A,01,0,1,0,0,0,0,0,0,0,"- ","- ",38.939300537109375,-122.00579833984375,COLUSA,UNINCORPORATED,-122.00575256347656,38.9393310546875
91438296,2021,2021-03-29,9155,2021-03-22,0845,017062,,1,1,9,0600,0,1,1,,2,052,"I-5 N/B","MAXWELL RD.",5280.00,S,N,A,-,Y,,,5,,,,,,N,Y,4,0,1,1,A,-,01,23152,F,N,E,I,A,A,H,-,A,D,0,,,,,Y,,A,07,0,0,1,0,0,0,0,0,0,"- ","- ",39.262519836425781,-122.18209838867188,COLUSA,UNINCORPORATED,-122.18211364746094,39.262519836425781
91438659,2021,2021-03-29,9155,2021-03-22,0225,021152,,1,3,9,0600,0,1,3,,1,021,SR-20,"SYCAMORE CUTOFF ROAD",1584.00,E,N,A,-,Y,,,20,,,,,,,Y,3,0,1,2,A,-,01,23152,A,N,B,C,A,A,H,-,D,D,0,,,,Y,Y,Y,A,07,0,1,0,0,0,0,0,0,0,"- ","- ",39.146080017089844,-121.93644714355469,COLUSA,UNINCORPORATED,-121.93644714355469,39.146022796630859
91438738,2021,2021-03-29,9155,2021-03-26,1510,020322,,5,2,9,0600,0,1,3,,2,023,SR-20,"WALNUT DR",950.00,W,N,A,-,Y,,,20,,,,,,,Y,3,0,1,1,A,-,08,22107,,N,F,A,A,A,H,-,A,D,0,,,Y,,Y,Y,C,02,0,1,0,0,0,0,0,0,1,"- ","- ",39.117271423339844,-122.29463195800781,COLUSA,UNINCORPORATED,-122.29478454589844,39.117450714111328
91439479,2021,2021-03-30,9155,2021-03-14,0030,021564,,7,3,9,0600,0,2,4,,2,011,"OLD HWY 99W","HAHN RD",0.41,S,N,A,-,N,,,,,,,,,,Y,3,0,1,1,A,-,08,22107,,M,E,I,A,A,H,-,D,D,0,,,,,Y,,A,07,0,1,0,0,0,0,0,0,0,"- ","- ",39.051429748535156,-122.07958984375,COLUSA,UNINCORPORATED,-122.083068,39.056885999999999
91440754,2021,2021-04-01,9155,2021-03-23,1640,018981,,2,2,9,0600,0,1,1,,2,052,"I-5 N/B","LENAHAN RD",2000.00,S,N,A,-,Y,,,5,,,,,,N,Y,2,0,1,1,A,-,08,22107,,N,E,I,A,A,H,-,A,D,0,,,,,Y,,A,01,1,0,0,0,0,0,0,0,0,"- ","- ",39.328750610351562,-122.19463348388672,COLUSA,UNINCORPORATED,-122.19458770751953,39.328750610351562
91443459,2021,2021-04-05,9155,2021-03-26,1340,020744,,5,1,9,0600,0,3,5,,2,005,"OLD HWY 99W","FINKS RD",0.00,,Y,A,-,Y,,,,,,,,,,Y,4,0,1,2,A,-,09,21801,A,N,A,C,A,A,H,-,A,D,0,,,,,Y,,E,23,0,0,1,0,0,0,0,0,0,"- ","- ",39.261859893798828,-122.19139099121094,COLUSA,UNINCORPORATED,,
91443812,2021,2021-04-06,9155,2021-04-04,1415,020444,,7,2,9,0600,0,1,3,,2,023,SR-20,"SCHAAD RD",4224.00,N,N,A,-,Y,,,20,,,,,,,Y,3,0,1,1,A,-,08,22107,,N,E,I,A,A,H,-,A,A,0,,,,,Y,,A,01,0,1,0,0,0,0,0,0,0,"- ","- ",39.152851104736328,-122.24072265625,COLUSA,UNINCORPORATED,-122.24069976806641,39.152778625488281
91448170,2021,2021-04-12,9155,2021-04-07,1720,021152,,3,2,9,0600,0,1,3,,1,042,SR-45,"BROWN RD",0.00,,Y,A,-,Y,,,45,,,,,,,Y,3,0,1,2,A,-,03,22350,,N,D,C,A,A,H,-,A,D,0,,,,,Y,,A,01,0,1,0,0,0,0,0,0,0,"- ","- ",39.231868743896484,-122.02474975585938,COLUSA,UNINCORPORATED,-122.02473449707031,39.231880187988281
91449218,2021,2021-04-13,9155,2021-04-06,1820,020322,,2,2,9,0600,0,1,3,,2,023,SR-20,"20 COL 1.75",181.00,E,N,A,-,Y,,,20,,,,,,,Y,2,0,2,2,A,-,08,22107,,N,B,C,A,A,H,-,A,D,0,,,,,Y,,A,01,2,0,0,0,0,0,0,0,0,"- ","- ",39.013179779052734,-122.38832855224609,COLUSA,UNINCORPORATED,-122.38832092285156,39.013156890869141
91449242,2021,2021-04-13,9155,2021-04-06,1830,018981,,2,2,9,0600,0,3,5,,2,001,"CORTINA SCHOOL RD","HAHN RD",5600.00,N,N,A,-,N,,,,,,,,,,Y,2,0,1,1,A,-,08,22107,,N,E,I,A,A,H,-,A,D,0,,,,,Y,,A,08,1,0,0,0,0,0,0,0,0,"- ","- ",39.072151184082031,-122.14243316650391,COLUSA,UNINCORPORATED,-122.1424560546875,39.072101593017578
91450513,2021,2021-04-14,9155,2021-04-07,0900,020744,,3,1,9,0600,0,3,5,,2,004,"LURLINE AVE",SR-45,14.00,W,N,A,-,N,,,,,,,,,,N,4,0,1,2,A,-,03,22350,,N,C,C,A,A,H,-,A,A,0,,,,,Y,Y,-,99,0,0,1,0,0,0,0,0,0,"- ","- ",39.217079162597656,-122.018798828125,COLUSA,UNINCORPORATED,-122.01861572265625,39.217071533203125
91454244,2021,2021-04-20,9155,2021-04-09,1515,021343,,5,2,9,0600,0,3,5,,2,001,"GRIMES-ARBUCKLE RD","BAILEY RD",2640.00,N,N,A,-,N,,,,,,,,,,Y,3,0,1,1,A,-,08,22107,,N,E,I,A,A,H,-,A,D,0,,,,,Y,,D,22,0,1,0,0,0,0,0,0,0,"- ","- ",39.031421661376953,-122.01595306396484,COLUSA,UNINCORPORATED,-122.01567840576172,39.034683227539062
91456358,2021,2021-05-27,9155,2021-04-14,1205,019973,,3,1,9,0600,0,1,3,,2,023,SR-20,"KING RD",2600.00,E,N,A,-,Y,,,20,,,,,,,Y,4,0,1,1,A,-,08,22107,,N,E,J,A,A,H,-,A,D,0,,,,,Y,,A,07,0,0,1,0,0,0,0,0,0,"- ","- ",39.148830413818359,-122.24774932861328,COLUSA,UNINCORPORATED,-122.24774932861328,39.148891448974609
91458316,2021,2021-05-27,9155,2021-04-14,2245,021564,,3,3,9,0600,0,3,5,,2,006,"FOREST RTE 17N15","FOREST ROUTE 18N07",1056.00,E,N,A,-,N,,,,,,,,,,N,2,0,2,1,A,-,01,23152,A,N,F,A,A,A,H,-,D,D,0,,,Y,,Y,Y,C,06,1,1,0,0,0,0,0,0,2,"- ","- ",39.337360382080078,-122.63783264160156,COLUSA,UNINCORPORATED,,
91463528,2021,2021-05-27,9155,2021-04-19,0025,021564,,1,3,9,0600,0,3,5,,2,001,"WARE ROAD","OLD HIGHWAY 99W",15.00,E,N,A,-,N,,,,,,,,,,Y,3,0,1,1,A,-,01,23152,A,M,E,I,A,A,H,-,C,D,0,,,,,Y,Y,A,01,0,1,0,0,0,0,0,0,0,"- ","- ",39.115699768066406,-122.12140655517578,COLUSA,UNINCORPORATED,,
91465050,2021,2021-05-27,9155,2021-04-20,2230,021343,,2,3,9,0600,0,1,1,,2,052,"I-5 S/B","LURLINE ROAD OVER CROSSING",6336.00,S,N,A,-,Y,,,5,,,,,,S,Y,4,0,1,1,A,-,08,22107,,N,E,I,A,A,H,-,C,D,0,,,,,Y,,A,01,0,0,1,0,0,0,0,0,0,"- ","- ",39.200851440429688,-122.17594146728516,COLUSA,UNINCORPORATED,-122.17583465576172,39.200904846191406
91465745,2021,2021-05-27,9155,2021-04-23,1815,021343,,5,2,9,0600,0,1,3,,2,023,SR-20,"WALNUT DRIVE",7920.00,W,N,A,-,Y,,,20,,,,,,,Y,3,0,1,1,A,-,01,23152,A,N,E,I,A,A,H,-,A,D,0,,,,,Y,Y,E,22,0,1,0,0,0,0,0,0,0,"- ","- ",39.105010986328125,-122.32353973388672,COLUSA,UNINCORPORATED,-122.32354736328125,39.105030059814453
91466575,2021,2021-05-27,9155,2021-04-24,2115,021564,,6,2,9,0600,0,1,3,,2,041,SR-45,"WILSON BEND RD",2640.00,N,N,A,-,Y,,,45,,,,,,,N,4,0,1,1,A,-,08,22107,,N,E,I,A,A,H,-,D,D,0,,,,,Y,,A,07,0,0,1,0,0,0,0,0,0,"- ","- ",39.049190521240234,-121.86876678466797,COLUSA,UNINCORPORATED,-121.86883544921875,39.049190521240234
91466576,2021,2021-05-27,9155,2021-04-25,1215,019973,,7,1,9,0600,0,3,5,,2,002,"CORTINA SCHOOL RD","SAND CREEK RD",250.00,S,N,B,-,N,,,,,,,,,,N,2,0,2,2,A,-,08,22107,,N,B,C,A,A,H,-,A,D,0,,,Y,,Y,,C,06,2,0,0,0,0,0,0,0,2,"- ","- ",39.017208099365234,-122.14318084716797,COLUSA,UNINCORPORATED,-122.14317321777344,39.017505645751953
91469305,2021,2021-05-27,9155,2021-05-02,2200,021343,,7,3,9,0600,0,1,3,,1,016,SR-16,"COL MPM 2.43",400.00,N,N,A,-,Y,,,16,,,,,,,Y,2,0,1,1,A,-,01,23152,A,N,E,I,A,A,H,-,D,D,0,,,,,Y,Y,A,08,1,0,0,0,0,0,0,0,0,"- ","- ",38.981830596923828,-122.34890747070312,COLUSA,UNINCORPORATED,-122.34889984130859,38.981845855712891
91474955,2021,2021-05-27,9155,2021-04-27,1537,017900,,2,2,9,0600,0,1,3,,2,023,SR-20,"STATE HIGHWAY 16",18322.00,E,N,A,-,Y,,,20,,,,,,,Y,1,1,2,3,A,-,01,23152,A,N,B,C,A,A,H,-,A,D,0,,,,,Y,Y,A,07,2,0,0,0,0,0,0,0,0,"- ","- ",39.055431365966797,-122.34384918212891,COLUSA,UNINCORPORATED,-122.3438720703125,39.055416107177734
91475245,2021,2021-05-27,9155,2021-05-08,1100,019973,,6,1,9,0600,0,3,5,,2,004,"FOREST ROUTE 17N05","LODOGA-STONYFORD RD.",0.00,,N,A,-,N,,,,,,,,,,N,2,0,1,1,A,-,08,22107,,N,F,A,A,A,H,-,A,D,0,,,Y,,Y,,C,06,1,0,0,0,0,0,0,0,1,"- ","- ",39.311798095703125,-122.60356903076172,COLUSA,UNINCORPORATED,-122.60363700000001,39.311695
91475365,2021,2021-05-27,9155,2021-05-08,1540,021564,,6,2,9,0600,0,3,5,,2,001,"SYCAMORE SLOUGH RD","SACHREITER RD",0.00,,Y,A,-,N,,,,,,,,,,Y,3,0,3,2,A,-,12,22450,A,N,D,C,A,A,H,-,A,D,0,,,,,Y,,D,22,0,1,2,0,0,0,0,0,0,"- ","- ",39.089420318603516,-121.99244689941406,COLUSA,UNINCORPORATED,-121.99244689941406,39.089458465576172
91478753,2021,2021-05-27,9155,2021-05-11,2050,021564,,2,2,9,0600,0,1,3,,2,023,SR-20,"SCHAAD RD",3696.00,W,N,A,-,Y,,,20,,,,,,,Y,3,0,1,1,A,-,01,23152,A,N,E,8,A,A,H,-,D,D,0,,,,,Y,Y,D,22,0,1,0,0,0,0,0,0,0,"- ","- ",39.152839660644531,-122.24092102050781,COLUSA,UNINCORPORATED,-122.24088287353516,39.152721405029297
91480742,2021,2021-05-27,9155,2021-05-14,2313,021152,,5,3,9,0600,0,3,5,,2,001,"OLD HWY 99W","GRIMES-ARBUCC RD",112.00,N,N,A,-,N,,,,,,,,,,Y,4,0,1,2,A,-,01,23152,A,M,A,C,A,A,H,-,C,D,0,,,,,Y,Y,A,01,0,0,1,0,0,0,0,0,0,"- ","- ",39.013031005859375,-122.05400848388672,COLUSA,UNINCORPORATED,,
91481753,2021,2021-05-27,9155,2021-05-16,1035,017900,,7,1,9,0600,0,1,1,,2,051,"INTERSTATE 5 SOUTHBOUND","HILLGATE RD",840.00,S,N,A,-,Y,,,5,,,,,,S,Y,3,0,1,1,A,-,08,22107,,N,F,A,A,A,H,-,A,D,0,,,,,Y,,E,22,0,1,0,0,0,0,0,0,0,"- ","- ",39.011379241943359,-122.05368041992188,COLUSA,UNINCORPORATED,-122.0535888671875,39.011432647705078
91482512,2021,2021-06-03,9155,2021-05-20,1035,019973,,4,1,9,0600,0,3,5,,2,001,"5TH ST","HALL ST",100.00,S,N,A,-,N,,,,,,,,,,N,4,0,1,2,A,-,08,22107,,N,D,C,A,A,H,-,A,D,0,,,,,Y,,D,22,0,0,1,0,0,0,0,0,0,"- ","- ",39.017230987548828,-122.05726623535156,COLUSA,UNINCORPORATED,-122.05727386474609,39.017185211181641
91486885,2021,2021-06-01,9155,2021-05-22,2105,021343,,6,2,9,0600,0,1,3,,1,021,SR-20,"NIAGARA AVE",7920.00,E,N,A,-,Y,,,20,,,,,,,Y,3,0,1,2,A,-,01,23152,F,M,B,C,A,A,H,-,C,D,0,,,,,Y,,A,01,0,1,0,0,0,0,0,0,0,"- ","- ",39.156681060791016,-121.97305297851562,COLUSA,UNINCORPORATED,-121.97300720214844,39.156723022460938
91487483,2021,2021-06-02,9155,2021-05-22,2110,021343,,6,2,9,0600,0,1,3,,1,021,SR-20,"NIAGARA AVE",6336.00,E,N,A,-,Y,,,20,,,,,,,Y,2,0,4,2,A,-,01,23152,F,N,B,C,A,A,H,-,C,D,0,,,,,Y,,A,01,1,2,1,0,0,0,0,0,0,"- ","- ",39.158290863037109,-121.97447967529297,COLUSA,UNINCORPORATED,-121.97443389892578,39.1583251953125
91491692,2021,2021-06-08,9160,2021-05-27,1715,015118,,4,2,9,0600,0,2,S,,2,904,"FOREST ROUTE 18N03","FOUTS SPRINGS ROAD",12144.00,N,N,A,-,N,,,,,,,,,,Y,2,0,1,1,B,-,22,,,N,F,A,A,A,H,-,A,D,0,,,Y,,Y,,C,06,1,0,0,0,0,0,0,0,1,"- ","- ",39.379989624023438,-122.64869689941406,COLUSA,UNINCORPORATED,-122.63747406005859,39.403209686279297
91491808,2021,2021-06-08,9155,2021-05-27,1714,015118,,4,2,9,0600,0,3,5,,2,006,"FOREST ROUTE 18N03","FOUTS SPRINGS RD.",12144.00,N,N,A,-,N,,,,,,,,,,Y,3,0,1,1,B,-,22,,,N,F,A,A,A,H,-,A,D,0,,,Y,,Y,,C,02,0,1,0,0,0,0,0,0,1,"- ","- ",39.379989624023438,-122.64869689941406,COLUSA,UNINCORPORATED,-122.63747406005859,39.403209686279297
91494422,2021,2021-06-10,9155,2021-05-30,1933,018981,,7,2,9,0600,0,1,1,,2,051,"I-5 S/B","MYERS RD",2300.00,S,N,A,-,Y,,,5,,,,,,S,Y,3,0,1,1,A,-,08,22107,,N,F,A,A,A,H,-,A,D,0,,,,,Y,,A,01,0,1,0,0,0,0,0,0,0,"- ","- ",39.095901489257812,-122.10968780517578,COLUSA,UNINCORPORATED,-122.10971832275391,39.095867156982422
91494430,2021,2021-06-10,9155,2021-05-30,2150,021343,,7,2,9,0600,0,3,5,,2,001,"WILSON BEND ROAD","FRUCHTENICHT ROAD",7920.00,E,N,A,-,N,,,,,,,,,,Y,3,0,1,1,A,-,08,22107,,M,F,A,A,A,H,-,D,D,0,,,,,Y,,D,22,0,1,0,0,0,0,0,0,0,"- ","- ",39.031959533691406,-121.83141326904297,COLUSA,UNINCORPORATED,-121.83094024658203,39.031723022460938
91494524,2021,2021-06-10,9155,2021-06-04,1300,017062,,5,1,9,0600,0,1,1,,2,052,"I-5 S/B","MAXWELL RD.",500.00,S,N,A,-,Y,,,5,,,,,,S,Y,3,0,1,1,A,-,08,22107,,N,F,A,A,A,H,-,A,A,0,,,,,Y,,A,01,0,1,0,0,0,0,0,0,0,"- ","- ",39.274799346923828,-122.18267059326172,COLUSA,UNINCORPORATED,-122.18258666992188,39.274799346923828
91494699,2021,2021-06-11,9155,2021-06-05,1525,020482,,6,2,9,0600,0,1,3,,2,023,SR20,SR16,10560.00,E,N,A,-,Y,,,20,,,,,,,Y,3,0,2,1,A,-,08,22107,,N,F,A,A,A,H,-,A,D,0,,,,,Y,,E,22,0,2,0,0,0,0,0,0,0,"- ","- ",39.035770416259766,-122.33901977539062,COLUSA,UNINCORPORATED,-122.33910369873047,39.035751342773438
91505183,2021,2021-06-24,9155,2021-06-17,1020,017062,,4,1,9,0600,0,3,5,,2,004,"LENAHAN RD","2 MILE RD",54.00,W,N,A,-,N,,,,,,,,,,Y,2,0,1,1,A,-,08,22107,,N,E,I,A,A,H,-,A,A,0,,,,,Y,,A,07,1,0,0,0,0,0,0,0,0,"- ","- ",39.334480285644531,-122.15435028076172,COLUSA,UNINCORPORATED,-122.15457916259766,39.334541320800781
91513956,2021,2021-07-06,9155,2021-06-24,1453,020444,,4,2,9,0600,0,1,3,,1,022,"STATE ROUTE 20","LONE STAR RD",4224.00,W,N,A,-,Y,,,20,,,,,,,Y,2,0,1,1,A,-,08,22107,,N,F,A,A,A,H,-,A,A,0,,,Y,,Y,Y,C,02,1,0,0,0,0,0,0,0,1,"- ","- ",39.195110321044922,-122.09335327148438,COLUSA,UNINCORPORATED,-122.09346008300781,39.195705413818359
91515759,2021,2021-07-08,9155,2021-06-28,1600,018981,,1,2,9,0600,0,3,5,,2,005,"DANLEY RD","LAGRANDE RD",20.00,S,N,A,-,N,,,,,,,,,,N,3,0,1,1,A,-,08,22107,,N,E,I,A,A,H,-,A,D,0,,,,,Y,,D,22,0,1,0,0,0,0,0,0,0,"- ","- ",39.193500518798828,-122.24590301513672,COLUSA,UNINCORPORATED,-122.24584197998047,39.193538665771484
91515836,2021,2021-07-08,9155,2021-07-01,1225,019973,,4,1,9,0600,0,1,1,,2,051,"I-5 S/B","HUSTED RD",5280.00,S,N,A,-,Y,,,5,,,,,,S,N,3,0,1,1,A,-,08,22107,,N,F,A,A,A,H,-,A,D,0,,,Y,,Y,,C,02,0,1,0,0,0,0,0,0,1,"- ","- ",39.118209838867188,-122.12419128417969,COLUSA,UNINCORPORATED,-122.12407684326172,39.1182861328125
91519794,2021,2021-07-14,9155,2021-07-04,1400,020444,,7,2,9,0600,0,3,5,,2,006,"FOUTS SPRING RD","LODOGA-STONYFORD RD",30624.00,W,N,A,-,N,,,,,,,,,,Y,4,0,1,1,A,-,08,22107,,N,F,A,A,A,H,-,A,A,0,,,,,Y,,E,22,0,0,1,0,0,0,0,0,0,"- ","- ",39.369560241699219,-122.64164733886719,COLUSA,UNINCORPORATED,-122.64244079589844,39.36981201171875
91519803,2021,2021-07-14,9155,2021-07-05,1940,020444,,1,2,9,0600,0,3,5,,2,001,"HIGHWAY 99W","HARRINGTON RD",2640.00,S,N,A,-,N,,,,,,,,,,Y,3,0,1,1,A,-,01,23152,A,N,F,A,A,A,H,-,A,A,0,,,,,Y,Y,D,22,0,1,0,0,0,0,0,0,0,"- ","- ",38.948768615722656,-122.01162719726562,COLUSA,UNINCORPORATED,-122.07937622070312,38.943878173828125
91519887,2021,2021-07-14,9155,2021-07-03,2030,021564,,6,2,9,0600,0,1,1,,2,051,"I-5 S/B","HILLGATE RD UNDERCROSSING",425.00,S,N,A,-,Y,,,5,,,,,,S,Y,3,0,1,1,A,-,01,23152,A,N,E,I,A,A,H,-,A,D,0,,,,,Y,Y,A,01,0,1,0,0,0,0,0,0,0,"- ","- ",39.012439727783203,-122.05432891845703,COLUSA,UNINCORPORATED,-122.05436706542969,39.012401580810547
91520904,2021,2021-07-15,9155,2021-07-10,2130,021152,,6,2,9,0600,0,1,1,,2,052,"I-5 S/B","FAIRVIEW RD",528.00,S,N,A,-,Y,,,5,,,,,,S,Y,4,0,1,2,A,-,01,23152,A,M,C,C,A,A,H,-,D,D,0,,,,,Y,Y,A,07,0,0,1,0,0,0,0,0,0,"- ","- ",39.245319366455078,-122.18216705322266,COLUSA,UNINCORPORATED,-122.18213653564453,39.245319366455078
91522149,2021,2021-07-16,9155,2021-07-11,0325,021152,,7,3,9,0600,0,3,5,,2,005,"OLD HWY 99W","NORTH STREET",1056.00,N,N,A,-,N,,,,,,,,,,Y,2,0,1,1,A,-,01,23152,F,N,E,I,A,A,H,-,D,D,0,,,,,Y,,A,08,1,0,0,0,0,0,0,0,0,"- ","- ",39.283279418945312,-122.19133758544922,COLUSA,UNINCORPORATED,-122.19416809082031,39.281761169433594
91522974,2021,2021-07-19,9155,2021-07-12,0550,020023,,1,3,9,0600,0,1,1,,2,051,"I-5 S/B","MYERS ROAD",3000.00,N,N,A,-,Y,,,5,,,,,,S,Y,3,0,1,1,A,-,08,22107,,N,E,I,A,A,H,-,A,D,0,,,,,Y,,D,22,0,1,0,0,0,0,0,0,0,"- ","- ",39.108650207519531,-122.11782073974609,COLUSA,UNINCORPORATED,-122.11785888671875,39.108631134033203
91524179,2021,2021-07-20,9155,2021-07-10,1140,020444,,6,1,9,0600,0,3,5,,2,003,"BUTTE SLOUGH RD","RIVER RD",5808.00,E,N,A,-,N,,,,,,,,,,N,3,0,1,1,A,-,08,22107,,N,F,A,A,A,H,-,A,A,0,,,Y,,Y,Y,C,02,0,1,0,0,0,0,0,0,1,"- ","- ",39.2076416015625,-121.98297119140625,COLUSA,UNINCORPORATED,-121.98310089111328,39.207767486572266
91524203,2021,2021-07-20,9155,2021-07-11,1537,020444,,7,2,9,0600,0,1,3,,1,022,"RT 20","LONE STAR RD",4224.00,W,N,A,-,Y,,,20,,,,,,,Y,4,0,1,1,A,-,08,22107,,N,E,A,A,A,H,-,A,A,0,,,,,Y,,A,01,0,0,1,0,0,0,0,0,0,"- ","- ",39.195579528808594,-122.09400939941406,COLUSA,UNINCORPORATED,-122.09400939941406,39.195583343505859
91524302,2021,2021-07-20,9155,2021-07-16,0715,019973,,5,1,9,0600,0,1,1,,2,051,"I-5 S/B","GREENBAY RD",1700.00,N,N,A,-,Y,,,5,,,,,,S,N,3,0,1,1,A,-,08,22107,,N,F,A,A,A,H,-,A,D,0,,,,,Y,,A,01,0,1,0,0,0,0,0,0,0,"- ","- ",38.971290588378906,-122.02816772460938,COLUSA,UNINCORPORATED,-122.02821350097656,38.971282958984375
91525195,2021,2021-07-21,9155,2021-07-19,1940,021060,,1,2,9,0600,0,1,3,,2,041,"STATE ROUTE 45","EARP RD",3960.00,S,N,A,-,Y,,,45,,,,,,,Y,3,0,2,1,A,-,08,22107,,N,F,I,A,A,H,-,A,D,0,,,,,Y,,A,07,0,1,1,0,0,0,0,0,0,"- ","- ",39.103668212890625,-121.93187713623047,COLUSA,UNINCORPORATED,-121.93194580078125,39.103645324707031
91529522,2021,2021-07-27,9155,2021-07-16,0835,019973,,5,1,9,0600,0,2,4,,2,011,"OLD HWY 99W","FREEWAY UNDERCROSSING RD.",25.00,N,N,A,-,N,,,,,,,,,,N,2,0,2,1,A,-,08,22107,,N,E,I,A,A,H,-,A,D,0,,,,,Y,,A,07,1,1,0,0,0,0,0,0,0,"- ","- ",39.024600982666016,-122.06198120117188,COLUSA,UNINCORPORATED,-122.06155,39.024593000000003
91530386,2021,2021-07-28,9155,2021-07-17,0505,021564,,6,3,9,0600,0,1,1,,2,051,"I-5 N/B","MYERS RD OVERCROSSING",5280.00,S,N,A,-,Y,,,,,,,,,,N,3,0,1,2,A,-,01,23152,A,N,C,C,A,A,H,-,D,D,0,,,,Y,Y,Y,A,01,0,1,0,0,0,0,0,0,0,"- ","- ",39.091060638427734,-121.10559844970703,COLUSA,UNINCORPORATED,-122.11834716796875,39.110149383544922
91530431,2021,2021-07-28,9155,2021-07-17,1430,020444,,6,2,9,0600,0,1,3,,1,042,"STATE HIGHWAY 45","ROBERTS RD",311.00,S,N,A,-,Y,,,,,,,,,,Y,3,0,1,1,A,-,08,22107,,N,E,I,A,A,H,-,A,A,0,,,,,Y,Y,A,01,0,1,0,0,0,0,0,0,0,"- ","- ",39.226181030273438,-122.19229125976562,COLUSA,UNINCORPORATED,-122.01915740966797,39.226184844970703
91531437,2021,2021-08-06,9155,2021-07-21,1920,021343,,3,2,9,0600,0,3,5,,2,001,"4TH STREET","COLLEGE STREET",235.00,E,N,A,-,N,,,,,,,,,,N,3,0,1,1,A,-,01,23152,A,M,E,I,A,A,H,-,A,D,0,,,,,Y,Y,A,07,0,1,0,0,0,0,0,0,0,"- ","- ",39.0087890625,-122.00914001464844,COLUSA,UNINCORPORATED,-122.00865936279297,39.008735656738281
91533748,2021,2021-07-30,9155,2021-07-25,1938,020444,,7,2,9,0600,0,1,1,,2,051,"I-5 SOUTHBOUND","FRONTAGE RD OFF",250.00,N,N,A,-,Y,,,5,,,,,,S,N,3,0,2,3,A,-,08,22107,,N,B,C,A,A,H,-,A,A,0,,,,,Y,,A,01,0,1,1,0,0,0,0,0,0,"- ","- ",39.028160095214844,-122.06458282470703,COLUSA,UNINCORPORATED,-122.06454467773438,39.028179168701172
91537170,2021,2021-08-05,9155,2021-07-28,0440,021343,,3,3,9,0600,0,1,1,,2,051,"I-5 SOUTHBOUND","HAHN ROAD OVERCROSSING",1.70,N,N,A,-,Y,,,5,,,,,,S,Y,4,0,1,2,A,-,03,22350,,N,C,C,A,A,H,-,C,D,0,,,,,Y,,D,22,0,0,1,0,0,0,0,0,0,"- ","- ",39.079971313476562,-122.09809112548828,COLUSA,UNINCORPORATED,-122.09849548339844,39.079708099365234
91540298,2021,2021-08-09,9155,2021-08-05,2240,021152,,4,3,9,0600,0,1,3,,1,022,SR-20,"WILSON AVE",0.00,,Y,A,-,Y,,,20,,,,,,,Y,3,0,3,2,A,-,09,21802,A,N,D,C,A,A,H,-,E,A,0,,,,,Y,,D,22,0,3,0,0,0,0,0,0,0,"- ","- ",39.196659088134766,-122.03707122802734,COLUSA,UNINCORPORATED,-122.03707885742188,39.196693420410156
91545125,2021,2021-08-16,9155,2021-08-02,2245,021060,,1,3,9,0600,0,3,5,,2,002,"GEORGE ROAD","HANKINS ROAD",600.00,S,N,A,-,N,,,,,,,,,,Y,4,0,1,1,A,-,01,23152,A,M,E,I,A,A,H,-,D,D,0,,,,,Y,Y,A,01,0,0,1,0,0,0,0,0,0,"- ","- ",39.143398284912109,-122.16156005859375,COLUSA,UNINCORPORATED,-122.16136932373047,39.143543243408203
91546253,2021,2021-08-16,9155,2021-08-04,0910,018981,,3,1,9,0600,0,3,5,,2,006,"SITES-LODOGA RD.","LADOGA-STONYFORD RD",940.00,E,N,A,-,N,,,,,,,,,,Y,3,0,1,1,A,-,08,22107,,N,E,I,A,A,H,-,A,D,0,,,,,Y,,A,01,0,1,0,0,0,0,0,0,0,"- ","- ",39.304660797119141,-122.48857116699219,COLUSA,UNINCORPORATED,-122.48838806152344,39.302120208740234
91546641,2021,2021-08-17,9155,2021-08-05,1210,018981,,4,1,9,0600,0,3,5,,2,003,"RIVER RD","LAUX RD",1600.00,S,N,A,-,N,,,,,,,,,,Y,3,0,1,1,A,-,08,22107,,N,E,I,A,A,H,-,A,D,0,,,,,Y,,E,22,0,1,0,0,0,0,0,0,0,"- ","- ",39.240970611572266,-121.99340057373047,COLUSA,UNINCORPORATED,-121.99351501464844,39.241245269775391
91547577,2021,2021-08-18,9155,2021-08-15,1145,020023,,7,1,9,0600,0,3,5,,2,003,"RIVER ROAD","LAUX ROAD",5280.00,S,N,A,-,N,,,,,,,,,,N,2,0,1,1,A,-,08,22107,,N,F,A,A,A,H,-,A,D,0,,,Y,,Y,,C,02,1,0,0,0,0,0,0,0,1,"- ","- ",39.231300354003906,-121.99609375,COLUSA,UNINCORPORATED,-121.99600219726562,39.231491088867188
91553888,2021,2021-08-25,9155,2021-08-11,1800,018981,,3,2,9,0600,0,1,3,,2,023,SR-20,"WALNUT DR",25872.00,W,N,A,-,Y,,,20,,,,,,,Y,3,0,2,2,A,-,08,22107,,N,D,C,A,A,H,-,A,D,0,,,,,Y,,A,01,0,2,0,0,0,0,0,0,0,"- ","- ",39.076019287109375,-122.34665679931641,COLUSA,UNINCORPORATED,-122.3468017578125,39.076015472412109
91554146,2021,2021-08-25,9155,2021-08-07,1500,017900,,6,2,9,0600,0,1,3,,2,023,"STATE HIGHWAY 20","COL MPM 1.00",140.00,E,N,A,-,Y,,,20,,,,,,,Y,2,0,1,1,A,-,08,22107,,N,F,A,A,A,H,-,A,A,0,,,Y,,Y,,C,02,1,0,0,0,0,0,0,0,1,"- ","- ",39.004741668701172,-122.39407348632812,COLUSA,UNINCORPORATED,-122.39405059814453,39.004768371582031
91557041,2021,2021-08-27,9155,2021-08-22,1735,018981,,7,2,9,0600,0,3,5,,2,003,"BUTTE SLOUGH RD","RIVER RD",1500.00,E,N,A,-,N,,,,,,,,,,Y,2,0,1,1,A,-,01,23152,A,N,E,I,A,A,H,-,A,D,0,,,,,Y,Y,D,22,1,0,0,0,0,0,0,0,0,"- ","- ",39.21466064453125,-121.9947509765625,COLUSA,UNINCORPORATED,-121.99478912353516,39.214603424072266
91557197,2021,2021-08-27,9155,2021-08-20,1505,019973,,5,2,9,0600,0,1,1,,2,051,"I-5 S/B","HAHN RD",6864.00,S,N,A,-,Y,,,5,,,,,,S,N,3,0,3,1,A,-,08,22107,,N,E,I,A,A,H,-,A,D,0,,,,,Y,,A,07,0,1,2,0,0,0,0,0,0,"- ","- ",39.031818389892578,-122.06704711914062,COLUSA,UNINCORPORATED,-122.06697082519531,39.031875610351562
91558510,2021,2021-08-30,9155,2021-08-26,0635,019973,,4,1,9,0600,0,3,5,,2,001,"OLD HWY 99W","COUNTY LINE RD",0.00,,Y,A,-,N,,,,,,,,,,Y,3,0,1,2,A,-,09,21802,A,N,D,C,A,A,H,-,B,A,0,,,,,Y,,A,01,0,1,0,0,0,0,0,0,0,"- ","- ",38.925540924072266,-121.99675750732422,COLUSA,UNINCORPORATED,-122.07969665527344,38.925712585449219
91559184,2021,2021-08-31,9155,2021-07-13,0728,020023,,2,1,9,0600,0,1,3,,2,023,SR-20,"WALNUT DR",3168.00,W,N,A,-,Y,,,20,,,,,,,Y,2,0,2,1,A,-,01,23152,F,N,F,A,A,A,H,-,A,D,0,,,,,Y,,D,22,2,0,0,0,0,0,0,0,0,"- ","- ",39.112861633300781,-122.30000305175781,COLUSA,UNINCORPORATED,-122.30001831054688,39.112884521484375
91564006,2021,2021-09-07,9155,2021-08-28,1845,021564,,6,2,9,0600,0,2,4,,2,011,"OLD HIGHWAY 99W","BAILEY ROAD",50.00,N,N,A,-,N,,,,,,,,,,N,3,0,1,1,A,-,01,23152,A,N,E,I,A,A,H,-,A,D,0,,,,,Y,Y,A,01,0,1,0,0,0,0,0,0,0,"- ","- ",39.027599334716797,-122.06337738037109,COLUSA,UNINCORPORATED,,
91571856,2021,2021-09-16,9155,2021-09-04,1015,020444,,6,1,9,0600,0,3,5,,2,006,"LEESVILLE-LODOGA RD","BEAR VALLEY RD",3696.00,N,N,A,-,N,,,,,,,,,,N,2,0,1,1,A,-,03,22350,,N,F,A,A,A,B,-,A,D,0,,,Y,,Y,,C,02,1,0,0,0,0,0,0,0,1,"- ","- ",39.201309204101562,-122.43466186523438,COLUSA,UNINCORPORATED,-122.43515777587891,39.199230194091797
91572507,2021,2021-09-16,9155,2021-08-01,2115,021343,,7,2,9,0600,0,1,1,,2,051,"I-5 N/B","GREENBAY ROAD OVERCROSSING",1056.00,N,N,A,-,Y,,,5,,,,,,N,Y,1,1,7,2,A,-,05,21651,B,N,A,C,A,A,H,-,C,D,0,,,,,Y,,A,01,2,0,5,0,0,0,0,0,0,"- ","- ",38.96990966796875,-122.02755737304688,COLUSA,UNINCORPORATED,-122.02757263183594,38.969905853271484
91572991,2021,2021-09-17,9155,2021-09-06,0445,021152,,1,3,9,0600,0,1,3,,2,023,SR-20,"E STREET",3696.00,W,N,A,-,Y,,,20,,,,,,,Y,2,0,2,4,A,-,01,23153,A,N,A,C,A,A,H,-,D,D,0,,,,Y,Y,Y,A,01,1,1,0,0,0,0,0,0,0,"- ","- ",39.152641296386719,-122.1868896484375,COLUSA,UNINCORPORATED,-122.1868896484375,39.152626037597656
91573450,2021,2021-09-17,9155,2021-09-01,0442,020482,,3,3,9,0600,0,1,1,,2,052,"I-5 S/B",3263,0.00,,N,A,-,Y,,,5,,,,,,S,Y,3,0,1,2,A,-,03,22350,,N,E,C,A,A,H,-,D,D,0,,,,Y,Y,,D,22,0,1,0,0,0,0,0,0,0,"- ","- ",39.357799530029297,-122.19245910644531,COLUSA,UNINCORPORATED,-122.19306945800781,39.357875823974609
91573483,2021,2021-09-17,9155,2021-09-01,0440,020482,,3,3,9,0600,0,1,1,,2,052,"I-5 S/B","DELEVAN RD",3263.00,N,N,A,-,Y,,,5,,,,,,S,Y,3,0,1,1,A,-,08,22107,,N,F,A,A,A,H,-,D,D,0,,,,Y,Y,,G,25,0,1,0,0,0,0,0,0,0,"- ","- ",39.357799530029297,-122.19245910644531,COLUSA,UNINCORPORATED,-122.19306945800781,39.357875823974609
91574478,2021,2021-09-20,9155,2021-09-12,2050,021343,,7,2,9,0600,0,1,3,,2,023,"SR-20 W/B","SCHAAD RD",4224.00,W,N,A,-,Y,,,20,,,,,,W,Y,3,0,2,2,A,-,01,23152,A,N,E,8,A,A,H,-,D,D,0,,,,,Y,Y,A,01,0,2,0,0,0,0,0,0,0,"- ","- ",39.152568817138672,-122.24149322509766,COLUSA,UNINCORPORATED,-122.24144744873047,39.152488708496094
91585828,2021,2021-10-01,9155,2021-09-24,2150,021152,,5,2,9,0600,0,1,3,,1,022,SR-20,"SAN JOSE AVENUE",600.00,W,N,A,-,Y,,,20,,,,,,,N,4,0,1,2,A,-,08,22107,,F,G,B,E,A,H,-,D,D,0,Y,,,,Y,Y,A,07,0,0,1,0,1,0,0,0,0,"- ","- ",39.182540893554688,-122.11766815185547,COLUSA,UNINCORPORATED,-122.11769866943359,39.182598114013672
91588451,2021,2021-10-05,9155,2021-09-25,0719,020444,,6,1,9,0600,0,1,1,,2,051,"N/B I-5","HUSTED RD",5280.00,S,N,A,-,Y,,,5,,,,,,,N,4,0,1,2,A,-,08,22107,,N,B,C,A,A,H,-,A,A,0,,,,Y,Y,,A,07,0,0,1,0,0,0,0,0,0,"- ","- ",39.117919921875,-122.12351989746094,COLUSA,UNINCORPORATED,-122.12351226806641,39.117923736572266
91591520,2021,2021-10-08,9155,2021-10-01,1515,021152,,5,2,9,0600,0,3,5,,2,003,"DELEVAN ROAD","2 MILE ROAD",5280.00,E,N,A,-,N,,,,,,,,,,N,3,0,1,1,A,-,08,22107,,N,E,I,A,D,H,-,A,D,0,,,,,Y,,A,07,0,1,0,0,0,0,0,0,0,"- ","- ",39.349201202392578,-122.13583374023438,COLUSA,UNINCORPORATED,-122.1358642578125,39.349266052246094
91593956,2021,2021-10-12,9155,2021-09-09,1205,016414,,4,1,9,0600,0,1,3,,2,023,"RT 20","RT 16",13728.00,E,N,A,-,Y,,,20,,,,,,,Y,2,0,4,2,A,-,08,22107,,F,H,A,A,A,H,-,A,D,0,,,,,Y,,-,99,4,0,0,0,0,0,0,0,0,"- ","- ",39.04296875,-122.34072113037109,COLUSA,UNINCORPORATED,-122.34061431884766,39.042991638183594
91595247,2021,2021-10-13,9155,2021-10-03,1200,020444,,7,1,9,0600,0,3,5,,2,001,"TULE RD","POUNDSTONE RD",2640.00,E,N,A,-,N,,,,,,,,,,Y,3,0,3,1,A,-,08,22107,,N,F,A,A,A,H,-,A,A,0,,,,,Y,,A,07,0,2,1,0,0,0,0,0,0,"- ","- ",39.012550354003906,-121.89450073242188,COLUSA,UNINCORPORATED,-121.89754486083984,39.012546539306641
91596227,2021,2021-10-14,9155,2021-10-04,1540,019973,,1,2,9,0600,0,2,4,,2,011,"OLD HWY 99W","FREEWAY UNDERPASS RD",25.00,N,N,A,-,N,,,,,,,,,,N,3,0,1,1,A,-,01,23152,A,N,E,I,A,A,H,-,A,D,0,,,,,Y,Y,A,07,0,1,0,0,0,0,0,0,0,"- ","- ",39.024631500244141,-122.06195068359375,COLUSA,UNINCORPORATED,,
91596526,2021,2021-11-22,9155,2021-09-30,1810,021564,,4,2,9,0600,0,3,5,,2,001,"TULE RD","POUNDSTONE RD",2112.00,W,N,F,-,N,,,,,,,,,,Y,3,0,1,2,A,-,05,21650,,N,A,C,A,A,H,-,A,D,0,,,,Y,Y,,G,25,0,1,0,0,0,0,0,0,0,"- ","- ",39.012660980224609,-121.91522979736328,COLUSA,UNINCORPORATED,-121.91427612304688,39.012622833251953
91596702,2021,2021-10-14,9155,2021-09-30,0600,020482,,4,1,9,0600,0,2,4,,2,011,"OLD HWY 99W","MEYERS RD",2112.00,S,N,A,-,N,,,,,,,,,,Y,3,0,2,1,A,-,08,22107,,N,E,I,A,A,H,-,C,D,0,,,,,Y,,A,01,0,2,0,0,0,0,0,0,0,"- ","- ",39.094741821289062,-122.10765075683594,COLUSA,UNINCORPORATED,,
91599126,2021,2021-10-18,9155,2021-10-12,0315,020023,,2,3,9,0600,0,1,1,,2,052,"INTERSTATE 5 NORTHBOUND","LENAHAN ROAD",3220.00,S,N,A,G,Y,,,5,,,,,,N,N,3,0,1,2,A,-,08,22107,,N,B,E,A,A,H,-,A,D,0,,,,Y,Y,,G,27,0,1,0,0,0,0,0,0,0,"- ","- ",39.325649261474609,-122.19452667236328,COLUSA,UNINCORPORATED,-122.19456481933594,39.325649261474609
91599311,2021,2021-10-18,9155,2021-10-10,0200,022201,,7,3,9,0600,0,1,3,,2,023,"SR-20 W/B","WALNUT DRIVE",7920.00,W,N,A,-,Y,,,20,,,,,,W,Y,4,0,1,1,A,-,08,22107,,N,F,I,A,A,H,-,D,D,0,,,,,Y,,A,01,0,0,1,0,0,0,0,0,0,"- ","- ",39.108890533447266,-122.30438995361328,COLUSA,UNINCORPORATED,-122.30439758300781,39.108898162841797
91599387,2021,2021-10-18,9155,2021-10-10,1745,018981,,7,2,9,0600,0,1,3,,1,042,"SR-45 N/B","REESE AVE",1250.00,N,N,A,-,Y,,,45,,,,,,N,Y,3,0,1,1,A,-,08,22107,,N,F,A,A,A,H,-,A,D,0,,,,,Y,,A,01,0,1,0,0,0,0,0,0,0,"- ","- ",39.262271881103516,-122.03263854980469,COLUSA,UNINCORPORATED,-122.03270721435547,39.262237548828125
91599474,2021,2021-10-18,9155,2021-10-13,1505,018981,,3,2,9,0600,0,3,5,,2,005,"OLIVE ST","N. CALIFORNIA ST",0.00,,Y,A,-,N,,,,,,,,,,N,4,0,1,2,A,-,09,21800,A,N,D,C,A,A,H,-,A,D,0,,,,,Y,,A,07,0,0,1,0,0,0,0,0,0,"- ","- ",39.277149200439453,-122.19407653808594,COLUSA,UNINCORPORATED,-122.19404602050781,39.277179718017578
91601926,2021,2021-10-20,9155,2021-10-05,0850,016414,,2,1,9,0600,0,3,5,,2,001,"COUNTY LINE RD.","JOHNS SCHOOL RD",528.00,E,N,A,-,N,,,,,,,,,,Y,3,0,1,1,A,-,08,22107,,N,E,I,A,A,H,-,A,D,0,,,,Y,Y,,G,25,0,1,0,0,0,0,0,0,0,"- ","- ",38.925498962402344,-121.96855163574219,COLUSA,UNINCORPORATED,-121.96858215332031,38.925464630126953
91611930,2021,2021-11-01,9155,2021-10-17,2245,021564,,7,3,9,0600,0,1,3,,1,042,SR-20,"LONE STAR ROAD",0.00,,Y,A,-,Y,,,20,,,,,,,Y,3,0,3,2,A,-,01,23152,A,N,C,C,A,A,H,-,C,D,0,,,,,Y,Y,A,01,0,1,2,0,0,0,0,0,0,"- ","- ",39.195671081542969,-122.07868957519531,COLUSA,UNINCORPORATED,-122.07868957519531,39.195690155029297
91611974,2021,2021-11-01,9155,2021-10-16,0030,021564,,6,3,9,0600,0,1,1,,2,052,"I-5 NORTHBOUND","FAIRVIEW RD",1056.00,S,N,A,-,Y,,,5,,,,,,N,Y,4,0,1,2,A,-,01,23152,A,N,C,C,A,A,H,-,C,D,0,,,,,Y,Y,A,07,0,0,1,0,0,0,0,0,0,"- ","- ",39.243698120117188,-122.18161010742188,COLUSA,UNINCORPORATED,-122.18177032470703,39.243698120117188
91612067,2021,2021-11-01,9155,2021-10-20,1855,020482,,3,2,9,0600,0,1,1,,2,052,"I-5 S/B","DELEVAN RD",2640.00,N,N,B,-,Y,,,5,,,,,,S,Y,4,0,1,1,A,-,08,22107,,N,E,I,A,A,H,-,D,D,0,,,,,Y,,A,01,0,0,1,0,0,0,0,0,0,"- ","- ",39.358638763427734,-122.1929931640625,COLUSA,UNINCORPORATED,-122.1929931640625,39.358638763427734
91615361,2021,2021-11-04,9155,2021-10-24,0100,022201,,7,3,9,0600,0,1,1,,2,051,"I-5 N/B","MYERS RD.",2112.00,N,N,C,-,Y,,,5,,,,,,N,Y,4,0,1,1,A,-,08,22107,,N,F,I,A,B,H,-,D,D,0,,,,,Y,,A,07,0,0,1,0,0,0,0,0,0,"- ","- ",39.107589721679688,-122.11705780029297,COLUSA,UNINCORPORATED,-122.11714172363281,39.107563018798828
91615363,2021,2021-11-04,9155,2021-10-24,1125,019973,,7,1,9,0600,0,1,1,,2,051,"I-5 N/B","HAHN RD",2300.00,S,N,C,D,Y,,,5,,,,,,N,Y,3,0,1,1,A,-,08,22107,,N,E,I,A,B,H,-,A,D,0,,,,,Y,,A,01,0,1,0,0,0,0,0,0,0,"- ","- ",39.051609039306641,-122.08058166503906,COLUSA,UNINCORPORATED,-122.08042907714844,39.051784515380859
91615370,2021,2021-11-04,9155,2021-10-29,2300,021564,,5,3,9,0600,0,1,3,,1,042,SR-45,"FERRY ROAD",4224.00,S,N,A,-,Y,,,45,,,,,,,Y,3,0,1,1,A,-,01,23152,A,N,F,A,A,A,H,-,D,D,0,,,,,Y,Y,A,01,0,1,0,0,0,0,0,0,0,"- ","- ",39.351081848144531,-122.03128051757812,COLUSA,UNINCORPORATED,-122.0313720703125,39.351116180419922
91615372,2021,2021-11-04,9155,2021-11-01,0620,020444,,1,1,9,0600,0,1,3,,2,023,"SR-20 W/B","WALNUT DR",6336.00,W,N,B,C,Y,,,20,,,,,,W,Y,4,0,1,1,A,-,03,22350,,N,F,A,A,B,H,-,D,A,0,,,,,Y,,A,07,0,0,1,0,0,0,0,0,0,"- ","- ",39.107929229736328,-122.30539703369141,COLUSA,UNINCORPORATED,-122.30538177490234,39.107898712158203
91621587,2021,2021-11-10,9155,2021-11-02,2205,021060,,2,3,9,0600,0,1,3,,1,016,"SR-16 W/B",SR-20,14995.00,E,N,B,-,Y,,,16,,,,,,W,Y,4,0,1,1,A,-,01,23152,A,N,F,I,A,A,H,-,D,D,0,,,,,Y,Y,A,01,0,0,1,0,0,0,0,0,0,"- ","- ",38.978630065917969,-122.33950042724609,COLUSA,UNINCORPORATED,-122.33949279785156,38.978641510009766
91621630,2021,2021-11-10,9155,2021-11-03,1445,021152,,3,2,9,0600,0,1,3,,1,022,SR-20,"O HAIR RD",50.00,E,N,A,-,Y,,,20,,,,,,,N,3,0,1,2,A,-,03,22350,,N,C,C,A,A,H,-,A,D,0,,,,,Y,,A,01,0,1,0,0,0,0,0,0,0,"- ","- ",39.195598602294922,-122.0406494140625,COLUSA,UNINCORPORATED,-122.0406494140625,39.195594787597656
91627120,2021,2021-11-17,9155,2021-10-19,0850,016414,,2,1,9,0600,0,1,3,,1,042,"RT 45","RESERVATION RD",170.00,N,N,B,-,Y,,,45,,,,,,,Y,3,0,1,2,A,-,03,22350,,N,C,C,A,A,H,-,A,D,0,,,,,Y,,A,01,0,1,0,0,0,0,0,0,0,"- ","- ",39.298480987548828,-122.03385162353516,COLUSA,UNINCORPORATED,-122.03385925292969,39.298480987548828
91627301,2021,2021-11-17,9155,2021-11-06,1240,019973,,6,1,9,0600,0,1,3,,2,023,SR-20,"WALNUT DR",11088.00,E,N,B,-,N,,,20,,,,,,,N,3,0,1,1,A,-,08,22107,,N,F,A,A,B,H,-,A,D,0,,,,,Y,,A,01,0,1,0,0,0,0,0,0,0,"- ","- ",39.144069671630859,-122.26441955566406,COLUSA,UNINCORPORATED,-122.26434326171875,39.143985748291016
91632151,2021,2021-11-22,9155,2021-11-12,1630,022201,,5,2,9,0600,0,3,5,,2,006,"FOTUS SPRINGS ROAD","TROUGH SPRINGS RIDGE",100.00,N,N,A,-,N,,,,,,,,,,N,4,0,1,2,A,-,08,22107,,N,B,C,A,A,H,-,B,D,0,,,Y,,Y,,C,02,0,0,1,0,0,0,0,0,1,"- ","- ",39.372531890869141,-122.64341735839844,COLUSA,UNINCORPORATED,-122.64339447021484,39.372390747070312
91633706,2021,2021-11-23,9155,2021-11-12,1200,019973,,5,1,9,0600,0,1,1,,2,051,"I-5 S/B","HAHN RD",5280.00,N,N,B,-,Y,,,5,,,,,,S,N,4,0,1,1,A,-,08,22107,,N,E,I,A,A,H,-,A,D,0,,,,,Y,,A,01,0,0,1,0,0,0,0,0,0,"- ","- ",39.072170257568359,-122.09410095214844,COLUSA,UNINCORPORATED,-122.09387969970703,39.072277069091797
91634205,2021,2021-11-24,9155,2021-11-23,1345,017900,,2,1,9,0600,0,1,3,,2,023,"STATE HIGHWAY 20","20 COL MPM 3.03",270.00,W,N,B,-,Y,,,20,,,,,,,Y,4,0,1,1,A,-,08,22107,,N,F,A,A,A,H,-,A,D,0,,,,,Y,,A,07,0,0,1,0,0,0,0,0,0,"- ","- ",39.011371612548828,-122.3665771484375,COLUSA,UNINCORPORATED,-122.3665771484375,39.011367797851562
91643653,2021,2021-12-06,9155,2021-11-29,1200,020023,,1,1,9,0600,0,1,3,,2,023,"STATE ROUTE 20","STATE ROUTE 16",21120.00,E,N,A,-,Y,,,20,,,,,,,Y,3,0,1,1,A,-,08,22107,,N,E,I,A,A,H,-,A,D,0,,,,Y,Y,,F,27,0,1,0,0,0,0,0,0,0,"- ","- ",39.060600280761719,-122.34541320800781,COLUSA,UNINCORPORATED,-122.34552001953125,39.060615539550781
91650516,2021,2021-12-13,9155,2021-12-11,1400,020444,,6,2,9,0600,0,3,5,,2,006,"FOREST ROUTE 17N22","FOUTS SPRINGS RD",7920.00,S,N,A,-,N,,,,,,,,,,N,2,0,1,1,D,-,00,,,N,F,A,A,A,H,-,A,D,0,,,Y,,Y,,-,"- ",1,0,0,0,0,0,0,0,1,"- ","- ",39.337699890136719,-122.65363311767578,COLUSA,UNINCORPORATED,-122.66092681884766,39.3507080078125
91652252,2021,2021-12-14,9155,2021-12-13,0540,020023,,1,3,9,0600,0,3,5,,2,003,"LONESTAR ROAD","ABEL ROAD",4752.00,S,N,C,-,N,,,,,,,,,,Y,3,0,1,2,A,-,08,22107,,N,B,C,A,B,H,-,D,D,0,,,,,Y,,A,01,0,1,0,0,0,0,0,0,0,"- ","- ",39.157711029052734,-122.07843780517578,COLUSA,UNINCORPORATED,-122.07868957519531,39.131931304931641
91652693,2021,2021-12-15,9155,2021-12-06,1900,020482,,1,2,9,0600,0,3,5,,2,004,"LEESVILLE RD","KING RD",6336.00,N,N,C,-,N,,,,,,,,,,Y,3,0,1,1,A,-,08,22107,,N,E,I,A,B,H,-,D,D,0,,,,,Y,,A,01,0,1,0,0,0,0,0,0,0,"- ","- ",39.142959594726562,-122.32675933837891,COLUSA,UNINCORPORATED,-122.32337951660156,39.14324951171875
91656120,2021,2021-12-20,9155,2021-12-09,0955,016414,,4,1,9,0600,0,3,5,,2,004,"NORMAN RD.","OLD HWY 99W",15840.00,E,N,A,-,N,,,,,,,,,,Y,3,0,1,1,A,-,03,22350,,N,E,I,A,A,H,-,A,A,0,,,,,Y,,A,01,0,1,0,0,0,0,0,0,0,"- ","- ",39.407310485839844,-122.1361083984375,COLUSA,UNINCORPORATED,,
91656420,2021,2021-12-20,9155,2021-12-13,2105,018981,,1,2,9,0600,0,1,1,,2,052,"I-5 N/B","HUNTERS CREEK",1680.00,S,N,C,-,Y,,,5,,,,,,N,Y,4,0,1,1,C,-,18,,,N,F,A,A,B,H,-,D,D,0,,,,Y,Y,,-,"- ",0,0,1,0,0,0,0,0,0,"- ","- ",39.359970092773438,-122.19271850585938,COLUSA,UNINCORPORATED,-122.19266510009766,39.359970092773438
91659189,2021,2021-12-22,9155,2021-07-11,1955,020444,,7,2,9,0600,0,1,3,,2,023,"RT 20","RT 16",1056.00,N,N,A,-,Y,,,20,,,,,,,Y,1,1,4,2,A,-,01,23152,A,N,A,2,A,A,H,-,A,A,0,,,,,Y,Y,D,22,2,2,0,0,0,0,0,0,0,"- ","- ",39.016708374023438,-122.35678863525391,COLUSA,UNINCORPORATED,-122.35679626464844,39.016712188720703
91661162,2021,2021-12-24,9155,2021-12-17,1835,021060,,5,2,9,0600,0,3,5,,2,003,"TULE RD","COLLEGE CITY RD",107.00,E,N,A,-,N,,,,,,,,,,Y,2,0,2,2,A,-,01,23152,A,N,A,C,A,A,H,-,C,D,0,,,,,Y,Y,A,01,2,0,0,0,0,0,0,0,0,"- ","- ",39.012908935546875,-122.01378631591797,COLUSA,UNINCORPORATED,-122.00640106201172,39.012908935546875
91662854,2021,2021-12-28,9155,2021-12-22,1850,022201,,3,2,9,0600,0,1,3,,2,023,"SR-20 E/B","COLUSA/LAKE COUNTY LINE",3696.00,E,N,B,-,Y,,,20,,,,,,E,Y,4,0,1,1,A,-,08,22107,,N,F,I,A,B,H,-,D,D,0,,,,,Y,,A,01,0,0,1,0,0,0,0,0,0,"- ","- ",39.006820678710938,-122.39720916748047,COLUSA,UNINCORPORATED,-122.39720153808594,39.006828308105469
91665866,2021,2022-04-25,9155,2021-12-17,0350,021564,,5,3,9,0600,0,1,1,,2,051,"I-5 S/B","HARRINGTON ROAD",220.00,N,N,A,-,Y,,,5,,,,,,S,Y,2,0,3,2,A,-,02,22400,A,N,C,C,A,A,H,-,D,D,0,,,,,Y,,A,08,1,2,0,0,0,0,0,0,0,"- ","- ",38.9552001953125,-122.01902770996094,COLUSA,UNINCORPORATED,-122.01901245117188,38.955211639404297
91667327,2021,2021-12-31,9155,2021-12-13,2500,016414,,1,4,9,0600,0,3,5,,2,004,"MOON BEND RD","RT 20",2904.00,E,N,B,C,N,,,,,,,,,,Y,2,0,3,1,A,-,03,22350,,N,E,I,A,B,H,-,D,A,0,,,,,Y,,A,01,1,2,0,0,0,0,0,0,0,"- ","- ",39.195968627929688,-122.98887634277344,COLUSA,UNINCORPORATED,-121.99002075195312,39.195873260498047
91671196,2021,2022-01-05,9155,2021-12-23,1245,016414,,4,1,9,0600,0,1,1,,2,052,I-5,"LURLINE AVE. OVERPASS",4752.00,N,N,B,-,Y,,,5,,,,,,,Y,3,0,1,3,A,-,03,22350,,N,C,2,A,A,H,-,A,D,0,,,,,Y,,A,07,0,1,0,0,0,0,0,0,0,"- ","- ",39.232421875,-122.18163299560547,COLUSA,UNINCORPORATED,-122.18155670166016,39.232421875
91671241,2021,2022-01-05,9155,2021-12-26,1400,018981,,7,2,9,0600,0,1,1,,2,052,"I-5 N/B","STONE CORRAL CREEK",2360.00,N,N,B,-,Y,,,5,,,,,,N,Y,2,0,3,3,A,-,08,22107,,N,F,I,A,A,H,-,A,D,0,,,,,Y,,A,01,3,0,0,0,0,0,0,0,0,"- ","- ",39.297740936279297,-122.18560791015625,COLUSA,UNINCORPORATED,-122.18559265136719,39.297740936279297
91672503,2021,2022-01-06,9155,2021-08-13,0305,021564,,5,3,9,0600,0,1,1,,2,051,"I-5 NORTHBOUND","HAHN ROAD",5280.00,S,N,A,-,Y,,,5,,,,,,N,N,1,1,0,2,A,-,11,21954,A,F,G,B,E,A,H,-,D,D,0,Y,,,,Y,Y,N,60,0,0,0,1,0,0,0,0,0,"- ","- ",39.042900085449219,-122.07376098632812,COLUSA,UNINCORPORATED,-122.07382202148438,39.042858123779297
91677500,2022,2022-01-13,9155,2022-01-07,0430,021343,,5,3,9,0600,0,2,4,,2,010,"LONESTAR ROAD","MYERS ROAD",1056.00,S,N,A,-,N,,,,,,,,,,Y,3,0,1,1,A,-,08,22107,,N,E,I,A,A,H,-,D,D,0,,,,,Y,,D,22,0,1,0,0,0,0,0,0,0,"- ","- ",39.097709655761719,-122.07894897460938,COLUSA,UNINCORPORATED,-122.07897186279297,39.098018646240234
91677839,2022,2022-01-13,9155,2022-01-13,0900,016414,,4,1,9,0600,0,1,1,,2,052,"I-5 S/B","LURLINE AVE",4752.00,S,N,A,-,Y,COL,,5,,R,21.841,H,,L,Y,3,0,1,2,A,-,03,22350,,N,C,C,A,A,H,-,A,D,0,,,,Y,Y,,D,22,0,1,0,0,0,0,0,0,0,"- ","- ",39.205760955810547,-122.17848968505859,COLUSA,UNINCORPORATED,-122.17847442626953,39.205764770507812
91678588,2022,2022-01-14,9155,2022-01-10,0210,021343,,1,3,9,0600,0,1,1,,2,051,"I-5 S/B","MYERS ROAD",5280.00,S,N,A,-,Y,COL,,5,,R,12.910,H,,R,Y,3,0,1,1,A,-,08,22107,,N,E,I,A,A,H,-,C,D,0,,,,,Y,,A,01,0,1,0,0,0,0,0,0,0,"- ","- ",39.091400146484375,-122.10550689697266,COLUSA,UNINCORPORATED,-122.10576629638672,39.091297149658203
91679336,2022,2022-01-17,9155,2022-01-07,0700,017900,,5,1,9,0600,0,3,5,,2,002,"CORTINA SCHOOL ROAD","MEYERS ROAD",0.00,,Y,B,-,N,,,,,,,,,,N,3,0,1,1,A,-,01,23152,A,N,E,I,A,B,H,-,B,A,0,,,,,Y,Y,D,22,0,1,0,0,0,0,0,0,0,"- ","- ",39.101249694824219,-122.14228820800781,COLUSA,UNINCORPORATED,-122.14234161376953,39.101184844970703
91685661,2022,2022-01-26,9155,2022-01-24,2000,021343,,1,2,9,0600,0,1,1,,2,051,"I-5 S/B","HAHN ROAD OVERCROSSING",4224.00,N,N,A,-,Y,COL,,5,,R,11.110,H,,L,Y,2,0,1,1,A,-,08,22107,,N,E,I,A,A,H,-,C,D,0,,,,,Y,,A,01,1,0,0,0,0,0,0,0,0,"- ","- ",39.067760467529297,-122.09174346923828,COLUSA,UNINCORPORATED,-122.09169769287109,39.067771911621094
91691957,2022,2022-02-02,9155,2022-01-26,0630,017900,,3,1,9,0600,0,1,3,,2,023,"STATE ROUTE 20 W/B","KING ROAD",8818.00,W,N,A,-,Y,COL,,20,,,11.593,H,,L,Y,3,0,1,1,A,-,08,22107,,N,E,J,A,A,H,-,D,D,0,,,,,Y,,A,01,0,1,0,0,0,0,0,0,0,"- ","- ",39.105701446533203,-122.31458282470703,COLUSA,UNINCORPORATED,-122.31458282470703,39.105739593505859
91694344,2022,2022-02-07,9155,2022-01-26,1450,017900,,3,2,9,0600,0,1,3,,1,042,"STATE ROUTE 45 S/B","WINTUN ROAD",1046.00,N,N,A,-,Y,COL,,45,,,22.979,H,,L,Y,3,0,2,2,A,-,03,22350,,N,C,C,A,A,H,-,A,D,0,,,,,Y,,A,01,0,1,1,0,0,0,0,0,0,"- ","- ",39.255680084228516,-122.03164672851562,COLUSA,UNINCORPORATED,-122.03163909912109,39.255680084228516
91698817,2022,2022-02-11,9155,2022-02-09,1210,018981,,3,1,9,0600,0,1,3,,1,021,"SR-20 E/B","NIAGARA AVE",1560.00,E,N,A,-,Y,COL,,20,,,35.122,H,,R,Y,4,0,1,2,A,-,03,22350,,N,C,C,A,A,H,-,A,D,0,,,,,Y,,A,01,0,0,1,0,0,0,0,0,0,"- ","- ",39.169441223144531,-121.98330688476562,COLUSA,UNINCORPORATED,-121.98329925537109,39.169445037841797
91705515,2022,2022-02-22,9155,2022-02-16,0805,016414,,3,1,9,0600,0,3,5,,2,004,"RIVER ROAD N/B","GRIDLEY RD.",1370.00,S,N,A,-,N,,,,,,,,,,Y,3,0,1,1,A,-,01,23152,E,N,E,I,A,A,H,-,A,A,0,,,,,Y,,A,01,0,1,0,0,0,0,0,0,0,"- ","- ",39.340900421142578,-121.00408172607422,COLUSA,UNINCORPORATED,-122.00430297851562,39.340930938720703
91710523,2022,2022-02-28,9155,2022-02-16,1820,022201,,3,2,9,0600,0,1,3,,2,023,"SR-20 W/B",SR-16,0.40,W,N,A,-,Y,COL,,20,,,2.961,H,,L,Y,4,0,1,4,A,-,06,21750,A,N,B,C,A,A,H,-,D,D,0,,,,Y,Y,,D,22,0,0,1,0,0,0,0,0,0,"- ","- ",39.011440277099609,-122.36756896972656,COLUSA,UNINCORPORATED,-122.36756134033203,39.011501312255859
91710524,2022,2022-02-28,9155,2022-02-18,1635,020482,,5,2,9,0600,0,1,3,,1,042,SR-45,"HARBISON RD",2640.00,N,N,A,-,Y,COL,,45,,,22.539,H,,R,Y,3,0,1,2,A,-,03,22350,,N,C,C,A,A,H,-,A,D,0,,,,,Y,,-,"- ",0,1,0,0,0,0,0,0,0,"- ","- ",39.24932861328125,-122.03147125244141,COLUSA,UNINCORPORATED,-122.03148651123047,39.24932861328125
91711996,2022,2022-03-01,9155,2022-02-26,0050,021152,,6,3,9,0600,0,3,5,,2,002,"WILDWOOD RD","GRANT AVE",2640.00,S,N,A,-,N,,,,,,,,,,Y,4,0,1,2,A,-,08,22107,,N,B,C,A,A,H,-,D,D,0,,,,,Y,Y,A,07,0,0,1,0,0,0,0,0,0,"- ","- ",38.984260559082031,-122.06080627441406,COLUSA,UNINCORPORATED,-122.060791015625,38.983848571777344
91718804,2022,2022-03-09,9155,2022-02-27,1445,020023,,7,2,9,0600,0,1,1,,2,052,"INTERSTATE 5 NORTHBOUND","DELEVAN RD",2640.00,N,N,A,-,Y,,,,,,,,,,Y,3,0,3,2,A,-,08,22107,,N,B,C,A,A,H,-,A,D,0,,,,Y,Y,,A,07,0,3,0,0,0,0,0,0,0,"- ","- ",39.372318267822266,-121.19280242919922,COLUSA,UNINCORPORATED,-122.19322967529297,39.355842590332031
91718921,2022,2022-03-09,9155,2022-02-28,1250,016414,,1,1,9,0600,0,1,3,,1,042,"STATE ROUTE 45","BROWN RD.",80.00,N,N,A,-,Y,COL,,45,,,21.168,H,,R,Y,3,0,5,3,A,-,03,22350,,N,C,C,A,A,H,-,A,D,0,,,,,Y,,-,"- ",0,3,2,0,0,0,0,0,0,"- ","- ",39.232028961181641,-122.02487182617188,COLUSA,UNINCORPORATED,-122.02485656738281,39.232036590576172
91723007,2022,2022-03-15,9155,2022-03-05,1635,017964,,6,2,9,0600,0,1,3,,1,016,"STATE ROUTE 16 W/B","YOLO/COLUSA CO LINE",16896.00,W,N,A,-,Y,COL,,16,,,3.957,H,,L,N,4,0,1,1,A,-,08,22107,,N,E,8,A,A,H,-,D,A,0,,,,,Y,,D,22,0,0,1,0,0,0,0,0,0,"- ","- ",38.963951110839844,-122.34108734130859,COLUSA,UNINCORPORATED,-122.34113311767578,38.963951110839844
91723509,2022,2022-03-15,9155,2022-03-07,1058,020023,,1,1,9,0600,0,1,1,,2,051,"INTERSTATE 5 NORTHBOUND","E STREET",3168.00,S,N,A,-,Y,COL,,5,,R,17.295,H,,R,Y,3,0,1,1,A,-,08,22107,,N,E,8,A,A,H,-,A,D,0,,,,,Y,,A,07,0,1,0,0,0,0,0,0,0,"- ","- ",39.1480712890625,-122.13851165771484,COLUSA,UNINCORPORATED,-122.13859558105469,39.148040771484375
91729005,2022,2022-03-22,9155,2022-03-15,1644,018981,,2,2,9,0600,0,1,3,,1,042,"SR-45 N/B","REESE AVE",970.00,S,N,A,-,Y,COL,,45,,,23.008,H,,R,Y,4,0,2,2,A,-,03,22350,,N,C,C,A,A,H,-,A,D,0,,,,,Y,,A,01,0,0,2,0,0,0,0,0,0,"- ","- ",39.256130218505859,-122.03160858154297,COLUSA,UNINCORPORATED,-122.03164672851562,39.256130218505859
91729215,2022,2022-03-28,9155,2022-03-18,1509,015943,,5,2,9,0600,0,1,3,,1,022,SR-20,"HUNTER RD",890.00,W,N,A,-,Y,COL,,20,,,28.523,H,,R,N,3,0,3,3,A,-,03,22350,,N,C,C,A,A,H,-,A,D,0,,,,,Y,,A,01,0,1,2,0,0,0,0,0,0,"- ","- ",39.195411682128906,-122.04936981201172,COLUSA,UNINCORPORATED,-122.04936981201172,39.195411682128906
91729301,2022,2022-03-22,9155,2022-03-20,1500,018981,,7,2,9,0600,0,3,5,,2,001,"POUNDSTONE RD","CECIL RD",590.00,S,N,A,-,N,,,,,,,,,,N,4,0,1,1,A,-,08,22107,,N,E,I,A,A,H,-,A,D,0,,,,,Y,,A,01,0,0,1,0,0,0,0,0,0,"- ","- ",39.061420440673828,-121.90339660644531,COLUSA,UNINCORPORATED,-121.90332794189453,39.051395416259766
91729316,2022,2022-04-01,9155,2022-03-22,0720,020023,,2,1,9,0600,0,3,5,,2,001,"1ST STREET","OLIVE STREET",0.00,,Y,A,-,N,,,,,,,,,,Y,4,0,1,2,A,-,09,21800,A,N,D,C,A,A,H,-,A,D,0,,,,,Y,,A,01,0,0,1,0,0,0,0,0,0,"- ","- ",39.017269134521484,-122.05233764648438,COLUSA,UNINCORPORATED,-122.05236053466797,39.017158508300781
91729334,2022,2022-03-22,9155,2022-03-14,1640,018981,,1,2,9,0600,0,1,3,,2,041,SR-45,"DRY SLOUGH RD",1560.00,N,N,A,-,Y,COL,,45,,,15.675,H,,R,Y,3,0,1,2,A,-,03,22350,,N,C,C,A,A,H,-,A,D,0,,,,,Y,,D,22,0,1,0,0,0,0,0,0,0,"- ","- ",39.101631164550781,-121.93173980712891,COLUSA,UNINCORPORATED,-121.93174743652344,39.101631164550781
91730785,2022,2022-03-24,9155,2022-03-21,1540,018981,,1,2,9,0600,0,3,5,,2,006,"SITES-LODOGA RD.","RAIL CANYON RD",7392.00,W,N,A,-,N,,,,,,,,,,N,3,0,1,1,A,-,08,22107,,N,F,A,A,A,H,-,A,D,0,,,Y,,Y,,C,02,0,1,0,0,0,0,0,0,1,"- ","- ",39.337059020996094,-122.46900177001953,COLUSA,UNINCORPORATED,-122.46907806396484,39.337387084960938
91737103,2022,2022-03-30,9155,2022-03-18,1520,019973,,5,2,9,0600,0,3,5,,2,002,"WILDWOOD RD","BARBRA WAY",345.00,S,N,A,-,N,,,,,,,,,,N,3,0,1,2,A,-,11,21954,A,N,D,B,D,A,H,-,A,D,0,Y,,,,Y,,N,60,0,1,0,0,1,0,0,0,0,"- ","- ",39.00830078125,-122.05606842041016,COLUSA,UNINCORPORATED,-122.05612182617188,39.00830078125
91742247,2021,2022-04-06,9155,2021-12-22,1645,018981,,3,2,9,0600,0,3,5,,2,003,"BUTTE SLOUGH ROAD","MARTY ROAD",6220.00,W,N,B,-,N,,,,,,,,,,Y,1,1,0,1,A,-,01,23152,,N,E,I,A,A,H,-,B,D,0,,,,,Y,Y,D,22,0,0,0,0,0,0,0,0,0,"- ","- ",39.194019317626953,-121.95364379882812,COLUSA,UNINCORPORATED,-121.95471954345703,39.193660736083984
91754771,2022,2022-04-22,9155,2022-04-18,1845,021343,,1,2,9,0600,0,1,1,,2,051,"I-5 N/B","HUSTED ROAD OVERCROSSING",5808.00,S,N,A,-,Y,COL,,5,,R,14.868,H,,R,Y,3,0,1,1,A,-,08,22107,,N,F,A,A,A,H,-,A,D,0,,,,Y,Y,,G,25,0,1,0,0,0,0,0,0,0,"- ","- ",39.116199493408203,-122.12245178222656,COLUSA,UNINCORPORATED,-122.12239074707031,39.116222381591797
91754790,2022,2022-04-22,9155,2022-04-13,1735,020482,,3,2,9,0600,0,3,5,,2,006,"SITES-LODOGA RD.","RAIL CANYON ROAD",7392.00,W,N,B,-,N,,,,,,,,,,Y,2,0,1,1,A,-,08,22107,,N,E,I,A,A,H,-,A,D,0,,,,,Y,,A,01,1,0,0,0,0,0,0,0,0,"- ","- ",39.336761474609375,-122.46875762939453,COLUSA,UNINCORPORATED,-122.46907806396484,39.337387084960938
91756963,2022,2022-04-26,9155,2022-04-15,0120,022070,,5,3,9,0600,0,1,3,,2,023,SR-20,"E STREET",5280.00,W,N,A,-,Y,COL,,20,,,19.275,H,,R,Y,3,0,3,1,A,-,08,22107,,N,F,J,A,A,H,-,C,D,0,,,,,Y,,D,22,0,3,0,0,0,0,0,0,0,"- ","- ",39.152538299560547,-122.19718933105469,COLUSA,UNINCORPORATED,-122.19718933105469,39.152690887451172
91762034,2022,2022-05-02,9155,2022-04-17,0040,021919,,7,3,9,0600,0,2,4,,2,010,"LONESTAR ROAD","ABEL ROAD",11088.00,S,N,A,-,N,,,,,,,,,,N,4,0,1,1,A,-,08,22107,,N,E,I,A,A,H,-,D,D,0,,,,,Y,,A,01,0,0,1,0,0,0,0,0,0,"- ","- ",39.131389617919922,-122.07872772216797,COLUSA,UNINCORPORATED,-122.078857421875,39.114532470703125
91762300,2022,2022-05-02,9155,2022-04-20,1930,018981,,3,2,9,0600,0,1,3,,2,023,SR-20,"WALNUT DR",6178.00,W,N,C,-,Y,COL,,20,,,12.073,H,,R,Y,4,0,1,1,A,-,08,22107,,N,F,I,A,B,H,-,D,D,0,,,,,Y,,A,01,0,0,1,0,0,0,0,0,0,"- ","- ",39.107650756835938,-122.30610656738281,COLUSA,UNINCORPORATED,-122.30610656738281,39.107631683349609
91767393,2022,2022-05-09,9155,2022-04-30,1115,019973,,6,1,9,0600,0,3,5,,2,002,"HALL STREET","TACITUS ST",8.00,W,N,A,-,N,,,,,,,,,,N,3,0,2,2,A,-,09,21801,B,N,A,C,A,A,H,-,A,D,0,,,,,Y,,A,07,0,2,0,0,0,0,0,0,0,"- ","- ",39.016010284423828,-122.06761932373047,COLUSA,UNINCORPORATED,-122.067667,39.015996000000001
91768039,2022,2022-05-09,9155,2022-05-06,1525,021152,,5,2,9,0600,0,1,3,,1,022,SR-20,"HUNTER ROAD",218.00,W,N,A,-,Y,COL,,20,,,28.650,H,,R,Y,3,0,3,3,A,-,03,22350,,N,C,C,A,A,H,-,A,D,0,,,,,Y,Y,A,07,0,2,1,0,0,0,0,0,0,"- ","- ",39.195358276367188,-122.04692077636719,COLUSA,UNINCORPORATED,-122.04692077636719,39.195392608642578
91771012,2022,2022-05-12,9155,2022-05-08,0830,019094,,7,1,9,0600,0,1,3,,1,016,SR-16,"MPM 7.00",20.00,W,N,A,-,N,,,,,,,,,,Y,4,0,1,1,A,-,03,22350,,N,E,I,A,A,H,-,A,D,0,,,,Y,Y,,F,26,0,0,1,0,0,0,0,0,0,"- ","- ",38.92633056640625,-122.33184051513672,COLUSA,UNINCORPORATED,-122.331787109375,38.9263916015625
91786492,2022,2022-10-05,9155,2022-05-19,2221,021919,,4,3,9,0600,0,1,3,,1,021,"STATE ROUTE 20","MOON BEND ROAD",730.00,E,N,A,-,Y,,,,,,,,,,N,2,0,1,4,A,-,08,22107,,N,G,C,E,A,H,-,C,D,0,Y,,,,Y,,A,01,1,0,0,0,1,0,0,0,0,"- ","- ",,,COLUSA,UNINCORPORATED,-121.99919128417969,39.193599700927734
91790853,2022,2022-06-08,9155,2022-05-24,2140,018981,,2,2,9,0600,0,1,3,,1,022,SR-20,"LONE STAR RD",3200.00,W,N,A,-,Y,COL,,20,,,26.285,H,,R,Y,2,0,1,1,A,-,08,22107,,N,E,8,A,A,H,-,D,D,0,,,,,Y,,A,07,1,0,0,0,0,0,0,0,0,"- ","- ",39.195781707763672,-122.09095764160156,COLUSA,UNINCORPORATED,-122.09095764160156,39.195842742919922
91791839,2022,2022-06-09,9155,2022-05-31,0118,021343,,2,3,9,0600,0,1,1,,2,051,"INTERSTATE 5 S/B","MYERS ROAD OVERCROSSING",2640.00,N,N,A,-,Y,COL,,5,,R,14.229,H,,L,Y,3,0,1,1,A,-,08,22107,,N,E,I,A,A,H,-,D,D,0,,,,,Y,,A,07,0,1,0,0,0,0,0,0,0,"- ","- ",39.107711791992188,-122.11756134033203,COLUSA,UNINCORPORATED,-122.11750030517578,39.107723236083984
91791944,2022,2022-06-09,9155,2022-06-01,1330,019094,,3,1,9,0600,0,1,1,,2,051,"I-5 N/B","COUNTY LINE RD O/C",2640.00,N,N,A,-,Y,COL,,5,,R,0.514,H,,R,Y,4,0,1,1,A,-,01,23152,A,N,E,8,A,A,H,-,A,D,0,,,,,Y,Y,A,01,0,0,1,0,0,0,0,0,0,"- ","- ",38.932651519775391,-122.00235748291016,COLUSA,UNINCORPORATED,-122.00243377685547,38.932643890380859
91796748,2022,2022-06-16,9155,2022-06-04,0320,021919,,6,3,9,0600,0,1,1,,2,052,"I-5 S/B","FRESHWATER ROAD",2640.00,N,N,A,-,Y,COL,,5,,R,19.880,H,,L,Y,4,0,1,1,A,-,08,22107,,N,F,A,A,B,H,-,D,D,0,,,,,Y,,D,22,0,0,1,0,0,0,0,0,0,"- ","- ",39.180511474609375,-122.16191101074219,COLUSA,UNINCORPORATED,-122.16196441650391,39.180473327636719
91800076,2022,2022-06-21,9155,2022-06-11,0355,022070,,6,3,9,0600,0,3,5,,2,001,"OLD HWY 99W","GRIMES-ARBUCKLE RD",6600.00,S,N,A,-,N,,,,,,,,,,Y,3,0,2,2,A,-,01,23152,A,F,A,C,A,A,H,-,D,D,0,,,,,Y,Y,A,01,0,2,0,0,0,0,0,0,0,"- ","- ",38.996688842773438,-122.04318237304688,COLUSA,UNINCORPORATED,,
91802826,2022,2022-06-24,9155,2022-06-15,1200,019094,,3,1,9,0600,0,1,1,,2,051,"I-5 N/B","HALL ST O/C",792.00,N,N,A,-,Y,COL,,5,,,7.312,H,,R,N,4,0,1,2,A,-,07,21658,A,N,B,C,A,A,H,-,A,D,0,,,,Y,Y,,G,25,0,0,1,0,0,0,0,0,0,"- ","- ",39.019008636474609,-122.05998229980469,COLUSA,UNINCORPORATED,-122.05997467041016,39.019012451171875
91802837,2022,2022-06-24,9155,2022-06-17,1845,021152,,5,2,9,0600,0,3,5,,2,006,"KING ROAD","MANOR ROAD",5808.00,N,N,B,-,N,,,,,,,,,,Y,3,0,5,1,A,-,03,22350,,N,F,A,A,A,H,-,A,D,0,,,,,Y,,A,07,0,5,0,0,0,0,0,0,0,"- ","- ",39.141429901123047,-122.30011749267578,COLUSA,UNINCORPORATED,-122.28143310546875,39.14910888671875
91803704,2022,2022-06-27,9155,2022-06-19,2200,021919,,7,3,9,0600,0,1,S,,2,901,"SR-20 E/B","WILL S. GREEN RD",1056.00,E,N,A,-,Y,COL,,20,,,30.247,H,,R,N,3,0,1,2,A,-,08,22107,,N,G,B,E,A,H,-,D,D,0,Y,,,,Y,,D,22,0,1,0,0,1,0,0,0,0,"- ","- ",39.204471588134766,-122.02057647705078,COLUSA,UNINCORPORATED,-122.02064514160156,39.204513549804688
91810074,2022,2022-07-05,9155,2022-06-22,2244,022201,,3,3,9,0600,0,1,1,,2,051,"I-5 S/B","FREEWAY UNDERCROSS ROAD",4224.00,N,N,A,-,Y,COL,,5,,R,8.487,H,,L,Y,3,0,1,3,A,-,03,22350,,N,C,C,A,A,H,-,D,D,0,,,,Y,Y,,-,"- ",0,1,0,0,0,0,0,0,0,"- ","- ",39.034511566162109,-122.06874084472656,COLUSA,UNINCORPORATED,-122.06871795654297,39.034519195556641
91810184,2022,2022-07-05,9155,2022-06-23,0140,021343,,4,3,9,0600,0,1,1,,2,051,"INTERSTATE 5 N/B","MYERS ROAD OVERCROSSING",650.00,S,N,A,-,Y,COL,,5,,R,13.582,H,,R,Y,2,0,1,1,A,-,08,22107,,N,F,A,A,A,H,-,D,D,0,,,Y,,Y,,C,02,1,0,0,0,0,0,0,0,1,"- ","- ",39.099140167236328,-122.11302185058594,COLUSA,UNINCORPORATED,-122.11315155029297,39.099067687988281
91819766,2022,2022-07-18,9155,2022-07-07,1820,021152,,4,2,9,0600,0,3,5,,2,006,"FOUTS SPRING RD","TROUGH SPRING RIDGE",7920.00,S,N,A,-,N,,,,,,,,,,Y,2,0,1,1,A,-,08,22107,,N,F,A,A,A,H,-,A,D,0,,,,,Y,,A,07,1,0,0,0,0,0,0,0,0,"- ","- ",39.362659454345703,-122.65167236328125,COLUSA,UNINCORPORATED,-122.62696838378906,39.364498138427734
91820102,2022,2022-07-19,9155,2022-06-30,2027,021152,,4,2,9,0600,0,1,1,,2,051,"I-5 S/B","STATE HIGHWAY 20",285.00,S,N,A,-,Y,,,,,,,,,,Y,2,0,1,1,A,-,01,23152,A,N,F,A,A,A,H,-,A,D,0,,,,,Y,Y,A,01,1,0,0,0,0,0,0,0,0,"- ","- ",39.165309906005859,-122.15058135986328,COLUSA,UNINCORPORATED,-122.14859008789062,39.164039611816406
91820124,2022,2022-07-19,9155,2022-07-07,2035,022201,,4,2,9,0600,0,3,5,,2,003,"RIVER ROAD","BUTTE SLOUGH ROAD",4752.00,N,N,A,-,N,,,,,,,,,,Y,4,0,1,1,A,-,01,23152,A,N,F,I,A,A,H,-,B,D,0,,,,,Y,Y,A,01,0,0,1,0,0,0,0,0,0,"- ","- ",39.228111267089844,-121.99504852294922,COLUSA,UNINCORPORATED,-121.99504852294922,39.227981567382812
9182103,2020,2020-12-10,0601,2020-10-23,0820,8448,0601,5,5,2,0601,0,0,0,,0,00A,"RT 20","6TH ST",0.00,,Y,A,-,Y,COL,3,20,-,-,31.390,I,5,W,Y,3,0,1,2,A,-,08,22107,,N,B,C,A,A,H,-,A,D,0,,,,,Y,,A,01,0,1,0,0,0,0,0,0,0,"- ","- ",,,COLUSA,COLUSA,-122.00937652587891,39.214389801025391
91823984,2022,2022-07-25,9155,2022-07-10,1555,019094,,7,2,9,0600,0,1,1,,2,051,I-5,"CORTINA CREEK U/C",264.00,S,N,A,-,Y,COL,,5,,R,12.491,H,,R,Y,3,0,1,2,A,-,01,23152,F,M,E,I,A,A,H,-,A,D,0,,,,,Y,,A,01,0,1,0,0,0,0,0,0,0,"- ","- ",39.085849761962891,-122.10228729248047,COLUSA,UNINCORPORATED,-122.10218811035156,39.085891723632812
91834991,2022,2022-08-08,9155,2022-07-27,1745,018981,,3,2,9,0600,0,3,5,,2,001,"YOLO COUNTY LINE RD","RD 88",600.00,E,N,A,-,N,,,,,,,,,,Y,2,0,2,1,A,-,08,22107,,N,F,I,A,A,H,-,A,D,0,,,,,Y,,A,07,1,1,0,0,0,0,0,0,0,"- ","- ",38.925521850585938,-121.98681640625,COLUSA,UNINCORPORATED,,
91837062,2022,2022-08-10,9155,2022-08-01,0855,018981,,1,1,9,0600,0,2,4,,2,010,"LONE STAR RD","WARE RD",80.00,S,N,B,-,N,,,,,,,,,,N,3,0,1,1,A,-,08,22107,,N,E,I,A,A,H,-,A,D,0,,,,,Y,,A,01,0,1,0,0,0,0,0,0,0,"- ","- ",39.115390777587891,-122.07893371582031,COLUSA,UNINCORPORATED,-122.07884979248047,39.115398406982422
91837931,2022,2022-08-11,9155,2022-08-09,0555,019094,,2,3,9,0600,0,3,5,,2,002,"GREENBAY RD","GABBY RD",475.00,E,N,A,-,N,,,,,,,,,,Y,2,0,1,2,A,-,03,22350,,N,C,C,A,A,H,-,B,D,0,,,,,Y,,D,22,1,0,0,0,0,0,0,0,0,"- ","- ",38.965911865234375,-122.02599334716797,COLUSA,UNINCORPORATED,-122.02609252929688,38.965869903564453
91842716,2022,2022-08-17,9155,2022-08-08,0955,018981,,1,1,9,0600,0,1,3,,2,023,SR-20,"WALNUT DR",9504.00,W,N,A,-,Y,COL,,20,,,11.449,H,,R,Y,4,0,1,1,A,-,08,22107,,N,F,I,A,A,H,-,A,D,0,,,,,Y,,A,01,0,0,1,0,0,0,0,0,0,"- ","- ",39.1055908203125,-122.3172607421875,COLUSA,UNINCORPORATED,-122.3172607421875,39.10565185546875
91842821,2022,2022-08-17,9155,2022-08-07,2115,021060,,7,2,9,0600,0,1,3,,1,022,SR-20,"LONESTAR ROAD",7920.00,W,N,A,-,Y,COL,,20,,,26.080,H,,R,Y,2,0,1,1,A,-,01,23152,A,N,F,J,A,A,H,-,D,D,0,,,,,Y,Y,A,01,1,0,0,0,0,0,0,0,0,"- ","- ",39.195289611816406,-122.09462738037109,COLUSA,UNINCORPORATED,-122.09468078613281,39.195381164550781
91843240,2022,2022-08-18,9155,2022-07-28,2142,022201,,4,2,9,0600,0,1,3,,1,021,"SR-20 E/B","FARINON ROAD",1056.00,E,N,A,-,Y,COL,,20,,,34.147,H,,R,Y,3,0,3,4,A,-,03,22350,,N,C,C,F,A,H,-,D,D,0,Y,,,,Y,Y,A,01,0,2,1,0,2,0,0,0,0,"- ","- ",39.181900024414062,-121.99259185791016,COLUSA,UNINCORPORATED,-121.99263000488281,39.181884765625
91844105,2022,2022-08-19,9155,2022-07-28,2140,022070,,4,2,9,0600,0,1,3,,1,021,"SR-20 E/B","FARINON RD",106.00,E,N,A,-,N,,,,,,,,,,Y,3,0,4,2,A,-,01,23153,A,N,A,C,A,A,H,-,C,D,0,,,,,Y,Y,A,01,0,1,3,0,0,0,0,0,0,"- ","- ",38.181938171386719,-121.99257659912109,COLUSA,UNINCORPORATED,-121.99417114257812,39.184764862060547
91845737,2022,2022-08-22,9155,2022-08-10,1945,018981,,3,2,9,0600,0,3,5,,2,004,"GIBSON RD","FRESHWATER RD",690.00,N,N,A,-,N,,,,,,,,,,Y,2,0,1,1,A,-,01,23152,A,M,E,I,A,A,H,-,A,D,0,,,,,Y,Y,D,22,1,0,0,0,0,0,0,0,0,"- ","- ",39.176528930664062,-122.18919372558594,COLUSA,UNINCORPORATED,-122.18912506103516,39.176376342773438
91847495,2022,2022-08-24,9155,2022-08-12,0746,020444,,5,1,9,0600,0,1,3,,1,042,SR-45,"NEVA AVE",164.00,N,N,A,-,Y,COL,,45,,,20.385,H,,R,N,4,0,1,2,A,-,03,22350,,N,C,C,A,A,D,-,A,A,0,,,,Y,Y,,G,25,0,0,1,0,0,0,0,0,0,"- ","- ",39.221099853515625,-122.01923370361328,COLUSA,UNINCORPORATED,-122.01921844482422,39.221099853515625
91852274,2022,2022-08-29,9155,2022-08-16,1035,019094,,2,1,9,0600,0,3,5,,2,003,"GRIDLEY RD","RIVER RD",4435.00,E,N,A,-,N,,,,,,,,,,Y,2,0,1,1,A,-,08,22107,,N,F,I,A,A,H,-,A,D,0,,,,Y,Y,,F,27,1,0,0,0,0,0,0,0,0,"- ","- ",39.344440460205078,-121.98851776123047,COLUSA,UNINCORPORATED,-121.98845672607422,39.344394683837891
91853556,2022,2022-08-30,9155,2022-08-20,2500,022070,,6,4,9,0600,0,3,5,,2,002,"SAND CREEK RD","CORTINA SCHOOL RD",23760.00,W,N,A,-,N,,,,,,,,,,N,4,0,1,1,A,-,03,22350,,N,E,I,A,A,A,-,A,D,0,,,Y,,Y,,-,"- ",0,0,1,0,0,0,0,0,1,"- ","- ",38.996261596679688,-122.22071838378906,COLUSA,UNINCORPORATED,-122.21471405029297,38.997959136962891
91853647,2022,2022-08-30,9155,2022-08-24,1640,018981,,3,2,9,0600,0,1,1,,2,051,"INTERSTATE 5 N/B","HAHN RD",5000.00,S,N,A,-,Y,COL,,5,,R,9.355,H,,R,Y,3,0,1,1,A,-,08,22107,,N,F,I,A,A,H,-,A,D,0,,,,,Y,,D,22,0,1,0,0,0,0,0,0,0,"- ","- ",39.045818328857422,-122.07569885253906,COLUSA,UNINCORPORATED,-122.07575988769531,39.045795440673828
91856157,2022,2022-09-02,9155,2022-08-15,0715,016414,,1,1,9,0600,0,1,1,,2,052,"INTERSTATE 5 N/B","MAXWELL/COLUSA RD.",4752.00,N,N,A,-,Y,COL,,5,,R,27.636,H,,R,Y,3,0,1,2,A,-,01,23152,G,N,C,C,A,A,H,-,A,D,0,,,,Y,Y,,A,01,0,1,0,0,0,0,0,0,0,"- ","- ",39.289348602294922,-122.18424224853516,COLUSA,UNINCORPORATED,-122.18426513671875,39.289348602294922
91856410,2022,2022-09-02,9155,2022-08-20,0555,019973,,6,3,9,0600,0,3,5,,2,002,"MYERS RD","ZUMWALT RD",0.00,,Y,A,-,N,,,,,,,,,,N,3,0,2,2,A,-,09,21802,A,N,D,C,A,A,H,-,B,D,0,,,,Y,Y,,A,01,0,2,0,0,0,0,0,0,0,"- ","- ",39.101329803466797,-122.15186309814453,COLUSA,UNINCORPORATED,-122.15179443359375,39.101238250732422
91859243,2022,2022-09-07,9155,2022-08-14,0335,022070,,7,3,9,0600,0,2,4,,2,011,"OLD HWY 99W","HAHN ROAD",7392.00,N,N,A,-,N,,,,,,,,,,Y,4,0,1,1,A,-,01,23152,A,N,E,I,A,A,H,-,D,D,0,,,,,Y,Y,-,"- ",0,0,1,0,0,0,0,0,0,"- ","- ",39.074790954589844,-122.09459686279297,COLUSA,UNINCORPORATED,,
91866538,2022,2022-09-16,9155,2022-08-28,1140,019094,,7,1,9,0600,0,1,1,,2,051,"INTERSTATE 5 NORTHBOUND (N/B)","HILLGATE RD U/C",317.00,N,N,A,-,Y,COL,,5,,,6.905,H,,R,N,4,0,1,1,A,-,08,22107,,N,E,I,A,A,H,-,A,D,0,,,,,Y,,A,01,0,0,1,0,0,0,0,0,0,"- ","- ",39.013881683349609,-122.05629730224609,COLUSA,UNINCORPORATED,-122.05625152587891,39.013919830322266
91866573,2022,2022-09-16,9155,2022-09-12,0755,019094,,1,1,9,0600,0,3,5,,2,002,"WILDWOOD RD","BRUENER RD",475.00,N,N,A,-,N,,,,,,,,,,Y,4,0,3,2,A,-,03,22350,,N,B,C,A,A,H,-,A,A,0,,,,,Y,,A,01,0,0,3,0,0,0,0,0,0,"- ","- ",38.938278198242188,-122.06092834472656,COLUSA,UNINCORPORATED,-122.06098937988281,38.938003540039062
91866598,2022,2022-11-03,9155,2022-09-05,1750,021919,,1,2,9,0600,0,1,3,,1,022,"STATE ROUTE 20","WALNUT DRIVE",20064.00,W,N,A,-,Y,COL,,20,,,9.576,H,,R,Y,2,0,1,1,A,-,08,22107,,N,E,I,A,A,H,-,A,D,0,,,,,Y,,A,07,1,0,0,0,0,0,0,0,0,"- ","- ",39.092910766601562,-122.34436798095703,COLUSA,UNINCORPORATED,-122.34443664550781,39.092926025390625
91866636,2022,2022-09-16,9155,2022-09-02,0535,020444,,5,3,9,0600,0,3,5,,2,004,"GRIDLEY RD","BUTLER RD",3168.00,E,N,A,-,N,,,,,,,,,,Y,2,0,1,1,A,-,08,22107,,N,F,A,A,A,H,-,D,A,0,,,,Y,Y,,F,26,1,0,0,0,0,0,0,0,0,"- ","- ",39.362201690673828,-121.92591857910156,COLUSA,UNINCORPORATED,-121.92507934570312,39.362129211425781
91866644,2022,2022-09-16,9155,2022-09-12,0756,019094,,1,1,9,0600,0,3,5,,2,002,"WILDWOOD RD","BRUENER RD",528.00,N,N,A,-,N,,,,,,,,,,Y,4,0,1,2,A,-,03,22350,,N,C,C,A,A,H,-,A,A,0,,,,,Y,,A,01,0,0,1,0,0,0,0,0,0,"- ","- ",38.938430786132812,-122.06098175048828,COLUSA,UNINCORPORATED,-122.06098175048828,38.938148498535156
91870666,2022,2022-09-22,9155,2022-06-23,1625,021152,,4,2,9,0600,0,3,5,,2,006,"BUTTE SLOUGH RD","RIVER RD",2640.00,E,N,A,-,N,,,,,,,,,,N,1,1,0,1,A,-,08,22107,,N,E,I,A,A,H,-,A,D,0,,,,,Y,,A,01,0,0,0,0,0,0,0,0,0,"- ","- ",39.212959289550781,-121.99124145507812,COLUSA,UNINCORPORATED,-121.99136352539062,39.21331787109375
91870732,2022,2022-09-22,9155,2022-09-13,1540,018981,,2,2,9,0600,0,3,5,,2,005,"OLD HWY 99W","CENTRAL ST",0.00,,Y,A,-,N,,,,,,,,,,Y,4,0,1,3,A,-,09,21802,A,N,D,C,A,A,H,-,A,A,0,,,,Y,Y,,A,07,0,0,1,0,0,0,0,0,0,"- ","- ",39.272731781005859,-122.19171905517578,COLUSA,UNINCORPORATED,-122.19168500000001,39.272685000000003
91874664,2022,2022-09-27,9155,2022-09-18,0707,020444,,7,1,9,0600,0,1,3,,1,042,SR-45,NEVA,170.00,N,N,B,-,Y,COL,,45,,,20.382,H,,R,Y,3,0,1,1,A,-,03,22350,,N,E,I,A,B,H,-,B,D,0,,,,,Y,,A,01,0,1,0,0,0,0,0,0,0,"- ","- ",39.2210693359375,-122.01925659179688,COLUSA,UNINCORPORATED,-122.01921081542969,39.2210693359375
91874737,2022,2022-09-27,9155,2022-09-23,0640,020482,,5,1,9,0600,0,2,4,,2,010,"LONE STAR ROAD","ABEL RD",2640.00,N,N,A,-,N,,,,,,,,,,Y,3,0,1,1,A,-,08,22107,,N,E,I,A,A,H,-,B,D,0,,,,,Y,,A,07,0,1,0,0,0,0,0,0,0,"- ","- ",39.151790618896484,-122.07862854003906,COLUSA,UNINCORPORATED,-122.07855224609375,39.152229309082031
91876592,2022,2022-09-29,9155,2022-09-19,0500,021343,,1,3,9,0600,0,1,3,,1,042,SR-45,"DODGE ROAD",1056.00,N,N,A,-,Y,,,,,,,,,,Y,2,0,1,1,A,-,08,22107,,N,E,I,A,B,H,-,E,D,0,,,,,Y,,-,"- ",1,0,0,0,0,0,0,0,0,"- ","- ",34.348381042480469,-122.03250885009766,COLUSA,UNINCORPORATED,-122.01918792724609,39.38006591796875
91886127,2022,2023-03-10,9155,2022-10-02,1723,021343,,7,2,9,0600,0,1,1,,2,052,"INTERSTATE 5 SOUTHBOUND","MAXWELL ROAD OVERCROSSING",2112.00,S,N,A,-,Y,COL,,5,,R,26.365,H,,L,Y,2,0,4,2,A,-,01,23152,A,N,C,C,A,A,H,-,A,D,0,,,,,Y,Y,A,01,1,3,0,0,0,0,0,0,0,"- ","- ",39.271018981933594,-122.18267822265625,COLUSA,UNINCORPORATED,-122.18257141113281,39.271018981933594
91888787,2022,2022-10-12,9155,2022-06-26,1630,021060,,7,2,9,0600,0,3,5,,2,004,"FOREST RTE 17N22","FOUTS SPRINGS RD",11088.00,W,N,A,-,N,,,,,,,,,,N,1,1,2,1,B,-,22,,,N,F,A,A,A,G,-,A,D,0,,,Y,,Y,,C,06,1,1,0,0,0,0,0,1,2,"- ","- ",39.335418701171875,-122.65342712402344,COLUSA,UNINCORPORATED,-122.66092681884766,39.3507080078125
91891994,2022,2022-10-17,9155,2022-09-14,1235,020517,,3,1,9,0600,0,1,1,,2,052,"INTERSTATE 5 NORTHBOUND","MAXWELL ROAD",3636.00,N,N,A,-,Y,COL,,5,,R,27.420,H,,R,Y,1,1,0,3,A,-,08,22107,,N,D,C,A,A,H,-,A,D,0,,,,Y,Y,,-,"- ",0,0,0,0,0,0,0,0,0,"- ","- ",39.286220550537109,-122.18403625488281,COLUSA,UNINCORPORATED,-122.18379974365234,39.286243438720703
91894390,2022,2022-10-19,9155,2022-10-05,2120,022647,,3,2,9,0600,0,3,5,,2,002,"COUNTY LINE ROAD","WILDWOOD ROAD",1531.00,E,N,A,-,N,,,,,,,,,,Y,3,0,1,1,A,-,01,23152,A,M,E,I,A,A,H,-,D,D,0,,,,,Y,Y,A,07,0,1,0,0,0,0,0,0,0,"- ","- ",38.925891876220703,-122.05523681640625,COLUSA,UNINCORPORATED,-122.06111145019531,38.925861358642578
91900027,2022,2022-10-26,9155,2022-10-15,1707,020482,,6,2,9,0600,0,2,4,,2,010,"LONE STAR ROAD",SR-20,3168.00,S,N,A,-,N,,,,,,,,,,Y,4,0,1,1,A,-,08,22107,,N,E,I,A,A,H,-,A,D,0,,,,,Y,,A,08,0,0,1,0,0,0,0,0,0,"- ","- ",39.185420989990234,-122.07833099365234,COLUSA,UNINCORPORATED,-122.07837677001953,39.186996459960938
91900771,2022,2022-10-27,9155,2022-10-14,2040,021507,,5,2,9,0600,0,3,5,,2,004,"INTERSTATE 5 NORTHBOUND","DELEVAN ROAD",7392.00,N,N,A,-,Y,,,,,,,,,,Y,3,0,1,1,A,-,01,23152,A,N,F,A,A,A,H,-,D,D,0,,,,,Y,Y,-,"- ",0,1,0,0,0,0,0,0,0,"- ","- ",39.369998931884766,-123.19239807128906,COLUSA,UNINCORPORATED,-122.19275665283203,39.368854522705078
91901004,2022,2022-10-27,9155,2022-10-11,1030,019094,,2,1,9,0600,0,3,5,,2,001,"ABEL RD","LONESTAR RD",4752.00,W,N,A,-,N,,,,,,,,,,Y,3,0,1,1,A,-,08,22107,,N,F,A,A,A,H,-,A,D,0,,,,Y,Y,,G,25,0,1,0,0,0,0,0,0,0,"- ","- ",39.145088195800781,-122.09568023681641,COLUSA,UNINCORPORATED,-122.09541320800781,39.145065307617188
91905706,2022,2022-10-31,9155,2022-10-07,1939,021919,,5,2,9,0600,0,1,1,,2,051,"INTERSTATE 5 NORTHBOUND","MYERS ROAD",2640.00,S,N,A,-,Y,COL,,5,,R,13.175,H,,R,Y,2,0,2,2,A,-,01,23152,A,N,A,C,A,A,H,-,D,D,0,,,,,Y,Y,D,23,2,0,0,0,0,0,0,0,0,"- ","- ",39.094631195068359,-122.10817718505859,COLUSA,UNINCORPORATED,-122.10811614990234,39.094661712646484
91905910,2022,2022-10-31,9155,2022-10-20,2044,021507,,4,2,9,0600,0,1,S,,2,704,"INTERSTATE 5 SOUTHBOUND","LURLINE AVENUE",36.00,S,N,A,-,Y,COL,,5,,R,22.655,H,,L,Y,2,0,1,2,A,-,08,22107,,N,D,C,A,A,H,-,D,D,0,,,,,Y,,D,22,1,0,0,0,0,0,0,0,0,"- ","- ",39.217250823974609,-122.18135070800781,COLUSA,UNINCORPORATED,-122.18132781982422,39.217250823974609
91905993,2022,2022-10-31,9155,2022-10-26,1630,019973,,3,2,9,0600,0,3,5,,2,002,"WILDWOOD RD","HARRINGTON AVE",0.00,,Y,A,-,N,,,,,,,,,,Y,4,0,1,2,A,-,09,21802,A,N,D,C,A,A,H,-,A,D,0,,,,,Y,,-,"- ",0,0,1,0,0,0,0,0,0,"- ","- ",38.951221466064453,-122.0609130859375,COLUSA,UNINCORPORATED,-122.06089019775391,38.951198577880859
91909041,2022,2022-11-03,9155,2022-10-27,1615,019973,,4,2,9,0600,0,3,5,,2,001,"GRIMES-ARBUCKLE RD","DRY SLOUGH RD",0.00,,Y,A,-,N,,,,,,,,,,N,4,0,1,2,A,-,05,21752,D,N,D,C,A,A,H,-,A,D,0,,,,,Y,,-,"- ",0,0,1,0,0,0,0,0,0,"- ","- ",39.05670166015625,-121.99250793457031,COLUSA,UNINCORPORATED,-121.94178009033203,39.056560516357422
91917538,2022,2022-11-14,9155,2022-10-30,1001,020444,,7,1,9,0600,0,1,3,,1,021,"RT 20",SR45,528.00,W,N,A,-,Y,COL,,20,,,36.596,H,,R,N,3,0,1,1,A,-,08,22107,,N,F,A,A,A,H,-,A,A,0,,,,,Y,,A,01,0,1,0,0,0,0,0,0,0,"- ","- ",39.151679992675781,-121.96797180175781,COLUSA,UNINCORPORATED,-121.96806335449219,39.151596069335938
91920677,2022,2022-11-17,9155,2022-11-02,1405,020744,,3,2,9,0600,0,1,1,,2,052,"I-5 S/B","STATE ROUTE 20",2240.00,N,N,A,-,Y,COL,,5,,R,19.154,H,,L,Y,3,0,1,1,A,-,08,22107,,N,F,I,A,A,H,-,A,D,0,,,,,Y,,A,01,0,1,0,0,0,0,0,0,0,"- ","- ",39.172279357910156,-122.15347290039062,COLUSA,UNINCORPORATED,-122.15355682373047,39.172248840332031
91921800,2022,2022-11-18,9155,2022-09-02,1935,020482,,5,2,9,0600,0,1,3,,2,023,SR-20,"WALNUT DR",21120.00,W,N,A,-,Y,COL,,20,,,9.290,H,,R,Y,1,1,1,2,A,-,08,22107,,N,A,C,A,A,H,-,B,D,0,,,Y,,Y,,C,02,0,0,1,0,0,0,0,1,0,"- ","- ",39.088951110839844,-122.34593200683594,COLUSA,UNINCORPORATED,-122.34593200683594,39.088951110839844
9192904,2020,2020-12-31,0602,2020-11-08,1822,P58,1,7,5,2,0602,0,0,0,,0,,"RT 20","N VIRGINIA WY",0.00,,Y,A,-,Y,COL,3,20,-,R,21.414,I,5,E,Y,2,0,4,3,A,-,09,21804,A,N,D,D,A,A,H,-,C,D,0,,,,,Y,,A,07,1,0,3,0,0,0,0,0,0,"- ","- ",,,COLUSA,WILLIAMS,-122.16093444824219,39.161117553710938
91929474,2022,2022-11-29,9155,2022-11-05,2235,021507,,6,3,9,0600,0,1,1,,2,052,"INTERSTATE 5 SOUTHBOUND","MAXWELL ROAD",335.00,N,N,B,-,Y,COL,,5,,R,26.797,H,,L,Y,3,0,1,2,A,-,01,23152,A,M,B,C,A,A,H,-,D,D,0,,,,,Y,Y,A,01,0,1,0,0,0,0,0,0,0,"- ","- ",39.277278900146484,-122.18276977539062,COLUSA,UNINCORPORATED,-122.18276214599609,39.277278900146484
91930434,2022,2022-11-30,9155,2022-11-16,0805,019094,,3,1,9,0600,0,3,5,,2,001,"COUNTY LINE RD","OLD HIGHWAY 99W",0.00,,Y,A,-,N,,,,,,,,,,Y,4,0,1,2,A,-,09,21802,A,N,D,C,A,A,H,-,A,A,0,,,,,Y,,D,22,0,0,1,0,0,0,0,0,0,"- ","- ",38.925510406494141,-121.99668121337891,COLUSA,UNINCORPORATED,-122.07969665527344,38.925712585449219
91931612,2022,2022-12-01,9155,2022-08-12,0640,019973,,5,1,9,0600,0,1,3,,2,023,SR-20,"WALNUT DR",4000.00,W,N,A,-,Y,COL,,20,,,12.540,H,,R,Y,1,1,0,2,A,-,08,22107,,N,A,C,A,A,H,-,B,D,0,,,,Y,Y,,A,01,0,0,0,0,0,0,0,0,0,"- ","- ",39.112689971923828,-122.30039978027344,COLUSA,UNINCORPORATED,-122.30034637451172,39.112651824951172
91935582,2022,2022-12-06,9155,2022-11-08,2500,016414,,2,4,9,0600,0,3,5,,2,004,"OLD 99 W","GLENN/COLUSA COUNTY LINE",1300.00,S,N,B,C,N,,,,,,,,,,Y,3,0,1,1,A,-,08,22107,,N,F,A,A,B,H,-,D,D,0,,,,,Y,,A,07,0,1,0,0,0,0,0,0,0,"- ","- ",39.381290435791016,-122.19216156005859,COLUSA,UNINCORPORATED,,
91947901,2022,2022-12-21,9155,2022-11-29,1740,018981,,2,2,9,0600,0,1,3,,2,023,SR-20,"20 COL 8.56",500.00,E,N,A,-,Y,COL,,20,,,8.610,H,,R,Y,2,0,1,1,A,-,08,22107,,N,E,8,A,A,H,-,D,D,0,,,,,Y,,D,22,1,0,0,0,0,0,0,0,0,"- ","- ",39.079120635986328,-122.34689331054688,COLUSA,UNINCORPORATED,-122.34676361083984,39.079120635986328
91947976,2022,2022-12-21,9155,2022-12-06,0730,019094,,2,1,9,0600,0,1,3,,2,023,"STATE ROUTE 20","WALNUT DR",6336.00,W,N,B,-,Y,COL,,20,,,12.200,H,,R,Y,3,0,1,1,A,-,03,22350,,N,E,I,A,B,H,-,A,D,0,,,,,Y,,D,22,0,1,0,0,0,0,0,0,0,"- ","- ",39.108860015869141,-122.30438232421875,COLUSA,UNINCORPORATED,-122.304443359375,39.108894348144531
91952921,2022,2022-12-27,9155,2022-12-14,0217,020517,,3,3,9,0600,0,1,1,,2,052,"INTERSTATE 5 SOUTHBOUND","COUNTY ROAD 68",10032.00,S,N,A,-,Y,COL,,20,,,38.545,H,,R,Y,2,0,1,1,A,-,03,22350,,N,E,J,A,A,H,-,D,D,0,,,,,Y,,-,"- ",1,0,0,0,0,0,0,0,0,"- ","- ",39.146041870117188,-121.93283081054688,COLUSA,UNINCORPORATED,-121.93283081054688,39.145999908447266
91954303,2022,2022-12-28,9155,2022-12-05,1030,016414,,1,1,9,0600,0,3,5,,2,006,"KING RD.","TEHAMA/COLUSA CANAL BRIDGE",2065.00,W,N,B,-,N,,,,,,,,,,Y,2,0,1,1,A,-,08,22107,,N,F,A,A,B,H,-,A,D,0,,,,,Y,,A,07,1,0,0,0,0,0,0,0,0,"- ","- ",39.143501281738281,-122.29704284667969,COLUSA,UNINCORPORATED,-122.297043,39.143501000000001
91955266,2022,2022-12-29,9155,2022-12-27,0130,021343,,2,3,9,0600,0,3,5,,2,001,"ZUMWALT ROAD","HANKINS ROAD",0.00,,Y,C,-,N,,,,,,,,,,Y,2,0,1,1,A,-,01,23152,A,N,E,I,A,B,H,-,D,D,0,,,,,Y,Y,A,01,1,0,0,0,0,0,0,0,0,"- ","- ",39.145118713378906,-122.15135192871094,COLUSA,UNINCORPORATED,-122.1514892578125,39.1451416015625
91955345,2022,2022-12-29,9155,2022-12-25,0910,019094,,7,1,9,0600,0,3,5,,2,001,"OLD HIGHWAY 99W","EDDY RD",0.00,,Y,B,E,N,,,,,,,,,,Y,2,0,2,2,A,-,08,22107,,N,D,C,A,A,H,-,A,D,0,,,,,Y,,D,22,1,1,0,0,0,0,0,0,0,"- ","- ",38.962230682373047,-122.02043914794922,COLUSA,UNINCORPORATED,-122.02039499999999,38.962074999999999
91955353,2022,2022-12-29,9155,2022-12-28,0700,019094,,3,1,9,0600,0,2,4,,2,010,"LONESTAR RD","HAHN RD",0.00,,Y,E,-,N,,,,,,,,,,Y,4,0,1,1,A,-,12,22450,A,N,E,I,A,A,H,-,B,A,0,,,,,Y,,A,01,0,0,1,0,0,0,0,0,0,"- ","- ",39.056720733642578,-122.0791015625,COLUSA,UNINCORPORATED,-122.0789794921875,39.056812286376953
91957439,2022,2023-01-02,9155,2022-12-29,1530,019973,,4,2,9,0600,0,1,3,,2,023,SR-20,"WALNUT DR",5861.00,W,N,B,C,Y,COL,,20,,,12.146,H,,R,Y,4,0,1,1,A,-,08,22107,,N,E,I,A,B,H,-,A,D,0,,,,,Y,,A,01,0,0,1,0,0,0,0,0,0,"- ","- ",39.108211517333984,-122.30497741699219,COLUSA,UNINCORPORATED,-122.30503082275391,39.108242034912109
91957806,2022,2023-01-02,9155,2022-12-25,1604,020444,,7,2,9,0600,0,1,1,,2,052,"I-5 N/B","MAXWELL RD",7920.00,N,N,B,-,Y,COL,,5,,R,28.255,H,,R,N,4,0,1,1,A,-,01,23152,F,N,E,I,A,A,H,-,A,A,0,,,,,Y,,A,07,0,0,1,0,0,0,0,0,0,"- ","- ",39.298290252685547,-122.18559265136719,COLUSA,UNINCORPORATED,-122.18567657470703,39.298282623291016
91957809,2022,2023-01-02,9155,2022-12-22,1210,020444,,4,1,9,0600,0,3,5,,2,003,"GRIDLEY RD","PUTNAM RD",2112.00,W,N,B,-,N,,,,,,,,,,Y,3,0,1,1,A,-,01,23152,A,N,F,A,A,A,H,-,A,A,0,,,,,Y,Y,D,22,0,1,0,0,0,0,0,0,0,"- ","- ",39.343540191650391,-121.96985626220703,COLUSA,UNINCORPORATED,-121.97019195556641,39.343494415283203
91960019,2022,2023-01-04,9155,2022-12-30,0545,019973,,5,3,9,0600,0,1,3,,2,023,SR-20,"WALNUT DR",5808.00,W,N,B,-,Y,COL,,20,,,12.390,H,,R,Y,3,0,2,1,A,-,08,22107,,N,E,I,A,B,H,-,D,D,0,,,,,Y,,A,01,0,2,0,0,0,0,0,0,0,"- ","- ",39.110958099365234,-122.30210876464844,COLUSA,UNINCORPORATED,-122.30220794677734,39.11102294921875
91965792,2022,2023-01-11,9155,2022-12-30,1245,019973,,5,1,9,0600,0,1,3,,2,023,SR-20,"WALNUT DR",5861.00,W,N,B,-,Y,COL,,20,,,12.142,H,,R,Y,3,0,1,1,A,-,08,22107,,N,F,I,A,D,H,-,A,D,0,,,,,Y,,A,01,0,1,0,0,0,0,0,0,0,"- ","- ",39.108169555664062,-122.30500793457031,COLUSA,UNINCORPORATED,-122.30506896972656,39.108203887939453
91969583,2022,2023-01-17,9155,2022-12-19,0015,022647,,1,3,9,0600,0,1,1,,2,051,"INTERSTATE 5 N/B","COUNTY LINE RD",1056.00,N,N,E,-,Y,COL,,5,,R,0.199,H,,R,Y,2,0,1,1,A,-,08,22107,,N,E,I,A,A,H,-,D,D,0,,,,,Y,,D,22,1,0,0,0,0,0,0,0,0,"- ","- ",38.928169250488281,-122.0013427734375,COLUSA,UNINCORPORATED,-122.00145721435547,38.928138732910156
91970990,2022,2023-01-18,9155,2022-12-10,0807,019973,,6,1,9,0600,0,1,1,,2,051,"I-5 NORTHBOUND","MYERS RD",1850.00,S,N,B,C,Y,COL,,5,,R,13.344,H,,R,Y,1,1,1,2,A,-,00,22017,,N,D,C,A,B,H,-,A,D,0,,,,Y,Y,,A,07,0,1,0,0,0,0,0,0,0,"- ","- ",39.096530914306641,-122.11013031005859,COLUSA,UNINCORPORATED,-122.110107421875,39.096546173095703
91989959,2023,2023-02-08,9155,2023-02-05,"700 ",020482,,7,1,9,0600,0,1,3,,1,021,SR-20,"SUNRISE BOULEVARD",342.00,E,N,A,-,Y,COL,,20," "," ",33.682,H,,R,Y,3,0,1,1,A,-,01,23152,A,N,E,8,A,A,H,-,B,D,0,,,,,Y,Y,A,07,0,1,0,0,0,0,0,0,0,"- ","- ",39.187980651855469,-121.99590301513672,COLUSA,UNINCORPORATED,-121.99604034423828,39.18792724609375
91992022,2022,2023-02-10,9155,2022-12-31,1900,022070,,6,2,9,0600,0,1,3,,2,023,SR-20,"MILE MARKER 12.04",256.00,E,N,B,-,Y,COL,,20,,,12.112,H,,R,Y,1,1,0,1,A,-,03,22350,,N,E,I,A,B,H,-,D,D,0,,,,,Y,,A,01,0,0,0,0,0,0,0,0,0,"- ","- ",39.107898712158203,-122.30547332763672,COLUSA,UNINCORPORATED,-122.30545806884766,39.107887268066406
91996514,2022,2023-02-16,9155,2022-09-29,2010,022070,,4,2,9,0600,0,1,3,,1,042,"SR-45 S/B","WINTUN ROAD",150.00,S,N,A,-,Y,COL,,45,,,22.743,H,,L,N,1,1,0,2,A,-,11,21954,A,F,G,B,D,A,H,-,D,D,0,Y,,,,Y,Y,N,60,0,0,0,1,0,0,0,0,0,"- ","- ",39.252300262451172,-122.03160095214844,COLUSA,UNINCORPORATED,-122.03157043457031,39.252300262451172
91999262,2023,2023-02-21,9155,2023-02-09,1125,019973,,4,1,9,0600,0,1,1,,2,051,"INTERSTATE 5 (I-5)","E ST",7920.00,S,N,A,-,Y,COL,,5," ",R,16.935,H,,R,N,2,0,2,2,A,-,08,22107,,N,A,C,A,A,H,-,A,D,0,,,,,Y,,D,22,1,1,0,0,0,0,0,0,0,"- ","- ",39.143199920654297,-122.13629913330078,COLUSA,UNINCORPORATED,-122.13628387451172,39.143203735351562
92000380,2023,2023-02-22,9155,2023-02-13,"700 ",020482,,1,1,9,0600,0,1,1,,2,051,"I-5 N/B","UNDERPASS ROAD",124.00,N,N,A,-,Y,COL,,5," ",R,7.758,H,,R,Y,4,0,1,1,A,-,08,22107,,N,E,I,A,A,H,-,A,D,0,,,,,Y,,A,07,0,0,1,0,0,0,0,0,0,"- ","- ",39.024990081787109,-122.06301879882812,COLUSA,UNINCORPORATED,-122.06275177001953,39.025039672851562
92007305,2023,2023-03-01,9155,2023-02-17,1844,021152,,5,2,9,0600,0,2,4,,2,010,"LONESTAR ROAD","MYERS ROAD",20.00,S,N,A,-,N,,,,,,,,,,N,4,0,1,1,A,-,01,23152,G,N,E,I,A,A,H,-,D,D,0,,,,,Y,Y,A,01,0,0,1,0,0,0,0,0,0,"- ","- ",39.100879669189453,-122.07913208007812,COLUSA,UNINCORPORATED,-122.07901000976562,39.100864410400391
92008992,2023,2023-03-03,9155,2023-02-18,1155,019973,,6,1,9,0600,0,3,5,,2,002,"WILDWOOD RD","NONPAREIL AVE",1600.00,S,N,A,-,N,,,,,,,,,,N,2,0,1,1,A,-,01,23152,A,N,F,A,A,A,H,-,A,D,0,,,,,Y,Y,D,22,1,0,0,0,0,0,0,0,0,"- ","- ",38.971950531005859,-122.06082916259766,COLUSA,UNINCORPORATED,-122.06084442138672,38.972156524658203
92014745,2023,2023-03-10,9155,2023-02-26,2353,020517,,7,3,9,0600,0,1,3,,1,042,"STATE HIGHWAY 45","NEVA AVE",0.00,,Y,B,-,Y,COL,,45," "," ",20.350,H,,R,Y,3,0,1,1,A,-,08,22107,,N,E,8,A,B,H,-,C,D,0,,,Y,,Y,,C,02,0,1,0,0,0,0,0,0,1,"- ","- ",39.220619201660156,-122.01921081542969,COLUSA,UNINCORPORATED,-122.01917266845703,39.220630645751953
92025213,2023,2023-03-22,9155,2023-03-12,1528,022033,,7,2,9,0600,0,1,1,,2,051,"I-5 N/B","MYERS ROAD",1584.00,S,N,B,C,Y,COL,,5," ",R,13.420,H,,R,Y,4,0,1,1,A,-,08,22107,,N,E,8,A,B,H,-,A,D,0,,,,,Y,,D,22,0,0,1,0,0,0,0,0,0,"- ","- ",39.09735107421875,-122.11107635498047,COLUSA,UNINCORPORATED,-122.11111450195312,39.097320556640625
92025324,2023,2023-03-22,9155,2023-03-12,1550,020517,,7,2,9,0600,0,1,3,,2,023,"STATE HIGHWAY 20",20COL0.75,150.00,W,N,B,C,Y,COL,,20," ",R,0.652,H,,R,Y,3,0,1,1,A,-,08,22107,,N,E,I,A,B,H,-,A,A,0,,,,,Y,,A,01,0,1,0,0,0,0,0,0,0,"- ","- ",39.007148742675781,-122.39811706542969,COLUSA,UNINCORPORATED,-122.39810943603516,39.007175445556641
92025692,2023,2023-03-22,9155,2023-03-12,1707,022121,,7,2,9,0600,0,1,3,,2,023,SR-20,"COL MPM 12.21",156.00,W,N,B,C,Y,COL,,20," "," ",12.192,H,,R,Y,4,0,3,3,A,-,03,22350,,N,B,E,F,B,H,-,A,D,0,Y,,,,Y,,A,01,0,0,3,0,1,0,0,0,0,"- ","- ",39.108768463134766,-122.30448150634766,COLUSA,UNINCORPORATED,-122.30453491210938,39.108798980712891
92025720,2023,2023-03-22,9155,2023-03-14,1240,022033,,2,1,9,0600,0,1,1,,2,051,"INTERSTATE 5 N/B","E STREET",100.00,S,N,B,C,Y,,,,,,,,,,Y,4,0,2,2,A,-,03,22350,,N,C,C,A,B,H,-,A,A,0,,,,,Y,,B,07,0,0,2,0,0,0,0,0,0,"- ","- ",39.157051086425781,-122.14231872558594,COLUSA,UNINCORPORATED,-122.14488220214844,39.158489227294922
92027144,2023,2023-03-23,9155,2023-03-11,1310,019973,,6,1,9,0600,0,1,1,,2,051,"INTERSTATE-5 N/B","E ST",1600.00,S,N,C,-,Y,COL,,5," ",R,17.692,H,,L,N,2,0,1,1,A,-,08,22107,,N,E,I,A,B,H,-,A,D,0,,,,,Y,,D,22,1,0,0,0,0,0,0,0,0,"- ","- ",39.153030395507812,-122.14205169677734,COLUSA,UNINCORPORATED,-122.14197540283203,39.153057098388672
92036498,2023,2023-04-04,9155,2023-03-18,"330 ",022647,,6,3,9,0600,0,2,4,,2,010,"LONESTAR RD","HAHN RD",0.00,,Y,D,-,N,,,,,,,,,,Y,2,0,1,1,A,-,03,22350,,N,E,I,A,A,H,-,D,D,0,,,,,Y,,A,07,1,0,0,0,0,0,0,0,0,"- ","- ",39.056789398193359,-122.07901000976562,COLUSA,UNINCORPORATED,-122.0789794921875,39.056812286376953
92037463,2023,2023-04-05,9155,2023-03-26,"50  ",017873,,7,3,9,0600,0,1,S,,2,904,"INTERSTATE 5 SOUTHBOUND","MAXWELL ROAD",1056.00,N,N,A,-,Y,COL,,5," ",R,26.941,H,,L,Y,3,0,1,1,A,-,08,22107,,N,E,I,A,A,H,-,C,D,0,,,,,Y,,A,07,0,1,0,0,0,0,0,0,0,"- ","- ",39.279350280761719,-122.18311309814453,COLUSA,UNINCORPORATED,-122.18305969238281,39.279354095458984
92039885,2023,2023-04-07,9155,2023-03-28,1514,020444,,2,2,9,0600,0,1,3,,1,042,SR-45,"WINTUN RD",0.00,,Y,A,-,Y,COL,,45," "," ",22.780,H,,R,Y,3,0,2,3,A,-,03,22350,,N,C,C,A,A,H,-,A,A,0,,,,Y,Y,,D,22,0,1,1,0,0,0,0,0,0,"- ","- ",39.252849578857422,-122.03157043457031,COLUSA,UNINCORPORATED,-122.03158569335938,39.252849578857422
92044263,2023,2023-04-13,9155,2023-04-03,1558,020444,,1,2,9,0600,0,1,1,,2,051,"I-5 N/B","COLLEGE CITY OFF-RAMP",1000.00,N,N,A,-,Y,COL,,5," ",R,6.653,H,,R,Y,4,0,1,2,A,-,07,21658,A,N,C,C,A,A,H,-,A,A,0,,,,Y,Y,,A,07,0,0,1,0,0,0,0,0,0,"- ","- ",39.011760711669922,-122.05343627929688,COLUSA,UNINCORPORATED,-122.05345153808594,39.011756896972656
92045002,2023,2023-04-14,9155,2023-03-31,2030,022647,,5,2,9,0600,0,1,1,,2,051,"INTERSTATE 5 N/B","MYERS RD",750.00,N,N,A,-,Y,COL,,5," ",R,13.893,H,,R,Y,2,0,1,1,A,-,08,22107,,N,E,I,A,A,H,-,D,D,0,,,,,Y,,A,07,1,0,0,0,0,0,0,0,0,"- ","- ",39.103061676025391,-122.11576843261719,COLUSA,UNINCORPORATED,-122.11585998535156,39.103034973144531
92045297,2023,2023-04-14,9155,2023-04-07,1615,022070,,5,2,9,0600,0,1,1,,2,051,"INTERSTATE 5 N/B","GREENBAY RD",1848.00,S,N,A,-,Y,COL,,5," ",R,2.818,H,,R,Y,3,0,3,1,A,-,08,22107,,N,F,J,A,A,H,-,A,D,0,,,,,Y,,-,"- ",0,3,0,0,0,0,0,0,0,"- ","- ",38.961669921875,-122.02278137207031,COLUSA,UNINCORPORATED,-122.02285003662109,38.961639404296875
92045471,2023,2023-04-14,9155,2023-04-07,1725,022070,,5,2,9,0600,0,1,1,,2,051,"INTERSTATE 5 N/B","YOLO COUNTY LINE RD",1584.00,N,N,A,-,Y,COL,,5," ",R,0.363,H,,R,N,4,0,1,3,A,-,03,22350,,N,C,C,A,A,H,-,A,D,0,,,,,Y,,A,08,0,0,1,0,0,0,0,0,0,"- ","- ",38.930450439453125,-122.00215911865234,COLUSA,UNINCORPORATED,-122.00211334228516,38.930454254150391
92051644,2023,2023-04-24,9155,2023-04-13,1115,022070,,4,1,9,0600,0,3,5,,2,006,"LODOGA-STONYFORD RD.","FOUTS SPRING RD",792.00,S,N,A,-,N,,,,,,,,,,Y,3,0,1,1,A,-,08,22107,,N,F,I,A,A,H,-,A,D,0,,,,,Y,,D,22,0,1,0,0,0,0,0,0,0,"- ","- ",39.379920959472656,-122.55036163330078,COLUSA,UNINCORPORATED,-122.54591369628906,39.376201629638672
92054051,2023,2023-04-26,9155,2023-04-15,1730,022614,,6,2,9,0600,0,3,5,,2,006,"BEAR VALLEY RD","WILBUR SPRINGS RD",634.00,N,N,A,-,N,,,,,,,,,,N,4,0,1,1,A,-,03,22350,,N,E,I,A,A,B,-,A,D,0,,,Y,,Y,,C,02,0,0,1,0,0,0,0,0,1,"- ","- ",39.042140960693359,-122.40879821777344,COLUSA,UNINCORPORATED,-122.40879058837891,39.04205322265625
92056586,2023,2023-05-03,9155,2023-04-21,1840,022141,,5,2,9,0600,0,3,5,,2,006,"MAXWELL COLUSA RD","OLD HWY 99W",30.00,E,N,A,-,N,,,,,,,,,,Y,4,0,1,2,C,-,18,,,N,A,C,A,A,H,-,A,D,0,,,,,Y,,-,"- ",0,0,1,0,0,0,0,0,0,"- ","- ",39.276248931884766,-122.19151306152344,COLUSA,UNINCORPORATED,-122.191515,39.276257999999999
92062335,2023,2023-05-05,9155,2023-04-23,"37  ",022121,,7,3,9,0600,0,1,1,,2,052,"INTERSTATE 5 N/B","OLD HWY 99W",861.00,N,N,A,-,Y,COL,,5," ",R,29.497,H,,R,Y,2,0,2,1,A,-,08,22107,,N,F,I,A,A,H,-,D,D,0,,,,,Y,,A,01,2,0,0,0,0,0,0,0,0,"- ","- ",39.315059661865234,-122.19320678710938,COLUSA,UNINCORPORATED,-122.19328308105469,39.315036773681641
92062500,2023,2023-05-05,9155,2023-04-28,"610 ",019973,,5,1,9,0600,0,3,5,,2,002,"OLD HWY 99W","GRIMES-ARBUCKLE RD",1800.00,S,N,A,-,N,,,,,,,,,,Y,2,0,2,2,A,-,08,22107,,N,A,C,A,A,H,-,B,D,0,,,,,Y,,A,01,2,0,0,0,0,0,0,0,0,"- ","- ",39.008201599121094,-122.05077362060547,COLUSA,UNINCORPORATED,,
92062686,2023,2023-05-05,9155,2023-04-26,2337,022121,,3,3,9,0600,0,3,5,,2,002,"E. CAMP ROAD","WALNUT DRIVE",4017.00,S,N,A,-,N,,,,,,,,,,N,4,0,1,1,A,-,01,23152,A,N,E,I,A,A,H,-,D,D,0,,,,,Y,Y,D,22,0,0,1,0,0,0,0,0,0,"- ","- ",39.10858154296875,-122.21727752685547,COLUSA,UNINCORPORATED,-122.21709442138672,39.108726501464844
92064993,2023,2023-05-09,9155,2023-04-28,1335,022070,,5,1,9,0600,0,1,3,,2,023,SR-20,SR-16,0.00,,Y,A,-,N,,,,,,,,,,Y,4,0,3,2,A,-,09,21802,A,N,B,C,A,A,H,-,A,A,0,,,,,Y,,A,01,0,0,3,0,0,0,0,0,0,"- ","- ",39.012950897216797,-122.35894012451172,COLUSA,UNINCORPORATED,-122.35887145996094,39.013046264648438
9206502,2020,2021-01-30,0601,2020-11-19,1500,8448,0601,4,5,2,0601,0,0,0,,0,00C,"FREMONT ST","6TH ST",0.00,,Y,A,-,N,,,,,,,,,,N,4,0,1,2,A,-,08,22107,,N,D,C,A,A,H,-,A,D,0,,,,,Y,,A,01,0,0,1,0,0,0,0,0,0,"- ","- ",,,COLUSA,COLUSA,-122.01177978515625,39.208061218261719
92065340,2023,2023-05-09,9155,2023-05-05,"32  ",022121,,5,3,9,0600,0,3,5,,2,003,"RIVER ROAD","GOULD ROAD",1852.00,S,N,B,C,N,,,,,,,,,,Y,4,0,1,1,A,-,01,23153,A,N,E,I,A,B,H,-,D,D,0,,,,,Y,Y,A,07,0,0,1,0,0,0,0,0,0,"- ","- ",39.340900421142578,-122.01690673828125,COLUSA,UNINCORPORATED,-122.0059814453125,39.340847015380859
92072050,2023,2023-05-18,9155,2023-05-15,1725,022141,,1,2,9,0600,0,1,1,,2,051,"INTERSTATE 5 N/B","COLLEGE CITY",4224.00,S,N,A,-,Y,COL,,5," ",R,5.909,H,,R,Y,4,0,1,1,A,-,08,22107,,N,E,I,A,A,H,-,A,D,0,,,,,Y,,-,"- ",0,0,1,0,0,0,0,0,0,"- ","- ",39.002128601074219,-122.04715728759766,COLUSA,UNINCORPORATED,-122.04708862304688,39.002159118652344
92075156,2023,2023-05-23,9155,2023-05-13,1520,022121,,6,2,9,0600,0,1,1,,2,051,"INTERSTATE 5 S/B","HARRINGTON AVENUE",2640.00,S,N,A,-,Y,COL,,5," ",R,1.807,H,,L,Y,4,0,1,1,A,-,08,22107,,N,E,I,A,A,H,-,A,D,0,,,,,Y,,A,07,0,0,1,0,0,0,0,0,0,"- ","- ",38.949268341064453,-122.01322174072266,COLUSA,UNINCORPORATED,-122.01319122314453,38.949291229248047
92081126,2023,2023-05-30,9155,2023-05-16,1715,021507,,2,2,9,0600,0,1,3,,1,016,"STATE ROUTE 16","STATE HIGHWAY 20",19536.00,S,N,A,-,Y,COL,,16," "," ",3.950,H,,R,Y,2,0,1,2,A,-,08,22107,,N,D,C,A,A,H,-,A,D,0,,,,,Y,,A,01,1,0,0,0,0,0,0,0,0,"- ","- ",38.96405029296875,-122.34110260009766,COLUSA,UNINCORPORATED,-122.34112548828125,38.96405029296875
92089329,2023,2023-06-08,9155,2023-05-26,1820,022614,,5,2,9,0600,0,1,1,,2,052,"INTERSTATE 5 S/B","DELEVAN RD",3168.00,N,N,A,-,Y,COL,,5," ",R,32.453,H,,L,Y,2,0,1,1,A,-,08,22107,,N,F,A,A,A,H,-,A,D,0,,,,,Y,,-,33,1,0,0,0,0,0,0,0,0,"- ","- ",39.357589721679688,-122.19317626953125,COLUSA,UNINCORPORATED,-122.19310760498047,39.357582092285156
92090337,2023,2023-06-09,9155,2023-06-02,"903 ",022121,,5,1,9,0600,0,1,3,,1,042,SR-45,"CHRISTIE LANE",0.00,,Y,A,-,Y,COL,,45," "," ",20.662,H,,R,Y,4,0,1,2,A,-,03,22350,,N,C,C,A,A,H,-,A,D,0,,,,,Y,,A,01,0,0,1,0,0,0,0,0,0,"- ","- ",39.224880218505859,-122.01917266845703,COLUSA,UNINCORPORATED,-122.01918792724609,39.224880218505859
92102316,2023,2023-06-26,9155,2023-06-13,1243,020444,,2,1,9,0600,0,3,5,,2,001,"GRIMES-ARBUCKLE RD","DRY SLOUGH RD",6864.00,W,N,A,-,N,,,,,,,,,,Y,3,0,1,1,A,-,08,22107,,N,E,I,A,A,H,-,A,A,0,,,,,Y,,A,01,0,1,0,0,0,0,0,0,0,"- ","- ",39.056648254394531,-121.96524047851562,COLUSA,UNINCORPORATED,-121.96595764160156,39.056648254394531
92105052,2023,2023-06-29,9155,2023-06-26,1225,021343,,1,1,9,0600,0,1,3,,2,023,"STATE ROUTE 20","COL MPM 10.5",120.00,W,N,A,-,Y,COL,,20," "," ",10.413,H,,R,Y,3,0,2,2,A,-,08,22107,,N,B,2,A,A,H,-,A,D,0,,,,,Y,,A,01,0,2,0,0,0,0,0,0,0,"- ","- ",39.102188110351562,-122.33567047119141,COLUSA,UNINCORPORATED,-122.335693359375,39.102203369140625
92105150,2023,2023-06-29,9155,2023-06-27,1745,020517,,2,2,9,0600,0,1,1,,2,051,"INTERSTATE 5 S/B","HILLGATE RD",1251.00,S,N,A,-,Y,COL,,5," ",R,6.422,H,,L,Y,4,0,1,2,C,-,18,,,N,E,J,A,A,H,-,A,D,0,,,,,Y,,-,"- ",0,0,1,0,0,0,0,0,0,"- ","- ",39.008640289306641,-122.05175018310547,COLUSA,UNINCORPORATED,-122.0517578125,39.008636474609375
92108385,2023,2023-07-03,9155,2023-06-24,1545,022121,,6,2,9,0600,0,3,5,,2,003,"RIVER ROAD","LAUX ROAD",2264.00,S,N,A,-,N,,,,,,,,,,Y,4,0,1,1,A,-,08,22107,,N,E,8,A,A,H,-,A,D,0,,,,,Y,,A,07,0,0,1,0,0,0,0,0,0,"- ","- ",39.239368438720703,-121.99310302734375,COLUSA,UNINCORPORATED,-121.99315643310547,39.239459991455078
92115876,2023,2023-07-13,9155,2023-07-05,"515 ",022070,,3,3,9,0600,0,1,3,,1,042,"STATE ROUTE 45","SOUTHAM RD",1056.00,S,N,E,-,N,,,,,,,,,,Y,3,0,1,1,C,-,18,,,N,E,H,A,A,H,-,B,D,0,,,,,Y,,-,"- ",0,1,0,0,0,0,0,0,0,"- ","- ",39.381439208984375,-122.01875305175781,COLUSA,UNINCORPORATED,-122.01866912841797,39.381404876708984
92121862,2023,2023-07-20,9155,2023-07-14,1900,022141,,5,2,9,0600,0,1,1,,2,051,"I-5 N/B","HAHN ROAD",2640.00,N,N,A,-,Y,COL,,5," ",R,10.866,H,,R,Y,3,0,1,2,C,-,18,,,N,F,I,A,A,H,-,A,D,0,,,,,Y,,-,"- ",0,1,0,0,0,0,0,0,0,"- ","- ",39.064491271972656,-122.08966827392578,COLUSA,UNINCORPORATED,-122.08973693847656,39.064468383789062
9212457,2020,2021-01-28,0602,2020-12-22,0701,P56,2,2,5,2,0602,0,0,0,,0,,"RT 20","RT 5",7.00,W,N,E,-,Y,COL,3,20,-,R,22.244,I,5,W,N,3,0,2,2,A,-,09,21801,A,N,D,C,A,A,H,-,A,D,0,,,,,Y,,A,01,0,2,0,0,0,0,0,0,0,"- ",NO,,,COLUSA,WILLIAMS,-122.14800262451172,39.167549133300781
92127967,2023,2023-07-27,9155,2023-07-16,1338,020444,,7,1,9,0600,0,1,1,,2,051,"I-5 S/B","GREENBAY RD",1056.00,N,N,A,-,Y,,,,,,,,,,Y,3,0,1,1,C,-,18,,,N,F,I,A,A,H,-,A,D,0,,,,,Y,,-,"- ",0,1,0,0,0,0,0,0,0,"- ","- ",39.970138549804688,-122.02806091308594,COLUSA,UNINCORPORATED,-122.02610778808594,38.965999603271484
92130764,2023,2023-07-28,9155,2023-07-14,1520,019973,,5,2,9,0600,0,3,5,,2,002,"HILLGATE RD","7TH ST",0.00,,Y,A,-,N,,,,,,,,,,Y,2,0,1,1,A,-,08,22107,,N,E,I,A,A,H,-,A,D,0,,,,,Y,,A,01,1,0,0,0,0,0,0,0,0,"- ","- ",39.012908935546875,-122.05735015869141,COLUSA,UNINCORPORATED,-122.05714416503906,39.012821197509766
92135702,2023,2023-08-03,9155,2023-07-24,1133,020444,,1,1,9,0600,0,1,1,,2,051,"I-5 S/B","HILLGATE RD",30.00,S,N,A,-,Y,COL,,5," ",R,6.788,H,,L,Y,3,0,1,1,A,-,01,23152,A,N,E,I,A,A,H,-,A,D,0,,,,,Y,Y,A,01,0,1,0,0,0,0,0,0,0,"- ","- ",39.013099670410156,-122.05532073974609,COLUSA,UNINCORPORATED,-122.0552978515625,39.01312255859375
92136450,2023,2023-08-04,9155,2023-08-02,1805,021152,,3,2,9,0600,0,1,3,,1,021,"STATE HIGHWAY 20","NIAGARA AVE",1584.00,W,N,A,-,Y,COL,,20," "," ",34.508,H,,R,N,3,0,1,1,A,-,08,22107,,N,F,A,A,A,H,-,A,D,0,,,,,Y,,A,07,0,1,0,0,0,0,0,0,0,"- ","- ",39.176998138427734,-121.98966979980469,COLUSA,UNINCORPORATED,-121.98981475830078,39.176948547363281
92138715,2023,2023-08-08,9155,2023-08-06,1430,021343,,7,2,9,0600,0,1,3,,2,023,"STATE HIGHWAY 20","WALNUT DRIVE",1827.00,W,N,A,-,Y,COL,,20," "," ",12.752,H,,R,Y,3,0,2,2,A,-,08,22107,,N,B,2,A,A,H,-,A,D,0,,,,,Y,,B,07,0,2,0,0,0,0,0,0,0,"- ","- ",39.11492919921875,-122.29769897460938,COLUSA,UNINCORPORATED,-122.29771423339844,39.114940643310547
92138798,2023,2023-08-08,9155,2023-08-02,"140 ",022121,,3,3,9,0600,0,2,4,,2,011,"OLD HWY 99W","BAILEY ROAD",1691.00,N,N,A,-,Y,COL,,5," ",R,8.246,H,,R,N,2,0,1,2,A,-,11,21956,,N,G,B,E,A,H,-,D,D,0,Y,,,,Y,,N,60,1,0,0,0,1,0,0,0,0,"- ","- ",39.031608581542969,-122.06620025634766,COLUSA,UNINCORPORATED,-122.06636810302734,39.031539916992188
92139886,2023,2023-08-09,9155,2023-07-30,1535,018981,,7,2,9,0600,0,1,1,,2,051,"I-5 S/B","MEYERS RD",6336.00,N,N,A,-,Y,COL,,5," ",R,15.007,H,,L,N,4,0,1,2,A,-,07,21658,A,N,B,C,A,A,H,-,A,D,0,,,,,Y,,A,01,0,0,1,0,0,0,0,0,0,"- ","- ",39.117759704589844,-122.12374114990234,COLUSA,UNINCORPORATED,-122.12373352050781,39.117763519287109
92140050,2023,2023-08-09,9155,2023-07-29,"805 ",019973,,6,1,9,0600,0,1,1,,2,051,"I-5 N/B","HILLGATE RD",10560.00,S,N,A,-,Y,COL,,5," ",R,5.077,H,,R,N,4,0,2,2,A,-,17,21701,,N,B,C,A,A,H,-,A,D,0,,,,,Y,,A,01,0,0,2,0,0,0,0,0,0,"- ","- ",38.991401672363281,-122.04002380371094,COLUSA,UNINCORPORATED,-122.04000091552734,38.991409301757812
92140869,2023,2023-08-10,9155,2023-08-09,"215 ",022121,,3,3,9,0600,0,1,1,,2,051,"INTERSTATE 5 NORTHBOUND","FWY UNDERPASS RD",1630.00,S,N,A,-,Y,COL,,5," ",R,8.021,H,,R,Y,3,0,2,1,A,-,08,22107,,N,E,I,A,A,H,-,D,D,0,,,,,Y,,A,01,0,1,1,0,0,0,0,0,0,"- ","- ",39.028629302978516,-122.06450653076172,COLUSA,UNINCORPORATED,-122.06447601318359,39.028644561767578
92142207,2023,2023-08-11,9155,2023-08-04,1308,021507,,5,1,9,0600,0,1,1,,2,052,"INTERSTATE 5 SOUTHBOUND","FAIRVIEW ROAD",2435.00,N,N,A,-,Y,COL,,5," ",R,25.201,H,,L,Y,3,0,1,1,A,-,08,22107,,N,E,I,A,A,H,-,A,D,0,,,,,Y,,-,"- ",0,1,0,0,0,0,0,0,0,"- ","- ",39.254150390625,-122.18235015869141,COLUSA,UNINCORPORATED,-122.18231964111328,39.254150390625
92146620,2023,2023-08-17,9155,2023-08-05,1900,022141,,6,2,9,0600,0,3,5,,2,006,"LEESVILLE RD","OLD WILBUR ROAD",634.00,N,N,A,-,N,,,,,,,,,,Y,3,0,1,1,A,-,03,22350,,N,E,I,A,A,H,-,A,D,0,,,,,Y,,A,01,0,1,0,0,0,0,0,0,0,"- ","- ",39.138450622558594,-122.34425354003906,COLUSA,UNINCORPORATED,-122.34270477294922,39.141613006591797
92146731,2023,2023-08-17,9155,2023-05-06,"521 ",022033,,6,3,9,0600,0,1,1,,2,052,"INTERSTATE 5 (I-5) SOUTHBOUND","DELEVAN ROAD",3168.00,N,N,B,C,Y,COL,,5," ",R,32.500,H,,L,Y,1,1,0,1,A,-,08,22107,,N,F,I,A,B,H,-,B,D,0,,,,,Y,,A,01,0,0,0,0,0,0,0,0,0,"- ","- ",39.358249664306641,-122.19300842285156,COLUSA,UNINCORPORATED,-122.19302368164062,39.358249664306641
92151129,2023,2023-08-23,9155,2023-08-21,"858 ",018981,,1,1,9,0600,0,1,1,,2,052,"I-5 S/B","LURLINE AVE",2640.00,N,N,B,C,Y,COL,,5," ",R,23.186,H,,L,N,4,0,1,1,A,-,03,22350,,N,E,J,A,B,C,-,A,D,0,,,,,Y,,A,01,0,0,1,0,0,0,0,0,0,"- ","- ",39.224941253662109,-122.18177032470703,COLUSA,UNINCORPORATED,-122.18175506591797,39.224941253662109
92154374,2023,2023-08-25,9155,2023-08-24,"825 ",019973,,4,1,9,0600,0,3,5,,2,002,"HARRINGTON AVE","WILDWOOD RD",1300.00,W,N,A,-,N,,,,,,,,,,Y,4,0,1,1,A,-,00,22017,,N,E,I,A,A,H,-,A,D,0,,,,,Y,,A,01,0,0,1,0,0,0,0,0,0,"- ","- ",38.951171875,-122.06545257568359,COLUSA,UNINCORPORATED,-122.06546020507812,38.951152801513672
92165982,2023,2023-09-08,9155,2023-08-26,1020,019973,,6,1,9,0600,0,1,3,,2,023,"STATE ROUTE 20","MPM 2",10560.00,E,N,A,-,Y,COL,,20," "," ",2.098,H,,R,Y,4,0,2,2,A,-,06,21750,,N,C,C,A,A,H,-,A,D,0,,,,,Y,,D,22,0,0,2,0,0,0,0,0,0,"- ","- ",39.013118743896484,-122.38295745849609,COLUSA,UNINCORPORATED,-122.38295745849609,39.013092041015625
92167967,2023,2023-09-12,9155,2023-08-27,"830 ",018981,,7,1,9,0600,0,1,1,,2,052,"I-5 SOUTHBOUND","DELEVAN RD",925.00,N,N,A,-,Y,COL,,5," ",R,32.008,H,,L,N,4,0,1,1,A,-,08,22107,,N,E,I,A,D,H,-,A,D,0,,,,,Y,,A,07,0,0,1,0,0,0,0,0,0,"- ","- ",39.351318359375,-122.19522094726562,COLUSA,UNINCORPORATED,-122.19497680664062,39.351306915283203
92168980,2023,2023-09-13,9155,2023-09-04,"300 ",022121,,1,3,9,0600,0,2,4,,2,011,"OLD HWY 99W","WARE ROAD",710.00,S,N,A,-,N,,,,,,,,,,Y,2,0,1,1,A,-,01,23152,A,N,F,A,A,A,H,-,D,D,0,,,,,Y,Y,A,07,1,0,0,0,0,0,0,0,0,"- ","- ",39.114120483398438,-122.12046051025391,COLUSA,UNINCORPORATED,,
92169518,2023,2023-09-14,9155,2023-09-03,2006,022121,,7,2,9,0600,0,3,5,,2,001,"OLD HWY 99W","PERKINS ROAD",948.00,N,N,B,-,N,,,,,,,,,,Y,4,0,1,1,A,-,08,22107,,N,F,A,A,A,H,-,D,D,0,,,,,Y,,D,22,0,0,1,0,0,0,0,0,0,"- ","- ",38.986221313476562,-122.03624725341797,COLUSA,UNINCORPORATED,,
92169526,2023,2023-09-14,9155,2023-09-09,1750,022614,,6,2,9,0600,0,1,1,,2,052,"I-5 S/B","DELEVAN RD",1677.00,S,N,A,-,Y,COL,,5," ",R,31.554,H,,L,Y,2,0,1,1,A,-,08,22107,,N,F,I,A,A,H,-,A,D,0,,,,,Y,,D,22,1,0,0,0,0,0,0,0,0,"- ","- ",39.344741821289062,-122.19503784179688,COLUSA,UNINCORPORATED,-122.19508361816406,39.344738006591797
92170259,2023,2023-09-14,9155,2023-07-20,1637,021152,,4,2,9,0600,0,1,3,,2,023,SR-20,"SCHAAD ROAD",700.00,W,N,A,-,Y,COL,,20," "," ",17.543,H,,R,Y,1,1,4,2,A,-,06,21751,,N,A,C,A,A,H,-,A,D,0,,,Y,,Y,,A,08,0,4,0,0,0,0,0,1,0,"- ","- ",39.152908325195312,-122.22943878173828,COLUSA,UNINCORPORATED,-122.22943878173828,39.152885437011719
92189024,2023,2023-10-03,9155,2023-09-22,1745,022141,,5,2,9,0600,0,3,5,,2,001,"HALL ST","5TH ST",240.00,E,N,A,-,N,,,,,,,,,,N,2,0,2,2,A,-,09,21804,A,N,D,C,A,A,H,-,A,D,0,,,Y,,Y,,C,06,2,0,0,0,0,0,0,0,2,"- ","- ",39.017738342285156,-122.05658721923828,COLUSA,UNINCORPORATED,-122.05667877197266,39.017711639404297
92189248,2023,2023-10-03,9155,2023-09-22,"540 ",022070,,5,3,9,0600,0,1,3,,1,022,"STATE HIGHWAY 20","LONE STAR",0.00,,Y,A,-,N,,,,,,,,,,Y,4,0,1,2,A,-,09,21801,B,N,A,C,A,A,H,-,B,A,0,,,,,Y,,D,22,0,0,1,0,0,0,0,0,0,"- ","- ",39.195648193359375,-122.07877349853516,COLUSA,UNINCORPORATED,-122.07884979248047,39.195667266845703
92192518,2023,2023-10-05,9155,2023-10-04,1538,022121,,3,2,9,0600,0,3,5,,2,006,"SPRING VALLEY ROAD","WALNUT DRIVE",6336.00,S,N,A,-,N,,,,,,,,,,Y,3,0,1,2,A,-,03,22350,,N,B,C,A,A,H,-,A,D,0,,,,,Y,,D,22,0,1,0,0,0,0,0,0,0,"- ","- ",39.107269287109375,-122.27735137939453,COLUSA,UNINCORPORATED,-122.27645111083984,39.107906341552734
92195075,2023,2023-10-10,9155,2023-09-28,"605 ",021152,,4,1,9,0600,0,3,5,,2,005,"MAXWELL COLUSA RD","2 MILE ROAD",5280.00,E,N,A,-,N,,,,,,,,,,Y,4,0,2,2,A,-,05,21460,A,N,B,C,A,A,H,-,D,D,0,,,,,Y,,A,01,0,0,2,0,0,0,0,0,0,"- ","- ",39.275688171386719,-122.13401794433594,COLUSA,UNINCORPORATED,-122.13523101806641,39.27606201171875
92195583,2023,2023-10-10,9155,2023-09-23,2230,022647,,6,3,9,0600,0,2,4,,2,010,"LONESTAR RD","STATE ROUTE 20",3900.00,S,N,A,-,N,,,,,,,,,,Y,4,0,1,2,A,-,01,23152,A,N,C,E,A,A,H,-,D,D,0,,,,,Y,Y,A,01,0,0,1,0,0,0,0,0,0,"- ","- ",39.184848785400391,-122.07829284667969,COLUSA,UNINCORPORATED,-122.07835388183594,39.184986114501953
92198693,2023,2023-10-13,9155,2023-10-02,"935 ",022121,,1,1,9,0600,0,1,3,,2,023,"STATE ROUTE 20 (SR-20)","LEESVILLE RD",12302.00,W,N,A,-,Y,COL,,20," "," ",10.920,H,,R,Y,4,0,1,1,A,-,08,22107,,N,E,I,A,A,H,-,A,D,0,,,,,Y,,D,22,0,0,1,0,0,0,0,0,0,"- ","- ",39.10430908203125,-122.32681274414062,COLUSA,UNINCORPORATED,-122.32682037353516,39.104354858398438
92202254,2023,2023-10-18,9155,2023-10-06,1140,022070,,5,1,9,0600,0,1,3,,1,022,"STATE ROUTE 20","LONESTAR ROAD",4752.00,E,N,A,-,Y,COL,,20," "," ",27.833,H,,R,Y,4,0,2,1,A,-,08,22107,,M,E,I,A,A,H,-,A,D,0,,,,,Y,,A,07,0,0,2,0,0,0,0,0,0,"- ","- ",39.195571899414062,-122.06228637695312,COLUSA,UNINCORPORATED,-122.06228637695312,39.195610046386719
92202648,2023,2023-10-18,9155,2023-10-14,"720 ",021152,,6,1,9,0600,0,1,3,,1,042,"STATE HIGHWAY 45","PACKER RD",1584.00,S,N,B,-,Y,COL,,45," "," ",27.856,H,,R,Y,4,0,2,2,A,-,03,22350,,N,C,C,A,A,H,-,A,D,0,,,,,Y,,A,01,0,0,2,0,0,0,0,0,0,"- ","- ",39.325710296630859,-122.03453826904297,COLUSA,UNINCORPORATED,-122.0345458984375,39.325710296630859
92204653,2023,2023-10-20,9155,2023-10-10,1410,019973,,2,2,9,0600,0,3,5,,2,001,"GRIMES-ARBUCKLE RD","TULE RD",0.00,,Y,B,-,N,,,,,,,,,,Y,3,0,4,2,A,-,09,21801,A,N,A,C,A,A,H,-,A,D,0,,,,,Y,,A,01,0,3,1,0,0,0,0,0,0,"- ","- ",39.012989044189453,-122.01600646972656,COLUSA,UNINCORPORATED,-122.01605987548828,39.012920379638672
92204757,2023,2023-10-20,9155,2023-10-13,"30  ",022647,,5,3,9,0600,0,1,1,,2,051,"INTERSTATE 5 S/B","HAHN ROAD",1056.00,S,N,A,-,Y,COL,,5," ",R,9.965,H,,L,Y,3,0,1,1,A,-,08,22107,,N,E,I,A,A,H,-,C,D,0,,,,,Y,,-,31,0,1,0,0,0,0,0,0,0,"- ","- ",39.052928924560547,-122.08252716064453,COLUSA,UNINCORPORATED,-122.08248138427734,39.052967071533203
92209274,2023,2023-10-26,9155,2023-10-21,1525,022614,,6,2,9,0600,0,1,3,,2,023,SR-20,"LAKE COUNTY LINE",1000.00,E,N,A,-,Y,COL,,20," "," ",0.294,H,,R,N,4,0,1,1,A,-,08,22107,,N,E,I,A,A,H,-,A,D,0,,,,,Y,,A,07,0,0,1,0,0,0,0,0,0,"- ","- ",39.008968353271484,-122.40453338623047,COLUSA,UNINCORPORATED,-122.40452575683594,39.008975982666016
92221592,2023,2023-10-27,9155,2023-10-25,2320,022228,,3,3,9,0600,0,1,1,,2,051,"I-5 N/B","GREENBAY RD",2532.00,S,N,A,-,Y,COL,,5," ",R,2.668,H,,R,Y,4,0,1,2,A,-,07,21658,A,N,B,C,A,A,H,-,D,D,0,,,,,Y,,A,01,0,0,1,0,0,0,0,0,0,"- ","- ",38.959701538085938,-122.02159118652344,COLUSA,UNINCORPORATED,-122.02156066894531,38.959712982177734
92221606,2023,2023-10-27,9155,2023-10-24,1843,022121,,2,2,9,0600,0,2,4,,2,010,"LONE STAR ROAD","AIRPORT ROAD",150.00,N,N,A,-,N,,,,,,,,,,Y,4,0,1,1,A,-,08,22107,,N,E,I,A,A,H,-,D,D,0,,,,,Y,,A,01,0,0,1,0,0,0,0,0,0,"- ","- ",39.075778961181641,-122.07887268066406,COLUSA,UNINCORPORATED,-122.07888031005859,39.075992584228516
92221637,2023,2023-10-27,9155,2023-10-23,2329,022121,,1,3,9,0600,0,1,3,,1,022,"STATE ROUTE 20","SAN JOSE ROAD",1373.00,W,N,A,-,Y,COL,,20," "," ",24.421,H,,R,Y,2,0,2,1,A,-,08,22107,,N,F,I,A,A,H,-,D,D,0,,,,,Y,,A,01,1,0,1,0,0,0,0,0,0,"- ","- ",39.181381225585938,-122.11994171142578,COLUSA,UNINCORPORATED,-122.11991119384766,39.181350708007812
92232590,2023,2023-11-09,9155,2023-10-28,1550,019973,,6,2,9,0600,0,3,5,,2,004,"MAXWELL COLUSA ROAD","2 MILE ROAD",0.00,,Y,A,-,N,,,,,,,,,,Y,2,0,1,2,A,-,09,21802,A,F,E,I,A,A,H,-,A,D,0,,,,,Y,,D,22,1,0,0,0,0,0,0,0,0,"- ","- ",39.276409149169922,-122.15371704101562,COLUSA,UNINCORPORATED,-122.15383148193359,39.276378631591797
92233105,2023,2023-11-13,9155,2023-11-06,1957,020517,,1,2,9,0600,0,3,5,,2,005,"SITES-LODOGA RD.","GRAPEVINE CREEK ROAD",11088.00,E,N,B,-,N,,,,,,,,,,Y,3,0,1,1,A,-,01,23152,A,N,F,A,A,A,H,-,D,D,0,,,,,Y,Y,E,22,0,1,0,0,0,0,0,0,0,"- ","- ",39.333309173583984,-122.37227630615234,COLUSA,UNINCORPORATED,-122.372276,39.333309
92233122,2023,2023-11-13,9155,2023-11-04,1150,021968,,6,1,9,0600,0,1,3,,2,023,"STATE ROUTE 20","LONE STAR RD",3696.00,W,N,A,-,Y,COL,,20," "," ",26.140,H,,R,Y,4,0,1,1,A,-,08,22107,,N,E,I,A,A,H,-,A,D,0,,,,,Y,,A,01,0,0,1,0,0,0,0,0,0,"- ","- ",39.195629119873047,-122.09362030029297,COLUSA,UNINCORPORATED,-122.09363555908203,39.195671081542969
92233248,2023,2023-11-13,9155,2023-11-03,1655,021061,,5,2,9,0600,0,3,5,,2,002,"WYRE RD","BOLES RD.",1860.00,S,N,A,-,N,,,,,,,,,,Y,4,0,1,1,A,-,08,22107,,N,B,I,A,A,H,-,B,D,0,,,,,Y,,A,07,0,0,1,0,0,0,0,0,0,"- ","- ",38.979339599609375,-122.09768676757812,COLUSA,UNINCORPORATED,,
92234075,2023,2023-11-13,9155,2023-11-09,"555 ",019973,,4,3,9,0600,0,3,5,,2,004,"OLD HWY 99W","FRESHWATER RD",2420.00,N,N,A,-,N,,,,,,,,,,Y,4,0,1,1,A,-,08,22107,,N,F,A,A,A,H,-,D,D,0,,,,Y,Y,,F,26,0,0,1,0,0,0,0,0,0,"- ","- ",39.180248260498047,-122.16419219970703,COLUSA,UNINCORPORATED,,
92235914,2023,2023-11-14,9155,2023-09-01,"605 ",019973,,5,1,9,0600,0,1,3,,2,023,"STATE ROUTE 20","KING RD",1900.00,W,N,A,-,Y,COL,,20," "," ",15.571,H,,R,Y,1,1,1,2,A,-,06,21751,,N,A,C,A,A,H,-,D,D,0,,,,Y,Y,,-,"- ",0,0,1,0,0,0,0,0,0,"- ","- ",39.14556884765625,-122.2625732421875,COLUSA,UNINCORPORATED,-122.2625732421875,39.145572662353516
92244942,2023,2023-11-27,9155,2023-11-20,1150,019718,,1,1,9,0600,0,1,1,,2,051,"I5 SOUTHBOUND","HAHN ROAD",8501.00,S,N,A,-,Y,COL,,5," ",R,8.740,H,,R,Y,2,0,2,1,C,-,18,,,N,E,I,A,A,H,-,A,D,0,,,,,Y,,-,"- ",2,0,0,0,0,0,0,0,0,"- ","- ",39.037910461425781,-122.07048797607422,COLUSA,UNINCORPORATED,-122.07054138183594,39.037887573242188
92245164,2023,2023-11-27,9155,2023-11-24,"740 ",019973,,5,1,9,0600,0,1,1,,2,051,"I-5 N/B","HUSTED RD",300.00,N,N,A,-,Y,COL,,5," ",R,16.304,H,,R,Y,4,0,1,1,A,-,08,22107,,N,E,I,A,A,H,-,A,D,0,,,,,Y,,A,07,0,0,1,0,0,0,0,0,0,"- ","- ",39.134151458740234,-122.13578033447266,COLUSA,UNINCORPORATED,-122.13571929931641,39.134159088134766
92248958,2023,2023-11-30,9155,2023-11-26,1513,022141,,7,2,9,0600,0,1,A,,2,710,"INTERSTATE 5 S/B MAXWELL REST AREA","FAIRVIEW RD",2640.00,S,N,A,-,Y,,,,,,,,,,Y,3,0,3,1,A,-,03,22350,,N,E,I,A,A,H,-,A,D,0,,,,,Y,,A,01,0,3,0,0,0,0,0,0,0,"- ","- ",39.239700317382812,-122.18115234375,COLUSA,UNINCORPORATED,-122.18203735351562,39.239696502685547
92253203,2023,2023-12-05,9151,2023-11-26,1258,020326,,7,1,9,0600,0,1,S,,2,904,SR-20,"BEAR VALLEY ROAD",5280.00,W,N,A,-,Y,COL,,20," "," ",2.315,H,,R,N,3,0,1,2,D,-,00,,,N,B,C,A,A,H,-,A,D,0,,,,,Y,,-,"- ",0,1,0,0,0,0,0,0,0,"- ","- ",39.013568878173828,-122.37902069091797,COLUSA,UNINCORPORATED,-122.37902069091797,39.013526916503906
92258427,2023,2023-12-11,9155,2023-12-02,2220,023581,,6,3,9,0600,0,1,S,,2,904,"INTERSTATE 5 S/B","MEYERS RD",2211.00,S,N,A,-,Y,COL,,5," ",R,13.321,H,,L,N,4,0,1,2,A,-,03,22350,,M,C,C,A,A,H,-,D,D,0,,,,,Y,,D,22,0,0,1,0,0,0,0,0,0,"- ","- ",39.096271514892578,-122.11025238037109,COLUSA,UNINCORPORATED,-122.11023712158203,39.096282958984375
92259977,2023,2023-12-12,9155,2023-12-08,"618 ",019973,,5,1,9,0600,0,3,5,,2,001,"GRIMES-ARBUCKLE RD","LODI RD",110.00,W,N,E,-,N,,,,,,,,,,Y,2,0,1,1,A,-,03,22350,,N,E,I,A,A,H,-,D,D,0,,,,,Y,,-,"- ",1,0,0,0,0,0,0,0,0,"- ","- ",39.056468963623047,-121.92301940917969,COLUSA,UNINCORPORATED,-121.92366790771484,39.056400299072266
92261911,2023,2023-12-14,9155,2023-12-09,1555,021343,,6,2,9,0600,0,3,5,,2,001,"COLLEGE CITY ROAD","FRIEL ROAD",1320.00,N,N,A,-,N,,,,,,,,,,N,2,0,1,1,A,-,01,23152,A,M,E,I,A,A,H,-,A,D,0,,,,,Y,Y,D,22,1,0,0,0,0,0,0,0,0,"- ","- ",38.99517822265625,-122.00718688964844,COLUSA,UNINCORPORATED,-122.00711059570312,38.994884490966797
92265322,2023,2023-12-18,9155,2023-12-12,1320,022141,,2,1,9,0600,0,1,3,,1,042,"STATE HIGHWAY 45","WINTUN RD",60.00,S,N,A,-,Y,COL,,45," "," ",22.556,H,,R,Y,3,0,1,2,A,-,03,22350,,N,C,C,A,A,H,-,A,D,0,,,,Y,Y,,D,22,0,1,0,0,0,0,0,0,0,"- ","- ",39.249568939208984,-122.03148651123047,COLUSA,UNINCORPORATED,-122.031494140625,39.249568939208984
92265367,2023,2023-12-19,9155,2023-12-17,1605,019718,,7,2,9,0600,0,1,3,,2,023,"STATE ROUTE 20","STATE ROUTE 16",12830.00,W,N,B,C,Y,COL,,20," ",R,0.949,H,,R,N,3,0,1,1,A,-,03,22350,,N,E,I,A,B,H,-,A,D,0,,,,,Y,,D,22,0,1,0,0,0,0,0,0,0,"- ","- ",39.004631042480469,-122.39375305175781,COLUSA,UNINCORPORATED,-122.39380645751953,39.004585266113281
92274149,2023,2023-12-28,9155,2023-12-23,1510,021061,,6,2,9,0600,0,3,5,,2,004,"WINTER ST","PRINCE ST",0.00,,Y,A,-,N,,,,,,,,,,Y,4,0,1,2,A,-,03,22350,,N,D,2,A,A,H,-,A,D,0,,,,,Y,,A,07,0,0,1,0,0,0,0,0,0,"- ","- ",39.404811859130859,-122.01027679443359,COLUSA,UNINCORPORATED,-122.01023864746094,39.404808044433594
92276868,2024,2024-01-02,9155,2024-01-01,"206 ",022121,,1,3,9,0600,0,1,1,,2,052,"INTERSTATE 5 (I-5) SOUTHBOUND","OLD HWY 99W",1848.00,N,N,B,-,Y,COL,,5," ",R,29.643,H,,L,Y,4,0,1,1,A,-,08,22107,,N,E,I,A,B,H,-,D,D,0,,,,,Y,,A,01,0,0,1,0,0,0,0,0,0,"- ","- ",39.316810607910156,-122.19467926025391,COLUSA,UNINCORPORATED,-122.19436645507812,39.316867828369141
92278476,2023,2024-01-03,9155,2023-12-29,2135,021968,,5,2,9,0600,0,1,1,,2,052,"INTERSTATE 5 SOUTHBOUND","LENAHAN RD",2640.00,S,N,C,-,Y,COL,,5," ",R,30.306,H,,L,Y,4,0,1,2,A,-,03,22350,,N,C,2,A,B,H,-,D,D,0,,,,,Y,,A,07,0,0,1,0,0,0,0,0,0,"- ","- ",39.326549530029297,-122.19493865966797,COLUSA,UNINCORPORATED,-122.19490051269531,39.326549530029297
92279041,2023,2024-01-04,9155,2023-12-29,1110,019973,,5,1,9,0600,0,1,3,,2,023,SR-20,SR-16,12144.00,W,N,C,-,Y,COL,,20," ",R,1.095,H,,R,Y,4,0,1,1,A,-,08,22107,,N,E,I,A,B,H,-,A,D,0,,,,,Y,,A,07,0,0,1,0,0,0,0,0,0,"- ","- ",39.004581451416016,-122.39170837402344,COLUSA,UNINCORPORATED,-122.39164733886719,39.004539489746094
92285335,2024,2024-01-11,9155,2024-01-07,1635,020444,,7,2,9,0600,0,1,3,,2,023,"SR-20 E/B","WALNUT DR",5808.00,W,N,A,-,Y,COL,,20," "," ",12.104,H,,R,Y,4,0,1,1,A,-,01,23152,A,N,F,A,A,A,H,-,A,A,0,,,,,Y,Y,M,47,0,0,1,0,0,0,0,0,0,"- ","- ",39.107769012451172,-122.30552673339844,COLUSA,UNINCORPORATED,-122.30557250976562,39.107822418212891
92285962,2024,2024-01-12,9155,2024-01-05,1325,019973,,5,1,9,0600,0,1,1,,2,051,"I-5 S/B","HILLGATE RD",2650.00,S,N,A,-,Y,COL,,5," ",R,6.295,H,,L,Y,3,0,1,1,A,-,01,23152,A,N,F,A,A,A,H,-,A,D,0,,,,,Y,Y,D,22,0,1,0,0,0,0,0,0,0,"- ","- ",39.007030487060547,-122.05063629150391,COLUSA,UNINCORPORATED,-122.05068206787109,39.007011413574219
92287665,2024,2024-01-16,9155,2024-01-09,"730 ",020444,,2,1,9,0600,0,1,3,,2,023,"SR-20 E/B","MPM SR-20 1.9",50.00,W,N,B,C,Y,COL,,20," "," ",1.879,H,,R,Y,4,0,1,1,A,-,03,22350,,N,F,A,A,B,H,-,A,D,0,,,,,Y,,A,01,0,0,1,0,0,0,0,0,0,"- ","- ",39.013351440429688,-122.38677215576172,COLUSA,UNINCORPORATED,-122.38677978515625,39.013286590576172
92287675,2024,2024-01-16,9155,2024-01-06,1338,021061,,6,1,9,0600,0,1,3,,2,023,SR-20,"MILE MARKER 1.01",40.00,E,N,B,-,Y,COL,,20," ",R,0.986,H,,R,Y,3,0,2,1,A,-,03,22350,,N,F,0,A,B,H,-,A,D,0,,,,,Y,,A,07,0,1,1,0,0,0,0,0,0,"- ","- ",39.004348754882812,-122.39327239990234,COLUSA,UNINCORPORATED,-122.39331817626953,39.004283905029297
92288244,2024,2024-01-16,9155,2024-01-09,"725 ",018981,,2,1,9,0600,0,1,S,,2,008,SR-20,"SYCAMORE CUT OFF",3060.00,E,N,B,-,Y,COL,,20," "," ",38.610,H,,R,Y,4,0,1,3,A,-,02,22400,A,M,B,C,A,A,H,-,A,D,0,,,,,Y,,-,99,0,0,1,0,0,0,0,0,0,"- ","- ",39.146011352539062,-121.93160247802734,COLUSA,UNINCORPORATED,-121.93160247802734,39.146007537841797
92288393,2024,2024-01-16,9155,2024-01-14,1215,018981,,7,1,9,0600,0,2,S,,2,008,"DIRT TRAIL","FOREST ROUTE 17N03",100.00,S,N,B,-,N,,,,,,,,,,N,2,0,1,1,B,-,22,,,N,F,A,A,B,H,-,A,D,0,,,Y,,Y,,C,02,1,0,0,0,0,0,0,0,1,"- ","- ",39.320690155029297,-122.62418365478516,COLUSA,UNINCORPORATED,,
92288439,2024,2024-01-16,9155,2024-01-15,1230,018981,,1,1,9,0600,0,1,3,,1,022,SR-20,"O'HAIR RD",10.00,E,N,A,-,Y,COL,,20," "," ",28.992,H,,R,N,4,0,1,2,A,-,03,22350,,N,C,C,A,A,H,-,A,D,0,,,,,Y,,A,01,0,0,1,0,0,0,0,0,0,"- ","- ",39.195560455322266,-122.04080963134766,COLUSA,UNINCORPORATED,-122.04080963134766,39.195552825927734
92290121,2024,2024-01-18,9155,2024-01-11,1650,019973,,4,2,9,0600,0,1,1,,2,051,"I-5 S/B","HUSTED RD",1800.00,S,N,A,-,Y,COL,,5," ",R,15.598,H,,L,Y,3,0,1,1,A,-,08,22107,,N,F,A,A,A,H,-,B,D,0,,,,,Y,,A,07,0,1,0,0,0,0,0,0,0,"- ","- ",39.125228881835938,-122.12892913818359,COLUSA,UNINCORPORATED,-122.12893676757812,39.125225067138672
92291521,2024,2024-01-19,9155,2024-01-12,1720,019973,,5,2,9,0600,0,2,4,,2,011,"OLD HWY 99W","FREEWAY UNDERCROSSING RD.",0.00,,Y,A,-,N,,,,,,,,,,Y,4,0,2,2,A,-,09,21801,A,N,A,C,A,A,H,-,C,D,0,,,,,Y,,D,22,0,0,2,0,0,0,0,0,0,"- ","- ",39.024471282958984,-122.06150817871094,COLUSA,UNINCORPORATED,,
92291537,2024,2024-01-19,9155,2024-01-17,1240,019973,,3,1,9,0600,0,1,1,,2,051,"I-5 S/B","MYERS RD",2300.00,N,N,A,-,Y,COL,,5," ",R,14.274,H,,L,Y,3,0,1,1,A,-,03,22350,,N,F,I,A,A,H,-,A,D,0,,,,,Y,,D,22,0,1,0,0,0,0,0,0,0,"- ","- ",39.108348846435547,-122.11770629882812,COLUSA,UNINCORPORATED,-122.11772918701172,39.108345031738281
92293197,2024,2024-01-24,9155,2024-01-13,1928,022228,,6,2,9,0600,0,1,1,,2,051,"I-5 S/B","HILLGATE RD",400.00,S,N,B,C,Y,COL,,5," ",R,6.684,H,,L,Y,3,0,1,1,A,-,01,23152,G,M,E,I,A,B,H,-,D,D,0,,,,,Y,Y,A,01,0,1,0,0,0,0,0,0,0,"- ","- ",39.011928558349609,-122.05413818359375,COLUSA,UNINCORPORATED,-122.05399322509766,39.012008666992188
92297002,2024,2024-01-25,9155,2024-01-22,"455 ",021968,,1,3,9,0600,0,1,1,,2,052,"I-5 SB TO DELEVAN RD","DELEVAN RD",5.00,S,N,C,-,Y,,,,,,,,,,Y,4,0,1,1,A,-,03,22350,,N,E,8,A,B,H,-,D,A,0,,,,,Y,,-,"- ",0,0,1,0,0,0,0,0,0,"- ","- ",39.348949432373047,-122.19281005859375,COLUSA,UNINCORPORATED,-122.19281005859375,39.348949432373047
92297057,2024,2024-01-25,9155,2024-01-20,1705,021061,,6,2,9,0600,0,3,5,,2,006,"OLD HIGHWAY 99W","NORTH ST",870.00,N,N,B,-,N,,,,,,,,,,Y,3,0,1,1,A,-,08,22107,,N,F,A,A,B,H,-,B,D,0,,,Y,,Y,,C,06,0,1,0,0,0,0,0,0,1,"- ","- ",39.282199859619141,-122.19155120849609,COLUSA,UNINCORPORATED,-122.19416809082031,39.281761169433594
92297931,2024,2024-01-26,9155,2024-01-20,"905 ",019973,,6,1,9,0600,0,1,3,,2,023,SR-20,"WALNUT DR",6072.00,W,N,B,-,Y,COL,,20," "," ",12.105,H,,R,Y,2,0,5,1,A,-,08,22107,,N,F,A,A,B,H,-,A,D,0,,,,,Y,,A,07,1,2,2,0,0,0,0,0,0,"- ","- ",39.107791900634766,-122.30551910400391,COLUSA,UNINCORPORATED,-122.30555725097656,39.107830047607422
92301766,2024,2024-01-31,9155,2024-01-24,1015,019718,,3,1,9,0600,0,1,3,,2,023,SR-20,"WALNUT DRIVE",5808.00,W,N,B,-,Y,COL,,20," "," ",12.167,H,,R,Y,3,0,1,1,A,-,08,22107,,N,F,A,A,B,H,-,A,D,0,,,,,Y,,A,07,0,1,0,0,0,0,0,0,0,"- ","- ",39.10845947265625,-122.30471801757812,COLUSA,UNINCORPORATED,-122.30478668212891,39.108497619628906
92301812,2024,2024-01-31,9155,2024-01-28,2115,021968,,7,2,9,0600,0,3,5,,2,005,"PACIFIC ST","VINE ST",1056.00,N,N,A,-,N,,,,,,,,,,N,3,0,1,2,A,-,01,23152,A,N,C,E,A,A,H,-,C,D,0,,,,,Y,Y,A,07,0,1,0,0,0,0,0,0,0,"- ","- ",39.277969360351562,-122.19577026367188,COLUSA,UNINCORPORATED,-122.19573211669922,39.279960632324219
92301966,2024,2024-01-31,9155,2024-01-28,2220,022201,,7,3,9,0600,0,1,1,,2,051,"I-5 N/B","HUSTED ROAD",880.00,N,N,A,-,Y,,,,,,,,,,Y,4,0,1,1,A,-,08,22107,,N,E,I,A,A,H,-,D,D,0,,,,,Y,,A,07,0,0,1,0,0,0,0,0,0,"- ","- ",39.136878967285156,-122.13575744628906,COLUSA,UNINCORPORATED,-122.13613128662109,39.136878967285156
92301983,2024,2024-01-31,9155,2024-01-30,1230,019718,,2,1,9,0600,0,3,5,,2,003,"RIVER ROAD","GRIDLEY ROAD",1360.00,S,N,A,-,N,,,,,,,,,,Y,3,0,1,1,A,-,08,22107,,N,E,8,A,A,H,-,A,D,0,,,,,Y,,A,01,0,1,0,0,0,0,0,0,0,"- ","- ",34.340858459472656,-122.00435638427734,COLUSA,UNINCORPORATED,-122.00428009033203,39.340950012207031
92311522,2024,2024-02-12,9155,2024-02-09,1030,021061,,5,1,9,0600,0,1,1,,2,052,"I-5 S/B","DELEVAN RD",5861.00,N,N,B,-,Y,COL,,5," ",R,32.978,H,,L,Y,4,0,1,2,A,-,03,22350,,N,C,C,A,A,H,-,A,D,0,,,,Y,Y,,A,07,0,0,1,0,0,0,0,0,0,"- ","- ",39.365180969238281,-122.19306945800781,COLUSA,UNINCORPORATED,-122.19306182861328,39.365180969238281
92327694,2024,2024-03-01,9155,2024-02-23,1605,020744,,5,2,9,0600,0,1,1,,2,051,"I-5 N/B","HAHN ROAD",5280.00,N,N,A,-,Y,COL,,5," ",R,11.221,H,,R,Y,3,0,1,1,A,-,01,23152,A,N,E,8,A,A,H,-,A,D,0,,,,,Y,Y,-,"- ",0,1,0,0,0,0,0,0,0,"- ","- ",39.069301605224609,-122.09201812744141,COLUSA,UNINCORPORATED,-122.09207153320312,39.069286346435547
92334896,2024,2024-03-11,9155,2024-02-29,"345 ",022228,,4,3,9,0600,0,1,3,,2,023,SR-20,"WALNUT DR",690.00,E,N,B,-,Y,COL,,20," "," ",13.405,H,,R,N,3,0,2,2,D,-,00,,,N,B,C,A,A,H,-,D,D,0,,,,Y,Y,,-,"- ",0,2,0,0,0,0,0,0,0,"- ","- ",39.121971130371094,-122.28959655761719,COLUSA,UNINCORPORATED,-122.28962707519531,39.121990203857422
92336280,2024,2024-03-12,9155,2024-03-05,1624,020444,,2,2,9,0600,0,1,3,,2,023,"SR-20 E/B","SR20 MPM .75",100.00,W,N,B,-,Y,COL,,20," ",R,0.685,H,,R,Y,2,0,1,1,A,-,08,22107,,N,F,A,A,A,H,-,A,A,0,,,,,Y,Y,A,01,1,0,0,0,0,0,0,0,0,"- ","- ",39.006969451904297,-122.39750671386719,COLUSA,UNINCORPORATED,-122.39750671386719,39.006973266601562
92337133,2024,2024-03-13,9155,2024-03-02,1805,022228,,6,2,9,0600,0,1,3,,2,023,SR-20,"MPM .098",500.00,W,N,B,C,Y,COL,,20," ",R,0.911,H,,R,Y,3,0,4,2,A,-,03,22350,,N,D,C,A,B,H,-,D,D,0,,,,,Y,,A,07,0,2,2,0,0,0,0,0,0,"- ","- ",39.004928588867188,-122.39425659179688,COLUSA,UNINCORPORATED,-122.39425659179688,39.004932403564453
92348614,2024,2024-03-27,9155,2024-03-25,1825,021968,,1,2,9,0600,0,1,1,,2,052,"I-5 SOUTHBOUND","MAXWELL RD",2640.00,N,N,A,-,Y,COL,,5," ",R,27.495,H,,L,N,3,0,1,2,A,-,03,22350,,N,C,C,A,A,H,-,A,D,0,,,,,Y,,A,01,0,1,0,0,0,0,0,0,0,"- ","- ",39.287319183349609,-122.18431854248047,COLUSA,UNINCORPORATED,-122.18430328369141,39.287322998046875
92348617,2024,2024-03-27,9155,2024-03-22,1720,019973,,5,2,9,0600,0,1,3,,2,023,"SR-20 E/B","LAKE COUNTY LINE",6336.00,E,N,C,-,Y,COL,,20," ",R,1.064,H,,R,Y,4,0,1,1,A,-,08,22107,,N,F,A,A,B,H,-,A,D,0,,,,Y,Y,,F,26,0,0,1,0,0,0,0,0,0,"- ","- ",39.004268646240234,-122.39203643798828,COLUSA,UNINCORPORATED,-122.39205169677734,39.004287719726562
92354161,2024,2024-04-03,9155,2024-03-31,1230,018981,,7,1,9,0600,0,2,S,,2,008,"MAXWELL COLUSA RD","4MILE RD",2220.00,E,N,A,-,N,,,,,,,,,,Y,4,0,1,1,A,-,08,22107,,N,E,I,A,A,H,-,A,D,0,,,,,Y,,A,01,0,0,1,0,0,0,0,0,0,"- ","- ",39.275489807128906,-122.10858154296875,COLUSA,UNINCORPORATED,-122.10863494873047,39.275463104248047
9235547,2021,2021-04-12,0601,2021-02-12,1055,8447,0601,5,5,2,0601,0,0,0,,0,00D,"SIOC ST","2ND ST",0.00,,Y,A,-,N,,,,,,,,,,N,3,0,1,2,A,-,03,22350,,N,C,C,A,A,H,-,A,D,0,,,,Y,Y,,F,26,0,1,0,0,0,0,0,0,0,"- ","- ",,,COLUSA,COLUSA,-122.00698852539062,39.20501708984375
92357211,2024,2024-04-05,9155,2024-03-29,2200,022228,,5,3,9,0600,0,1,3,,2,023,SR-20,"WALNUT DR",6336.00,W,N,B,C,Y,COL,,20," "," ",12.058,H,,R,Y,3,0,1,1,A,-,03,22350,,N,E,I,A,B,H,-,D,D,0,,,,,Y,,D,22,0,1,0,0,0,0,0,0,0,"- ","- ",39.107521057128906,-122.30635833740234,COLUSA,UNINCORPORATED,-122.30637359619141,39.107589721679688
92357516,2024,2024-04-05,9155,2024-04-04,1620,017900,,4,2,9,0600,0,3,5,,2,001,"GRIMES-ARBUCKLE RD","RICHEY ROAD",121.00,N,N,F,-,N,,,,,,,,,,Y,4,0,1,1,A,-,08,22107,,N,E,I,A,C,G,-,A,D,0,,,,,Y,,A,01,0,0,1,0,0,0,0,0,0,"- ","- ",39.020450592041016,-122.01600646972656,COLUSA,UNINCORPORATED,-122.01602172851562,39.020553588867188
92357572,2024,2024-04-05,9155,2024-03-29,1540,020744,,5,2,9,0600,0,1,3,,2,023,SR-20,"WALNUT DR",5280.00,W,N,C,-,Y,COL,,20," "," ",12.085,H,,R,Y,3,0,1,1,A,-,08,22107,,M,F,I,A,B,H,-,A,D,0,,,,,Y,,A,01,0,1,0,0,0,0,0,0,0,"- ","- ",39.107639312744141,-122.30584716796875,COLUSA,UNINCORPORATED,-122.30588531494141,39.107692718505859
92357653,2024,2024-04-05,9155,2024-04-04,1657,015855,,4,2,9,0600,0,1,1,,2,051,"INTERSTATE 5 SOUTHBOUND","GREENBAY RD",1584.00,S,N,C,-,Y,COL,,5," ",R,3.101,H,,L,Y,3,0,1,1,A,-,08,22107,,N,F,A,A,B,H,-,A,D,0,,,,,Y,,A,01,0,1,0,0,0,0,0,0,0,"- ","- ",38.965240478515625,-122.02574920654297,COLUSA,UNINCORPORATED,-122.025634765625,38.965286254882812
92364445,2024,2024-04-15,9155,2024-04-04,1710,022228,,4,2,9,0600,0,1,1,,2,051,"I-5 S/B","HILLGATE RD",460.00,S,N,B,C,Y,COL,,5," ",R,6.712,H,,L,Y,4,0,1,1,A,-,08,22107,,N,E,I,A,B,H,-,A,D,0,,,,,Y,,A,07,0,0,1,0,0,0,0,0,0,"- ","- ",39.012348175048828,-122.05428314208984,COLUSA,UNINCORPORATED,-122.05430603027344,39.012336730957031
92371725,2024,2024-04-22,9155,2024-04-13,1345,017900,,6,1,9,0600,0,1,1,,2,051,"INTERSTATE 5 N/B","FREEWAY UNDERPASS ROAD",500.00,S,N,C,-,Y,COL,,5," ",R,7.651,H,,R,N,4,0,1,1,A,-,03,22350,,N,E,I,A,B,H,-,A,D,0,,,,,Y,,A,01,0,0,1,0,0,0,0,0,0,"- ","- ",39.023521423339844,-122.06234741210938,COLUSA,UNINCORPORATED,-122.06230926513672,39.023529052734375
92372052,2024,2024-05-07,9155,2024-04-13,"845 ",017900,,6,1,9,0600,0,1,3,,2,023,"STATE ROUTE 20","LEESVILLE RD",6019.00,W,N,C,-,Y,COL,,20," "," ",12.120,H,,R,Y,3,0,2,2,A,-,03,22350,,N,D,C,A,B,H,-,A,D,0,,,,,Y,,D,22,0,2,0,0,0,0,0,0,0,"- ","- ",39.107948303222656,-122.30534362792969,COLUSA,UNINCORPORATED,-122.30535125732422,39.107959747314453
92375941,2024,2024-04-26,9155,2024-04-19,1105,017900,,5,1,9,0600,0,1,1,,2,051,"INTERSTATE 5 N/B","HUSTED ROAD",1814.00,S,N,A,-,Y,COL,,5," ",R,15.573,H,,R,Y,3,0,1,1,A,-,08,22107,,N,F,A,A,A,H,-,A,D,0,,,,,Y,,A,01,0,1,0,0,0,0,0,0,0,"- ","- ",39.125289916992188,-122.12861633300781,COLUSA,UNINCORPORATED,-122.12861633300781,39.125293731689453
92378842,2024,2024-04-30,9155,2024-04-28,2320,021968,,7,3,9,0600,0,1,3,,1,022,"SR-20 EASTBOUND","HUNTER RD",4224.00,W,N,A,-,N,,,,,,,,,,Y,3,0,2,1,A,-,08,22107,,N,E,8,A,A,H,-,D,D,0,,,,,Y,,A,01,0,1,1,0,0,0,0,0,0,"- ","- ",39.195571899414062,-122.06182098388672,COLUSA,UNINCORPORATED,-122.06108093261719,39.195583343505859
92383588,2024,2024-05-07,9155,2024-04-27,1645,017900,,6,2,9,0600,0,1,1,,2,051,"INTERSTATE 5 S/B","HILLGATE ROAD",1122.00,S,N,A,-,Y,COL,,5," ",R,6.582,H,,L,Y,3,0,2,1,A,-,01,23152,A,N,F,A,A,A,H,-,A,D,0,,,Y,,Y,Y,C,02,0,2,0,0,0,0,0,0,2,"- ","- ",39.010719299316406,-122.05307769775391,COLUSA,UNINCORPORATED,-122.05313110351562,39.010700225830078
92385002,2024,2024-05-08,9155,2024-05-05,2113,022228,,7,2,9,0600,0,1,3,,1,022,SR-20,"LONE STAR RD",4224.00,N,N,A,-,Y,COL,,20," "," ",26.164,H,,R,Y,3,0,1,1,A,-,03,22350,,N,E,I,A,A,H,-,D,D,0,,,,,Y,Y,A,01,0,1,0,0,0,0,0,0,0,"- ","- ",39.195789337158203,-122.09320068359375,COLUSA,UNINCORPORATED,-122.09319305419922,39.195751190185547
92390794,2024,2024-05-15,9155,2024-05-12,1230,019718,,7,1,9,0600,0,1,3,,2,023,SR-20,"KING ROAD",5808.00,W,N,A,-,Y,,,,,,,,,,Y,3,0,4,2,A,-,03,22350,,N,C,C,A,A,H,-,A,D,0,,,,,Y,,A,07,0,4,0,0,0,0,0,0,0,"- ","- ",39.141948699951172,-122.14195251464844,COLUSA,UNINCORPORATED,-122.27089691162109,39.138259887695312
92390866,2024,2024-05-15,9155,2024-05-13,"320 ",022141,,1,3,9,0600,0,1,1,,2,051,"I-5 SOUTHBOUND",FRONTAGE,528.00,N,N,A,-,Y,COL,,5," ",R,7.816,H,,L,Y,3,0,1,1,A,-,08,22107,,N,E,I,A,A,H,-,D,D,0,,,,,Y,,D,22,0,1,0,0,0,0,0,0,0,"- ","- ",39.025699615478516,-122.0635986328125,COLUSA,UNINCORPORATED,-122.06333160400391,39.0257568359375
92390912,2024,2024-05-15,9155,2024-05-13,2355,021968,,1,3,9,0600,0,3,5,,2,003,"MAXWELL RD","FOUR MILE RD",5280.00,W,N,A,-,N,,,,,,,,,,Y,3,0,1,1,A,-,01,23152,A,N,E,I,A,A,H,-,C,D,0,,,,,Y,Y,A,07,0,1,0,0,0,0,0,0,0,"- ","- ",39.275920867919922,-122.13491058349609,COLUSA,UNINCORPORATED,-122.13504791259766,39.2760009765625
92391960,2024,2024-05-16,9155,2024-05-15,1713,022228,,3,2,9,0600,0,3,5,,2,006,"LEESVILLE RD","RT 20",52800.00,N,N,A,-,N,,,,,,,,,,Y,2,0,1,2,A,-,05,21650,,N,A,C,A,A,H,-,A,D,0,,,Y,,Y,,C,02,1,0,0,0,0,0,0,0,1,"- ","- ",39.167900085449219,-122.40348052978516,COLUSA,UNINCORPORATED,-122.29128265380859,39.120479583740234
92395417,2024,2024-05-21,9155,2024-05-12,1700,018981,,7,2,9,0600,0,1,1,,2,051,"I-5 N/B","E ST",1000.00,N,N,A,-,Y,COL,,5," ",R,18.279,H,,R,Y,2,0,1,1,A,-,08,22107,,N,F,A,A,A,H,-,A,D,0,,,,,Y,,A,08,1,0,0,0,0,0,0,0,0,"- ","- ",39.160888671875,-122.14639282226562,COLUSA,UNINCORPORATED,-122.14632415771484,39.160911560058594
92404400,2024,2024-06-03,9155,2024-05-26,1811,022141,,7,2,9,0600,0,1,3,,2,023,SR-20,"MPM 4.39",5.00,N,N,A,-,Y,COL,,20," "," ",4.377,H,,R,Y,4,0,1,1,A,-,08,22107,,N,E,I,A,A,H,-,A,D,0,,,,,Y,,A,01,0,0,1,0,0,0,0,0,0,"- ","- ",39.023521423339844,-122.34970092773438,COLUSA,UNINCORPORATED,-122.34970092773438,39.023483276367188
92404573,2024,2024-06-03,9155,2024-05-25,2340,021152,,6,3,9,0600,0,1,3,,2,023,"STATE HIGHWAY 20","STATE HIGHWAY 16",5280.00,E,N,A,-,Y,COL,,20," "," ",4.491,H,,R,Y,2,0,2,1,A,-,01,23153,A,N,E,I,A,A,H,-,D,D,0,,,,,Y,Y,A,01,1,0,1,0,0,0,0,0,0,"- ","- ",39.023540496826172,-122.34761810302734,COLUSA,UNINCORPORATED,-122.34761047363281,39.02349853515625
92408190,2024,2024-06-06,9155,2024-05-29,1530,019973,,3,2,9,0600,0,2,4,,2,011,"OLD HWY 99W","FREEWAY UNDERCROSSING RD.",0.00,,Y,A,-,N,,,,,,,,,,Y,3,0,2,2,A,-,09,21801,A,N,A,C,A,A,H,-,A,D,0,,,,,Y,,D,22,0,1,1,0,0,0,0,0,0,"- ","- ",39.024501800537109,-122.0615234375,COLUSA,UNINCORPORATED,,
92411622,2024,2024-06-11,9155,2024-06-03,1245,019718,,1,1,9,0600,0,1,3,,2,041,SR-45,"SYCAMORE CUT OFF",500.00,S,N,A,-,Y,COL,,45," "," ",18.153,H,,R,Y,3,0,1,1,A,-,08,22107,,N,F,A,A,A,H,-,A,D,0,,,,,Y,,D,22,0,1,0,0,0,0,0,0,0,"- ","- ",39.135421752929688,-121.94273376464844,COLUSA,UNINCORPORATED,-121.94274139404297,39.135406494140625
92411688,2024,2024-06-11,9155,2024-06-04,1700,018981,,2,2,9,0600,0,3,5,,2,004,"LURLINE AVE","JAMESON RD",2000.00,E,N,A,-,N,,,,,,,,,,Y,3,0,1,1,A,-,08,22107,,N,F,A,A,A,H,-,A,D,0,,,,,Y,,D,22,0,1,0,0,0,0,0,0,0,"- ","- ",39.21759033203125,-122.07125854492188,COLUSA,UNINCORPORATED,-122.07044982910156,39.217525482177734
92411857,2024,2024-06-11,9155,2024-06-05,"50  ",022228,,3,3,9,0600,0,1,1,,2,051,"I5 NB","HILLGATE RD",5280.00,S,N,A,-,Y,COL,,5," ",R,5.960,H,,R,Y,4,0,1,2,A,-,01,23152,A,M,G,2,A,A,H,-,D,D,0,,,,,Y,Y,A,01,0,0,1,0,0,0,0,0,0,"- ","- ",39.002788543701172,-122.04759216308594,COLUSA,UNINCORPORATED,-122.04752349853516,39.002815246582031
92414932,2024,2024-06-14,9155,2024-06-07,1925,021152,,5,2,9,0600,0,1,3,,2,023,"STATE HIGHWAY 20","WALNUT DR",5280.00,E,N,A,-,Y,COL,,20," "," ",14.148,H,,R,Y,3,0,2,2,A,-,01,23152,F,N,C,2,A,A,H,-,A,D,0,,,,,Y,,A,01,0,1,1,0,0,0,0,0,0,"- ","- ",39.129970550537109,-122.28040313720703,COLUSA,UNINCORPORATED,-122.28044128417969,39.129997253417969
92419540,2024,2024-06-20,9155,2024-06-14,1358,022796,,5,1,9,0600,0,1,1,,2,052,"INTERSTATE 5 SB","MAXWELL RD",15.00,N,N,A,-,Y,,,,,,,,,,Y,4,0,1,2,A,-,09,21802,B,N,D,C,A,A,H,-,A,A,0,,,,,Y,,D,22,0,0,1,0,0,0,0,0,0,"- ","- ",39.276348114013672,-122.18451690673828,COLUSA,UNINCORPORATED,-122.18264007568359,39.276420593261719
92428948,2024,2024-07-02,9155,2024-06-24,"730 ",018981,,1,1,9,0600,0,3,5,,2,003,"RIVER RD","EAST GLENN RD",4752.00,S,N,A,-,N,,,,,,,,,,Y,3,0,1,1,A,-,08,22107,,N,E,I,A,A,H,-,A,D,0,,,,,Y,,A,01,0,1,0,0,0,0,0,0,0,"- ","- ",39.372699737548828,-121.99549865722656,COLUSA,UNINCORPORATED,,
92444658,2024,2024-07-22,9155,2024-06-14,"931 ",022796,,5,1,9,0600,0,1,3,,1,042,"INTERSTATE 5 N/B","MEYERS RD",1848.00,N,N,A,-,Y,COL,,5," ",R,14.102,H,,R,Y,4,0,1,2,A,-,08,22107,,M,E,I,A,A,H,-,A,D,0,,,,Y,Y,Y,-,"- ",0,0,1,0,0,0,0,0,0,"- ","- ",39.106010437011719,-122.11673736572266,COLUSA,UNINCORPORATED,-122.11671447753906,39.106014251708984
92444696,2024,2024-07-22,9155,2024-07-08,1830,022730,,1,2,9,0600,0,3,5,,2,002,"WYER ROAD","YOLO COUNTY LINE ROAD",1584.00,N,N,A,-,N,,,,,,,,,,N,3,0,2,1,A,-,03,22350,,N,E,I,A,A,H,-,A,D,0,,,,,Y,,A,07,0,1,1,0,0,0,0,0,0,"- ","- ",38.933799743652344,-122.09789276123047,COLUSA,UNINCORPORATED,,
92601890,2024,2024-07-25,9155,2024-07-22,1925,022141,,1,2,9,0600,0,1,3,,1,022,"SR-20 E/B","LONESTAR ROAD",739.00,E,N,A,-,Y,COL,,20," "," ",27.075,H,,R,Y,2,0,1,1,A,-,03,22350,,N,F,A,A,A,H,-,A,D,0,,,,,Y,,A,07,1,0,0,0,0,0,0,0,0,"- ","- ",39.195598602294922,-122.07633972167969,COLUSA,UNINCORPORATED,-122.07633972167969,39.195590972900391
92602415,2024,2024-07-25,9155,2024-07-18,"655 ",021061,,4,1,9,0600,0,1,1,,2,052,"I-5 S/B","MAXWELL OVERHEAD",3854.00,N,N,A,-,Y,COL,,5," ",R,30.766,H,,L,Y,3,0,1,1,A,-,01,23152,A,N,F,I,A,A,H,-,A,D,0,,,,,Y,Y,A,01,0,1,0,0,0,0,0,0,0,"- ","- ",39.333301544189453,-122.19467926025391,COLUSA,UNINCORPORATED,-122.19496154785156,39.333293914794922
92602505,2024,2024-07-25,9155,2024-07-13,"715 ",019973,,6,1,9,0600,0,1,3,,2,023,"SR-20 W/B",SR-16,13992.00,E,N,A,-,Y,COL,,20," "," ",6.119,H,,L,Y,2,0,1,2,A,-,01,23152,A,M,B,C,A,A,H,-,A,D,0,,,,Y,Y,Y,A,01,1,0,0,0,0,0,0,0,0,"- ","- ",39.043838500976562,-122.34075164794922,COLUSA,UNINCORPORATED,-122.34075164794922,39.043838500976562
9276159,2021,2021-09-01,0601,2021-07-21,0455,8448,0601,3,5,2,0601,0,0,0,,0,00A,"RT 20","JAY ST",0.00,,Y,A,-,Y,COL,3,20,-,-,31.010,H,-,W,Y,3,0,1,3,A,-,07,21658,A,N,B,C,A,A,H,-,B,D,0,,,,Y,Y,,G,25,0,1,0,0,0,0,0,0,0,"- ","- ",,,COLUSA,COLUSA,-122.01521301269531,39.214488983154297
9280051,2021,2021-07-01,0601,2021-06-07,1554,8452,0601,1,5,2,0601,0,0,0,,0,00C,"FREMONT ST","6TH ST",0.00,,Y,A,-,N,,,,,,,,,,Y,3,0,3,3,A,-,03,22350,,N,C,C,A,A,H,-,A,D,0,,,,,Y,,A,01,0,3,0,0,0,0,0,0,0,"- ","- ",,,COLUSA,COLUSA,-122.01177978515625,39.208057403564453
92877559,2024,2024-07-29,9155,2024-07-18,1830,022228,,4,2,9,0600,0,3,5,,2,006,"LODOGA-STONYFORD RD.","LEESVILLE-LODOGA RD",1900.00,W,N,A,-,N,,,,,,,,,,Y,3,0,1,2,A,-,01,23153,A,N,A,C,A,A,H,-,A,D,0,,,,,Y,Y,A,01,0,1,0,0,0,0,0,0,0,"- ","- ",39.301078796386719,-122.49526214599609,COLUSA,UNINCORPORATED,-122.4945068359375,39.301055908203125
92877621,2024,2024-07-29,9155,2024-07-21,1522,022730,,7,2,9,0600,0,2,4,,2,010,"LONESTAR ROAD",SR-20,2640.00,S,N,A,-,N,,,,,,,,,,Y,3,0,1,1,A,-,01,23152,A,N,E,I,A,A,H,-,A,D,0,,,,,Y,Y,-,"- ",0,1,0,0,0,0,0,0,0,"- ","- ",39.188568115234375,-122.07866668701172,COLUSA,UNINCORPORATED,-122.07862091064453,39.188434600830078
92877781,2024,2024-07-29,9155,2024-06-12,1353,019718,,3,1,9,0600,0,1,3,,2,023,SR-20,"WALNUT DRIVE",4000.00,E,N,A,-,Y,COL,,20," "," ",14.020,H,,R,Y,1,1,0,1,A,-,08,22107,,N,F,A,A,A,H,-,A,D,0,,,,,Y,,A,07,0,0,0,0,0,0,0,0,0,"- ","- ",39.128589630126953,-122.28202819824219,COLUSA,UNINCORPORATED,-122.28205108642578,39.128604888916016
9293036,2021,2021-08-09,0601,2021-06-24,0955,8452,0601,4,5,2,0601,0,0,0,,0,00F,"WESCOTT RD","LARSON LN",0.00,,Y,A,-,N,,,,,,,,,,N,3,0,3,2,A,-,09,21800,A,N,-,C,A,A,H,-,A,D,0,,,,,Y,,A,01,0,3,0,0,0,0,0,0,0,"- ","- ",,,COLUSA,COLUSA,-122.00539398193359,39.201877593994141
93196302,2024,2024-08-01,9155,2024-07-23,2120,021968,,2,2,9,0600,0,1,1,,2,052,"I-5 SOUTHBOUND","DELEVAN RD",5280.00,N,N,A,-,Y,COL,,5," ",R,32.840,H,,L,Y,4,0,1,2,A,-,08,22107,,N,C,E,A,A,H,-,D,D,0,,,,Y,Y,Y,G,27,0,0,1,0,0,0,0,0,0,"- ","- ",39.363178253173828,-122.19306182861328,COLUSA,UNINCORPORATED,-122.19302368164062,39.363182067871094
93196344,2024,2024-08-01,9155,2024-07-25,"610 ",019973,,4,1,9,0600,0,3,5,,2,001,"SR-45 S/B","CERES RD",970.00,S,N,A,-,Y,COL,,45," "," ",1.686,H,,L,Y,2,0,1,1,A,-,03,22350,,N,E,I,A,A,H,-,A,D,0,,,,,Y,,A,01,1,0,0,0,0,0,0,0,0,"- ","- ",38.949291229248047,-121.84355163574219,COLUSA,UNINCORPORATED,-121.84358978271484,38.949291229248047
93219114,2024,2024-08-01,9155,2024-07-27,1650,021061,,6,2,9,0600,0,1,1,,2,052,"I-5 S/B","DELEVAN RD",300.00,N,N,B,-,Y,COL,,5," ",R,32.440,H,,L,Y,3,0,1,1,A,-,08,22107,,N,F,A,A,A,H,-,A,D,0,,,,,Y,,A,01,0,1,0,0,0,0,0,0,0,"- ","- ",39.357391357421875,-122.19309234619141,COLUSA,UNINCORPORATED,-122.19314575195312,39.357395172119141
93280573,2024,2024-08-01,9155,2024-07-27,1330,021061,,6,1,9,0600,0,1,3,,2,023,"SR-20 E/B","WALNUT DR",65.00,E,N,B,-,Y,COL,,20," "," ",13.376,H,,R,Y,3,0,2,2,A,-,03,22350,,N,C,C,A,A,H,-,A,D,0,,,,,Y,,D,22,0,2,0,0,0,0,0,0,0,"- ","- ",39.121650695800781,-122.2899169921875,COLUSA,UNINCORPORATED,-122.28997039794922,39.121688842773438
9346991,2021,2021-10-25,0601,2021-09-20,1032,8447,0601,1,5,2,0601,0,0,0,,0,00A,"MARKET ST","5TH ST",0.00,,Y,A,-,Y,COL,3,20,-,-,31.470,I,5,E,N,3,0,1,2,A,-,09,21802,,N,D,C,A,A,H,-,A,A,0,,,,,Y,,D,22,0,1,0,0,0,0,0,0,0,"- ","- ",,,COLUSA,COLUSA,-122.00794219970703,39.21405029296875
9370628,2021,2021-12-28,0601,2021-11-11,1745,8447,0601,4,5,2,0601,0,0,0,,0,00C,"3RD ST","FREMONT ST",0.00,,Y,A,-,N,,,,,,,,,,N,3,0,2,2,A,-,09,21803,,N,A,C,A,A,H,-,C,A,0,,,,,Y,,A,01,0,2,0,0,0,0,0,0,0,"- ","- ",,,COLUSA,COLUSA,-122.00765991210938,39.207115173339844
9380260,2021,2022-01-24,0601,2021-11-29,1731,8447,0601,1,5,2,0601,0,0,0,,0,00D,"BRIDGE ST","CARSON ST",0.00,,Y,A,-,N,,,,,,,,,,Y,3,0,1,2,-,-,"- ",,,N,C,C,A,A,H,-,C,D,0,,,,Y,Y,,-,"- ",0,1,0,0,0,0,0,0,0,"- ","- ",,,COLUSA,COLUSA,-122.00392150878906,39.205314636230469
93859223,2024,2024-08-08,9155,2024-07-28,1638,018981,,7,2,9,0600,0,1,1,,2,052,"I-5 S/B","LURLINE AVE",3500.00,S,N,A,-,Y,COL,,5," ",R,22.001,H,,L,N,4,0,1,2,A,-,07,21658,A,N,B,C,A,A,H,-,A,D,0,,,,,Y,,A,01,0,0,1,0,0,0,0,0,0,"- ","- ",39.207908630371094,-122.17964172363281,COLUSA,UNINCORPORATED,-122.17963409423828,39.207912445068359
93945368,2024,2024-08-08,9155,2024-08-02,"745 ",019973,,5,1,9,0600,0,1,1,,2,051,"I-5 S/B","HUSTED RD",30.00,N,N,A,-,Y,COL,,5," ",R,15.936,H,,R,Y,4,0,1,1,A,-,03,22350,,N,F,I,A,A,B,-,A,D,0,,,,,Y,,A,01,0,0,1,0,0,0,0,0,0,"- ","- ",39.129341125488281,-122.13300323486328,COLUSA,UNINCORPORATED,-122.13304138183594,39.129318237304688
94020067,2024,2024-08-12,9155,2024-07-31,"955 ",019973,,3,1,9,0600,0,1,1,,2,051,"I-5 S/B","HUSTED RD",1000.00,N,N,A,-,Y,COL,,5," ",R,16.656,H,,L,Y,4,0,1,1,A,-,01,23152,A,M,E,I,A,A,H,-,A,D,0,,,,,Y,Y,A,07,0,0,1,0,0,0,0,0,0,"- ","- ",39.138820648193359,-122.13636779785156,COLUSA,UNINCORPORATED,-122.13639068603516,39.138820648193359
94045989,2024,2024-08-12,9155,2024-08-02,2129,022730,,5,2,9,0600,0,1,1,,2,052,"INTERSTATE 5","MAXWELL ROAD",5280.00,S,N,B,-,Y,COL,,5," ",R,25.584,H,,R,N,4,0,3,2,A,-,03,22350,,N,C,C,A,A,H,-,D,D,0,,,,,Y,,A,01,0,0,3,0,0,0,0,0,0,"- ","- ",39.259708404541016,-122.18209075927734,COLUSA,UNINCORPORATED,-122.18206787109375,39.259708404541016
9414028,2022,2022-03-16,0601,2022-01-27,1836,8448,0601,4,5,2,0601,0,0,0,,0,00D,"BRIDGE ST","EAST CARSON ST",0.00,,Y,A,-,Y,COL,3,20,-,-,32.370,I,5,E,Y,4,0,1,2,A,-,09,21802,A,N,B,C,A,A,H,-,B,A,0,,,,,Y,,A,01,0,0,1,0,0,0,0,0,0,"- ","- ",,,COLUSA,COLUSA,-122.00400543212891,39.205291748046875
9432699,2022,2022-08-29,0601,2022-07-16,0116,8452,0601,6,5,2,0601,0,0,0,,0,00E,"RT 20","WILL S GREEN AV",429.00,E,N,A,-,Y,COL,3,20,-,-,30.090,H,-,E,Y,2,0,1,1,A,-,03,22350,,N,H,J,A,A,H,-,C,D,0,,,,,Y,Y,A,07,1,0,0,0,0,0,0,0,0,"- ","- ",,,COLUSA,COLUSA,-122.02256774902344,39.202804565429688
94357007,2024,2024-08-16,9155,2024-08-07,1425,019973,,3,2,9,0600,0,1,1,,2,051,"I-5 S/B","HILLGATE RD",550.00,S,N,A,-,Y,COL,,5," ",R,6.682,H,,L,Y,3,0,1,1,A,-,08,22107,,N,F,I,A,A,H,-,A,D,0,,,,,Y,,A,08,0,1,0,0,0,0,0,0,0,"- ","- ",39.011959075927734,-122.05403137207031,COLUSA,UNINCORPORATED,-122.05397796630859,39.011985778808594
94362250,2024,2024-08-20,9155,2024-08-09,1720,022796,,5,2,9,0600,0,3,5,,2,001,"HALL STREET","HALL ST AND WILLIAM ST",0.00,,Y,A,-,N,,,,,,,,,,N,4,0,1,2,A,-,01,23152,A,N,C,E,A,A,H,-,A,D,0,,,,,Y,Y,D,22,0,0,1,0,0,0,0,0,0,"- ","- ",39.015869140625,-122.07073974609375,COLUSA,UNINCORPORATED,-122.07061767578125,39.015979766845703
94367944,2024,2024-08-23,9155,2024-08-15,"825 ",021152,,4,1,9,0600,0,1,1,,2,052,"INTERSTATE 5 N/B","OLD HWY 99W",2640.00,S,N,A,-,Y,COL,,5," ",R,28.833,H,,R,Y,3,0,1,1,A,-,08,22107,,N,F,A,A,A,H,-,A,D,0,,,,,Y,,A,08,0,1,0,0,0,0,0,0,0,"- ","- ",39.306591033935547,-122.18739318847656,COLUSA,UNINCORPORATED,-122.18745422363281,39.306571960449219
94372180,2024,2024-08-27,9155,2024-08-14,2025,022796,,3,2,9,0600,0,3,5,,2,002,"WYER RD","PETROLEUM CREEK",2006.00,S,N,A,-,N,,,,,,,,,,Y,2,0,3,1,A,-,01,23153,A,N,E,I,A,A,H,-,D,D,0,,,,,Y,Y,-,"- ",1,2,0,0,0,0,0,0,0,"- ","- ",38.933910369873047,-122.09786987304688,COLUSA,UNINCORPORATED,,
94372261,2024,2024-08-27,9155,2024-08-16,"530 ",019973,,5,3,9,0600,0,1,1,,2,051,"I-5 S/B","HUSTED RD",2500.00,S,N,A,-,Y,COL,,5," ",R,15.459,H,,L,Y,2,0,1,1,A,-,08,22107,,N,F,I,A,A,H,-,D,D,0,,,,,Y,,D,22,1,0,0,0,0,0,0,0,0,"- ","- ",39.123550415039062,-122.12751770019531,COLUSA,UNINCORPORATED,-122.12757873535156,39.123527526855469
94372305,2024,2024-08-27,9155,2024-08-18,1100,019718,,7,1,9,0600,0,3,5,,2,006,"LODOGA-STONYFORD RD.","GOAT MOUNTAIN ROAD",500.00,N,N,A,-,N,,,,,,,,,,N,3,0,1,2,A,-,05,21460,A,N,B,C,A,A,H,-,A,D,0,,,,,Y,,D,22,0,1,0,0,0,0,0,0,0,"- ","- ",39.305908203125,-122.52815246582031,COLUSA,UNINCORPORATED,-122.52815246582031,39.305858612060547
94383944,2024,2024-09-06,9155,2024-08-25,1730,021968,,7,2,9,0600,0,1,1,,2,051,"INTERSTATE 5 SOUTHBOUND","MEYERS RD",2112.00,N,N,A,-,Y,COL,,5," ",R,14.195,H,,L,N,3,0,1,2,A,-,08,22107,,M,B,2,A,A,H,-,A,D,0,,,,Y,Y,,F,27,0,1,0,0,0,0,0,0,0,"- ","- ",39.107250213623047,-122.11734008789062,COLUSA,UNINCORPORATED,-122.11734771728516,39.107250213623047
94384891,2024,2024-09-06,9155,2024-08-25,1610,019718,,7,2,9,0600,0,3,5,,2,001,"OLD HWY 99W","YOLO COUNTY LINE ROAD",0.00,,Y,A,-,N,,,,,,,,,,Y,3,0,4,2,A,-,09,21802,B,N,D,C,A,A,H,-,A,A,0,,,,,Y,,A,01,0,4,0,0,0,0,0,0,0,"- ","- ",39.925498962402344,-122.99669647216797,COLUSA,UNINCORPORATED,,
94390025,2024,2024-09-11,9155,2024-08-30,1930,022730,,5,2,9,0600,0,2,4,,2,011,"HIGHWAY 99W (FRONTAGE ROAD)","WARE ROAD",1584.00,S,N,A,-,Y,,,,,,,,,,Y,2,0,1,2,A,-,08,22107,,N,B,C,A,A,H,-,A,D,0,,,,Y,Y,,A,01,1,0,0,0,0,0,0,0,0,"- ","- ",39.112308502197266,-122.11933135986328,COLUSA,UNINCORPORATED,,
94390142,2024,2024-09-11,9155,2024-08-31,1920,022796,,6,2,9,0600,0,1,1,,2,051,"I-5 N/B","YOLO COUNTY LINE RD",8448.00,N,N,A,-,Y,COL,,5," ",R,1.650,H,,R,Y,2,0,3,2,A,-,01,23152,A,N,C,C,A,A,H,-,A,D,0,,,,,Y,Y,A,01,3,0,0,0,0,0,0,0,0,"- ","- ",38.94757080078125,-122.01126098632812,COLUSA,UNINCORPORATED,-122.01123046875,38.947582244873047
94397150,2024,2024-09-17,9155,2024-09-11,"730 ",022201,,3,1,9,0600,0,1,3,,2,041,SR-45,"DRY SLOUGH RD",250.00,S,N,A,-,Y,COL,,45," "," ",15.361,H,,R,Y,3,0,1,1,A,-,01,23152,A,M,F,I,A,A,H,-,A,D,0,,,,,Y,Y,A,08,0,1,0,0,0,0,0,0,0,"- ","- ",39.096611022949219,-121.93099975585938,COLUSA,UNINCORPORATED,-121.93096160888672,39.096633911132812
94405157,2024,2024-09-23,9155,2024-09-19,2239,022228,,4,3,9,0600,0,1,3,,1,022,SR-20,"LONE STAR RD",4224.00,W,N,A,-,Y,COL,,20," "," ",26.065,H,,R,Y,3,0,2,1,A,-,08,22107,,N,F,I,A,A,H,-,D,D,0,,,,,Y,,-,36,0,2,0,0,0,0,0,0,0,"- ","- ",39.195381164550781,-122.09497833251953,COLUSA,UNINCORPORATED,-122.09492492675781,39.195297241210938
94412926,2024,2024-09-30,9155,2024-09-16,2300,021968,,1,3,9,0600,0,1,3,,1,016,SR-16,"MPM 3.53",50.00,S,N,A,-,Y,COL,,16," "," ",3.568,H,,R,Y,4,0,1,1,A,-,08,22107,,N,E,I,A,A,H,-,D,D,0,,,,,Y,,-,"- ",0,0,1,0,0,0,0,0,0,"- ","- ",38.969070434570312,-122.34059906005859,COLUSA,UNINCORPORATED,-122.34059906005859,38.969070434570312
94422126,2024,2024-10-07,9155,2024-09-29,1410,018981,,7,2,9,0600,0,1,1,,2,052,"I-5 N/B","LENAHAN RD",450.00,S,N,A,-,Y,COL,,5," ",R,30.738,H,,R,Y,3,0,1,3,A,-,03,22350,,N,B,2,A,A,H,-,A,D,0,,,,Y,Y,,A,01,0,1,0,0,0,0,0,0,0,"- ","- ",39.332908630371094,-122.19468688964844,COLUSA,UNINCORPORATED,-122.19464111328125,39.332908630371094
94428016,2024,2024-10-11,9155,2024-10-09,1150,021152,,3,1,9,0600,0,1,1,,2,052,"INTERSTATE 5","MAXWELL COLUSA RD",5280.00,N,N,A,-,Y,COL,,5," ",R,27.675,H,,R,Y,2,0,1,1,A,-,08,22107,,N,E,I,A,A,H,-,A,D,0,,,,,Y,,A,07,1,0,0,0,0,0,0,0,0,"- ","- ",39.289909362792969,-122.18441772460938,COLUSA,UNINCORPORATED,-122.18435668945312,39.2899169921875
94428434,2024,2024-10-11,9155,2024-10-10,1450,021152,,4,2,9,0600,0,1,3,,1,022,"SR-20 E/B","WILSON AVE",100.00,W,N,A,-,Y,COL,,20," "," ",29.168,H,,R,Y,4,0,1,2,A,-,03,22350,,N,C,C,A,A,H,-,A,D,0,,,,Y,Y,,A,01,0,0,1,0,0,0,0,0,0,"- ","- ",39.196498870849609,-122.03759002685547,COLUSA,UNINCORPORATED,-122.03760528564453,39.196529388427734
94431216,2024,2024-10-15,9155,2024-10-06,1450,024026,,7,2,9,0600,0,1,3,,2,023,SR-20,"MILE POST MARKER 5",30.00,E,N,A,-,Y,COL,,20," "," ",5.016,H,,R,Y,3,0,1,2,A,-,03,22350,,N,B,2,A,A,H,-,A,A,0,,,,Y,Y,,A,01,0,1,0,0,0,0,0,0,0,"- ","- ",39.028591156005859,-122.34059143066406,COLUSA,UNINCORPORATED,-122.34054565429688,39.028556823730469
94432172,2024,2024-10-15,9155,2024-06-23,"447 ",022228,,7,3,9,0600,0,1,1,,2,051,"I-5 SB","MEYERS RD",3168.00,S,N,A,-,Y,COL,,5," ",R,13.057,H,,L,Y,1,2,0,2,A,-,01,23152,A,N,A,C,A,A,H,-,D,D,0,,,,,Y,Y,A,01,0,0,0,0,0,0,0,0,0,"- ","- ",39.093189239501953,-122.10735321044922,COLUSA,UNINCORPORATED,-122.10735321044922,39.093189239501953
94434821,2024,2024-10-17,9155,2024-10-06,2313,022141,,7,3,9,0600,0,1,1,,2,051,"I-5 S/B","GREENBAY RD",3168.00,N,N,A,-,Y,COL,,5," ",R,3.790,H,,L,Y,2,0,2,1,A,-,08,22107,,N,F,A,A,A,H,-,D,D,0,,,,,Y,,-,"- ",1,1,0,0,0,0,0,0,0,"- ","- ",38.974739074707031,-122.02948760986328,COLUSA,UNINCORPORATED,-122.02947235107422,38.974746704101562
94435047,2024,2024-10-17,9155,2024-10-15,2120,022141,,2,2,9,0600,0,1,1,,2,052,"I-5 N/B","LENAHAN ROAD",6336.00,S,N,A,-,Y,COL,,5," ",R,29.633,H,,R,N,4,0,1,2,A,-,03,22350,,N,C,C,A,A,H,-,D,D,0,,,,Y,Y,,A,01,0,0,1,0,0,0,0,0,0,"- ","- ",39.316921234130859,-122.19405364990234,COLUSA,UNINCORPORATED,-122.19406127929688,39.316917419433594
94440551,2024,2024-10-22,9155,2024-10-13,1752,024026,,7,2,9,0600,0,1,3,,2,023,SR-20,SR-16,0.00,,Y,A,-,Y,COL,,20," "," ",3.449,H,,R,Y,2,0,3,2,A,-,09,21802,A,N,D,2,A,A,H,-,A,A,0,,,,,Y,,A,01,2,1,0,0,0,0,0,0,0,"- ","- ",39.013031005859375,-122.35883331298828,COLUSA,UNINCORPORATED,-122.35888671875,39.013050079345703
94441889,2024,2024-10-23,9155,2024-10-15,1730,024026,,2,2,9,0600,0,3,5,,2,006,"SITES-LODOGA RD.","RAIL CANYON RD",528.00,W,N,A,-,N,,,,,,,,,,Y,3,0,1,1,A,-,08,22107,,N,E,I,A,A,H,-,A,D,0,,,,,Y,,-,"- ",0,1,0,0,0,0,0,0,0,"- ","- ",39.355091094970703,-122.46044158935547,COLUSA,UNINCORPORATED,-122.4617919921875,39.354049682617188
94446906,2024,2024-10-28,9155,2024-10-19,"252 ",022957,,6,3,9,0600,0,1,3,,1,016,SR-16,SR-20,27456.00,S,N,A,-,Y,COL,,16," "," ",5.218,H,,R,Y,4,0,1,1,A,-,01,23152,A,N,E,8,A,A,H,-,D,D,0,,,,,Y,Y,A,01,0,0,1,0,0,0,0,0,0,"- ","- ",38.94805908203125,-122.34893035888672,COLUSA,UNINCORPORATED,-122.34898376464844,38.948040008544922
94447122,2024,2024-10-28,9155,2024-10-19,1530,020744,,6,2,9,0600,0,1,1,,2,052,"I-5 NB","OLD HWY 99W (MAXWELL OVERHEAD)",1050.00,N,N,A,-,Y,COL,,5," ",R,29.538,H,,R,Y,4,0,1,1,A,-,08,22107,,N,E,I,A,A,H,-,A,D,0,,,,,Y,,A,01,0,0,1,0,0,0,0,0,0,"- ","- ",39.315589904785156,-122.19354248046875,COLUSA,UNINCORPORATED,-122.19356536865234,39.315582275390625
94447977,2024,2024-10-28,9155,2024-10-24,"735 ",020744,,4,1,9,0600,0,3,5,,2,005,"MAXWELL COLUSA RD","TWO MILE RD",750.00,W,N,A,-,Y,,,,,,,,,,N,4,0,1,2,A,-,03,22350,,N,C,C,A,A,H,-,A,D,0,,,,Y,Y,,D,22,0,0,1,0,0,0,0,0,0,"- ","- ",39.276401519775391,-122.15654754638672,COLUSA,UNINCORPORATED,-122.15647888183594,39.2763671875
94458258,2024,2024-11-05,9155,2024-10-28,"700 ",024026,,1,1,9,0600,0,1,1,,2,051,"I-5 S/B","OLD HWY 99W",2112.00,N,N,A,-,Y,COL,,5," ",R,17.025,H,,L,Y,3,0,3,1,A,-,08,22107,,N,F,I,A,A,H,-,B,D,0,,,,,Y,,A,01,0,3,0,0,0,0,0,0,0,"- ","- ",39.144168853759766,-122.13684844970703,COLUSA,UNINCORPORATED,-122.13692474365234,39.144153594970703
94460684,2024,2024-11-06,9155,2024-10-30,1830,022141,,3,2,9,0600,0,3,5,,2,004,"NORMAN ROAD","WILLOW CREEK",2851.00,W,N,A,-,N,,,,,,,,,,Y,3,0,1,1,C,-,18,,,N,E,H,A,A,H,-,D,D,0,,,Y,,Y,,-,"- ",0,1,0,0,0,0,0,0,1,"- ","- ",39.406459808349609,-122.09107971191406,COLUSA,UNINCORPORATED,-122.09107971191406,39.406459808349609
94463839,2024,2024-11-08,9155,2024-10-26,2345,022730,,6,3,9,0600,0,3,5,,2,003,"GRIDLEY ROAD","PUTNAM ROAD",3696.00,E,N,B,-,N,,,,,,,,,,Y,2,0,4,1,A,-,01,23152,A,F,E,8,A,A,H,-,D,A,0,,,,,Y,Y,A,01,2,2,0,0,0,0,0,0,0,"- ","- ",39.343711853027344,-121.95108795166016,COLUSA,UNINCORPORATED,-121.95005035400391,39.344429016113281
94466950,2024,2024-11-12,9155,2024-10-30,2240,024026,,3,3,9,0600,0,1,3,,1,042,SR-45,"FRUITVALE AVE",193.00,S,N,B,C,Y,COL,,45," "," ",20.880,H,,R,Y,3,0,1,1,A,-,01,23152,A,N,E,I,A,B,H,-,D,D,0,,,,,Y,Y,A,07,0,1,0,0,0,0,0,0,0,"- ","- ",39.22821044921875,-122.01966857910156,COLUSA,UNINCORPORATED,-122.01979064941406,39.228137969970703
94468305,2024,2024-11-13,9155,2024-07-27,1325,019973,,6,1,9,0600,0,1,3,,2,023,"SR-20 E/B","WALNUT DR",1540.00,E,N,A,-,Y,COL,,20," "," ",13.565,H,,R,Y,1,1,4,2,A,-,08,22107,,N,A,C,A,A,H,-,A,D,0,,,,,Y,,A,01,2,1,1,0,0,0,0,0,0,"- ","- ",39.123699188232422,-122.28765106201172,COLUSA,UNINCORPORATED,-122.28765869140625,39.123706817626953
94469583,2024,2024-11-14,9155,2024-11-06,2332,022957,,3,3,9,0600,0,1,1,,2,052,"I-5 N/B","MAXWELL ROAD",10560.00,N,N,A,-,Y,COL,,5," ",R,28.783,H,,R,Y,3,0,2,2,A,-,08,22107,,N,F,D,A,A,H,-,D,D,0,,,,Y,Y,,A,07,0,1,1,0,0,0,0,0,0,"- ","- ",39.305881500244141,-122.18717193603516,COLUSA,UNINCORPORATED,-122.18714141845703,39.305885314941406
94470033,2024,2024-11-14,9155,2024-11-11,"825 ",022201,,1,1,9,0600,0,1,3,,2,023,"STATE HIGHWAY 20","MILE POST MARKER 1.68",850.00,E,N,C,-,Y,COL,,20," "," ",1.812,H,,R,N,4,0,3,1,A,-,08,22107,,N,F,I,A,B,H,-,A,D,0,,,,,Y,,-,"- ",0,0,3,0,0,0,0,0,0,"- ","- ",39.013351440429688,-122.38796997070312,COLUSA,UNINCORPORATED,-122.38794708251953,39.013267517089844
94473356,2024,2025-05-06,9155,2024-09-29,"415 ",021968,,7,3,9,0600,0,2,4,,2,010,"LONE STAR RD","HAHN RD",10.00,S,N,A,-,N,,,,,,,,,,N,1,1,1,1,A,-,01,23152,A,N,E,9,A,A,H,-,C,A,0,,,,,Y,Y,D,22,1,0,0,0,0,0,0,0,0,"- ","- ",39.056800842285156,-122.07887268066406,COLUSA,UNINCORPORATED,-122.0789794921875,39.056808471679688
94474076,2024,2024-11-18,9155,2024-11-12,1055,019718,,2,1,9,0600,0,3,5,,2,003,"RIVER ROAD","LAUX ROAD",9610.00,N,N,A,-,N,,,,,,,,,,Y,2,0,1,1,A,-,08,22107,,N,E,I,A,A,H,-,A,D,0,,,,,Y,,A,01,1,0,0,0,0,0,0,0,0,"- ","- ",39.270450592041016,-121.99890899658203,COLUSA,UNINCORPORATED,-121.99862670898438,39.270343780517578
94479053,2024,2024-11-21,9155,2024-08-07,"620 ",022228,,3,1,9,0600,0,3,5,,2,003,"RIVER RD","LAUX RD",190.00,N,N,A,-,N,,,,,,,,,,N,1,1,0,2,A,-,05,21460,A,N,C,C,A,A,H,-,A,D,0,,,,,Y,,-,"- ",0,0,0,0,0,0,0,0,0,"- ","- ",39.2459716796875,-121.99507904052734,COLUSA,UNINCORPORATED,-121.99501800537109,39.246002197265625
9448442,2022,2022-06-07,0601,2022-05-04,2109,8447,0601,3,5,2,0601,0,0,0,,0,00C,"6TH ST","LAFAYETTE ST",0.00,,Y,A,-,N,,,,,,,,,,Y,4,0,1,2,A,-,01,23152,,N,A,C,A,A,H,-,C,D,0,,,,Y,Y,Y,A,01,0,0,1,0,0,0,0,0,0,"- ","- ",,,COLUSA,COLUSA,-122.01142120361328,39.209003448486328
94489628,2024,2024-12-02,9155,2024-11-18,"645 ",018981,,1,1,9,0600,0,1,S,,2,008,SR-45,"RESERVATION RD",5808.00,N,N,A,-,Y,COL,,45," "," ",26.922,H,,R,Y,2,0,1,1,A,-,08,22107,,N,F,I,A,A,H,-,B,D,0,,,,,Y,,A,07,1,0,0,0,0,0,0,0,0,"- ","- ",39.312461853027344,-122.03362274169922,COLUSA,UNINCORPORATED,-122.03353881835938,39.312465667724609
94494010,2024,2024-12-05,9155,2024-11-21,"415 ",024026,,4,3,9,0600,0,3,5,,2,003,"GRIDLEY RD","RIVER RD",5280.00,E,N,C,-,N,,,,,,,,,,Y,3,0,1,2,A,-,08,22107,,N,B,C,A,B,H,-,D,D,0,,,,Y,Y,,D,22,0,1,0,0,0,0,0,0,0,"- ","- ",39.344379425048828,-121.9871826171875,COLUSA,UNINCORPORATED,-121.98561096191406,39.343837738037109
94494089,2024,2024-12-05,9155,2024-11-22,1428,024125,,5,2,9,0600,0,1,3,,2,023,"STATE ROUTE 20","STATE ROUTE 16",13939.00,W,N,B,C,Y,COL,,20," ",R,0.626,H,,R,Y,3,0,2,1,A,-,08,22107,,N,F,J,A,B,H,-,A,D,0,,,,,Y,,-,"- ",0,2,0,0,0,0,0,0,0,"- ","- ",39.007171630859375,-122.39861297607422,COLUSA,UNINCORPORATED,-122.39862060546875,39.007240295410156
94500852,2024,2024-12-13,9155,2024-11-27,1058,018981,,3,1,9,0600,0,1,1,,2,052,"I-5 S/B","MAXWELL RD",1200.00,S,N,A,-,Y,COL,,5," ",R,26.525,H,,L,Y,3,0,1,2,A,-,07,21658,A,N,B,C,A,A,H,-,A,D,0,,,,Y,Y,,A,07,0,1,0,0,0,0,0,0,0,"- ","- ",39.273349761962891,-122.18257141113281,COLUSA,UNINCORPORATED,-122.18257141113281,39.273349761962891
94501407,2024,2024-12-13,9155,2024-11-30,"155 ",024026,,6,3,9,0600,0,1,1,,2,051,"I-5 S/B","HAHN RD",6336.00,N,N,A,-,Y,COL,,5," ",R,11.531,H,,L,Y,3,0,1,1,A,-,08,22107,,N,F,8,A,A,H,-,D,D,0,,,,,Y,,A,07,0,1,0,0,0,0,0,0,0,"- ","- ",39.073501586914062,-122.09442138671875,COLUSA,UNINCORPORATED,-122.09447479248047,39.073482513427734
94507712,2024,2024-12-17,9155,2024-12-06,2145,024026,,5,2,9,0600,0,1,3,,1,042,SR-45,"REESE AVE",1056.00,S,N,A,-,Y,COL,,45," "," ",22.979,H,,R,Y,4,0,2,3,A,-,03,22350,,N,C,C,A,A,H,-,C,D,0,,,,,Y,,D,22,0,0,2,0,0,0,0,0,0,"- ","- ",39.255691528320312,-122.03164672851562,COLUSA,UNINCORPORATED,-122.03163909912109,39.255691528320312
94515509,2024,2024-12-24,9155,2024-12-13,1440,022796,,5,2,9,0600,0,1,3,,2,023,"RT 20","RT 16",1109.00,W,N,C,-,Y,COL,,20," ",R,0.648,H,,R,Y,4,0,1,1,A,-,08,22107,,N,F,I,A,B,H,-,A,D,0,,,,,Y,,A,07,0,0,1,0,0,0,0,0,0,"- ","- ",39.007171630859375,-122.39820098876953,COLUSA,UNINCORPORATED,-122.39818572998047,39.007198333740234
94516493,2024,2024-12-26,9155,2024-12-14,"825 ",019973,,6,1,9,0600,0,1,1,,2,051,"I-5 S/B","HARRINGTON AVE",1100.00,S,N,C,-,Y,COL,,5," ",R,2.105,H,,L,Y,3,0,1,1,A,-,08,22107,,N,E,I,A,B,H,-,A,D,0,,,,,Y,,A,01,0,1,0,0,0,0,0,0,0,"- ","- ",38.952491760253906,-122.01690673828125,COLUSA,UNINCORPORATED,-122.01692962646484,38.952476501464844
94517027,2024,2024-12-26,9155,2024-12-16,1235,022201,,1,1,9,0600,0,1,3,,2,023,"SR-20 E/B","MILE POST MARKER 0.75",0.00,W,N,C,-,Y,COL,,20," ",R,0.720,H,,R,Y,3,0,1,1,A,-,08,22107,,N,F,I,A,B,H,-,A,D,0,,,,,Y,,A,01,0,1,0,0,0,0,0,0,0,"- ","- ",39.006641387939453,-122.39695739746094,COLUSA,UNINCORPORATED,-122.39692687988281,39.006679534912109
94517786,2024,2024-12-27,9155,2024-12-14,1757,021588,,6,2,9,0600,0,1,3,,1,042,SR-45,"SEAVER SHOP ROAD",75.00,S,N,B,-,Y,COL,,45," "," ",25.622,H,,R,N,3,0,1,1,A,-,01,23152,A,N,F,I,A,B,H,-,D,D,0,,,,,Y,Y,A,01,0,1,0,0,0,0,0,0,0,"- ","- ",39.293891906738281,-122.03473663330078,COLUSA,UNINCORPORATED,-122.03482055664062,39.293903350830078
94518139,2024,2024-12-27,9155,2024-12-15,"235 ",023278,,7,3,9,0600,0,1,3,,2,023,"STATE ROUTE 20",WALNUT,2693.00,E,N,A,-,N,,,,,,,,,,Y,3,0,1,2,A,-,08,22107,,N,A,C,A,A,H,-,C,D,0,,,,,Y,,E,22,0,1,0,0,0,0,0,0,0,"- ","- ",39.135028839111328,-122.27464294433594,COLUSA,UNINCORPORATED,-122.28496551513672,39.126003265380859
94521357,2024,2024-12-31,9155,2024-12-23,1450,024026,,1,2,9,0600,0,1,3,,2,023,SR-20,SR-16,14256.00,W,N,C,-,Y,COL,,20," ",R,0.706,H,,R,Y,4,0,1,1,A,-,08,22107,,N,F,A,A,B,H,-,A,D,0,,,,,Y,,A,01,0,0,1,0,0,0,0,0,0,"- ","- ",39.006801605224609,-122.39717102050781,COLUSA,UNINCORPORATED,-122.39716339111328,39.006805419921875
94521718,2024,2024-12-31,9155,2024-12-26,"420 ",022228,,4,3,9,0600,0,1,3,,1,022,SR-20,"HUSTED RD",3168.00,E,N,A,-,Y,COL,,20," "," ",24.236,H,,R,Y,3,0,1,1,A,-,08,22107,,N,F,J,A,A,H,-,D,D,0,,,,,Y,,A,07,0,1,0,0,0,0,0,0,0,"- ","- ",39.179691314697266,-122.12284851074219,COLUSA,UNINCORPORATED,-122.12285614013672,39.179698944091797
94527461,2024,2025-01-06,9155,2024-12-26,"830 ",019973,,4,1,9,0600,0,1,3,,2,023,SR-20,"MILE POST MARKER 1.3",50.00,W,N,B,-,Y,COL,,20," "," ",1.787,H,,R,Y,3,0,1,1,A,-,08,22107,,N,F,A,A,B,H,-,A,D,0,,,,,Y,,A,01,0,1,0,0,0,0,0,0,0,"- ","- ",39.013141632080078,-122.38835144042969,COLUSA,UNINCORPORATED,-122.38835906982422,39.013153076171875
94539052,2025,2025-01-15,9155,2025-01-09,1350,019973,,4,1,9,0600,0,3,5,,2,004,"SITES-LODOGA RD.","CAMPGROUND RD",4500.00,E,N,A,-,N,,,,,,,,,,Y,4,0,1,1,A,-,08,22107,,N,F,A,A,A,H,-,A,D,0,,,,,Y,,A,01,0,0,1,0,0,0,0,0,0,"- ","- ",39.314601898193359,-122.47511291503906,COLUSA,UNINCORPORATED,-122.47386932373047,39.314872741699219
94548044,2025,2025-01-23,9155,2025-01-15,2005,022796,,3,2,9,0600,0,2,4,,2,011,"STATE HIGHWAY 99 W","STRUCKMEYER RD",370.00,N,N,A,-,Y,COL,,5," ",R,9.397,H,,R,N,3,0,1,2,D,-,00,,,N,G,B,E,A,H,-,D,D,0,Y,,,,Y,,-,"- ",0,1,0,0,1,0,0,0,0,"- ","- ",39.046409606933594,-122.07594299316406,COLUSA,UNINCORPORATED,-122.07611846923828,39.046337127685547
94552648,2025,2025-01-28,9155,2025-01-11,1732,022957,,6,2,9,0600,0,1,1,,2,052,"I-5 S/B","STATE HIGHWAY 99 W",20.00,N,N,A,-,Y,COL,,5," ",R,29.308,H,,L,Y,4,0,1,2,A,-,01,23152,A,N,C,2,A,A,H,-,B,D,0,,,,,Y,Y,A,01,0,0,1,0,0,0,0,0,0,"- ","- ",39.312381744384766,-122.19188690185547,COLUSA,UNINCORPORATED,-122.19193267822266,39.312362670898438
94553309,2025,2025-01-28,9155,2025-01-16,2141,022796,,4,2,9,0600,0,3,5,,2,001,"COLLEGE CITY RD","FRIEL ROAD",0.00,,Y,A,-,N,,,,,,,,,,Y,2,0,1,1,A,-,12,22450,A,M,E,I,A,A,H,-,D,D,0,,,,,Y,,D,22,1,0,0,0,0,0,0,0,0,"- ","- ",38.991230010986328,-122.00721740722656,COLUSA,UNINCORPORATED,-122.00715637207031,38.991256713867188
94557808,2025,2025-01-31,9155,2025-01-28,2234,021968,,2,3,2,0602,0,2,S,,2,901,"E STREET","11TH STREET",12.00,W,N,A,-,N,,,,,,,,,,Y,3,0,1,1,A,-,08,22107,,N,E,I,A,A,H,-,C,D,0,,,,,Y,Y,A,01,0,1,0,0,0,0,0,0,0,"- ","- ",39.152629852294922,-122.15483856201172,COLUSA,WILLIAMS,-122.15468597412109,39.152595520019531
94562689,2025,2025-02-03,9155,2025-01-19,2125,024125,,7,2,9,0600,0,1,1,,2,052,"INTERSTATE 5","GLENN COUNTY LINE",915.00,S,N,A,-,Y,COL,,5," ",R,34.194,H,,R,Y,3,0,1,2,A,-,07,21658,A,N,B,C,A,A,H,-,D,D,0,,,,Y,Y,,A,01,0,1,0,0,0,0,0,0,0,"- ","- ",39.382831573486328,-122.19290161132812,COLUSA,UNINCORPORATED,-122.19284820556641,39.382831573486328
94565107,2025,2025-02-04,9155,2025-01-21,"430 ",024125,,2,3,9,0600,0,1,1,,2,051,"INTERSTATE 5","HUSTED RD",940.00,N,N,A,-,Y,COL,,5," ",R,16.035,H,,R,Y,3,0,1,1,A,-,08,22107,,N,F,8,A,A,H,-,D,D,0,,,,Y,Y,,G,25,0,1,0,0,0,0,0,0,0,"- ","- ",39.130420684814453,-122.13427734375,COLUSA,UNINCORPORATED,-122.13398742675781,39.130542755126953
94566598,2025,2025-02-05,9155,2025-02-01,"930 ",024026,,6,1,9,0600,0,1,3,,2,023,SR-20,SR-16,13728.00,W,N,C,-,Y,COL,,20," ",R,0.734,H,,R,N,3,0,1,1,A,-,08,22107,,N,E,I,A,B,H,-,A,D,0,,,,,Y,Y,A,01,0,1,0,0,0,0,0,0,0,"- ","- ",39.006561279296875,-122.39669799804688,COLUSA,UNINCORPORATED,-122.39669799804688,39.006565093994141
94575136,2025,2025-02-12,9155,2025-01-31,1024,020744,,5,1,9,0600,0,1,1,,2,052,"I-5 S/B","MAXWELL COLUSA RD",3500.00,N,N,C,-,Y,COL,,5," ",R,27.387,H,,L,Y,3,0,2,4,A,-,05,21651,B,N,B,C,A,B,H,-,A,D,0,,,,,Y,,A,07,0,1,1,0,0,0,0,0,0,"- ","- ",39.285770416259766,-122.18402099609375,COLUSA,UNINCORPORATED,-122.18405914306641,39.2857666015625
94575276,2025,2025-02-12,9155,2025-02-01,1340,024026,,6,1,9,0600,0,2,4,,2,011,"OLD HWY 99W","FREEWAY UNDERPASS ROAD",100.00,S,N,C,-,N,,,,,,,,,,N,4,0,1,2,A,-,21,22106,,F,D,C,A,B,H,-,A,D,0,,,,Y,Y,Y,F,27,0,0,1,0,0,0,0,0,0,"- ","- ",39.024078369140625,-122.06125640869141,COLUSA,UNINCORPORATED,,
94575366,2025,2025-02-12,9155,2025-02-04,1645,024026,,2,2,9,0600,0,1,3,,2,023,SR-20,"WALNUT DR",12672.00,W,N,C,-,Y,COL,,20," "," ",10.830,H,,R,Y,3,0,1,2,A,-,08,22107,,N,D,2,A,B,H,-,A,D,0,,,,Y,Y,,A,01,0,1,0,0,0,0,0,0,0,"- ","- ",39.104080200195312,-122.32846069335938,COLUSA,UNINCORPORATED,-122.32846069335938,39.104068756103516
94580200,2025,2025-02-14,9155,2025-02-07,1255,019973,,5,1,9,0600,0,1,3,,2,023,SR-20,"SCHAAD RD",900.00,W,N,A,-,Y,COL,,20," "," ",17.508,H,,R,Y,3,0,1,3,A,-,06,21751,,N,B,2,A,A,H,-,A,D,0,,,,Y,Y,,A,07,0,1,0,0,0,0,0,0,0,"- ","- ",39.152908325195312,-122.23008728027344,COLUSA,UNINCORPORATED,-122.23008728027344,39.152889251708984
94582544,2025,2025-02-18,9155,2025-02-07,2057,024330,,5,2,9,0600,0,1,3,,2,023,SR-20,"E CAMP ROAD",0.00,,Y,A,-,Y,COL,,20," "," ",18.197,H,,R,N,4,0,2,2,A,-,05,21460,,N,C,2,A,A,H,-,D,D,0,,,,,Y,,D,22,0,0,2,0,0,0,0,0,0,"- ","- ",39.152820587158203,-122.21723937988281,COLUSA,UNINCORPORATED,-122.21723937988281,39.152809143066406
94588134,2025,2025-02-24,9155,2025-02-16,1504,022201,,7,2,9,0600,0,1,3,,2,023,"SR-20 E/B","MPM 12.21",1000.00,W,N,A,-,Y,COL,,20," "," ",12.103,H,,R,Y,3,0,1,1,A,-,08,22107,,N,E,I,A,A,H,-,A,D,0,,,Y,,Y,,-,"- ",0,1,0,0,0,0,0,0,1,"- ","- ",39.107791900634766,-122.30558013916016,COLUSA,UNINCORPORATED,-122.30559539794922,39.107810974121094
94606706,2025,2025-03-18,9155,2025-03-01,"55  ",022957,,6,3,9,0600,0,1,1,,2,051,"S/B I-5","GREENBAY ROAD O/C",1330.00,N,N,A,-,Y,COL,,5," ",R,3.408,H,,R,Y,4,0,1,2,A,-,01,23152,A,N,B,2,A,A,H,-,D,D,0,,,,Y,Y,Y,A,01,0,0,1,0,0,0,0,0,0,"- ","- ",38.969329833984375,-122.02777099609375,COLUSA,UNINCORPORATED,-122.02743530273438,38.969398498535156
94606711,2025,2025-03-18,9155,2025-03-02,"243 ",024330,,7,3,9,0600,0,3,5,,2,005,"MAXWELL RD","FOUR MILE RD",4353.00,E,N,A,-,N,,,,,,,,,,Y,3,0,1,1,A,-,08,22107,,N,F,I,A,A,H,-,D,D,0,,,,,Y,Y,A,01,0,1,0,0,0,0,0,0,0,"- ","- ",39.27545166015625,-122.10117340087891,COLUSA,UNINCORPORATED,-122.10109710693359,39.275432586669922
94606715,2025,2025-03-18,9155,2025-03-01,1147,024323,,6,1,9,0600,0,3,5,,2,002,"HANKINS RD","HILL RD",1124.00,W,N,A,-,N,,,,,,,,,,N,2,0,3,1,A,-,08,22107,,N,F,A,A,A,H,-,A,D,0,,,Y,,Y,,C,06,3,0,0,0,0,0,0,0,3,"- ","- ",39.126590728759766,-122.18923950195312,COLUSA,UNINCORPORATED,-122.18922424316406,39.126617431640625
94608496,2025,2025-03-18,9155,2025-03-05,1815,022201,,3,2,9,0600,0,1,3,,1,022,"LONESTAR ROAD",SR-20,15.00,N,N,B,-,Y,COL,,20," "," ",26.941,H,,R,Y,4,0,1,1,A,-,12,22450,A,N,E,I,A,A,H,-,B,D,0,,,,,Y,,A,01,0,0,1,0,0,0,0,0,0,"- ","- ",39.195751190185547,-122.07881164550781,COLUSA,UNINCORPORATED,-122.07881164550781,39.195697784423828
94609069,2025,2025-03-18,9155,2025-03-10,"648 ",024026,,1,1,9,0600,0,2,4,,2,010,"LONESTAR RD","WARE RD",5280.00,N,N,A,-,N,,,,,,,,,,Y,4,0,1,1,A,-,08,22107,,N,E,I,A,A,H,-,B,D,0,,,,,Y,,A,01,0,0,1,0,0,0,0,0,0,"- ","- ",39.130741119384766,-122.07872772216797,COLUSA,UNINCORPORATED,-122.07862854003906,39.130119323730469
94609640,2025,2025-03-18,9155,2025-03-07,"720 ",024323,,5,1,9,0600,0,1,1,,2,052,"I-5 S/B","MAXWELL RD",5280.00,S,N,A,-,Y,COL,,5," ",R,25.724,H,,L,N,3,0,1,2,A,-,01,23152,A,M,C,C,A,A,H,-,A,D,0,,,,,Y,Y,A,01,0,1,0,0,0,0,0,0,0,"- ","- ",39.261741638183594,-122.18241882324219,COLUSA,UNINCORPORATED,-122.18247222900391,39.261737823486328
94610264,2025,2025-03-18,9155,2025-03-11,1124,024026,,2,1,9,0600,0,1,3,,1,042,SR-45,"PACKER RD",2640.00,N,N,A,-,Y,COL,,45," "," ",28.850,H,,R,Y,3,0,1,1,A,-,08,22107,,N,F,I,A,A,H,-,A,D,0,,,,,Y,,A,07,0,1,0,0,0,0,0,0,0,"- ","- ",39.340000152587891,-122.03536987304688,COLUSA,UNINCORPORATED,-122.03545379638672,39.339996337890625
94611383,2025,2025-03-19,9155,2025-03-16,1540,022201,,7,2,9,0600,0,1,3,,2,023,"STATE HIGHWAY 20",0.75,50.00,W,N,B,-,Y,COL,,20," ",R,0.709,H,,R,Y,3,0,3,1,A,-,08,22107,,N,F,I,A,B,H,-,A,D,0,,,,,Y,,A,07,0,2,1,0,0,0,0,0,0,"- ","- ",39.006790161132812,-122.39708709716797,COLUSA,UNINCORPORATED,-122.39710235595703,39.00677490234375
94612330,2025,2025-03-20,9155,2025-03-17,1500,022201,,1,2,9,0600,0,1,3,,2,023,"STATE HIGHWAY 20","MILE POST MARKER 0.75",100.00,W,N,B,-,Y,COL,,20," ",R,0.703,H,,R,Y,4,0,2,1,A,-,08,22107,,N,F,I,A,B,H,-,A,D,0,,,,,Y,,A,01,0,0,2,0,0,0,0,0,0,"- ","- ",39.006820678710938,-122.39720916748047,COLUSA,UNINCORPORATED,-122.39720153808594,39.006824493408203
94628633,2025,2025-03-27,9155,2025-03-17,"704 ",024026,,1,1,9,0600,0,1,1,,2,052,"I-5 S/B","MAXWELL COLUSA RD",42240.00,N,N,A,-,Y,COL,,5," ",R,29.275,H,,L,Y,4,0,1,2,A,-,07,21658,A,N,C,C,A,A,H,-,A,D,0,,,,Y,Y,,A,01,0,0,1,0,0,0,0,0,0,"- ","- ",39.311969757080078,-122.19158935546875,COLUSA,UNINCORPORATED,-122.19162750244141,39.311954498291016
94630419,2024,2025-03-28,9155,2024-11-09,2339,022957,,6,3,9,0600,0,1,3,,1,042,SR-45,"HARBISON ROAD",470.00,S,N,A,-,Y,COL,,45," ",R,21.995,H,,R,Y,1,1,1,2,A,-,01,23152,G,N,A,C,A,A,H,-,D,D,0,,,,,Y,Y,A,01,1,0,0,0,0,0,0,0,0,"- ","- ",39.241981506347656,-122.03118896484375,COLUSA,UNINCORPORATED,-122.03118133544922,39.241981506347656
94632014,2025,2025-05-06,9155,2025-03-24,1025,022201,,1,1,9,0600,0,1,1,,2,051,"I-5 S/B","YOLO COUNTY LINE RD",1584.00,N,N,A,-,Y,COL,,5," ",R,0.366,H,,L,Y,2,0,1,1,A,-,08,22107,,N,E,I,A,A,H,-,A,D,0,,,,,Y,,A,01,1,0,0,0,0,0,0,0,0,"- ","- ",38.930461883544922,-122.0025634765625,COLUSA,UNINCORPORATED,-122.00248718261719,38.930469512939453
94640950,2025,2025-04-08,9155,2025-04-02,"10  ",024323,,3,3,9,0600,0,1,3,,2,023,"STATE HIGHWAY 20","SCHAAD RD",3900.00,W,N,A,-,Y,COL,,20," "," ",16.958,H,,R,Y,2,0,1,1,A,-,03,22350,,N,F,I,A,A,H,-,D,D,0,,,,,Y,,A,07,1,0,0,0,0,0,0,0,0,"- ","- ",39.152961730957031,-122.24021148681641,COLUSA,UNINCORPORATED,-122.24018859863281,39.15289306640625
94646396,2025,2025-04-11,9155,2025-04-05,"751 ",024330,,6,1,9,0600,0,3,5,,2,006,"BRIM ROAD","BEAR VALLEY RD",10560.00,W,N,A,-,N,,,,,,,,,,Y,3,0,1,1,A,-,08,22107,,N,F,A,A,A,H,-,A,D,0,,,,,Y,,D,22,0,1,0,0,0,0,0,0,0,"- ","- ",39.160419464111328,-122.473876953125,COLUSA,UNINCORPORATED,-122.47132873535156,39.159397125244141
94649057,2025,2025-04-14,9155,2025-03-29,2125,022796,,6,2,9,0600,0,3,5,,2,002,"WILDWOOD RD","MARINE AVE",792.00,S,N,A,-,N,,,,,,,,,,Y,3,0,1,1,A,-,01,23152,A,N,E,I,A,A,H,-,D,D,0,,,,,Y,Y,A,07,0,1,0,0,0,0,0,0,0,"- ","- ",38.956180572509766,-122.06083679199219,COLUSA,UNINCORPORATED,-122.06086730957031,38.956264495849609
94650250,2025,2025-04-15,9155,2025-04-05,1714,024330,,6,2,9,0600,0,1,3,,2,023,"SR-20 W/B",SR-16,41078.00,W,N,A,-,Y,LAK,,20," "," ",39.323,H,,L,N,3,0,1,1,A,-,08,22107,,N,F,A,A,A,H,-,A,D,0,,,Y,,Y,,C,02,0,1,0,0,0,0,0,0,1,"- ","- ",39.004070281982422,-122.50311279296875,COLUSA,UNINCORPORATED,-122.50315856933594,39.004009246826172
94655359,2025,2025-04-18,9155,2025-04-09,"650 ",024470,,3,1,9,0600,0,1,1,,2,051,"I-5 N/B","HAHN ROAD OVERCROSSING",2640.00,S,N,A,-,Y,COL,,5," ",R,9.738,H,,R,Y,3,0,1,1,A,-,08,22107,,N,E,I,A,A,H,-,A,D,0,,,,,Y,,A,01,0,1,0,0,0,0,0,0,0,"- ","- ",39.050678253173828,-122.07913208007812,COLUSA,UNINCORPORATED,-122.07921600341797,39.050628662109375
94664710,2025,2025-04-25,9155,2025-04-16,"540 ",024470,,3,3,9,0600,0,3,5,,2,003,"RIVER RD","LAUX RD",13200.00,S,N,A,-,N,,,,,,,,,,Y,3,0,1,1,C,-,18,,,N,E,H,A,A,H,-,D,D,0,,,,,Y,,-,"- ",0,1,0,0,0,0,0,0,0,"- ","- ",39.280200958251953,-122.00978851318359,COLUSA,UNINCORPORATED,-122.00080871582031,39.213359832763672
94668118,2025,2025-04-29,9155,2025-04-19,1415,020744,,6,2,9,0600,0,1,3,,2,041,SR-45,"SYCAMORE CUTOFF",1791.00,W,N,A,-,Y,COL,,45," "," ",18.814,H,,R,Y,4,0,1,1,A,-,08,22107,,N,E,I,A,A,H,-,A,D,0,,,,Y,Y,,F,26,0,0,1,0,0,0,0,0,0,"- ","- ",39.140148162841797,-121.95326995849609,COLUSA,UNINCORPORATED,-121.95330810546875,39.140098571777344
94683508,2025,2025-05-12,9155,2025-05-07,1950,024125,,3,2,9,0600,0,3,5,,2,002,"HILLGATE ROAD","ALMOND AVE",100.00,E,N,A,-,N,,,,,,,,,,Y,3,0,2,2,A,-,03,22350,,N,C,C,A,A,H,-,B,D,0,,,,,Y,,A,01,0,2,0,0,0,0,0,0,0,"- ","- ",39.012840270996094,-122.066162109375,COLUSA,UNINCORPORATED,-122.06978607177734,39.012702941894531
94684394,2025,2025-05-12,9155,2025-04-29,"725 ",024470,,2,1,9,0600,0,1,1,,2,051,"I-5 S/B","MEYERS ROAD",3696.00,S,N,A,-,Y,COL,,5," ",R,13.012,H,,L,Y,2,0,1,2,A,-,03,22350,,N,C,C,A,A,H,-,A,D,0,,,,Y,Y,,A,01,1,0,0,0,0,0,0,0,0,"- ","- ",39.092601776123047,-122.10697937011719,COLUSA,UNINCORPORATED,-122.10698699951172,39.092597961425781
94685285,2024,2025-05-13,9155,2024-12-23,"820 ",022201,,1,1,9,0600,0,1,3,,2,023,"SR-20 W/B","MILE POST MARKER 12.21",94.00,W,N,B,-,Y,COL,,20," "," ",12.139,H,,L,Y,1,1,1,2,A,-,03,22350,,N,D,C,A,B,H,-,A,D,0,,,,,Y,,A,01,0,0,1,0,0,0,0,0,0,"- ","- ",39.108180999755859,-122.30513000488281,COLUSA,UNINCORPORATED,-122.30510711669922,39.108165740966797
94688790,2025,2025-05-15,9155,2025-05-07,1925,024433,,3,2,9,0600,0,1,1,,2,052,"I-5 N/B","MAXWELL RD",1584.00,S,N,A,-,Y,COL,,5," ",R,26.437,H,,R,Y,2,0,2,1,A,-,08,22107,,N,F,A,A,A,H,-,A,D,0,,,,,Y,,A,01,1,0,1,0,0,0,0,0,0,"- ","- ",39.272071838378906,-122.18225860595703,COLUSA,UNINCORPORATED,-122.18218994140625,39.272068023681641
94690558,2025,2025-05-16,9155,2025-05-04,1615,022796,,7,2,9,0600,0,1,3,,2,023,"LEESVILLE RD","RT 20",0.00,,Y,A,-,Y,COL,,20," "," ",13.263,H,,R,N,3,0,1,2,A,-,09,21802,A,N,D,D,A,A,H,-,A,D,0,,,,,Y,,D,22,0,1,0,0,0,0,0,0,0,"- ","- ",39.120491027832031,-122.29138946533203,COLUSA,UNINCORPORATED,-122.29136657714844,39.120471954345703
94690682,2025,2025-05-16,9155,2025-05-14,1200,020444,,3,1,9,0600,0,3,5,,2,001,"OLD HWY 99W","GRIMES-ARBUCKLE RD",180.00,N,N,A,-,N,,,,,,,,,,N,3,0,1,2,A,-,05,21460,,N,D,C,A,A,H,-,A,A,0,,,,Y,Y,,A,07,0,1,0,0,0,0,0,0,0,"- ","- ",39.013500213623047,-122.05428314208984,COLUSA,UNINCORPORATED,,
94697422,2025,2025-05-22,9155,2025-05-13,1400,024330,,2,2,9,0600,0,1,3,,2,041,"RT 45","FAXON ROAD",1175.00,N,N,A,-,Y,COL,,45," "," ",11.590,H,,R,Y,3,0,1,1,A,-,08,22107,,N,F,A,A,A,H,-,A,D,0,,,,Y,Y,,G,25,0,1,0,0,0,0,0,0,0,"- ","- ",39.069381713867188,-121.87798309326172,COLUSA,UNINCORPORATED,-121.87796020507812,39.069435119628906
94699805,2025,2025-05-26,9155,2025-05-16,2245,024433,,5,3,9,0600,0,3,5,,2,001,WILDWOOD,"WAGNER AVE",30.00,N,N,A,-,N,,,,,,,,,,Y,3,0,1,1,A,-,03,22350,,N,E,8,A,A,H,-,C,D,0,,,,,Y,,A,07,0,1,0,0,0,0,0,0,0,"- ","- ",38.998489379882812,-122.06060028076172,COLUSA,UNINCORPORATED,-122.06073760986328,38.998428344726562
94699806,2025,2025-05-26,9155,2025-02-09,1243,024125,,7,1,9,0600,0,1,1,,2,051,"INTERSTATE 5","HUSTED RD",2200.00,S,N,A,-,Y,COL,,5," ",R,15.560,H,,R,Y,1,1,1,1,A,-,08,22107,,N,F,A,A,A,H,-,A,D,0,,,,,Y,,A,07,1,0,0,0,0,0,0,0,0,"- ","- ",39.125179290771484,-122.12840270996094,COLUSA,UNINCORPORATED,-122.12847137451172,39.125141143798828
9470637,2023,2023-10-18,0602,2023-09-22,1835,P58,2,5,5,2,0602,0,0,0,,0,,"RT 20","RT 5",0.00,,Y,A,-,N,,,,,,,,,,Y,2,0,3,2,A,-,09,21802,A,N,D,C,A,A,H,-,B,D,0,,,,,Y,,A,01,1,2,0,0,0,0,0,0,0,"- ","- ",,,COLUSA,WILLIAMS,-122.150004,39.166696000000002
94707218,2025,2025-05-30,9155,2025-05-20,"805 ",018981,,2,1,9,0600,0,1,S,,2,008,"I-5 S/B","LURLINE AVE",5280.00,S,N,A,-,Y,COL,,5," ",R,21.726,H,,L,Y,4,0,1,2,A,-,08,22107,,N,B,C,A,A,H,-,A,D,0,,,,,Y,,A,07,0,0,1,0,0,0,0,0,0,"- ","- ",39.204208374023438,-122.17768859863281,COLUSA,UNINCORPORATED,-122.17763519287109,39.204227447509766
94707577,2025,2025-05-30,9155,2025-05-18,1258,024330,,7,1,9,0600,0,3,5,,2,006,"BEAR VALLEY RD","RT 20",11352.00,N,N,A,-,N,,,,,,,,,,Y,4,0,4,2,A,-,05,21650,,N,B,C,A,A,B,-,A,A,0,,,,,Y,,A,07,0,0,4,0,0,0,0,0,0,"- ","- ",39.025291442871094,-122.39665985107422,COLUSA,UNINCORPORATED,-122.39162445068359,39.022056579589844
94711751,2025,2025-06-03,9155,2025-05-26,2500,022957,,1,4,9,0600,0,3,5,,2,006,"SITES LODOGA ROAD","PETERSON ROAD",7392.00,W,N,A,-,N,,,,,,,,,,Y,3,0,1,1,A,-,08,22107,,N,F,A,A,A,H,-,D,D,0,,,,,Y,,A,01,0,1,0,0,0,0,0,0,0,"- ","- ",39.324020385742188,-122.35832977294922,COLUSA,UNINCORPORATED,-122.35819244384766,39.323780059814453
94716205,2025,2025-06-06,9155,2025-05-29,1826,024433,,4,2,9,0600,0,3,5,,2,003,"BUTTE SLOUGH RD","SUTTER COUNTY LINE",3168.00,W,N,A,-,N,,,,,,,,,,Y,4,0,1,2,A,-,05,21460,,N,A,C,A,A,H,-,A,D,0,,,,,Y,,A,01,0,0,1,0,0,0,0,0,0,"- ","- ",39.198341369628906,-121.94705200195312,COLUSA,UNINCORPORATED,-121.94706726074219,39.198318481445312
94731047,2025,2025-06-18,9155,2025-06-15,1505,018981,,7,2,9,0600,0,3,5,,2,006,"OLD HWY 99W","FRESHWATER RD",285.00,N,N,A,-,N,,,,,,,,,,Y,3,0,1,1,A,-,08,22107,,N,F,A,A,A,H,-,A,D,0,,,,,Y,,A,01,0,1,0,0,0,0,0,0,0,"- ","- ",39.175251007080078,-122.16103363037109,COLUSA,UNINCORPORATED,,
94732382,2025,2025-06-19,9155,2025-06-07,1615,024323,,6,2,9,0600,0,3,5,,2,002,"ZUMWALT RD","MYERS RD",0.00,,Y,A,-,N,,,,,,,,,,Y,2,0,1,1,A,-,01,23152,A,N,E,I,A,A,H,-,A,A,0,,,,,Y,Y,A,07,1,0,0,0,0,0,0,0,0,"- ","- ",39.101211547851562,-122.15177154541016,COLUSA,UNINCORPORATED,-122.15179443359375,39.101238250732422
94735798,2025,2025-06-23,9155,2025-06-17,1319,024330,,2,1,9,0600,0,1,1,,2,051,"I-5 N/B","HAHN ROAD",2406.43,N,N,A,-,Y,COL,,5," ",R,10.765,H,,R,Y,3,0,1,1,A,-,08,22107,,N,F,A,A,A,H,-,A,D,0,,,,,Y,,-,"- ",0,1,0,0,0,0,0,0,0,"- ","- ",39.063041687011719,-122.08924102783203,COLUSA,UNINCORPORATED,-122.08907318115234,39.063091278076172
94739141,2025,2025-06-25,9155,2025-04-19,1353,024323,,6,1,9,0600,0,3,5,,2,001,"HAHN ROAD","OHM ROAD",3650.00,W,N,A,-,N,,,,,,,,,,Y,1,1,0,1,A,-,03,22350,,N,E,8,A,A,H,-,A,D,0,,,Y,,Y,,C,02,0,0,0,0,0,0,0,1,0,"- ","- ",39.05657958984375,-122.05425262451172,COLUSA,UNINCORPORATED,-122.05436706542969,39.056606292724609
94762263,2025,2025-07-15,9155,2025-07-05,1519,024125,,6,2,9,0600,0,2,4,,2,010,"LONE STAR RD","ABEL RD",700.00,N,N,A,-,N,,,,,,,,,,N,4,0,1,2,C,-,18,,,N,E,J,A,A,H,-,B,D,0,,,,,Y,,-,"- ",0,0,1,0,0,0,0,0,0,"- ","- ",39.15972900390625,-122.07846832275391,COLUSA,UNINCORPORATED,-122.07863616943359,39.146903991699219
94763714,2025,2025-07-16,9155,2025-07-04,1235,024125,,5,1,9,0600,0,1,1,,2,051,"INTERSTATE 5","HUSTED RD",49.00,N,N,A,-,Y,COL,,5," ",R,15.926,H,,R,Y,2,0,1,1,A,-,08,22107,,N,F,A,A,A,H,-,A,D,0,,,,,Y,,A,01,1,0,0,0,0,0,0,0,0,"- ","- ",39.129230499267578,-122.13287353515625,COLUSA,UNINCORPORATED,-122.13292694091797,39.129199981689453
94763816,2025,2025-07-16,9155,2025-07-05,1315,022957,,6,1,9,0600,0,3,5,,2,006,UNKNOWN,"DIRT ROAD",0.00,,Y,A,-,N,,,,,,,,,,N,3,0,1,1,D,-,00,,,N,F,A,A,A,H,-,A,D,0,,,Y,,Y,,-,"- ",0,1,0,0,0,0,0,0,1,"- ","- ",39.261608123779297,-122.71736907958984,COLUSA,UNINCORPORATED,,
9476450,2022,2022-08-02,0602,2022-06-28,0558,P57,2,2,5,2,0602,0,0,0,,0,,"RT 20","RT 5",0.00,,Y,A,-,Y,COL,3,20,-,R,21.997,I,5,E,Y,2,0,1,2,A,-,09,21801,A,N,D,C,A,A,H,-,A,D,0,,,,Y,Y,,G,25,1,0,0,0,0,0,0,0,0,"- ",SO,,,COLUSA,WILLIAMS,-122.15202331542969,39.165828704833984
94770810,2025,2025-07-21,9155,2025-07-09,1620,024433,,3,2,9,0600,0,1,1,,2,051,"I-5 S/B",HARRINGTON,1003.00,S,N,A,-,Y,COL,,5," ",R,2.124,H,,L,Y,3,0,2,2,A,-,07,21658,A,N,D,C,A,A,H,-,A,D,0,,,,Y,Y,,A,01,0,2,0,0,0,0,0,0,0,"- ","- ",38.952701568603516,-122.01715850830078,COLUSA,UNINCORPORATED,-122.01715087890625,38.952705383300781
94770854,2025,2025-07-21,9155,2025-07-13,1007,024125,,7,1,9,0600,0,1,1,,2,051,"INTERSTATE 5 S/B","HUSTED RD",1584.00,S,N,A,-,Y,COL,,5," ",R,15.598,H,,L,N,3,0,1,1,A,-,08,22107,,N,F,A,A,A,H,-,A,D,0,,,,,Y,,A,07,0,1,0,0,0,0,0,0,0,"- ","- ",39.125251770019531,-122.12889862060547,COLUSA,UNINCORPORATED,-122.12894439697266,39.125228881835938
94781060,2025,2025-07-29,9155,2025-07-19,2124,024026,,6,2,9,0600,0,3,5,,2,006,"BRIM RD","BARTLETT SPRINGS RD",2112.00,N,N,A,-,N,,,,,,,,,,N,2,0,1,1,A,-,01,23152,A,N,E,I,A,A,H,-,D,D,0,,,Y,,Y,Y,C,06,1,0,0,0,0,0,0,0,1,"- ","- ",39.159259796142578,-122.47496795654297,COLUSA,UNINCORPORATED,-122.47453308105469,39.159168243408203
94790392,2025,2025-08-05,9155,2025-07-26,1913,024026,,6,2,9,0600,0,2,S,,2,901,"BRIDGE ST","MARKET ST",0.00,,Y,A,-,N,,,,,,,,,,Y,3,0,1,2,A,-,03,22350,,N,C,C,A,A,H,-,A,A,0,,,,,Y,,D,22,0,1,0,0,0,0,0,0,0,"- ","- ",39.212631225585938,-122.001220703125,COLUSA,UNINCORPORATED,-122.001220703125,39.212451934814453
94803060,2025,2025-08-14,9155,2025-03-22,1100,020744,,6,1,9,0600,0,3,5,,2,006,"WALKER RIDGE ROAD","BRIM ROAD",5280.00,S,N,A,-,N,,,,,,,,,,Y,1,1,0,2,A,-,03,38305,,N,A,C,A,A,H,-,A,D,0,,,Y,,Y,,C,06,0,0,0,0,0,0,0,1,0,"- ","- ",39.142459869384766,-122.47675323486328,COLUSA,UNINCORPORATED,,
94812526,2025,2025-08-21,9155,2025-08-09,1400,020744,,6,2,9,0600,0,3,5,,2,004,"NORMAN RD","FOUR MILE RD",1675.00,E,N,A,-,Y,,,,,,,,,,N,3,0,1,2,A,-,08,22107,,N,D,2,A,A,H,-,A,D,0,,,,,Y,,B,07,0,1,0,0,0,0,0,0,0,"- ","- ",39.406360626220703,-122.11820220947266,COLUSA,UNINCORPORATED,-122.11836242675781,39.406352996826172
9481529,2022,2022-11-15,0602,2022-07-23,2124,P62,3,6,5,2,0602,0,0,0,,0,,"E ST","RT 20",317.00,,N,A,-,N,,,,,,,,,,Y,4,0,1,1,A,-,03,22350,,N,H,A,A,A,H,-,C,D,0,,,,,Y,,A,01,0,0,1,0,0,0,0,0,0,"- ","- ",,,COLUSA,WILLIAMS,-122.17356872558594,39.153457641601562
94816716,2025,2025-08-25,9155,2025-08-17,1525,022070,,7,2,9,0600,0,1,3,,1,042,"STATE HIGHWAY 45","REESE AVE",100.00,S,N,A,-,N,,,,,,,,,,N,3,0,4,2,A,-,03,22350,,N,C,C,A,A,H,-,A,A,0,,,,,Y,,D,22,0,1,3,0,0,0,0,0,0,"- ","- ",39.258270263671875,-122.03163146972656,COLUSA,UNINCORPORATED,-122.03170776367188,39.258537292480469
94820279,2025,2025-08-27,9155,2025-08-18,"900 ",022201,,1,1,9,0600,0,2,4,,2,010,"OLD HWY 99W","HAHN ROAD",10560.00,S,N,A,-,Y,COL,,5," ",R,9.563,H,,R,N,3,0,1,1,A,-,08,22107,,N,E,I,A,A,H,-,A,D,0,,,Y,,Y,,C,02,0,1,0,0,0,0,0,0,1,"- ","- ",39.048549652099609,-122.07733154296875,COLUSA,UNINCORPORATED,-122.07752227783203,39.048473358154297
94829990,2025,2025-09-04,9155,2025-08-23,1658,024330,,6,2,9,0600,0,3,5,,2,006,"BEAR VALLEY RD","WILBUR SPRINGS RD",3.67,N,N,A,-,N,,,,,,,,,,N,3,0,1,1,C,-,18,,,N,F,A,A,A,B,-,A,D,0,,,Y,,Y,,-,"- ",0,1,0,0,0,0,0,0,1,"- ","- ",39.093471527099609,-122.40940093994141,COLUSA,UNINCORPORATED,-122.40821838378906,39.040397644042969
94834097,2025,2025-09-08,9155,2025-08-15,2100,024323,,5,2,9,0600,0,3,5,,2,005,"OLD HWY 99W","FRESHWATER RD",0.00,,Y,A,-,Y,,,,,,,,,,N,2,0,1,2,A,-,09,21802,A,F,D,C,A,A,H,-,C,A,0,,,Y,,Y,,D,22,1,0,0,0,0,0,0,0,1,"- ","- ",39.174331665039062,-122.16036987304688,COLUSA,UNINCORPORATED,,
94834391,2025,2025-09-08,9155,2025-08-29,1300,020744,,5,1,9,0600,0,1,1,,2,052,"I-5 N/B","LENAHAN RD",6600.00,S,N,A,-,Y,COL,,5," ",R,29.587,H,,R,Y,3,0,1,1,A,-,08,22107,,N,F,A,A,A,H,-,A,D,0,,,,,Y,,-,"- ",0,1,0,0,0,0,0,0,0,"- ","- ",39.316249847412109,-122.19390869140625,COLUSA,UNINCORPORATED,-122.19383239746094,39.316268920898438
94845301,2025,2025-09-15,9155,2025-09-05,1430,024323,,5,2,9,0600,0,1,3,,1,021,"SR-20 E/B","NIAGARA AVE",1590.00,S,N,A,-,Y,COL,,20," "," ",35.125,H,,R,N,3,0,2,2,A,-,03,22350,,N,C,C,A,A,H,-,A,D,0,,,,,Y,,A,01,0,2,0,0,0,0,0,0,0,"- ","- ",39.169399261474609,-121.98329925537109,COLUSA,UNINCORPORATED,-121.9832763671875,39.169410705566406
94856561,2025,2025-10-15,9155,2025-05-20,1410,022201,,2,2,9,0600,0,1,3,,2,023,"STATE ROUTE 20","MILE POST MARKER 0.62",300.00,W,N,A,-,Y,COL,,20," ",R,0.534,H,,R,Y,1,2,0,2,A,-,03,22350,,N,A,C,A,A,H,-,A,D,0,,,,,Y,,A,07,0,0,0,0,0,0,0,0,0,"- ","- ",39.007270812988281,-122.40043640136719,COLUSA,UNINCORPORATED,-122.40043640136719,39.007270812988281
94858415,2025,2025-09-24,9155,2025-09-15,1255,018981,,1,1,9,0600,0,3,5,,2,004,"HUNTER RD.",SR-20,3379.00,N,N,A,-,N,,,,,,,,,,Y,4,0,1,2,A,-,09,21804,A,N,D,C,A,A,H,-,A,D,0,,,,,Y,,A,07,0,0,1,0,0,0,0,0,0,"- ","- ",39.204620361328125,-122.04618072509766,COLUSA,UNINCORPORATED,-122.04621124267578,39.204627990722656
94884051,2025,2025-10-13,9155,2025-09-28,1855,024684,,7,2,9,0600,0,2,4,,2,011,"HWY 99W","FREEWAY UNDERPASS ROAD",0.00,,Y,A,-,N,,,,,,,,,,Y,3,0,2,2,A,-,03,22350,,N,D,C,A,A,H,-,B,D,0,,,,,Y,,D,22,0,2,0,0,0,0,0,0,0,"- ","- ",39.024421691894531,-122.06144714355469,COLUSA,UNINCORPORATED,,
94884157,2025,2025-10-13,9155,2025-09-29,1922,024684,,1,2,9,0600,0,1,1,,2,051,"I-5 S/B","HAHN RD",7920.00,N,N,B,-,Y,COL,,5," ",R,11.790,H,,L,Y,3,0,1,1,A,-,01,23152,A,N,E,8,A,A,H,-,D,D,0,,,,,Y,Y,D,22,0,1,0,0,0,0,0,0,0,"- ","- ",39.076808929443359,-122.09668731689453,COLUSA,UNINCORPORATED,-122.09661102294922,39.076839447021484
94884583,2025,2025-10-13,9155,2025-10-01,"620 ",022070,,3,1,9,0600,0,3,5,,2,001,"OLD HWY 99W","HARRINGTON AVE",0.00,,Y,B,C,N,,,,,,,,,,Y,3,0,3,2,A,-,09,21801,A,N,D,2,A,B,H,-,B,A,0,,,,Y,Y,,G,25,0,1,2,0,0,0,0,0,0,"- ","- ",38.954898834228516,-122.01571655273438,COLUSA,UNINCORPORATED,-122.07929992675781,38.951126098632812
94884621,2025,2025-10-13,9155,2025-09-22,"725 ",022070,,1,1,9,0600,0,3,5,,2,001,"GRIMES-ARBUCKLE RD","DRY SLOUGH RD",0.00,,Y,A,-,N,,,,,,,,,,Y,3,0,1,2,A,-,09,21801,A,N,D,2,A,A,H,-,A,A,0,,,,,Y,,A,07,0,1,0,0,0,0,0,0,0,"- ","- ",39.056591033935547,-121.94174957275391,COLUSA,UNINCORPORATED,-121.94178009033203,39.056560516357422
94894657,2025,2025-10-20,9155,2025-10-14,1922,024330,,2,2,9,0600,0,3,5,,2,002,"HILLGATE RD","PUTNAM WAY",0.00,,Y,C,-,N,,,,,,,,,,Y,4,0,1,2,A,-,09,21802,A,N,D,C,A,B,H,-,D,A,0,,,,,Y,,D,22,0,0,1,0,0,0,0,0,0,"- ","- ",39.012859344482422,-122.05638885498047,COLUSA,UNINCORPORATED,-122.05635070800781,39.012847900390625
94899318,2025,2025-10-23,9155,2025-10-14,1830,024684,,2,2,9,0600,0,1,1,,2,052,"I-5 S/B","FAIRVIEW ROAD",3696.00,S,N,C,-,Y,COL,,5," ",R,24.018,H,,L,Y,3,0,2,3,A,-,08,22107,,N,D,C,A,B,H,-,A,D,0,,,,,Y,,A,07,0,2,0,0,0,0,0,0,0,"- ","- ",39.237010955810547,-122.18193817138672,COLUSA,UNINCORPORATED,-122.1820068359375,39.237010955810547
94899489,2025,2025-10-23,9155,2025-10-12,2140,024684,,7,2,2,0602,0,1,1,,2,051,"I-5 N/B","E ST",4594.00,S,N,A,-,Y,COL,,5," ",R,17.092,H,,R,Y,3,0,1,2,A,-,07,21658,A,N,C,2,A,A,H,-,D,D,0,,,,,Y,,A,08,0,1,0,0,0,0,0,0,0,"- ","- ",39.145389556884766,-122.13703918457031,COLUSA,WILLIAMS,-122.13706207275391,39.1453857421875
94904327,2025,2025-10-28,9155,2025-10-17,1525,024323,,5,2,9,0600,0,3,5,,2,004,"RIVER RD","GRIDLEY RD",13728.00,S,N,A,-,N,,,,,,,,,,Y,2,0,2,1,A,-,08,22107,,N,F,A,A,A,H,-,A,D,0,,,,,Y,Y,D,22,1,0,1,0,0,0,0,0,0,"- ","- ",39.307651519775391,-122.01275634765625,COLUSA,UNINCORPORATED,-122.014404296875,39.317329406738281
94906299,2025,2025-10-29,9155,2025-10-22,"745 ",022796,,3,1,9,0600,0,1,3,,2,023,"RT 20","RT 16",7920.00,E,N,A,-,Y,COL,,20," "," ",4.500,H,,R,Y,4,0,1,1,A,-,08,22107,,N,E,I,A,A,H,-,A,D,0,,,,,Y,,A,01,0,0,1,0,0,0,0,0,0,"- ","- ",39.023448944091797,-122.34741973876953,COLUSA,UNINCORPORATED,-122.34745025634766,39.023525238037109
94907760,2025,2025-10-30,9155,2025-10-22,1642,024777,,3,2,9,0600,0,1,1,,2,051,"I-5 NB","YOLO COUNTY LINE RD",9504.00,N,N,A,-,Y,,,,,,,,,,Y,4,0,1,2,A,-,03,22350,,N,C,C,A,A,H,-,D,D,0,,,,,Y,,A,01,0,0,1,0,0,0,0,0,0,"- ","- ",38.596839904785156,-121.49004364013672,COLUSA,UNINCORPORATED,,
94907889,2025,2025-10-30,9155,2025-10-20,1335,022201,,1,1,9,0600,0,1,1,,2,051,"I-5 S/B","YOLO COUNTY LINE RD",6336.00,N,N,A,-,Y,COL,,5," ",R,1.426,H,,L,N,3,0,1,1,A,-,08,22107,,N,E,I,A,A,H,-,A,D,0,,,,,Y,,A,01,0,1,0,0,0,0,0,0,0,"- ","- ",38.944538116455078,-122.00968933105469,COLUSA,UNINCORPORATED,-122.00959777832031,38.944580078125
94908943,2025,2025-10-30,9155,2025-10-23,1246,022796,,4,1,9,0600,0,1,3,,2,023,"RT 20","SCHAAD RD",3696.00,W,N,A,-,Y,COL,,20," "," ",16.960,H,,R,Y,3,0,1,1,A,-,08,22107,,N,E,I,A,A,H,-,A,A,0,,,,,Y,,A,07,0,1,0,0,0,0,0,0,0,"- ","- ",39.152950286865234,-122.24017333984375,COLUSA,UNINCORPORATED,-122.24015808105469,39.152896881103516
94917942,2025,2025-11-10,9155,2025-04-27,2207,022228,,7,3,9,0600,0,2,4,,2,010,"LONESTAR RD","ABEL RD.",5280.00,N,N,A,-,N,,,,,,,,,,Y,1,1,2,2,A,-,01,23152,A,N,A,C,A,A,H,-,D,D,0,,,,,Y,Y,D,22,1,1,0,0,0,0,0,0,0,"- ","- ",39.159690856933594,-122.07843780517578,COLUSA,UNINCORPORATED,-122.07847595214844,39.159481048583984
94919314,2025,2025-11-20,9155,2025-10-19,"234 ",024470,,7,3,9,0600,0,1,1,,2,051,"I-5 N/B","HARRINGTON AVE",2640.00,S,N,A,-,Y,COL,,5," ",R,1.669,H,,R,Y,2,0,1,2,A,-,08,22107,,N,E,E,A,A,H,-,C,C,0,,,,,Y,,A,01,1,0,0,0,0,0,0,0,0,"- ","- ",38.947841644287109,-122.01139068603516,COLUSA,UNINCORPORATED,-122.01142120361328,38.947826385498047
94923328,2025,2025-11-12,9155,2025-10-30,1354,022796,,4,1,9,0600,0,1,1,,2,051,"I-5 S/B","HILLGATE RD",845.00,S,N,A,-,Y,COL,,5," ",R,6.627,H,,L,N,4,0,1,1,A,-,08,22107,,N,F,A,A,A,H,-,A,D,0,,,Y,,Y,,C,02,0,0,1,0,0,0,0,0,1,"- ","- ",39.011299133300781,-122.05345916748047,COLUSA,UNINCORPORATED,-122.05350494384766,39.011283874511719
94935759,2025,2025-11-18,9155,2025-10-25,1905,024433,,6,2,9,0600,0,2,4,,2,010,"LONE STAR","HAHN RD",1.00,S,N,A,-,N,,,,,,,,,,Y,4,0,1,1,A,-,01,23152,A,N,E,I,A,A,H,-,C,D,0,,,,,Y,Y,A,01,0,0,1,0,0,0,0,0,0,"- ","- ",39.056800842285156,-122.07904815673828,COLUSA,UNINCORPORATED,-122.0789794921875,39.056808471679688
94935815,2025,2025-11-18,9155,2025-11-09,1917,024821,,7,2,9,0600,0,1,3,,1,022,"SR-20 W/B","WILSON AVE",90.00,W,N,A,-,Y,COL,,20," "," ",29.175,H,,L,Y,4,0,2,2,A,-,03,22350,,M,C,C,A,A,H,-,D,D,0,,,,,Y,,-,99,0,0,2,0,0,0,0,0,0,"- ","- ",39.196571350097656,-122.03749084472656,COLUSA,UNINCORPORATED,-122.03749084472656,39.196567535400391
94936267,2025,2025-11-18,9155,2025-11-10,"940 ",018981,,1,1,9,0600,0,1,3,,2,023,SR-20,"WALNUT DR",3345.00,E,N,A,-,Y,COL,,20," "," ",13.916,H,,R,Y,4,0,1,2,A,-,09,21801,A,N,B,2,A,A,H,-,A,D,0,,,,,Y,,D,22,0,0,1,0,0,0,0,0,0,"- ","- ",39.127460479736328,-122.28334045410156,COLUSA,UNINCORPORATED,-122.28334045410156,39.127456665039062
94937381,2025,2025-11-19,9155,2025-11-09,1915,024777,,7,2,9,0600,0,3,5,,2,003,"GRIDLEY ROAD","ADOBE RD",2112.00,S,N,A,-,N,,,,,,,,,,Y,4,0,2,2,A,-,09,21801,A,N,D,C,A,A,H,-,D,D,0,,,,,Y,,A,01,0,0,2,0,0,0,0,0,0,"- ","- ",39.359058380126953,-121.95018768310547,COLUSA,UNINCORPORATED,-121.95008850097656,39.354881286621094
9494242,2022,2022-10-04,0602,2022-09-13,1612,P62,,2,5,2,0602,0,0,0,,0,,"RT 20","MARGURITE ST",105.00,E,N,A,-,Y,COL,3,20,-,R,22.400,H,-,E,Y,3,0,3,2,A,-,03,22350,,N,B,C,A,A,H,-,A,D,0,,,,,Y,,A,01,0,3,0,0,0,0,0,0,0,"- ","- ",,,COLUSA,WILLIAMS,-122.14543914794922,39.168643951416016
94952651,2025,2025-12-01,9155,2025-11-13,1420,024323,,4,2,9,0600,0,1,3,,2,023,"SR-20 E/B",SR-16,2140.00,W,N,B,C,Y,COL,,20," ",R,0.633,H,,R,Y,2,0,3,2,A,-,08,22107,,N,A,C,A,B,H,-,A,D,0,,,,,Y,,A,01,2,1,0,0,0,0,0,0,0,"- ","- ",39.007209777832031,-122.39849090576172,COLUSA,UNINCORPORATED,-122.39849090576172,39.007240295410156
94953188,2025,2025-12-01,9155,2025-11-24,2004,024855,,1,2,9,0600,0,1,1,,2,052,"I-5 SOUTHBOUND","MAXWELL RD",15840.00,S,N,E,-,Y,COL,,5," ",R,26.100,H,,L,N,4,0,1,2,A,-,06,21750,A,M,B,C,A,B,H,-,D,D,0,,,,,Y,,-,99,0,0,1,0,0,0,0,0,0,"- ","- ",39.267189025878906,-122.18245697021484,COLUSA,UNINCORPORATED,-122.18254852294922,39.267189025878906
94957701,2025,2025-12-04,9155,2025-10-26,"146 ",024470,,7,3,9,0600,0,1,1,,2,051,"I-5 N/B",SR-20,1584.00,S,N,A,-,Y,COL,,5," ",R,18.395,H,,R,Y,2,0,1,2,A,-,04,21703,,F,C,A,A,A,H,-,C,D,0,,,,,Y,,A,01,1,0,0,0,0,0,0,0,0,"- ","- ",39.162460327148438,-122.14718627929688,COLUSA,UNINCORPORATED,-122.14723968505859,39.162441253662109
94958355,2025,2025-12-04,9155,2025-11-20,1815,024323,,4,2,9,0600,0,3,5,,2,003,"RIVER RD","BUTTE SLOUGH RD",375.00,N,N,B,-,N,,,,,,,,,,Y,2,0,1,1,A,-,01,23152,A,N,E,I,A,A,H,-,D,D,0,,,,,Y,Y,A,01,1,0,0,0,0,0,0,0,0,"- ","- ",39.216079711914062,-121.99980163574219,COLUSA,UNINCORPORATED,-121.99997711181641,39.216770172119141
94958371,2025,2025-12-04,9155,2025-11-24,"5   ",024855,,1,3,9,0600,0,1,3,,1,042,"RT 45","NEVA AVENUE",17.00,S,N,E,-,Y,COL,,45," "," ",20.347,H,,R,N,4,0,1,1,A,-,08,22107,,N,E,I,A,B,H,-,C,D,0,,,,,Y,,A,01,0,0,1,0,0,0,0,0,0,"- ","- ",39.2205810546875,-122.01920318603516,COLUSA,UNINCORPORATED,-122.01915740966797,39.220588684082031
94964710,2025,2025-12-09,9155,2025-12-01,1325,024821,,1,1,9,0600,0,1,1,,2,051,"I-5 S/B","HUSTED RD",5280.00,N,N,A,-,Y,COL,,5," ",R,16.919,H,,L,Y,3,0,1,1,A,-,08,22107,,N,E,I,A,A,H,-,A,D,0,,,,,Y,,A,08,0,1,0,0,0,0,0,0,0,"- ","- ",39.142650604248047,-122.13654327392578,COLUSA,UNINCORPORATED,-122.13648986816406,39.142654418945312
94968619,2025,2025-12-11,9155,2025-10-15,2500,020744,,3,4,9,0600,0,1,1,,2,051,"I-5 N/B","HUSTED RD",3168.00,S,N,C,-,Y,,,,,,,,,,Y,1,1,0,1,A,-,08,22107,,N,E,8,A,B,H,-,D,D,0,,,,,Y,,A,07,0,0,0,0,0,0,0,0,0,"- ","- ",39.125881195068359,-122.12834167480469,COLUSA,UNINCORPORATED,-122.12742614746094,39.123893737792969
94968656,2025,2025-12-11,9155,2025-08-20,"545 ",022201,,3,3,9,0600,0,1,1,,2,051,"I-5 S/B","MILE POST MARKER 11.50",514.00,N,N,A,-,Y,COL,,5," ",R,11.504,H,,L,Y,1,1,1,1,A,-,08,22107,,N,E,I,A,A,H,-,B,D,0,,,,,Y,,D,22,1,0,0,0,0,0,0,0,0,"- ","- ",39.073101043701172,-122.09432983398438,COLUSA,UNINCORPORATED,-122.09428405761719,39.073112487792969
94968686,2025,2025-12-11,9155,2025-11-25,1810,024855,,2,2,9,0600,0,3,5,,2,002,"ALMOND AVE","GAIL AVE",27.00,N,N,A,-,N,,,,,,,,,,N,4,0,1,1,A,-,03,22350,,N,E,8,A,A,H,-,C,D,0,,,Y,,Y,,C,06,0,0,1,0,0,0,0,0,1,"- ","- ",39.020221710205078,-122.06945037841797,COLUSA,UNINCORPORATED,-122.06999206542969,39.019618988037109
94972518,2025,2025-12-15,9155,2025-12-05,"558 ",024777,,5,3,9,0600,0,3,5,,2,002,"ZUMWALT RD","MYERS RD",0.00,,Y,E,-,N,,,,,,,,,,Y,4,0,1,1,A,-,03,22350,,N,E,I,A,A,H,-,D,D,0,,,,,Y,,D,22,0,0,1,0,0,0,0,0,0,"- ","- ",39.101238250732422,-122.15174102783203,COLUSA,UNINCORPORATED,-122.15179443359375,39.101238250732422
94974250,2025,2025-12-16,9155,2025-12-01,1800,024855,,1,2,9,0600,0,3,5,,2,001,"HAHN RD","OHM RD",2602.00,E,N,A,-,N,,,,,,,,,,Y,4,0,3,2,A,-,05,21650,,N,B,C,A,A,H,-,D,D,0,,,,,Y,,A,07,0,0,3,0,0,0,0,0,0,"- ","- ",39.056388854980469,-122.03267669677734,COLUSA,UNINCORPORATED,-122.03234100341797,39.056476593017578
94975079,2025,2025-12-16,9155,2025-10-12,1515,024323,,7,2,9,0600,0,3,5,,2,006,"GOAT MOUNTAIN RD","LODOGA-STONYFORD RD.",17424.00,W,N,A,-,N,,,,,,,,,,N,1,1,0,1,A,-,03,22350,,N,E,I,A,A,H,-,A,D,0,,,Y,,Y,Y,C,06,0,0,0,0,0,0,0,1,0,"- ","- ",39.28485107421875,-122.58303070068359,COLUSA,UNINCORPORATED,-122.57392120361328,39.290607452392578
94985571,2025,2025-12-24,9155,2025-12-17,"745 ",024026,,3,1,9,0600,0,1,3,,2,023,"SR-20 E/B","COLUSA-LAKE COUNTY LINE",3590.00,E,N,B,-,Y,COL,,20," ",R,0.693,H,,R,Y,3,0,1,1,A,-,08,22107,,N,E,I,A,B,H,-,B,D,0,,,,,Y,,A,01,0,1,0,0,0,0,0,0,0,"- ","- ",39.006969451904297,-122.39732360839844,COLUSA,UNINCORPORATED,-122.39736938476562,39.006908416748047
94985806,2025,2025-12-24,9155,2025-12-10,"635 ",024821,,3,1,9,0600,0,1,3,,2,023,SR-20,"MPM 5.03",97.00,E,N,E,-,Y,COL,,20," "," ",5.035,H,,R,Y,3,0,2,2,A,-,05,21460,,N,A,C,A,A,H,-,A,D,0,,,,Y,Y,,F,26,0,1,1,0,0,0,0,0,0,"- ","- ",39.028770446777344,-122.34031677246094,COLUSA,UNINCORPORATED,-122.34030151367188,39.028759002685547
94989809,2025,2025-12-29,9155,2025-12-21,"929 ",024777,,7,1,9,0600,0,1,3,,2,023,"RT 20","BEAR VALLEY ROAD",15312.00,W,N,C,-,Y,,,,,,,,,,Y,3,0,3,2,A,-,03,22350,,N,A,C,A,B,H,-,A,D,0,,,,,Y,,D,22,0,3,0,0,0,0,0,0,0,"- ","- ",39.009780883789062,-122.40322875976562,COLUSA,UNINCORPORATED,-122.40251922607422,39.008567810058594
94990466,2025,2025-12-29,9155,2025-12-21,1020,024777,,7,1,9,0600,0,1,3,,2,023,"RT 20","WALNUT DR",7920.00,W,N,C,-,Y,COL,,20," "," ",11.736,H,,R,Y,2,0,2,1,A,-,03,22350,,N,E,I,A,B,H,-,A,D,0,,,,,Y,,A,01,1,1,0,0,0,0,0,0,0,"- ","- ",39.106330871582031,-122.31204223632812,COLUSA,UNINCORPORATED,-122.31204986572266,39.106346130371094
94990520,2025,2025-12-29,9155,2025-12-09,1917,024330,,2,2,9,0600,0,2,4,,2,010,"LONESTAR ROAD","STATE ROUTE 20",30.00,N,N,E,-,Y,COL,,20," "," ",26.938,H,,R,Y,4,0,1,1,A,-,01,23152,A,N,E,I,A,B,H,-,D,A,0,,,,,Y,Y,D,22,0,0,1,0,0,0,0,0,0,"- ","- ",39.19573974609375,-122.078857421875,COLUSA,UNINCORPORATED,-122.07886505126953,39.195697784423828
94993799,2025,2025-12-31,9155,2025-12-19,1630,020744,,5,2,9,0600,0,1,3,,2,023,"SR-20 E/B","WALNUT DR",5280.00,W,N,B,-,Y,COL,,20," "," ",12.202,H,,R,Y,4,0,1,1,A,-,08,22107,,N,F,I,A,B,H,-,D,D,0,,,,,Y,,D,22,0,0,1,0,0,0,0,0,0,"- ","- ",39.108890533447266,-122.30438995361328,COLUSA,UNINCORPORATED,-122.30442810058594,39.108913421630859
94994029,2025,2025-12-31,9155,2025-12-25,1245,024026,,4,1,9,0600,0,1,1,,2,051,"I-5 N/B","FREEWAY UNDERPASS RD.",1500.00,N,N,C,-,Y,COL,,5," ",R,7.989,H,,R,Y,4,0,2,1,A,-,08,22107,,N,E,I,A,B,H,-,A,D,0,,,,,Y,,A,01,0,0,2,0,0,0,0,0,0,"- ","- ",39.028240203857422,-122.06417846679688,COLUSA,UNINCORPORATED,-122.064208984375,39.028228759765625
94994213,2025,2025-12-31,9155,2025-12-19,1532,024026,,5,2,9,0600,0,1,3,,2,023,SR-20,"COLUSA-LAKE COUNTY LINE",3590.00,E,N,B,-,Y,COL,,20," ",R,0.637,H,,R,Y,4,0,1,1,A,-,08,22107,,N,E,I,A,B,H,-,A,D,0,,,,,Y,,A,08,0,0,1,0,0,0,0,0,0,"- ","- ",39.007190704345703,-122.39840698242188,COLUSA,UNINCORPORATED,-122.39840698242188,39.007236480712891
94994531,2025,2025-12-31,9155,2025-12-20,1200,024026,,6,1,9,0600,0,1,3,,2,023,SR-20,"COLUSA-LAKE COUNTY LINE",9557.00,E,N,B,-,Y,COL,,20," "," ",1.797,H,,R,Y,3,0,2,1,A,-,08,22107,,N,E,I,A,B,H,-,A,D,0,,,,,Y,,A,07,0,2,0,0,0,0,0,0,0,"- ","- ",39.013168334960938,-122.38816833496094,COLUSA,UNINCORPORATED,-122.38819122314453,39.013210296630859
95000818,2025,2026-01-06,9155,2025-12-24,1858,024330,,3,2,9,0600,0,3,5,,2,005,"RAILROAD AVE","CENTRAL ST",261.85,N,N,B,-,N,,,,,,,,,,N,2,0,1,1,A,-,21,22106,,N,G,B,A,B,H,-,C,D,0,,,,,Y,,A,07,1,0,0,0,0,0,0,0,0,"- ","- ",39.273349761962891,-122.19081878662109,COLUSA,UNINCORPORATED,-122.19078826904297,39.273338317871094
95002881,2025,2026-01-07,9155,2025-12-24,1930,024855,,3,2,9,0600,0,1,1,,2,051,"I-5 N/B","HALL ST",805.00,N,N,C,-,Y,COL,,5," "," ",7.298,H,,R,N,3,0,1,2,A,-,03,22350,,N,A,8,A,B,F,-,D,D,0,,,,,Y,,A,01,0,1,0,0,0,0,0,0,0,"- ","- ",39.018810272216797,-122.05991363525391,COLUSA,UNINCORPORATED,-122.05985260009766,39.018833160400391
95003003,2025,2026-01-07,9155,2025-12-14,"330 ",024470,,7,3,9,0600,0,1,3,,2,023,"SR-20 W/B","WALNUT DR",6336.00,W,N,B,-,Y,COL,,20," "," ",12.082,H,,L,Y,3,0,1,1,A,-,08,22107,,N,F,A,A,A,H,-,D,D,0,,,,,Y,,A,01,0,1,0,0,0,0,0,0,0,"- ","- ",39.107711791992188,-122.30596160888672,COLUSA,UNINCORPORATED,-122.30594635009766,39.107673645019531
95009816,2025,2026-01-12,9155,2025-12-25,2225,024433,,4,3,9,0600,0,1,1,,2,051,"I-5 N/B","GREENBAY RD",3010.00,N,N,C,-,Y,COL,,5," ",R,3.724,H,,R,Y,3,0,1,1,A,-,08,22107,,N,F,8,A,B,H,-,D,D,0,,,,,Y,,A,07,0,1,0,0,0,0,0,0,0,"- ","- ",38.973899841308594,-122.02861785888672,COLUSA,UNINCORPORATED,-122.02867126464844,38.973884582519531
95025262,2025,2026-01-22,9155,2025-12-31,2000,024470,,3,2,9,0600,0,3,5,,2,002,"WILDWOOD RD","WAGNER AVE",0.00,,Y,C,-,N,,,,,,,,,,Y,3,0,1,1,A,-,01,23152,A,N,E,I,A,B,H,-,E,D,0,,,,,Y,Y,D,22,0,1,0,0,0,0,0,0,0,"- ","- ",38.998481750488281,-122.06072998046875,COLUSA,UNINCORPORATED,-122.06073760986328,38.998432159423828
9504190,2022,2022-09-30,0602,2022-09-10,0534,P59,2,6,5,2,0602,0,0,0,,0,,"RT 20","RT 5",0.00,,Y,A,-,Y,COL,3,20,-,R,22.260,H,-,W,N,3,0,2,2,A,-,03,22350,,N,C,C,A,A,H,-,C,D,0,,,,,Y,,A,01,0,2,0,0,0,0,0,0,0,"- ",NO,,,COLUSA,WILLIAMS,-122.14766693115234,39.167690277099609
95047144,2025,2026-02-09,9155,2025-03-24,1720,021968,,1,2,9,0600,0,1,3,,2,023,SR-20,"LAKE COUNTY LINE",363.00,E,N,A,-,Y,COL,,20," "," ",0.042,H,,R,Y,1,1,2,2,A,-,05,21460,A,N,A,C,A,A,H,-,A,D,0,,,,,Y,,A,01,1,1,0,0,0,0,0,0,0,"- ","- ",39.011188507080078,-122.40856170654297,COLUSA,UNINCORPORATED,-122.40853118896484,39.011245727539062
9524004,2022,2022-12-12,0602,2022-11-04,2119,P63,1,5,5,2,0602,0,0,0,,0,,"C ST","9TH ST",0.00,,Y,A,-,N,,,,,,,,,,Y,3,0,1,2,A,-,01,23152,A,M,D,C,A,A,H,-,D,D,0,,,,,Y,Y,A,01,0,1,0,0,0,0,0,0,0,"- ","- ",,,COLUSA,WILLIAMS,-122.15373229980469,39.155994415283203
9528874,2022,2022-11-28,0601,2022-10-02,0118,8452,0601,7,5,2,0601,0,0,0,,0,00B,"BRIDGE ST","EAST PARKHILL ST",34.00,N,N,A,-,N,,,,,,,,,,Y,3,0,1,2,A,-,07,21658,A,M,B,C,A,A,H,-,C,D,0,,,,,Y,Y,A,01,0,1,0,0,0,0,0,0,0,"- ","- ",,,COLUSA,COLUSA,-122.00251770019531,39.209011077880859
9532492,2022,2022-12-05,0601,2022-10-13,0810,8454,0601,4,5,2,0601,0,0,0,,0,00D,"FREMONT ST","3RD ST",0.00,,Y,A,-,N,,,,,,,,,,N,3,0,2,2,A,-,12,21453,,N,D,C,A,A,H,-,A,A,0,,,,Y,Y,,A,01,0,2,0,0,0,0,0,0,0,"- ","- ",,,COLUSA,COLUSA,-122.00765991210938,39.207115173339844
9545552,2023,2023-02-24,0602,2023-01-20,1257,P64,4,5,5,2,0602,0,0,0,,0,,"MARGURITE ST","RT 20",404.00,S,N,A,-,N,,,,,,,,,,N,4,0,1,2,A,-,09,21804,,M,G,B,C,A,H,-,A,D,0,Y,,,,Y,Y,A,01,0,0,1,0,1,0,0,0,0,"- ","- ",,,COLUSA,WILLIAMS,-122.14322662353516,39.168292999267578
9553127,2023,2023-03-25,0602,2023-02-26,1840,P62,4,7,5,2,0602,0,0,0,,0,,"HUSTED RD","E ST",0.00,,Y,A,-,N,,,,,,,,,,Y,3,0,4,2,A,-,09,21802,A,N,D,C,A,B,H,-,C,A,0,,,,,Y,,D,72,0,4,0,0,0,0,0,0,0,"- ","- ",,,COLUSA,WILLIAMS,-122.13262939453125,39.159549713134766
9557640,2023,2023-07-07,0602,2023-06-19,2120,P64,4,1,5,2,0602,0,0,0,,0,,"FRANKLIN DR","VANN ST",0.00,,Y,A,-,N,,,,,,,,,,N,2,0,1,2,A,-,05,21650,,N,D,C,A,A,H,-,C,D,0,,,,Y,Y,,M,94,1,0,0,0,0,0,0,0,0,"- ","- ",,,COLUSA,WILLIAMS,-122.13796234130859,39.154716491699219
9583688,2023,2023-08-09,0602,2023-07-07,1415,P51,,5,5,2,0602,0,0,0,,0,,"RT 20","MARGURITE ST",0.00,,Y,A,-,Y,COL,3,20,-,R,22.489,I,5,E,Y,4,0,1,2,A,-,09,21802,A,N,D,D,A,A,H,-,A,A,0,,,,,Y,,A,01,0,0,1,0,0,0,0,0,0,"- ","- ",,,COLUSA,WILLIAMS,-122.14402008056641,39.16925048828125
9592591,2023,2023-07-14,0602,2023-06-09,"704 ",P51,2,5,5,2,0602,0,0,0,,0,,"E ST","RT 5",0.00,,Y,A,-,Y,COL,3,5,-,R,17.800,R,4,N,Y,4,0,3,2,A,-,09,21802,A,N,D,D,A,A,H,-,A,D,0,,,,,Y,,A,01,0,0,3,0,0,0,0,0,0,"- ",NF,,,COLUSA,WILLIAMS,-122.14257049560547,39.154632568359375
9599967,2023,2023-08-02,0602,2023-07-24,1147,P62,1,1,5,2,0602,0,0,0,,0,,"E ST","PINEWOOD CT",28.00,E,N,A,-,N,,,,,,,,,,N,3,0,1,2,A,-,03,22350,,N,C,C,A,A,H,-,A,A,0,,,,,Y,,A,07,0,1,0,0,0,0,0,0,0,"- ","- ",,,COLUSA,WILLIAMS,-122.15865325927734,39.152450561523438
9601501,2023,2023-08-30,0602,2023-08-12,"540 ",P62,2,6,5,2,0602,0,0,0,,0,,"RT 20","HUSTED RD",0.00,,Y,A,-,Y,COL,3,20,-,T,23.177,I,5,E,Y,2,0,1,2,A,-,09,21801,A,N,A,C,A,A,H,-,B,D,0,,,,,Y,,A,01,1,0,0,0,0,0,0,0,0,"- ","- ",,,COLUSA,WILLIAMS,-122.13307189941406,39.173965454101562
9609751,2023,2023-09-06,0602,2023-08-14,1622,P60,2,1,5,2,0602,0,0,0,,0,,"RT 20","MARGURITE ST",1260.00,W,N,A,-,Y,COL,3,20,-,R,22.240,I,5,E,N,3,0,3,2,A,-,09,21801,A,N,A,C,A,A,H,-,A,D,0,,,,,Y,,D,22,0,1,2,0,0,0,0,0,0,"- ","- ",,,COLUSA,WILLIAMS,-122.14799499511719,39.167552947998047
9609797,2023,2023-08-29,0602,2023-08-12,"715 ",P62,2,6,5,2,0602,0,0,0,,0,,"B ST","5TH ST",0.00,,Y,A,-,N,,,,,,,,,,Y,3,0,2,1,A,-,00,22017,,N,E,I,A,A,H,-,A,A,0,,,,,Y,,A,01,0,2,0,0,0,0,0,0,0,"- ","- ",,,COLUSA,WILLIAMS,-122.1492919921875,39.159187316894531
9617121,2023,2023-11-03,0601,2023-09-12,1418,8450,0601,2,5,2,0601,0,0,0,,0,00C,"10TH ST","FREMONT ST",0.00,,Y,A,-,N,,,,,,,,,,Y,3,0,1,2,A,-,09,21804,A,N,D,D,A,A,H,-,A,D,0,,,,,Y,,D,22,0,1,0,0,0,0,0,0,0,"- ","- ",,,COLUSA,COLUSA,-122.01714324951172,39.209308624267578
9619106,2023,2024-02-29,0602,2023-12-09,1120,P63,3,6,5,2,0602,0,0,0,,0,,"9TH ST","H ST",0.00,,Y,A,-,N,,,,,,,,,,N,3,0,1,2,A,-,08,22107,,N,D,C,A,A,H,-,A,A,0,,,,,Y,,A,01,0,1,0,0,0,0,0,0,0,"- ","- ",,,COLUSA,WILLIAMS,-122.15148162841797,39.150260925292969
9624121,2023,2025-06-26,0602,2023-05-10,1346,P64,2,3,5,2,0602,0,0,0,,0,,"RT 20","HUSTED RD",0.00,,Y,A,-,Y,COL,3,20,-,T,23.177,I,5,E,Y,1,1,0,2,A,-,09,21801,A,N,A,C,A,A,H,-,A,A,0,,,Y,,Y,,E,22,0,0,0,0,0,0,0,1,0,"- ","- ",,,COLUSA,WILLIAMS,-122.13307189941406,39.173965454101562
9628015,2023,2023-10-18,0602,2023-10-08,1823,P64,2,7,5,2,0602,0,0,0,,0,,"E ST","5TH ST",0.00,,Y,A,-,N,,,,,,,,,,N,4,0,1,2,A,-,12,22450,,N,D,C,A,A,H,-,B,A,0,,,,,Y,,A,01,0,0,1,0,0,0,0,0,0,"- ","- ",,,COLUSA,WILLIAMS,-122.14698028564453,39.155689239501953
9635208,2023,2024-01-20,0602,2023-11-10,2145,P58,2,5,5,2,0602,0,0,0,,0,,"E ST","HUSTED RD",0.00,,Y,A,-,N,,,,,,,,,,Y,2,0,2,2,A,-,09,21802,A,N,D,C,A,A,H,-,C,A,0,,,,,Y,Y,A,01,1,1,0,0,0,0,0,0,0,"- ","- ",,,COLUSA,WILLIAMS,-122.13262939453125,39.159549713134766
9635209,2023,2024-01-20,0602,2023-11-08,1150,P63,1,3,5,2,0602,0,0,0,,0,,"A ST","9TH ST",0.00,,Y,A,-,N,,,,,,,,,,N,3,0,1,2,A,-,03,22350,,N,D,C,A,A,H,-,A,D,0,,,,,Y,,D,22,0,1,0,0,0,0,0,0,0,"- ","- ",,,COLUSA,WILLIAMS,-122.15525817871094,39.158344268798828
9648342,2023,2024-02-28,0602,2023-12-05,1200,P57,,2,5,2,0602,0,0,0,,0,,"HUSTED RD","ABEL RD",297.00,S,N,A,-,N,,,,,,,,,,Y,2,0,3,1,A,-,05,21650,,N,E,I,A,A,H,-,A,D,0,,,,,Y,,A,07,1,2,0,0,0,0,0,0,0,"- ","- ",,,COLUSA,WILLIAMS,-122.13269805908203,39.144134521484375
9650543,2023,2025-07-23,0602,2023-12-22,1345,P63,2,5,5,2,0602,0,0,0,,0,,"RT 20","RT 5",0.00,,Y,A,-,Y,COL,3,20,-,R,22.244,I,5,E,Y,1,1,0,2,A,-,12,22450,A,N,D,C,A,A,H,-,A,A,0,,,,,Y,,A,01,0,0,0,0,0,0,0,0,0,"- ",NF,,,COLUSA,WILLIAMS,-122.14792633056641,39.167579650878906
9651630,2023,2024-01-19,0601,2023-11-20,1200,8450,0601,1,5,2,0601,0,0,0,,0,00C,"10TH ST","FREMONT ST",0.00,,Y,A,-,N,,,,,,,,,,Y,3,0,1,2,A,-,09,21802,A,N,D,C,A,A,H,-,A,D,0,,,,,Y,,A,01,0,1,0,0,0,0,0,0,0,"- ","- ",,,COLUSA,COLUSA,-122.01714324951172,39.209308624267578
9656504,2023,2024-02-16,0602,2023-12-20,1945,P58,,3,5,2,0602,0,0,0,,0,,"RT 20","MARGUERITE ST",0.00,,Y,A,-,Y,COL,3,20,-,R,22.489,I,5,E,Y,3,0,2,2,A,-,09,21802,A,N,D,C,A,A,H,-,C,A,0,,,,,Y,,A,01,0,2,0,0,0,0,0,0,0,"- ","- ",,,COLUSA,WILLIAMS,-122.14402008056641,39.16925048828125
9661115,2024,2024-03-29,0602,2024-01-16,1240,P66,1,2,5,2,0602,0,0,0,,0,,"E ST","10TH ST",41.00,E,N,B,-,N,,,,,,,,,,N,3,0,2,2,A,-,08,22107,,N,D,C,A,A,H,-,A,D,0,,,,,Y,,A,01,0,2,0,0,0,0,0,0,0,"- ","- ",,,COLUSA,WILLIAMS,-122.15328979492188,39.153156280517578
9662641,2024,2024-03-07,0602,2024-01-29,"830 ",P66,2,1,5,2,0602,0,0,0,,0,,"RT 20","FRESHWATER RD",57.00,E,N,E,-,Y,COL,3,20,-,T,23.190,H,-,W,Y,3,0,2,2,A,-,03,22350,,N,A,C,A,B,H,-,A,D,0,,,,,Y,,A,01,0,2,0,0,0,0,0,0,0,"- ","- ",,,COLUSA,WILLIAMS,-122.13287353515625,39.174072265625
9678871,2024,2024-03-29,0601,2024-02-24,1154,8447,0601,6,5,2,0601,0,0,0,,0,00B,"MARKET ST","2ND ST",0.00,,Y,A,-,Y,COL,3,20,-,-,31.700,I,5,E,N,3,0,1,2,A,-,09,21802,,N,D,C,A,A,H,-,A,A,0,,,,,Y,,A,01,0,1,0,0,0,0,0,0,0,"- ","- ",,,COLUSA,COLUSA,-122.00399017333984,39.213043212890625
9691750,2024,2024-05-14,0601,2024-03-29,1140,8450,0601,5,5,2,0601,0,0,0,,0,00E,"RT 20","HARRIS ST",0.00,,Y,C,-,Y,COL,3,20,-,-,30.250,H,-,W,N,3,0,1,2,A,-,03,22350,A,N,C,C,A,B,H,-,A,D,0,,,,,Y,,A,01,0,1,0,0,0,0,0,0,0,"- ","- ",,,COLUSA,COLUSA,-122.02060699462891,39.204551696777344
9711115,2024,2024-11-20,0602,2024-07-22,"803 ",P64,2,1,5,2,0602,0,0,0,,0,,"RT 5","RT 20",0.00,,Y,A,-,Y,COL,3,20,-,R,22.244,I,5,E,Y,2,0,3,2,A,-,09,21802,A,N,D,C,A,A,H,-,A,A,0,,,,Y,Y,,A,01,2,1,0,0,0,0,0,0,0,NF,"- ",,,COLUSA,WILLIAMS,-122.14792633056641,39.167579650878906
9712413,2024,2024-10-01,0601,2024-09-06,"755 ",8452,0601,5,5,2,0601,0,0,0,,0,00C,"WESBTER ST","8TH ST",0.00,,Y,A,-,N,,,,,,,,,,N,4,0,1,2,A,-,03,22350,A,N,C,C,A,A,H,-,A,D,0,,,,,Y,,D,22,0,0,1,0,0,0,0,0,0,"- ","- ",,,COLUSA,COLUSA,-122.01381683349609,39.210487365722656
9713170,2024,2024-08-16,0601,2024-06-13,"923 ",8452,0601,4,5,2,0601,0,0,0,,0,00F,"WESCOTT RD","BRIDGE ST",0.00,,Y,A,-,N,,,,,,,,,,N,4,0,1,2,A,-,17,22109,,N,C,C,A,A,H,-,A,D,0,,,,,Y,,A,01,0,0,1,0,0,0,0,0,0,"- ","- ",,,COLUSA,COLUSA,-122.00457000732422,39.203334808349609
9716194,2024,2024-09-26,0602,2024-07-08,1849,P58,,1,5,2,0602,0,0,0,,0,,"RT 20","MARGUERITE ST",0.00,,Y,A,-,Y,COL,3,20,-,R,22.489,I,5,E,N,3,0,2,2,A,-,09,21802,A,N,D,C,A,A,H,-,A,A,0,,,,,Y,,A,01,0,2,0,0,0,0,0,0,0,"- ","- ",,,COLUSA,WILLIAMS,-122.14402008056641,39.16925048828125
9728355,2024,2024-09-12,0601,2024-07-18,"650 ",8452,0601,4,5,2,0601,0,0,0,,0,00F,"BRIDGE ST","SIOC ST",67.00,S,N,A,-,N,,,,,,,,,,N,4,0,1,2,A,-,10,21950,A,N,G,B,B,A,H,-,B,A,0,Y,,,,Y,,A,01,0,0,1,0,1,0,0,0,0,"- ","- ",,,COLUSA,COLUSA,-122.00432586669922,39.204212188720703
9753466,2024,2024-12-18,0601,2024-11-22,1456,8452,0601,5,5,2,0601,0,0,0,,0,00A,"MARKET ST","5TH ST",0.00,,Y,B,-,Y,COL,3,20,-,-,31.470,I,5,W,N,3,0,1,2,A,-,10,21950,,N,G,B,B,B,H,-,A,A,0,Y,,,,Y,,A,01,0,1,0,0,1,0,0,0,0,"- ","- ",,,COLUSA,COLUSA,-122.00800323486328,39.214065551757812
9757727,2024,2025-01-23,0601,2024-10-15,1439,8441,0601,2,5,2,0601,0,0,0,,0,00C,"10TH ST","FREMONT ST",0.00,,Y,-,-,N,,,,,,,,,,Y,3,0,1,2,A,-,09,21802,A,N,-,-,A,-,-,-,-,-,0,,,,Y,Y,,A,07,0,1,0,0,0,0,0,0,0,"- ","- ",,,COLUSA,COLUSA,-122.01714324951172,39.209308624267578
9774948,2024,2025-02-28,0602,2024-12-13,1635,P63,1,5,5,2,0602,0,0,0,,0,,"RT 20","VIRGINIA WY",0.00,,Y,B,-,Y,COL,3,20,-,R,21.440,H,-,W,Y,3,0,1,1,A,-,03,22350,,N,A,I,A,A,H,-,A,A,0,,,,,Y,,A,01,0,1,0,0,0,0,0,0,0,"- ","- ",,,COLUSA,WILLIAMS,-122.16062927246094,39.161304473876953
9778508,2024,2025-02-07,0602,2024-10-28,1120,P57,1,1,5,2,0602,0,0,0,,0,,"RT 20","E ST",0.00,,Y,A,-,Y,COL,3,20,-,T,20.540,H,-,E,Y,2,0,2,2,A,-,09,21802,A,N,D,C,A,A,H,-,A,A,0,,,,,Y,,A,01,2,0,0,0,0,0,0,0,0,"- ","- ",,,COLUSA,WILLIAMS,-122.17386627197266,39.153347015380859
9778512,2024,2025-02-05,0602,2024-11-26,1800,P66,1,2,5,2,0602,0,0,0,,0,,"RT 20","VIRGINIA WY",0.00,,Y,A,-,N,,,,,,,,,,Y,3,0,1,2,A,-,09,21802,A,N,D,D,A,A,H,-,C,D,0,,,,,Y,,A,01,0,1,0,0,0,0,0,0,0,"- ","- ",,,COLUSA,WILLIAMS,-122.16108703613281,39.161041259765625
9791027,2025,2025-03-11,0602,2025-02-23,1907,P66,1,7,5,2,0602,0,0,0,,0,,"8TH ST","D ST",0.00,,Y,A,-,N,,,,,,,,,,N,3,0,1,2,A,-,09,21802,A,N,D,C,A,A,H,-,C,A,0,,,,,Y,,A,71,0,1,0,0,0,0,0,0,0,"- ","- ",,,COLUSA,WILLIAMS,-122.15164184570312,39.155380249023438
9791321,2025,2025-04-25,0602,2025-02-06,1310,P63,2,4,5,2,0602,0,0,0,,0,,"E ST","RT 5",0.00,,Y,B,C,Y,COL,3,5,-,R,17.800,R,4,N,Y,3,0,2,2,A,-,05,21651,B,N,A,C,A,B,H,-,A,A,0,,,,,Y,Y,D,22,0,1,1,0,0,0,0,0,0,"- ","- ",,,COLUSA,WILLIAMS,-122.14257049560547,39.154632568359375
9793906,2025,2025-03-19,0601,2025-02-10,1900,8458,0601,1,5,2,0601,0,0,0,,0,00D,"FREMONT ST","2ND ST",0.00,,Y,A,-,N,,,,,,,,,,N,2,0,1,2,A,-,11,21954,A,N,G,B,D,A,H,-,D,D,0,Y,,,,Y,Y,N,60,1,0,0,0,1,0,0,0,0,"- ","- ",,,COLUSA,COLUSA,-122.00633239746094,39.206798553466797
9808470,2025,2025-08-08,0601,2025-07-14,1424,8456,0601,1,5,2,0601,0,0,0,,0,00A,"7TH ST","MARKET ST",0.00,,N,A,-,Y,COL,3,20,-,-,31.315,I,5,E,Y,4,0,2,2,A,-,09,21804,,N,A,C,A,A,H,-,A,A,0,,,,,Y,,A,01,0,0,2,0,0,0,0,0,0,"- ","- ",,,COLUSA,COLUSA,-122.0107421875,39.214599609375
9808474,2025,2025-08-11,0601,2025-07-12,1150,8456,0601,6,5,2,0601,0,0,0,,0,00F,"RT 20","COUNTRY CLUB DR",0.00,,Y,A,-,Y,COL,3,20,-,-,33.020,H,-,E,Y,3,0,1,1,A,-,"- ",,,N,E,I,A,A,H,-,A,D,0,,,,,Y,,D,22,0,1,0,0,0,0,0,0,0,"- ","- ",,,COLUSA,COLUSA,-122.00080871582031,39.196311950683594
9809693,2025,2025-05-14,0602,2025-04-30,"810 ",P64,1,3,5,2,0602,0,0,0,,0,,"E ST","11TH ST",0.00,,Y,A,-,N,,,,,,,,,,N,4,0,1,2,A,-,09,21801,A,N,A,C,A,A,H,-,A,A,0,,,,,Y,,A,01,0,0,1,0,0,0,0,0,0,"- ","- ",,,COLUSA,WILLIAMS,-122.15464782714844,39.152610778808594
9866624,2025,2025-09-30,0601,2025-05-18,"706 ",8459,0601,7,5,2,0601,0,0,0,,0,00D,"BRIDGE ST","EAST CARSON ST",0.00,,Y,A,-,Y,COL,3,20,-,-,32.367,I,5,W,Y,4,0,1,2,A,-,09,21804,,N,D,C,A,A,H,-,A,A,0,,,,,Y,Y,A,07,0,0,1,0,0,0,0,0,0,"- ","- ",,,COLUSA,COLUSA,-122.00389099121094,39.205295562744141
9866700,2025,2025-09-09,0601,2025-04-26,2206,8446,0601,6,5,2,0601,0,0,0,,0,00D,"BRIDGE ST","LAFAYETTE ST",0.00,,Y,A,-,Y,COL,3,20,-,-,30.705,I,5,E,N,3,0,1,2,A,-,07,21658,A,N,D,E,A,A,H,-,C,D,0,,,,,Y,Y,A,01,0,1,0,0,0,0,0,0,0,"- ","- ",,,COLUSA,COLUSA,-122.016845703125,39.210250854492188
9867182,2025,2026-02-03,0602,2025-10-31,1912,P66,1,5,5,2,0602,0,0,0,,0,,"E ST","7TH ST",0.00,,Y,A,-,N,,,,,,,,,,N,1,1,0,2,A,-,10,21950,A,N,G,B,B,A,H,-,D,D,0,Y,,,,Y,,A,01,0,0,0,1,0,0,0,0,0,"- ","- ",,,COLUSA,WILLIAMS,-122.14963531494141,39.154617309570312
9870606,2025,2025-09-11,0602,2025-08-31,1233,P58,1,7,5,2,0602,0,0,0,,0,,"NORTH ST","10TH ST",196.00,W,N,A,-,N,,,,,,,,,,Y,3,0,1,2,A,-,01,23152,A,N,D,E,A,A,H,-,A,D,0,,,,,Y,Y,A,01,0,1,0,0,0,0,0,0,0,"- ","- ",,,COLUSA,WILLIAMS,-122.15814208984375,39.159648895263672
