CASE_ID,ACCIDENT_YEAR,PROC_DATE,JURIS,COLLISION_DATE,COLLISION_TIME,OFFICER_ID,REPORTING_DISTRICT,DAY_OF_WEEK,CHP_SHIFT,POPULATION,CNTY_CITY_LOC,SPECIAL_COND,BEAT_TYPE,CHP_BEAT_TYPE,CITY_DIVISION_LAPD,CHP_BEAT_CLASS,BEAT_NUMBER,PRIMARY_RD,SECONDARY_RD,DISTANCE,DIRECTION,INTERSECTION,WEATHER_1,WEATHER_2,STATE_HWY_IND,CALTRANS_COUNTY,CALTRANS_DISTRICT,STATE_ROUTE,ROUTE_SUFFIX,POSTMILE_PREFIX,POSTMILE,LOCATION_TYPE,RAMP_INTERSECTION,SIDE_OF_HWY,TOW_AWAY,COLLISION_SEVERITY,NUMBER_KILLED,NUMBER_INJURED,PARTY_COUNT,PRIMARY_COLL_FACTOR,PCF_CODE_OF_VIOL,PCF_VIOL_CATEGORY,PCF_VIOLATION,PCF_VIOL_SUBSECTION,HIT_AND_RUN,TYPE_OF_COLLISION,MVIW,PED_ACTION,ROAD_SURFACE,ROAD_COND_1,ROAD_COND_2,LIGHTING,CONTROL_DEVICE,CHP_ROAD_TYPE,PEDESTRIAN_ACCIDENT,BICYCLE_ACCIDENT,MOTORCYCLE_ACCIDENT,TRUCK_ACCIDENT,NOT_PRIVATE_PROPERTY,ALCOHOL_INVOLVED,STWD_VEHTYPE_AT_FAULT,CHP_VEHTYPE_AT_FAULT,COUNT_SEVERE_INJ,COUNT_VISIBLE_INJ,COUNT_COMPLAINT_PAIN,COUNT_PED_KILLED,COUNT_PED_INJURED,COUNT_BICYCLIST_KILLED,COUNT_BICYCLIST_INJURED,COUNT_MC_KILLED,COUNT_MC_INJURED,PRIMARY_RAMP,SECONDARY_RAMP,LATITUDE,LONGITUDE,COUNTY,CITY,POINT_X,POINT_Y
90803329,2018,2018-09-04,9175,2018-08-29,1805,016084,,3,2,9,5300,0,3,5,,2,001,"RED HILL ROAD","SENGER ROAD",18.00,W,N,A,-,N,,,,,,,,,,Y,2,0,5,1,A,-,01,23152,A,N,E,I,A,A,H,-,A,D,0,,,,,Y,Y,A,01,1,4,0,0,0,0,0,0,0,"- ","- ",40.445499420166016,-123.04429626464844,TRINITY,UNINCORPORATED,-123.07844543457031,40.748584747314453
90973624,2019,2019-05-01,9175,2019-02-07,1635,020804,,4,2,9,5300,0,3,5,,2,002,SR-3,"JORDAN RD",2000.00,S,N,B,-,Y,,,3,,,,,,,N,1,1,1,1,A,-,08,22107,,N,E,I,A,B,H,-,B,D,0,,,,,Y,,A,01,0,1,0,0,0,0,0,0,0,"- ","- ",40.618431091308594,-122.97799682617188,TRINITY,UNINCORPORATED,-122.97801208496094,40.618476867675781
90768104,2018,2018-07-12,9175,2018-07-07,2130,021253,,6,2,9,5300,0,1,3,,1,021,SR3,"RT 36",21120.00,S,N,A,-,Y,,,3,,,,,,,Y,2,0,1,1,A,-,01,23152,A,N,E,I,A,A,H,-,D,D,0,,,,,Y,Y,D,22,1,0,0,0,0,0,0,0,0,"- ","- ",40.521251678466797,-123.18045043945312,TRINITY,UNINCORPORATED,-123.18041229248047,40.521251678466797
91026061,2019,2019-07-08,9175,2019-07-06,1200,020580,,6,1,9,5300,0,3,5,,2,002,SR-3,"DOBBINS CREEK RD",2640.00,N,N,A,-,Y,,,3,,,,,,,N,3,0,1,1,A,-,08,22107,,N,E,I,A,A,H,-,A,D,0,,,,,Y,,D,22,0,1,0,0,0,0,0,0,0,"- ","- ",40.484649658203125,-123.16542053222656,TRINITY,UNINCORPORATED,-123.16538238525391,40.484661102294922
91862058,2022,2022-09-12,9175,2022-09-03,1330,021253,,6,1,9,5300,0,1,3,,1,022,SR-36,"FOREST SERVICE ROUTE 30N24",4224.00,E,N,A,-,Y,,,,,,,,,,Y,3,0,1,1,A,-,08,22107,,N,F,A,A,A,H,-,A,D,0,,,Y,,Y,,C,02,0,1,0,0,0,0,0,0,1,"- ","- ",40.399971008300781,-123.12367248535156,TRINITY,UNINCORPORATED,-123.123779296875,40.399665832519531
92035679,2023,2023-04-03,9175,2023-04-01,1300,016084,,6,1,9,5300,0,3,5,,2,001,"RUSH CREEK RD","TRINITY DAM BLVD",13200.00,W,N,C,-,N,,,,,,,,,,N,3,0,1,1,A,-,08,22107,,N,F,A,A,B,H,-,A,D,0,,,,,Y,,A,07,0,1,0,0,0,0,0,0,0,"- ","- ",40.724018096923828,-122.83403778076172,TRINITY,UNINCORPORATED,-122.8341064453125,40.724090576171875
6611198,2014,2014-09-18,9175,2014-08-22,1830,018552,,5,2,9,5300,0,3,5,,2,002,"CHROME MINE RD","TRINITY PINES RD",335.00,N,N,A,-,N,,,,,,,,,,Y,2,0,3,1,A,-,03,22350,,N,E,I,A,A,H,-,A,D,0,,,,,Y,,D,22,1,1,1,0,0,0,0,0,0,"- ","- ",,,TRINITY,UNINCORPORATED,-123.20984,40.417279999999998
90497980,2017,2017-07-11,9175,2017-07-01,1645,018507,,6,2,9,5300,0,1,3,,1,012,"SR-299 W/B","ROSE ROAD",2112.00,W,N,A,-,Y,,,,,,,,,,Y,2,0,2,1,A,-,03,22350,,N,F,A,A,A,H,-,A,D,0,,,,,Y,,A,07,1,1,0,0,0,0,0,0,0,"- ","- ",,,TRINITY,UNINCORPORATED,-123.21637343,40.741414390000003
90897674,2018,2019-01-04,9175,2018-12-29,0950,019479,,6,1,9,5300,0,1,3,,1,012,SR-299,"CORRAL BOTTOM RD",528.00,E,N,A,-,Y,,,299,,,,,,,Y,2,0,2,1,A,-,08,22107,,N,E,I,A,A,H,-,A,D,0,,,,,Y,,D,22,1,1,0,0,0,0,0,0,0,"- ","- ",40.739200592041016,-123.24910736083984,TRINITY,UNINCORPORATED,-123.24910736083984,40.739261627197266
91390121,2021,2021-01-18,9175,2021-01-16,1545,016084,,6,2,9,5300,0,1,3,,1,010,"RT 299","RIVER RANCH ROAD",1056.00,E,N,A,-,Y,,,,,,,,,,Y,3,0,1,2,A,-,05,21650,,N,A,C,A,A,H,-,A,D,0,,,,Y,Y,,D,22,0,1,0,0,0,0,0,0,0,"- ","- ",40.392299652099609,-122.552001953125,TRINITY,UNINCORPORATED,-122.92356109619141,40.655670166015625
6763488,2014,2016-01-13,9175,2014-12-08,1420,18958,,1,2,9,5300,0,3,5,,2,001,"TRINITY DAM BL","RUSH CREEK RD",10560.00,N,N,B,-,N,,,,,,,,,,Y,3,0,1,1,A,-,01,23152,A,N,E,I,A,B,H,-,A,D,0,,,,,Y,Y,D,22,0,1,0,0,0,0,0,0,0,"- ","- ",,,TRINITY,UNINCORPORATED,-122.81205997000001,40.74186366
90093280,2016,2016-01-12,9175,2016-01-11,0035,019636,,1,3,9,5300,0,1,3,,1,012,"S.R. 299","GILZEAN RD",528.00,W,N,B,-,Y,,,,,,,,,,Y,3,0,1,1,A,-,03,22350,,N,E,J,A,A,C,-,D,D,0,,,,,Y,,A,01,0,1,0,0,0,0,0,0,0,"- ","- ",40.735149999999997,-123.05508,TRINITY,UNINCORPORATED,-123.05438519,40.733730389999998
90224410,2016,2016-07-18,9175,2016-07-12,2010,019520,,2,2,9,5300,0,1,3,,1,021,"STATE ROUTE 3","BRIDGE GULCH RD",528.00,N,N,A,-,Y,,,,,,,,,,Y,3,0,2,1,A,-,03,22350,,N,F,A,A,A,H,-,A,D,0,,,,,Y,,A,01,0,1,1,0,0,0,0,0,0,"- ","- ",40.750900000000001,-123.16534,TRINITY,UNINCORPORATED,-123.16547412,40.475556869999998
90234381,2016,2016-08-01,9175,2016-07-21,1150,013699,,4,1,9,5300,0,1,3,,1,011,"RT 299","UNION HILL RD",25.00,W,N,A,-,Y,,,,,,,,,,Y,3,0,1,2,A,-,03,22350,,N,C,C,A,A,H,-,A,D,0,,,Y,,Y,,C,02,0,1,0,0,0,0,0,0,1,"- ","- ",,,TRINITY,UNINCORPORATED,-122.94359,40.672820000000002
91280399,2020,2020-08-04,9175,2020-07-26,2200,021253,,7,3,9,5300,0,1,3,,1,010,SR-299,"CLARK CREEK RD",11616.00,E,N,A,-,Y,,,299,,,,,,,N,3,0,1,2,A,-,08,22107,,F,G,B,F,A,H,-,D,D,0,Y,,,,Y,,-,99,0,1,0,0,1,0,0,0,0,"- ","- ",40.655208587646484,-122.76457977294922,TRINITY,UNINCORPORATED,-122.76454162597656,40.655345916748047
91318573,2020,2020-10-06,9175,2020-09-20,2500,019811,,7,4,9,5300,0,1,3,,2,014,SR-299,"BURNT RANCH DUMP RD",749.00,E,N,A,-,Y,,,299,,,,,,,Y,1,1,0,1,A,-,08,22107,,N,E,I,A,A,H,-,B,D,0,,,,,Y,,A,01,0,0,0,0,0,0,0,0,0,"- ","- ",40.793048858642578,-123.45635223388672,TRINITY,UNINCORPORATED,-123.45633697509766,40.793060302734375
6392653,2014,2015-11-14,9175,2014-02-24,1855,018471,,1,2,9,5300,0,1,3,,1,011,"RT 299","MOON LIM LEE REST AREA",0.00,,Y,A,-,Y,TRI,2,299,-,-,56.947,I,5,E,Y,3,0,1,2,A,-,09,21801,A,N,D,C,A,A,H,-,C,A,0,,,,,Y,,A,01,0,1,0,0,0,0,0,0,0,"- ","- ",,,TRINITY,UNINCORPORATED,-122.94299796,40.666317630000002
6728495,2014,2015-01-16,9175,2014-11-24,2050,012749,,1,2,9,5300,0,3,5,,2,001,"TRINITY VIEW DR","HENRIETTA RD",528.00,N,N,A,-,N,,,,,,,,,,N,3,0,1,1,A,-,03,22350,,N,E,I,A,D,H,-,D,D,0,,,,,Y,,A,07,0,1,0,0,0,0,0,0,0,"- ","- ",,,TRINITY,UNINCORPORATED,-122.79956,40.708469559999998
6989709,2015,2015-07-21,9175,2015-07-02,1552,018433,,4,2,9,5300,0,3,5,,2,001,"BRANNAN ST","HALLS ALLEY",0.00,,Y,A,-,N,,,,,,,,,,N,2,0,1,2,A,-,09,21804,A,N,D,G,A,A,H,-,A,D,0,,Y,,,Y,,L,04,1,0,0,0,0,0,1,0,0,"- ","- ",,,TRINITY,UNINCORPORATED,-122.93706994999999,40.729569949999998
90086527,2015,2016-11-16,9175,2015-11-28,2500,014636,,6,4,9,5300,0,1,3,,2,013,SR-299,"USFS ROAD 4",21120.00,W,N,A,-,Y,,,299,,,,,,,Y,1,2,0,1,A,-,08,22107,,N,E,I,A,A,H,-,D,D,0,,,,,Y,,D,22,0,0,0,0,0,0,0,0,0,"- ","- ",40.78877,-123.41696,TRINITY,UNINCORPORATED,-123.41690801999999,40.788727940000001
90763240,2018,2018-07-05,9175,2018-06-30,0830,020722,,6,1,9,5300,0,1,3,,1,021,"SR-3 N/B","DUNCAN RANCH RD",65.00,N,N,A,-,Y,,,3,,,,,,N,Y,3,0,1,1,C,-,18,,,N,E,H,A,A,H,-,A,D,0,,,Y,,Y,,-,"- ",0,1,0,0,0,0,0,0,1,"- ","- ",40.499988555908203,-123.17282867431641,TRINITY,UNINCORPORATED,-123.17282867431641,40.499988555908203
90825730,2018,2018-10-01,9175,2018-09-22,1230,020464,,6,1,9,5300,0,1,3,,1,022,SR-36,"SOUTH FORK MOUNTAIN RD",6864.00,E,N,A,-,Y,,,36,,,,,,,Y,1,1,0,1,A,-,08,22107,,N,E,I,A,A,H,-,A,D,0,,,Y,,Y,,C,02,0,0,0,0,0,0,0,1,0,"- ","- ",40.393329620361328,-123.41335296630859,TRINITY,UNINCORPORATED,-123.41338348388672,40.393260955810547
91137009,2019,2019-12-05,9175,2019-12-04,1545,016084,,3,2,9,5300,0,1,3,,1,022,"RT 36","POST MOUNTAIN ROAD",45.00,W,N,B,-,Y,,,,,,,,,,Y,3,0,2,1,A,-,08,22107,,N,E,I,A,A,H,-,A,D,0,,,,,Y,,D,22,0,2,0,0,0,0,0,0,0,"- ","- ",40.245819091796875,-123.11052703857422,TRINITY,UNINCORPORATED,-123.18482971191406,40.416000366210938
91572361,2021,2021-09-16,9175,2021-09-12,1540,019877,,7,2,9,5300,0,3,5,,2,001,"TRINITY DAM BLVD.","RUSH CREEK RD.",0.00,,Y,A,-,N,,,,,,,,,,N,3,0,1,1,A,-,03,22350,,N,F,A,A,A,H,-,A,D,0,,,Y,,Y,,C,02,0,1,0,0,0,0,0,0,1,"- ","- ",40.718891143798828,-122.80300140380859,TRINITY,UNINCORPORATED,-122.80370330810547,40.718852996826172
91920423,2022,2022-11-17,9175,2022-11-07,0030,020004,,1,3,9,5300,0,1,3,,2,014,SR-299,"MILL CREEK RD",2640.00,E,N,B,C,N,,,,,,,,,,Y,4,0,1,1,A,-,03,22350,,N,F,I,A,B,H,-,D,D,0,,,,,Y,,-,"- ",0,0,1,0,0,0,0,0,0,"- ","- ",40.7906494140625,-123.43727874755859,TRINITY,UNINCORPORATED,-123.43728637695312,40.790672302246094
92297956,2024,2024-01-26,9175,2024-01-24,"750 ",019877,,3,1,9,5300,0,1,3,,1,021,SR-3,"SUMMIT CREEK RD",12144.00,S,N,B,-,Y,TRI,,3," "," ",16.131,H,,R,Y,3,0,1,1,A,-,08,22107,,N,F,I,A,B,H,-,A,D,0,,,,,Y,,A,07,0,1,0,0,0,0,0,0,0,"- ","- ",40.581569671630859,-123.03932189941406,TRINITY,UNINCORPORATED,-123.03936004638672,40.581581115722656
94949513,2025,2025-11-26,9175,2025-11-15,1330,023686,,6,1,9,5300,0,1,3,,1,012,SR-299,"CANYON CREEK RD",6864.00,W,N,A,-,Y,TRI,,299," "," ",42.187,H,,R,Y,3,0,1,2,A,-,05,21460,,N,D,C,A,A,H,-,A,D,0,,,Y,,Y,,C,02,0,1,0,0,0,0,0,0,1,"- ","- ",40.745948791503906,-123.06432342529297,TRINITY,UNINCORPORATED,-123.0643310546875,40.745956420898438
90814845,2018,2018-09-17,9175,2018-09-09,1230,020464,,7,1,9,5300,0,1,3,,1,021,SR-3,SR-36,11880.00,N,N,A,-,Y,,,3,,,,,,,Y,3,0,1,1,A,-,08,22107,,N,E,I,A,A,H,-,A,D,0,,,Y,,Y,,C,02,0,1,0,0,0,0,0,0,1,"- ","- ",40.436859130859375,-123.15718078613281,TRINITY,UNINCORPORATED,-123.15729522705078,40.436870574951172
91008301,2019,2019-06-12,9175,2019-06-07,1830,021253,,5,2,9,5300,0,1,3,,1,010,SR-299,"CLARK CREEK RD",50.00,W,N,A,-,Y,,,299,,,,,,,Y,4,0,1,2,A,-,03,22350,,N,C,C,A,A,H,-,A,D,0,,,,,Y,,A,01,0,0,1,0,0,0,0,0,0,"- ","- ",40.664649963378906,-122.79274749755859,TRINITY,UNINCORPORATED,-122.79273986816406,40.664588928222656
6344243,2014,2015-11-20,9175,2014-06-11,1050,15928,,3,1,9,5300,0,1,3,,2,015,"RT 3","ROUNDY RD",2112.00,S,N,A,-,Y,TRI,2,3,-,-,36.140,H,-,N,Y,3,0,2,1,A,-,08,22107,,N,F,A,A,A,H,-,A,D,0,,,,,Y,,D,22,0,1,1,0,0,0,0,0,0,"- ","- ",40.772620000000003,-122.89166,TRINITY,UNINCORPORATED,-122.89152681,40.77188349
6611126,2014,2016-04-27,9175,2014-09-02,1750,016084,,2,2,9,5300,0,1,3,,2,013,"RT 299","CORRAL BOTTOM RD",11088.00,W,N,A,-,Y,TRI,2,299,-,-,29.470,H,-,W,Y,4,0,1,2,A,-,03,22350,,N,C,C,A,A,H,-,A,D,0,,,Y,,Y,,C,02,0,0,1,0,0,0,0,0,1,"- ","- ",,,TRINITY,UNINCORPORATED,-123.23627612,40.73828675
90009027,2015,2015-10-19,9175,2015-08-13,1400,018469,,4,2,9,5300,0,1,3,,1,011,SR-299,"UNION HILL RD",0.00,,Y,A,-,Y,,,,,,,,,,Y,2,0,2,2,A,-,05,21460,A,N,D,C,A,A,H,-,A,D,0,,,Y,,Y,,C,02,2,0,0,0,0,0,0,0,2,"- ","- ",,,TRINITY,UNINCORPORATED,-122.94358993,40.672819959999998
90991697,2019,2019-05-20,9175,2019-05-16,1735,019877,,4,2,9,5300,0,1,3,,1,010,SR-299,"LEWISTON RD",1000.00,W,N,C,-,Y,,,299,,,,,,,Y,4,0,1,1,A,-,03,22350,,N,F,I,A,B,H,-,A,D,0,,,,,Y,,D,22,0,0,1,0,0,0,0,0,0,"- ","- ",40.674869537353516,-122.83528137207031,TRINITY,UNINCORPORATED,-122.83526611328125,40.674777984619141
91178768,2020,2020-02-03,9175,2020-01-28,1600,019485,,2,2,9,5300,0,1,3,,1,011,"SR-299 E/B","NUGGET LN",0.00,,Y,B,-,Y,,,299,,,,,,E,Y,3,0,1,2,A,-,09,21802,A,N,D,C,A,A,H,-,A,A,0,,,,,Y,,A,07,0,1,0,0,0,0,0,0,0,"- ","- ",40.720298767089844,-122.92819976806641,TRINITY,UNINCORPORATED,-122.92822265625,40.720291137695312
92374977,2024,2024-04-25,9175,2024-04-21,1745,023686,,7,2,9,5300,0,1,3,,1,022,SR-36,"MPM 36TRI 33.38",394.00,W,N,A,-,Y,TRI,,36," ",R,33.250,H,,R,Y,3,0,1,1,A,-,08,22107,,N,F,A,A,A,H,-,A,D,0,,,,,Y,,A,01,0,1,0,0,0,0,0,0,0,"- ","- ",40.394519805908203,-123.12248229980469,TRINITY,UNINCORPORATED,-123.12252807617188,40.394500732421875
94516722,2024,2024-12-26,9175,2024-12-13,1715,021724,,5,2,9,5300,0,1,3,,2,014,SR-299,"ODEN FLAT RD",1001.00,W,N,C,-,Y,TRI,,299," "," ",2.388,H,,R,Y,3,0,1,1,A,-,03,22350,,N,E,I,A,B,H,-,D,D,0,,,,,Y,,-,"- ",0,1,0,0,0,0,0,0,0,"- ","- ",40.891799926757812,-123.56423187255859,TRINITY,UNINCORPORATED,-123.56414794921875,40.891780853271484
6352458,2014,2014-06-11,9175,2014-01-14,0743,14636,,2,1,9,5300,0,3,5,,2,001,"RUS CREEK RD","RT 3",13728.00,E,N,B,-,N,,,,,,,,,,Y,4,0,1,1,A,-,03,22350,,N,E,I,A,C,H,-,A,D,0,,,,,Y,,A,07,0,0,1,0,0,0,0,0,0,"- ","- ",,,TRINITY,UNINCORPORATED,-122.89045,40.795189999999998
7002457,2015,2017-01-14,9175,2015-07-13,1418,12749,,1,2,9,5300,0,1,3,,1,012,"RT 299","VALDOR RD",2640.00,E,N,A,-,Y,TRI,2,299,-,-,40.610,H,-,E,Y,4,0,1,1,A,-,08,22107,,N,E,I,A,A,H,-,A,D,0,,,,,Y,,A,07,0,0,1,0,0,0,0,0,0,"- ","- ",,,TRINITY,UNINCORPORATED,-123.07438667,40.76417266
91092996,2019,2019-10-08,9175,2019-10-06,1335,020786,,7,1,9,5300,0,1,3,,1,011,"SR-299 EB","OREGON SUMMIT",1320.00,E,N,A,-,Y,,,299,,,,,,E,Y,2,0,1,1,A,-,08,22107,,N,E,I,A,A,H,-,A,D,0,,,Y,,Y,,C,02,1,0,0,0,0,0,0,0,1,"- ","- ",40.73992919921875,-122.98036956787109,TRINITY,UNINCORPORATED,-122.98049163818359,40.740024566650391
92072128,2023,2023-05-18,9175,2023-05-16,1345,019877,,2,1,9,5300,0,1,3,,1,011,SR-299,SR-3,10.00,E,N,A,-,Y,TRI,,299," "," ",51.584,H,,R,N,4,0,1,2,A,-,03,22350,,N,C,C,A,A,H,-,A,D,0,,,,,Y,,A,07,0,0,1,0,0,0,0,0,0,"- ","- ",40.732658386230469,-122.94046783447266,TRINITY,UNINCORPORATED,-122.94051361083984,40.732650756835938
92103037,2023,2023-06-27,9175,2023-06-26,2150,021426,,1,2,9,5300,0,1,3,,2,014,SR-299,"299 TRI MPM 8.19",150.00,W,N,B,-,Y,TRI,,299," "," ",8.132,H,,R,Y,4,0,1,1,A,-,08,22107,,N,E,I,A,A,H,-,D,D,0,,,,,Y,,-,"- ",0,0,1,0,0,0,0,0,0,"- ","- ",40.849868774414062,-123.48786163330078,TRINITY,UNINCORPORATED,-123.48779296875,40.849906921386719
92167121,2023,2023-10-06,9175,2023-09-01,1110,020464,,5,1,9,5300,0,1,3,,1,011,SR-299,"CANYON CREEK RD",30.00,E,N,B,C,Y,TRI,,299," "," ",43.506,H,,R,Y,4,0,1,2,A,-,03,22350,,N,E,C,A,B,H,-,A,D,0,,,,Y,Y,,G,25,0,0,1,0,0,0,0,0,0,"- ","- ",40.730251312255859,-123.05481719970703,TRINITY,UNINCORPORATED,-123.05469512939453,40.730236053466797
6611170,2014,2014-09-18,9175,2014-08-23,0045,018958,,6,3,9,5300,0,3,5,,2,002,"TULE CREEK RD","JESSEE RD",1584.00,W,N,A,-,N,,,,,,,,,,Y,2,0,2,1,A,-,01,23152,A,N,E,I,A,A,H,-,D,D,0,,,,,Y,Y,D,22,2,0,0,0,0,0,0,0,0,"- ","- ",,,TRINITY,UNINCORPORATED,-123.21260913,40.54451092
7002449,2015,2015-07-24,9175,2015-07-01,1420,18250,,3,2,9,5300,0,3,5,,2,001,"TRINITY DAM BL","MOUNTAIN VIEW DR",1056.00,S,N,A,-,N,,,,,,,,,,Y,3,0,2,1,A,-,08,22107,,N,E,I,A,A,H,-,A,D,0,,,,,Y,,A,01,0,2,0,0,0,0,0,0,0,"- ","- ",,,TRINITY,UNINCORPORATED,-122.80479215,40.692967930000002
90599315,2017,2017-11-21,9175,2017-11-16,1250,019877,,4,1,9,5300,0,1,3,,1,010,"SR-299 W/B","FAWN LODGE RD",2640.00,W,N,B,-,Y,,,299,,,,,,W,Y,3,0,1,1,A,-,08,22107,,N,E,I,A,B,H,-,A,D,0,,,,,Y,,A,01,0,1,0,0,0,0,0,0,0,"- ","- ",40.67501,-122.84063999999999,TRINITY,UNINCORPORATED,-122.84060710999999,40.674817179999998
90761792,2018,2018-07-03,9175,2018-06-29,2120,020464,,5,2,9,5300,0,3,5,,2,001,"LEWISTON TURNPIKE RD","TRINITY DAM BLVD",1056.00,W,N,A,-,N,,,,,,,,,,Y,2,0,1,1,A,-,08,22107,,N,E,I,A,A,H,-,D,D,0,,,,,Y,,A,07,1,0,0,0,0,0,0,0,0,"- ","- ",40.705448150634766,-122.80296325683594,TRINITY,UNINCORPORATED,-122.80338287353516,40.705604553222656
91216278,2020,2020-03-26,9175,2020-03-24,1730,016084,,2,2,9,5300,0,3,5,,2,001,"LEWISTON ROAD","BROWNS MOUNTAIN ROAD",1584.00,N,N,A,-,N,,,,,,,,,,Y,3,0,1,2,A,-,05,21460,A,N,A,C,A,B,H,-,A,D,0,,,,,Y,,D,22,0,1,0,0,0,0,0,0,0,"- ","- ",40.421199798583984,-122.50240325927734,TRINITY,UNINCORPORATED,-122.83966827392578,40.703426361083984
91285545,2020,2020-08-13,9175,2020-08-09,1600,020722,,7,2,9,5300,0,3,5,,2,002,"UNKNOWN LOCATION",UNKNOWN,0.00,N,N,A,-,N,,,,,,,,,,N,2,0,1,1,A,-,03,22350,,N,F,A,A,A,H,-,A,D,0,,,Y,,Y,,C,02,1,0,0,0,0,0,0,0,1,"- ","- ",,,TRINITY,UNINCORPORATED,,
92240511,2023,2023-11-20,9175,2023-11-09,"815 ",015928,,4,1,9,5300,0,1,3,,1,011,"STATE ROUTE 299","SLATTERY GULCH ROAD",1056.00,E,N,B,-,Y,TRI,,299," "," ",45.624,H,,R,Y,3,0,1,1,A,-,08,22107,,N,F,A,A,A,H,-,A,D,0,,,,Y,Y,,F,26,0,1,0,0,0,0,0,0,0,"- ","- ",40.732761383056641,-123.02117919921875,TRINITY,UNINCORPORATED,-123.02118682861328,40.732784271240234
93550451,2024,2024-08-05,9175,2024-07-26,1745,019432,,5,2,9,5300,0,1,3,,2,014,SR-299,"PONY CREEK RD.",260.00,E,N,A,-,Y,TRI,,299," "," ",6.961,H,,R,Y,3,0,1,1,A,-,08,22107,,N,E,8,A,A,H,-,A,D,0,,,,,Y,,A,01,0,1,0,0,0,0,0,0,0,"- ","- ",40.862419128417969,-123.50141143798828,TRINITY,UNINCORPORATED,-123.50143432617188,40.862377166748047
91680023,2022,2022-01-18,9175,2022-01-12,1000,017984,,3,1,9,5300,0,1,3,,1,021,"HYAMPOM ROAD",SR-3,17952.00,W,N,A,-,N,,,,,,,,,,Y,4,0,1,1,A,-,03,22350,,N,F,A,A,A,H,-,A,D,0,,,,Y,Y,,F,27,0,0,1,0,0,0,0,0,0,"- ","- ",40.570541381835938,-123.23741912841797,TRINITY,UNINCORPORATED,-123.23567962646484,40.570026397705078
94682054,2025,2025-07-21,9175,2025-05-01,"130 ",020722,,4,3,9,5300,0,1,3,,1,012,SR-299,"WHEEL GULCH RD",15840.00,E,N,A,-,Y,TRI,,299," "," ",34.267,H,,R,Y,3,0,2,1,A,-,08,22107,,N,F,A,A,A,H,-,A,D,0,,,,,Y,,A,01,0,2,0,0,0,0,0,0,0,"- ","- ",40.751949310302734,-123.1593017578125,TRINITY,UNINCORPORATED,-123.15932464599609,40.751987457275391
90643520,2018,2018-01-19,9175,2018-01-17,0330,020580,,3,3,9,5300,0,1,3,,1,022,SR-36,"KLONDIKE MINE RD.",5280.00,W,N,B,-,Y,,,36,,,,,,,Y,3,0,1,1,A,-,08,22107,,N,E,I,A,A,H,-,D,D,0,,,,,Y,,D,22,0,1,0,0,0,0,0,0,0,"- ","- ",40.381969451904297,-123.38773345947266,TRINITY,UNINCORPORATED,-123.38773345947266,40.381965637207031
91009199,2019,2019-06-13,9175,2019-06-11,0005,020722,,2,3,9,5300,0,1,3,,2,014,"SR-299 E/B","WESTGATE DR",528.00,W,N,A,-,Y,,,299,,,,,,E,Y,2,0,2,1,A,-,08,22107,,N,F,I,A,A,H,-,D,D,0,,,,,Y,,A,07,1,1,0,0,0,0,0,0,0,"- ","- ",40.888290405273438,-123.56025695800781,TRINITY,UNINCORPORATED,-123.560302734375,40.888294219970703
91138028,2019,2019-12-06,9175,2019-10-29,2019,018507,,2,2,9,5300,0,1,3,,1,011,SR-299,"STEINER FLAT ROAD",795.00,E,N,A,-,Y,,,299,,,,,,,Y,1,2,3,2,A,-,05,21460,A,N,A,C,A,A,H,-,C,D,0,,,,,Y,,D,22,2,0,1,0,0,0,0,0,0,"- ","- ",40.651409149169922,-122.94093322753906,TRINITY,UNINCORPORATED,-122.94091796875,40.651451110839844
91286232,2020,2020-08-14,9175,2020-07-24,1658,018507,,5,2,9,5300,0,3,5,,2,001,"TRINITY DAM BOULEVARD",SR-299,10560.00,N,N,A,-,N,,,,,,,,,,Y,3,0,1,1,A,-,08,22107,,N,F,A,A,A,H,-,A,D,0,,,,,Y,,E,22,0,1,0,0,0,0,0,0,0,"- ","- ",40.409999847412109,-122.49160003662109,TRINITY,UNINCORPORATED,-122.81563568115234,40.680999755859375
91718025,2022,2022-03-08,9175,2022-03-01,1805,018645,,2,2,9,5300,0,1,3,,1,011,SR-299,"MILL STREET",216.00,E,N,A,-,Y,TRI,,299,,,51.948,H,,R,N,3,0,1,2,A,-,17,21235,G,N,D,C,A,A,H,-,B,D,0,,,,,Y,,M,94,0,1,0,0,0,0,0,0,0,"- ","- ",40.728321075439453,-122.93766021728516,TRINITY,UNINCORPORATED,-122.9376220703125,40.728355407714844
91863633,2022,2022-09-13,9175,2022-09-04,2350,020683,,7,3,9,5300,0,1,3,,2,015,SR-3,"TRINITY ALPS RD",1584.00,S,N,A,-,Y,TRI,,3,,,43.642,H,,R,Y,3,0,1,1,A,-,01,23152,A,N,E,I,A,A,H,-,D,D,0,,,,,Y,Y,A,01,0,1,0,0,0,0,0,0,0,"- ","- ",40.847709655761719,-122.86540985107422,TRINITY,UNINCORPORATED,-122.86538696289062,40.847724914550781
90227578,2016,2016-07-21,9175,2016-07-13,1545,018328,,3,2,9,5300,0,1,3,,1,010,SR-299,"FAWN LODGE RD",528.00,E,N,A,-,Y,,,,,,,,,,Y,3,0,1,1,A,-,08,22107,,N,E,I,A,A,H,-,A,D,0,,,,Y,Y,,F,26,0,1,0,0,0,0,0,0,0,"- ","- ",,,TRINITY,UNINCORPORATED,-122.82778719,40.67475614
91025217,2019,2019-07-05,9175,2019-07-02,1715,019877,,2,2,9,5300,0,1,3,,1,011,SR-299,"TRINCO RD",2112.00,W,N,A,-,Y,,,299,,,,,,,Y,2,0,1,2,A,-,01,23152,A,N,D,C,A,A,H,-,A,D,0,,,Y,,Y,Y,A,01,1,0,0,0,0,0,0,0,1,"- ","- ",40.735870361328125,-122.96337890625,TRINITY,UNINCORPORATED,-122.96330261230469,40.735988616943359
91069052,2019,2019-09-06,9175,2019-08-31,1155,020464,,6,1,9,5300,0,1,3,,1,012,SR-299,"EAST FORK ROAD",4752.00,W,N,A,-,Y,,,299,,,,,,,Y,2,0,1,1,A,-,08,22107,,N,F,A,A,A,H,-,A,D,0,,,Y,,Y,,C,02,1,0,0,0,0,0,0,0,1,"- ","- ",40.764991760253906,-123.13632965087891,TRINITY,UNINCORPORATED,-123.13634490966797,40.764995574951172
91272119,2020,2020-07-21,9175,2020-07-17,1543,020786,,5,2,9,5300,0,1,3,,2,015,"SR-3 SB","TRINITY DAM BLVD",3168.00,N,N,A,-,Y,,,3,,,,,,S,Y,4,0,2,1,A,-,03,22350,,N,E,I,A,A,H,-,A,D,0,,,,,Y,,A,07,0,0,2,0,0,0,0,0,0,"- ","- ",40.814098358154297,-122.89067840576172,TRINITY,UNINCORPORATED,-122.89070892333984,40.814041137695312
91309334,2020,2020-09-22,9175,2020-09-17,1155,020722,,4,1,9,5300,0,1,3,,2,014,"SR-299 W/B","S FORK RD",3168.00,E,N,A,-,Y,,,299,,,,,,W,Y,2,0,2,1,A,-,03,22350,,N,E,I,A,A,H,-,A,D,0,,,,,Y,,D,22,1,1,0,0,0,0,0,0,0,"- ","- ",40.886428833007812,-123.58824920654297,TRINITY,UNINCORPORATED,-123.58824920654297,40.886386871337891
91843443,2022,2022-08-18,9175,2022-08-08,0830,015928,,1,1,9,5300,0,1,3,,1,022,"STATE ROUE 36","STATE ROUTE 3",21120.00,E,N,A,-,Y,,,,,,,,,,Y,3,0,1,1,A,-,08,22107,,N,E,I,A,A,H,-,A,D,0,,,,,Y,,A,01,0,1,0,0,0,0,0,0,0,"- ","- ",40.235851287841797,-123.7344970703125,TRINITY,UNINCORPORATED,,
92188242,2023,2023-10-02,9175,2023-09-28,"320 ",021253,,4,3,9,5300,0,1,3,,2,014,SR-299,"BURNT RANCH DUMP ROAD",1848.00,W,N,A,-,Y,TRI,,299," "," ",12.623,H,,R,Y,4,0,1,1,A,-,08,22107,,N,E,8,A,A,H,-,D,D,0,,,,,Y,,-,"- ",0,0,1,0,0,0,0,0,0,"- ","- ",40.798069000244141,-123.46293640136719,TRINITY,UNINCORPORATED,-123.46291351318359,40.798088073730469
6729003,2014,2016-06-14,9175,2014-10-31,2500,18133,,5,4,9,5300,0,1,3,,1,020,"RT 3","JORDAN RD",10560.00,S,N,A,-,Y,TRI,2,3,-,-,23.910,H,-,S,Y,3,0,1,1,A,-,03,22350,,N,E,I,A,A,H,-,A,D,0,,,,,Y,,A,01,0,1,0,0,0,0,0,0,0,"- ","- ",,,TRINITY,UNINCORPORATED,-122.97982580999999,40.618514380000001
91300754,2020,2020-09-08,9175,2020-09-04,1645,020786,,5,2,9,5300,0,3,5,,2,001,"CANYON CREEK RD","POWER HOUSE RD",528.00,N,N,A,-,N,,,,,,,,,,Y,3,0,1,1,A,-,01,23152,A,N,E,I,A,A,H,-,A,D,0,,,,,Y,Y,D,22,0,1,0,0,0,0,0,0,0,"- ","- ",40.454799652099609,-123.03040313720703,TRINITY,UNINCORPORATED,-123.05764770507812,40.7557373046875
91436905,2021,2021-03-26,9175,2021-03-17,1621,018507,,3,2,9,5300,0,1,3,,1,010,SR-299,"TRINITY DAM BOULEVARD",5808.00,W,N,A,-,Y,,,299,,,,,,,Y,3,0,1,2,A,-,05,21460,A,N,A,C,A,A,H,-,A,D,0,,,,,Y,,A,07,0,1,0,0,0,0,0,0,0,"- ","- ",40.670711517333984,-122.81591033935547,TRINITY,UNINCORPORATED,-122.81592559814453,40.670688629150391
91509311,2021,2021-06-29,9175,2021-06-18,1005,015928,,5,1,9,5300,0,1,3,,1,012,"STATE ROUTE 299","ROSE ROAD",528.00,E,N,A,-,Y,,,,,,,,,,Y,3,0,4,2,A,-,08,22107,,N,D,C,A,A,H,-,A,D,0,,,,,Y,,A,07,0,1,3,0,0,0,0,0,0,"- ","- ",40.442050933837891,-123.12241363525391,TRINITY,UNINCORPORATED,-123.20787048339844,40.73956298828125
90084078,2015,2015-12-29,9175,2015-12-24,0735,014636,,4,1,9,5300,0,1,3,,1,010,SR-299,"COUNTY LINE RD",2640.00,W,N,D,-,Y,,,,,,,,,,Y,4,0,1,1,A,-,03,22350,,N,E,I,A,C,G,-,A,D,0,,,,,Y,,A,07,0,0,1,0,0,0,0,0,0,"- ","- ",,,TRINITY,UNINCORPORATED,,
90252416,2016,2016-08-25,9175,2016-08-18,1310,013699,,4,1,9,5300,0,1,3,,1,011,"RT 299","INDUSTRIAL PARK WAY",3696.00,E,N,A,-,Y,,,,,,,,,,Y,3,0,1,1,C,-,18,,,N,F,A,A,A,H,-,A,D,0,,,,,Y,,-,"- ",0,1,0,0,0,0,0,0,0,"- ","- ",,,TRINITY,UNINCORPORATED,-122.92626143,40.700438750000004
90890099,2018,2018-12-26,9175,2018-12-19,2200,018268,,3,3,9,5300,0,1,3,,2,014,SR-299,"UNDERWOOD MOUNTAIN RD",4752.00,W,N,B,-,Y,,,299,,,,,,,Y,3,0,1,1,A,-,08,22107,,N,E,I,A,B,H,-,D,D,0,,,,,Y,,A,01,0,1,0,0,0,0,0,0,0,"- ","- ",40.817909240722656,-123.47913360595703,TRINITY,UNINCORPORATED,-123.47919464111328,40.817821502685547
90907203,2019,2019-01-18,9175,2019-01-17,0910,016084,,4,1,9,5300,0,1,3,,1,020,"RT 3","SUMMIT CREEK RD",1584.00,N,N,D,-,Y,,,,,,,,,,Y,3,0,1,1,A,-,03,22350,,N,E,I,A,C,H,-,A,D,0,,,,,Y,,A,07,0,1,0,0,0,0,0,0,0,"- ","- ",40.354869842529297,-123.00321960449219,TRINITY,UNINCORPORATED,-123.0860595703125,40.579341888427734
91683859,2022,2022-01-24,9175,2022-01-06,1250,019479,,4,1,9,5300,0,1,3,,1,021,SR-3,"BEALS STREET",250.00,N,N,A,-,Y,TRI,,3,,,7.463,H,,R,Y,2,0,2,2,A,-,08,22107,,N,A,C,A,A,H,-,A,A,0,,,,,Y,,A,01,1,0,1,0,0,0,0,0,0,"- ","- ",40.5543212890625,-123.17658233642578,TRINITY,UNINCORPORATED,-123.17658996582031,40.554363250732422
92433911,2024,2024-07-09,9175,2024-06-26,1810,019432,,3,2,9,5300,0,1,3,,1,017,SR-3,"MILE POST MARKER 3 TRI 64.36",146.00,N,N,A,-,Y,TRI,,3," "," ",64.389,H,,R,N,2,0,1,1,A,-,08,22107,,N,F,I,A,A,H,-,A,D,0,,,Y,,Y,,C,02,1,0,0,0,0,0,0,0,1,"- ","- ",41.038871765136719,-122.69988250732422,TRINITY,UNINCORPORATED,-122.69989013671875,41.038864135742188
94523772,2024,2025-01-02,9175,2024-12-27,1932,021724,,5,2,9,5300,0,1,3,,2,014,SR-299,"VETERANS HALL RD",1056.00,W,N,C,-,Y,TRI,,299," "," ",9.471,H,,R,Y,4,0,1,1,A,-,03,22350,,N,E,I,A,B,H,-,D,D,0,,,,,Y,,A,07,0,0,1,0,0,0,0,0,0,"- ","- ",40.834980010986328,-123.48860931396484,TRINITY,UNINCORPORATED,-123.48857879638672,40.834968566894531
94639461,2025,2025-04-07,9175,2025-04-06,1130,016084,,7,1,9,5300,0,3,5,,2,002,"GLENN ROAD","MICHAEL ROAD",175.00,S,N,A,-,N,,,,,,,,,,N,3,0,1,1,A,-,08,22107,,N,E,I,A,A,H,-,A,D,0,,,,,Y,,A,01,0,1,0,0,0,0,0,0,0,"- ","- ",40.719341278076172,-122.93253326416016,TRINITY,UNINCORPORATED,-122.93250274658203,40.719505310058594
94968677,2025,2025-12-11,9175,2025-12-08,"435 ",023943,,1,3,9,5300,0,1,3,,1,012,"RT 299","MPM 299 TRI 32.30",35.00,E,N,A,-,Y,TRI,,299," "," ",32.279,H,,R,Y,4,0,1,1,A,-,08,22107,,N,E,8,A,B,H,-,D,D,0,,,,,Y,,A,01,0,0,1,0,0,0,0,0,0,"- ","- ",40.738529205322266,-123.19058990478516,TRINITY,UNINCORPORATED,-123.19058227539062,40.738513946533203
90091571,2015,2016-01-15,9175,2015-12-26,1030,018250,,6,1,9,5300,0,1,3,,2,014,"SR-299 E/B","UNDERWOOD MOUNTAIN RD",528.00,E,N,A,-,Y,,,,,,,,,,Y,4,0,1,1,A,-,03,22350,,N,F,A,A,C,H,-,A,D,0,,,,,Y,,D,22,0,0,1,0,0,0,0,0,0,"- ","- ",,,TRINITY,UNINCORPORATED,-123.46980077000001,40.805489950000002
90133069,2016,2016-03-09,9175,2016-02-28,2145,019479,,7,2,9,5300,0,1,3,,2,014,SR-299,"UNDERWOOD MOUNTAIN RD",528.00,W,N,A,-,Y,,,,,,,,,,Y,4,0,1,1,A,-,03,22350,,N,E,J,A,A,C,-,D,D,0,,,Y,,Y,,C,02,0,0,1,0,0,0,0,0,1,"- ","- ",,,TRINITY,UNINCORPORATED,-123.47251802,40.807372129999997
90930581,2019,2019-02-20,9175,2019-02-12,2020,020804,,2,2,9,5300,0,1,3,,1,020,SR-3,SR-299,82896.00,S,N,D,-,Y,,,3,,,,,,,N,3,0,1,1,A,-,03,22350,,N,F,A,A,C,G,-,C,D,0,,,,,Y,,D,22,0,1,0,0,0,0,0,0,0,"- ","- ",40.578590393066406,-123.04628753662109,TRINITY,UNINCORPORATED,-123.04632568359375,40.578647613525391
91873201,2022,2022-09-26,9175,2022-09-19,0900,019479,,1,1,9,5300,0,1,3,,1,020,SR-3,"JORDAN RD",4752.00,S,N,B,-,Y,TRI,,3,,,25.021,H,,R,Y,4,0,1,1,A,-,08,22107,,N,F,A,A,B,H,-,A,D,0,,,,,Y,,D,22,0,0,1,0,0,0,0,0,0,"- ","- ",40.616348266601562,-122.97392272949219,TRINITY,UNINCORPORATED,-122.97389221191406,40.616416931152344
92163721,2023,2023-09-06,9175,2023-09-04,"400 ",018268,,1,3,9,5300,0,1,3,,2,015,SR-3,"RAINER RD",1584.00,N,N,B,-,Y,TRI,,3," "," ",48.019,H,,R,Y,4,0,1,1,A,-,03,22350,,N,E,8,A,B,H,-,D,D,0,,,,,Y,,A,01,0,0,1,0,0,0,0,0,0,"- ","- ",40.865699768066406,-122.81806182861328,TRINITY,UNINCORPORATED,-122.81798553466797,40.865638732910156
92332412,2024,2024-03-07,9175,2024-02-25,"212 ",021253,,7,3,9,5300,0,1,3,,1,020,SR-3,"MPM 3 TRI 30.41",30.00,S,N,B,-,Y,TRI,,3," "," ",30.474,H,,R,Y,2,0,1,1,A,-,01,23152,A,N,E,8,A,A,H,-,D,D,0,,,,,Y,Y,A,01,1,0,0,0,0,0,0,0,0,"- ","- ",40.6480712890625,-122.94583892822266,TRINITY,UNINCORPORATED,-122.94586181640625,40.648105621337891
94972524,2025,2025-12-15,9175,2025-12-04,1430,024249,,4,2,9,5300,0,3,5,,2,002,"LOWER RATTLESNAKE RD","WESTRIDGE RD",1056.00,N,N,A,-,N,,,,,,,,,,N,3,0,1,1,A,-,08,22107,,F,F,A,A,A,H,-,A,D,0,,,Y,,Y,,C,02,0,1,0,0,0,0,0,0,1,"- ","- ",40.409229278564453,-123.23542785644531,TRINITY,UNINCORPORATED,-123.23581695556641,40.409408569335938
6768107,2014,2016-06-14,9175,2014-11-21,1655,17698,,5,2,9,5300,0,1,3,,2,015,"RT 3","ROUNDY RD",2640.00,N,N,C,-,Y,TRI,2,3,-,-,37.040,H,-,N,Y,3,0,1,1,A,-,01,23152,A,N,E,I,A,B,H,-,D,D,0,,,,,Y,Y,A,01,0,1,0,0,0,0,0,0,0,"- ","- ",,,TRINITY,UNINCORPORATED,-122.89226872,40.785021209999996
92075710,2023,2023-05-23,9175,2023-05-14,"430 ",019479,,7,3,9,5300,0,3,5,,2,002,"HYAMPOM RD","HYAMPOM DUMP ROAD",36960.00,W,N,A,-,N,,,,,,,,,,Y,2,0,1,1,A,-,08,22107,,N,F,A,A,A,H,-,D,D,0,,,,,Y,,A,07,1,0,0,0,0,0,0,0,0,"- ","- ",40.617279052734375,-123.30734252929688,TRINITY,UNINCORPORATED,-123.46537780761719,40.620418548583984
94781683,2025,2025-07-29,9175,2025-07-17,2130,024249,,4,2,9,5300,0,3,5,,2,002,"LOWER MAD RIVER RD","95TH STREET",1795.00,S,N,A,-,N,,,,,,,,,,N,2,0,2,1,A,-,03,22350,,M,H,H,A,A,H,-,D,D,0,,,,,Y,,A,01,1,1,0,0,0,0,0,0,0,"- ","- ",40.392478942871094,-123.45691680908203,TRINITY,UNINCORPORATED,,
90054617,2015,2015-12-08,9175,2015-11-10,0040,019479,,2,3,9,5300,0,3,5,,2,002,"OREGON ST","ODD FELLOWS AVE",20.00,N,N,A,-,N,,,,,,,,,,Y,3,0,1,1,A,-,01,23152,A,N,E,I,A,B,H,-,C,D,0,,,,,Y,Y,A,01,0,1,0,0,0,0,0,0,0,"- ","- ",,,TRINITY,UNINCORPORATED,-122.94148629,40.731453709999997
90707159,2018,2018-04-17,9175,2018-04-12,1853,020580,,4,2,9,5300,0,1,3,,1,020,SR-3,"JORDAN RD.",5280.00,S,N,A,-,N,,,3,,,,,,,N,3,0,4,1,A,-,08,22107,,N,D,I,A,A,H,-,B,D,0,,,,,Y,,A,07,0,4,0,0,0,0,0,0,0,"- ","- ",40.620460510253906,-122.97061920166016,TRINITY,UNINCORPORATED,-122.97068786621094,40.620388031005859
91813353,2022,2022-07-08,9175,2022-06-26,1230,020004,,7,1,9,5300,0,1,3,,1,016,SR-3,"FOREST RTE 42N17",7339.00,N,N,A,-,Y,TRI,,3,,T,80.969,H,,R,Y,3,0,1,1,A,-,08,22107,,N,F,I,A,A,H,-,A,D,0,,,Y,,Y,,C,02,0,1,0,0,0,0,0,0,1,"- ","- ",41.243560791015625,-122.66568756103516,TRINITY,UNINCORPORATED,-122.66567230224609,41.243583679199219
92276720,2023,2024-01-02,9175,2023-12-20,1415,019479,,3,2,9,5300,0,1,3,,1,010,SR-299,"BUCKHORN STA LOOP",647.00,W,N,B,-,Y,TRI,,299," "," ",67.885,H,,R,Y,3,0,1,2,A,-,05,21460,A,N,B,C,A,B,H,-,A,D,0,,,,Y,Y,,A,01,0,1,0,0,0,0,0,0,0,"- ","- ",40.665149688720703,-122.78858947753906,TRINITY,UNINCORPORATED,-122.78858947753906,40.665180206298828
90535958,2017,2017-08-29,9175,2017-08-28,0520,016084,,1,3,9,5300,0,1,3,,1,022,"RT 3","BRIDGE GULCH ROAD",6336.00,N,N,A,-,Y,,,,,,,,,,Y,4,0,2,1,A,-,08,22107,,N,E,I,A,A,H,-,D,D,0,,,,,Y,,A,01,0,0,2,0,0,0,0,0,0,"- ","- ",,,TRINITY,UNINCORPORATED,-123.16615674000001,40.49079674
90999149,2019,2019-07-16,9175,2019-05-10,1345,020580,,5,1,9,5300,0,1,3,,1,017,SR-3,"RAMSHORN RD",6864.00,N,N,A,-,Y,,,3,,,,,,,Y,1,1,0,1,A,-,01,23152,A,N,F,A,A,A,B,-,A,D,0,,,Y,,Y,Y,C,02,0,0,0,0,0,0,0,1,0,"- ","- ",41.170688629150391,-122.66355895996094,TRINITY,UNINCORPORATED,-122.66364288330078,41.170806884765625
91846774,2022,2022-08-23,9175,2022-08-21,1529,020786,,7,2,9,5300,0,1,3,,1,010,"SR-299 EB","SHINGLE SHANTY",3168.00,W,N,A,-,Y,TRI,,299,,,71.114,H,,R,Y,3,0,1,1,A,-,08,22107,,N,F,A,A,A,H,-,A,D,0,,,,,Y,,A,07,0,1,0,0,0,0,0,0,0,"- ","- ",40.642658233642578,-122.74764251708984,TRINITY,UNINCORPORATED,-122.74771881103516,40.642654418945312
6898750,2015,2016-11-02,9175,2015-04-17,1835,17698,,5,2,9,5300,0,1,3,,1,012,"RT 299","WHEEL GULCH RD",5280.00,W,N,A,-,Y,TRI,2,299,-,-,30.450,H,-,E,Y,4,0,1,2,A,-,09,21801,A,N,D,C,A,A,H,-,A,D,0,,,,,Y,,A,01,0,0,1,0,0,0,0,0,0,"- ","- ",,,TRINITY,UNINCORPORATED,-123.22048923,40.740969919999998
92436208,2024,2024-07-11,9175,2024-07-02,"920 ",021115,,2,1,9,5300,0,1,3,,2,014,"SR-299 E/B","MILL CREEK",3696.00,E,N,A,-,Y,TRI,,299," "," ",14.573,H,,R,Y,3,0,1,1,C,-,18,,,N,E,H,A,A,H,-,A,D,0,,,Y,,Y,,-,"- ",0,1,0,0,0,0,0,0,1,"- ","- ",40.789138793945312,-123.43202209472656,TRINITY,UNINCORPORATED,-123.4320068359375,40.789150238037109
90220901,2016,2016-07-12,9175,2016-07-05,1305,15928,,2,1,9,5300,0,1,3,,1,022,"STATE ROUTE 36","SOUTH FORK MOUNTAIN ROAD",3696.00,W,N,A,-,Y,,,36,,,,,,,Y,3,0,1,1,A,-,08,22107,,N,F,A,A,A,H,-,A,D,0,,,Y,,Y,,C,02,0,1,0,0,0,0,0,0,1,"- ","- ",40.403959999999998,-123.44076,TRINITY,UNINCORPORATED,-123.44080968999999,40.403846819999998
90772901,2018,2018-07-19,9175,2018-07-15,1345,018268,,7,1,9,5300,0,3,5,,2,001,"TRINITY DAM BLVD",SR-299,1584.00,N,N,B,-,N,,,,,,,,,,Y,3,0,1,1,A,-,08,22107,,N,E,I,A,A,H,-,A,D,0,,,,,Y,,D,22,0,1,0,0,0,0,0,0,0,"- ","- ",40.66455078125,-122.80288696289062,TRINITY,UNINCORPORATED,-122.80198669433594,40.663764953613281
92175857,2023,2023-10-02,9175,2023-09-12,1256,020464,,2,1,9,5300,0,1,3,,1,010,SR-299,"FAWN LODGE RD",1320.00,W,N,A,-,Y,TRI,,299," "," ",64.954,H,,R,Y,2,0,2,4,A,-,03,22350,,N,C,C,A,A,D,-,A,A,0,,,,,Y,,D,22,1,1,0,0,0,0,0,0,0,"- ","- ",40.674598693847656,-122.83656311035156,TRINITY,UNINCORPORATED,-122.8365478515625,40.674552917480469
6499068,2014,2015-11-19,9175,2014-04-20,1040,15928,,7,1,9,5300,0,1,3,,1,022,"RT 26","RT 3",34320.00,E,N,A,-,Y,TRI,2,36,-,R,35.150,H,-,W,Y,2,0,2,1,A,-,08,22107,,N,F,A,A,A,H,-,A,D,0,,,Y,,Y,,C,02,1,1,0,0,0,0,0,0,2,"- ","- ",40.392139999999998,-123.10653000000001,TRINITY,UNINCORPORATED,-123.10599825,40.392377670000002
6518623,2014,2014-07-30,9175,2014-05-28,1730,16084,,3,2,9,5300,0,3,5,,2,002,"STEINER FLAT RD","SCHOOL HOUSE RD",6864.00,W,N,A,-,N,,,,,,,,,,Y,2,0,1,1,C,-,18,,,N,H,A,A,A,H,-,A,D,0,,,,,Y,Y,-,"- ",1,0,0,0,0,0,0,0,0,"- ","- ",,,TRINITY,UNINCORPORATED,-122.95781599999999,40.659317999999999
90163505,2016,2016-04-22,9175,2016-04-21,0759,018328,,4,1,9,5300,0,1,3,,1,011,SR-299,"MARTIN RD",0.00,,Y,A,-,Y,,,,,,,,,,Y,4,0,1,2,A,-,09,21802,A,N,D,C,A,A,H,-,A,A,0,,,,,Y,,A,01,0,0,1,0,0,0,0,0,0,"- ","- ",,,TRINITY,UNINCORPORATED,-122.928219,40.720283999999999
90805064,2018,2018-09-04,9175,2018-08-31,1630,019877,,5,2,9,5300,0,1,3,,1,021,SR-3,"CARR CREEK RD",1056.00,N,N,A,-,Y,,,3,,,,,,,Y,3,0,1,1,A,-,08,22107,,N,E,I,A,A,H,-,A,D,0,,,,,Y,,A,07,0,1,0,0,0,0,0,0,0,"- ","- ",40.580600738525391,-123.0625,TRINITY,UNINCORPORATED,-123.06249237060547,40.580615997314453
90855977,2018,2018-11-08,9175,2018-11-01,1641,018507,,4,2,9,5300,0,1,3,,1,012,SR-299,"POWER HOUSE RD",8448.00,W,N,A,-,Y,,,299,,,,,,,Y,2,0,1,1,A,-,13,22515,A,N,E,B,A,A,H,-,A,D,0,,,,,Y,,A,07,1,0,0,0,0,0,0,0,0,"- ","- ",40.767391204833984,-123.09358215332031,TRINITY,UNINCORPORATED,-123.09361267089844,40.767482757568359
91418395,2021,2021-03-01,9175,2021-03-01,0720,016084,,1,1,9,5300,0,3,5,,2,001,"TRINITY DAM BLVD","MOUNTAIN VIEW ROAD",5280.00,S,N,A,-,N,,,,,,,,,,Y,3,0,1,1,A,-,03,22350,,N,E,I,A,C,H,-,A,D,0,,,,,Y,,D,22,0,1,0,0,0,0,0,0,0,"- ","- ",40.685649871826172,-122.8148193359375,TRINITY,UNINCORPORATED,-122.81475067138672,40.685577392578125
92391816,2024,2024-05-16,9175,2024-05-13,1645,021035,,1,2,9,5300,0,1,3,,1,011,SR-299,"MASONIC LN",0.00,,Y,A,-,Y,TRI,,299," "," ",52.188,H,,R,N,3,0,1,2,A,-,09,21802,A,N,D,G,A,A,H,-,A,D,0,,Y,,,Y,,D,22,0,1,0,0,0,0,1,0,0,"- ","- ",40.725898742675781,-122.93392944335938,TRINITY,UNINCORPORATED,-122.93387603759766,40.725955963134766
90264705,2016,2016-09-09,9175,2016-08-06,1836,019683,,6,2,9,5300,0,3,5,,2,001,"LEWISTON RD","SCHOOL HOUSE RD",480.00,W,N,A,-,N,,,,,,,,,,Y,2,0,1,1,A,-,03,22350,,N,F,A,A,A,H,-,A,D,0,,,,,Y,,D,22,1,0,0,0,0,0,0,0,0,"- ","- ",40.420999999999999,-122.4829,TRINITY,UNINCORPORATED,-122.8079063,40.702938940000003
90390462,2017,2017-02-10,9175,2017-02-03,1813,020464,,5,2,9,5300,0,3,5,,2,002,"RED HILL ROAD","HOCKER MEADOW RD",2640.00,E,N,B,C,N,,,,,,,,,,Y,2,0,3,1,A,-,03,22350,,N,F,I,A,B,H,-,D,D,0,,,,,Y,Y,A,07,1,0,2,0,0,0,0,0,0,"- ","- ",40.752400000000002,-123.08240000000001,TRINITY,UNINCORPORATED,-123.08424019,40.750253579999999
92397440,2024,2024-05-23,9175,2024-05-14,1400,020722,,2,2,9,5300,0,1,3,,1,010,SR-299,"SHINGLE SHANTY",3062.00,W,N,A,-,Y,TRI,,299," "," ",70.792,H,,R,Y,3,0,1,1,C,-,18,,,N,F,A,A,A,H,-,A,D,0,,,,Y,Y,,-,"- ",0,1,0,0,0,0,0,0,0,"- ","- ",40.647190093994141,-122.74723052978516,TRINITY,UNINCORPORATED,-122.74736785888672,40.647117614746094
90053825,2015,2015-11-18,9175,2015-11-04,0908,014636,,3,1,9,5300,0,1,3,,1,011,SR-299,"TRINCO RD",1056.00,W,N,A,-,Y,,,,,,,,,,Y,4,0,2,2,A,-,03,22350,,N,C,C,A,A,D,-,A,A,0,,,,,Y,,A,01,0,0,2,0,0,0,0,0,0,"- ","- ",,,TRINITY,UNINCORPORATED,-122.95840643,40.735013029999998
90996837,2019,2019-05-28,9175,2019-05-16,1537,018507,,4,2,9,5300,0,1,3,,1,010,SR-299,"FAWN LODGE ROAD",1056.00,W,N,B,-,Y,,,299,,,,,,,Y,4,0,1,1,A,-,08,22107,,N,E,I,A,B,H,-,A,D,0,,,,,Y,,D,22,0,0,1,0,0,0,0,0,0,"- ","- ",40.674961090087891,-122.83502960205078,TRINITY,UNINCORPORATED,-122.83500671386719,40.674831390380859
92342058,2024,2024-03-19,9175,2024-03-09,1815,021426,,6,2,9,5300,0,3,5,,2,002,"HYAMPOM ROAD","17197 HYAMPOM ROAD",3696.00,E,N,A,-,N,,,,,,,,,,Y,3,0,1,1,A,-,08,22107,,N,E,I,A,A,H,-,A,D,0,,,,,Y,,A,07,0,1,0,0,0,0,0,0,0,"- ","- ",40.619609832763672,-123.36615753173828,TRINITY,UNINCORPORATED,-123.34141540527344,40.616672515869141
6978902,2015,2016-11-04,9175,2015-06-13,1025,017698,,6,1,9,5300,0,1,3,,1,022,"RT 36","SOUTH FORK MOUNTAIN RD",15840.00,W,N,A,-,Y,TRI,2,36,-,R,6.120,H,-,W,Y,2,0,2,2,A,-,05,21460,A,N,A,C,A,A,H,-,A,D,0,,,Y,,Y,,C,02,2,0,0,0,0,0,0,0,2,"- ","- ",,,TRINITY,UNINCORPORATED,-123.46229365000001,40.429913480000003
90448470,2017,2017-05-10,9175,2017-05-02,1348,018645,,2,1,9,5300,0,1,3,,1,010,SR-299,SR-3,0.00,,Y,A,-,Y,,,,,,,,,,Y,3,0,2,2,A,-,09,21802,A,N,D,C,A,A,H,-,A,A,0,,,,,Y,,D,22,0,2,0,0,0,0,0,0,0,"- ","- ",,,TRINITY,UNINCORPORATED,-122.93831987999999,40.651429890000003
91160959,2020,2020-01-07,9175,2020-01-05,1505,016084,,7,2,9,5300,0,3,5,,2,001,"WEAVER BALLY RD","WEAER BALLY LOOP ROAD",3696.00,N,N,B,-,N,,,,,,,,,,Y,3,0,3,1,A,-,08,22107,,N,F,A,A,A,H,-,A,D,0,,,,,Y,,D,22,0,3,0,0,0,0,0,0,0,"- ","- ",40.747261047363281,-122.94998168945312,TRINITY,UNINCORPORATED,,
91601411,2021,2021-10-20,9175,2021-10-11,0935,018268,,1,1,9,5300,0,1,3,,1,011,SR-299,"SLATTERY GULCH RD",2640.00,E,N,A,-,Y,,,299,,,,,,,Y,3,0,1,1,A,-,08,22107,,N,F,0,A,A,H,-,A,D,0,,,,Y,Y,,G,25,0,1,0,0,0,0,0,0,0,"- ","- ",40.735919952392578,-123.01415252685547,TRINITY,UNINCORPORATED,-123.01410675048828,40.735855102539062
94638196,2025,2025-04-04,9175,2025-03-26,"750 ",024195,,3,1,9,5300,0,3,5,,2,001,"RUSH CREEK ROAD","OLD OAK ROAD",5280.00,N,N,A,-,N,,,,,,,,,,Y,4,0,2,1,C,-,18,,,N,H,H,A,A,H,-,A,D,0,,,,,Y,,-,"- ",0,0,2,0,0,0,0,0,0,"- ","- ",40.729568481445312,-122.83838653564453,TRINITY,UNINCORPORATED,-122.83679962158203,40.726554870605469
6446155,2014,2015-11-14,9175,2014-03-26,1540,18133,,3,2,9,5300,0,1,3,,2,014,"RT 299","SOUTH FORK RD",2640.00,E,N,B,C,Y,TRI,2,299,-,-,0.650,H,-,E,Y,3,0,1,1,A,-,08,22107,,N,F,A,A,B,H,-,A,D,0,,,,,Y,Y,A,07,0,1,0,0,0,0,0,0,0,"- ","- ",,,TRINITY,UNINCORPORATED,-123.59051964,40.88699956
90577214,2017,2017-10-24,9175,2017-10-21,1145,018328,,6,1,9,5300,0,1,3,,1,010,SR-299,"LEWISTON RD",350.00,W,N,B,C,Y,,,299,,,,,,,Y,3,0,2,1,A,-,03,22350,,N,E,I,A,B,H,-,A,D,0,,,,,Y,,A,01,0,1,1,0,0,0,0,0,0,"- ","- ",40.67248,-122.86362,TRINITY,UNINCORPORATED,-122.8636083,40.67244839
91744286,2022,2022-04-08,9175,2022-04-01,2335,020363,,5,3,9,5300,0,2,S,,2,004,"RUTH ZENIA RD","LOWER MAD RIVER RD.",20.00,W,N,A,-,N,,,,,,,,,,N,2,0,2,1,A,-,01,23153,A,N,F,I,A,A,H,-,D,D,0,,,Y,,Y,Y,C,06,1,1,0,0,0,0,0,0,2,"- ","- ",40.2847900390625,-123.33277893066406,TRINITY,UNINCORPORATED,-123.33273199999999,40.284737
91971232,2023,2023-01-18,9175,2023-01-09,"950 ",015928,,1,1,9,5300,0,3,5,,2,001,"EAST WEAVER CREEK ROAD","HANSEN MINE LANE",168.00,N,N,A,-,N,,,,,,,,,,Y,3,0,1,1,A,-,08,22107,,N,F,A,A,B,H,-,A,D,0,,,,,Y,,D,22,0,1,0,0,0,0,0,0,0,"- ","- ",40.770839691162109,-122.91986083984375,TRINITY,UNINCORPORATED,-122.91990661621094,40.770950317382812
92222992,2023,2023-10-31,9175,2023-10-21,1115,021161,,6,1,9,5300,0,1,3,,1,021,SR-3,"SR-36 W/B",11774.00,N,N,A,-,Y,SIS,,3," "," ",24.300,H,,R,N,2,0,1,1,A,-,03,22350,,N,E,J,A,A,H,-,A,D,0,,,Y,,Y,,C,02,1,0,0,0,0,0,0,0,1,"- ","- ",41.503078460693359,-122.90656280517578,TRINITY,UNINCORPORATED,-122.90659332275391,41.503078460693359
6923909,2015,2016-11-04,9175,2015-04-23,1015,14636,,4,1,9,5300,0,1,3,,1,021,"RT 3","BIG CREEK RD",654.00,S,N,B,-,Y,TRI,2,3,-,-,9.180,H,-,S,Y,2,0,1,2,A,-,03,22350,,N,C,C,A,A,H,-,A,D,0,,,,Y,Y,,A,07,1,0,0,0,0,0,0,0,0,"- ","- ",,,TRINITY,UNINCORPORATED,-123.14466804,40.552433829999998
7008179,2015,2016-07-19,9175,2015-07-11,0215,018507,,6,3,9,5300,0,3,5,,2,001,"RUSH CREEK RD","RT 3",15840.00,E,N,A,-,N,,,,,,,,,,Y,3,0,2,1,A,-,01,23152,A,N,E,I,A,A,H,-,D,D,0,,,,,Y,Y,D,22,0,2,0,0,0,0,0,0,0,"- ","- ",40.762430000000002,-122.84451,TRINITY,UNINCORPORATED,-122.89045,40.795189999999998
90454121,2017,2017-05-11,9175,2017-05-04,1650,018507,,4,2,9,5300,0,3,5,,2,002,"13 DIPS ROAD","WOLFHOUND ROAD",1584.00,E,N,A,-,N,,,,,,,,,,N,3,0,1,1,A,-,03,22350,,N,F,A,A,A,H,-,A,D,0,,,Y,,Y,,C,02,0,1,0,0,0,0,0,0,1,"- ","- ",,,TRINITY,UNINCORPORATED,-123.14146042,40.444611909999999
91403230,2019,2021-02-08,9175,2019-11-04,1401,18328,,1,2,9,5300,0,1,3,,1,012,"STATE ROUTE 299","POWER HOUSE RD",101.00,W,N,A,-,Y,,,299,,,,,,,Y,2,0,2,2,A,-,08,22107,,N,D,C,A,A,H,-,A,D,0,,,,Y,Y,,J,48,1,0,1,0,0,0,0,0,0,"- ","- ",40.75579833984375,-123.06620025634766,TRINITY,UNINCORPORATED,-123.06623077392578,40.755794525146484
91925849,2022,2022-11-23,9175,2022-11-13,1345,019877,,7,1,9,5300,0,1,3,,1,011,SR-299,"WASHINGTON ST",20.00,E,N,A,-,Y,TRI,,299,,,52.072,H,,R,N,2,0,2,1,A,-,03,22350,,N,E,I,A,A,H,-,A,D,0,,,Y,,Y,,C,06,2,0,0,0,0,0,0,0,2,"- ","- ",40.7275390625,-122.93602752685547,TRINITY,UNINCORPORATED,-122.93614959716797,40.727428436279297
6603217,2014,2016-04-26,9175,2014-08-21,0610,18133,,4,1,9,5300,0,1,3,,2,015,"RT 3","STONEY CREEK SWIM AREA",95.00,S,N,A,-,Y,TRI,2,3,-,-,44.770,H,-,S,Y,3,0,1,1,C,-,18,,,N,E,H,A,A,H,-,B,D,0,,,Y,,Y,,-,"- ",0,1,0,0,0,0,0,0,1,"- ","- ",,,TRINITY,UNINCORPORATED,-122.85302197,40.849929539999998
6876833,2015,2015-04-28,9175,2015-03-12,1420,018552,,4,2,9,5300,0,3,5,,2,002,"MORGAN HILL RD","OAK AV",528.00,N,N,A,-,N,,,,,,,,,,Y,2,0,1,2,A,-,04,21703,,N,C,C,A,A,H,-,A,D,0,,,Y,,Y,,C,02,1,0,0,0,0,0,0,0,1,"- ","- ",,,TRINITY,UNINCORPORATED,-123.17038888,40.547457610000002
90617535,2017,2017-12-14,9175,2017-12-09,1340,018328,,6,1,9,5300,0,3,5,,2,001,"RUSH CREEK RD","CHINA CREEK RD",3168.00,E,N,A,-,N,,,,,,,,,,Y,3,0,1,1,A,-,03,22350,,N,F,I,A,C,H,-,A,D,0,,,,,Y,,A,07,0,1,0,0,0,0,0,0,0,"- ","- ",40.779389999999999,-122.8668,TRINITY,UNINCORPORATED,-122.8668,40.779389999999999
91362077,2020,2020-12-09,9175,2020-12-03,1755,019485,,4,2,9,5300,0,1,3,,2,014,"SR-299 W/B","WHITE HOUSE GULCH RD",3168.00,W,N,A,-,Y,,,299,,,,,,W,Y,4,0,1,3,A,-,03,22350,,N,C,C,A,A,D,-,D,A,0,,,,,Y,,A,07,0,0,1,0,0,0,0,0,0,"- ","- ",40.739261627197266,-123.23934936523438,TRINITY,UNINCORPORATED,-123.23934936523438,40.739215850830078
91798320,2022,2022-06-20,9175,2022-06-02,1220,018328,,4,1,9,5300,0,3,5,,2,001,"WEAVER BALLY RD",MEMORIAL,3168.00,W,N,A,-,N,,,,,,,,,,Y,2,0,1,1,A,-,08,22107,,N,F,A,A,A,A,B,A,D,0,,,,,Y,,A,07,1,0,0,0,0,0,0,0,0,"- ","- ",40.745559692382812,-122.95001983642578,TRINITY,UNINCORPORATED,-122.95018005371094,40.742862701416016
92135311,2023,2023-08-03,9175,2023-07-25,2030,021426,,2,2,9,5300,0,3,5,,2,002,"OREGON STREET","SAM LEE DRIVE",30.00,N,N,A,-,N,,,,,,,,,,Y,3,0,1,2,A,-,01,23152,A,N,E,8,A,A,H,-,A,D,0,,,,,Y,Y,A,01,0,1,0,0,0,0,0,0,0,"- ","- ",40.727828979492188,-122.94499206542969,TRINITY,UNINCORPORATED,-122.94490814208984,40.727767944335938
92160986,2023,2023-09-01,9175,2023-08-20,1415,019877,,7,2,9,5300,0,1,3,,1,010,SR-299,"299 TRI MPM 69.41",300.00,E,N,A,-,Y,TRI,,299," "," ",69.457,H,,R,Y,3,0,1,1,A,-,08,22107,,N,F,8,A,A,H,-,A,D,0,,,,,Y,,-,"- ",0,1,0,0,0,0,0,0,0,"- ","- ",40.655529022216797,-122.7652587890625,TRINITY,UNINCORPORATED,-122.76523590087891,40.655567169189453
92194446,2023,2023-10-09,9175,2023-10-01,"210 ",021426,,7,3,9,5300,0,1,3,,1,021,"TULE CREEK ROAD","JESSE ROAD",1584.00,E,N,B,-,N,,,,,,,,,,Y,4,0,1,1,A,-,01,23152,A,N,E,8,A,A,H,-,D,D,0,,,,,Y,Y,D,22,0,0,1,0,0,0,0,0,0,"- ","- ",40.549278259277344,-123.20437622070312,TRINITY,UNINCORPORATED,-123.20500183105469,40.548259735107422
94734819,2025,2025-06-23,9175,2025-06-12,1930,024195,,4,2,9,5300,0,1,3,,1,021,SR-3,"SUMMIT CREEK RD",528.00,S,N,A,-,Y,TRI,,3," "," ",18.288,H,,R,N,2,0,1,1,A,-,08,22107,,N,E,I,A,A,H,-,A,D,0,,,,,Y,,-,"- ",1,0,0,0,0,0,0,0,0,"- ","- ",40.594089508056641,-123.01528930664062,TRINITY,UNINCORPORATED,-123.01522827148438,40.594104766845703
90721857,2018,2018-05-08,9175,2018-04-30,1543,020786,,1,2,9,5300,0,1,3,,1,021,SR-3,SR-36,686.00,N,N,A,-,Y,,,,,,,,,,N,2,0,1,1,A,-,03,22350,,N,F,A,A,A,H,-,A,D,0,,,Y,,Y,,C,02,1,0,0,0,0,0,0,0,1,"- ","- ",40.252059936523438,-123.10283660888672,TRINITY,UNINCORPORATED,-123.17405700683594,40.421566009521484
91260948,2020,2020-06-30,9175,2020-06-28,2000,020683,,7,2,9,5300,0,1,3,,1,011,"SR-299 E/B","LITTLE BROWNS CREEK RD",2640.00,E,N,A,-,Y,,,299,,,,,,E,Y,3,0,1,1,A,-,08,22107,,F,E,I,A,A,H,-,D,D,0,,,,,Y,,A,07,0,1,0,0,0,0,0,0,0,"- ","- ",40.6898193359375,-122.93357849121094,TRINITY,UNINCORPORATED,-122.93345642089844,40.689807891845703
92388359,2024,2024-05-13,9175,2024-05-08,1930,016084,,3,2,9,5300,0,3,5,,2,001,"TRINITY DAM BLVD","RUSH CREEK ROAD",16368.00,N,N,A,-,N,,,,,,,,,,N,3,0,1,1,C,-,18,,,N,E,A,A,A,H,-,A,D,0,,,Y,,Y,,-,"- ",0,1,0,0,0,0,0,0,1,"- ","- ",40.746540069580078,-122.81017303466797,TRINITY,UNINCORPORATED,-122.79932403564453,40.746101379394531
90921300,2019,2019-02-07,9175,2019-02-04,1350,019877,,1,1,9,5300,0,1,3,,1,022,SR-36,"POST MOUNTAIN RD",528.00,W,N,D,-,Y,,,36,,,,,,,Y,3,0,2,1,A,-,03,22350,,N,E,I,A,C,H,-,A,D,0,,,,,Y,,D,22,0,2,0,0,0,0,0,0,0,"- ","- ",40.411849975585938,-123.18633270263672,TRINITY,UNINCORPORATED,-123.18629455566406,40.411865234375
91127451,2019,2019-11-25,9175,2019-11-18,1530,016084,,1,2,9,5300,0,3,5,,2,001,"WASHIGTON STREET","WEST OF LOWDEN LANE",100.00,N,N,A,-,N,,,,,,,,,,N,3,0,1,2,A,-,21,22106,,N,D,G,A,A,H,-,A,D,0,,Y,,,Y,,A,08,0,1,0,0,0,0,1,0,0,"- ","- ",40.435199737548828,-122.56060028076172,TRINITY,UNINCORPORATED,-122.935302734375,40.731227874755859
91275695,2020,2020-07-28,9175,2020-07-25,2125,021253,,6,2,9,5300,0,1,3,,1,011,SR-299,"DUTCH CREEK RD",19.00,W,N,A,-,Y,,,299,,,,,,,Y,3,0,1,1,A,-,01,23152,A,N,E,I,A,A,H,-,D,D,0,,,,,Y,Y,A,01,0,1,0,0,0,0,0,0,0,"- ","- ",40.728500366210938,-123.05555725097656,TRINITY,UNINCORPORATED,-123.05540466308594,40.728488922119141
91445585,2021,2021-04-07,9175,2021-04-01,1130,15928,,4,1,9,5300,0,1,3,,1,011,"STATE ROUTE 299","CASTLE ROAD",1584.00,W,N,A,-,Y,,,299,,,,,,,Y,2,0,1,1,A,-,03,22350,,N,F,A,A,A,H,-,A,D,0,,,Y,,Y,,C,02,1,0,0,0,0,0,0,0,1,"- ","- ",40.742240905761719,-122.99813079833984,TRINITY,UNINCORPORATED,-122.99814605712891,40.742225646972656
90567714,2017,2017-10-11,9175,2017-09-30,1430,018507,,6,2,9,5300,0,3,5,,2,002,"HYAMPOM ROAD",SR-3,24288.00,W,N,A,-,N,,,,,,,,,,Y,3,0,1,1,A,-,03,22350,,N,F,I,A,A,H,-,A,D,0,,,,,Y,,A,07,0,1,0,0,0,0,0,0,0,"- ","- ",,,TRINITY,UNINCORPORATED,-123.25354392,40.578459690000003
90771527,2018,2018-07-18,9175,2018-07-15,1550,019877,,7,2,9,5300,0,1,3,,1,012,"SR-299 E/B","CANYON CREEK RD",3696.00,W,N,C,-,Y,,,299,,,,,,E,Y,4,0,2,1,A,-,08,22107,,N,E,I,A,B,H,-,A,D,0,,,,,Y,,A,01,0,0,2,0,0,0,0,0,0,"- ","- ",40.739528656005859,-123.06137847900391,TRINITY,UNINCORPORATED,-123.06118774414062,40.739727020263672
90992906,2019,2019-05-21,9175,2019-05-18,1220,018268,,6,1,9,5300,0,3,5,,2,001,"SOUTH FORK ROAD",SR-299,3115.00,S,N,B,C,N,,,,,,,,,,Y,2,0,1,1,A,-,08,22107,,N,F,I,A,B,H,-,A,D,0,,,Y,,Y,,C,02,1,0,0,0,0,0,0,0,1,"- ","- ",40.883480072021484,-123.59297943115234,TRINITY,UNINCORPORATED,-123.59314727783203,40.883777618408203
91292328,2020,2020-08-25,9175,2020-07-22,2310,020464,,3,3,9,5300,0,3,5,,2,002,"SOUTH FORK ROAD",SR-299,6864.00,S,N,A,-,N,,,,,,,,,,Y,1,1,0,1,A,-,01,23152,A,N,E,I,A,A,H,-,D,D,0,,,,,Y,Y,D,22,0,0,0,0,0,0,0,0,0,"- ","- ",40.875858306884766,-123.59416198730469,TRINITY,UNINCORPORATED,-123.59303283691406,40.876327514648438
92158895,2023,2023-08-30,9175,2023-08-28,1325,016084,,1,1,9,5300,0,3,5,,2,002,"LORENZ RANCH RD","STEINER FLAT ROAD",10.00,N,N,A,-,N,,,,,,,,,,N,4,0,1,2,A,-,21,22106,,N,G,B,E,A,H,-,A,D,0,Y,,,,Y,,A,01,0,0,1,0,1,0,0,0,0,"- ","- ",40.673908233642578,-122.96425628662109,TRINITY,UNINCORPORATED,-122.96434783935547,40.673824310302734
94879468,2025,2025-10-09,9175,2025-09-27,1100,024195,,6,1,9,5300,0,3,5,,2,001,"TRINITY NATIONAL FOREST PROPERTY","EAST SIDE RD",5280.00,S,N,A,-,N,,,,,,,,,,N,2,0,1,1,A,-,17,21712,A,N,H,A,A,A,A,-,A,D,0,,,,,Y,,D,22,1,0,0,0,0,0,0,0,0,"- ","- ",41.005989074707031,-122.64856719970703,TRINITY,UNINCORPORATED,,
90396527,2017,2017-02-20,9175,2017-02-13,1305,017031,,1,1,9,5300,0,1,3,,1,011,"STATE ROUTE 299 (WESTBOUND)","INDUSTRIAL PARKWAY",145.00,E,N,A,-,Y,,,299,,,,,,,Y,4,0,1,1,A,-,08,22107,,N,E,I,A,A,H,-,A,D,0,,,,,Y,,A,07,0,0,1,0,0,0,0,0,0,"- ","- ",40.709940000000003,-122.92412,TRINITY,UNINCORPORATED,-122.92405149,40.709936319999997
91274808,2020,2020-07-27,9175,2020-07-20,2105,021253,,1,2,9,5300,0,1,3,,1,010,SR-299,"TRINITY DAM BLVD",11088.00,E,N,A,-,Y,,,,,,,,,,Y,2,0,1,1,A,-,08,22107,,N,F,A,A,A,H,-,C,D,0,,,,,Y,,D,22,1,0,0,0,0,0,0,0,0,"- ","- ",,,TRINITY,UNINCORPORATED,-122.76437377929688,40.655281066894531
6290746,2014,2014-08-20,9175,2014-04-20,1815,18552,,7,2,9,5300,0,1,3,,1,022,"RT 36","RT 3",21120.00,E,N,A,-,Y,TRI,2,36,-,R,32.750,H,-,W,Y,1,1,0,1,A,-,01,23152,F,N,E,I,A,A,H,-,A,D,0,,,,,Y,Y,D,22,0,0,0,0,0,0,0,0,0,"- ","- ",,,TRINITY,UNINCORPORATED,-123.12543404,40.399857089999998
91092596,2019,2019-10-08,9175,2019-09-28,1925,019877,,6,2,9,5300,0,1,3,,1,011,SR-299,"LITTLE BROWNS CREEK RD",7920.00,E,N,A,-,Y,,,299,,,,,,,Y,4,0,1,1,C,-,18,,,N,F,I,A,A,H,-,D,D,0,,,,,Y,,-,"- ",0,0,1,0,0,0,0,0,0,"- ","- ",40.688621520996094,-122.93264770507812,TRINITY,UNINCORPORATED,-122.93292999267578,40.688430786132812
91542862,2021,2021-08-11,9175,2021-07-05,2122,020683,,1,2,9,5300,0,1,3,,1,021,"STATE ROUTE (SR) 3","WILDWOOD ROAD",1584.00,N,N,A,-,Y,,,3,,,,,,,N,1,1,0,2,A,-,11,21954,A,N,G,B,E,A,H,-,D,D,0,Y,,,,Y,,N,60,0,0,0,1,0,0,0,0,0,"- ","- ",40.567249298095703,-123.10485076904297,TRINITY,UNINCORPORATED,-123.10487365722656,40.5672607421875
91787062,2022,2022-06-02,9175,2022-05-28,1735,021253,,6,2,9,5300,0,3,5,,2,002,"RED HILL RD","MONTEZUMA ROAD",315.00,W,N,A,-,N,,,,,,,,,,Y,4,0,1,1,A,-,08,22107,,N,E,I,A,A,H,-,A,D,0,,,,,Y,,A,01,0,0,1,0,0,0,0,0,0,"- ","- ",40.742141723632812,-123.06926727294922,TRINITY,UNINCORPORATED,-123.06886291503906,40.738349914550781
91794858,2022,2022-06-14,9175,2022-06-07,1440,018268,,2,2,9,5300,0,1,3,,2,015,SR-3,"TRINITY DAM BLVD",27.00,S,N,A,-,Y,TRI,,3,,,38.758,H,,R,Y,3,0,1,1,A,-,08,22107,,N,F,8,A,A,H,-,A,D,0,,,,Y,Y,,-,"- ",0,1,0,0,0,0,0,0,0,"- ","- ",40.804710388183594,-122.88835906982422,TRINITY,UNINCORPORATED,-122.88835906982422,40.804714202880859
92400022,2024,2024-05-28,9175,2024-05-17,1750,021827,,5,2,9,5300,0,1,3,,1,012,SR-299,"EAST FORK ROAD",4752.00,W,N,A,-,Y,TRI,,299," "," ",36.003,H,,R,Y,2,0,1,1,A,-,03,22350,,N,E,I,A,A,H,-,A,A,0,,,,Y,Y,,G,25,1,0,0,0,0,0,0,0,0,"- ","- ",40.765518188476562,-123.13627624511719,TRINITY,UNINCORPORATED,-123.13630676269531,40.765510559082031
90006560,2015,2015-10-19,9175,2015-07-23,1600,018250,,4,2,9,5300,0,1,3,,2,015,"RT 3","TRINITY ALPS RD",2640.00,S,N,A,-,Y,,,,,,,,,,N,3,0,1,1,C,-,18,,,N,H,H,A,A,H,-,A,D,0,,,Y,,Y,,-,"- ",0,1,0,0,0,0,0,0,1,"- ","- ",,,TRINITY,UNINCORPORATED,-122.86329324,40.846335349999997
90588961,2017,2017-11-07,9175,2017-11-01,2040,020683,,3,2,9,5300,0,3,5,,2,001,"COURT ST","TAYLOR ST",25.00,W,N,A,B,N,,,,,,,,,,N,3,0,1,2,A,-,11,21954,A,N,G,B,E,A,H,-,D,D,0,Y,,,,Y,,N,60,0,1,0,0,1,0,0,0,0,"- ","- ",40.734999999999999,-122.93955,TRINITY,UNINCORPORATED,-122.93956909000001,40.734995840000003
90966297,2019,2019-04-11,9175,2019-04-07,1330,020580,,7,1,9,5300,0,1,3,,2,013,SR-299,"ANGIE LN",10560.00,E,N,B,C,Y,,,299,,,,,,,Y,3,0,1,1,A,-,08,22107,,N,E,I,A,B,H,-,A,D,0,,,,,Y,,A,01,0,1,0,0,0,0,0,0,0,"- ","- ",40.766109466552734,-123.30387878417969,TRINITY,UNINCORPORATED,-123.30387878417969,40.766185760498047
91526591,2021,2021-07-22,9175,2021-07-12,1735,018507,,1,2,9,5300,0,1,3,,1,010,SR-299,"CLARK CREEK ROAD",210.00,E,N,A,-,Y,,,299,,,,,,,Y,3,0,1,2,A,-,06,21750,A,N,C,C,A,A,H,-,A,D,0,,,,,Y,,D,22,0,1,0,0,0,0,0,0,0,"- ","- ",40.665000915527344,-122.79106903076172,TRINITY,UNINCORPORATED,-122.79106140136719,40.664955139160156
94718123,2025,2025-06-09,9175,2025-06-02,1755,023094,,1,2,9,5300,0,1,3,,1,011,"SR-299 (MAIN ST.)","DAVIS RD.",380.00,E,N,A,-,Y,TRI,,299," "," ",52.988,H,,R,Y,4,0,2,2,A,-,03,22350,,N,C,C,A,A,H,-,A,D,0,,,,,Y,,A,01,0,0,2,0,0,0,0,0,0,"- ","- ",40.716579437255859,-122.92645263671875,TRINITY,UNINCORPORATED,-122.92644500732422,40.716583251953125
90366310,2017,2017-02-10,9175,2017-01-04,1045,15928,,3,1,9,5300,0,1,3,,2,015,"STATE ROUTE 3","CEDAR STOCK ROAD",528.00,N,N,A,-,Y,,,,,,,,,,Y,4,0,1,1,A,-,03,22350,,N,E,I,A,B,H,-,A,D,0,,,,,Y,,A,01,0,0,1,0,0,0,0,0,0,"- ","- ",,,TRINITY,UNINCORPORATED,-122.83351012,40.846649939999999
90453003,2017,2017-05-10,9175,2017-05-05,1030,018328,,5,1,9,5300,0,1,3,,2,015,SR-3,"BUTTON RD",5280.00,N,N,A,-,Y,,,,,,,,,,Y,4,0,1,1,A,-,08,22107,,N,E,I,A,A,H,-,A,D,0,,,Y,,Y,,C,02,0,0,1,0,0,0,0,0,1,"- ","- ",,,TRINITY,UNINCORPORATED,-122.89104494,40.821314219999998
91388075,2021,2021-01-15,9175,2021-01-11,1510,020464,,1,2,9,5300,0,1,3,,1,010,SR-299,"BUCKHORN SUMMIT",1320.00,W,N,A,-,Y,,,299,,,,,,,Y,3,0,1,1,A,-,08,22107,,N,E,I,A,A,H,-,A,D,0,,,,,Y,,D,22,0,1,0,0,0,0,0,0,0,"- ","- ",40.633838653564453,-122.74070739746094,TRINITY,UNINCORPORATED,-122.74072265625,40.633735656738281
91830216,2022,2022-08-01,9175,2022-07-23,0115,020363,,6,3,9,5300,0,1,3,,1,011,"NUGGET LN.",SR-299,275.00,W,N,A,-,N,,,,,,,,,,N,2,0,1,1,A,-,00,21221,,N,E,I,A,A,H,-,C,D,0,,,,,Y,Y,M,94,1,0,0,0,0,0,0,0,0,"- ","- ",40.720809936523438,-122.92868804931641,TRINITY,UNINCORPORATED,-122.92871856689453,40.720832824707031
6985277,2015,2016-11-02,9175,2015-06-24,1410,018552,,3,2,9,5300,0,1,3,,1,011,"RT 299","LITTLE BROWNS CREEK RD",1056.00,W,N,A,-,Y,TRI,2,299,-,-,54.300,H,-,W,Y,4,0,1,1,A,-,08,22107,,N,E,I,A,A,H,-,A,D,0,,,,,Y,,D,22,0,0,1,0,0,0,0,0,0,"- ","- ",,,TRINITY,UNINCORPORATED,-122.92806543,40.698294359999998
90191562,2016,2016-05-31,9175,2016-05-24,2214,019520,,2,3,9,5300,0,1,3,,1,012,"S.R. 299","EAST FORK RD",8976.00,E,N,A,-,Y,,,,,,,,,,Y,3,0,2,1,A,-,01,23153,A,N,E,I,A,A,H,-,D,D,0,,,,,Y,Y,A,01,0,2,0,0,0,0,0,0,0,"- ","- ",,,TRINITY,UNINCORPORATED,,
90798765,2018,2018-08-27,9175,2018-08-20,0130,021253,,1,3,9,5300,0,1,3,,1,021,SR-3,SR-36,6336.00,S,N,A,-,Y,,,3,,,,,,,Y,2,0,1,1,A,-,08,22107,,N,E,I,A,A,H,-,D,D,0,,,,,Y,,J,48,1,0,0,0,0,0,0,0,0,"- ","- ",40.425220489501953,-123.15840911865234,TRINITY,UNINCORPORATED,-123.15840911865234,40.425212860107422
91509707,2021,2021-06-30,9175,2021-06-19,0525,019479,,6,3,9,5300,0,1,3,,1,010,SR-299,"FAWN LODGE ROAD",3696.00,E,N,A,-,Y,,,299,,,,,,,Y,3,0,1,1,A,-,01,23152,A,N,E,I,A,A,H,-,B,D,0,,,,,Y,Y,A,07,0,1,0,0,0,0,0,0,0,"- ","- ",40.672248840332031,-122.81771087646484,TRINITY,UNINCORPORATED,-122.81772613525391,40.672199249267578
91513465,2021,2021-07-06,9175,2021-06-28,1320,020464,,1,1,9,5300,0,3,5,,2,002,"FOREST RTE 31N42","KINGSBURY RD",2640.00,S,N,A,-,N,,,,,,,,,,Y,2,0,1,1,A,-,08,22107,,N,F,I,A,A,A,B,A,D,0,,,,,Y,,A,07,1,0,0,0,0,0,0,0,0,"- ","- ",40.505298614501953,-123.14425659179688,TRINITY,UNINCORPORATED,-123.11730194091797,40.508274078369141
94729455,2025,2025-06-17,9175,2025-06-09,1248,015928,,1,1,9,5300,0,1,3,,1,016,"STATE ROUTE 3","BUCKEYE CREEK ROAD",7392.00,S,N,A,-,Y,TRI,,3," "," ",63.103,H,,R,Y,2,0,1,1,A,-,08,22107,,N,E,8,A,A,H,-,A,D,0,,,,Y,Y,,F,25,1,0,0,0,0,0,0,0,0,"- ","- ",41.0224609375,-122.69216918945312,TRINITY,UNINCORPORATED,-122.69229888916016,41.022445678710938
90309960,2016,2016-11-02,9175,2016-10-26,1320,012749,,3,1,9,5300,0,1,3,,1,021,SR-3,"CARR CREEK RD",2112.00,S,N,A,-,Y,,,,,,,,,,N,3,0,1,1,A,-,08,22107,,N,F,A,A,A,H,-,A,D,0,,,Y,,Y,,C,02,0,1,0,0,0,0,0,0,1,"- ","- ",,,TRINITY,UNINCORPORATED,-123.06561504,40.581033730000001
90352306,2016,2016-12-27,9175,2016-12-17,0435,018268,,6,3,9,5300,0,1,3,,1,010,SR-299,"FAWN LODGE RD",5808.00,W,N,A,-,Y,,,,,,,,,,Y,4,0,1,1,A,-,03,22350,,N,E,I,A,C,H,-,D,D,0,,,,,Y,,A,07,0,0,1,0,0,0,0,0,0,"- ","- ",,,TRINITY,UNINCORPORATED,-122.84960958000001,40.672518080000003
90919325,2019,2019-02-05,9175,2019-01-26,1728,018507,,6,2,9,5300,0,3,5,,2,001,"LITTLE BROWNS CREEK ROAD","LANDECENA DRIVE",528.00,N,N,A,-,N,,,,,,,,,,Y,2,0,1,2,A,-,01,23152,A,N,A,C,A,A,H,-,D,D,0,,,,,Y,Y,A,01,1,0,0,0,0,0,0,0,0,"- ","- ",40.719741821289062,-122.89820861816406,TRINITY,UNINCORPORATED,-122.89797973632812,40.719837188720703
91316065,2020,2020-10-01,9175,2020-09-27,1600,020722,,7,2,9,5300,0,3,5,,2,001,"BROWNS RANCH RD",SR-3,660.00,E,N,A,-,N,,,,,,,,,,N,3,0,1,2,A,-,10,21954,B,F,G,B,E,A,H,-,A,D,0,Y,,,,Y,,A,01,0,1,0,0,1,0,0,0,0,"- ","- ",40.736240386962891,-122.92716979980469,TRINITY,UNINCORPORATED,-122.92716979980469,40.736351013183594
91521813,2021,2021-07-16,9175,2021-07-07,2115,021253,,3,2,9,5300,0,1,3,,1,010,SR-299,"BUCKHORN STATION LOOP ROAD",2112.00,E,N,A,-,Y,,,299,,,,,,,N,4,0,1,1,A,-,08,22107,,N,F,A,A,A,H,-,D,D,0,,,Y,,Y,,C,02,0,0,1,0,0,0,0,0,1,"- ","- ",40.659248352050781,-122.77821350097656,TRINITY,UNINCORPORATED,-122.77828979492188,40.659145355224609
91255091,2020,2020-06-22,9175,2020-06-12,1640,018507,,5,2,9,5300,0,1,3,,1,010,SR-299,"TRINITY DAM BOULEVARD",5280.00,E,N,C,-,Y,,,,,,,,,,Y,2,0,3,2,A,-,03,22350,,N,A,C,A,B,H,-,A,D,0,,,,,Y,,A,07,1,2,0,0,0,0,0,0,0,"- ","- ",40.393600463867188,-122.46430206298828,TRINITY,UNINCORPORATED,-122.77984619140625,40.662872314453125
94600519,2025,2025-03-18,9175,2025-02-27,1535,019877,,4,2,9,5300,0,1,3,,1,011,SR-299,"299 TRI MPM 57.77",70.00,W,N,A,-,Y,TRI,,299," "," ",57.721,H,,R,Y,2,0,3,2,A,-,08,22107,,N,A,C,A,A,H,-,A,D,0,,,,,Y,,E,22,1,2,0,0,0,0,0,0,0,"- ","- ",40.655319213867188,-122.94252014160156,TRINITY,UNINCORPORATED,-122.94259643554688,40.655315399169922
90234456,2016,2016-08-01,9175,2016-07-26,1948,019636,,2,2,9,5300,0,3,5,,2,002,"RED HILL RD","CONNER CREEK RD",528.00,W,N,A,-,N,,,,,,,,,,Y,3,0,1,1,A,-,03,22350,,M,F,A,A,A,H,-,A,D,0,,,,,Y,,D,22,0,1,0,0,0,0,0,0,0,"- ","- ",40.750160000000001,-123.08499999999999,TRINITY,UNINCORPORATED,-123.08382047000001,40.750328789999998
91289724,2020,2020-08-20,9175,2020-08-13,2255,020363,,4,3,9,5300,0,1,3,,1,020,SR-3,"READING CREEK RD",5280.00,S,N,A,-,Y,,,3,,,,,,,Y,3,0,1,1,A,-,08,22107,,N,E,I,A,A,H,-,D,D,0,,,,,Y,,A,07,0,1,0,0,0,0,0,0,0,"- ","- ",40.625400543212891,-122.94043731689453,TRINITY,UNINCORPORATED,-122.94049835205078,40.625339508056641
91795026,2022,2022-06-14,9175,2022-06-11,1120,020004,,6,1,9,5300,0,1,3,,2,013,"SR-299 W/B","PRAIRIE CREEK RD",2640.00,W,N,B,-,Y,,,,,,,,,,Y,2,0,1,1,A,-,08,22107,,N,F,I,A,A,H,-,A,D,0,,,Y,,Y,,C,02,1,0,0,0,0,0,0,0,1,"- ","- ",40.465740203857422,-123.29208374023438,TRINITY,UNINCORPORATED,-123.29230499267578,40.766036987304688
91820380,2022,2022-07-19,9175,2022-07-17,0030,020683,,7,3,9,5300,0,3,5,,2,002,"HYAMPOM RD",SR-3,3696.00,W,N,A,-,N,,,,,,,,,,N,4,0,1,1,A,-,08,22107,,N,E,I,A,A,H,-,D,D,0,,,,,Y,,D,22,0,0,1,0,0,0,0,0,0,"- ","- ",40.553230285644531,-123.20262145996094,TRINITY,UNINCORPORATED,-123.20375061035156,40.553291320800781
94611301,2025,2025-03-19,9175,2025-03-14,"815 ",019877,,5,1,9,5300,0,1,3,,1,010,SR-299,"299 TRI 68.30",500.00,E,N,D,-,Y,TRI,,299," "," ",68.550,H,,R,Y,4,0,1,1,A,-,03,22350,,N,E,I,A,C,H,-,A,D,0,,,,,Y,,D,22,0,0,1,0,0,0,0,0,0,"- ","- ",40.660980224609375,-122.77916717529297,TRINITY,UNINCORPORATED,-122.77918243408203,40.660976409912109
6728497,2014,2016-06-14,9175,2014-11-12,1220,018433,,3,1,9,5300,0,1,3,,2,014,"RT 299","SALYER LOOP RD",9240.00,E,N,A,-,Y,TRI,2,299,-,-,2.700,H,-,W,Y,4,0,1,1,A,-,03,22350,,N,E,I,A,A,H,-,A,D,0,,,,,Y,,A,01,0,0,1,0,0,0,0,0,0,"- ","- ",,,TRINITY,UNINCORPORATED,-123.56028155,40.889942089999998
90187258,2016,2016-05-25,9175,2016-05-17,0830,013699,9175,2,1,9,5300,0,1,3,,1,020,"RT 3","B BAR K RD",2112.00,N,N,A,-,Y,,,,,,,,,,Y,4,0,1,1,A,-,01,23152,E,N,E,I,A,A,H,-,A,D,0,,,,,Y,,A,01,0,0,1,0,0,0,0,0,0,"- ","- ",,,TRINITY,UNINCORPORATED,-122.96171040999999,40.6245257
90257249,2016,2016-08-30,9175,2016-08-25,1630,013699,,4,2,9,5300,0,1,3,,1,012,"RT 299","BROCK GULCH RD",1056.00,E,N,A,-,Y,,,,,,,,,,Y,4,0,1,1,A,-,08,22107,,N,F,A,A,A,H,-,A,D,0,,,,,Y,Y,A,01,0,0,1,0,0,0,0,0,0,"- ","- ",,,TRINITY,UNINCORPORATED,,
90768895,2018,2018-07-13,9175,2018-07-07,0650,019485,,6,1,9,5300,0,1,3,,1,011,SR-299,"SLATTERY GULCH RD",2112.00,E,N,A,-,Y,,,299,,,,,,,Y,2,0,1,1,A,-,03,22350,,N,F,I,A,A,H,-,A,D,0,,,,Y,Y,,G,25,1,0,0,0,0,0,0,0,0,"- ","- ",40.735008239746094,-123.01573944091797,TRINITY,UNINCORPORATED,-123.01584625244141,40.735248565673828
91500542,2021,2021-06-18,9175,2021-06-15,1435,018268,,2,2,9,5300,0,1,3,,2,015,SR-3,"ESTRELLITA RD",4752.00,S,N,A,-,Y,,,3,,,,,,,N,4,0,1,2,A,-,03,22350,,N,C,C,A,A,D,-,A,A,0,,,,,Y,,D,22,0,0,1,0,0,0,0,0,0,"- ","- ",40.865749359130859,-122.81488037109375,TRINITY,UNINCORPORATED,-122.81488037109375,40.865760803222656
91683778,2022,2022-01-24,9175,2022-01-14,0826,020464,,5,1,9,5300,0,3,5,,2,001,"RUSH CREEK RD",SR-3,1320.00,E,N,B,-,N,,,,,,,,,,Y,2,0,1,1,A,-,03,22350,,N,E,I,A,C,H,-,A,D,0,,,,,Y,,A,01,1,0,0,0,0,0,0,0,0,"- ","- ",40.793071746826172,-122.88881683349609,TRINITY,UNINCORPORATED,-122.89055633544922,40.795219421386719
90260062,2016,2016-09-02,9175,2016-08-06,1920,018507,,6,2,9,5300,0,3,5,,2,002,"BIG CREEK ROAD","U.S.F.S. 32N23",20.00,W,N,A,-,N,,,,,,,,,,Y,3,0,1,2,A,-,03,22350,,N,F,A,A,A,H,-,B,D,0,,,Y,,Y,,C,02,0,1,0,0,0,0,0,0,1,"- ","- ",,,TRINITY,UNINCORPORATED,,
91616490,2021,2021-11-04,9175,2021-10-02,2500,018645,,6,4,9,5300,0,1,3,,1,011,"STATE ROUTE 3","STROPE CREEK ROAD",1985.00,N,N,A,-,Y,,,3,,,,,,,Y,1,1,0,1,A,-,08,22107,,N,E,8,A,A,H,-,A,D,0,,,Y,,Y,,C,02,0,0,0,0,0,0,0,1,0,"- ","- ",40.897251129150391,-122.79139709472656,TRINITY,UNINCORPORATED,-122.79129791259766,40.897182464599609
90278990,2016,2016-10-04,9175,2016-09-27,2025,019636,,2,2,9,5300,0,1,3,,1,011,SR-299,"MARTIN RD",178.00,E,N,A,-,Y,,,299,,,,,,,Y,4,0,1,3,A,-,03,22350,,N,C,C,A,A,H,-,C,A,0,,,,,Y,,A,01,0,0,1,0,0,0,0,0,0,"- ","- ",40.716470000000001,-122.92625,TRINITY,UNINCORPORATED,-122.92633003,40.71643083
91010135,2019,2019-06-14,9175,2019-06-10,1800,018645,,1,2,9,5300,0,1,3,,2,013,SR-299,"CARRIE - HYDEN RD",144.00,E,N,A,-,Y,,,299,,,,,,,Y,3,0,1,1,A,-,08,22107,,N,E,I,A,A,H,-,A,D,0,,,,,Y,,A,07,0,1,0,0,0,0,0,0,0,"- ","- ",40.773799896240234,-123.32993316650391,TRINITY,UNINCORPORATED,-123.32993316650391,40.773826599121094
91026035,2019,2019-07-08,9175,2019-07-04,2000,020722,,4,2,9,5300,0,3,5,,2,002,"MAD RIVER RD","HOBART CREEK RD",763.00,S,N,A,-,N,,,,,,,,,,N,2,0,1,1,C,-,18,,,N,H,H,A,A,H,-,B,D,0,,,Y,,Y,,-,"- ",1,0,0,0,0,0,0,0,1,"- ","- ",40.312191009521484,-123.35626220703125,TRINITY,UNINCORPORATED,-123.35723876953125,40.313186645507812
91330262,2020,2020-10-23,9175,2020-10-18,1225,018268,,7,1,9,5300,0,1,3,,1,016,SR-3,"ESTRELLITA RD",12672.00,N,N,A,-,Y,,,3,,,,,,,Y,3,0,1,1,A,-,03,22350,,N,E,I,A,A,H,-,A,D,0,,,Y,,Y,,C,02,0,1,0,0,0,0,0,0,1,"- ","- ",40.897308349609375,-122.78871154785156,TRINITY,UNINCORPORATED,-122.78870391845703,40.897388458251953
90463826,2017,2017-05-25,9175,2017-05-21,1345,016084,,7,1,9,5300,0,1,3,,2,015,"RT 3","ROUNDY ROAD",14.00,N,N,A,-,Y,,,,,,,,,,Y,4,0,1,1,A,-,08,22107,,N,E,I,A,A,H,-,A,D,0,,,Y,,Y,,C,02,0,0,1,0,0,0,0,0,1,"- ","- ",,,TRINITY,UNINCORPORATED,-122.89309672,40.777738100000001
90600880,2017,2017-11-22,9175,2017-11-18,1510,15928,,6,2,9,5300,0,3,5,,2,002,"DUTCH CREEK ROAD","RED HILL ROAD",1056.00,N,N,B,-,N,,,,,,,,,,N,4,0,1,2,A,-,09,21804,A,N,D,C,A,A,H,-,A,D,0,,,,,Y,,A,01,0,0,1,0,0,0,0,0,0,"- ","- ",40.434150000000002,-123.3215,TRINITY,UNINCORPORATED,-123.06272,40.72824
91047856,2019,2019-08-08,9175,2019-08-06,1600,020580,,2,2,9,5300,0,3,5,,2,002,"DEER LICK SPRINGS RD.",SR-3,1056.00,E,N,A,-,N,,,,,,,,,,N,3,0,1,1,A,-,08,22107,,N,F,I,A,A,H,-,A,D,0,,,,,Y,,D,22,0,1,0,0,0,0,0,0,0,"- ","- ",40.611438751220703,-122.93721008300781,TRINITY,UNINCORPORATED,-122.93677520751953,40.610183715820312
91128692,2019,2019-11-25,9175,2019-11-17,2500,021253,,7,4,9,5300,0,1,3,,1,021,SR-3,"MANZANITA AVE",230.00,N,N,A,-,Y,,,3,,,,,,,Y,3,0,1,1,A,-,01,23152,A,N,E,I,A,A,H,-,C,D,0,,,,,Y,Y,A,01,0,1,0,0,0,0,0,0,0,"- ","- ",40.5543212890625,-123.1728515625,TRINITY,UNINCORPORATED,-123.17286682128906,40.55419921875
92204085,2023,2023-10-19,9175,2023-10-07,1900,021253,,6,2,9,5300,0,3,5,,2,002,"WASHINGTON STREET","MILL STREET",50.00,E,N,A,-,N,,,,,,,,,,N,2,0,1,1,A,-,01,23152,A,N,F,A,A,A,H,-,D,D,0,,,Y,,Y,Y,C,06,1,0,0,0,0,0,0,0,1,"- ","- ",40.726428985595703,-122.93807983398438,TRINITY,UNINCORPORATED,-122.93794250488281,40.726459503173828
93589393,2024,2024-08-05,9175,2024-07-31,"325 ",021035,,3,3,9,5300,0,1,3,,2,014,"SR-299 E/B","WESTGATE DR",635.00,W,N,A,-,Y,TRI,,299," "," ",2.797,H,,R,Y,2,0,1,1,A,-,01,23152,A,N,F,A,A,A,H,-,D,D,0,,,,,Y,Y,D,22,1,0,0,0,0,0,0,0,0,"- ","- ",40.888389587402344,-123.56034088134766,TRINITY,UNINCORPORATED,-123.560302734375,40.888389587402344
94922174,2025,2025-11-12,9175,2025-10-28,2010,023686,,2,2,9,5300,0,1,3,,1,010,SR-299,"TRINITY DAM BLVD",3907.00,W,N,B,-,Y,TRI,,299," "," ",66.779,H,,R,Y,3,0,2,1,A,-,08,22107,,N,E,8,A,B,H,-,D,D,0,,,,,Y,,D,22,0,1,1,0,0,0,0,0,0,"- ","- ",40.665370941162109,-122.80815887451172,TRINITY,UNINCORPORATED,-122.8082275390625,40.665325164794922
6290554,2014,2015-12-21,9175,2014-02-11,2145,18391,,2,2,9,5300,0,1,3,,1,016,"RT 3","EL DORADO WY",5808.00,N,N,B,-,Y,TRI,2,3,-,-,62.530,H,-,S,Y,1,1,1,1,A,-,01,23152,A,N,F,A,A,B,H,-,D,D,0,,,,,Y,Y,A,01,0,0,1,0,0,0,0,0,0,"- ","- ",,,TRINITY,UNINCORPORATED,-122.69339346,41.013926169999998
6292562,2015,2015-09-04,9175,2015-06-08,0845,15928,,1,1,9,5300,0,1,3,,1,011,"RT 299","OREGON SPRINGS RD",1056.00,W,N,A,-,Y,TRI,2,299,-,-,48.640,H,-,E,Y,1,1,0,1,A,-,08,22107,,N,E,I,A,A,H,-,A,D,0,,,,,Y,,A,01,0,0,0,0,0,0,0,0,0,"- ","- ",40.739759999999997,-122.98061,TRINITY,UNINCORPORATED,-122.98215672000001,40.739097010000002
6316226,2014,2015-11-14,9175,2014-01-06,0650,016084,,1,1,9,5300,0,1,3,,1,022,"RT 36","WILDWOOD RD",11616.00,W,N,B,-,Y,TRI,2,36,-,-,38.200,H,-,W,Y,4,0,1,1,A,-,03,22350,,N,E,I,A,C,H,-,B,D,0,,,,,Y,,D,22,0,0,1,0,0,0,0,0,0,"- ","- ",,,TRINITY,UNINCORPORATED,-123.05937258,40.387876220000003
6345921,2014,2015-09-08,9175,2014-01-13,0655,16084,,1,1,9,5300,0,3,5,,2,001,"RUSH CREEK RD","RT 3",9504.00,E,N,B,-,N,,,,,,,,,,Y,4,0,2,1,A,-,03,22350,,N,E,I,A,C,H,-,B,D,0,,,,,Y,,D,22,0,0,2,0,0,0,0,0,0,"- ","- ",,,TRINITY,UNINCORPORATED,-122.89045,40.795189999999998
6352454,2014,2014-06-11,9175,2014-01-15,1500,18133,,3,2,9,5300,0,3,5,,2,002,"RUTH ZENIA RD","BLACK BARTS WY",2112.00,W,N,A,-,N,,,,,,,,,,Y,3,0,1,1,A,-,08,22107,,N,F,A,A,A,H,-,A,D,0,,,,,Y,,A,01,0,1,0,0,0,0,0,0,0,"- ","- ",,,TRINITY,UNINCORPORATED,-123.35916002,40.308721679999998
6360727,2014,2015-11-14,9175,2014-01-21,0735,016084,,2,1,9,5300,0,1,3,,2,014,"RT 299","GRAY CREEK RD",4224.00,W,N,A,-,Y,TRI,2,299,-,-,6.920,H,-,E,Y,4,0,1,1,A,-,03,22350,,N,E,I,A,C,H,-,A,D,0,,,,,Y,,D,22,0,0,1,0,0,0,0,0,0,"- ","- ",,,TRINITY,UNINCORPORATED,-123.50198451,40.862479720000003
6374148,2014,2015-11-14,9175,2014-02-11,1425,014636,,2,2,9,5300,0,1,3,,1,021,"RT 3","SUMMIT CREEK RD",29040.00,N,N,B,-,Y,TRI,2,3,-,-,24.000,H,-,S,Y,4,0,1,1,A,-,08,22107,,N,E,I,A,A,H,-,A,D,0,,,,,Y,,D,22,0,0,1,0,0,0,0,0,0,"- ","- ",,,TRINITY,UNINCORPORATED,-122.9781658,40.618466959999999
6402072,2014,2015-11-14,9175,2014-03-07,1535,18133,,5,2,9,5300,0,1,3,,2,014,"RT 299","SALYER LOOP RD",6.00,W,N,A,-,Y,TRI,2,299,-,-,1.100,I,5,W,Y,4,0,2,2,A,-,09,21801,A,N,A,C,A,A,H,-,A,D,0,,,,,Y,,D,22,0,0,2,0,0,0,0,0,0,"- ","- ",,,TRINITY,UNINCORPORATED,-123.58465205,40.890523799999997
6426627,2014,2015-11-14,9175,2014-03-08,1045,018133,,6,1,9,5300,0,1,3,,1,022,"RT 36","USFS 1S11",1584.00,E,N,A,-,Y,TRI,2,36,-,-,11.380,H,-,W,Y,4,0,1,1,A,-,08,22107,,N,E,I,A,A,H,-,A,D,0,,,Y,,Y,,C,02,0,0,1,0,0,0,0,0,1,"- ","- ",,,TRINITY,UNINCORPORATED,-123.41499908,40.393430070000001
6515863,2014,2015-11-20,9175,2014-06-19,1515,017698,,4,2,9,5300,0,1,3,,1,020,"RT 3","JORDAN RD",27984.00,S,N,A,-,Y,TRI,2,3,-,-,20.640,H,-,S,Y,3,0,1,1,A,-,08,22107,,N,-,I,A,A,H,-,A,D,0,,,,,Y,,A,07,0,1,0,0,0,0,0,0,0,"- ","- ",,,TRINITY,UNINCORPORATED,-122.99022814999999,40.605785879999999
6515867,2014,2015-11-20,9175,2014-06-25,1635,018471,,3,2,9,5300,0,1,3,,1,020,"RT 3","DEER LICK SPRINGS RD",3168.00,N,N,A,-,Y,TRI,2,3,-,-,28.420,H,-,N,Y,4,0,1,1,A,-,01,23152,A,N,F,A,A,A,H,-,A,D,0,,,,,Y,Y,A,07,0,0,1,0,0,0,0,0,0,"- ","- ",40.620600000000003,-122.93872,TRINITY,UNINCORPORATED,-122.93895787,40.620810329999998
6518452,2014,2015-03-20,9175,2014-06-04,1055,018133,,3,1,9,5300,0,1,3,,1,012,"RT 299","WHEEL GULCH RD",3696.00,E,N,A,-,Y,TRI,2,299,-,-,32.100,H,-,E,Y,3,0,1,1,A,-,08,22107,,N,E,I,A,A,H,-,A,D,0,,,,,Y,,A,07,0,1,0,0,0,0,0,0,0,"- ","- ",,,TRINITY,UNINCORPORATED,-123.19330572,40.736954109999999
6573994,2014,2016-04-27,9175,2014-07-21,0500,018177,,1,3,9,5300,0,1,3,,2,014,"RT 299","BURNT RANCH CAMPGROUND",1150.00,E,N,A,-,Y,TRI,2,299,-,-,13.200,H,-,W,Y,2,0,1,1,A,-,08,22107,,N,E,I,A,A,H,-,B,D,0,,,,,Y,,A,07,1,0,0,0,0,0,0,0,0,"- ","- ",40.792050000000003,-123.45571,TRINITY,UNINCORPORATED,-123.45573383,40.791848530000003
6583385,2014,2016-04-27,9175,2014-07-30,1105,18433,,3,1,9,5300,0,1,3,,1,012,"RT 299","PIGEON POINT CAMPGROUND",2640.00,W,N,A,-,Y,TRI,2,299,-,-,35.990,H,-,E,Y,4,0,1,1,A,-,08,22107,,N,E,I,A,A,H,-,A,D,0,,,,,Y,,A,07,0,0,1,0,0,0,0,0,0,"- ","- ",,,TRINITY,UNINCORPORATED,-123.1363005,40.765141010000001
6583389,2014,2014-08-16,9175,2014-07-29,1940,12749,,2,2,9,5300,0,3,5,,2,002,"BARKER VALLEY RD","RT 3",2640.00,W,N,A,-,N,,,,,,,,,,N,3,0,1,1,A,-,08,22107,,N,F,A,A,A,B,-,A,A,0,,,Y,,Y,,C,02,0,1,0,0,0,0,0,0,1,"- ","- ",,,TRINITY,UNINCORPORATED,-123.09874000000001,40.571809999999999
6603218,2014,2016-04-26,9175,2014-08-15,1335,18433,,5,1,9,5300,0,1,3,,1,020,"RT 3","JORDON RD",1320.00,S,N,A,-,Y,TRI,2,3,-,-,25.160,H,-,S,Y,3,0,1,1,A,-,08,22107,,N,F,I,A,A,H,-,A,D,0,,,,,Y,,A,07,0,1,0,0,0,0,0,0,0,"- ","- ",,,TRINITY,UNINCORPORATED,-122.97119551999999,40.616074560000001
6616229,2014,2016-04-26,9175,2014-09-06,1245,014636,,6,1,9,5300,0,1,3,,1,016,"RT 3","CARVILLE LOOP RD",398.00,S,N,A,-,Y,TRI,2,3,-,-,65.880,H,-,S,Y,2,0,1,1,A,-,01,23152,A,N,E,I,A,A,H,-,A,D,0,,,,,Y,Y,D,22,1,0,0,0,0,0,0,0,0,"- ","- ",,,TRINITY,UNINCORPORATED,-122.70243598,41.05811465
6633238,2014,2015-12-21,9175,2014-09-17,1300,018433,,3,1,9,5300,0,3,5,,2,002,"HYAMPOM RD","RT 3",25344.00,W,N,A,-,N,,,,,,,,,,Y,2,0,1,1,C,-,18,,,N,E,H,A,A,H,-,A,D,0,,,Y,,Y,,-,"- ",1,0,0,0,0,0,0,0,1,"- ","- ",,,TRINITY,UNINCORPORATED,-123.2565357,40.580241039999997
6633269,2014,2016-04-26,9175,2014-09-14,1635,016084,,7,2,9,5300,0,1,3,,1,021,"RT 3","MILL AV",1800.00,S,N,A,-,Y,TRI,2,3,-,-,8.620,H,-,S,Y,2,0,1,1,A,-,08,22107,,N,F,A,A,A,H,-,A,D,0,,,Y,,Y,,C,06,1,0,0,0,0,0,0,0,1,"- ","- ",,,TRINITY,UNINCORPORATED,-123.15508766000001,40.551558110000002
6647995,2014,2015-04-30,9175,2014-08-30,1945,018552,,6,2,9,5300,0,3,5,,2,001,"LEWISTON RD","COFFIN RD",4224.00,N,N,A,-,N,,,,,,,,,,Y,3,0,1,1,A,-,01,23152,A,N,F,I,A,A,H,-,A,D,0,,,,,Y,Y,D,22,0,1,0,0,0,0,0,0,0,"- ","- ",,,TRINITY,UNINCORPORATED,-122.84948452,40.693271729999999
6647999,2014,2016-03-15,9175,2014-10-02,1435,01436,,4,2,9,5300,0,3,5,,2,002,"SOUTH FORK MOUNTAIN RD","RT 299",1056.00,S,N,A,-,N,,,,,,,,,,Y,3,0,1,1,A,-,08,22107,,N,E,I,A,A,H,-,A,D,0,,,,,Y,,D,22,0,1,0,0,0,0,0,0,0,"- ","- ",,,TRINITY,UNINCORPORATED,-123.59572525,40.888538869999998
6659072,2014,2016-04-27,9175,2014-09-04,2240,017698,,4,3,9,5300,0,1,3,,2,014,"RT 299","GREYS FLAT RD",528.00,W,N,A,-,Y,TRI,2,299,-,-,6.960,H,-,W,Y,4,0,1,1,A,-,08,22107,,N,E,I,A,A,H,-,E,D,0,,,,,Y,,A,07,0,0,1,0,0,0,0,0,0,"- ","- ",,,TRINITY,UNINCORPORATED,-123.50127215000001,40.862324129999998
6660542,2014,2016-04-27,9175,2014-08-21,1500,016790,,4,2,9,5300,0,1,3,,1,022,"RT 36","HAYFORK CREEK",17952.00,W,N,A,-,Y,TRI,2,36,-,R,34.900,H,-,E,Y,3,0,1,1,A,-,03,22350,,N,F,A,A,A,B,-,A,D,0,,,Y,,Y,,C,02,0,1,0,0,0,0,0,0,1,"- ","- ",40.395000000000003,-122.1019,TRINITY,UNINCORPORATED,-123.10548437999999,40.389961909999997
6690875,2014,2016-06-14,9175,2014-10-28,1955,016084,,2,2,9,5300,0,1,3,,1,021,"RT 3","OAK AV",30.00,N,N,B,-,Y,TRI,2,3,-,-,7.720,H,-,N,Y,3,0,1,2,A,-,12,22450,A,N,D,C,A,A,H,-,D,D,0,,,,,Y,Y,A,01,0,1,0,0,0,0,0,0,0,"- ","- ",,,TRINITY,UNINCORPORATED,-123.17181975,40.554033130000001
6699483,2014,2016-04-27,9175,2014-09-07,1430,15928,,7,2,9,5300,0,1,3,,1,010,"RT 299","LEWISTON RD",528.00,E,N,A,-,Y,TRI,2,299,-,-,63.610,H,-,W,Y,4,0,1,1,A,-,08,22107,,N,E,I,A,A,H,-,A,D,0,,,,,Y,,A,07,0,0,1,0,0,0,0,0,0,"- ","- ",40.672449999999998,-122.86066,TRINITY,UNINCORPORATED,-122.86089286000001,40.672531110000001
6728493,2014,2016-06-14,9175,2014-11-30,1700,018958,,7,2,9,5300,0,1,3,,1,020,"RT 3","RT 299",41184.00,S,N,B,C,Y,TRI,2,3,-,-,22.990,H,-,N,Y,4,0,1,1,A,-,08,22107,,N,E,I,A,B,H,-,D,D,0,,,,,Y,,A,07,0,0,1,0,0,0,0,0,0,"- ","- ",,,TRINITY,UNINCORPORATED,-122.99070356,40.617542710000002
6763487,2014,2016-03-15,9175,2014-11-26,1438,016084,,3,2,9,5300,0,3,5,,2,002,"CORRAL BOTTOM RD","RT 299",16.00,S,N,A,-,N,,,,,,,,,,Y,4,0,2,2,D,-,00,,,N,A,C,A,A,H,-,A,D,0,,,,,Y,,-,"- ",0,0,2,0,0,0,0,0,0,"- ","- ",,,TRINITY,UNINCORPORATED,-123.25187275,40.739767149999999
6764098,2014,2015-02-03,9175,2014-12-01,1545,018177,,1,2,9,5300,0,3,5,,2,002,"OREGON ST","SAM LEE DR",10.00,E,N,B,-,N,,,,,,,,,,Y,3,0,1,1,A,-,08,22107,,N,E,I,A,A,H,-,B,A,0,,,,,Y,Y,A,07,0,1,0,0,0,0,0,0,0,"- ","- ",,,TRINITY,UNINCORPORATED,-122.94488,40.727690000000003
6764099,2014,2016-06-14,9175,2014-12-04,1835,017698,,4,2,9,5300,0,1,3,,1,012,"RT 299","CORRAL BOTTOM RD",3168.00,E,N,B,-,Y,TRI,2,299,-,-,29.180,H,-,E,Y,2,0,1,1,A,-,08,22107,,N,E,I,A,A,H,-,D,D,0,,,,,Y,,A,01,1,0,0,0,0,0,0,0,0,"- ","- ",,,TRINITY,UNINCORPORATED,-123.24130319,40.73926118
6821571,2015,2016-09-07,9175,2015-02-06,1103,14636,,5,1,9,5300,0,1,3,,1,011,"RT 299","INDUSTRIAL PARKWAY",1584.00,E,N,B,C,Y,TRI,2,299,-,-,53.730,H,-,W,Y,4,0,2,2,A,-,03,22350,,N,C,C,A,B,H,-,A,D,0,,,,,Y,,A,01,0,0,2,0,0,0,0,0,0,"- ","- ",,,TRINITY,UNINCORPORATED,-122.92473093,40.706038489999997
6854193,2014,2015-04-22,9175,2014-09-22,0015,18388,9175,1,3,9,5300,0,3,5,,2,002,"VAN DUZEN RD","RT 36",38544.00,S,N,A,-,N,,,,,,,,,,Y,1,1,1,1,A,-,01,23152,A,N,F,A,A,A,H,-,D,D,0,,,,,Y,Y,D,22,0,1,0,0,0,0,0,0,0,"- ","- ",,,TRINITY,UNINCORPORATED,-123.50065069999999,40.374149889999998
6856249,2015,2016-09-07,9175,2015-02-24,1715,017418,,2,2,9,5300,0,1,3,,2,013,"RT 299","BIG FRENCH CREEK RD",4752.00,E,N,A,-,Y,TRI,2,299,-,-,24.220,H,-,W,Y,3,0,1,1,A,-,01,23152,A,M,E,I,A,A,H,-,D,D,0,,,,,Y,Y,A,01,0,1,0,0,0,0,0,0,0,"- ","- ",,,TRINITY,UNINCORPORATED,-123.30768320999999,40.770845629999997
6877609,2015,2016-09-07,9175,2015-03-14,0035,018645,,6,3,9,5300,0,1,3,,1,011,"RT 299","CASTLE RD",100.00,E,N,B,-,Y,TRI,2,299,-,-,47.520,H,-,W,Y,4,0,1,1,A,-,08,22107,,N,E,I,A,B,H,-,D,D,0,,,,,Y,,A,01,0,0,1,0,0,0,0,0,0,"- ","- ",,,TRINITY,UNINCORPORATED,-123.00031945000001,40.737535129999998
6877610,2015,2016-04-13,9175,2015-03-19,1655,18469,,4,2,9,5300,0,3,5,,2,001,"POKER BAR RD","RT 299",5280.00,N,N,A,-,N,,,,,,,,,,N,2,0,1,1,A,-,03,22350,,N,F,A,A,A,H,-,A,D,0,,Y,,,Y,,L,04,1,0,0,0,0,0,1,0,0,"- ","- ",,,TRINITY,UNINCORPORATED,-122.87559136,40.678878240000003
6877611,2015,2015-04-13,9175,2015-03-21,1425,18469,,6,2,9,5300,0,3,5,,2,002,"NUGGET LN","GLEN RD",450.00,E,N,A,-,N,,,,,,,,,,N,2,0,1,1,A,-,03,22350,,N,F,A,A,A,H,-,A,D,0,,,Y,,Y,,C,02,1,0,0,0,0,0,0,0,1,"- ","- ",,,TRINITY,UNINCORPORATED,-122.92903694,40.721463849999999
6898746,2015,2016-11-02,9175,2015-04-17,1720,17698,,5,2,9,5300,0,1,3,,1,011,"RT 299","UNION HILL RD",2640.00,E,N,A,-,Y,TRI,2,299,-,-,56.910,I,5,E,Y,3,0,1,2,A,-,09,21801,A,N,A,C,A,A,H,-,A,D,0,,,,,Y,,A,07,0,1,0,0,0,0,0,0,0,"- ","- ",,,TRINITY,UNINCORPORATED,-122.94331119,40.666771050000001
6928685,2015,2016-11-02,9175,2015-05-03,2235,016084,,7,3,9,5300,0,1,3,,1,010,"RT 299","POKER BAR RD",3696.00,W,N,A,-,Y,TRI,2,299,-,-,61.860,H,-,W,Y,2,0,1,1,A,-,08,22107,,N,E,I,A,A,H,-,D,D,0,,,,,Y,,A,07,1,0,0,0,0,0,0,0,0,"- ","- ",,,TRINITY,UNINCORPORATED,-122.88800413,40.66775921
6932460,2015,2016-11-04,9175,2015-05-12,0925,12749,,2,1,9,5300,0,1,3,,1,022,"RT 36","FS 30 N18 RT",5808.00,E,N,A,-,Y,TRI,2,36,-,-,35.470,H,-,W,N,3,0,2,1,A,-,08,22107,,N,F,A,A,A,H,-,A,D,0,,,Y,,Y,,C,02,0,1,1,0,0,0,0,0,2,"- ","- ",,,TRINITY,UNINCORPORATED,-123.09516532000001,40.392589299999997
6944610,2015,2016-11-02,9175,2015-05-18,1225,018552,,1,1,9,5300,0,1,3,,1,011,"RT 299","TUCKER HILL RD",365.00,E,N,A,-,Y,TRI,2,299,-,-,56.910,I,5,E,Y,4,0,3,2,A,-,09,21801,A,N,A,C,A,A,H,-,A,D,0,,,,,Y,,D,22,0,0,3,0,0,0,0,0,0,"- ","- ",,,TRINITY,UNINCORPORATED,-122.94331119,40.666771050000001
6944618,2015,2015-06-23,9175,2015-05-27,1815,016084,,3,2,9,5300,0,3,5,,2,001,"LEWISTON RD","GOOSE RANCH RD",2112.00,E,N,A,-,N,,,,,,,,,,Y,3,0,4,2,A,-,05,21460,A,N,A,C,A,A,H,-,A,D,0,,,,,Y,,D,22,0,3,1,0,0,0,0,0,0,"- ","- ",,,TRINITY,UNINCORPORATED,-122.82302921,40.698768039999997
6945592,2015,2015-06-18,9175,2015-05-28,0130,18391,,4,3,9,5300,0,3,5,,2,002,"RUTH ZENIA RD","VAN DUZEN RD",21120.00,S,N,A,-,N,,,,,,,,,,Y,3,0,2,1,A,-,08,22107,,N,E,I,A,A,H,-,D,D,0,,,,,Y,Y,A,07,0,2,0,0,0,0,0,0,0,"- ","- ",,,TRINITY,UNINCORPORATED,-123.44420291,40.249641009999998
6945596,2015,2016-11-02,9175,2015-05-15,1630,17698,,5,2,9,5300,0,1,3,,2,013,"RT 299","MILL RD",3168.00,E,N,A,-,Y,TRI,2,299,-,-,14.260,H,-,E,Y,3,0,1,1,A,-,08,22107,,N,E,I,A,A,H,-,A,D,0,,,,,Y,,A,01,0,1,0,0,0,0,0,0,0,"- ","- ",,,TRINITY,UNINCORPORATED,-123.43746179999999,40.790631619999999
6968676,2015,2016-11-04,9175,2015-06-07,0425,12749,,7,3,9,5300,0,1,3,,2,015,"RT 3","CHINA GULCH RD",1584.00,S,N,A,-,Y,TRI,2,3,-,-,35.120,H,-,N,Y,4,0,1,1,A,-,01,23152,A,N,E,I,A,A,H,-,D,D,0,,,,,Y,Y,A,07,0,0,1,0,0,0,0,0,0,"- ","- ",,,TRINITY,UNINCORPORATED,-122.88708833,40.75696353
6968678,2015,2016-11-02,9175,2015-06-07,1740,17418,,7,2,9,5300,0,1,3,,2,014,"RT 299","VETERANS HALL RD",6547.00,W,N,A,-,Y,TRI,2,299,-,-,8.520,H,-,E,Y,3,0,1,1,A,-,01,23152,A,N,E,I,A,A,H,-,A,D,0,,,Y,,Y,Y,C,02,0,1,0,0,0,0,0,0,1,"- ","- ",,,TRINITY,UNINCORPORATED,-123.48342581,40.847295379999998
6978904,2015,2016-11-02,9175,2015-06-08,1415,15928,,1,2,9,5300,0,1,3,,1,012,"RT 299","EAST FORK RD",14784.00,W,N,A,-,Y,TRI,2,299,-,-,34.070,H,-,W,Y,3,0,1,1,A,-,01,23152,A,N,E,I,A,A,H,-,A,D,0,,,,,Y,Y,A,01,0,1,0,0,0,0,0,0,0,"- ","- ",,,TRINITY,UNINCORPORATED,-123.16349182,40.751961880000003
6985249,2015,2016-11-02,9175,2015-06-05,1535,018469,,5,2,9,5300,0,1,3,,2,014,"RT 299","GRAY CREEK RD",528.00,W,N,A,-,Y,TRI,2,299,-,-,7.680,H,-,W,Y,3,0,2,1,A,-,08,22107,,N,E,I,A,A,H,-,A,D,0,,,,,Y,,D,22,0,2,0,0,0,0,0,0,0,"- ","- ",,,TRINITY,UNINCORPORATED,-123.49234063999999,40.854733490000001
7008514,2015,2017-01-13,9175,2015-07-09,1835,18469,,4,2,9,5300,0,1,3,,1,016,"RT 3","NORWEGIAN RANCH RD",175.00,N,N,B,-,Y,TRI,2,3,-,-,57.960,H,-,N,Y,2,0,3,1,A,-,01,23153,A,N,E,I,A,B,H,-,A,D,0,,,,,Y,Y,A,07,3,0,0,0,0,0,0,0,0,"- ","- ",,,TRINITY,UNINCORPORATED,-122.72712257000001,40.963590150000002
7008518,2015,2017-01-13,9175,2015-07-04,1120,17698,,6,1,9,5300,0,1,3,,2,015,"RT 3","CEDAR STOCK RD",1056.00,S,N,A,-,Y,TRI,2,3,-,-,35.740,H,-,N,Y,3,0,1,1,A,-,08,22107,,N,F,A,A,A,H,-,A,D,0,,,,,Y,,A,01,0,1,0,0,0,0,0,0,0,"- ","- ",,,TRINITY,UNINCORPORATED,-122.88945737,40.766307660000002
7008833,2015,2016-11-02,9175,2015-06-19,1520,017698,,5,2,9,5300,0,1,3,,1,011,"RT 299","GILZEAN RD",4224.00,W,N,A,-,Y,TRI,2,299,-,-,42.440,H,-,E,Y,4,0,1,1,A,-,08,22107,,N,E,I,A,A,H,-,A,D,0,,,,,Y,,A,07,0,0,1,0,0,0,0,0,0,"- ","- ",,,TRINITY,UNINCORPORATED,-123.0642297,40.742589410000001
90006180,2015,2015-10-19,9175,2015-07-17,1415,017698,,5,2,9,5300,0,1,3,,1,022,SR-36,SR-3,528.00,E,N,A,-,Y,,,,,,,,,,Y,2,0,1,1,A,-,08,22107,,N,E,I,A,A,H,-,A,D,0,,,Y,,Y,,C,02,1,0,0,0,0,0,0,0,1,"- ","- ",,,TRINITY,UNINCORPORATED,-123.17381992,40.419939249999999
90007961,2015,2015-10-19,9175,2015-07-28,1130,016084,,2,1,9,5300,0,3,5,,2,002,"USFS ROAD 31N19","STATE ROUTE 3",17952.00,E,N,A,-,N,,,,,,,,,,N,4,0,1,1,B,-,22,,,N,E,I,A,A,H,-,A,D,0,,,Y,,Y,,C,06,0,0,1,0,0,0,0,0,1,"- ","- ",,,TRINITY,UNINCORPORATED,,
90008834,2015,2015-10-19,9175,2015-08-13,1050,018250,,4,1,9,5300,0,1,3,,2,013,"SR-299 W/B","BIG MOUNTAIN ROAD",1584.00,W,N,A,-,Y,,,,,,,,,,Y,4,0,1,1,A,-,08,22107,,N,F,A,A,A,H,-,A,D,0,,,,,Y,,A,01,0,0,1,0,0,0,0,0,0,"- ","- ",,,TRINITY,UNINCORPORATED,-123.35570365,40.79400279
90011158,2015,2015-10-19,9175,2015-08-21,0030,019520,,5,3,9,5300,0,1,3,,2,015,SR-3,"RUSH CREEK RD",510.00,N,N,A,-,Y,,,3,,,,,,,Y,4,0,1,1,A,-,08,22107,,N,E,I,A,A,H,-,D,D,0,,,,,Y,,A,01,0,0,1,0,0,0,0,0,0,"- ","- ",40.795499999999997,-122.8888,TRINITY,UNINCORPORATED,-122.88884410999999,40.79553688
90011756,2015,2015-10-19,9175,2015-08-15,1724,018469,,6,2,9,5300,0,1,3,,2,015,SR-3,"EAST WEAVER CREEK RD",0.00,,Y,A,-,Y,,,,,,,,,,Y,4,0,1,2,A,-,03,22350,,N,C,C,A,A,H,-,A,D,0,,,,,Y,,D,22,0,0,1,0,0,0,0,0,0,"- ","- ",,,TRINITY,UNINCORPORATED,-122.9182699,40.750619919999998
90012424,2015,2015-10-19,9175,2015-08-22,1147,014636,,6,1,9,5300,0,1,3,,1,012,SR-299,"GILZEAN RD",528.00,W,N,A,-,Y,,,,,,,,,,Y,3,0,1,1,A,-,08,22107,,N,E,I,A,A,H,-,A,D,0,,,,,Y,,A,01,0,1,0,0,0,0,0,0,0,"- ","- ",,,TRINITY,UNINCORPORATED,-123.054607,40.730749330000002
90013089,2015,2015-10-19,9175,2015-08-26,1500,018328,,3,2,9,5300,0,1,3,,2,013,SR-299,"POKER LN",1056.00,E,N,A,-,Y,,,299,,,,,,,Y,4,0,2,2,A,-,03,22350,,N,C,C,A,A,H,-,A,D,0,,,,,Y,,D,22,0,0,2,0,0,0,0,0,0,"- ","- ",40.745460000000001,-123.26913,TRINITY,UNINCORPORATED,-123.26906408000001,40.745495550000001
90014647,2015,2015-10-19,9175,2015-08-27,1600,018250,,4,2,9,5300,0,1,3,,1,016,SR-3,"RAINIER RD",3696.00,S,N,A,-,Y,,,,,,,,,,Y,3,0,1,1,A,-,08,22107,,N,E,I,A,A,H,-,A,D,0,,,,,Y,,A,01,0,1,0,0,0,0,0,0,0,"- ","- ",,,TRINITY,UNINCORPORATED,-122.82353218,40.853048829999999
90015902,2015,2015-10-19,9175,2015-09-05,1600,018433,,6,2,9,5300,0,1,3,,1,016,"SR-3 N/B","FAWN GROUP CAMPGROUND",1056.00,N,N,A,-,Y,,,,,,,,,,N,3,0,1,1,A,-,08,22107,,N,F,A,A,A,H,-,A,D,0,,,Y,,Y,,C,02,0,1,0,0,0,0,0,0,1,"- ","- ",,,TRINITY,UNINCORPORATED,-122.84626900000001,40.846333000000001
90020604,2015,2015-10-19,9175,2015-09-05,2341,019520,,6,3,9,5300,0,3,5,,2,001,"TRINITY DAM BLVD","STATE ROUTE 299",296.00,N,N,A,-,N,,,,,,,,,,Y,3,0,1,1,A,-,03,22350,,N,E,I,A,A,H,-,D,A,0,,,,,Y,,A,01,0,1,0,0,0,0,0,0,0,"- ","- ",40.664400000000001,-122.7974,TRINITY,UNINCORPORATED,-122.79757615,40.664374960000004
90033009,2015,2015-10-19,9175,2015-10-08,1400,014636,,4,2,9,5300,0,1,3,,1,021,SR-3,SR-36,1056.00,N,N,B,-,Y,,,,,,,,,,Y,2,0,1,1,A,-,08,22107,,N,E,I,A,A,H,-,A,D,0,,,,,Y,,D,22,1,0,0,0,0,0,0,0,0,"- ","- ",,,TRINITY,UNINCORPORATED,-123.17440979,40.42251306
90037507,2015,2015-10-26,9175,2015-10-17,1300,018250,,6,1,9,5300,0,1,3,,1,016,SR-3,"ESTRELLITA ROAD",1056.00,S,N,C,-,Y,,,,,,,,,,Y,4,0,1,1,A,-,03,22350,,N,E,I,A,B,H,-,A,D,0,,,,,Y,,D,22,0,0,1,0,0,0,0,0,0,"- ","- ",,,TRINITY,UNINCORPORATED,-122.80753937,40.864993380000001
90041543,2015,2015-10-30,9175,2015-10-10,2148,018507,,6,2,9,5300,0,3,5,,2,002,"TRINITY PINES DRIVE","DOGWOOD COURT",528.00,N,N,A,-,N,,,,,,,,,,Y,3,0,1,1,A,-,01,23152,A,N,E,I,A,A,H,-,D,D,0,,,,,Y,Y,D,22,0,1,0,0,0,0,0,0,0,"- ","- ",40.425600000000003,-123.19410000000001,TRINITY,UNINCORPORATED,-123.19285000000001,40.426490000000001
90045940,2015,2016-01-12,9175,2015-09-20,2357,019520,,7,3,9,5300,0,3,5,,2,002,"TULE CREEK RD","RT 3",14784.00,W,N,A,-,N,,,,,,,,,,Y,1,1,0,1,A,-,01,23152,F,N,E,I,A,A,H,-,D,D,0,,,,,Y,Y,D,22,0,0,0,0,0,0,0,0,0,"- ","- ",40.528500000000001,-123.2236,TRINITY,UNINCORPORATED,-123.22334499999999,40.526352500000002
90048358,2015,2015-11-10,9175,2015-11-06,1553,018328,,5,2,9,5300,0,3,5,,2,002,"OAK AVE",SR-3,15.00,E,N,A,-,N,,,,,,,,,,Y,3,0,1,2,A,-,08,22107,,N,A,C,A,A,H,-,A,A,0,,,,,Y,,D,22,0,1,0,0,0,0,0,0,0,"- ","- ",,,TRINITY,UNINCORPORATED,-123.17198,40.554070000000003
90053815,2015,2015-11-18,9175,2015-11-08,0300,019520,,7,3,9,5300,0,1,3,,1,021,"STATE ROUTE 3","SUMMIT CREEK RD",14256.00,S,N,C,-,Y,,,3,,,,,,,Y,2,0,1,1,A,-,01,23152,A,N,E,I,A,B,H,-,D,D,0,,,,,Y,Y,D,22,1,0,0,0,0,0,0,0,0,"- ","- ",40.5792,-123.04431,TRINITY,UNINCORPORATED,-123.04432208,40.579202960000003
90056367,2015,2015-11-20,9175,2015-11-12,1411,014636,,4,2,9,5300,0,1,3,,1,020,SR-3,"READING CREEK RD",7392.00,S,N,A,-,Y,,,,,,,,,,Y,2,0,1,1,A,-,08,22107,,N,E,I,A,A,H,-,A,D,0,,,,,Y,,A,08,1,0,0,0,0,0,0,0,0,"- ","- ",,,TRINITY,UNINCORPORATED,-122.93883,40.62252024
90062426,2015,2015-12-01,9175,2015-11-14,1916,018507,,6,2,9,5300,0,1,3,,2,013,SR-299,"POKER LANE",3755.00,W,N,A,-,Y,,,,,,,,,,Y,2,0,1,1,A,-,03,22350,,N,E,I,A,A,H,-,D,D,0,,,,,Y,,A,01,1,0,0,0,0,0,0,0,0,"- ","- ",,,TRINITY,UNINCORPORATED,-123.28075301,40.751852309999997
90069744,2015,2015-12-10,9175,2015-12-02,1015,014636,,3,1,9,5300,0,1,3,,1,012,SR-299,"BROCK GULCH RD.",8976.00,E,N,C,-,Y,,,,,,,,,,Y,4,0,1,1,A,-,03,22350,,N,E,I,A,B,H,-,A,D,0,,,,,Y,,A,07,0,0,1,0,0,0,0,0,0,"- ","- ",,,TRINITY,UNINCORPORATED,,
90074475,2015,2015-12-15,9175,2015-12-06,1845,019479,,7,2,9,5300,0,3,5,,2,001,"TRINITY DAM BLVD","RUSH CREEK RD",0.00,,Y,C,-,N,,,,,,,,,,Y,3,0,1,1,A,-,12,22450,A,N,E,I,A,B,H,-,D,A,0,,,,,Y,,A,01,0,1,0,0,0,0,0,0,0,"- ","- ",,,TRINITY,UNINCORPORATED,-122.80365995,40.718869929999997
90086210,2015,2015-12-31,9175,2015-12-26,1525,014636,,6,2,9,5300,0,1,3,,2,015,SR-3,"TRINITY ALPS RD",1584.00,S,N,A,-,Y,,,,,,,,,,Y,3,0,1,1,A,-,08,22107,,N,E,I,A,B,H,-,A,D,0,,,,,Y,,A,07,0,1,0,0,0,0,0,0,0,"- ","- ",,,TRINITY,UNINCORPORATED,-122.86591847,40.848397839999997
90088770,2015,2016-01-05,9175,2015-12-15,1713,12749,,2,2,9,5300,0,1,3,,1,010,SR-299,SR-3,0.00,,Y,A,-,Y,,,,,,,,,,Y,2,0,1,2,A,-,09,21802,A,N,A,C,A,A,H,-,C,D,0,,,,Y,Y,,A,01,1,0,0,0,0,0,0,0,0,"- ","- ",,,TRINITY,UNINCORPORATED,-122.93831987999999,40.651429890000003
90089697,2016,2016-01-06,9175,2016-01-03,1220,013699,,7,1,9,5300,0,1,3,,1,012,"RT 299","BROCK GULCH RD",2112.00,E,N,B,-,Y,,,299,,,,,,,Y,4,0,2,2,A,-,03,22350,,N,A,C,A,B,H,-,A,A,0,,,,,Y,,D,22,0,0,2,0,0,0,0,0,0,"- ","- ",40.760599999999997,-123.0975,TRINITY,UNINCORPORATED,-123.09742842999999,40.760693670000002
90093841,2016,2016-01-12,9175,2016-01-04,0613,013699,,1,1,9,5300,0,3,5,,2,002,"HYAMPOM RD","DRINKWATER DIVIDE RD",24288.00,W,N,C,-,N,,,,,,,,,,Y,4,0,2,1,C,-,18,,,N,E,I,A,C,H,-,D,D,0,,,,,Y,,-,"- ",0,0,2,0,0,0,0,0,0,"- ","- ",40.680250000000001,-123.2689,TRINITY,UNINCORPORATED,-123.26840401,40.600268450000002
90113115,2016,2016-02-10,9175,2016-01-29,1330,018507,,5,1,9,5300,0,1,3,,1,022,SR-36,"BRAMLET ROAD",2112.00,E,N,C,-,Y,,,,,,,,,,Y,3,0,1,1,A,-,03,22350,,N,F,A,A,B,H,-,A,D,0,,,,,Y,,A,01,0,1,0,0,0,0,0,0,0,"- ","- ",,,TRINITY,UNINCORPORATED,-123.18621659,40.411753189999999
90116820,2016,2016-02-17,9175,2016-02-09,0830,013699,,2,1,9,5300,0,1,3,,1,011,"SR 299 (MAIN ST)","RANSOM RD",528.00,E,N,E,-,Y,,,,,,,,,,Y,3,0,3,2,A,-,09,21804,A,N,D,C,A,A,H,-,A,D,0,,,,,Y,,A,01,0,1,2,0,0,0,0,0,0,"- ","- ",,,TRINITY,UNINCORPORATED,-122.92509735,40.717989269999997
90129332,2016,2016-03-04,9175,2016-02-20,2030,019680,,6,2,9,5300,0,3,5,,2,002,"MORGAN HILL RD","OAK AVE",5.00,E,N,A,-,N,,,,,,,,,,Y,2,0,1,1,A,-,01,23152,A,N,E,I,A,A,H,-,D,D,0,,,Y,,Y,Y,C,02,1,0,0,0,0,0,0,0,1,"- ","- ",,,TRINITY,UNINCORPORATED,-123.17053288,40.546058170000002
90179070,2016,2016-05-13,9175,2016-05-05,1107,014636,,4,1,9,5300,0,1,3,,1,011,SR-299,SR-3,14.00,E,N,B,-,Y,,,,,,,,,,N,4,0,1,2,A,-,10,21950,A,F,G,B,B,A,H,-,A,D,0,Y,,,,Y,,D,22,0,0,1,0,1,0,0,0,0,"- ","- ",,,TRINITY,UNINCORPORATED,-122.93827028,40.651436629999999
90189820,2016,2016-05-31,9175,2016-05-21,1955,019479,,6,2,9,5300,0,1,3,,1,021,SR-3,"SUMMIT CREEK RD",2112.00,S,N,C,-,Y,,,,,,,,,,Y,4,0,1,1,A,-,03,22350,,N,F,A,A,B,H,-,A,D,0,,,,,Y,,A,07,0,0,1,0,0,0,0,0,0,"- ","- ",,,TRINITY,UNINCORPORATED,-123.09636523,40.573055760000003
90192493,2016,2016-06-01,9175,2016-05-20,0830,014636,,5,1,9,5300,0,3,5,,2,002,"LOWER MAD RIVER RD","RUTH ZENIA RD",16368.00,S,N,B,-,N,,,,,,,,,,Y,4,0,1,1,A,-,08,22107,,N,E,I,A,A,H,-,A,D,0,,,,,Y,,A,07,0,0,1,0,0,0,0,0,0,"- ","- ",,,TRINITY,UNINCORPORATED,-123.31376553,40.245467400000003
90193080,2016,2016-06-02,9175,2016-05-28,1800,019479,,6,2,9,5300,0,3,5,,2,001,"COUNCILMAN RD","FOUNTAIN RANCH RD",156.00,N,N,A,-,N,,,,,,,,,,N,3,0,2,2,A,-,03,22350,,N,F,A,A,A,H,-,A,D,0,,,Y,,Y,,C,02,0,2,0,0,0,0,0,0,2,"- ","- ",,,TRINITY,UNINCORPORATED,-123.56832,40.893299999999996
90195763,2016,2016-07-06,9175,2016-05-29,2250,019520,,7,3,9,5300,0,3,5,,2,002,"MAD RIVER RD","EAGLES NEST RD",528.00,S,N,A,-,N,,,,,,,,,,Y,1,1,2,1,A,-,01,23153,A,N,E,I,A,A,H,-,D,D,0,,,,,Y,Y,D,22,0,1,1,0,0,0,0,0,0,"- ","- ",40.33614,-123.39471,TRINITY,UNINCORPORATED,-123.39588793,40.336303569999998
90195817,2016,2016-06-07,9175,2016-05-24,0605,013699,,2,1,9,5300,0,1,3,,1,012,"RT 299","PIDGEON PT CAMP",17952.00,W,N,A,-,Y,,,,,,,,,,Y,3,0,1,1,A,-,08,22107,,N,E,I,A,A,H,-,A,D,0,,,,Y,Y,,G,25,0,1,0,0,0,0,0,0,0,"- ","- ",,,TRINITY,UNINCORPORATED,,
90196839,2016,2016-06-08,9175,2016-06-05,0040,019636,,7,3,9,5300,0,3,5,,2,001,"LEWISTON RD","PONDEROSA PINES",122.00,N,N,B,-,N,,,,,,,,,,Y,3,0,1,1,A,-,01,23152,A,N,E,I,A,A,H,-,D,D,0,,,,,Y,Y,A,01,0,1,0,0,0,0,0,0,0,"- ","- ",40.688110000000002,-122.86485,TRINITY,UNINCORPORATED,-122.86434552,40.688327219999998
90200846,2016,2016-06-14,9175,2016-06-07,0005,019520,,2,3,9,5300,0,3,5,,2,001,"TRINITY DAM BLVD","POWER HOUSE RD",370.00,N,N,A,-,N,,,,,,,,,,Y,2,0,1,1,A,-,03,22350,,N,E,I,A,A,H,-,D,D,0,,,,,Y,,A,07,1,0,0,0,0,0,0,0,0,"- ","- ",40.791519999999998,-122.77018,TRINITY,UNINCORPORATED,-122.77033061,40.788198450000003
90202530,2016,2016-06-15,9175,2016-06-10,1030,018250,,5,1,9,5300,0,1,3,,2,014,"SR-299 W/B","HANSEN ROAD",528.00,W,N,A,-,Y,,,,,,,,,,Y,4,0,1,3,A,-,03,22350,,N,C,C,A,A,D,-,A,A,0,,,,Y,Y,,G,25,0,0,1,0,0,0,0,0,0,"- ","- ",,,TRINITY,UNINCORPORATED,,
90208461,2016,2016-06-23,9175,2016-06-21,1900,019636,,2,2,9,5300,0,1,3,,2,014,SR-299,"BURNT RANCH SCHOOL RD",1584.00,W,N,A,-,Y,,,299,,,,,,,Y,2,0,1,1,A,-,01,23152,A,N,F,A,A,A,H,-,A,D,0,,,Y,,Y,Y,C,02,1,0,0,0,0,0,0,0,1,"- ","- ",40.813450000000003,-123.47871000000001,TRINITY,UNINCORPORATED,-123.47871809999999,40.813453879999997
90211399,2016,2016-06-28,9175,2016-06-12,1530,15928,,7,2,9,5300,0,1,3,,2,013,"STATE ROUTE 299","CORRAL BOTTOM ROAD",5808.00,W,N,A,-,Y,,,,,,,,,,Y,3,0,4,2,A,-,09,21801,A,N,B,C,A,A,H,-,A,D,0,,,,,Y,,D,22,0,3,1,0,0,0,0,0,0,"- ","- ",,,TRINITY,UNINCORPORATED,-123.26931721,40.74610397
90211463,2016,2016-06-28,9175,2016-06-18,1350,014636,,6,1,9,5300,0,1,3,,2,013,SR-299,"PRAIRIE CREEK RD",528.00,W,N,A,-,Y,,,,,,,,,,Y,2,0,1,1,A,-,08,22107,,N,F,A,A,A,H,-,A,D,0,,,,,Y,,D,22,1,0,0,0,0,0,0,0,0,"- ","- ",,,TRINITY,UNINCORPORATED,-123.28737768000001,40.761811539999997
90211542,2016,2016-06-28,9175,2016-06-26,0810,15928,,7,1,9,5300,0,1,3,,1,016,"STATE ROUTE 3","BUCKEYE CREEK ROAD",1056.00,S,N,A,-,Y,,,,,,,,,,Y,4,0,1,1,A,-,03,22350,,N,E,I,A,A,H,-,A,A,0,,,Y,,Y,,C,02,0,0,1,0,0,0,0,0,1,"- ","- ",,,TRINITY,UNINCORPORATED,-122.69959828,41.038150690000002
90217809,2016,2016-07-07,9175,2016-07-05,1540,017418,,2,2,9,5300,0,1,3,,2,015,SR-3,"TRINITY ALPS RD",8976.00,N,N,A,-,Y,,,3,,,,,,,Y,4,0,1,1,A,-,03,22350,,N,E,I,A,A,H,-,A,D,0,,,,,Y,Y,A,07,0,0,1,0,0,0,0,0,0,"- ","- ",40.846139999999998,-122.83875,TRINITY,UNINCORPORATED,-122.83873112000001,40.846126140000003
90229959,2016,2016-07-25,9175,2016-07-19,2100,016084,,2,2,9,5300,0,3,5,,2,002,"HYAMPOM ROAD","STATE ROUTE 3",20064.00,W,N,A,-,N,,,,,,,,,,Y,4,0,1,1,A,-,01,23152,A,N,E,I,A,A,H,-,D,D,0,,,,,Y,Y,A,01,0,0,1,0,0,0,0,0,0,"- ","- ",,,TRINITY,UNINCORPORATED,-123.24000276,40.573680459999999
90234409,2016,2016-08-01,9175,2016-07-26,1815,019520,,2,2,9,5300,0,1,3,,2,014,"STATE ROUTE 299","SALYER REST AREA ROAD",1584.00,W,N,A,-,Y,,,299,,,,,,,Y,3,0,1,1,A,-,03,22350,,N,E,I,A,A,H,-,A,D,0,,,,,Y,,D,22,0,1,0,0,0,0,0,0,0,"- ","- ",40.883629999999997,-123.54644999999999,TRINITY,UNINCORPORATED,-123.54645535,40.883509429999997
90239566,2016,2016-08-08,9175,2016-08-04,1315,018250,,4,1,9,5300,0,1,3,,1,011,"SR-299 W/B","COURT ST",15.00,E,N,A,-,Y,,,,,,,,,,N,4,0,1,2,A,-,03,22350,,N,C,C,A,A,H,-,A,D,0,,,,,Y,,A,01,0,0,1,0,0,0,0,0,0,"- ","- ",,,TRINITY,UNINCORPORATED,-122.941008,40.734099000000001
90239610,2016,2016-08-08,9175,2016-08-05,1710,013699,,5,2,9,5300,0,1,3,,1,021,"RT 3","DEER LICK SPRINGS RD",26400.00,S,N,A,-,Y,,,,,,,,,,Y,4,0,2,1,A,-,08,22107,,N,E,I,A,A,H,-,A,D,0,,,,,Y,,A,08,0,0,2,0,0,0,0,0,0,"- ","- ",,,TRINITY,UNINCORPORATED,-122.99311566,40.619197329999999
90239657,2016,2016-08-08,9175,2016-08-04,1911,019680,,4,2,9,5300,0,1,3,,1,012,"RT 299","WHEEL GULCH RD",3696.00,E,N,A,-,Y,,,,,,,,,,Y,4,0,1,1,A,-,08,22107,,N,E,I,A,A,H,-,A,D,0,,,,,Y,,D,22,0,0,1,0,0,0,0,0,0,"- ","- ",,,TRINITY,UNINCORPORATED,-123.1925885,40.737528580000003
90251475,2016,2016-09-22,9175,2016-05-26,1605,018507,,4,2,9,5300,0,1,3,,1,016,"SR-3 N/B","N. FORK CUTOFF",1056.00,N,N,A,-,Y,,,,,,,,,,Y,1,1,0,1,A,-,01,23152,A,N,E,I,A,A,H,-,A,D,0,,,Y,,Y,Y,C,02,0,0,0,0,0,0,0,1,0,"- ","- ",,,TRINITY,UNINCORPORATED,-122.70243793,40.992095759999998
90251672,2016,2016-08-24,9175,2016-08-10,1810,019636,,3,2,9,5300,0,1,3,,1,017,SR-3,"EAGLE CREEK LOOP",5280.00,N,N,A,-,Y,,,3,,,,,,,Y,3,0,1,1,C,-,18,,,N,E,H,A,A,H,-,A,D,0,,,Y,,Y,,-,"- ",0,1,0,0,0,0,0,0,1,"- ","- ",41.123489999999997,-122.70065,TRINITY,UNINCORPORATED,-122.70085573,41.123657280000003
90277131,2016,2016-09-27,9175,2016-09-25,1005,017054,,7,1,9,5300,0,1,3,,1,022,"STATE ROUTE 36","STATE ROUTE 3",10560.00,E,N,A,-,Y,,,36,,,,,,,Y,4,0,1,1,A,-,08,22107,,N,E,I,A,A,H,-,A,D,0,,,,,Y,,A,01,0,0,1,0,0,0,0,0,0,"- ","- ",40.410870000000003,-123.15946,TRINITY,UNINCORPORATED,-123.15946151999999,40.410918639999998
90278305,2016,2016-09-28,9175,2016-07-14,2500,018250,,4,4,9,5300,0,1,3,,1,012,"SR-299 W/B","POWER HOUSE RD",1056.00,W,N,A,-,Y,,,,,,,,,,Y,1,1,0,1,A,-,01,23152,E,N,E,I,A,A,H,-,A,D,0,,,,,Y,,A,01,0,0,0,0,0,0,0,0,0,"- ","- ",,,TRINITY,UNINCORPORATED,-123.06691076,40.758986790000002
90280866,2016,2016-09-30,9175,2016-09-21,0700,018250,,3,1,9,5300,0,1,3,,1,010,SR-299,"STEEL BRIDGE RD",13.00,W,N,A,-,Y,,,,,,,,,,Y,3,0,2,3,A,-,09,21802,A,N,D,C,A,A,H,-,A,A,0,,,,Y,Y,,D,22,0,2,0,0,0,0,0,0,0,"- ","- ",,,TRINITY,UNINCORPORATED,-122.89485999999999,40.659010000000002
90283448,2016,2016-10-04,9175,2016-09-25,0640,013699,,7,1,9,5300,0,1,3,,2,013,"RT 299","BIG MOUNTAIN RD",12144.00,W,N,A,-,Y,,,,,,,,,,Y,3,0,1,1,A,-,08,22107,,N,E,J,A,A,G,-,A,D,0,,,,,Y,,A,01,0,1,0,0,0,0,0,0,0,"- ","- ",,,TRINITY,UNINCORPORATED,-123.38843898,40.800252280000002
90295886,2016,2016-10-19,9175,2016-10-16,1855,019877,,7,2,9,5300,0,3,5,,2,002,"DIRT RD. OFF OREGON ST.","DEMOCRAT GULCH RD",528.00,N,N,B,C,N,,,,,,,,,,N,3,0,1,2,A,-,17,21712,B,N,G,B,E,B,H,-,D,D,0,Y,,,,Y,,N,60,0,1,0,0,1,0,0,0,0,"- ","- ",40.732469999999999,-122.95938,TRINITY,UNINCORPORATED,-122.95907869,40.732361930000003
90313191,2016,2016-11-07,9175,2016-10-31,1240,016084,,1,1,9,5300,0,1,3,,1,022,"STATE ROUTE 36","USFS ROUTE 1",4752.00,E,N,C,-,Y,,,,,,,,,,Y,4,0,2,1,C,-,18,,,N,E,I,A,B,H,-,A,D,0,,,,,Y,,-,"- ",0,0,2,0,0,0,0,0,0,"- ","- ",,,TRINITY,UNINCORPORATED,,
90319538,2016,2016-11-15,9175,2016-11-04,1535,018268,,5,2,9,5300,0,1,3,,1,010,"SR-299 W/B","TRINITY DAM BLVD",16368.00,E,N,A,-,Y,,,,,,,,,,Y,3,0,1,1,A,-,01,23152,A,N,F,A,A,A,H,-,A,D,0,,,,,Y,Y,A,01,0,1,0,0,0,0,0,0,0,"- ","- ",,,TRINITY,UNINCORPORATED,-122.7481865,40.650412260000003
90327164,2016,2016-11-22,9175,2016-11-10,2019,019683,,4,2,9,5300,0,1,3,,1,011,SR-299,"LANCE GULCH RD.",528.00,E,N,A,-,Y,,,,,,,,,,N,3,0,1,1,C,-,18,,,N,H,H,A,A,H,-,C,D,0,,,Y,,Y,,-,"- ",0,1,0,0,0,0,0,0,1,"- ","- ",,,TRINITY,UNINCORPORATED,,
90334928,2016,2016-12-27,9175,2016-11-09,1715,016084,,3,2,9,5300,0,3,5,,2,002,"TULE CREEK ROAD","GREEN GATE ROAD",474.00,W,N,A,-,N,,,,,,,,,,Y,1,1,0,1,A,-,08,22107,,N,E,I,A,A,H,-,B,D,0,,,,,Y,,A,01,0,0,0,0,0,0,0,0,0,"- ","- ",,,TRINITY,UNINCORPORATED,-123.21947247,40.534426410000002
90335869,2016,2016-12-02,9175,2016-11-30,1710,019520,,3,2,9,5300,0,1,3,,2,015,"STATE ROUTE 3","BUTLER RANCH RD",230.00,S,N,B,-,Y,,,,,,,,,,Y,3,0,1,1,A,-,01,23152,A,N,F,A,A,B,H,-,D,D,0,,,,,Y,Y,A,01,0,1,0,0,0,0,0,0,0,"- ","- ",,,TRINITY,UNINCORPORATED,,
90345917,2016,2016-12-15,9175,2016-12-02,0851,014636,,5,1,9,5300,0,1,3,,2,013,SR-299,"IRON MOUNTAIN RD",5280.00,W,N,B,-,Y,,,,,,,,,,Y,2,0,1,1,A,-,03,22350,,N,F,A,A,A,H,-,A,D,0,,,,Y,Y,,G,25,1,0,0,0,0,0,0,0,0,"- ","- ",,,TRINITY,UNINCORPORATED,,
90354465,2016,2016-12-27,9175,2016-12-15,0200,019683,,4,3,9,5300,0,3,5,,2,002,"MAD RIVER RD","BEAR CANYON RD",1056.00,S,N,C,-,N,,,,,,,,,,Y,4,0,2,1,C,-,18,,,N,E,J,A,B,C,-,D,D,0,,,,,Y,,-,"- ",0,0,2,0,0,0,0,0,0,"- ","- ",40.277529999999999,-123.32991,TRINITY,UNINCORPORATED,-123.32969151,40.277244529999997
90405602,2017,2017-03-03,9175,2017-02-24,0300,020464,,5,3,9,5300,0,1,3,,1,012,SR-299,"BIG FLAT CREEK",10560.00,E,N,A,-,Y,,,,,,,,,,Y,4,0,1,1,A,-,08,22107,,N,B,I,A,A,H,-,D,D,0,,,,Y,Y,,G,25,0,0,1,0,0,0,0,0,0,"- ","- ",,,TRINITY,UNINCORPORATED,,
90407041,2017,2017-03-07,9175,2017-02-26,1100,013699,,7,1,9,5300,0,1,3,,1,022,"RT 36","WILD MAD RD",13200.00,W,N,B,-,Y,,,,,,,,,,Y,3,0,1,1,A,-,08,22107,,N,E,I,A,A,H,-,A,D,0,,,,,Y,,A,01,0,1,0,0,0,0,0,0,0,"- ","- ",,,TRINITY,UNINCORPORATED,-123.10283661,40.39525269
90414315,2017,2017-03-17,9175,2017-03-11,1655,018328,,6,2,9,5300,0,3,5,,2,002,"RED HILL RD","CONNER CREEK RD",2640.00,W,N,A,-,N,,,,,,,,,,Y,3,0,1,1,A,-,08,22107,,N,E,I,A,A,H,-,A,D,0,,,,,Y,,A,01,0,1,0,0,0,0,0,0,0,"- ","- ",,,TRINITY,UNINCORPORATED,-123.08253084,40.753029900000001
90429893,2017,2017-04-07,9175,2017-04-01,1215,014636,,6,1,9,5300,0,1,3,,2,015,SR-3,"HORSESHOE LN",0.00,,Y,A,-,Y,,,,,,,,,,N,3,0,1,2,A,-,08,22107,,M,D,C,A,A,H,-,A,D,0,,,,,Y,,D,22,0,1,0,0,0,0,0,0,0,"- ","- ",,,TRINITY,UNINCORPORATED,-122.93076987000001,40.73581995
90440263,2017,2017-04-24,9175,2017-04-17,2350,019520,,1,3,9,5300,0,1,3,,1,022,"STATE ROUTE 36","MAD RIVER ROCK LOOKOUT",528.00,E,N,C,-,Y,,,36,,,,,,,Y,4,0,1,1,A,-,01,23152,A,N,F,A,A,B,H,-,C,D,0,,,,,Y,Y,D,22,0,0,1,0,0,0,0,0,0,"- ","- ",40.461039999999997,-123.52561,TRINITY,UNINCORPORATED,-123.52560502999999,40.460994829999997
90453091,2017,2017-05-10,9175,2017-05-02,1930,017031,,2,2,9,5300,0,3,5,,2,002,"LOWER SOUTH FORK ROAD","KERLIN CREEK ROAD",990.00,S,N,A,-,N,,,,,,,,,,Y,1,1,1,1,A,-,01,23152,A,N,E,I,A,A,H,-,A,D,0,,,,,Y,Y,A,07,1,0,0,0,0,0,0,0,0,"- ","- ",40.619300000000003,-123.47318,TRINITY,UNINCORPORATED,-123.47322609,40.619279509999998
90457750,2017,2017-05-17,9175,2017-05-09,2215,016084,,2,3,9,5300,0,3,5,,2,002,"MASONIC LANE",SR-299,1000.00,S,N,A,-,N,,,,,,,,,,N,3,0,1,1,A,-,01,23152,A,M,E,I,A,A,H,-,C,D,0,,,,,Y,Y,D,22,0,1,0,0,0,0,0,0,0,"- ","- ",40.724899999999998,-122.93454,TRINITY,UNINCORPORATED,-122.93489814,40.723697479999998
90465705,2017,2017-05-26,9175,2017-05-22,1430,019520,,1,2,9,5300,0,1,3,,1,022,"STATE ROUTE 36","FLUME GULCH RD",1320.00,E,N,A,-,Y,,,36,,,,,,,Y,3,0,1,1,A,-,03,22350,,N,F,A,A,A,H,-,A,D,0,,,,Y,Y,,G,25,0,1,0,0,0,0,0,0,0,"- ","- ",40.385199999999998,-123.2938,TRINITY,UNINCORPORATED,-123.29387383,40.385250829999997
90466761,2017,2017-05-30,9175,2017-05-22,1315,012749,,1,1,9,5300,0,1,3,,1,011,SR-299,"MINER ST",13200.00,W,N,A,-,Y,,,,,,,,,,Y,2,0,1,1,A,-,03,22350,,N,F,A,A,A,H,-,A,D,0,,,,Y,Y,,G,27,1,0,0,0,0,0,0,0,0,"- ","- ",,,TRINITY,UNINCORPORATED,,
90475923,2017,2017-06-12,9175,2017-05-25,1605,019479,,4,2,9,5300,0,1,3,,1,021,SR-3,SR-36,12672.00,N,N,A,-,Y,,,,,,,,,,Y,4,0,1,1,A,-,08,22107,,N,F,A,A,A,H,-,A,D,0,,,Y,,Y,,C,02,0,0,1,0,0,0,0,0,1,"- ","- ",,,TRINITY,UNINCORPORATED,-123.15763247,40.438853860000002
90475982,2017,2017-06-12,9175,2017-06-06,1955,019485,,2,2,9,5300,0,1,3,,1,011,SR-299,"BUCKHORN STATION LOOP RD (EAST)",2640.00,E,N,A,-,Y,,,299,,,,,,,N,4,0,1,1,A,-,08,22107,,N,F,I,A,A,H,-,A,D,0,,,Y,,Y,,C,02,0,0,1,0,0,0,0,0,1,"- ","- ",40.659619999999997,-122.77865,TRINITY,UNINCORPORATED,-122.77869631999999,40.659592940000003
90481820,2017,2017-06-20,9175,2017-06-18,1040,012749,,7,1,9,5300,0,1,3,,2,014,"RT 299","BURNT RANCH SCHOOL RD",1000.00,E,N,A,-,Y,,,,,,,,,,Y,4,0,1,1,A,-,08,22107,,N,E,I,A,A,H,-,A,D,0,,,,,Y,,A,01,0,0,1,0,0,0,0,0,0,"- ","- ",,,TRINITY,UNINCORPORATED,-123.47383756000001,40.808157559999998
90492558,2017,2017-07-03,9175,2017-06-29,1625,018507,,4,2,9,5300,0,3,5,,2,002,"ZENIA BLUFF RD","OLD BLUFF ROAD",4224.00,S,N,A,-,N,,,,,,,,,,N,2,0,1,1,A,-,01,23152,A,N,E,I,A,A,H,-,A,D,0,,,Y,,Y,Y,C,06,1,0,0,0,0,0,0,0,1,"- ","- ",,,TRINITY,UNINCORPORATED,,
90493784,2017,2017-07-05,9175,2017-06-24,1830,019479,,6,2,9,5300,0,3,5,,2,002,"KINGSBURY ROAD","PINE AVE",9504.00,S,N,A,-,N,,,,,,,,,,N,4,0,1,1,A,-,08,22107,,N,A,I,A,A,H,-,A,D,0,,,Y,,Y,,C,06,0,0,1,0,0,0,0,0,1,"- ","- ",,,TRINITY,UNINCORPORATED,-123.15761697000001,40.518841870000003
90497907,2017,2017-07-11,9175,2017-06-30,0440,019877,,5,3,9,5300,0,1,3,,1,012,SR-299,"EAST FORK RD.",16896.00,W,N,A,-,Y,,,,,,,,,,Y,3,0,1,1,A,-,08,22107,,N,E,I,A,A,H,-,D,D,0,,,,Y,Y,,G,25,0,1,0,0,0,0,0,0,0,"- ","- ",,,TRINITY,UNINCORPORATED,-123.16849913999999,40.749180369999998
90497929,2017,2017-07-11,9175,2017-07-04,2000,019636,,2,2,9,5300,0,3,5,,2,001,"TRINITY DAM BLVD","FAIRVIEW DR",2640.00,S,N,A,-,N,,,,,,,,,,Y,4,0,1,1,A,-,08,22107,,N,E,I,A,A,H,-,A,D,0,,,,,Y,,A,01,0,0,1,0,0,0,0,0,0,"- ","- ",40.484409999999997,-122.4624,TRINITY,UNINCORPORATED,,
90505134,2017,2017-07-20,9175,2017-07-15,0950,018268,,6,1,9,5300,0,1,3,,2,014,SR-299,"EAST FORK RD",1584.00,W,N,A,-,Y,,,299,,,,,,,N,3,0,1,1,A,-,03,22350,,N,F,I,A,A,H,-,A,D,0,,,Y,,Y,,C,02,0,1,0,0,0,0,0,0,1,"- ","- ",40.768650000000001,-123.13276,TRINITY,UNINCORPORATED,-123.13274884,40.768665749999997
90513701,2017,2017-08-01,9175,2017-07-27,0210,019877,,4,3,9,5300,0,1,3,,1,011,SR-299,"LITTLE BROWNS CREEK RD",700.00,W,N,A,-,Y,,,299,,,,,,,Y,2,0,1,1,A,-,01,23152,A,N,E,I,A,A,H,-,D,D,0,,,,,Y,Y,A,07,1,0,0,0,0,0,0,0,0,"- ","- ",40.697499999999998,-122.92870000000001,TRINITY,UNINCORPORATED,-122.92872081,40.697513149999999
90523792,2017,2017-08-15,9175,2017-08-10,0155,019485,,4,3,9,5300,0,1,3,,1,011,"SR-299 E/B","LITTLE BROWNS CREEK RD",2112.00,E,N,A,-,Y,,,299,,,,,,E,Y,4,0,1,1,A,-,08,22107,,N,E,I,A,A,H,-,D,D,0,,,,,Y,,A,07,0,0,1,0,0,0,0,0,0,"- ","- ",40.690199999999997,-122.9333,TRINITY,UNINCORPORATED,-122.93335788,40.690222779999999
90523873,2017,2018-01-30,9175,2017-07-23,1535,012749,,7,2,9,5300,0,1,3,,2,014,SR-299,"TUNNEL FLAT RIVER ACCESS RD",127.00,W,N,A,-,Y,,,299,,,,,,,Y,1,1,0,2,A,-,01,23152,A,N,A,C,A,A,H,-,A,D,0,,,Y,,Y,Y,C,02,0,0,0,0,0,0,0,1,0,"- ","- ",40.883389999999999,-123.54767,TRINITY,UNINCORPORATED,-123.54764939,40.883347430000001
90523966,2017,2017-08-15,9175,2017-08-08,1335,15928,,2,1,9,5300,0,1,3,,1,022,"STATE ROUTE 36","TRINITY PINES DRIVE",19536.00,W,N,B,-,Y,,,36,,,,,,,Y,3,0,2,2,A,-,05,21460,A,N,A,C,A,A,H,-,A,D,0,,,,,Y,,A,07,0,1,1,0,0,0,0,0,0,"- ","- ",40.392139999999998,-123.26455,TRINITY,UNINCORPORATED,-123.26452883,40.392062520000003
90535930,2017,2017-08-29,9175,2017-08-23,0150,020580,,3,3,9,5300,0,1,3,,2,014,SR-299,"UNDERWOOD MOUNTAIN RD",2640.00,E,N,A,-,Y,,,,,,,,,,Y,3,0,1,1,A,-,03,22350,,N,F,A,A,A,H,-,D,D,0,,,,Y,Y,,G,27,0,1,0,0,0,0,0,0,0,"- ","- ",40.800849999999997,-123.45593,TRINITY,UNINCORPORATED,-123.46553225,40.80141424
90541711,2017,2017-09-06,9175,2017-09-03,2350,019636,,7,3,9,5300,0,3,5,,2,002,"TEXAS ST","DONNER ST",31.00,W,N,F,-,N,,,,,,,,,,Y,3,0,1,3,A,-,03,22350,,M,C,E,A,A,H,-,C,D,0,,,,,Y,,A,01,0,1,0,0,0,0,0,0,0,"- ","- ",40.699689999999997,-122.8044,TRINITY,UNINCORPORATED,-122.80426304,40.699722979999997
90545961,2017,2017-09-12,9175,2017-08-31,1605,020683,,4,2,9,5300,0,1,3,,1,010,SR-299,"POKER BAR RD",2640.00,W,N,A,-,Y,,,299,,,,,,,Y,4,0,1,1,A,-,08,22107,,N,F,I,A,A,H,-,A,D,0,,,,,Y,,A,01,0,0,1,0,0,0,0,0,0,"- ","- ",40.668140000000001,-122.88673,TRINITY,UNINCORPORATED,-122.88676098000001,40.668223820000001
90546030,2017,2017-09-12,9175,2017-09-10,0100,020683,,7,3,9,5300,0,3,5,,2,002,"HYAMPOM RD.",SR-3,16368.00,W,N,A,-,N,,,,,,,,,,Y,3,0,1,1,A,-,08,22107,,N,E,I,A,A,H,-,D,D,0,,,,,Y,,A,07,0,1,0,0,0,0,0,0,0,"- ","- ",40.568649999999998,-122.23414,TRINITY,UNINCORPORATED,-123.23230581,40.56656942
90546202,2017,2017-09-12,9175,2017-08-17,2500,020683,,4,4,9,5300,0,3,5,,2,002,"INDIAN CREEK ROAD","JOSEPH GULCH RD",815.00,E,N,A,-,N,,,,,,,,,,N,1,1,1,1,A,-,08,22107,,N,E,I,A,A,H,-,D,D,0,,,Y,,Y,,C,06,1,0,0,0,0,0,0,1,1,"- ","- ",40.601280000000003,-122.81258,TRINITY,UNINCORPORATED,-122.81253576,40.601164509999997
90550960,2017,2017-09-19,9175,2017-09-07,2135,018507,,4,2,9,5300,0,1,3,,1,022,SR-36,SR-3,6864.00,E,N,B,-,Y,,,36,,,,,,,N,4,0,1,1,A,-,03,22350,,N,E,I,A,A,H,-,D,D,0,,,Y,,Y,,C,02,0,0,1,0,0,0,0,0,1,"- ","- ",40.410919999999997,-123.15949999999999,TRINITY,UNINCORPORATED,-123.15949992,40.410917439999999
90550999,2017,2017-09-19,9175,2017-09-10,1634,020464,,7,2,9,5300,0,3,5,,2,002,"FOREST SERVICE RD 1",SR-36,10032.00,N,N,A,-,N,,,,,,,,,,Y,2,0,1,1,C,-,18,,,N,E,I,A,A,H,-,A,D,0,,,Y,,Y,,-,"- ",1,0,0,0,0,0,0,0,1,"- ","- ",40.471499999999999,-123.50920000000001,TRINITY,UNINCORPORATED,-123.50920000000001,40.471499999999999
90551020,2017,2017-09-19,9175,2017-09-12,1820,019636,,2,2,9,5300,0,1,3,,1,011,"MAIN ST","BREMER ST",31.00,E,N,A,-,Y,,,,,,,,,,N,4,0,1,2,A,-,03,22350,,N,C,D,A,A,H,-,A,D,0,,,,,Y,,A,08,0,0,1,0,0,0,0,0,0,"- ","- ",40.729320000000001,-122.93901,TRINITY,UNINCORPORATED,-122.93895996000001,40.729270509999999
90560975,2017,2017-10-02,9175,2017-09-28,0200,020580,,4,3,9,5300,0,3,5,,2,002,"PATTISON RANCH RD","CORRAL BOTTOM RD",3696.00,W,N,A,-,N,,,,,,,,,,N,4,0,1,1,A,-,08,22107,,N,A,I,A,A,H,-,D,D,0,,,,,Y,Y,A,01,0,0,1,0,0,0,0,0,0,"- ","- ",40.738689999999998,-123.28879999999999,TRINITY,UNINCORPORATED,-123.25512999999999,40.736499999999999
90564473,2017,2017-10-06,9175,2017-09-30,2310,020580,,6,3,9,5300,0,1,3,,2,015,SR-3,"SLATE CREEK RD",1056.00,N,N,A,-,Y,,,3,,,,,,,Y,4,0,1,1,A,-,08,22107,,N,F,A,A,A,H,-,D,D,0,,,,,Y,,A,01,0,0,1,0,0,0,0,0,0,"- ","- ",40.832009999999997,-122.878,TRINITY,UNINCORPORATED,-122.87803326,40.83204971
90567970,2017,2017-11-08,9175,2017-09-19,1830,019636,,2,2,9,5300,0,1,3,,1,011,SR-299,"TUCKER HILL RD",346.00,E,N,B,-,Y,,,299,,,,,,,Y,1,1,7,2,A,-,09,21804,A,N,D,C,A,A,H,-,A,A,0,,,,,Y,,A,01,2,2,3,0,0,0,0,0,0,"- ","- ",40.665799999999997,-122.9427,TRINITY,UNINCORPORATED,-122.94268549,40.665808740000003
90571811,2017,2017-10-18,9175,2017-10-12,2130,020580,,4,2,9,5300,0,3,5,,2,002,"LOWER MAD RIVER ROAD","RUTH LAKE CAMPGROUND RD",317.00,S,N,A,-,N,,,,,,,,,,Y,2,0,3,2,A,-,01,23152,A,N,A,C,A,A,H,-,D,D,0,,,,,Y,Y,A,01,1,1,1,0,0,0,0,0,0,"- ","- ",40.3322,-123.39191,TRINITY,UNINCORPORATED,-123.38969886,40.326855350000002
90571904,2017,2017-10-18,9175,2017-10-06,1445,019877,,5,2,9,5300,0,1,3,,1,022,SR-36,SR-3,528.00,W,N,A,-,Y,,,36,,,,,,,Y,4,0,1,1,A,-,03,22350,,N,F,A,A,A,H,-,A,D,0,,,,Y,Y,,G,25,0,0,1,0,0,0,0,0,0,"- ","- ",40.417279999999998,-123.17829999999999,TRINITY,UNINCORPORATED,-123.17831624999999,40.417301860000002
90572575,2017,2017-10-18,9175,2017-10-09,2150,012749,,1,2,9,5300,0,1,3,,1,021,SR-3,"FOREST AVE",0.00,,Y,A,-,Y,,,,,,,,,,Y,2,0,2,1,A,-,01,23152,A,F,E,I,A,A,H,-,C,D,0,,,,,Y,Y,D,22,1,1,0,0,0,0,0,0,0,"- ","- ",40.613720000000001,-123.07142,TRINITY,UNINCORPORATED,-123.16259986999999,40.552619960000001
90577015,2017,2017-10-24,9175,2017-10-18,2015,019485,,3,2,9,5300,0,1,3,,2,015,"SR-3 S/B","HAYFORK SUMMIT",29040.00,N,N,A,-,Y,,,3,,,,,,S,Y,2,0,2,1,A,-,08,22107,,N,F,I,A,A,H,-,D,D,0,,,Y,,Y,,C,02,1,1,0,0,0,0,0,0,2,"- ","- ",40.6173,-122.9821,TRINITY,UNINCORPORATED,-122.98214974,40.617353059999999
90583924,2017,2017-10-31,9175,2017-10-21,1105,014636,,6,1,9,5300,0,1,3,,1,011,SR-299,"UNION HILL RD",1584.00,E,N,B,-,Y,,,299,,,,,,,Y,3,0,1,1,A,-,08,22107,,N,F,A,A,B,H,-,A,D,0,,,,,Y,,D,22,0,1,0,0,0,0,0,0,0,"- ","- ",40.664999999999999,-122.94228,TRINITY,UNINCORPORATED,-122.94227019,40.665003210000002
90589316,2017,2017-11-07,9175,2017-11-01,1530,012749,,3,2,9,5300,0,1,3,,1,021,SR-3,"DEER LICK SPRINGS RD",52800.00,S,N,A,-,Y,,,,,,,,,,Y,4,0,1,1,A,-,03,22350,,N,F,A,A,A,H,-,A,D,0,,,,,Y,,D,22,0,0,1,0,0,0,0,0,0,"- ","- ",40.545560000000002,-122.89406,TRINITY,UNINCORPORATED,-123.02029949999999,40.592985480000003
90615336,2017,2017-12-12,9175,2017-12-07,1900,019485,,4,2,9,5300,0,1,3,,1,021,SR-3,"13 DIPS RD",2112.00,S,N,A,-,Y,,,3,,,,,,,Y,3,0,1,1,A,-,03,22350,,N,E,J,A,C,H,-,D,D,0,,,,,Y,,A,01,0,1,0,0,0,0,0,0,0,"- ","- ",40.450470000000003,-123.16164999999999,TRINITY,UNINCORPORATED,-123.16164784999999,40.450492869999998
90618291,2017,2017-12-15,9175,2017-12-09,1620,019485,,6,2,9,5300,0,1,3,,1,010,SR-299,SR-3,1056.00,E,N,A,-,Y,,,299,,,,,,,Y,3,0,1,1,A,-,08,22107,,N,F,J,A,B,H,-,A,D,0,,,,,Y,,D,22,0,1,0,0,0,0,0,0,0,"- ","- ",40.652729999999998,-122.93331999999999,TRINITY,UNINCORPORATED,-122.93331311999999,40.652715919999999
90622537,2017,2017-12-21,9175,2017-12-15,1740,019636,,5,2,9,5300,0,1,3,,1,021,SR-3,"HYAMPOM RD",52.00,S,N,A,-,Y,,,,,,,,,,Y,3,0,1,1,A,-,08,22107,,N,E,I,A,A,H,-,C,D,0,,,,,Y,,A,01,0,1,0,0,0,0,0,0,0,"- ","- ",,,TRINITY,UNINCORPORATED,-123.19068765,40.55268452
90627011,2017,2017-12-26,9175,2017-12-21,2300,019485,,4,3,9,5300,0,3,5,,2,001,"1000 HATCHERY RD","TRINITY DAM BLVD",5280.00,E,N,A,-,N,,,,,,,,,,N,3,0,1,1,A,-,03,22350,,M,E,I,A,C,H,-,D,D,0,,,,,Y,Y,A,01,0,1,0,0,0,0,0,0,0,"- ","- ",40.724960000000003,-122.79962999999999,TRINITY,UNINCORPORATED,-122.79962999999999,40.724960000000003
90639272,2018,2018-01-12,9175,2018-01-11,0908,014636,,4,1,9,5300,0,1,3,,1,012,SR-299,"CANYON CREEK RD",7392.00,W,N,B,-,Y,,,299,,,,,,,Y,4,0,1,1,A,-,08,22107,,N,F,A,A,B,H,-,A,D,0,,,,Y,Y,,F,26,0,0,1,0,0,0,0,0,0,"- ","- ",40.747951507568359,-123.06233978271484,TRINITY,UNINCORPORATED,-123.06234741210938,40.747955322265625
90687786,2018,2018-03-22,9175,2018-03-21,1610,016084,,3,2,9,5300,0,1,3,,1,021,"RT 3","WILDWOOD ROAD",2112.00,S,N,C,-,Y,,,,,,,,,,Y,4,0,2,1,A,-,08,22107,,N,E,I,A,B,H,-,A,D,0,,,,,Y,,A,01,0,0,2,0,0,0,0,0,0,"- ","- ",,,TRINITY,UNINCORPORATED,-123.10821533203125,40.558177947998047
90702649,2018,2018-04-10,9175,2018-04-08,1355,020722,,7,1,9,5300,0,1,3,,1,010,"SR-299 W/B","RIVER RANCH RD",1056.00,E,N,A,-,Y,,,299,,,,,,W,Y,3,0,3,2,A,-,05,21460,A,N,A,C,A,A,H,-,A,D,0,,,,,Y,,A,01,0,1,2,0,0,0,0,0,0,"- ","- ",40.658130645751953,-122.91776275634766,TRINITY,UNINCORPORATED,-122.91776275634766,40.658161163330078
90720348,2018,2018-05-04,9175,2018-05-03,0830,019485,,4,1,9,5300,0,1,3,,1,020,SR-3,"DEER LICK SPRINGS RD",1320.00,N,N,A,-,Y,,,3,,,,,,,N,4,0,2,2,A,-,04,21703,,N,C,C,A,A,H,-,A,D,0,,,,,Y,,D,22,0,0,2,0,0,0,0,0,0,"- ","- ",40.621868133544922,-122.93929290771484,TRINITY,UNINCORPORATED,-122.93915557861328,40.621807098388672
90722408,2018,2018-05-08,9175,2018-05-03,1825,021253,,4,2,9,5300,0,1,3,,1,012,SR-299,"EAST FORK ROAD",6864.00,W,N,A,-,Y,,,299,,,,,,,Y,3,0,3,1,A,-,01,23152,F,N,E,I,A,A,H,-,A,D,0,,,,,Y,,A,01,0,1,2,0,0,0,0,0,0,"- ","- ",40.752079010009766,-123.16240692138672,TRINITY,UNINCORPORATED,-123.16242218017578,40.751945495605469
90726567,2018,2018-05-15,9175,2018-05-05,1959,020804,,6,2,9,5300,0,1,3,,1,021,SR-3,"MORGAN HILL RD",0.00,,Y,A,-,Y,,,3,,,,,,,Y,2,0,1,2,A,-,09,21802,A,N,A,C,A,A,H,-,D,A,0,,,Y,,Y,,C,02,1,0,0,0,0,0,0,0,1,"- ","- ",40.549308776855469,-123.19110870361328,TRINITY,UNINCORPORATED,-123.19117736816406,40.549308776855469
90739257,2018,2018-06-01,9175,2018-05-19,1928,020804,,6,2,9,5300,0,3,5,,2,001,SR-3,"CARVILLE LOOP",6864.00,N,N,C,-,Y,,,3,,,,,,,Y,3,0,1,1,A,-,01,23152,A,N,F,I,A,B,H,-,A,D,0,,,,,Y,Y,D,22,0,1,0,0,0,0,0,0,0,"- ","- ",41.07720947265625,-122.70355987548828,TRINITY,UNINCORPORATED,-122.70359802246094,41.077171325683594
90741160,2018,2018-06-05,9175,2018-05-28,1405,15928,,1,2,9,5300,0,1,3,,1,010,"STATE ROUTE 299","RIVER RANCH ROAD",158.00,E,N,A,-,Y,,,,,,,,,,Y,2,0,2,1,C,-,18,,,N,H,H,A,A,H,-,A,D,0,,,,,Y,,-,"- ",2,0,0,0,0,0,0,0,0,"- ","- ",40.401199340820312,-122.53434753417969,TRINITY,UNINCORPORATED,-122.92655181884766,40.654766082763672
90756204,2018,2018-06-26,9175,2018-06-17,1750,018645,,7,2,9,5300,0,3,5,,2,002,"LOWER MAD RIVER RD",SR-36,10560.00,S,N,A,-,N,,,,,,,,,,Y,2,0,1,1,A,-,08,22107,,N,E,I,A,A,H,-,A,D,0,,,Y,,Y,,C,02,1,0,0,0,0,0,0,0,1,"- ","- ",40.424598693847656,-123.4786376953125,TRINITY,UNINCORPORATED,-123.47495269775391,40.431564331054688
90756386,2018,2018-06-26,9175,2018-06-21,1335,020722,,4,1,9,5300,0,3,5,,2,002,"LOGGING ROAD CB 21","OREGON MTN RIDGE RD",27984.00,S,N,A,-,N,,,,,,,,,,N,3,0,1,1,B,-,22,,,N,F,I,A,A,B,-,A,D,0,,,,Y,Y,,F,27,0,1,0,0,0,0,0,0,0,"- ","- ",40.677921295166016,-123.00035095214844,TRINITY,UNINCORPORATED,,
90757150,2018,2018-06-27,9175,2018-06-03,1805,020786,,7,2,9,5300,0,3,5,,2,001,"LANCE GULCH RD","BROWNS RANCH RD",574.00,N,N,A,-,N,,,,,,,,,,Y,1,1,0,1,A,-,08,22107,,N,E,I,A,A,H,-,A,D,0,,,,,Y,,D,22,0,0,0,0,0,0,0,0,0,"- ","- ",40.447471618652344,-122.55326843261719,TRINITY,UNINCORPORATED,-122.92581176757812,40.735633850097656
90764995,2018,2018-07-09,9175,2018-07-01,1930,020786,,7,2,9,5300,0,1,3,,2,015,"SR-3 SB","MUSSER HILL RD",1056.00,N,N,A,-,Y,,,,,,,,,,Y,3,0,1,1,A,-,01,23152,A,N,E,I,A,A,H,-,A,D,0,,,,,Y,Y,A,07,0,1,0,0,0,0,0,0,0,"- ","- ",40.455188751220703,-122.53560638427734,TRINITY,UNINCORPORATED,-122.909395,40.755862999999998
90766389,2018,2018-07-10,9175,2018-07-05,1745,019877,,4,2,9,5300,0,3,5,,2,002,"RATTLESNAKE RD",SR-3,22176.00,W,N,A,-,Y,,,,,,,,,,Y,4,0,1,2,A,-,01,23152,A,N,A,C,A,A,H,-,A,D,0,,,,,Y,Y,A,01,0,0,1,0,0,0,0,0,0,"- ","- ",40.452831268310547,-123.20896911621094,TRINITY,UNINCORPORATED,-123.21778869628906,40.443286895751953
90795917,2018,2018-08-22,9175,2018-08-20,1615,016084,,1,2,9,5300,0,1,3,,2,014,"STATE ROUTE 299","GREY CREEK ROAD",2112.00,E,N,A,-,Y,,,,,,,,,,Y,3,0,1,1,A,-,01,23152,A,N,F,A,A,A,D,H,A,A,0,,,Y,,Y,Y,C,02,0,1,0,0,0,0,0,0,1,"- ","- ",40.510799407958984,-123.29199981689453,TRINITY,UNINCORPORATED,,
90796057,2018,2018-08-22,9175,2018-08-20,0515,018268,,1,3,9,5300,0,1,3,,2,014,SR-299,"BIG FRENCH CREEK RD",2112.00,W,N,A,F,Y,,,299,,,,,,,Y,3,0,2,1,A,-,08,22107,,M,E,I,A,A,H,-,B,D,0,,,,,Y,,D,22,0,1,1,0,0,0,0,0,0,"- ","- ",40.777931213378906,-123.31678771972656,TRINITY,UNINCORPORATED,-123.31679534912109,40.777862548828125
90803452,2018,2018-08-31,9175,2018-08-29,0853,012749,,3,1,9,5300,0,1,3,,1,010,SR-299,"BULLY CHOOP MOUNTAIN RD",4752.00,W,N,A,-,Y,,,299,,,,,,,Y,3,0,1,2,A,-,08,22100,B,N,D,C,A,A,H,-,A,A,0,,,,,Y,,J,43,0,1,0,0,0,0,0,0,0,"- ","- ",40.639179229736328,-122.74590301513672,TRINITY,UNINCORPORATED,-122.74595642089844,40.639137268066406
90808142,2018,2018-09-07,9175,2018-09-02,1510,019877,,7,2,9,5300,0,3,5,,2,002,"HYAMPOM RD",SR-3,5280.00,W,N,A,-,N,,,,,,,,,,N,2,0,1,1,C,-,18,,,N,H,H,A,A,H,-,A,D,0,,,Y,,Y,,-,"- ",1,0,0,0,0,0,0,0,1,"- ","- ",40.557838439941406,-123.22801208496094,TRINITY,UNINCORPORATED,-123.20944976806641,40.553234100341797
90808161,2018,2018-09-07,9175,2018-09-01,2220,020683,,6,3,9,5300,0,1,3,,2,014,SR-299,"HENNESSEY RD",2640.00,E,N,A,-,Y,,,299,,,,,,,N,4,0,2,3,C,-,18,,,N,E,J,A,A,H,-,D,D,0,,,Y,,Y,,-,"- ",0,0,2,0,0,0,0,0,2,"- ","- ",40.816150665283203,-123.47824096679688,TRINITY,UNINCORPORATED,-123.47828674316406,40.816139221191406
90808197,2018,2018-09-07,9175,2018-09-05,1230,016084,,3,1,9,5300,0,3,5,,2,001,"TRINITY DAM BLVD","RT 3",23232.00,E,N,A,-,N,,,,,,,,,,Y,4,0,1,1,A,-,08,22107,,N,E,I,A,A,H,-,A,D,0,,,,,Y,,A,07,0,0,1,0,0,0,0,0,0,"- ","- ",40.480419158935547,-122.50010681152344,TRINITY,UNINCORPORATED,-122.83371734619141,40.801425933837891
90813659,2018,2018-09-14,9175,2018-09-06,1837,018507,,4,2,9,5300,0,1,3,,1,017,SR-3,"COFFEE CREEK ROAD",3168.00,N,N,A,-,Y,,,,,,,,,,Y,2,0,2,1,A,-,08,22107,,N,E,I,A,A,H,-,A,D,0,,,,,Y,,A,01,2,0,0,0,0,0,0,0,0,"- ","- ",41.094150543212891,-122.75440979003906,TRINITY,UNINCORPORATED,-122.70679473876953,41.094882965087891
90814897,2018,2018-09-17,9175,2018-09-15,1440,019485,,6,2,9,5300,0,1,3,,1,022,SR-36,"MAD RIVER ROCK LOOKOUT",3696.00,E,N,A,-,Y,,,36,,,,,,,Y,2,0,1,1,A,-,08,22107,,N,F,A,A,A,H,-,A,D,0,,,Y,,Y,,C,02,1,0,0,0,0,0,0,0,1,"- ","- ",40.455120086669922,-123.51294708251953,TRINITY,UNINCORPORATED,-123.51293182373047,40.455207824707031
90826499,2018,2018-10-02,9175,2018-09-28,1630,019877,,5,2,9,5300,0,3,5,,2,002,"TULE CREEK RD","JESSE RD",528.00,W,N,A,-,N,,,,,,,,,,Y,4,0,2,2,A,-,03,22350,,M,C,C,A,A,H,-,A,D,0,,,,,Y,,-,99,0,0,2,0,0,0,0,0,0,"- ","- ",40.544239044189453,-123.21351623535156,TRINITY,UNINCORPORATED,-123.20889282226562,40.544033050537109
90843642,2018,2018-10-24,9175,2018-10-23,1850,016084,,2,2,9,5300,0,1,3,,1,010,"RT 299","POKER BAR ROAD",60.00,E,N,A,-,Y,,,299,,,,,,,Y,2,0,1,1,C,-,18,,,N,H,H,A,A,H,-,D,D,0,,,Y,,Y,,-,"- ",1,0,0,0,0,0,0,0,1,"- ","- ",40.673038482666016,-122.87795257568359,TRINITY,UNINCORPORATED,-122.87795257568359,40.673019409179688
90853884,2018,2018-11-06,9175,2018-10-25,1425,019877,,4,2,9,5300,0,1,3,,2,013,SR-299,"SWEDE CREEK RD",4224.00,W,N,A,-,Y,,,299,,,,,,,Y,3,0,1,1,D,-,00,,,N,E,I,A,A,H,-,A,D,0,,,,,Y,,-,"- ",0,1,0,0,0,0,0,0,0,"- ","- ",40.793621063232422,-123.37027740478516,TRINITY,UNINCORPORATED,-123.37026214599609,40.793594360351562
90858850,2018,2018-11-13,9175,2018-11-08,1550,020580,,4,2,9,5300,0,1,3,,1,011,SR-299,"CASTLE RD",200.00,E,N,A,-,Y,,,299,,,,,,,Y,3,0,3,2,A,-,05,21460,A,N,A,C,A,A,H,-,A,D,0,,,,,Y,,A,01,0,3,0,0,0,0,0,0,0,"- ","- ",40.737499237060547,-122.99990081787109,TRINITY,UNINCORPORATED,-122.99990844726562,40.7374267578125
90863864,2018,2018-11-20,9175,2018-11-11,0640,018268,,7,1,9,5300,0,1,3,,2,014,SR-299,"SALYER LOOP RD",11616.00,E,N,A,-,Y,,,299,,,,,,,Y,1,1,0,1,A,-,03,22350,,N,E,I,A,C,H,-,D,A,0,,,,,Y,,A,01,0,0,0,0,0,0,0,0,0,"- ","- ",40.883449554443359,-123.55239868164062,TRINITY,UNINCORPORATED,-123.55242919921875,40.883399963378906
90870530,2018,2018-11-29,9175,2018-11-22,0600,15928,,4,1,9,5300,0,1,3,,1,020,"STATE ROUTE 3","LITTLE CREEK BRIDGE",2640.00,S,N,B,C,Y,,,,,,,,,,Y,2,0,2,1,A,-,08,22107,,N,E,I,A,B,H,-,D,D,0,,,,,Y,,D,22,1,0,1,0,0,0,0,0,0,"- ","- ",40.365951538085938,-122.58274841308594,TRINITY,UNINCORPORATED,-122.9730224609375,40.617324829101562
90877150,2018,2018-12-06,9175,2018-12-02,1015,016084,,7,1,9,5300,0,1,3,,1,022,"RT 36","SOUTH FORK MOUNTAIN ROAD",16896.00,W,N,B,-,Y,,,,,,,,,,Y,3,0,1,1,A,-,13,22515,A,N,E,J,A,C,H,-,A,D,0,,,,,Y,,A,01,0,1,0,0,0,0,0,0,0,"- ","- ",40.254878997802734,-123.27465057373047,TRINITY,UNINCORPORATED,-123.46195983886719,40.429630279541016
90880067,2018,2018-12-11,9175,2018-12-08,1100,020464,,6,1,9,5300,0,1,3,,1,010,SR-299,"STEEL BRIDGE RD",3168.00,W,N,B,-,Y,,,299,,,,,,,Y,2,0,1,1,A,-,03,22350,,N,E,I,A,B,H,-,A,D,0,,,,,Y,,A,01,1,0,0,0,0,0,0,0,0,"- ","- ",40.653091430664062,-122.90033721923828,TRINITY,UNINCORPORATED,-122.90034484863281,40.653106689453125
90884274,2018,2018-12-17,9175,2018-12-15,0145,020722,,6,3,9,5300,0,1,3,,1,012,"SR-299 W/B","CEMETERY RD",1320.00,E,N,B,-,Y,,,299,,,,,,W,Y,2,0,1,1,A,-,08,22107,,N,E,I,A,B,H,-,D,D,0,,,,,Y,,D,22,1,0,0,0,0,0,0,0,0,"- ","- ",40.76702880859375,-123.11782073974609,TRINITY,UNINCORPORATED,-123.11780548095703,40.767066955566406
90890037,2018,2018-12-26,9175,2018-12-18,0930,15928,,2,1,9,5300,0,3,5,,2,002,"WILDWOOD ROAD","EAST FORK ROAD",528.00,S,N,B,-,N,,,,,,,,,,Y,4,0,1,1,A,-,08,22107,,N,E,I,A,B,H,-,A,D,0,,,,,Y,,A,01,0,0,1,0,0,0,0,0,0,"- ","- ",40.291950225830078,-123.42050170898438,TRINITY,UNINCORPORATED,-123.07266235351562,40.489105224609375
90900155,2019,2019-01-08,9175,2019-01-02,2300,020464,,3,3,9,5300,0,1,3,,2,013,SR-299,"BIG FRENCH CREEK",1667.00,W,N,A,-,Y,,,299,,,,,,,Y,4,0,1,1,A,-,03,22350,,N,F,I,A,C,H,-,D,D,0,,,,,Y,,D,22,0,0,1,0,0,0,0,0,0,"- ","- ",40.777778625488281,-123.31519317626953,TRINITY,UNINCORPORATED,-123.315185546875,40.777721405029297
90903512,2019,2019-01-14,9175,2019-01-06,1150,019479,,7,1,9,5300,0,1,3,,2,015,SR-3,"RUSH CREEK ROAD",1584.00,N,N,D,-,Y,,,3,,,,,,,Y,4,0,1,1,A,-,03,22350,,N,F,A,A,C,H,-,A,D,0,,,,,Y,,A,07,0,0,1,0,0,0,0,0,0,"- ","- ",40.799659729003906,-122.88935852050781,TRINITY,UNINCORPORATED,-122.88941955566406,40.799655914306641
90908489,2019,2019-01-22,9175,2019-01-21,0910,018268,,1,1,9,5300,0,1,3,,2,014,SR-299,"BIG FRENCH CREEK RD",33264.00,W,N,B,-,Y,,,,,,,,,,Y,4,0,1,1,A,-,08,22107,,N,E,I,A,B,H,-,A,D,0,,,,Y,Y,,F,26,0,0,1,0,0,0,0,0,0,"- ","- ",40.475559234619141,-123.23448944091797,TRINITY,UNINCORPORATED,-123.39764404296875,40.79840087890625
90938565,2018,2019-03-04,9175,2018-12-28,1935,019877,,5,2,9,5300,0,3,5,,2,002,"HYAMPOM RD",SR-3,13200.00,W,N,A,-,N,,,,,,,,,,Y,1,1,0,1,A,-,01,23152,A,N,E,I,A,A,H,-,D,D,0,,,,,Y,Y,D,22,0,0,0,0,0,0,0,0,0,"- ","- ",40.560718536376953,-123.23494720458984,TRINITY,UNINCORPORATED,-123.23514556884766,40.560760498046875
90962165,2019,2019-05-17,9175,2019-04-04,0624,014636,,4,1,9,5300,0,1,3,,2,013,SR-299,"BIG FRENCH CREEK RD",3696.00,W,N,B,-,Y,,,299,,,,,,,Y,4,0,1,2,A,-,03,22350,,N,A,J,A,A,C,-,B,D,0,,,,Y,Y,,D,22,0,0,1,0,0,0,0,0,0,"- ","- ",40.775711059570312,-123.32489013671875,TRINITY,UNINCORPORATED,-123.32489013671875,40.775711059570312
90981685,2019,2019-05-03,9175,2019-04-23,1650,020580,,2,2,9,5300,0,1,3,,2,014,SR-299,"WESTGATE DR.",500.00,W,N,A,-,Y,,,,,,,,,,Y,3,0,1,2,A,-,05,21460,A,N,A,C,A,A,H,-,A,D,0,,,Y,,Y,,C,02,0,1,0,0,0,0,0,0,1,"- ","- ",40.889888763427734,-123.53021240234375,TRINITY,UNINCORPORATED,-123.56027221679688,40.887989044189453
90991010,2019,2019-05-20,9175,2019-05-15,1420,016084,,3,2,9,5300,0,1,3,,2,015,"RT 3","CEDAR STOCK ROAD",2112.00,S,N,C,-,Y,,,,,,,,,,Y,3,0,1,1,A,-,08,22107,,N,E,I,A,B,H,-,A,D,0,,,,,Y,,A,01,0,1,0,0,0,0,0,0,0,"- ","- ",40.504608154296875,-122.50266265869141,TRINITY,UNINCORPORATED,-122.83524322509766,40.846080780029297
90998362,2019,2019-05-29,9175,2019-05-26,1820,020580,,7,2,9,5300,0,1,3,,1,011,SR-299,"MILL ST.",267.00,E,N,B,-,Y,,,299,,,,,,,N,3,0,1,2,A,-,10,21952,,N,G,B,F,A,H,-,A,D,0,Y,,,,Y,Y,A,07,0,1,0,0,1,0,0,0,0,"- ","- ",40.728118896484375,-122.93756103515625,TRINITY,UNINCORPORATED,-122.93749237060547,40.728221893310547
90998969,2019,2019-05-30,9175,2019-05-23,0436,020464,,4,3,9,5300,0,1,3,,1,011,SR-299,"CASTLE RD",150.00,E,N,A,-,Y,,,299,,,,,,,Y,3,0,1,1,A,-,08,22107,,N,F,I,A,A,H,-,D,D,0,,,,,Y,,A,01,0,1,0,0,0,0,0,0,0,"- ","- ",40.737701416015625,-123.00064086914062,TRINITY,UNINCORPORATED,-123.0006103515625,40.737728118896484
90998995,2019,2019-05-30,9175,2019-05-28,2150,020683,,2,2,9,5300,0,1,3,,1,010,SR-299,"BUCKHORN STATION LOOP",13200.00,E,N,A,-,Y,,,299,,,,,,,Y,4,0,1,1,A,-,08,22107,,N,F,A,A,A,H,-,D,D,0,,,,,Y,,A,01,0,0,1,0,0,0,0,0,0,"- ","- ",40.644920349121094,-122.74736022949219,TRINITY,UNINCORPORATED,-122.74747467041016,40.645000457763672
90999011,2019,2019-05-30,9175,2019-05-27,2245,021253,,1,3,9,5300,0,1,3,,1,010,"SR-299 WESTBOUND","BUCKHORN STATION LOOP",13200.00,E,N,B,-,Y,,,299,,,,,,W,Y,3,0,1,1,A,-,08,22107,,N,F,A,A,B,H,-,D,D,0,,,,,Y,,A,07,0,1,0,0,0,0,0,0,0,"- ","- ",40.644920349121094,-122.74736022949219,TRINITY,UNINCORPORATED,-122.74747467041016,40.645000457763672
91005416,2019,2019-06-07,9175,2019-06-03,0850,014636,,1,1,9,5300,0,3,5,,2,001,"FOUNTAIN RANCH RD","SALYER LOOP RD",528.00,E,N,A,-,N,,,,,,,,,,Y,4,0,1,1,A,-,08,22107,,N,E,I,A,A,H,-,A,D,0,,,,,Y,,A,01,0,0,1,0,0,0,0,0,0,"- ","- ",40.895999908447266,-123.58283233642578,TRINITY,UNINCORPORATED,-123.58412933349609,40.893772125244141
91010156,2019,2019-06-19,9175,2019-06-06,0915,15928,,4,1,9,5300,0,1,3,,1,021,"STATE ROUTE 3","CLINIC AVENUE",7.00,N,N,A,-,Y,,,,,,,,,,Y,3,0,2,2,A,-,03,22350,,N,C,C,A,A,H,-,A,D,0,,,,,Y,,A,08,0,2,0,0,0,0,0,0,0,"- ","- ",40.331249237060547,-123.11229705810547,TRINITY,UNINCORPORATED,-123.19110107421875,40.550979614257812
91012511,2019,2019-06-25,9175,2019-06-11,1305,019479,,2,1,9,5300,0,1,3,,2,014,SR-299,"CAMPBELL RIDGE RD",1584.00,W,N,A,-,Y,,,299,,,,,,,Y,2,0,1,1,A,-,03,22350,,N,F,A,A,A,H,-,A,D,0,,,,Y,Y,,G,25,1,0,0,0,0,0,0,0,0,"- ","- ",40.886478424072266,-123.58754730224609,TRINITY,UNINCORPORATED,-123.58761596679688,40.886589050292969
91015312,2019,2019-06-25,9175,2019-06-19,1425,018645,,3,2,9,5300,0,1,3,,1,010,SR-299,"INDIAN CREEK BRIDGE",303.00,E,N,A,-,Y,,,299,,,,,,,Y,3,0,1,1,A,-,08,22107,,N,E,I,A,A,H,-,A,D,0,,,,,Y,,D,22,0,1,0,0,0,0,0,0,0,"- ","- ",40.656101226806641,-122.91268920898438,TRINITY,UNINCORPORATED,-122.91272735595703,40.656051635742188
91022841,2019,2019-07-02,9175,2019-06-28,0530,019479,,5,3,9,5300,0,1,3,,1,022,SR-36,"WILD MAD RD",528.00,E,N,A,-,Y,,,36,,,,,,,Y,2,0,3,1,A,-,08,22107,,N,E,I,A,A,H,-,B,D,0,,,,,Y,,A,07,2,1,0,0,0,0,0,0,0,"- ","- ",40.389110565185547,-123.06761169433594,TRINITY,UNINCORPORATED,-123.06758880615234,40.389225006103516
91028878,2019,2019-07-11,9175,2019-07-05,1840,019485,,5,2,9,5300,0,3,5,,2,001,"MUSSER HILL RD",SR-3,11088.00,W,N,A,-,N,,,,,,,,,,Y,3,0,1,1,A,-,01,23152,A,N,E,I,A,A,H,-,A,D,0,,,,,Y,Y,A,07,0,1,0,0,0,0,0,0,0,"- ","- ",40.778221130371094,-122.90724945068359,TRINITY,UNINCORPORATED,-122.90712738037109,40.778263092041016
91032223,2019,2019-07-17,9175,2019-07-11,1615,016084,,4,2,9,5300,0,3,5,,2,002,"LOWER MAD RIVER ROAD",SR-36,29040.00,S,N,A,-,N,,,,,,,,,,Y,2,0,1,1,A,-,03,22350,,N,E,I,A,A,H,-,A,D,0,,,,,Y,Y,D,22,1,0,0,0,0,0,0,0,0,"- ","- ",40.230720520019531,-123.26522827148438,TRINITY,UNINCORPORATED,-123.44766235351562,40.384860992431641
91035335,2019,2019-07-22,9175,2019-07-20,0920,018268,,6,1,9,5300,0,1,3,,1,011,SR-299,"CASTLE RD",188.00,W,N,A,-,Y,,,299,,,,,,,Y,2,0,4,4,A,-,05,21460,A,N,B,C,A,A,H,-,A,A,0,,,Y,,Y,,C,02,2,1,1,0,0,0,0,0,3,"- ","- ",40.738620758056641,-123.00077056884766,TRINITY,UNINCORPORATED,-123.00078582763672,40.738632202148438
91041572,2019,2019-08-02,9175,2019-07-28,1740,019877,,7,2,9,5300,0,1,3,,1,021,SR-3,"OLD BARKER VALLEY RD.",528.00,S,N,A,-,Y,,,3,,,,,,,Y,3,0,1,1,A,-,08,22107,,N,E,I,A,A,H,-,A,D,0,,,,,Y,,D,22,0,1,0,0,0,0,0,0,0,"- ","- ",40.558910369873047,-123.12352752685547,TRINITY,UNINCORPORATED,-123.12351989746094,40.558780670166016
91052241,2019,2019-08-16,9175,2019-08-02,1000,15928,,5,1,9,5300,0,1,3,,1,012,"STATE ROUTE 299","POWER HOUSE ROAD",2112.00,W,N,A,-,Y,,,,,,,,,,Y,2,0,2,2,A,-,21,22106,,N,D,C,A,A,H,-,A,D,0,,,,,Y,,A,01,2,0,0,0,0,0,0,0,0,"- ","- ",40.454299926757812,-123.41252899169922,TRINITY,UNINCORPORATED,-123.06886291503906,40.761329650878906
91055748,2019,2019-08-20,9175,2019-08-15,1430,15928,,4,2,9,5300,0,1,3,,1,011,"STATE ROUTE 299","OREGON SPRINGS ROAD (PVT.)",528.00,W,N,A,-,Y,,,,,,,,,,Y,2,0,1,1,A,-,08,22107,,N,F,A,A,A,H,-,A,D,0,,,Y,,Y,,C,02,1,0,0,0,0,0,0,0,1,"- ","- ",40.442451477050781,-122.58489990234375,TRINITY,UNINCORPORATED,-122.97779846191406,40.741775512695312
91056859,2019,2019-08-21,9175,2019-08-11,1920,13699,,7,2,9,5300,0,3,5,,2,002,"ZENIA BLUFF RD","MUD CREEK",1584.00,N,N,A,-,N,,,,,,,,,,Y,2,0,1,1,A,-,03,22350,,N,F,A,A,A,H,-,A,D,0,,,Y,,Y,,C,02,1,0,0,0,0,0,0,0,1,"- ","- ",40.202289581298828,-123.52207946777344,TRINITY,UNINCORPORATED,-123.52204895019531,40.202648162841797
91058381,2019,2019-08-23,9175,2019-08-14,2135,019485,,3,2,9,5300,0,3,5,,2,002,"LANCE GULCH RD","BROWNS RANCH RD",0.00,,Y,A,-,N,,,,,,,,,,Y,2,0,1,1,A,-,01,23152,A,N,E,I,A,A,H,-,C,D,0,,,,,Y,Y,A,07,1,0,0,0,0,0,0,0,0,"- ","- ",40.734291076660156,-122.92655181884766,TRINITY,UNINCORPORATED,-122.9263916015625,40.734149932861328
91061334,2019,2019-08-28,9175,2019-08-27,1447,016084,,2,2,9,5300,0,3,5,,2,002,"LITTLE BROWNS CREEK ROAD",SR-299,4752.00,N,N,A,-,N,,,,,,,,,,Y,2,0,3,2,A,-,08,22107,,N,A,C,A,A,H,-,A,D,0,,,,,Y,,D,22,1,2,0,0,0,0,0,0,0,"- ","- ",40.422679901123047,-122.54331970214844,TRINITY,UNINCORPORATED,,
91065507,2019,2019-09-03,9175,2019-08-22,1340,020464,,4,1,9,5300,0,1,3,,2,014,SR-299,"FRANCIS B MATTHEWS REST AREA ROAD",0.00,,Y,A,-,Y,,,299,,,,,,,Y,4,0,2,2,A,-,09,21802,A,N,D,C,A,A,H,-,A,A,0,,,,,Y,,A,01,0,0,2,0,0,0,0,0,0,"- ","- ",40.882591247558594,-123.54914093017578,TRINITY,UNINCORPORATED,-123.54914855957031,40.882617950439453
91065857,2019,2019-09-03,9175,2019-08-31,1950,019485,,6,2,9,5300,0,3,5,,2,001,"RUSH CREEK RD","LEWISTON TURNPIKE RD",143.00,W,N,A,-,N,,,,,,,,,,Y,2,0,2,2,A,-,01,23152,A,N,A,C,A,A,H,-,A,D,0,,,,,Y,Y,D,22,1,1,0,0,0,0,0,0,0,"- ","- ",40.709438323974609,-122.81101226806641,TRINITY,UNINCORPORATED,-122.81105804443359,40.709342956542969
91066376,2019,2019-09-03,9175,2019-08-28,2200,020683,,3,3,9,5300,0,1,3,,1,011,SR-299,"WASHINGTON AVE",375.00,E,N,A,-,Y,,,299,,,,,,,N,3,0,1,2,A,-,09,21804,A,F,D,G,A,A,H,-,C,D,0,,Y,,,Y,,-,99,0,1,0,0,0,0,1,0,0,"- ","- ",40.726711273193359,-122.93518829345703,TRINITY,UNINCORPORATED,-122.93514251708984,40.726779937744141
91089959,2019,2019-10-03,9175,2019-09-14,2500,019479,,6,4,9,5300,0,1,3,,1,021,SR-3,"HAYFORK DUMP RD",7920.00,S,N,A,-,Y,,,3,,,,,,,Y,1,1,0,1,A,-,01,23152,A,N,E,I,A,A,H,-,D,D,0,,,,,Y,Y,A,07,0,0,0,0,0,0,0,0,0,"- ","- ",40.522930145263672,-123.18060302734375,TRINITY,UNINCORPORATED,-123.18047332763672,40.522930145263672
91095793,2019,2019-10-11,9175,2019-09-06,1950,019877,,5,2,9,5300,0,1,3,,1,016,SR-3,"GRIZZLY LN",1584.00,S,N,A,-,Y,,,3,,,,,,,Y,1,1,4,1,A,-,01,23152,A,N,E,I,A,A,H,-,B,D,0,,,,,Y,Y,D,23,4,0,0,0,0,0,0,0,0,"- ","- ",40.897430419921875,-122.78777313232422,TRINITY,UNINCORPORATED,-122.78778839111328,40.897472381591797
91099039,2019,2019-10-16,9175,2019-10-13,1150,018645,,7,1,9,5300,0,1,3,,1,021,SR-3,"VICTORIA LN",1584.00,S,N,A,-,Y,,,3,,,,,,,Y,4,0,1,1,A,-,08,22107,,N,E,I,A,A,H,-,A,D,0,,,,,Y,,A,01,0,0,1,0,0,0,0,0,0,"- ","- ",40.579391479492188,-123.05381011962891,TRINITY,UNINCORPORATED,-123.05381774902344,40.579315185546875
91106858,2019,2019-10-25,9175,2019-10-23,0730,018268,,3,1,9,5300,0,1,3,,2,015,SR-3,"EAST WEAVER CREEK RD",2112.00,N,N,B,-,Y,,,3,,,,,,,Y,4,0,1,1,A,-,01,23152,A,N,E,I,A,A,H,-,A,D,0,,,,,Y,Y,A,01,0,0,1,0,0,0,0,0,0,"- ","- ",40.754398345947266,-122.91323852539062,TRINITY,UNINCORPORATED,-122.91310882568359,40.754383087158203
91127426,2019,2019-11-22,9175,2019-11-15,1940,019877,,5,2,9,5300,0,1,3,,1,012,SR-299,"BERRY LN",2640.00,W,N,A,-,Y,,,299,,,,,,,Y,3,0,1,2,A,-,08,22107,,N,D,C,A,A,H,-,D,D,0,,,,,Y,,A,01,0,1,0,0,0,0,0,0,0,"- ","- ",40.738071441650391,-123.22543334960938,TRINITY,UNINCORPORATED,-123.22547912597656,40.738140106201172
91146407,2019,2019-12-18,9175,2019-12-13,1345,019485,,5,1,9,5300,0,1,3,,1,010,"SR-299 E/B","FAWN LODGE RD",5808.00,W,N,B,C,Y,,,299,,,,,,E,Y,4,0,1,1,A,-,08,22107,,N,F,I,A,B,H,-,A,D,0,,,,Y,Y,,G,25,0,0,1,0,0,0,0,0,0,"- ","- ",40.672500610351562,-122.85199737548828,TRINITY,UNINCORPORATED,-122.85198974609375,40.672569274902344
91160978,2020,2020-01-07,9175,2020-01-04,1720,019877,,6,2,9,5300,0,1,3,,2,013,SR-299,"BIG FRENCH CREEK RD",10560.00,E,N,B,-,Y,,,299,,,,,,,Y,3,0,1,1,A,-,03,22350,,N,E,I,A,B,H,-,D,D,0,,,,,Y,,A,01,0,1,0,0,0,0,0,0,0,"- ","- ",40.766101837158203,-123.30380249023438,TRINITY,UNINCORPORATED,-123.30379486083984,40.766181945800781
91165534,2020,2020-01-14,9175,2020-01-03,1800,019479,,5,2,9,5300,0,1,3,,1,022,SR-36,SR-3,38544.00,E,N,B,-,Y,,,36,,,,,,,Y,3,0,1,1,D,-,00,,,N,F,A,A,B,B,-,D,D,0,,,,,Y,,-,"- ",0,1,0,0,0,0,0,0,0,"- ","- ",40.393028259277344,-123.09583282470703,TRINITY,UNINCORPORATED,-123.09580993652344,40.392868041992188
91189222,2020,2020-02-19,9175,2020-02-05,0149,018268,,3,3,9,5300,0,3,5,,2,002,"GLEN RD","MAIN ST",48.00,S,N,A,-,N,,,,,,,,,,N,3,0,1,1,A,-,03,22350,,N,E,I,A,A,H,-,D,D,0,,,,,Y,,D,22,0,1,0,0,0,0,0,0,0,"- ","- ",40.7227783203125,-122.92970275878906,TRINITY,UNINCORPORATED,-122.92952728271484,40.722637176513672
91194180,2020,2020-02-26,9175,2020-02-19,1929,016084,,3,2,9,5300,0,1,3,,2,015,"RT 3","TANNERY GULCH ROAD",8976.00,S,N,A,-,Y,,,,,,,,,,Y,3,0,1,1,A,-,08,22107,,N,E,I,A,A,H,-,D,D,0,,,,,Y,,J,48,0,1,0,0,0,0,0,0,0,"- ","- ",40.494098663330078,-122.53260040283203,TRINITY,UNINCORPORATED,-122.88843536376953,40.828357696533203
91218499,2020,2020-03-30,9175,2020-03-26,1350,019877,,4,1,9,5300,0,1,3,,1,021,SR-3,"CARR CREEK RD",1000.00,N,N,A,-,Y,,,3,,,,,,,Y,4,0,1,1,A,-,08,22107,,N,E,I,A,A,H,-,A,D,0,,,,,Y,,A,07,0,0,1,0,0,0,0,0,0,"- ","- ",40.582698822021484,-123.07019805908203,TRINITY,UNINCORPORATED,-123.07023620605469,40.582637786865234
91219326,2020,2020-04-01,9175,2020-03-30,1230,020464,,1,1,9,5300,0,1,3,,1,010,SR-299,"OLD LEWISTON RD",100.00,W,N,B,C,Y,,,299,,,,,,,Y,4,0,1,1,A,-,08,22107,,N,F,A,A,B,H,-,A,D,0,,,,,Y,,A,01,0,0,1,0,0,0,0,0,0,"- ","- ",40.672698974609375,-122.86270141601562,TRINITY,UNINCORPORATED,-122.86270141601562,40.672687530517578
91237635,2020,2020-05-14,9175,2020-05-09,1300,018268,,6,1,9,5300,0,3,5,,2,001,"RUSH CREEK RD","LEWISTON CEMETERY RD",92.00,W,N,A,-,N,,,,,,,,,,Y,3,0,1,1,A,-,08,22107,,N,F,A,A,A,H,-,A,D,0,,,Y,,Y,,C,02,0,1,0,0,0,0,0,0,1,"- ","- ",40.709709167480469,-122.81266784667969,TRINITY,UNINCORPORATED,-122.81233978271484,40.709663391113281
91238417,2020,2020-05-15,9175,2020-05-08,1730,018507,,5,2,9,5300,0,3,5,,2,001,"DEADWOOD ROAD","TRINITY DAM BLVD",2640.00,E,N,A,-,N,,,,,,,,,,Y,4,0,1,1,A,-,01,23152,A,N,E,I,A,A,H,-,D,D,0,,,,,Y,Y,D,22,0,0,1,0,0,0,0,0,0,"- ","- ",40.718799591064453,-122.79409790039062,TRINITY,UNINCORPORATED,-122.79408264160156,40.718803405761719
91248173,2020,2020-06-08,9175,2020-05-23,1750,019877,,6,2,9,5300,0,1,3,,2,015,SR-3,"TANNERY GULCH RD",2640.00,S,N,A,-,Y,,,3,,,,,,,Y,1,1,1,1,A,-,01,23152,A,N,E,I,A,A,H,-,A,D,0,,,,,Y,Y,D,22,1,0,0,0,0,0,0,0,0,"- ","- ",40.828689575195312,-122.89034271240234,TRINITY,UNINCORPORATED,-122.89030456542969,40.82861328125
91255505,2020,2020-06-22,9175,2020-06-11,1920,019485,,4,2,9,5300,0,1,3,,2,014,"SR-299 W/B","PONY CREEK RD",1056.00,W,N,A,-,Y,,,299,,,,,,W,Y,2,0,2,1,A,-,01,23152,A,N,F,A,A,A,H,-,A,D,0,,,,,Y,Y,D,22,1,1,0,0,0,0,0,0,0,"- ","- ",40.86199951171875,-123.50399780273438,TRINITY,UNINCORPORATED,-123.50397491455078,40.8619384765625
91259226,2020,2020-06-26,9175,2020-06-22,1000,15928,,1,1,9,5300,0,1,3,,2,013,"STATE ROUTE 299","POKER LANE",350.00,E,N,A,-,Y,,,,,,,,,,Y,4,0,1,2,A,-,03,22350,,N,C,C,A,A,H,-,A,D,0,,,,,Y,,D,22,0,0,1,0,0,0,0,0,0,"- ","- ",40.444450378417969,-123.16850280761719,TRINITY,UNINCORPORATED,-123.26899719238281,40.745510101318359
91261728,2020,2020-07-01,9175,2020-06-27,1055,019479,,6,1,9,5300,0,1,3,,1,011,SR-299,"TUCKER HILL RD",325.00,E,N,A,-,Y,,,299,,,,,,,Y,4,0,2,2,A,-,09,21802,A,N,D,C,A,A,H,-,A,A,0,,,,,Y,,A,01,0,0,2,0,0,0,0,0,0,"- ","- ",40.666221618652344,-122.94302368164062,TRINITY,UNINCORPORATED,-122.94296264648438,40.666248321533203
91262152,2020,2020-07-02,9175,2020-06-30,1500,019485,,2,2,9,5300,0,1,3,,2,013,"SR-299 W/B","CEDAR FLATCREEK",200.00,E,N,A,-,Y,,,299,,,,,,W,Y,3,0,1,1,A,-,08,22107,,N,F,A,A,A,H,-,A,D,0,,,,,Y,,D,22,0,1,0,0,0,0,0,0,0,"- ","- ",40.790401458740234,-123.43849945068359,TRINITY,UNINCORPORATED,-123.43849945068359,40.790401458740234
91265842,2020,2020-07-09,9175,2020-07-04,1604,020722,,6,2,9,5300,0,3,5,,2,001,"NORTH FORK CUTOFF",SR-3,374.00,E,N,A,-,N,,,,,,,,,,N,3,0,1,1,C,-,18,,,N,H,A,A,A,H,-,A,D,0,,,,,Y,,-,"- ",0,1,0,0,0,0,0,0,0,"- ","- ",40.989368438720703,-122.70281219482422,TRINITY,UNINCORPORATED,-122.70284271240234,40.989337921142578
91266486,2020,2020-07-10,9175,2020-07-03,1349,018507,,5,1,9,5300,0,1,3,,1,022,SR-36,SR-3,30096.00,E,N,A,-,N,,,,,,,,,,Y,3,0,1,1,A,-,03,22350,,N,F,A,A,A,H,-,A,D,0,,,Y,,Y,,C,02,0,1,0,0,0,0,0,0,1,"- ","- ",40.232601165771484,-123.06529998779297,TRINITY,UNINCORPORATED,-123.11351013183594,40.389404296875
91267907,2020,2020-07-13,9175,2020-07-10,0945,020363,,5,1,9,5300,0,1,3,,1,021,SR-3,SR-36,2218.00,N,N,A,-,Y,,,3,,,,,,,Y,3,0,1,1,A,-,08,22107,,N,E,I,A,A,H,-,A,D,0,,,,,Y,,A,07,0,1,0,0,0,0,0,0,0,"- ","- ",40.424320220947266,-123.17109680175781,TRINITY,UNINCORPORATED,-123.17105865478516,40.424293518066406
91268598,2020,2020-07-14,9175,2020-07-10,1435,019485,,5,2,9,5300,0,1,3,,1,011,"SR-299 W/B","LANCE GULCH RD",446.00,E,N,A,-,Y,,,299,,,,,,W,Y,4,0,2,2,A,-,09,21804,A,N,D,C,A,A,H,-,A,A,0,,,,,Y,,D,22,0,0,2,0,0,0,0,0,0,"- ","- ",40.721488952636719,-122.92864227294922,TRINITY,UNINCORPORATED,-122.92874908447266,40.721439361572266
91269910,2020,2020-07-16,9175,2020-07-15,1525,019485,,3,2,9,5300,0,1,3,,1,020,"SR-3 N/B","DEER LICK SPRINGS RD",2640.00,N,N,A,-,Y,,,3,,,,,,N,Y,3,0,1,1,A,-,08,22107,,N,E,I,A,A,H,-,A,D,0,,,,,Y,,A,01,0,1,0,0,0,0,0,0,0,"- ","- ",40.620899200439453,-122.93881988525391,TRINITY,UNINCORPORATED,-122.93894195556641,40.62078857421875
91270573,2020,2020-07-17,9175,2020-07-12,1635,020786,,7,2,9,5300,0,3,5,,2,002,"SOUTH FORK MOUNTAIN RD","ROUTE 1",13200.00,S,N,A,-,N,,,,,,,,,,N,4,0,1,1,A,-,03,22350,,N,F,I,A,A,A,-,A,D,0,,,Y,,Y,,C,02,0,0,1,0,0,0,0,0,1,"- ","- ",40.470001220703125,-123.47000122070312,TRINITY,UNINCORPORATED,,
91280632,2020,2020-08-04,9175,2020-07-26,0605,019811,,7,1,9,5300,0,1,3,,1,016,SR-3,"BOWERMAN RIDGE ROAD",1848.00,S,N,A,-,Y,,,3,,,,,,,Y,2,0,1,1,A,-,08,22107,,N,E,I,A,A,H,-,A,D,0,,,,,Y,,D,22,1,0,0,0,0,0,0,0,0,"- ","- ",40.940319061279297,-122.74873352050781,TRINITY,UNINCORPORATED,-122.74871063232422,40.940319061279297
91287961,2020,2020-08-18,9175,2020-08-10,0905,016084,,1,1,9,5300,0,1,3,,1,010,"RT 299","WILSON MOUNTAIN ROAD",300.00,W,N,A,-,Y,,,,,,,,,,Y,1,1,1,3,A,-,05,21460,A,N,A,C,A,A,H,-,A,D,0,,,,Y,Y,,D,22,0,1,0,0,0,0,0,0,0,"- ","- ",40.392799377441406,-122.54540252685547,TRINITY,UNINCORPORATED,,
91296798,2020,2020-09-01,9175,2020-08-19,1355,018507,,3,1,9,5300,0,1,3,,1,011,SR-299,"OREGON MOUNTAIN ROAD",528.00,E,N,A,-,Y,,,,,,,,,,Y,3,0,1,1,A,-,08,22107,,N,F,A,A,A,H,-,A,D,0,,,Y,,Y,,C,02,0,1,0,0,0,0,0,0,1,"- ","- ",40.442298889160156,-122.58489990234375,TRINITY,UNINCORPORATED,,
91296812,2020,2020-09-01,9175,2020-08-27,1840,019877,,4,2,9,5300,0,1,3,,1,022,SR-36,"FLUME GULCH RD",2112.00,W,N,A,-,Y,,,36,,,,,,,Y,3,0,1,1,A,-,08,22107,,N,E,I,A,A,H,-,A,D,0,,,,,Y,,D,22,0,1,0,0,0,0,0,0,0,"- ","- ",40.379798889160156,-123.29979705810547,TRINITY,UNINCORPORATED,-123.29974365234375,40.379829406738281
91298601,2020,2020-09-03,9175,2020-08-31,0050,020683,,1,3,9,5300,0,1,3,,1,021,SR-3,"SOUTH BARKER VALLEY ROAD",1100.00,N,N,A,-,Y,,,3,,,,,,,Y,4,0,1,2,A,-,03,22350,,M,C,C,A,A,H,-,D,D,0,,,,,Y,,D,22,0,0,1,0,0,0,0,0,0,"- ","- ",40.573600769042969,-123.09542846679688,TRINITY,UNINCORPORATED,-123.09539794921875,40.573539733886719
91299219,2020,2020-09-04,9175,2020-09-03,0650,019811,,4,1,9,5300,0,1,3,,1,012,SR-299,"CORRAL BOTTOM RD",309.00,E,N,A,-,Y,,,299,,,,,,,Y,2,0,2,1,A,-,08,22107,,N,E,I,A,A,H,-,A,D,0,,,,,Y,,A,07,1,1,0,0,0,0,0,0,0,"- ","- ",40.739200592041016,-123.24973297119141,TRINITY,UNINCORPORATED,-123.24972534179688,40.739265441894531
91304032,2020,2020-09-14,9175,2020-09-08,1645,15928,,2,2,9,5300,0,1,3,,1,021,"STATE ROUTE 3","STATE ROUTE 36",10560.00,N,N,A,-,Y,,,,,,,,,,Y,3,0,2,1,A,-,03,22350,,N,F,A,A,A,H,-,A,D,0,,,,,Y,,D,22,0,2,0,0,0,0,0,0,0,"- ","- ",40.268501281738281,-123.93350219726562,TRINITY,UNINCORPORATED,-123.15898895263672,40.434299468994141
91304141,2020,2020-09-14,9175,2020-09-11,2015,020464,,5,2,9,5300,0,1,3,,2,014,SR-299,"CAMPBELL RIDGE RD",1150.00,W,N,A,-,Y,,,299,,,,,,,Y,3,0,1,1,C,-,18,,,N,A,J,A,A,H,-,D,D,0,,,Y,,Y,,-,"- ",0,1,0,0,0,0,0,0,1,"- ","- ",40.887310028076172,-123.58686828613281,TRINITY,UNINCORPORATED,-123.58686828613281,40.887310028076172
91307941,2020,2020-09-21,9175,2020-09-18,0515,020683,,5,3,9,5300,0,1,3,,1,011,SR-299,"VALDOR RD",6600.00,W,N,A,-,Y,,,299,,,,,,,Y,3,0,1,1,A,-,08,22107,,N,F,A,A,A,H,-,D,D,0,,,,Y,Y,,G,25,0,1,0,0,0,0,0,0,0,"- ","- ",40.760578155517578,-123.09661102294922,TRINITY,UNINCORPORATED,-123.09660339355469,40.760555267333984
91308525,2020,2020-09-21,9175,2020-09-11,0535,020722,,5,3,9,5300,0,1,3,,2,015,"SR-3 N/B","SPRUCE LN",1584.00,N,N,A,-,Y,,,3,,,,,,N,Y,2,0,1,1,A,-,01,23152,A,N,E,I,A,A,H,-,C,D,0,,,,,Y,Y,A,01,1,0,0,0,0,0,0,0,0,"- ","- ",40.750450134277344,-122.88751220703125,TRINITY,UNINCORPORATED,-122.88761138916016,40.750560760498047
91309361,2020,2020-10-27,9175,2020-09-20,1455,020722,,7,2,9,5300,0,1,3,,2,013,"SR-299 E/B","SWEDE CREEK RD",5280.00,E,N,A,-,Y,,,299,,,,,,E,Y,3,0,1,1,A,-,03,22350,,N,F,A,A,A,H,-,A,D,0,,,Y,,Y,,C,02,0,1,0,0,0,0,0,0,1,"- ","- ",40.784538269042969,-123.34973907470703,TRINITY,UNINCORPORATED,-123.34968566894531,40.784523010253906
91330245,2020,2020-10-23,9175,2020-10-07,1750,018507,,3,2,9,5300,0,1,3,,2,014,SR-299,"UNDERWOOD MOUNTAIN RD",528.00,W,N,A,-,Y,,,,,,,,,,Y,3,0,1,1,A,-,08,22107,,N,E,I,A,A,H,-,B,D,0,,,,,Y,,A,01,0,1,0,0,0,0,0,0,0,"- ","- ",40.482601165771484,-123.28170013427734,TRINITY,UNINCORPORATED,-123.47251892089844,40.807373046875
91330277,2020,2020-10-23,9175,2020-10-19,1715,019485,,1,2,9,5300,0,3,5,,2,001,"TRINITY DAM BLVD","LEWISTRON RD",300.00,N,N,A,-,N,,,,,,,,,,N,3,0,1,1,A,-,08,22107,,N,E,A,A,A,H,-,A,D,0,,,,,Y,,A,01,0,1,0,0,0,0,0,0,0,"- ","- ",40.704658508300781,-122.7996826171875,TRINITY,UNINCORPORATED,,
91331338,2020,2020-10-26,9175,2020-10-21,2115,020683,,3,2,9,5300,0,3,5,,2,002,"OREGON ST.","DUTCH LN",488.00,N,N,A,-,N,,,,,,,,,,Y,3,0,1,1,A,-,01,23152,A,N,E,I,A,A,H,-,D,D,0,,,,,Y,Y,A,07,0,1,0,0,0,0,0,0,0,"- ","- ",40.736110687255859,-122.97039794921875,TRINITY,UNINCORPORATED,-122.97047424316406,40.736095428466797
91345931,2020,2020-11-16,9175,2020-11-13,1430,019485,,5,2,9,5300,0,1,3,,2,014,"SR-299 E/B","UNDERWOOD MOUNTAIN RD",528.00,E,N,C,-,Y,,,,,,,,,,Y,3,0,1,1,A,-,03,22350,,N,F,A,A,B,H,-,A,D,0,,,,,Y,,A,01,0,1,0,0,0,0,0,0,0,"- ","- ",,,TRINITY,UNINCORPORATED,-123.46980285644531,40.805488586425781
91345949,2020,2020-11-16,9175,2020-11-13,2132,020683,,5,2,9,5300,0,1,3,,1,010,"SR-299 E/B","LEWISTON RD",400.00,W,N,B,-,Y,,,299,,,,,,E,Y,4,0,1,1,A,-,08,22107,,N,E,I,A,B,H,-,D,D,0,,,,,Y,,D,22,0,0,1,0,0,0,0,0,0,"- ","- ",40.672191619873047,-122.86411285400391,TRINITY,UNINCORPORATED,-122.86411285400391,40.672191619873047
91347768,2020,2020-11-18,9175,2020-11-10,1940,019485,,2,2,9,5300,0,1,3,,2,014,"SR-299 E/B","UNDERWOOD MOUNTAIN RD",2640.00,E,N,A,-,Y,,,299,,,,,,E,Y,3,0,1,1,A,-,03,22350,,N,F,A,A,A,H,-,D,D,0,,,,Y,Y,,G,25,0,1,0,0,0,0,0,0,0,"- ","- ",40.80072021484375,-123.46495056152344,TRINITY,UNINCORPORATED,-123.46492767333984,40.800762176513672
91354085,2020,2020-11-25,9175,2020-11-14,0550,018268,,6,3,9,5300,0,3,5,,2,001,"RUSH CREEK RD","FALLEN BRIDGE RD",4224.00,W,N,B,-,N,,,,,,,,,,Y,4,0,1,1,A,-,08,22107,,N,E,I,A,B,H,-,D,D,0,,,,,Y,,A,01,0,0,1,0,0,0,0,0,0,"- ","- ",40.778228759765625,-122.85330200195312,TRINITY,UNINCORPORATED,,
91369553,2020,2020-12-17,9175,2020-12-14,1210,018268,,1,1,9,5300,0,3,5,,2,001,"RUSH CREEK RD",SR-3,9504.00,E,N,B,-,N,,,,,,,,,,Y,3,0,2,1,A,-,08,22107,,N,E,I,A,C,H,-,A,A,0,,,,,Y,,A,01,0,2,0,0,0,0,0,0,0,"- ","- ",40.779079437255859,-122.86476135253906,TRINITY,UNINCORPORATED,-122.89044952392578,40.795188903808594
91380318,2020,2021-01-04,9175,2020-12-25,2240,021253,,5,3,9,5300,0,1,3,,1,011,SR-299,"TUCKER HILL ROAD",2640.00,W,N,C,-,Y,,,299,,,,,,,Y,2,0,2,2,A,-,01,23152,A,N,D,C,A,B,H,-,D,D,0,,,,,Y,Y,A,01,2,0,0,0,0,0,0,0,0,"- ","- ",40.680469512939453,-122.94329071044922,TRINITY,UNINCORPORATED,-122.94312286376953,40.680305480957031
91392141,2021,2021-01-21,9175,2021-01-18,0810,016084,,1,1,9,5300,0,1,3,,1,011,"STATE ROUTE 299","LITTLE BROWNS CREEK ROAD",2640.00,E,N,B,-,Y,,,299,,,,,,,Y,1,1,1,2,A,-,05,21460,A,N,A,C,A,A,H,-,A,D,0,,,,,Y,,D,22,0,1,0,0,0,0,0,0,0,"- ","- ",40.690898895263672,-122.93296051025391,TRINITY,UNINCORPORATED,-122.93292999267578,40.690872192382812
91402758,2021,2021-02-04,9175,2021-01-26,1335,018268,,2,1,9,5300,0,3,5,,2,001,"EASTER AVE","ELTAPOME HTS",15.00,E,N,D,-,N,,,,,,,,,,Y,3,0,1,1,A,-,03,22350,,N,E,I,A,C,H,-,A,D,0,,,,,Y,,A,01,0,1,0,0,0,0,0,0,0,"- ","- ",40.737808227539062,-122.94136810302734,TRINITY,UNINCORPORATED,-122.94134521484375,40.737930297851562
91415380,2021,2021-02-25,9175,2021-02-19,1300,15928,,5,1,9,5300,0,1,3,,2,013,"STATE ROUTE 299","CORRAL BOTTOM ROAD",22704.00,W,N,B,-,Y,,,,,,,,,,Y,3,0,1,1,A,-,08,22107,,N,F,A,A,B,H,-,A,D,0,,,,,Y,,D,22,0,1,0,0,0,0,0,0,0,"- ","- ",40.461948394775391,-123.18389892578125,TRINITY,UNINCORPORATED,-123.30687713623047,40.769924163818359
91445574,2021,2021-04-07,9175,2021-03-26,1401,018507,,5,2,9,5300,0,1,3,,1,012,SR-299,"EAST FORK ROAD",4752.00,W,N,A,-,Y,,,,,,,,,,Y,2,0,1,1,A,-,03,22350,,N,E,I,A,A,H,-,A,D,0,,,Y,,Y,,C,02,1,0,0,0,0,0,0,0,1,"- ","- ",40.459381103515625,-123.08183288574219,TRINITY,UNINCORPORATED,-123.13637542724609,40.765625
91446036,2021,2021-04-08,9175,2021-04-02,1135,018268,,5,1,9,5300,0,1,3,,1,011,"SR-299 (MAIN STREET)","WASHINGTON ST",103.00,W,N,A,-,Y,,,299,,,,,,,N,4,0,1,2,A,-,03,22350,,N,C,C,A,A,D,-,A,A,0,,,,,Y,,A,07,0,0,1,0,0,0,0,0,0,"- ","- ",40.727519989013672,-122.93621063232422,TRINITY,UNINCORPORATED,-122.93624877929688,40.727458953857422
91454421,2021,2021-09-21,9175,2021-04-17,2035,020683,,6,2,9,5300,0,3,5,,2,002,"VAN DUZEN RD","LARS LANE",1584.00,S,N,A,-,N,,,,,,,,,,Y,1,1,0,1,A,-,08,22107,,N,E,I,A,A,H,-,D,D,0,,,,,Y,Y,D,22,0,0,0,0,0,0,0,0,0,"- ","- ",40.444190979003906,-123.52626800537109,TRINITY,UNINCORPORATED,-123.52609252929688,40.444572448730469
91458626,2021,2021-05-27,9175,2021-04-14,1650,016084,,3,2,9,5300,0,1,3,,1,021,"RT 3","SUMMIT CREEK ROAD",5808.00,S,N,A,-,Y,,,,,,,,,,Y,4,0,1,1,A,-,08,22107,,N,E,I,A,A,H,-,A,D,0,,,,,Y,,D,22,0,0,1,0,0,0,0,0,0,"- ","- ",,,TRINITY,UNINCORPORATED,-123.10528564453125,40.566020965576172
91459276,2021,2021-04-27,9175,2021-04-19,1320,019485,,1,1,9,5300,0,1,3,,1,022,SR-36,SR-3,1056.00,E,N,A,-,Y,,,,,,,,,,Y,2,0,2,1,A,-,08,22107,,N,F,A,A,A,H,-,A,D,0,,,Y,,Y,,C,02,1,1,0,0,0,0,0,0,2,"- ","- ",,,TRINITY,UNINCORPORATED,-123.17243957519531,40.421119689941406
91463593,2021,2021-04-30,9175,2021-04-20,1744,020464,,2,2,9,5300,0,1,3,,1,021,SR-3,"GARDEN GULCH LN",410.00,N,N,B,-,Y,,,3,,,,,,,Y,2,0,2,1,A,-,08,22107,,N,F,J,A,B,H,-,A,D,0,,,,,Y,,D,22,2,0,0,0,0,0,0,0,0,"- ","- ",40.580410003662109,-123.08506011962891,TRINITY,UNINCORPORATED,-123.08506011962891,40.580406188964844
91479901,2021,2021-05-25,9175,2021-05-14,2101,020786,,5,2,9,5300,0,1,3,,2,014,"SR-299 W/B","MADRONE ST",1056.00,E,N,B,-,Y,,,299,,,,,,W,Y,4,0,1,1,A,-,08,22107,,N,E,I,A,A,D,-,D,A,0,,,,Y,Y,,G,25,0,0,1,0,0,0,0,0,0,"- ","- ",40.890110015869141,-123.57216644287109,TRINITY,UNINCORPORATED,-123.57218170166016,40.890087127685547
91497531,2021,2021-06-15,9175,2021-06-10,1155,016084,,4,1,9,5300,0,1,3,,1,010,"RT 299","FAWN LODGE ROAD",1056.00,E,N,A,-,Y,,,,,,,,,,N,3,0,1,1,A,-,08,22107,,N,E,I,A,A,H,-,A,D,0,,,,,Y,,A,01,0,1,0,0,0,0,0,0,0,"- ","- ",40.679920196533203,-122.82623291015625,TRINITY,UNINCORPORATED,-122.82622528076172,40.673984527587891
91505122,2021,2021-06-24,9175,2021-06-06,0450,020786,,7,3,9,5300,0,1,3,,1,011,SR-299,"INDUSTRIAL PARKWAY",2640.00,E,N,A,-,Y,,,299,,,,,,,N,2,0,1,1,A,-,08,22107,,F,E,I,A,A,H,-,D,D,0,,,,,Y,,D,22,1,0,0,0,0,0,0,0,0,"- ","- ",40.703170776367188,-122.92517852783203,TRINITY,UNINCORPORATED,-122.92527770996094,40.70318603515625
91526589,2021,2021-07-22,9175,2021-07-16,2200,020683,,5,3,9,5300,0,3,5,,2,002,"SUMMIT CREEK ROAD","WINGERT ROAD",300.00,S,N,A,-,N,,,,,,,,,,N,3,0,1,1,A,-,08,22107,,N,E,I,A,A,H,-,D,D,0,,,Y,,Y,,C,02,0,1,0,0,0,0,0,0,1,"- ","- ",40.570831298828125,-123.06507110595703,TRINITY,UNINCORPORATED,-123.06293487548828,40.570304870605469
91528815,2021,2021-07-26,9175,2021-07-17,1701,020786,,6,2,9,5300,0,1,3,,1,017,SR-3,"EAST SIDE RD",230.00,S,N,A,-,Y,,,,,,,,,,Y,3,0,5,1,A,-,08,22107,,N,F,A,A,A,H,-,A,D,0,,,,,Y,,A,01,0,5,0,0,0,0,0,0,0,"- ","- ",41.030899047851562,-122.41560363769531,TRINITY,UNINCORPORATED,-122.69883728027344,41.052345275878906
91528850,2021,2021-12-02,9175,2021-07-24,0330,020786,,6,3,9,5300,0,1,3,,1,020,SR-3,"B BAR K RD",19008.00,S,N,A,-,Y,,,,,,,,,,Y,2,0,1,1,A,-,03,22350,,N,E,I,A,A,H,-,D,D,0,,,,,Y,,A,01,1,0,0,0,0,0,0,0,0,"- ","- ",40.371551513671875,-122.59588623046875,TRINITY,UNINCORPORATED,-122.94853210449219,40.641120910644531
91531689,2021,2021-07-29,9175,2021-07-26,1750,019877,,1,2,9,5300,0,1,3,,1,022,SR-36,SR-3,1056.00,W,N,A,-,Y,,,36,,,,,,,Y,4,0,2,2,A,-,03,22350,,N,A,C,A,A,H,-,A,D,0,,,,,Y,,D,22,0,0,2,0,0,0,0,0,0,"- ","- ",40.417839050292969,-123.18245697021484,TRINITY,UNINCORPORATED,-123.18247985839844,40.417854309082031
91537433,2021,2021-08-05,9175,2021-07-26,1810,018645,,1,2,9,5300,0,1,3,,2,013,SR-299,"ANGIE LANE",1056.00,W,N,A,-,Y,,,299,,,,,,,Y,2,0,5,2,A,-,05,21650,,N,A,C,A,A,H,-,A,D,0,,,,,Y,,D,22,1,0,4,0,0,0,0,0,0,"- ","- ",40.781749725341797,-123.33351898193359,TRINITY,UNINCORPORATED,-123.33355712890625,40.781715393066406
91539822,2021,2021-08-09,9175,2021-07-25,2030,020363,,7,2,9,5300,0,1,3,,1,010,SR-299,"CLARK CREEK RD.",6336.00,E,N,A,-,Y,,,299,,,,,,,Y,3,0,1,1,A,-,08,22107,,N,E,I,A,A,H,-,D,D,0,,,,,Y,,D,22,0,1,0,0,0,0,0,0,0,"- ","- ",40.658279418945312,-122.77369689941406,TRINITY,UNINCORPORATED,-122.77370452880859,40.658229827880859
91550464,2021,2021-08-20,9175,2021-07-10,1220,019811,,6,1,9,5300,0,1,3,,1,021,"STATE ROUTE 3","WILDWOOD ROAD",2112.00,N,N,A,-,Y,,,3,,,,,,,Y,1,1,1,1,A,-,01,23152,A,N,E,I,A,A,H,-,A,D,0,,,,,Y,Y,A,01,1,0,0,0,0,0,0,0,0,"- ","- ",40.569198608398438,-123.10350036621094,TRINITY,UNINCORPORATED,-123.10345458984375,40.56915283203125
91596102,2021,2021-10-14,9175,2021-10-07,0200,020683,,4,3,9,5300,0,1,3,,1,010,SR-299,"BUCKHORN STATION LOOP",1100.00,E,N,A,-,Y,,,299,,,,,,,Y,4,0,1,1,A,-,08,22107,,N,F,A,A,A,H,-,D,D,0,,,,,Y,,D,22,0,0,1,0,0,0,0,0,0,"- ","- ",40.662311553955078,-122.77971649169922,TRINITY,UNINCORPORATED,-122.77970886230469,40.662311553955078
91601488,2021,2021-10-20,9175,2021-10-15,2140,020683,,5,2,9,5300,0,1,3,,1,012,SR-299,"GILZEAN ROAD",2640.00,W,N,A,-,Y,,,299,,,,,,,Y,4,0,1,2,A,-,03,22350,,N,C,C,A,A,H,-,D,D,0,,,,,Y,,D,22,0,0,1,0,0,0,0,0,0,"- ","- ",40.737960815429688,-123.05924224853516,TRINITY,UNINCORPORATED,-123.05924987792969,40.737949371337891
91605502,2021,2021-10-25,9175,2021-10-24,1045,018268,,7,1,9,5300,0,3,5,,2,002,"HYAMPOM RD",SR-3,12144.00,W,N,B,-,N,,,,,,,,,,N,3,0,1,1,A,-,08,22107,,N,E,I,A,B,H,-,A,D,0,,,,,Y,,D,22,0,1,0,0,0,0,0,0,0,"- ","- ",40.560298919677734,-123.23323059082031,TRINITY,UNINCORPORATED,-123.23181915283203,40.559501647949219
91610671,2021,2021-10-29,9175,2021-10-21,2030,020786,,4,2,9,5300,0,1,3,,1,022,"SR-36 W/B","POST MT RD",92.00,W,N,C,-,Y,,,36,,,,,,W,Y,2,0,2,1,A,-,08,22107,,N,E,I,A,B,H,-,D,D,0,,,,,Y,,A,01,1,0,1,0,0,0,0,0,0,"- ","- ",40.416118621826172,-123.18482208251953,TRINITY,UNINCORPORATED,-123.18479156494141,40.416099548339844
91614569,2021,2021-11-03,9175,2021-10-26,1655,019485,,2,2,9,5300,0,1,3,,1,020,SR-299,SR-3,0.00,,Y,B,C,Y,,,299,,,,,,,Y,2,0,5,2,A,-,12,22450,A,N,D,2,A,B,H,-,A,A,0,,,,,Y,,A,07,2,3,0,0,0,0,0,0,0,"- ","- ",40.651321411132812,-122.93923187255859,TRINITY,UNINCORPORATED,-122.93923187255859,40.65130615234375
91718199,2022,2022-03-08,9175,2022-03-04,0720,016084,,5,1,9,5300,0,1,S,,2,056,"RT 3","SUMMIT CREEK ROAD",5280.00,S,N,A,-,Y,,,,,,,,,,Y,3,0,1,1,A,-,03,22350,,N,F,A,A,A,H,-,A,D,0,,,,Y,Y,,G,25,0,1,0,0,0,0,0,0,0,"- ","- ",40.352901458740234,-123.01319885253906,TRINITY,UNINCORPORATED,-123.10477447509766,40.567417144775391
91720161,2022,2022-03-10,9175,2022-03-07,1200,018268,,1,1,9,5300,0,1,3,,2,015,SR-3,"BUTTONS RD",528.00,N,N,A,-,Y,TRI,,3,,,39.154,H,,R,Y,3,0,2,1,A,-,08,22107,,N,E,I,A,A,H,-,A,D,0,,,,,Y,,A,07,0,1,1,0,0,0,0,0,0,"- ","- ",40.809829711914062,-122.88957214355469,TRINITY,UNINCORPORATED,-122.88951110839844,40.809852600097656
91737608,2022,2022-03-30,9175,2022-03-19,1313,020464,,6,1,9,5300,0,1,3,,1,010,SR-299,"STEEL BRIDGE RD",3000.00,W,N,B,C,Y,TRI,,299,,,60.410,H,,R,Y,2,0,3,2,A,-,05,21460,A,N,D,C,A,B,H,-,A,D,0,,,,,Y,,A,01,1,1,1,0,0,0,0,0,0,"- ","- ",40.653160095214844,-122.90115356445312,TRINITY,UNINCORPORATED,-122.90116119384766,40.653129577636719
91749678,2022,2022-04-18,9175,2022-04-07,1730,020464,,4,2,9,5300,0,3,5,,2,001,"PRIVATE PROPERTY","SWIFT CREEK ROAD",5280.00,N,N,A,-,N,,,,,,,,,,N,3,0,1,1,B,-,22,,,N,F,A,A,A,H,-,A,D,0,,,Y,,Y,,C,02,0,1,0,0,0,0,0,0,1,"- ","- ",40.987140655517578,-122.71867370605469,TRINITY,UNINCORPORATED,,
91763582,2022,2022-05-03,9175,2022-04-28,1125,016084,,4,1,9,5300,0,1,3,,1,010,"RT 299","FAWN LODGE ROAD",528.00,W,N,A,-,Y,TRI,,299,,,65.225,H,,R,N,3,0,1,1,C,-,18,,,N,E,H,A,A,H,-,A,D,0,,,,,Y,,-,"- ",0,1,0,0,0,0,0,0,0,"- ","- ",40.675350189208984,-122.83139801025391,TRINITY,UNINCORPORATED,-122.83139801025391,40.675312042236328
91767541,2022,2022-05-09,9175,2022-04-28,2330,021253,,4,3,9,5300,0,1,3,,1,010,SR-299,"BUCKHORN STATION LOOP ROAD",11088.00,E,N,B,-,Y,TRI,,299,,,70.351,H,,R,Y,3,0,1,1,A,-,01,23152,A,N,F,I,A,A,H,-,D,D,0,,,,,Y,Y,A,01,0,1,0,0,0,0,0,0,0,"- ","- ",40.652748107910156,-122.74941253662109,TRINITY,UNINCORPORATED,-122.74945831298828,40.652694702148438
91772154,2022,2022-05-16,9175,2022-05-07,0500,020004,,6,3,9,5300,0,1,3,,2,015,"SR-3 S/B","WILDWOOD RD",563.00,S,N,B,-,Y,TRI,,3,,,11.407,H,,L,Y,4,0,1,1,A,-,08,22107,,N,E,I,A,A,H,-,D,D,0,,,,,Y,,D,22,0,0,1,0,0,0,0,0,0,"- ","- ",40.559669494628906,-123.10614013671875,TRINITY,UNINCORPORATED,-123.1060791015625,40.559665679931641
91783344,2022,2022-05-27,9175,2022-05-14,2100,020722,,6,2,9,5300,0,3,5,,2,001,"HYAMPOM RD",SR-3,727.00,W,N,A,-,N,,,,,,,,,,N,3,0,1,1,A,-,08,22107,,M,E,I,A,A,H,-,D,D,0,,,,,Y,Y,-,"- ",0,1,0,0,0,0,0,0,0,"- ","- ",40.552791595458984,-123.19346618652344,TRINITY,UNINCORPORATED,-123.19309997558594,40.552879333496094
91783389,2022,2022-05-27,9175,2022-05-22,0200,020683,,7,3,9,5300,0,1,3,,1,017,SR-3,"RASBERRY LANE",2200.00,N,N,A,-,Y,,,,,,,,,,Y,2,0,1,1,A,-,08,22107,,N,E,I,A,A,H,-,D,D,0,,,,,Y,,A,01,1,0,0,0,0,0,0,0,0,"- ","- ",40.769321441650391,-122.89089965820312,TRINITY,UNINCORPORATED,-122.89053344726562,40.769554138183594
91794751,2022,2022-06-14,9175,2022-06-06,0810,018268,,1,1,9,5300,0,1,3,,1,011,SR-299,"LESLIE LN",100.00,W,N,A,-,Y,,,,,,,,,,N,4,0,1,1,C,-,18,,,N,E,H,A,A,H,-,A,D,0,,,Y,,Y,,-,"- ",0,0,1,0,0,0,0,0,1,"- ","- ",40.135440826416016,-122.96099853515625,TRINITY,UNINCORPORATED,,
91798744,2022,2022-06-20,9175,2022-06-12,1516,020464,,7,2,9,5300,0,1,3,,1,011,SR-299,"CASTLE ROAD",2640.00,W,N,A,-,Y,,,,,,,,,,N,4,0,1,1,A,-,03,22350,,N,F,A,A,A,H,-,A,D,0,,,Y,,Y,,C,02,0,0,1,0,0,0,0,0,1,"- ","- ",,,TRINITY,UNINCORPORATED,-123.00049591064453,40.7420654296875
91802196,2022,2022-06-23,9175,2022-06-11,1320,020464,,6,1,9,5300,0,3,5,,2,002,"CHROME MINE RD","RATTLESNAKE RD",1320.00,S,N,A,-,N,,,,,,,,,,N,3,0,1,1,C,-,18,,,N,F,A,A,A,A,B,A,D,0,,,Y,,Y,,-,"- ",0,1,0,0,0,0,0,0,1,"- ","- ",40.4215087890625,-123.21962738037109,TRINITY,UNINCORPORATED,-123.21881866455078,40.420963287353516
91812802,2022,2022-07-08,9175,2022-07-04,2340,019485,,1,3,9,5300,0,1,3,,1,010,SR-299,"POKER BAR RD",2640.00,W,N,B,C,Y,TRI,,299,,,62.039,H,,R,Y,3,0,2,2,A,-,03,22350,,N,B,C,A,B,H,-,D,D,0,,,,,Y,,A,01,0,2,0,0,0,0,0,0,0,"- ","- ",40.668781280517578,-122.88520812988281,TRINITY,UNINCORPORATED,-122.88524627685547,40.6688232421875
91814156,2022,2022-07-11,9175,2022-07-03,2040,020363,,7,2,9,5300,0,3,5,,2,001,"WEAVER ST.","SHORT ST.",10.00,S,N,B,-,N,,,,,,,,,,N,3,0,1,1,A,-,01,23152,A,N,F,A,A,A,H,-,B,D,0,,,Y,,Y,Y,C,02,0,1,0,0,0,0,0,0,1,"- ","- ",40.728370666503906,-122.93344879150391,TRINITY,UNINCORPORATED,-122.93339538574219,40.728374481201172
91814999,2022,2022-07-12,9175,2022-07-02,1757,020722,,6,2,9,5300,0,3,5,,2,002,"RUTH ZENIA RD","LOWER WEST SIDE RD",1320.00,E,N,A,-,N,,,,,,,,,,N,2,0,2,1,A,-,01,23152,A,N,H,A,A,A,H,-,A,D,0,,,,,Y,Y,D,22,2,0,0,0,0,0,0,0,0,"- ","- ",40.313041687011719,-123.39714813232422,TRINITY,UNINCORPORATED,-123.39917755126953,40.311450958251953
91815099,2022,2022-07-12,9175,2022-07-05,2345,020683,,2,3,9,5300,0,1,3,,1,016,SR-3,"HATCHET CREEK ROAD",1900.00,S,N,A,-,Y,TRI,,3,,,62.220,H,,R,Y,2,0,1,1,A,-,01,23152,A,N,E,I,A,A,H,-,D,D,0,,,,,Y,Y,D,22,1,0,0,0,0,0,0,0,0,"- ","- ",41.010269165039062,-122.69300842285156,TRINITY,UNINCORPORATED,-122.69316101074219,41.010353088378906
91817859,2022,2022-07-15,9175,2022-07-04,0825,020786,,1,1,9,5300,0,1,3,,1,021,"SR-3 N/B","RATTLESNAKE RD",634.00,N,N,B,-,Y,TRI,,3,,,0.173,H,,R,N,4,0,1,1,A,-,08,22107,,N,F,A,A,A,H,-,A,D,0,,,Y,,Y,,C,02,0,0,1,0,0,0,0,0,1,"- ","- ",40.468929290771484,-123.16983032226562,TRINITY,UNINCORPORATED,-123.16986083984375,40.46893310546875
91820270,2022,2022-07-19,9175,2022-07-12,0020,021253,,2,3,9,5300,0,1,3,,1,020,SR-36,"FOREST SERVICE ROUTE 29N31",15.00,E,N,A,-,Y,TRI,,36,,R,35.511,H,,R,Y,4,0,1,1,A,-,08,22107,,N,E,I,A,A,H,-,D,D,0,,,,,Y,,E,22,0,0,1,0,0,0,0,0,0,"- ","- ",40.395290374755859,-123.10199737548828,TRINITY,UNINCORPORATED,-123.10206604003906,40.395187377929688
91823239,2022,2022-07-22,9175,2022-07-13,1409,020786,,3,2,9,5300,0,1,3,,2,014,"SR-299 W/B","CAMPBELL RIDGE RD",2112.00,E,N,A,-,Y,TRI,,299,,,1.643,H,,L,Y,4,0,1,1,A,-,08,22107,,N,E,I,A,A,H,-,A,A,0,,,,,Y,,A,08,0,0,1,0,0,0,0,0,0,"- ","- ",40.891918182373047,-123.57598876953125,TRINITY,UNINCORPORATED,-123.57601928710938,40.891887664794922
91830478,2022,2022-08-01,9175,2022-07-20,1420,019877,,3,2,9,5300,0,1,3,,1,010,SR-299,SR-3,0.00,,Y,A,-,Y,TRI,,299,,R,58.140,H,,R,Y,3,0,3,2,A,-,05,21651,C,N,A,2,A,A,H,-,A,A,0,,,,,Y,,A,01,0,3,0,0,0,0,0,0,0,"- ","- ",40.651298522949219,-122.93869781494141,TRINITY,UNINCORPORATED,-122.938720703125,40.651374816894531
91833876,2022,2022-08-05,9175,2022-07-29,1415,020786,,5,2,9,5300,0,1,3,,1,016,SR-3,"RANCHERIA RD",0.00,,N,A,-,Y,,,,,,,,,,N,3,0,1,1,A,-,08,22107,,N,F,A,A,A,H,-,A,D,0,,,Y,,Y,,C,02,0,1,0,0,0,0,0,0,1,"- ","- ",40.985031127929688,-122.70591735839844,TRINITY,UNINCORPORATED,-122.70631408691406,40.988800048828125
91842346,2022,2022-08-17,9175,2022-08-15,1530,019877,,1,2,9,5300,0,3,5,,2,001,"STEEL BRIDGE RD",SR-299,8976.00,N,N,A,-,Y,,,,,,,,,,Y,3,0,2,1,A,-,01,23152,A,N,E,I,A,A,H,-,A,D,0,,,,,Y,Y,A,07,0,2,0,0,0,0,0,0,0,"- ","- ",40.670368194580078,-122.91793823242188,TRINITY,UNINCORPORATED,-122.91743469238281,40.670475006103516
91850796,2022,2022-08-26,9175,2022-08-20,1300,019479,,6,1,9,5300,0,1,3,,1,022,SR-36,"USFS RTE 1",35.00,W,N,A,-,Y,TRI,,36,,R,2.800,H,,R,N,3,0,1,1,A,-,08,22107,,N,E,8,A,A,H,-,A,A,0,,,,,Y,,A,01,0,1,0,0,0,0,0,0,0,"- ","- ",40.449798583984375,-123.50228881835938,TRINITY,UNINCORPORATED,-123.50229644775391,40.449764251708984
91868850,2022,2022-09-20,9175,2022-09-03,1525,020464,,6,2,9,5300,0,3,5,,2,001,"OLD LEWISTON ROAD","BROWNS MTN RD",1882.00,S,N,A,-,N,,,,,,,,,,Y,4,0,1,1,A,-,01,23152,F,N,F,A,A,A,H,-,A,D,0,,,,,Y,,M,50,0,0,1,0,0,0,0,0,0,"- ","- ",40.697059631347656,-122.84853363037109,TRINITY,UNINCORPORATED,-122.84840393066406,40.697090148925781
91868857,2022,2022-09-20,9175,2022-09-08,2300,020363,,4,3,9,5300,0,3,5,,2,001,SR-299,"FAWN LODGE RD",2640.00,W,N,A,-,Y,TRI,,299,,,64.785,H,,R,N,3,0,3,1,A,-,08,22107,,N,E,I,A,A,H,-,D,D,0,,,,,Y,,A,01,0,3,0,0,0,0,0,0,0,"- ","- ",40.674888610839844,-122.83978271484375,TRINITY,UNINCORPORATED,-122.83979034423828,40.674835205078125
91872696,2022,2022-09-26,9175,2022-09-16,1810,021253,,5,2,9,5300,0,3,5,,2,002,"DUTCH CREEK ROAD","RED HILL ROAD",0.00,,Y,A,-,N,,,,,,,,,,Y,2,0,1,1,A,-,08,22107,,N,E,I,A,A,H,-,A,D,0,,,Y,,Y,,C,02,1,0,0,0,0,0,0,0,1,"- ","- ",40.728248596191406,-123.06307983398438,TRINITY,UNINCORPORATED,-123.06272125244141,40.728240966796875
91884017,2022,2022-10-06,9175,2022-10-02,0600,018268,,7,1,9,5300,0,1,3,,1,012,SR-299,"VALDOR RD",8976.00,W,N,A,-,Y,TRI,,299,,,38.425,H,,R,Y,2,0,1,1,A,-,08,22107,,N,E,8,A,A,H,-,D,D,0,,,,,Y,,D,22,1,0,0,0,0,0,0,0,0,"- ","- ",40.76544189453125,-123.10218811035156,TRINITY,UNINCORPORATED,-123.10218811035156,40.76544189453125
91886560,2022,2022-10-10,9175,2022-10-07,1020,018268,,5,1,9,5300,0,1,3,,2,015,SR-3,"EAST WEAVER CREEK RD",528.00,N,N,A,-,Y,TRI,,3,,,32.856,H,,R,Y,4,0,1,1,A,-,08,22107,,N,E,A,A,A,H,-,A,D,0,,,Y,,Y,,C,02,0,0,1,0,0,0,0,0,1,"- ","- ",40.752361297607422,-122.91504669189453,TRINITY,UNINCORPORATED,-122.91505432128906,40.752361297607422
91906924,2022,2022-11-01,9175,2022-10-26,2050,020683,,3,2,9,5300,0,1,3,,2,014,SR-299,"DENNY ROAD",2112.00,W,N,A,-,Y,TRI,,299,,,5.010,H,,R,Y,4,0,1,1,A,-,08,22107,,N,E,I,A,A,H,-,D,D,0,,,,,Y,,D,22,0,0,1,0,0,0,0,0,0,"- ","- ",40.872451782226562,-123.5296630859375,TRINITY,UNINCORPORATED,-123.5296630859375,40.872447967529297
91916879,2022,2022-12-12,9175,2022-10-26,1220,015928,,3,1,9,5300,0,3,5,,2,001,"WEAVER BALLY ROAD","MEMORIAL DRIVE",0.00,,Y,A,-,N,,,,,,,,,,Y,4,0,1,2,A,-,09,21802,A,M,D,C,A,A,H,-,A,A,0,,,,,Y,,D,22,0,0,1,0,0,0,0,0,0,"- ","- ",40.736400604248047,-122.94761657714844,TRINITY,UNINCORPORATED,-122.94760131835938,40.736412048339844
91918036,2022,2022-11-15,9175,2022-11-12,1253,018268,,6,1,9,5300,0,1,3,,2,015,SR-3,"RUSH CREEK RD",1584.00,N,N,A,-,Y,TRI,,3,,,38.200,H,,R,Y,3,0,1,1,A,-,08,22107,,N,E,8,A,B,H,-,A,D,0,,,,,Y,,A,07,0,1,0,0,0,0,0,0,0,"- ","- ",40.798229217529297,-122.88900756835938,TRINITY,UNINCORPORATED,-122.88893890380859,40.798248291015625
91934130,2022,2022-12-05,9175,2022-11-24,1835,020683,,4,2,9,5300,0,3,5,,2,001,"WASHINGTON ST","LOWDEN LN",0.00,,Y,A,-,N,,,,,,,,,,N,4,0,1,1,A,-,08,22107,,N,E,I,A,A,H,-,C,D,0,,,,,Y,,A,01,0,0,1,0,0,0,0,0,0,"- ","- ",40.730968475341797,-122.93565368652344,TRINITY,UNINCORPORATED,-122.93550109863281,40.731029510498047
91964676,2023,2023-01-10,9175,2023-01-03,1840,019479,,2,2,9,5300,0,1,3,,1,021,SR-3,"BRADY ROAD",132.00,S,N,C,E,Y,TRI,,3," "," ",7.147,H,,R,N,2,0,1,2,A,-,11,21956,A,N,G,B,E,B,H,-,D,D,0,Y,,,,Y,,N,60,1,0,0,0,1,0,0,0,0,"- ","- ",40.554119110107422,-123.18260955810547,TRINITY,UNINCORPORATED,-123.18260955810547,40.554126739501953
91968221,2023,2023-01-13,9175,2023-01-06,"240 ",020004,,5,3,9,5300,0,1,3,,1,011,SR-299,"HIGHLAND RD",400.00,E,N,B,-,Y,TRI,,299," "," ",43.814,H,,R,Y,2,0,1,1,A,-,08,22107,,N,F,I,A,B,H,-,D,D,0,,,,,Y,,A,01,1,0,0,0,0,0,0,0,0,"- ","- ",40.726169586181641,-123.05354309082031,TRINITY,UNINCORPORATED,-123.05347442626953,40.726234436035156
91994016,2023,2023-02-14,9175,2023-02-07,1640,020722,,2,2,9,5300,0,3,5,,2,001,"WASHINGTON ST","LOWDEN LN",117.00,S,N,A,-,N,,,,,,,,,,Y,4,0,1,1,A,-,08,22107,,N,E,I,A,A,H,-,A,D,0,,,,,Y,,-,"- ",0,0,1,0,0,0,0,0,0,"- ","- ",40.730709075927734,-122.93582916259766,TRINITY,UNINCORPORATED,-122.93567657470703,40.730743408203125
91997112,2023,2023-02-17,9175,2023-02-14,"835 ",016084,,2,1,9,5300,0,3,5,,2,001,"COURT STREET","RT 299",30.00,N,N,D,-,N,,,,,,,,,,Y,4,0,1,2,A,-,03,22350,,N,A,C,A,C,H,-,A,D,0,,,,,Y,,A,07,0,0,1,0,0,0,0,0,0,"- ","- ",40.734218597412109,-122.94088745117188,TRINITY,UNINCORPORATED,-122.94092559814453,40.734149932861328
92007207,2023,2023-03-01,9175,2023-02-24,"955 ",018268,,5,1,9,5300,0,1,3,,1,022,SR-36,SR-3,38016.00,E,N,B,-,Y,TRI,,36," ",R,36.085,H,,R,Y,4,0,1,1,A,-,03,22350,,N,E,8,A,C,H,-,A,A,0,,,,,Y,,A,01,0,0,1,0,0,0,0,0,0,"- ","- ",40.392551422119141,-123.09510803222656,TRINITY,UNINCORPORATED,-123.09513092041016,40.392539978027344
92013020,2023,2023-03-08,9175,2023-03-03,1000,018268,,5,1,9,5300,0,3,5,,2,001,"TRINITY DAM BOULEVARD",SR-299,252.00,N,N,A,-,N,,,,,,,,,,Y,3,0,1,1,A,-,01,23152,G,N,E,I,A,A,H,-,A,D,0,,,,,Y,Y,A,08,0,1,0,0,0,0,0,0,0,"- ","- ",40.664329528808594,-122.79743194580078,TRINITY,UNINCORPORATED,-122.79747009277344,40.664291381835938
92058518,2023,2023-05-01,9175,2023-04-28,"930 ",018268,,5,1,9,5300,0,1,3,,1,011,SR-299,"GILZEZN RD",6864.00,W,N,A,-,Y,TRI,,299," "," ",42.005,H,,R,Y,4,0,1,1,A,-,08,22107,,N,E,I,A,A,H,-,A,D,0,,,,Y,Y,,F,26,0,0,1,0,0,0,0,0,0,"- ","- ",40.748081207275391,-123.06221008300781,TRINITY,UNINCORPORATED,-123.06224822998047,40.748096466064453
92073291,2023,2023-05-19,9175,2023-01-14,2500,021161,,6,4,9,5300,0,1,3,,1,012,SR-299,"299 TRI 30.0",540.00,E,N,A,-,Y,TRI,,299," "," ",30.102,H,,R,N,1,1,0,1,A,-,08,22107,,N,E,I,A,A,H,-,A,D,0,,,,,Y,,-,"- ",0,0,0,0,0,0,0,0,0,"- ","- ",40.737628936767578,-123.22596740722656,TRINITY,UNINCORPORATED,-123.22605133056641,40.737686157226562
92077348,2023,2023-05-25,9175,2023-05-19,1000,018268,,5,1,9,5300,0,3,5,,2,001,"HAWKINS BAR RIVER ACCESS",SR-299,1584.00,N,N,A,-,N,,,,,,,,,,Y,3,0,1,1,B,-,22,,,N,E,I,A,A,H,-,A,D,0,,,,,Y,,A,07,0,1,0,0,0,0,0,0,0,"- ","- ",40.872940063476562,-123.52758026123047,TRINITY,UNINCORPORATED,-123.52689361572266,40.872989654541016
92086432,2023,2023-06-05,9175,2023-05-29,"555 ",020464,,1,3,9,5300,0,1,3,,1,011,SR-299,"MARTIN RD",80.00,E,N,A,-,Y,TRI,,299," "," ",52.738,H,,R,N,4,0,1,2,A,-,03,22350,,N,C,C,A,A,H,-,B,D,0,,,,,Y,,A,07,0,0,1,0,0,0,0,0,0,"- ","- ",40.72003173828125,-122.92803955078125,TRINITY,UNINCORPORATED,-122.92811584472656,40.720008850097656
92100995,2023,2023-06-23,9175,2023-06-16,"925 ",015928,,5,1,9,5300,0,1,3,,1,011,"STATE ROUTE 299","WEAVER STREET",75.00,W,N,A,-,Y,,,,,,,,,,Y,2,0,1,3,A,-,21,22106,,N,B,C,A,A,H,-,A,D,0,,,,,Y,,A,07,1,0,0,0,0,0,0,0,0,"- ","- ",40.433708190917969,-122.56725311279297,TRINITY,UNINCORPORATED,-122.93495941162109,40.726654052734375
92111810,2023,2023-07-07,9175,2023-07-05,1310,020722,,3,1,9,5300,0,1,3,,1,011,SR-299,"TRINITY DAM BLVD",5280.00,W,N,A,-,Y,TRI,,299," "," ",66.343,H,,R,N,4,0,1,1,C,-,18,,,N,E,H,A,A,H,-,A,D,0,,,,,Y,,-,"- ",0,0,1,0,0,0,0,0,0,"- ","- ",40.669731140136719,-122.81410217285156,TRINITY,UNINCORPORATED,-122.81409454345703,40.669731140136719
92111884,2023,2023-07-07,9175,2023-07-05,1920,016084,,3,2,9,5300,0,1,3,,1,011,"RT 299","TUCKER HILL ROAD",112.00,W,N,A,-,Y,TRI,,299," "," ",56.813,H,,R,Y,3,0,1,1,A,-,01,23152,A,N,E,I,A,A,H,-,A,D,0,,,,,Y,Y,D,22,0,1,0,0,0,0,0,0,0,"- ","- ",40.668060302734375,-122.94387054443359,TRINITY,UNINCORPORATED,-122.94402313232422,40.668037414550781
92119957,2023,2023-07-18,9175,2023-06-30,1735,020722,,5,2,9,5300,0,1,3,,1,021,SR-3,SR-36,10982.00,N,N,A,-,Y,TRI,,3," ",L,2.071,H,,R,Y,1,2,0,1,A,-,08,22107,,N,E,I,A,A,H,-,A,D,0,,,,,Y,Y,A,01,0,0,0,0,0,0,0,0,0,"- ","- ",40.435798645019531,-123.15953826904297,TRINITY,UNINCORPORATED,-123.15937805175781,40.435794830322266
92127872,2023,2023-10-20,9175,2023-07-16,1830,019877,,7,2,9,5300,0,1,3,,2,013,SR-299,"299 TRI MPM 26.00",226.00,E,N,A,-,Y,TRI,,299," "," ",26.026,H,,R,Y,1,1,0,1,A,-,01,23152,G,N,E,I,A,A,H,-,A,D,0,,,Y,,Y,,-,"- ",0,0,0,0,0,0,0,1,0,"- ","- ",40.76068115234375,-123.28169250488281,TRINITY,UNINCORPORATED,-123.28170013427734,40.760677337646484
92149207,2023,2023-08-21,9175,2023-08-13,1950,021161,,7,2,9,5300,0,3,5,,2,002,"LOWER MAD RIVER ROAD","ANADA CREEK RD",648.00,W,N,A,-,N,,,,,,,,,,N,2,0,1,1,A,-,03,22350,,N,F,A,A,A,H,-,B,D,0,,,Y,,Y,,-,"- ",1,0,0,0,0,0,0,0,1,"- ","- ",40.2900390625,-123.33616638183594,TRINITY,UNINCORPORATED,-123.33654022216797,40.290641784667969
92149786,2023,2023-08-22,9175,2023-08-13,1040,019479,,7,1,9,5300,0,1,3,,1,010,SR-299,"BUCKHORN STA LOOP",250.00,W,N,A,-,Y,TRI,,299," "," ",67.956,H,,R,Y,2,0,1,1,A,-,08,22107,,N,E,I,A,A,H,-,A,D,0,,,,,Y,,-,"- ",1,0,0,0,0,0,0,0,0,"- ","- ",40.665058135986328,-122.78721618652344,TRINITY,UNINCORPORATED,-122.78721618652344,40.665153503417969
92162268,2023,2023-09-05,9175,2023-08-25,1810,020722,,5,2,9,5300,0,1,3,,1,011,SR-3,"RAMSHORN RD",7920.00,N,N,A,-,Y,TRI,,3," "," ",74.636,H,,R,Y,3,0,1,1,A,-,08,22107,,N,E,I,A,A,H,-,A,D,0,,,Y,,Y,,-,"- ",0,1,0,0,0,0,0,0,1,"- ","- ",41.168369293212891,-122.66502380371094,TRINITY,UNINCORPORATED,-122.66493225097656,41.168369293212891
92172865,2023,2023-09-18,9175,2023-09-08,1405,020464,,5,2,9,5300,0,1,3,,1,022,SR-36,"SOUTH FORK MOUNTAIN SUMMIT",6864.00,E,N,A,-,Y,TRI,,36," "," ",11.434,H,,R,Y,3,0,2,1,A,-,08,22107,,N,E,I,A,A,H,-,A,D,0,,,,,Y,,A,07,0,1,1,0,0,0,0,0,0,"- ","- ",40.393390655517578,-123.41393280029297,TRINITY,UNINCORPORATED,-123.41392517089844,40.393333435058594
92172884,2023,2023-09-18,9175,2023-09-05,1600,020722,,2,2,9,5300,0,1,3,,2,013,SR-299,"PRAIRIE CREEK RD",6125.00,E,N,A,-,Y,TRI,,299," "," ",26.897,H,,R,N,4,0,1,1,C,-,18,,,N,F,I,A,A,H,-,A,D,0,,,,,Y,,-,"- ",0,0,1,0,0,0,0,0,0,"- ","- ",40.750308990478516,-123.27726745605469,TRINITY,UNINCORPORATED,-123.27729034423828,40.750278472900391
92173537,2023,2023-10-12,9175,2023-09-08,1535,021161,,5,2,9,5300,0,3,5,,2,002,"MOUNTAIN VIEW STREET","SR-299 E/B",500.00,S,N,A,-,N,,,,,,,,,,N,3,0,3,4,A,-,09,21804,A,N,D,B,E,A,H,-,A,D,0,Y,,,,Y,,-,"- ",0,1,2,0,3,0,0,0,0,"- ","- ",40.724098205566406,-122.93319702148438,TRINITY,UNINCORPORATED,-122.93315124511719,40.724151611328125
92189252,2023,2023-10-03,9175,2023-09-22,1425,019485,,5,2,9,5300,0,3,5,,2,001,"LEWISTON RD",SR-299,1056.00,S,N,A,-,N,,,,,,,,,,N,2,0,1,1,A,-,08,22107,,N,E,J,A,A,H,-,A,D,0,,,,,Y,,A,01,1,0,0,0,0,0,0,0,0,"- ","- ",40.675849914550781,-122.86329650878906,TRINITY,UNINCORPORATED,-122.86254119873047,40.672691345214844
92201410,2023,2023-10-17,9175,2023-09-14,1249,018268,,4,1,9,5300,0,1,3,,1,011,SR-299,"RANSOM ROAD",88.00,E,N,A,-,Y,TRI,,299," "," ",52.940,H,,R,N,1,1,0,2,A,-,01,23152,,F,G,B,E,A,H,-,A,A,0,Y,,,,Y,Y,A,01,0,0,0,1,0,0,0,0,0,"- ","- ",40.717350006103516,-122.92672729492188,TRINITY,UNINCORPORATED,-122.92680358886719,40.717327117919922
92207573,2023,2023-10-24,9175,2023-10-13,1250,015928,,5,1,9,5300,0,1,3,,1,012,"STATE ROUTE 299","WHEEL GULCH ROAD",4752.00,W,N,B,-,Y,TRI,,299," "," ",30.536,H,,R,Y,3,0,1,1,A,-,08,22107,,N,E,8,A,A,H,-,A,D,0,,,,,Y,,B,07,0,1,0,0,0,0,0,0,0,"- ","- ",40.741031646728516,-123.21884155273438,TRINITY,UNINCORPORATED,-123.21884155273438,40.741046905517578
92223446,2023,2023-10-31,9175,2023-10-22,1350,016084,,7,1,9,5300,0,1,3,,2,014,"RT 299","SUZIE Q ROAD",7392.00,W,N,C,-,Y,,,,,,,,,,Y,3,0,1,1,A,-,03,22350,,N,E,I,A,B,H,-,A,D,0,,,,,Y,,D,22,0,1,0,0,0,0,0,0,0,"- ","- ",,,TRINITY,UNINCORPORATED,,
92234608,2023,2023-11-13,9175,2023-11-06,1209,021161,,1,1,9,5300,0,1,3,,2,014,SR-299,"SETH ROAD",900.00,W,N,B,C,Y,TRI,,299," "," ",11.165,H,,R,Y,3,0,1,1,A,-,03,22350,,N,E,I,A,B,H,-,A,D,0,,,,,Y,,A,01,0,1,0,0,0,0,0,0,0,"- ","- ",40.814098358154297,-123.47837066650391,TRINITY,UNINCORPORATED,-123.47829437255859,40.814067840576172
92241040,2023,2023-11-20,9175,2023-11-11,"925 ",020464,,6,1,9,5300,0,1,3,,1,020,SR-3,"B BAR K ROAD",2640.00,N,N,B,-,Y,TRI,,3," "," ",26.774,H,,R,Y,2,0,3,1,A,-,08,22107,,N,F,I,A,A,H,-,A,D,0,,,,,Y,,A,07,2,1,0,0,0,0,0,0,0,"- ","- ",40.622051239013672,-122.94803619384766,TRINITY,UNINCORPORATED,-122.94804382324219,40.622035980224609
92248271,2023,2023-11-29,9175,2023-11-18,1313,021035,,6,1,9,5300,0,1,3,,2,013,SR-299,"BIG FRENCH CREEK RD",3696.00,W,N,B,C,Y,TRI,,299," "," ",22.589,H,,R,Y,3,0,2,1,A,-,08,22107,,N,E,J,A,B,H,-,A,D,0,,,,,Y,,A,07,0,1,1,0,0,0,0,0,0,"- ","- ",40.777019500732422,-123.32200622558594,TRINITY,UNINCORPORATED,-123.32197570800781,40.776969909667969
92251878,2023,2023-12-04,9175,2023-10-26,1535,018268,,4,2,9,5300,0,3,5,,2,001,"COFFEE CREEK ROAD","STATE ROUTE 3",5808.00,W,N,B,-,N,,,,,,,,,,Y,1,1,0,1,A,-,01,23152,F,N,E,I,A,A,H,-,A,D,0,,,,,Y,,D,22,0,0,0,0,0,0,0,0,0,"- ","- ",41.083381652832031,-122.72685241699219,TRINITY,UNINCORPORATED,-122.72622680664062,41.083225250244141
92256130,2023,2023-12-07,9175,2023-12-05,1845,016084,,2,2,9,5300,0,1,3,,1,012,"RT 299","WHEEL GULCH",7920.00,E,N,A,-,Y,TRI,,299," "," ",32.958,H,,R,Y,3,0,2,1,A,-,08,22107,,N,E,I,A,A,H,-,D,D,0,,,,,Y,,A,01,0,1,1,0,0,0,0,0,0,"- ","- ",40.744129180908203,-123.18057250976562,TRINITY,UNINCORPORATED,-123.18052673339844,40.744071960449219
92261099,2023,2023-12-13,9175,2023-12-07,"804 ",021426,,4,1,9,5300,0,1,3,,2,014,SR-299,"ODEN FLAT ROAD",1425.00,W,N,C,-,Y,,,,,,,,,,Y,3,0,2,1,A,-,08,22107,,N,E,I,A,B,H,-,A,D,0,,,,,Y,,A,01,0,1,1,0,0,0,0,0,0,"- ","- ",40.891471862792969,-122.56416320800781,TRINITY,UNINCORPORATED,-123.56417846679688,40.891635894775391
92272105,2023,2023-12-27,9175,2023-12-21,1335,019877,,4,1,9,5300,0,1,3,,1,021,SR-3,"WILDWOOD RD.",6336.00,S,N,A,-,Y,TRI,,3," "," ",10.458,H,,R,Y,4,0,1,1,A,-,08,22107,,N,E,8,A,A,H,-,A,D,0,,,,,Y,,D,22,0,0,1,0,0,0,0,0,0,"- ","- ",40.558841705322266,-123.12252807617188,TRINITY,UNINCORPORATED,-123.12253570556641,40.558868408203125
92279726,2023,2024-01-22,9175,2023-12-30,1845,021253,,6,2,9,5300,0,1,3,,1,022,SR-36,"EAST SOUTH FORK MOUNTAIN ROAD",5808.00,E,N,B,-,Y,TRI,,36," ",R,7.596,H,,R,Y,4,0,1,1,A,-,08,22107,,N,E,J,A,B,H,-,D,D,0,,,,,Y,,A,07,0,0,1,0,0,0,0,0,0,"- ","- ",40.415279388427734,-123.45069885253906,TRINITY,UNINCORPORATED,-123.45070648193359,40.415275573730469
92303862,2024,2024-02-02,9175,2024-01-24,1530,023686,,3,2,9,5300,0,3,5,,2,002,"HYAMPOM ROAD","FOREST ROUTE 3N07",5280.00,E,N,A,-,N,,,,,,,,,,Y,4,0,1,1,A,-,08,22107,,N,E,I,A,A,H,-,A,D,0,,,,Y,Y,,F,26,0,0,1,0,0,0,0,0,0,"- ","- ",40.598838806152344,-123.27459716796875,TRINITY,UNINCORPORATED,,
92306977,2024,2024-02-06,9175,2024-01-29,"817 ",020722,,1,1,9,5300,0,1,3,,1,021,SR-3,"CLINIC AVE",0.00,,Y,B,-,Y,TRI,,3," "," ",6.787,H,,R,Y,4,0,1,1,A,-,08,22107,,N,E,I,A,A,H,-,A,D,0,,,,,Y,,-,"- ",0,0,1,0,0,0,0,0,0,"- ","- ",40.553428649902344,-123.18974304199219,TRINITY,UNINCORPORATED,-123.189697265625,40.553363800048828
92318579,2024,2024-02-20,9175,2024-02-14,1830,016084,,3,2,9,5300,0,1,3,,2,015,"RT 3","RAINIER ROAD",1584.00,N,N,C,-,Y,TRI,,3," "," ",48.026,H,,R,Y,3,0,1,1,A,-,08,22107,,N,F,I,A,B,H,-,D,D,0,,,,,Y,,A,07,0,1,0,0,0,0,0,0,0,"- ","- ",40.865741729736328,-122.81791687011719,TRINITY,UNINCORPORATED,-122.81788635253906,40.865703582763672
92320845,2024,2024-02-22,9175,2024-02-15,1057,023686,,4,1,9,5300,0,1,3,,2,013,SR-299,"HAYDEN FLAT RIVER ACCESS",2640.00,W,N,C,-,Y,TRI,,299," "," ",20.331,H,,R,Y,2,0,1,1,A,-,03,22350,,N,F,A,A,B,H,-,A,A,0,,,,,Y,,D,22,1,0,0,0,0,0,0,0,0,"- ","- ",40.785808563232422,-123.34876251220703,TRINITY,UNINCORPORATED,-123.34873199462891,40.785797119140625
92324348,2024,2024-02-27,9175,2024-02-22,1650,018268,,4,2,9,5300,0,1,3,,2,015,SR-3,"EAST WEAVER CREEK RD",6864.00,N,N,A,-,Y,TRI,,3," "," ",34.071,H,,R,Y,3,0,1,1,A,-,08,22107,,N,E,I,A,A,H,-,A,D,0,,,,,Y,,A,07,0,1,0,0,0,0,0,0,0,"- ","- ",40.751430511474609,-122.89904022216797,TRINITY,UNINCORPORATED,-122.89900970458984,40.751522064208984
92332783,2024,2024-03-07,9175,2024-03-02,"225 ",021426,,6,3,9,5300,0,1,3,,1,010,SR-299,"POKER BAR RD",2640.00,E,N,D,-,Y,TRI,,299," "," ",63.155,H,,R,Y,3,0,1,1,A,-,03,22350,,N,E,8,A,C,H,-,D,D,0,,,,,Y,,D,22,0,1,0,0,0,0,0,0,0,"- ","- ",40.669700622558594,-122.86808013916016,TRINITY,UNINCORPORATED,-122.86810302734375,40.669776916503906
92353864,2024,2024-04-03,9175,2024-03-20,"640 ",020464,,3,1,9,5300,0,1,3,,2,014,SR-299,"BURNT RANCH SCHOOL RD",1320.00,W,N,B,-,Y,TRI,,299," "," ",11.225,H,,R,Y,3,0,1,1,A,-,03,22350,,N,F,I,A,A,H,-,B,D,0,,,,,Y,,E,22,0,1,0,0,0,0,0,0,0,"- ","- ",40.813430786132812,-123.47901153564453,TRINITY,UNINCORPORATED,-123.47876739501953,40.813362121582031
92358601,2024,2024-04-08,9175,2024-04-01,1300,019479,,1,1,9,5300,0,3,5,,2,001,"RUSH CREEK ROAD","RUSH CREEK BRIDGE",1056.00,S,N,A,-,N,,,,,,,,,,Y,4,0,1,1,A,-,08,22107,,N,F,A,A,A,H,-,A,D,0,,,,,Y,,D,22,0,0,1,0,0,0,0,0,0,"- ","- ",40.748111724853516,-122.83860015869141,TRINITY,UNINCORPORATED,-122.88289642333984,40.789546966552734
92364808,2024,2024-04-15,9175,2024-04-07,1730,023686,,7,2,9,5300,0,3,5,,2,002,"WASHINGTON ST.",SR-299,407.00,N,N,A,-,N,,,,,,,,,,N,4,0,1,2,D,-,00,,,N,B,G,A,A,H,-,A,D,0,,Y,,,Y,,-,"- ",0,0,1,0,0,0,1,0,0,"- ","- ",40.728389739990234,-122.93538665771484,TRINITY,UNINCORPORATED,-122.93528747558594,40.728305816650391
92377332,2024,2024-04-29,9175,2024-04-17,1805,019432,,3,2,9,5300,0,1,3,,1,010,SR-299,"CASTLE RD.",845.00,W,N,A,-,Y,TRI,,299," "," ",47.316,H,,R,N,4,0,2,1,A,-,08,22107,,N,E,I,A,A,H,-,A,D,0,,,,,Y,,A,01,0,0,2,0,0,0,0,0,0,"- ","- ",40.739799499511719,-122.99928283691406,TRINITY,UNINCORPORATED,-122.99929046630859,40.739803314208984
92380422,2024,2024-05-02,9175,2024-04-26,"130 ",018268,,5,3,9,5300,0,1,3,,1,021,SR-3,"RATTLESNAKE RD",14256.00,N,N,B,-,Y,TRI,,3," "," ",2.847,H,,R,Y,2,0,1,1,A,-,03,22350,,F,E,I,A,B,H,-,D,D,0,,,,,Y,,A,01,1,0,0,0,0,0,0,0,0,"- ","- ",40.503318786621094,-123.17430877685547,TRINITY,UNINCORPORATED,-123.17424011230469,40.503387451171875
92382817,2024,2024-05-06,9175,2024-02-27,2500,016084,,2,4,9,5300,0,3,5,,2,002,"WESTRIDGE RD","EVENING STAR CT",35.00,N,N,A,-,N,,,,,,,,,,N,2,0,1,2,D,-,00,,,F,G,B,E,A,H,-,D,D,0,Y,,,,Y,,-,"- ",1,0,0,0,1,0,0,0,0,"- ","- ",40.410938262939453,-123.24295043945312,TRINITY,UNINCORPORATED,-123.24297332763672,40.41082763671875
92388400,2024,2024-05-13,9175,2024-05-11,1053,021253,,6,1,9,5300,0,1,3,,2,014,SR-299,"BERG RD",3168.00,E,N,A,-,Y,TRI,,299," "," ",8.215,H,,R,Y,3,0,2,1,A,-,08,22107,,N,E,I,A,A,H,-,A,D,0,,,,,Y,,-,"- ",0,2,0,0,0,0,0,0,0,"- ","- ",40.849418640136719,-123.48647308349609,TRINITY,UNINCORPORATED,-123.48646545410156,40.849411010742188
92397445,2024,2024-05-23,9175,2024-05-16,1420,018268,,4,2,9,5300,0,1,3,,2,013,SR-299,"CORRAL BOTTOM RD",13728.00,W,N,A,-,Y,TRI,,299," "," ",25.976,H,,R,Y,3,0,1,2,A,-,08,22107,,N,B,C,A,A,H,-,A,D,0,,,,,Y,,D,22,0,1,0,0,0,0,0,0,0,"- ","- ",40.761280059814453,-123.2822265625,TRINITY,UNINCORPORATED,-123.28223419189453,40.761272430419922
92400192,2024,2024-05-28,9175,2024-05-20,1915,021035,,1,2,9,5300,0,1,3,,1,011,SR-299,"RATTLESNAKE RD",7920.00,N,N,A,-,Y,TRI,,3," "," ",1.521,H,,R,N,3,0,1,1,A,-,08,22107,,N,E,I,A,A,H,-,A,D,0,,,Y,,Y,,C,02,0,1,0,0,0,0,0,0,1,"- ","- ",40.486591339111328,-123.16502380371094,TRINITY,UNINCORPORATED,-123.16508483886719,40.486595153808594
92404633,2024,2024-06-03,9175,2024-05-29,2134,021426,,3,2,9,5300,0,1,3,,1,010,SR-299,"STEEL BRIDGE RD",3062.00,W,N,A,-,Y,TRI,,299," "," ",61.644,H,,R,Y,4,0,2,1,C,-,18,,,N,E,H,A,A,H,-,D,D,0,,,,,Y,,-,"- ",0,0,2,0,0,0,0,0,0,"- ","- ",40.666240692138672,-122.89192199707031,TRINITY,UNINCORPORATED,-122.89192199707031,40.666244506835938
92410580,2024,2024-06-10,9175,2024-06-01,2500,019877,,6,4,9,5300,0,1,3,,1,021,SR-3,"3 TRI MPM 4.43",200.00,S,N,A,-,Y,TRI,,3," "," ",4.460,H,,R,Y,1,1,0,1,A,-,08,22107,,N,F,I,A,A,H,-,E,D,0,,,,,Y,Y,A,01,0,0,0,0,0,0,0,0,0,"- ","- ",40.524139404296875,-123.18035125732422,TRINITY,UNINCORPORATED,-123.18038177490234,40.524139404296875
92413917,2024,2024-06-13,9175,2024-06-02,1730,023686,,7,2,9,5300,0,1,3,,1,022,"LOWER MAD RIVER RD","MAD RIVER CAMPGROUND",1000.00,S,N,A,-,N,,,,,,,,,,Y,3,0,1,1,A,-,03,22350,,N,E,J,A,A,H,-,A,D,0,,,,,Y,,D,22,0,1,0,0,0,0,0,0,0,"- ","- ",40.402248382568359,-123.46349334716797,TRINITY,UNINCORPORATED,-123.37127685546875,40.319747924804688
92414152,2024,2024-06-13,9175,2024-06-08,"30  ",021827,,6,3,9,5300,0,1,3,,2,014,SR-299,"SETH ROAD",150.00,E,N,A,-,Y,TRI,,299," "," ",11.404,H,,R,Y,3,0,1,1,A,-,01,23152,A,N,E,I,A,A,H,-,D,D,0,,,,,Y,Y,A,07,0,1,0,0,0,0,0,0,0,"- ","- ",40.811161041259766,-123.47783660888672,TRINITY,UNINCORPORATED,-123.47786712646484,40.811145782470703
92422202,2024,2024-06-24,9175,2024-06-23,"950 ",019479,,7,1,9,5300,0,3,5,,2,001,"TRINITY DAM BLVD","RUSH CREEK ROAD",12672.00,N,N,A,-,N,,,,,,,,,,Y,2,0,1,1,A,-,08,22107,,N,F,A,A,A,H,-,A,D,0,,,Y,,Y,,C,02,1,0,0,0,0,0,0,0,1,"- ","- ",40.745861053466797,-122.80911254882812,TRINITY,UNINCORPORATED,-122.81005859375,40.746410369873047
92423900,2024,2024-06-26,9175,2024-06-21,2110,021426,,5,2,9,5300,0,1,3,,2,013,SR-299,"BIG FRENCH CREEK ROAD",5808.00,E,N,A,-,Y,TRI,,299," "," ",24.440,H,,R,N,4,0,1,1,C,-,18,,,N,E,H,A,A,H,-,B,D,0,,,,,Y,,-,"- ",0,0,1,0,0,0,0,0,0,"- ","- ",40.767559051513672,-123.3065185546875,TRINITY,UNINCORPORATED,-123.30654907226562,40.767555236816406
92429806,2024,2024-07-09,9175,2024-06-27,1335,019877,,4,1,9,5300,0,1,3,,1,021,SR-3,"BIG CREEK RD.",5.00,S,N,A,-,Y,TRI,,3," "," ",9.287,H,,R,Y,2,0,1,2,A,-,03,22350,,N,C,C,A,A,H,-,A,D,0,,,Y,,Y,,C,02,1,0,0,0,0,0,0,0,1,"- ","- ",40.553340911865234,-123.14273071289062,TRINITY,UNINCORPORATED,-123.14273071289062,40.553340911865234
92432100,2024,2024-07-08,9175,2024-06-30,1040,016084,,7,1,9,5300,0,1,3,,1,011,"RT 299","LITTLE BROWNS CREEK ROAD",1584.00,E,N,A,-,Y,TRI,,299," "," ",55.532,H,,R,Y,3,0,1,1,A,-,03,22350,,N,E,H,A,A,H,-,D,D,0,,,Y,,Y,,C,02,0,1,0,0,0,0,0,0,1,"- ","- ",40.682621002197266,-122.93575286865234,TRINITY,UNINCORPORATED,-122.93576049804688,40.682628631591797
92434037,2024,2024-07-09,9175,2024-06-30,2500,020722,,7,4,9,5300,0,3,5,,2,001,"TRINITY DAM BLVD",SR-3,2112.00,E,N,A,-,N,,,,,,,,,,Y,3,0,2,1,A,-,01,23152,F,N,F,I,A,A,H,-,A,D,0,,,,,Y,,A,01,0,1,1,0,0,0,0,0,0,"- ","- ",40.802970886230469,-122.88326263427734,TRINITY,UNINCORPORATED,-122.88304901123047,40.802974700927734
93589281,2024,2024-08-05,9175,2024-07-30,1835,021035,,2,2,9,5300,0,1,3,,1,011,SR-299,"JENNINGS RD",581.00,E,N,A,-,Y,TRI,,299," "," ",48.740,H,,R,Y,3,0,1,1,A,-,08,22107,,N,E,I,A,A,H,-,A,D,0,,,,,Y,,-,"- ",0,1,0,0,0,0,0,0,0,"- ","- ",40.740089416503906,-122.98061370849609,TRINITY,UNINCORPORATED,-122.98048400878906,40.740032196044922
94405142,2024,2024-09-23,9175,2024-09-18,1030,018268,,3,1,9,5300,0,1,3,,1,011,"SR-299 (MAIN ST)",SR-3,10.00,W,N,A,-,Y,TRI,,299," "," ",51.558,H,,R,N,4,0,1,2,A,-,08,22107,,N,B,C,A,A,H,-,A,A,0,,,,Y,Y,,A,01,0,0,1,0,0,0,0,0,0,"- ","- ",40.732860565185547,-122.94049835205078,TRINITY,UNINCORPORATED,-122.94058990478516,40.732868194580078
94415485,2024,2024-10-01,9175,2024-09-22,1848,020722,,7,2,9,5300,0,3,5,,2,001,"LONG CANYON RD",SR-3,17952.00,W,N,A,-,N,,,,,,,,,,Y,2,0,2,2,A,-,05,21650,,N,B,2,A,A,H,-,A,D,0,,,Y,,Y,,-,"- ",1,1,0,0,0,0,0,0,2,"- ","- ",40.916660308837891,-122.82295227050781,TRINITY,UNINCORPORATED,-122.80888366699219,40.921741485595703
94418495,2024,2024-10-03,9175,2024-09-26,2130,021827,,4,2,9,5300,0,3,5,,2,002,"ST. JOHN ROAD","SYDNEY LANE",2112.00,N,N,A,-,N,,,,,,,,,,Y,3,0,1,1,A,-,08,22107,,N,F,A,A,A,H,-,D,D,0,,,,,Y,,D,22,0,1,0,0,0,0,0,0,0,"- ","- ",40.576038360595703,-123.42624664306641,TRINITY,UNINCORPORATED,-123.42642211914062,40.578285217285156
94436516,2024,2024-10-18,9175,2024-10-15,1155,018268,,2,1,9,5300,0,1,3,,1,020,SR-3,"READING CREEK RD",7920.00,S,N,A,-,Y,TRI,,3," "," ",28.424,H,,R,Y,4,0,1,1,A,-,03,22350,,N,E,8,A,A,H,-,A,D,0,,,,,Y,,D,22,0,0,1,0,0,0,0,0,0,"- ","- ",40.620800018310547,-122.93894195556641,TRINITY,UNINCORPORATED,-122.93894195556641,40.620796203613281
94481994,2024,2024-11-25,9175,2024-11-13,"945 ",020464,,3,1,9,5300,0,1,3,,2,014,SR-299,"SUZY Q RD",1056.00,E,N,B,C,Y,TRI,,299," "," ",4.523,H,,R,Y,2,0,1,2,A,-,03,22350,,N,A,C,A,B,H,-,A,D,0,,,,,Y,,A,01,1,0,0,0,0,0,0,0,0,"- ","- ",40.875518798828125,-123.53710174560547,TRINITY,UNINCORPORATED,-123.53704071044922,40.875537872314453
94482292,2024,2024-11-25,9175,2024-11-16,"500 ",020464,,6,3,9,5300,0,1,3,,1,012,SR-299,"CEMETARY RD",1320.00,E,N,A,-,Y,TRI,,299," "," ",38.076,H,,R,Y,3,0,1,1,C,-,18,,,N,E,H,A,B,H,-,D,D,0,,,,,Y,,-,"- ",0,1,0,0,0,0,0,0,0,"- ","- ",40.766391754150391,-123.10854339599609,TRINITY,UNINCORPORATED,-123.10854339599609,40.766323089599609
94493503,2024,2024-12-05,9175,2024-12-02,1945,024195,,1,2,9,5300,0,1,3,,1,011,"SOUTHFORK ROAD",SR-299,5280.00,S,N,A,-,N,,,,,,,,,,Y,3,0,1,1,A,-,03,22350,,N,F,0,A,B,H,-,D,D,0,,,,,Y,,-,"- ",0,1,0,0,0,0,0,0,0,"- ","- ",40.879051208496094,-123.58911895751953,TRINITY,UNINCORPORATED,-123.58901214599609,40.879127502441406
94535736,2025,2025-01-13,9175,2025-01-03,1750,021724,,5,2,9,5300,0,1,3,,2,014,SR-299,"CAMPBELL RIDGE RD",1584.00,W,N,B,-,Y,TRI,,299," "," ",0.641,H,,R,Y,4,0,1,1,A,-,01,23152,A,N,E,I,A,B,H,-,D,D,0,,,,,Y,Y,D,22,0,0,1,0,0,0,0,0,0,"- ","- ",40.88690185546875,-123.59008026123047,TRINITY,UNINCORPORATED,-123.59007263183594,40.886974334716797
94554286,2025,2025-01-29,9175,2025-01-20,1715,021836,,1,2,9,5300,0,1,3,,1,011,"SR-299 W/B","UNION HILL ROAD",3168.00,W,N,A,-,Y,,,,,,,,,,Y,2,0,1,1,A,-,08,22107,,N,E,I,A,A,H,-,D,D,0,,,,,Y,Y,A,01,1,0,0,0,0,0,0,0,0,"- ","- ",40.408550262451172,-122.56487274169922,TRINITY,UNINCORPORATED,-122.94358825683594,40.672821044921875
94554757,2025,2025-01-29,9175,2025-01-22,"830 ",020464,,3,1,9,5300,0,1,3,,2,013,SR-299,"BIG FRENCH CREEK RD",2640.00,W,N,A,-,Y,TRI,,299," "," ",22.944,H,,R,Y,4,0,1,1,C,-,18,,,N,F,A,A,C,H,-,A,D,0,,,,,Y,,-,"- ",0,0,1,0,0,0,0,0,0,"- ","- ",40.777679443359375,-123.31536102294922,TRINITY,UNINCORPORATED,-123.31536102294922,40.7777099609375
94557149,2025,2025-01-31,9175,2025-01-22,1620,021724,,3,2,9,5300,0,1,3,,1,016,SR-3,"HAYWARD FLAT RD",648.00,N,N,A,-,Y,TRI,,3," "," ",50.734,H,,R,Y,2,0,1,1,A,-,08,22107,,N,E,I,A,A,H,-,A,D,0,,,,,Y,,D,22,1,0,0,0,0,0,0,0,0,"- ","- ",40.886768341064453,-122.79624176025391,TRINITY,UNINCORPORATED,-122.7962646484375,40.886768341064453
94561968,2024,2025-02-03,9175,2024-12-13,1100,015954,,5,1,9,5300,0,1,3,,2,013,SR-299,"SWEDE CREEK ROAD",5280.00,W,N,C,-,Y,TRI,,299," "," ",18.418,H,,R,Y,4,0,1,1,A,-,03,22350,,N,F,A,A,B,H,-,A,D,0,,,,,Y,,A,01,0,0,1,0,0,0,0,0,0,"- ","- ",40.793670654296875,-123.37354278564453,TRINITY,UNINCORPORATED,-123.37352752685547,40.793708801269531
94578963,2025,2025-02-13,9175,2025-02-06,1225,019877,,4,1,9,5300,0,3,5,,2,001,"GOOSE RANCH RD","LEWISTON RD",528.00,W,N,D,-,N,,,,,,,,,,Y,3,0,1,1,A,-,03,22350,,N,E,I,A,C,H,-,A,D,0,,,,,Y,,D,22,0,1,0,0,0,0,0,0,0,"- ","- ",40.702060699462891,-122.83051300048828,TRINITY,UNINCORPORATED,-122.83082580566406,40.70123291015625
94580427,2025,2025-02-14,9175,2025-02-07,1155,019877,,5,1,9,5300,0,1,3,,1,010,SR-299,"BUCKHORN STATION LOOP",1056.00,E,N,A,-,Y,TRI,,299," "," ",68.652,H,,R,Y,2,0,1,1,A,-,03,22350,,N,E,8,A,B,H,-,A,D,0,,,,,Y,,A,01,1,0,0,0,0,0,0,0,0,"- ","- ",40.659568786621094,-122.77861785888672,TRINITY,UNINCORPORATED,-122.77861022949219,40.659572601318359
94597720,2025,2025-03-05,9175,2025-02-25,"210 ",024195,,2,3,9,5300,0,1,3,,1,021,SR-3,"VICTORIA LANE",2640.00,S,N,A,-,Y,TRI,,3," "," ",15.049,H,,R,Y,2,0,1,1,A,-,01,23152,A,N,E,8,A,B,H,-,D,D,0,,,,,Y,Y,A,01,1,0,0,0,0,0,0,0,0,"- ","- ",40.578960418701172,-123.05478668212891,TRINITY,UNINCORPORATED,-123.05479431152344,40.578968048095703
94645308,2025,2025-04-10,9175,2025-03-28,2130,023115,,5,2,9,5300,0,3,5,,2,002,"TULE CREEK RD","GREEN GATE RD",221.00,S,N,B,-,N,,,,,,,,,,Y,3,0,1,1,A,-,01,23152,A,N,E,I,A,B,H,-,D,D,0,,,,,Y,Y,D,22,0,1,0,0,0,0,0,0,0,"- ","- ",40.535190582275391,-123.21926879882812,TRINITY,UNINCORPORATED,-123.21942138671875,40.535121917724609
94647925,2025,2025-04-14,9175,2025-04-09,1315,016084,,3,1,9,5300,0,1,3,,1,012,"RT 299","ACORN LANE",2640.00,W,N,A,-,Y,TRI,,299," "," ",38.906,H,,R,Y,2,0,2,1,A,-,03,22350,,N,F,A,A,A,H,-,A,D,0,,,,,Y,,M,50,1,1,0,0,0,0,0,0,0,"- ","- ",40.760601043701172,-123.09641265869141,TRINITY,UNINCORPORATED,-123.09644317626953,40.760623931884766
94656398,2025,2025-04-21,9175,2025-04-13,1700,018268,,7,2,9,5300,0,1,3,,1,012,SR-299,"POWER HOUSE RD",1056.00,E,N,A,-,Y,TRI,,299," "," ",41.599,H,,R,Y,3,0,1,1,A,-,03,22350,,N,E,9,A,A,H,-,A,D,0,,,,,Y,,A,01,0,1,0,0,0,0,0,0,0,"- ","- ",40.753089904785156,-123.06581115722656,TRINITY,UNINCORPORATED,-123.06573486328125,40.753108978271484
94668070,2025,2025-04-29,9175,2025-04-23,1120,018268,,3,1,9,5300,0,3,5,,2,002,"MILL STREET","BALLYVIEW STREET",47.00,N,N,A,-,N,,,,,,,,,,N,2,0,1,2,A,-,09,21804,A,N,D,G,A,A,H,-,A,D,0,,Y,,,Y,,L,04,1,0,0,0,0,0,1,0,0,"- ","- ",40.727901458740234,-122.93830871582031,TRINITY,UNINCORPORATED,-122.93828582763672,40.727878570556641
94675705,2025,2025-05-05,9175,2025-04-24,"20  ",024195,,4,3,9,5300,0,1,3,,2,014,SR-299,"PONY CREEK RD.",1056.00,W,N,A,-,Y,TRI,,299," "," ",6.484,H,,R,Y,3,0,1,1,C,-,18,,,N,H,H,A,A,H,-,D,D,0,,,,,Y,,-,"- ",0,1,0,0,0,0,0,0,0,"- ","- ",40.8597412109375,-123.50927734375,TRINITY,UNINCORPORATED,-123.50928497314453,40.859779357910156
94687785,2025,2025-05-14,9175,2025-05-03,1728,024388,,6,2,9,5300,0,1,3,,2,013,SR-299,"PRAIRIE CREEK ROAD",5280.00,W,N,B,-,Y,TRI,,299," "," ",24.308,H,,R,Y,3,0,3,1,A,-,00,23153,F,N,E,8,A,A,H,-,A,D,0,,,,,Y,,A,01,0,3,0,0,0,0,0,0,0,"- ","- ",40.76947021484375,-123.30684661865234,TRINITY,UNINCORPORATED,-123.30681610107422,40.769474029541016
94689443,2025,2025-05-15,9175,2025-05-07,1821,020722,,3,2,9,5300,0,3,5,,2,002,"HYAMPOM AIRPORT RUNWAY","HYAMPOM AIRPORT RD",1954.00,N,N,A,-,N,,,,,,,,,,N,3,0,1,1,A,-,03,22350,,N,F,A,A,A,H,-,A,D,0,,,Y,,Y,,-,"- ",0,1,0,0,0,0,0,0,1,"- ","- ",40.626121520996094,-123.46881103515625,TRINITY,UNINCORPORATED,,
94721880,2025,2025-06-11,9175,2025-06-01,"230 ",024195,,7,3,9,5300,0,1,3,,1,021,SR-3,"RESERVOIR RD",528.00,N,N,A,-,Y,TRI,,3," "," ",8.061,H,,R,N,3,0,2,2,A,-,01,23152,A,N,C,C,A,A,H,-,C,D,0,,,,,Y,Y,D,22,0,2,0,0,0,0,0,0,0,"- ","- ",40.553050994873047,-123.16555023193359,TRINITY,UNINCORPORATED,-123.16555023193359,40.553058624267578
94766794,2025,2025-07-17,9175,2025-07-15,1645,016084,,2,2,9,5300,0,1,3,,1,011,"RT 299","CASTLE ROAD",2640.00,W,N,A,-,Y,TRI,,299," "," ",46.455,H,,R,N,3,0,1,1,A,-,08,22107,,N,F,A,A,A,H,-,A,D,0,,,,,Y,,A,07,0,1,0,0,0,0,0,0,0,"- ","- ",40.736968994140625,-123.00794219970703,TRINITY,UNINCORPORATED,-123.00796508789062,40.736995697021484
94771886,2025,2025-07-22,9175,2025-07-20,1730,016084,,7,2,9,5300,0,1,3,,1,021,"RT 3","RT 36",9346.00,N,N,A,-,Y,TRI,,3," ",L,1.765,H,,R,Y,3,0,1,1,A,-,08,22107,,N,E,I,A,A,H,-,A,D,0,,,,,Y,,D,22,0,1,0,0,0,0,0,0,0,"- ","- ",40.431938171386719,-123.16081237792969,TRINITY,UNINCORPORATED,-123.16090393066406,40.431949615478516
94784503,2025,2025-08-05,9175,2025-07-29,"857 ",018268,,2,1,9,5300,0,1,3,,1,011,SR-299,"STEINER FLAT RD",2640.00,W,N,A,-,Y,TRI,,299," "," ",57.349,H,,R,N,3,0,1,2,A,-,08,22107,,N,E,J,E,A,D,-,A,A,0,Y,,,Y,Y,,G,25,0,1,0,0,1,0,0,0,0,"- ","- ",40.660671234130859,-122.94313812255859,TRINITY,UNINCORPORATED,-122.94326782226562,40.660671234130859
94799542,2025,2025-08-12,9175,2025-08-01,"5   ",024388,,5,3,9,5300,0,1,3,,1,012,"STATE ROUTE 299","MPM 299 TRI 40.18",505.00,E,N,A,-,Y,TRI,,299," "," ",40.223,H,,R,Y,3,0,1,1,A,-,01,23152,A,N,E,8,A,A,H,-,D,D,0,,,,,Y,Y,-,"- ",0,1,0,0,0,0,0,0,0,"- ","- ",40.765449523925781,-123.08119964599609,TRINITY,UNINCORPORATED,-123.0811767578125,40.765499114990234
94805496,2025,2025-08-18,9175,2025-08-08,2002,024249,,5,2,9,5300,0,1,3,,2,015,SR-3,"MPM 41.05",50.00,N,N,A,-,Y,TRI,,3," "," ",41.020,H,,R,Y,2,0,1,1,A,-,03,22350,,M,E,9,A,A,H,-,B,D,0,,,,,Y,Y,A,07,1,0,0,0,0,0,0,0,0,"- ","- ",40.827278137207031,-122.88619232177734,TRINITY,UNINCORPORATED,-122.88615417480469,40.827346801757812
94805600,2025,2025-08-18,9175,2025-08-07,1400,024603,,4,2,9,5300,0,1,3,,1,021,SR-3,"B-BAR-K RD",2827.00,E,N,A,-,Y,TRI,,3," "," ",26.956,H,,R,Y,4,0,1,1,A,-,08,22107,,N,E,I,A,A,H,-,A,D,0,,,,,Y,,A,07,0,0,1,0,0,0,0,0,0,"- ","- ",40.620311737060547,-122.94599151611328,TRINITY,UNINCORPORATED,-122.94601440429688,40.620311737060547
94870485,2025,2025-10-02,9175,2025-09-20,1859,024388,,6,2,9,5300,0,1,3,,1,021,"STATE ROUTE 3","STATE ROUTE 3 AND MERCILL DRIVE",0.00,,Y,B,-,Y,TRI,,3," "," ",6.960,H,,R,N,3,0,1,2,A,-,08,22107,,N,A,G,A,A,H,-,A,D,0,,Y,,,Y,,D,22,0,1,0,0,0,0,1,0,0,"- ","- ",40.553878784179688,-123.18624114990234,TRINITY,UNINCORPORATED,-123.18622589111328,40.553779602050781
94879497,2025,2025-10-09,9175,2025-09-29,"715 ",015928,,1,1,9,5300,0,1,3,,1,022,"STATE ROUTE 36","BOLTON ROAD",1056.00,W,N,B,-,Y,TRI,,36," ",R,1.841,H,,R,Y,2,0,1,1,A,-,03,22350,,N,E,I,A,A,H,-,B,D,0,,,,,Y,,A,01,1,0,0,0,0,0,0,0,0,"- ","- ",40.457168579101562,-123.51473236083984,TRINITY,UNINCORPORATED,-123.51474761962891,40.457145690917969
94902459,2025,2025-10-27,9175,2025-10-16,"750 ",021562,,4,1,9,5300,0,3,5,,2,001,"DUTCH CREEK RD","SANDY FLAT RD",3030.00,S,N,B,-,N,,,,,,,,,,Y,3,0,1,1,A,-,08,22107,,N,E,I,A,A,H,-,A,D,0,,,,,Y,,D,22,0,1,0,0,0,0,0,0,0,"- ","- ",40.709381103515625,-123.04981231689453,TRINITY,UNINCORPORATED,-123.05062103271484,40.710464477539062
94917930,2025,2025-11-10,9175,2025-10-26,1030,021331,,7,1,9,5300,0,1,3,,2,013,"STATE ROUTE 299","CLEMENT ROAD",1500.00,W,N,C,-,Y,TRI,,299," "," ",28.069,H,,R,Y,4,0,1,1,A,-,08,22107,,N,E,I,A,B,H,-,A,D,0,,,,,Y,,A,01,0,0,1,0,0,0,0,0,0,"- ","- ",40.741920471191406,-123.25993347167969,TRINITY,UNINCORPORATED,-123.25992584228516,40.741886138916016
94936211,2025,2025-11-18,9175,2025-11-02,1540,019811,,7,2,9,5300,0,1,3,,1,011,SR-299,"SKY RANCH ROAD",412.00,W,N,A,-,Y,TRI,,299," "," ",43.909,H,,R,Y,3,0,1,1,A,-,01,23152,A,N,E,8,A,A,H,-,A,D,0,,,,Y,Y,Y,G,25,0,1,0,0,0,0,0,0,0,"- ","- ",40.725540161132812,-123.0518798828125,TRINITY,UNINCORPORATED,-123.05185699462891,40.725574493408203
94969522,2025,2025-12-12,9175,2025-11-21,1625,024691,,5,2,9,5300,0,1,3,,1,010,"RT 299","STEEL BRIDGE ROAD",2640.00,W,N,A,-,Y,TRI,,299," "," ",60.699,H,,R,Y,2,0,1,1,A,-,03,22350,,N,E,I,A,A,H,-,A,D,0,,,,,Y,,A,01,1,0,0,0,0,0,0,0,0,"- ","- ",40.654861450195312,-122.89636993408203,TRINITY,UNINCORPORATED,-122.89641571044922,40.654880523681641
94972596,2025,2025-12-15,9175,2025-12-11,"130 ",023943,,4,3,9,5300,0,1,3,,2,014,"RT 299","MPM 299 TRI 9.25",100.00,E,N,A,-,Y,TRI,,299," "," ",10.218,H,,R,Y,3,0,1,1,A,-,08,22107,,N,E,I,A,B,H,-,D,D,0,,,,,Y,,A,07,0,1,0,0,0,0,0,0,0,"- ","- ",40.825180053710938,-123.48416900634766,TRINITY,UNINCORPORATED,-123.48409271240234,40.825183868408203
94979309,2025,2025-12-19,9175,2025-12-12,"840 ",019811,,5,1,9,5300,0,1,3,,1,021,SR-3,"MPM 3-TRI-4.29",100.00,N,N,E,-,Y,TRI,,3," "," ",4.401,H,,R,Y,2,0,1,1,A,-,08,22107,,N,E,8,A,B,H,-,A,D,0,,,,,Y,,A,01,1,0,0,0,0,0,0,0,0,"- ","- ",40.523330688476562,-123.1805419921875,TRINITY,UNINCORPORATED,-123.18046569824219,40.523326873779297
95002624,2025,2026-01-07,9175,2025-12-31,1600,023943,,3,2,9,5300,0,1,3,,1,022,SR-36,"MPM 36 TRI 36.5",100.00,E,N,B,C,Y,TRI,,36," ",R,36.531,H,,R,Y,4,0,1,1,A,-,08,22107,,N,F,A,A,B,H,-,B,D,0,,,,,Y,,A,01,0,0,1,0,0,0,0,0,0,"- ","- ",40.392921447753906,-123.08843994140625,TRINITY,UNINCORPORATED,-123.08838653564453,40.392856597900391
95011131,2025,2026-01-13,9175,2025-12-31,"950 ",025017,,3,1,9,5300,0,1,3,,1,022,SR-299,"SOUTH FORK RD",2640.00,E,N,B,-,Y,TRI,,299," "," ",0.472,H,,R,Y,4,0,1,1,A,-,01,23152,A,N,E,I,A,A,H,-,A,D,0,,,,,Y,Y,D,22,0,0,1,0,0,0,0,0,0,"- ","- ",40.888229370117188,-123.59281921386719,TRINITY,UNINCORPORATED,-123.59280395507812,40.888252258300781
6291355,2014,2014-10-27,9175,2014-08-29,2240,18958,,5,3,9,5300,0,1,3,,1,021,"RT 3","MILL AV",667.00,N,N,A,-,Y,TRI,2,3,-,-,9.100,H,-,N,Y,1,1,1,1,A,-,01,23152,A,N,E,I,A,A,H,-,D,D,0,,,,,Y,Y,A,07,1,0,0,0,0,0,0,0,0,"- ","- ",,,TRINITY,UNINCORPORATED,-123.14603855999999,40.551833010000003
6291443,2014,2015-12-30,9175,2014-08-05,1138,18177,,2,1,9,5300,0,1,3,,2,015,"RT 3","FAWN RD",792.00,N,N,F,-,Y,TRI,2,3,-,-,45.640,H,-,S,Y,1,1,2,3,A,-,03,22350,,N,F,A,A,A,H,-,A,A,0,,,Y,Y,Y,,G,25,0,1,1,0,0,0,0,1,1,"- ","- ",40.846020000000003,-122.84031,TRINITY,UNINCORPORATED,-122.84006822000001,40.845904990000001
6292093,2014,2015-04-16,9175,2014-12-18,1245,017698,,4,1,9,5300,0,1,3,,2,014,"RT 299","SUZY Q RD",5808.00,W,N,B,-,Y,TRI,2,299,-,R,3.100,H,-,E,Y,1,1,0,1,A,-,01,23152,E,N,E,I,A,B,H,-,A,D,0,,,,,Y,,A,01,0,0,0,0,0,0,0,0,0,"- ","- ",40.884689999999999,-123.55692000000001,TRINITY,UNINCORPORATED,-123.55704547000001,40.88485696
6292689,2015,2015-10-01,9175,2015-06-14,0230,18507,,7,3,9,5300,0,1,3,,1,022,"RT 36","SOUTH FORK MOUNTAIN RD",1140.00,W,N,A,-,Y,TRI,2,36,-,R,9.080,H,-,E,Y,1,1,0,1,A,-,01,23152,F,N,E,I,A,A,H,-,D,D,0,,,,,Y,Y,D,22,0,0,0,0,0,0,0,0,0,"- ","- ",40.436579999999999,-123.48589,TRINITY,UNINCORPORATED,-123.44076499000001,40.399534289999998
6370435,2014,2015-11-14,9175,2014-01-21,2025,018388,,2,2,9,5300,0,1,3,,1,021,"RT 3","13 DIPS RD",1584.00,S,N,A,-,Y,TRI,2,3,-,L,3.500,H,-,S,Y,4,0,1,1,A,-,03,22350,,N,E,I,A,A,H,-,D,D,0,,,,,Y,,A,01,0,0,1,0,0,0,0,0,0,"- ","- ",,,TRINITY,UNINCORPORATED,-123.16195808000001,40.450617979999997
6374149,2014,2015-11-14,9175,2014-02-14,0925,018433,,5,1,9,5300,0,1,3,,1,010,"RT 299","TOP OF THE GRD RD",1056.00,W,N,B,-,Y,TRI,2,299,-,-,61.970,H,-,E,Y,4,0,1,3,A,-,07,21658,A,N,B,C,A,B,H,-,A,D,0,,,,,Y,,A,07,0,0,1,0,0,0,0,0,0,"- ","- ",,,TRINITY,UNINCORPORATED,-122.88618889999999,40.668435270000003
6375427,2014,2015-11-14,9175,2014-02-06,1126,18177,,4,1,9,5300,0,1,3,,2,015,"RT 3","TANNERY GULCH RD",3168.00,S,N,D,-,Y,TRI,2,3,-,-,41.940,H,-,N,Y,4,0,1,1,A,-,03,22350,,N,F,A,A,C,H,-,A,D,0,,,,,Y,,A,07,0,0,1,0,0,0,0,0,0,"- ","- ",,,TRINITY,UNINCORPORATED,-122.87223195,40.834741880000003
6413711,2014,2015-11-14,9175,2014-02-27,2145,018958,,4,2,9,5300,0,1,3,,1,021,"RT 3","SCHOOL AV",25.00,N,N,B,-,Y,TRI,2,3,-,-,7.000,H,-,N,N,2,0,1,1,A,-,01,23152,A,N,F,A,A,A,H,-,C,D,0,,,Y,,Y,Y,C,02,1,0,0,0,0,0,0,0,1,"- ","- ",,,TRINITY,UNINCORPORATED,-123.1854553,40.553921219999999
6446436,2014,2016-03-22,9175,2014-04-01,0430,018552,,2,3,9,5300,0,1,3,,2,014,"RT 299","WESTHAVEN RD",528.00,W,N,C,-,Y,TRI,2,299,-,-,2.730,H,-,W,Y,3,0,1,1,A,-,01,23152,A,N,E,I,A,B,H,-,D,D,0,,,,,Y,Y,A,01,0,1,0,0,0,0,0,0,0,"- ","- ",,,TRINITY,UNINCORPORATED,-123.56022817,40.889492830000002
6468712,2014,2015-11-20,9175,2014-06-05,0350,018958,,4,3,9,5300,0,1,3,,1,010,"RT 299","TRINITY DAM BL",18480.00,E,N,A,-,Y,TRI,2,299,-,-,70.980,H,-,W,Y,3,0,1,1,A,-,08,22107,,N,E,I,A,A,H,-,D,D,0,,,,Y,Y,,G,25,0,1,0,0,0,0,0,0,0,"- ","- ",,,TRINITY,UNINCORPORATED,-122.74782829999999,40.644268089999997
6482352,2014,2015-11-20,9175,2014-05-05,1545,12749,,1,2,9,5300,0,1,3,,1,021,"RT 3","WILDWOOD RD",0.00,,Y,A,-,Y,TRI,2,3,-,-,11.650,I,5,S,Y,3,0,1,2,A,-,05,21460,A,N,D,C,A,A,H,-,A,D,0,,,,Y,Y,,A,01,0,1,0,0,0,0,0,0,0,"- ","- ",,,TRINITY,UNINCORPORATED,-123.10621342,40.563128839999997
6494687,2014,2015-11-20,9175,2014-05-08,2055,18469,,4,2,9,5300,0,1,3,,1,021,"RT 3","HAYFORK DUMP RD",14256.00,S,N,C,-,Y,TRI,2,3,-,-,4.040,H,-,S,Y,3,0,1,2,A,-,01,23152,A,N,A,C,A,B,H,-,D,D,0,,,,,Y,Y,D,22,0,1,0,0,0,0,0,0,0,"- ","- ",,,TRINITY,UNINCORPORATED,-123.17943544000001,40.518566450000002
6516093,2014,2015-11-20,9175,2014-06-11,0115,15928,,3,3,9,5300,0,1,3,,1,011,"RT 299","UNION HILL RD",5280.00,E,N,A,-,Y,TRI,2,299,-,-,57.480,H,-,E,Y,4,0,1,1,A,-,03,22350,,N,E,J,A,A,C,-,D,A,0,,,,,Y,,A,01,0,0,1,0,0,0,0,0,0,"- ","- ",40.658819999999999,-122.94298999999999,TRINITY,UNINCORPORATED,-122.94298992,40.65874719
6516097,2014,2015-11-20,9175,2014-06-04,1050,18469,,3,1,9,5300,0,1,3,,1,021,"RT 3","SUMMIT CREEK RD",1584.00,S,N,A,-,Y,TRI,2,3,-,-,18.170,H,-,S,N,3,0,1,1,A,-,03,22350,,N,F,I,A,A,H,-,A,D,0,,,Y,,Y,,C,02,0,1,0,0,0,0,0,0,1,"- ","- ",,,TRINITY,UNINCORPORATED,-123.01501598,40.595677770000002
6518627,2014,2014-07-30,9175,2014-05-21,1325,17698,,3,1,9,5300,0,3,5,,2,001,"WASHINGTON ST","LOWDEN LN",225.00,S,N,A,-,N,,,,,,,,,,Y,3,0,1,1,C,-,18,,,N,E,I,A,A,H,-,A,D,0,,,,,Y,,-,"- ",0,1,0,0,0,0,0,0,0,"- ","- ",,,TRINITY,UNINCORPORATED,-122.93575271,40.73045166
6518684,2014,2015-11-20,9175,2014-05-04,1522,18177,,7,2,9,5300,0,1,3,,1,010,"RT 299","BUCKHORN STA LOOP",3.48,E,N,B,-,Y,TRI,2,299,-,-,71.710,H,-,W,Y,3,0,1,1,A,-,08,22107,,N,E,I,A,A,H,-,A,D,0,,,,,Y,,A,07,0,1,0,0,0,0,0,0,0,"- ","- ",,,TRINITY,UNINCORPORATED,-122.74222811,40.634349520000001
6518688,2014,2015-11-20,9175,2014-05-26,1605,18471,,1,2,9,5300,0,1,3,,1,010,"RT 299","STEEL BRIDGE RD",5808.00,E,N,A,-,Y,TRI,2,299,-,-,59.900,H,-,W,N,3,0,1,1,C,-,18,,,N,H,H,A,A,H,-,A,D,0,,,,,Y,,-,"- ",0,1,0,0,0,0,0,0,0,"- ","- ",,,TRINITY,UNINCORPORATED,-122.91123111,40.655049509999998
6528520,2014,2015-11-20,9175,2014-06-17,1110,15928,,2,1,9,5300,0,1,3,,2,014,"RT 299","UNDERWOOD MOUNTAIN RD",2640.00,E,N,A,-,Y,TRI,2,299,-,-,12.280,H,-,W,Y,3,0,1,1,A,-,08,22107,,N,E,I,A,A,H,-,A,D,0,,,,,Y,,A,01,0,1,0,0,0,0,0,0,0,"- ","- ",40.802109999999999,-123.46543,TRINITY,UNINCORPORATED,-123.46555357,40.801877210000001
6528524,2014,2015-11-20,9175,2014-06-16,1245,018471,,1,1,9,5300,0,1,3,,1,012,"RT 299","FORK RD",4752.00,E,N,A,-,Y,TRI,2,299,-,-,35.970,H,-,E,Y,2,0,1,1,A,-,03,22350,,N,E,I,A,A,H,-,A,D,0,,,Y,,Y,,C,02,1,0,0,0,0,0,0,0,1,"- ","- ",40.758800000000001,-123.14878,TRINITY,UNINCORPORATED,-123.13641809000001,40.764860679999998
6528528,2014,2015-11-19,9175,2014-06-22,1230,15928,,7,1,9,5300,0,1,3,,1,022,"RT 36","RT 3",8448.00,E,N,A,-,Y,TRI,2,36,-,R,30.280,H,-,E,Y,4,0,1,2,A,-,03,22350,,N,F,A,A,A,B,-,A,D,0,,,Y,,Y,,C,02,0,0,1,0,0,0,0,0,1,"- ","- ",40.411209999999997,-123.15676000000001,TRINITY,UNINCORPORATED,-123.15719239000001,40.411165820000001
6528532,2014,2015-11-20,9175,2014-06-19,1617,018133,,4,2,9,5300,0,1,3,,1,010,"RT 299","RT 3",0.00,,Y,A,-,Y,TRI,2,3,-,L,30.889,I,5,N,Y,3,0,3,2,A,-,01,23152,A,N,D,C,A,A,H,-,A,D,0,,,,,Y,Y,A,08,0,2,1,0,0,0,0,0,0,"- ","- ",,,TRINITY,UNINCORPORATED,-122.93934127999999,40.651290250000002
6528536,2014,2015-11-20,9175,2014-06-15,0910,15928,,7,1,9,5300,0,1,3,,1,017,"RT 3","SCORPION CREEK",528.00,N,N,A,-,Y,TRI,2,3,-,-,69.080,H,-,N,N,3,0,1,1,C,-,18,,,N,H,H,A,A,H,-,A,D,0,,,,,Y,,-,"- ",0,1,0,0,0,0,0,0,0,"- ","- ",41.103259999999999,-122.70545,TRINITY,UNINCORPORATED,-122.70517332999999,41.103848849999999
6548813,2014,2016-04-26,9175,2014-07-01,0950,018471,,2,1,9,5300,0,1,3,,1,021,"RT 3","RT 36",11616.00,N,N,A,-,Y,TRI,2,3,-,L,2.270,H,-,N,Y,3,0,1,1,A,-,03,22350,,N,F,A,A,A,H,-,A,D,0,,,,Y,Y,,G,25,0,1,0,0,0,0,0,0,0,"- ","- ",,,TRINITY,UNINCORPORATED,-123.15730728,40.436821209999998
6552872,2014,2015-11-20,9175,2014-06-27,1210,18433,,5,1,9,5300,0,1,3,,2,014,"RT 299","SUZY Q RD",1584.00,W,N,B,-,Y,TRI,2,299,-,-,3.950,H,-,E,Y,3,0,1,1,A,-,08,22107,,N,F,A,A,A,H,-,A,D,0,,,,,Y,,A,01,0,1,0,0,0,0,0,0,0,"- ","- ",,,TRINITY,UNINCORPORATED,-123.54474494999999,40.882592799999998
6552876,2014,2015-11-20,9175,2014-06-20,1035,18133,,5,1,9,5300,0,1,3,,2,015,"RT 3","CEDAR STOCK RD",3696.00,N,N,A,-,Y,TRI,2,3,-,-,46.640,H,-,S,Y,2,0,1,1,A,-,08,22107,,N,E,I,A,A,H,-,A,D,0,,,Y,,Y,,C,02,1,0,0,0,0,0,0,0,1,"- ","- ",,,TRINITY,UNINCORPORATED,-122.83024281,40.853071399999997
6560313,2014,2014-08-21,9175,2014-07-03,1525,018133,,4,2,9,5300,0,3,5,,2,001,"LEWISTON RD","GOOSE RANCH RD",1056.00,N,N,A,-,N,,,,,,,,,,Y,4,0,1,1,C,-,18,,,N,E,I,A,A,H,-,A,D,0,,,,,Y,,-,"- ",0,0,1,0,0,0,0,0,0,"- ","- ",,,TRINITY,UNINCORPORATED,-122.82639731,40.699975209999998
6560317,2014,2014-08-21,9175,2014-07-08,1510,15928,,2,2,9,5300,0,3,5,,2,001,"BROWNS RANCH RD","RT 3",1584.00,E,N,A,-,N,,,,,,,,,,N,3,0,1,1,A,-,08,22107,,N,F,A,A,A,H,-,A,D,0,,,Y,,Y,,C,06,0,1,0,0,0,0,0,0,1,"- ","- ",40.734610000000004,-122.92701,TRINITY,UNINCORPORATED,-122.92644144,40.734175720000003
6571546,2014,2014-09-03,9175,2014-07-19,1018,18133,,6,1,9,5300,0,3,5,,2,001,"RUSH CREEK RD","RUSH CREEK DR",2640.00,E,N,A,-,N,,,,,,,,,,Y,4,0,1,2,A,-,08,22107,,F,E,I,A,A,H,-,A,D,0,,,,,Y,,D,22,0,0,1,0,0,0,0,0,0,"- ","- ",,,TRINITY,UNINCORPORATED,-122.87954114999999,40.786163649999999
6575592,2014,2016-04-26,9175,2014-07-18,1825,18552,,5,2,9,5300,0,1,3,,1,012,"RT 299","VALDOR RD",2640.00,W,N,A,-,Y,TRI,2,299,-,-,39.840,H,-,W,Y,4,0,1,1,A,-,08,22107,,N,F,I,A,A,H,-,A,D,0,,,,,Y,,A,01,0,0,1,0,0,0,0,0,0,"- ","- ",,,TRINITY,UNINCORPORATED,-123.08768345999999,40.768387230000002
6587408,2014,2016-04-26,9175,2014-08-05,1850,018391,,2,2,9,5300,0,1,3,,1,021,"RT 3","RT 36",18480.00,N,N,B,-,Y,TRI,2,3,-,L,3.540,H,-,N,Y,2,0,1,1,A,-,08,22107,,N,F,A,A,A,H,-,A,A,0,,,Y,,Y,,C,02,1,0,0,0,0,0,0,0,1,"- ","- ",,,TRINITY,UNINCORPORATED,-123.16191817000001,40.451178489999997
6597367,2014,2016-04-26,9175,2014-08-08,1315,018133,,5,1,9,5300,0,1,3,,2,015,"RT 3","SPRUCE LN",1848.00,N,N,A,-,Y,TRI,2,3,-,-,34.510,H,-,S,Y,3,0,1,1,A,-,08,22107,,N,F,A,A,A,H,-,A,D,0,,,,,Y,,D,22,0,1,0,0,0,0,0,0,0,"- ","- ",,,TRINITY,UNINCORPORATED,-122.89134722,40.750477629999999
6597368,2014,2016-04-26,9175,2014-08-12,1400,15928,,2,2,9,5300,0,1,3,,1,020,"RT 3","JORDAN RD",31152.00,S,N,A,-,Y,TRI,2,3,-,-,20.010,H,-,S,Y,2,0,2,2,A,-,05,21460,A,N,A,C,A,A,H,-,A,D,0,,,,,Y,,D,22,2,0,0,0,0,0,0,0,0,"- ","- ",40.602420000000002,-122.99467,TRINITY,UNINCORPORATED,-122.99464532,40.602456240000002
6611264,2014,2016-04-27,9175,2014-08-24,1425,012749,,7,2,9,5300,0,1,3,,1,012,"RT 299","EAST FORK RD",4224.00,W,N,A,-,Y,TRI,2,299,-,-,35.960,H,-,E,Y,4,0,1,1,A,-,03,22350,,N,E,J,A,A,H,-,A,A,0,,,Y,,Y,,C,02,0,0,1,0,0,0,0,0,1,"- ","- ",,,TRINITY,UNINCORPORATED,-123.13652107999999,40.764736689999999
6611652,2014,2016-04-27,9175,2014-08-19,1725,018391,,2,2,9,5300,0,1,3,,2,014,"RT 299","BURNT RANCH SCHOOL RD",2112.00,W,N,A,-,Y,TRI,2,299,-,-,11.020,H,-,W,Y,3,0,1,1,A,-,08,22107,,N,F,A,A,A,H,-,A,D,0,,,,,Y,,A,01,0,1,0,0,0,0,0,0,0,"- ","- ",,,TRINITY,UNINCORPORATED,-123.47785663000001,40.814820099999999
6628720,2014,2016-04-26,9175,2014-09-09,1635,016084,,2,2,9,5300,0,1,3,,1,017,"RT 3","TANGLE BLUE CREEK RD",1056.00,N,N,A,-,Y,TRI,2,3,-,T,80.980,H,-,N,Y,3,0,1,1,A,-,03,22350,,N,F,A,A,A,H,-,A,D,0,,,Y,,Y,,C,02,0,1,0,0,0,0,0,0,1,"- ","- ",,,TRINITY,UNINCORPORATED,-122.66467933,41.242304320000002
6659830,2014,2016-04-27,9175,2014-09-14,1415,9968,,7,2,9,5300,0,1,3,,2,014,"RT 299","SALYER LOOP RD",6864.00,E,N,A,-,Y,TRI,2,299,-,-,2.440,H,-,W,Y,3,0,1,1,A,-,08,22107,,N,E,I,A,A,H,-,A,D,0,,,,,Y,,A,01,0,1,0,0,0,0,0,0,0,"- ","- ",,,TRINITY,UNINCORPORATED,-123.56397256,40.892076090000003
6690871,2014,2016-06-14,9175,2014-10-23,1955,012749,,4,2,9,5300,0,1,3,,1,021,"RT 3","HAYFORK DUMP RD",105.00,S,N,B,C,Y,TRI,2,3,-,-,5.490,H,-,S,Y,3,0,1,1,A,-,01,23152,E,M,F,I,A,B,H,-,D,D,0,,,,,Y,,A,07,0,1,0,0,0,0,0,0,0,"- ","- ",,,TRINITY,UNINCORPORATED,-123.18785721,40.536886279999997
6690879,2014,2014-12-29,9175,2014-10-15,1530,018469,,3,2,9,5300,0,3,5,,2,002,"OREGON ST","ODD FELLOWS AV",45.00,S,N,B,-,N,,,,,,,,,,Y,4,0,1,1,A,-,03,22350,,N,F,I,A,B,H,-,A,D,0,,,,,Y,,A,07,0,0,1,0,0,0,0,0,0,"- ","- ",,,TRINITY,UNINCORPORATED,-122.94153632,40.731286879999999
6728212,2014,2016-06-14,9175,2014-11-12,1710,018433,,3,2,9,5300,0,1,3,,1,011,"RT 299","TRINCO RD",350.00,W,N,B,-,Y,TRI,2,299,-,-,50.610,H,-,W,Y,3,0,1,3,A,-,05,21460,A,N,B,C,A,A,H,-,B,D,0,,,,Y,Y,,D,22,0,1,0,0,0,0,0,0,0,"- ","- ",,,TRINITY,UNINCORPORATED,-122.9559931,40.734626810000002
6728501,2014,2016-06-14,9175,2014-11-06,1920,18471,,4,2,9,5300,0,1,3,,2,014,"RT 299","BURNT RANCH SCHOOL RD",2112.00,W,N,A,-,Y,TRI,2,299,-,-,11.020,H,-,E,Y,3,0,1,1,A,-,01,23152,A,N,E,I,A,A,H,-,D,D,0,,,,,Y,Y,A,07,0,1,0,0,0,0,0,0,0,"- ","- ",,,TRINITY,UNINCORPORATED,-123.47785159999999,40.814821569999999
6753372,2014,2016-06-14,9175,2014-12-20,0100,13787,,6,3,9,5300,0,1,3,,2,014,"RT 299","SOUTH FORK RD",200.00,E,N,B,C,Y,TRI,2,299,-,-,0.230,H,-,E,N,3,0,1,1,A,-,03,22350,,N,E,I,A,B,H,-,D,D,0,,,,,Y,,D,22,0,1,0,0,0,0,0,0,0,"- ","- ",40.889270000000003,-123.59726000000001,TRINITY,UNINCORPORATED,-123.59756638,40.889260030000003
6754215,2014,2016-06-14,9175,2014-12-18,1550,18433,,4,2,9,5300,0,1,3,,1,010,"RT 299","FAWN LODGE RD",1742.00,W,N,C,-,Y,TRI,2,299,-,-,65.020,H,-,W,Y,3,0,1,1,A,-,08,22107,,N,F,A,A,B,H,-,B,D,0,,,,,Y,,A,01,0,1,0,0,0,0,0,0,0,"- ","- ",,,TRINITY,UNINCORPORATED,-122.835362,40.674760810000002
6754216,2014,2015-02-05,9175,2014-12-16,1400,15928,,2,2,9,5300,0,3,5,,2,001,"TRINITY DAM BL","MOUNTAIN VIEW DR",528.00,N,N,B,-,N,,,,,,,,,,Y,3,0,1,1,A,-,08,22107,,N,E,I,A,B,H,-,A,D,0,,,,,Y,,A,07,0,1,0,0,0,0,0,0,0,"- ","- ",40.697270000000003,-122.80386,TRINITY,UNINCORPORATED,-122.80379643000001,40.697245010000003
6760997,2014,2016-04-27,9175,2014-09-22,1500,15363,,1,2,9,5300,0,1,3,,1,012,"RT 36","SHASTA CO LINE",26928.00,W,N,A,-,Y,TRI,2,36,-,R,35.940,H,-,E,N,2,0,1,1,A,-,03,22350,,N,F,A,A,A,H,-,A,D,0,,,Y,,Y,,C,02,1,0,0,0,0,0,0,0,1,"- ","- ",,,TRINITY,UNINCORPORATED,-123.09728103,40.392400090000002
6763483,2014,2016-06-14,9175,2014-12-10,0225,016084,,3,3,9,5300,0,1,3,,2,015,"RT 3","EAST WEAVER CREEK RD",528.00,N,N,B,-,Y,TRI,2,3,-,-,32.928,H,-,N,Y,2,0,5,1,A,-,01,23152,A,N,F,A,A,A,H,-,D,D,0,,,,,Y,Y,D,22,1,3,1,0,0,0,0,0,0,"- ","- ",,,TRINITY,UNINCORPORATED,-122.91422429000001,40.753010260000003
6787617,2014,2016-06-14,9175,2014-12-14,2230,18645,,7,3,9,5300,0,1,3,,1,022,"RT 36","RT 3",26400.00,E,N,D,-,Y,TRI,2,36,-,R,35.120,H,-,W,Y,4,0,2,1,D,-,00,,,N,F,A,A,C,H,-,D,D,0,,,,,Y,,-,"- ",0,0,2,0,0,0,0,0,0,"- ","- ",,,TRINITY,UNINCORPORATED,-123.10643367,40.392161450000003
6788167,2015,2015-02-25,9175,2015-01-02,1340,018433,,5,1,9,5300,0,3,5,,2,001,"TRINITY DAM BL","CARR PL",1742.00,N,N,A,-,N,,,,,,,,,,Y,4,0,1,1,A,-,03,22350,,N,F,A,A,C,H,-,A,D,0,,,,,Y,,A,07,0,0,1,0,0,0,0,0,0,"- ","- ",,,TRINITY,UNINCORPORATED,-122.80715874000001,40.674246949999997
6821572,2015,2016-09-07,9175,2015-02-05,1310,14636,,4,1,9,5300,0,1,3,,2,014,"RT 299","BURNT RANCH SCHOOL RD",2640.00,W,N,B,C,Y,TRI,2,299,-,-,10.920,H,-,E,Y,3,0,1,1,C,-,18,,,N,H,J,A,B,H,-,A,D,0,,,,,Y,,-,"- ",0,1,0,0,0,0,0,0,0,"- ","- ",,,TRINITY,UNINCORPORATED,-123.47831336,40.816252540000001
6822058,2015,2016-09-07,9175,2015-01-31,0710,14636,,6,1,9,5300,0,1,3,,2,013,"RT 299","BIG FRENCH CREEK RD",6336.00,W,N,B,-,Y,TRI,2,299,-,-,21.960,H,-,E,Y,2,0,1,1,A,-,08,22107,,N,E,I,A,A,H,-,A,D,0,,,,,Y,,A,01,1,0,0,0,0,0,0,0,0,"- ","- ",,,TRINITY,UNINCORPORATED,-123.33212958999999,40.77470993
6822059,2015,2016-09-07,9175,2015-01-19,0630,18177,,1,1,9,5300,0,1,3,,2,014,"RT 299","UNDERWOOD MOUNTAIN RD",4118.00,E,N,A,-,Y,TRI,2,299,-,-,12.580,H,-,E,Y,4,0,1,1,C,-,18,,,N,E,J,A,A,H,-,D,D,0,,,,,Y,,-,"- ",0,0,1,0,0,0,0,0,0,"- ","- ",,,TRINITY,UNINCORPORATED,-123.46308232,40.798338229999999
6829980,2015,2016-11-04,9175,2015-04-21,0835,012749,,2,1,9,5300,0,1,3,,1,022,"RT 36","WILDWOOD RD",21120.00,W,N,A,-,Y,TRI,2,36,-,R,35.140,H,-,W,Y,4,0,1,1,A,-,08,22107,,N,F,J,A,A,H,-,A,D,0,,,,,Y,,D,22,0,0,1,0,0,0,0,0,0,"- ","- ",,,TRINITY,UNINCORPORATED,-123.10618144999999,40.392355619999996
6829984,2015,2016-11-02,9175,2015-04-20,0435,017418,,1,3,9,5300,0,1,3,,2,014,"RT 299","GRAY CREEK RD",2640.00,E,N,B,-,Y,TRI,2,299,-,-,8.350,H,-,W,Y,3,0,1,2,A,-,13,22515,A,N,G,B,E,A,H,-,D,D,0,Y,,,,Y,,N,60,0,1,0,0,1,0,0,0,0,"- ","- ",,,TRINITY,UNINCORPORATED,-123.48420005,40.849602040000001
6837727,2015,2016-04-13,9175,2015-02-19,2310,18645,,4,3,9,5300,0,3,5,,2,002,"SUMMIT CREEK RD","RT 3",10560.00,E,N,A,-,N,,,,,,,,,,N,2,0,1,1,A,-,01,23152,F,N,F,A,A,A,H,-,D,D,0,,,Y,,Y,Y,C,06,1,0,0,0,0,0,0,0,1,"- ","- ",,,TRINITY,UNINCORPORATED,-123.05620512,40.570714959999997
6855199,2015,2016-09-07,9175,2015-03-03,1920,016084,,2,2,9,5300,0,1,3,,1,012,"RT 299","CANYON CREEK RD",6336.00,W,N,A,-,Y,TRI,2,299,-,-,42.200,H,-,E,Y,3,0,2,1,A,-,08,22107,,N,F,A,A,A,H,-,D,D,0,,,,,Y,,A,08,0,2,0,0,0,0,0,0,0,"- ","- ",,,TRINITY,UNINCORPORATED,-123.06445926000001,40.745824069999998
6856241,2015,2016-09-07,9175,2015-02-28,1005,018469,,6,1,9,5300,0,1,3,,1,021,"RT 3","WHITTLE WY",204.00,N,N,A,-,Y,TRI,2,3,-,-,10.410,H,-,N,Y,3,0,1,2,A,-,06,21750,,N,D,C,A,A,H,-,A,D,0,,,,,Y,,A,01,0,1,0,0,0,0,0,0,0,"- ","- ",,,TRINITY,UNINCORPORATED,-123.12343380999999,40.558789779999998
6856245,2015,2016-09-07,9175,2015-02-14,1115,017698,,6,1,9,5300,0,1,3,,1,022,"RT 36","SOUTH FORK MOUNTAIN RD",6864.00,E,N,A,-,Y,TRI,2,36,-,-,11.410,H,-,W,Y,3,0,1,1,A,-,08,22107,,N,F,A,A,A,H,-,A,D,0,,,,,Y,,A,07,0,1,0,0,0,0,0,0,0,"- ","- ",,,TRINITY,UNINCORPORATED,-123.41444550999999,40.393301479999998
6876829,2015,2016-09-07,9175,2015-03-31,1230,15928,,2,1,9,5300,0,1,3,,1,010,"RT 299","LEWISTON RD",1584.00,E,N,A,-,Y,TRI,2,299,-,-,63.810,H,-,W,Y,2,0,1,1,A,-,08,22107,,N,E,I,A,A,H,-,A,D,0,,,Y,,Y,,C,02,1,0,0,0,0,0,0,0,1,"- ","- ",40.673580000000001,-122.85717,TRINITY,UNINCORPORATED,-122.85772341000001,40.673205830000001
6876978,2015,2016-11-04,9175,2015-04-03,0615,018552,,5,1,9,5300,0,1,3,,2,015,"RT 3","RAINIER RD",106.00,N,N,A,-,Y,TRI,2,3,-,-,47.890,H,-,N,Y,4,0,1,1,A,-,08,22107,,N,F,A,A,A,H,-,A,D,0,,,,,Y,,A,07,0,0,1,0,0,0,0,0,0,"- ","- ",,,TRINITY,UNINCORPORATED,-122.81755411,40.863796370000003
6877608,2015,2016-09-07,9175,2015-03-08,1610,017418,,7,2,9,5300,0,1,3,,2,015,"RT 3","TRINITY DAM BL",10032.00,N,N,A,-,Y,TRI,2,3,-,-,40.810,H,-,N,Y,3,0,2,1,A,-,08,22107,,N,F,A,A,A,H,-,A,D,0,,,Y,,Y,,C,02,0,2,0,0,0,0,0,0,2,"- ","- ",,,TRINITY,UNINCORPORATED,-122.88977740999999,40.828685380000003
6906892,2015,2016-11-04,9175,2015-04-23,1220,18433,,4,1,9,5300,0,1,3,,2,015,"RT 3","RUSH CREEK CAMP RD",2640.00,N,N,A,-,Y,TRI,2,3,-,-,39.930,H,-,S,Y,4,0,1,1,A,-,08,22107,,N,E,I,A,A,H,-,A,D,0,,,,,Y,,A,01,0,0,1,0,0,0,0,0,0,"- ","- ",,,TRINITY,UNINCORPORATED,-122.89255507,40.819514130000002
6932459,2015,2016-11-02,9175,2015-05-15,1230,18433,,5,1,9,5300,0,1,3,,1,011,"RT 299","CASTLE RD",0.00,,Y,B,-,Y,TRI,2,299,-,-,47.490,I,5,E,N,2,0,1,1,A,-,08,22107,,N,F,A,A,A,H,-,A,D,0,,,Y,,Y,,C,02,1,0,0,0,0,0,0,0,1,"- ","- ",,,TRINITY,UNINCORPORATED,-123.00068259,40.73780893
6932513,2015,2016-11-04,9175,2015-04-18,0758,018469,,6,1,9,5300,0,1,3,,1,022,"RT 36","TRINITY PINES RD",13200.00,W,N,A,-,Y,TRI,2,36,-,-,22.290,H,-,W,Y,3,0,1,1,A,-,08,22107,,N,E,I,A,A,H,-,D,D,0,,,,,Y,,A,01,0,1,0,0,0,0,0,0,0,"- ","- ",,,TRINITY,UNINCORPORATED,-123.24480088999999,40.38907433
6967690,2015,2015-07-06,9175,2015-06-12,1940,018645,,5,2,9,5300,0,3,5,,2,002,"HYAMPOM RD","COOPERATIVE WY",300.00,W,N,A,-,N,,,,,,,,,,Y,3,0,1,1,A,-,01,23152,A,N,F,A,A,A,H,-,A,D,0,,,,,Y,Y,D,22,0,1,0,0,0,0,0,0,0,"- ","- ",40.564799999999998,-123.23128,TRINITY,UNINCORPORATED,-123.2314787,40.56395294
6968677,2015,2016-11-02,9175,2015-06-06,2235,12749,,6,3,9,5300,0,1,3,,1,011,"RT 299","OREGON SPRINGS RD",348.00,E,N,A,-,Y,TRI,2,299,-,-,49.000,H,-,E,Y,4,0,1,1,A,-,08,22107,,N,E,I,A,A,H,-,D,D,0,,,,,Y,,A,07,0,0,1,0,0,0,0,0,0,"- ","- ",,,TRINITY,UNINCORPORATED,-122.97673168999999,40.742430130000002
6978901,2015,2016-11-04,9175,2015-06-17,1305,012749,,3,1,9,5300,0,1,3,,1,022,"RT 36","MAD RIVER ROCK LOOKOUT",3696.00,E,N,A,-,Y,TRI,2,36,-,R,2.030,H,-,E,Y,4,0,1,1,A,-,08,22107,,N,F,A,A,A,H,-,A,D,0,,,Y,,Y,,C,02,0,0,1,0,0,0,0,0,1,"- ","- ",,,TRINITY,UNINCORPORATED,-123.51306510000001,40.455237060000002
6978903,2015,2016-11-02,9175,2015-06-19,1718,014636,,5,2,9,5300,0,1,3,,1,011,"RT 299","MOUNTAIN VIEW ST",105.00,W,N,A,-,Y,TRI,2,299,-,-,52.220,H,-,E,Y,2,0,2,3,A,-,09,21801,A,N,D,C,A,A,H,-,A,D,0,,,Y,,Y,,A,01,1,1,0,0,0,0,0,0,2,"- ","- ",,,TRINITY,UNINCORPORATED,-122.93338567000001,40.725709600000002
6986305,2015,2016-11-04,9175,2015-06-28,1645,12749,,7,2,9,5300,0,1,3,,1,016,"RT 3","EAST SIDE RD",1056.00,N,N,A,-,Y,TRI,2,3,-,-,65.700,H,-,N,Y,4,0,1,1,A,-,08,22107,,N,E,I,A,A,H,-,A,D,0,,,,,Y,,A,07,0,0,1,0,0,0,0,0,0,"- ","- ",,,TRINITY,UNINCORPORATED,-122.70006902,41.05639
6986309,2015,2016-11-04,9175,2015-06-28,1555,12749,,7,2,9,5300,0,1,3,,1,021,"RT 3","BARKER VALLEY RD",8976.00,N,N,A,-,Y,TRI,2,3,-,-,14.620,H,-,S,Y,3,0,4,1,A,-,"- ",,,N,F,A,A,A,H,-,A,D,0,,,,,Y,,A,07,0,2,2,0,0,0,0,0,0,"- ","- ",,,TRINITY,UNINCORPORATED,-123.06253029,40.580628230000002
6989713,2015,2017-01-14,9175,2015-07-05,2205,018552,,7,3,9,5300,0,1,3,,1,012,"RT 299","EAST FORK RD",6336.00,W,N,A,-,Y,TRI,2,299,-,-,35.670,H,-,E,Y,4,0,1,1,A,-,08,22107,,N,E,I,A,A,H,-,D,D,0,,,,,Y,,A,01,0,0,1,0,0,0,0,0,0,"- ","- ",,,TRINITY,UNINCORPORATED,-123.14158039,40.764028199999998
7002453,2015,2015-07-24,9175,2015-07-12,1558,12749,,7,2,9,5300,0,3,5,,2,002,"MARVEL ST","LEROY ST",0.00,,Y,A,-,N,,,,,,,,,,Y,3,0,1,2,A,-,03,22350,,N,D,C,A,A,H,-,A,A,0,,,Y,,Y,,C,02,0,1,0,0,0,0,0,0,1,"- ","- ",,,TRINITY,UNINCORPORATED,-123.16518999,40.5511099
7008510,2015,2017-01-14,9175,2015-07-09,0115,18552,,4,3,9,5300,0,1,3,,2,014,"RT 299","UNDERWOOD MOUNTAIN RD",4224.00,E,N,B,C,Y,TRI,2,299,-,-,15.670,H,-,E,Y,2,0,1,1,A,-,08,22107,,N,E,I,A,B,H,-,D,D,0,,,Y,,Y,,C,02,1,0,0,0,0,0,0,0,1,"- ","- ",,,TRINITY,UNINCORPORATED,-123.41709188,40.788460690000001
90006176,2015,2015-10-19,9175,2015-07-19,0700,15928,,7,1,9,5300,0,1,3,,1,022,"STATE ROUTE 36","LOWER MAD RIVER ROAD",0.00,,Y,A,-,Y,,,36,,,,,,,Y,3,0,3,1,A,-,03,22350,,N,E,I,A,A,H,-,A,A,0,,,,,Y,,A,01,0,1,2,0,0,0,0,0,0,"- ","- ",40.444510000000001,-123.49512,TRINITY,UNINCORPORATED,-123.49515159000001,40.444451309999998
90006178,2015,2015-10-19,9175,2015-07-18,2240,018645,,6,3,9,5300,0,1,3,,1,021,SR-3,"VICTORIA LN",1584.00,S,N,A,-,Y,,,,,,,,,,Y,2,0,1,1,A,-,03,22350,,N,F,A,A,A,H,-,D,D,0,,,Y,,Y,Y,C,02,1,0,0,0,0,0,0,0,1,"- ","- ",,,TRINITY,UNINCORPORATED,-123.05326289999999,40.578704510000001
90006486,2015,2015-10-19,9175,2015-07-24,2258,018469,,5,3,9,5300,0,1,3,,1,010,SR-299,"STEEL BRIDGE RD.",2640.00,E,N,A,-,Y,,,299,,,,,,,Y,3,0,1,1,A,-,08,22107,,N,E,I,A,A,H,-,D,D,0,,,,,Y,,A,01,0,1,0,0,0,0,0,0,0,"- ","- ",40.665379999999999,-122.89391999999999,TRINITY,UNINCORPORATED,-122.89395388,40.665467669999998
90008582,2015,2015-10-19,9175,2015-07-26,2112,018552,,7,2,9,5300,0,1,3,,2,014,SR-299,"WESTGATE LANE",528.00,W,N,A,-,Y,,,,,,,,,,Y,3,0,2,1,A,-,08,22107,,N,E,I,A,A,H,-,D,D,0,,,,,Y,,A,01,0,2,0,0,0,0,0,0,0,"- ","- ",,,TRINITY,UNINCORPORATED,-123.56028339,40.888067100000001
90011210,2015,2015-10-19,9175,2015-08-06,2200,018645,,4,3,9,5300,0,1,3,,2,014,SR-299,"VETERANS HALL RD",729.00,E,N,A,-,Y,,,299,,,,,,,Y,3,0,1,1,A,-,01,23152,A,N,E,I,A,A,H,-,D,D,0,,,,,Y,Y,D,22,0,1,0,0,0,0,0,0,0,"- ","- ",40.829210000000003,-123.48724,TRINITY,UNINCORPORATED,-123.48728303999999,40.829196750000001
90011305,2015,2015-10-19,9175,2015-08-24,1210,016084,,1,1,9,5300,0,1,3,,1,011,SR-299,"WASHINGTON STREET",180.00,W,N,A,-,Y,,,,,,,,,,N,3,0,2,2,A,-,09,21804,A,N,F,A,A,A,H,-,A,D,0,,,Y,,Y,,D,22,0,2,0,0,0,0,0,0,2,"- ","- ",,,TRINITY,UNINCORPORATED,-122.93702245,40.727953929999998
90013263,2015,2015-10-19,9175,2015-08-30,2035,016084,,7,2,9,5300,0,1,3,,1,011,"STATE ROUTE 299","TRINCO RD",10032.00,W,N,A,-,Y,,,,,,,,,,Y,3,0,2,1,A,-,08,22107,,N,E,I,A,A,H,-,D,D,0,,,,,Y,,A,01,0,1,1,0,0,0,0,0,0,"- ","- ",,,TRINITY,UNINCORPORATED,-122.97877333,40.741499050000002
90014183,2015,2015-10-19,9175,2015-08-31,1135,013699,,1,1,9,5300,0,1,3,,1,012,"RT 299","CANYON CREEK RD",1584.00,W,N,A,-,Y,,,,,,,,,,Y,4,0,1,1,A,-,08,22107,,N,E,I,A,A,H,-,A,D,0,,,,,Y,,A,01,0,0,1,0,0,0,0,0,0,"- ","- ",,,TRINITY,UNINCORPORATED,-123.05351854,40.726266979999998
90019059,2015,2015-10-19,9175,2015-09-07,1510,017418,,1,2,9,5300,0,3,5,,2,001,"TRINITY DAM BLVD.","RUSH CREEK RD.",12144.00,N,N,A,-,N,,,,,,,,,,Y,3,0,1,1,A,-,08,22107,,N,F,A,A,A,H,-,A,D,0,,,Y,,Y,,C,02,0,1,0,0,0,0,0,0,1,"- ","- ",,,TRINITY,UNINCORPORATED,-122.80919975,40.745385069999998
90021105,2015,2015-10-19,9175,2015-09-19,0915,018328,,6,1,9,5300,0,1,3,,2,015,SR-3,"SUMMIT CREEK RD",8448.00,S,N,A,-,Y,,,3,,,,,,,Y,2,0,1,1,A,-,08,22107,,N,E,A,A,A,H,-,A,D,0,,,Y,,Y,,C,02,1,0,0,0,0,0,0,0,1,"- ","- ",40.586680000000001,-123.03021,TRINITY,UNINCORPORATED,-123.03013641,40.58668454
90028408,2015,2015-10-19,9175,2015-09-26,1420,018250,,6,2,9,5300,0,1,3,,2,014,SR-299,"BURNT RANCH DUMP RD",500.00,W,N,A,-,Y,,,,,,,,,,N,3,0,1,1,A,-,03,22350,,N,F,A,A,A,H,-,A,D,0,,,Y,,Y,,C,02,0,1,0,0,0,0,0,0,1,"- ","- ",,,TRINITY,UNINCORPORATED,-123.45967958,40.794919649999997
90031268,2015,2015-10-19,9175,2015-10-04,2015,019479,,7,2,9,5300,0,3,5,,2,001,"TRINITY DAM BLVD","MOUNTAIN VIEW DRIVE",4752.00,S,N,A,-,N,,,,,,,,,,Y,3,0,1,1,A,-,08,22107,,N,F,A,A,A,H,-,D,D,0,,,,,Y,,A,01,0,1,0,0,0,0,0,0,0,"- ","- ",,,TRINITY,UNINCORPORATED,-122.81301349,40.686104059999998
90035746,2015,2015-10-21,9175,2015-10-13,2100,013699,,2,2,9,5300,0,3,5,,2,001,"CANYON CREEK RD","RT 299",23760.00,N,N,A,-,N,,,,,,,,,,Y,4,0,1,1,A,-,08,22107,,N,E,I,A,A,H,-,D,A,0,,,,,Y,,A,01,0,0,1,0,0,0,0,0,0,"- ","- ",,,TRINITY,UNINCORPORATED,-123.05565266000001,40.781359809999998
90040058,2015,2015-10-29,9175,2015-10-18,1640,013699,,7,2,9,5300,0,1,3,,1,012,"RT 299","BROCK GULCH RD",528.00,W,N,B,-,Y,,,,,,,,,,Y,4,0,1,1,A,-,08,22107,,N,E,I,A,B,H,-,A,D,0,,,,,Y,,A,01,0,0,1,0,0,0,0,0,0,"- ","- ",,,TRINITY,UNINCORPORATED,,
90040491,2015,2015-10-29,9175,2015-10-15,0320,019479,,4,3,9,5300,0,1,3,,1,010,SR-299,"STEEL BRIDGE RD",4224.00,E,N,A,-,Y,,,,,,,,,,Y,4,0,1,1,A,-,08,22107,,N,E,I,A,A,H,-,D,D,0,,,,,Y,,A,07,0,0,1,0,0,0,0,0,0,"- ","- ",,,TRINITY,UNINCORPORATED,-122.89485999999999,40.659010000000002
90043891,2015,2015-11-03,9175,2015-10-28,0905,012749,,3,1,9,5300,0,1,3,,1,010,SR-299,"RIFFLE LN",528.00,W,N,B,-,Y,,,,,,,,,,Y,2,0,1,1,A,-,08,22107,,N,E,I,A,B,H,-,A,D,0,,,,,Y,,A,01,1,0,0,0,0,0,0,0,0,"- ","- ",,,TRINITY,UNINCORPORATED,-122.93007831,40.654246149999999
90049362,2015,2015-11-12,9175,2015-11-04,1500,012749,,3,2,9,5300,0,3,5,,2,002,"LOWER MAD RIVER RD",SR-36,27456.00,S,N,A,-,N,,,,,,,,,,Y,4,0,1,1,A,-,08,22107,,N,E,I,A,A,H,-,A,D,0,,,,,Y,,D,22,0,0,1,0,0,0,0,0,0,"- ","- ",,,TRINITY,UNINCORPORATED,-123.44950676000001,40.387677750000002
90053821,2015,2015-11-18,9175,2015-11-09,1530,016084,,1,2,9,5300,0,3,5,,2,001,"RUSH CREEK ROAD","CHINA GULCH ROAD",8448.00,E,N,B,-,N,,,,,,,,,,Y,2,0,1,2,A,-,05,21460,A,N,D,C,A,B,H,-,A,D,0,,,,,Y,,B,07,1,0,0,0,0,0,0,0,0,"- ","- ",,,TRINITY,UNINCORPORATED,-122.87262,40.778779999999998
90054645,2015,2015-11-19,9175,2015-11-12,1020,013699,9175,4,1,9,5300,0,1,3,,1,021,"RT 3","RT 36",2640.00,S,N,A,-,Y,,,,,,,,,,Y,4,0,1,1,A,-,08,22107,,N,E,I,A,B,H,-,A,D,0,,,,,Y,,A,01,0,0,1,0,0,0,0,0,0,"- ","- ",,,TRINITY,UNINCORPORATED,-123.17562,40.420259999999999
90058245,2015,2015-11-24,9175,2015-11-15,0100,018645,,7,3,9,5300,0,3,5,,2,001,"RUSH CREEK RD","LOST BRIDGE ROAD",1913.00,E,N,B,-,N,,,,,,,,,,Y,2,0,1,1,A,-,01,23152,A,N,E,I,A,A,H,-,D,D,0,,,,,Y,Y,D,22,1,0,0,0,0,0,0,0,0,"- ","- ",,,TRINITY,UNINCORPORATED,-122.84475703,40.762733799999999
90058817,2015,2015-11-24,9175,2015-11-19,1750,018645,,4,2,9,5300,0,1,3,,1,022,SR-36,SR-3,5280.00,E,N,A,-,Y,,,,,,,,,,Y,3,0,1,1,A,-,08,22107,,N,F,A,A,B,H,-,D,D,0,,,,,Y,Y,A,07,0,1,0,0,0,0,0,0,0,"- ","- ",,,TRINITY,UNINCORPORATED,-123.16293314000001,40.41666086
90069099,2015,2015-12-09,9175,2015-12-05,1837,019636,,6,2,9,5300,0,3,5,,2,002,"FORREST AVE","MARVEL ST",6.00,W,N,B,-,N,,,,,,,,,,Y,3,0,1,1,A,-,08,22107,,N,E,I,A,A,H,-,D,D,0,,,,,Y,,A,01,0,1,0,0,0,0,0,0,0,"- ","- ",40.551079999999999,-123.16249000000001,TRINITY,UNINCORPORATED,-123.16249999999999,40.551090000000002
90074501,2015,2015-12-15,9175,2015-12-07,1610,12749,,1,2,9,5300,0,3,5,,2,002,"MAIN ST",SR-3,13.00,E,N,B,-,N,,,,,,,,,,N,3,0,1,2,A,-,05,21650,,N,D,G,A,A,H,-,B,A,0,,Y,,,Y,,L,04,0,1,0,0,0,0,1,0,0,"- ","- ",,,TRINITY,UNINCORPORATED,-123.18355,40.554090000000002
90098182,2016,2016-01-19,9175,2016-01-12,1820,018993,,2,2,9,5300,0,1,3,,1,011,SR-299,"GLEN RD",0.00,,Y,B,C,Y,,,299,,,,,,,Y,3,0,4,2,A,-,12,22450,A,N,D,C,A,B,H,-,C,A,0,,,,,Y,,D,23,0,2,2,0,0,0,0,0,0,"- ","- ",40.722700000000003,-122.9293,TRINITY,UNINCORPORATED,-122.92937049,40.722663750000002
90102459,2016,2016-01-26,9175,2016-01-14,1235,018507,,4,1,9,5300,0,1,3,,1,022,SR-36,SR-3,37488.00,E,N,D,-,Y,,,,,,,,,,N,3,0,1,1,A,-,03,22350,,N,F,A,A,C,G,-,A,D,0,,,,,Y,,A,07,0,1,0,0,0,0,0,0,0,"- ","- ",,,TRINITY,UNINCORPORATED,-123.10101413,40.392626069999999
90116387,2016,2016-02-16,9175,2016-02-07,0645,017418,,7,1,9,5300,0,1,3,,1,010,SR-299,"LEWISTON RD",158.00,E,N,B,-,Y,,,299,,,,,,,Y,4,0,1,1,A,-,01,23152,A,N,E,I,A,B,H,-,A,D,0,,,,,Y,Y,D,22,0,0,1,0,0,0,0,0,0,"- ","- ",40.672440000000002,-122.85850000000001,TRINITY,UNINCORPORATED,-122.85858952,40.672690860000003
90122973,2016,2016-02-24,9175,2016-02-22,1200,016084,,1,1,9,5300,0,1,3,,1,022,"STATE ROUTE 36","USFS ROAD 30N22",110.00,E,N,A,-,Y,,,,,,,,,,Y,3,0,1,1,A,-,08,22107,,N,E,I,A,A,H,-,A,D,0,,,,,Y,,A,01,0,1,0,0,0,0,0,0,0,"- ","- ",,,TRINITY,UNINCORPORATED,-123.068265,40.389279999999999
90128057,2016,2016-03-02,9175,2016-02-22,1125,013699,,1,1,9,5300,0,1,3,,1,011,"SR 299 (MAIN ST)","LANCE GULCH ROAD",170.00,E,N,A,-,Y,,,,,,,,,,Y,3,0,2,2,A,-,03,22350,,N,C,C,A,A,H,-,A,A,0,,,,,Y,,A,01,0,1,1,0,0,0,0,0,0,"- ","- ",,,TRINITY,UNINCORPORATED,-122.929186,40.722242000000001
90128611,2016,2016-03-03,9175,2016-03-01,1635,016084,,2,2,9,5300,0,1,3,,1,022,"STATE ROUTE 36","WILDWOOD ROAD",9504.00,W,N,B,-,Y,,,,,,,,,,Y,2,0,4,1,A,-,08,22107,,N,E,I,A,B,H,-,A,D,0,,,,,Y,,D,22,1,1,2,0,0,0,0,0,0,"- ","- ",,,TRINITY,UNINCORPORATED,-123.05381061999999,40.384960270000001
90134535,2016,2016-03-11,9175,2016-03-05,1740,019680,,6,2,9,5300,0,1,3,,1,021,"S.R. 3","VICTORIA LN",8026.00,N,N,B,-,Y,,,,,,,,,,Y,3,0,1,1,A,-,01,23152,A,M,E,I,A,B,H,-,D,D,0,,,,,Y,Y,A,07,0,1,0,0,0,0,0,0,0,"- ","- ",,,TRINITY,UNINCORPORATED,-123.02998780999999,40.587070529999998
90138301,2016,2016-03-16,9175,2016-01-13,1215,12749,,3,1,9,5300,0,1,3,,1,021,SR-3,"CARR CREEK RD",1056.00,N,N,B,C,Y,,,,,,,,,,Y,1,1,2,1,A,-,03,22350,,N,E,I,A,B,H,-,A,D,0,,,,,Y,,A,01,2,0,0,0,0,0,0,0,0,"- ","- ",,,TRINITY,UNINCORPORATED,-123.07610741000001,40.583554390000003
90139615,2016,2016-03-18,9175,2016-03-16,1835,012749,,3,2,9,5300,0,1,3,,1,010,SR-299,"CLARK CREEK RD",2640.00,E,N,A,-,Y,,,,,,,,,,Y,3,0,2,1,A,-,08,22107,,N,E,I,A,A,H,-,B,D,0,,,,,Y,,A,07,0,1,1,0,0,0,0,0,0,"- ","- ",,,TRINITY,UNINCORPORATED,-122.78313532999999,40.665050600000001
90145005,2016,2016-03-28,9175,2016-03-18,1510,014636,,5,2,9,5300,0,3,5,,2,001,"RUSH CREEK RD",SR-3,19536.00,E,N,B,-,N,,,,,,,,,,Y,4,0,1,1,A,-,08,22107,,N,E,I,A,A,H,-,A,D,0,,,,,Y,,D,22,0,0,1,0,0,0,0,0,0,"- ","- ",,,TRINITY,UNINCORPORATED,-122.89045,40.795189999999998
90156040,2016,2016-04-12,9175,2016-03-28,1735,019479,,1,2,9,5300,0,1,3,,1,020,SR-3,"JORDAN RD",6864.00,S,N,A,-,Y,,,,,,,,,,Y,3,0,2,1,A,-,08,22107,,N,E,I,A,A,H,-,A,D,0,,,,,Y,,D,22,0,2,0,0,0,0,0,0,0,"- ","- ",,,TRINITY,UNINCORPORATED,-122.97117099,40.617871530000002
90163680,2016,2016-04-22,9175,2016-04-08,1118,014636,,5,1,9,5300,0,1,3,,1,010,SR-299,"POKER BAR RD",1584.00,E,N,A,-,Y,,,,,,,,,,Y,4,0,1,1,A,-,08,22107,,N,E,I,A,A,H,-,A,D,0,,,,,Y,,D,22,0,0,1,0,0,0,0,0,0,"- ","- ",,,TRINITY,UNINCORPORATED,-122.87255261999999,40.672082099999997
90167586,2016,2016-04-28,9175,2016-04-21,0855,018328,,4,1,9,5300,0,1,3,,1,010,SR-299,"POKER BAR RD",72.00,E,N,A,-,Y,,,,,,,,,,Y,4,0,1,1,C,-,18,,,N,H,H,A,A,H,-,A,A,0,,,,,Y,,-,"- ",0,0,1,0,0,0,0,0,0,"- ","- ",,,TRINITY,UNINCORPORATED,-122.87782697,40.673005609999997
90175959,2016,2016-05-10,9175,2016-05-05,2240,019680,,4,3,9,5300,0,1,3,,1,010,"RT 299","VITZTHUM GULCH RD",1320.00,E,N,B,-,Y,,,,,,,,,,Y,4,0,1,1,A,-,01,23152,A,N,E,I,A,B,H,-,D,D,0,,,,,Y,Y,A,07,0,0,1,0,0,0,0,0,0,"- ","- ",,,TRINITY,UNINCORPORATED,-122.89561265,40.656637140000001
90177115,2016,2016-05-11,9175,2016-05-09,0810,15928,,1,1,9,5300,0,1,3,,1,021,"STATE ROUTE 3","BRIDGE GULCH ROAD",14256.00,N,N,A,-,Y,,,,,,,,,,Y,4,0,2,2,A,-,09,21804,A,N,D,C,A,A,H,-,A,D,0,,,,,Y,,D,22,0,0,2,0,0,0,0,0,0,"- ","- ",,,TRINITY,UNINCORPORATED,-123.17605343,40.51027011
90182114,2016,2016-05-18,9175,2016-05-13,0150,016084,,5,3,9,5300,0,1,3,,1,011,"SR-299 E/B","WEAVER STREET",0.00,,Y,A,-,Y,,,,,,,,,,Y,3,0,1,1,A,-,01,23152,A,N,E,I,A,A,H,-,C,D,0,,,,,Y,Y,A,07,0,1,0,0,0,0,0,0,0,"- ","- ",,,TRINITY,UNINCORPORATED,-122.96820995,40.742469999999997
90185503,2016,2016-05-23,9175,2016-05-19,0945,018250,,4,1,9,5300,0,1,3,,2,015,"SR-3 S/B","ROUNDY RD",1584.00,N,N,B,-,Y,,,,,,,,,,Y,3,0,1,1,A,-,08,22107,,N,E,I,A,A,H,-,A,D,0,,,,,Y,,A,07,0,1,0,0,0,0,0,0,0,"- ","- ",,,TRINITY,UNINCORPORATED,-122.89303637,40.782039740000002
90189770,2016,2016-05-31,9175,2016-05-19,1800,019479,,4,2,9,5300,0,1,3,,1,012,SR-299,"EAST FORK RD",9504.00,E,N,A,-,Y,,,,,,,,,,Y,3,0,1,1,A,-,01,23152,A,N,E,I,A,A,H,-,A,D,0,,,,,Y,Y,D,22,0,1,0,0,0,0,0,0,0,"- ","- ",,,TRINITY,UNINCORPORATED,-123.09941108,40.762134869999997
90201944,2016,2016-06-15,9175,2016-06-06,2030,019636,,1,2,9,5300,0,3,5,,2,002,"TRINITY PINES RD","WHITE OAK RD",528.00,N,N,A,-,N,,,,,,,,,,N,3,0,1,1,A,-,08,22107,,F,E,I,A,A,H,-,B,D,0,,,,,Y,,D,22,0,1,0,0,0,0,0,0,0,"- ","- ",40.4101,-123.20465,TRINITY,UNINCORPORATED,-123.21048573,40.416781360000002
90204151,2016,2016-06-17,9175,2016-06-15,1010,018328,,3,1,9,5300,0,1,3,,1,022,SR-36,"POST MOUNTAIN RD",1584.00,W,N,B,-,Y,,,,,,,,,,Y,4,0,1,1,A,-,08,22107,,N,F,I,A,A,H,-,A,D,0,,,Y,,Y,,C,02,0,0,1,0,0,0,0,0,1,"- ","- ",,,TRINITY,UNINCORPORATED,-123.1863,40.41201899
90204155,2016,2016-06-17,9175,2016-06-07,1700,019479,,2,2,9,5300,0,1,3,,2,014,SR-299,"SALYER LOOP RD",528.00,E,N,A,-,Y,,,,,,,,,,Y,2,0,1,1,A,-,08,22107,,N,E,I,A,A,H,-,A,D,0,,,,,Y,,A,07,1,0,0,0,0,0,0,0,0,"- ","- ",,,TRINITY,UNINCORPORATED,-123.58361299000001,40.891866469999997
90204274,2016,2016-06-17,9175,2016-06-11,1600,019479,,6,2,9,5300,0,1,3,,1,020,SR-3,"JORDAN ROAD",16896.00,S,N,A,-,Y,,,,,,,,,,Y,4,0,1,2,A,-,05,21460,A,N,B,C,A,A,H,-,A,D,0,,,,,Y,,A,01,0,0,1,0,0,0,0,0,0,"- ","- ",,,TRINITY,UNINCORPORATED,-122.99285592,40.619062479999997
90206478,2016,2016-06-21,9175,2016-06-07,0935,15928,,2,1,9,5300,0,1,3,,1,021,"STATE ROUTE 3","BRIDGE GULCH ROAD",2112.00,N,N,A,-,Y,,,,,,,,,,N,3,0,1,1,A,-,08,22107,,N,E,I,A,A,H,-,A,D,0,,,,,Y,,D,22,0,1,0,0,0,0,0,0,0,"- ","- ",,,TRINITY,UNINCORPORATED,-123.16443377,40.479562319999999
90206731,2016,2016-06-21,9175,2016-06-10,1730,019479,,5,2,9,5300,0,3,5,,2,002,"RUTH ZENIA RD","VAN DUZEN RD",41184.00,S,N,A,-,N,,,,,,,,,,N,4,0,1,2,A,-,05,21460,A,N,B,C,A,A,H,-,A,D,0,,,,,Y,,D,22,0,0,1,0,0,0,0,0,0,"- ","- ",40.214550000000003,-123.45166,TRINITY,UNINCORPORATED,-123.45081216,40.214595789999997
90208601,2016,2016-06-23,9175,2016-06-17,1655,018328,,5,2,9,5300,0,1,3,,1,010,SR-299,"UNION HILL RD",39.00,W,N,B,C,Y,,,,,,,,,,Y,4,0,2,2,A,-,03,22350,,N,C,C,A,B,H,-,A,D,0,,,,,Y,,D,22,0,0,2,0,0,0,0,0,0,"- ","- ",,,TRINITY,UNINCORPORATED,-122.94359,40.672820000000002
90208604,2016,2016-06-23,9175,2016-06-17,0918,014636,,5,1,9,5300,0,1,3,,2,014,SR-299,"BURNT RANCH SCHOOL RD",2640.00,E,N,B,C,Y,,,,,,,,,,Y,4,0,3,2,A,-,03,22350,,N,C,C,A,B,H,-,A,A,0,,,,,Y,,A,07,0,0,3,0,0,0,0,0,0,"- ","- ",,,TRINITY,UNINCORPORATED,-123.46946586999999,40.805355400000003
90215708,2016,2016-07-05,9175,2016-06-28,1430,018993,,2,2,9,5300,0,1,3,,2,014,SR-299,"VETERANS HALL RD",1320.00,W,N,A,-,Y,,,299,,,,,,,Y,2,0,2,2,A,-,08,22107,,N,E,I,A,A,H,-,A,D,0,,,Y,,Y,,C,02,2,0,0,0,0,0,0,0,2,"- ","- ",40.835270000000001,-123.48784999999999,TRINITY,UNINCORPORATED,-123.48793668,40.835438140000001
90216885,2016,2016-07-06,9175,2016-06-30,1650,019479,,4,2,9,5300,0,1,3,,1,022,SR-36,"SOUTH FORK MOUNTAIN RD",19536.00,W,N,A,-,Y,,,,,,,,,,Y,3,0,2,2,A,-,05,21460,A,N,A,C,A,A,H,-,A,D,0,,,,,Y,,A,07,0,2,0,0,0,0,0,0,0,"- ","- ",,,TRINITY,UNINCORPORATED,-123.46813948,40.433421410000001
90217097,2016,2016-07-06,9175,2016-06-11,1845,019479,,6,2,9,5300,0,1,3,,1,021,SR-3,"SALT CREEK RD",3168.00,S,N,A,-,Y,,,3,,,,,,,Y,2,0,2,1,A,-,01,23153,A,N,E,I,A,A,H,-,A,D,0,,,,,Y,Y,D,22,2,0,0,0,0,0,0,0,0,"- ","- ",40.503390000000003,-123.17427000000001,TRINITY,UNINCORPORATED,-123.17426195,40.503403149999997
90222002,2016,2016-07-13,9175,2016-07-11,0330,019520,,1,3,9,5300,0,1,3,,1,022,"STATE ROUTE 36","STATE ROUTE 3",7920.00,E,N,A,-,Y,,,36,,,,,,,Y,4,0,2,1,A,-,03,22350,,N,E,I,A,A,H,-,D,D,0,,,,,Y,,A,01,0,0,2,0,0,0,0,0,0,"- ","- ",40.411099999999998,-123.1602,TRINITY,UNINCORPORATED,-123.16015263,40.411142839999997
90230619,2016,2016-07-26,9175,2016-07-25,0746,018993,,1,1,9,5300,0,1,3,,2,013,SR-299,"SWEDE CREEK RD",3168.00,W,N,A,-,Y,,,299,,,,,,,Y,4,0,1,1,A,-,03,22350,,N,F,A,A,A,H,-,A,D,0,,,,Y,Y,,G,27,0,0,1,0,0,0,0,0,0,"- ","- ",40.79562,-123.36769,TRINITY,UNINCORPORATED,-123.36767886,40.79559734
90234419,2016,2016-08-01,9175,2016-07-26,1835,016084,,2,2,9,5300,0,1,3,,1,022,"STATE ROUTE 36","STATE ROUTE 3",16368.00,E,N,A,-,Y,,,,,,,,,,Y,3,0,1,1,A,-,08,22107,,N,E,I,A,A,H,-,A,D,0,,,,,Y,,A,08,0,1,0,0,0,0,0,0,0,"- ","- ",,,TRINITY,UNINCORPORATED,-123.13720191,40.402617929999998
90239503,2016,2016-08-08,9175,2016-07-28,1438,013699,,4,2,9,5300,0,1,3,,1,012,"RT 299","CANYON CREEK RD",209.00,W,N,A,-,Y,,,,,,,,,,Y,4,0,1,2,A,-,09,21804,A,N,D,C,A,A,H,-,A,D,0,,,,,Y,,A,01,0,0,1,0,0,0,0,0,0,"- ","- ",,,TRINITY,UNINCORPORATED,-123.05500121,40.729468900000001
90239596,2016,2016-08-08,9175,2016-08-05,0940,013699,,5,1,9,5300,0,1,3,,2,015,"RT 3","SQUIRES LN",1056.00,N,N,A,-,Y,,,,,,,,,,Y,4,0,1,1,A,-,08,22107,,N,E,I,A,A,H,-,A,D,0,,,,,Y,,A,01,0,0,1,0,0,0,0,0,0,"- ","- ",,,TRINITY,UNINCORPORATED,-122.92243344000001,40.744899680000003
90248428,2016,2016-08-19,9175,2016-06-23,1031,018250,,4,1,9,5300,0,1,3,,1,011,"SR-299 E/B","UNION HILL ROAD",1056.00,W,N,A,-,Y,,,,,,,,,,Y,1,1,0,1,C,-,18,,,N,F,A,A,A,H,-,A,D,0,,,,,Y,,-,"- ",0,0,0,0,0,0,0,0,0,"- ","- ",,,TRINITY,UNINCORPORATED,-122.94359,40.672820000000002
90248469,2016,2016-08-19,9175,2016-08-09,2300,018250,,2,3,9,5300,0,1,3,,1,022,"SR-36 W/B",SR-3,26400.00,E,N,A,-,Y,,,,,,,,,,Y,4,0,1,1,A,-,03,22350,,N,E,I,A,A,H,-,D,D,0,,,,,Y,,A,01,0,0,1,0,0,0,0,0,0,"- ","- ",,,TRINITY,UNINCORPORATED,-123.12402102,40.390180669999999
90251910,2016,2016-08-24,9175,2016-08-08,1815,019479,,1,2,9,5300,0,1,3,,1,021,SR-3,"VICTORIA LN",2112.00,N,N,A,-,Y,,,,,,,,,,Y,3,0,1,1,A,-,08,22107,,N,F,A,A,A,H,-,A,D,0,,,,,Y,,D,22,0,1,0,0,0,0,0,0,0,"- ","- ",,,TRINITY,UNINCORPORATED,-123.04411104,40.579743860000001
90257735,2016,2016-08-31,9175,2016-08-23,0136,019636,,2,3,9,5300,0,1,3,,1,021,SR-3,"SCHOOL AVE",528.00,S,N,A,-,Y,,,3,,,,,,,Y,3,0,1,4,A,-,01,23152,A,M,E,I,A,A,H,-,C,D,0,,,,,Y,Y,A,07,0,1,0,0,0,0,0,0,0,"- ","- ",40.553669999999997,-123.18691,TRINITY,UNINCORPORATED,-123.18691866,40.553753649999997
90257803,2016,2016-08-31,9175,2016-08-23,0955,012749,,2,1,9,5300,0,3,5,,2,002,"OREGON ST","SAM LEE DR",3168.00,S,N,A,-,N,,,,,,,,,,Y,3,0,1,1,A,-,08,22107,,N,E,I,A,A,H,-,A,D,0,,,,,Y,,A,01,0,1,0,0,0,0,0,0,0,"- ","- ",,,TRINITY,UNINCORPORATED,-122.95351734,40.729640830000001
90258967,2016,2016-09-01,9175,2016-08-17,1855,016084,,3,2,9,5300,0,3,5,,2,001,"LITTLE BROWNS CREEK ROAD",SR-299,2640.00,N,N,A,-,N,,,,,,,,,,Y,1,1,0,1,A,-,08,22107,,N,E,I,A,A,H,-,A,D,0,,,Y,,Y,,C,02,0,0,0,0,0,0,0,1,0,"- ","- ",,,TRINITY,UNINCORPORATED,-122.922012,40.699252000000001
90272639,2016,2016-09-21,9175,2016-09-10,2500,018328,,6,4,9,5300,0,1,3,,1,016,SR-3,"TANNERY GULCH RD",7920.00,S,N,A,-,Y,,,,,,,,,,Y,2,0,1,1,A,-,08,22107,,N,E,I,A,A,H,-,A,D,0,,,Y,,Y,,C,02,1,0,0,0,0,0,0,0,1,"- ","- ",,,TRINITY,UNINCORPORATED,-122.88505013,40.827408069999997
90273103,2016,2016-09-21,9175,2016-07-27,2030,018507,,3,2,9,5300,0,1,3,,1,022,SR-36,"BRAMLET ROAD",2112.00,E,N,A,-,Y,,,,,,,,,,Y,1,1,0,1,A,-,03,22350,,N,F,A,A,A,H,-,D,D,0,,,,,Y,,A,08,0,0,0,0,0,0,0,0,0,"- ","- ",40.244199999999999,-123.111,TRINITY,UNINCORPORATED,-123.18621659,40.411753189999999
90274197,2016,2016-09-22,9175,2016-09-10,2230,019479,,6,3,9,5300,0,1,3,,2,013,SR-299,"BIG FRENCH CREEK RD",5808.00,W,N,A,-,Y,,,,,,,,,,Y,2,0,1,1,A,-,01,23152,A,N,E,I,A,A,H,-,D,D,0,,,,,Y,Y,D,22,1,0,0,0,0,0,0,0,0,"- ","- ",,,TRINITY,UNINCORPORATED,-123.32876738,40.774052609999998
90280853,2016,2016-09-30,9175,2016-09-17,1820,018507,,6,2,9,5300,0,1,3,,1,022,SR-36,SR-3,10560.00,E,N,A,-,Y,,,,,,,,,,Y,3,0,4,1,A,-,03,22350,,N,E,I,A,A,H,-,A,D,0,,,,,Y,,D,22,0,4,0,0,0,0,0,0,0,"- ","- ",,,TRINITY,UNINCORPORATED,-123.15144709,40.409978479999999
90281026,2016,2016-09-30,9175,2016-09-26,0120,019520,,1,3,9,5300,0,3,5,,2,002,"LOWER S FORK RD","HYAMPOM RD",8448.00,W,N,A,-,N,,,,,,,,,,N,3,0,1,1,A,-,08,22107,,N,F,I,A,A,H,-,D,D,0,,,Y,,Y,Y,C,06,0,1,0,0,0,0,0,0,1,"- ","- ",,,TRINITY,UNINCORPORATED,,
90283511,2016,2016-10-04,9175,2016-09-20,1430,017418,,2,2,9,5300,0,1,3,,1,020,SR-3,"B-BAR-K RD",2640.00,S,N,A,-,Y,,,,,,,,,,Y,4,0,1,1,A,-,03,22350,,N,F,A,A,A,H,-,A,D,0,,,,Y,Y,,G,25,0,0,1,0,0,0,0,0,0,"- ","- ",,,TRINITY,UNINCORPORATED,-122.94666445,40.621597270000002
90293299,2016,2016-10-17,9175,2016-10-07,1900,019680,,5,2,9,5300,0,1,3,,1,020,"RT 3","READING CREEK",75.00,S,N,A,-,Y,,,,,,,,,,Y,3,0,1,1,A,-,08,22107,,N,E,I,A,A,H,-,D,A,0,,,,,Y,,D,22,0,1,0,0,0,0,0,0,0,"- ","- ",,,TRINITY,UNINCORPORATED,-122.94844260000001,40.640837249999997
90293331,2016,2016-10-17,9175,2016-10-08,2130,019680,,6,2,9,5300,0,1,3,,2,014,"RT 299","GRAY CREEK RD.",8448.00,E,N,A,-,Y,,,,,,,,,,Y,3,0,1,1,A,-,08,22107,,N,E,I,A,A,H,-,D,D,0,,,,,Y,,A,07,0,1,0,0,0,0,0,0,0,"- ","- ",,,TRINITY,UNINCORPORATED,,
90294427,2016,2016-10-18,9175,2016-10-17,1625,012749,,1,2,9,5300,0,3,5,,2,002,"TULE CREEK RD","TULE CREEK RETREAT RD",385.00,N,N,B,-,N,,,,,,,,,,Y,2,0,1,1,A,-,08,22107,,N,F,I,A,A,H,-,A,D,0,,,,,Y,Y,D,22,1,0,0,0,0,0,0,0,0,"- ","- ",,,TRINITY,UNINCORPORATED,-123.22371654,40.525377519999999
90294633,2016,2016-10-18,9175,2016-10-11,1225,013699,,2,1,9,5300,0,1,3,,1,011,"RT 299","WEAVER BALLY RD",0.00,,Y,A,-,Y,,,,,,,,,,Y,3,0,1,2,A,-,09,21802,A,N,D,C,A,A,H,-,A,A,0,,,,,Y,,A,01,0,1,0,0,0,0,0,0,0,"- ","- ",,,TRINITY,UNINCORPORATED,-122.94764995,40.73609991
90307270,2016,2016-10-31,9175,2016-10-08,2329,018507,,6,3,9,5300,0,1,3,,2,014,SR-299,"DENNY ROAD",5280.00,W,N,B,-,Y,,,,,,,,,,Y,2,0,1,1,A,-,01,23152,A,N,E,I,A,B,H,-,D,D,0,,,,,Y,Y,A,01,1,0,0,0,0,0,0,0,0,"- ","- ",,,TRINITY,UNINCORPORATED,-123.53816584,40.877100759999998
90309954,2016,2016-11-02,9175,2016-09-29,2500,017418,,4,4,9,5300,0,1,3,,1,022,SR-36,SR-3,25344.00,E,N,A,-,Y,,,36,,,,,,,Y,2,0,1,1,A,-,08,22107,,N,E,I,A,A,H,-,D,D,0,,,,,Y,,A,01,1,0,0,0,0,0,0,0,0,"- ","- ",40.389760000000003,-123.12116,TRINITY,UNINCORPORATED,-123.12102181,40.389248950000002
90310317,2016,2016-11-03,9175,2016-10-28,0432,019680,,5,3,9,5300,0,3,5,,2,002,"BIG CREEK RD","HARRISON RD",1584.00,W,N,B,-,N,,,,,,,,,,Y,2,0,2,1,A,-,01,23152,A,N,E,I,A,B,H,-,D,D,0,,,,,Y,Y,D,22,2,0,0,0,0,0,0,0,0,"- ","- ",,,TRINITY,UNINCORPORATED,-123.15157696999999,40.59411557
90311929,2016,2016-11-04,9175,2016-11-02,0955,018328,,3,1,9,5300,0,1,3,,1,011,SR-299,"LANCE GULCH RD",17.00,W,N,B,-,Y,,,,,,,,,,N,4,0,1,2,A,-,21,22106,,N,C,C,A,A,H,-,A,A,0,,,,,Y,,D,22,0,0,1,0,0,0,0,0,0,"- ","- ",,,TRINITY,UNINCORPORATED,-122.92941,40.722740999999999
90320625,2016,2016-11-16,9175,2016-11-10,1425,018268,,4,2,9,5300,0,1,3,,1,011,"SR-299 W/B","CASTLE ROAD",1056.00,W,N,A,-,Y,,,299,,,,,,W,Y,4,0,1,1,A,-,08,22107,,N,E,I,A,A,H,-,A,D,0,,,,,Y,,D,22,0,0,1,0,0,0,0,0,0,"- ","- ",40.740360000000003,-122.99903999999999,TRINITY,UNINCORPORATED,-122.99908929,40.740377709999997
90320667,2016,2016-11-16,9175,2016-11-10,0930,018268,,4,1,9,5300,0,1,3,,1,011,"SR-299 E/B","SLATTERY GULCH RD",8448.00,E,N,E,-,Y,,,299,,,,,,E,Y,4,0,1,1,A,-,03,22350,,N,F,A,A,B,H,-,A,A,0,,,Y,,Y,,C,02,0,0,1,0,0,0,0,0,1,"- ","- ",40.742089999999997,-122.99799,TRINITY,UNINCORPORATED,-122.99801613,40.74207388
90324570,2016,2016-11-18,9175,2016-11-09,2353,019683,,3,3,9,5300,0,1,3,,1,020,SR-3,"DEER LICK SPRINGS RD",25661.00,S,N,A,-,Y,,,,,,,,,,Y,4,0,1,1,A,-,01,23152,A,N,E,I,A,A,H,-,D,D,0,,,,,Y,Y,D,22,0,0,1,0,0,0,0,0,0,"- ","- ",,,TRINITY,UNINCORPORATED,-122.99111895,40.618023809999997
90324613,2016,2016-11-18,9175,2016-11-17,1955,018007,,4,2,9,5300,0,1,3,,1,010,"SR-299 E/B",SR-3,4752.00,E,N,A,-,Y,,,,,,,,,,Y,4,0,1,1,C,-,18,,,N,H,H,A,A,H,-,D,D,0,,,,,Y,,-,"- ",0,0,1,0,0,0,0,0,0,"- ","- ",,,TRINITY,UNINCORPORATED,-122.922634,40.656186830000003
90327693,2016,2016-11-22,9175,2016-11-20,1530,016084,,7,2,9,5300,0,1,3,,1,022,"STATE ROUTE 36","USFS 4N12",6864.00,E,N,C,-,Y,,,,,,,,,,Y,4,0,1,1,A,-,03,22350,,N,E,I,A,B,H,-,A,D,0,,,,,Y,,D,22,0,0,1,0,0,0,0,0,0,"- ","- ",,,TRINITY,UNINCORPORATED,,
90331736,2016,2016-11-29,9175,2016-11-15,1600,017418,,2,2,9,5300,0,1,3,,1,021,SR-3,"13 DIPS RD.",2640.00,S,N,B,-,Y,,,,,,,,,,Y,3,0,3,1,A,-,08,22107,,N,F,I,A,A,H,-,D,D,0,,,,,Y,,D,22,0,3,0,0,0,0,0,0,0,"- ","- ",,,TRINITY,UNINCORPORATED,-123.16136292,40.450562359999999
90331846,2016,2016-11-29,9175,2016-11-17,1653,018507,,4,2,9,5300,0,1,3,,1,016,SR-3,"SLATE CREEK ROAD",2640.00,N,N,A,-,Y,,,,,,,,,,Y,2,0,1,1,C,-,18,,,N,E,I,A,A,H,-,D,D,0,,,,,Y,,-,"- ",1,0,0,0,0,0,0,0,0,"- ","- ",,,TRINITY,UNINCORPORATED,-122.87410939999999,40.834319110000003
90333332,2016,2016-11-30,9175,2016-11-24,0545,018268,,4,3,9,5300,0,1,3,,1,022,SR-36,"TRINITY PINES RD",11088.00,W,N,B,-,Y,,,,,,,,,,Y,3,0,1,2,A,-,03,22350,,N,E,J,A,B,C,-,B,D,0,,,,,Y,,A,01,0,1,0,0,0,0,0,0,0,"- ","- ",,,TRINITY,UNINCORPORATED,-123.23749970999999,40.388917329999998
90339608,2016,2016-12-07,9175,2016-12-04,2115,019680,,7,2,9,5300,0,1,3,,1,011,"RT 299","RANSOM RD",150.00,W,N,A,-,Y,,,,,,,,,,Y,4,0,1,2,A,-,01,23152,A,N,A,C,A,A,H,-,C,D,0,,,,,Y,Y,A,07,0,0,1,0,0,0,0,0,0,"- ","- ",,,TRINITY,UNINCORPORATED,,
90341103,2016,2016-12-09,9175,2016-12-02,2144,019683,,5,2,9,5300,0,1,3,,2,013,SR-299,"HAYDEN FLAT",2112.00,W,N,A,-,Y,,,,,,,,,,Y,4,0,1,1,A,-,08,22107,,N,F,A,A,A,H,-,D,D,0,,,,,Y,,D,22,0,0,1,0,0,0,0,0,0,"- ","- ",,,TRINITY,UNINCORPORATED,-123.34963578999999,40.783699159999998
90352303,2016,2016-12-27,9175,2016-12-16,1530,018268,,5,2,9,5300,0,1,3,,1,022,"SR-36 W/B","FOREST GLEN DR",1056.00,E,N,A,-,Y,,,,,,,,,,Y,4,0,1,1,A,-,08,22107,,N,E,I,A,A,H,-,A,D,0,,,,,Y,,A,07,0,0,1,0,0,0,0,0,0,"- ","- ",,,TRINITY,UNINCORPORATED,-123.30534427000001,40.373983209999999
90355129,2016,2016-12-27,9175,2016-12-21,1700,019479,,3,2,9,5300,0,1,3,,1,022,SR-36,"TRINITY PINES ROAD",22176.00,W,N,A,-,Y,,,,,,,,,,Y,4,0,1,1,A,-,03,22350,,N,E,I,A,C,H,-,A,D,0,,,,,Y,,D,22,0,0,1,0,0,0,0,0,0,"- ","- ",,,TRINITY,UNINCORPORATED,-123.27358538999999,40.390765039999998
90367189,2017,2017-01-11,9175,2017-01-02,1840,019479,,1,2,9,5300,0,1,3,,1,022,SR-36,SR-3,34848.00,E,N,D,-,Y,,,,,,,,,,N,4,0,1,1,A,-,03,22350,,N,F,A,A,C,H,-,D,A,0,,,,,Y,,A,07,0,0,1,0,0,0,0,0,0,"- ","- ",,,TRINITY,UNINCORPORATED,-123.10494660000001,40.392281660000002
90377659,2017,2017-01-25,9175,2017-01-18,1205,017031,,3,1,9,5300,0,3,5,,2,002,"ZENIA LAKE MOUNTAIN ROAD","BURGESS RANCH ROAD",1300.00,S,N,B,C,N,,,,,,,,,,Y,4,0,2,1,A,-,08,22107,,N,E,I,A,B,H,-,A,D,0,,,,,Y,,D,22,0,0,2,0,0,0,0,0,0,"- ","- ",40.185540000000003,-123.4659,TRINITY,UNINCORPORATED,-123.46599083,40.185536769999999
90404942,2017,2017-03-02,9175,2017-03-01,2100,018268,,3,2,9,5300,0,3,5,,2,002,"TULE CREEK RD","JESSE RD",158.00,W,N,A,-,N,,,,,,,,,,N,3,0,1,1,A,-,03,22350,,N,E,I,A,A,H,-,D,A,0,,,,,Y,,D,22,0,1,0,0,0,0,0,0,0,"- ","- ",40.543970000000002,-123.20786,TRINITY,UNINCORPORATED,-123.20756759,40.544089579999998
90407090,2017,2017-03-07,9175,2017-02-28,0955,15928,,2,1,9,5300,0,1,3,,1,021,"STATE ROUTE 3","COMMUNITY DRIVE",23.00,N,N,A,-,Y,,,,,,,,,,Y,4,0,1,3,A,-,08,22107,,N,C,E,A,A,H,-,A,D,0,,,,,Y,,A,01,0,0,1,0,0,0,0,0,0,"- ","- ",,,TRINITY,UNINCORPORATED,-123.18818769000001,40.553596859999999
90408601,2017,2017-03-08,9175,2017-03-01,0420,019520,,3,3,9,5300,0,1,3,,1,022,"STATE ROUTE 36","FLUME GULCH RD",2640.00,E,N,A,-,Y,,,,,,,,,,Y,2,0,2,1,A,-,08,22107,,N,E,I,A,A,H,-,D,D,0,,,,,Y,,D,22,1,1,0,0,0,0,0,0,0,"- ","- ",40.232660000000003,-123.17394,TRINITY,UNINCORPORATED,,
90411935,2017,2017-03-14,9175,2017-03-12,0840,013699,,7,1,9,5300,0,1,3,,1,012,"RT 299","VALDOR RD",259.00,E,N,A,-,Y,,,,,,,,,,Y,4,0,1,1,A,-,08,22107,,N,E,I,A,A,H,-,A,D,0,,,,,Y,,A,01,0,0,1,0,0,0,0,0,0,"- ","- ",,,TRINITY,UNINCORPORATED,-123.0815154,40.765591039999997
90417557,2017,2017-03-22,9175,2017-03-13,0620,017418,,1,1,9,5300,0,1,3,,1,020,SR-3,"JORDAN RD",13728.00,S,N,A,-,Y,,,,,,,,,,Y,2,0,2,1,A,-,03,22350,,N,F,A,A,A,H,-,D,D,0,,,,Y,Y,,F,25,1,0,1,0,0,0,0,0,0,"- ","- ",,,TRINITY,UNINCORPORATED,-122.98436537000001,40.61639692
90421408,2017,2017-03-27,9175,2017-03-16,0020,020464,,4,3,9,5300,0,1,3,,1,022,SR-36,"SOUTH FORK MTN",3696.00,W,N,E,-,Y,,,,,,,,,,Y,3,0,1,1,A,-,08,22107,,N,E,I,A,B,H,-,D,D,0,,,,,Y,,A,07,0,1,0,0,0,0,0,0,0,"- ","- ",,,TRINITY,UNINCORPORATED,-123.44065337000001,40.403737980000002
90435513,2017,2017-04-17,9175,2017-04-13,1215,014636,,4,1,9,5300,0,1,3,,1,012,SR-299,"VALDOR RD",2640.00,W,N,B,-,Y,,,,,,,,,,Y,3,0,2,1,A,-,08,22107,,N,E,I,A,A,H,-,A,D,0,,,,,Y,,A,01,0,2,0,0,0,0,0,0,0,"- ","- ",,,TRINITY,UNINCORPORATED,-123.09084052999999,40.768421310000001
90440496,2017,2017-04-24,9175,2017-04-18,0942,013699,,2,1,9,5300,0,1,3,,1,011,"RT 299","INDUSTRIAL PKY",1584.00,E,N,B,-,Y,,,,,,,,,,Y,3,0,1,1,A,-,08,22107,,N,F,A,A,A,H,-,A,D,0,,,,,Y,,A,01,0,1,0,0,0,0,0,0,0,"- ","- ",,,TRINITY,UNINCORPORATED,-122.92404999999999,40.710360000000001
90441813,2017,2017-04-25,9175,2017-04-18,2130,17428,,2,2,9,5300,0,1,3,,1,022,SR-36,"LOWER MAD RIVER RD",0.00,,N,B,-,Y,,,,,,,,,,N,2,0,1,1,A,-,08,22107,,N,F,A,A,A,H,-,D,D,0,,,Y,,Y,,C,02,1,0,0,0,0,0,0,0,1,"- ","- ",,,TRINITY,UNINCORPORATED,-123.4952595,40.444505999999997
90448291,2017,2017-05-03,9175,2017-05-01,1720,016084,,1,2,9,5300,0,3,5,,2,002,"OREGON STREET",SR-299,11616.00,S,N,A,-,N,,,,,,,,,,Y,4,0,1,1,A,-,03,22350,,N,E,I,A,A,H,-,A,D,0,,,,,Y,,A,01,0,0,1,0,0,0,0,0,0,"- ","- ",40.735259999999997,-122.97017,TRINITY,UNINCORPORATED,-122.92499542,40.70419648
90454863,2017,2017-05-12,9175,2017-05-12,0540,018328,,5,3,9,5300,0,1,3,,2,015,SR-3,"MUSSER HILL RD",461.00,S,N,A,-,Y,,,,,,,,,,Y,2,0,1,1,A,-,08,22107,,N,E,I,A,A,H,-,B,D,0,,,,,Y,,A,01,1,0,0,0,0,0,0,0,0,"- ","- ",,,TRINITY,UNINCORPORATED,-122.90554404,40.753295889999997
90466689,2017,2017-05-30,9175,2017-05-21,2000,019636,,7,2,9,5300,0,3,5,,2,002,"TULE CREEK RD","GREEN GATE RD",2640.00,E,N,A,-,N,,,,,,,,,,Y,2,0,1,1,C,-,18,,,N,H,H,A,A,H,-,B,D,0,,,Y,,Y,,-,"- ",1,0,0,0,0,0,0,0,1,"- ","- ",40.529269999999997,-123.22121,TRINITY,UNINCORPORATED,-123.21535299,40.542327649999997
90471788,2017,2017-06-06,9175,2017-06-02,2206,020464,,5,3,9,5300,0,3,5,,2,002,"N. MINER STREET","TINNEN ST.",528.00,S,N,A,-,N,,,,,,,,,,Y,2,0,1,1,A,-,01,23152,A,N,E,I,A,A,H,-,D,D,0,,,Y,,Y,Y,C,02,1,0,0,0,0,0,0,0,1,"- ","- ",40.735300000000002,-122.94670000000001,TRINITY,UNINCORPORATED,-122.9461975,40.735151930000001
90473104,2017,2017-06-07,9175,2017-05-29,0945,15928,,1,1,9,5300,0,3,5,,2,002,"LOWER MAD RIVER ROAD","STATE ROUTE 36",27456.00,S,N,A,-,N,,,,,,,,,,Y,4,0,1,1,A,-,08,22107,,N,E,I,A,A,H,-,A,D,0,,,,,Y,,A,07,0,0,1,0,0,0,0,0,0,"- ","- ",,,TRINITY,UNINCORPORATED,-123.45004400000001,40.388311000000002
90477071,2017,2017-06-13,9175,2017-06-02,1433,020464,,5,2,9,5300,0,1,3,,1,021,SR-3,SR-36,26400.00,N,N,A,-,Y,,,3,,,,,,,Y,3,0,1,1,C,-,18,,,N,F,I,A,D,B,-,A,D,0,,,Y,,Y,,-,"- ",0,1,0,0,0,0,0,0,1,"- ","- ",40.503900000000002,-123.17489999999999,TRINITY,UNINCORPORATED,-123.17485992,40.503922439999997
90482847,2017,2017-06-21,9175,2017-06-10,1850,019479,,6,2,9,5300,0,1,3,,2,013,SR-299,"ANGIE LANE",9504.00,W,N,A,-,Y,,,,,,,,,,Y,3,0,1,2,A,-,08,22107,,N,B,C,A,A,H,-,A,D,0,,,,Y,Y,,A,01,0,1,0,0,0,0,0,0,0,"- ","- ",,,TRINITY,UNINCORPORATED,-123.30866663,40.776012569999999
90487500,2017,2017-06-26,9175,2017-06-23,2025,020464,,5,2,9,5300,0,3,5,,2,002,"MAD RIVER ROAD",SR-36,52800.00,S,N,A,-,N,,,,,,,,,,Y,3,0,1,1,A,-,08,22107,,N,E,I,A,A,H,-,B,D,0,,,,,Y,,D,22,0,1,0,0,0,0,0,0,0,"- ","- ",,,TRINITY,UNINCORPORATED,-123.40654004,40.341954989999998
90491473,2017,2017-06-30,9175,2017-06-25,1825,019636,,7,2,9,5300,0,1,3,,2,013,SR-299,"DENNY RD",0.00,,Y,A,-,Y,,,299,,,,,,,Y,2,0,5,2,A,-,09,21801,A,N,D,C,A,A,H,-,A,D,0,,,,,Y,,A,01,1,0,4,0,0,0,0,0,0,"- ","- ",40.869959999999999,-123.52248,TRINITY,UNINCORPORATED,-123.52249832,40.869926669999998
90495025,2017,2017-07-06,9175,2017-06-30,0830,014636,,5,1,9,5300,0,1,3,,2,014,SR-299,"SALYER LOOP RD",1320.00,E,N,A,-,Y,,,,,,,,,,Y,4,0,1,1,A,-,08,22107,,N,E,I,A,A,H,-,A,D,0,,,,,Y,,A,07,0,0,1,0,0,0,0,0,0,"- ","- ",,,TRINITY,UNINCORPORATED,-123.58109863,40.892852189999999
90495839,2017,2017-07-07,9175,2017-06-30,1615,018268,,5,2,9,5300,0,3,5,,2,002,"STEINER FLAT RD",SR-299,12672.00,W,N,A,-,N,,,,,,,,,,N,3,0,1,1,D,-,00,,,N,E,I,A,A,H,-,A,D,0,,,Y,,Y,,-,"- ",0,1,0,0,0,0,0,0,1,"- ","- ",40.658450000000002,-122.96516,TRINITY,UNINCORPORATED,-122.96521867,40.658160690000003
90498486,2017,2017-07-11,9175,2017-07-04,0920,012749,,2,1,9,5300,0,1,3,,1,012,SR-299,"BERRY RD",75.00,E,N,A,-,Y,,,,,,,,,,Y,3,0,4,1,A,-,08,22107,,N,E,I,A,A,H,-,A,D,0,,,,,Y,,A,01,0,3,1,0,0,0,0,0,0,"- ","- ",,,TRINITY,UNINCORPORATED,-123.21192889,40.74175692
90498885,2017,2017-07-12,9175,2017-07-10,1600,016084,,1,2,9,5300,0,1,3,,1,022,"RT 36","SOUTH FORK MOUNTAIN ROAD",9504.00,W,N,A,-,Y,,,,,,,,,,Y,2,0,1,1,A,-,08,22107,,N,F,A,A,A,H,-,A,D,0,,,Y,,Y,,C,02,1,0,0,0,0,0,0,0,1,"- ","- ",,,TRINITY,UNINCORPORATED,-123.45124912,40.415628849999997
90498937,2017,2017-07-12,9175,2017-07-06,2130,019520,,4,2,9,5300,0,3,5,,2,002,"WILDWOOD RD","SWEENY RD",1584.00,N,N,A,-,N,,,,,,,,,,Y,2,0,1,1,A,-,01,23152,A,N,E,I,A,A,H,-,D,D,0,,,,,Y,Y,A,01,1,0,0,0,0,0,0,0,0,"- ","- ",40.532820000000001,-123.09013,TRINITY,UNINCORPORATED,-123.08792898999999,40.523424409999997
90501812,2017,2017-07-17,9175,2017-07-13,1635,018268,,4,2,9,5300,0,1,3,,2,014,SR-299,"EAST FORK RD",15.00,W,N,A,-,Y,,,299,,,,,,,Y,3,0,2,2,A,-,03,22350,,N,C,C,A,A,D,-,A,D,0,,,,,Y,,D,22,0,1,1,0,0,0,0,0,0,"- ","- ",40.769640000000003,-123.12817,TRINITY,UNINCORPORATED,-123.12818872,40.76965482
90504199,2017,2017-07-19,9175,2017-07-12,1300,019479,,3,1,9,5300,0,1,3,,1,020,SR-3,"GOODYEAR ROAD",30.00,N,N,A,-,Y,,,,,,,,,,Y,3,0,1,1,A,-,01,23152,A,N,E,I,A,A,H,-,A,D,0,,,,,Y,Y,A,07,0,1,0,0,0,0,0,0,0,"- ","- ",,,TRINITY,UNINCORPORATED,-122.94716794999999,40.63807955
90505411,2017,2017-07-21,9175,2017-07-15,2110,019877,,6,2,9,5300,0,1,3,,2,015,"SR-3 N/B","TYE LN.",528.00,S,N,A,-,Y,,,3,,,,,,N,N,2,0,1,1,C,-,18,,,N,E,H,A,A,H,-,D,D,0,,,Y,,Y,,-,"- ",1,0,0,0,0,0,0,0,1,"- ","- ",40.751600000000003,-122.89919999999999,TRINITY,UNINCORPORATED,-122.89920893,40.751566869999998
90507389,2017,2017-07-25,9175,2017-07-17,1115,012749,,1,1,9,5300,0,1,3,,1,012,SR-299,"ACORN LN",4752.00,W,N,A,-,Y,,,,,,,,,,N,3,0,1,1,A,-,08,22107,,N,F,I,A,A,D,-,A,A,0,,,Y,,Y,,C,02,0,1,0,0,0,0,0,0,1,"- ","- ",,,TRINITY,UNINCORPORATED,-123.09742942,40.762947580000002
90507407,2017,2017-07-25,9175,2017-07-14,1708,017054,,5,2,9,5300,0,1,3,,1,012,"STATE ROUTE 299 (MAIN STREET)","MILL STREET",65.00,W,N,A,-,Y,,,,,,,,,,Y,2,0,1,2,A,-,08,22107,,N,E,I,A,A,H,-,A,A,0,,,,,Y,Y,D,22,1,0,0,0,0,0,0,0,0,"- ","- ",,,TRINITY,UNINCORPORATED,-123.44500109000001,40.789791819999998
90513727,2017,2017-08-01,9175,2017-07-29,1050,018268,,6,1,9,5300,0,1,3,,1,010,SR-299,"STEINER FLAT RD",363.00,E,N,A,-,Y,,,299,,,,,,,Y,3,0,1,1,C,-,18,,,N,F,I,A,A,H,-,A,D,0,,,Y,,Y,,-,"- ",0,1,0,0,0,0,0,0,1,"- ","- ",40.652349999999998,-122.94229,TRINITY,UNINCORPORATED,-122.94223501,40.652386309999997
90513776,2017,2017-08-01,9175,2017-07-30,0610,012749,,7,1,9,5300,0,1,3,,1,012,SR-299,"WHEEL GULCH RD",5280.00,E,N,A,-,Y,,,,,,,,,,Y,4,0,2,1,A,-,08,22107,,N,E,I,A,A,H,-,B,D,0,,,,,Y,,A,01,0,0,2,0,0,0,0,0,0,"- ","- ",,,TRINITY,UNINCORPORATED,-123.18741759,40.739269569999998
90518579,2017,2017-08-08,9175,2017-08-05,1449,020683,,6,2,9,5300,0,3,5,,2,002,"RED HILL RD.","CHAGDUD GONDA ACCESS RD.",140.00,N,N,A,-,N,,,,,,,,,,Y,3,0,1,1,A,-,08,22107,,N,E,I,A,A,H,-,A,D,0,,,,,Y,,A,01,0,1,0,0,0,0,0,0,0,"- ","- ",40.737099999999998,-123.06068999999999,TRINITY,UNINCORPORATED,,
90521449,2017,2017-08-11,9175,2017-07-27,2500,014636,,4,4,9,5300,0,3,5,,2,002,"USFS RTE 1",SR-36,12144.00,N,N,A,-,N,,,,,,,,,,Y,1,1,0,1,A,-,08,22107,,N,E,I,A,A,H,-,A,D,0,,,,,Y,,D,22,0,0,0,0,0,0,0,0,0,"- ","- ",,,TRINITY,UNINCORPORATED,,
90521490,2017,2017-08-11,9175,2017-08-01,0515,019479,,2,3,9,5300,0,1,3,,1,011,SR-299,"CASTLE ROAD",3.00,W,N,A,-,Y,,,,,,,,,,Y,3,0,3,1,A,-,08,22107,,N,E,I,A,A,H,-,D,D,0,,,,,Y,,A,07,0,3,0,0,0,0,0,0,0,"- ","- ",,,TRINITY,UNINCORPORATED,-123.0007258,40.737836960000003
90523806,2017,2017-08-15,9175,2017-08-14,1925,019485,,1,2,9,5300,0,1,3,,1,022,SR-36,SR-3,24288.00,E,N,A,-,Y,,,36,,,,,,,Y,4,0,1,2,A,-,08,22107,,N,B,C,A,A,H,-,A,D,0,,,,,Y,,A,01,0,0,1,0,0,0,0,0,0,"- ","- ",40.398699999999998,-123.1277,TRINITY,UNINCORPORATED,-123.12769215,40.398771250000003
90523985,2017,2017-08-15,9175,2017-08-09,1515,15928,,3,2,9,5300,0,1,3,,2,014,"STATE ROUTE 299","SALYER LOOP ROAD",1056.00,E,N,B,-,Y,,,299,,,,,,,Y,3,0,1,1,A,-,08,22107,,N,F,A,A,A,H,-,A,D,0,,,Y,,Y,,C,02,0,1,0,0,0,0,0,0,1,"- ","- ",40.892539999999997,-123.58195000000001,TRINITY,UNINCORPORATED,-123.5819683,40.892593169999998
90524740,2017,2017-08-16,9175,2017-08-13,1535,012749,,7,2,9,5300,0,1,3,,2,014,SR-299,"MILL CREEK RD",1584.00,W,N,A,-,Y,,,,,,,,,,Y,2,0,1,1,A,-,03,22350,,N,F,A,A,A,C,-,A,D,0,,,Y,,Y,,C,02,1,0,0,0,0,0,0,0,1,"- ","- ",,,TRINITY,UNINCORPORATED,-123.45047235,40.789542279999999
90526044,2017,2017-08-18,9175,2017-08-12,2330,019877,,6,3,9,5300,0,1,3,,1,021,SR-3,"MILL RD",600.00,N,N,A,-,Y,,,3,,,,,,,Y,2,0,1,1,A,-,08,22107,,N,E,I,A,A,H,-,D,D,0,,,,,Y,,A,01,1,0,0,0,0,0,0,0,0,"- ","- ",40.5518,-123.1474,TRINITY,UNINCORPORATED,-123.14733403,40.551465739999998
90528116,2017,2017-08-22,9175,2017-08-19,0056,020464,,6,3,9,5300,0,1,3,,1,010,SR-299,"POKER BAR RD",1584.00,W,N,A,-,Y,,,299,,,,,,,Y,3,0,1,1,A,-,08,22107,,N,F,I,A,A,H,-,D,D,0,,,,,Y,,D,22,0,1,0,0,0,0,0,0,0,"- ","- ",40.671199999999999,-122.88330000000001,TRINITY,UNINCORPORATED,-122.88332484999999,40.671219370000003
90529327,2017,2017-08-23,9175,2017-08-15,0500,012749,,2,3,9,5300,0,3,5,,2,002,"HYAMPOM RD","BAR 717 DRIVEWAY",528.00,E,N,A,-,N,,,,,,,,,,Y,3,0,1,1,A,-,08,22107,,N,F,A,A,A,H,-,D,A,0,,,,,Y,,A,07,0,1,0,0,0,0,0,0,0,"- ","- ",,,TRINITY,UNINCORPORATED,-123.33963325000001,40.61551721
90535919,2017,2017-08-29,9175,2017-08-20,0245,019877,,7,3,9,5300,0,1,3,,2,014,SR-299,"DENNY RD",2112.00,W,N,A,-,Y,,,299,,,,,,,Y,3,0,1,1,A,-,01,23152,A,N,E,I,A,A,H,-,D,D,0,,,,,Y,Y,A,01,0,1,0,0,0,0,0,0,0,"- ","- ",40.872500000000002,-123.53,TRINITY,UNINCORPORATED,-123.53000059999999,40.87249525
90535971,2017,2017-08-29,9175,2017-08-28,1245,016084,,1,1,9,5300,0,3,5,,2,002,"LOWER MAD RIVER ROAD","LOWER WEST SIDE RD",1584.00,S,N,A,-,N,,,,,,,,,,Y,3,0,1,1,A,-,08,22107,,N,E,I,A,A,H,-,A,D,0,,,,,Y,,A,07,0,1,0,0,0,0,0,0,0,"- ","- ",,,TRINITY,UNINCORPORATED,,
90541498,2017,2017-09-06,9175,2017-08-27,0200,020683,,7,3,9,5300,0,3,5,,2,001,"848 LAKE FOREST DRIVE","LAKE FOREST DRIVE",15.00,N,N,A,-,N,,,,,,,,,,N,3,0,1,2,A,-,21,22106,,F,G,B,E,A,H,-,D,D,0,Y,,,,Y,,D,22,0,1,0,0,1,0,0,0,0,"- ","- ",40.912739999999999,-122.78042000000001,TRINITY,UNINCORPORATED,-122.78578048,40.912015660000002
90541634,2017,2017-09-06,9175,2017-09-02,2235,020580,,6,3,9,5300,0,1,3,,1,021,SR-3,SR-36,14784.00,N,N,A,-,Y,,,3,,,,,,,Y,3,0,1,2,A,-,01,23152,A,N,B,C,A,A,H,-,D,D,0,,,,,Y,Y,A,08,0,1,0,0,0,0,0,0,0,"- ","- ",40.503230000000002,-123.17409000000001,TRINITY,UNINCORPORATED,-123.17405975,40.503273120000003
90543173,2017,2017-09-07,9175,2017-09-02,0845,018268,,6,1,9,5300,0,1,3,,1,022,SR-36,SR-3,1584.00,W,N,A,-,Y,,,36,,,,,,,Y,4,0,2,2,A,-,05,21460,A,N,D,C,A,A,H,-,A,A,0,,,,,Y,,A,01,0,0,2,0,0,0,0,0,0,"- ","- ",40.417279999999998,-123.17829999999999,TRINITY,UNINCORPORATED,-123.17831624999999,40.417301860000002
90546463,2017,2017-09-13,9175,2017-09-11,1550,15928,,1,2,9,5300,0,3,5,,2,002,"MORGAN HILL ROAD","STATE ROUTE 3",1056.00,E,N,A,-,N,,,,,,,,,,N,3,0,3,2,A,-,01,23152,A,N,D,C,A,A,H,-,A,D,0,,,,,Y,Y,D,22,0,3,0,0,0,0,0,0,0,"- ","- ",,,TRINITY,UNINCORPORATED,-123.18731927,40.545990529999997
90550833,2017,2017-09-19,9175,2017-09-15,1550,018328,,5,2,9,5300,0,3,5,,2,002,"RUTH ZENIA RD","VAN DUZEN RD",27456.00,S,N,A,-,N,,,,,,,,,,Y,2,0,3,2,A,-,01,23152,A,N,A,C,A,A,H,-,A,D,0,,,,,Y,Y,D,22,3,0,0,0,0,0,0,0,0,"- ","- ",40.236939999999997,-123.4405,TRINITY,UNINCORPORATED,-123.44625843,40.23834849
90551028,2017,2017-09-19,9175,2017-09-15,0745,018268,,5,1,9,5300,0,1,3,,1,011,"SR-299 (MAIN STREET)","OREGON ST",0.00,,Y,A,-,Y,,,299,,,,,,,Y,4,0,1,2,A,-,09,21802,A,N,D,C,A,A,H,-,A,A,0,,,,Y,Y,,D,22,0,0,1,0,0,0,0,0,0,"- ","- ",40.732100000000003,-122.94033,TRINITY,UNINCORPORATED,-122.94028277,40.732120199999997
90555734,2017,2017-09-26,9175,2017-09-20,1605,020464,,3,2,9,5300,0,1,3,,1,012,SR-299,"POKER RD",3960.00,W,N,B,-,Y,,,299,,,,,,,Y,3,0,1,1,A,-,08,22107,,N,E,I,A,B,H,-,A,D,0,,,,,Y,,A,01,0,1,0,0,0,0,0,0,0,"- ","- ",40.751809999999999,-123.28068,TRINITY,UNINCORPORATED,-123.28067251,40.751824669999998
90560968,2017,2017-10-02,9175,2017-09-21,0450,019636,,4,3,9,5300,0,1,3,,1,010,SR-299,"INDIAN CREEK RD",5280.00,E,N,A,-,Y,,,299,,,,,,,Y,4,0,1,1,A,-,08,22107,,N,E,I,A,A,H,-,D,D,0,,,,,Y,,A,01,0,0,1,0,0,0,0,0,0,"- ","- ",40.653170000000003,-122.8999,TRINITY,UNINCORPORATED,-122.89990277,40.653182280000003
90561042,2017,2017-10-02,9175,2017-09-28,1359,014636,,4,1,9,5300,0,1,3,,2,015,SR-3,"NORTH ST.",0.00,,Y,A,-,Y,,,3,,,,,,,N,3,0,1,1,C,-,18,,,N,F,A,A,A,B,-,A,D,0,,,Y,,Y,,-,"- ",0,1,0,0,0,0,0,0,1,"- ","- ",40.734879999999997,-122.932,TRINITY,UNINCORPORATED,-122.93198731,40.734858490000001
90563639,2017,2017-10-05,9175,2017-10-02,1105,020464,,1,1,9,5300,0,1,3,,1,012,SR-299,"ROSE ROAD",1320.00,W,N,A,-,Y,,,299,,,,,,,Y,4,0,1,1,A,-,08,22107,,N,F,A,A,A,H,-,A,D,0,,,,,Y,,A,01,0,0,1,0,0,0,0,0,0,"- ","- ",40.741840000000003,-123.21362999999999,TRINITY,UNINCORPORATED,-123.21363276,40.741860109999998
90578664,2017,2017-10-25,9175,2017-10-16,0425,019485,,1,3,9,5300,0,3,5,,2,002,"SOUTH LOWER FORK ROAD","PELLETREAU ROAD",3168.00,W,N,A,-,N,,,,,,,,,,N,2,0,1,2,D,-,00,,,F,G,B,E,A,H,-,D,D,0,Y,,,,Y,Y,-,"- ",1,0,0,0,1,0,0,0,0,"- ","- ",40.61401,-123.46002,TRINITY,UNINCORPORATED,-123.45995486,40.614034949999997
90589168,2017,2017-11-07,9175,2017-11-02,0655,018328,,4,1,9,5300,0,1,3,,1,011,SR-299,"BREMER ST",12.00,W,N,B,-,Y,,,299,,,,,,,Y,2,0,1,2,A,-,08,22102,,N,D,C,A,A,H,-,D,D,0,,,Y,,Y,,A,01,1,0,0,0,0,0,0,0,1,"- ","- ",40.729340000000001,-122.93906,TRINITY,UNINCORPORATED,-122.93906610000001,40.72933432
90589306,2017,2017-11-07,9175,2017-11-05,0830,15928,,7,1,9,5300,0,3,5,,2,001,"TRINITY DAM BOULEVARD","STATE ROUTE 299",13200.00,N,N,B,-,N,,,,,,,,,,Y,3,0,1,1,A,-,01,23152,A,N,E,I,A,A,H,-,A,D,0,,,,,Y,Y,A,01,0,1,0,0,0,0,0,0,0,"- ","- ",40.685499999999998,-122.8207,TRINITY,UNINCORPORATED,-122.82084252999999,40.685051700000002
90589320,2017,2017-11-07,9175,2017-11-01,1720,016084,,3,2,9,5300,0,1,3,,1,011,SR-299,"WEAVER STREET",0.00,,Y,A,-,Y,,,299,,,,,,,N,3,0,1,2,A,-,08,22107,,N,D,G,A,A,H,-,A,D,0,,Y,,,Y,,A,01,0,1,0,0,0,0,1,0,0,"- ","- ",40.726529999999997,-122.93465,TRINITY,UNINCORPORATED,-122.93467864,40.726489340000001
90596058,2017,2017-11-16,9175,2017-11-10,1230,014636,,5,1,9,5300,0,1,3,,1,022,SR-36,"WILDWOOD RD",22704.00,W,N,C,-,Y,,,,,,,,,,Y,2,0,4,1,A,-,03,22350,,N,F,A,A,B,H,-,A,D,0,,,,,Y,,A,07,1,3,0,0,0,0,0,0,0,"- ","- ",,,TRINITY,UNINCORPORATED,-123.08944636,40.391906059999997
90610302,2017,2017-12-05,9175,2017-11-26,0045,020580,,7,3,9,5300,0,3,5,,2,001,"LANCE GULCH RD.","BROWNS RANCH RD",1320.00,N,N,A,-,N,,,,,,,,,,Y,3,0,2,1,A,-,01,23152,A,M,F,I,A,A,H,-,D,D,0,,,,,Y,Y,D,22,0,1,1,0,0,0,0,0,0,"- ","- ",40.7361,-122.92603,TRINITY,UNINCORPORATED,-122.92547623999999,40.737655699999998
90626224,2017,2017-12-26,9175,2017-12-20,2340,020683,,3,3,9,5300,0,3,5,,2,002,"LOWER MAD RIVER RD","JOHNSON LOOP",6864.00,S,N,A,-,N,,,,,,,,,,Y,2,0,1,1,A,-,01,23152,A,N,E,I,A,A,H,-,D,D,0,,,,,Y,Y,A,01,1,0,0,0,0,0,0,0,0,"- ","- ",40.250160000000001,-123.31833,TRINITY,UNINCORPORATED,-123.31925869,40.251510719999999
90632269,2017,2018-01-03,9175,2017-12-28,1355,018328,,4,1,9,5300,0,1,3,,1,010,SR-299,SR-3,127.00,E,N,A,-,Y,,,299,,,,,,,Y,2,0,1,1,A,-,08,22107,,N,E,I,A,B,H,-,A,D,0,,,,,Y,,A,07,1,0,0,0,0,0,0,0,0,"- ","- ",40.651499999999999,-122.93810000000001,TRINITY,UNINCORPORATED,-122.93809616999999,40.651470160000002
90633674,2018,2018-01-05,9175,2018-01-03,1100,016084,,3,1,9,5300,0,1,3,,1,022,"STATE ROUTE 36","TRINITY PINES DRIVE",23760.00,W,N,B,-,Y,,,36,,,,,,,Y,3,0,1,1,A,-,13,22515,A,N,G,B,E,A,H,-,A,D,0,Y,,,,Y,,N,60,0,1,0,0,1,0,0,0,0,"- ","- ",40.389839172363281,-123.27887725830078,TRINITY,UNINCORPORATED,-123.27886962890625,40.389816284179688
90636022,2017,2018-01-09,9175,2017-12-31,1758,020464,,7,2,9,5300,0,3,5,,2,001,"LAKE FOREST DR",SR-3,3696.00,W,N,B,-,N,,,,,,,,,,Y,4,0,1,1,A,-,03,22350,,N,E,I,A,D,H,-,D,D,0,,,,,Y,,A,01,0,0,1,0,0,0,0,0,0,"- ","- ",40.91207,-122.77922,TRINITY,UNINCORPORATED,-122.78287438,40.91169
90637938,2018,2018-01-11,9175,2018-01-08,2355,020683,,1,3,9,5300,0,3,5,,2,001,"CENTER ST.",SR-3,453.00,E,N,A,C,N,,,,,,,,,,Y,3,0,1,1,A,-,01,23152,A,N,E,I,A,A,H,-,C,D,0,,,,,Y,Y,A,01,0,1,0,0,0,0,0,0,0,"- ","- ",40.7310791015625,-122.93878936767578,TRINITY,UNINCORPORATED,-122.93898010253906,40.731792449951172
90645513,2018,2018-01-23,9175,2018-01-22,1200,012749,,1,1,9,5300,0,1,3,,2,013,SR-299,"PRAIRIE CREEK RD",6336.00,W,N,B,-,Y,,,,,,,,,,Y,3,0,1,1,A,-,08,22107,,N,F,A,A,A,H,-,A,D,0,,,,,Y,,D,22,0,1,0,0,0,0,0,0,0,"- ","- ",40.459690093994141,-123.18251037597656,TRINITY,UNINCORPORATED,-123.30428314208984,40.766208648681641
90647440,2018,2018-01-25,9175,2018-01-24,0345,020683,,3,3,9,5300,0,1,3,,1,022,SR-36,"FOREST GLEN DR",7920.00,W,N,C,-,Y,,,36,,,,,,,Y,3,0,1,1,A,-,08,22107,,N,F,I,A,B,H,-,D,D,0,,,,,Y,,D,22,0,1,0,0,0,0,0,0,0,"- ","- ",40.379421234130859,-123.34184265136719,TRINITY,UNINCORPORATED,-123.34175109863281,40.379306793212891
90678472,2018,2018-03-09,9175,2018-03-01,1515,019877,,4,2,9,5300,0,1,3,,1,022,SR-36,"WILDWOOD RD",29568.00,W,N,D,-,Y,,,36,,,,,,,Y,3,0,2,1,A,-,03,22350,,N,F,I,A,C,H,-,A,D,0,,,,,Y,,A,07,0,2,0,0,0,0,0,0,0,"- ","- ",40.392200469970703,-123.106201171875,TRINITY,UNINCORPORATED,-123.10625457763672,40.392330169677734
90687889,2018,2018-03-22,9175,2018-03-18,1855,020464,,7,2,9,5300,0,1,3,,1,011,SR-299,"INDUSTRIAL PKY",1940.00,E,N,A,-,Y,,,299,,,,,,,Y,2,0,1,1,A,-,01,23152,A,N,F,I,A,A,H,-,A,D,0,,,,,Y,Y,I,12,1,0,0,0,0,0,0,0,0,"- ","- ",40.705039978027344,-122.92507171630859,TRINITY,UNINCORPORATED,-122.9249267578125,40.705009460449219
90697433,2018,2018-04-03,9175,2018-03-23,2030,020804,,5,2,9,5300,0,1,3,,1,022,"HIGHWAY 36","RT 3",18480.00,E,N,D,-,Y,,,,,,,,,,Y,3,0,1,1,A,-,03,22350,,M,E,I,A,C,H,-,D,D,0,,,,,Y,,A,01,0,1,0,0,0,0,0,0,0,"- ","- ",40.398471832275391,-123.13114929199219,TRINITY,UNINCORPORATED,-123.13327789306641,40.399188995361328
90697444,2018,2018-04-03,9175,2018-03-26,1935,020464,,1,2,9,5300,0,1,3,,2,014,SR-299,"HENNESSEY RD",2640.00,W,N,A,-,Y,,,299,,,,,,,N,2,0,1,1,C,-,18,,,N,E,J,A,A,C,-,B,D,0,,,,,Y,,-,"- ",1,0,0,0,0,0,0,0,0,"- ","- ",40.816349029541016,-123.47834014892578,TRINITY,UNINCORPORATED,-123.47833251953125,40.816352844238281
90706914,2018,2018-04-17,9175,2018-04-08,1750,020464,,7,2,9,5300,0,3,5,,2,001,"SCHOOL HOUSE RD","LEWISTON TURNPIKE RD",57.00,S,N,A,-,N,,,,,,,,,,N,2,0,1,1,A,-,01,23152,A,N,F,A,A,A,H,-,A,D,0,,,Y,,Y,Y,C,02,1,0,0,0,0,0,0,0,1,"- ","- ",40.705780029296875,-122.80751800537109,TRINITY,UNINCORPORATED,-122.80751800537109,40.705780029296875
90707179,2018,2018-04-17,9175,2018-04-09,1115,15928,,1,1,9,5300,0,1,3,,1,010,"STATE ROUTE 299","RIVER RANCH ROAD",70.00,W,N,A,-,Y,,,,,,,,,,Y,2,0,2,1,A,-,08,22107,,N,E,I,A,A,H,-,A,D,0,,,,,Y,,A,01,2,0,0,0,0,0,0,0,0,"- ","- ",40.392551422119141,-122.55204772949219,TRINITY,UNINCORPORATED,-122.92736053466797,40.654659271240234
90709082,2018,2018-04-19,9175,2018-04-13,2050,021253,,5,2,9,5300,0,3,5,,2,002,"LOWER MAD RIVER ROAD",SR-36,58080.00,S,N,A,-,N,,,,,,,,,,Y,2,0,1,1,A,-,08,22107,,N,E,I,A,A,H,-,D,D,0,,,,,Y,,D,22,1,0,0,0,0,0,0,0,0,"- ","- ",40.430961608886719,-123.48605346679688,TRINITY,UNINCORPORATED,,
90712561,2018,2018-04-25,9175,2018-04-22,1138,018645,,7,1,9,5300,0,1,3,,1,022,SR-36,"36 TRI 8.2",208.00,E,N,A,-,Y,,,36,,,,,,,Y,2,0,1,1,A,-,08,22107,,N,F,I,A,A,H,-,A,D,0,,,Y,,Y,,C,02,1,0,0,0,0,0,0,0,1,"- ","- ",40.407119750976562,-123.44731140136719,TRINITY,UNINCORPORATED,-123.44721221923828,40.407161712646484
90726590,2018,2018-05-15,9175,2018-05-09,1609,018268,,3,2,9,5300,0,1,3,,1,011,"BREMER ST","SR-299 (MAIN ST)",2.00,S,N,A,-,N,,,,,,,,,,N,4,0,1,2,A,-,05,21650,,N,D,G,A,A,H,-,A,A,0,,Y,,,Y,,L,04,0,0,1,0,0,0,1,0,0,"- ","- ",40.729259490966797,-122.93914794921875,TRINITY,UNINCORPORATED,-122.939041,40.729329
90726763,2018,2018-05-15,9175,2018-05-11,0310,021253,,5,3,9,5300,0,1,3,,1,012,SR-299,"CASTLE ROAD",164.00,E,N,A,-,Y,,,299,,,,,,,Y,3,0,1,1,A,-,01,23152,A,N,E,I,A,A,H,-,D,D,0,,,,,Y,Y,A,08,0,1,0,0,0,0,0,0,0,"- ","- ",40.738868713378906,-122.98342132568359,TRINITY,UNINCORPORATED,-122.9832763671875,40.738571166992188
90727602,2018,2018-05-16,9175,2018-05-14,1130,019479,,1,1,9,5300,0,1,3,,1,022,SR-36,"WILD MAD RD",15840.00,W,N,A,-,Y,,,36,,,,,,,Y,2,0,1,1,A,-,08,22107,,N,F,A,A,A,H,-,A,D,0,,,Y,,Y,,C,02,1,0,0,0,0,0,0,0,1,"- ","- ",40.387821197509766,-123.10957336425781,TRINITY,UNINCORPORATED,-123.10956573486328,40.387744903564453
90739279,2018,2018-06-01,9175,2018-05-26,1230,020580,,6,1,9,5300,0,1,3,,2,013,SR-299,"SWEDE CREEK RD",7920.00,W,N,A,-,Y,,,299,,,,,,,Y,4,0,1,1,A,-,08,22107,,N,E,I,A,A,H,-,A,D,0,,,,,Y,,A,01,0,0,1,0,0,0,0,0,0,"- ","- ",40.796329498291016,-123.38043975830078,TRINITY,UNINCORPORATED,-123.38044738769531,40.79632568359375
90741403,2018,2018-06-05,9175,2018-06-01,2120,021253,,5,2,9,5300,0,1,3,,2,015,SR-3,"GRANITE PEAK ROAD",150.00,S,N,A,-,Y,,,3,,,,,,,Y,2,0,1,1,A,-,08,22107,,N,F,A,A,A,H,-,D,D,0,,,,,Y,,A,07,1,0,0,0,0,0,0,0,0,"- ","- ",40.85552978515625,-122.82244110107422,TRINITY,UNINCORPORATED,-122.82246398925781,40.855548858642578
90743228,2018,2018-06-07,9175,2018-06-02,1723,020722,,6,2,9,5300,0,1,3,,1,021,"SR-3 N/B","VICTORIA LN",3960.00,N,N,A,-,Y,,,3,,,,,,N,Y,3,0,1,1,C,-,18,,,N,H,H,A,A,H,-,A,D,0,,,Y,,Y,,-,"- ",0,1,0,0,0,0,0,0,1,"- ","- ",40.58245849609375,-123.03907775878906,TRINITY,UNINCORPORATED,-123.03916168212891,40.582473754882812
90746188,2018,2018-06-12,9175,2018-05-11,2335,020804,,5,3,9,5300,0,3,5,,2,002,"LOWER MAD RIVER ROAD",SR-36,20592.00,S,N,A,-,N,,,,,,,,,,Y,1,1,1,1,A,-,01,23152,A,N,F,A,A,A,H,-,D,D,0,,,,,Y,Y,A,07,0,0,1,0,0,0,0,0,0,"- ","- ",40.402320861816406,-123.46231842041016,TRINITY,UNINCORPORATED,-123.46144104003906,40.402156829833984
90751790,2018,2018-06-20,9175,2018-05-31,2500,014636,,4,4,9,5300,0,3,5,,2,001,"EASTSIDE RD",SR-3,60192.00,E,N,B,-,N,,,,,,,,,,Y,1,1,0,1,A,-,08,22107,,N,E,I,A,A,H,-,A,D,0,,,,,Y,,D,23,0,0,0,0,0,0,0,0,0,"- ","- ",40.969268798828125,-122.61387634277344,TRINITY,UNINCORPORATED,-122.61215972900391,40.968395233154297
90756226,2018,2018-06-26,9175,2018-06-23,0945,020722,,6,1,9,5300,0,1,3,,1,012,"SR-299 E/B","ROSE RD",2534.00,W,N,A,-,Y,,,299,,,,,,E,Y,3,0,2,1,A,-,08,22107,,N,E,I,A,A,H,-,A,D,0,,,,,Y,,A,07,0,1,1,0,0,0,0,0,0,"- ","- ",40.741138458251953,-123.21840667724609,TRINITY,UNINCORPORATED,-123.21840667724609,40.741092681884766
90761850,2018,2018-07-03,9175,2018-06-30,2300,020464,,6,3,9,5300,0,3,5,,2,002,"LOWER MAD RIVER RD","KOKANEE WAY",30.00,N,N,A,-,N,,,,,,,,,,Y,2,0,1,1,A,-,08,22107,,N,F,I,A,A,H,-,D,D,0,,,,,Y,Y,A,01,1,0,0,0,0,0,0,0,0,"- ","- ",40.353958129882812,-123.41396331787109,TRINITY,UNINCORPORATED,-123.41407012939453,40.353912353515625
90767813,2018,2018-07-12,9175,2018-07-08,1245,012749,,7,1,9,5300,0,1,3,,2,014,SR-299,"SALYER LOOP RD",7920.00,E,N,A,-,Y,,,299,,,,,,,Y,2,0,3,2,A,-,01,23152,A,N,A,C,A,A,G,-,A,D,0,,,,,Y,,A,01,2,1,0,0,0,0,0,0,0,"- ","- ",40.887428283691406,-123.55999755859375,TRINITY,UNINCORPORATED,-123.56000518798828,40.887428283691406
90768748,2018,2018-07-13,9175,2018-07-12,2300,021253,,4,3,9,5300,0,3,5,,2,001,"FOUNTAIN RANCH ROAD","KNOLL ROAD",110.00,S,N,A,-,Y,,,,,,,,,,Y,2,0,1,1,A,-,08,22107,,N,F,A,A,A,H,-,C,D,0,,,,,Y,,A,07,1,0,0,0,0,0,0,0,0,"- ","- ",40.896030426025391,-123.58332061767578,TRINITY,UNINCORPORATED,-123.58332061767578,40.896030426025391
90778745,2018,2018-07-27,9175,2018-07-25,2053,020786,,3,2,9,5300,0,3,5,,2,001,"LANCE GULCH RD","PIONEER LN",90.00,S,N,A,-,N,,,,,,,,,,N,3,0,1,1,C,-,18,,,N,H,H,A,A,H,-,B,D,0,,,Y,,Y,,-,"- ",0,1,0,0,0,0,0,0,1,"- ","- ",40.433330535888672,-122.55341339111328,TRINITY,UNINCORPORATED,-122.9261474609375,40.726097106933594
90787087,2018,2018-08-08,9175,2018-08-05,0915,018268,,7,1,9,5300,0,1,3,,1,022,SR-36,SR-3,32736.00,E,N,F,-,Y,,,36,,,,,,,Y,3,0,1,1,A,-,03,22350,,N,F,I,A,A,H,-,A,D,0,,,Y,,Y,,C,02,0,1,0,0,0,0,0,0,1,"- ","- ",40.389801025390625,-123.10604858398438,TRINITY,UNINCORPORATED,-123.10601806640625,40.389774322509766
90789304,2018,2018-08-13,9175,2018-08-06,1900,020580,,1,2,9,5300,0,3,5,,2,002,"BURNT RANCH SCHOOL RD","POWER HOUSE RD",586.00,N,N,A,-,N,,,,,,,,,,Y,3,0,1,1,A,-,01,23152,A,N,E,I,A,A,H,-,A,D,0,,,,,Y,Y,A,01,0,1,0,0,0,0,0,0,0,"- ","- ",40.810310363769531,-123.47939300537109,TRINITY,UNINCORPORATED,-123.47901916503906,40.810024261474609
90790639,2018,2018-08-14,9175,2018-08-04,1949,020786,,6,2,9,5300,0,3,5,,2,002,"BRADY RD","1600 BRADY RD",41.00,S,N,A,-,N,,,,,,,,,,Y,4,0,1,1,A,-,08,22107,,N,E,I,A,A,H,-,B,D,0,,,,,Y,Y,D,22,0,0,1,0,0,0,0,0,0,"- ","- ",40.574741363525391,-123.17445373535156,TRINITY,UNINCORPORATED,-111.80677032470703,48.035488128662109
90794611,2018,2018-08-21,9175,2018-08-15,1315,016084,,3,1,9,5300,0,3,5,,2,002,"KERLIN CREEK ROAD","LOWER SOUTH FORK ROAD",9504.00,S,N,A,-,N,,,,,,,,,,N,2,0,2,1,A,-,03,22350,,N,F,A,A,A,H,-,A,D,0,,,,,Y,,E,22,1,1,0,0,0,0,0,0,0,"- ","- ",40.620121002197266,-123.50041198730469,TRINITY,UNINCORPORATED,-123.50059509277344,40.620098114013672
90796117,2018,2018-08-22,9175,2018-08-20,2055,018645,,1,2,9,5300,0,1,3,,1,010,SR-299,"RIFFLE LANE",528.00,W,N,A,-,Y,,,299,,,,,,,Y,4,0,1,1,C,-,18,,,N,F,A,A,A,H,-,C,D,0,,,,,Y,,-,"- ",0,0,1,0,0,0,0,0,0,"- ","- ",40.654220581054688,-122.93048095703125,TRINITY,UNINCORPORATED,-122.93044281005859,40.654106140136719
90810491,2018,2018-09-11,9175,2018-09-06,1207,014636,,4,1,9,5300,0,1,3,,1,011,SR-299,"NUGGET LN.",0.00,,Y,A,-,Y,,,299,,,,,,,Y,3,0,1,2,A,-,09,21802,A,N,D,C,A,A,H,-,A,A,0,,,Y,,Y,,A,07,0,1,0,0,0,0,0,0,1,"- ","- ",40.720260620117188,-122.92819213867188,TRINITY,UNINCORPORATED,-122.92820739746094,40.720252990722656
90815911,2018,2018-09-18,9175,2018-09-15,1310,019485,,6,1,9,5300,0,1,3,,1,022,SR-36,SR-3,3168.00,W,N,A,-,Y,,,36,,,,,,,N,2,0,1,2,D,-,00,,,N,B,C,A,A,H,-,A,D,0,,,Y,,Y,,-,"- ",1,0,0,0,0,0,0,0,1,"- ","- ",40.417278289794922,-123.17842102050781,TRINITY,UNINCORPORATED,-123.17841339111328,40.417255401611328
90816949,2018,2018-09-19,9175,2018-09-12,1406,020786,,3,2,9,5300,0,1,3,,1,022,"SR-36 EB","BOLTON RD",95.00,W,N,A,-,Y,,,36,,,,,,E,Y,3,0,1,1,A,-,03,22350,,N,F,I,A,A,H,-,A,D,0,,,,,Y,,A,07,0,1,0,0,0,0,0,0,0,"- ","- ",40.45526123046875,-123.51239013671875,TRINITY,UNINCORPORATED,-123.512451171875,40.455104827880859
90820650,2018,2018-09-25,9175,2018-09-09,2335,018645,,7,3,9,5300,0,1,3,,2,014,SR-299,"PONY CREEK ROAD",2640.00,W,N,A,-,Y,,,299,,,,,,,Y,1,1,5,1,A,-,01,23152,A,N,E,I,A,A,H,-,D,D,0,,,,,Y,Y,A,07,2,3,0,0,0,0,0,0,0,"- ","- ",40.859970092773438,-123.51168060302734,TRINITY,UNINCORPORATED,-123.51165771484375,40.860004425048828
90821044,2018,2018-09-25,9175,2018-09-22,1550,020464,,6,2,9,5300,0,3,5,,2,002,"LOWER MAD RIVER RD",SR-36,28565.00,S,N,A,-,N,,,,,,,,,,Y,2,0,1,1,A,-,08,22107,,N,F,A,A,A,H,-,A,D,0,,,,,Y,,A,07,1,0,0,0,0,0,0,0,0,"- ","- ",40.385540008544922,-123.44796752929688,TRINITY,UNINCORPORATED,-123.447968,40.385539999999999
90825949,2018,2018-10-01,9175,2018-09-26,2130,018268,,3,2,9,5300,0,3,5,,2,002,"READING CREEK RD",SR-3,8976.00,E,N,A,-,N,,,,,,,,,,Y,3,0,1,1,A,-,03,22350,,N,E,I,A,A,H,-,C,D,0,,,,,Y,,D,22,0,1,0,0,0,0,0,0,0,"- ","- ",40.19573974609375,-122.93512725830078,TRINITY,UNINCORPORATED,-122.93497467041016,40.620452880859375
90828888,2018,2018-10-04,9175,2018-10-02,2030,020722,,2,2,9,5300,0,1,3,,2,014,"SR-299 E/B","UNERWOOD MOUNTAIN RD",377.00,W,N,B,-,Y,,,299,,,,,,E,Y,3,0,1,1,A,-,08,22107,,N,E,I,A,B,H,-,D,D,0,,,,,Y,,A,08,0,1,0,0,0,0,0,0,0,"- ","- ",40.807361602783203,-123.47207641601562,TRINITY,UNINCORPORATED,-123.47210693359375,40.807262420654297
90840175,2018,2018-10-19,9175,2018-10-14,1310,019485,,7,1,9,5300,0,3,5,,2,001,"DIRT/GRAVEL SERVICE ROAD","AIRPORT RD",2640.00,W,N,A,-,N,,,,,,,,,,N,2,0,1,1,A,-,08,22107,,N,E,J,A,A,H,-,A,D,0,,,Y,,Y,,C,02,1,0,0,0,0,0,0,0,1,"- ","- ",40.987701416015625,-122.69680023193359,TRINITY,UNINCORPORATED,,
90843579,2018,2018-10-24,9175,2018-10-22,1640,016084,,1,2,9,5300,0,1,3,,1,011,"RT 299","CASTLE ROAD",3168.00,E,N,A,-,Y,,,299,,,,,,,Y,3,0,1,3,A,-,03,22350,,N,C,C,A,A,D,-,A,A,0,,,,,Y,,D,22,0,1,0,0,0,0,0,0,0,"- ","- ",40.738849639892578,-122.98956298828125,TRINITY,UNINCORPORATED,-122.98957824707031,40.738773345947266
90854072,2018,2018-11-06,9175,2018-10-28,1100,020464,,7,1,9,5300,0,1,3,,2,014,SR-299,"CAMPBELL RIDGE RD",1930.00,W,N,B,C,Y,,,299,,,,,,,Y,4,0,1,1,A,-,01,23152,F,N,E,I,A,B,H,-,A,D,0,,,,,Y,,A,07,0,0,1,0,0,0,0,0,0,"- ","- ",40.886600494384766,-123.58754730224609,TRINITY,UNINCORPORATED,-123.58756256103516,40.886623382568359
90861596,2018,2018-11-16,9175,2018-11-09,1857,018507,,5,2,9,5300,0,1,3,,1,011,SR-299,"PONDEROSA LANE",0.00,,Y,A,-,Y,,,299,,,,,,,Y,3,0,2,2,A,-,09,21801,A,N,A,C,A,A,H,-,C,D,0,,,,,Y,,A,07,0,2,0,0,0,0,0,0,0,"- ","- ",40.713111877441406,-122.92474365234375,TRINITY,UNINCORPORATED,-122.92471313476562,40.713123321533203
90861607,2018,2018-11-16,9175,2018-11-12,1331,018507,,1,1,9,5300,0,3,5,,2,002,"NATIONAL FOREST- SOUTH OF RUTH LAKE",UNKNOWN,0.00,,Y,A,-,N,,,,,,,,,,N,2,0,1,1,D,-,00,,,N,H,J,A,A,G,-,A,D,0,,,,,Y,,-,"- ",1,0,0,0,0,0,0,0,0,"- ","- ",40.262229919433594,-123.28395843505859,TRINITY,UNINCORPORATED,,
90864777,2018,2018-11-21,9175,2018-11-16,0215,020722,,5,3,9,5300,0,1,3,,1,010,"SR-299 W/B","TRINITY DAM BLVD",5280.00,W,N,A,-,Y,,,299,,,,,,W,Y,4,0,1,1,A,-,08,22107,,N,E,I,A,A,H,-,D,D,0,,,,,Y,,D,22,0,0,1,0,0,0,0,0,0,"- ","- ",40.668910980224609,-122.81259918212891,TRINITY,UNINCORPORATED,-122.81257629394531,40.6689453125
90872631,2018,2018-11-30,9175,2018-11-22,0850,019479,,4,1,9,5300,0,1,3,,1,010,SR-299,"LEWISTON RD",372.00,W,N,C,-,Y,,,299,,,,,,,Y,2,0,3,2,A,-,05,21460,A,N,A,C,A,B,H,-,A,D,0,,,,,Y,,D,22,2,1,0,0,0,0,0,0,0,"- ","- ",40.672298431396484,-122.86386108398438,TRINITY,UNINCORPORATED,-122.86387634277344,40.672325134277344
90873528,2018,2018-12-03,9175,2018-11-28,1025,016084,,3,1,9,5300,0,1,3,,2,014,"STATE ROUTE 299","UNDERWOOD MOUNTAIN ROAD",528.00,W,N,B,-,Y,,,,,,,,,,Y,3,0,1,1,A,-,08,22107,,N,E,I,A,B,H,-,A,D,0,,,,,Y,,A,01,0,1,0,0,0,0,0,0,0,"- ","- ",40.482620239257812,-123.28202819824219,TRINITY,UNINCORPORATED,-123.47251892089844,40.807373046875
90873558,2018,2018-12-03,9175,2018-11-30,1700,020580,,5,2,9,5300,0,1,3,,2,013,SR-299,"CORRAL BOTTOM RD",4752.00,W,N,B,-,Y,,,299,,,,,,,Y,2,0,2,1,A,-,08,22107,,N,E,I,A,B,H,-,B,D,0,,,,,Y,,A,01,2,0,0,0,0,0,0,0,0,"- ","- ",40.743911743164062,-123.26789093017578,TRINITY,UNINCORPORATED,-123.2679443359375,40.743858337402344
90879973,2018,2018-12-11,9175,2018-12-02,1728,018645,,7,2,9,5300,0,1,3,,1,021,SR-3,"HORSE WATER LN",195.00,N,N,A,-,Y,,,3,,,,,,,N,2,0,1,2,A,-,11,21954,A,N,G,B,D,A,H,-,C,D,0,Y,,,,Y,,N,60,1,0,0,0,1,0,0,0,0,"- ","- ",40.554050445556641,-123.18044281005859,TRINITY,UNINCORPORATED,-123.18044281005859,40.554115295410156
90890270,2018,2018-12-26,9175,2018-12-19,0955,018268,,3,1,9,5300,0,1,3,,2,014,SR-299,"SALYER LOOP RD",5280.00,E,N,B,-,Y,,,299,,,,,,,Y,3,0,1,1,A,-,01,23152,A,N,E,I,A,A,H,-,A,D,0,,,,,Y,Y,D,22,0,1,0,0,0,0,0,0,0,"- ","- ",40.889919281005859,-123.56661224365234,TRINITY,UNINCORPORATED,-123.56661987304688,40.889938354492188
90890500,2018,2019-02-14,9175,2018-07-02,2500,018645,,1,4,9,5300,0,1,3,,1,016,SR-3,"EASTSIDE RD",1107.00,S,N,A,-,Y,,,3,,,,,,,Y,1,1,0,1,A,-,08,22107,,N,F,A,A,A,H,-,A,D,0,,,,,Y,,A,07,0,0,0,0,0,0,0,0,0,"- ","- ",41.050128936767578,-122.69970703125,TRINITY,UNINCORPORATED,-122.69972991943359,41.050155639648438
90900207,2019,2019-01-08,9175,2019-01-02,1000,15928,,3,1,9,5300,0,1,3,,2,014,"STATE ROUTE 299","BERG ROAD",0.00,,Y,A,-,Y,,,,,,,,,,Y,3,0,2,1,A,-,08,22107,,N,E,I,A,B,H,-,A,D,0,,,,,Y,,A,01,0,2,0,0,0,0,0,0,0,"- ","- ",40.511848449707031,-123.29335021972656,TRINITY,UNINCORPORATED,-123.49281311035156,40.855331420898438
90908454,2019,2019-01-22,9175,2019-01-16,2110,020786,,3,2,9,5300,0,1,3,,2,013,"SR-299 WB","MILL CREEK RD",11616.00,E,N,C,-,Y,,,,,,,,,,Y,3,0,1,1,A,-,08,22107,,N,E,J,A,B,B,-,D,D,0,,,,Y,Y,,F,55,0,1,0,0,0,0,0,0,0,"- ","- ",40.473930358886719,-123.24427032470703,TRINITY,UNINCORPORATED,,
90910989,2019,2019-01-24,9175,2019-01-22,1140,016084,,2,1,9,5300,0,1,3,,1,022,"STATE ROUTE 36",SR-3,6864.00,E,N,A,-,Y,,,,,,,,,,Y,3,0,2,1,A,-,03,22350,,N,E,I,A,C,H,-,A,D,0,,,,,Y,,A,01,0,2,0,0,0,0,0,0,0,"- ","- ",40.243919372558594,-123.09324645996094,TRINITY,UNINCORPORATED,-123.16094970703125,40.412921905517578
90921262,2019,2019-02-07,9175,2019-01-31,1445,018645,,4,2,9,5300,0,1,3,,2,013,SR-299,"SWEDE CREEK RD",2618.00,W,N,A,-,Y,,,299,,,,,,,Y,3,0,1,2,A,-,08,22107,,N,B,C,A,A,H,-,A,D,0,,,,,Y,,A,07,0,1,0,0,0,0,0,0,0,"- ","- ",40.795200347900391,-123.36412048339844,TRINITY,UNINCORPORATED,-123.36412048339844,40.795204162597656
90922501,2019,2019-02-08,9175,2019-01-29,2200,020464,,2,3,9,5300,0,1,3,,2,014,SR-299,"SUZY Q RD",2230.00,W,N,A,-,Y,,,299,,,,,,,Y,2,0,1,1,A,-,08,22107,,N,F,I,A,A,H,-,D,D,0,,,,,Y,,D,22,1,0,0,0,0,0,0,0,0,"- ","- ",40.881988525390625,-123.54425048828125,TRINITY,UNINCORPORATED,-123.54425811767578,40.881980895996094
90931730,2019,2019-02-22,9175,2019-02-13,0720,15928,,3,1,9,5300,0,1,3,,2,015,"STATE ROUTE 3","EAST WEAVER CREEK ROAD",2112.00,N,N,B,D,Y,,,,,,,,,,Y,4,0,1,1,A,-,03,22350,,N,F,A,A,C,H,-,A,D,0,,,,,Y,,A,07,0,0,1,0,0,0,0,0,0,"- ","- ",,,TRINITY,UNINCORPORATED,-122.91305541992188,40.7545166015625
90941503,2019,2019-03-07,9175,2019-03-04,2315,020683,,1,3,9,5300,0,1,3,,1,010,SR-299,"LEWISTON RD",265.00,E,N,B,-,Y,,,299,,,,,,,Y,4,0,1,1,A,-,08,22107,,N,E,I,A,B,H,-,D,D,0,,,,,Y,,A,01,0,0,1,0,0,0,0,0,0,"- ","- ",40.6727294921875,-122.86170959472656,TRINITY,UNINCORPORATED,-122.86171722412109,40.672637939453125
90946564,2019,2019-03-14,9175,2019-03-11,0004,020683,,1,3,9,5300,0,3,5,,2,002,"BRADY RD","EWING RD",214.00,E,N,A,-,N,,,,,,,,,,Y,2,0,1,1,A,-,08,22107,,N,E,I,A,A,H,-,D,D,0,,,,,Y,,A,01,1,0,0,0,0,0,0,0,0,"- ","- ",40.562110900878906,-123.17581939697266,TRINITY,UNINCORPORATED,-123.17561340332031,40.563190460205078
90984519,2019,2019-05-08,9175,2019-05-07,0755,019479,,2,1,9,5300,0,1,3,,1,011,"MAIN ST","WASHINGTON ST",0.00,,Y,A,-,Y,,,,,,,,,,Y,4,0,1,2,A,-,09,21800,A,N,B,C,A,A,H,-,A,A,0,,,,,Y,,A,01,0,0,1,0,0,0,0,0,0,"- ","- ",40.727458953857422,-122.93614196777344,TRINITY,UNINCORPORATED,-122.93621063232422,40.727451324462891
91008375,2019,2019-06-12,9175,2019-06-10,1750,019485,,1,2,9,5300,0,1,3,,1,021,"SR-3 S/B","SUMMIT CREEK RD",2112.00,N,N,A,-,Y,,,3,,,,,,S,Y,3,0,1,1,A,-,08,22107,,N,E,I,A,A,H,-,A,D,0,,,,,Y,,A,01,0,1,0,0,0,0,0,0,0,"- ","- ",40.581199645996094,-123.08422088623047,TRINITY,UNINCORPORATED,-123.08417510986328,40.581127166748047
91009221,2019,2019-10-17,9175,2019-05-10,1407,020464,,5,2,9,5300,0,3,5,,2,001,"TRINITY DAM BOULEVARD","BUCKEYE RIDGE RD",7445.00,W,N,A,-,N,,,,,,,,,,Y,1,1,1,1,A,-,03,22350,,N,F,I,A,A,H,-,A,D,0,,,,,Y,,A,01,0,1,0,0,0,0,0,0,0,"- ","- ",40.803741455078125,-122.84191131591797,TRINITY,UNINCORPORATED,-122.87957763671875,40.800064086914062
91018963,2019,2019-06-27,9175,2019-06-19,1845,018645,,3,2,9,5300,0,3,5,,2,002,"LOWER MAD RIVER RD","95TH ST",2050.00,N,N,A,-,N,,,,,,,,,,Y,4,0,1,1,A,-,08,22107,,N,F,I,A,A,H,-,A,D,0,,,,,Y,Y,A,07,0,0,1,0,0,0,0,0,0,"- ","- ",40.402191162109375,-123.46122741699219,TRINITY,UNINCORPORATED,-123.46122741699219,40.402191162109375
91021782,2019,2019-07-01,9175,2019-06-23,1745,019877,,7,2,9,5300,0,1,3,,1,021,SR-3,"WILDWOOD RD",2640.00,S,N,A,-,Y,,,3,,,,,,,Y,3,0,1,1,A,-,01,23152,A,N,E,J,A,A,H,-,A,D,0,,,,,Y,Y,A,07,0,1,0,0,0,0,0,0,0,"- ","- ",40.557628631591797,-123.11019897460938,TRINITY,UNINCORPORATED,-123.11019134521484,40.55792236328125
91025915,2019,2019-07-08,9175,2019-06-30,1520,020580,,7,2,9,5300,0,3,5,,2,001,"MADRONE LN.","HAWKINS BAR RD",528.00,E,N,A,-,N,,,,,,,,,,N,3,0,2,3,C,-,18,,,N,G,B,F,A,H,-,A,D,0,Y,,,,Y,,-,"- ",0,2,0,0,1,0,0,0,0,"- ","- ",40.878631591796875,-123.52172088623047,TRINITY,UNINCORPORATED,-123.52116394042969,40.878372192382812
91027481,2019,2019-07-09,9175,2019-06-30,1150,020464,,7,1,9,5300,0,1,3,,1,022,SR-36,"MPM 33.5, SR-36",168.00,W,N,A,-,Y,,,36,,,,,,,Y,4,0,1,2,A,-,08,22107,,N,A,C,A,A,H,-,A,D,0,,,Y,,Y,,C,02,0,0,1,0,0,0,0,0,1,"- ","- ",40.392341613769531,-123.12380981445312,TRINITY,UNINCORPORATED,-123.12380218505859,40.392326354980469
91028539,2019,2019-07-10,9175,2019-07-04,1625,019485,,4,2,9,5300,0,1,3,,1,012,"SR-299 W/B","VALDOR RD",10032.00,W,N,A,-,Y,,,299,,,,,,W,Y,3,0,1,1,A,-,01,23152,A,N,E,I,A,A,H,-,A,D,0,,,,,Y,Y,D,22,0,1,0,0,0,0,0,0,0,"- ","- ",40.765819549560547,-123.10344696044922,TRINITY,UNINCORPORATED,-123.10343170166016,40.765884399414062
91045535,2019,2019-10-01,9175,2019-07-30,1455,019485,,2,2,9,5300,0,1,3,,2,013,"SR-299 E/B","CORRAL BOTTOM RD",24288.00,W,N,A,-,Y,,,299,,,,,,E,Y,1,1,0,1,A,-,08,22107,,N,E,I,A,A,H,-,A,D,0,,,Y,,Y,,C,02,0,0,0,0,0,0,0,1,0,"- ","- ",40.76361083984375,-123.29055023193359,TRINITY,UNINCORPORATED,-123.29051971435547,40.763641357421875
91050825,2019,2019-08-13,9175,2019-08-01,1755,019877,,4,2,9,5300,0,1,3,,1,016,SR-3,"LAKE FOREST DR",1056.00,S,N,A,-,Y,,,3,,,,,,,Y,2,0,3,1,A,-,08,22107,,F,E,I,A,A,H,-,A,D,0,,,,,Y,,D,22,3,0,0,0,0,0,0,0,0,"- ","- ",40.907821655273438,-122.77690887451172,TRINITY,UNINCORPORATED,-122.77676391601562,40.907695770263672
91059230,2019,2019-10-16,9175,2019-08-18,1850,016084,,7,2,9,5300,0,1,3,,1,010,"RT 299","HOADLEY PEAKS RD",2112.00,W,N,A,-,Y,,,299,,,,,,,Y,2,0,1,2,A,-,07,21658,A,N,B,C,A,A,H,-,A,D,0,,,Y,,Y,,A,01,1,0,0,0,0,0,0,0,1,"- ","- ",40.635318756103516,-122.73341369628906,TRINITY,UNINCORPORATED,-122.7335205078125,40.635433197021484
91066333,2019,2019-09-03,9175,2019-08-31,0022,020722,,6,3,9,5300,0,1,3,,2,014,"SR-299 E/B","CAMPBELL RIDGE RD",134.00,W,N,A,-,Y,,,299,,,,,,E,N,2,0,1,2,A,-,08,22107,,F,G,B,E,A,H,-,D,D,0,Y,,,,Y,,-,99,1,0,0,0,1,0,0,0,0,"- ","- ",40.890239715576172,-123.58473205566406,TRINITY,UNINCORPORATED,-123.58480072021484,40.890285491943359
91069085,2019,2019-09-06,9175,2019-09-02,1555,020580,,1,2,9,5300,0,1,3,,1,011,SR-299,"CASTLE RD",1584.00,W,N,A,-,Y,,,299,,,,,,,Y,3,0,4,2,A,-,05,21460,A,N,A,C,A,A,H,-,A,D,0,,,,,Y,,A,01,0,4,0,0,0,0,0,0,0,"- ","- ",40.742271423339844,-122.99816131591797,TRINITY,UNINCORPORATED,-122.99817657470703,40.742252349853516
91075058,2019,2019-09-16,9175,2019-09-07,1618,018507,,6,2,9,5300,0,3,5,,2,002,"LOWER MAD RIVER RD","USFS 1S51",528.00,N,N,A,-,N,,,,,,,,,,Y,3,0,3,1,A,-,03,22350,,N,E,I,A,A,H,-,A,D,0,,,,,Y,,D,22,0,3,0,0,0,0,0,0,0,"- ","- ",40.343299865722656,-123.40589904785156,TRINITY,UNINCORPORATED,-123.40589904785156,40.343299865722656
91087140,2019,2019-09-30,9175,2019-09-21,1210,019479,,6,1,9,5300,0,3,5,,2,002,"OREGON STREET","OREGON MOUNTAIN RD",2640.00,N,N,A,-,N,,,,,,,,,,Y,2,0,3,1,A,-,08,22107,,N,E,I,A,A,H,-,A,D,0,,,,,Y,,A,08,1,1,1,0,0,0,0,0,0,"- ","- ",40.733741760253906,-122.97737121582031,TRINITY,UNINCORPORATED,-122.99407196044922,40.733470916748047
91101622,2019,2019-10-21,9175,2019-10-12,0018,020722,,6,3,9,5300,0,3,5,,2,002,"HYAMPOM RD","FOX LN",292.00,W,N,A,-,N,,,,,,,,,,Y,2,0,1,1,A,-,01,23152,A,N,E,I,A,A,H,-,D,D,0,,,,,Y,Y,D,22,1,0,0,0,0,0,0,0,0,"- ","- ",40.567268371582031,-123.23297119140625,TRINITY,UNINCORPORATED,-123.23284149169922,40.567230224609375
91102578,2019,2019-10-22,9175,2019-10-16,1905,020786,,3,2,9,5300,0,1,3,,1,011,"SR-299 W/B","CASTLE RD",55.00,E,N,C,-,Y,,,299,,,,,,W,Y,4,0,1,3,A,-,03,22350,,N,D,C,A,B,H,-,D,D,0,,,,Y,Y,,D,22,0,0,1,0,0,0,0,0,0,"- ","- ",40.723281860351562,-122.92896270751953,TRINITY,UNINCORPORATED,-122.92953491210938,40.722984313964844
91112424,2019,2019-11-04,9175,2019-11-02,0119,020786,,6,3,9,5300,0,1,3,,1,021,SR-3,"EAST RD",86.00,N,N,A,-,Y,,,3,,,,,,,Y,2,0,1,1,A,-,08,22107,,N,E,I,A,A,H,-,D,D,0,,,,,Y,,A,07,1,0,0,0,0,0,0,0,0,"- ","- ",40.557380676269531,-123.13336181640625,TRINITY,UNINCORPORATED,-123.13333892822266,40.557319641113281
91122294,2019,2019-11-18,9175,2019-11-14,2227,020786,,4,3,9,5300,0,1,3,,2,013,"SR-299 E/B","BIG FRENCH CREEK",10560.00,E,N,A,-,Y,,,299,,,,,,E,Y,3,0,1,1,A,-,08,22107,,N,E,I,A,A,H,-,D,D,0,,,,Y,Y,,G,26,0,1,0,0,0,0,0,0,0,"- ","- ",40.76702880859375,-123.29390716552734,TRINITY,UNINCORPORATED,-123.29384613037109,40.767169952392578
91128661,2019,2019-11-25,9175,2019-11-15,1910,019877,,5,2,9,5300,0,1,3,,1,011,SR-299,"GLEN RD",0.00,,Y,A,-,Y,,,299,,,,,,,Y,4,0,1,2,D,-,00,,,N,A,C,A,A,H,-,C,A,0,,,,,Y,,-,"- ",0,0,1,0,0,0,0,0,0,"- ","- ",40.722728729248047,-122.92935180664062,TRINITY,UNINCORPORATED,-122.92938995361328,40.722709655761719
91132674,2019,2019-12-02,9175,2019-11-26,1007,014636,,2,1,9,5300,0,1,3,,1,011,SR-299,"INDUSTRIAL PKY",2640.00,E,N,D,-,Y,,,299,,,,,,,Y,4,0,1,1,A,-,03,22350,,N,F,A,A,C,H,-,A,D,0,,,,,Y,,D,22,0,0,1,0,0,0,0,0,0,"- ","- ",40.704921722412109,-122.92513275146484,TRINITY,UNINCORPORATED,-122.92494964599609,40.704879760742188
91142726,2019,2019-12-13,9175,2019-12-07,0006,020722,,6,3,9,5300,0,1,3,,1,011,"SR-299 E/B","LITTLE BROWNS CREEK RD",177.00,N,N,C,-,Y,,,299,,,,,,E,Y,2,0,1,1,A,-,01,23152,A,N,F,I,A,B,H,-,D,D,0,,,,,Y,Y,A,01,1,0,0,0,0,0,0,0,0,"- ","- ",40.695980072021484,-122.92900085449219,TRINITY,UNINCORPORATED,-122.92885589599609,40.695987701416016
91149543,2019,2019-12-20,9175,2019-12-11,0830,014636,,3,1,9,5300,0,3,5,,2,002,"RIVERVIEW RD",SR-299,333.00,S,N,B,-,N,,,,,,,,,,N,3,0,1,2,A,-,09,21804,A,N,D,G,A,A,H,-,A,D,0,,Y,,,Y,,L,04,0,1,0,0,0,0,1,0,0,"- ","- ",40.652458190917969,-122.94326782226562,TRINITY,UNINCORPORATED,-122.94330596923828,40.652458190917969
91154856,2019,2019-12-30,9175,2019-12-18,2150,020786,,3,2,9,5300,0,3,5,,2,001,"TRINITY DAM BLVD","LEWISTON RD",200.00,S,N,C,-,N,,,,,,,,,,N,4,0,1,2,A,-,03,22350,,N,C,C,A,B,H,-,E,D,0,,,,,Y,,D,22,0,0,1,0,0,0,0,0,0,"- ","- ",40.702301025390625,-122.80100250244141,TRINITY,UNINCORPORATED,-122.80044555664062,40.702503204345703
91157783,2019,2020-01-02,9175,2019-12-31,2233,020683,,2,3,9,5300,0,1,3,,1,021,SR-3,"RATTLESNAKE RD",509.00,N,N,B,-,Y,,,3,,,,,,,Y,2,0,1,1,A,-,03,22350,,N,F,A,A,A,H,-,D,D,0,,,Y,,Y,,C,02,1,0,0,0,0,0,0,0,1,"- ","- ",40.467521667480469,-123.17008209228516,TRINITY,UNINCORPORATED,-123.16957092285156,40.467620849609375
91185383,2019,2020-02-12,9175,2019-12-22,2500,019479,,7,4,9,5300,0,1,3,,2,014,SR-299,"SCHOOL HOUSE RD",2112.00,W,N,B,-,Y,,,299,,,,,,,Y,1,1,0,1,A,-,08,22107,,N,E,I,A,B,H,-,D,D,0,,,,,Y,,A,01,0,0,0,0,0,0,0,0,0,"- ","- ",40.813591003417969,-123.47783660888672,TRINITY,UNINCORPORATED,-123.47835540771484,40.813980102539062
91185642,2020,2020-02-12,9175,2020-02-08,0830,019479,,6,1,9,5300,0,1,3,,1,020,SR-3,"JORDAN RD",3696.00,S,N,A,-,Y,,,3,,,,,,,Y,3,0,2,1,A,-,03,22350,,N,F,A,A,C,H,-,A,D,0,,,,,Y,,D,22,0,1,1,0,0,0,0,0,0,"- ","- ",40.616458892822266,-122.97038269042969,TRINITY,UNINCORPORATED,-122.9703369140625,40.616374969482422
91198477,2020,2020-02-28,9175,2020-02-15,2136,018507,,6,2,9,5300,0,1,3,,1,010,SR-299,"POKER BAR ROAD",1584.00,E,N,A,-,Y,,,,,,,,,,Y,4,0,1,2,A,-,06,21750,,N,D,C,A,A,H,-,D,D,0,,,,,Y,,A,07,0,0,1,0,0,0,0,0,0,"- ","- ",,,TRINITY,UNINCORPORATED,-122.87255096435547,40.672080993652344
91210485,2020,2020-03-17,9175,2020-03-10,0835,020464,,2,1,9,5300,0,1,3,,1,011,SR-299,"OREGON SPRINGS RD",1161.00,E,N,B,E,Y,,,299,,,,,,,Y,4,0,1,1,A,-,08,22107,,N,E,I,A,B,H,-,A,D,0,,,,,Y,,A,07,0,0,1,0,0,0,0,0,0,"- ","- ",40.744159698486328,-122.97608184814453,TRINITY,UNINCORPORATED,-122.97618103027344,40.744228363037109
91211330,2020,2020-03-18,9175,2020-03-08,1715,020786,,7,2,9,5300,0,3,5,,2,002,"SUMMIT CREEK RD","520 SUMMIT CRK RD",25.00,W,N,B,-,N,,,,,,,,,,N,3,0,1,1,A,-,03,22350,,N,F,I,A,A,H,-,A,D,0,,,Y,,Y,,C,02,0,1,0,0,0,0,0,0,1,"- ","- ",40.577159881591797,-123.08139801025391,TRINITY,UNINCORPORATED,,
91228311,2020,2020-04-21,9175,2020-04-13,1850,019811,,1,2,9,5300,0,3,5,,2,002,"MOUNTAIN VIEW ST.","MASONIC LN.",540.00,S,N,A,-,N,,,,,,,,,,Y,3,0,2,1,A,-,01,23152,A,F,E,I,A,A,H,-,A,D,0,,,,,Y,Y,D,22,0,2,0,0,0,0,0,0,0,"- ","- ",40.71759033203125,-122.93595886230469,TRINITY,UNINCORPORATED,-122.93580627441406,40.717639923095703
91234363,2020,2020-05-06,9175,2020-04-25,1958,020722,,6,2,9,5300,0,1,3,,1,021,"SR-3 S/B","FOREST AVE",634.00,S,N,A,-,Y,,,3,,,,,,S,N,2,0,1,1,A,-,03,22350,,N,F,A,A,A,H,-,A,D,0,,,Y,,Y,,C,02,1,0,0,0,0,0,0,0,1,"- ","- ",40.553009033203125,-123.16487884521484,TRINITY,UNINCORPORATED,-123.16488647460938,40.552959442138672
91236258,2020,2020-05-11,9175,2020-05-03,1330,019479,,7,1,9,5300,0,1,3,,1,022,SR-36,30N22,1056.00,E,N,A,-,Y,,,36,,,,,,,Y,2,0,1,1,A,-,08,22107,,N,E,I,A,A,H,-,A,D,0,,,,,Y,,A,07,1,0,0,0,0,0,0,0,0,"- ","- ",40.387760162353516,-123.07215118408203,TRINITY,UNINCORPORATED,-123.07217407226562,40.387836456298828
91238443,2020,2020-05-15,9175,2020-05-09,1530,019877,,6,2,9,5300,0,3,5,,2,002,"FOREST SERVICE RD 33N47","CORRAL BOTTOM RD",11088.00,W,N,A,-,N,,,,,,,,,,Y,2,0,2,1,A,-,08,22107,,N,F,A,A,A,H,-,A,D,0,,,,,Y,,A,01,2,0,0,0,0,0,0,0,0,"- ","- ",40.681999206542969,-123.12290191650391,TRINITY,UNINCORPORATED,,
91239587,2020,2020-05-19,9175,2020-05-12,1700,020683,,2,2,9,5300,0,1,3,,1,011,SR-299,"GLENNISON GAP RD",900.00,W,N,B,-,Y,,,299,,,,,,,Y,3,0,1,2,A,-,07,21658,A,F,F,A,A,A,H,-,A,D,0,,,,,Y,,-,99,0,1,0,0,0,0,0,0,0,"- ","- ",40.738040924072266,-122.98557281494141,TRINITY,UNINCORPORATED,-122.98557281494141,40.737911224365234
91245558,2020,2020-06-01,9175,2020-05-24,1310,019811,,7,1,9,5300,0,1,3,,2,013,SR-299,"FOREST ROUTE 4",1885.00,E,N,A,-,Y,,,299,,,,,,,Y,2,0,1,1,C,-,18,,,N,E,H,A,A,H,-,A,D,0,,,Y,,Y,,-,"- ",1,0,0,0,0,0,0,0,1,"- ","- ",40.788120269775391,-123.34760284423828,TRINITY,UNINCORPORATED,-123.34764099121094,40.788120269775391
91245562,2020,2020-06-01,9175,2020-05-25,0540,018268,,1,3,9,5300,0,1,3,,1,010,SR-299,"WILSON MOUNTAIN RD",374.00,E,N,A,-,Y,,,299,,,,,,,Y,2,0,1,1,A,-,08,22107,,M,E,I,A,A,H,-,B,D,0,,,,,Y,,D,22,1,0,0,0,0,0,0,0,0,"- ","- ",40.656429290771484,-122.91316223144531,TRINITY,UNINCORPORATED,-122.91318511962891,40.656391143798828
91247796,2020,2020-06-05,9175,2020-06-02,2040,019877,,2,2,9,5300,0,3,5,,2,002,"BRADY RD",SR-3,7920.00,W,N,A,-,N,,,,,,,,,,N,2,0,1,1,A,-,03,22350,,N,E,I,A,A,H,-,A,D,0,,,Y,,Y,,C,02,1,0,0,0,0,0,0,0,1,"- ","- ",40.575298309326172,-123.18119812011719,TRINITY,UNINCORPORATED,-123.18195343017578,40.554130554199219
91251049,2020,2020-06-11,9175,2020-06-10,1540,019877,,3,2,9,5300,0,3,5,,2,002,"MORGAN HILL RD","LOCUST ST",58.00,E,N,A,-,N,,,,,,,,,,Y,3,0,1,1,A,-,08,22107,,N,E,I,A,A,H,-,A,D,0,,,,,Y,,D,22,0,1,0,0,0,0,0,0,0,"- ","- ",40.544300079345703,-123.16709899902344,TRINITY,UNINCORPORATED,-123.1669921875,40.544170379638672
91259198,2020,2020-06-26,9175,2020-06-18,0630,019811,,4,1,9,5300,0,1,3,,1,011,SR-299,"CEMETERY RD",1665.00,E,N,A,-,Y,,,299,,,,,,,Y,4,0,1,1,A,-,08,22107,,N,F,A,A,A,H,-,A,D,0,,,,Y,Y,,G,25,0,0,1,0,0,0,0,0,0,"- ","- ",40.766780853271484,-123.11692047119141,TRINITY,UNINCORPORATED,-123.11692810058594,40.766746520996094
91260713,2020,2020-06-30,9175,2020-06-18,1930,018507,,4,2,9,5300,0,1,3,,1,012,SR-299,"EAST FORK ROAD",4752.00,W,N,A,-,Y,,,,,,,,,,Y,3,0,1,1,A,-,03,22350,,N,F,A,A,A,H,-,A,D,0,,,,Y,Y,,G,25,0,1,0,0,0,0,0,0,0,"- ","- ",40.459381103515625,-123.08183288574219,TRINITY,UNINCORPORATED,-123.13637542724609,40.765625
91262520,2020,2020-07-02,9175,2020-06-25,1530,018507,,4,2,9,5300,0,1,3,,2,014,SR-299,"GRAY CREEK ROAD",1584.00,E,N,A,-,Y,,,299,,,,,,,Y,3,0,1,1,A,-,08,22107,,N,E,I,A,A,H,-,A,D,0,,,,,Y,,A,01,0,1,0,0,0,0,0,0,0,"- ","- ",40.85150146484375,-123.48880004882812,TRINITY,UNINCORPORATED,-123.48872375488281,40.851505279541016
91265184,2020,2020-07-08,9175,2020-06-27,1623,020722,,6,2,9,5300,0,1,3,,1,022,"SR-36 W/B","TRINITY PINES DR",0.00,,Y,A,-,Y,,,36,,,,,,W,Y,2,0,1,2,A,-,09,21802,A,N,D,C,A,A,H,-,A,D,0,,,Y,,Y,,D,22,1,0,0,0,0,0,0,0,1,"- ","- ",40.403388977050781,-123.20542144775391,TRINITY,UNINCORPORATED,-123.20541381835938,40.403377532958984
91265238,2020,2020-07-08,9175,2020-07-05,1335,019479,,7,1,9,5300,0,1,3,,1,022,SR-36,SR-3,19008.00,E,N,A,-,Y,,,36,,,,,,,Y,2,0,1,1,A,-,08,22107,,N,F,A,A,A,H,-,A,D,0,,,Y,,Y,,C,02,1,0,0,0,0,0,0,0,1,"- ","- ",40.398448944091797,-123.131103515625,TRINITY,UNINCORPORATED,-123.13117218017578,40.398414611816406
91265264,2020,2020-07-08,9175,2020-07-05,0730,020363,,7,1,9,5300,0,3,5,,2,001,"TRINITY DAM BLVD","EAGLE MOUNTAIN RD.",500.00,S,N,A,-,N,,,,,,,,,,N,2,0,1,1,C,-,18,,,N,H,H,A,A,H,-,A,D,0,,,Y,,Y,,-,"- ",1,0,0,0,0,0,0,0,1,"- ","- ",40.7718505859375,-122.77951049804688,TRINITY,UNINCORPORATED,-122.78519439697266,40.764354705810547
91267379,2020,2020-07-13,9175,2020-07-04,1835,019877,,6,2,9,5300,0,1,3,,1,010,SR-299,"GRASS VALLEY LN",5280.00,W,N,A,-,Y,,,299,,,,,,,Y,3,0,3,1,A,-,08,22107,,N,E,I,A,A,H,-,A,D,0,,,,,Y,,A,01,0,2,1,0,0,0,0,0,0,"- ","- ",40.652900695800781,-122.75050354003906,TRINITY,UNINCORPORATED,-122.75048828125,40.652950286865234
91268579,2020,2020-07-14,9175,2020-07-05,2500,021253,,7,4,9,5300,0,3,5,,2,001,SR-3,"CEDAR STOCK RD",528.00,N,N,A,-,Y,,,3,,,,,,,N,4,0,1,1,A,-,01,23152,A,N,E,I,A,A,H,-,D,D,0,,,,,Y,Y,A,01,0,0,1,0,0,0,0,0,0,"- ","- ",40.848651885986328,-122.83261108398438,TRINITY,UNINCORPORATED,-122.83258056640625,40.848648071289062
91270320,2020,2020-07-17,9175,2020-07-09,0930,019811,,4,1,9,5300,0,1,3,,1,020,SR-3,"MARSHALL RANCH ROAD",0.00,,Y,A,-,Y,,,3,,,,,,,N,4,0,1,2,A,-,06,21750,A,N,B,C,A,A,H,-,A,D,0,,,,,Y,,A,07,0,0,1,0,0,0,0,0,0,"- ","- ",40.646190643310547,-122.94751739501953,TRINITY,UNINCORPORATED,-122.94753265380859,40.646194458007812
91272092,2020,2020-07-21,9175,2020-07-18,0745,020363,,6,1,9,5300,0,1,3,,1,020,SR-3,"READING CREEK RD",7656.00,S,N,A,-,Y,,,3,,,,,,,Y,3,0,1,1,A,-,08,22107,,N,E,I,A,A,H,-,A,D,0,,,,,Y,,A,01,0,1,0,0,0,0,0,0,0,"- ","- ",40.621139526367188,-122.93882751464844,TRINITY,UNINCORPORATED,-122.93907928466797,40.620948791503906
91277044,2020,2020-07-30,9175,2020-07-06,0030,020464,,1,3,9,5300,0,1,3,,1,012,SR-299,"EAST FORK ROAD",17952.00,W,N,A,-,Y,,,299,,,,,,,Y,2,0,1,1,A,-,08,22107,,F,E,I,A,A,H,-,D,D,0,,,,,Y,,A,01,1,0,0,0,0,0,0,0,0,"- ","- ",40.747631072998047,-123.17118072509766,TRINITY,UNINCORPORATED,-123.17115783691406,40.747589111328125
91277328,2020,2020-07-30,9175,2020-07-24,2210,020786,,5,3,9,5300,0,1,3,,1,020,"SR-3 N/B","DEER LICK SPRINGS RD",2112.00,S,N,A,-,Y,,,3,,,,,,N,Y,2,0,1,1,A,-,01,23152,A,N,E,I,A,A,H,-,D,D,0,,,,,Y,Y,D,22,1,0,0,0,0,0,0,0,0,"- ","- ",40.614189147949219,-122.94441223144531,TRINITY,UNINCORPORATED,-122.94442749023438,40.614173889160156
91280349,2020,2020-08-04,9175,2020-07-23,2215,020464,,4,3,9,5300,0,1,3,,1,012,SR-299,"EAST FORK ROAD",5280.00,W,N,A,-,Y,,,299,,,,,,,Y,3,0,1,2,A,-,05,21460,A,N,A,C,A,A,H,-,D,D,0,,,Y,,Y,,C,02,0,1,0,0,0,0,0,0,1,"- ","- ",40.764190673828125,-123.13713836669922,TRINITY,UNINCORPORATED,-123.13714599609375,40.764198303222656
91280467,2020,2020-08-04,9175,2020-07-26,2002,020786,,7,2,9,5300,0,3,5,,2,001,"DEADWOOD RD","JESSUP GULCH RD",3168.00,E,N,A,-,N,,,,,,,,,,N,3,0,1,1,A,-,03,22350,,N,E,I,A,A,H,-,A,D,0,,,Y,,Y,,C,02,0,1,0,0,0,0,0,0,1,"- ","- ",40.714000701904297,-122.77707672119141,TRINITY,UNINCORPORATED,-122.77753448486328,40.713981628417969
91289715,2020,2020-08-20,9175,2020-08-09,0300,018268,,7,3,9,5300,0,3,5,,2,002,"VAN DUZEN RD",SR-36,49632.00,S,N,A,-,N,,,,,,,,,,Y,2,0,2,1,A,-,01,23152,A,N,E,I,A,A,H,-,D,A,0,,,,,Y,Y,D,22,1,1,0,0,0,0,0,0,0,"- ","- ",40.346900939941406,-123.48226165771484,TRINITY,UNINCORPORATED,-123.48462677001953,40.351554870605469
91300773,2020,2020-09-08,9175,2020-08-29,1955,019877,,6,2,9,5300,0,1,3,,1,011,SR-299,"WEAVER BALLY RD",400.00,W,N,A,-,Y,,,299,,,,,,,N,4,0,1,1,C,-,18,,,N,H,H,A,A,H,-,D,D,0,,,Y,,Y,,-,"- ",0,0,1,0,0,0,0,0,1,"- ","- ",40.736400604248047,-122.9490966796875,TRINITY,UNINCORPORATED,-122.94910430908203,40.736362457275391
91304936,2020,2020-09-15,9175,2020-09-09,1940,021253,,3,2,9,5300,0,1,3,,2,015,SR-3,"ROUNDY RD",528.00,S,N,A,-,Y,,,,,,,,,,Y,4,0,1,1,A,-,01,23152,A,N,E,I,A,A,H,-,D,D,0,,,,,Y,Y,A,01,0,0,1,0,0,0,0,0,0,"- ","- ",40.742420196533203,-122.93769073486328,TRINITY,UNINCORPORATED,-122.89273834228516,40.776275634765625
91306267,2020,2020-09-17,9175,2020-09-15,2300,020683,,2,3,9,5300,0,1,3,,1,022,SR-36,SR-3,700.00,E,N,A,-,Y,,,36,,,,,,,Y,2,0,1,1,A,-,01,23152,A,N,E,I,A,A,H,-,D,D,0,,,,,Y,Y,A,07,1,0,0,0,0,0,0,0,0,"- ","- ",40.42095947265625,-123.17340850830078,TRINITY,UNINCORPORATED,-123.17325592041016,40.420845031738281
91307900,2020,2020-09-21,9175,2020-09-16,1600,016084,,3,2,9,5300,0,1,3,,1,010,"RT 299","TRINITY DAM BLVD",10032.00,E,N,F,-,Y,,,,,,,,,,Y,3,0,1,1,A,-,08,22107,,N,E,I,A,A,H,-,A,D,0,,,,,Y,,D,22,0,1,0,0,0,0,0,0,0,"- ","- ",40.391799926757812,-122.45510101318359,TRINITY,UNINCORPORATED,-122.76696014404297,40.657260894775391
91308551,2020,2020-12-09,9175,2020-09-12,0430,020464,,6,3,9,5300,0,1,3,,2,013,SR-299,"CORAL BOTTOM ROAD",13200.00,W,N,A,-,Y,,,299,,,,,,,Y,1,1,0,1,A,-,01,23152,F,N,E,I,A,A,H,-,D,D,0,,,,Y,Y,,F,55,0,0,0,0,0,0,0,0,0,"- ","- ",40.760990142822266,-123.28189849853516,TRINITY,UNINCORPORATED,-123.28190612792969,40.760982513427734
91315327,2020,2020-09-30,9175,2020-09-25,1415,020363,,5,2,9,5300,0,1,3,,1,012,SR-299,"ACORN LN",5650.00,W,N,A,-,Y,,,299,,,,,,,Y,4,0,1,1,A,-,08,22107,,N,E,I,A,A,H,-,A,D,0,,,,,Y,,A,01,0,0,1,0,0,0,0,0,0,"- ","- ",40.760608673095703,-123.09629058837891,TRINITY,UNINCORPORATED,-123.09634399414062,40.760688781738281
91332091,2020,2020-10-27,9175,2020-10-20,1600,020363,,2,2,9,5300,0,1,3,,1,021,"RATTLESNAKE RD",SR-3,4752.00,W,N,A,-,Y,,,,,,,,,,N,3,0,2,1,A,-,08,22107,,N,E,I,A,A,H,-,A,D,0,,,,,Y,,D,22,0,2,0,0,0,0,0,0,0,"- ","- ",40.465400695800781,-123.18361663818359,TRINITY,UNINCORPORATED,-123.18311309814453,40.465114593505859
91333484,2020,2021-01-06,9175,2020-10-18,1330,019877,,7,1,9,5300,0,1,3,,2,014,SR-299,"CAMPBELL RIDGE RD",800.00,W,N,A,-,Y,,,299,,,,,,,Y,4,0,2,2,A,-,03,22350,,F,C,C,A,A,H,-,A,D,0,,,,,Y,,A,01,0,0,2,0,0,0,0,0,0,"- ","- ",40.889598846435547,-123.58529663085938,TRINITY,UNINCORPORATED,-123.58528137207031,40.889591217041016
91337700,2020,2020-11-03,9175,2020-10-29,1755,019485,,4,2,9,5300,0,3,5,,2,002,"MAD RIVER RD","SOUSA RD",2640.00,S,N,A,-,N,,,,,,,,,,Y,3,0,1,1,A,-,03,22350,,N,F,A,A,A,H,-,D,D,0,,,,,Y,,D,22,0,1,0,0,0,0,0,0,0,"- ","- ",40.233039855957031,-123.30178070068359,TRINITY,UNINCORPORATED,-123.30047607421875,40.228603363037109
91341220,2020,2021-01-08,9175,2020-10-20,1955,018507,,2,2,9,5300,0,1,3,,1,021,SR-3,"SUMMIT CREEK ROAD",0.00,,N,A,-,Y,,,,,,,,,,Y,1,1,0,1,A,-,03,22350,,N,E,I,A,A,H,-,D,D,0,,,,,Y,,D,22,0,0,0,0,0,0,0,0,0,"- ","- ",40.350090026855469,-123.02111053466797,TRINITY,UNINCORPORATED,-123.09007263183594,40.576309204101562
91344659,2020,2020-11-13,9175,2020-10-30,1535,019877,,5,2,9,5300,0,3,5,,2,002,"WILDWOOD RD",SR-36,26928.00,N,N,A,-,N,,,,,,,,,,Y,3,0,1,1,A,-,08,22107,,N,F,A,A,A,H,-,A,D,0,,,,,Y,,A,01,0,1,0,0,0,0,0,0,0,"- ","- ",40.432701110839844,-123.05599975585938,TRINITY,UNINCORPORATED,-123.0555419921875,40.428596496582031
91347746,2020,2020-11-18,9175,2020-11-13,1238,018328,,5,1,9,5300,0,1,3,,1,010,SR-299,"LEWISTON RD",1056.00,E,N,B,C,Y,,,,,,,,,,Y,4,0,1,1,A,-,03,22350,,N,E,I,A,B,H,-,A,D,0,,,,,Y,,A,07,0,0,1,0,0,0,0,0,0,"- ","- ",,,TRINITY,UNINCORPORATED,-122.85880279541016,40.672622680664062
91350716,2020,2020-11-20,9175,2020-11-13,1205,016084,,5,1,9,5300,0,1,3,,2,015,"RT 3","TRINITY DAM BLVD",130.00,N,N,C,-,Y,,,,,,,,,,Y,3,0,1,1,A,-,08,22107,,N,F,A,A,B,H,-,A,D,0,,,,,Y,,D,22,0,1,0,0,0,0,0,0,0,"- ","- ",40.481899261474609,-122.53150177001953,TRINITY,UNINCORPORATED,-122.8878173828125,40.805000305175781
91352664,2020,2020-11-24,9175,2020-11-17,0805,016084,,2,1,9,5300,0,1,3,,1,010,"RT 299","LEWISTON ROAD",2112.00,E,N,C,-,Y,,,,,,,,,,Y,4,0,1,1,A,-,03,22350,,N,E,I,A,B,H,-,A,D,0,,,,,Y,,A,01,0,0,1,0,0,0,0,0,0,"- ","- ",40.402599334716797,-122.51200103759766,TRINITY,UNINCORPORATED,-122.8555908203125,40.673992156982422
91354059,2020,2020-11-25,9175,2020-11-16,2500,016084,,1,4,9,5300,0,1,3,,1,020,"RT 3","DEERLICK SPRINGS ROAD",148.00,S,N,B,-,Y,,,3,,,,,,,Y,1,1,0,1,A,-,08,22107,,N,E,I,A,B,H,-,A,D,0,,,,,Y,,D,22,0,0,0,0,0,0,0,0,0,"- ","- ",40.612701416015625,-122.9385986328125,TRINITY,UNINCORPORATED,-122.93858337402344,40.612838745117188
91358027,2020,2020-12-03,9175,2020-12-01,1830,019877,,2,2,9,5300,0,1,3,,2,014,SR-299,"SOUTH FORK RD",1200.00,E,N,A,-,Y,,,299,,,,,,,Y,4,0,1,1,C,-,18,,,N,H,H,A,A,H,-,D,D,0,,,,,Y,,-,"- ",0,0,1,0,0,0,0,0,0,"- ","- ",40.888618469238281,-123.59465026855469,TRINITY,UNINCORPORATED,-123.5946044921875,40.888778686523438
91362052,2020,2020-12-09,9175,2020-11-28,1930,020683,,6,2,9,5300,0,3,5,,2,001,"RUSH CREEK ROAD","RUSH CREEK DRIVE",8976.00,E,N,A,-,N,,,,,,,,,,Y,2,0,3,1,A,-,03,22350,,N,E,I,A,C,H,-,D,D,0,,,,,Y,,A,07,1,1,1,0,0,0,0,0,0,"- ","- ",40.780048370361328,-122.86891937255859,TRINITY,UNINCORPORATED,-122.87192535400391,40.779140472412109
91375601,2020,2020-12-28,9175,2020-12-17,2134,020786,,4,2,9,5300,0,1,3,,1,011,"SR-299 EB","INDUSTRIAL PKY",2112.00,E,N,B,-,Y,,,299,,,,,,E,Y,2,0,1,1,A,-,08,22107,,N,E,I,A,B,H,-,D,D,0,,,,,Y,,A,01,1,0,0,0,0,0,0,0,0,"- ","- ",40.703678131103516,-122.92526245117188,TRINITY,UNINCORPORATED,-122.92519378662109,40.703666687011719
91388110,2021,2021-01-15,9175,2021-01-13,2215,020363,,3,3,9,5300,0,3,5,,2,002,"OREGON ST","DEMOCRAT GULCH RD",1056.00,N,N,B,-,N,,,,,,,,,,Y,2,0,2,1,A,-,08,22107,,N,E,I,A,B,H,-,D,D,0,,,,,Y,,D,22,1,1,0,0,0,0,0,0,0,"- ","- ",40.733318328857422,-122.96450805664062,TRINITY,UNINCORPORATED,-122.95742797851562,40.731689453125
91400965,2021,2021-02-02,9175,2021-01-31,0015,020683,,7,3,9,5300,0,3,5,,2,002,"OREGON ST","SAM LEE DR",10.00,N,N,B,-,N,,,,,,,,,,Y,3,0,1,1,A,-,01,23152,A,N,E,I,A,B,H,-,D,D,0,,,,,Y,Y,D,22,0,1,0,0,0,0,0,0,0,"- ","- ",40.727668762207031,-122.94483184814453,TRINITY,UNINCORPORATED,-122.94489288330078,40.727718353271484
91408927,2021,2021-02-16,9175,2021-02-07,2300,021253,,7,3,9,5300,0,1,3,,1,021,SR-3,"DEER LICK SPRINGS RD",3696.00,S,N,A,-,Y,,,3,,,,,,,Y,2,0,3,1,A,-,08,22107,,F,E,J,A,A,H,-,D,D,0,,,,,Y,,A,01,1,1,1,0,0,0,0,0,0,"- ","- ",40.615699768066406,-122.94658660888672,TRINITY,UNINCORPORATED,-122.94650268554688,40.615737915039062
91413774,2021,2021-02-23,9175,2021-02-21,1315,019479,,7,1,9,5300,0,1,3,,1,020,SR-3,"GOODYEAR ROAD",250.00,S,N,A,-,Y,,,3,,,,,,,Y,3,0,1,1,A,-,08,22107,,N,E,I,A,A,H,-,A,D,0,,,,,Y,,A,01,0,1,0,0,0,0,0,0,0,"- ","- ",40.637588500976562,-122.94663238525391,TRINITY,UNINCORPORATED,-122.94679260253906,40.637489318847656
91415486,2021,2021-02-25,9175,2021-02-19,0720,019811,,5,1,9,5300,0,1,3,,1,021,SR-3,"EAST ROAD",1435.00,N,N,B,-,Y,,,3,,,,,,,Y,2,0,1,1,A,-,08,22107,,N,E,I,A,B,H,-,A,D,0,,,,,Y,,A,01,1,0,0,0,0,0,0,0,0,"- ","- ",40.558208465576172,-123.12969970703125,TRINITY,UNINCORPORATED,-123.12969207763672,40.558151245117188
91416731,2021,2021-02-26,9175,2021-02-18,0900,15928,,4,1,9,5300,0,1,3,,1,021,"STATE ROUTE 3","ROURKE RANCH ROAD",1584.00,S,N,B,C,Y,,,,,,,,,,Y,4,0,1,1,A,-,08,22107,,N,E,I,A,C,H,-,A,D,0,,,,,Y,,D,22,0,0,1,0,0,0,0,0,0,"- ","- ",40.331050872802734,-123.10455322265625,TRINITY,UNINCORPORATED,-123.18537902832031,40.534091949462891
91424481,2021,2021-03-10,9175,2021-03-10,0932,016084,,3,1,9,5300,0,1,3,,1,011,"RT 299","MOUNTAIN VIEW ST",400.00,E,N,A,-,Y,,,299,,,,,,,Y,3,0,2,2,A,-,09,21804,A,N,A,C,A,A,H,-,A,D,0,,,,,Y,,D,22,0,2,0,0,0,0,0,0,0,"- ","- ",40.724849700927734,-122.93100738525391,TRINITY,UNINCORPORATED,-122.93102264404297,40.724819183349609
91438733,2021,2021-03-29,9175,2021-03-19,1725,020464,,5,2,9,5300,0,3,5,,2,002,"RED HILL ROAD","SENGER RD",850.00,E,N,B,-,N,,,,,,,,,,Y,3,0,1,1,A,-,08,22107,,N,E,I,A,A,H,-,A,D,0,,,,,Y,,D,22,0,1,0,0,0,0,0,0,0,"- ","- ",40.746688842773438,-123.07678985595703,TRINITY,UNINCORPORATED,-123.07701110839844,40.746601104736328
91458204,2021,2021-04-26,9175,2021-04-23,1510,021253,,5,2,9,5300,0,1,3,,1,022,SR-36,"FOREST GLEN DR",2112.00,E,N,A,-,Y,,,36,,,,,,,Y,3,0,2,1,A,-,01,23152,A,N,E,I,A,A,H,-,A,D,0,,,,,Y,Y,A,07,0,1,1,0,0,0,0,0,0,"- ","- ",40.376670837402344,-123.30137634277344,TRINITY,UNINCORPORATED,-123.30141448974609,40.376693725585938
91458528,2021,2021-06-04,9175,2021-04-10,2500,019811,,6,4,9,5300,0,1,3,,1,012,SR-299,"CORRAL BOTTOM RD",3168.00,E,N,A,-,Y,,,299,,,,,,,Y,1,1,0,1,A,-,08,22107,,N,E,I,A,A,H,-,D,D,0,,,,,Y,,A,07,0,0,0,0,0,0,0,0,0,"- ","- ",40.739089965820312,-123.23995971679688,TRINITY,UNINCORPORATED,-123.23995971679688,40.739238739013672
91463068,2021,2021-04-30,9175,2021-04-29,0145,020363,,4,3,9,5300,0,3,5,,2,001,CA-299,"DAVIS RD",50.00,E,N,A,-,Y,,,,,,,,,,Y,3,0,1,1,A,-,08,22107,,N,E,I,A,A,H,-,D,D,0,,,,,Y,,D,22,0,1,0,0,0,0,0,0,0,"- ","- ",40.717350006103516,-122.92693328857422,TRINITY,UNINCORPORATED,-122.92685699462891,40.717491149902344
91466138,2021,2021-05-05,9175,2021-04-30,1900,020722,,5,2,9,5300,0,1,3,,1,020,"SR-3 S/B","SUMMIT CREEK RD",3168.00,N,N,A,-,Y,,,3,,,,,,S,Y,3,0,1,1,A,-,08,22107,,N,E,I,A,A,H,-,A,D,0,,,,,Y,,A,07,0,1,0,0,0,0,0,0,0,"- ","- ",40.600101470947266,-123.00746154785156,TRINITY,UNINCORPORATED,-123.00740051269531,40.600044250488281
91469904,2021,2021-05-11,9175,2021-04-30,1509,018507,,5,2,9,5300,0,1,3,,2,013,SR-299,"FRIEDRICH RD",2640.00,E,N,A,-,Y,,,,,,,,,,Y,4,0,1,1,A,-,08,22107,,N,F,A,A,A,H,-,A,D,0,,,,,Y,,A,01,0,0,1,0,0,0,0,0,0,"- ","- ",,,TRINITY,UNINCORPORATED,-123.43753051757812,40.790622711181641
91473733,2021,2021-05-27,9175,2021-05-03,1555,018645,,1,2,9,5300,0,1,3,,1,011,SR-299,"LITTLE BROWNS CREEK ROAD",470.00,W,N,A,-,Y,,,299,,,,,,,Y,3,0,3,3,A,-,01,23152,A,N,A,C,A,A,H,-,A,D,0,,,,,Y,Y,A,01,0,3,0,0,0,0,0,0,0,"- ","- ",40.695960998535156,-122.92872619628906,TRINITY,UNINCORPORATED,-122.92885589599609,40.695953369140625
91476400,2021,2021-06-08,9175,2021-05-16,1805,020722,,7,2,9,5300,0,1,3,,2,015,SR-3,"GRANITE PEAK RD",200.00,S,N,A,-,Y,,,3,,,,,,,Y,4,0,1,2,A,-,05,21460,A,N,A,C,A,A,H,-,A,D,0,,,,,Y,,D,22,0,0,1,0,0,0,0,0,0,"- ","- ",40.855800628662109,-122.82219696044922,TRINITY,UNINCORPORATED,-122.82219696044922,40.855796813964844
91477967,2021,2021-05-27,9175,2021-05-17,0730,016084,,1,1,9,5300,0,1,3,,1,010,"RT 299","STATE ROUTE 3",528.00,E,N,A,-,Y,,,,,,,,,,Y,4,0,1,1,C,-,18,,,N,H,A,A,A,H,-,A,D,0,,,,,Y,,-,"- ",0,0,1,0,0,0,0,0,0,"- ","- ",,,TRINITY,UNINCORPORATED,-122.94001007080078,40.731372833251953
91481226,2021,2021-05-27,9175,2021-05-21,1035,018268,,5,1,9,5300,0,1,3,,2,014,SR-299,"HENNESSEY RD",125.00,W,N,A,-,Y,,,299,,,,,,,Y,2,0,3,2,A,-,09,21804,A,N,D,C,A,A,H,-,A,D,0,,,,,Y,,A,07,2,1,0,0,0,0,0,0,0,"- ","- ",40.822288513183594,-123.48356628417969,TRINITY,UNINCORPORATED,-123.48352813720703,40.822307586669922
91495081,2021,2021-06-11,9175,2021-06-10,1915,020786,,4,2,9,5300,0,3,5,,2,001,"DENNY RD SB",SR-299,1584.00,N,N,A,-,N,,,,,,,,,,N,3,0,1,1,A,-,03,22350,,N,F,A,A,A,B,-,D,D,0,,,Y,,Y,,C,02,0,1,0,0,0,0,0,0,1,"- ","- ",40.870159149169922,-123.52088928222656,TRINITY,UNINCORPORATED,-123.51792907714844,40.868381500244141
91495173,2021,2021-09-21,9175,2021-05-10,0001,021253,,1,3,9,5300,0,1,3,,1,021,SR-3,"ROURKE RANCH ROAD",2640.00,S,N,A,-,Y,,,3,,,,,,,Y,1,1,2,2,A,-,01,23152,A,N,A,C,A,A,H,-,D,D,0,,,,,Y,Y,A,01,2,0,0,0,0,0,0,0,0,"- ","- ",40.531051635742188,-123.18350982666016,TRINITY,UNINCORPORATED,-123.18353271484375,40.531040191650391
91495999,2021,2021-06-14,9175,2021-06-09,0115,021253,,3,3,9,5300,0,3,5,,2,002,"TULE CREEK ROAD","JESSIE ROAD",1584.00,W,N,A,-,N,,,,,,,,,,Y,2,0,1,1,A,-,01,23152,A,N,E,I,A,A,H,-,D,D,0,,,,,Y,Y,A,08,1,0,0,0,0,0,0,0,0,"- ","- ",40.544078826904297,-123.21331024169922,TRINITY,UNINCORPORATED,-123.21260833740234,40.544509887695312
91496619,2021,2021-06-14,9175,2021-06-11,0248,020786,,5,3,9,5300,0,1,3,,2,014,"SR-299 WB","DENNY RD",2640.00,W,N,A,-,Y,,,299,,,,,,W,Y,3,0,1,1,A,-,01,23152,A,N,E,I,A,A,H,-,D,D,0,,,,,Y,Y,A,01,0,1,0,0,0,0,0,0,0,"- ","- ",40.872550964355469,-123.53025054931641,TRINITY,UNINCORPORATED,-123.53025054931641,40.872528076171875
91500432,2021,2021-06-18,9175,2021-06-15,1730,016084,,2,2,9,5300,0,3,5,,2,002,"USFS ROAD 3S34","USFS ROAD 2S05",528.00,S,N,A,-,N,,,,,,,,,,Y,3,0,1,1,A,-,17,21662,A,N,F,I,A,A,E,-,A,D,0,,,,,Y,,A,01,0,1,0,0,0,0,0,0,0,"- ","- ",40.172500610351562,-123.31043243408203,TRINITY,UNINCORPORATED,,
91502575,2021,2021-06-22,9175,2021-06-09,1725,019877,,3,2,9,5300,0,1,3,,1,011,SR-299,SR-3,20.00,E,N,B,C,Y,,,299,,,,,,,N,2,0,1,2,A,-,10,21950,A,N,G,B,B,B,H,-,A,A,0,Y,,,,Y,,A,07,1,0,0,0,1,0,0,0,0,"- ","- ",40.732688903808594,-122.94049835205078,TRINITY,UNINCORPORATED,-122.94048309326172,40.732696533203125
91503188,2021,2021-06-22,9175,2021-06-18,0429,020786,,5,3,9,5300,0,1,3,,2,013,"SR-299 WB","PRAIRIE CREEK RD",2640.00,W,N,A,-,Y,,,299,,,,,,W,Y,3,0,1,1,A,-,08,22107,,N,E,I,A,A,H,-,D,D,0,,,,,Y,,D,22,0,1,0,0,0,0,0,0,0,"- ","- ",40.766288757324219,-123.30496978759766,TRINITY,UNINCORPORATED,-123.30496978759766,40.766277313232422
91509138,2021,2021-06-29,9175,2021-06-21,2500,015928,,1,4,9,5300,0,1,3,,1,022,"STATE ROUTE 36","USFS ROAD 1S02",33.00,E,N,A,-,Y,,,,,,,,,,Y,2,0,1,1,A,-,08,22107,,N,E,I,A,A,H,-,A,D,0,,,,,Y,,A,01,1,0,0,0,0,0,0,0,0,"- ","- ",40.232509613037109,-123.23504638671875,TRINITY,UNINCORPORATED,,
91513908,2021,2021-07-06,9175,2021-07-03,1650,019877,,6,2,9,5300,0,1,3,,1,020,SR-3,"DEER LICK SPRINGS RD.",5280.00,S,N,A,-,Y,,,3,,,,,,,N,4,0,1,1,A,-,08,22107,,N,E,I,A,A,H,-,A,D,0,,,,,Y,,A,01,0,0,1,0,0,0,0,0,0,"- ","- ",40.622138977050781,-122.94777679443359,TRINITY,UNINCORPORATED,-122.94778442382812,40.622032165527344
91514611,2021,2021-07-07,9175,2021-07-04,0130,020683,,7,3,9,5300,0,1,3,,2,015,SR-3,"MULE CREEK ROAD",550.00,N,N,A,-,Y,,,3,,,,,,,Y,4,0,1,1,A,-,08,22107,,N,E,I,A,A,H,-,D,D,0,,,,,Y,,D,22,0,0,1,0,0,0,0,0,0,"- ","- ",40.868190765380859,-122.81075286865234,TRINITY,UNINCORPORATED,-122.81067657470703,40.868206024169922
91514638,2021,2021-07-07,9175,2021-07-06,1520,019485,,2,2,9,5300,0,1,3,,2,015,"SR-3 S/B","TRINITY DAM BLVD",50.00,N,N,A,-,Y,,,3,,,,,,S,Y,3,0,1,1,A,-,08,22107,,N,F,A,A,A,H,-,A,D,0,,,Y,,Y,,C,02,0,1,0,0,0,0,0,0,1,"- ","- ",40.804920196533203,-122.88803863525391,TRINITY,UNINCORPORATED,-122.88800811767578,40.804874420166016
91517104,2021,2021-07-09,9175,2021-07-01,1454,018507,,4,2,9,5300,0,1,3,,1,012,SR-299,"VALDOR ROAD",2640.00,W,N,A,-,Y,,,299,,,,,,,Y,3,0,1,2,A,-,05,21460,A,N,D,C,A,A,H,-,A,D,0,,,,,Y,,A,01,0,1,0,0,0,0,0,0,0,"- ","- ",40.768230438232422,-123.08648681640625,TRINITY,UNINCORPORATED,-123.08649444580078,40.768207550048828
91519042,2021,2021-07-13,9175,2021-07-01,1215,019811,,4,1,9,5300,0,1,3,,2,014,SR-299,"MADRONE ST.",3168.00,E,N,A,-,Y,,,299,,,,,,,Y,3,0,3,2,A,-,05,21460,A,N,A,C,A,A,H,-,A,D,0,,,,,Y,,A,07,0,2,1,0,0,0,0,0,0,"- ","- ",40.889499664306641,-123.56960296630859,TRINITY,UNINCORPORATED,-123.56960296630859,40.889484405517578
91519980,2021,2021-07-14,9175,2021-07-10,1800,019877,,6,2,9,5300,0,1,3,,1,010,SR-299,"INDIAN CREEK RANCH RD.",59.00,W,N,A,-,Y,,,299,,,,,,,Y,3,0,3,2,A,-,01,23152,A,F,C,C,A,A,H,-,A,D,0,,,,,Y,Y,D,22,0,1,2,0,0,0,0,0,0,"- ","- ",40.657119750976562,-122.91419982910156,TRINITY,UNINCORPORATED,-122.91419982910156,40.657123565673828
91519990,2021,2021-07-14,9175,2021-07-12,0845,016084,,1,1,9,5300,0,1,3,,1,022,"RT 3","SUMITT CREEK ROAD",2112.00,S,N,A,-,Y,,,,,,,,,,Y,3,0,1,1,A,-,08,22107,,N,F,A,A,A,H,-,A,D,0,,,Y,,Y,,C,02,0,1,0,0,0,0,0,0,1,"- ","- ",,,TRINITY,UNINCORPORATED,-123.09636688232422,40.573066711425781
91521818,2021,2021-07-16,9175,2021-07-07,2250,021253,,3,3,9,5300,0,1,3,,1,012,SR-299,"CASTLE ROAD",264.00,E,N,A,-,Y,,,299,,,,,,,Y,3,0,1,1,A,-,01,23152,A,N,E,I,A,A,H,-,D,D,0,,,,,Y,Y,A,07,0,1,0,0,0,0,0,0,0,"- ","- ",40.737468719482422,-123.00038909912109,TRINITY,UNINCORPORATED,-123.00035095214844,40.737548828125
91524858,2021,2022-05-06,9175,2021-07-14,1140,020464,,3,1,9,5300,0,1,3,,1,022,SR-36,"SOUTH FORK MOUNTAIN ROAD",10032.00,W,N,A,-,Y,,,36,,,,,,,N,1,1,0,1,A,-,08,22107,,N,E,I,A,A,H,-,A,D,0,,,Y,,Y,,C,02,0,0,0,0,0,0,0,1,0,"- ","- ",40.406970977783203,-123.44725036621094,TRINITY,UNINCORPORATED,-123.4471435546875,40.407039642333984
91526602,2021,2021-07-22,9175,2021-07-21,2050,016084,,3,2,9,5300,0,1,3,,2,014,"RT 299","DENNY ROAD",5808.00,W,N,A,-,Y,,,,,,,,,,Y,3,0,1,1,C,-,18,,,N,H,H,A,A,H,-,D,D,0,,,Y,,Y,,-,"- ",0,1,0,0,0,0,0,0,1,"- ","- ",,,TRINITY,UNINCORPORATED,-123.53913879394531,40.878349304199219
91531710,2021,2021-07-29,9175,2021-07-26,1910,019877,,1,2,9,5300,0,3,5,,2,002,"HYAMPOM RD.",SR-3,13200.00,W,N,A,-,Y,,,,,,,,,,Y,4,0,1,1,A,-,08,22107,,N,F,A,A,A,H,-,A,D,0,,,,,Y,,D,22,0,0,1,0,0,0,0,0,0,"- ","- ",40.557979583740234,-123.22856140136719,TRINITY,UNINCORPORATED,-123.23514556884766,40.560760498046875
91543935,2021,2021-08-12,9175,2021-08-02,1825,019479,,1,2,9,5300,0,1,3,,2,015,SR-3,"RUSH CREEK ROAD",1584.00,N,N,A,-,Y,,,3,,,,,,,Y,4,0,1,1,A,-,01,23152,A,N,E,I,A,A,H,-,A,D,0,,,,,Y,Y,D,22,0,0,1,0,0,0,0,0,0,"- ","- ",40.797119140625,-122.88847351074219,TRINITY,UNINCORPORATED,-122.88854217529297,40.797100067138672
91544950,2021,2021-08-16,9175,2021-06-12,0030,020786,,6,3,9,5300,0,1,3,,2,014,"SR-299 WB","CAMPBELL RIDGE RD",489.00,E,N,B,-,Y,,,299,,,,,,W,Y,1,1,1,1,A,-,08,22107,,N,E,I,A,B,H,-,D,D,0,,,,,Y,Y,A,01,1,0,0,0,0,0,0,0,0,"- ","- ",40.891780853271484,-123.58383941650391,TRINITY,UNINCORPORATED,-123.58377075195312,40.891712188720703
91550167,2021,2021-08-20,9175,2021-08-16,1545,018268,,1,2,9,5300,0,3,5,,2,002,"HASTINGS TIE RD",SR-36,39072.00,N,N,A,-,N,,,,,,,,,,Y,2,0,1,1,A,-,03,22350,,N,F,I,A,A,A,B,A,D,0,,,Y,,Y,,C,02,1,0,0,0,0,0,0,0,1,"- ","- ",40.314601898193359,-123.30400085449219,TRINITY,UNINCORPORATED,-123.50663757324219,40.525112152099609
91550481,2021,2021-08-20,9175,2021-07-09,1540,020363,,5,2,9,5300,0,3,5,,2,002,"CORRAL BOTTOM ROAD","OLSEN CREEK ROAD",14256.00,N,N,A,-,N,,,,,,,,,,Y,1,1,0,1,A,-,01,23152,A,N,E,I,A,A,H,-,A,D,0,,,,,Y,Y,A,01,0,0,0,0,0,0,0,0,0,"- ","- ",40.661479949951172,-123.44654846191406,TRINITY,UNINCORPORATED,-123.44297027587891,40.648227691650391
91554934,2021,2021-08-26,9175,2021-08-16,0520,020786,,1,3,9,5300,0,1,3,,1,020,SR-3,"BROWNS CREEK RANCH RD",66.00,N,N,A,-,Y,,,,,,,,,,Y,3,0,1,1,A,-,08,22107,,N,E,I,A,A,H,-,D,D,0,,,,,Y,,D,22,0,1,0,0,0,0,0,0,0,"- ","- ",40.622051239013672,-122.94159698486328,TRINITY,UNINCORPORATED,,
91559556,2021,2021-08-31,9175,2021-08-27,0855,016084,,5,1,9,5300,0,1,3,,1,011,"RT 299","MARTIN ROAD",185.00,W,N,A,-,Y,,,,,,,,,,N,3,0,1,1,A,-,08,22107,,N,F,A,A,A,H,-,A,D,0,,,Y,,Y,,C,02,0,1,0,0,0,0,0,0,1,"- ","- ",40.431598663330078,-122.55419921875,TRINITY,UNINCORPORATED,-122.92845153808594,40.720756530761719
91559585,2021,2021-08-31,9175,2021-08-27,2130,021253,,5,2,9,5300,0,3,5,,2,002,"LOWER MAD RIVER ROAD","95TH STREET",1000.00,N,N,A,-,N,,,,,,,,,,Y,4,0,1,1,A,-,08,22107,,N,E,I,A,A,H,-,D,D,0,,,,,Y,,-,99,0,0,1,0,0,0,0,0,0,"- ","- ",,,TRINITY,UNINCORPORATED,-123.45945739746094,40.400131225585938
91572163,2021,2021-09-16,9175,2021-09-07,2120,019485,,2,2,9,5300,0,1,3,,1,021,"SR-3 S/B","WILDWOOD RD",1584.00,S,N,A,-,Y,,,3,,,,,,S,Y,3,0,1,1,A,-,08,22107,,N,F,A,A,A,H,-,D,D,0,,,,,Y,,A,01,0,1,0,0,0,0,0,0,0,"- ","- ",40.558891296386719,-123.10645294189453,TRINITY,UNINCORPORATED,-123.10653686523438,40.558982849121094
91575709,2021,2021-09-21,9175,2021-09-20,2100,020683,,1,2,9,5300,0,1,3,,2,015,SR-3,"TANNERY GULCH RD",2640.00,N,N,A,-,Y,,,3,,,,,,,N,4,0,1,1,A,-,08,22107,,N,E,I,A,A,H,-,D,D,0,,,,,Y,,D,22,0,0,1,0,0,0,0,0,0,"- ","- ",40.841678619384766,-122.85610198974609,TRINITY,UNINCORPORATED,-122.85610198974609,40.841678619384766
91575951,2021,2021-09-21,9175,2021-09-09,0720,020464,,4,1,9,5300,0,1,3,,1,010,SR-299,"FAWN LODGE ROAD",1546.00,E,N,A,-,Y,,,299,,,,,,,Y,2,0,1,1,A,-,08,22107,,N,F,A,A,A,H,-,A,D,0,,,,Y,Y,,G,26,1,0,0,0,0,0,0,0,0,"- ","- ",40.672969818115234,-122.82514190673828,TRINITY,UNINCORPORATED,-122.82523345947266,40.672889709472656
91579030,2021,2021-09-24,9175,2021-09-16,2255,019485,,4,3,9,5300,0,1,3,,1,010,SR-299,"STEELE BRIDGE RD",1584.00,E,N,A,-,Y,,,299,,,,,,,Y,3,0,1,1,A,-,01,23152,A,N,E,I,A,A,H,-,D,D,0,,,,,Y,Y,D,22,0,1,0,0,0,0,0,0,0,"- ","- ",40.662010192871094,-122.89597320556641,TRINITY,UNINCORPORATED,-122.89592742919922,40.662040710449219
91583631,2021,2021-09-30,9175,2021-09-27,2200,020683,,1,3,9,5300,0,1,3,,1,010,SR-29940.64520,"BUCKHORN STATION LOOP",13728.00,E,N,C,-,N,,,,,,,,,,Y,4,0,1,1,A,-,08,22107,,N,E,I,A,B,H,-,D,D,0,,,,,Y,,A,01,0,0,1,0,0,0,0,0,0,"- ","- ",40.645198822021484,-122.74742126464844,TRINITY,UNINCORPORATED,,
91597694,2021,2021-10-15,9175,2021-10-01,0130,019485,,5,3,9,5300,0,1,3,,1,021,SR-3,"WILDWOOD RD",1584.00,S,N,A,-,Y,,,3,,,,,,,Y,3,0,1,1,A,-,01,23152,A,N,E,I,A,A,H,-,C,D,0,,,,,Y,Y,A,01,0,1,0,0,0,0,0,0,0,"- ","- ",40.559299468994141,-123.10617065429688,TRINITY,UNINCORPORATED,-123.10625457763672,40.559349060058594
91601368,2021,2021-10-20,9175,2021-10-09,1525,019877,,6,2,9,5300,0,1,3,,1,011,SR-299,"WEAVER ST",1500.00,W,N,A,-,Y,,,299,,,,,,,N,3,0,1,2,A,-,10,21950,A,N,G,B,B,A,H,-,A,A,0,Y,,,,Y,,A,07,0,1,0,0,1,0,0,0,0,"- ","- ",40.727359771728516,-122.93627166748047,TRINITY,UNINCORPORATED,-122.93622589111328,40.727436065673828
91614940,2021,2021-11-03,9175,2021-10-29,0550,020464,,5,3,9,5300,0,1,3,,1,011,SR-299,"CASTLE ROAD",105.00,E,N,B,E,Y,,,299,,,,,,,Y,3,0,2,2,A,-,08,22107,,N,B,2,A,B,H,-,D,D,0,,,,,Y,,D,22,0,2,0,0,0,0,0,0,0,"- ","- ",40.737419128417969,-123.00000762939453,TRINITY,UNINCORPORATED,-123.00000762939453,40.737438201904297
91616233,2021,2021-11-04,9175,2021-08-12,2215,021253,,4,3,9,5300,0,1,3,,1,021,"STATE ROUTE 3","ROURKE RANCH ROAD",5808.00,S,N,A,-,Y,,,,,,,,,,Y,1,1,0,1,A,-,01,23152,A,N,E,I,A,A,H,-,D,D,0,,,,,Y,Y,D,22,0,0,0,0,0,0,0,0,0,"- ","- ",40.517440795898438,-123.17472839355469,TRINITY,UNINCORPORATED,-123.18047332763672,40.523281097412109
91616327,2021,2021-11-04,9175,2021-09-24,1825,019485,,5,2,9,5300,0,1,3,,1,021,"STATE ROUTE 3","HAYFORK DUMP RD.",2640.00,S,N,A,-,Y,,,3,,,,,,,Y,1,1,1,1,A,-,01,23152,A,N,E,8,A,A,H,-,B,D,0,,,,,Y,Y,A,01,1,0,0,0,0,0,0,0,0,"- ","- ",40.5330810546875,-123.18466186523438,TRINITY,UNINCORPORATED,-123.18461608886719,40.533111572265625
91618451,2021,2021-11-08,9175,2021-10-29,2048,020786,,5,2,9,5300,0,1,3,,1,010,"SR-299 E/B","FAWN LODGE RD",1056.00,W,N,B,-,Y,,,299,,,,,,E,Y,3,0,2,1,A,-,08,22107,,N,E,I,A,B,H,-,D,D,0,,,,,Y,,A,01,0,2,0,0,0,0,0,0,0,"- ","- ",40.674461364746094,-122.83693695068359,TRINITY,UNINCORPORATED,-122.83693695068359,40.674526214599609
91625753,2021,2021-11-16,9175,2021-11-12,1750,019485,,5,2,9,5300,0,1,3,,1,011,SR-299,SR-3,250.00,W,N,A,-,Y,,,299,,,,,,,N,3,0,1,2,A,-,10,21950,A,N,G,B,C,A,H,-,C,D,0,Y,,,,Y,,E,22,0,1,0,0,1,0,0,0,0,"- ","- ",40.733570098876953,-122.94081878662109,TRINITY,UNINCORPORATED,-122.94078063964844,40.73358154296875
91627603,2021,2021-11-17,9175,2021-11-03,1045,015928,,3,1,9,5300,0,1,3,,2,014,"STATE ROUTE 299","BRIDGE 5-81 (RAYMOND A. NACHAND MEMORIAL BRIDGE)",80.00,E,N,A,-,Y,,,,,,,,,,Y,4,0,1,1,A,-,01,23152,A,N,E,8,A,A,H,-,A,D,0,,,,,Y,Y,D,22,0,0,1,0,0,0,0,0,0,"- ","- ",40.53350830078125,-123.33135223388672,TRINITY,UNINCORPORATED,,
91641903,2021,2021-12-03,9175,2021-12-02,0730,016084,,4,1,9,5300,0,1,3,,1,010,"STATE HIGHWAY 299 EAST OF MPM 60.50","STEEL BRIDGE ROAD",2640.00,W,N,B,-,Y,,,,,,,,,,Y,2,0,1,1,A,-,01,23152,A,N,E,I,A,B,H,-,A,D,0,,,,,Y,Y,A,01,1,0,0,0,0,0,0,0,0,"- ","- ",40.391300201416016,-122.53520202636719,TRINITY,UNINCORPORATED,-122.89930725097656,40.653289794921875
91645723,2021,2021-12-07,9175,2021-12-01,1300,020464,,3,1,9,5300,0,1,3,,1,021,SR-3,"TRINITY ST.",0.00,,Y,A,-,Y,,,3,,,,,,,Y,4,0,2,2,A,-,12,22450,A,N,D,C,A,A,H,-,A,A,0,,,,,Y,,A,01,0,0,2,0,0,0,0,0,0,"- ","- ",40.553268432617188,-123.16761779785156,TRINITY,UNINCORPORATED,-123.1676025390625,40.553375244140625
91647591,2021,2021-12-09,9175,2021-12-01,0110,020363,,3,3,9,5300,0,1,3,,1,021,SR-3,"HYAMPOM RD",75.00,S,N,B,-,Y,,,3,,,,,,,N,4,0,1,1,A,-,01,23152,A,N,E,8,A,A,H,-,D,D,0,,,,,Y,Y,A,01,0,0,1,0,0,0,0,0,0,"- ","- ",40.552730560302734,-123.19051361083984,TRINITY,UNINCORPORATED,-123.19059753417969,40.552852630615234
91648944,2021,2021-12-10,9175,2021-11-28,2126,020786,,7,2,9,5300,0,3,5,,2,001,"HAYLOCK RIDGE RD","TRINITY DAM BLVD",6336.00,N,N,B,-,N,,,,,,,,,,Y,4,0,1,1,A,-,01,23152,A,N,E,I,A,D,H,-,D,D,0,,,,,Y,Y,A,07,0,0,1,0,0,0,0,0,0,"- ","- ",40.813949584960938,-122.82437896728516,TRINITY,UNINCORPORATED,,
91650035,2021,2021-12-13,9175,2021-11-19,2250,022383,,5,3,9,5300,0,3,5,,2,002,"HOAGLAND ROAD","WOOL MOUNTAIN ROAD",387.00,E,N,B,-,N,,,,,,,,,,Y,3,0,1,1,A,-,03,22350,,N,F,A,A,A,H,-,D,D,0,,,,,Y,,J,48,0,1,0,0,0,0,0,0,0,"- ","- ",38.819801330566406,-121.02760314941406,TRINITY,UNINCORPORATED,,
91660508,2021,2022-04-04,9175,2021-12-12,1804,020786,,7,2,9,5300,0,3,5,,2,001,"WASHINGTON ST","SR-299 W/B",239.00,N,N,B,-,N,,,,,,,,,,N,2,0,1,2,A,-,08,22107,,F,G,B,E,B,H,-,C,D,0,Y,,,,Y,Y,D,22,1,0,0,0,1,0,0,0,0,"- ","- ",40.727828979492188,-122.93579864501953,TRINITY,UNINCORPORATED,-122.93562316894531,40.727928161621094
91668647,2021,2022-01-03,9175,2021-12-26,2055,020683,,7,2,9,5300,0,1,3,,1,021,SR-3,SR-36,5280.00,N,N,D,-,Y,,,3,,,,,,,Y,2,0,1,1,A,-,08,22107,,N,E,I,A,C,H,-,D,D,0,,,,,Y,Y,D,22,1,0,0,0,0,0,0,0,0,"- ","- ",40.42681884765625,-123.15969848632812,TRINITY,UNINCORPORATED,-123.15979766845703,40.426742553710938
91668766,2021,2022-01-03,9175,2021-12-26,1915,021253,,7,2,9,5300,0,1,3,,1,021,SR-3,"FOREST SERVICE ROAD 30N25",2112.00,N,N,D,-,Y,,,3,,,,,,,Y,3,0,1,1,A,-,08,22107,,N,F,A,A,C,H,-,D,D,0,,,,,Y,,D,22,0,1,0,0,0,0,0,0,0,"- ","- ",40.436420440673828,-123.15744018554688,TRINITY,UNINCORPORATED,-123.15753173828125,40.436592102050781
91674711,2022,2022-01-10,9175,2022-01-01,0100,020363,,6,3,9,5300,0,3,5,,2,001,"45810 CEDAR STOCK RD.",SR-3,2640.00,W,N,B,-,N,,,,,,,,,,N,3,0,1,2,B,-,22,,,N,G,B,E,B,H,-,D,D,0,Y,,,,Y,,A,07,0,1,0,0,1,0,0,0,0,"- ","- ",40.845718383789062,-122.83040618896484,TRINITY,UNINCORPORATED,-122.83524322509766,40.846061706542969
91677431,2022,2022-01-13,9175,2022-01-03,1049,018268,,1,1,9,5300,0,1,3,,2,014,SR-299,"CAMPBELL RIDGE RD",3696.00,W,N,B,C,Y,TRI,,299,,,0.372,H,,R,N,2,0,1,2,C,-,18,,,N,G,J,E,B,D,-,A,A,0,Y,,,Y,Y,,-,"- ",1,0,0,0,1,0,0,0,0,"- ","- ",40.888790130615234,-123.59462738037109,TRINITY,UNINCORPORATED,-123.59462738037109,40.888797760009766
91680802,2022,2022-01-19,9175,2022-01-16,1055,018268,,7,1,9,5300,0,1,3,,1,011,"SR-299 (MAIN STREET)",SR-3,70.00,W,N,B,-,Y,TRI,,299,,,51.545,H,,R,Y,3,0,1,1,A,-,08,22107,,N,E,8,A,A,H,-,A,D,0,,,,,Y,,A,01,0,1,0,0,0,0,0,0,0,"- ","- ",40.733070373535156,-122.9405517578125,TRINITY,UNINCORPORATED,-122.94065093994141,40.733051300048828
91681103,2022,2022-01-19,9175,2022-01-16,1145,018268,,7,1,9,5300,0,3,5,,2,001,"RUSH CREEK ROAD",SR-3,17952.00,E,N,B,-,N,,,,,,,,,,Y,3,0,1,1,A,-,03,22350,,N,E,I,A,C,H,-,A,A,0,,,,,Y,,D,22,0,1,0,0,0,0,0,0,0,"- ","- ",40.778148651123047,-122.85344696044922,TRINITY,UNINCORPORATED,-122.89055633544922,40.795219421386719
91683677,2022,2022-01-24,9175,2022-01-16,1310,018268,,7,1,9,5300,0,1,3,,1,012,SR-299,"VALDOR ROAD",2640.00,W,N,B,-,Y,TRI,,299,,,39.669,H,,R,Y,3,0,1,1,A,-,08,22107,,N,E,I,A,A,H,-,A,D,0,,,,,Y,,D,22,0,1,0,0,0,0,0,0,0,"- ","- ",40.768440246582031,-123.09095001220703,TRINITY,UNINCORPORATED,-123.0909423828125,40.768409729003906
91689458,2022,2022-01-31,9175,2022-01-24,0600,018268,,1,1,9,5300,0,1,3,,1,011,SR-299,"VALDOR ROAD",2112.00,E,N,A,-,Y,TRI,,299,,,40.562,H,,R,Y,3,0,1,1,C,-,18,,,N,E,7,A,A,H,-,D,D,0,,,,,Y,,-,"- ",0,1,0,0,0,0,0,0,0,"- ","- ",40.764419555664062,-123.07512664794922,TRINITY,UNINCORPORATED,-123.07514190673828,40.764389038085938
91689516,2022,2022-01-31,9175,2022-01-20,1839,020786,,4,2,9,5300,0,1,3,,1,010,"SR-299 W/B","VITZTHUM GULCH",528.00,E,N,A,-,Y,TRI,,299,,,61.202,H,,L,Y,3,0,1,1,A,-,01,23152,A,N,E,I,A,A,H,-,D,D,0,,,,,Y,Y,D,22,0,1,0,0,0,0,0,0,0,"- ","- ",40.661918640136719,-122.89569091796875,TRINITY,UNINCORPORATED,-122.89580535888672,40.661872863769531
91689654,2021,2022-01-31,9175,2021-11-24,2235,021253,,3,3,9,5300,0,1,3,,2,014,"STATE ROUTE 299 (TRINITY HIGHWAY)","ODEN FLAT ROAD",1003.00,W,N,A,-,Y,,,299,,,,,,,Y,1,1,0,1,A,-,01,23152,A,N,E,8,A,A,H,-,D,D,0,,,,,Y,Y,D,22,0,0,0,0,0,0,0,0,0,"- ","- ",40.892269134521484,-123.56333923339844,TRINITY,UNINCORPORATED,-123.56333923339844,40.892276763916016
91697268,2022,2022-02-09,9175,2022-02-06,1230,018268,,7,1,9,5300,0,3,5,,2,001,"STEINER FLAT RD",SR-3,13200.00,N,N,A,-,N,,,,,,,,,,N,4,0,1,1,A,-,08,22107,,N,E,I,A,A,H,-,A,D,0,,,,,Y,,A,08,0,0,1,0,0,0,0,0,0,"- ","- ",40.661289215087891,-122.96662139892578,TRINITY,UNINCORPORATED,-122.94248199462891,40.653148651123047
91707174,2022,2022-02-23,9175,2022-02-15,0230,019479,,2,3,9,5300,0,1,3,,2,014,SR-299,"BERG RD",2112.00,E,N,A,-,Y,TRI,,299,,,8.143,H,,R,Y,2,0,1,1,A,-,08,22107,,N,E,I,A,A,H,-,D,D,0,,,,,Y,,D,22,1,0,0,0,0,0,0,0,0,"- ","- ",40.849681854248047,-123.48783111572266,TRINITY,UNINCORPORATED,-123.48766326904297,40.849781036376953
91715217,2022,2022-03-04,9175,2022-02-27,1335,019479,,7,1,9,5300,0,3,5,,2,002,"TRINITY PINES DR","WHITE OAK ROAD",5.00,N,N,A,-,N,,,,,,,,,,Y,2,0,1,2,A,-,05,21650,,N,A,C,A,A,A,-,A,D,0,,,,,Y,,D,22,1,0,0,0,0,0,0,0,0,"- ","- ",40.415390014648438,-123.20939636230469,TRINITY,UNINCORPORATED,-123.20954895019531,40.415561676025391
91718045,2022,2022-03-08,9175,2022-03-03,1628,018645,,4,2,9,5300,0,1,3,,2,013,"SR-299 E/B","PRAIRIE CREEK RD",8448.00,W,N,A,-,Y,TRI,,299,,,24.544,H,,R,Y,2,0,1,1,A,-,08,22107,,N,E,I,A,A,H,-,A,D,0,,,,,Y,,D,22,1,0,0,0,0,0,0,0,0,"- ","- ",40.766319274902344,-123.30545043945312,TRINITY,UNINCORPORATED,-123.30540466308594,40.766384124755859
91750063,2022,2022-04-18,9175,2022-04-10,0530,020004,,7,3,9,5300,0,1,3,,2,014,"SR-299 E/B","BIG FRENCH CREEK RD",26400.00,E,N,A,-,Y,TRI,,299,,,17.995,H,,R,Y,3,0,1,1,A,-,08,22107,,N,F,I,A,A,H,-,D,D,0,,,,,Y,,A,01,0,1,0,0,0,0,0,0,0,"- ","- ",40.796379089355469,-123.38053131103516,TRINITY,UNINCORPORATED,-123.38052368164062,40.79638671875
91763245,2022,2022-05-03,9175,2022-04-25,1035,018268,,1,1,9,5300,0,1,3,,2,014,SR-299,"CAMPBELL RIDGE RD",2112.00,W,N,A,-,Y,TRI,,299,,,0.696,H,,R,Y,4,0,1,1,A,-,03,22350,,N,F,8,A,A,H,-,A,A,0,,,,Y,Y,,G,27,0,0,1,0,0,0,0,0,0,"- ","- ",40.886501312255859,-123.5892333984375,TRINITY,UNINCORPORATED,-123.58916473388672,40.886562347412109
91765675,2022,2022-05-24,9175,2022-03-30,1632,020786,,3,2,9,5300,0,1,3,,1,017,SR-3,"EAST SIDE RD",590.00,S,N,A,-,Y,TRI,,3,,,65.330,H,,R,Y,1,1,0,1,A,-,01,23152,A,N,F,0,A,A,H,-,A,D,0,,,Y,,Y,Y,C,02,0,0,0,0,0,0,0,1,0,"- ","- ",41.051010131835938,-122.69889831542969,TRINITY,UNINCORPORATED,-122.69890594482422,41.051010131835938
91771510,2022,2022-05-13,9175,2022-05-06,1700,021253,,5,2,9,5300,0,1,3,,2,014,SR-299,"ODEN FLAT RD",1056.00,W,N,B,-,Y,TRI,,299,,,2.447,H,,R,Y,3,0,1,2,A,-,01,23152,A,N,B,2,A,B,H,-,A,D,0,,,,,Y,Y,A,01,0,1,0,0,0,0,0,0,0,"- ","- ",40.892269134521484,-123.56339263916016,TRINITY,UNINCORPORATED,-123.56339263916016,40.892276763916016
91779174,2022,2022-05-24,9175,2022-05-23,1430,016084,,1,2,9,5300,0,1,3,,1,021,"RT 3","STATE ROUTE 36",6336.00,N,N,A,-,Y,,,,,,,,,,N,2,0,1,1,A,-,03,22350,,N,E,I,A,A,H,-,A,D,0,,,Y,,Y,,C,02,1,0,0,0,0,0,0,0,1,"- ","- ",40.252998352050781,-123.09300231933594,TRINITY,UNINCORPORATED,-123.15915679931641,40.425399780273438
91784543,2022,2022-05-31,9175,2022-05-22,1437,020786,,7,2,9,5300,0,1,3,,1,011,"SR-299 E/B","MCCOY LN",1162.00,W,N,A,-,Y,TRI,,299,,,49.994,H,,R,N,3,0,2,1,C,-,18,,,N,F,A,A,A,H,-,A,D,0,,,Y,,Y,,-,"- ",0,2,0,0,0,0,0,0,2,"- ","- ",40.738399505615234,-122.96639251708984,TRINITY,UNINCORPORATED,-122.96634674072266,40.738418579101562
91785305,2022,2022-07-27,9175,2022-05-24,1505,016084,,2,2,9,5300,0,1,3,,2,014,"STATE ROUTE 299","CAMPBELL RIDGE RD",5.00,W,N,A,-,Y,TRI,,299,,,1.105,H,,R,Y,2,0,1,2,A,-,09,21801,A,F,D,C,A,A,H,-,A,D,0,,,Y,,Y,,A,07,1,0,0,0,0,0,0,0,1,"- ","- ",40.890708923339844,-123.58448028564453,TRINITY,UNINCORPORATED,-123.58451843261719,40.890724182128906
91787120,2022,2022-06-02,9175,2022-05-31,0415,020683,,2,3,9,5300,0,1,3,,2,015,SR-3,"BUTTONS ROAD",10.00,N,N,A,-,Y,TRI,,3,,,39.101,H,,R,Y,3,0,1,1,A,-,08,22107,,N,E,I,A,A,H,-,D,D,0,,,,,Y,,A,01,0,1,0,0,0,0,0,0,0,"- ","- ",40.809120178222656,-122.88921356201172,TRINITY,UNINCORPORATED,-122.88906860351562,40.809169769287109
91790066,2022,2022-06-07,9175,2022-05-27,1406,020786,,5,2,9,5300,0,1,3,,2,013,"SR-299 E/B","ANGIE LN",439.00,E,N,A,-,Y,,,,,,,,,,Y,3,0,1,2,A,-,08,22107,,N,C,C,A,A,H,-,A,D,0,,,,,Y,,A,01,0,1,0,0,0,0,0,0,0,"- ","- ",40.077690124511719,-123.33232879638672,TRINITY,UNINCORPORATED,-123.33222198486328,40.777519226074219
91794952,2022,2022-06-14,9175,2022-06-07,1900,020004,,2,2,9,5300,0,3,5,,2,002,"FOREST SERVICE ROAD 2508","RUTH ZENIA RD.",7392.00,W,N,A,-,N,,,,,,,,,,Y,2,0,2,1,A,-,08,22107,,N,F,I,A,A,H,-,B,D,0,,,,,Y,Y,D,22,1,1,0,0,0,0,0,0,0,"- ","- ",40.216110229492188,-123.46553039550781,TRINITY,UNINCORPORATED,,
91796841,2022,2022-06-16,9175,2022-06-13,0250,020683,,1,3,9,5300,0,1,3,,1,012,SR-299,"VALDOR ROAD",500.00,E,N,A,-,Y,TRI,,299,,,40.232,H,,R,Y,2,0,2,1,A,-,08,22107,,N,E,I,A,A,H,-,D,D,0,,,,,Y,,A,01,1,1,0,0,0,0,0,0,0,"- ","- ",40.765411376953125,-123.08103942871094,TRINITY,UNINCORPORATED,-123.08101654052734,40.765460968017578
91801068,2022,2022-06-22,9175,2022-06-17,0954,016084,,5,1,9,5300,0,1,3,,1,011,"RT 299","WEAVER STREET",150.00,W,N,A,-,Y,,,,,,,,,,Y,3,0,1,2,A,-,09,21804,A,N,D,C,A,A,H,-,A,D,0,,,,Y,Y,,A,08,0,1,0,0,0,0,0,0,0,"- ","- ",40.433700561523438,-122.56069946289062,TRINITY,UNINCORPORATED,-122.93516540527344,40.726783752441406
91801084,2022,2022-06-22,9175,2022-06-20,0730,016084,,1,1,9,5300,0,1,3,,1,010,"RT 299","POKER BAR ROAD",2112.00,E,N,A,-,Y,,,,,,,,,,Y,3,0,1,1,A,-,08,22107,,N,E,I,A,A,H,-,A,D,0,,,,,Y,,A,01,0,1,0,0,0,0,0,0,0,"- ","- ",40.401100158691406,-122.52079772949219,TRINITY,UNINCORPORATED,-122.87132263183594,40.670986175537109
91809791,2022,2022-07-04,9175,2022-06-27,2300,018268,,1,3,9,5300,0,1,3,,2,015,SR-3,"RAINIER RD",4224.00,N,N,A,-,Y,TRI,,3,,,48.518,H,,R,Y,4,0,1,1,A,-,03,22350,,N,E,8,A,A,H,-,D,D,0,,,,,Y,,A,01,0,0,1,0,0,0,0,0,0,"- ","- ",40.868820190429688,-122.81208038330078,TRINITY,UNINCORPORATED,-122.81204223632812,40.868770599365234
91812794,2022,2022-07-18,9175,2022-07-04,2338,020683,,1,3,9,5300,0,1,3,,1,017,SR-299,"POKER BAR RD",2640.00,W,N,B,C,Y,TRI,,299,,,62.039,H,,R,Y,4,0,4,1,A,-,08,22107,,N,E,I,A,B,H,-,D,D,0,,,Y,,Y,,C,02,0,0,4,0,0,0,0,0,4,"- ","- ",40.668781280517578,-122.88520812988281,TRINITY,UNINCORPORATED,-122.88524627685547,40.6688232421875
91815035,2022,2022-07-12,9175,2022-07-02,1840,020464,,6,2,9,5300,0,3,5,,2,001,"LITTLE BROWNS CREEK ROAD",SR-299,2640.00,N,N,A,-,N,,,,,,,,,,Y,2,0,1,1,A,-,08,22107,,N,F,A,A,A,H,-,A,D,0,,,Y,,Y,,C,02,1,0,0,0,0,0,0,0,1,"- ","- ",40.699150085449219,-122.92198181152344,TRINITY,UNINCORPORATED,,
91815229,2022,2022-07-12,9175,2022-07-06,1800,021253,,3,2,9,5300,0,3,5,,2,002,"GLEN ROAD","MICHAEL RD",326.00,S,N,A,-,N,,,,,,,,,,Y,2,0,1,1,A,-,01,23152,A,N,E,I,A,A,H,-,A,D,0,,,,,Y,Y,A,01,1,0,0,0,0,0,0,0,0,"- ","- ",40.719200134277344,-122.93267822265625,TRINITY,UNINCORPORATED,-122.93270111083984,40.719120025634766
91818387,2022,2022-07-15,9175,2022-07-08,1745,020464,,5,2,9,5300,0,3,5,,2,001,"TRINITY DAM BOULEVARD","POWERHOUSE ROAD",175.00,N,N,A,-,N,,,,,,,,,,N,3,0,1,1,A,-,08,22107,,N,F,A,A,A,H,-,A,D,0,,,Y,,Y,,C,02,0,1,0,0,0,0,0,0,1,"- ","- ",40.790618896484375,-122.76950836181641,TRINITY,UNINCORPORATED,,
91825541,2022,2022-07-26,9175,2022-07-19,0625,018268,,2,1,9,5300,0,1,3,,1,021,SR-3,"SUMMIT CREEK RD",481.00,N,N,A,-,Y,TRI,,3,,,18.545,H,,R,Y,2,0,1,1,A,-,08,22107,,N,E,I,A,A,H,-,A,D,0,,,,,Y,,D,22,1,0,0,0,0,0,0,0,0,"- ","- ",40.59375,-123.01074981689453,TRINITY,UNINCORPORATED,-123.01078796386719,40.593822479248047
91826844,2022,2022-07-28,9175,2022-07-18,1550,019877,,1,2,9,5300,0,1,3,,1,021,SR-3,"HAYFORK DUMP RD",2640.00,S,N,A,-,Y,TRI,,3,,,4.312,H,,R,N,3,0,2,1,A,-,08,22107,,N,E,I,A,A,H,-,A,D,0,,,,,Y,,A,01,0,2,0,0,0,0,0,0,0,"- ","- ",40.522109985351562,-123.18038940429688,TRINITY,UNINCORPORATED,-123.18041229248047,40.522109985351562
91827331,2022,2022-07-28,9175,2022-07-16,1855,021253,,6,2,9,5300,0,1,3,,1,021,SR-3,"JORDAN RD",16896.00,S,N,A,-,Y,TRI,,3,,,22.739,H,,R,Y,4,0,1,1,A,-,01,23152,A,N,E,I,A,A,H,-,A,D,0,,,,,Y,Y,A,01,0,0,1,0,0,0,0,0,0,"- ","- ",40.619338989257812,-122.99323272705078,TRINITY,UNINCORPORATED,-122.99327087402344,40.619243621826172
91827335,2022,2022-07-28,9175,2022-06-01,1437,019485,,3,2,9,5300,0,1,3,,2,014,SR-299,"ROSE ROAD",10560.00,E,N,A,-,Y,TRI,,299,,,33.303,H,,R,Y,1,1,1,1,A,-,08,22107,,N,F,I,A,A,H,-,A,D,0,,,,,Y,,A,01,0,1,0,0,0,0,0,0,0,"- ","- ",40.745651245117188,-123.17447662353516,TRINITY,UNINCORPORATED,-123.17449188232422,40.745655059814453
91830969,2022,2022-08-02,9465,2022-07-24,2100,021239,,7,2,9,5300,0,3,5,,2,040,"STATE ROUTE 165 (LANDER AVENUE)","GREENWAY AVENUE",45.00,N,N,A,-,N,,,,,,,,,,Y,3,0,2,2,A,-,01,23152,A,F,D,C,A,A,H,-,C,D,0,,,,,Y,Y,A,07,0,1,1,0,0,0,0,0,0,"- ","- ",37.467430114746094,-120.84909820556641,TRINITY,UNINCORPORATED,,
91833938,2022,2022-08-05,9175,2022-08-01,1720,019877,,1,2,9,5300,0,1,3,,1,010,SR-299,"LEWISTON RD",1000.00,W,N,B,C,Y,TRI,,299,,,63.457,H,,R,N,3,0,1,1,A,-,03,22350,,N,E,I,A,B,H,-,A,D,0,,,,,Y,,D,22,0,1,0,0,0,0,0,0,0,"- ","- ",40.672470092773438,-122.86351776123047,TRINITY,UNINCORPORATED,-122.863525390625,40.672477722167969
91845541,2022,2022-08-22,9175,2022-08-11,0145,020464,,4,3,9,5300,0,1,3,,2,014,SR-299,"PONY CREEK",1600.00,E,N,A,-,Y,TRI,,299,,,6.327,H,,R,Y,3,0,1,1,A,-,01,23152,A,N,E,I,A,A,H,-,D,D,0,,,,,Y,Y,A,01,0,1,0,0,0,0,0,0,0,"- ","- ",40.860248565673828,-123.51190185546875,TRINITY,UNINCORPORATED,-123.51190948486328,40.860244750976562
91846729,2022,2022-08-23,9175,2022-08-21,0330,020683,,7,3,9,5300,0,1,3,,1,012,SR-299,"CEMETERY RD",2640.00,E,N,A,-,Y,TRI,,299,,,37.798,H,,R,Y,4,0,1,1,A,-,08,22107,,N,E,I,A,A,H,-,D,D,0,,,,,Y,,-,"- ",0,0,1,0,0,0,0,0,0,"- ","- ",40.766918182373047,-123.11373138427734,TRINITY,UNINCORPORATED,-123.11373138427734,40.766872406005859
91853011,2022,2022-08-30,9175,2022-08-19,1855,020464,,5,2,9,5300,0,1,3,,2,015,SR-3,"CHINA GULCH RD",600.00,S,N,A,-,Y,TRI,,3,,,35.460,H,,R,Y,3,0,1,2,A,-,16,24002,A,N,E,J,A,A,H,-,A,D,0,,,,,Y,,D,22,0,1,0,0,0,0,0,0,0,"- ","- ",40.759628295898438,-122.88726806640625,TRINITY,UNINCORPORATED,-122.88731384277344,40.759628295898438
91853122,2022,2022-08-30,9175,2022-08-25,1540,020464,,4,2,9,5300,0,1,3,,2,015,SR-3,"AIRPORT RD",0.00,,Y,A,-,Y,,,,,,,,,,Y,3,0,1,2,A,-,03,22350,,N,C,C,A,A,H,-,A,D,0,,,Y,,Y,,C,02,0,1,0,0,0,0,0,0,1,"- ","- ",40.748088836669922,-122.92700958251953,TRINITY,UNINCORPORATED,-122.92108154296875,40.747951507568359
91854416,2022,2023-07-25,9175,2022-07-27,1920,018268,,3,2,9,5300,0,1,3,,2,014,SR-299,"CAMPBELL RIDGE RD",1742.00,W,N,A,-,Y,TRI,,299,,,0.749,H,,R,Y,2,0,1,2,A,-,01,23152,A,F,B,C,A,A,H,-,A,A,0,,,Y,Y,Y,Y,C,02,1,0,0,0,0,0,0,0,1,"- ","- ",40.886379241943359,-123.58818817138672,TRINITY,UNINCORPORATED,-123.58818817138672,40.886367797851562
91854624,2022,2022-08-31,9175,2022-08-27,1520,020464,,6,2,9,5300,0,1,3,,2,014,SR-299,"BERG RD",1070.00,E,N,A,-,Y,TRI,,299,,,7.837,H,,R,Y,2,0,1,1,A,-,16,24002,A,N,E,I,A,A,H,-,A,D,0,,,,,Y,,A,01,1,0,0,0,0,0,0,0,0,"- ","- ",40.853588104248047,-123.48992919921875,TRINITY,UNINCORPORATED,-123.48991394042969,40.853607177734375
91860162,2022,2022-09-08,9175,2022-08-04,1510,020786,,4,2,9,5300,0,1,3,,1,010,SR-299,"WILSON MOUNTAIN RD",1056.00,W,N,A,-,Y,TRI,,299,,,59.506,H,,R,Y,1,1,0,2,A,-,05,21460,A,N,A,C,A,A,H,-,A,D,0,,,Y,,Y,,C,02,0,0,0,0,0,0,0,1,0,"- ","- ",40.658161163330078,-122.91665649414062,TRINITY,UNINCORPORATED,-122.91666412353516,40.65814208984375
91884344,2022,2022-10-06,9175,2022-09-05,1145,020004,,1,1,9,5300,0,1,3,,2,014,SR-299,"BERG ROAD",3960.00,E,N,A,-,Y,TRI,,299,,,8.301,H,,R,N,1,1,0,1,A,-,08,22107,,N,E,I,A,A,D,-,A,A,0,,,Y,,Y,,C,02,0,0,0,0,0,0,0,1,0,"- ","- ",40.849720001220703,-123.48489379882812,TRINITY,UNINCORPORATED,-123.48487854003906,40.849662780761719
91889559,2022,2022-10-13,9175,2022-10-11,1039,018268,,2,1,9,5300,0,3,5,,2,001,SR-299,"COURT STREET",0.00,,Y,A,-,Y,TRI,,299,,,51.468,H,,R,Y,4,0,2,2,A,-,08,22107,,N,D,2,A,A,H,-,A,A,0,,,,,Y,,D,22,0,0,2,0,0,0,0,0,0,"- ","- ",40.734169006347656,-122.94094085693359,TRINITY,UNINCORPORATED,-122.94105529785156,40.734119415283203
91907072,2022,2022-11-01,9175,2022-10-27,0700,016084,,4,1,9,5300,0,3,5,,2,002,"BRADY ROAD","EWING ROAD",85.00,E,N,A,-,N,,,,,,,,,,N,2,0,1,1,A,-,01,23152,A,N,E,I,A,A,H,-,D,D,0,,,,,Y,Y,D,22,1,0,0,0,0,0,0,0,0,"- ","- ",40.334300994873047,-123.10320281982422,TRINITY,UNINCORPORATED,-123.17568969726562,40.562843322753906
91917041,2022,2022-11-14,9175,2022-11-06,1935,020683,,7,2,9,5300,0,1,3,,1,022,SR-36,"SOUTH FORK MOUNTIAN ROAD",3960.00,W,N,D,-,Y,TRI,,36,,R,8.647,H,,R,Y,4,0,2,1,A,-,08,22107,,N,E,I,A,C,H,-,D,D,0,,,,,Y,,A,01,0,0,2,0,0,0,0,0,0,"- ","- ",40.403709411621094,-123.44062042236328,TRINITY,UNINCORPORATED,-123.44064331054688,40.403701782226562
91918015,2022,2022-11-15,9175,2022-11-07,1830,019877,,1,2,9,5300,0,1,3,,1,022,SR-36,SR-3,305.00,W,N,C,-,Y,TRI,,36,,,27.159,H,,R,Y,2,0,1,1,A,-,08,22107,,N,E,I,A,B,H,-,D,D,0,,,,,Y,,-,"- ",1,0,0,0,0,0,0,0,0,"- ","- ",40.420219421386719,-123.17642211914062,TRINITY,UNINCORPORATED,-123.17640686035156,40.420173645019531
91929442,2022,2022-11-29,9175,2022-10-01,2500,019485,,6,4,9,5300,0,1,3,,1,011,"SR-299 (TRINITY HIGHWAY)","SLATTERY GULCH RD",1584.00,E,N,A,-,Y,TRI,,299,,,45.839,H,,R,Y,1,1,0,1,A,-,01,23152,A,N,F,A,A,A,H,-,D,D,0,,,,,Y,Y,A,07,0,0,0,0,0,0,0,0,0,"- ","- ",40.733791351318359,-123.01731109619141,TRINITY,UNINCORPORATED,-123.01738739013672,40.733856201171875
91929479,2022,2022-11-29,9175,2022-11-18,1435,020683,,5,2,9,5300,0,3,5,,2,002,"VAN DUZEN RD","FOREST ROUTE 1S07",3168.00,S,N,A,-,N,,,,,,,,,,Y,3,0,2,1,A,-,03,22350,,N,F,I,A,C,H,-,A,D,0,,,,Y,Y,,-,"- ",0,2,0,0,0,0,0,0,0,"- ","- ",40.350811004638672,-123.48560333251953,TRINITY,UNINCORPORATED,-123.48998260498047,40.364082336425781
91934233,2022,2022-12-05,9175,2022-11-29,1830,019877,,2,2,9,5300,0,1,3,,1,021,SR-3,"HYAMPOM RD",150.00,N,N,A,-,Y,TRI,,3,,,6.762,H,,R,N,3,0,1,1,A,-,08,22107,,N,E,I,A,A,H,-,D,D,0,,,,,Y,,A,08,0,1,0,0,0,0,0,0,0,"- ","- ",40.553260803222656,-123.19027709960938,TRINITY,UNINCORPORATED,-123.19017028808594,40.553150177001953
91957115,2022,2023-01-02,9175,2022-12-20,0950,019479,,2,1,9,5300,0,1,3,,1,012,SR-299,"EAST FORK RD",4752.00,W,N,B,-,Y,TRI,,299,,,36.004,H,,R,Y,4,0,1,1,A,-,03,22350,,N,F,A,A,B,H,-,A,A,0,,,,Y,Y,,G,25,0,0,1,0,0,0,0,0,0,"- ","- ",40.765529632568359,-123.13629150390625,TRINITY,UNINCORPORATED,-123.13631439208984,40.765522003173828
91964647,2022,2023-01-10,9175,2022-12-29,0920,020464,,4,1,9,5300,0,3,5,,2,001,"TRINITY DAM BOULEVARD",SR-299,1056.00,N,N,D,-,N,,,,,,,,,,N,3,0,1,1,A,-,08,22107,,N,F,I,A,C,H,-,A,D,0,,,,,Y,,A,01,0,1,0,0,0,0,0,0,0,"- ","- ",40.663490295410156,-122.80143737792969,TRINITY,UNINCORPORATED,-122.80015563964844,40.663780212402344
91975980,2022,2023-01-27,9175,2022-12-08,1425,019877,,4,2,9,5300,0,1,3,,2,015,SR-3,"3 TRI 35.12",75.00,S,N,C,D,Y,TRI,,3,,,35.304,H,,R,Y,1,1,0,1,A,-,01,23152,F,N,E,I,A,C,H,-,A,D,0,,,,,Y,,A,01,0,0,0,0,0,0,0,0,0,"- ","- ",40.757488250732422,-122.88704681396484,TRINITY,UNINCORPORATED,-122.88713073730469,40.757484436035156
91976064,2023,2023-01-24,9175,2023-01-22,1430,021426,,7,2,9,5300,0,3,5,,2,001,"WEAVER BALLY ROAD","SIDNEY GULCH RD",3960.00,N,N,A,-,N,,,,,,,,,,N,2,0,1,1,A,-,08,22107,,N,E,I,A,A,H,-,A,D,0,,,Y,,Y,,C,02,1,0,0,0,0,0,0,0,1,"- ","- ",40.746341705322266,-122.94996643066406,TRINITY,UNINCORPORATED,-122.94937133789062,40.751922607421875
91976844,2023,2023-01-25,9175,2023-01-19,2005,020683,,4,2,9,5300,0,1,3,,1,010,"SR-299 E/B","POKER BAR RD",915.00,W,N,A,-,Y,TRI,,299," "," ",62.378,H,,R,Y,4,0,1,1,A,-,01,23152,A,N,E,I,A,A,H,-,D,D,0,,,,,Y,Y,A,01,0,0,1,0,0,0,0,0,0,"- ","- ",40.672378540039062,-122.88127136230469,TRINITY,UNINCORPORATED,-122.88129425048828,40.672416687011719
91980460,2023,2023-01-27,9175,2023-01-19,2230,020004,,4,3,9,5300,0,3,5,,2,002,"WILDWOOD RD",SR-3,18480.00,S,N,B,-,N,,,,,,,,,,N,3,0,1,1,A,-,03,22350,,N,E,I,A,C,H,-,D,D,0,,,,,Y,Y,A,07,0,1,0,0,0,0,0,0,0,"- ","- ",40.519641876220703,-123.08522033691406,TRINITY,UNINCORPORATED,-123.08836364746094,40.521163940429688
91988443,2023,2023-02-07,9175,2023-01-26,2125,020004,,4,2,9,5300,0,1,3,,2,013,"SR-299 EAST OF DEL LOMA","299 TRI 22.00",625.00,E,N,A,-,Y,TRI,,299," "," ",22.118,H,,R,Y,3,0,1,1,A,-,08,22107,,N,F,I,A,A,H,-,D,D,0,,,,,Y,,A,07,0,1,0,0,0,0,0,0,0,"- ","- ",40.773891448974609,-123.32996368408203,TRINITY,UNINCORPORATED,-123.32996368408203,40.773830413818359
92005424,2023,2023-02-28,9175,2023-02-23,2220,021253,,4,3,9,5300,0,1,3,,1,022,SR-36,SR-3,900.00,E,N,D,-,Y,TRI,,36," ",R,28.841,H,,R,Y,4,0,1,1,C,-,18,,,N,F,A,A,C,H,-,D,D,0,,,,,Y,,-,"- ",0,0,1,0,0,0,0,0,0,"- ","- ",40.421188354492188,-123.17256927490234,TRINITY,UNINCORPORATED,-123.17256927490234,40.421138763427734
92040833,2023,2023-04-10,9175,2023-03-30,2155,021253,,4,2,9,5300,0,1,3,,1,011,SR-299,"LITTLE BROWNS CREEK RD",2640.00,W,N,B,-,Y,TRI,,299," "," ",54.944,H,,R,Y,3,0,1,1,A,-,08,22107,,N,E,8,A,A,H,-,D,D,0,,,,,Y,,A,07,0,1,0,0,0,0,0,0,0,"- ","- ",40.690231323242188,-122.9334716796875,TRINITY,UNINCORPORATED,-122.93337249755859,40.690208435058594
92083699,2023,2023-06-01,9175,2023-05-31,1200,016084,,3,1,9,5300,0,3,5,,2,001,"RUSH CREEK ROAD","TRINITY DAM BLVD",16896.00,N,N,A,-,N,,,,,,,,,,N,4,0,1,1,A,-,08,22107,,N,E,I,A,A,H,-,A,D,0,,,,,Y,,D,22,0,0,1,0,0,0,0,0,0,"- ","- ",40.742679595947266,-122.83740997314453,TRINITY,UNINCORPORATED,-122.80370330810547,40.718849182128906
92094927,2023,2023-06-15,9175,2023-06-12,"937 ",016084,,1,1,9,5300,0,1,3,,1,010,"STATE HGHWAY 299","WILSON MOUNTAIN ROAD",360.00,E,N,A,-,Y,TRI,,299," "," ",59.727,H,,R,Y,2,0,1,2,A,-,09,21804,A,N,D,C,A,A,H,-,A,D,0,,,,,Y,,A,01,1,0,0,0,0,0,0,0,0,"- ","- ",40.656391143798828,-122.91325378417969,TRINITY,UNINCORPORATED,-122.91322326660156,40.656410217285156
92094997,2023,2023-06-15,9175,2023-06-07,"820 ",015928,,3,1,9,5300,0,1,3,,1,017,"STATE ROUTE 3","EAGLE CREEK LOOP",2112.00,N,N,A,-,Y,TRI,,3," "," ",72.630,H,,R,Y,2,0,1,1,C,-,18,,,N,H,H,A,A,H,-,A,D,0,,,Y,,Y,,-,"- ",1,0,0,0,0,0,0,0,1,"- ","- ",41.142921447753906,-122.67661285400391,TRINITY,UNINCORPORATED,-122.6766357421875,41.142978668212891
92099051,2023,2023-06-21,9175,2023-06-14,1124,020464,,3,1,9,5300,0,3,5,,2,002,"INDUSTRIAL PARKWAY",SR-299,1584.00,S,N,A,-,N,,,,,,,,,,Y,2,0,1,1,A,-,08,22107,,N,E,I,A,A,H,-,A,D,0,,,Y,,Y,,C,02,1,0,0,0,0,0,0,0,1,"- ","- ",40.710700988769531,-122.92958068847656,TRINITY,UNINCORPORATED,-122.92404937744141,40.710361480712891
92101176,2023,2023-06-23,9175,2023-06-11,2019,019485,,7,2,9,5300,0,1,3,,1,012,SR-299,"CEMETERY RD",2640.00,E,N,B,-,Y,TRI,,299," "," ",38.599,H,,R,Y,1,1,1,2,A,-,08,22107,,N,A,C,A,A,H,-,A,D,0,,,,,Y,,D,22,1,0,0,0,0,0,0,0,0,"- ","- ",40.763301849365234,-123.10059356689453,TRINITY,UNINCORPORATED,-123.10051727294922,40.763324737548828
92105062,2023,2023-06-29,9175,2023-06-25,1245,020464,,7,1,9,5300,0,3,5,,2,002,"RUTH ZENIA RD","BOY SCOUT COVE CAMP",2112.00,W,N,B,-,N,,,,,,,,,,N,2,0,1,1,A,-,08,22107,,N,F,A,A,B,H,-,A,D,0,,,Y,,Y,,C,02,1,0,0,0,0,0,0,0,1,"- ","- ",40.313308715820312,-123.40219116210938,TRINITY,UNINCORPORATED,,
92110756,2023,2023-07-06,9175,2023-05-25,1850,021161,,4,2,9,5300,0,1,3,,1,022,SR-36,SR-3,747.00,E,N,A,-,Y,TRI,,36," ",R,28.795,H,,R,N,1,1,0,1,A,-,08,22107,,N,E,I,A,A,H,-,A,D,0,,,,,Y,,D,22,0,0,0,0,0,0,0,0,0,"- ","- ",40.420879364013672,-123.17340087890625,TRINITY,UNINCORPORATED,-123.17330169677734,40.420848846435547
92119962,2023,2023-07-18,9175,2023-07-09,2500,020722,,7,4,9,5300,0,1,3,,1,010,SR-299,"WILSON MOUNTAIN RD",100.00,W,N,A,-,Y,TRI,,299," "," ",59.613,H,,R,N,2,0,1,2,A,-,08,22107,,F,G,B,E,A,H,-,D,D,0,Y,,,,Y,Y,-,99,1,0,0,0,1,0,0,0,0,"- ","- ",40.657470703125,-122.91488647460938,TRINITY,UNINCORPORATED,-122.91481018066406,40.657543182373047
92123629,2023,2023-07-24,9175,2023-07-11,1900,019877,,2,2,9,5300,0,1,3,,1,020,SR-3,"SR-3 TRI MPM 22.70",20.00,S,N,A,-,Y,TRI,,3," "," ",22.697,H,,R,Y,3,0,2,1,A,-,08,22107,,N,E,I,A,A,H,-,A,D,0,,,,,Y,,-,"- ",0,2,0,0,0,0,0,0,0,"- ","- ",40.618869781494141,-122.99382019042969,TRINITY,UNINCORPORATED,-122.99383544921875,40.618873596191406
92125365,2023,2023-07-25,9175,2023-07-20,1959,019485,,4,2,9,5300,0,1,3,,1,016,SR-3,"NORWEIGAN RANCH ROAD",2112.00,N,N,A,-,Y,TRI,,3," "," ",57.566,H,,R,Y,2,0,1,1,A,-,08,22107,,N,E,I,A,A,H,-,A,D,0,,,,,Y,,A,07,1,0,0,0,0,0,0,0,0,"- ","- ",40.959648132324219,-122.73211669921875,TRINITY,UNINCORPORATED,-122.73222351074219,40.959693908691406
92135121,2023,2023-08-03,9175,2023-07-23,"950 ",020722,,7,1,9,5300,0,1,3,,1,011,SR-299,"OREGON ST",50.00,E,N,A,-,Y,TRI,,299," "," ",51.641,H,,R,N,4,0,1,2,A,-,05,21650,,N,D,G,A,A,H,-,A,D,0,,Y,,,Y,,-,"- ",0,0,1,0,0,0,1,0,0,"- ","- ",40.731971740722656,-122.94010925292969,TRINITY,UNINCORPORATED,-122.94024658203125,40.731937408447266
92140071,2023,2023-08-09,9175,2023-08-03,"300 ",020683,,4,3,9,5300,0,3,5,,2,002,"HYAMPOM RD","ST. JOHN ROAD",19800.00,E,N,A,-,N,,,,,,,,,,Y,4,0,1,1,A,-,08,22107,,N,E,I,A,A,H,-,D,D,0,,,,,Y,Y,D,22,0,0,1,0,0,0,0,0,0,"- ","- ",40.618480682373047,-123.36480712890625,TRINITY,UNINCORPORATED,-123.36707305908203,40.620193481445312
92145755,2023,2023-08-16,9175,2023-08-12,1930,020683,,6,2,9,5300,0,1,3,,1,022,SR-36,"LOWER RATTLESANKE ROAD",2200.00,W,N,A,-,Y,TRI,,36," "," ",22.883,H,,R,N,3,0,1,1,C,-,18,,,N,E,H,A,A,H,-,A,D,0,,,Y,,Y,,-,"- ",0,1,0,0,0,0,0,0,1,"- ","- ",40.389591217041016,-123.23377990722656,TRINITY,UNINCORPORATED,-123.23377990722656,40.389595031738281
92151720,2023,2023-08-23,9175,2023-08-21,1925,020683,,1,2,9,5300,0,1,3,,1,010,SR-299,"LEWISTON ROAD",350.00,W,N,C,-,Y,TRI,,299," "," ",63.442,H,,R,Y,4,0,1,1,A,-,08,22107,,N,E,I,A,B,H,-,D,D,0,,,,,Y,,D,22,0,0,1,0,0,0,0,0,0,"- ","- ",40.672389984130859,-122.86382293701172,TRINITY,UNINCORPORATED,-122.86377716064453,40.672344207763672
92160238,2023,2023-08-31,9175,2023-08-23,1735,019479,,3,2,9,5300,0,1,3,,2,014,SR-299,"HENNESSEY RD",1056.00,E,N,A,-,Y,TRI,,299," "," ",10.712,H,,R,Y,2,0,1,1,A,-,01,23152,A,N,E,I,A,A,H,-,A,D,0,,,,,Y,Y,D,22,1,0,0,0,0,0,0,0,0,"- ","- ",40.819351196289062,-123.48061370849609,TRINITY,UNINCORPORATED,-123.48065948486328,40.819324493408203
92163573,2023,2023-09-06,9175,2023-09-01,1910,020683,,5,2,9,5300,0,1,3,,2,014,SR-299,"SUZY Q RD",3696.00,W,N,B,C,Y,TRI,,299," "," ",3.661,H,,R,Y,4,0,1,1,A,-,08,22107,,N,F,A,A,B,H,-,A,D,0,,,,,Y,,A,08,0,0,1,0,0,0,0,0,0,"- ","- ",40.883289337158203,-123.54766082763672,TRINITY,UNINCORPORATED,-123.54768371582031,40.883308410644531
92163590,2023,2023-09-06,9175,2023-09-02,1910,019485,,6,2,9,5300,0,1,3,,1,020,SR-3,"JORDAN RD",3696.00,S,N,B,-,Y,TRI,,3," "," ",25.308,H,,R,N,4,0,1,1,C,-,18,,,N,E,H,A,A,H,-,A,D,0,,,Y,,Y,,-,"- ",0,0,1,0,0,0,0,0,1,"- ","- ",40.617240905761719,-122.96897125244141,TRINITY,UNINCORPORATED,-122.96894836425781,40.617221832275391
92163733,2023,2023-09-06,9175,2023-08-27,1250,019479,,7,1,9,5300,0,1,3,,1,010,SR-299,"EAST COUNTY LINE ROAD",7392.00,W,N,A,-,Y,TRI,,299," "," ",70.846,H,,R,Y,3,0,1,1,A,-,08,22107,,N,F,A,A,A,H,-,A,D,0,,,Y,,Y,,C,02,0,1,0,0,0,0,0,0,1,"- ","- ",40.646400451660156,-122.74694061279297,TRINITY,UNINCORPORATED,-122.74695587158203,40.646396636962891
92166888,2023,2023-09-11,9175,2023-08-31,1435,019485,,4,2,9,5300,0,1,3,,1,017,SR-3,"GRAVES CREEK RD",15840.00,N,N,A,-,Y,TRI,,3," ",T,80.343,H,,R,N,4,0,1,1,A,-,08,22107,,N,F,A,A,A,H,-,A,D,0,,,,,Y,,-,"- ",0,0,1,0,0,0,0,0,0,"- ","- ",41.238559722900391,-122.65959167480469,TRINITY,UNINCORPORATED,-122.65959930419922,41.238513946533203
92174736,2023,2023-09-20,9175,2023-09-12,1625,019877,,2,2,9,5300,0,1,3,,1,011,SR-299,"WASHINGTON STREET",5.00,W,N,A,-,Y,TRI,,299," "," ",52.065,H,,R,N,2,0,1,2,A,-,09,21802,A,N,D,C,A,A,H,-,A,A,0,,,,,Y,,M,94,1,0,0,0,0,0,0,0,0,"- ","- ",40.727470397949219,-122.93633270263672,TRINITY,UNINCORPORATED,-122.936279296875,40.727512359619141
92176544,2023,2023-09-21,9175,2023-09-16,2225,020464,,6,3,9,5300,0,1,3,,2,015,SR-3,"TANNERY GULCH RD",1320.00,S,N,B,-,Y,TRI,,3," "," ",42.162,H,,R,N,3,0,1,1,C,-,18,,,N,E,H,A,A,H,-,D,D,0,,,,,Y,,-,"- ",0,1,0,0,0,0,0,0,0,"- ","- ",40.835590362548828,-122.86820220947266,TRINITY,UNINCORPORATED,-122.86821746826172,40.835628509521484
92188060,2023,2023-10-02,9175,2023-09-22,2326,018507,,5,3,9,5300,0,3,5,,2,001,"TRINITY DAM BOULEVARD",SR-299,1584.00,N,N,A,-,N,,,,,,,,,,Y,2,0,1,1,A,-,08,22107,,N,E,I,A,A,H,-,D,D,0,,,,,Y,,D,22,1,0,0,0,0,0,0,0,0,"- ","- ",40.663669586181641,-122.80191802978516,TRINITY,UNINCORPORATED,-122.802001953125,40.663753509521484
92188243,2023,2023-10-02,9175,2023-09-23,2325,021426,,6,3,9,5300,0,1,3,,1,011,SR-299,"MPM 299 TRI 57.36",64.00,W,N,A,-,Y,TRI,,299," "," ",57.306,H,,R,Y,2,0,1,1,A,-,08,22107,,N,E,8,A,A,H,-,D,D,0,,,,,Y,,D,22,1,0,0,0,0,0,0,0,0,"- ","- ",40.661300659179688,-122.94328308105469,TRINITY,UNINCORPORATED,-122.94322204589844,40.661293029785156
92192364,2023,2023-10-05,9175,2023-09-26,2030,021161,,2,2,9,5300,0,3,5,,2,002,"OREGON STREET","WEST WEAVER STREET",1584.00,E,N,A,-,N,,,,,,,,,,N,4,0,1,1,A,-,03,22350,,N,E,I,A,A,H,-,D,D,0,,,,,Y,,A,01,0,0,1,0,0,0,0,0,0,"- ","- ",40.731689453125,-122.95754241943359,TRINITY,UNINCORPORATED,,
92193388,2023,2023-10-06,9175,2023-09-29,2135,021426,,5,2,9,5300,0,1,3,,1,012,SR-299,"MPM 299 TRI 42.5",830.00,E,N,B,-,Y,TRI,,299," "," ",42.662,H,,R,Y,3,0,1,1,C,-,18,,,N,E,7,A,A,H,-,D,D,0,,,,,Y,,-,"- ",0,1,0,0,0,0,0,0,0,"- ","- ",40.740070343017578,-123.06153869628906,TRINITY,UNINCORPORATED,-123.06154632568359,40.740066528320312
92197325,2023,2023-10-12,9175,2023-10-04,"940 ",019479,,3,1,9,5300,0,3,5,,2,001,"TRINITY DAM BLVD","USFS 34N26D",100.00,S,N,A,-,N,,,,,,,,,,N,2,0,1,1,C,-,18,,,N,E,H,A,A,H,-,A,D,0,,,Y,,Y,Y,-,"- ",1,0,0,0,0,0,0,0,1,"- ","- ",40.748130798339844,-122.79044342041016,TRINITY,UNINCORPORATED,,
92200035,2023,2023-10-16,9175,2023-10-06,1600,021426,,5,2,9,5300,0,1,3,,1,011,"MAIN STREET","GLEN ROAD",72.00,W,N,A,-,Y,TRI,,299," "," ",52.516,H,,R,N,4,0,1,2,A,-,03,22350,,N,C,C,A,A,H,-,A,A,0,,,,,Y,,A,01,0,0,1,0,0,0,0,0,0,"- ","- ",40.722911834716797,-122.92955780029297,TRINITY,UNINCORPORATED,-122.92955017089844,40.722911834716797
92200815,2023,2023-10-17,9175,2023-10-06,"800 ",020464,,5,1,9,5300,0,1,3,,1,011,SR-299,"STEINER FLAT ROAD",20.00,W,N,A,-,Y,TRI,,299," ",R,57.861,H,,R,N,4,0,1,1,A,-,08,22107,,N,F,A,A,A,H,-,A,D,0,,,Y,,Y,,C,02,0,0,1,0,0,0,0,0,1,"- ","- ",40.653289794921875,-122.94254302978516,TRINITY,UNINCORPORATED,-122.94254302978516,40.653289794921875
92200998,2023,2023-10-17,9175,2023-10-09,1335,018268,,1,1,9,5300,0,1,3,,2,014,SR-299,"DENNY RD",4224.00,W,N,B,-,Y,TRI,,299," "," ",4.601,H,,R,Y,3,0,2,1,A,-,08,22107,,N,E,8,A,B,H,-,A,D,0,,,,,Y,,A,01,0,2,0,0,0,0,0,0,0,"- ","- ",40.874710083007812,-123.53618621826172,TRINITY,UNINCORPORATED,-123.53620147705078,40.874691009521484
92201102,2023,2023-10-17,9175,2023-10-10,"615 ",020464,,2,1,9,5300,0,1,3,,2,014,SR-299,"PONY CREEK",3168.00,E,N,B,C,Y,TRI,,299," "," ",6.525,H,,R,Y,4,0,1,1,A,-,08,22107,,N,E,8,A,B,H,-,D,D,0,,,,,Y,,A,07,0,0,1,0,0,0,0,0,0,"- ","- ",40.859901428222656,-123.50853729248047,TRINITY,UNINCORPORATED,-123.50858306884766,40.859947204589844
92240336,2023,2023-11-20,9175,2023-11-13,2200,016084,,1,3,9,5300,0,1,3,,1,012,"RT 299","WHEEL GULCH",6864.00,W,N,A,-,Y,TRI,,299," "," ",29.488,H,,R,N,3,0,1,1,A,-,03,22350,,N,E,H,A,A,H,-,D,D,0,,,Y,,Y,,C,02,0,1,0,0,0,0,0,0,1,"- ","- ",40.73809814453125,-123.23577880859375,TRINITY,UNINCORPORATED,-123.23577880859375,40.738101959228516
92253937,2023,2023-12-06,9175,2023-11-28,"45  ",016084,,2,3,9,5300,0,1,3,,1,021,"STATE ROUTE 3","FOREST AVE",33.00,N,N,A,-,Y,TRI,,3," "," ",8.231,H,,R,Y,2,0,1,1,A,-,01,23152,A,N,E,I,A,A,H,-,D,D,0,,,,,Y,Y,A,01,1,0,0,0,0,0,0,0,0,"- ","- ",40.552619934082031,-123.16239929199219,TRINITY,UNINCORPORATED,-123.16241455078125,40.552566528320312
92256049,2023,2023-12-07,9175,2023-12-04,1110,019479,,1,1,9,5300,0,1,3,,1,022,SR-36,"FELDMILLER ROAD",4752.00,E,N,B,C,Y,TRI,,36," ",R,4.757,H,,R,N,2,0,1,1,A,-,08,22107,,N,E,I,A,B,H,-,A,D,0,,,,,Y,,A,07,1,0,0,0,0,0,0,0,0,"- ","- ",40.435440063476562,-123.47830963134766,TRINITY,UNINCORPORATED,-123.47841644287109,40.435440063476562
92256092,2023,2023-12-07,9175,2023-12-02,2045,021035,,6,2,9,5300,0,1,3,,1,010,SR-299,"STEEL BRIDGE RD",1795.00,E,N,B,C,Y,TRI,,299," "," ",61.357,H,,R,Y,4,0,1,1,A,-,03,22350,,N,F,A,A,B,H,-,D,D,0,,,,,Y,,A,07,0,0,1,0,0,0,0,0,0,"- ","- ",40.664009094238281,-122.89639282226562,TRINITY,UNINCORPORATED,-122.89632415771484,40.663990020751953
92258846,2023,2023-12-11,9175,2023-11-30,2030,021426,,4,2,9,5300,0,3,5,,2,001,"LEWISTON RD","OAK RANCH DRIVE",1935.00,N,N,B,-,N,,,,,,,,,,Y,3,0,1,1,A,-,08,22107,,N,E,I,A,B,H,-,D,D,0,,,,,Y,,D,22,0,1,0,0,0,0,0,0,0,"- ","- ",40.689579010009766,-122.85369873046875,TRINITY,UNINCORPORATED,-122.85376739501953,40.6895751953125
92261940,2023,2023-12-14,9175,2023-12-07,2330,021161,,4,3,9,5300,0,1,3,,1,010,SR-299,"SETH ROAD",740.00,W,N,B,-,Y,TRI,,299," "," ",11.203,H,,R,N,4,0,1,1,A,-,03,22350,,N,E,I,A,B,H,-,D,D,0,,,,,Y,,A,07,0,0,1,0,0,0,0,0,0,"- ","- ",40.813640594482422,-123.47863006591797,TRINITY,UNINCORPORATED,-123.47861480712891,40.813632965087891
92272090,2023,2023-12-27,9175,2023-12-25,1550,019479,,1,2,9,5300,0,1,3,,2,014,SR-299,"TRINITY RIVER BRIDGE 5-82 (CHARLES WM CARPENTER ME",528.00,E,N,B,-,Y,TRI,,299," ",R,3.609,H,,R,Y,4,0,1,1,A,-,08,22107,,N,F,A,A,B,H,-,A,D,0,,,,,Y,,-,"- ",0,0,1,0,0,0,0,0,0,"- ","- ",40.882839202880859,-123.54840850830078,TRINITY,UNINCORPORATED,-123.54841613769531,40.882846832275391
92276966,2023,2024-01-02,9175,2023-12-24,"400 ",021253,,7,3,9,5300,0,3,5,,2,001,"RUSH CREEK RD",SR-3,7920.00,E,N,A,-,N,,,,,,,,,,Y,3,0,1,1,A,-,08,22107,,N,E,8,A,A,H,-,D,D,0,,,,,Y,,A,07,0,1,0,0,0,0,0,0,0,"- ","- ",,,TRINITY,UNINCORPORATED,-122.89055633544922,40.795219421386719
92296729,2024,2024-01-25,9175,2024-01-18,1340,023686,,4,1,9,5300,0,1,3,,1,011,SR-299,"MARTIN ROAD",0.00,,Y,B,-,Y,TRI,,299," "," ",52.719,H,,R,Y,3,0,2,2,A,-,09,21802,A,N,D,C,A,A,H,-,A,A,0,,,,,Y,,A,01,0,2,0,0,0,0,0,0,0,"- ","- ",40.720268249511719,-122.92816925048828,TRINITY,UNINCORPORATED,-122.92823791503906,40.720249176025391
92299493,2024,2024-01-29,9175,2024-01-24,2045,019432,,3,2,9,5300,0,1,3,,2,014,SR-299,"VETERANS HALL RD.",1320.00,W,N,C,-,Y,TRI,,299," "," ",9.477,H,,R,Y,4,0,1,1,A,-,08,22107,,N,F,8,A,B,H,-,D,D,0,,,,,Y,,D,22,0,0,1,0,0,0,0,0,0,"- ","- ",40.834869384765625,-123.48858642578125,TRINITY,UNINCORPORATED,-123.48863220214844,40.834888458251953
92320331,2024,2024-02-22,9175,2024-02-10,1645,021426,,6,2,9,5300,0,1,3,,1,011,SR-299,"DUTCH CREEK ROAD",576.00,E,N,A,-,Y,TRI,,299," "," ",43.769,H,,R,Y,2,0,1,1,A,-,03,22350,,N,E,8,A,A,H,-,A,D,0,,,,,Y,,A,07,1,0,0,0,0,0,0,0,0,"- ","- ",40.726608276367188,-123.05417633056641,TRINITY,UNINCORPORATED,-123.05413818359375,40.726642608642578
92326459,2024,2024-02-29,9175,2024-02-23,"910 ",021827,,5,1,9,5300,0,1,3,,2,014,SR-299,"SUZY Q ROAD",528.00,W,N,A,-,Y,TRI,,299," "," ",4.205,H,,R,Y,3,0,1,1,A,-,08,22107,,N,E,I,A,D,H,-,A,D,0,,,,,Y,,A,01,0,1,0,0,0,0,0,0,0,"- ","- ",40.879138946533203,-123.540283203125,TRINITY,UNINCORPORATED,-123.5401611328125,40.879234313964844
92346368,2024,2024-03-25,9175,2024-03-20,"550 ",018268,,3,3,9,5300,0,1,3,,1,010,SR-299,"STEEL BRIDGE RD",398.00,W,N,E,-,Y,TRI,,299," "," ",60.877,H,,R,Y,2,0,1,1,A,-,08,22107,,N,E,8,A,A,H,-,C,D,0,,,,Y,Y,,F,26,1,0,0,0,0,0,0,0,0,"- ","- ",40.657371520996094,-122.89537811279297,TRINITY,UNINCORPORATED,-122.89533233642578,40.657360076904297
92349748,2024,2024-03-28,9175,2024-03-22,2050,021827,,5,2,9,5300,0,1,3,,1,011,SR-299,"WEAVER STREET",5.00,E,N,A,-,Y,TRI,,299," "," ",52.122,H,,R,Y,3,0,1,1,A,-,01,23152,A,N,E,I,A,B,H,-,C,D,0,,,,,Y,Y,A,07,0,1,0,0,0,0,0,0,0,"- ","- ",40.726509094238281,-122.93466949462891,TRINITY,UNINCORPORATED,-122.9346923828125,40.726493835449219
92353862,2024,2024-04-03,9175,2024-03-28,"525 ",018268,,4,3,9,5300,0,1,3,,2,014,SR-299,"UNDERWOOD MOUNTAIN RD",528.00,E,N,B,-,Y,TRI,,299," "," ",11.999,H,,R,Y,4,0,1,1,A,-,08,22107,,N,E,8,A,B,H,-,D,D,0,,,,,Y,,A,01,0,0,1,0,0,0,0,0,0,"- ","- ",40.805240631103516,-123.46949768066406,TRINITY,UNINCORPORATED,-123.46943664550781,40.805332183837891
92365857,2024,2024-04-16,9175,2024-01-23,2500,015928,,2,4,9,5300,0,1,3,,2,013,"STATE ROUTE 299","BIG MOUNTAIN ROAD",6336.00,W,N,A,-,Y,TRI,,299," "," ",18.647,H,,R,Y,1,1,0,1,A,-,01,23152,A,N,E,9,A,A,H,-,A,D,0,,,,,Y,Y,D,22,0,0,0,0,0,0,0,0,0,"- ","- ",40.793998718261719,-123.36952972412109,TRINITY,UNINCORPORATED,-123.36961364746094,40.794059753417969
92373101,2024,2024-04-23,9175,2024-04-11,2230,018268,,4,3,9,5300,0,1,3,,2,014,SR-299,"PONY CREEK RD",3168.00,W,N,B,-,Y,TRI,,299," "," ",6.239,H,,R,Y,2,0,2,1,A,-,08,22107,,N,F,8,A,A,H,-,D,D,0,,,,,Y,,A,07,2,0,0,0,0,0,0,0,0,"- ","- ",40.861400604248047,-123.51268768310547,TRINITY,UNINCORPORATED,-123.51263427734375,40.861423492431641
92382696,2024,2024-05-06,9175,2024-04-28,"325 ",021426,,7,3,9,5300,0,1,3,,2,014,SR-299,"BURNT RANCH SCHOOL RD",410.00,E,N,B,-,Y,TRI,,299," "," ",11.625,H,,R,Y,3,0,1,1,A,-,08,22107,,N,E,8,A,A,H,-,D,D,0,,,,,Y,,A,07,0,1,0,0,0,0,0,0,0,"- ","- ",40.809261322021484,-123.47464752197266,TRINITY,UNINCORPORATED,-123.47468566894531,40.809242248535156
92390734,2024,2024-05-15,9175,2024-05-14,1510,015954,,2,2,9,5300,0,1,3,,2,014,SR-299,"BURNT RANCH DUMP RD",528.00,W,N,A,-,Y,TRI,,299," "," ",12.812,H,,R,Y,4,0,1,1,A,-,08,22107,,N,E,I,A,A,H,-,A,D,0,,,,,Y,,-,"- ",0,0,1,0,0,0,0,0,0,"- ","- ",40.795909881591797,-123.46067810058594,TRINITY,UNINCORPORATED,-123.46065521240234,40.795921325683594
92392819,2024,2024-05-17,9175,2024-05-11,1400,021253,,6,2,9,5300,0,3,5,,2,001,"FOREST SERVICE PROPERTY",SR-3,1584.00,E,N,A,-,N,,,,,,,,,,N,2,0,1,1,A,-,08,22107,,N,F,A,A,A,H,-,A,D,0,,,Y,,Y,,C,06,1,0,0,0,0,0,0,0,1,"- ","- ",40.002941131591797,-122.697509765625,TRINITY,UNINCORPORATED,-123.16259765625,40.552619934082031
92397492,2024,2024-05-23,9175,2024-05-16,1510,019877,,4,2,9,5300,0,1,3,,1,020,SR-3,"3 TRI MPM 22.02",350.00,N,N,A,-,Y,TRI,,3," "," ",22.058,H,,R,Y,3,0,1,1,A,-,08,22107,,N,E,I,A,A,H,-,A,D,0,,,,,Y,,A,01,0,1,0,0,0,0,0,0,0,"- ","- ",40.615119934082031,-123.00180053710938,TRINITY,UNINCORPORATED,-123.00180816650391,40.615165710449219
92404582,2024,2024-06-03,9175,2024-05-27,"115 ",021035,,1,3,9,5300,0,3,5,,2,001,"DENNY RD","LONE PINE RD",0.00,,Y,A,-,N,,,,,,,,,,Y,3,0,1,1,A,-,01,23152,A,N,E,I,A,A,H,-,D,D,0,,,,,Y,Y,D,22,0,1,0,0,0,0,0,0,0,"- ","- ",40.873241424560547,-123.51879119873047,TRINITY,UNINCORPORATED,-123.51868438720703,40.87322998046875
92416299,2024,2024-06-17,9175,2024-06-09,"800 ",019479,,7,1,9,5300,0,1,3,,2,015,SR-3,"TRINITY DAM BOULEVARD",528.00,N,N,A,-,Y,TRI,,3," "," ",38.906,H,,R,Y,4,0,1,2,A,-,05,21460,,N,B,C,A,A,H,-,A,D,0,,,,,Y,,A,01,0,0,1,0,0,0,0,0,0,"- ","- ",40.806438446044922,-122.88867950439453,TRINITY,UNINCORPORATED,-122.88860321044922,40.806453704833984
92419392,2024,2024-06-20,9175,2024-06-07,"500 ",023179,,5,3,9,5300,0,1,S,,2,904,SR-299,"BUCKHORN STATION LOOP",10560.00,E,N,A,-,Y,TRI,,299," "," ",70.337,H,,R,N,3,0,1,1,A,-,08,22107,,N,F,A,A,A,H,-,B,D,0,,,Y,,Y,,C,02,0,1,0,0,0,0,0,0,1,"- ","- ",40.652748107910156,-122.74971008300781,TRINITY,UNINCORPORATED,-122.74968719482422,40.652793884277344
92431762,2024,2024-07-05,9175,2024-06-21,1630,019432,,5,2,9,5300,0,1,3,,1,020,SR-3,"MILE POST MARKER 3TRI 22.43",77.50,N,N,A,-,Y,TRI,,3," "," ",22.426,H,,R,N,2,0,1,1,A,-,08,22107,,M,E,I,A,A,H,-,A,D,0,,,,,Y,,-,"- ",1,0,0,0,0,0,0,0,0,"- ","- ",40.618419647216797,-122.99771118164062,TRINITY,UNINCORPORATED,-122.99771118164062,40.618396759033203
92435957,2024,2024-07-11,9175,2024-07-05,1925,021827,,5,2,9,5300,0,1,3,,1,010,SR-299,"STEELE BRIDGE ROAD",2640.00,W,N,A,-,Y,TRI,,299," "," ",60.418,H,,R,Y,3,0,1,3,A,-,01,23152,A,N,B,C,A,A,H,-,A,D,0,,,,,Y,Y,A,01,0,1,0,0,0,0,0,0,0,"- ","- ",40.653091430664062,-122.90100860595703,TRINITY,UNINCORPORATED,-122.90100860595703,40.653114318847656
92435999,2024,2024-07-11,9175,2024-07-04,2145,021426,,4,2,9,5300,0,3,5,,2,001,"8460 RUSH CREEK ROAD (PRIVATE DRIVEWAY)","RUSH CREEK ROAD",45.00,S,N,A,-,N,,,,,,,,,,N,3,0,1,1,A,-,00,23200,,N,F,A,A,A,H,-,D,D,0,,Y,,,Y,Y,M,91,0,1,0,0,0,0,1,0,0,"- ","- ",40.709320068359375,-122.81150817871094,TRINITY,UNINCORPORATED,-122.812004,40.709378999999998
92436182,2024,2024-07-11,9175,2024-06-30,1120,021253,,7,1,9,5300,0,1,3,,1,012,SR-299,"TRI.299 MPM 26.12",50.00,W,N,A,-,Y,TRI,,299," "," ",26.106,H,,R,Y,3,0,1,1,A,-,08,22107,,N,F,A,A,A,H,-,A,D,0,,,,,Y,,A,01,0,1,0,0,0,0,0,0,0,"- ","- ",40.759498596191406,-123.28164672851562,TRINITY,UNINCORPORATED,-123.28157043457031,40.759498596191406
92436393,2024,2024-07-11,9175,2024-07-03,1642,019247,,3,2,9,5300,0,1,3,,2,014,SR-299,"MPM 299 TRI 10.12",485.00,E,N,A,-,Y,,,,,,,,,,Y,2,0,2,2,A,-,03,22350,,N,A,C,A,A,H,-,A,D,0,,,Y,,Y,,C,02,1,1,0,0,0,0,0,0,1,"- ","- ",40.825618743896484,-123.48457336425781,TRINITY,UNINCORPORATED,,
92444129,2024,2024-07-22,9175,2024-07-14,"138 ",021827,,7,3,9,5300,0,1,3,,2,014,SR-299,"DENNY ROAD",1320.00,W,N,A,-,Y,TRI,,299," "," ",5.015,H,,R,Y,3,0,1,1,A,-,01,23152,A,N,E,I,A,A,H,-,D,D,0,,,,,Y,Y,A,01,0,1,0,0,0,0,0,0,0,"- ","- ",40.872230529785156,-123.52973175048828,TRINITY,UNINCORPORATED,-123.52957153320312,40.872417449951172
92877275,2024,2024-07-29,9175,2024-07-20,1430,020464,,6,2,9,5300,0,1,3,,1,016,SR-3,"HATCHET CREEK RD",1320.00,S,N,A,-,Y,TRI,,3," "," ",62.469,H,,R,Y,4,0,1,1,A,-,08,22107,,N,F,I,A,A,H,-,A,D,0,,,,,Y,,D,22,0,0,1,0,0,0,0,0,0,"- ","- ",41.013660430908203,-122.69315338134766,TRINITY,UNINCORPORATED,-122.69312286376953,41.013675689697266
93491515,2024,2025-02-10,9175,2024-07-21,1015,019877,,7,1,9,5300,0,1,3,,2,013,SR-299,"299 TRI MPM 14.50",360.00,E,N,A,-,Y,TRI,,299," "," ",14.569,H,,R,Y,2,0,2,2,A,-,03,22350,,N,C,C,A,A,D,-,A,D,0,,,,,Y,,A,07,1,1,0,0,0,0,0,0,0,"- ","- ",40.789188385009766,-123.43205261230469,TRINITY,UNINCORPORATED,-123.43206024169922,40.789176940917969
93589212,2024,2024-08-05,9175,2024-07-27,"545 ",023686,,6,3,9,5300,0,1,3,,1,010,"SR-299 W/B","BUCKHORN STA LOOP",1056.00,E,N,A,-,Y,TRI,,299," "," ",68.447,H,,L,Y,4,0,1,1,A,-,08,22107,,N,E,I,A,A,H,-,B,D,0,,,,,Y,,A,01,0,0,1,0,0,0,0,0,0,"- ","- ",40.662441253662109,-122.77964782714844,TRINITY,UNINCORPORATED,-122.77969360351562,40.662429809570312
93768806,2024,2024-08-07,9175,2024-07-29,"205 ",021035,,1,3,9,5300,0,3,5,,2,001,"LOWDEN PARK PARKING LOT",SR-3,1320.00,S,N,A,-,N,,,,,,,,,,N,2,0,1,1,B,-,22,,,N,E,I,A,A,H,-,C,D,0,,,,,Y,Y,M,94,1,0,0,0,0,0,0,0,0,"- ","- ",40.733669281005859,-122.93308258056641,TRINITY,UNINCORPORATED,,
94020878,2024,2024-08-12,9175,2024-08-07,"342 ",021035,,3,3,9,5300,0,1,3,,1,011,"SR-299 W/B","VALDOR RD",1531.00,W,N,A,-,Y,TRI,,299," "," ",39.877,H,,L,Y,3,0,1,1,C,-,18,,,N,E,H,A,D,H,-,D,D,0,,,,,Y,,-,"- ",0,1,0,0,0,0,0,0,0,"- ","- ",40.768348693847656,-123.08702850341797,TRINITY,UNINCORPORATED,-123.0870361328125,40.768318176269531
94028855,2024,2024-08-12,9175,2024-08-08,2020,021426,,4,2,9,5300,0,3,5,,2,001,"WOOD LANE","CAMPBELL RIDGE ROAD",1320.00,W,N,A,-,N,,,,,,,,,,Y,3,0,1,1,A,-,01,23152,A,N,E,I,A,A,H,-,D,D,0,,,,,Y,Y,A,07,0,1,0,0,0,0,0,0,0,"- ","- ",40.894950866699219,-123.60439300537109,TRINITY,UNINCORPORATED,-123.60359954833984,40.899051666259766
94269676,2024,2024-08-13,9175,2024-08-11,"745 ",019877,,7,1,9,5300,0,1,3,,1,020,SR-3,"MPM 3 TRI 27.89",106.00,N,N,A,-,Y,TRI,,3," "," ",27.917,H,,R,Y,3,0,1,1,A,-,01,23152,A,N,E,I,A,A,H,-,A,D,0,,,,,Y,Y,A,01,0,1,0,0,0,0,0,0,0,"- ","- ",40.613929748535156,-122.9373779296875,TRINITY,UNINCORPORATED,-122.93741607666016,40.613929748535156
94362366,2024,2024-08-20,9175,2024-08-13,"330 ",021253,,2,3,9,5300,0,1,3,,1,010,SR-299,"BUCKHORN STA LOOP",1200.00,E,N,A,-,Y,TRI,,299," "," ",68.947,H,,R,N,4,0,1,1,C,-,18,,,N,E,H,A,A,H,-,D,D,0,,,,,Y,,-,"- ",0,0,1,0,0,0,0,0,0,"- ","- ",40.658191680908203,-122.77342224121094,TRINITY,UNINCORPORATED,-122.77342224121094,40.658191680908203
94369569,2024,2024-08-26,9175,2024-08-15,"200 ",016084,,4,3,9,5300,0,1,3,,2,013,"RT 299","BIG FRENCH CREEK ROAD",15840.00,W,N,A,-,Y,TRI,,299," "," ",20.096,H,,R,Y,4,0,1,1,A,-,08,22107,,N,E,I,A,A,H,-,D,D,0,,,,,Y,,-,"- ",0,0,1,0,0,0,0,0,0,"- ","- ",40.788990020751953,-123.3477783203125,TRINITY,UNINCORPORATED,-123.34785461425781,40.788974761962891
94373523,2024,2024-08-28,9175,2024-08-25,1900,021724,,7,2,9,5300,0,1,3,,2,015,SR-3,"MPM 41.79 TRI",32.00,S,N,A,-,Y,TRI,,3," "," ",40.801,H,,R,Y,3,0,1,1,C,-,18,,,N,E,H,A,A,H,-,D,D,0,,,Y,,Y,,-,"- ",0,1,0,0,0,0,0,0,1,"- ","- ",40.828701019287109,-122.88996124267578,TRINITY,UNINCORPORATED,-122.88996124267578,40.828693389892578
94374969,2024,2024-08-29,9175,2024-08-26,1650,021724,,1,2,9,5300,0,1,3,,1,017,SR-3,"MPM 61.39 TRI",122.00,S,N,A,-,Y,TRI,,3," "," ",61.392,H,,R,N,3,0,1,1,A,-,08,22107,,N,E,I,A,A,H,-,A,D,0,,,,,Y,,A,01,0,1,0,0,0,0,0,0,0,"- ","- ",41.002529144287109,-122.70350646972656,TRINITY,UNINCORPORATED,-122.70346069335938,41.002529144287109
94383087,2024,2024-09-05,9175,2024-08-22,2000,023686,,4,2,9,5300,0,1,3,,2,013,"SR-299 W/B","POKER LN",2376.00,W,N,B,-,Y,TRI,,299," "," ",26.934,H,,L,Y,2,0,1,1,C,-,18,,,N,E,H,A,A,H,-,D,D,0,,,Y,,Y,,-,"- ",1,0,0,0,0,0,0,0,1,"- ","- ",40.750049591064453,-123.27658843994141,TRINITY,UNINCORPORATED,-123.27660369873047,40.750030517578125
94383865,2024,2024-09-06,9175,2024-08-30,2030,023686,,5,2,9,5300,0,1,3,,1,010,SR-299,"TRINITY DAM BLVD",4277.00,W,N,A,-,Y,TRI,,299," "," ",66.678,H,,R,Y,3,0,1,1,C,-,18,,,N,E,H,A,A,H,-,D,D,0,,,,,Y,,-,"- ",0,1,0,0,0,0,0,0,0,"- ","- ",40.666458129882812,-122.80954742431641,TRINITY,UNINCORPORATED,-122.80954742431641,40.666461944580078
94404243,2024,2024-09-23,9175,2024-09-11,"650 ",021836,,3,1,9,5300,0,1,3,,1,010,"SR-299 W/B","FAWN LODGE ROAD",2112.00,E,N,B,-,Y,TRI,,299," "," ",65.763,H,,L,Y,2,0,3,2,A,-,03,22350,,N,F,8,A,A,H,-,A,D,0,,,,Y,Y,,G,25,2,1,0,0,0,0,0,0,0,"- ","- ",40.671699523925781,-122.82308959960938,TRINITY,UNINCORPORATED,-122.82308959960938,40.671726226806641
94407682,2024,2024-09-25,9175,2024-09-22,1520,023094,,7,2,9,5300,0,1,3,,2,013,SR-299,"BIG FLAT RIVER ACCESS RD",3.00,W,N,A,-,Y,TRI,,299," "," ",30.684,H,,R,Y,4,0,1,2,A,-,09,21802,A,N,D,C,A,A,H,-,A,D,0,,,,,Y,,D,22,0,0,1,0,0,0,0,0,0,"- ","- ",40.741470336914062,-123.21607971191406,TRINITY,UNINCORPORATED,-123.21607971191406,40.741455078125
94409414,2024,2024-09-26,9175,2024-09-12,1348,020464,,4,1,9,5300,0,3,5,,2,002,"MORGAN HILL RD",SR-3,1584.00,E,N,A,-,N,,,,,,,,,,N,2,0,1,1,C,-,18,,,N,E,H,A,A,H,-,A,D,0,,,Y,,Y,,-,"- ",1,0,0,0,0,0,0,0,1,"- ","- ",40.546028137207031,-123.18583679199219,TRINITY,UNINCORPORATED,-123.18543243408203,40.545997619628906
94410930,2024,2024-09-27,9175,2024-09-23,"135 ",021724,,1,3,9,5300,0,3,5,,2,001,"DENNY RD","ZEIGLER POINT RD",2640.00,E,N,A,-,N,,,,,,,,,,N,2,0,1,1,A,-,08,22107,,N,E,I,A,A,H,-,D,D,0,,,,,Y,,A,07,1,0,0,0,0,0,0,0,0,"- ","- ",40.886219024658203,-123.49662780761719,TRINITY,UNINCORPORATED,,
94415516,2024,2024-10-01,9175,2024-09-27,1618,021115,,5,2,9,5300,0,1,3,,2,014,"RT 299","MM 12.58",19.00,W,N,A,-,N,,,,,,,,,,N,3,0,1,1,A,-,01,23152,A,N,E,I,A,A,H,-,A,D,0,,,,,Y,Y,-,"- ",0,1,0,0,0,0,0,0,0,"- ","- ",40.799610137939453,-123.46331024169922,TRINITY,UNINCORPORATED,,
94417149,2024,2024-10-02,9175,2024-09-26,1630,023115,,4,2,9,5300,0,1,3,,1,017,"RT 3","GAZELLE CALLAHAN ROAD",38544.00,S,N,A,-,Y,TRI,,3," ",T,84.328,H,,R,N,3,0,1,2,A,-,03,22350,,N,B,C,A,A,H,-,A,D,0,,,Y,,Y,,C,02,0,1,0,0,0,0,0,0,1,"- ","- ",41.266258239746094,-122.69390106201172,TRINITY,UNINCORPORATED,-122.69389343261719,41.266262054443359
94437011,2024,2024-10-18,9175,2024-10-10,1128,018268,,4,1,9,5300,0,1,3,,1,012,SR-299,"CEMETERY RD",4752.00,E,N,A,-,Y,TRI,,299," "," ",38.017,H,,R,Y,1,1,0,1,A,-,08,22107,,N,F,A,A,A,H,-,A,D,0,,,,,Y,,D,22,0,0,0,0,0,0,0,0,0,"- ","- ",40.766368865966797,-123.10965728759766,TRINITY,UNINCORPORATED,-123.10965728759766,40.766399383544922
94446339,2024,2024-10-28,9175,2024-09-21,1200,021115,,6,1,9,5300,0,3,5,,2,002,"CARR CREEK RD","STATE ROUTE 3",6442.00,W,N,A,-,N,,,,,,,,,,Y,1,2,0,1,A,-,08,22107,,N,F,A,A,A,G,-,A,D,0,,,Y,,Y,,C,06,0,0,0,0,0,0,0,2,0,"- ","- ",40.596240997314453,-123.06675720214844,TRINITY,UNINCORPORATED,-123.07234954833984,40.583419799804688
94453108,2024,2024-10-31,9175,2024-10-24,1648,021724,,4,2,9,5300,0,1,3,,1,012,SR-299,"MPM TRI 29.50",212.00,E,N,A,-,Y,TRI,,299," "," ",29.678,H,,R,Y,4,0,1,2,A,-,03,22350,,N,C,2,A,A,H,-,A,D,0,,,,,Y,,A,07,0,0,1,0,0,0,0,0,0,"- ","- ",40.736118316650391,-123.23332977294922,TRINITY,UNINCORPORATED,-123.23331451416016,40.736129760742188
94459228,2024,2024-11-05,9175,2024-10-02,1926,021253,,3,2,9,5300,0,1,3,,2,013,SR-299,"299TRI. 12.97",138.00,E,N,A,-,Y,TRI,,299," "," ",12.805,H,,R,Y,1,1,0,1,A,-,03,22350,,N,F,A,A,A,H,-,D,D,0,,,Y,,Y,,C,02,0,0,0,0,0,0,0,1,0,"- ","- ",40.795989990234375,-123.46074676513672,TRINITY,UNINCORPORATED,-123.46072387695312,40.796001434326172
94461762,2024,2024-11-07,9175,2024-11-01,1125,019877,,5,1,9,5300,0,1,3,,1,011,SR-299,"WASHINGTON ST.",20.00,E,N,B,-,Y,TRI,,299," "," ",52.076,H,,R,Y,4,0,1,2,A,-,03,22350,,N,C,C,A,A,H,-,A,D,0,,,,,Y,,A,07,0,0,1,0,0,0,0,0,0,"- ","- ",40.727359771728516,-122.93601989746094,TRINITY,UNINCORPORATED,-122.93602752685547,40.727352142333984
94462590,2024,2024-11-07,9175,2024-11-03,1600,019432,,7,2,9,5300,0,3,5,,2,001,"TRINITY DAM BLVD.","LAKEVIEW TERRACE",1214.00,S,N,A,-,N,,,,,,,,,,N,3,0,1,1,C,-,18,,,N,E,H,A,A,H,-,A,D,0,,,Y,,Y,,-,"- ",0,1,0,0,0,0,0,0,1,"- ","- ",40.747428894042969,-122.79210662841797,TRINITY,UNINCORPORATED,-122.79177856445312,40.747543334960938
94468528,2024,2024-11-13,9175,2024-11-01,1745,021724,,5,2,9,5300,0,3,5,,2,002,SR-299,"SUZY Q RD",2088.00,W,N,C,-,Y,TRI,,299," "," ",3.935,H,,R,Y,4,0,1,1,A,-,03,22350,,N,E,I,A,B,H,-,D,D,0,,,,,Y,Y,D,22,0,0,1,0,0,0,0,0,0,"- ","- ",40.881729125976562,-123.54383850097656,TRINITY,UNINCORPORATED,-123.54381561279297,40.881759643554688
94481907,2024,2024-11-25,9175,2024-11-17,1710,021253,,7,2,9,5300,0,1,3,,2,014,SR-299,"TRI 299 3.54",435.00,W,N,C,-,Y,TRI,,299," ",R,3.618,H,,R,Y,3,0,1,1,A,-,03,22350,,N,E,8,A,B,H,-,D,D,0,,,,,Y,Y,A,01,0,1,0,0,0,0,0,0,0,"- ","- ",40.882911682128906,-123.54827880859375,TRINITY,UNINCORPORATED,-123.54828643798828,40.882919311523438
94522183,2024,2024-12-31,9175,2024-12-25,"432 ",016084,,3,3,9,5300,0,1,3,,1,010,"RT 299","FAWN LODGE ROAD",1056.00,E,N,A,-,Y,TRI,,299," "," ",66.082,H,,R,Y,3,0,1,1,A,-,08,22107,,N,E,I,A,B,H,-,D,D,0,,,,,Y,,A,07,0,1,0,0,0,0,0,0,0,"- ","- ",40.672130584716797,-122.81748199462891,TRINITY,UNINCORPORATED,-122.81751251220703,40.672096252441406
94530312,2024,2025-01-08,9175,2024-12-27,1315,018268,,5,1,9,5300,0,3,5,,2,002,"STEINER FLAT ROAD","RIVER VIEW ROAD",7392.00,W,N,B,-,N,,,,,,,,,,Y,2,0,1,1,A,-,01,23152,A,N,F,0,A,B,H,-,A,D,0,,,,,Y,Y,D,22,1,0,0,0,0,0,0,0,0,"- ","- ",40.660110473632812,-122.95408630371094,TRINITY,UNINCORPORATED,-122.95660400390625,40.660121917724609
94554443,2025,2025-01-29,9175,2025-01-20,2130,019432,,1,2,9,5300,0,3,5,,2,002,"INDIAN VALLEY RD.","USFS ROUTE 31N31",528.00,W,N,A,-,N,,,,,,,,,,Y,3,0,1,1,A,-,08,22107,,N,E,8,A,A,H,-,D,D,0,,,,,Y,,-,"- ",0,1,0,0,0,0,0,0,0,"- ","- ",40.511051177978516,-123.25083923339844,TRINITY,UNINCORPORATED,-123.24972534179688,40.511154174804688
94569276,2025,2025-02-06,9175,2025-01-29,"830 ",018268,,3,1,9,5300,0,1,3,,1,020,SR3,"B BAR K ROAD",1584.00,N,N,A,-,Y,TRI,,3," "," ",26.652,H,,R,Y,3,0,1,1,A,-,08,22107,,N,E,8,A,A,H,-,A,D,0,,,,,Y,,J,48,0,1,0,0,0,0,0,0,0,"- ","- ",40.622108459472656,-122.95034790039062,TRINITY,UNINCORPORATED,-122.95030975341797,40.622154235839844
94576915,2025,2025-02-12,9175,2025-02-07,"803 ",020464,,5,1,9,5300,0,1,3,,2,014,SR-299,"VETERANS HALL ROAD",1584.00,E,N,B,-,Y,TRI,,299," "," ",9.985,H,,R,Y,4,0,1,1,A,-,08,22107,,N,F,0,A,C,H,-,A,D,0,,,,,Y,,D,22,0,0,1,0,0,0,0,0,0,"- ","- ",40.827289581298828,-123.48667907714844,TRINITY,UNINCORPORATED,-123.48660278320312,40.82733154296875
94586307,2025,2025-02-21,9175,2025-02-06,"530 ",024195,,4,3,9,5300,0,1,3,,2,014,SR-299,"BURNT RANCH DUMP ROAD",590.00,E,N,A,-,Y,TRI,,299," "," ",13.136,H,,R,Y,3,0,1,1,A,-,08,22107,,N,F,A,A,C,H,-,D,D,0,,,,,Y,,A,01,0,1,0,0,0,0,0,0,0,"- ","- ",40.792469024658203,-123.45588684082031,TRINITY,UNINCORPORATED,-123.45596313476562,40.792453765869141
94597637,2025,2025-03-05,9175,2025-02-28,1206,020722,,5,1,9,5300,0,1,3,,2,013,SR-299,"CARRIE - HYDEN RD",184.00,E,N,A,-,Y,TRI,,299," "," ",22.130,H,,R,Y,3,0,1,1,A,-,08,22107,,N,E,8,A,A,H,-,A,D,0,,,,Y,Y,,G,27,0,1,0,0,0,0,0,0,0,"- ","- ",40.773849487304688,-123.32974243164062,TRINITY,UNINCORPORATED,-123.32973480224609,40.773838043212891
94603800,2025,2025-03-18,9175,2025-03-06,"720 ",020722,,4,1,9,5300,0,1,3,,1,021,SR-3,"BARKER VALLEY RD",723.00,N,N,A,-,Y,TRI,,3," "," ",11.097,H,,R,Y,3,0,1,1,A,-,08,22107,,N,E,8,A,A,H,-,A,D,0,,,,Y,Y,,F,26,0,1,0,0,0,0,0,0,0,"- ","- ",40.558090209960938,-123.11089324951172,TRINITY,UNINCORPORATED,-123.11090850830078,40.558025360107422
94610342,2025,2025-03-18,9175,2025-03-17,1930,023686,,1,2,9,5300,0,1,3,,1,010,SR-299,"BUCKHORN SUMMIT",10560.00,W,N,A,-,Y,TRI,,299," "," ",70.489,H,,R,Y,4,0,1,1,A,-,08,22107,,N,E,8,A,B,H,-,D,D,0,,,,,Y,,-,"- ",0,0,1,0,0,0,0,0,0,"- ","- ",40.651168823242188,-122.74812316894531,TRINITY,UNINCORPORATED,-122.74816131591797,40.651165008544922
94638025,2025,2025-04-04,9175,2025-03-25,1520,024195,,2,2,9,5300,0,1,3,,2,014,SR-299,"UNDERWOOD MOUNTAIN RD",2640.00,E,N,A,-,Y,TRI,,299," "," ",12.388,H,,R,Y,2,0,1,1,A,-,03,22350,,N,F,I,A,A,H,-,A,D,0,,,,Y,Y,,G,25,1,0,0,0,0,0,0,0,0,"- ","- ",40.800891876220703,-123.46521759033203,TRINITY,UNINCORPORATED,-123.46517944335938,40.800918579101562
94638230,2025,2025-04-04,9175,2025-03-26,"430 ",024195,,3,3,9,5300,0,3,5,,2,002,"HYAMPOM RD","HYAMPOM DUMP ROAD",25872.00,E,N,A,-,N,,,,,,,,,,N,2,0,1,1,A,-,08,22107,,N,F,I,A,A,H,-,D,D,0,,,,,Y,,-,"- ",1,0,0,0,0,0,0,0,0,"- ","- ",40.619029998779297,-123.33293914794922,TRINITY,UNINCORPORATED,-123.36249542236328,40.605796813964844
94655405,2025,2025-04-18,9175,2025-04-10,1345,019811,,4,1,9,5300,0,1,3,,1,011,SR-299,"UNION HILL ROAD",2640.00,W,N,A,-,Y,TRI,,299," "," ",55.918,H,,R,Y,2,0,1,1,A,-,03,22350,,N,F,A,A,A,H,-,A,D,0,,,Y,,Y,,C,02,1,0,0,0,0,0,0,0,1,"- ","- ",40.680690765380859,-122.94257354736328,TRINITY,UNINCORPORATED,-122.94257354736328,40.680694580078125
94663061,2025,2025-04-24,9175,2025-04-17,1600,024432,,4,2,9,5300,0,1,3,,1,020,SR-3,"MPM  3 TRI 26.73",10.00,N,N,A,-,Y,TRI,,3," "," ",26.722,H,,R,Y,3,0,1,1,A,-,08,22107,,N,E,I,A,A,H,-,A,D,0,,,,,Y,,D,22,0,1,0,0,0,0,0,0,0,"- ","- ",40.622051239013672,-122.94902038574219,TRINITY,UNINCORPORATED,-122.94902038574219,40.622032165527344
94680494,2025,2025-05-08,9175,2025-04-26,"320 ",024388,,6,3,9,5300,0,1,3,,2,013,SR-299,"CARRIE-HAYDEN ROAD",202.00,W,N,C,-,Y,TRI,,299," "," ",22.059,H,,R,N,2,0,1,1,C,-,18,,,N,E,8,A,B,H,-,D,D,0,,,,,Y,,-,"- ",1,0,0,0,0,0,0,0,0,"- ","- ",40.774078369140625,-123.33100891113281,TRINITY,UNINCORPORATED,-123.3310546875,40.774013519287109
94695213,2025,2025-05-21,9175,2025-05-19,1630,016084,,1,2,9,5300,0,1,3,,1,017,"RT 3","EAGLE CREEK LOOP RD",11088.00,N,N,A,-,Y,TRI,,3," "," ",71.144,H,,R,Y,3,0,1,1,A,-,08,22107,,N,E,I,A,A,H,-,A,D,0,,,,,Y,,A,01,0,1,0,0,0,0,0,0,0,"- ","- ",41.130859375,-122.69950103759766,TRINITY,UNINCORPORATED,-122.69956207275391,41.130867004394531
94700074,2025,2025-05-26,9175,2025-05-15,"600 ",024432,,4,1,9,5300,0,1,3,,1,021,SR-3,"CARR CREEK ROAD",1000.00,N,N,B,-,Y,TRI,,3," "," ",14.408,H,,R,N,3,0,2,1,A,-,00,23107,,N,E,I,A,A,H,-,A,D,0,,,,,Y,,A,07,0,2,0,0,0,0,0,0,0,"- ","- ",40.581180572509766,-123.06630706787109,TRINITY,UNINCORPORATED,-123.06631469726562,40.581150054931641
94702223,2025,2025-05-27,9175,2025-05-24,1900,018268,,6,2,9,5300,0,3,5,,2,001,"DIRT TRAIL EAST OF SR-3","TRINITY MEADOWS",528.00,N,N,A,-,N,,,,,,,,,,N,3,0,1,1,B,-,22,,,N,F,A,A,A,H,-,A,D,0,,,Y,,Y,,C,02,0,1,0,0,0,0,0,0,1,"- ","- ",40.997570037841797,-122.7022705078125,TRINITY,UNINCORPORATED,,
94718922,2025,2025-06-09,9175,2025-06-03,"500 ",023094,,2,3,9,5300,0,1,3,,2,014,SR-299,"MPM 299 TRI 17",150.00,W,N,A,-,Y,TRI,,299," "," ",17.237,H,,R,Y,4,0,1,1,A,-,08,22107,,N,E,I,A,A,H,-,B,D,0,,,,,Y,,A,01,0,0,1,0,0,0,0,0,0,"- ","- ",40.800189971923828,-123.39290618896484,TRINITY,UNINCORPORATED,-123.39292907714844,40.800212860107422
94722126,2025,2025-06-11,9175,2025-05-31,1650,024249,,6,2,9,5300,0,1,3,,1,011,SR-299,"TUCKER HILL RD",322.00,W,N,A,-,Y,TRI,,299," "," ",56.822,H,,R,Y,2,0,4,4,A,-,05,21460,,N,B,2,A,A,H,-,A,D,0,,,,,Y,,D,22,2,2,0,0,0,0,0,0,0,"- ","- ",40.667911529541016,-122.94397735595703,TRINITY,UNINCORPORATED,-122.94397735595703,40.667911529541016
94738806,2025,2025-06-25,9175,2025-06-23,1400,018268,,1,2,9,5300,0,3,5,,2,001,"RUSH CREEK DRIVE","RUSH CREEK ROAD",3696.00,N,N,A,-,N,,,,,,,,,,Y,3,0,1,1,A,-,08,22107,,N,E,I,A,A,H,-,A,D,0,,,,,Y,,A,01,0,1,0,0,0,0,0,0,0,"- ","- ",40.80120849609375,-122.88932800292969,TRINITY,UNINCORPORATED,-122.88931274414062,40.801406860351562
94738835,2025,2025-06-25,9175,2025-06-19,1625,020464,,4,2,9,5300,0,1,3,,2,014,SR-299,"UNDERWOOD MOUNTAIN ROAD",4345.00,E,N,A,-,Y,TRI,,299," "," ",12.634,H,,R,Y,2,0,1,1,A,-,08,22107,,N,F,A,A,A,H,-,A,D,0,,,Y,,Y,,C,02,1,0,0,0,0,0,0,0,1,"- ","- ",40.797878265380859,-123.46286010742188,TRINITY,UNINCORPORATED,-123.46276092529297,40.797962188720703
94743641,2025,2025-06-30,9175,2025-06-25,"900 ",019811,,3,1,9,5300,0,1,3,,1,021,SR-3,"BEALS STREET",426.00,S,N,A,-,Y,TRI,,3," "," ",7.333,H,,R,N,2,0,1,1,A,-,03,22350,,N,H,A,A,A,H,-,A,D,0,,,,,Y,,M,93,1,0,0,0,0,0,0,0,0,"- ","- ",40.554161071777344,-123.17903900146484,TRINITY,UNINCORPORATED,-123.17903900146484,40.554111480712891
94758398,2025,2025-07-11,9175,2025-07-02,1709,024388,,3,2,9,5300,0,1,3,,1,012,"STATE ROUTE 299","CEMETERY ROAD",3696.00,E,N,A,-,Y,TRI,,299," "," ",37.942,H,,R,Y,3,0,1,1,A,-,08,22107,,N,F,0,A,A,H,-,A,D,0,,,,,Y,,A,07,0,1,0,0,0,0,0,0,0,"- ","- ",40.76654052734375,-123.11105346679688,TRINITY,UNINCORPORATED,-123.11104583740234,40.766555786132812
94770307,2025,2025-07-21,9175,2025-07-14,2500,023686,,1,4,9,5300,0,3,5,,2,002,"ZENIA BLUFF RD","BURGESS RANCH RD",22704.00,W,N,A,-,N,,,,,,,,,,Y,2,0,1,1,A,-,03,22350,,N,F,A,A,A,H,-,A,D,0,,,Y,,Y,,C,02,1,0,0,0,0,0,0,0,1,"- ","- ",40.202400207519531,-123.52059173583984,TRINITY,UNINCORPORATED,-123.52182769775391,40.202613830566406
94770332,2025,2025-07-21,9175,2025-07-15,"905 ",016084,,2,1,9,5300,0,1,3,,2,014,"RT 299","CAMPBELL RIDGE ROAD",528.00,E,N,A,-,Y,TRI,,299," "," ",1.363,H,,R,N,3,0,1,2,A,-,09,21804,A,N,C,C,A,A,H,-,A,D,0,,,,,Y,,A,01,0,1,0,0,0,0,0,0,0,"- ","- ",40.892890930175781,-123.58090209960938,TRINITY,UNINCORPORATED,-123.58090972900391,40.892913818359375
94774169,2025,2025-07-23,9175,2025-07-12,1057,024388,,6,1,9,5300,0,1,3,,1,021,SR-3,"BIG CREEK RD",0.00,,Y,A,-,Y,TRI,,3," "," ",12.847,H,,R,Y,2,0,1,2,A,-,09,21801,A,N,D,C,A,A,H,-,A,A,0,,,Y,,Y,,A,01,1,0,0,0,0,0,0,0,1,"- ","- ",40.575698852539062,-123.09133148193359,TRINITY,UNINCORPORATED,-123.09130096435547,40.575664520263672
94784497,2025,2025-07-31,9175,2025-07-25,1600,021562,,5,2,9,5300,0,3,5,,2,002,"RATTLESNAKE RD","STATE ROUTE 3",7920.00,W,N,B,-,N,,,,,,,,,,N,4,0,1,1,A,-,08,22107,,N,E,I,A,A,H,-,A,D,0,,,,,Y,,D,22,0,0,1,0,0,0,0,0,0,"- ","- ",40.465160369873047,-123.18293762207031,TRINITY,UNINCORPORATED,-123.19064331054688,40.461990356445312
94788319,2025,2025-08-04,9175,2025-07-26,1240,024432,,6,1,9,5300,0,3,5,,2,001,"TRINITY DAM BLVD","CARR PLACE",3715.00,N,N,A,-,N,,,,,,,,,,Y,2,0,1,1,A,-,08,22107,,N,E,8,A,A,H,-,A,D,0,,,,,Y,,D,22,1,0,0,0,0,0,0,0,0,"- ","- ",40.679981231689453,-122.80803680419922,TRINITY,UNINCORPORATED,-122.80731201171875,40.679496765136719
94794143,2025,2025-08-07,9175,2025-07-27,1400,015928,,7,2,9,5300,0,1,3,,1,022,"STATE ROUTE 36","STATE ROUTE 3",18480.00,E,N,A,-,Y,TRI,,36," ",R,32.245,H,,R,Y,2,0,1,1,A,-,03,22350,,N,F,A,A,A,H,-,A,D,0,,,Y,,Y,,C,02,1,0,0,0,0,0,0,0,1,"- ","- ",40.398529052734375,-123.13127136230469,TRINITY,UNINCORPORATED,-123.13125610351562,40.398544311523438
94799688,2025,2025-08-12,9175,2025-08-03,1925,021562,,7,2,9,5300,0,1,3,,2,014,SR-299,"DENNY RD",2640.00,W,N,A,-,Y,TRI,,299," "," ",5.063,H,,R,N,4,0,1,1,A,-,08,22107,,N,E,I,A,A,H,-,A,D,0,,,,,Y,,A,01,0,0,1,0,0,0,0,0,0,"- ","- ",40.871818542480469,-123.52896118164062,TRINITY,UNINCORPORATED,-123.52883148193359,40.872051239013672
94803405,2025,2025-08-14,9175,2025-08-03,1900,015928,,7,2,9,5300,0,3,5,,2,002,"USFS ROUTE 1S26","STATE ROUTE 36",6336.00,S,N,A,-,N,,,,,,,,,,Y,3,0,1,1,A,-,08,22107,,N,E,8,A,A,H,-,A,D,0,,,,,Y,,A,07,0,1,0,0,0,0,0,0,0,"- ","- ",40.368900299072266,-123.31582641601562,TRINITY,UNINCORPORATED,,
94803444,2025,2025-08-14,9175,2025-08-04,1400,015928,,1,2,9,5300,0,1,3,,1,022,"STATE ROUTE 36","POST MOUNTAIN ROAD",1056.00,W,N,A,-,Y,TRI,,36," "," ",26.362,H,,R,Y,3,0,1,1,A,-,08,22107,,N,E,8,A,A,H,-,A,D,0,,,,,Y,,E,22,0,1,0,0,0,0,0,0,0,"- ","- ",40.414649963378906,-123.18566131591797,TRINITY,UNINCORPORATED,-123.18571472167969,40.414669036865234
94809103,2025,2025-08-19,9175,2025-07-31,1415,024432,,4,2,9,5300,0,1,3,,1,022,SR-36,"MPM 36 TRI 33.8",200.00,E,N,A,-,Y,TRI,,36," ",R,33.830,H,,R,Y,1,1,0,1,C,-,18,,,N,H,H,A,A,H,-,A,D,0,,,Y,,Y,,-,"- ",0,0,0,0,0,0,0,1,0,"- ","- ",40.389228820800781,-123.12114715576172,TRINITY,UNINCORPORATED,-123.12113952636719,40.389213562011719
94857030,2025,2025-09-23,9175,2025-09-22,1305,024691,,1,1,9,5300,0,1,3,,1,021,SR-3,SR-36,8078.00,N,N,A,-,Y,TRI,,3," ",L,1.392,H,,R,Y,3,0,1,1,A,-,08,22107,,N,E,I,A,A,H,-,A,D,0,,,,,Y,,A,01,0,1,0,0,0,0,0,0,0,"- ","- ",40.427310943603516,-123.15836334228516,TRINITY,UNINCORPORATED,-123.15840911865234,40.427280426025391
94865857,2025,2025-09-30,9175,2025-09-27,1130,024603,,6,1,9,5300,0,1,3,,1,021,SR-3,"MPM 14.4",36.00,S,N,A,-,Y,TRI,,3," "," ",14.391,H,,R,Y,4,0,1,2,A,-,05,21460,A,N,D,C,A,A,H,-,A,D,0,,,,,Y,,A,01,0,0,1,0,0,0,0,0,0,"- ","- ",40.581199645996094,-123.06662750244141,TRINITY,UNINCORPORATED,-123.06663513183594,40.581192016601562
94899493,2025,2025-10-23,9175,2025-10-09,1000,021562,,4,1,9,5300,0,1,3,,1,021,SR-3,"MAXWELL CREEK RD",230.00,S,N,B,C,Y,TRI,,3," "," ",18.557,H,,R,Y,4,0,2,3,A,-,08,22107,,F,A,C,A,B,H,-,A,D,0,,,,,Y,,-,99,0,0,2,0,0,0,0,0,0,"- ","- ",40.593898773193359,-123.01058197021484,TRINITY,UNINCORPORATED,-123.01058197021484,40.593898773193359
94917509,2025,2025-11-10,9175,2025-10-26,1430,018268,,7,2,9,5300,0,3,5,,2,001,"LEWISTON ROAD","COFFIN ROAD",528.00,E,N,C,-,N,,,,,,,,,,Y,4,0,1,1,A,-,03,22350,,N,E,I,A,B,H,-,A,D,0,,,,,Y,,A,07,0,0,1,0,0,0,0,0,0,"- ","- ",40.687709808349609,-122.85877227783203,TRINITY,UNINCORPORATED,-122.85880279541016,40.687816619873047
94923886,2025,2025-11-12,9175,2025-10-18,"435 ",024388,,6,3,9,5300,0,1,3,,2,014,"STATE ROUTE 299","MPM 299 TRI 9.16",115.00,W,N,B,-,Y,TRI,,299," "," ",8.151,H,,R,Y,3,0,1,1,A,-,08,22107,,M,E,8,A,A,H,-,D,D,0,,,,,Y,,A,01,0,1,0,0,0,0,0,0,0,"- ","- ",40.849590301513672,-123.48771667480469,TRINITY,UNINCORPORATED,-123.48757171630859,40.849697113037109
94931509,2025,2025-11-14,9175,2025-11-01,1455,024691,,6,2,9,5300,0,3,5,,2,002,"GLEND ROAD","NUGGET LANE",0.00,,Y,A,-,N,,,,,,,,,,N,3,0,1,2,A,-,12,22450,A,N,D,G,A,A,H,-,A,A,0,,Y,,,Y,,L,04,0,1,0,0,0,0,1,0,0,"- ","- ",40.722549438476562,-122.92964172363281,TRINITY,UNINCORPORATED,-122.92961120605469,40.722625732421875
94932943,2025,2025-11-17,9175,2025-11-11,2000,024841,,2,2,9,5300,0,1,3,,2,013,SR-299,MPM-299-TRI-25.99,1.00,W,N,B,-,Y,TRI,,299," "," ",25.978,H,,R,Y,4,0,1,1,A,-,08,22107,,N,E,I,A,A,H,-,D,D,0,,,,,Y,,A,01,0,0,1,0,0,0,0,0,0,"- ","- ",40.761219024658203,-123.28227233886719,TRINITY,UNINCORPORATED,-123.28221893310547,40.761260986328125
94933014,2025,2025-11-17,9175,2025-10-31,1420,024841,,5,2,9,5300,0,1,3,,2,014,SR-299,"SALYER LOOP ROAD",0.00,,Y,A,-,Y,TRI,,299," "," ",1.102,H,,R,Y,3,0,2,2,A,-,09,21804,A,N,D,C,A,A,H,-,A,D,0,,,,,Y,,D,22,0,2,0,0,0,0,0,0,0,"- ","- ",40.890708923339844,-123.58460235595703,TRINITY,UNINCORPORATED,-123.58454132080078,40.89068603515625
94947667,2025,2025-12-09,9175,2025-11-05,2132,024432,,3,2,9,5300,0,3,5,,2,001,"BRANNAN ST","CENTER ST",15.00,E,N,B,-,N,,,,,,,,,,Y,4,0,3,2,A,-,03,22350,,N,A,E,A,B,H,-,C,D,0,,,,,Y,Y,A,01,0,0,3,0,0,0,0,0,0,"- ","- ",40.729938507080078,-122.93849182128906,TRINITY,UNINCORPORATED,-122.93859100341797,40.730014801025391
94948970,2025,2025-12-09,9175,2025-11-16,2015,024432,,7,2,9,5300,0,1,3,,1,012,"STATE ROUTE 299","GILZEAN RD",6442.00,W,N,B,C,Y,TRI,,299," "," ",41.949,H,,R,Y,4,0,1,1,A,-,08,22107,,N,E,I,A,B,H,-,D,D,0,,,,,Y,,-,99,0,0,1,0,0,0,0,0,0,"- ","- ",40.748889923095703,-123.06218719482422,TRINITY,UNINCORPORATED,-123.06208038330078,40.748893737792969
94979234,2025,2025-12-19,9175,2025-12-12,"745 ",019811,,5,1,9,5300,0,1,3,,1,022,SR-36,"MPM 36-TRI-28.75",70.00,W,N,E,-,Y,TRI,,36," ",R,28.738,H,,R,Y,3,0,1,1,A,-,03,22350,,N,E,I,A,C,H,-,A,D,0,,,,,Y,,A,01,0,1,0,0,0,0,0,0,0,"- ","- ",40.420059204101562,-123.17355346679688,TRINITY,UNINCORPORATED,-123.17354583740234,40.420059204101562
94983760,2025,2026-01-13,9175,2025-12-17,"745 ",016084,,3,1,9,5300,0,3,5,,2,001,"LANCH GULCH ROAD","BROWNS RANCH ROAD",528.00,S,N,B,-,N,,,,,,,,,,Y,2,0,1,1,A,-,08,22107,,N,E,8,A,A,H,-,A,D,0,,,,,Y,,D,22,1,0,0,0,0,0,0,0,0,"- ","- ",40.7322998046875,-122.92722320556641,TRINITY,UNINCORPORATED,-122.927001953125,40.732784271240234
94994167,2025,2025-12-31,9175,2025-12-20,2300,024195,,6,3,9,5300,0,1,3,,1,021,SR-3,"VICTORIA LN",3168.00,N,N,C,-,Y,TRI,,3," "," ",16.086,H,,R,Y,3,0,1,1,A,-,01,23152,A,N,E,I,A,B,H,-,D,A,0,,,,,Y,Y,A,07,0,1,0,0,0,0,0,0,0,"- ","- ",40.581031799316406,-123.0400390625,TRINITY,UNINCORPORATED,-123.04006195068359,40.5810546875
